1314853494617240,20040221,1500.00,1500.00,3,26367,39550500.00,1500.00,1500.00,0.00,1500.00
1314853494617240,20040222,1650.00,1650.00,51,510000,834100000.00,1502.00,1650.00,1500.00,1502.00
1314853494617240,20081206,1650.00,1650.00,0,0,0.00,0.00,0.00,1650.00,0.00
1314853494617240,20081207,1650.00,1650.00,0,0,0.00,0.00,0.00,1650.00,0.00
1314853494617240,20081208,1650.00,1650.00,0,0,0.00,0.00,0.00,1650.00,0.00
1314853494617240,20081210,1650.00,1650.00,0,0,0.00,0.00,0.00,1650.00,0.00
1314853494617240,20081213,1650.00,1650.00,0,0,0.00,0.00,0.00,1650.00,0.00
1314853494617240,20081214,1650.00,1650.00,0,0,0.00,0.00,0.00,1650.00,0.00
1314853494617240,20081215,1650.00,1650.00,0,0,0.00,0.00,0.00,1650.00,0.00
1314853494617240,20081216,1650.00,1650.00,0,0,0.00,0.00,0.00,1650.00,0.00
1314853494617240,20081220,1650.00,1650.00,0,0,0.00,0.00,0.00,1650.00,0.00
1314853494617240,20081221,1650.00,1650.00,0,0,0.00,0.00,0.00,1650.00,0.00
1314853494617240,20081222,1650.00,1650.00,0,0,0.00,0.00,0.00,1650.00,0.00
1314853494617240,20081223,1650.00,1650.00,0,0,0.00,0.00,0.00,1650.00,0.00
1314853494617240,20081224,1650.00,1650.00,0,0,0.00,0.00,0.00,1650.00,0.00
1314853494617240,20081227,1650.00,1650.00,0,0,0.00,0.00,0.00,1650.00,0.00
1314853494617240,20081228,1650.00,1650.00,0,0,0.00,0.00,0.00,1650.00,0.00
1314853494617240,20081229,1650.00,1650.00,0,0,0.00,0.00,0.00,1650.00,0.00
1314853494617240,20081230,1650.00,1650.00,0,0,0.00,0.00,0.00,1650.00,0.00
1314853494617240,20081231,1650.00,1650.00,0,0,0.00,0.00,0.00,1650.00,0.00
1314853494617240,20090103,1650.00,1650.00,0,0,0.00,0.00,0.00,1650.00,0.00
1314853494617240,20090104,1650.00,1650.00,0,0,0.00,0.00,0.00,1650.00,0.00
1314853494617240,20090105,1650.00,1650.00,0,0,0.00,0.00,0.00,1650.00,0.00
1314853494617240,20090110,1650.00,1650.00,0,0,0.00,0.00,0.00,1650.00,0.00
1314853494617240,20090111,1650.00,1650.00,0,0,0.00,0.00,0.00,1650.00,0.00
1314853494617240,20090112,1650.00,1650.00,0,0,0.00,0.00,0.00,1650.00,0.00
1314853494617240,20090113,1650.00,1650.00,0,0,0.00,0.00,0.00,1650.00,0.00
1314853494617240,20090114,1650.00,1650.00,0,0,0.00,0.00,0.00,1650.00,0.00
1314853494617240,20090117,1650.00,1650.00,0,0,0.00,0.00,0.00,1650.00,0.00
1314853494617240,20090118,1650.00,1650.00,0,0,0.00,0.00,0.00,1650.00,0.00
1314853494617240,20090119,1650.00,1650.00,0,0,0.00,0.00,0.00,1650.00,0.00
1314853494617240,20090120,1650.00,1650.00,0,0,0.00,0.00,0.00,1650.00,0.00
1314853494617240,20090121,1650.00,1650.00,0,0,0.00,0.00,0.00,1650.00,0.00
1314853494617240,20090124,1650.00,1650.00,0,0,0.00,0.00,0.00,1650.00,0.00
1314853494617240,20090125,1650.00,1650.00,0,0,0.00,0.00,0.00,1650.00,0.00
1314853494617240,20090126,1650.00,1650.00,0,0,0.00,0.00,0.00,1650.00,0.00
1314853494617240,20090127,1650.00,1650.00,0,0,0.00,0.00,0.00,1650.00,0.00
1314853494617240,20090128,1650.00,1650.00,0,0,0.00,0.00,0.00,1650.00,0.00
1314853494617240,20090131,1650.00,1650.00,0,0,0.00,0.00,0.00,1650.00,0.00
1314853494617240,20090201,1650.00,1650.00,0,0,0.00,0.00,0.00,1650.00,0.00
1314853494617240,20090202,1650.00,1650.00,0,0,0.00,0.00,0.00,1650.00,0.00
1314853494617240,20090203,1650.00,1650.00,0,0,0.00,0.00,0.00,1650.00,0.00
1314853494617240,20090204,1650.00,1650.00,0,0,0.00,0.00,0.00,1650.00,0.00
1314853494617240,20090207,1650.00,1650.00,0,0,0.00,0.00,0.00,1650.00,0.00
1314853494617240,20090208,1650.00,1650.00,0,0,0.00,0.00,0.00,1650.00,0.00
1314853494617240,20090209,1650.00,1650.00,0,0,0.00,0.00,0.00,1650.00,0.00
1314853494617240,20090211,1650.00,1650.00,0,0,0.00,0.00,0.00,1650.00,0.00
1314853494617240,20090214,1650.00,1650.00,0,0,0.00,0.00,0.00,1650.00,0.00
1314853494617240,20090215,1650.00,1650.00,0,0,0.00,0.00,0.00,1650.00,0.00
1314853494617240,20090217,1650.00,1650.00,0,0,0.00,0.00,0.00,1650.00,0.00
1314853494617240,20090218,1650.00,1650.00,0,0,0.00,0.00,0.00,1650.00,0.00
1314853494617240,20090221,1650.00,1650.00,0,0,0.00,0.00,0.00,1650.00,0.00
1314853494617240,20090222,1650.00,1650.00,0,0,0.00,0.00,0.00,1650.00,0.00
1314853494617240,20090223,1650.00,1650.00,0,0,0.00,0.00,0.00,1650.00,0.00
1314853494617240,20090225,1650.00,1650.00,0,0,0.00,0.00,0.00,1650.00,0.00
1314853494617240,20090228,1650.00,1650.00,0,0,0.00,0.00,0.00,1650.00,0.00
1314853494617240,20090301,1650.00,1650.00,0,0,0.00,0.00,0.00,1650.00,0.00
1314853494617240,20090302,1650.00,1650.00,0,0,0.00,0.00,0.00,1650.00,0.00
1314853494617240,20090303,1650.00,1650.00,0,0,0.00,0.00,0.00,1650.00,0.00
1314853494617240,20090304,1650.00,1650.00,0,0,0.00,0.00,0.00,1650.00,0.00
1314853494617240,20090307,1650.00,1650.00,0,0,0.00,0.00,0.00,1650.00,0.00
1314853494617240,20090308,1650.00,1650.00,0,0,0.00,0.00,0.00,1650.00,0.00
1314853494617240,20090309,1650.00,1650.00,0,0,0.00,0.00,0.00,1650.00,0.00
1314853494617240,20090310,1650.00,1650.00,0,0,0.00,0.00,0.00,1650.00,0.00
1314853494617240,20090311,1650.00,1650.00,0,0,0.00,0.00,0.00,1650.00,0.00
1314853494617240,20090314,1650.00,1650.00,0,0,0.00,0.00,0.00,1650.00,0.00
1314853494617240,20090316,1650.00,1650.00,0,0,0.00,0.00,0.00,1650.00,0.00
1314853494617240,20090317,1650.00,1650.00,0,0,0.00,0.00,0.00,1650.00,0.00
1314853494617240,20090318,1650.00,1650.00,0,0,0.00,0.00,0.00,1650.00,0.00
1314853494617240,20090325,1650.00,1650.00,0,0,0.00,0.00,0.00,1650.00,0.00
1314853494617240,20090328,1650.00,1650.00,0,0,0.00,0.00,0.00,1650.00,0.00
1314853494617240,20090329,1650.00,1650.00,0,0,0.00,0.00,0.00,1650.00,0.00
1314853494617240,20090330,1650.00,1650.00,0,0,0.00,0.00,0.00,1650.00,0.00
1314853494617240,20090331,1650.00,1650.00,0,0,0.00,0.00,0.00,1650.00,0.00
1314853494617240,20090404,1650.00,1650.00,0,0,0.00,0.00,0.00,1650.00,0.00
1314853494617240,20090405,1650.00,1650.00,0,0,0.00,0.00,0.00,1650.00,0.00
1314853494617240,20090406,1650.00,1650.00,0,0,0.00,0.00,0.00,1650.00,0.00
1314853494617240,20090407,1650.00,1650.00,0,0,0.00,0.00,0.00,1650.00,0.00
1314853494617240,20090408,1650.00,1650.00,0,0,0.00,0.00,0.00,1650.00,0.00
1314853494617240,20090411,1650.00,1650.00,0,0,0.00,0.00,0.00,1650.00,0.00
1314853494617240,20090412,1650.00,1650.00,0,0,0.00,0.00,0.00,1650.00,0.00
1314853494617240,20090413,1650.00,1650.00,0,0,0.00,0.00,0.00,1650.00,0.00
1314853494617240,20090414,1650.00,1650.00,0,0,0.00,0.00,0.00,1650.00,0.00
1314853494617240,20090415,1650.00,1650.00,0,0,0.00,0.00,0.00,1650.00,0.00
1314853494617240,20090418,1650.00,1650.00,0,0,0.00,0.00,0.00,1650.00,0.00
1314853494617240,20090419,1650.00,1650.00,0,0,0.00,0.00,0.00,1650.00,0.00
1314853494617240,20090420,1650.00,1650.00,0,0,0.00,0.00,0.00,1650.00,0.00
1314853494617240,20090421,1650.00,1650.00,0,0,0.00,0.00,0.00,1650.00,0.00
1314853494617240,20090422,1650.00,1650.00,0,0,0.00,0.00,0.00,1650.00,0.00
1314853494617240,20090425,1650.00,1650.00,0,0,0.00,0.00,0.00,1650.00,0.00
1314853494617240,20090426,1650.00,1650.00,0,0,0.00,0.00,0.00,1650.00,0.00
1314853494617240,20090427,1650.00,1650.00,0,0,0.00,0.00,0.00,1650.00,0.00
1314853494617240,20090428,1650.00,1650.00,0,0,0.00,0.00,0.00,1650.00,0.00
1314853494617240,20090429,1650.00,1650.00,0,0,0.00,0.00,0.00,1650.00,0.00
1314853494617240,20090502,1650.00,1650.00,0,0,0.00,0.00,0.00,1650.00,0.00
1314853494617240,20090503,1650.00,1650.00,0,0,0.00,0.00,0.00,1650.00,0.00
1314853494617240,20090504,1650.00,1650.00,0,0,0.00,0.00,0.00,1650.00,0.00
1314853494617240,20090505,1650.00,1650.00,0,0,0.00,0.00,0.00,1650.00,0.00
1314853494617240,20090506,1650.00,1650.00,0,0,0.00,0.00,0.00,1650.00,0.00
1314853494617240,20090509,1650.00,1650.00,0,0,0.00,0.00,0.00,1650.00,0.00
1314853494617240,20090510,1650.00,1650.00,0,0,0.00,0.00,0.00,1650.00,0.00
1314853494617240,20090511,1650.00,1650.00,0,0,0.00,0.00,0.00,1650.00,0.00
1314853494617240,20090512,1650.00,1650.00,0,0,0.00,0.00,0.00,1650.00,0.00
1314853494617240,20090513,1650.00,1650.00,0,0,0.00,0.00,0.00,1650.00,0.00
1314853494617240,20090516,1650.00,1650.00,0,0,0.00,0.00,0.00,1650.00,0.00
1314853494617240,20090517,1650.00,1650.00,0,0,0.00,0.00,0.00,1650.00,0.00
1314853494617240,20090518,1650.00,1650.00,0,0,0.00,0.00,0.00,1650.00,0.00
1314853494617240,20090519,1650.00,1650.00,0,0,0.00,0.00,0.00,1650.00,0.00
1314853494617240,20090520,1650.00,1650.00,0,0,0.00,0.00,0.00,1650.00,0.00
1314853494617240,20090523,1650.00,1650.00,0,0,0.00,0.00,0.00,1650.00,0.00
1314853494617240,20090524,1650.00,1650.00,0,0,0.00,0.00,0.00,1650.00,0.00
1314853494617240,20090525,1650.00,1650.00,0,0,0.00,0.00,0.00,1650.00,0.00
1314853494617240,20090526,1650.00,1650.00,0,0,0.00,0.00,0.00,1650.00,0.00
1314853494617240,20090527,1650.00,1650.00,0,0,0.00,0.00,0.00,1650.00,0.00
1314853494617240,20090530,1650.00,1650.00,0,0,0.00,0.00,0.00,1650.00,0.00
1314853494617240,20090531,1650.00,1650.00,0,0,0.00,0.00,0.00,1650.00,0.00
1314853494617240,20090601,1650.00,1650.00,0,0,0.00,0.00,0.00,1650.00,0.00
1314853494617240,20090602,1650.00,1650.00,0,0,0.00,0.00,0.00,1650.00,0.00
1314853494617240,20090603,1650.00,1650.00,0,0,0.00,0.00,0.00,1650.00,0.00
1314853494617240,20090606,1650.00,1650.00,0,0,0.00,0.00,0.00,1650.00,0.00
1314853494617240,20090607,1650.00,1650.00,0,0,0.00,0.00,0.00,1650.00,0.00
1314853494617240,20090608,1650.00,1650.00,0,0,0.00,0.00,0.00,1650.00,0.00
1314853494617240,20090609,1650.00,1650.00,0,0,0.00,0.00,0.00,1650.00,0.00
1314853494617240,20090610,1650.00,1650.00,0,0,0.00,0.00,0.00,1650.00,0.00
1314853494617240,20090613,1650.00,1650.00,0,0,0.00,0.00,0.00,1650.00,0.00
1314853494617240,20090614,1650.00,1650.00,0,0,0.00,0.00,0.00,1650.00,0.00
1314853494617240,20090615,1650.00,1650.00,0,0,0.00,0.00,0.00,1650.00,0.00
1314853494617240,20090616,1650.00,1650.00,0,0,0.00,0.00,0.00,1650.00,0.00
1314853494617240,20090617,1650.00,1650.00,0,0,0.00,0.00,0.00,1650.00,0.00
1314853494617240,20090620,1650.00,1650.00,0,0,0.00,0.00,0.00,1650.00,0.00
1314853494617240,20090621,1650.00,1650.00,0,0,0.00,0.00,0.00,1650.00,0.00
1314853494617240,20090622,1650.00,1650.00,0,0,0.00,0.00,0.00,1650.00,0.00
1314853494617240,20090623,1650.00,1650.00,0,0,0.00,0.00,0.00,1650.00,0.00
1314853494617240,20090624,1650.00,1650.00,0,0,0.00,0.00,0.00,1650.00,0.00
1314853494617240,20090627,1650.00,1650.00,0,0,0.00,0.00,0.00,1650.00,0.00
1314853494617240,20090628,1650.00,1650.00,0,0,0.00,0.00,0.00,1650.00,0.00
1314853494617240,20090629,1650.00,1650.00,0,0,0.00,0.00,0.00,1650.00,0.00
1314853494617240,20090630,1650.00,1650.00,0,0,0.00,0.00,0.00,1650.00,0.00
1314853494617240,20090701,1650.00,1650.00,0,0,0.00,0.00,0.00,1650.00,0.00
1314853494617240,20090704,1650.00,1650.00,0,0,0.00,0.00,0.00,1650.00,0.00
1314853494617240,20090705,1650.00,1650.00,0,0,0.00,0.00,0.00,1650.00,0.00
1314853494617240,20090707,1650.00,1650.00,0,0,0.00,0.00,0.00,1650.00,0.00
1314853494617240,20090711,1650.00,1650.00,0,0,0.00,0.00,0.00,1650.00,0.00
1314853494617240,20090712,1650.00,1650.00,0,0,0.00,0.00,0.00,1650.00,0.00
1314853494617240,20090713,1650.00,1650.00,0,0,0.00,0.00,0.00,1650.00,0.00
1314853494617240,20090714,1650.00,1650.00,0,0,0.00,0.00,0.00,1650.00,0.00
1314853494617240,20090715,1650.00,1650.00,0,0,0.00,0.00,0.00,1650.00,0.00
1314853494617240,20090718,1650.00,1650.00,0,0,0.00,0.00,0.00,1650.00,0.00
1314853494617240,20090719,1650.00,1650.00,0,0,0.00,0.00,0.00,1650.00,0.00
1314853494617240,20090721,1650.00,1650.00,0,0,0.00,0.00,0.00,1650.00,0.00
1314853494617240,20090722,1650.00,1650.00,0,0,0.00,0.00,0.00,1650.00,0.00
1314853494617240,20090725,1650.00,1650.00,0,0,0.00,0.00,0.00,1650.00,0.00
1314853494617240,20090726,1650.00,1650.00,0,0,0.00,0.00,0.00,1650.00,0.00
1314853494617240,20090727,1650.00,1650.00,0,0,0.00,0.00,0.00,1650.00,0.00
1314853494617240,20090728,1650.00,1650.00,0,0,0.00,0.00,0.00,1650.00,0.00
1314853494617240,20090729,1650.00,1650.00,0,0,0.00,0.00,0.00,1650.00,0.00
1314853494617240,20090801,1650.00,1650.00,0,0,0.00,0.00,0.00,1650.00,0.00
1314853494617240,20090802,1650.00,1650.00,0,0,0.00,0.00,0.00,1650.00,0.00
1314853494617240,20090803,1650.00,1650.00,0,0,0.00,0.00,0.00,1650.00,0.00
1314853494617240,20090804,1650.00,1650.00,0,0,0.00,0.00,0.00,1650.00,0.00
1314853494617240,20090805,1650.00,1650.00,0,0,0.00,0.00,0.00,1650.00,0.00
1314853494617240,20090808,1650.00,1650.00,0,0,0.00,0.00,0.00,1650.00,0.00
1314853494617240,20090809,1650.00,1650.00,0,0,0.00,0.00,0.00,1650.00,0.00
1314853494617240,20090810,1650.00,1650.00,0,0,0.00,0.00,0.00,1650.00,0.00
1314853494617240,20090811,1650.00,1650.00,0,0,0.00,0.00,0.00,1650.00,0.00
1314853494617240,20090812,1650.00,1650.00,0,0,0.00,0.00,0.00,1650.00,0.00
1314853494617240,20090815,1650.00,1650.00,0,0,0.00,0.00,0.00,1650.00,0.00
1314853494617240,20090816,1650.00,1650.00,0,0,0.00,0.00,0.00,1650.00,0.00
1314853494617240,20090817,1650.00,1650.00,0,0,0.00,0.00,0.00,1650.00,0.00
1314853494617240,20090818,1650.00,1650.00,0,0,0.00,0.00,0.00,1650.00,0.00
1314853494617240,20090819,1650.00,1650.00,0,0,0.00,0.00,0.00,1650.00,0.00
1314853494617240,20090822,1650.00,1650.00,0,0,0.00,0.00,0.00,1650.00,0.00
1314853494617240,20090823,1650.00,1650.00,0,0,0.00,0.00,0.00,1650.00,0.00
1314853494617240,20090824,1650.00,1650.00,0,0,0.00,0.00,0.00,1650.00,0.00
1314853494617240,20090825,1650.00,1650.00,0,0,0.00,0.00,0.00,1650.00,0.00
1314853494617240,20090826,1650.00,1650.00,0,0,0.00,0.00,0.00,1650.00,0.00
1314853494617240,20090829,1650.00,1650.00,0,0,0.00,0.00,0.00,1650.00,0.00
1314853494617240,20090830,1650.00,1650.00,0,0,0.00,0.00,0.00,1650.00,0.00
1314853494617240,20090831,1650.00,1650.00,0,0,0.00,0.00,0.00,1650.00,0.00
1314853494617240,20090901,1650.00,1650.00,0,0,0.00,0.00,0.00,1650.00,0.00
1314853494617240,20090902,1650.00,1650.00,0,0,0.00,0.00,0.00,1650.00,0.00
1314853494617240,20090905,1650.00,1650.00,0,0,0.00,0.00,0.00,1650.00,0.00
1314853494617240,20090906,1650.00,1650.00,0,0,0.00,0.00,0.00,1650.00,0.00
1314853494617240,20090907,1650.00,1650.00,0,0,0.00,0.00,0.00,1650.00,0.00
1314853494617240,20090908,1650.00,1650.00,0,0,0.00,0.00,0.00,1650.00,0.00
1314853494617240,20090909,1650.00,1650.00,0,0,0.00,0.00,0.00,1650.00,0.00
1314853494617240,20090912,1650.00,1650.00,0,0,0.00,0.00,0.00,1650.00,0.00
1314853494617240,20090913,1650.00,1650.00,0,0,0.00,0.00,0.00,1650.00,0.00
1314853494617240,20090914,1650.00,1650.00,0,0,0.00,0.00,0.00,1650.00,0.00
1314853494617240,20090915,1650.00,1650.00,0,0,0.00,0.00,0.00,1650.00,0.00
1314853494617240,20090916,1650.00,1650.00,0,0,0.00,0.00,0.00,1650.00,0.00
1314853494617240,20090919,1650.00,1650.00,0,0,0.00,0.00,0.00,1650.00,0.00
1314853494617240,20090920,1650.00,1650.00,0,0,0.00,0.00,0.00,1650.00,0.00
1314853494617240,20090921,1650.00,1650.00,0,0,0.00,0.00,0.00,1650.00,0.00
1314853494617240,20090922,1650.00,1650.00,0,0,0.00,0.00,0.00,1650.00,0.00
1314853494617240,20090923,1650.00,1650.00,0,0,0.00,0.00,0.00,1650.00,0.00
1314853494617240,20090926,1650.00,1650.00,0,0,0.00,0.00,0.00,1650.00,0.00
1314853494617240,20090927,1650.00,1650.00,0,0,0.00,0.00,0.00,1650.00,0.00
1314853494617240,20090928,1650.00,1650.00,0,0,0.00,0.00,0.00,1650.00,0.00
1314853494617240,20090929,1650.00,1650.00,0,0,0.00,0.00,0.00,1650.00,0.00
1314853494617240,20090930,1650.00,1650.00,0,0,0.00,0.00,0.00,1650.00,0.00
1314853494617240,20091003,1650.00,1650.00,0,0,0.00,0.00,0.00,1650.00,0.00
1314853494617240,20091004,1650.00,1650.00,0,0,0.00,0.00,0.00,1650.00,0.00
1314853494617240,20091005,1650.00,1650.00,0,0,0.00,0.00,0.00,1650.00,0.00
1314853494617240,20091006,1650.00,1650.00,0,0,0.00,0.00,0.00,1650.00,0.00
1314853494617240,20091007,1650.00,1650.00,0,0,0.00,0.00,0.00,1650.00,0.00
1314853494617240,20091010,1650.00,1650.00,0,0,0.00,0.00,0.00,1650.00,0.00
1314853494617240,20091011,1650.00,1650.00,0,0,0.00,0.00,0.00,1650.00,0.00
1314853494617240,20091012,1650.00,1650.00,0,0,0.00,0.00,0.00,1650.00,0.00
1314853494617240,20091013,1650.00,1650.00,0,0,0.00,0.00,0.00,1650.00,0.00
1314853494617240,20091017,1650.00,1650.00,0,0,0.00,0.00,0.00,1650.00,0.00
1314853494617240,20091018,1650.00,1650.00,0,0,0.00,0.00,0.00,1650.00,0.00
1314853494617240,20091019,1650.00,1650.00,0,0,0.00,0.00,0.00,1650.00,0.00
1314853494617240,20091020,1650.00,1650.00,0,0,0.00,0.00,0.00,1650.00,0.00
1314853494617240,20091021,1650.00,1650.00,0,0,0.00,0.00,0.00,1650.00,0.00
1314853494617240,20091024,1650.00,1650.00,0,0,0.00,0.00,0.00,1650.00,0.00
1314853494617240,20091025,1650.00,1650.00,0,0,0.00,0.00,0.00,1650.00,0.00
1314853494617240,20091026,1650.00,1650.00,0,0,0.00,0.00,0.00,1650.00,0.00
1314853494617240,20091027,1650.00,1650.00,0,0,0.00,0.00,0.00,1650.00,0.00
1314853494617240,20091028,1650.00,1650.00,0,0,0.00,0.00,0.00,1650.00,0.00
1314853494617240,20091031,1650.00,1650.00,0,0,0.00,0.00,0.00,1650.00,0.00
1314853494617240,20091101,1650.00,1650.00,0,0,0.00,0.00,0.00,1650.00,0.00
1314853494617240,20091102,1650.00,1650.00,0,0,0.00,0.00,0.00,1650.00,0.00
1314853494617240,20091103,1650.00,1650.00,0,0,0.00,0.00,0.00,1650.00,0.00
1314853494617240,20091104,1650.00,1650.00,0,0,0.00,0.00,0.00,1650.00,0.00
1314853494617240,20091107,1650.00,1650.00,0,0,0.00,0.00,0.00,1650.00,0.00
1314853494617240,20091108,1650.00,1650.00,0,0,0.00,0.00,0.00,1650.00,0.00
1314853494617240,20091109,1650.00,1650.00,0,0,0.00,0.00,0.00,1650.00,0.00
1314853494617240,20091110,1650.00,1650.00,0,0,0.00,0.00,0.00,1650.00,0.00
1314853494617240,20091111,1650.00,1650.00,0,0,0.00,0.00,0.00,1650.00,0.00
1314853494617240,20091114,1650.00,1650.00,0,0,0.00,0.00,0.00,1650.00,0.00
1314853494617240,20091115,1650.00,1650.00,0,0,0.00,0.00,0.00,1650.00,0.00
1314853494617240,20091116,1650.00,1650.00,0,0,0.00,0.00,0.00,1650.00,0.00
1314853494617240,20091117,1650.00,1650.00,0,0,0.00,0.00,0.00,1650.00,0.00
1314853494617240,20091118,1650.00,1650.00,0,0,0.00,0.00,0.00,1650.00,0.00
1314853494617240,20091121,1650.00,1650.00,0,0,0.00,0.00,0.00,1650.00,0.00
1314853494617240,20091122,1650.00,1650.00,0,0,0.00,0.00,0.00,1650.00,0.00
1314853494617240,20091123,1650.00,1650.00,0,0,0.00,0.00,0.00,1650.00,0.00
1314853494617240,20091124,1650.00,1650.00,0,0,0.00,0.00,0.00,1650.00,0.00
1314853494617240,20091125,1650.00,1650.00,0,0,0.00,0.00,0.00,1650.00,0.00
1314853494617240,20091129,1650.00,1650.00,0,0,0.00,0.00,0.00,1650.00,0.00
1314853494617240,20091130,1650.00,1650.00,0,0,0.00,0.00,0.00,1650.00,0.00
1314853494617240,20091201,1650.00,1650.00,0,0,0.00,0.00,0.00,1650.00,0.00
1314853494617240,20091202,1650.00,1650.00,0,0,0.00,0.00,0.00,1650.00,0.00
1314853494617240,20091205,1650.00,1650.00,0,0,0.00,0.00,0.00,1650.00,0.00
1314853494617240,20091207,1650.00,1650.00,0,0,0.00,0.00,0.00,1650.00,0.00
1314853494617240,20091208,1650.00,1650.00,0,0,0.00,0.00,0.00,1650.00,0.00
1314853494617240,20091209,1650.00,1650.00,0,0,0.00,0.00,0.00,1650.00,0.00
1314853494617240,20091212,1650.00,1650.00,0,0,0.00,0.00,0.00,1650.00,0.00
1314853494617240,20091213,1650.00,1650.00,0,0,0.00,0.00,0.00,1650.00,0.00
1314853494617240,20091214,1650.00,1650.00,0,0,0.00,0.00,0.00,1650.00,0.00
1314853494617240,20091215,1650.00,1650.00,0,0,0.00,0.00,0.00,1650.00,0.00
1314853494617240,20091216,1650.00,1650.00,0,0,0.00,0.00,0.00,1650.00,0.00
1314853494617240,20091219,1650.00,1650.00,0,0,0.00,0.00,0.00,1650.00,0.00
1314853494617240,20091220,1650.00,1650.00,0,0,0.00,0.00,0.00,1650.00,0.00
1314853494617240,20091221,1650.00,1650.00,0,0,0.00,0.00,0.00,1650.00,0.00
1314853494617240,20091222,1650.00,1650.00,0,0,0.00,0.00,0.00,1650.00,0.00
1314853494617240,20091223,1650.00,1650.00,0,0,0.00,0.00,0.00,1650.00,0.00
1314853494617240,20091228,1650.00,1650.00,0,0,0.00,0.00,0.00,1650.00,0.00
1314853494617240,20091229,1650.00,1650.00,0,0,0.00,0.00,0.00,1650.00,0.00
1314853494617240,20091230,1650.00,1650.00,0,0,0.00,0.00,0.00,1650.00,0.00
1314853494617240,20100102,1650.00,1650.00,0,0,0.00,0.00,0.00,1650.00,0.00
1314853494617240,20100103,1650.00,1650.00,0,0,0.00,0.00,0.00,1650.00,0.00
1314853494617240,20100104,1650.00,1650.00,0,0,0.00,0.00,0.00,1650.00,0.00
1314853494617240,20100105,1650.00,1650.00,0,0,0.00,0.00,0.00,1650.00,0.00
1314853494617240,20100106,1650.00,1650.00,0,0,0.00,0.00,0.00,1650.00,0.00
1314853494617240,20100109,1650.00,1650.00,0,0,0.00,0.00,0.00,1650.00,0.00
1314853494617240,20100110,1650.00,1650.00,0,0,0.00,0.00,0.00,1650.00,0.00
1314853494617240,20100111,1650.00,1650.00,0,0,0.00,0.00,0.00,1650.00,0.00
1314853494617240,20100112,1650.00,1650.00,0,0,0.00,0.00,0.00,1650.00,0.00
1314853494617240,20100113,1650.00,1650.00,0,0,0.00,0.00,0.00,1650.00,0.00
1314853494617240,20100116,1650.00,1650.00,0,0,0.00,0.00,0.00,1650.00,0.00
1314853494617240,20100117,1650.00,1650.00,0,0,0.00,0.00,0.00,1650.00,0.00
1314853494617240,20100118,1650.00,1650.00,0,0,0.00,0.00,0.00,1650.00,0.00
1314853494617240,20100119,1650.00,1650.00,0,0,0.00,0.00,0.00,1650.00,0.00
1314853494617240,20100120,1650.00,1650.00,0,0,0.00,0.00,0.00,1650.00,0.00
1314853494617240,20100123,1650.00,1650.00,0,0,0.00,0.00,0.00,1650.00,0.00
1314853494617240,20100124,1650.00,1650.00,0,0,0.00,0.00,0.00,1650.00,0.00
1314853494617240,20100125,1650.00,1650.00,0,0,0.00,0.00,0.00,1650.00,0.00
1314853494617240,20100126,1650.00,1650.00,0,0,0.00,0.00,0.00,1650.00,0.00
1314853494617240,20100127,1650.00,1650.00,0,0,0.00,0.00,0.00,1650.00,0.00
1314853494617240,20100130,1650.00,1650.00,0,0,0.00,0.00,0.00,1650.00,0.00
1314853494617240,20100131,1650.00,1650.00,0,0,0.00,0.00,0.00,1650.00,0.00
1314853494617240,20100201,1650.00,1650.00,0,0,0.00,0.00,0.00,1650.00,0.00
1314853494617240,20100202,1650.00,1650.00,0,0,0.00,0.00,0.00,1650.00,0.00
1314853494617240,20100203,1650.00,1650.00,0,0,0.00,0.00,0.00,1650.00,0.00
1314853494617240,20100206,1650.00,1650.00,0,0,0.00,0.00,0.00,1650.00,0.00
1314853494617240,20100207,1650.00,1650.00,0,0,0.00,0.00,0.00,1650.00,0.00
1314853494617240,20100208,1650.00,1650.00,0,0,0.00,0.00,0.00,1650.00,0.00
1314853494617240,20100209,1650.00,1650.00,0,0,0.00,0.00,0.00,1650.00,0.00
1314853494617240,20100210,1650.00,1650.00,0,0,0.00,0.00,0.00,1650.00,0.00
1314853494617240,20100214,1650.00,1650.00,0,0,0.00,0.00,0.00,1650.00,0.00
1314853494617240,20100216,1650.00,1650.00,0,0,0.00,0.00,0.00,1650.00,0.00
1314853494617240,20100217,1650.00,1650.00,0,0,0.00,0.00,0.00,1650.00,0.00
1314853494617240,20100220,1650.00,1650.00,0,0,0.00,0.00,0.00,1650.00,0.00
1314853494617240,20100221,1650.00,1650.00,0,0,0.00,0.00,0.00,1650.00,0.00
1314853494617240,20100222,1650.00,1650.00,0,0,0.00,0.00,0.00,1650.00,0.00
1314853494617240,20100223,1650.00,1650.00,0,0,0.00,0.00,0.00,1650.00,0.00
1314853494617240,20100224,1650.00,1650.00,0,0,0.00,0.00,0.00,1650.00,0.00
1314853494617240,20100227,1650.00,1650.00,0,0,0.00,0.00,0.00,1650.00,0.00
1314853494617240,20100228,1650.00,1650.00,0,0,0.00,0.00,0.00,1650.00,0.00
1314853494617240,20100301,1650.00,1650.00,0,0,0.00,0.00,0.00,1650.00,0.00
1314853494617240,20100302,1650.00,1650.00,0,0,0.00,0.00,0.00,1650.00,0.00
1314853494617240,20100303,1650.00,1650.00,0,0,0.00,0.00,0.00,1650.00,0.00
1314853494617240,20100306,1650.00,1650.00,0,0,0.00,0.00,0.00,1650.00,0.00
1314853494617240,20100307,1650.00,1650.00,0,0,0.00,0.00,0.00,1650.00,0.00
1314853494617240,20100308,1650.00,1650.00,0,0,0.00,0.00,0.00,1650.00,0.00
1314853494617240,20100309,1650.00,1650.00,0,0,0.00,0.00,0.00,1650.00,0.00
1314853494617240,20100310,1650.00,1650.00,0,0,0.00,0.00,0.00,1650.00,0.00
1314853494617240,20100313,1650.00,1650.00,0,0,0.00,0.00,0.00,1650.00,0.00
1314853494617240,20100314,1650.00,1650.00,0,0,0.00,0.00,0.00,1650.00,0.00
1314853494617240,20100315,1650.00,1650.00,0,0,0.00,0.00,0.00,1650.00,0.00
1314853494617240,20100316,1650.00,1650.00,0,0,0.00,0.00,0.00,1650.00,0.00
1314853494617240,20100317,1650.00,1650.00,0,0,0.00,0.00,0.00,1650.00,0.00
1314853494617240,20100327,1650.00,1650.00,0,0,0.00,0.00,0.00,1650.00,0.00
1314853494617240,20100328,1650.00,1650.00,0,0,0.00,0.00,0.00,1650.00,0.00
1314853494617240,20100329,1650.00,1650.00,0,0,0.00,0.00,0.00,1650.00,0.00
1314853494617240,20100330,1650.00,1650.00,0,0,0.00,0.00,0.00,1650.00,0.00
1314853494617240,20100331,1650.00,1650.00,0,0,0.00,0.00,0.00,1650.00,0.00
1314853494617240,20100403,1650.00,1650.00,0,0,0.00,0.00,0.00,1650.00,0.00
1314853494617240,20100404,1650.00,1650.00,0,0,0.00,0.00,0.00,1650.00,0.00
1314853494617240,20100405,1650.00,1650.00,0,0,0.00,0.00,0.00,1650.00,0.00
1314853494617240,20100406,1650.00,1650.00,0,0,0.00,0.00,0.00,1650.00,0.00
1314853494617240,20100407,1650.00,1650.00,0,0,0.00,0.00,0.00,1650.00,0.00
1314853494617240,20100410,1650.00,1650.00,0,0,0.00,0.00,0.00,1650.00,0.00
1314853494617240,20100411,1650.00,1650.00,0,0,0.00,0.00,0.00,1650.00,0.00
1314853494617240,20100412,1650.00,1650.00,0,0,0.00,0.00,0.00,1650.00,0.00
1314853494617240,20100413,1650.00,1650.00,0,0,0.00,0.00,0.00,1650.00,0.00
1314853494617240,20100414,1650.00,1650.00,0,0,0.00,0.00,0.00,1650.00,0.00
1314853494617240,20100417,1650.00,1650.00,0,0,0.00,0.00,0.00,1650.00,0.00
1314853494617240,20100418,1650.00,1650.00,0,0,0.00,0.00,0.00,1650.00,0.00
1314853494617240,20100419,1650.00,1650.00,0,0,0.00,0.00,0.00,1650.00,0.00
1314853494617240,20100420,1650.00,1650.00,0,0,0.00,0.00,0.00,1650.00,0.00
1314853494617240,20100421,1650.00,1650.00,0,0,0.00,0.00,0.00,1650.00,0.00
1314853494617240,20100424,1650.00,1650.00,0,0,0.00,0.00,0.00,1650.00,0.00
1314853494617240,20100425,1650.00,1650.00,0,0,0.00,0.00,0.00,1650.00,0.00
1314853494617240,20100426,1650.00,1650.00,0,0,0.00,0.00,0.00,1650.00,0.00
1314853494617240,20100427,1650.00,1650.00,0,0,0.00,0.00,0.00,1650.00,0.00
1314853494617240,20100428,1650.00,1650.00,0,0,0.00,0.00,0.00,1650.00,0.00
1314853494617240,20100501,1650.00,1650.00,0,0,0.00,0.00,0.00,1650.00,0.00
1314853494617240,20100502,1650.00,1650.00,0,0,0.00,0.00,0.00,1650.00,0.00
1314853494617240,20100503,1650.00,1650.00,0,0,0.00,0.00,0.00,1650.00,0.00
1314853494617240,20100504,1650.00,1650.00,0,0,0.00,0.00,0.00,1650.00,0.00
1314853494617240,20100505,1650.00,1650.00,0,0,0.00,0.00,0.00,1650.00,0.00
1314853494617240,20100508,1650.00,1650.00,0,0,0.00,0.00,0.00,1650.00,0.00
1314853494617240,20100509,1650.00,1650.00,0,0,0.00,0.00,0.00,1650.00,0.00
1314853494617240,20100510,1650.00,1650.00,0,0,0.00,0.00,0.00,1650.00,0.00
1314853494617240,20100511,1650.00,1650.00,0,0,0.00,0.00,0.00,1650.00,0.00
1314853494617240,20100512,1650.00,1650.00,0,0,0.00,0.00,0.00,1650.00,0.00
1314853494617240,20100515,1650.00,1650.00,0,0,0.00,0.00,0.00,1650.00,0.00
1314853494617240,20100516,1650.00,1650.00,0,0,0.00,0.00,0.00,1650.00,0.00
1314853494617240,20100518,1650.00,1650.00,0,0,0.00,0.00,0.00,1650.00,0.00
1314853494617240,20100519,1650.00,1650.00,0,0,0.00,0.00,0.00,1650.00,0.00
1314853494617240,20100522,1650.00,1650.00,0,0,0.00,0.00,0.00,1650.00,0.00
1314853494617240,20100523,1650.00,1650.00,0,0,0.00,0.00,0.00,1650.00,0.00
1314853494617240,20100524,1650.00,1650.00,0,0,0.00,0.00,0.00,1650.00,0.00
1314853494617240,20100525,1650.00,1650.00,0,0,0.00,0.00,0.00,1650.00,0.00
1314853494617240,20100526,1650.00,1650.00,0,0,0.00,0.00,0.00,1650.00,0.00
1314853494617240,20100529,1650.00,1650.00,0,0,0.00,0.00,0.00,1650.00,0.00
1314853494617240,20100530,1650.00,1650.00,0,0,0.00,0.00,0.00,1650.00,0.00
1314853494617240,20100531,1650.00,1650.00,0,0,0.00,0.00,0.00,1650.00,0.00
1314853494617240,20100601,1650.00,1650.00,0,0,0.00,0.00,0.00,1650.00,0.00
1314853494617240,20100602,1650.00,1650.00,0,0,0.00,0.00,0.00,1650.00,0.00
1314853494617240,20100606,1650.00,1650.00,0,0,0.00,0.00,0.00,1650.00,0.00
1314853494617240,20100607,1650.00,1650.00,0,0,0.00,0.00,0.00,1650.00,0.00
1314853494617240,20100608,1650.00,1650.00,0,0,0.00,0.00,0.00,1650.00,0.00
1314853494617240,20100609,1650.00,1650.00,0,0,0.00,0.00,0.00,1650.00,0.00
1314853494617240,20100612,1650.00,1650.00,0,0,0.00,0.00,0.00,1650.00,0.00
1314853494617240,20100613,1650.00,1650.00,0,0,0.00,0.00,0.00,1650.00,0.00
1314853494617240,20100614,1650.00,1650.00,0,0,0.00,0.00,0.00,1650.00,0.00
1314853494617240,20100615,1650.00,1650.00,0,0,0.00,0.00,0.00,1650.00,0.00
1314853494617240,20100616,1650.00,1650.00,0,0,0.00,0.00,0.00,1650.00,0.00
1314853494617240,20100619,1650.00,1650.00,0,0,0.00,0.00,0.00,1650.00,0.00
1314853494617240,20100620,1650.00,1650.00,0,0,0.00,0.00,0.00,1650.00,0.00
1314853494617240,20100621,1650.00,1650.00,0,0,0.00,0.00,0.00,1650.00,0.00
1314853494617240,20100622,1650.00,1650.00,0,0,0.00,0.00,0.00,1650.00,0.00
1314853494617240,20100623,1650.00,1650.00,0,0,0.00,0.00,0.00,1650.00,0.00
1314853494617240,20100627,1650.00,1650.00,0,0,0.00,0.00,0.00,1650.00,0.00
1314853494617240,20100628,1650.00,1650.00,0,0,0.00,0.00,0.00,1650.00,0.00
1314853494617240,20100629,1650.00,1650.00,0,0,0.00,0.00,0.00,1650.00,0.00
1314853494617240,20100630,1650.00,1650.00,0,0,0.00,0.00,0.00,1650.00,0.00
1314853494617240,20100703,1650.00,1650.00,0,0,0.00,0.00,0.00,1650.00,0.00
1314853494617240,20100704,1650.00,1650.00,0,0,0.00,0.00,0.00,1650.00,0.00
1314853494617240,20100705,1650.00,1650.00,0,0,0.00,0.00,0.00,1650.00,0.00
1314853494617240,20100706,1650.00,1650.00,0,0,0.00,0.00,0.00,1650.00,0.00
1314853494617240,20100707,1650.00,1650.00,0,0,0.00,0.00,0.00,1650.00,0.00
1314853494617240,20100711,1650.00,1650.00,0,0,0.00,0.00,0.00,1650.00,0.00
1314853494617240,20100712,1650.00,1650.00,0,0,0.00,0.00,0.00,1650.00,0.00
1314853494617240,20100713,1650.00,1650.00,0,0,0.00,0.00,0.00,1650.00,0.00
1314853494617240,20100714,1650.00,1650.00,0,0,0.00,0.00,0.00,1650.00,0.00
1314853494617240,20100717,1650.00,1650.00,0,0,0.00,0.00,0.00,1650.00,0.00
1314853494617240,20100718,1650.00,1650.00,0,0,0.00,0.00,0.00,1650.00,0.00
1314853494617240,20100719,1650.00,1650.00,0,0,0.00,0.00,0.00,1650.00,0.00
1314853494617240,20100720,1650.00,1650.00,0,0,0.00,0.00,0.00,1650.00,0.00
1314853494617240,20100721,1650.00,1650.00,0,0,0.00,0.00,0.00,1650.00,0.00
1314853494617240,20100724,1650.00,1650.00,0,0,0.00,0.00,0.00,1650.00,0.00
1314853494617240,20100725,1650.00,1650.00,0,0,0.00,0.00,0.00,1650.00,0.00
1314853494617240,20100726,1650.00,1650.00,0,0,0.00,0.00,0.00,1650.00,0.00
1314853494617240,20100728,1650.00,1650.00,0,0,0.00,0.00,0.00,1650.00,0.00
1314853494617240,20100731,1650.00,1650.00,0,0,0.00,0.00,0.00,1650.00,0.00
1314853494617240,20100801,1650.00,1650.00,0,0,0.00,0.00,0.00,1650.00,0.00
1314853494617240,20100802,1650.00,1650.00,0,0,0.00,0.00,0.00,1650.00,0.00
1314853494617240,20100803,1650.00,1650.00,0,0,0.00,0.00,0.00,1650.00,0.00
1314853494617240,20100804,1650.00,1650.00,0,0,0.00,0.00,0.00,1650.00,0.00
1314853494617240,20100807,1650.00,1650.00,0,0,0.00,0.00,0.00,1650.00,0.00
1314853494617240,20100808,1650.00,1650.00,0,0,0.00,0.00,0.00,1650.00,0.00
1314853494617240,20100809,1650.00,1650.00,0,0,0.00,0.00,0.00,1650.00,0.00
1314853494617240,20100810,1650.00,1650.00,0,0,0.00,0.00,0.00,1650.00,0.00
1314853494617240,20100811,1650.00,1650.00,0,0,0.00,0.00,0.00,1650.00,0.00
1314853494617240,20100814,1650.00,1650.00,0,0,0.00,0.00,0.00,1650.00,0.00
1314853494617240,20100815,1650.00,1650.00,0,0,0.00,0.00,0.00,1650.00,0.00
1314853494617240,20100816,1650.00,1650.00,0,0,0.00,0.00,0.00,1650.00,0.00
1314853494617240,20100817,1650.00,1650.00,0,0,0.00,0.00,0.00,1650.00,0.00
1314853494617240,20100818,1650.00,1650.00,0,0,0.00,0.00,0.00,1650.00,0.00
1314853494617240,20100821,1650.00,1650.00,0,0,0.00,0.00,0.00,1650.00,0.00
1314853494617240,20100822,1650.00,1650.00,0,0,0.00,0.00,0.00,1650.00,0.00
1314853494617240,20100823,1650.00,1650.00,0,0,0.00,0.00,0.00,1650.00,0.00
1314853494617240,20100824,1650.00,1650.00,0,0,0.00,0.00,0.00,1650.00,0.00
1314853494617240,20100825,1650.00,1650.00,0,0,0.00,0.00,0.00,1650.00,0.00
1314853494617240,20100828,1650.00,1650.00,0,0,0.00,0.00,0.00,1650.00,0.00
1314853494617240,20100829,1650.00,1650.00,0,0,0.00,0.00,0.00,1650.00,0.00
1314853494617240,20100830,1650.00,1650.00,0,0,0.00,0.00,0.00,1650.00,0.00
1314853494617240,20100831,1650.00,1650.00,0,0,0.00,0.00,0.00,1650.00,0.00
1314853494617240,20100904,1650.00,1650.00,0,0,0.00,0.00,0.00,1650.00,0.00
1314853494617240,20100905,1650.00,1650.00,0,0,0.00,0.00,0.00,1650.00,0.00
1314853494617240,20100906,1650.00,1650.00,0,0,0.00,0.00,0.00,1650.00,0.00
1314853494617240,20100907,1650.00,1650.00,0,0,0.00,0.00,0.00,1650.00,0.00
1314853494617240,20100908,1650.00,1650.00,0,0,0.00,0.00,0.00,1650.00,0.00
1314853494617240,20100912,1650.00,1650.00,0,0,0.00,0.00,0.00,1650.00,0.00
1314853494617240,20100913,1650.00,1650.00,0,0,0.00,0.00,0.00,1650.00,0.00
1314853494617240,20100914,1650.00,1650.00,0,0,0.00,0.00,0.00,1650.00,0.00
1314853494617240,20100915,1650.00,1650.00,0,0,0.00,0.00,0.00,1650.00,0.00
1314853494617240,20100918,1650.00,1650.00,0,0,0.00,0.00,0.00,1650.00,0.00
1314853494617240,20100919,1650.00,1650.00,0,0,0.00,0.00,0.00,1650.00,0.00
1314853494617240,20100920,1650.00,1650.00,0,0,0.00,0.00,0.00,1650.00,0.00
1314853494617240,20100921,1650.00,1650.00,0,0,0.00,0.00,0.00,1650.00,0.00
1314853494617240,20100922,1650.00,1650.00,0,0,0.00,0.00,0.00,1650.00,0.00
1314853494617240,20100925,1650.00,1650.00,0,0,0.00,0.00,0.00,1650.00,0.00
1314853494617240,20100926,1650.00,1650.00,0,0,0.00,0.00,0.00,1650.00,0.00
1314853494617240,20100927,1650.00,1650.00,0,0,0.00,0.00,0.00,1650.00,0.00
1314853494617240,20100928,1650.00,1650.00,0,0,0.00,0.00,0.00,1650.00,0.00
1314853494617240,20100929,1650.00,1650.00,0,0,0.00,0.00,0.00,1650.00,0.00
1314853494617240,20101002,1650.00,1650.00,0,0,0.00,0.00,0.00,1650.00,0.00
1314853494617240,20101003,1650.00,1650.00,0,0,0.00,0.00,0.00,1650.00,0.00
1314853494617240,20101005,1650.00,1650.00,0,0,0.00,0.00,0.00,1650.00,0.00
1314853494617240,20101006,1650.00,1650.00,0,0,0.00,0.00,0.00,1650.00,0.00
1314853494617240,20101009,1650.00,1650.00,0,0,0.00,0.00,0.00,1650.00,0.00
1314853494617240,20101010,1650.00,1650.00,0,0,0.00,0.00,0.00,1650.00,0.00
1314853494617240,20101011,1650.00,1650.00,0,0,0.00,0.00,0.00,1650.00,0.00
1314853494617240,20101012,1650.00,1650.00,0,0,0.00,0.00,0.00,1650.00,0.00
1314853494617240,20101013,1650.00,1650.00,0,0,0.00,0.00,0.00,1650.00,0.00
1314853494617240,20101016,1650.00,1650.00,0,0,0.00,0.00,0.00,1650.00,0.00
1314853494617240,20101017,1650.00,1650.00,0,0,0.00,0.00,0.00,1650.00,0.00
1314853494617240,20101018,1650.00,1650.00,0,0,0.00,0.00,0.00,1650.00,0.00
1314853494617240,20101019,1650.00,1650.00,0,0,0.00,0.00,0.00,1650.00,0.00
1314853494617240,20101020,1650.00,1650.00,0,0,0.00,0.00,0.00,1650.00,0.00
1314853494617240,20101023,1650.00,1650.00,0,0,0.00,0.00,0.00,1650.00,0.00
1314853494617240,20101024,1650.00,1650.00,0,0,0.00,0.00,0.00,1650.00,0.00
1314853494617240,20101025,1650.00,1650.00,0,0,0.00,0.00,0.00,1650.00,0.00
1314853494617240,20101026,1650.00,1650.00,0,0,0.00,0.00,0.00,1650.00,0.00
1314853494617240,20101027,1650.00,1650.00,0,0,0.00,0.00,0.00,1650.00,0.00
1314853494617240,20101030,1650.00,1650.00,0,0,0.00,0.00,0.00,1650.00,0.00
1314853494617240,20101031,1650.00,1650.00,0,0,0.00,0.00,0.00,1650.00,0.00
1314853494617240,20101101,1650.00,1650.00,0,0,0.00,0.00,0.00,1650.00,0.00
1314853494617240,20101102,1650.00,1650.00,0,0,0.00,0.00,0.00,1650.00,0.00
1314853494617240,20101103,1650.00,1650.00,0,0,0.00,0.00,0.00,1650.00,0.00
1314853494617240,20101106,1650.00,1650.00,0,0,0.00,0.00,0.00,1650.00,0.00
1314853494617240,20101107,1650.00,1650.00,0,0,0.00,0.00,0.00,1650.00,0.00
1314853494617240,20101108,1650.00,1650.00,0,0,0.00,0.00,0.00,1650.00,0.00
1314853494617240,20101109,1650.00,1650.00,0,0,0.00,0.00,0.00,1650.00,0.00
1314853494617240,20101110,1650.00,1650.00,0,0,0.00,0.00,0.00,1650.00,0.00
1314853494617240,20101113,1650.00,1650.00,0,0,0.00,0.00,0.00,1650.00,0.00
1314853494617240,20101114,1650.00,1650.00,0,0,0.00,0.00,0.00,1650.00,0.00
1314853494617240,20101115,1650.00,1650.00,0,0,0.00,0.00,0.00,1650.00,0.00
1314853494617240,20101116,1650.00,1650.00,0,0,0.00,0.00,0.00,1650.00,0.00
1314853494617240,20101120,1650.00,1650.00,0,0,0.00,0.00,0.00,1650.00,0.00
1314853494617240,20101121,1650.00,1650.00,0,0,0.00,0.00,0.00,1650.00,0.00
1314853494617240,20101122,1650.00,1650.00,0,0,0.00,0.00,0.00,1650.00,0.00
1314853494617240,20101123,1650.00,1650.00,0,0,0.00,0.00,0.00,1650.00,0.00
1314853494617240,20101124,1650.00,1650.00,0,0,0.00,0.00,0.00,1650.00,0.00
1314853494617240,20101127,1650.00,1650.00,0,0,0.00,0.00,0.00,1650.00,0.00
1314853494617240,20101128,1650.00,1650.00,0,0,0.00,0.00,0.00,1650.00,0.00
1314853494617240,20101129,1650.00,1650.00,0,0,0.00,0.00,0.00,1650.00,0.00
1314853494617240,20101130,1650.00,1650.00,0,0,0.00,0.00,0.00,1650.00,0.00
1314853494617240,20101201,1650.00,1650.00,0,0,0.00,0.00,0.00,1650.00,0.00
1314853494617240,20101204,1650.00,1650.00,0,0,0.00,0.00,0.00,1650.00,0.00
1314853494617240,20101205,1650.00,1650.00,0,0,0.00,0.00,0.00,1650.00,0.00
1314853494617240,20101206,1650.00,1650.00,0,0,0.00,0.00,0.00,1650.00,0.00
1314853494617240,20101207,1650.00,1650.00,0,0,0.00,0.00,0.00,1650.00,0.00
1314853494617240,20101208,1650.00,1650.00,0,0,0.00,0.00,0.00,1650.00,0.00
1314853494617240,20101211,1650.00,1650.00,0,0,0.00,0.00,0.00,1650.00,0.00
1314853494617240,20101212,1650.00,1650.00,0,0,0.00,0.00,0.00,1650.00,0.00
1314853494617240,20101213,1650.00,1650.00,0,0,0.00,0.00,0.00,1650.00,0.00
1314853494617240,20101214,1650.00,1650.00,0,0,0.00,0.00,0.00,1650.00,0.00
1314853494617240,20101218,1650.00,1650.00,0,0,0.00,0.00,0.00,1650.00,0.00
1314853494617240,20101219,1650.00,1650.00,0,0,0.00,0.00,0.00,1650.00,0.00
1314853494617240,20101220,1650.00,1650.00,0,0,0.00,0.00,0.00,1650.00,0.00
1314853494617240,20101221,1650.00,1650.00,0,0,0.00,0.00,0.00,1650.00,0.00
1314853494617240,20101222,1650.00,1650.00,0,0,0.00,0.00,0.00,1650.00,0.00
1314853494617240,20101225,1650.00,1650.00,0,0,0.00,0.00,0.00,1650.00,0.00
1314853494617240,20101226,1650.00,1650.00,0,0,0.00,0.00,0.00,1650.00,0.00
1314853494617240,20101227,1650.00,1650.00,0,0,0.00,0.00,0.00,1650.00,0.00
1314853494617240,20101228,1650.00,1650.00,0,0,0.00,0.00,0.00,1650.00,0.00
1314853494617240,20101229,1650.00,1650.00,0,0,0.00,0.00,0.00,1650.00,0.00
1314853494617240,20110101,1650.00,1650.00,0,0,0.00,0.00,0.00,1650.00,0.00
1314853494617240,20110102,1650.00,1650.00,0,0,0.00,0.00,0.00,1650.00,0.00
1314853494617240,20110103,1650.00,1650.00,0,0,0.00,0.00,0.00,1650.00,0.00
1314853494617240,20110104,1650.00,1650.00,0,0,0.00,0.00,0.00,1650.00,0.00
1314853494617240,20110105,1650.00,1650.00,0,0,0.00,0.00,0.00,1650.00,0.00
1314853494617240,20110108,1650.00,1650.00,0,0,0.00,0.00,0.00,1650.00,0.00
1314853494617240,20110109,1650.00,1650.00,0,0,0.00,0.00,0.00,1650.00,0.00
1314853494617240,20110110,1650.00,1650.00,0,0,0.00,0.00,0.00,1650.00,0.00
1314853494617240,20110111,1650.00,1650.00,0,0,0.00,0.00,0.00,1650.00,0.00
1314853494617240,20110112,1650.00,1650.00,0,0,0.00,0.00,0.00,1650.00,0.00
1314853494617240,20110115,1650.00,1650.00,0,0,0.00,0.00,0.00,1650.00,0.00
1314853494617240,20110116,1650.00,1650.00,0,0,0.00,0.00,0.00,1650.00,0.00
1314853494617240,20110117,1650.00,1650.00,0,0,0.00,0.00,0.00,1650.00,0.00
1314853494617240,20110118,1650.00,1650.00,0,0,0.00,0.00,0.00,1650.00,0.00
1314853494617240,20110119,1650.00,1650.00,0,0,0.00,0.00,0.00,1650.00,0.00
1314853494617240,20110122,1650.00,1650.00,0,0,0.00,0.00,0.00,1650.00,0.00
1314853494617240,20110123,1650.00,1650.00,0,0,0.00,0.00,0.00,1650.00,0.00
1314853494617240,20110124,1650.00,1650.00,0,0,0.00,0.00,0.00,1650.00,0.00
1314853494617240,20110126,1650.00,1650.00,0,0,0.00,0.00,0.00,1650.00,0.00
1314853494617240,20110129,1650.00,1650.00,0,0,0.00,0.00,0.00,1650.00,0.00
1314853494617240,20110130,1650.00,1650.00,0,0,0.00,0.00,0.00,1650.00,0.00
1314853494617240,20110131,1650.00,1650.00,0,0,0.00,0.00,0.00,1650.00,0.00
1314853494617240,20110201,1650.00,1650.00,0,0,0.00,0.00,0.00,1650.00,0.00
1314853494617240,20110205,1650.00,1650.00,0,0,0.00,0.00,0.00,1650.00,0.00
1314853494617240,20110206,1650.00,1650.00,0,0,0.00,0.00,0.00,1650.00,0.00
1314853494617240,20110207,1650.00,1650.00,0,0,0.00,0.00,0.00,1650.00,0.00
1314853494617240,20110208,1650.00,1650.00,0,0,0.00,0.00,0.00,1650.00,0.00
1314853494617240,20110209,1650.00,1650.00,0,0,0.00,0.00,0.00,1650.00,0.00
1314853494617240,20110212,1650.00,1650.00,0,0,0.00,0.00,0.00,1650.00,0.00
1314853494617240,20110213,1650.00,1650.00,0,0,0.00,0.00,0.00,1650.00,0.00
1314853494617240,20110214,1650.00,1650.00,0,0,0.00,0.00,0.00,1650.00,0.00
1314853494617240,20110215,1650.00,1650.00,0,0,0.00,0.00,0.00,1650.00,0.00
1314853494617240,20110216,1650.00,1650.00,0,0,0.00,0.00,0.00,1650.00,0.00
1314853494617240,20110219,1650.00,1650.00,0,0,0.00,0.00,0.00,1650.00,0.00
1314853494617240,20110220,1650.00,1650.00,0,0,0.00,0.00,0.00,1650.00,0.00
1314853494617240,20110222,1650.00,1650.00,0,0,0.00,0.00,0.00,1650.00,0.00
1314853494617240,20110223,1650.00,1650.00,0,0,0.00,0.00,0.00,1650.00,0.00
1314853494617240,20110226,1650.00,1650.00,0,0,0.00,0.00,0.00,1650.00,0.00
1314853494617240,20110227,1650.00,1650.00,0,0,0.00,0.00,0.00,1650.00,0.00
1314853494617240,20110228,1650.00,1650.00,0,0,0.00,0.00,0.00,1650.00,0.00
1314853494617240,20110301,1650.00,1650.00,0,0,0.00,0.00,0.00,1650.00,0.00
1314853494617240,20110302,1650.00,1650.00,0,0,0.00,0.00,0.00,1650.00,0.00
1314853494617240,20110305,1650.00,1650.00,0,0,0.00,0.00,0.00,1650.00,0.00
1314853494617240,20110306,1650.00,1650.00,0,0,0.00,0.00,0.00,1650.00,0.00
1314853494617240,20110307,1650.00,1650.00,0,0,0.00,0.00,0.00,1650.00,0.00
1314853494617240,20110308,1650.00,1650.00,0,0,0.00,0.00,0.00,1650.00,0.00
1314853494617240,20110309,1650.00,1650.00,0,0,0.00,0.00,0.00,1650.00,0.00
1314853494617240,20110312,1650.00,1650.00,0,0,0.00,0.00,0.00,1650.00,0.00
1314853494617240,20110313,1650.00,1650.00,0,0,0.00,0.00,0.00,1650.00,0.00
1314853494617240,20110314,1650.00,1650.00,0,0,0.00,0.00,0.00,1650.00,0.00
1314853494617240,20110315,1650.00,1650.00,0,0,0.00,0.00,0.00,1650.00,0.00
1314853494617240,20110316,1650.00,1650.00,0,0,0.00,0.00,0.00,1650.00,0.00
1314853494617240,20110319,1650.00,1650.00,0,0,0.00,0.00,0.00,1650.00,0.00
1314853494617240,20110326,1650.00,1650.00,0,0,0.00,0.00,0.00,1650.00,0.00
1314853494617240,20110327,1650.00,1650.00,0,0,0.00,0.00,0.00,1650.00,0.00
1314853494617240,20110328,1650.00,1650.00,0,0,0.00,0.00,0.00,1650.00,0.00
1314853494617240,20110329,1650.00,1650.00,0,0,0.00,0.00,0.00,1650.00,0.00
1314853494617240,20110330,1650.00,1650.00,0,0,0.00,0.00,0.00,1650.00,0.00
1314853494617240,20110403,1650.00,1650.00,0,0,0.00,0.00,0.00,1650.00,0.00
1314853494617240,20110404,1650.00,1650.00,0,0,0.00,0.00,0.00,1650.00,0.00
1314853494617240,20110405,1650.00,1650.00,0,0,0.00,0.00,0.00,1650.00,0.00
1314853494617240,20110406,1650.00,1650.00,0,0,0.00,0.00,0.00,1650.00,0.00
1314853494617240,20110409,1650.00,1650.00,0,0,0.00,0.00,0.00,1650.00,0.00
1314853494617240,20110410,1650.00,1650.00,0,0,0.00,0.00,0.00,1650.00,0.00
1314853494617240,20110411,1650.00,1650.00,0,0,0.00,0.00,0.00,1650.00,0.00
1314853494617240,20110412,1650.00,1650.00,0,0,0.00,0.00,0.00,1650.00,0.00
1314853494617240,20110413,1650.00,1650.00,0,0,0.00,0.00,0.00,1650.00,0.00
1314853494617240,20110416,1650.00,1650.00,0,0,0.00,0.00,0.00,1650.00,0.00
1314853494617240,20110417,1650.00,1650.00,0,0,0.00,0.00,0.00,1650.00,0.00
1314853494617240,20110418,1650.00,1650.00,0,0,0.00,0.00,0.00,1650.00,0.00
1314853494617240,20110419,1650.00,1650.00,0,0,0.00,0.00,0.00,1650.00,0.00
1314853494617240,20110420,1650.00,1650.00,0,0,0.00,0.00,0.00,1650.00,0.00
1314853494617240,20110423,1650.00,1650.00,0,0,0.00,0.00,0.00,1650.00,0.00
1314853494617240,20110424,1650.00,1650.00,0,0,0.00,0.00,0.00,1650.00,0.00
1314853494617240,20110425,1650.00,1650.00,0,0,0.00,0.00,0.00,1650.00,0.00
1314853494617240,20110426,1650.00,1650.00,0,0,0.00,0.00,0.00,1650.00,0.00
1314853494617240,20110427,1650.00,1650.00,0,0,0.00,0.00,0.00,1650.00,0.00
1314853494617240,20110430,1650.00,1650.00,0,0,0.00,0.00,0.00,1650.00,0.00
1314853494617240,20110501,1650.00,1650.00,0,0,0.00,0.00,0.00,1650.00,0.00
1314853494617240,20110502,1650.00,1650.00,0,0,0.00,0.00,0.00,1650.00,0.00
1314853494617240,20110503,1650.00,1650.00,0,0,0.00,0.00,0.00,1650.00,0.00
1314853494617240,20110504,1650.00,1650.00,0,0,0.00,0.00,0.00,1650.00,0.00
1314853494617240,20110508,1650.00,1650.00,0,0,0.00,0.00,0.00,1650.00,0.00
1314853494617240,20110509,1650.00,1650.00,0,0,0.00,0.00,0.00,1650.00,0.00
1314853494617240,20110510,1650.00,1650.00,0,0,0.00,0.00,0.00,1650.00,0.00
1314853494617240,20110511,1650.00,1650.00,0,0,0.00,0.00,0.00,1650.00,0.00
1314853494617240,20110514,1650.00,1650.00,0,0,0.00,0.00,0.00,1650.00,0.00
1314853494617240,20110515,1650.00,1650.00,0,0,0.00,0.00,0.00,1650.00,0.00
1314853494617240,20110516,1650.00,1650.00,0,0,0.00,0.00,0.00,1650.00,0.00
1314853494617240,20110517,1650.00,1650.00,0,0,0.00,0.00,0.00,1650.00,0.00
1314853494617240,20110518,1650.00,1650.00,0,0,0.00,0.00,0.00,1650.00,0.00
1314853494617240,20110521,1650.00,1650.00,0,0,0.00,0.00,0.00,1650.00,0.00
1314853494617240,20110522,1650.00,1650.00,0,0,0.00,0.00,0.00,1650.00,0.00
1314853494617240,20110523,1650.00,1650.00,0,0,0.00,0.00,0.00,1650.00,0.00
1314853494617240,20110524,1650.00,1650.00,0,0,0.00,0.00,0.00,1650.00,0.00
1314853494617240,20110525,1650.00,1650.00,0,0,0.00,0.00,0.00,1650.00,0.00
1314853494617240,20110528,1650.00,1650.00,0,0,0.00,0.00,0.00,1650.00,0.00
1314853494617240,20110529,1650.00,1650.00,0,0,0.00,0.00,0.00,1650.00,0.00
1314853494617240,20110530,1650.00,1650.00,0,0,0.00,0.00,0.00,1650.00,0.00
1314853494617240,20110531,1650.00,1650.00,0,0,0.00,0.00,0.00,1650.00,0.00
1314853494617240,20110601,1650.00,1650.00,0,0,0.00,0.00,0.00,1650.00,0.00
1314853494617240,20110606,1650.00,1650.00,0,0,0.00,0.00,0.00,1650.00,0.00
1314853494617240,20110607,1650.00,1650.00,0,0,0.00,0.00,0.00,1650.00,0.00
1314853494617240,20110608,1650.00,1650.00,0,0,0.00,0.00,0.00,1650.00,0.00
1314853494617240,20110611,1650.00,1650.00,0,0,0.00,0.00,0.00,1650.00,0.00
1314853494617240,20110612,1650.00,1650.00,0,0,0.00,0.00,0.00,1650.00,0.00
1314853494617240,20110613,1650.00,1650.00,0,0,0.00,0.00,0.00,1650.00,0.00
1314853494617240,20110614,1650.00,1650.00,0,0,0.00,0.00,0.00,1650.00,0.00
1314853494617240,20110615,1650.00,1650.00,0,0,0.00,0.00,0.00,1650.00,0.00
1314853494617240,20110618,1650.00,1650.00,0,0,0.00,0.00,0.00,1650.00,0.00
1314853494617240,20110619,1650.00,1650.00,0,0,0.00,0.00,0.00,1650.00,0.00
1314853494617240,20110620,1650.00,1650.00,0,0,0.00,0.00,0.00,1650.00,0.00
1314853494617240,20110621,1650.00,1650.00,0,0,0.00,0.00,0.00,1650.00,0.00
1314853494617240,20110622,1650.00,1650.00,0,0,0.00,0.00,0.00,1650.00,0.00
1314853494617240,20110625,1650.00,1650.00,0,0,0.00,0.00,0.00,1650.00,0.00
1314853494617240,20110626,1650.00,1650.00,0,0,0.00,0.00,0.00,1650.00,0.00
1314853494617240,20110627,1650.00,1650.00,0,0,0.00,0.00,0.00,1650.00,0.00
1314853494617240,20110628,1650.00,1650.00,0,0,0.00,0.00,0.00,1650.00,0.00
1314853494617240,20110629,1650.00,1650.00,0,0,0.00,0.00,0.00,1650.00,0.00
1314853494617240,20110702,1650.00,1650.00,0,0,0.00,0.00,0.00,1650.00,0.00
1314853494617240,20110703,1650.00,1650.00,0,0,0.00,0.00,0.00,1650.00,0.00
1314853494617240,20110704,1650.00,1650.00,0,0,0.00,0.00,0.00,1650.00,0.00
1314853494617240,20110705,1650.00,1650.00,0,0,0.00,0.00,0.00,1650.00,0.00
1314853494617240,20110706,1650.00,1650.00,0,0,0.00,0.00,0.00,1650.00,0.00
1314853494617240,20110709,1650.00,1650.00,0,0,0.00,0.00,0.00,1650.00,0.00
1314853494617240,20110710,1650.00,1650.00,0,0,0.00,0.00,0.00,1650.00,0.00
1314853494617240,20110711,1650.00,1650.00,0,0,0.00,0.00,0.00,1650.00,0.00
1314853494617240,20110712,1650.00,1650.00,0,0,0.00,0.00,0.00,1650.00,0.00
1314853494617240,20110713,1650.00,1650.00,0,0,0.00,0.00,0.00,1650.00,0.00
1314853494617240,20110716,1650.00,1650.00,0,0,0.00,0.00,0.00,1650.00,0.00
1314853494617240,20110718,1650.00,1650.00,0,0,0.00,0.00,0.00,1650.00,0.00
1314853494617240,20110719,1650.00,1650.00,0,0,0.00,0.00,0.00,1650.00,0.00
1314853494617240,20110720,1650.00,1650.00,0,0,0.00,0.00,0.00,1650.00,0.00
1314853494617240,20110723,1650.00,1650.00,0,0,0.00,0.00,0.00,1650.00,0.00
1314853494617240,20110724,1650.00,1650.00,0,0,0.00,0.00,0.00,1650.00,0.00
1314853494617240,20110725,1650.00,1650.00,0,0,0.00,0.00,0.00,1650.00,0.00
1314853494617240,20110726,1650.00,1650.00,0,0,0.00,0.00,0.00,1650.00,0.00
1314853494617240,20110727,1650.00,1650.00,0,0,0.00,0.00,0.00,1650.00,0.00
1314853494617240,20110730,1650.00,1650.00,0,0,0.00,0.00,0.00,1650.00,0.00
1314853494617240,20110731,1650.00,1650.00,0,0,0.00,0.00,0.00,1650.00,0.00
1314853494617240,20110801,1650.00,1650.00,0,0,0.00,0.00,0.00,1650.00,0.00
1314853494617240,20110802,1650.00,1650.00,0,0,0.00,0.00,0.00,1650.00,0.00
1314853494617240,20110803,1650.00,1650.00,0,0,0.00,0.00,0.00,1650.00,0.00
1314853494617240,20110806,1650.00,1650.00,0,0,0.00,0.00,0.00,1650.00,0.00
1314853494617240,20110807,1650.00,1650.00,0,0,0.00,0.00,0.00,1650.00,0.00
1314853494617240,20110808,1650.00,1650.00,0,0,0.00,0.00,0.00,1650.00,0.00
1314853494617240,20110809,1650.00,1650.00,0,0,0.00,0.00,0.00,1650.00,0.00
1314853494617240,20110810,1650.00,1650.00,0,0,0.00,0.00,0.00,1650.00,0.00
1314853494617240,20110813,1650.00,1650.00,0,0,0.00,0.00,0.00,1650.00,0.00
1314853494617240,20110814,1650.00,1650.00,0,0,0.00,0.00,0.00,1650.00,0.00
1314853494617240,20110815,1650.00,1650.00,0,0,0.00,0.00,0.00,1650.00,0.00
1314853494617240,20110816,1650.00,1650.00,0,0,0.00,0.00,0.00,1650.00,0.00
1314853494617240,20110817,1650.00,1650.00,0,0,0.00,0.00,0.00,1650.00,0.00
1314853494617240,20110820,1650.00,1650.00,0,0,0.00,0.00,0.00,1650.00,0.00
1314853494617240,20110821,1650.00,1650.00,0,0,0.00,0.00,0.00,1650.00,0.00
1314853494617240,20110823,1650.00,1650.00,0,0,0.00,0.00,0.00,1650.00,0.00
1314853494617240,20110824,1650.00,1650.00,0,0,0.00,0.00,0.00,1650.00,0.00
1314853494617240,20110827,1650.00,1650.00,0,0,0.00,0.00,0.00,1650.00,0.00
1314853494617240,20110828,1650.00,1650.00,0,0,0.00,0.00,0.00,1650.00,0.00
1314853494617240,20110829,1650.00,1650.00,0,0,0.00,0.00,0.00,1650.00,0.00
1314853494617240,20110830,1650.00,1650.00,0,0,0.00,0.00,0.00,1650.00,0.00
1314853494617240,20110831,1650.00,1650.00,0,0,0.00,0.00,0.00,1650.00,0.00
1314853494617240,20110903,1650.00,1650.00,0,0,0.00,0.00,0.00,1650.00,0.00
1314853494617240,20110904,1650.00,1650.00,0,0,0.00,0.00,0.00,1650.00,0.00
1314853494617240,20110905,1650.00,1650.00,0,0,0.00,0.00,0.00,1650.00,0.00
1314853494617240,20110906,1650.00,1650.00,0,0,0.00,0.00,0.00,1650.00,0.00
1314853494617240,20110907,1650.00,1650.00,0,0,0.00,0.00,0.00,1650.00,0.00
1314853494617240,20110910,1650.00,1650.00,0,0,0.00,0.00,0.00,1650.00,0.00
1314853494617240,20110911,1650.00,1650.00,0,0,0.00,0.00,0.00,1650.00,0.00
1314853494617240,20110912,1650.00,1650.00,0,0,0.00,0.00,0.00,1650.00,0.00
1314853494617240,20110913,1650.00,1650.00,0,0,0.00,0.00,0.00,1650.00,0.00
1314853494617240,20110914,1650.00,1650.00,0,0,0.00,0.00,0.00,1650.00,0.00
1314853494617240,20110917,1650.00,1650.00,0,0,0.00,0.00,0.00,1650.00,0.00
1314853494617240,20110918,1650.00,1650.00,0,0,0.00,0.00,0.00,1650.00,0.00
1314853494617240,20110919,1650.00,1650.00,0,0,0.00,0.00,0.00,1650.00,0.00
1314853494617240,20110920,1650.00,1650.00,0,0,0.00,0.00,0.00,1650.00,0.00
1314853494617240,20110921,1650.00,1650.00,0,0,0.00,0.00,0.00,1650.00,0.00
1314853494617240,20110925,1650.00,1650.00,0,0,0.00,0.00,0.00,1650.00,0.00
1314853494617240,20110926,1650.00,1650.00,0,0,0.00,0.00,0.00,1650.00,0.00
1314853494617240,20110927,1650.00,1650.00,0,0,0.00,0.00,0.00,1650.00,0.00
1314853494617240,20110928,1650.00,1650.00,0,0,0.00,0.00,0.00,1650.00,0.00
1314853494617240,20111001,1650.00,1650.00,0,0,0.00,0.00,0.00,1650.00,0.00
1314853494617240,20111002,1650.00,1650.00,0,0,0.00,0.00,0.00,1650.00,0.00
1314853494617240,20111003,1650.00,1650.00,0,0,0.00,0.00,0.00,1650.00,0.00
1314853494617240,20111004,1650.00,1650.00,0,0,0.00,0.00,0.00,1650.00,0.00
1314853494617240,20111005,1650.00,1650.00,0,0,0.00,0.00,0.00,1650.00,0.00
1314853494617240,20111008,1650.00,1650.00,0,0,0.00,0.00,0.00,1650.00,0.00
1314853494617240,20111009,1650.00,1650.00,0,0,0.00,0.00,0.00,1650.00,0.00
1314853494617240,20111010,1650.00,1650.00,0,0,0.00,0.00,0.00,1650.00,0.00
1314853494617240,20111011,1650.00,1650.00,0,0,0.00,0.00,0.00,1650.00,0.00
1314853494617240,20111012,1650.00,1650.00,0,0,0.00,0.00,0.00,1650.00,0.00
1314853494617240,20111015,1650.00,1650.00,0,0,0.00,0.00,0.00,1650.00,0.00
1314853494617240,20111016,1650.00,1650.00,0,0,0.00,0.00,0.00,1650.00,0.00
1314853494617240,20111017,1650.00,1650.00,0,0,0.00,0.00,0.00,1650.00,0.00
1314853494617240,20111018,1650.00,1650.00,0,0,0.00,0.00,0.00,1650.00,0.00
1314853494617240,20111019,1650.00,1650.00,0,0,0.00,0.00,0.00,1650.00,0.00
1314853494617240,20111022,1650.00,1650.00,0,0,0.00,0.00,0.00,1650.00,0.00
1314853494617240,20111023,1650.00,1650.00,0,0,0.00,0.00,0.00,1650.00,0.00
1314853494617240,20111024,1650.00,1650.00,0,0,0.00,0.00,0.00,1650.00,0.00
1314853494617240,20111025,1650.00,1650.00,0,0,0.00,0.00,0.00,1650.00,0.00
1314853494617240,20111026,1650.00,1650.00,0,0,0.00,0.00,0.00,1650.00,0.00
1314853494617240,20111029,1650.00,1650.00,0,0,0.00,0.00,0.00,1650.00,0.00
1314853494617240,20111030,1650.00,1650.00,0,0,0.00,0.00,0.00,1650.00,0.00
1314853494617240,20111031,1650.00,1650.00,0,0,0.00,0.00,0.00,1650.00,0.00
1314853494617240,20111101,1650.00,1650.00,0,0,0.00,0.00,0.00,1650.00,0.00
1314853494617240,20111102,1650.00,1650.00,0,0,0.00,0.00,0.00,1650.00,0.00
1314853494617240,20111105,1650.00,1650.00,0,0,0.00,0.00,0.00,1650.00,0.00
1314853494617240,20111106,1650.00,1650.00,0,0,0.00,0.00,0.00,1650.00,0.00
1314853494617240,20111108,1650.00,1650.00,0,0,0.00,0.00,0.00,1650.00,0.00
1314853494617240,20111109,1650.00,1650.00,0,0,0.00,0.00,0.00,1650.00,0.00
1314853494617240,20111112,1650.00,1650.00,0,0,0.00,0.00,0.00,1650.00,0.00
1314853494617240,20111113,1650.00,1650.00,0,0,0.00,0.00,0.00,1650.00,0.00
1314853494617240,20111114,1650.00,1650.00,0,0,0.00,0.00,0.00,1650.00,0.00
1314853494617240,20111116,1650.00,1650.00,0,0,0.00,0.00,0.00,1650.00,0.00
1314853494617240,20111119,1650.00,1650.00,0,0,0.00,0.00,0.00,1650.00,0.00
1314853494617240,20111120,1650.00,1650.00,0,0,0.00,0.00,0.00,1650.00,0.00
1314853494617240,20111121,1650.00,1650.00,0,0,0.00,0.00,0.00,1650.00,0.00
1314853494617240,20111122,1650.00,1650.00,0,0,0.00,0.00,0.00,1650.00,0.00
1314853494617240,20111123,1650.00,1650.00,0,0,0.00,0.00,0.00,1650.00,0.00
1314853494617240,20111126,1650.00,1650.00,0,0,0.00,0.00,0.00,1650.00,0.00
1314853494617240,20111127,1650.00,1650.00,0,0,0.00,0.00,0.00,1650.00,0.00
1314853494617240,20111128,1650.00,1650.00,0,0,0.00,0.00,0.00,1650.00,0.00
1314853494617240,20111129,1650.00,1650.00,0,0,0.00,0.00,0.00,1650.00,0.00
1314853494617240,20111130,1650.00,1650.00,0,0,0.00,0.00,0.00,1650.00,0.00
1314853494617240,20111203,1650.00,1650.00,0,0,0.00,0.00,0.00,1650.00,0.00
1314853494617240,20111204,1650.00,1650.00,0,0,0.00,0.00,0.00,1650.00,0.00
1314853494617240,20111207,1650.00,1650.00,0,0,0.00,0.00,0.00,1650.00,0.00
1314853494617240,20111210,1650.00,1650.00,0,0,0.00,0.00,0.00,1650.00,0.00
1314853494617240,20111211,1650.00,1650.00,0,0,0.00,0.00,0.00,1650.00,0.00
1314853494617240,20111212,1650.00,1650.00,0,0,0.00,0.00,0.00,1650.00,0.00
1314853494617240,20111213,1650.00,1650.00,0,0,0.00,0.00,0.00,1650.00,0.00
1314853494617240,20111214,1650.00,1650.00,0,0,0.00,0.00,0.00,1650.00,0.00
1314853494617240,20111217,1650.00,1650.00,0,0,0.00,0.00,0.00,1650.00,0.00
1314853494617240,20111218,1650.00,1650.00,0,0,0.00,0.00,0.00,1650.00,0.00
1314853494617240,20111219,1650.00,1650.00,0,0,0.00,0.00,0.00,1650.00,0.00
1314853494617240,20111220,1650.00,1650.00,0,0,0.00,0.00,0.00,1650.00,0.00
1314853494617240,20111221,1650.00,1650.00,0,0,0.00,0.00,0.00,1650.00,0.00
1314853494617240,20111224,1650.00,1650.00,0,0,0.00,0.00,0.00,1650.00,0.00
1314853494617240,20111225,1650.00,1650.00,0,0,0.00,0.00,0.00,1650.00,0.00
1314853494617240,20111226,1650.00,1650.00,0,0,0.00,0.00,0.00,1650.00,0.00
1314853494617240,20111227,1650.00,1650.00,0,0,0.00,0.00,0.00,1650.00,0.00
1314853494617240,20111228,1650.00,1650.00,0,0,0.00,0.00,0.00,1650.00,0.00
1314853494617240,20111231,1650.00,1650.00,0,0,0.00,0.00,0.00,1650.00,0.00
1314853494617240,20120101,1650.00,1650.00,0,0,0.00,0.00,0.00,1650.00,0.00
1314853494617240,20120102,1650.00,1650.00,0,0,0.00,0.00,0.00,1650.00,0.00
1314853494617240,20120103,1650.00,1650.00,0,0,0.00,0.00,0.00,1650.00,0.00
1314853494617240,20120104,1650.00,1650.00,0,0,0.00,0.00,0.00,1650.00,0.00
1314853494617240,20120107,1650.00,1650.00,0,0,0.00,0.00,0.00,1650.00,0.00
1314853494617240,20120108,1650.00,1650.00,0,0,0.00,0.00,0.00,1650.00,0.00
1314853494617240,20120109,1650.00,1650.00,0,0,0.00,0.00,0.00,1650.00,0.00
1314853494617240,20120110,1650.00,1650.00,0,0,0.00,0.00,0.00,1650.00,0.00
1314853494617240,20120111,1650.00,1650.00,0,0,0.00,0.00,0.00,1650.00,0.00
1314853494617240,20120115,1650.00,1650.00,0,0,0.00,0.00,0.00,1650.00,0.00
1314853494617240,20120116,1650.00,1650.00,0,0,0.00,0.00,0.00,1650.00,0.00
1314853494617240,20120117,1650.00,1650.00,0,0,0.00,0.00,0.00,1650.00,0.00
1314853494617240,20120118,1650.00,1650.00,0,0,0.00,0.00,0.00,1650.00,0.00
1314853494617240,20120121,1650.00,1650.00,0,0,0.00,0.00,0.00,1650.00,0.00
1314853494617240,20120123,1650.00,1650.00,0,0,0.00,0.00,0.00,1650.00,0.00
1314853494617240,20120125,1650.00,1650.00,0,0,0.00,0.00,0.00,1650.00,0.00
1314853494617240,20120128,1650.00,1650.00,0,0,0.00,0.00,0.00,1650.00,0.00
1314853494617240,20120129,1650.00,1650.00,0,0,0.00,0.00,0.00,1650.00,0.00
1314853494617240,20120130,1650.00,1650.00,0,0,0.00,0.00,0.00,1650.00,0.00
1314853494617240,20120131,1650.00,1650.00,0,0,0.00,0.00,0.00,1650.00,0.00
1314853494617240,20120201,1650.00,1650.00,0,0,0.00,0.00,0.00,1650.00,0.00
1314853494617240,20120204,1650.00,1650.00,0,0,0.00,0.00,0.00,1650.00,0.00
1314853494617240,20120205,1650.00,1650.00,0,0,0.00,0.00,0.00,1650.00,0.00
1314853494617240,20120206,1650.00,1650.00,0,0,0.00,0.00,0.00,1650.00,0.00
1314853494617240,20120207,1650.00,1650.00,0,0,0.00,0.00,0.00,1650.00,0.00
1314853494617240,20120208,1650.00,1650.00,0,0,0.00,0.00,0.00,1650.00,0.00
1314853494617240,20120212,1650.00,1650.00,0,0,0.00,0.00,0.00,1650.00,0.00
1314853494617240,20120213,1650.00,1650.00,0,0,0.00,0.00,0.00,1650.00,0.00
1314853494617240,20120214,1650.00,1650.00,0,0,0.00,0.00,0.00,1650.00,0.00
1314853494617240,20120215,1650.00,1650.00,0,0,0.00,0.00,0.00,1650.00,0.00
1314853494617240,20120218,1650.00,1650.00,0,0,0.00,0.00,0.00,1650.00,0.00
1314853494617240,20120219,1650.00,1650.00,0,0,0.00,0.00,0.00,1650.00,0.00
1314853494617240,20120220,1650.00,1650.00,0,0,0.00,0.00,0.00,1650.00,0.00
1314853494617240,20120221,1650.00,1650.00,0,0,0.00,0.00,0.00,1650.00,0.00
1314853494617240,20120222,1650.00,1650.00,0,0,0.00,0.00,0.00,1650.00,0.00
1314853494617240,20120225,1650.00,1650.00,0,0,0.00,0.00,0.00,1650.00,0.00
1314853494617240,20120226,1650.00,1650.00,0,0,0.00,0.00,0.00,1650.00,0.00
1314853494617240,20120227,1650.00,1650.00,0,0,0.00,0.00,0.00,1650.00,0.00
1314853494617240,20120228,1650.00,1650.00,0,0,0.00,0.00,0.00,1650.00,0.00
1314853494617240,20120229,1650.00,1650.00,0,0,0.00,0.00,0.00,1650.00,0.00
1314853494617240,20120303,1650.00,1650.00,0,0,0.00,0.00,0.00,1650.00,0.00
1314853494617240,20120304,1650.00,1650.00,0,0,0.00,0.00,0.00,1650.00,0.00
1314853494617240,20120305,1650.00,1650.00,0,0,0.00,0.00,0.00,1650.00,0.00
1314853494617240,20120306,1650.00,1650.00,0,0,0.00,0.00,0.00,1650.00,0.00
1314853494617240,20120307,1650.00,1650.00,0,0,0.00,0.00,0.00,1650.00,0.00
1314853494617240,20120310,1650.00,1650.00,0,0,0.00,0.00,0.00,1650.00,0.00
1314853494617240,20120311,1650.00,1650.00,0,0,0.00,0.00,0.00,1650.00,0.00
1314853494617240,20120312,1650.00,1650.00,0,0,0.00,0.00,0.00,1650.00,0.00
1314853494617240,20120313,1650.00,1650.00,0,0,0.00,0.00,0.00,1650.00,0.00
1314853494617240,20120314,1650.00,1650.00,0,0,0.00,0.00,0.00,1650.00,0.00
1314853494617240,20120317,1650.00,1650.00,0,0,0.00,0.00,0.00,1650.00,0.00
1314853494617240,20120318,1650.00,1650.00,0,0,0.00,0.00,0.00,1650.00,0.00
1314853494617240,20120324,1650.00,1650.00,0,0,0.00,0.00,0.00,1650.00,0.00
1314853494617240,20120325,1650.00,1650.00,0,0,0.00,0.00,0.00,1650.00,0.00
1314853494617240,20120326,1650.00,1650.00,0,0,0.00,0.00,0.00,1650.00,0.00
1314853494617240,20120327,1650.00,1650.00,0,0,0.00,0.00,0.00,1650.00,0.00
1314853494617240,20120328,1650.00,1650.00,0,0,0.00,0.00,0.00,1650.00,0.00
1314853494617240,20120402,1650.00,1650.00,0,0,0.00,0.00,0.00,1650.00,0.00
1314853494617240,20120403,1650.00,1650.00,0,0,0.00,0.00,0.00,1650.00,0.00
1314853494617240,20120404,1650.00,1650.00,0,0,0.00,0.00,0.00,1650.00,0.00
1314853494617240,20120407,1650.00,1650.00,0,0,0.00,0.00,0.00,1650.00,0.00
1314853494617240,20120408,1650.00,1650.00,0,0,0.00,0.00,0.00,1650.00,0.00
1314853494617240,20120409,1650.00,1650.00,0,0,0.00,0.00,0.00,1650.00,0.00
1314853494617240,20120410,1650.00,1650.00,0,0,0.00,0.00,0.00,1650.00,0.00
1314853494617240,20120411,1650.00,1650.00,0,0,0.00,0.00,0.00,1650.00,0.00
1314853494617240,20120414,1650.00,1650.00,0,0,0.00,0.00,0.00,1650.00,0.00
1314853494617240,20120415,1650.00,1650.00,0,0,0.00,0.00,0.00,1650.00,0.00
1314853494617240,20120416,1650.00,1650.00,0,0,0.00,0.00,0.00,1650.00,0.00
1314853494617240,20120417,1650.00,1650.00,0,0,0.00,0.00,0.00,1650.00,0.00
1314853494617240,20120418,1650.00,1650.00,0,0,0.00,0.00,0.00,1650.00,0.00
1314853494617240,20120421,1650.00,1650.00,0,0,0.00,0.00,0.00,1650.00,0.00
1314853494617240,20120422,1650.00,1650.00,0,0,0.00,0.00,0.00,1650.00,0.00
1314853494617240,20120423,1650.00,1650.00,0,0,0.00,0.00,0.00,1650.00,0.00
1314853494617240,20120424,1650.00,1650.00,0,0,0.00,0.00,0.00,1650.00,0.00
1314853494617240,20120428,1650.00,1650.00,0,0,0.00,0.00,0.00,1650.00,0.00
1314853494617240,20120429,1650.00,1650.00,0,0,0.00,0.00,0.00,1650.00,0.00
1314853494617240,20120430,1650.00,1650.00,0,0,0.00,0.00,0.00,1650.00,0.00
1314853494617240,20120501,1650.00,1650.00,0,0,0.00,0.00,0.00,1650.00,0.00
1314853494617240,20120502,1650.00,1650.00,0,0,0.00,0.00,0.00,1650.00,0.00
1314853494617240,20120505,1650.00,1650.00,0,0,0.00,0.00,0.00,1650.00,0.00
1314853494617240,20120506,1650.00,1650.00,0,0,0.00,0.00,0.00,1650.00,0.00
1314853494617240,20120507,1650.00,1650.00,0,0,0.00,0.00,0.00,1650.00,0.00
1314853494617240,20120508,1650.00,1650.00,0,0,0.00,0.00,0.00,1650.00,0.00
1314853494617240,20120509,1650.00,1650.00,0,0,0.00,0.00,0.00,1650.00,0.00
1314853494617240,20120512,1650.00,1650.00,0,0,0.00,0.00,0.00,1650.00,0.00
1314853494617240,20120513,1650.00,1650.00,0,0,0.00,0.00,0.00,1650.00,0.00
1314853494617240,20120514,1650.00,1650.00,0,0,0.00,0.00,0.00,1650.00,0.00
1314853494617240,20120515,1650.00,1650.00,0,0,0.00,0.00,0.00,1650.00,0.00
1314853494617240,20120516,1650.00,1650.00,0,0,0.00,0.00,0.00,1650.00,0.00
1314853494617240,20120519,1650.00,1650.00,0,0,0.00,0.00,0.00,1650.00,0.00
1314853494617240,20120520,1650.00,1650.00,0,0,0.00,0.00,0.00,1650.00,0.00
1314853494617240,20120521,1650.00,1650.00,0,0,0.00,0.00,0.00,1650.00,0.00
1314853494617240,20120522,1650.00,1650.00,0,0,0.00,0.00,0.00,1650.00,0.00
1314853494617240,20120523,1650.00,1650.00,0,0,0.00,0.00,0.00,1650.00,0.00
1314853494617240,20120526,1650.00,1650.00,0,0,0.00,0.00,0.00,1650.00,0.00
1314853494617240,20120527,1650.00,1650.00,0,0,0.00,0.00,0.00,1650.00,0.00
1314853494617240,20120528,1650.00,1650.00,0,0,0.00,0.00,0.00,1650.00,0.00
1314853494617240,20120529,1650.00,1650.00,0,0,0.00,0.00,0.00,1650.00,0.00
1314853494617240,20120530,1650.00,1650.00,0,0,0.00,0.00,0.00,1650.00,0.00
1314853494617240,20120602,1650.00,1650.00,0,0,0.00,0.00,0.00,1650.00,0.00
1314853494617240,20120605,1650.00,1650.00,0,0,0.00,0.00,0.00,1650.00,0.00
1314853494617240,20120606,1650.00,1650.00,0,0,0.00,0.00,0.00,1650.00,0.00
1314853494617240,20120609,1650.00,1650.00,0,0,0.00,0.00,0.00,1650.00,0.00
1314853494617240,20120610,1650.00,1650.00,0,0,0.00,0.00,0.00,1650.00,0.00
1314853494617240,20120611,1650.00,1650.00,0,0,0.00,0.00,0.00,1650.00,0.00
1314853494617240,20120612,1650.00,1650.00,0,0,0.00,0.00,0.00,1650.00,0.00
1314853494617240,20120613,1650.00,1650.00,0,0,0.00,0.00,0.00,1650.00,0.00
1314853494617240,20120616,1650.00,1650.00,0,0,0.00,0.00,0.00,1650.00,0.00
1314853494617240,20120617,1650.00,1650.00,0,0,0.00,0.00,0.00,1650.00,0.00
1314853494617240,20120619,1650.00,1650.00,0,0,0.00,0.00,0.00,1650.00,0.00
1314853494617240,20120620,1650.00,1650.00,0,0,0.00,0.00,0.00,1650.00,0.00
1314853494617240,20120623,1650.00,1650.00,0,0,0.00,0.00,0.00,1650.00,0.00
1314853494617240,20120624,1650.00,1650.00,0,0,0.00,0.00,0.00,1650.00,0.00
1314853494617240,20120625,1650.00,1650.00,0,0,0.00,0.00,0.00,1650.00,0.00
1314853494617240,20120626,1650.00,1650.00,0,0,0.00,0.00,0.00,1650.00,0.00
1314853494617240,20120627,1650.00,1650.00,0,0,0.00,0.00,0.00,1650.00,0.00
1314853494617240,20120630,1650.00,1650.00,0,0,0.00,0.00,0.00,1650.00,0.00
1314853494617240,20120701,1650.00,1650.00,0,0,0.00,0.00,0.00,1650.00,0.00
1314853494617240,20120702,1650.00,1650.00,0,0,0.00,0.00,0.00,1650.00,0.00
1314853494617240,20120703,1650.00,1650.00,0,0,0.00,0.00,0.00,1650.00,0.00
1314853494617240,20120704,1650.00,1650.00,0,0,0.00,0.00,0.00,1650.00,0.00
1314853494617240,20120707,1650.00,1650.00,0,0,0.00,0.00,0.00,1650.00,0.00
1314853494617240,20120708,1650.00,1650.00,0,0,0.00,0.00,0.00,1650.00,0.00
1314853494617240,20120709,1650.00,1650.00,0,0,0.00,0.00,0.00,1650.00,0.00
1314853494617240,20120710,1650.00,1650.00,0,0,0.00,0.00,0.00,1650.00,0.00
1314853494617240,20120711,1650.00,1650.00,0,0,0.00,0.00,0.00,1650.00,0.00
1314853494617240,20120714,1650.00,1650.00,0,0,0.00,0.00,0.00,1650.00,0.00
1314853494617240,20120715,1650.00,1650.00,0,0,0.00,0.00,0.00,1650.00,0.00
1314853494617240,20120716,1650.00,1650.00,0,0,0.00,0.00,0.00,1650.00,0.00
1314853494617240,20120717,1650.00,1650.00,0,0,0.00,0.00,0.00,1650.00,0.00
1314853494617240,20120718,1650.00,1650.00,0,0,0.00,0.00,0.00,1650.00,0.00
1314853494617240,20120721,1650.00,1650.00,0,0,0.00,0.00,0.00,1650.00,0.00
1314853494617240,20120722,1650.00,1650.00,0,0,0.00,0.00,0.00,1650.00,0.00
1314853494617240,20120723,1650.00,1650.00,0,0,0.00,0.00,0.00,1650.00,0.00
1314853494617240,20120724,1650.00,1650.00,0,0,0.00,0.00,0.00,1650.00,0.00
1314853494617240,20120725,1650.00,1650.00,0,0,0.00,0.00,0.00,1650.00,0.00
1314853494617240,20120728,1650.00,1650.00,0,0,0.00,0.00,0.00,1650.00,0.00
1314853494617240,20120729,1650.00,1650.00,0,0,0.00,0.00,0.00,1650.00,0.00
1314853494617240,20120730,1650.00,1650.00,0,0,0.00,0.00,0.00,1650.00,0.00
1314853494617240,20120731,1650.00,1650.00,0,0,0.00,0.00,0.00,1650.00,0.00
1314853494617240,20120801,1650.00,1650.00,0,0,0.00,0.00,0.00,1650.00,0.00
1314853494617240,20120804,1650.00,1650.00,0,0,0.00,0.00,0.00,1650.00,0.00
1314853494617240,20120805,1650.00,1650.00,0,0,0.00,0.00,0.00,1650.00,0.00
1314853494617240,20120806,1650.00,1650.00,0,0,0.00,0.00,0.00,1650.00,0.00
1314853494617240,20120807,1650.00,1650.00,0,0,0.00,0.00,0.00,1650.00,0.00
1314853494617240,20120808,1650.00,1650.00,0,0,0.00,0.00,0.00,1650.00,0.00
1314853494617240,20120811,1650.00,1650.00,0,0,0.00,0.00,0.00,1650.00,0.00
1314853494617240,20120812,1650.00,1650.00,0,0,0.00,0.00,0.00,1650.00,0.00
1314853494617240,20120813,1650.00,1650.00,0,0,0.00,0.00,0.00,1650.00,0.00
1314853494617240,20120814,1650.00,1650.00,0,0,0.00,0.00,0.00,1650.00,0.00
1314853494617240,20120815,1650.00,1650.00,0,0,0.00,0.00,0.00,1650.00,0.00
1314853494617240,20120818,1650.00,1650.00,0,0,0.00,0.00,0.00,1650.00,0.00
1314853494617240,20120821,1650.00,1650.00,0,0,0.00,0.00,0.00,1650.00,0.00
1314853494617240,20120822,1650.00,1650.00,0,0,0.00,0.00,0.00,1650.00,0.00
1314853494617240,20120825,1650.00,1650.00,0,0,0.00,0.00,0.00,1650.00,0.00
1314853494617240,20120826,1650.00,1650.00,0,0,0.00,0.00,0.00,1650.00,0.00
1314853494617240,20120827,1650.00,1650.00,0,0,0.00,0.00,0.00,1650.00,0.00
1314853494617240,20120902,1650.00,1650.00,0,0,0.00,0.00,0.00,1650.00,0.00
1314853494617240,20120903,1650.00,1650.00,0,0,0.00,0.00,0.00,1650.00,0.00
1314853494617240,20120904,1650.00,1650.00,0,0,0.00,0.00,0.00,1650.00,0.00
1314853494617240,20120905,1650.00,1650.00,0,0,0.00,0.00,0.00,1650.00,0.00
1314853494617240,20120908,1650.00,1650.00,0,0,0.00,0.00,0.00,1650.00,0.00
1314853494617240,20120909,1650.00,1650.00,0,0,0.00,0.00,0.00,1650.00,0.00
1314853494617240,20120910,1650.00,1650.00,0,0,0.00,0.00,0.00,1650.00,0.00
1314853494617240,20120911,1650.00,1650.00,0,0,0.00,0.00,0.00,1650.00,0.00
1314853494617240,20120915,1650.00,1650.00,0,0,0.00,0.00,0.00,1650.00,0.00
1314853494617240,20120916,1650.00,1650.00,0,0,0.00,0.00,0.00,1650.00,0.00
1314853494617240,20120917,1650.00,1650.00,0,0,0.00,0.00,0.00,1650.00,0.00
1314853494617240,20120918,1650.00,1650.00,0,0,0.00,0.00,0.00,1650.00,0.00
1314853494617240,20120919,1650.00,1650.00,0,0,0.00,0.00,0.00,1650.00,0.00
1314853494617240,20120922,1650.00,1650.00,0,0,0.00,0.00,0.00,1650.00,0.00
1314853494617240,20120923,1650.00,1650.00,0,0,0.00,0.00,0.00,1650.00,0.00
1314853494617240,20120924,1650.00,1650.00,0,0,0.00,0.00,0.00,1650.00,0.00
1314853494617240,20120925,1650.00,1650.00,0,0,0.00,0.00,0.00,1650.00,0.00
1314853494617240,20120926,1650.00,1650.00,0,0,0.00,0.00,0.00,1650.00,0.00
1314853494617240,20120929,1650.00,1650.00,0,0,0.00,0.00,0.00,1650.00,0.00
1314853494617240,20120930,1650.00,1650.00,0,0,0.00,0.00,0.00,1650.00,0.00
1314853494617240,20121001,1650.00,1650.00,0,0,0.00,0.00,0.00,1650.00,0.00
1314853494617240,20121002,1650.00,1650.00,0,0,0.00,0.00,0.00,1650.00,0.00
1314853494617240,20121003,1650.00,1650.00,0,0,0.00,0.00,0.00,1650.00,0.00
1314853494617240,20121006,1650.00,1650.00,0,0,0.00,0.00,0.00,1650.00,0.00
1314853494617240,20121007,1650.00,1650.00,0,0,0.00,0.00,0.00,1650.00,0.00
1314853494617240,20121008,1650.00,1650.00,0,0,0.00,0.00,0.00,1650.00,0.00
1314853494617240,20121009,1650.00,1650.00,0,0,0.00,0.00,0.00,1650.00,0.00
1314853494617240,20121010,1650.00,1650.00,0,0,0.00,0.00,0.00,1650.00,0.00
1314853494617240,20121013,1650.00,1650.00,0,0,0.00,0.00,0.00,1650.00,0.00
1314853494617240,20121014,1650.00,1650.00,0,0,0.00,0.00,0.00,1650.00,0.00
1314853494617240,20121015,1650.00,1650.00,0,0,0.00,0.00,0.00,1650.00,0.00
1314853494617240,20121016,1650.00,1650.00,0,0,0.00,0.00,0.00,1650.00,0.00
1314853494617240,20121017,1650.00,1650.00,0,0,0.00,0.00,0.00,1650.00,0.00
1314853494617240,20121020,1650.00,1650.00,0,0,0.00,0.00,0.00,1650.00,0.00
1314853494617240,20121021,1650.00,1650.00,0,0,0.00,0.00,0.00,1650.00,0.00
1314853494617240,20121022,1650.00,1650.00,0,0,0.00,0.00,0.00,1650.00,0.00
1314853494617240,20121023,1650.00,1650.00,0,0,0.00,0.00,0.00,1650.00,0.00
1314853494617240,20121024,1650.00,1650.00,0,0,0.00,0.00,0.00,1650.00,0.00
1314853494617240,20121027,1650.00,1650.00,0,0,0.00,0.00,0.00,1650.00,0.00
1314853494617240,20121028,1650.00,1650.00,0,0,0.00,0.00,0.00,1650.00,0.00
1314853494617240,20121029,1650.00,1650.00,0,0,0.00,0.00,0.00,1650.00,0.00
1314853494617240,20121030,1650.00,1650.00,0,0,0.00,0.00,0.00,1650.00,0.00
1314853494617240,20121031,1650.00,1650.00,0,0,0.00,0.00,0.00,1650.00,0.00
1314853494617240,20121104,1650.00,1650.00,0,0,0.00,0.00,0.00,1650.00,0.00
1314853494617240,20121105,1650.00,1650.00,0,0,0.00,0.00,0.00,1650.00,0.00
1314853494617240,20121106,1650.00,1650.00,0,0,0.00,0.00,0.00,1650.00,0.00
1314853494617240,20121107,1650.00,1650.00,0,0,0.00,0.00,0.00,1650.00,0.00
1314853494617240,20121110,1650.00,1650.00,0,0,0.00,0.00,0.00,1650.00,0.00
1314853494617240,20121111,1650.00,1650.00,0,0,0.00,0.00,0.00,1650.00,0.00
1314853494617240,20121112,1650.00,1650.00,0,0,0.00,0.00,0.00,1650.00,0.00
1314853494617240,20121113,1650.00,1650.00,0,0,0.00,0.00,0.00,1650.00,0.00
1314853494617240,20121114,1650.00,1650.00,0,0,0.00,0.00,0.00,1650.00,0.00
1314853494617240,20121117,1650.00,1650.00,0,0,0.00,0.00,0.00,1650.00,0.00
1314853494617240,20121118,1650.00,1650.00,0,0,0.00,0.00,0.00,1650.00,0.00
1314853494617240,20121119,1650.00,1650.00,0,0,0.00,0.00,0.00,1650.00,0.00
1314853494617240,20121120,1650.00,1650.00,0,0,0.00,0.00,0.00,1650.00,0.00
1314853494617240,20121121,1650.00,1650.00,0,0,0.00,0.00,0.00,1650.00,0.00
1314853494617240,20121126,1650.00,1650.00,0,0,0.00,0.00,0.00,1650.00,0.00
1314853494617240,20121127,1650.00,1650.00,0,0,0.00,0.00,0.00,1650.00,0.00
1314853494617240,20121128,1650.00,1650.00,0,0,0.00,0.00,0.00,1650.00,0.00
1314853494617240,20121201,1650.00,1650.00,0,0,0.00,0.00,0.00,1650.00,0.00
1314853494617240,20121202,1650.00,1650.00,0,0,0.00,0.00,0.00,1650.00,0.00
1314853494617240,20121203,1650.00,1650.00,0,0,0.00,0.00,0.00,1650.00,0.00
1314853494617240,20121204,1650.00,1650.00,0,0,0.00,0.00,0.00,1650.00,0.00
1314853494617240,20121205,1650.00,1650.00,0,0,0.00,0.00,0.00,1650.00,0.00
1314853494617240,20121208,1650.00,1650.00,0,0,0.00,0.00,0.00,1650.00,0.00
1314853494617240,20121209,1650.00,1650.00,0,0,0.00,0.00,0.00,1650.00,0.00
1314853494617240,20121210,1650.00,1650.00,0,0,0.00,0.00,0.00,1650.00,0.00
1314853494617240,20121211,1650.00,1650.00,0,0,0.00,0.00,0.00,1650.00,0.00
1314853494617240,20121212,1650.00,1650.00,0,0,0.00,0.00,0.00,1650.00,0.00
1314853494617240,20121215,1650.00,1650.00,0,0,0.00,0.00,0.00,1650.00,0.00
1314853494617240,20121216,1650.00,1650.00,0,0,0.00,0.00,0.00,1650.00,0.00
1314853494617240,20121217,1650.00,1650.00,0,0,0.00,0.00,0.00,1650.00,0.00
1314853494617240,20121218,1650.00,1650.00,0,0,0.00,0.00,0.00,1650.00,0.00
1314853494617240,20121219,1650.00,1650.00,0,0,0.00,0.00,0.00,1650.00,0.00
1314853494617240,20121222,1650.00,1650.00,0,0,0.00,0.00,0.00,1650.00,0.00
1314853494617240,20121223,1650.00,1650.00,0,0,0.00,0.00,0.00,1650.00,0.00
1314853494617240,20121224,1650.00,1650.00,0,0,0.00,0.00,0.00,1650.00,0.00
1314853494617240,20121225,1650.00,1650.00,0,0,0.00,0.00,0.00,1650.00,0.00
1314853494617240,20121226,1650.00,1650.00,0,0,0.00,0.00,0.00,1650.00,0.00
1314853494617240,20121229,1650.00,1650.00,0,0,0.00,0.00,0.00,1650.00,0.00
1314853494617240,20121230,1650.00,1650.00,0,0,0.00,0.00,0.00,1650.00,0.00
1314853494617240,20121231,1650.00,1650.00,0,0,0.00,0.00,0.00,1650.00,0.00
1314853494617240,20130101,1650.00,1650.00,0,0,0.00,0.00,0.00,1650.00,0.00
1314853494617240,20130102,1650.00,1650.00,0,0,0.00,0.00,0.00,1650.00,0.00
1314853494617240,20130106,1650.00,1650.00,0,0,0.00,0.00,0.00,1650.00,0.00
1314853494617240,20130107,1650.00,1650.00,0,0,0.00,0.00,0.00,1650.00,0.00
1314853494617240,20130108,1650.00,1650.00,0,0,0.00,0.00,0.00,1650.00,0.00
1314853494617240,20130109,1650.00,1650.00,0,0,0.00,0.00,0.00,1650.00,0.00
1314853494617240,20130113,1650.00,1650.00,0,0,0.00,0.00,0.00,1650.00,0.00
1314853494617240,20130114,1650.00,1650.00,0,0,0.00,0.00,0.00,1650.00,0.00
1314853494617240,20130115,1650.00,1650.00,0,0,0.00,0.00,0.00,1650.00,0.00
1314853494617240,20130116,1650.00,1650.00,0,0,0.00,0.00,0.00,1650.00,0.00
1314853494617240,20130119,1650.00,1650.00,0,0,0.00,0.00,0.00,1650.00,0.00
1314853494617240,20130120,1650.00,1650.00,0,0,0.00,0.00,0.00,1650.00,0.00
1314853494617240,20130121,1650.00,1650.00,0,0,0.00,0.00,0.00,1650.00,0.00
1314853494617240,20130122,1650.00,1650.00,0,0,0.00,0.00,0.00,1650.00,0.00
1314853494617240,20130123,1650.00,1650.00,0,0,0.00,0.00,0.00,1650.00,0.00
1314853494617240,20130126,1650.00,1650.00,0,0,0.00,0.00,0.00,1650.00,0.00
1314853494617240,20130127,1650.00,1650.00,0,0,0.00,0.00,0.00,1650.00,0.00
1314853494617240,20130128,1650.00,1650.00,0,0,0.00,0.00,0.00,1650.00,0.00
1314853494617240,20130130,1650.00,1650.00,0,0,0.00,0.00,0.00,1650.00,0.00
1314853494617240,20130202,1650.00,1650.00,0,0,0.00,0.00,0.00,1650.00,0.00
1314853494617240,20130203,1650.00,1650.00,0,0,0.00,0.00,0.00,1650.00,0.00
1314853494617240,20130204,1650.00,1650.00,0,0,0.00,0.00,0.00,1650.00,0.00
1314853494617240,20130205,1650.00,1650.00,0,0,0.00,0.00,0.00,1650.00,0.00
1314853494617240,20130206,1650.00,1650.00,0,0,0.00,0.00,0.00,1650.00,0.00
1314853494617240,20130209,1650.00,1650.00,0,0,0.00,0.00,0.00,1650.00,0.00
1314853494617240,20130211,1650.00,1650.00,0,0,0.00,0.00,0.00,1650.00,0.00
1314853494617240,20130212,1650.00,1650.00,0,0,0.00,0.00,0.00,1650.00,0.00
1314853494617240,20130213,1650.00,1650.00,0,0,0.00,0.00,0.00,1650.00,0.00
1314853494617240,20130216,1650.00,1650.00,0,0,0.00,0.00,0.00,1650.00,0.00
1314853494617240,20130217,1650.00,1650.00,0,0,0.00,0.00,0.00,1650.00,0.00
1314853494617240,20130218,1650.00,1650.00,0,0,0.00,0.00,0.00,1650.00,0.00
1314853494617240,20130219,1650.00,1650.00,0,0,0.00,0.00,0.00,1650.00,0.00
1314853494617240,20130220,1650.00,1650.00,0,0,0.00,0.00,0.00,1650.00,0.00
1314853494617240,20130223,1650.00,1650.00,0,0,0.00,0.00,0.00,1650.00,0.00
1314853494617240,20130224,1650.00,1650.00,0,0,0.00,0.00,0.00,1650.00,0.00
1314853494617240,20130225,1650.00,1650.00,0,0,0.00,0.00,0.00,1650.00,0.00
1314853494617240,20130226,1650.00,1650.00,0,0,0.00,0.00,0.00,1650.00,0.00
1314853494617240,20130227,1650.00,1650.00,0,0,0.00,0.00,0.00,1650.00,0.00
1314853494617240,20130302,1650.00,1650.00,0,0,0.00,0.00,0.00,1650.00,0.00
1314853494617240,20130303,1650.00,1650.00,0,0,0.00,0.00,0.00,1650.00,0.00
1314853494617240,20130304,1650.00,1650.00,0,0,0.00,0.00,0.00,1650.00,0.00
1314853494617240,20130305,1650.00,1650.00,0,0,0.00,0.00,0.00,1650.00,0.00
1314853494617240,20130306,1650.00,1650.00,0,0,0.00,0.00,0.00,1650.00,0.00
1314853494617240,20130309,1650.00,1650.00,0,0,0.00,0.00,0.00,1650.00,0.00
1314853494617240,20130310,1650.00,1650.00,0,0,0.00,0.00,0.00,1650.00,0.00
1314853494617240,20130311,1650.00,1650.00,0,0,0.00,0.00,0.00,1650.00,0.00
1314853494617240,20130312,1650.00,1650.00,0,0,0.00,0.00,0.00,1650.00,0.00
1314853494617240,20130313,1650.00,1650.00,0,0,0.00,0.00,0.00,1650.00,0.00
1314853494617240,20130316,1650.00,1650.00,0,0,0.00,0.00,0.00,1650.00,0.00
1314853494617240,20130317,1650.00,1650.00,0,0,0.00,0.00,0.00,1650.00,0.00
1314853494617240,20130318,1650.00,1650.00,0,0,0.00,0.00,0.00,1650.00,0.00
1314853494617240,20130325,1650.00,1650.00,0,0,0.00,0.00,0.00,1650.00,0.00
1314853494617240,20130326,1650.00,1650.00,0,0,0.00,0.00,0.00,1650.00,0.00
1314853494617240,20130327,1650.00,1650.00,0,0,0.00,0.00,0.00,1650.00,0.00
1314853494617240,20130330,1650.00,1650.00,0,0,0.00,0.00,0.00,1650.00,0.00
1314853494617240,20130331,1650.00,1650.00,0,0,0.00,0.00,0.00,1650.00,0.00
1314853494617240,20130403,1650.00,1650.00,0,0,0.00,0.00,0.00,1650.00,0.00
1314853494617240,20130406,1650.00,1650.00,0,0,0.00,0.00,0.00,1650.00,0.00
1314853494617240,20130407,1650.00,1650.00,0,0,0.00,0.00,0.00,1650.00,0.00
1314853494617240,20130408,1650.00,1650.00,0,0,0.00,0.00,0.00,1650.00,0.00
1314853494617240,20130409,1650.00,1650.00,0,0,0.00,0.00,0.00,1650.00,0.00
1314853494617240,20130410,1650.00,1650.00,0,0,0.00,0.00,0.00,1650.00,0.00
1314853494617240,20130413,1650.00,1650.00,0,0,0.00,0.00,0.00,1650.00,0.00
1314853494617240,20130415,1650.00,1650.00,0,0,0.00,0.00,0.00,1650.00,0.00
1314853494617240,20130416,1650.00,1650.00,0,0,0.00,0.00,0.00,1650.00,0.00
1314853494617240,20130417,1650.00,1650.00,0,0,0.00,0.00,0.00,1650.00,0.00
1314853494617240,20130420,1650.00,1650.00,0,0,0.00,0.00,0.00,1650.00,0.00
1314853494617240,20130421,1650.00,1650.00,0,0,0.00,0.00,0.00,1650.00,0.00
1314853494617240,20130422,1650.00,1650.00,0,0,0.00,0.00,0.00,1650.00,0.00
1314853494617240,20130423,1650.00,1650.00,0,0,0.00,0.00,0.00,1650.00,0.00
1314853494617240,20130424,1650.00,1650.00,0,0,0.00,0.00,0.00,1650.00,0.00
1314853494617240,20130427,1650.00,1650.00,0,0,0.00,0.00,0.00,1650.00,0.00
1314853494617240,20130428,1650.00,1650.00,0,0,0.00,0.00,0.00,1650.00,0.00
1314853494617240,20130429,1650.00,1650.00,0,0,0.00,0.00,0.00,1650.00,0.00
1314853494617240,20130430,1650.00,1650.00,0,0,0.00,0.00,0.00,1650.00,0.00
1314853494617240,20130501,1650.00,1650.00,0,0,0.00,0.00,0.00,1650.00,0.00
1314853494617240,20130504,1650.00,1650.00,0,0,0.00,0.00,0.00,1650.00,0.00
1314853494617240,20130505,1650.00,1650.00,0,0,0.00,0.00,0.00,1650.00,0.00
1314853494617240,20130506,1650.00,1650.00,0,0,0.00,0.00,0.00,1650.00,0.00
1314853494617240,20130507,1650.00,1650.00,0,0,0.00,0.00,0.00,1650.00,0.00
1314853494617240,20130508,1650.00,1650.00,0,0,0.00,0.00,0.00,1650.00,0.00
1314853494617240,20130511,1650.00,1650.00,0,0,0.00,0.00,0.00,1650.00,0.00
1314853494617240,20130512,1650.00,1650.00,0,0,0.00,0.00,0.00,1650.00,0.00
1314853494617240,20130513,1650.00,1650.00,0,0,0.00,0.00,0.00,1650.00,0.00
1314853494617240,20130514,1650.00,1650.00,0,0,0.00,0.00,0.00,1650.00,0.00
1314853494617240,20130515,1650.00,1650.00,0,0,0.00,0.00,0.00,1650.00,0.00
1314853494617240,20130518,1650.00,1650.00,0,0,0.00,0.00,0.00,1650.00,0.00
1314853494617240,20130519,1650.00,1650.00,0,0,0.00,0.00,0.00,1650.00,0.00
1314853494617240,20130520,1650.00,1650.00,0,0,0.00,0.00,0.00,1650.00,0.00
1314853494617240,20130521,1650.00,1650.00,0,0,0.00,0.00,0.00,1650.00,0.00
1314853494617240,20130522,1650.00,1650.00,0,0,0.00,0.00,0.00,1650.00,0.00
1314853494617240,20130525,1650.00,1650.00,0,0,0.00,0.00,0.00,1650.00,0.00
1314853494617240,20130526,1650.00,1650.00,0,0,0.00,0.00,0.00,1650.00,0.00
1314853494617240,20130527,1650.00,1650.00,0,0,0.00,0.00,0.00,1650.00,0.00
1314853494617240,20130528,1650.00,1650.00,0,0,0.00,0.00,0.00,1650.00,0.00
1314853494617240,20130529,1650.00,1650.00,0,0,0.00,0.00,0.00,1650.00,0.00
1314853494617240,20130601,1650.00,1650.00,0,0,0.00,0.00,0.00,1650.00,0.00
1314853494617240,20130602,1650.00,1650.00,0,0,0.00,0.00,0.00,1650.00,0.00
1314853494617240,20130603,1650.00,1650.00,0,0,0.00,0.00,0.00,1650.00,0.00
1314853494617240,20130608,1650.00,1650.00,0,0,0.00,0.00,0.00,1650.00,0.00
1314853494617240,20130609,1650.00,1650.00,0,0,0.00,0.00,0.00,1650.00,0.00
1314853494617240,20130610,1650.00,1650.00,0,0,0.00,0.00,0.00,1650.00,0.00
1314853494617240,20130611,1650.00,1650.00,0,0,0.00,0.00,0.00,1650.00,0.00
1314853494617240,20130612,1650.00,1650.00,0,0,0.00,0.00,0.00,1650.00,0.00
1314853494617240,20130615,1650.00,1650.00,0,0,0.00,0.00,0.00,1650.00,0.00
1314853494617240,20130616,1650.00,1650.00,0,0,0.00,0.00,0.00,1650.00,0.00
1314853494617240,20130617,1650.00,1650.00,0,0,0.00,0.00,0.00,1650.00,0.00
1314853494617240,20130618,1650.00,1650.00,0,0,0.00,0.00,0.00,1650.00,0.00
1314853494617240,20130619,1650.00,1650.00,0,0,0.00,0.00,0.00,1650.00,0.00
1314853494617240,20130622,1650.00,1650.00,0,0,0.00,0.00,0.00,1650.00,0.00
1314853494617240,20130623,1650.00,1650.00,0,0,0.00,0.00,0.00,1650.00,0.00
1314853494617240,20130625,1650.00,1650.00,0,0,0.00,0.00,0.00,1650.00,0.00
1314853494617240,20130626,1650.00,1650.00,0,0,0.00,0.00,0.00,1650.00,0.00
1314853494617240,20130629,1650.00,1650.00,0,0,0.00,0.00,0.00,1650.00,0.00
1314853494617240,20130630,1650.00,1650.00,0,0,0.00,0.00,0.00,1650.00,0.00
1314853494617240,20130701,1650.00,1650.00,0,0,0.00,0.00,0.00,1650.00,0.00
1314853494617240,20130702,1650.00,1650.00,0,0,0.00,0.00,0.00,1650.00,0.00
1314853494617240,20130703,1650.00,1650.00,0,0,0.00,0.00,0.00,1650.00,0.00
1314853494617240,20130706,1650.00,1650.00,0,0,0.00,0.00,0.00,1650.00,0.00
1314853494617240,20130707,1650.00,1650.00,0,0,0.00,0.00,0.00,1650.00,0.00
1314853494617240,20130708,1650.00,1650.00,0,0,0.00,0.00,0.00,1650.00,0.00
1314853494617240,20130709,1650.00,1650.00,0,0,0.00,0.00,0.00,1650.00,0.00
1314853494617240,20130710,1650.00,1650.00,0,0,0.00,0.00,0.00,1650.00,0.00
1314853494617240,20130713,1650.00,1650.00,0,0,0.00,0.00,0.00,1650.00,0.00
1314853494617240,20130714,1650.00,1650.00,0,0,0.00,0.00,0.00,1650.00,0.00
1314853494617240,20130715,1650.00,1650.00,0,0,0.00,0.00,0.00,1650.00,0.00
1314853494617240,20130716,1650.00,1650.00,0,0,0.00,0.00,0.00,1650.00,0.00
1314853494617240,20130717,1650.00,1650.00,0,0,0.00,0.00,0.00,1650.00,0.00
1314853494617240,20130720,1650.00,1650.00,0,0,0.00,0.00,0.00,1650.00,0.00
1314853494617240,20130721,1650.00,1650.00,0,0,0.00,0.00,0.00,1650.00,0.00
1314853494617240,20130722,1650.00,1650.00,0,0,0.00,0.00,0.00,1650.00,0.00
1314853494617240,20130723,1650.00,1650.00,0,0,0.00,0.00,0.00,1650.00,0.00
1314853494617240,20130724,1650.00,1650.00,0,0,0.00,0.00,0.00,1650.00,0.00
1314853494617240,20130727,1650.00,1650.00,0,0,0.00,0.00,0.00,1650.00,0.00
1314853494617240,20130728,1650.00,1650.00,0,0,0.00,0.00,0.00,1650.00,0.00
1314853494617240,20130729,1650.00,1650.00,0,0,0.00,0.00,0.00,1650.00,0.00
1314853494617240,20130731,1650.00,1650.00,0,0,0.00,0.00,0.00,1650.00,0.00
1314853494617240,20130803,1650.00,1650.00,0,0,0.00,0.00,0.00,1650.00,0.00
1314853494617240,20130804,1650.00,1650.00,0,0,0.00,0.00,0.00,1650.00,0.00
1314853494617240,20130805,1650.00,1650.00,0,0,0.00,0.00,0.00,1650.00,0.00
1314853494617240,20130806,1650.00,1650.00,0,0,0.00,0.00,0.00,1650.00,0.00
1314853494617240,20130807,1650.00,1650.00,0,0,0.00,0.00,0.00,1650.00,0.00
1314853494617240,20130811,1650.00,1650.00,0,0,0.00,0.00,0.00,1650.00,0.00
1314853494617240,20130812,1650.00,1650.00,0,0,0.00,0.00,0.00,1650.00,0.00
1314853494617240,20130813,1650.00,1650.00,0,0,0.00,0.00,0.00,1650.00,0.00
1314853494617240,20130814,1650.00,1650.00,0,0,0.00,0.00,0.00,1650.00,0.00
1314853494617240,20130817,1650.00,1650.00,0,0,0.00,0.00,0.00,1650.00,0.00
1314853494617240,20130818,1650.00,1650.00,0,0,0.00,0.00,0.00,1650.00,0.00
1314853494617240,20130819,1650.00,1650.00,0,0,0.00,0.00,0.00,1650.00,0.00
1314853494617240,20130820,1650.00,1650.00,0,0,0.00,0.00,0.00,1650.00,0.00
1314853494617240,20130821,1650.00,1650.00,0,0,0.00,0.00,0.00,1650.00,0.00
1314853494617240,20130824,1650.00,1650.00,0,0,0.00,0.00,0.00,1650.00,0.00
1314853494617240,20130825,1650.00,1650.00,0,0,0.00,0.00,0.00,1650.00,0.00
1314853494617240,20130826,1650.00,1650.00,0,0,0.00,0.00,0.00,1650.00,0.00
1314853494617240,20130827,1650.00,1650.00,0,0,0.00,0.00,0.00,1650.00,0.00
1314853494617240,20130828,1650.00,1650.00,0,0,0.00,0.00,0.00,1650.00,0.00
1314853494617240,20130831,1650.00,1650.00,0,0,0.00,0.00,0.00,1650.00,0.00
1314853494617240,20130901,1650.00,1650.00,0,0,0.00,0.00,0.00,1650.00,0.00
1314853494617240,20130903,1650.00,1650.00,0,0,0.00,0.00,0.00,1650.00,0.00
1314853494617240,20130904,1650.00,1650.00,0,0,0.00,0.00,0.00,1650.00,0.00
1314853494617240,20130907,1650.00,1650.00,0,0,0.00,0.00,0.00,1650.00,0.00
1314853494617240,20130908,1650.00,1650.00,0,0,0.00,0.00,0.00,1650.00,0.00
1314853494617240,20130909,1650.00,1650.00,0,0,0.00,0.00,0.00,1650.00,0.00
1314853494617240,20130910,1650.00,1650.00,0,0,0.00,0.00,0.00,1650.00,0.00
1314853494617240,20130911,1650.00,1650.00,0,0,0.00,0.00,0.00,1650.00,0.00
1314853494617240,20130914,1650.00,1650.00,0,0,0.00,0.00,0.00,1650.00,0.00
1314853494617240,20130915,1650.00,1650.00,0,0,0.00,0.00,0.00,1650.00,0.00
1314853494617240,20130916,1650.00,1650.00,0,0,0.00,0.00,0.00,1650.00,0.00
1314853494617240,20130917,1650.00,1650.00,0,0,0.00,0.00,0.00,1650.00,0.00
1314853494617240,20130918,1650.00,1650.00,0,0,0.00,0.00,0.00,1650.00,0.00
1314853494617240,20130921,1650.00,1650.00,0,0,0.00,0.00,0.00,1650.00,0.00
1314853494617240,20130922,1650.00,1650.00,0,0,0.00,0.00,0.00,1650.00,0.00
1314853494617240,20130923,1650.00,1650.00,0,0,0.00,0.00,0.00,1650.00,0.00
1314853494617240,20130924,1650.00,1650.00,0,0,0.00,0.00,0.00,1650.00,0.00
1314853494617240,20130925,1650.00,1650.00,0,0,0.00,0.00,0.00,1650.00,0.00
1314853494617240,20130928,1650.00,1650.00,0,0,0.00,0.00,0.00,1650.00,0.00
1314853494617240,20130929,1650.00,1650.00,0,0,0.00,0.00,0.00,1650.00,0.00
1314853494617240,20130930,1650.00,1650.00,0,0,0.00,0.00,0.00,1650.00,0.00
1314853494617240,20131001,1650.00,1650.00,0,0,0.00,0.00,0.00,1650.00,0.00
1314853494617240,20131002,1650.00,1650.00,0,0,0.00,0.00,0.00,1650.00,0.00
1314853494617240,20131005,1650.00,1650.00,0,0,0.00,0.00,0.00,1650.00,0.00
1314853494617240,20131006,1650.00,1650.00,0,0,0.00,0.00,0.00,1650.00,0.00
1314853494617240,20131007,1650.00,1650.00,0,0,0.00,0.00,0.00,1650.00,0.00
1314853494617240,20131008,1650.00,1650.00,0,0,0.00,0.00,0.00,1650.00,0.00
1314853494617240,20131009,1650.00,1650.00,0,0,0.00,0.00,0.00,1650.00,0.00
1314853494617240,20131012,1650.00,1650.00,0,0,0.00,0.00,0.00,1650.00,0.00
1314853494617240,20131013,1650.00,1650.00,0,0,0.00,0.00,0.00,1650.00,0.00
1314853494617240,20131014,1650.00,1650.00,0,0,0.00,0.00,0.00,1650.00,0.00
1314853494617240,20131015,1650.00,1650.00,0,0,0.00,0.00,0.00,1650.00,0.00
1314853494617240,20131019,1650.00,1650.00,0,0,0.00,0.00,0.00,1650.00,0.00
1314853494617240,20131020,1650.00,1650.00,0,0,0.00,0.00,0.00,1650.00,0.00
1314853494617240,20131021,1650.00,1650.00,0,0,0.00,0.00,0.00,1650.00,0.00
1314853494617240,20131022,1650.00,1650.00,0,0,0.00,0.00,0.00,1650.00,0.00
1314853494617240,20131023,1650.00,1650.00,0,0,0.00,0.00,0.00,1650.00,0.00
1314853494617240,20131026,1650.00,1650.00,0,0,0.00,0.00,0.00,1650.00,0.00
1314853494617240,20131027,1650.00,1650.00,0,0,0.00,0.00,0.00,1650.00,0.00
1314853494617240,20131028,1650.00,1650.00,0,0,0.00,0.00,0.00,1650.00,0.00
1314853494617240,20131029,1650.00,1650.00,0,0,0.00,0.00,0.00,1650.00,0.00
1314853494617240,20131030,1650.00,1650.00,0,0,0.00,0.00,0.00,1650.00,0.00
1314853494617240,20131102,1650.00,1650.00,0,0,0.00,0.00,0.00,1650.00,0.00
1314853494617240,20131103,1650.00,1650.00,0,0,0.00,0.00,0.00,1650.00,0.00
1314853494617240,20131104,1650.00,1650.00,0,0,0.00,0.00,0.00,1650.00,0.00
1314853494617240,20131105,1650.00,1650.00,0,0,0.00,0.00,0.00,1650.00,0.00
1314853494617240,20131106,1650.00,1650.00,0,0,0.00,0.00,0.00,1650.00,0.00
1314853494617240,20131109,1650.00,1650.00,0,0,0.00,0.00,0.00,1650.00,0.00
1314853494617240,20131110,1650.00,1650.00,0,0,0.00,0.00,0.00,1650.00,0.00
1314853494617240,20131111,1650.00,1650.00,0,0,0.00,0.00,0.00,1650.00,0.00
1314853494617240,20131112,1650.00,1650.00,0,0,0.00,0.00,0.00,1650.00,0.00
1314853494617240,20131116,1650.00,1650.00,0,0,0.00,0.00,0.00,1650.00,0.00
1314853494617240,20131117,1650.00,1650.00,0,0,0.00,0.00,0.00,1650.00,0.00
1314853494617240,20131118,1650.00,1650.00,0,0,0.00,0.00,0.00,1650.00,0.00
1314853494617240,20131119,1650.00,1650.00,0,0,0.00,0.00,0.00,1650.00,0.00
1314853494617240,20131120,1650.00,1650.00,0,0,0.00,0.00,0.00,1650.00,0.00
1314853494617240,20131123,1650.00,1650.00,0,0,0.00,0.00,0.00,1650.00,0.00
1314853494617240,20131124,1650.00,1650.00,0,0,0.00,0.00,0.00,1650.00,0.00
1314853494617240,20131125,1650.00,1650.00,0,0,0.00,0.00,0.00,1650.00,0.00
1314853494617240,20131126,1650.00,1650.00,0,0,0.00,0.00,0.00,1650.00,0.00
1314853494617240,20131127,1650.00,1650.00,0,0,0.00,0.00,0.00,1650.00,0.00
1314853494617240,20131130,1650.00,1650.00,0,0,0.00,0.00,0.00,1650.00,0.00
1314853494617240,20131201,1650.00,1650.00,0,0,0.00,0.00,0.00,1650.00,0.00
1314853494617240,20131202,1650.00,1650.00,0,0,0.00,0.00,0.00,1650.00,0.00
1314853494617240,20131203,1650.00,1650.00,0,0,0.00,0.00,0.00,1650.00,0.00
1314853494617240,20131204,1650.00,1650.00,0,0,0.00,0.00,0.00,1650.00,0.00
1314853494617240,20131207,1650.00,1650.00,0,0,0.00,0.00,0.00,1650.00,0.00
1314853494617240,20131208,1650.00,1650.00,0,0,0.00,0.00,0.00,1650.00,0.00
1314853494617240,20131209,1650.00,1650.00,0,0,0.00,0.00,0.00,1650.00,0.00
1314853494617240,20131210,1650.00,1650.00,0,0,0.00,0.00,0.00,1650.00,0.00
1314853494617240,20131211,1650.00,1650.00,0,0,0.00,0.00,0.00,1650.00,0.00
1314853494617240,20131214,1650.00,1650.00,0,0,0.00,0.00,0.00,1650.00,0.00
1314853494617240,20131215,1650.00,1650.00,0,0,0.00,0.00,0.00,1650.00,0.00
1314853494617240,20131216,1650.00,1650.00,0,0,0.00,0.00,0.00,1650.00,0.00
1314853494617240,20131217,1650.00,1650.00,0,0,0.00,0.00,0.00,1650.00,0.00
1314853494617240,20131218,1650.00,1650.00,0,0,0.00,0.00,0.00,1650.00,0.00
1314853494617240,20131221,1650.00,1650.00,0,0,0.00,0.00,0.00,1650.00,0.00
1314853494617240,20131222,1650.00,1650.00,0,0,0.00,0.00,0.00,1650.00,0.00
1314853494617240,20131224,1650.00,1650.00,0,0,0.00,0.00,0.00,1650.00,0.00
1314853494617240,20131225,1650.00,1650.00,0,0,0.00,0.00,0.00,1650.00,0.00
1314853494617240,20131228,1650.00,1650.00,0,0,0.00,0.00,0.00,1650.00,0.00
1314853494617240,20131229,1650.00,1650.00,0,0,0.00,0.00,0.00,1650.00,0.00
1314853494617240,20131230,1650.00,1650.00,0,0,0.00,0.00,0.00,1650.00,0.00
1314853494617240,20140101,1650.00,1650.00,0,0,0.00,0.00,0.00,1650.00,0.00
1314853494617240,20140104,1650.00,1650.00,0,0,0.00,0.00,0.00,1650.00,0.00
1314853494617240,20140105,1650.00,1650.00,0,0,0.00,0.00,0.00,1650.00,0.00
1314853494617240,20140106,1650.00,1650.00,0,0,0.00,0.00,0.00,1650.00,0.00
1314853494617240,20140107,1650.00,1650.00,0,0,0.00,0.00,0.00,1650.00,0.00
1314853494617240,20140108,1650.00,1650.00,0,0,0.00,0.00,0.00,1650.00,0.00
1314853494617240,20140111,4621.00,4644.00,93,292602,1352238512.00,4300.00,4644.00,1650.00,4300.00
1314853494617240,20140112,4646.00,4474.00,176,586549,2725051165.00,4252.00,4920.00,4621.00,4900.00
1314853494617240,20140113,4684.00,4687.00,57,94784,443960786.00,4530.00,4850.00,4646.00,4650.00
1314853494617240,20140114,4343.00,4310.00,28,45764,198759042.00,4310.00,4400.00,4684.00,4340.00
1314853494617240,20140115,4004.00,4000.00,47,85785,343512604.00,3996.00,4252.00,4343.00,4252.00
1314853494617240,20140118,3806.00,3979.00,32,47806,181941378.00,3684.00,4249.00,4004.00,4249.00
1314853494617240,20140120,3554.00,3543.00,10,7512,26696934.00,3537.00,3925.00,3806.00,3925.00
1314853494617240,20140121,3389.00,3270.00,26,74393,252122597.00,3270.00,3665.00,3554.00,3554.00
1314853494617240,20140122,3121.00,3180.00,31,88602,276552240.00,3118.00,3180.00,3389.00,3120.00
1314853494617240,20140125,3350.00,3370.00,29,44687,149722620.00,3120.00,3370.00,3121.00,3120.00
1314853494617240,20140126,3195.00,3095.00,46,59242,189271464.00,3082.00,3400.00,3350.00,3400.00
1314853494617240,20140127,3014.00,3167.00,24,77349,233113267.00,2952.00,3194.00,3195.00,2952.00
1314853494617240,20140128,3255.00,3255.00,27,64519,209978345.00,3233.00,3255.00,3014.00,3250.00
1314853494617240,20140129,3489.00,3515.00,26,35500,123861756.00,3460.00,3515.00,3255.00,3494.00
1314853494617240,20140201,3768.00,3768.00,25,43155,162593640.00,3766.00,3768.00,3489.00,3768.00
1314853494617240,20140202,4012.00,3900.00,132,239086,959112177.00,3760.00,4069.00,3768.00,4069.00
1314853494617240,20140203,3710.00,3692.00,51,76258,282943110.00,3692.00,4034.00,4012.00,4034.00
1314853494617240,20140204,3467.00,3415.00,14,10880,37725185.00,3414.00,3710.00,3710.00,3710.00
1314853494617240,20140205,3191.00,3190.00,25,44948,143444832.00,3190.00,3200.00,3467.00,3190.00
1314853494617240,20140208,2936.00,2936.00,7,22193,65158648.00,2936.00,2936.00,3191.00,2936.00
1314853494617240,20140209,2757.00,2900.00,30,147335,406217518.00,2704.00,2936.00,2936.00,2704.00
1314853494617240,20140210,2632.00,2690.00,20,66378,174727842.00,2541.00,2970.00,2757.00,2970.00
1314853494617240,20140212,2495.00,2519.00,13,24030,59945060.00,2422.00,2696.00,2632.00,2561.00
1314853494617240,20140215,2663.00,2694.00,42,82876,220720024.00,2450.00,2694.00,2495.00,2450.00
1314853494617240,20140216,2835.00,2876.00,25,51277,145370017.00,2751.00,2876.00,2663.00,2751.00
1314853494617240,20140217,3061.00,3061.00,36,93101,284982161.00,3061.00,3061.00,2835.00,3061.00
1314853494617240,20140218,3100.00,3100.00,78,226591,702352850.00,2940.00,3305.00,3061.00,3305.00
1314853494617240,20140219,3100.00,3100.00,0,0,0.00,0.00,0.00,3100.00,0.00
1314853494617240,20140222,3100.00,3100.00,0,0,0.00,0.00,0.00,3100.00,0.00
1314853494617240,20140223,3100.00,3100.00,0,0,0.00,0.00,0.00,3100.00,0.00
1314853494617240,20140224,3100.00,3100.00,0,0,0.00,0.00,0.00,3100.00,0.00
1314853494617240,20140225,3100.00,3100.00,0,0,0.00,0.00,0.00,3100.00,0.00
1314853494617240,20140226,2852.00,2852.00,22,83683,238673816.00,2852.00,2854.00,3100.00,2852.00
1314853494617240,20140301,2628.00,2624.00,17,26856,70568057.00,2624.00,2680.00,2852.00,2624.00
1314853494617240,20140302,2420.00,2420.00,53,101840,246465184.00,2418.00,2799.00,2628.00,2421.00
1314853494617240,20140303,2421.00,2430.00,13,19121,46298790.00,2415.00,2430.00,2420.00,2420.00
1314853494617240,20140304,2466.00,2519.00,22,36410,89800187.00,2238.00,2610.00,2421.00,2450.00
1314853494617240,20140305,2296.00,2296.00,88,261100,599485288.00,2269.00,2580.00,2466.00,2272.00
1314853494617240,20140308,2296.00,2296.00,0,0,0.00,0.00,0.00,2296.00,0.00
1314853494617240,20140309,2296.00,2296.00,0,0,0.00,0.00,0.00,2296.00,0.00
1314853494617240,20140310,2296.00,2296.00,0,0,0.00,0.00,0.00,2296.00,0.00
1314853494617240,20140311,2296.00,2296.00,0,0,0.00,0.00,0.00,2296.00,0.00
1314853494617240,20140312,2296.00,2296.00,0,0,0.00,0.00,0.00,2296.00,0.00
1314853494617240,20140315,2296.00,2296.00,0,0,0.00,0.00,0.00,2296.00,0.00
1314853494617240,20140316,2296.00,2296.00,0,0,0.00,0.00,0.00,2296.00,0.00
1314853494617240,20140317,2296.00,2296.00,0,0,0.00,0.00,0.00,2296.00,0.00
1314853494617240,20140318,2296.00,2296.00,0,0,0.00,0.00,0.00,2296.00,0.00
1314853494617240,20140319,2296.00,2296.00,0,0,0.00,0.00,0.00,2296.00,0.00
1314853494617240,20140325,2296.00,2296.00,0,0,0.00,0.00,0.00,2296.00,0.00
1314853494617240,20140326,2296.00,2296.00,0,0,0.00,0.00,0.00,2296.00,0.00
1314853494617240,20140329,2296.00,2296.00,0,0,0.00,0.00,0.00,2296.00,0.00
1314853494617240,20140330,2296.00,2296.00,0,0,0.00,0.00,0.00,2296.00,0.00
1314853494617240,20140331,2296.00,2296.00,0,0,0.00,0.00,0.00,2296.00,0.00
1314853494617240,20140405,2296.00,2296.00,0,0,0.00,0.00,0.00,2296.00,0.00
1314853494617240,20140406,2296.00,2296.00,0,0,0.00,0.00,0.00,2296.00,0.00
1314853494617240,20140407,2296.00,2296.00,0,0,0.00,0.00,0.00,2296.00,0.00
1314853494617240,20140408,2296.00,2296.00,0,0,0.00,0.00,0.00,2296.00,0.00
1314853494617240,20140409,2296.00,2296.00,0,0,0.00,0.00,0.00,2296.00,0.00
1314853494617240,20140412,2296.00,2296.00,0,0,0.00,0.00,0.00,2296.00,0.00
1314853494617240,20140413,2296.00,2296.00,0,0,0.00,0.00,0.00,2296.00,0.00
1314853494617240,20140414,2296.00,2296.00,0,0,0.00,0.00,0.00,2296.00,0.00
1314853494617240,20140415,2296.00,2296.00,0,0,0.00,0.00,0.00,2296.00,0.00
1314853494617240,20140416,2296.00,2296.00,0,0,0.00,0.00,0.00,2296.00,0.00
1314853494617240,20140419,2296.00,2296.00,0,0,0.00,0.00,0.00,2296.00,0.00
1314853494617240,20140420,2296.00,2296.00,0,0,0.00,0.00,0.00,2296.00,0.00
1314853494617240,20140421,2296.00,2296.00,0,0,0.00,0.00,0.00,2296.00,0.00
1314853494617240,20140422,2296.00,2296.00,0,0,0.00,0.00,0.00,2296.00,0.00
1314853494617240,20140423,2296.00,2296.00,0,0,0.00,0.00,0.00,2296.00,0.00
1314853494617240,20140426,2296.00,2296.00,0,0,0.00,0.00,0.00,2296.00,0.00
1314853494617240,20140427,2296.00,2296.00,0,0,0.00,0.00,0.00,2296.00,0.00
1314853494617240,20140428,2296.00,2296.00,0,0,0.00,0.00,0.00,2296.00,0.00
1314853494617240,20140429,2296.00,2296.00,0,0,0.00,0.00,0.00,2296.00,0.00
1314853494617240,20140430,2296.00,2296.00,0,0,0.00,0.00,0.00,2296.00,0.00
1314853494617240,20140503,2296.00,2296.00,0,0,0.00,0.00,0.00,2296.00,0.00
1314853494617240,20140504,2296.00,2296.00,0,0,0.00,0.00,0.00,2296.00,0.00
1314853494617240,20140505,2296.00,2296.00,0,0,0.00,0.00,0.00,2296.00,0.00
1314853494617240,20140506,2296.00,2296.00,0,0,0.00,0.00,0.00,2296.00,0.00
1314853494617240,20140507,2296.00,2296.00,0,0,0.00,0.00,0.00,2296.00,0.00
1314853494617240,20140510,2296.00,2296.00,0,0,0.00,0.00,0.00,2296.00,0.00
1314853494617240,20140511,2296.00,2296.00,0,0,0.00,0.00,0.00,2296.00,0.00
1314853494617240,20140512,2296.00,2296.00,0,0,0.00,0.00,0.00,2296.00,0.00
1314853494617240,20140514,2296.00,2296.00,0,0,0.00,0.00,0.00,2296.00,0.00
1314853494617240,20140517,2296.00,2296.00,0,0,0.00,0.00,0.00,2296.00,0.00
1314853494617240,20140518,2296.00,2296.00,0,0,0.00,0.00,0.00,2296.00,0.00
1314853494617240,20140519,2296.00,2296.00,0,0,0.00,0.00,0.00,2296.00,0.00
1314853494617240,20140520,2296.00,2296.00,0,0,0.00,0.00,0.00,2296.00,0.00
1314853494617240,20140521,2296.00,2296.00,0,0,0.00,0.00,0.00,2296.00,0.00
1314853494617240,20140524,2296.00,2296.00,0,0,0.00,0.00,0.00,2296.00,0.00
1314853494617240,20140525,2296.00,2296.00,0,0,0.00,0.00,0.00,2296.00,0.00
1314853494617240,20140526,2296.00,2296.00,0,0,0.00,0.00,0.00,2296.00,0.00
1314853494617240,20140528,2296.00,2296.00,0,0,0.00,0.00,0.00,2296.00,0.00
1314853494617240,20140531,2296.00,2296.00,0,0,0.00,0.00,0.00,2296.00,0.00
1314853494617240,20140601,2296.00,2296.00,0,0,0.00,0.00,0.00,2296.00,0.00
1314853494617240,20140602,2296.00,2296.00,0,0,0.00,0.00,0.00,2296.00,0.00
1314853494617240,20140603,2296.00,2296.00,0,0,0.00,0.00,0.00,2296.00,0.00
1314853494617240,20140607,2296.00,2296.00,0,0,0.00,0.00,0.00,2296.00,0.00
1314853494617240,20140608,2296.00,2296.00,0,0,0.00,0.00,0.00,2296.00,0.00
1314853494617240,20140609,2296.00,2296.00,0,0,0.00,0.00,0.00,2296.00,0.00
1314853494617240,20140610,2296.00,2296.00,0,0,0.00,0.00,0.00,2296.00,0.00
1314853494617240,20140611,2296.00,2296.00,0,0,0.00,0.00,0.00,2296.00,0.00
1314853494617240,20140614,2296.00,2296.00,0,0,0.00,0.00,0.00,2296.00,0.00
1314853494617240,20140615,2296.00,2296.00,0,0,0.00,0.00,0.00,2296.00,0.00
1314853494617240,20140616,2296.00,2296.00,0,0,0.00,0.00,0.00,2296.00,0.00
1314853494617240,20140617,2296.00,2296.00,0,0,0.00,0.00,0.00,2296.00,0.00
1314853494617240,20140618,2296.00,2296.00,0,0,0.00,0.00,0.00,2296.00,0.00
1314853494617240,20140621,2296.00,2296.00,0,0,0.00,0.00,0.00,2296.00,0.00
1314853494617240,20140622,2296.00,2296.00,0,0,0.00,0.00,0.00,2296.00,0.00
1314853494617240,20140623,2500.00,2500.00,40,2000000,5000000000.00,2500.00,2500.00,2296.00,2500.00
1314853494617240,20140624,2500.00,2500.00,46,2224336,5560840000.00,2500.00,2500.00,2500.00,2500.00
1314853494617240,20140625,2500.00,2500.00,0,0,0.00,0.00,0.00,2500.00,0.00
1314853494617240,20140628,2500.00,2500.00,0,0,0.00,0.00,0.00,2500.00,0.00
1314853494617240,20140629,2500.00,2500.00,0,0,0.00,0.00,0.00,2500.00,0.00
1314853494617240,20140630,2500.00,2500.00,0,0,0.00,0.00,0.00,2500.00,0.00
1314853494617240,20140701,2500.00,2500.00,0,0,0.00,0.00,0.00,2500.00,0.00
1314853494617240,20140702,2500.00,2500.00,0,0,0.00,0.00,0.00,2500.00,0.00
1314853494617240,20140705,2500.00,2500.00,0,0,0.00,0.00,0.00,2500.00,0.00
1314853494617240,20140706,2500.00,2500.00,0,0,0.00,0.00,0.00,2500.00,0.00
1314853494617240,20140707,2500.00,2500.00,0,0,0.00,0.00,0.00,2500.00,0.00
1314853494617240,20140708,2500.00,2500.00,0,0,0.00,0.00,0.00,2500.00,0.00
1314853494617240,20140709,2500.00,2500.00,0,0,0.00,0.00,0.00,2500.00,0.00
1314853494617240,20140712,2500.00,2500.00,0,0,0.00,0.00,0.00,2500.00,0.00
1314853494617240,20140713,2500.00,2500.00,0,0,0.00,0.00,0.00,2500.00,0.00
1314853494617240,20140714,2500.00,2500.00,0,0,0.00,0.00,0.00,2500.00,0.00
1314853494617240,20140715,2500.00,2500.00,0,0,0.00,0.00,0.00,2500.00,0.00
1314853494617240,20140716,2500.00,2500.00,0,0,0.00,0.00,0.00,2500.00,0.00
1314853494617240,20140720,2500.00,2500.00,0,0,0.00,0.00,0.00,2500.00,0.00
1314853494617240,20140721,2500.00,2500.00,0,0,0.00,0.00,0.00,2500.00,0.00
1314853494617240,20140722,2500.00,2500.00,0,0,0.00,0.00,0.00,2500.00,0.00
1314853494617240,20140723,2500.00,2500.00,0,0,0.00,0.00,0.00,2500.00,0.00
1314853494617240,20140726,2500.00,2500.00,0,0,0.00,0.00,0.00,2500.00,0.00
1314853494617240,20140727,2500.00,2500.00,0,0,0.00,0.00,0.00,2500.00,0.00
1314853494617240,20140728,2500.00,2500.00,0,0,0.00,0.00,0.00,2500.00,0.00
1314853494617240,20140802,2500.00,2500.00,0,0,0.00,0.00,0.00,2500.00,0.00
1314853494617240,20140803,2500.00,2500.00,0,0,0.00,0.00,0.00,2500.00,0.00
1314853494617240,20140804,2500.00,2500.00,0,0,0.00,0.00,0.00,2500.00,0.00
1314853494617240,20140805,2500.00,2500.00,0,0,0.00,0.00,0.00,2500.00,0.00
1314853494617240,20140806,2500.00,2500.00,0,0,0.00,0.00,0.00,2500.00,0.00
1314853494617240,20140809,2500.00,2500.00,0,0,0.00,0.00,0.00,2500.00,0.00
1314853494617240,20140810,2500.00,2500.00,0,0,0.00,0.00,0.00,2500.00,0.00
1314853494617240,20140811,2500.00,2500.00,0,0,0.00,0.00,0.00,2500.00,0.00
1314853494617240,20140812,2500.00,2500.00,0,0,0.00,0.00,0.00,2500.00,0.00
1314853494617240,20140813,2500.00,2500.00,0,0,0.00,0.00,0.00,2500.00,0.00
1314853494617240,20140816,2500.00,2500.00,0,0,0.00,0.00,0.00,2500.00,0.00
1314853494617240,20140817,2500.00,2500.00,0,0,0.00,0.00,0.00,2500.00,0.00
1314853494617240,20140818,2500.00,2500.00,0,0,0.00,0.00,0.00,2500.00,0.00
1314853494617240,20140819,2500.00,2500.00,0,0,0.00,0.00,0.00,2500.00,0.00
1314853494617240,20140820,2500.00,2500.00,0,0,0.00,0.00,0.00,2500.00,0.00
1314853494617240,20140823,2500.00,2500.00,0,0,0.00,0.00,0.00,2500.00,0.00
1314853494617240,20140824,2500.00,2500.00,0,0,0.00,0.00,0.00,2500.00,0.00
1314853494617240,20140825,2500.00,2500.00,0,0,0.00,0.00,0.00,2500.00,0.00
1314853494617240,20140826,2500.00,2500.00,0,0,0.00,0.00,0.00,2500.00,0.00
1314853494617240,20140827,2500.00,2500.00,0,0,0.00,0.00,0.00,2500.00,0.00
1314853494617240,20140830,2500.00,2500.00,0,0,0.00,0.00,0.00,2500.00,0.00
1314853494617240,20140831,2500.00,2500.00,0,0,0.00,0.00,0.00,2500.00,0.00
1314853494617240,20140901,2500.00,2500.00,0,0,0.00,0.00,0.00,2500.00,0.00
1314853494617240,20140902,2500.00,2500.00,0,0,0.00,0.00,0.00,2500.00,0.00
1314853494617240,20140903,2500.00,2500.00,0,0,0.00,0.00,0.00,2500.00,0.00
1314853494617240,20140906,2500.00,2500.00,0,0,0.00,0.00,0.00,2500.00,0.00
1314853494617240,20140907,2500.00,2500.00,0,0,0.00,0.00,0.00,2500.00,0.00
1314853494617240,20140908,2500.00,2500.00,0,0,0.00,0.00,0.00,2500.00,0.00
1314853494617240,20140909,2500.00,2500.00,0,0,0.00,0.00,0.00,2500.00,0.00
1314853494617240,20140910,2500.00,2500.00,0,0,0.00,0.00,0.00,2500.00,0.00
1314853494617240,20140913,2500.00,2500.00,0,0,0.00,0.00,0.00,2500.00,0.00
1314853494617240,20140914,2500.00,2500.00,0,0,0.00,0.00,0.00,2500.00,0.00
1314853494617240,20140915,2500.00,2500.00,0,0,0.00,0.00,0.00,2500.00,0.00
1314853494617240,20140916,2500.00,2500.00,0,0,0.00,0.00,0.00,2500.00,0.00
1314853494617240,20140917,2500.00,2500.00,0,0,0.00,0.00,0.00,2500.00,0.00
1314853494617240,20140920,2500.00,2500.00,0,0,0.00,0.00,0.00,2500.00,0.00
1314853494617240,20140921,2500.00,2500.00,0,0,0.00,0.00,0.00,2500.00,0.00
1314853494617240,20140922,2500.00,2500.00,0,0,0.00,0.00,0.00,2500.00,0.00
1314853494617240,20140923,2500.00,2500.00,0,0,0.00,0.00,0.00,2500.00,0.00
1314853494617240,20140924,2500.00,2500.00,0,0,0.00,0.00,0.00,2500.00,0.00
1314853494617240,20140927,2500.00,2500.00,0,0,0.00,0.00,0.00,2500.00,0.00
1314853494617240,20140928,2500.00,2500.00,0,0,0.00,0.00,0.00,2500.00,0.00
1314853494617240,20140929,2500.00,2500.00,0,0,0.00,0.00,0.00,2500.00,0.00
1314853494617240,20140930,2500.00,2500.00,0,0,0.00,0.00,0.00,2500.00,0.00
1314853494617240,20141001,2500.00,2500.00,0,0,0.00,0.00,0.00,2500.00,0.00
1314853494617240,20141004,2500.00,2500.00,0,0,0.00,0.00,0.00,2500.00,0.00
1314853494617240,20141006,2500.00,2500.00,0,0,0.00,0.00,0.00,2500.00,0.00
1314853494617240,20141007,2500.00,2500.00,0,0,0.00,0.00,0.00,2500.00,0.00
1314853494617240,20141008,2500.00,2500.00,0,0,0.00,0.00,0.00,2500.00,0.00
1314853494617240,20141011,2500.00,2500.00,0,0,0.00,0.00,0.00,2500.00,0.00
1314853494617240,20141012,2500.00,2500.00,0,0,0.00,0.00,0.00,2500.00,0.00
1314853494617240,20141014,2500.00,2500.00,0,0,0.00,0.00,0.00,2500.00,0.00
1314853494617240,20141015,2500.00,2500.00,0,0,0.00,0.00,0.00,2500.00,0.00
1314853494617240,20141018,2500.00,2500.00,0,0,0.00,0.00,0.00,2500.00,0.00
1314853494617240,20141019,2500.00,2500.00,0,0,0.00,0.00,0.00,2500.00,0.00
1314853494617240,20141020,2500.00,2500.00,0,0,0.00,0.00,0.00,2500.00,0.00
1314853494617240,20141021,2500.00,2500.00,0,0,0.00,0.00,0.00,2500.00,0.00
1314853494617240,20141022,2500.00,2500.00,0,0,0.00,0.00,0.00,2500.00,0.00
1314853494617240,20141025,2500.00,2500.00,0,0,0.00,0.00,0.00,2500.00,0.00
1314853494617240,20141026,2500.00,2500.00,0,0,0.00,0.00,0.00,2500.00,0.00
1314853494617240,20141027,2500.00,2500.00,0,0,0.00,0.00,0.00,2500.00,0.00
1314853494617240,20141028,2500.00,2500.00,0,0,0.00,0.00,0.00,2500.00,0.00
1314853494617240,20141029,2500.00,2500.00,0,0,0.00,0.00,0.00,2500.00,0.00
1314853494617240,20141101,2500.00,2500.00,0,0,0.00,0.00,0.00,2500.00,0.00
1314853494617240,20141102,2500.00,2500.00,0,0,0.00,0.00,0.00,2500.00,0.00
1314853494617240,20141105,2500.00,2500.00,0,0,0.00,0.00,0.00,2500.00,0.00
1314853494617240,20141108,2500.00,2500.00,0,0,0.00,0.00,0.00,2500.00,0.00
1314853494617240,20141109,2500.00,2500.00,0,0,0.00,0.00,0.00,2500.00,0.00
1314853494617240,20141110,2500.00,2500.00,0,0,0.00,0.00,0.00,2500.00,0.00
1314853494617240,20141111,2500.00,2500.00,0,0,0.00,0.00,0.00,2500.00,0.00
1314853494617240,20141112,2500.00,2500.00,0,0,0.00,0.00,0.00,2500.00,0.00
1314853494617240,20141115,2500.00,2500.00,0,0,0.00,0.00,0.00,2500.00,0.00
1314853494617240,20141116,2500.00,2500.00,0,0,0.00,0.00,0.00,2500.00,0.00
1314853494617240,20141117,2500.00,2500.00,0,0,0.00,0.00,0.00,2500.00,0.00
1314853494617240,20141118,2500.00,2500.00,0,0,0.00,0.00,0.00,2500.00,0.00
1314853494617240,20141119,2500.00,2500.00,0,0,0.00,0.00,0.00,2500.00,0.00
1314853494617240,20141122,2500.00,2500.00,0,0,0.00,0.00,0.00,2500.00,0.00
1314853494617240,20141123,2500.00,2500.00,0,0,0.00,0.00,0.00,2500.00,0.00
1314853494617240,20141124,2500.00,2500.00,0,0,0.00,0.00,0.00,2500.00,0.00
1314853494617240,20141125,2500.00,2500.00,0,0,0.00,0.00,0.00,2500.00,0.00
1314853494617240,20141126,2500.00,2500.00,0,0,0.00,0.00,0.00,2500.00,0.00
1314853494617240,20141129,2500.00,2500.00,0,0,0.00,0.00,0.00,2500.00,0.00
1314853494617240,20141130,2500.00,2500.00,0,0,0.00,0.00,0.00,2500.00,0.00
1314853494617240,20141201,2500.00,2500.00,0,0,0.00,0.00,0.00,2500.00,0.00
1314853494617240,20141202,2500.00,2500.00,0,0,0.00,0.00,0.00,2500.00,0.00
1314853494617240,20141203,2500.00,2500.00,0,0,0.00,0.00,0.00,2500.00,0.00
1314853494617240,20141206,2500.00,2500.00,0,0,0.00,0.00,0.00,2500.00,0.00
1314853494617240,20141207,2500.00,2500.00,0,0,0.00,0.00,0.00,2500.00,0.00
1314853494617240,20141208,2500.00,2500.00,0,0,0.00,0.00,0.00,2500.00,0.00
1314853494617240,20141209,2500.00,2500.00,0,0,0.00,0.00,0.00,2500.00,0.00
1314853494617240,20141210,2500.00,2500.00,0,0,0.00,0.00,0.00,2500.00,0.00
1314853494617240,20141214,2500.00,2500.00,0,0,0.00,0.00,0.00,2500.00,0.00
1314853494617240,20141215,2500.00,2500.00,0,0,0.00,0.00,0.00,2500.00,0.00
1314853494617240,20141216,2500.00,2500.00,0,0,0.00,0.00,0.00,2500.00,0.00
1314853494617240,20141217,2500.00,2500.00,0,0,0.00,0.00,0.00,2500.00,0.00
1314853494617240,20141220,2500.00,2500.00,0,0,0.00,0.00,0.00,2500.00,0.00
1314853494617240,20141222,2500.00,2500.00,0,0,0.00,0.00,0.00,2500.00,0.00
1314853494617240,20141224,2500.00,2500.00,0,0,0.00,0.00,0.00,2500.00,0.00
1314853494617240,20141227,2500.00,2500.00,0,0,0.00,0.00,0.00,2500.00,0.00
1314853494617240,20141228,2500.00,2500.00,0,0,0.00,0.00,0.00,2500.00,0.00
1314853494617240,20141229,2500.00,2500.00,0,0,0.00,0.00,0.00,2500.00,0.00
1314853494617240,20141230,2500.00,2500.00,0,0,0.00,0.00,0.00,2500.00,0.00
1314853494617240,20141231,2500.00,2500.00,0,0,0.00,0.00,0.00,2500.00,0.00
1314853494617240,20150103,2500.00,2500.00,0,0,0.00,0.00,0.00,2500.00,0.00
1314853494617240,20150104,2500.00,2500.00,0,0,0.00,0.00,0.00,2500.00,0.00
1314853494617240,20150105,2500.00,2500.00,0,0,0.00,0.00,0.00,2500.00,0.00
1314853494617240,20150106,2500.00,2500.00,0,0,0.00,0.00,0.00,2500.00,0.00
1314853494617240,20150107,2500.00,2500.00,0,0,0.00,0.00,0.00,2500.00,0.00
1314853494617240,20150110,2500.00,2500.00,0,0,0.00,0.00,0.00,2500.00,0.00
1314853494617240,20150111,2500.00,2500.00,0,0,0.00,0.00,0.00,2500.00,0.00
1314853494617240,20150112,2500.00,2500.00,0,0,0.00,0.00,0.00,2500.00,0.00
1314853494617240,20150113,2500.00,2500.00,0,0,0.00,0.00,0.00,2500.00,0.00
1314853494617240,20150114,2500.00,2500.00,0,0,0.00,0.00,0.00,2500.00,0.00
1314853494617240,20150117,2500.00,2500.00,0,0,0.00,0.00,0.00,2500.00,0.00
1314853494617240,20150118,2500.00,2500.00,0,0,0.00,0.00,0.00,2500.00,0.00
1314853494617240,20150119,2500.00,2500.00,0,0,0.00,0.00,0.00,2500.00,0.00
1314853494617240,20150120,2500.00,2500.00,0,0,0.00,0.00,0.00,2500.00,0.00
1314853494617240,20150121,2500.00,2500.00,0,0,0.00,0.00,0.00,2500.00,0.00
1314853494617240,20150124,2500.00,2500.00,0,0,0.00,0.00,0.00,2500.00,0.00
1314853494617240,20150125,2500.00,2500.00,0,0,0.00,0.00,0.00,2500.00,0.00
1314853494617240,20150126,2500.00,2500.00,0,0,0.00,0.00,0.00,2500.00,0.00
1314853494617240,20150127,2500.00,2500.00,0,0,0.00,0.00,0.00,2500.00,0.00
1314853494617240,20150128,2500.00,2500.00,0,0,0.00,0.00,0.00,2500.00,0.00
1314853494617240,20150131,2500.00,2500.00,0,0,0.00,0.00,0.00,2500.00,0.00
1314853494617240,20150201,2500.00,2500.00,0,0,0.00,0.00,0.00,2500.00,0.00
1314853494617240,20150202,2500.00,2500.00,0,0,0.00,0.00,0.00,2500.00,0.00
1314853494617240,20150203,2500.00,2500.00,0,0,0.00,0.00,0.00,2500.00,0.00
1314853494617240,20150204,2500.00,2500.00,0,0,0.00,0.00,0.00,2500.00,0.00
1314853494617240,20150207,2500.00,2500.00,0,0,0.00,0.00,0.00,2500.00,0.00
1314853494617240,20150208,2500.00,2500.00,0,0,0.00,0.00,0.00,2500.00,0.00
1314853494617240,20150209,2500.00,2500.00,0,0,0.00,0.00,0.00,2500.00,0.00
1314853494617240,20150210,2500.00,2500.00,0,0,0.00,0.00,0.00,2500.00,0.00
1314853494617240,20150214,2500.00,2500.00,0,0,0.00,0.00,0.00,2500.00,0.00
1314853494617240,20150215,2500.00,2500.00,0,0,0.00,0.00,0.00,2500.00,0.00
1314853494617240,20150216,2500.00,2500.00,0,0,0.00,0.00,0.00,2500.00,0.00
1314853494617240,20150217,2500.00,2500.00,0,0,0.00,0.00,0.00,2500.00,0.00
1314853494617240,20150218,2500.00,2500.00,0,0,0.00,0.00,0.00,2500.00,0.00
1314853494617240,20150221,2500.00,2500.00,0,0,0.00,0.00,0.00,2500.00,0.00
1314853494617240,20150222,2500.00,2500.00,0,0,0.00,0.00,0.00,2500.00,0.00
1314853494617240,20150223,2500.00,2500.00,0,0,0.00,0.00,0.00,2500.00,0.00
1314853494617240,20150224,2500.00,2500.00,0,0,0.00,0.00,0.00,2500.00,0.00
1314853494617240,20150225,2500.00,2500.00,0,0,0.00,0.00,0.00,2500.00,0.00
1314853494617240,20150228,2500.00,2500.00,0,0,0.00,0.00,0.00,2500.00,0.00
1314853494617240,20150301,2500.00,2500.00,0,0,0.00,0.00,0.00,2500.00,0.00
1314853494617240,20150302,2500.00,2500.00,0,0,0.00,0.00,0.00,2500.00,0.00
1314853494617240,20150303,2500.00,2500.00,0,0,0.00,0.00,0.00,2500.00,0.00
1314853494617240,20150304,2500.00,2500.00,0,0,0.00,0.00,0.00,2500.00,0.00
1314853494617240,20150307,2500.00,2500.00,0,0,0.00,0.00,0.00,2500.00,0.00
1314853494617240,20150308,2500.00,2500.00,0,0,0.00,0.00,0.00,2500.00,0.00
1314853494617240,20150309,2500.00,2500.00,0,0,0.00,0.00,0.00,2500.00,0.00
1314853494617240,20150310,2500.00,2500.00,0,0,0.00,0.00,0.00,2500.00,0.00
1314853494617240,20150311,2500.00,2500.00,0,0,0.00,0.00,0.00,2500.00,0.00
1314853494617240,20150314,2500.00,2500.00,0,0,0.00,0.00,0.00,2500.00,0.00
1314853494617240,20150315,2500.00,2500.00,0,0,0.00,0.00,0.00,2500.00,0.00
1314853494617240,20150316,2500.00,2500.00,0,0,0.00,0.00,0.00,2500.00,0.00
1314853494617240,20150317,2500.00,2500.00,0,0,0.00,0.00,0.00,2500.00,0.00
1314853494617240,20150318,2500.00,2500.00,0,0,0.00,0.00,0.00,2500.00,0.00
1314853494617240,20150325,2500.00,2500.00,0,0,0.00,0.00,0.00,2500.00,0.00
1314853494617240,20150328,2500.00,2500.00,0,0,0.00,0.00,0.00,2500.00,0.00
1314853494617240,20150329,2500.00,2500.00,0,0,0.00,0.00,0.00,2500.00,0.00
1314853494617240,20150330,2500.00,2500.00,0,0,0.00,0.00,0.00,2500.00,0.00
1314853494617240,20150331,2500.00,2500.00,0,0,0.00,0.00,0.00,2500.00,0.00
1314853494617240,20150404,2500.00,2500.00,0,0,0.00,0.00,0.00,2500.00,0.00
1314853494617240,20150405,2500.00,2500.00,0,0,0.00,0.00,0.00,2500.00,0.00
1314853494617240,20150406,2500.00,2500.00,0,0,0.00,0.00,0.00,2500.00,0.00
1314853494617240,20150407,2500.00,2500.00,0,0,0.00,0.00,0.00,2500.00,0.00
1314853494617240,20150408,2500.00,2500.00,0,0,0.00,0.00,0.00,2500.00,0.00
1314853494617240,20150411,2500.00,2500.00,0,0,0.00,0.00,0.00,2500.00,0.00
1314853494617240,20150412,2500.00,2500.00,0,0,0.00,0.00,0.00,2500.00,0.00
1314853494617240,20150413,2500.00,2500.00,0,0,0.00,0.00,0.00,2500.00,0.00
1314853494617240,20150414,2500.00,2500.00,0,0,0.00,0.00,0.00,2500.00,0.00
1314853494617240,20150415,2500.00,2500.00,0,0,0.00,0.00,0.00,2500.00,0.00
1314853494617240,20150418,2500.00,2500.00,0,0,0.00,0.00,0.00,2500.00,0.00
1314853494617240,20150419,2500.00,2500.00,0,0,0.00,0.00,0.00,2500.00,0.00
1314853494617240,20150420,2500.00,2500.00,0,0,0.00,0.00,0.00,2500.00,0.00
1314853494617240,20150421,2500.00,2500.00,0,0,0.00,0.00,0.00,2500.00,0.00
1314853494617240,20150422,2500.00,2500.00,0,0,0.00,0.00,0.00,2500.00,0.00
1314853494617240,20150425,2500.00,2500.00,0,0,0.00,0.00,0.00,2500.00,0.00
1314853494617240,20150426,2500.00,2500.00,0,0,0.00,0.00,0.00,2500.00,0.00
1314853494617240,20150427,2500.00,2500.00,0,0,0.00,0.00,0.00,2500.00,0.00
1314853494617240,20150428,2500.00,2500.00,0,0,0.00,0.00,0.00,2500.00,0.00
1314853494617240,20150429,2500.00,2500.00,0,0,0.00,0.00,0.00,2500.00,0.00
1314853494617240,20150503,2500.00,2500.00,0,0,0.00,0.00,0.00,2500.00,0.00
1314853494617240,20150504,2500.00,2500.00,0,0,0.00,0.00,0.00,2500.00,0.00
1314853494617240,20150505,2500.00,2500.00,0,0,0.00,0.00,0.00,2500.00,0.00
1314853494617240,20150506,2500.00,2500.00,0,0,0.00,0.00,0.00,2500.00,0.00
1314853494617240,20150509,2500.00,2500.00,0,0,0.00,0.00,0.00,2500.00,0.00
1314853494617240,20150510,2500.00,2500.00,0,0,0.00,0.00,0.00,2500.00,0.00
1314853494617240,20150511,2500.00,2500.00,0,0,0.00,0.00,0.00,2500.00,0.00
1314853494617240,20150512,2500.00,2500.00,0,0,0.00,0.00,0.00,2500.00,0.00
1314853494617240,20150513,2500.00,2500.00,0,0,0.00,0.00,0.00,2500.00,0.00
1314853494617240,20150517,2500.00,2500.00,0,0,0.00,0.00,0.00,2500.00,0.00
1314853494617240,20150518,2500.00,2500.00,0,0,0.00,0.00,0.00,2500.00,0.00
1314853494617240,20150519,2500.00,2500.00,0,0,0.00,0.00,0.00,2500.00,0.00
1314853494617240,20150520,2500.00,2500.00,0,0,0.00,0.00,0.00,2500.00,0.00
1314853494617240,20150523,2500.00,2500.00,0,0,0.00,0.00,0.00,2500.00,0.00
1314853494617240,20150524,2500.00,2500.00,0,0,0.00,0.00,0.00,2500.00,0.00
1314853494617240,20150525,2500.00,2500.00,0,0,0.00,0.00,0.00,2500.00,0.00
1314853494617240,20150526,2500.00,2500.00,0,0,0.00,0.00,0.00,2500.00,0.00
1314853494617240,20150527,2500.00,2500.00,0,0,0.00,0.00,0.00,2500.00,0.00
1314853494617240,20150530,2500.00,2500.00,0,0,0.00,0.00,0.00,2500.00,0.00
1314853494617240,20150531,2500.00,2500.00,0,0,0.00,0.00,0.00,2500.00,0.00
1314853494617240,20150601,2500.00,2500.00,0,0,0.00,0.00,0.00,2500.00,0.00
1314853494617240,20150602,2500.00,2500.00,0,0,0.00,0.00,0.00,2500.00,0.00
1314853494617240,20150606,2500.00,2500.00,0,0,0.00,0.00,0.00,2500.00,0.00
1314853494617240,20150607,2500.00,2500.00,0,0,0.00,0.00,0.00,2500.00,0.00
1314853494617240,20150608,2500.00,2500.00,0,0,0.00,0.00,0.00,2500.00,0.00
1314853494617240,20150609,2500.00,2500.00,0,0,0.00,0.00,0.00,2500.00,0.00
1314853494617240,20150610,2500.00,2500.00,0,0,0.00,0.00,0.00,2500.00,0.00
1314853494617240,20150613,2500.00,2500.00,0,0,0.00,0.00,0.00,2500.00,0.00
1314853494617240,20150614,2500.00,2500.00,0,0,0.00,0.00,0.00,2500.00,0.00
1314853494617240,20150615,2500.00,2500.00,0,0,0.00,0.00,0.00,2500.00,0.00
1314853494617240,20150616,2500.00,2500.00,0,0,0.00,0.00,0.00,2500.00,0.00
1314853494617240,20150617,2500.00,2500.00,0,0,0.00,0.00,0.00,2500.00,0.00
1314853494617240,20150620,2500.00,2500.00,0,0,0.00,0.00,0.00,2500.00,0.00
1314853494617240,20150621,2500.00,2500.00,0,0,0.00,0.00,0.00,2500.00,0.00
1314853494617240,20150622,2500.00,2500.00,0,0,0.00,0.00,0.00,2500.00,0.00
1314853494617240,20150623,2500.00,2500.00,0,0,0.00,0.00,0.00,2500.00,0.00
1314853494617240,20150624,2500.00,2500.00,0,0,0.00,0.00,0.00,2500.00,0.00
1314853494617240,20150627,2500.00,2500.00,0,0,0.00,0.00,0.00,2500.00,0.00
1314853494617240,20150628,2500.00,2500.00,0,0,0.00,0.00,0.00,2500.00,0.00
1314853494617240,20150629,2500.00,2500.00,0,0,0.00,0.00,0.00,2500.00,0.00
1314853494617240,20150630,2500.00,2500.00,0,0,0.00,0.00,0.00,2500.00,0.00
1314853494617240,20150701,2500.00,2500.00,0,0,0.00,0.00,0.00,2500.00,0.00
1314853494617240,20150704,2500.00,2500.00,0,0,0.00,0.00,0.00,2500.00,0.00
1314853494617240,20150705,2500.00,2500.00,0,0,0.00,0.00,0.00,2500.00,0.00
1314853494617240,20150706,2500.00,2500.00,0,0,0.00,0.00,0.00,2500.00,0.00
1314853494617240,20150707,2500.00,2500.00,0,0,0.00,0.00,0.00,2500.00,0.00
1314853494617240,20150711,2500.00,2500.00,0,0,0.00,0.00,0.00,2500.00,0.00
1314853494617240,20150712,2500.00,2500.00,0,0,0.00,0.00,0.00,2500.00,0.00
1314853494617240,20150713,2500.00,2500.00,0,0,0.00,0.00,0.00,2500.00,0.00
1314853494617240,20150714,2500.00,2500.00,0,0,0.00,0.00,0.00,2500.00,0.00
1314853494617240,20150715,2500.00,2500.00,0,0,0.00,0.00,0.00,2500.00,0.00
1314853494617240,20150719,2500.00,2500.00,0,0,0.00,0.00,0.00,2500.00,0.00
1314853494617240,20150720,2500.00,2500.00,0,0,0.00,0.00,0.00,2500.00,0.00
1314853494617240,20150721,2500.00,2500.00,0,0,0.00,0.00,0.00,2500.00,0.00
1314853494617240,20150722,2500.00,2500.00,0,0,0.00,0.00,0.00,2500.00,0.00
1314853494617240,20150725,2500.00,2500.00,0,0,0.00,0.00,0.00,2500.00,0.00
1314853494617240,20150726,2500.00,2500.00,0,0,0.00,0.00,0.00,2500.00,0.00
1314853494617240,20150727,2500.00,2500.00,0,0,0.00,0.00,0.00,2500.00,0.00
1314853494617240,20150728,2500.00,2500.00,0,0,0.00,0.00,0.00,2500.00,0.00
1314853494617240,20150729,2500.00,2500.00,0,0,0.00,0.00,0.00,2500.00,0.00
1314853494617240,20150801,2500.00,2500.00,0,0,0.00,0.00,0.00,2500.00,0.00
1314853494617240,20150802,2500.00,2500.00,0,0,0.00,0.00,0.00,2500.00,0.00
1314853494617240,20150803,2500.00,2500.00,0,0,0.00,0.00,0.00,2500.00,0.00
1314853494617240,20150804,2500.00,2500.00,0,0,0.00,0.00,0.00,2500.00,0.00
1314853494617240,20150805,2500.00,2500.00,0,0,0.00,0.00,0.00,2500.00,0.00
1314853494617240,20150808,2500.00,2500.00,0,0,0.00,0.00,0.00,2500.00,0.00
1314853494617240,20150809,2500.00,2500.00,0,0,0.00,0.00,0.00,2500.00,0.00
1314853494617240,20150810,2500.00,2500.00,0,0,0.00,0.00,0.00,2500.00,0.00
1314853494617240,20150812,2500.00,2500.00,0,0,0.00,0.00,0.00,2500.00,0.00
1314853494617240,20150815,2500.00,2500.00,0,0,0.00,0.00,0.00,2500.00,0.00
1314853494617240,20150816,2500.00,2500.00,0,0,0.00,0.00,0.00,2500.00,0.00
1314853494617240,20150817,2500.00,2500.00,0,0,0.00,0.00,0.00,2500.00,0.00
1314853494617240,20150818,2500.00,2500.00,0,0,0.00,0.00,0.00,2500.00,0.00
1314853494617240,20150819,2500.00,2500.00,0,0,0.00,0.00,0.00,2500.00,0.00
1314853494617240,20150822,2500.00,2500.00,0,0,0.00,0.00,0.00,2500.00,0.00
1314853494617240,20150823,2500.00,2500.00,0,0,0.00,0.00,0.00,2500.00,0.00
1314853494617240,20150824,2500.00,2500.00,0,0,0.00,0.00,0.00,2500.00,0.00
1314853494617240,20150825,2500.00,2500.00,0,0,0.00,0.00,0.00,2500.00,0.00
1314853494617240,20150826,2500.00,2500.00,0,0,0.00,0.00,0.00,2500.00,0.00
1314853494617240,20150829,2500.00,2500.00,0,0,0.00,0.00,0.00,2500.00,0.00
1314853494617240,20150830,2500.00,2500.00,0,0,0.00,0.00,0.00,2500.00,0.00
1314853494617240,20150831,2500.00,2500.00,0,0,0.00,0.00,0.00,2500.00,0.00
1314853494617240,20150901,2500.00,2500.00,0,0,0.00,0.00,0.00,2500.00,0.00
1314853494617240,20150902,2500.00,2500.00,0,0,0.00,0.00,0.00,2500.00,0.00
1314853494617240,20150905,2500.00,2500.00,0,0,0.00,0.00,0.00,2500.00,0.00
1314853494617240,20150906,2500.00,2500.00,0,0,0.00,0.00,0.00,2500.00,0.00
1314853494617240,20150907,2500.00,2500.00,0,0,0.00,0.00,0.00,2500.00,0.00
1314853494617240,20150908,2500.00,2500.00,0,0,0.00,0.00,0.00,2500.00,0.00
1314853494617240,20150909,2500.00,2500.00,0,0,0.00,0.00,0.00,2500.00,0.00
1314853494617240,20150912,2500.00,2500.00,0,0,0.00,0.00,0.00,2500.00,0.00
1314853494617240,20150913,2500.00,2500.00,0,0,0.00,0.00,0.00,2500.00,0.00
1314853494617240,20150914,2500.00,2500.00,0,0,0.00,0.00,0.00,2500.00,0.00
1314853494617240,20150915,2500.00,2500.00,0,0,0.00,0.00,0.00,2500.00,0.00
1314853494617240,20150916,2500.00,2500.00,0,0,0.00,0.00,0.00,2500.00,0.00
1314853494617240,20150919,2500.00,2500.00,0,0,0.00,0.00,0.00,2500.00,0.00
1314853494617240,20150920,2500.00,2500.00,0,0,0.00,0.00,0.00,2500.00,0.00
1314853494617240,20150921,2500.00,2500.00,0,0,0.00,0.00,0.00,2500.00,0.00
1314853494617240,20150922,2500.00,2500.00,0,0,0.00,0.00,0.00,2500.00,0.00
1314853494617240,20150923,2500.00,2500.00,0,0,0.00,0.00,0.00,2500.00,0.00
1314853494617240,20150926,2500.00,2500.00,0,0,0.00,0.00,0.00,2500.00,0.00
1314853494617240,20150927,2500.00,2500.00,0,0,0.00,0.00,0.00,2500.00,0.00
1314853494617240,20150928,2500.00,2500.00,0,0,0.00,0.00,0.00,2500.00,0.00
1314853494617240,20150929,2500.00,2500.00,0,0,0.00,0.00,0.00,2500.00,0.00
1314853494617240,20150930,2500.00,2500.00,0,0,0.00,0.00,0.00,2500.00,0.00
1314853494617240,20151003,2500.00,2500.00,0,0,0.00,0.00,0.00,2500.00,0.00
1314853494617240,20151004,2500.00,2500.00,0,0,0.00,0.00,0.00,2500.00,0.00
1314853494617240,20151005,2500.00,2500.00,0,0,0.00,0.00,0.00,2500.00,0.00
1314853494617240,20151006,2500.00,2500.00,0,0,0.00,0.00,0.00,2500.00,0.00
1314853494617240,20151007,2500.00,2500.00,0,0,0.00,0.00,0.00,2500.00,0.00
1314853494617240,20151010,2500.00,2500.00,0,0,0.00,0.00,0.00,2500.00,0.00
1314853494617240,20151011,2500.00,2500.00,0,0,0.00,0.00,0.00,2500.00,0.00
1314853494617240,20151012,2500.00,2500.00,0,0,0.00,0.00,0.00,2500.00,0.00
1314853494617240,20151013,2500.00,2500.00,0,0,0.00,0.00,0.00,2500.00,0.00
1314853494617240,20151014,2500.00,2500.00,0,0,0.00,0.00,0.00,2500.00,0.00
1314853494617240,20151017,2500.00,2500.00,0,0,0.00,0.00,0.00,2500.00,0.00
1314853494617240,20151018,2500.00,2500.00,0,0,0.00,0.00,0.00,2500.00,0.00
1314853494617240,20151019,2500.00,2500.00,0,0,0.00,0.00,0.00,2500.00,0.00
1314853494617240,20151020,2500.00,2500.00,0,0,0.00,0.00,0.00,2500.00,0.00
1314853494617240,20151021,2500.00,2500.00,0,0,0.00,0.00,0.00,2500.00,0.00
1314853494617240,20151025,2500.00,2500.00,0,0,0.00,0.00,0.00,2500.00,0.00
1314853494617240,20151026,2500.00,2500.00,0,0,0.00,0.00,0.00,2500.00,0.00
1314853494617240,20151027,2500.00,2500.00,0,0,0.00,0.00,0.00,2500.00,0.00
1314853494617240,20151028,2500.00,2500.00,0,0,0.00,0.00,0.00,2500.00,0.00
1314853494617240,20151031,2500.00,2500.00,0,0,0.00,0.00,0.00,2500.00,0.00
1314853494617240,20151101,2500.00,2500.00,0,0,0.00,0.00,0.00,2500.00,0.00
1314853494617240,20151102,2500.00,2500.00,0,0,0.00,0.00,0.00,2500.00,0.00
1314853494617240,20151103,2500.00,2500.00,0,0,0.00,0.00,0.00,2500.00,0.00
1314853494617240,20151104,2500.00,2500.00,0,0,0.00,0.00,0.00,2500.00,0.00
1314853494617240,20151107,2500.00,2500.00,0,0,0.00,0.00,0.00,2500.00,0.00
1314853494617240,20151108,2500.00,2500.00,0,0,0.00,0.00,0.00,2500.00,0.00
1314853494617240,20151109,2500.00,2500.00,0,0,0.00,0.00,0.00,2500.00,0.00
1314853494617240,20151110,2500.00,2500.00,0,0,0.00,0.00,0.00,2500.00,0.00
1314853494617240,20151111,2500.00,2500.00,0,0,0.00,0.00,0.00,2500.00,0.00
1314853494617240,20151114,2500.00,2500.00,0,0,0.00,0.00,0.00,2500.00,0.00
1314853494617240,20151115,2500.00,2500.00,0,0,0.00,0.00,0.00,2500.00,0.00
1314853494617240,20151116,2500.00,2500.00,0,0,0.00,0.00,0.00,2500.00,0.00
1314853494617240,20151117,2500.00,2500.00,0,0,0.00,0.00,0.00,2500.00,0.00
1314853494617240,20151118,2500.00,2500.00,0,0,0.00,0.00,0.00,2500.00,0.00
1314853494617240,20151121,2500.00,2500.00,0,0,0.00,0.00,0.00,2500.00,0.00
1314853494617240,20151122,2500.00,2500.00,0,0,0.00,0.00,0.00,2500.00,0.00
1314853494617240,20151123,2500.00,2500.00,0,0,0.00,0.00,0.00,2500.00,0.00
1314853494617240,20151124,2500.00,2500.00,0,0,0.00,0.00,0.00,2500.00,0.00
1314853494617240,20151125,2500.00,2500.00,0,0,0.00,0.00,0.00,2500.00,0.00
1314853494617240,20151128,2500.00,2500.00,0,0,0.00,0.00,0.00,2500.00,0.00
1314853494617240,20151129,2500.00,2500.00,0,0,0.00,0.00,0.00,2500.00,0.00
1314853494617240,20151130,2500.00,2500.00,0,0,0.00,0.00,0.00,2500.00,0.00
1314853494617240,20151201,2500.00,2500.00,0,0,0.00,0.00,0.00,2500.00,0.00
1314853494617240,20151205,2500.00,2500.00,0,0,0.00,0.00,0.00,2500.00,0.00
1314853494617240,20151206,2500.00,2500.00,0,0,0.00,0.00,0.00,2500.00,0.00
1314853494617240,20151207,2500.00,2500.00,0,0,0.00,0.00,0.00,2500.00,0.00
1314853494617240,20151208,2500.00,2500.00,0,0,0.00,0.00,0.00,2500.00,0.00
1314853494617240,20151209,2500.00,2500.00,0,0,0.00,0.00,0.00,2500.00,0.00
1314853494617240,20151213,2500.00,2500.00,0,0,0.00,0.00,0.00,2500.00,0.00
1314853494617240,20151214,2500.00,2500.00,0,0,0.00,0.00,0.00,2500.00,0.00
1314853494617240,20151215,2500.00,2500.00,0,0,0.00,0.00,0.00,2500.00,0.00
1314853494617240,20151216,2500.00,2500.00,0,0,0.00,0.00,0.00,2500.00,0.00
1314853494617240,20151219,2500.00,2500.00,0,0,0.00,0.00,0.00,2500.00,0.00
1314853494617240,20151220,2500.00,2500.00,0,0,0.00,0.00,0.00,2500.00,0.00
1314853494617240,20151221,2500.00,2500.00,0,0,0.00,0.00,0.00,2500.00,0.00
1314853494617240,20151222,2500.00,2500.00,0,0,0.00,0.00,0.00,2500.00,0.00
1314853494617240,20151223,2500.00,2500.00,0,0,0.00,0.00,0.00,2500.00,0.00
1314853494617240,20151226,2500.00,2500.00,0,0,0.00,0.00,0.00,2500.00,0.00
1314853494617240,20151227,2500.00,2500.00,0,0,0.00,0.00,0.00,2500.00,0.00
1314853494617240,20151228,2500.00,2500.00,0,0,0.00,0.00,0.00,2500.00,0.00
1314853494617240,20151230,2500.00,2500.00,0,0,0.00,0.00,0.00,2500.00,0.00
1314853494617240,20160102,2500.00,2500.00,0,0,0.00,0.00,0.00,2500.00,0.00
1314853494617240,20160103,2500.00,2500.00,0,0,0.00,0.00,0.00,2500.00,0.00
1314853494617240,20160104,2500.00,2500.00,0,0,0.00,0.00,0.00,2500.00,0.00
1314853494617240,20160105,2500.00,2500.00,0,0,0.00,0.00,0.00,2500.00,0.00
1314853494617240,20160106,2500.00,2500.00,0,0,0.00,0.00,0.00,2500.00,0.00
1314853494617240,20160109,2500.00,2500.00,0,0,0.00,0.00,0.00,2500.00,0.00
1314853494617240,20160110,2500.00,2500.00,0,0,0.00,0.00,0.00,2500.00,0.00
1314853494617240,20160111,2500.00,2500.00,0,0,0.00,0.00,0.00,2500.00,0.00
1314853494617240,20160112,2500.00,2500.00,0,0,0.00,0.00,0.00,2500.00,0.00
1314853494617240,20160113,2500.00,2500.00,0,0,0.00,0.00,0.00,2500.00,0.00
1314853494617240,20160116,2500.00,2500.00,0,0,0.00,0.00,0.00,2500.00,0.00
1314853494617240,20160117,2500.00,2500.00,0,0,0.00,0.00,0.00,2500.00,0.00
1314853494617240,20160118,2500.00,2500.00,0,0,0.00,0.00,0.00,2500.00,0.00
1314853494617240,20160119,2500.00,2500.00,0,0,0.00,0.00,0.00,2500.00,0.00
1314853494617240,20160120,2500.00,2500.00,0,0,0.00,0.00,0.00,2500.00,0.00
1314853494617240,20160123,2500.00,2500.00,0,0,0.00,0.00,0.00,2500.00,0.00
1314853494617240,20160124,2500.00,2500.00,0,0,0.00,0.00,0.00,2500.00,0.00
1314853494617240,20160125,2500.00,2500.00,0,0,0.00,0.00,0.00,2500.00,0.00
1314853494617240,20160126,2500.00,2500.00,0,0,0.00,0.00,0.00,2500.00,0.00
1314853494617240,20160127,2500.00,2500.00,0,0,0.00,0.00,0.00,2500.00,0.00
1314853494617240,20160130,2500.00,2500.00,0,0,0.00,0.00,0.00,2500.00,0.00
1314853494617240,20160131,2500.00,2500.00,0,0,0.00,0.00,0.00,2500.00,0.00
1314853494617240,20160201,2500.00,2500.00,0,0,0.00,0.00,0.00,2500.00,0.00
1314853494617240,20160202,2500.00,2500.00,0,0,0.00,0.00,0.00,2500.00,0.00
1314853494617240,20160203,2500.00,2500.00,0,0,0.00,0.00,0.00,2500.00,0.00
1314853494617240,20160206,2500.00,2500.00,0,0,0.00,0.00,0.00,2500.00,0.00
1314853494617240,20160207,2500.00,2500.00,0,0,0.00,0.00,0.00,2500.00,0.00
1314853494617240,20160208,2500.00,2500.00,0,0,0.00,0.00,0.00,2500.00,0.00
1314853494617240,20160209,2500.00,2500.00,0,0,0.00,0.00,0.00,2500.00,0.00
1314853494617240,20160210,2500.00,2500.00,0,0,0.00,0.00,0.00,2500.00,0.00
1314853494617240,20160213,2500.00,2500.00,0,0,0.00,0.00,0.00,2500.00,0.00
1314853494617240,20160214,2500.00,2500.00,0,0,0.00,0.00,0.00,2500.00,0.00
1314853494617240,20160215,2500.00,2500.00,0,0,0.00,0.00,0.00,2500.00,0.00
1314853494617240,20160216,2500.00,2500.00,0,0,0.00,0.00,0.00,2500.00,0.00
1314853494617240,20160217,2500.00,2500.00,0,0,0.00,0.00,0.00,2500.00,0.00
1314853494617240,20160220,2500.00,2500.00,0,0,0.00,0.00,0.00,2500.00,0.00
1314853494617240,20160221,2500.00,2500.00,0,0,0.00,0.00,0.00,2500.00,0.00
1314853494617240,20160222,2500.00,2500.00,0,0,0.00,0.00,0.00,2500.00,0.00
1314853494617240,20160223,2500.00,2500.00,0,0,0.00,0.00,0.00,2500.00,0.00
1314853494617240,20160224,2500.00,2500.00,0,0,0.00,0.00,0.00,2500.00,0.00
1314853494617240,20160227,2500.00,2500.00,0,0,0.00,0.00,0.00,2500.00,0.00
1314853494617240,20160228,2500.00,2500.00,0,0,0.00,0.00,0.00,2500.00,0.00
1314853494617240,20160229,2500.00,2500.00,0,0,0.00,0.00,0.00,2500.00,0.00
1314853494617240,20160301,2500.00,2500.00,0,0,0.00,0.00,0.00,2500.00,0.00
1314853494617240,20160302,2500.00,2500.00,0,0,0.00,0.00,0.00,2500.00,0.00
1314853494617240,20160305,2500.00,2500.00,0,0,0.00,0.00,0.00,2500.00,0.00
1314853494617240,20160306,2500.00,2500.00,0,0,0.00,0.00,0.00,2500.00,0.00
1314853494617240,20160307,2500.00,2500.00,0,0,0.00,0.00,0.00,2500.00,0.00
1314853494617240,20160308,2500.00,2500.00,0,0,0.00,0.00,0.00,2500.00,0.00
1314853494617240,20160309,2500.00,2500.00,0,0,0.00,0.00,0.00,2500.00,0.00
1314853494617240,20160312,2500.00,2500.00,0,0,0.00,0.00,0.00,2500.00,0.00
1314853494617240,20160314,2500.00,2500.00,0,0,0.00,0.00,0.00,2500.00,0.00
1314853494617240,20160315,2500.00,2500.00,0,0,0.00,0.00,0.00,2500.00,0.00
1314853494617240,20160316,2500.00,2500.00,0,0,0.00,0.00,0.00,2500.00,0.00
1314853494617240,20160326,2500.00,2500.00,0,0,0.00,0.00,0.00,2500.00,0.00
1314853494617240,20160327,2500.00,2500.00,0,0,0.00,0.00,0.00,2500.00,0.00
1314853494617240,20160328,2500.00,2500.00,0,0,0.00,0.00,0.00,2500.00,0.00
1314853494617240,20160329,2500.00,2500.00,0,0,0.00,0.00,0.00,2500.00,0.00
1314853494617240,20160330,2500.00,2500.00,0,0,0.00,0.00,0.00,2500.00,0.00
1314853494617240,20160402,2500.00,2500.00,0,0,0.00,0.00,0.00,2500.00,0.00
1314853494617240,20160403,2500.00,2500.00,0,0,0.00,0.00,0.00,2500.00,0.00
1314853494617240,20160404,2500.00,2500.00,0,0,0.00,0.00,0.00,2500.00,0.00
1314853494617240,20160405,2500.00,2500.00,0,0,0.00,0.00,0.00,2500.00,0.00
1314853494617240,20160406,2500.00,2500.00,0,0,0.00,0.00,0.00,2500.00,0.00
1314853494617240,20160409,2500.00,2500.00,0,0,0.00,0.00,0.00,2500.00,0.00
1314853494617240,20160410,2500.00,2500.00,0,0,0.00,0.00,0.00,2500.00,0.00
1314853494617240,20160411,2500.00,2500.00,0,0,0.00,0.00,0.00,2500.00,0.00
1314853494617240,20160412,2500.00,2500.00,0,0,0.00,0.00,0.00,2500.00,0.00
1314853494617240,20160413,2500.00,2500.00,0,0,0.00,0.00,0.00,2500.00,0.00
1314853494617240,20160416,2500.00,2500.00,0,0,0.00,0.00,0.00,2500.00,0.00
1314853494617240,20160417,2500.00,2500.00,0,0,0.00,0.00,0.00,2500.00,0.00
1314853494617240,20160418,2500.00,2500.00,0,0,0.00,0.00,0.00,2500.00,0.00
1314853494617240,20160419,2500.00,2500.00,0,0,0.00,0.00,0.00,2500.00,0.00
1314853494617240,20160420,2500.00,2500.00,0,0,0.00,0.00,0.00,2500.00,0.00
1314853494617240,20160423,2500.00,2500.00,0,0,0.00,0.00,0.00,2500.00,0.00
1314853494617240,20160424,2500.00,2500.00,0,0,0.00,0.00,0.00,2500.00,0.00
1314853494617240,20160425,2500.00,2500.00,0,0,0.00,0.00,0.00,2500.00,0.00
1314853494617240,20160426,2500.00,2500.00,0,0,0.00,0.00,0.00,2500.00,0.00
1314853494617240,20160427,2500.00,2500.00,0,0,0.00,0.00,0.00,2500.00,0.00
1314853494617240,20160430,2500.00,2500.00,0,0,0.00,0.00,0.00,2500.00,0.00
1314853494617240,20160501,2500.00,2500.00,0,0,0.00,0.00,0.00,2500.00,0.00
1314853494617240,20160502,2500.00,2500.00,0,0,0.00,0.00,0.00,2500.00,0.00
1314853494617240,20160503,2500.00,2500.00,0,0,0.00,0.00,0.00,2500.00,0.00
1314853494617240,20160504,2500.00,2500.00,0,0,0.00,0.00,0.00,2500.00,0.00
1314853494617240,20160507,2500.00,2500.00,0,0,0.00,0.00,0.00,2500.00,0.00
1314853494617240,20160508,2500.00,2500.00,0,0,0.00,0.00,0.00,2500.00,0.00
1314853494617240,20160509,2500.00,2500.00,0,0,0.00,0.00,0.00,2500.00,0.00
1314853494617240,20160510,2500.00,2500.00,0,0,0.00,0.00,0.00,2500.00,0.00
1314853494617240,20160511,2500.00,2500.00,0,0,0.00,0.00,0.00,2500.00,0.00
1314853494617240,20160514,2500.00,2500.00,0,0,0.00,0.00,0.00,2500.00,0.00
1314853494617240,20160515,2500.00,2500.00,0,0,0.00,0.00,0.00,2500.00,0.00
1314853494617240,20160516,2500.00,2500.00,0,0,0.00,0.00,0.00,2500.00,0.00
1314853494617240,20160517,2500.00,2500.00,0,0,0.00,0.00,0.00,2500.00,0.00
1314853494617240,20160518,2500.00,2500.00,0,0,0.00,0.00,0.00,2500.00,0.00
1314853494617240,20160521,2500.00,2500.00,0,0,0.00,0.00,0.00,2500.00,0.00
1314853494617240,20160523,2500.00,2500.00,0,0,0.00,0.00,0.00,2500.00,0.00
1314853494617240,20160524,2500.00,2500.00,0,0,0.00,0.00,0.00,2500.00,0.00
1314853494617240,20160525,2500.00,2500.00,0,0,0.00,0.00,0.00,2500.00,0.00
1314853494617240,20160528,2500.00,2500.00,0,0,0.00,0.00,0.00,2500.00,0.00
1314853494617240,20160529,2500.00,2500.00,0,0,0.00,0.00,0.00,2500.00,0.00
1314853494617240,20160530,2500.00,2500.00,0,0,0.00,0.00,0.00,2500.00,0.00
1314853494617240,20160531,2500.00,2500.00,0,0,0.00,0.00,0.00,2500.00,0.00
1314853494617240,20160601,2500.00,2500.00,0,0,0.00,0.00,0.00,2500.00,0.00
1314853494617240,20160605,2500.00,2500.00,0,0,0.00,0.00,0.00,2500.00,0.00
1314853494617240,20160606,2500.00,2500.00,0,0,0.00,0.00,0.00,2500.00,0.00
1314853494617240,20160607,2500.00,2500.00,0,0,0.00,0.00,0.00,2500.00,0.00
1314853494617240,20160608,2500.00,2500.00,0,0,0.00,0.00,0.00,2500.00,0.00
1314853494617240,20160611,2500.00,2500.00,0,0,0.00,0.00,0.00,2500.00,0.00
1314853494617240,20160612,2500.00,2500.00,0,0,0.00,0.00,0.00,2500.00,0.00
1314853494617240,20160613,2500.00,2500.00,0,0,0.00,0.00,0.00,2500.00,0.00
1314853494617240,20160614,2500.00,2500.00,0,0,0.00,0.00,0.00,2500.00,0.00
1314853494617240,20160615,2500.00,2500.00,0,0,0.00,0.00,0.00,2500.00,0.00
1314853494617240,20160618,2500.00,2500.00,0,0,0.00,0.00,0.00,2500.00,0.00
1314853494617240,20160619,2500.00,2500.00,0,0,0.00,0.00,0.00,2500.00,0.00
1314853494617240,20160620,2500.00,2500.00,0,0,0.00,0.00,0.00,2500.00,0.00
1314853494617240,20160621,2500.00,2500.00,0,0,0.00,0.00,0.00,2500.00,0.00
1314853494617240,20160622,2500.00,2500.00,0,0,0.00,0.00,0.00,2500.00,0.00
1314853494617240,20160625,2500.00,2500.00,0,0,0.00,0.00,0.00,2500.00,0.00
1314853494617240,20160626,2500.00,2500.00,0,0,0.00,0.00,0.00,2500.00,0.00
1314853494617240,20160628,2500.00,2500.00,0,0,0.00,0.00,0.00,2500.00,0.00
1314853494617240,20160629,2500.00,2500.00,0,0,0.00,0.00,0.00,2500.00,0.00
1314853494617240,20160702,2500.00,2500.00,0,0,0.00,0.00,0.00,2500.00,0.00
1314853494617240,20160703,2500.00,2500.00,0,0,0.00,0.00,0.00,2500.00,0.00
1314853494617240,20160704,2500.00,2500.00,0,0,0.00,0.00,0.00,2500.00,0.00
1314853494617240,20160705,2500.00,2500.00,0,0,0.00,0.00,0.00,2500.00,0.00
1314853494617240,20160709,2500.00,2500.00,0,0,0.00,0.00,0.00,2500.00,0.00
1314853494617240,20160710,2500.00,2500.00,0,0,0.00,0.00,0.00,2500.00,0.00
1314853494617240,20160711,2500.00,2500.00,0,0,0.00,0.00,0.00,2500.00,0.00
1314853494617240,20160712,2500.00,2500.00,0,0,0.00,0.00,0.00,2500.00,0.00
1314853494617240,20160713,2500.00,2500.00,0,0,0.00,0.00,0.00,2500.00,0.00
1314853494617240,20160716,2500.00,2500.00,0,0,0.00,0.00,0.00,2500.00,0.00
1314853494617240,20160717,2500.00,2500.00,0,0,0.00,0.00,0.00,2500.00,0.00
1314853494617240,20160718,2500.00,2500.00,0,0,0.00,0.00,0.00,2500.00,0.00
1314853494617240,20160719,2500.00,2500.00,0,0,0.00,0.00,0.00,2500.00,0.00
1314853494617240,20160720,2500.00,2500.00,0,0,0.00,0.00,0.00,2500.00,0.00
1314853494617240,20160723,2500.00,2500.00,0,0,0.00,0.00,0.00,2500.00,0.00
1314853494617240,20160724,2500.00,2500.00,0,0,0.00,0.00,0.00,2500.00,0.00
1314853494617240,20160725,2500.00,2500.00,0,0,0.00,0.00,0.00,2500.00,0.00
1314853494617240,20160726,2500.00,2500.00,0,0,0.00,0.00,0.00,2500.00,0.00
1314853494617240,20160727,2500.00,2500.00,0,0,0.00,0.00,0.00,2500.00,0.00
1314853494617240,20160731,2500.00,2500.00,0,0,0.00,0.00,0.00,2500.00,0.00
1314853494617240,20160801,2500.00,2500.00,0,0,0.00,0.00,0.00,2500.00,0.00
1314853494617240,20160802,2500.00,2500.00,0,0,0.00,0.00,0.00,2500.00,0.00
1314853494617240,20160803,2500.00,2500.00,0,0,0.00,0.00,0.00,2500.00,0.00
1314853494617240,20160806,2500.00,2500.00,0,0,0.00,0.00,0.00,2500.00,0.00
1314853494617240,20160807,2500.00,2500.00,0,0,0.00,0.00,0.00,2500.00,0.00
1314853494617240,20160808,2500.00,2500.00,0,0,0.00,0.00,0.00,2500.00,0.00
1314853494617240,20160809,2500.00,2500.00,0,0,0.00,0.00,0.00,2500.00,0.00
1314853494617240,20160810,2500.00,2500.00,0,0,0.00,0.00,0.00,2500.00,0.00
1314853494617240,20160813,2500.00,2500.00,0,0,0.00,0.00,0.00,2500.00,0.00
1314853494617240,20160814,2500.00,2500.00,0,0,0.00,0.00,0.00,2500.00,0.00
1314853494617240,20160815,2500.00,2500.00,0,0,0.00,0.00,0.00,2500.00,0.00
1314853494617240,20160816,2500.00,2500.00,0,0,0.00,0.00,0.00,2500.00,0.00
1314853494617240,20160817,2500.00,2500.00,0,0,0.00,0.00,0.00,2500.00,0.00
1314853494617240,20160820,2500.00,2500.00,0,0,0.00,0.00,0.00,2500.00,0.00
1314853494617240,20160821,2500.00,2500.00,0,0,0.00,0.00,0.00,2500.00,0.00
1314853494617240,20160822,2500.00,2500.00,0,0,0.00,0.00,0.00,2500.00,0.00
1314853494617240,20160823,2500.00,2500.00,0,0,0.00,0.00,0.00,2500.00,0.00
1314853494617240,20160824,2500.00,2500.00,0,0,0.00,0.00,0.00,2500.00,0.00
1314853494617240,20160827,2500.00,2500.00,0,0,0.00,0.00,0.00,2500.00,0.00
1314853494617240,20160828,2500.00,2500.00,0,0,0.00,0.00,0.00,2500.00,0.00
1314853494617240,20160829,2500.00,2500.00,0,0,0.00,0.00,0.00,2500.00,0.00
1314853494617240,20160830,2500.00,2500.00,0,0,0.00,0.00,0.00,2500.00,0.00
1314853494617240,20160831,2500.00,2500.00,0,0,0.00,0.00,0.00,2500.00,0.00
1314853494617240,20160903,2500.00,2500.00,0,0,0.00,0.00,0.00,2500.00,0.00
1314853494617240,20160904,2500.00,2500.00,0,0,0.00,0.00,0.00,2500.00,0.00
1314853494617240,20160905,2500.00,2500.00,0,0,0.00,0.00,0.00,2500.00,0.00
1314853494617240,20160906,2500.00,2500.00,0,0,0.00,0.00,0.00,2500.00,0.00
1314853494617240,20160907,2500.00,2500.00,0,0,0.00,0.00,0.00,2500.00,0.00
1314853494617240,20160910,2500.00,2500.00,0,0,0.00,0.00,0.00,2500.00,0.00
1314853494617240,20160911,2500.00,2500.00,0,0,0.00,0.00,0.00,2500.00,0.00
1314853494617240,20160913,2500.00,2500.00,0,0,0.00,0.00,0.00,2500.00,0.00
1314853494617240,20160914,2500.00,2500.00,0,0,0.00,0.00,0.00,2500.00,0.00
1314853494617240,20160917,2500.00,2500.00,0,0,0.00,0.00,0.00,2500.00,0.00
1314853494617240,20160918,2500.00,2500.00,0,0,0.00,0.00,0.00,2500.00,0.00
1314853494617240,20160919,2500.00,2500.00,0,0,0.00,0.00,0.00,2500.00,0.00
1314853494617240,20160921,2500.00,2500.00,0,0,0.00,0.00,0.00,2500.00,0.00
1314853494617240,20160924,2500.00,2500.00,0,0,0.00,0.00,0.00,2500.00,0.00
1314853494617240,20160925,2500.00,2500.00,0,0,0.00,0.00,0.00,2500.00,0.00
1314853494617240,20160926,2500.00,2500.00,0,0,0.00,0.00,0.00,2500.00,0.00
1314853494617240,20160927,2500.00,2500.00,0,0,0.00,0.00,0.00,2500.00,0.00
1314853494617240,20160928,2500.00,2500.00,0,0,0.00,0.00,0.00,2500.00,0.00
1314853494617240,20161001,2500.00,2500.00,0,0,0.00,0.00,0.00,2500.00,0.00
1314853494617240,20161002,2500.00,2500.00,0,0,0.00,0.00,0.00,2500.00,0.00
1314853494617240,20161003,2500.00,2500.00,0,0,0.00,0.00,0.00,2500.00,0.00
1314853494617240,20161004,2500.00,2500.00,0,0,0.00,0.00,0.00,2500.00,0.00
1314853494617240,20161005,2500.00,2500.00,0,0,0.00,0.00,0.00,2500.00,0.00
1314853494617240,20161008,2500.00,2500.00,0,0,0.00,0.00,0.00,2500.00,0.00
1314853494617240,20161009,2500.00,2500.00,0,0,0.00,0.00,0.00,2500.00,0.00
1314853494617240,20161010,2500.00,2500.00,0,0,0.00,0.00,0.00,2500.00,0.00
1314853494617240,20161012,2500.00,2500.00,0,0,0.00,0.00,0.00,2500.00,0.00
1314853494617240,20161015,2500.00,2500.00,0,0,0.00,0.00,0.00,2500.00,0.00
1314853494617240,20161016,2500.00,2500.00,0,0,0.00,0.00,0.00,2500.00,0.00
1314853494617240,20161017,2500.00,2500.00,0,0,0.00,0.00,0.00,2500.00,0.00
1314853494617240,20161018,2500.00,2500.00,0,0,0.00,0.00,0.00,2500.00,0.00
1314853494617240,20161019,2500.00,2500.00,0,0,0.00,0.00,0.00,2500.00,0.00
1314853494617240,20161022,2500.00,2500.00,0,0,0.00,0.00,0.00,2500.00,0.00
1314853494617240,20161023,2500.00,2500.00,0,0,0.00,0.00,0.00,2500.00,0.00
1314853494617240,20161024,2500.00,2500.00,0,0,0.00,0.00,0.00,2500.00,0.00
1314853494617240,20161025,2500.00,2500.00,0,0,0.00,0.00,0.00,2500.00,0.00
1314853494617240,20161026,2500.00,2500.00,0,0,0.00,0.00,0.00,2500.00,0.00
1314853494617240,20161027,2500.00,2500.00,0,0,0.00,0.00,0.00,2500.00,0.00
1314853494617240,20161028,2500.00,2500.00,0,0,0.00,0.00,0.00,2500.00,0.00
1314853494617240,20161029,2500.00,2500.00,0,0,0.00,0.00,0.00,2500.00,0.00
1314853494617240,20161030,2500.00,2500.00,0,0,0.00,0.00,0.00,2500.00,0.00
1314853494617240,20161031,2500.00,2500.00,0,0,0.00,0.00,0.00,2500.00,0.00
1314853494617240,20161101,2500.00,2500.00,0,0,0.00,0.00,0.00,2500.00,0.00
1314853494617240,20161102,2500.00,2500.00,0,0,0.00,0.00,0.00,2500.00,0.00
1314853494617240,20161105,2500.00,2500.00,0,0,0.00,0.00,0.00,2500.00,0.00
1314853494617240,20161106,2500.00,2500.00,0,0,0.00,0.00,0.00,2500.00,0.00
1314853494617240,20161107,2500.00,2500.00,0,0,0.00,0.00,0.00,2500.00,0.00
1314853494617240,20161108,2500.00,2500.00,0,0,0.00,0.00,0.00,2500.00,0.00
1314853494617240,20161109,2500.00,2500.00,0,0,0.00,0.00,0.00,2500.00,0.00
1314853494617240,20161112,2500.00,2500.00,0,0,0.00,0.00,0.00,2500.00,0.00
1314853494617240,20161113,2500.00,2500.00,0,0,0.00,0.00,0.00,2500.00,0.00
1314853494617240,20161114,2500.00,2500.00,0,0,0.00,0.00,0.00,2500.00,0.00
1314853494617240,20161115,2500.00,2500.00,0,0,0.00,0.00,0.00,2500.00,0.00
1314853494617240,20161116,2500.00,2500.00,0,0,0.00,0.00,0.00,2500.00,0.00
1314853494617240,20161119,2500.00,2500.00,0,0,0.00,0.00,0.00,2500.00,0.00
1314853494617240,20161121,2500.00,2500.00,0,0,0.00,0.00,0.00,2500.00,0.00
1314853494617240,20161122,2500.00,2500.00,0,0,0.00,0.00,0.00,2500.00,0.00
1314853494617240,20161123,2500.00,2500.00,0,0,0.00,0.00,0.00,2500.00,0.00
1314853494617240,20161126,2500.00,2500.00,0,0,0.00,0.00,0.00,2500.00,0.00
1314853494617240,20161127,2500.00,2500.00,0,0,0.00,0.00,0.00,2500.00,0.00
1314853494617240,20161129,2500.00,2500.00,0,0,0.00,0.00,0.00,2500.00,0.00
1314853494617240,20161203,2500.00,2500.00,0,0,0.00,0.00,0.00,2500.00,0.00
1314853494617240,20161204,2500.00,2500.00,0,0,0.00,0.00,0.00,2500.00,0.00
1314853494617240,20161205,2500.00,2500.00,0,0,0.00,0.00,0.00,2500.00,0.00
1314853494617240,20161206,2500.00,2500.00,0,0,0.00,0.00,0.00,2500.00,0.00
1314853494617240,20161207,2500.00,2500.00,0,0,0.00,0.00,0.00,2500.00,0.00
1314853494617240,20161210,2500.00,2500.00,0,0,0.00,0.00,0.00,2500.00,0.00
1314853494617240,20161211,2500.00,2500.00,0,0,0.00,0.00,0.00,2500.00,0.00
1314853494617240,20161212,2500.00,2500.00,0,0,0.00,0.00,0.00,2500.00,0.00
1314853494617240,20161213,2500.00,2500.00,0,0,0.00,0.00,0.00,2500.00,0.00
1314853494617240,20161214,2500.00,2500.00,0,0,0.00,0.00,0.00,2500.00,0.00
1314853494617240,20161218,2500.00,2500.00,0,0,0.00,0.00,0.00,2500.00,0.00
1314853494617240,20161219,2500.00,2500.00,0,0,0.00,0.00,0.00,2500.00,0.00
1314853494617240,20161220,2500.00,2500.00,0,0,0.00,0.00,0.00,2500.00,0.00
1314853494617240,20161221,2500.00,2500.00,0,0,0.00,0.00,0.00,2500.00,0.00
1314853494617240,20161224,2500.00,2500.00,0,0,0.00,0.00,0.00,2500.00,0.00
1314853494617240,20161225,2500.00,2500.00,0,0,0.00,0.00,0.00,2500.00,0.00
1314853494617240,20161226,2500.00,2500.00,0,0,0.00,0.00,0.00,2500.00,0.00
1314853494617240,20161227,2500.00,2500.00,0,0,0.00,0.00,0.00,2500.00,0.00
1314853494617240,20161228,2500.00,2500.00,0,0,0.00,0.00,0.00,2500.00,0.00
1314853494617240,20161231,2500.00,2500.00,0,0,0.00,0.00,0.00,2500.00,0.00
1314853494617240,20170101,2500.00,2500.00,0,0,0.00,0.00,0.00,2500.00,0.00
1314853494617240,20170102,458.00,450.00,27,650000,297500000.00,450.00,500.00,2500.00,500.00
1314853494617240,20170103,438.00,416.00,25,835799,365909550.00,416.00,450.00,458.00,450.00
1314853494617240,20170104,459.00,481.00,84,2996689,1376107409.00,430.00,481.00,438.00,425.00
1314853494617240,20170107,487.00,480.00,33,1000000,486620955.00,480.00,504.00,459.00,480.00
1314853494617240,20170108,458.00,455.00,38,1000000,458320000.00,455.00,487.00,487.00,487.00
1314853494617240,20170109,458.00,455.00,0,0,0.00,0.00,0.00,458.00,0.00
1314853494617240,20170111,458.00,455.00,0,0,0.00,0.00,0.00,458.00,0.00
1314853494617240,20170114,458.00,455.00,0,0,0.00,0.00,0.00,458.00,0.00
1314853494617240,20170115,458.00,455.00,0,0,0.00,0.00,0.00,458.00,0.00
1314853494617240,20170116,458.00,455.00,0,0,0.00,0.00,0.00,458.00,0.00
1314853494617240,20170117,458.00,455.00,0,0,0.00,0.00,0.00,458.00,0.00
1314853494617240,20170118,458.00,455.00,0,0,0.00,0.00,0.00,458.00,0.00
1314853494617240,20170121,458.00,455.00,0,0,0.00,0.00,0.00,458.00,0.00
1314853494617240,20170122,458.00,455.00,0,0,0.00,0.00,0.00,458.00,0.00
1314853494617240,20170123,458.00,455.00,0,0,0.00,0.00,0.00,458.00,0.00
1314853494617240,20170124,458.00,455.00,0,0,0.00,0.00,0.00,458.00,0.00
1314853494617240,20170125,458.00,455.00,0,0,0.00,0.00,0.00,458.00,0.00
1314853494617240,20170128,458.00,455.00,0,0,0.00,0.00,0.00,458.00,0.00
1314853494617240,20170129,458.00,455.00,0,0,0.00,0.00,0.00,458.00,0.00
1314853494617240,20170130,458.00,455.00,0,0,0.00,0.00,0.00,458.00,0.00
1314853494617240,20170131,458.00,455.00,0,0,0.00,0.00,0.00,458.00,0.00
1314853494617240,20170201,458.00,455.00,0,0,0.00,0.00,0.00,458.00,0.00
1314853494617240,20170204,458.00,455.00,0,0,0.00,0.00,0.00,458.00,0.00
1314853494617240,20170205,458.00,455.00,0,0,0.00,0.00,0.00,458.00,0.00
1314853494617240,20170206,458.00,455.00,0,0,0.00,0.00,0.00,458.00,0.00
1314853494617240,20170207,458.00,455.00,0,0,0.00,0.00,0.00,458.00,0.00
1314853494617240,20170208,458.00,455.00,0,0,0.00,0.00,0.00,458.00,0.00
1314853494617240,20170211,458.00,455.00,0,0,0.00,0.00,0.00,458.00,0.00
1314853494617240,20170212,458.00,455.00,0,0,0.00,0.00,0.00,458.00,0.00
1314853494617240,20170213,458.00,455.00,0,0,0.00,0.00,0.00,458.00,0.00
1314853494617240,20170214,458.00,455.00,0,0,0.00,0.00,0.00,458.00,0.00
1314853494617240,20170215,458.00,455.00,0,0,0.00,0.00,0.00,458.00,0.00
1314853494617240,20170218,458.00,455.00,0,0,0.00,0.00,0.00,458.00,0.00
1314853494617240,20170219,458.00,455.00,0,0,0.00,0.00,0.00,458.00,0.00
1314853494617240,20170220,458.00,455.00,0,0,0.00,0.00,0.00,458.00,0.00
1314853494617240,20170221,458.00,455.00,0,0,0.00,0.00,0.00,458.00,0.00
1314853494617240,20170222,458.00,455.00,0,0,0.00,0.00,0.00,458.00,0.00
1314853494617240,20170225,458.00,455.00,0,0,0.00,0.00,0.00,458.00,0.00
1314853494617240,20170226,458.00,455.00,0,0,0.00,0.00,0.00,458.00,0.00
1314853494617240,20170227,458.00,455.00,0,0,0.00,0.00,0.00,458.00,0.00
1314853494617240,20170228,458.00,455.00,0,0,0.00,0.00,0.00,458.00,0.00
1314853494617240,20170301,458.00,455.00,0,0,0.00,0.00,0.00,458.00,0.00
1314853494617240,20170304,458.00,455.00,0,0,0.00,0.00,0.00,458.00,0.00
1314853494617240,20170305,458.00,455.00,0,0,0.00,0.00,0.00,458.00,0.00
1314853494617240,20170306,458.00,455.00,0,0,0.00,0.00,0.00,458.00,0.00
1314853494617240,20170307,458.00,455.00,0,0,0.00,0.00,0.00,458.00,0.00
1314853494617240,20170308,458.00,455.00,0,0,0.00,0.00,0.00,458.00,0.00
1314853494617240,20170311,458.00,455.00,0,0,0.00,0.00,0.00,458.00,0.00
1314853494617240,20170312,458.00,455.00,0,0,0.00,0.00,0.00,458.00,0.00
1314853494617240,20170313,458.00,455.00,0,0,0.00,0.00,0.00,458.00,0.00
1314853494617240,20170314,458.00,455.00,0,0,0.00,0.00,0.00,458.00,0.00
1314853494617240,20170315,458.00,455.00,0,0,0.00,0.00,0.00,458.00,0.00
1314853494617240,20170318,458.00,455.00,0,0,0.00,0.00,0.00,458.00,0.00
1314853494617240,20170325,458.00,455.00,0,0,0.00,0.00,0.00,458.00,0.00
1314853494617240,20170326,458.00,455.00,0,0,0.00,0.00,0.00,458.00,0.00
1314853494617240,20170327,458.00,455.00,0,0,0.00,0.00,0.00,458.00,0.00
1314853494617240,20170328,458.00,455.00,0,0,0.00,0.00,0.00,458.00,0.00
1314853494617240,20170329,458.00,455.00,0,0,0.00,0.00,0.00,458.00,0.00
1314853494617240,20170403,458.00,455.00,0,0,0.00,0.00,0.00,458.00,0.00
1314853494617240,20170404,458.00,455.00,0,0,0.00,0.00,0.00,458.00,0.00
1314853494617240,20170405,458.00,455.00,0,0,0.00,0.00,0.00,458.00,0.00
1314853494617240,20170408,458.00,455.00,0,0,0.00,0.00,0.00,458.00,0.00
1314853494617240,20170409,458.00,455.00,0,0,0.00,0.00,0.00,458.00,0.00
1314853494617240,20170410,458.00,455.00,0,0,0.00,0.00,0.00,458.00,0.00
1314853494617240,20170412,458.00,455.00,0,0,0.00,0.00,0.00,458.00,0.00
1314853494617240,20170415,458.00,455.00,0,0,0.00,0.00,0.00,458.00,0.00
1314853494617240,20170416,458.00,455.00,0,0,0.00,0.00,0.00,458.00,0.00
1314853494617240,20170417,458.00,455.00,0,0,0.00,0.00,0.00,458.00,0.00
1314853494617240,20170418,458.00,455.00,0,0,0.00,0.00,0.00,458.00,0.00
1314853494617240,20170419,458.00,455.00,0,0,0.00,0.00,0.00,458.00,0.00
1314853494617240,20170422,458.00,455.00,0,0,0.00,0.00,0.00,458.00,0.00
1314853494617240,20170423,458.00,455.00,0,0,0.00,0.00,0.00,458.00,0.00
1314853494617240,20170424,458.00,455.00,0,0,0.00,0.00,0.00,458.00,0.00
1314853494617240,20170426,458.00,455.00,0,0,0.00,0.00,0.00,458.00,0.00
1314853494617240,20170429,458.00,455.00,0,0,0.00,0.00,0.00,458.00,0.00
1314853494617240,20170430,458.00,455.00,0,0,0.00,0.00,0.00,458.00,0.00
1314853494617240,20170501,458.00,455.00,0,0,0.00,0.00,0.00,458.00,0.00
1314853494617240,20170502,458.00,455.00,0,0,0.00,0.00,0.00,458.00,0.00
1314853494617240,20170503,458.00,455.00,0,0,0.00,0.00,0.00,458.00,0.00
1314853494617240,20170506,458.00,455.00,0,0,0.00,0.00,0.00,458.00,0.00
1314853494617240,20170507,458.00,455.00,0,0,0.00,0.00,0.00,458.00,0.00
1314853494617240,20170508,458.00,455.00,0,0,0.00,0.00,0.00,458.00,0.00
1314853494617240,20170509,458.00,455.00,0,0,0.00,0.00,0.00,458.00,0.00
1314853494617240,20170510,458.00,455.00,0,0,0.00,0.00,0.00,458.00,0.00
1314853494617240,20170513,458.00,455.00,0,0,0.00,0.00,0.00,458.00,0.00
1314853494617240,20170514,458.00,455.00,0,0,0.00,0.00,0.00,458.00,0.00
1314853494617240,20170515,458.00,455.00,0,0,0.00,0.00,0.00,458.00,0.00
1314853494617240,20170516,458.00,455.00,0,0,0.00,0.00,0.00,458.00,0.00
1314853494617240,20170517,458.00,455.00,0,0,0.00,0.00,0.00,458.00,0.00
1314853494617240,20170520,458.00,455.00,0,0,0.00,0.00,0.00,458.00,0.00
1314853494617240,20170521,458.00,455.00,0,0,0.00,0.00,0.00,458.00,0.00
1314853494617240,20170522,458.00,455.00,0,0,0.00,0.00,0.00,458.00,0.00
1314853494617240,20170523,458.00,455.00,0,0,0.00,0.00,0.00,458.00,0.00
1314853494617240,20170524,458.00,455.00,0,0,0.00,0.00,0.00,458.00,0.00
1314853494617240,20170527,458.00,455.00,0,0,0.00,0.00,0.00,458.00,0.00
1314853494617240,20170528,458.00,455.00,0,0,0.00,0.00,0.00,458.00,0.00
1314853494617240,20170529,458.00,455.00,0,0,0.00,0.00,0.00,458.00,0.00
1314853494617240,20170530,458.00,455.00,0,0,0.00,0.00,0.00,458.00,0.00
1314853494617240,20170531,458.00,455.00,0,0,0.00,0.00,0.00,458.00,0.00
1314853494617240,20170603,458.00,455.00,0,0,0.00,0.00,0.00,458.00,0.00
1314853494617240,20170606,458.00,455.00,0,0,0.00,0.00,0.00,458.00,0.00
1314853494617240,20170607,458.00,455.00,0,0,0.00,0.00,0.00,458.00,0.00
1314853494617240,20170610,458.00,455.00,0,0,0.00,0.00,0.00,458.00,0.00
1314853494617240,20170611,458.00,455.00,0,0,0.00,0.00,0.00,458.00,0.00
1314853494617240,20170612,458.00,455.00,0,0,0.00,0.00,0.00,458.00,0.00
1314853494617240,20170613,458.00,455.00,0,0,0.00,0.00,0.00,458.00,0.00
1314853494617240,20170614,458.00,455.00,0,0,0.00,0.00,0.00,458.00,0.00
1314853494617240,20170617,458.00,455.00,0,0,0.00,0.00,0.00,458.00,0.00
1314853494617240,20170618,458.00,455.00,0,0,0.00,0.00,0.00,458.00,0.00
1314853494617240,20170619,458.00,455.00,0,0,0.00,0.00,0.00,458.00,0.00
1314853494617240,20170620,458.00,455.00,0,0,0.00,0.00,0.00,458.00,0.00
1314853494617240,20170621,458.00,455.00,0,0,0.00,0.00,0.00,458.00,0.00
1314853494617240,20170624,458.00,455.00,0,0,0.00,0.00,0.00,458.00,0.00
1314853494617240,20170625,458.00,455.00,0,0,0.00,0.00,0.00,458.00,0.00
1314853494617240,20170628,458.00,455.00,0,0,0.00,0.00,0.00,458.00,0.00
1314853494617240,20170701,458.00,455.00,0,0,0.00,0.00,0.00,458.00,0.00
1314853494617240,20170702,458.00,455.00,0,0,0.00,0.00,0.00,458.00,0.00
1314853494617240,20170703,458.00,455.00,0,0,0.00,0.00,0.00,458.00,0.00
1314853494617240,20170704,458.00,455.00,0,0,0.00,0.00,0.00,458.00,0.00
1314853494617240,20170705,458.00,455.00,0,0,0.00,0.00,0.00,458.00,0.00
1314853494617240,20170708,458.00,455.00,0,0,0.00,0.00,0.00,458.00,0.00
1314853494617240,20170709,458.00,455.00,0,0,0.00,0.00,0.00,458.00,0.00
1314853494617240,20170710,458.00,455.00,0,0,0.00,0.00,0.00,458.00,0.00
1314853494617240,20170711,458.00,455.00,0,0,0.00,0.00,0.00,458.00,0.00
1314853494617240,20170712,458.00,455.00,0,0,0.00,0.00,0.00,458.00,0.00
1314853494617240,20170715,458.00,455.00,0,0,0.00,0.00,0.00,458.00,0.00
1314853494617240,20170716,458.00,455.00,0,0,0.00,0.00,0.00,458.00,0.00
1314853494617240,20170717,458.00,455.00,0,0,0.00,0.00,0.00,458.00,0.00
1314853494617240,20170718,458.00,455.00,0,0,0.00,0.00,0.00,458.00,0.00
1314853494617240,20170719,458.00,455.00,0,0,0.00,0.00,0.00,458.00,0.00
1314853494617240,20170722,458.00,455.00,0,0,0.00,0.00,0.00,458.00,0.00
1314853494617240,20170723,458.00,455.00,0,0,0.00,0.00,0.00,458.00,0.00
1314853494617240,20170724,458.00,455.00,0,0,0.00,0.00,0.00,458.00,0.00
1314853494617240,20170725,458.00,455.00,0,0,0.00,0.00,0.00,458.00,0.00
1314853494617240,20170726,458.00,455.00,0,0,0.00,0.00,0.00,458.00,0.00
1314853494617240,20170729,458.00,455.00,0,0,0.00,0.00,0.00,458.00,0.00
1314853494617240,20170730,458.00,455.00,0,0,0.00,0.00,0.00,458.00,0.00
1314853494617240,20170731,458.00,455.00,0,0,0.00,0.00,0.00,458.00,0.00
1314853494617240,20170801,458.00,455.00,0,0,0.00,0.00,0.00,458.00,0.00
1314853494617240,20170802,458.00,455.00,0,0,0.00,0.00,0.00,458.00,0.00
1314853494617240,20170806,458.00,455.00,0,0,0.00,0.00,0.00,458.00,0.00
1314853494617240,20170807,458.00,455.00,0,0,0.00,0.00,0.00,458.00,0.00
1314853494617240,20170808,458.00,455.00,0,0,0.00,0.00,0.00,458.00,0.00
1314853494617240,20170809,458.00,455.00,0,0,0.00,0.00,0.00,458.00,0.00
1314853494617240,20170812,458.00,455.00,0,0,0.00,0.00,0.00,458.00,0.00
1314853494617240,20170813,458.00,455.00,0,0,0.00,0.00,0.00,458.00,0.00
1314853494617240,20170814,458.00,455.00,0,0,0.00,0.00,0.00,458.00,0.00
1314853494617240,20170815,458.00,455.00,0,0,0.00,0.00,0.00,458.00,0.00
1314853494617240,20170816,458.00,455.00,0,0,0.00,0.00,0.00,458.00,0.00
1314853494617240,20170819,458.00,455.00,0,0,0.00,0.00,0.00,458.00,0.00
1314853494617240,20170820,458.00,455.00,0,0,0.00,0.00,0.00,458.00,0.00
1314853494617240,20170821,458.00,455.00,0,0,0.00,0.00,0.00,458.00,0.00
1314853494617240,20170822,458.00,455.00,0,0,0.00,0.00,0.00,458.00,0.00
1314853494617240,20170823,458.00,455.00,0,0,0.00,0.00,0.00,458.00,0.00
1314853494617240,20170826,458.00,455.00,0,0,0.00,0.00,0.00,458.00,0.00
1314853494617240,20170827,458.00,455.00,0,0,0.00,0.00,0.00,458.00,0.00
1314853494617240,20170828,458.00,455.00,0,0,0.00,0.00,0.00,458.00,0.00
1314853494617240,20170829,458.00,455.00,0,0,0.00,0.00,0.00,458.00,0.00
1314853494617240,20170830,458.00,455.00,0,0,0.00,0.00,0.00,458.00,0.00
1314853494617240,20170902,458.00,455.00,0,0,0.00,0.00,0.00,458.00,0.00
1314853494617240,20170903,458.00,455.00,0,0,0.00,0.00,0.00,458.00,0.00
1314853494617240,20170904,458.00,455.00,0,0,0.00,0.00,0.00,458.00,0.00
1314853494617240,20170905,458.00,455.00,0,0,0.00,0.00,0.00,458.00,0.00
1314853494617240,20170906,458.00,455.00,0,0,0.00,0.00,0.00,458.00,0.00
1314853494617240,20170910,458.00,455.00,0,0,0.00,0.00,0.00,458.00,0.00
1314853494617240,20170911,458.00,455.00,0,0,0.00,0.00,0.00,458.00,0.00
1314853494617240,20170912,458.00,455.00,0,0,0.00,0.00,0.00,458.00,0.00
1314853494617240,20170913,458.00,455.00,0,0,0.00,0.00,0.00,458.00,0.00
1314853494617240,20170916,458.00,455.00,0,0,0.00,0.00,0.00,458.00,0.00
1314853494617240,20170917,458.00,455.00,0,0,0.00,0.00,0.00,458.00,0.00
1314853494617240,20170918,458.00,455.00,0,0,0.00,0.00,0.00,458.00,0.00
1314853494617240,20170919,458.00,455.00,0,0,0.00,0.00,0.00,458.00,0.00
1314853494617240,20170920,458.00,455.00,0,0,0.00,0.00,0.00,458.00,0.00
1314853494617240,20170923,458.00,455.00,0,0,0.00,0.00,0.00,458.00,0.00
1314853494617240,20170924,458.00,455.00,0,0,0.00,0.00,0.00,458.00,0.00
1314853494617240,20170925,458.00,455.00,0,0,0.00,0.00,0.00,458.00,0.00
1314853494617240,20170926,458.00,455.00,0,0,0.00,0.00,0.00,458.00,0.00
1314853494617240,20170927,458.00,455.00,0,0,0.00,0.00,0.00,458.00,0.00
1314853494617240,20171002,458.00,455.00,0,0,0.00,0.00,0.00,458.00,0.00
1314853494617240,20171003,458.00,455.00,0,0,0.00,0.00,0.00,458.00,0.00
1314853494617240,20171004,458.00,455.00,0,0,0.00,0.00,0.00,458.00,0.00
1314853494617240,20171007,458.00,455.00,0,0,0.00,0.00,0.00,458.00,0.00
1314853494617240,20171008,458.00,455.00,0,0,0.00,0.00,0.00,458.00,0.00
1314853494617240,20171009,458.00,455.00,0,0,0.00,0.00,0.00,458.00,0.00
1314853494617240,20171010,458.00,455.00,0,0,0.00,0.00,0.00,458.00,0.00
1314853494617240,20171011,458.00,455.00,0,0,0.00,0.00,0.00,458.00,0.00
1314853494617240,20171014,458.00,455.00,0,0,0.00,0.00,0.00,458.00,0.00
1314853494617240,20171015,458.00,455.00,0,0,0.00,0.00,0.00,458.00,0.00
1314853494617240,20171016,458.00,455.00,0,0,0.00,0.00,0.00,458.00,0.00
1314853494617240,20171017,458.00,455.00,0,0,0.00,0.00,0.00,458.00,0.00
1314853494617240,20171018,458.00,455.00,0,0,0.00,0.00,0.00,458.00,0.00
1314853494617240,20171021,458.00,455.00,0,0,0.00,0.00,0.00,458.00,0.00
1314853494617240,20171022,458.00,455.00,0,0,0.00,0.00,0.00,458.00,0.00
1314853494617240,20171023,458.00,455.00,0,0,0.00,0.00,0.00,458.00,0.00
1314853494617240,20171024,458.00,455.00,0,0,0.00,0.00,0.00,458.00,0.00
1314853494617240,20171025,458.00,455.00,0,0,0.00,0.00,0.00,458.00,0.00
1314853494617240,20171028,458.00,455.00,0,0,0.00,0.00,0.00,458.00,0.00
1314853494617240,20171029,458.00,455.00,0,0,0.00,0.00,0.00,458.00,0.00
1314853494617240,20171030,458.00,455.00,0,0,0.00,0.00,0.00,458.00,0.00
1314853494617240,20171031,458.00,455.00,0,0,0.00,0.00,0.00,458.00,0.00
1314853494617240,20171101,458.00,455.00,0,0,0.00,0.00,0.00,458.00,0.00
1314853494617240,20171104,458.00,455.00,0,0,0.00,0.00,0.00,458.00,0.00
1314853494617240,20171105,458.00,455.00,0,0,0.00,0.00,0.00,458.00,0.00
1314853494617240,20171106,458.00,455.00,0,0,0.00,0.00,0.00,458.00,0.00
1314853494617240,20171107,458.00,455.00,0,0,0.00,0.00,0.00,458.00,0.00
1314853494617240,20171108,458.00,455.00,0,0,0.00,0.00,0.00,458.00,0.00
1314853494617240,20171111,458.00,455.00,0,0,0.00,0.00,0.00,458.00,0.00
1314853494617240,20171112,458.00,455.00,0,0,0.00,0.00,0.00,458.00,0.00
1314853494617240,20171113,458.00,455.00,0,0,0.00,0.00,0.00,458.00,0.00
1314853494617240,20171114,458.00,455.00,0,0,0.00,0.00,0.00,458.00,0.00
1314853494617240,20171115,458.00,455.00,0,0,0.00,0.00,0.00,458.00,0.00
1314853494617240,20171118,458.00,455.00,0,0,0.00,0.00,0.00,458.00,0.00
1314853494617240,20171120,458.00,455.00,0,0,0.00,0.00,0.00,458.00,0.00
1314853494617240,20171121,458.00,455.00,0,0,0.00,0.00,0.00,458.00,0.00
1314853494617240,20171122,458.00,455.00,0,0,0.00,0.00,0.00,458.00,0.00
1314853494617240,20171125,458.00,455.00,0,0,0.00,0.00,0.00,458.00,0.00
1314853494617240,20171126,458.00,455.00,0,0,0.00,0.00,0.00,458.00,0.00
1314853494617240,20171128,458.00,455.00,0,0,0.00,0.00,0.00,458.00,0.00
1314853494617240,20171129,458.00,455.00,0,0,0.00,0.00,0.00,458.00,0.00
1314853494617240,20171202,458.00,455.00,0,0,0.00,0.00,0.00,458.00,0.00
1314853494617240,20171203,458.00,455.00,0,0,0.00,0.00,0.00,458.00,0.00
1314853494617240,20171204,458.00,455.00,0,0,0.00,0.00,0.00,458.00,0.00
1314853494617240,20171205,458.00,455.00,0,0,0.00,0.00,0.00,458.00,0.00
1314853494617240,20171209,458.00,455.00,0,0,0.00,0.00,0.00,458.00,0.00
1314853494617240,20171210,458.00,455.00,0,0,0.00,0.00,0.00,458.00,0.00
1314853494617240,20171211,458.00,455.00,0,0,0.00,0.00,0.00,458.00,0.00
1314853494617240,20171212,458.00,455.00,0,0,0.00,0.00,0.00,458.00,0.00
1314853494617240,20171213,458.00,455.00,0,0,0.00,0.00,0.00,458.00,0.00
1314853494617240,20171214,458.00,455.00,0,0,0.00,0.00,0.00,458.00,0.00
1314853494617240,20171215,458.00,455.00,0,0,0.00,0.00,0.00,458.00,0.00
1314853494617240,20171216,458.00,455.00,0,0,0.00,0.00,0.00,458.00,0.00
1314853494617240,20171217,458.00,455.00,0,0,0.00,0.00,0.00,458.00,0.00
1314853494617240,20171218,458.00,455.00,0,0,0.00,0.00,0.00,458.00,0.00
1314853494617240,20171219,458.00,455.00,0,0,0.00,0.00,0.00,458.00,0.00
1314853494617240,20171220,458.00,455.00,0,0,0.00,0.00,0.00,458.00,0.00
1314853494617240,20171223,458.00,455.00,0,0,0.00,0.00,0.00,458.00,0.00
1314853494617240,20171224,458.00,455.00,0,0,0.00,0.00,0.00,458.00,0.00
1314853494617240,20171225,458.00,455.00,0,0,0.00,0.00,0.00,458.00,0.00
1314853494617240,20171226,458.00,455.00,0,0,0.00,0.00,0.00,458.00,0.00
1314853494617240,20171227,458.00,455.00,0,0,0.00,0.00,0.00,458.00,0.00
1314853494617240,20171230,458.00,455.00,0,0,0.00,0.00,0.00,458.00,0.00
1314853494617240,20171231,458.00,455.00,0,0,0.00,0.00,0.00,458.00,0.00
1314853494617240,20180101,458.00,455.00,0,0,0.00,0.00,0.00,458.00,0.00
1314853494617240,20180102,458.00,455.00,0,0,0.00,0.00,0.00,458.00,0.00
1314853494617240,20180103,458.00,455.00,0,0,0.00,0.00,0.00,458.00,0.00
1314853494617240,20180106,458.00,455.00,0,0,0.00,0.00,0.00,458.00,0.00
1314853494617240,20180107,458.00,455.00,0,0,0.00,0.00,0.00,458.00,0.00
1314853494617240,20180108,458.00,455.00,0,0,0.00,0.00,0.00,458.00,0.00
1314853494617240,20180109,458.00,455.00,0,0,0.00,0.00,0.00,458.00,0.00
1314853494617240,20180110,458.00,455.00,0,0,0.00,0.00,0.00,458.00,0.00
1314853494617240,20180113,458.00,455.00,0,0,0.00,0.00,0.00,458.00,0.00
1314853494617240,20180114,458.00,455.00,0,0,0.00,0.00,0.00,458.00,0.00
1314853494617240,20180115,458.00,455.00,0,0,0.00,0.00,0.00,458.00,0.00
1314853494617240,20180116,458.00,455.00,0,0,0.00,0.00,0.00,458.00,0.00
1314853494617240,20180117,458.00,455.00,0,0,0.00,0.00,0.00,458.00,0.00
1314853494617240,20180120,458.00,455.00,0,0,0.00,0.00,0.00,458.00,0.00
1314853494617240,20180121,458.00,455.00,0,0,0.00,0.00,0.00,458.00,0.00
1314853494617240,20180122,458.00,455.00,0,0,0.00,0.00,0.00,458.00,0.00
1314853494617240,20180123,458.00,455.00,0,0,0.00,0.00,0.00,458.00,0.00
1314853494617240,20180124,458.00,455.00,0,0,0.00,0.00,0.00,458.00,0.00
1314853494617240,20180127,458.00,455.00,0,0,0.00,0.00,0.00,458.00,0.00
1314853494617240,20180128,458.00,455.00,0,0,0.00,0.00,0.00,458.00,0.00
1314853494617240,20180129,458.00,455.00,0,0,0.00,0.00,0.00,458.00,0.00
1314853494617240,20180130,458.00,455.00,0,0,0.00,0.00,0.00,458.00,0.00
1314853494617240,20180131,458.00,455.00,0,0,0.00,0.00,0.00,458.00,0.00
1314853494617240,20180203,458.00,455.00,0,0,0.00,0.00,0.00,458.00,0.00
1314853494617240,20180204,458.00,455.00,0,0,0.00,0.00,0.00,458.00,0.00
1314853494617240,20180205,458.00,455.00,0,0,0.00,0.00,0.00,458.00,0.00
1314853494617240,20180206,458.00,455.00,0,0,0.00,0.00,0.00,458.00,0.00
1314853494617240,20180207,458.00,455.00,0,0,0.00,0.00,0.00,458.00,0.00
1314853494617240,20180210,458.00,455.00,0,0,0.00,0.00,0.00,458.00,0.00
1314853494617240,20180212,458.00,455.00,0,0,0.00,0.00,0.00,458.00,0.00
1314853494617240,20180213,458.00,455.00,0,0,0.00,0.00,0.00,458.00,0.00
1314853494617240,20180214,458.00,455.00,0,0,0.00,0.00,0.00,458.00,0.00
1314853494617240,20180217,458.00,455.00,0,0,0.00,0.00,0.00,458.00,0.00
1314853494617240,20180218,458.00,455.00,0,0,0.00,0.00,0.00,458.00,0.00
1314853494617240,20180219,458.00,455.00,0,0,0.00,0.00,0.00,458.00,0.00
1314853494617240,20180221,458.00,455.00,0,0,0.00,0.00,0.00,458.00,0.00
1314853494617240,20180224,458.00,455.00,0,0,0.00,0.00,0.00,458.00,0.00
1314853494617240,20180225,458.00,455.00,0,0,0.00,0.00,0.00,458.00,0.00
1314853494617240,20180226,458.00,455.00,0,0,0.00,0.00,0.00,458.00,0.00
1314853494617240,20180227,458.00,455.00,0,0,0.00,0.00,0.00,458.00,0.00
1314853494617240,20180228,458.00,455.00,0,0,0.00,0.00,0.00,458.00,0.00
1314853494617240,20180303,458.00,455.00,0,0,0.00,0.00,0.00,458.00,0.00
1314853494617240,20180304,458.00,455.00,0,0,0.00,0.00,0.00,458.00,0.00
1314853494617240,20180305,458.00,455.00,0,0,0.00,0.00,0.00,458.00,0.00
1314853494617240,20180306,458.00,455.00,0,0,0.00,0.00,0.00,458.00,0.00
1314853494617240,20180307,458.00,455.00,0,0,0.00,0.00,0.00,458.00,0.00
1314853494617240,20180310,458.00,455.00,0,0,0.00,0.00,0.00,458.00,0.00
1314853494617240,20180311,458.00,455.00,0,0,0.00,0.00,0.00,458.00,0.00
1314853494617240,20180312,458.00,455.00,0,0,0.00,0.00,0.00,458.00,0.00
1314853494617240,20180313,458.00,455.00,0,0,0.00,0.00,0.00,458.00,0.00
1314853494617240,20180314,458.00,455.00,0,0,0.00,0.00,0.00,458.00,0.00
1314853494617240,20180317,458.00,455.00,0,0,0.00,0.00,0.00,458.00,0.00
1314853494617240,20180318,458.00,455.00,0,0,0.00,0.00,0.00,458.00,0.00
1314853494617240,20180319,458.00,455.00,0,0,0.00,0.00,0.00,458.00,0.00
1314853494617240,20180325,458.00,455.00,0,0,0.00,0.00,0.00,458.00,0.00
1314853494617240,20180326,458.00,455.00,0,0,0.00,0.00,0.00,458.00,0.00
1314853494617240,20180327,458.00,455.00,0,0,0.00,0.00,0.00,458.00,0.00
1314853494617240,20180328,458.00,455.00,0,0,0.00,0.00,0.00,458.00,0.00
1314853494617240,20180403,458.00,455.00,0,0,0.00,0.00,0.00,458.00,0.00
1314853494617240,20180404,458.00,455.00,0,0,0.00,0.00,0.00,458.00,0.00
1314853494617240,20180407,458.00,455.00,0,0,0.00,0.00,0.00,458.00,0.00
1314853494617240,20180408,458.00,455.00,0,0,0.00,0.00,0.00,458.00,0.00
1314853494617240,20180409,458.00,455.00,0,0,0.00,0.00,0.00,458.00,0.00
1314853494617240,20180410,458.00,455.00,0,0,0.00,0.00,0.00,458.00,0.00
1314853494617240,20180411,458.00,455.00,0,0,0.00,0.00,0.00,458.00,0.00
1314853494617240,20180415,458.00,455.00,0,0,0.00,0.00,0.00,458.00,0.00
1314853494617240,20180416,458.00,455.00,0,0,0.00,0.00,0.00,458.00,0.00
1314853494617240,20180417,458.00,455.00,0,0,0.00,0.00,0.00,458.00,0.00
1314853494617240,20180418,458.00,455.00,0,0,0.00,0.00,0.00,458.00,0.00
1314853494617240,20180421,458.00,455.00,0,0,0.00,0.00,0.00,458.00,0.00
1314853494617240,20180422,458.00,455.00,0,0,0.00,0.00,0.00,458.00,0.00
1314853494617240,20180423,458.00,455.00,0,0,0.00,0.00,0.00,458.00,0.00
1314853494617240,20180424,458.00,455.00,0,0,0.00,0.00,0.00,458.00,0.00
1314853494617240,20180425,458.00,455.00,0,0,0.00,0.00,0.00,458.00,0.00
1314853494617240,20180428,458.00,455.00,0,0,0.00,0.00,0.00,458.00,0.00
1314853494617240,20180429,458.00,455.00,0,0,0.00,0.00,0.00,458.00,0.00
1314853494617240,20180430,458.00,455.00,0,0,0.00,0.00,0.00,458.00,0.00
1314853494617240,20180501,458.00,455.00,0,0,0.00,0.00,0.00,458.00,0.00
1314853494617240,20180505,458.00,455.00,0,0,0.00,0.00,0.00,458.00,0.00
1314853494617240,20180506,458.00,455.00,0,0,0.00,0.00,0.00,458.00,0.00
1314853494617240,20180507,458.00,455.00,0,0,0.00,0.00,0.00,458.00,0.00
1314853494617240,20180508,458.00,455.00,0,0,0.00,0.00,0.00,458.00,0.00
1314853494617240,20180509,458.00,455.00,0,0,0.00,0.00,0.00,458.00,0.00
1314853494617240,20180512,458.00,455.00,0,0,0.00,0.00,0.00,458.00,0.00
1314853494617240,20180513,458.00,455.00,0,0,0.00,0.00,0.00,458.00,0.00
1314853494617240,20180514,458.00,455.00,0,0,0.00,0.00,0.00,458.00,0.00
1314853494617240,20180515,458.00,455.00,0,0,0.00,0.00,0.00,458.00,0.00
1314853494617240,20180516,458.00,455.00,0,0,0.00,0.00,0.00,458.00,0.00
1314853494617240,20180519,458.00,455.00,0,0,0.00,0.00,0.00,458.00,0.00
1314853494617240,20180520,458.00,455.00,0,0,0.00,0.00,0.00,458.00,0.00
1314853494617240,20180521,458.00,455.00,0,0,0.00,0.00,0.00,458.00,0.00
1314853494617240,20180522,458.00,455.00,0,0,0.00,0.00,0.00,458.00,0.00
1314853494617240,20180523,458.00,455.00,0,0,0.00,0.00,0.00,458.00,0.00
1314853494617240,20180526,458.00,455.00,0,0,0.00,0.00,0.00,458.00,0.00
1314853494617240,20180527,458.00,455.00,0,0,0.00,0.00,0.00,458.00,0.00
1314853494617240,20180528,458.00,455.00,0,0,0.00,0.00,0.00,458.00,0.00
1314853494617240,20180529,458.00,455.00,0,0,0.00,0.00,0.00,458.00,0.00
1314853494617240,20180530,458.00,455.00,0,0,0.00,0.00,0.00,458.00,0.00
1314853494617240,20180602,458.00,455.00,0,0,0.00,0.00,0.00,458.00,0.00
1314853494617240,20180603,458.00,455.00,0,0,0.00,0.00,0.00,458.00,0.00
1314853494617240,20180609,458.00,455.00,0,0,0.00,0.00,0.00,458.00,0.00
1314853494617240,20180610,458.00,455.00,0,0,0.00,0.00,0.00,458.00,0.00
1314853494617240,20180611,458.00,455.00,0,0,0.00,0.00,0.00,458.00,0.00
1314853494617240,20180612,458.00,455.00,0,0,0.00,0.00,0.00,458.00,0.00
1314853494617240,20180613,458.00,455.00,0,0,0.00,0.00,0.00,458.00,0.00
1314853494617240,20180617,458.00,455.00,0,0,0.00,0.00,0.00,458.00,0.00
1314853494617240,20180618,458.00,455.00,0,0,0.00,0.00,0.00,458.00,0.00
1314853494617240,20180619,458.00,455.00,0,0,0.00,0.00,0.00,458.00,0.00
1314853494617240,20180620,458.00,455.00,0,0,0.00,0.00,0.00,458.00,0.00
1314853494617240,20180623,458.00,455.00,0,0,0.00,0.00,0.00,458.00,0.00
1314853494617240,20180624,458.00,455.00,0,0,0.00,0.00,0.00,458.00,0.00
1314853494617240,20180625,458.00,455.00,0,0,0.00,0.00,0.00,458.00,0.00
1314853494617240,20180626,458.00,455.00,0,0,0.00,0.00,0.00,458.00,0.00
1314853494617240,20180627,458.00,455.00,0,0,0.00,0.00,0.00,458.00,0.00
1314853494617240,20180630,458.00,455.00,0,0,0.00,0.00,0.00,458.00,0.00
1314853494617240,20180701,458.00,455.00,0,0,0.00,0.00,0.00,458.00,0.00
1314853494617240,20180702,458.00,455.00,0,0,0.00,0.00,0.00,458.00,0.00
1314853494617240,20180703,458.00,455.00,0,0,0.00,0.00,0.00,458.00,0.00
1314853494617240,20180704,458.00,455.00,0,0,0.00,0.00,0.00,458.00,0.00
1314853494617240,20180707,458.00,455.00,0,0,0.00,0.00,0.00,458.00,0.00
1314853494617240,20180708,458.00,455.00,0,0,0.00,0.00,0.00,458.00,0.00
1314853494617240,20180710,458.00,455.00,0,0,0.00,0.00,0.00,458.00,0.00
1314853494617240,20180711,458.00,455.00,0,0,0.00,0.00,0.00,458.00,0.00
1314853494617240,20180714,458.00,455.00,0,0,0.00,0.00,0.00,458.00,0.00
1314853494617240,20180715,458.00,455.00,0,0,0.00,0.00,0.00,458.00,0.00
1314853494617240,20180716,458.00,455.00,0,0,0.00,0.00,0.00,458.00,0.00
1314853494617240,20180717,458.00,455.00,0,0,0.00,0.00,0.00,458.00,0.00
1314853494617240,20180718,458.00,455.00,0,0,0.00,0.00,0.00,458.00,0.00
1314853494617240,20180721,458.00,455.00,0,0,0.00,0.00,0.00,458.00,0.00
1314853494617240,20180722,458.00,455.00,0,0,0.00,0.00,0.00,458.00,0.00
1314853494617240,20180723,458.00,455.00,0,0,0.00,0.00,0.00,458.00,0.00
1314853494617240,20180724,458.00,455.00,0,0,0.00,0.00,0.00,458.00,0.00
1314853494617240,20180725,458.00,455.00,0,0,0.00,0.00,0.00,458.00,0.00
1314853494617240,20180726,458.00,455.00,0,0,0.00,0.00,0.00,458.00,0.00
1314853494617240,20180727,458.00,455.00,0,0,0.00,0.00,0.00,458.00,0.00
1314853494617240,20180728,458.00,455.00,0,0,0.00,0.00,0.00,458.00,0.00
1314853494617240,20180729,458.00,455.00,0,0,0.00,0.00,0.00,458.00,0.00
1314853494617240,20180730,458.00,455.00,0,0,0.00,0.00,0.00,458.00,0.00
1314853494617240,20180731,458.00,455.00,0,0,0.00,0.00,0.00,458.00,0.00
1314853494617240,20180801,458.00,455.00,0,0,0.00,0.00,0.00,458.00,0.00
1314853494617240,20180804,458.00,455.00,0,0,0.00,0.00,0.00,458.00,0.00
1314853494617240,20180805,458.00,455.00,0,0,0.00,0.00,0.00,458.00,0.00
1314853494617240,20180806,458.00,455.00,0,0,0.00,0.00,0.00,458.00,0.00
1314853494617240,20180807,458.00,455.00,0,0,0.00,0.00,0.00,458.00,0.00
1314853494617240,20180808,458.00,455.00,0,0,0.00,0.00,0.00,458.00,0.00
1314853494617240,20180811,458.00,455.00,0,0,0.00,0.00,0.00,458.00,0.00
1314853494617240,20180812,458.00,455.00,0,0,0.00,0.00,0.00,458.00,0.00
1314853494617240,20180813,458.00,455.00,0,0,0.00,0.00,0.00,458.00,0.00
1314853494617240,20180814,458.00,455.00,0,0,0.00,0.00,0.00,458.00,0.00
1314853494617240,20180815,458.00,455.00,0,0,0.00,0.00,0.00,458.00,0.00
1314853494617240,20180818,458.00,455.00,0,0,0.00,0.00,0.00,458.00,0.00
1314853494617240,20180819,458.00,455.00,0,0,0.00,0.00,0.00,458.00,0.00
1314853494617240,20180820,458.00,455.00,0,0,0.00,0.00,0.00,458.00,0.00
1314853494617240,20180821,458.00,455.00,0,0,0.00,0.00,0.00,458.00,0.00
1314853494617240,20180825,458.00,455.00,0,0,0.00,0.00,0.00,458.00,0.00
1314853494617240,20180826,458.00,455.00,0,0,0.00,0.00,0.00,458.00,0.00
1314853494617240,20180827,458.00,455.00,0,0,0.00,0.00,0.00,458.00,0.00
1314853494617240,20180828,458.00,455.00,0,0,0.00,0.00,0.00,458.00,0.00
1314853494617240,20180829,458.00,455.00,0,0,0.00,0.00,0.00,458.00,0.00
1314853494617240,20180901,458.00,455.00,0,0,0.00,0.00,0.00,458.00,0.00
1314853494617240,20180902,458.00,455.00,0,0,0.00,0.00,0.00,458.00,0.00
1314853494617240,20180903,458.00,455.00,0,0,0.00,0.00,0.00,458.00,0.00
1314853494617240,20180904,458.00,455.00,0,0,0.00,0.00,0.00,458.00,0.00
1314853494617240,20180905,458.00,455.00,0,0,0.00,0.00,0.00,458.00,0.00
1314853494617240,20180908,458.00,455.00,0,0,0.00,0.00,0.00,458.00,0.00
1314853494617240,20180909,458.00,455.00,0,0,0.00,0.00,0.00,458.00,0.00
1314853494617240,20180910,458.00,455.00,0,0,0.00,0.00,0.00,458.00,0.00
1314853494617240,20180911,458.00,455.00,0,0,0.00,0.00,0.00,458.00,0.00
1314853494617240,20180912,458.00,455.00,0,0,0.00,0.00,0.00,458.00,0.00
1314853494617240,20180915,458.00,455.00,0,0,0.00,0.00,0.00,458.00,0.00
1314853494617240,20180916,458.00,455.00,0,0,0.00,0.00,0.00,458.00,0.00
1314853494617240,20180917,458.00,455.00,0,0,0.00,0.00,0.00,458.00,0.00
1314853494617240,20180918,458.00,455.00,0,0,0.00,0.00,0.00,458.00,0.00
1314853494617240,20180922,458.00,455.00,0,0,0.00,0.00,0.00,458.00,0.00
1314853494617240,20180923,458.00,455.00,0,0,0.00,0.00,0.00,458.00,0.00
1314853494617240,20180924,458.00,455.00,0,0,0.00,0.00,0.00,458.00,0.00
1314853494617240,20180925,458.00,455.00,0,0,0.00,0.00,0.00,458.00,0.00
1314853494617240,20180926,458.00,455.00,0,0,0.00,0.00,0.00,458.00,0.00
1314853494617240,20180929,458.00,455.00,0,0,0.00,0.00,0.00,458.00,0.00
1314853494617240,20180930,458.00,455.00,0,0,0.00,0.00,0.00,458.00,0.00
1314853494617240,20181001,458.00,455.00,0,0,0.00,0.00,0.00,458.00,0.00
1314853494617240,20181002,458.00,455.00,0,0,0.00,0.00,0.00,458.00,0.00
1314853494617240,20181003,458.00,455.00,0,0,0.00,0.00,0.00,458.00,0.00
1314853494617240,20181006,458.00,455.00,0,0,0.00,0.00,0.00,458.00,0.00
1314853494617240,20181007,458.00,455.00,0,0,0.00,0.00,0.00,458.00,0.00
1314853494617240,20181008,458.00,455.00,0,0,0.00,0.00,0.00,458.00,0.00
1314853494617240,20181009,458.00,455.00,0,0,0.00,0.00,0.00,458.00,0.00
1314853494617240,20181010,458.00,455.00,0,0,0.00,0.00,0.00,458.00,0.00
1314853494617240,20181013,458.00,455.00,0,0,0.00,0.00,0.00,458.00,0.00
1314853494617240,20181014,458.00,455.00,0,0,0.00,0.00,0.00,458.00,0.00
1314853494617240,20181015,458.00,455.00,0,0,0.00,0.00,0.00,458.00,0.00
1314853494617240,20181016,458.00,455.00,0,0,0.00,0.00,0.00,458.00,0.00
1314853494617240,20181017,458.00,455.00,0,0,0.00,0.00,0.00,458.00,0.00
1314853494617240,20181020,458.00,455.00,0,0,0.00,0.00,0.00,458.00,0.00
1314853494617240,20181021,458.00,455.00,0,0,0.00,0.00,0.00,458.00,0.00
1314853494617240,20181022,458.00,455.00,0,0,0.00,0.00,0.00,458.00,0.00
1314853494617240,20181023,458.00,455.00,0,0,0.00,0.00,0.00,458.00,0.00
1314853494617240,20181024,458.00,455.00,0,0,0.00,0.00,0.00,458.00,0.00
1314853494617240,20181027,458.00,455.00,0,0,0.00,0.00,0.00,458.00,0.00
1314853494617240,20181028,458.00,455.00,0,0,0.00,0.00,0.00,458.00,0.00
1314853494617240,20181029,458.00,455.00,0,0,0.00,0.00,0.00,458.00,0.00
1314853494617240,20181031,458.00,455.00,0,0,0.00,0.00,0.00,458.00,0.00
1314853494617240,20181103,458.00,455.00,0,0,0.00,0.00,0.00,458.00,0.00
1314853494617240,20181104,458.00,455.00,0,0,0.00,0.00,0.00,458.00,0.00
1314853494617240,20181105,458.00,455.00,0,0,0.00,0.00,0.00,458.00,0.00
1314853494617240,20181106,458.00,455.00,0,0,0.00,0.00,0.00,458.00,0.00
1314853494617240,20181110,458.00,455.00,0,0,0.00,0.00,0.00,458.00,0.00
1314853494617240,20181111,458.00,455.00,0,0,0.00,0.00,0.00,458.00,0.00
1314853494617240,20181112,458.00,455.00,0,0,0.00,0.00,0.00,458.00,0.00
1314853494617240,20181113,458.00,455.00,0,0,0.00,0.00,0.00,458.00,0.00
1314853494617240,20181114,458.00,455.00,0,0,0.00,0.00,0.00,458.00,0.00
1314853494617240,20181117,458.00,455.00,0,0,0.00,0.00,0.00,458.00,0.00
1314853494617240,20181118,458.00,455.00,0,0,0.00,0.00,0.00,458.00,0.00
1314853494617240,20181119,458.00,455.00,0,0,0.00,0.00,0.00,458.00,0.00
1314853494617240,20181120,458.00,455.00,0,0,0.00,0.00,0.00,458.00,0.00
1314853494617240,20181121,458.00,455.00,0,0,0.00,0.00,0.00,458.00,0.00
1314853494617240,20181124,458.00,455.00,0,0,0.00,0.00,0.00,458.00,0.00
1314853494617240,20181126,458.00,455.00,0,0,0.00,0.00,0.00,458.00,0.00
1314853494617240,20181127,458.00,455.00,0,0,0.00,0.00,0.00,458.00,0.00
1314853494617240,20181128,458.00,455.00,0,0,0.00,0.00,0.00,458.00,0.00
1314853494617240,20181201,458.00,455.00,0,0,0.00,0.00,0.00,458.00,0.00
1314853494617240,20181202,458.00,455.00,0,0,0.00,0.00,0.00,458.00,0.00
1314853494617240,20181203,458.00,455.00,0,0,0.00,0.00,0.00,458.00,0.00
1314853494617240,20181204,458.00,455.00,0,0,0.00,0.00,0.00,458.00,0.00
1314853494617240,20181205,458.00,455.00,0,0,0.00,0.00,0.00,458.00,0.00
1314853494617240,20181208,458.00,455.00,0,0,0.00,0.00,0.00,458.00,0.00
1314853494617240,20181209,458.00,455.00,0,0,0.00,0.00,0.00,458.00,0.00
1314853494617240,20181210,458.00,455.00,0,0,0.00,0.00,0.00,458.00,0.00
1314853494617240,20181211,458.00,455.00,0,0,0.00,0.00,0.00,458.00,0.00
1314853494617240,20181212,458.00,455.00,0,0,0.00,0.00,0.00,458.00,0.00
1314853494617240,20181215,458.00,455.00,0,0,0.00,0.00,0.00,458.00,0.00
1314853494617240,20181216,458.00,455.00,0,0,0.00,0.00,0.00,458.00,0.00
1314853494617240,20181217,458.00,455.00,0,0,0.00,0.00,0.00,458.00,0.00
1314853494617240,20181218,458.00,455.00,0,0,0.00,0.00,0.00,458.00,0.00
1314853494617240,20181219,458.00,455.00,0,0,0.00,0.00,0.00,458.00,0.00
1314853494617240,20181222,458.00,455.00,0,0,0.00,0.00,0.00,458.00,0.00
1314853494617240,20181223,458.00,455.00,0,0,0.00,0.00,0.00,458.00,0.00
1314853494617240,20181224,458.00,455.00,0,0,0.00,0.00,0.00,458.00,0.00
1314853494617240,20181225,458.00,455.00,0,0,0.00,0.00,0.00,458.00,0.00
1314853494617240,20181226,458.00,455.00,0,0,0.00,0.00,0.00,458.00,0.00
1314853494617240,20181229,458.00,455.00,0,0,0.00,0.00,0.00,458.00,0.00
1314853494617240,20181230,458.00,455.00,0,0,0.00,0.00,0.00,458.00,0.00
1314853494617240,20181231,458.00,455.00,0,0,0.00,0.00,0.00,458.00,0.00
1314853494617240,20190101,458.00,455.00,0,0,0.00,0.00,0.00,458.00,0.00
1314853494617240,20190102,458.00,455.00,0,0,0.00,0.00,0.00,458.00,0.00
1314853494617240,20190105,458.00,455.00,0,0,0.00,0.00,0.00,458.00,0.00
1314853494617240,20190106,458.00,455.00,0,0,0.00,0.00,0.00,458.00,0.00
1314853494617240,20190107,458.00,455.00,0,0,0.00,0.00,0.00,458.00,0.00
1314853494617240,20190108,458.00,455.00,0,0,0.00,0.00,0.00,458.00,0.00
1314853494617240,20190109,458.00,455.00,0,0,0.00,0.00,0.00,458.00,0.00
1314853494617240,20190112,458.00,455.00,0,0,0.00,0.00,0.00,458.00,0.00
1314853494617240,20190113,458.00,455.00,0,0,0.00,0.00,0.00,458.00,0.00
1314853494617240,20190114,458.00,455.00,0,0,0.00,0.00,0.00,458.00,0.00
1314853494617240,20190115,458.00,455.00,0,0,0.00,0.00,0.00,458.00,0.00
1314853494617240,20190116,458.00,455.00,0,0,0.00,0.00,0.00,458.00,0.00
1314853494617240,20190119,458.00,455.00,0,0,0.00,0.00,0.00,458.00,0.00
1314853494617240,20190120,458.00,455.00,0,0,0.00,0.00,0.00,458.00,0.00
1314853494617240,20190121,458.00,455.00,0,0,0.00,0.00,0.00,458.00,0.00
1314853494617240,20190122,458.00,455.00,0,0,0.00,0.00,0.00,458.00,0.00
1314853494617240,20190123,458.00,455.00,0,0,0.00,0.00,0.00,458.00,0.00
1314853494617240,20190126,458.00,455.00,0,0,0.00,0.00,0.00,458.00,0.00
1314853494617240,20190127,458.00,455.00,0,0,0.00,0.00,0.00,458.00,0.00
1314853494617240,20190128,458.00,455.00,0,0,0.00,0.00,0.00,458.00,0.00
1314853494617240,20190129,458.00,455.00,0,0,0.00,0.00,0.00,458.00,0.00
1314853494617240,20190130,458.00,455.00,0,0,0.00,0.00,0.00,458.00,0.00
1314853494617240,20190202,458.00,455.00,0,0,0.00,0.00,0.00,458.00,0.00
1314853494617240,20190203,458.00,455.00,0,0,0.00,0.00,0.00,458.00,0.00
1314853494617240,20190204,458.00,455.00,0,0,0.00,0.00,0.00,458.00,0.00
1314853494617240,20190205,458.00,455.00,0,0,0.00,0.00,0.00,458.00,0.00
1314853494617240,20190206,458.00,455.00,0,0,0.00,0.00,0.00,458.00,0.00
1314853494617240,20190210,458.00,455.00,0,0,0.00,0.00,0.00,458.00,0.00
1314853494617240,20190212,458.00,455.00,0,0,0.00,0.00,0.00,458.00,0.00
1314853494617240,20190213,458.00,455.00,0,0,0.00,0.00,0.00,458.00,0.00
1314853494617240,20190216,458.00,455.00,0,0,0.00,0.00,0.00,458.00,0.00
1314853494617240,20190217,458.00,455.00,0,0,0.00,0.00,0.00,458.00,0.00
1314853494617240,20190218,458.00,455.00,0,0,0.00,0.00,0.00,458.00,0.00
1314853494617240,20190219,458.00,455.00,0,0,0.00,0.00,0.00,458.00,0.00
1314853494617240,20190220,458.00,455.00,0,0,0.00,0.00,0.00,458.00,0.00
1314853494617240,20190223,458.00,455.00,0,0,0.00,0.00,0.00,458.00,0.00
1314853494617240,20190224,458.00,455.00,0,0,0.00,0.00,0.00,458.00,0.00
1314853494617240,20190225,458.00,455.00,0,0,0.00,0.00,0.00,458.00,0.00
1314853494617240,20190226,458.00,455.00,0,0,0.00,0.00,0.00,458.00,0.00
1314853494617240,20190227,458.00,455.00,0,0,0.00,0.00,0.00,458.00,0.00
1314853494617240,20190302,458.00,455.00,0,0,0.00,0.00,0.00,458.00,0.00
1314853494617240,20190303,458.00,455.00,0,0,0.00,0.00,0.00,458.00,0.00
1314853494617240,20190304,458.00,455.00,0,0,0.00,0.00,0.00,458.00,0.00
1314853494617240,20190305,458.00,455.00,0,0,0.00,0.00,0.00,458.00,0.00
1314853494617240,20190306,458.00,455.00,0,0,0.00,0.00,0.00,458.00,0.00
1314853494617240,20190309,458.00,455.00,0,0,0.00,0.00,0.00,458.00,0.00
1314853494617240,20190310,458.00,455.00,0,0,0.00,0.00,0.00,458.00,0.00
1314853494617240,20190311,458.00,455.00,0,0,0.00,0.00,0.00,458.00,0.00
1314853494617240,20190312,458.00,455.00,0,0,0.00,0.00,0.00,458.00,0.00
1314853494617240,20190313,458.00,455.00,0,0,0.00,0.00,0.00,458.00,0.00
1314853494617240,20190316,458.00,455.00,0,0,0.00,0.00,0.00,458.00,0.00
1314853494617240,20190317,458.00,455.00,0,0,0.00,0.00,0.00,458.00,0.00
1314853494617240,20190318,458.00,455.00,0,0,0.00,0.00,0.00,458.00,0.00
1314853494617240,20190319,458.00,455.00,0,0,0.00,0.00,0.00,458.00,0.00
1314853494617240,20190325,458.00,455.00,0,0,0.00,0.00,0.00,458.00,0.00
1314853494617240,20190326,458.00,455.00,0,0,0.00,0.00,0.00,458.00,0.00
1314853494617240,20190327,458.00,455.00,0,0,0.00,0.00,0.00,458.00,0.00
1314853494617240,20190330,458.00,455.00,0,0,0.00,0.00,0.00,458.00,0.00
1314853494617240,20190331,458.00,455.00,0,0,0.00,0.00,0.00,458.00,0.00
1314853494617240,20190406,458.00,455.00,0,0,0.00,0.00,0.00,458.00,0.00
1314853494617240,20190407,458.00,455.00,0,0,0.00,0.00,0.00,458.00,0.00
1314853494617240,20190408,458.00,455.00,0,0,0.00,0.00,0.00,458.00,0.00
1314853494617240,20190409,458.00,455.00,0,0,0.00,0.00,0.00,458.00,0.00
1314853494617240,20190410,458.00,455.00,0,0,0.00,0.00,0.00,458.00,0.00
1314853494617240,20190413,458.00,455.00,0,0,0.00,0.00,0.00,458.00,0.00
1314853494617240,20190414,458.00,455.00,0,0,0.00,0.00,0.00,458.00,0.00
1314853494617240,20190415,458.00,455.00,0,0,0.00,0.00,0.00,458.00,0.00
1314853494617240,20190416,458.00,455.00,0,0,0.00,0.00,0.00,458.00,0.00
1314853494617240,20190417,458.00,455.00,0,0,0.00,0.00,0.00,458.00,0.00
1314853494617240,20190420,458.00,455.00,0,0,0.00,0.00,0.00,458.00,0.00
1314853494617240,20190422,458.00,455.00,0,0,0.00,0.00,0.00,458.00,0.00
1314853494617240,20190423,458.00,455.00,0,0,0.00,0.00,0.00,458.00,0.00
1314853494617240,20190424,458.00,455.00,0,0,0.00,0.00,0.00,458.00,0.00
1314853494617240,20190427,458.00,455.00,0,0,0.00,0.00,0.00,458.00,0.00
1314853494617240,20190428,458.00,455.00,0,0,0.00,0.00,0.00,458.00,0.00
1314853494617240,20190429,458.00,455.00,0,0,0.00,0.00,0.00,458.00,0.00
1314853494617240,20190430,458.00,455.00,0,0,0.00,0.00,0.00,458.00,0.00
1314853494617240,20190501,458.00,455.00,0,0,0.00,0.00,0.00,458.00,0.00
1314853494617240,20190504,458.00,455.00,0,0,0.00,0.00,0.00,458.00,0.00
1314853494617240,20190505,458.00,455.00,0,0,0.00,0.00,0.00,458.00,0.00
1314853494617240,20190506,458.00,455.00,0,0,0.00,0.00,0.00,458.00,0.00
1314853494617240,20190507,458.00,455.00,0,0,0.00,0.00,0.00,458.00,0.00
1314853494617240,20190508,458.00,455.00,0,0,0.00,0.00,0.00,458.00,0.00
1314853494617240,20190511,458.00,455.00,0,0,0.00,0.00,0.00,458.00,0.00
1314853494617240,20190512,458.00,455.00,0,0,0.00,0.00,0.00,458.00,0.00
1314853494617240,20190513,458.00,455.00,0,0,0.00,0.00,0.00,458.00,0.00
1314853494617240,20190514,458.00,455.00,0,0,0.00,0.00,0.00,458.00,0.00
1314853494617240,20190515,458.00,455.00,0,0,0.00,0.00,0.00,458.00,0.00
1314853494617240,20190518,458.00,455.00,0,0,0.00,0.00,0.00,458.00,0.00
1314853494617240,20190519,458.00,455.00,0,0,0.00,0.00,0.00,458.00,0.00
1314853494617240,20190520,458.00,455.00,0,0,0.00,0.00,0.00,458.00,0.00
1314853494617240,20190521,458.00,455.00,0,0,0.00,0.00,0.00,458.00,0.00
1314853494617240,20190522,458.00,455.00,0,0,0.00,0.00,0.00,458.00,0.00
1314853494617240,20190525,458.00,455.00,0,0,0.00,0.00,0.00,458.00,0.00
1314853494617240,20190526,458.00,455.00,0,0,0.00,0.00,0.00,458.00,0.00
1314853494617240,20190528,458.00,455.00,0,0,0.00,0.00,0.00,458.00,0.00
1314853494617240,20190529,458.00,455.00,0,0,0.00,0.00,0.00,458.00,0.00
1314853494617240,20190601,458.00,455.00,0,0,0.00,0.00,0.00,458.00,0.00
1314853494617240,20190602,458.00,455.00,0,0,0.00,0.00,0.00,458.00,0.00
1314853494617240,20190603,458.00,455.00,0,0,0.00,0.00,0.00,458.00,0.00
1314853494617240,20190608,458.00,455.00,0,0,0.00,0.00,0.00,458.00,0.00
1314853494617240,20190609,458.00,455.00,0,0,0.00,0.00,0.00,458.00,0.00
1314853494617240,20190610,458.00,455.00,0,0,0.00,0.00,0.00,458.00,0.00
1314853494617240,20190611,458.00,455.00,0,0,0.00,0.00,0.00,458.00,0.00
1314853494617240,20190612,458.00,455.00,0,0,0.00,0.00,0.00,458.00,0.00
1314853494617240,20190615,458.00,455.00,0,0,0.00,0.00,0.00,458.00,0.00
1314853494617240,20190616,458.00,455.00,0,0,0.00,0.00,0.00,458.00,0.00
1314853494617240,20190617,458.00,455.00,0,0,0.00,0.00,0.00,458.00,0.00
1314853494617240,20190618,458.00,455.00,0,0,0.00,0.00,0.00,458.00,0.00
1314853494617240,20190619,458.00,455.00,0,0,0.00,0.00,0.00,458.00,0.00
1314853494617240,20190622,458.00,455.00,0,0,0.00,0.00,0.00,458.00,0.00
1314853494617240,20190623,458.00,455.00,0,0,0.00,0.00,0.00,458.00,0.00
1314853494617240,20190624,458.00,455.00,0,0,0.00,0.00,0.00,458.00,0.00
1314853494617240,20190625,458.00,455.00,0,0,0.00,0.00,0.00,458.00,0.00
1314853494617240,20190626,458.00,455.00,0,0,0.00,0.00,0.00,458.00,0.00
1314853494617240,20190630,458.00,455.00,0,0,0.00,0.00,0.00,458.00,0.00
1314853494617240,20190701,458.00,455.00,0,0,0.00,0.00,0.00,458.00,0.00
1314853494617240,20190702,458.00,455.00,0,0,0.00,0.00,0.00,458.00,0.00
1314853494617240,20190703,458.00,455.00,0,0,0.00,0.00,0.00,458.00,0.00
1314853494617240,20190706,458.00,455.00,0,0,0.00,0.00,0.00,458.00,0.00
1314853494617240,20190707,458.00,455.00,0,0,0.00,0.00,0.00,458.00,0.00
1314853494617240,20190708,458.00,455.00,0,0,0.00,0.00,0.00,458.00,0.00
1314853494617240,20190709,458.00,455.00,0,0,0.00,0.00,0.00,458.00,0.00
1314853494617240,20190710,458.00,455.00,0,0,0.00,0.00,0.00,458.00,0.00
1314853494617240,20190713,458.00,455.00,0,0,0.00,0.00,0.00,458.00,0.00
1314853494617240,20190714,458.00,455.00,0,0,0.00,0.00,0.00,458.00,0.00
1314853494617240,20190715,458.00,455.00,0,0,0.00,0.00,0.00,458.00,0.00
1314853494617240,20190716,458.00,455.00,0,0,0.00,0.00,0.00,458.00,0.00
1314853494617240,20190717,458.00,455.00,0,0,0.00,0.00,0.00,458.00,0.00
1314853494617240,20190720,458.00,455.00,0,0,0.00,0.00,0.00,458.00,0.00
1314853494617240,20190721,458.00,455.00,0,0,0.00,0.00,0.00,458.00,0.00
1314853494617240,20190722,458.00,455.00,0,0,0.00,0.00,0.00,458.00,0.00
1314853494617240,20190723,458.00,455.00,0,0,0.00,0.00,0.00,458.00,0.00
1314853494617240,20190724,458.00,455.00,0,0,0.00,0.00,0.00,458.00,0.00
1314853494617240,20190727,458.00,455.00,0,0,0.00,0.00,0.00,458.00,0.00
1314853494617240,20190728,458.00,455.00,0,0,0.00,0.00,0.00,458.00,0.00
1314853494617240,20190729,458.00,455.00,0,0,0.00,0.00,0.00,458.00,0.00
1314853494617240,20190730,458.00,455.00,0,0,0.00,0.00,0.00,458.00,0.00
1314853494617240,20190731,458.00,455.00,0,0,0.00,0.00,0.00,458.00,0.00
1314853494617240,20190803,458.00,455.00,0,0,0.00,0.00,0.00,458.00,0.00
1314853494617240,20190804,458.00,455.00,0,0,0.00,0.00,0.00,458.00,0.00
1314853494617240,20190805,458.00,455.00,0,0,0.00,0.00,0.00,458.00,0.00
1314853494617240,20190806,458.00,455.00,0,0,0.00,0.00,0.00,458.00,0.00
1314853494617240,20190807,458.00,455.00,0,0,0.00,0.00,0.00,458.00,0.00
1314853494617240,20190810,458.00,455.00,0,0,0.00,0.00,0.00,458.00,0.00
1314853494617240,20190811,458.00,455.00,0,0,0.00,0.00,0.00,458.00,0.00
1314853494617240,20190813,458.00,455.00,0,0,0.00,0.00,0.00,458.00,0.00
1314853494617240,20190814,458.00,455.00,0,0,0.00,0.00,0.00,458.00,0.00
1314853494617240,20190817,458.00,455.00,0,0,0.00,0.00,0.00,458.00,0.00
1314853494617240,20190818,458.00,455.00,0,0,0.00,0.00,0.00,458.00,0.00
1314853494617240,20190819,458.00,455.00,0,0,0.00,0.00,0.00,458.00,0.00
1314853494617240,20190821,458.00,455.00,0,0,0.00,0.00,0.00,458.00,0.00
1314853494617240,20190824,458.00,455.00,0,0,0.00,0.00,0.00,458.00,0.00
1314853494617240,20190825,458.00,455.00,0,0,0.00,0.00,0.00,458.00,0.00
1314853494617240,20190826,458.00,455.00,0,0,0.00,0.00,0.00,458.00,0.00
1314853494617240,20190827,458.00,455.00,0,0,0.00,0.00,0.00,458.00,0.00
1314853494617240,20190828,458.00,455.00,0,0,0.00,0.00,0.00,458.00,0.00
1314853494617240,20190831,458.00,455.00,0,0,0.00,0.00,0.00,458.00,0.00
1314853494617240,20190901,458.00,455.00,0,0,0.00,0.00,0.00,458.00,0.00
1314853494617240,20190902,458.00,455.00,0,0,0.00,0.00,0.00,458.00,0.00
1314853494617240,20190903,458.00,455.00,0,0,0.00,0.00,0.00,458.00,0.00
1314853494617240,20190904,458.00,455.00,0,0,0.00,0.00,0.00,458.00,0.00
1314853494617240,20190907,458.00,455.00,0,0,0.00,0.00,0.00,458.00,0.00
1314853494617240,20190908,458.00,455.00,0,0,0.00,0.00,0.00,458.00,0.00
1314853494617240,20190911,458.00,455.00,0,0,0.00,0.00,0.00,458.00,0.00
1314853494617240,20190914,458.00,455.00,0,0,0.00,0.00,0.00,458.00,0.00
1314853494617240,20190915,458.00,455.00,0,0,0.00,0.00,0.00,458.00,0.00
1314853494617240,20190916,458.00,455.00,0,0,0.00,0.00,0.00,458.00,0.00
1314853494617240,20190917,458.00,455.00,0,0,0.00,0.00,0.00,458.00,0.00
1314853494617240,20190918,458.00,455.00,0,0,0.00,0.00,0.00,458.00,0.00
1314853494617240,20190921,458.00,455.00,0,0,0.00,0.00,0.00,458.00,0.00
1314853494617240,20190922,458.00,455.00,0,0,0.00,0.00,0.00,458.00,0.00
1314853494617240,20190923,458.00,455.00,0,0,0.00,0.00,0.00,458.00,0.00
1314853494617240,20190924,458.00,455.00,0,0,0.00,0.00,0.00,458.00,0.00
1314853494617240,20190925,458.00,455.00,0,0,0.00,0.00,0.00,458.00,0.00
1314853494617240,20190928,458.00,455.00,0,0,0.00,0.00,0.00,458.00,0.00
1314853494617240,20190929,458.00,455.00,0,0,0.00,0.00,0.00,458.00,0.00
1314853494617240,20190930,458.00,455.00,0,0,0.00,0.00,0.00,458.00,0.00
1314853494617240,20191001,458.00,455.00,0,0,0.00,0.00,0.00,458.00,0.00
1314853494617240,20191002,458.00,455.00,0,0,0.00,0.00,0.00,458.00,0.00
1314853494617240,20191005,458.00,455.00,0,0,0.00,0.00,0.00,458.00,0.00
1314853494617240,20191006,458.00,455.00,0,0,0.00,0.00,0.00,458.00,0.00
1314853494617240,20191007,458.00,455.00,0,0,0.00,0.00,0.00,458.00,0.00
1314853494617240,20191008,458.00,455.00,0,0,0.00,0.00,0.00,458.00,0.00
1314853494617240,20191009,458.00,455.00,0,0,0.00,0.00,0.00,458.00,0.00
1314853494617240,20191012,458.00,455.00,0,0,0.00,0.00,0.00,458.00,0.00
1314853494617240,20191013,458.00,455.00,0,0,0.00,0.00,0.00,458.00,0.00
1314853494617240,20191014,458.00,455.00,0,0,0.00,0.00,0.00,458.00,0.00
1314853494617240,20191015,458.00,455.00,0,0,0.00,0.00,0.00,458.00,0.00
1314853494617240,20191016,458.00,455.00,0,0,0.00,0.00,0.00,458.00,0.00
1314853494617240,20191020,458.00,455.00,0,0,0.00,0.00,0.00,458.00,0.00
1314853494617240,20191021,458.00,455.00,0,0,0.00,0.00,0.00,458.00,0.00
1314853494617240,20191022,458.00,455.00,0,0,0.00,0.00,0.00,458.00,0.00
1314853494617240,20191023,458.00,455.00,0,0,0.00,0.00,0.00,458.00,0.00
1314853494617240,20191026,458.00,455.00,0,0,0.00,0.00,0.00,458.00,0.00
1314853494617240,20191028,458.00,455.00,0,0,0.00,0.00,0.00,458.00,0.00
1314853494617240,20191030,458.00,455.00,0,0,0.00,0.00,0.00,458.00,0.00
1314853494617240,20191102,458.00,455.00,0,0,0.00,0.00,0.00,458.00,0.00
1314853494617240,20191103,458.00,455.00,0,0,0.00,0.00,0.00,458.00,0.00
1314853494617240,20191104,458.00,455.00,0,0,0.00,0.00,0.00,458.00,0.00
1314853494617240,20191105,458.00,455.00,0,0,0.00,0.00,0.00,458.00,0.00
1314853494617240,20191109,458.00,455.00,0,0,0.00,0.00,0.00,458.00,0.00
1314853494617240,20191110,458.00,455.00,0,0,0.00,0.00,0.00,458.00,0.00
1314853494617240,20191111,458.00,455.00,0,0,0.00,0.00,0.00,458.00,0.00
1314853494617240,20191112,458.00,455.00,0,0,0.00,0.00,0.00,458.00,0.00
1314853494617240,20191113,458.00,455.00,0,0,0.00,0.00,0.00,458.00,0.00
1314853494617240,20191116,458.00,455.00,0,0,0.00,0.00,0.00,458.00,0.00
1314853494617240,20191117,458.00,455.00,0,0,0.00,0.00,0.00,458.00,0.00
1314853494617240,20191118,458.00,455.00,0,0,0.00,0.00,0.00,458.00,0.00
1314853494617240,20191119,458.00,455.00,0,0,0.00,0.00,0.00,458.00,0.00
1314853494617240,20191120,458.00,455.00,0,0,0.00,0.00,0.00,458.00,0.00
1314853494617240,20191123,458.00,455.00,0,0,0.00,0.00,0.00,458.00,0.00
1314853494617240,20191124,458.00,455.00,0,0,0.00,0.00,0.00,458.00,0.00
1314853494617240,20191125,458.00,455.00,0,0,0.00,0.00,0.00,458.00,0.00
1314853494617240,20191126,458.00,455.00,0,0,0.00,0.00,0.00,458.00,0.00
1314853494617240,20191127,458.00,455.00,0,0,0.00,0.00,0.00,458.00,0.00
1314853494617240,20191130,458.00,455.00,0,0,0.00,0.00,0.00,458.00,0.00
1314853494617240,20191201,458.00,455.00,0,0,0.00,0.00,0.00,458.00,0.00
1314853494617240,20191202,458.00,455.00,0,0,0.00,0.00,0.00,458.00,0.00
1314853494617240,20191203,458.00,455.00,0,0,0.00,0.00,0.00,458.00,0.00
1314853494617240,20191204,458.00,455.00,0,0,0.00,0.00,0.00,458.00,0.00
1314853494617240,20191207,458.00,455.00,0,0,0.00,0.00,0.00,458.00,0.00
1314853494617240,20191208,458.00,455.00,0,0,0.00,0.00,0.00,458.00,0.00
1314853494617240,20191209,458.00,455.00,0,0,0.00,0.00,0.00,458.00,0.00
1314853494617240,20191210,458.00,455.00,0,0,0.00,0.00,0.00,458.00,0.00
1314853494617240,20191211,458.00,455.00,0,0,0.00,0.00,0.00,458.00,0.00
1314853494617240,20191214,458.00,455.00,0,0,0.00,0.00,0.00,458.00,0.00
1314853494617240,20191215,458.00,455.00,0,0,0.00,0.00,0.00,458.00,0.00
1314853494617240,20191216,458.00,455.00,0,0,0.00,0.00,0.00,458.00,0.00
1314853494617240,20191217,458.00,455.00,0,0,0.00,0.00,0.00,458.00,0.00
1314853494617240,20191218,458.00,455.00,0,0,0.00,0.00,0.00,458.00,0.00
1314853494617240,20191221,458.00,455.00,0,0,0.00,0.00,0.00,458.00,0.00
1314853494617240,20191222,458.00,455.00,0,0,0.00,0.00,0.00,458.00,0.00
1314853494617240,20191223,458.00,455.00,0,0,0.00,0.00,0.00,458.00,0.00
1314853494617240,20191224,458.00,455.00,0,0,0.00,0.00,0.00,458.00,0.00
1314853494617240,20191225,458.00,455.00,0,0,0.00,0.00,0.00,458.00,0.00
1314853494617240,20191228,458.00,455.00,0,0,0.00,0.00,0.00,458.00,0.00
1314853494617240,20191229,458.00,455.00,0,0,0.00,0.00,0.00,458.00,0.00
1314853494617240,20191230,458.00,455.00,0,0,0.00,0.00,0.00,458.00,0.00
1314853494617240,20191231,458.00,455.00,0,0,0.00,0.00,0.00,458.00,0.00
1314853494617240,20200101,458.00,455.00,0,0,0.00,0.00,0.00,458.00,0.00
1314853494617240,20200104,458.00,455.00,0,0,0.00,0.00,0.00,458.00,0.00
1314853494617240,20200105,458.00,455.00,0,0,0.00,0.00,0.00,458.00,0.00
1314853494617240,20200107,458.00,455.00,0,0,0.00,0.00,0.00,458.00,0.00
1314853494617240,20200108,458.00,455.00,0,0,0.00,0.00,0.00,458.00,0.00
1314853494617240,20200111,458.00,455.00,0,0,0.00,0.00,0.00,458.00,0.00
1314853494617240,20200112,458.00,455.00,0,0,0.00,0.00,0.00,458.00,0.00
1314853494617240,20200113,458.00,455.00,0,0,0.00,0.00,0.00,458.00,0.00
1314853494617240,20200114,458.00,455.00,0,0,0.00,0.00,0.00,458.00,0.00
1314853494617240,20200115,458.00,455.00,0,0,0.00,0.00,0.00,458.00,0.00
1314853494617240,20200118,458.00,455.00,0,0,0.00,0.00,0.00,458.00,0.00
1314853494617240,20200119,458.00,455.00,0,0,0.00,0.00,0.00,458.00,0.00
1314853494617240,20200120,458.00,455.00,0,0,0.00,0.00,0.00,458.00,0.00
1314853494617240,20200121,458.00,455.00,0,0,0.00,0.00,0.00,458.00,0.00
1314853494617240,20200122,458.00,455.00,0,0,0.00,0.00,0.00,458.00,0.00
1314853494617240,20200125,458.00,455.00,0,0,0.00,0.00,0.00,458.00,0.00
1314853494617240,20200126,458.00,455.00,0,0,0.00,0.00,0.00,458.00,0.00
1314853494617240,20200127,458.00,455.00,0,0,0.00,0.00,0.00,458.00,0.00
1314853494617240,20200128,458.00,455.00,0,0,0.00,0.00,0.00,458.00,0.00
1314853494617240,20200201,458.00,455.00,0,0,0.00,0.00,0.00,458.00,0.00
1314853494617240,20200202,458.00,455.00,0,0,0.00,0.00,0.00,458.00,0.00
1314853494617240,20200203,458.00,455.00,0,0,0.00,0.00,0.00,458.00,0.00
1314853494617240,20200204,458.00,455.00,0,0,0.00,0.00,0.00,458.00,0.00
1314853494617240,20200205,458.00,455.00,0,0,0.00,0.00,0.00,458.00,0.00
1314853494617240,20200208,458.00,455.00,0,0,0.00,0.00,0.00,458.00,0.00
1314853494617240,20200209,458.00,455.00,0,0,0.00,0.00,0.00,458.00,0.00
1314853494617240,20200210,458.00,455.00,0,0,0.00,0.00,0.00,458.00,0.00
1314853494617240,20200212,458.00,455.00,0,0,0.00,0.00,0.00,458.00,0.00
1314853494617240,20200215,458.00,455.00,0,0,0.00,0.00,0.00,458.00,0.00
1314853494617240,20200216,458.00,455.00,0,0,0.00,0.00,0.00,458.00,0.00
1314853494617240,20200217,458.00,455.00,0,0,0.00,0.00,0.00,458.00,0.00
1314853494617240,20200218,458.00,455.00,0,0,0.00,0.00,0.00,458.00,0.00
1314853494617240,20200219,458.00,455.00,0,0,0.00,0.00,0.00,458.00,0.00
1314853494617240,20200222,458.00,455.00,0,0,0.00,0.00,0.00,458.00,0.00
1314853494617240,20200223,458.00,455.00,0,0,0.00,0.00,0.00,458.00,0.00
1314853494617240,20200224,458.00,455.00,0,0,0.00,0.00,0.00,458.00,0.00
1314853494617240,20200225,458.00,455.00,0,0,0.00,0.00,0.00,458.00,0.00
1314853494617240,20200226,458.00,455.00,0,0,0.00,0.00,0.00,458.00,0.00
1314853494617240,20200229,458.00,455.00,0,0,0.00,0.00,0.00,458.00,0.00
1314853494617240,20200301,458.00,455.00,0,0,0.00,0.00,0.00,458.00,0.00
1314853494617240,20200302,458.00,455.00,0,0,0.00,0.00,0.00,458.00,0.00
1314853494617240,20200303,458.00,455.00,0,0,0.00,0.00,0.00,458.00,0.00
1314853494617240,20200304,458.00,455.00,0,0,0.00,0.00,0.00,458.00,0.00
1314853494617240,20200307,458.00,455.00,0,0,0.00,0.00,0.00,458.00,0.00
1314853494617240,20200309,458.00,455.00,0,0,0.00,0.00,0.00,458.00,0.00
1314853494617240,20200310,458.00,455.00,0,0,0.00,0.00,0.00,458.00,0.00
1314853494617240,20200311,458.00,455.00,0,0,0.00,0.00,0.00,458.00,0.00
1314853494617240,20200314,458.00,455.00,0,0,0.00,0.00,0.00,458.00,0.00
1314853494617240,20200315,458.00,455.00,0,0,0.00,0.00,0.00,458.00,0.00
1314853494617240,20200316,458.00,455.00,0,0,0.00,0.00,0.00,458.00,0.00
1314853494617240,20200317,458.00,455.00,0,0,0.00,0.00,0.00,458.00,0.00
1314853494617240,20200318,458.00,455.00,0,0,0.00,0.00,0.00,458.00,0.00
1314853494617240,20200324,458.00,455.00,0,0,0.00,0.00,0.00,458.00,0.00
1314853494617240,20200325,458.00,455.00,0,0,0.00,0.00,0.00,458.00,0.00
1314853494617240,20200328,458.00,455.00,0,0,0.00,0.00,0.00,458.00,0.00
1314853494617240,20200329,458.00,455.00,0,0,0.00,0.00,0.00,458.00,0.00
1314853494617240,20200330,458.00,455.00,0,0,0.00,0.00,0.00,458.00,0.00
1314853494617240,20200404,458.00,455.00,0,0,0.00,0.00,0.00,458.00,0.00
1314853494617240,20200405,458.00,455.00,0,0,0.00,0.00,0.00,458.00,0.00
1314853494617240,20200406,458.00,455.00,0,0,0.00,0.00,0.00,458.00,0.00
1314853494617240,20200407,458.00,455.00,0,0,0.00,0.00,0.00,458.00,0.00
1314853494617240,20200408,458.00,455.00,0,0,0.00,0.00,0.00,458.00,0.00
1314853494617240,20200411,458.00,455.00,0,0,0.00,0.00,0.00,458.00,0.00
1314853494617240,20200412,458.00,455.00,0,0,0.00,0.00,0.00,458.00,0.00
1314853494617240,20200413,458.00,455.00,0,0,0.00,0.00,0.00,458.00,0.00
1314853494617240,20200414,458.00,455.00,0,0,0.00,0.00,0.00,458.00,0.00
1314853494617240,20200415,458.00,455.00,0,0,0.00,0.00,0.00,458.00,0.00
1314853494617240,20200418,458.00,455.00,0,0,0.00,0.00,0.00,458.00,0.00
1314853494617240,20200419,458.00,455.00,0,0,0.00,0.00,0.00,458.00,0.00
1314853494617240,20200420,458.00,455.00,0,0,0.00,0.00,0.00,458.00,0.00
1314853494617240,20200421,458.00,455.00,0,0,0.00,0.00,0.00,458.00,0.00
1314853494617240,20200422,458.00,455.00,0,0,0.00,0.00,0.00,458.00,0.00
1314853494617240,20200425,458.00,455.00,0,0,0.00,0.00,0.00,458.00,0.00
1314853494617240,20200426,458.00,455.00,0,0,0.00,0.00,0.00,458.00,0.00
1314853494617240,20200427,458.00,455.00,0,0,0.00,0.00,0.00,458.00,0.00
1314853494617240,20200428,458.00,455.00,0,0,0.00,0.00,0.00,458.00,0.00
1314853494617240,20200429,458.00,455.00,0,0,0.00,0.00,0.00,458.00,0.00
1314853494617240,20200502,458.00,455.00,0,0,0.00,0.00,0.00,458.00,0.00
1314853494617240,20200503,458.00,455.00,0,0,0.00,0.00,0.00,458.00,0.00
1314853494617240,20200504,458.00,455.00,0,0,0.00,0.00,0.00,458.00,0.00
1314853494617240,20200505,458.00,455.00,0,0,0.00,0.00,0.00,458.00,0.00
1314853494617240,20200506,458.00,455.00,0,0,0.00,0.00,0.00,458.00,0.00
1314853494617240,20200509,458.00,455.00,0,0,0.00,0.00,0.00,458.00,0.00
1314853494617240,20200510,458.00,455.00,0,0,0.00,0.00,0.00,458.00,0.00
1314853494617240,20200511,458.00,455.00,0,0,0.00,0.00,0.00,458.00,0.00
1314853494617240,20200512,458.00,455.00,0,0,0.00,0.00,0.00,458.00,0.00
1314853494617240,20200513,458.00,455.00,0,0,0.00,0.00,0.00,458.00,0.00
1314853494617240,20200516,458.00,455.00,0,0,0.00,0.00,0.00,458.00,0.00
1314853494617240,20200517,458.00,455.00,0,0,0.00,0.00,0.00,458.00,0.00
1314853494617240,20200518,458.00,455.00,0,0,0.00,0.00,0.00,458.00,0.00
1314853494617240,20200519,458.00,455.00,0,0,0.00,0.00,0.00,458.00,0.00
1314853494617240,20200520,458.00,455.00,0,0,0.00,0.00,0.00,458.00,0.00
1314853494617240,20200523,458.00,455.00,0,0,0.00,0.00,0.00,458.00,0.00
1314853494617240,20200526,458.00,455.00,0,0,0.00,455.00,455.00,458.00,0.00
1314853494617240,20200527,458.00,455.00,0,0,0.00,0.00,0.00,458.00,0.00
1314853494617240,20200530,458.00,455.00,0,0,0.00,0.00,0.00,458.00,0.00
1314853494617240,20200531,458.00,455.00,0,0,0.00,0.00,0.00,458.00,0.00
1314853494617240,20200601,458.00,455.00,0,0,0.00,0.00,0.00,458.00,0.00
1314853494617240,20200602,458.00,455.00,0,0,0.00,0.00,0.00,458.00,0.00
1314853494617240,20200606,458.00,455.00,0,0,0.00,0.00,0.00,458.00,0.00
1314853494617240,20200607,458.00,455.00,0,0,0.00,0.00,0.00,458.00,0.00
1314853494617240,20200608,458.00,455.00,0,0,0.00,0.00,0.00,458.00,0.00
1314853494617240,20200609,458.00,455.00,0,0,0.00,0.00,0.00,458.00,0.00
1314853494617240,20200610,458.00,455.00,0,0,0.00,0.00,0.00,458.00,0.00
1314853494617240,20200613,458.00,455.00,0,0,0.00,0.00,0.00,458.00,0.00
1314853494617240,20200614,458.00,455.00,0,0,0.00,0.00,0.00,458.00,0.00
1314853494617240,20200615,458.00,455.00,0,0,0.00,0.00,0.00,458.00,0.00
1314853494617240,20200616,458.00,455.00,0,0,0.00,0.00,0.00,458.00,0.00
1314853494617240,20200620,458.00,455.00,0,0,0.00,0.00,0.00,458.00,0.00
1314853494617240,20200621,458.00,455.00,0,0,0.00,0.00,0.00,458.00,0.00
1314853494617240,20200622,458.00,455.00,0,0,0.00,0.00,0.00,458.00,0.00
1314853494617240,20200623,458.00,455.00,0,0,0.00,0.00,0.00,458.00,0.00
1314853494617240,20200624,458.00,455.00,0,0,0.00,0.00,0.00,458.00,0.00
1314853494617240,20200627,458.00,455.00,0,0,0.00,0.00,0.00,458.00,0.00
1314853494617240,20200628,458.00,455.00,0,0,0.00,0.00,0.00,458.00,0.00
1314853494617240,20200629,458.00,455.00,0,0,0.00,0.00,0.00,458.00,0.00
1314853494617240,20200630,458.00,455.00,0,0,0.00,0.00,0.00,458.00,0.00
1314853494617240,20200701,458.00,455.00,0,0,0.00,0.00,0.00,458.00,0.00
1314853494617240,20200704,458.00,455.00,0,0,0.00,0.00,0.00,458.00,0.00
1314853494617240,20200705,458.00,455.00,0,0,0.00,0.00,0.00,458.00,0.00
1314853494617240,20200706,458.00,455.00,0,0,0.00,0.00,0.00,458.00,0.00
1314853494617240,20200707,458.00,455.00,0,0,0.00,0.00,0.00,458.00,0.00
1314853494617240,20200708,458.00,455.00,0,0,0.00,0.00,0.00,458.00,0.00
1314853494617240,20200711,458.00,455.00,0,0,0.00,0.00,0.00,458.00,0.00
1314853494617240,20200712,458.00,455.00,0,0,0.00,0.00,0.00,458.00,0.00
1314853494617240,20200713,458.00,455.00,0,0,0.00,0.00,0.00,458.00,0.00
1314853494617240,20200714,458.00,455.00,0,0,0.00,0.00,0.00,458.00,0.00
1314853494617240,20200715,458.00,455.00,0,0,0.00,0.00,0.00,458.00,0.00
1314853494617240,20200718,458.00,455.00,0,0,0.00,0.00,0.00,458.00,0.00
1314853494617240,20200719,458.00,455.00,0,0,0.00,0.00,0.00,458.00,0.00
1314853494617240,20200720,458.00,455.00,0,0,0.00,0.00,0.00,458.00,0.00
1314853494617240,20200721,458.00,455.00,0,0,0.00,0.00,0.00,458.00,0.00
1314853494617240,20200722,458.00,455.00,0,0,0.00,0.00,0.00,458.00,0.00
1314853494617240,20200725,458.00,455.00,0,0,0.00,0.00,0.00,458.00,0.00
1314853494617240,20200726,458.00,455.00,0,0,0.00,0.00,0.00,458.00,0.00
1314853494617240,20200727,458.00,455.00,0,0,0.00,0.00,0.00,458.00,0.00
1314853494617240,20200728,458.00,455.00,0,0,0.00,0.00,0.00,458.00,0.00
1314853494617240,20200729,458.00,455.00,0,0,0.00,0.00,0.00,458.00,0.00
1314853494617240,20200801,458.00,455.00,0,0,0.00,0.00,0.00,458.00,0.00
1314853494617240,20200802,458.00,455.00,0,0,0.00,0.00,0.00,458.00,0.00
1314853494617240,20200803,458.00,455.00,0,0,0.00,0.00,0.00,458.00,0.00
1314853494617240,20200804,458.00,455.00,0,0,0.00,0.00,0.00,458.00,0.00
1314853494617240,20200805,458.00,455.00,0,0,0.00,0.00,0.00,458.00,0.00
1314853494617240,20200809,458.00,455.00,0,0,0.00,0.00,0.00,458.00,0.00
1314853494617240,20200810,458.00,455.00,0,0,0.00,0.00,0.00,458.00,0.00
1314853494617240,20200811,458.00,455.00,0,0,0.00,0.00,0.00,458.00,0.00
