17200458201581900,20140624,1000.00,1000.00,0,0,0.00,0.00,0.00,0.00,0.00
17200458201581900,20140625,1000.00,1000.00,0,0,0.00,0.00,0.00,1000.00,0.00
17200458201581900,20140628,1000.00,1000.00,0,0,0.00,0.00,0.00,1000.00,0.00
17200458201581900,20140629,1000.00,1000.00,0,0,0.00,0.00,0.00,1000.00,0.00
17200458201581900,20140630,1000.00,1000.00,0,0,0.00,0.00,0.00,1000.00,0.00
17200458201581900,20140701,1000.00,1000.00,0,0,0.00,0.00,0.00,1000.00,0.00
17200458201581900,20140702,1000.00,1000.00,0,0,0.00,0.00,0.00,1000.00,0.00
17200458201581900,20140705,1000.00,1000.00,0,0,0.00,0.00,0.00,1000.00,0.00
17200458201581900,20140706,1000.00,1000.00,0,0,0.00,0.00,0.00,1000.00,0.00
17200458201581900,20140707,1000.00,1000.00,0,0,0.00,0.00,0.00,1000.00,0.00
17200458201581900,20140708,1000.00,1000.00,0,0,0.00,0.00,0.00,1000.00,0.00
17200458201581900,20140709,1000.00,1000.00,0,0,0.00,0.00,0.00,1000.00,0.00
17200458201581900,20140712,1000.00,1000.00,0,0,0.00,0.00,0.00,1000.00,0.00
17200458201581900,20140713,1000.00,1000.00,0,0,0.00,0.00,0.00,1000.00,0.00
17200458201581900,20140714,1000.00,1000.00,0,0,0.00,0.00,0.00,1000.00,0.00
17200458201581900,20140715,1000.00,1000.00,0,0,0.00,0.00,0.00,1000.00,0.00
17200458201581900,20140716,1000.00,1000.00,0,0,0.00,0.00,0.00,1000.00,0.00
17200458201581900,20140720,1000.00,1000.00,0,0,0.00,0.00,0.00,1000.00,0.00
17200458201581900,20140721,1000.00,1000.00,0,0,0.00,0.00,0.00,1000.00,0.00
17200458201581900,20140722,1000.00,1000.00,0,0,0.00,0.00,0.00,1000.00,0.00
17200458201581900,20140723,1000.00,1000.00,0,0,0.00,0.00,0.00,1000.00,0.00
17200458201581900,20140726,1000.00,1000.00,0,0,0.00,0.00,0.00,1000.00,0.00
17200458201581900,20140727,1000.00,1000.00,0,0,0.00,0.00,0.00,1000.00,0.00
17200458201581900,20140728,1000.00,1000.00,0,0,0.00,0.00,0.00,1000.00,0.00
17200458201581900,20140802,1000.00,1000.00,0,0,0.00,0.00,0.00,1000.00,0.00
17200458201581900,20140803,1000.00,1000.00,0,0,0.00,0.00,0.00,1000.00,0.00
17200458201581900,20140804,1000.00,1000.00,0,0,0.00,0.00,0.00,1000.00,0.00
17200458201581900,20140805,1000.00,1000.00,0,0,0.00,0.00,0.00,1000.00,0.00
17200458201581900,20140806,1000.00,1000.00,0,0,0.00,0.00,0.00,1000.00,0.00
17200458201581900,20140809,1000.00,1000.00,0,0,0.00,0.00,0.00,1000.00,0.00
17200458201581900,20140810,1000.00,1000.00,0,0,0.00,0.00,0.00,1000.00,0.00
17200458201581900,20140811,1000.00,1000.00,0,0,0.00,0.00,0.00,1000.00,0.00
17200458201581900,20140812,1000.00,1000.00,0,0,0.00,0.00,0.00,1000.00,0.00
17200458201581900,20140813,1000.00,1000.00,0,0,0.00,0.00,0.00,1000.00,0.00
17200458201581900,20140816,1000.00,1000.00,0,0,0.00,0.00,0.00,1000.00,0.00
17200458201581900,20140817,1000.00,1000.00,0,0,0.00,0.00,0.00,1000.00,0.00
17200458201581900,20140818,1000.00,1000.00,0,0,0.00,0.00,0.00,1000.00,0.00
17200458201581900,20140819,1000.00,1000.00,0,0,0.00,0.00,0.00,1000.00,0.00
17200458201581900,20140820,1000.00,1000.00,0,0,0.00,0.00,0.00,1000.00,0.00
17200458201581900,20140823,1000.00,1000.00,0,0,0.00,0.00,0.00,1000.00,0.00
17200458201581900,20140824,1000.00,1000.00,0,0,0.00,0.00,0.00,1000.00,0.00
17200458201581900,20140825,1000.00,1000.00,0,0,0.00,0.00,0.00,1000.00,0.00
17200458201581900,20140826,1000.00,1000.00,0,0,0.00,0.00,0.00,1000.00,0.00
17200458201581900,20140827,20.00,20.00,1,79920,1598400.00,20.00,20.00,1000.00,20.00
17200458201581900,20140830,20.00,20.00,0,0,0.00,0.00,0.00,20.00,0.00
17200458201581900,20140831,20.00,20.00,0,0,0.00,0.00,0.00,20.00,0.00
17200458201581900,20140901,20.00,20.00,0,0,0.00,0.00,0.00,20.00,0.00
17200458201581900,20140902,20.00,20.00,0,0,0.00,0.00,0.00,20.00,0.00
17200458201581900,20140903,20.00,20.00,0,0,0.00,0.00,0.00,20.00,0.00
17200458201581900,20140906,20.00,20.00,0,0,0.00,0.00,0.00,20.00,0.00
17200458201581900,20140907,20.00,20.00,0,0,0.00,0.00,0.00,20.00,0.00
17200458201581900,20140908,20.00,20.00,0,0,0.00,0.00,0.00,20.00,0.00
17200458201581900,20140909,20.00,20.00,0,0,0.00,0.00,0.00,20.00,0.00
17200458201581900,20140910,20.00,20.00,0,0,0.00,0.00,0.00,20.00,0.00
17200458201581900,20140913,20.00,20.00,0,0,0.00,0.00,0.00,20.00,0.00
17200458201581900,20140914,20.00,20.00,0,0,0.00,0.00,0.00,20.00,0.00
17200458201581900,20140915,20.00,20.00,0,0,0.00,0.00,0.00,20.00,0.00
17200458201581900,20140916,20.00,20.00,0,0,0.00,0.00,0.00,20.00,0.00
17200458201581900,20140917,20.00,20.00,0,0,0.00,0.00,0.00,20.00,0.00
17200458201581900,20140920,20.00,20.00,0,0,0.00,0.00,0.00,20.00,0.00
17200458201581900,20140921,20.00,20.00,0,0,0.00,0.00,0.00,20.00,0.00
17200458201581900,20140922,20.00,20.00,0,0,0.00,0.00,0.00,20.00,0.00
17200458201581900,20140923,20.00,20.00,0,0,0.00,0.00,0.00,20.00,0.00
17200458201581900,20140924,20.00,20.00,0,0,0.00,0.00,0.00,20.00,0.00
17200458201581900,20140927,20.00,20.00,0,0,0.00,0.00,0.00,20.00,0.00
17200458201581900,20140928,20.00,20.00,0,0,0.00,0.00,0.00,20.00,0.00
17200458201581900,20140929,20.00,20.00,0,0,0.00,0.00,0.00,20.00,0.00
17200458201581900,20140930,20.00,20.00,0,0,0.00,0.00,0.00,20.00,0.00
17200458201581900,20141001,20.00,20.00,0,0,0.00,0.00,0.00,20.00,0.00
17200458201581900,20141004,20.00,20.00,0,0,0.00,0.00,0.00,20.00,0.00
17200458201581900,20141006,20.00,20.00,0,0,0.00,0.00,0.00,20.00,0.00
17200458201581900,20141007,20.00,20.00,0,0,0.00,0.00,0.00,20.00,0.00
17200458201581900,20141008,20.00,20.00,0,0,0.00,0.00,0.00,20.00,0.00
17200458201581900,20141011,20.00,20.00,0,0,0.00,0.00,0.00,20.00,0.00
17200458201581900,20141012,20.00,20.00,0,0,0.00,0.00,0.00,20.00,0.00
17200458201581900,20141014,20.00,20.00,0,0,0.00,0.00,0.00,20.00,0.00
17200458201581900,20141015,20.00,20.00,0,0,0.00,0.00,0.00,20.00,0.00
17200458201581900,20141018,20.00,20.00,0,0,0.00,0.00,0.00,20.00,0.00
17200458201581900,20141019,20.00,20.00,0,0,0.00,0.00,0.00,20.00,0.00
17200458201581900,20141020,20.00,20.00,0,0,0.00,0.00,0.00,20.00,0.00
17200458201581900,20141021,20.00,20.00,0,0,0.00,0.00,0.00,20.00,0.00
17200458201581900,20141022,20.00,20.00,0,0,0.00,0.00,0.00,20.00,0.00
17200458201581900,20141025,20.00,20.00,0,0,0.00,0.00,0.00,20.00,0.00
17200458201581900,20141026,20.00,20.00,0,0,0.00,0.00,0.00,20.00,0.00
17200458201581900,20141027,20.00,20.00,0,0,0.00,0.00,0.00,20.00,0.00
17200458201581900,20141028,20.00,20.00,0,0,0.00,0.00,0.00,20.00,0.00
17200458201581900,20141029,20.00,20.00,0,0,0.00,0.00,0.00,20.00,0.00
17200458201581900,20141101,20.00,20.00,0,0,0.00,0.00,0.00,20.00,0.00
17200458201581900,20141102,20.00,20.00,0,0,0.00,0.00,0.00,20.00,0.00
17200458201581900,20141105,20.00,20.00,0,0,0.00,0.00,0.00,20.00,0.00
17200458201581900,20141108,20.00,20.00,0,0,0.00,0.00,0.00,20.00,0.00
17200458201581900,20141109,20.00,20.00,0,0,0.00,0.00,0.00,20.00,0.00
17200458201581900,20141110,20.00,20.00,0,0,0.00,0.00,0.00,20.00,0.00
17200458201581900,20141111,20.00,20.00,0,0,0.00,0.00,0.00,20.00,0.00
17200458201581900,20141112,20.00,20.00,0,0,0.00,0.00,0.00,20.00,0.00
17200458201581900,20141115,20.00,20.00,0,0,0.00,0.00,0.00,20.00,0.00
17200458201581900,20141116,20.00,20.00,0,0,0.00,0.00,0.00,20.00,0.00
17200458201581900,20141117,20.00,20.00,0,0,0.00,0.00,0.00,20.00,0.00
17200458201581900,20141118,20.00,20.00,0,0,0.00,0.00,0.00,20.00,0.00
17200458201581900,20141119,20.00,20.00,0,0,0.00,0.00,0.00,20.00,0.00
17200458201581900,20141122,20.00,20.00,0,0,0.00,0.00,0.00,20.00,0.00
17200458201581900,20141123,20.00,20.00,0,0,0.00,0.00,0.00,20.00,0.00
17200458201581900,20141124,20.00,20.00,0,0,0.00,0.00,0.00,20.00,0.00
17200458201581900,20141125,20.00,20.00,0,0,0.00,0.00,0.00,20.00,0.00
17200458201581900,20141126,20.00,20.00,0,0,0.00,0.00,0.00,20.00,0.00
17200458201581900,20141129,20.00,20.00,0,0,0.00,0.00,0.00,20.00,0.00
17200458201581900,20141130,20.00,20.00,0,0,0.00,0.00,0.00,20.00,0.00
17200458201581900,20141201,20.00,20.00,0,0,0.00,0.00,0.00,20.00,0.00
17200458201581900,20141202,20.00,20.00,0,0,0.00,0.00,0.00,20.00,0.00
17200458201581900,20141203,20.00,20.00,0,0,0.00,0.00,0.00,20.00,0.00
17200458201581900,20141206,20.00,20.00,0,0,0.00,0.00,0.00,20.00,0.00
17200458201581900,20141207,20.00,20.00,0,0,0.00,0.00,0.00,20.00,0.00
17200458201581900,20141208,20.00,20.00,0,0,0.00,0.00,0.00,20.00,0.00
17200458201581900,20141209,20.00,20.00,0,0,0.00,0.00,0.00,20.00,0.00
17200458201581900,20141210,20.00,20.00,0,0,0.00,0.00,0.00,20.00,0.00
17200458201581900,20141214,20.00,20.00,0,0,0.00,0.00,0.00,20.00,0.00
17200458201581900,20141215,20.00,20.00,0,0,0.00,0.00,0.00,20.00,0.00
17200458201581900,20141216,20.00,20.00,0,0,0.00,0.00,0.00,20.00,0.00
17200458201581900,20141217,20.00,20.00,0,0,0.00,0.00,0.00,20.00,0.00
17200458201581900,20141220,20.00,20.00,0,0,0.00,0.00,0.00,20.00,0.00
17200458201581900,20141222,20.00,20.00,0,0,0.00,0.00,0.00,20.00,0.00
17200458201581900,20141224,20.00,20.00,0,0,0.00,0.00,0.00,20.00,0.00
17200458201581900,20141227,20.00,20.00,0,0,0.00,0.00,0.00,20.00,0.00
17200458201581900,20141228,20.00,20.00,0,0,0.00,0.00,0.00,20.00,0.00
17200458201581900,20141229,20.00,20.00,0,0,0.00,0.00,0.00,20.00,0.00
17200458201581900,20141230,20.00,20.00,0,0,0.00,0.00,0.00,20.00,0.00
17200458201581900,20141231,20.00,20.00,0,0,0.00,0.00,0.00,20.00,0.00
17200458201581900,20150103,20.00,20.00,0,0,0.00,0.00,0.00,20.00,0.00
17200458201581900,20150104,20.00,20.00,0,0,0.00,0.00,0.00,20.00,0.00
17200458201581900,20150105,20.00,20.00,0,0,0.00,0.00,0.00,20.00,0.00
17200458201581900,20150106,20.00,20.00,0,0,0.00,0.00,0.00,20.00,0.00
17200458201581900,20150107,20.00,20.00,0,0,0.00,0.00,0.00,20.00,0.00
17200458201581900,20150110,20.00,20.00,0,0,0.00,0.00,0.00,20.00,0.00
17200458201581900,20150111,20.00,20.00,0,0,0.00,0.00,0.00,20.00,0.00
17200458201581900,20150112,20.00,20.00,0,0,0.00,0.00,0.00,20.00,0.00
17200458201581900,20150113,20.00,20.00,0,0,0.00,0.00,0.00,20.00,0.00
17200458201581900,20150114,20.00,20.00,0,0,0.00,0.00,0.00,20.00,0.00
17200458201581900,20150117,20.00,20.00,0,0,0.00,0.00,0.00,20.00,0.00
17200458201581900,20150118,20.00,20.00,0,0,0.00,0.00,0.00,20.00,0.00
17200458201581900,20150119,20.00,20.00,0,0,0.00,0.00,0.00,20.00,0.00
17200458201581900,20150120,20.00,20.00,0,0,0.00,0.00,0.00,20.00,0.00
17200458201581900,20150121,20.00,20.00,0,0,0.00,0.00,0.00,20.00,0.00
17200458201581900,20150124,20.00,20.00,0,0,0.00,0.00,0.00,20.00,0.00
17200458201581900,20150125,20.00,20.00,0,0,0.00,0.00,0.00,20.00,0.00
17200458201581900,20150126,20.00,20.00,0,0,0.00,0.00,0.00,20.00,0.00
17200458201581900,20150127,20.00,20.00,0,0,0.00,0.00,0.00,20.00,0.00
17200458201581900,20150128,20.00,20.00,0,0,0.00,0.00,0.00,20.00,0.00
17200458201581900,20150131,20.00,20.00,0,0,0.00,0.00,0.00,20.00,0.00
17200458201581900,20150201,20.00,20.00,0,0,0.00,0.00,0.00,20.00,0.00
17200458201581900,20150202,20.00,20.00,0,0,0.00,0.00,0.00,20.00,0.00
17200458201581900,20150203,20.00,20.00,0,0,0.00,0.00,0.00,20.00,0.00
17200458201581900,20150204,20.00,20.00,0,0,0.00,0.00,0.00,20.00,0.00
17200458201581900,20150207,20.00,20.00,0,0,0.00,0.00,0.00,20.00,0.00
17200458201581900,20150208,20.00,20.00,0,0,0.00,0.00,0.00,20.00,0.00
17200458201581900,20150209,20.00,20.00,0,0,0.00,0.00,0.00,20.00,0.00
17200458201581900,20150210,20.00,20.00,0,0,0.00,0.00,0.00,20.00,0.00
17200458201581900,20150214,20.00,20.00,0,0,0.00,0.00,0.00,20.00,0.00
17200458201581900,20150215,20.00,20.00,0,0,0.00,0.00,0.00,20.00,0.00
17200458201581900,20150216,20.00,20.00,0,0,0.00,0.00,0.00,20.00,0.00
17200458201581900,20150217,20.00,20.00,0,0,0.00,0.00,0.00,20.00,0.00
17200458201581900,20150218,20.00,20.00,0,0,0.00,0.00,0.00,20.00,0.00
17200458201581900,20150221,20.00,20.00,0,0,0.00,0.00,0.00,20.00,0.00
17200458201581900,20150222,20.00,20.00,0,0,0.00,0.00,0.00,20.00,0.00
17200458201581900,20150223,20.00,20.00,0,0,0.00,0.00,0.00,20.00,0.00
17200458201581900,20150224,20.00,20.00,0,0,0.00,0.00,0.00,20.00,0.00
17200458201581900,20150225,20.00,20.00,0,0,0.00,0.00,0.00,20.00,0.00
17200458201581900,20150228,20.00,20.00,0,0,0.00,0.00,0.00,20.00,0.00
17200458201581900,20150301,20.00,20.00,0,0,0.00,0.00,0.00,20.00,0.00
17200458201581900,20150302,20.00,20.00,0,0,0.00,0.00,0.00,20.00,0.00
17200458201581900,20150303,20.00,20.00,0,0,0.00,0.00,0.00,20.00,0.00
17200458201581900,20150304,20.00,20.00,0,0,0.00,0.00,0.00,20.00,0.00
17200458201581900,20150307,20.00,20.00,0,0,0.00,0.00,0.00,20.00,0.00
17200458201581900,20150308,20.00,20.00,0,0,0.00,0.00,0.00,20.00,0.00
17200458201581900,20150309,20.00,20.00,0,0,0.00,0.00,0.00,20.00,0.00
17200458201581900,20150310,20.00,20.00,0,0,0.00,0.00,0.00,20.00,0.00
17200458201581900,20150311,20.00,20.00,0,0,0.00,0.00,0.00,20.00,0.00
17200458201581900,20150314,20.00,20.00,0,0,0.00,0.00,0.00,20.00,0.00
17200458201581900,20150315,20.00,20.00,0,0,0.00,0.00,0.00,20.00,0.00
17200458201581900,20150316,20.00,20.00,0,0,0.00,0.00,0.00,20.00,0.00
17200458201581900,20150317,20.00,20.00,0,0,0.00,0.00,0.00,20.00,0.00
17200458201581900,20150318,20.00,20.00,0,0,0.00,0.00,0.00,20.00,0.00
17200458201581900,20150325,20.00,20.00,0,0,0.00,0.00,0.00,20.00,0.00
17200458201581900,20150328,20.00,20.00,0,0,0.00,0.00,0.00,20.00,0.00
17200458201581900,20150329,20.00,20.00,0,0,0.00,0.00,0.00,20.00,0.00
17200458201581900,20150330,20.00,20.00,0,0,0.00,0.00,0.00,20.00,0.00
17200458201581900,20150331,20.00,20.00,0,0,0.00,0.00,0.00,20.00,0.00
17200458201581900,20150404,20.00,20.00,0,0,0.00,0.00,0.00,20.00,0.00
17200458201581900,20150405,20.00,20.00,0,0,0.00,0.00,0.00,20.00,0.00
17200458201581900,20150406,20.00,20.00,0,0,0.00,0.00,0.00,20.00,0.00
17200458201581900,20150407,20.00,20.00,0,0,0.00,0.00,0.00,20.00,0.00
17200458201581900,20150408,20.00,20.00,0,0,0.00,0.00,0.00,20.00,0.00
17200458201581900,20150411,20.00,20.00,0,0,0.00,0.00,0.00,20.00,0.00
17200458201581900,20150412,20.00,20.00,0,0,0.00,0.00,0.00,20.00,0.00
17200458201581900,20150413,20.00,20.00,0,0,0.00,0.00,0.00,20.00,0.00
17200458201581900,20150414,20.00,20.00,0,0,0.00,0.00,0.00,20.00,0.00
17200458201581900,20150415,20.00,20.00,0,0,0.00,0.00,0.00,20.00,0.00
17200458201581900,20150418,20.00,20.00,0,0,0.00,0.00,0.00,20.00,0.00
17200458201581900,20150419,20.00,20.00,0,0,0.00,0.00,0.00,20.00,0.00
17200458201581900,20150420,20.00,20.00,0,0,0.00,0.00,0.00,20.00,0.00
17200458201581900,20150421,20.00,20.00,0,0,0.00,0.00,0.00,20.00,0.00
17200458201581900,20150422,20.00,20.00,0,0,0.00,0.00,0.00,20.00,0.00
17200458201581900,20150425,20.00,20.00,0,0,0.00,0.00,0.00,20.00,0.00
17200458201581900,20150426,20.00,20.00,0,0,0.00,0.00,0.00,20.00,0.00
17200458201581900,20150427,20.00,20.00,0,0,0.00,0.00,0.00,20.00,0.00
17200458201581900,20150428,20.00,20.00,0,0,0.00,0.00,0.00,20.00,0.00
17200458201581900,20150429,20.00,20.00,0,0,0.00,0.00,0.00,20.00,0.00
17200458201581900,20150503,20.00,20.00,0,0,0.00,0.00,0.00,20.00,0.00
17200458201581900,20150504,20.00,20.00,0,0,0.00,0.00,0.00,20.00,0.00
17200458201581900,20150505,20.00,20.00,0,0,0.00,0.00,0.00,20.00,0.00
17200458201581900,20150506,20.00,20.00,0,0,0.00,0.00,0.00,20.00,0.00
17200458201581900,20150509,20.00,20.00,0,0,0.00,0.00,0.00,20.00,0.00
17200458201581900,20150510,20.00,20.00,0,0,0.00,0.00,0.00,20.00,0.00
17200458201581900,20150511,20.00,20.00,0,0,0.00,0.00,0.00,20.00,0.00
17200458201581900,20150512,20.00,20.00,0,0,0.00,0.00,0.00,20.00,0.00
17200458201581900,20150513,20.00,20.00,0,0,0.00,0.00,0.00,20.00,0.00
17200458201581900,20150517,20.00,20.00,0,0,0.00,0.00,0.00,20.00,0.00
17200458201581900,20150518,20.00,20.00,0,0,0.00,0.00,0.00,20.00,0.00
17200458201581900,20150519,20.00,20.00,0,0,0.00,0.00,0.00,20.00,0.00
17200458201581900,20150520,20.00,20.00,0,0,0.00,0.00,0.00,20.00,0.00
17200458201581900,20150523,20.00,20.00,0,0,0.00,0.00,0.00,20.00,0.00
17200458201581900,20150524,20.00,20.00,0,0,0.00,0.00,0.00,20.00,0.00
17200458201581900,20150525,20.00,20.00,0,0,0.00,0.00,0.00,20.00,0.00
17200458201581900,20150526,20.00,20.00,0,0,0.00,0.00,0.00,20.00,0.00
17200458201581900,20150527,20.00,20.00,0,0,0.00,0.00,0.00,20.00,0.00
17200458201581900,20150530,20.00,20.00,0,0,0.00,0.00,0.00,20.00,0.00
17200458201581900,20150531,20.00,20.00,0,0,0.00,0.00,0.00,20.00,0.00
17200458201581900,20150601,20.00,20.00,0,0,0.00,0.00,0.00,20.00,0.00
17200458201581900,20150602,20.00,20.00,0,0,0.00,0.00,0.00,20.00,0.00
17200458201581900,20150606,20.00,20.00,0,0,0.00,0.00,0.00,20.00,0.00
17200458201581900,20150607,20.00,20.00,0,0,0.00,0.00,0.00,20.00,0.00
17200458201581900,20150608,20.00,20.00,0,0,0.00,0.00,0.00,20.00,0.00
17200458201581900,20150609,20.00,20.00,0,0,0.00,0.00,0.00,20.00,0.00
17200458201581900,20150610,20.00,20.00,0,0,0.00,0.00,0.00,20.00,0.00
17200458201581900,20150613,20.00,20.00,0,0,0.00,0.00,0.00,20.00,0.00
17200458201581900,20150614,20.00,20.00,0,0,0.00,0.00,0.00,20.00,0.00
17200458201581900,20150615,20.00,20.00,0,0,0.00,0.00,0.00,20.00,0.00
17200458201581900,20150616,20.00,20.00,0,0,0.00,0.00,0.00,20.00,0.00
17200458201581900,20150617,20.00,20.00,0,0,0.00,0.00,0.00,20.00,0.00
17200458201581900,20150620,20.00,20.00,0,0,0.00,0.00,0.00,20.00,0.00
17200458201581900,20150621,20.00,20.00,0,0,0.00,0.00,0.00,20.00,0.00
17200458201581900,20150622,20.00,20.00,0,0,0.00,0.00,0.00,20.00,0.00
17200458201581900,20150623,20.00,20.00,0,0,0.00,0.00,0.00,20.00,0.00
17200458201581900,20150624,20.00,20.00,0,0,0.00,0.00,0.00,20.00,0.00
17200458201581900,20150627,20.00,20.00,0,0,0.00,0.00,0.00,20.00,0.00
17200458201581900,20150628,20.00,20.00,0,0,0.00,0.00,0.00,20.00,0.00
17200458201581900,20150629,20.00,20.00,0,0,0.00,0.00,0.00,20.00,0.00
17200458201581900,20150630,20.00,20.00,0,0,0.00,0.00,0.00,20.00,0.00
17200458201581900,20150701,20.00,20.00,0,0,0.00,0.00,0.00,20.00,0.00
17200458201581900,20150704,20.00,20.00,0,0,0.00,0.00,0.00,20.00,0.00
17200458201581900,20150705,20.00,20.00,0,0,0.00,0.00,0.00,20.00,0.00
17200458201581900,20150706,20.00,20.00,0,0,0.00,0.00,0.00,20.00,0.00
17200458201581900,20150707,20.00,20.00,0,0,0.00,0.00,0.00,20.00,0.00
17200458201581900,20150711,20.00,20.00,0,0,0.00,0.00,0.00,20.00,0.00
17200458201581900,20150712,20.00,20.00,0,0,0.00,0.00,0.00,20.00,0.00
17200458201581900,20150713,20.00,20.00,0,0,0.00,0.00,0.00,20.00,0.00
17200458201581900,20150714,20.00,20.00,0,0,0.00,0.00,0.00,20.00,0.00
17200458201581900,20150715,20.00,20.00,0,0,0.00,0.00,0.00,20.00,0.00
17200458201581900,20150719,20.00,20.00,0,0,0.00,0.00,0.00,20.00,0.00
17200458201581900,20150720,20.00,20.00,0,0,0.00,0.00,0.00,20.00,0.00
17200458201581900,20150721,20.00,20.00,0,0,0.00,0.00,0.00,20.00,0.00
17200458201581900,20150722,20.00,20.00,0,0,0.00,0.00,0.00,20.00,0.00
17200458201581900,20150725,20.00,20.00,0,0,0.00,0.00,0.00,20.00,0.00
17200458201581900,20150726,20.00,20.00,0,0,0.00,0.00,0.00,20.00,0.00
17200458201581900,20150727,20.00,20.00,0,0,0.00,0.00,0.00,20.00,0.00
17200458201581900,20150728,20.00,20.00,0,0,0.00,0.00,0.00,20.00,0.00
17200458201581900,20150729,20.00,20.00,0,0,0.00,0.00,0.00,20.00,0.00
17200458201581900,20150801,20.00,20.00,0,0,0.00,0.00,0.00,20.00,0.00
17200458201581900,20150802,20.00,20.00,0,0,0.00,0.00,0.00,20.00,0.00
17200458201581900,20150803,20.00,20.00,0,0,0.00,0.00,0.00,20.00,0.00
17200458201581900,20150804,20.00,20.00,0,0,0.00,0.00,0.00,20.00,0.00
17200458201581900,20150805,20.00,20.00,0,0,0.00,0.00,0.00,20.00,0.00
17200458201581900,20150808,20.00,20.00,0,0,0.00,0.00,0.00,20.00,0.00
17200458201581900,20150809,20.00,20.00,0,0,0.00,0.00,0.00,20.00,0.00
17200458201581900,20150810,20.00,20.00,0,0,0.00,0.00,0.00,20.00,0.00
17200458201581900,20150812,20.00,20.00,0,0,0.00,0.00,0.00,20.00,0.00
17200458201581900,20150815,20.00,20.00,0,0,0.00,0.00,0.00,20.00,0.00
17200458201581900,20150816,20.00,20.00,0,0,0.00,0.00,0.00,20.00,0.00
17200458201581900,20150817,20.00,20.00,0,0,0.00,0.00,0.00,20.00,0.00
17200458201581900,20150818,20.00,20.00,0,0,0.00,0.00,0.00,20.00,0.00
17200458201581900,20150819,20.00,20.00,0,0,0.00,0.00,0.00,20.00,0.00
17200458201581900,20150822,20.00,20.00,0,0,0.00,0.00,0.00,20.00,0.00
17200458201581900,20150823,20.00,20.00,0,0,0.00,0.00,0.00,20.00,0.00
17200458201581900,20150824,20.00,20.00,0,0,0.00,0.00,0.00,20.00,0.00
17200458201581900,20150825,20.00,20.00,0,0,0.00,0.00,0.00,20.00,0.00
17200458201581900,20150826,20.00,20.00,0,0,0.00,0.00,0.00,20.00,0.00
17200458201581900,20150829,20.00,20.00,0,0,0.00,0.00,0.00,20.00,0.00
17200458201581900,20150830,20.00,20.00,0,0,0.00,0.00,0.00,20.00,0.00
17200458201581900,20150831,20.00,20.00,0,0,0.00,0.00,0.00,20.00,0.00
17200458201581900,20150901,20.00,20.00,0,0,0.00,0.00,0.00,20.00,0.00
17200458201581900,20150902,20.00,20.00,0,0,0.00,0.00,0.00,20.00,0.00
17200458201581900,20150905,20.00,20.00,0,0,0.00,0.00,0.00,20.00,0.00
17200458201581900,20150906,20.00,20.00,0,0,0.00,0.00,0.00,20.00,0.00
17200458201581900,20150907,20.00,20.00,0,0,0.00,0.00,0.00,20.00,0.00
17200458201581900,20150908,20.00,20.00,0,0,0.00,0.00,0.00,20.00,0.00
17200458201581900,20150909,20.00,20.00,0,0,0.00,0.00,0.00,20.00,0.00
17200458201581900,20150912,20.00,20.00,0,0,0.00,0.00,0.00,20.00,0.00
17200458201581900,20150913,20.00,20.00,0,0,0.00,0.00,0.00,20.00,0.00
17200458201581900,20150914,20.00,20.00,0,0,0.00,0.00,0.00,20.00,0.00
17200458201581900,20150915,20.00,20.00,0,0,0.00,0.00,0.00,20.00,0.00
17200458201581900,20150916,20.00,20.00,0,0,0.00,0.00,0.00,20.00,0.00
17200458201581900,20150919,20.00,20.00,0,0,0.00,0.00,0.00,20.00,0.00
17200458201581900,20150920,20.00,20.00,0,0,0.00,0.00,0.00,20.00,0.00
17200458201581900,20150921,20.00,20.00,0,0,0.00,0.00,0.00,20.00,0.00
17200458201581900,20150922,20.00,20.00,0,0,0.00,0.00,0.00,20.00,0.00
17200458201581900,20150923,20.00,20.00,0,0,0.00,0.00,0.00,20.00,0.00
17200458201581900,20150926,20.00,20.00,0,0,0.00,0.00,0.00,20.00,0.00
17200458201581900,20150927,20.00,20.00,0,0,0.00,0.00,0.00,20.00,0.00
17200458201581900,20150928,20.00,20.00,0,0,0.00,0.00,0.00,20.00,0.00
17200458201581900,20150929,20.00,20.00,0,0,0.00,0.00,0.00,20.00,0.00
17200458201581900,20150930,20.00,20.00,0,0,0.00,0.00,0.00,20.00,0.00
17200458201581900,20151003,20.00,20.00,0,0,0.00,0.00,0.00,20.00,0.00
17200458201581900,20151004,20.00,20.00,0,0,0.00,0.00,0.00,20.00,0.00
17200458201581900,20151005,20.00,20.00,0,0,0.00,0.00,0.00,20.00,0.00
17200458201581900,20151006,20.00,20.00,0,0,0.00,0.00,0.00,20.00,0.00
17200458201581900,20151007,20.00,20.00,0,0,0.00,0.00,0.00,20.00,0.00
17200458201581900,20151010,20.00,20.00,0,0,0.00,0.00,0.00,20.00,0.00
17200458201581900,20151011,20.00,20.00,0,0,0.00,0.00,0.00,20.00,0.00
17200458201581900,20151012,20.00,20.00,0,0,0.00,0.00,0.00,20.00,0.00
17200458201581900,20151013,20.00,20.00,0,0,0.00,0.00,0.00,20.00,0.00
17200458201581900,20151014,20.00,20.00,0,0,0.00,0.00,0.00,20.00,0.00
17200458201581900,20151017,20.00,20.00,0,0,0.00,0.00,0.00,20.00,0.00
17200458201581900,20151018,20.00,20.00,0,0,0.00,0.00,0.00,20.00,0.00
17200458201581900,20151019,20.00,20.00,0,0,0.00,0.00,0.00,20.00,0.00
17200458201581900,20151020,20.00,20.00,0,0,0.00,0.00,0.00,20.00,0.00
17200458201581900,20151021,20.00,20.00,0,0,0.00,0.00,0.00,20.00,0.00
17200458201581900,20151025,20.00,20.00,0,0,0.00,0.00,0.00,20.00,0.00
17200458201581900,20151026,20.00,20.00,0,0,0.00,0.00,0.00,20.00,0.00
17200458201581900,20151027,20.00,20.00,0,0,0.00,0.00,0.00,20.00,0.00
17200458201581900,20151028,20.00,20.00,0,0,0.00,0.00,0.00,20.00,0.00
17200458201581900,20151031,20.00,20.00,0,0,0.00,0.00,0.00,20.00,0.00
17200458201581900,20151101,20.00,20.00,0,0,0.00,0.00,0.00,20.00,0.00
17200458201581900,20151102,20.00,20.00,0,0,0.00,0.00,0.00,20.00,0.00
17200458201581900,20151103,20.00,20.00,0,0,0.00,0.00,0.00,20.00,0.00
17200458201581900,20151104,20.00,20.00,0,0,0.00,0.00,0.00,20.00,0.00
17200458201581900,20151107,20.00,20.00,0,0,0.00,0.00,0.00,20.00,0.00
17200458201581900,20151108,20.00,20.00,0,0,0.00,0.00,0.00,20.00,0.00
17200458201581900,20151109,20.00,20.00,0,0,0.00,0.00,0.00,20.00,0.00
17200458201581900,20151110,20.00,20.00,0,0,0.00,0.00,0.00,20.00,0.00
17200458201581900,20151111,20.00,20.00,0,0,0.00,0.00,0.00,20.00,0.00
17200458201581900,20151114,20.00,20.00,0,0,0.00,0.00,0.00,20.00,0.00
17200458201581900,20151115,20.00,20.00,0,0,0.00,0.00,0.00,20.00,0.00
17200458201581900,20151116,20.00,20.00,0,0,0.00,0.00,0.00,20.00,0.00
17200458201581900,20151117,20.00,20.00,0,0,0.00,0.00,0.00,20.00,0.00
17200458201581900,20151118,20.00,20.00,0,0,0.00,0.00,0.00,20.00,0.00
17200458201581900,20151121,20.00,20.00,0,0,0.00,0.00,0.00,20.00,0.00
17200458201581900,20151122,20.00,20.00,0,0,0.00,0.00,0.00,20.00,0.00
17200458201581900,20151123,20.00,20.00,0,0,0.00,0.00,0.00,20.00,0.00
17200458201581900,20151124,20.00,20.00,0,0,0.00,0.00,0.00,20.00,0.00
17200458201581900,20151125,20.00,20.00,0,0,0.00,0.00,0.00,20.00,0.00
17200458201581900,20151128,20.00,20.00,0,0,0.00,0.00,0.00,20.00,0.00
17200458201581900,20151129,20.00,20.00,0,0,0.00,0.00,0.00,20.00,0.00
17200458201581900,20151130,20.00,20.00,0,0,0.00,0.00,0.00,20.00,0.00
17200458201581900,20151201,20.00,20.00,0,0,0.00,0.00,0.00,20.00,0.00
17200458201581900,20151205,20.00,20.00,0,0,0.00,0.00,0.00,20.00,0.00
17200458201581900,20151206,20.00,20.00,0,0,0.00,0.00,0.00,20.00,0.00
17200458201581900,20151207,20.00,20.00,0,0,0.00,0.00,0.00,20.00,0.00
17200458201581900,20151208,20.00,20.00,0,0,0.00,0.00,0.00,20.00,0.00
17200458201581900,20151209,20.00,20.00,0,0,0.00,0.00,0.00,20.00,0.00
17200458201581900,20151213,20.00,20.00,0,0,0.00,0.00,0.00,20.00,0.00
17200458201581900,20151214,20.00,20.00,0,0,0.00,0.00,0.00,20.00,0.00
17200458201581900,20151215,20.00,20.00,0,0,0.00,0.00,0.00,20.00,0.00
17200458201581900,20151216,20.00,20.00,0,0,0.00,0.00,0.00,20.00,0.00
17200458201581900,20151219,20.00,20.00,0,0,0.00,0.00,0.00,20.00,0.00
17200458201581900,20151220,20.00,20.00,0,0,0.00,0.00,0.00,20.00,0.00
17200458201581900,20151221,20.00,20.00,0,0,0.00,0.00,0.00,20.00,0.00
17200458201581900,20151222,20.00,20.00,0,0,0.00,0.00,0.00,20.00,0.00
17200458201581900,20151223,20.00,20.00,0,0,0.00,0.00,0.00,20.00,0.00
17200458201581900,20151226,20.00,20.00,0,0,0.00,0.00,0.00,20.00,0.00
17200458201581900,20151227,20.00,20.00,0,0,0.00,0.00,0.00,20.00,0.00
17200458201581900,20151228,20.00,20.00,0,0,0.00,0.00,0.00,20.00,0.00
17200458201581900,20151230,20.00,20.00,0,0,0.00,0.00,0.00,20.00,0.00
17200458201581900,20160102,51.00,51.00,1,1000000,51000000.00,51.00,51.00,20.00,51.00
17200458201581900,20160103,51.00,51.00,8,44000000,2244000000.00,51.00,51.00,51.00,51.00
17200458201581900,20160104,51.00,51.00,4,44000000,2244000000.00,51.00,51.00,51.00,51.00
17200458201581900,20160105,51.00,51.00,2,44000000,2244000000.00,51.00,51.00,51.00,51.00
17200458201581900,20160106,45.00,45.00,5,123128987,5540804415.00,45.00,45.00,51.00,45.00
17200458201581900,20160109,45.00,45.00,0,0,0.00,0.00,0.00,45.00,0.00
17200458201581900,20160110,45.00,45.00,0,0,0.00,0.00,0.00,45.00,0.00
17200458201581900,20160111,45.00,45.00,0,0,0.00,0.00,0.00,45.00,0.00
17200458201581900,20160112,45.00,45.00,0,0,0.00,0.00,0.00,45.00,0.00
17200458201581900,20160113,45.00,45.00,0,0,0.00,0.00,0.00,45.00,0.00
17200458201581900,20160116,45.00,45.00,0,0,0.00,0.00,0.00,45.00,0.00
17200458201581900,20160117,45.00,45.00,0,0,0.00,0.00,0.00,45.00,0.00
17200458201581900,20160118,45.00,45.00,0,0,0.00,0.00,0.00,45.00,0.00
17200458201581900,20160119,45.00,45.00,0,0,0.00,0.00,0.00,45.00,0.00
17200458201581900,20160120,45.00,45.00,0,0,0.00,0.00,0.00,45.00,0.00
17200458201581900,20160123,45.00,45.00,0,0,0.00,0.00,0.00,45.00,0.00
17200458201581900,20160124,45.00,45.00,0,0,0.00,0.00,0.00,45.00,0.00
17200458201581900,20160125,45.00,45.00,0,0,0.00,0.00,0.00,45.00,0.00
17200458201581900,20160126,45.00,45.00,0,0,0.00,0.00,0.00,45.00,0.00
17200458201581900,20160127,45.00,45.00,0,0,0.00,0.00,0.00,45.00,0.00
17200458201581900,20160130,45.00,45.00,0,0,0.00,0.00,0.00,45.00,0.00
17200458201581900,20160131,45.00,45.00,0,0,0.00,0.00,0.00,45.00,0.00
17200458201581900,20160201,45.00,45.00,0,0,0.00,0.00,0.00,45.00,0.00
17200458201581900,20160202,45.00,45.00,0,0,0.00,0.00,0.00,45.00,0.00
17200458201581900,20160203,45.00,45.00,0,0,0.00,0.00,0.00,45.00,0.00
17200458201581900,20160206,45.00,45.00,0,0,0.00,0.00,0.00,45.00,0.00
17200458201581900,20160207,45.00,45.00,0,0,0.00,0.00,0.00,45.00,0.00
17200458201581900,20160208,45.00,45.00,0,0,0.00,0.00,0.00,45.00,0.00
17200458201581900,20160209,45.00,45.00,0,0,0.00,0.00,0.00,45.00,0.00
17200458201581900,20160210,45.00,45.00,0,0,0.00,0.00,0.00,45.00,0.00
17200458201581900,20160213,45.00,45.00,0,0,0.00,0.00,0.00,45.00,0.00
17200458201581900,20160214,45.00,45.00,0,0,0.00,0.00,0.00,45.00,0.00
17200458201581900,20160215,45.00,45.00,0,0,0.00,0.00,0.00,45.00,0.00
17200458201581900,20160216,45.00,45.00,0,0,0.00,0.00,0.00,45.00,0.00
17200458201581900,20160217,45.00,45.00,0,0,0.00,0.00,0.00,45.00,0.00
17200458201581900,20160220,45.00,45.00,0,0,0.00,0.00,0.00,45.00,0.00
17200458201581900,20160221,45.00,45.00,0,0,0.00,0.00,0.00,45.00,0.00
17200458201581900,20160222,45.00,45.00,0,0,0.00,0.00,0.00,45.00,0.00
17200458201581900,20160223,45.00,45.00,0,0,0.00,0.00,0.00,45.00,0.00
17200458201581900,20160224,45.00,45.00,0,0,0.00,0.00,0.00,45.00,0.00
17200458201581900,20160227,45.00,45.00,0,0,0.00,0.00,0.00,45.00,0.00
17200458201581900,20160228,45.00,45.00,0,0,0.00,0.00,0.00,45.00,0.00
17200458201581900,20160229,45.00,45.00,0,0,0.00,0.00,0.00,45.00,0.00
17200458201581900,20160301,45.00,45.00,0,0,0.00,0.00,0.00,45.00,0.00
17200458201581900,20160302,45.00,45.00,0,0,0.00,0.00,0.00,45.00,0.00
17200458201581900,20160305,45.00,45.00,0,0,0.00,0.00,0.00,45.00,0.00
17200458201581900,20160306,45.00,45.00,0,0,0.00,0.00,0.00,45.00,0.00
17200458201581900,20160307,45.00,45.00,0,0,0.00,0.00,0.00,45.00,0.00
17200458201581900,20160308,45.00,45.00,0,0,0.00,0.00,0.00,45.00,0.00
17200458201581900,20160309,45.00,45.00,0,0,0.00,0.00,0.00,45.00,0.00
17200458201581900,20160312,45.00,45.00,0,0,0.00,0.00,0.00,45.00,0.00
17200458201581900,20160314,45.00,45.00,0,0,0.00,0.00,0.00,45.00,0.00
17200458201581900,20160315,45.00,45.00,0,0,0.00,0.00,0.00,45.00,0.00
17200458201581900,20160316,45.00,45.00,0,0,0.00,0.00,0.00,45.00,0.00
17200458201581900,20160326,45.00,45.00,0,0,0.00,0.00,0.00,45.00,0.00
17200458201581900,20160327,45.00,45.00,0,0,0.00,0.00,0.00,45.00,0.00
17200458201581900,20160328,45.00,45.00,0,0,0.00,0.00,0.00,45.00,0.00
17200458201581900,20160329,45.00,45.00,0,0,0.00,0.00,0.00,45.00,0.00
17200458201581900,20160330,45.00,45.00,0,0,0.00,0.00,0.00,45.00,0.00
17200458201581900,20160402,45.00,45.00,0,0,0.00,0.00,0.00,45.00,0.00
17200458201581900,20160403,45.00,45.00,0,0,0.00,0.00,0.00,45.00,0.00
17200458201581900,20160404,45.00,45.00,0,0,0.00,0.00,0.00,45.00,0.00
17200458201581900,20160405,45.00,45.00,0,0,0.00,0.00,0.00,45.00,0.00
17200458201581900,20160406,45.00,45.00,0,0,0.00,0.00,0.00,45.00,0.00
17200458201581900,20160409,45.00,45.00,0,0,0.00,0.00,0.00,45.00,0.00
17200458201581900,20160410,45.00,45.00,0,0,0.00,0.00,0.00,45.00,0.00
17200458201581900,20160411,45.00,45.00,0,0,0.00,0.00,0.00,45.00,0.00
17200458201581900,20160412,45.00,45.00,0,0,0.00,0.00,0.00,45.00,0.00
17200458201581900,20160413,45.00,45.00,0,0,0.00,0.00,0.00,45.00,0.00
17200458201581900,20160416,45.00,45.00,0,0,0.00,0.00,0.00,45.00,0.00
17200458201581900,20160417,45.00,45.00,0,0,0.00,0.00,0.00,45.00,0.00
17200458201581900,20160418,45.00,45.00,0,0,0.00,0.00,0.00,45.00,0.00
17200458201581900,20160419,45.00,45.00,0,0,0.00,0.00,0.00,45.00,0.00
17200458201581900,20160420,45.00,45.00,0,0,0.00,0.00,0.00,45.00,0.00
17200458201581900,20160423,45.00,45.00,0,0,0.00,0.00,0.00,45.00,0.00
17200458201581900,20160424,45.00,45.00,0,0,0.00,0.00,0.00,45.00,0.00
17200458201581900,20160425,45.00,45.00,0,0,0.00,0.00,0.00,45.00,0.00
17200458201581900,20160426,45.00,45.00,0,0,0.00,0.00,0.00,45.00,0.00
17200458201581900,20160427,45.00,45.00,0,0,0.00,0.00,0.00,45.00,0.00
17200458201581900,20160430,45.00,45.00,0,0,0.00,0.00,0.00,45.00,0.00
17200458201581900,20160501,45.00,45.00,0,0,0.00,0.00,0.00,45.00,0.00
17200458201581900,20160502,45.00,45.00,0,0,0.00,0.00,0.00,45.00,0.00
17200458201581900,20160503,45.00,45.00,0,0,0.00,0.00,0.00,45.00,0.00
17200458201581900,20160504,45.00,45.00,0,0,0.00,0.00,0.00,45.00,0.00
17200458201581900,20160507,45.00,45.00,0,0,0.00,0.00,0.00,45.00,0.00
17200458201581900,20160508,45.00,45.00,0,0,0.00,0.00,0.00,45.00,0.00
17200458201581900,20160509,45.00,45.00,0,0,0.00,0.00,0.00,45.00,0.00
17200458201581900,20160510,45.00,45.00,0,0,0.00,0.00,0.00,45.00,0.00
17200458201581900,20160511,45.00,45.00,0,0,0.00,0.00,0.00,45.00,0.00
17200458201581900,20160514,45.00,45.00,0,0,0.00,0.00,0.00,45.00,0.00
17200458201581900,20160515,45.00,45.00,0,0,0.00,0.00,0.00,45.00,0.00
17200458201581900,20160516,45.00,45.00,0,0,0.00,0.00,0.00,45.00,0.00
17200458201581900,20160517,45.00,45.00,0,0,0.00,0.00,0.00,45.00,0.00
17200458201581900,20160518,45.00,45.00,0,0,0.00,0.00,0.00,45.00,0.00
17200458201581900,20160521,45.00,45.00,0,0,0.00,0.00,0.00,45.00,0.00
17200458201581900,20160523,45.00,45.00,0,0,0.00,0.00,0.00,45.00,0.00
17200458201581900,20160524,45.00,45.00,0,0,0.00,0.00,0.00,45.00,0.00
17200458201581900,20160525,45.00,45.00,0,0,0.00,0.00,0.00,45.00,0.00
17200458201581900,20160528,45.00,45.00,0,0,0.00,0.00,0.00,45.00,0.00
17200458201581900,20160529,45.00,45.00,0,0,0.00,0.00,0.00,45.00,0.00
17200458201581900,20160530,45.00,45.00,0,0,0.00,0.00,0.00,45.00,0.00
17200458201581900,20160531,45.00,45.00,0,0,0.00,0.00,0.00,45.00,0.00
17200458201581900,20160601,45.00,45.00,0,0,0.00,0.00,0.00,45.00,0.00
17200458201581900,20160605,45.00,45.00,0,0,0.00,0.00,0.00,45.00,0.00
17200458201581900,20160606,45.00,45.00,0,0,0.00,0.00,0.00,45.00,0.00
17200458201581900,20160607,45.00,45.00,0,0,0.00,0.00,0.00,45.00,0.00
17200458201581900,20160608,45.00,45.00,0,0,0.00,0.00,0.00,45.00,0.00
17200458201581900,20160611,45.00,45.00,0,0,0.00,0.00,0.00,45.00,0.00
17200458201581900,20160612,45.00,45.00,0,0,0.00,0.00,0.00,45.00,0.00
17200458201581900,20160613,45.00,45.00,0,0,0.00,0.00,0.00,45.00,0.00
17200458201581900,20160614,45.00,45.00,0,0,0.00,0.00,0.00,45.00,0.00
17200458201581900,20160615,45.00,45.00,0,0,0.00,0.00,0.00,45.00,0.00
17200458201581900,20160618,45.00,45.00,0,0,0.00,0.00,0.00,45.00,0.00
17200458201581900,20160619,45.00,45.00,0,0,0.00,0.00,0.00,45.00,0.00
17200458201581900,20160620,45.00,45.00,0,0,0.00,0.00,0.00,45.00,0.00
17200458201581900,20160621,45.00,45.00,0,0,0.00,0.00,0.00,45.00,0.00
17200458201581900,20160622,45.00,45.00,0,0,0.00,0.00,0.00,45.00,0.00
17200458201581900,20160625,45.00,45.00,0,0,0.00,0.00,0.00,45.00,0.00
17200458201581900,20160626,45.00,45.00,0,0,0.00,0.00,0.00,45.00,0.00
17200458201581900,20160628,45.00,45.00,0,0,0.00,0.00,0.00,45.00,0.00
17200458201581900,20160629,45.00,45.00,0,0,0.00,0.00,0.00,45.00,0.00
17200458201581900,20160702,45.00,45.00,0,0,0.00,0.00,0.00,45.00,0.00
17200458201581900,20160703,45.00,45.00,0,0,0.00,0.00,0.00,45.00,0.00
17200458201581900,20160704,45.00,45.00,0,0,0.00,0.00,0.00,45.00,0.00
17200458201581900,20160705,45.00,45.00,0,0,0.00,0.00,0.00,45.00,0.00
17200458201581900,20160709,45.00,45.00,0,0,0.00,0.00,0.00,45.00,0.00
17200458201581900,20160710,45.00,45.00,0,0,0.00,0.00,0.00,45.00,0.00
17200458201581900,20160711,45.00,45.00,0,0,0.00,0.00,0.00,45.00,0.00
17200458201581900,20160712,45.00,45.00,0,0,0.00,0.00,0.00,45.00,0.00
17200458201581900,20160713,45.00,45.00,0,0,0.00,0.00,0.00,45.00,0.00
17200458201581900,20160716,45.00,45.00,0,0,0.00,0.00,0.00,45.00,0.00
17200458201581900,20160717,45.00,45.00,0,0,0.00,0.00,0.00,45.00,0.00
17200458201581900,20160718,45.00,45.00,0,0,0.00,0.00,0.00,45.00,0.00
17200458201581900,20160719,45.00,45.00,0,0,0.00,0.00,0.00,45.00,0.00
17200458201581900,20160720,45.00,45.00,0,0,0.00,0.00,0.00,45.00,0.00
17200458201581900,20160723,45.00,45.00,0,0,0.00,0.00,0.00,45.00,0.00
17200458201581900,20160724,45.00,45.00,0,0,0.00,0.00,0.00,45.00,0.00
17200458201581900,20160725,45.00,45.00,0,0,0.00,0.00,0.00,45.00,0.00
17200458201581900,20160726,45.00,45.00,0,0,0.00,0.00,0.00,45.00,0.00
17200458201581900,20160727,45.00,45.00,0,0,0.00,0.00,0.00,45.00,0.00
17200458201581900,20160731,45.00,45.00,0,0,0.00,0.00,0.00,45.00,0.00
17200458201581900,20160801,45.00,45.00,0,0,0.00,0.00,0.00,45.00,0.00
17200458201581900,20160802,45.00,45.00,0,0,0.00,0.00,0.00,45.00,0.00
17200458201581900,20160803,45.00,45.00,0,0,0.00,0.00,0.00,45.00,0.00
17200458201581900,20160806,45.00,45.00,0,0,0.00,0.00,0.00,45.00,0.00
17200458201581900,20160807,45.00,45.00,0,0,0.00,0.00,0.00,45.00,0.00
17200458201581900,20160808,45.00,45.00,0,0,0.00,0.00,0.00,45.00,0.00
17200458201581900,20160809,45.00,45.00,0,0,0.00,0.00,0.00,45.00,0.00
17200458201581900,20160810,45.00,45.00,0,0,0.00,0.00,0.00,45.00,0.00
17200458201581900,20160813,45.00,45.00,0,0,0.00,0.00,0.00,45.00,0.00
17200458201581900,20160814,45.00,45.00,0,0,0.00,0.00,0.00,45.00,0.00
17200458201581900,20160815,45.00,45.00,0,0,0.00,0.00,0.00,45.00,0.00
17200458201581900,20160816,45.00,45.00,0,0,0.00,0.00,0.00,45.00,0.00
17200458201581900,20160817,45.00,45.00,0,0,0.00,0.00,0.00,45.00,0.00
17200458201581900,20160820,45.00,45.00,0,0,0.00,0.00,0.00,45.00,0.00
17200458201581900,20160821,45.00,45.00,0,0,0.00,0.00,0.00,45.00,0.00
17200458201581900,20160822,45.00,45.00,0,0,0.00,0.00,0.00,45.00,0.00
17200458201581900,20160823,45.00,45.00,0,0,0.00,0.00,0.00,45.00,0.00
17200458201581900,20160824,45.00,45.00,0,0,0.00,0.00,0.00,45.00,0.00
17200458201581900,20160827,45.00,45.00,0,0,0.00,0.00,0.00,45.00,0.00
17200458201581900,20160828,45.00,45.00,0,0,0.00,0.00,0.00,45.00,0.00
17200458201581900,20160829,45.00,45.00,0,0,0.00,0.00,0.00,45.00,0.00
17200458201581900,20160830,45.00,45.00,0,0,0.00,0.00,0.00,45.00,0.00
17200458201581900,20160831,45.00,45.00,0,0,0.00,0.00,0.00,45.00,0.00
17200458201581900,20160903,45.00,45.00,0,0,0.00,0.00,0.00,45.00,0.00
17200458201581900,20160904,45.00,45.00,0,0,0.00,0.00,0.00,45.00,0.00
17200458201581900,20160905,45.00,45.00,0,0,0.00,0.00,0.00,45.00,0.00
17200458201581900,20160906,45.00,45.00,0,0,0.00,0.00,0.00,45.00,0.00
17200458201581900,20160907,45.00,45.00,0,0,0.00,0.00,0.00,45.00,0.00
17200458201581900,20160910,45.00,45.00,0,0,0.00,0.00,0.00,45.00,0.00
17200458201581900,20160911,45.00,45.00,0,0,0.00,0.00,0.00,45.00,0.00
17200458201581900,20160913,45.00,45.00,0,0,0.00,0.00,0.00,45.00,0.00
17200458201581900,20160914,45.00,45.00,0,0,0.00,0.00,0.00,45.00,0.00
17200458201581900,20160917,45.00,45.00,0,0,0.00,0.00,0.00,45.00,0.00
17200458201581900,20160918,45.00,45.00,0,0,0.00,0.00,0.00,45.00,0.00
17200458201581900,20160919,45.00,45.00,0,0,0.00,0.00,0.00,45.00,0.00
17200458201581900,20160921,45.00,45.00,0,0,0.00,0.00,0.00,45.00,0.00
17200458201581900,20160924,45.00,45.00,0,0,0.00,0.00,0.00,45.00,0.00
17200458201581900,20160925,45.00,45.00,0,0,0.00,0.00,0.00,45.00,0.00
17200458201581900,20160926,45.00,45.00,0,0,0.00,0.00,0.00,45.00,0.00
17200458201581900,20160927,45.00,45.00,0,0,0.00,0.00,0.00,45.00,0.00
17200458201581900,20160928,45.00,45.00,0,0,0.00,0.00,0.00,45.00,0.00
17200458201581900,20161001,45.00,45.00,0,0,0.00,0.00,0.00,45.00,0.00
17200458201581900,20161002,45.00,45.00,0,0,0.00,0.00,0.00,45.00,0.00
17200458201581900,20161003,45.00,45.00,0,0,0.00,0.00,0.00,45.00,0.00
17200458201581900,20161004,45.00,45.00,0,0,0.00,0.00,0.00,45.00,0.00
17200458201581900,20161005,45.00,45.00,0,0,0.00,0.00,0.00,45.00,0.00
17200458201581900,20161008,45.00,45.00,0,0,0.00,0.00,0.00,45.00,0.00
17200458201581900,20161009,45.00,45.00,0,0,0.00,0.00,0.00,45.00,0.00
17200458201581900,20161010,45.00,45.00,0,0,0.00,0.00,0.00,45.00,0.00
17200458201581900,20161012,45.00,45.00,0,0,0.00,0.00,0.00,45.00,0.00
17200458201581900,20161015,45.00,45.00,0,0,0.00,0.00,0.00,45.00,0.00
17200458201581900,20161016,45.00,45.00,0,0,0.00,0.00,0.00,45.00,0.00
17200458201581900,20161017,45.00,45.00,0,0,0.00,0.00,0.00,45.00,0.00
17200458201581900,20161018,45.00,45.00,0,0,0.00,0.00,0.00,45.00,0.00
17200458201581900,20161019,45.00,45.00,0,0,0.00,0.00,0.00,45.00,0.00
17200458201581900,20161022,45.00,45.00,0,0,0.00,0.00,0.00,45.00,0.00
17200458201581900,20161023,45.00,45.00,0,0,0.00,0.00,0.00,45.00,0.00
17200458201581900,20161024,45.00,45.00,0,0,0.00,0.00,0.00,45.00,0.00
17200458201581900,20161025,45.00,45.00,0,0,0.00,0.00,0.00,45.00,0.00
17200458201581900,20161026,45.00,45.00,0,0,0.00,0.00,0.00,45.00,0.00
17200458201581900,20161027,45.00,45.00,0,0,0.00,0.00,0.00,45.00,0.00
17200458201581900,20161028,45.00,45.00,0,0,0.00,0.00,0.00,45.00,0.00
17200458201581900,20161029,45.00,45.00,0,0,0.00,0.00,0.00,45.00,0.00
17200458201581900,20161030,45.00,45.00,0,0,0.00,0.00,0.00,45.00,0.00
17200458201581900,20161031,45.00,45.00,0,0,0.00,0.00,0.00,45.00,0.00
17200458201581900,20161101,45.00,45.00,0,0,0.00,0.00,0.00,45.00,0.00
17200458201581900,20161102,45.00,45.00,0,0,0.00,0.00,0.00,45.00,0.00
17200458201581900,20161105,45.00,45.00,0,0,0.00,0.00,0.00,45.00,0.00
17200458201581900,20161106,45.00,45.00,0,0,0.00,0.00,0.00,45.00,0.00
17200458201581900,20161107,45.00,45.00,0,0,0.00,0.00,0.00,45.00,0.00
17200458201581900,20161108,45.00,45.00,0,0,0.00,0.00,0.00,45.00,0.00
17200458201581900,20161109,45.00,45.00,0,0,0.00,0.00,0.00,45.00,0.00
17200458201581900,20161112,45.00,45.00,0,0,0.00,0.00,0.00,45.00,0.00
17200458201581900,20161113,45.00,45.00,0,0,0.00,0.00,0.00,45.00,0.00
17200458201581900,20161114,45.00,45.00,0,0,0.00,0.00,0.00,45.00,0.00
17200458201581900,20161115,45.00,45.00,0,0,0.00,0.00,0.00,45.00,0.00
17200458201581900,20161116,45.00,45.00,0,0,0.00,0.00,0.00,45.00,0.00
17200458201581900,20161119,45.00,45.00,0,0,0.00,0.00,0.00,45.00,0.00
17200458201581900,20161121,45.00,45.00,0,0,0.00,0.00,0.00,45.00,0.00
17200458201581900,20161122,45.00,45.00,0,0,0.00,0.00,0.00,45.00,0.00
17200458201581900,20161123,45.00,45.00,0,0,0.00,0.00,0.00,45.00,0.00
17200458201581900,20161126,45.00,45.00,0,0,0.00,0.00,0.00,45.00,0.00
17200458201581900,20161127,45.00,45.00,0,0,0.00,0.00,0.00,45.00,0.00
17200458201581900,20161129,45.00,45.00,0,0,0.00,0.00,0.00,45.00,0.00
17200458201581900,20161203,45.00,45.00,0,0,0.00,0.00,0.00,45.00,0.00
17200458201581900,20161204,45.00,45.00,0,0,0.00,0.00,0.00,45.00,0.00
17200458201581900,20161205,45.00,45.00,0,0,0.00,0.00,0.00,45.00,0.00
17200458201581900,20161206,45.00,45.00,0,0,0.00,0.00,0.00,45.00,0.00
17200458201581900,20161207,45.00,45.00,0,0,0.00,0.00,0.00,45.00,0.00
17200458201581900,20161210,45.00,45.00,0,0,0.00,0.00,0.00,45.00,0.00
17200458201581900,20161211,45.00,45.00,0,0,0.00,0.00,0.00,45.00,0.00
17200458201581900,20161212,45.00,45.00,0,0,0.00,0.00,0.00,45.00,0.00
17200458201581900,20161213,45.00,45.00,0,0,0.00,0.00,0.00,45.00,0.00
17200458201581900,20161214,45.00,45.00,0,0,0.00,0.00,0.00,45.00,0.00
17200458201581900,20161218,45.00,45.00,0,0,0.00,0.00,0.00,45.00,0.00
17200458201581900,20161219,45.00,45.00,0,0,0.00,0.00,0.00,45.00,0.00
17200458201581900,20161220,45.00,45.00,0,0,0.00,0.00,0.00,45.00,0.00
17200458201581900,20161221,45.00,45.00,0,0,0.00,0.00,0.00,45.00,0.00
17200458201581900,20161224,45.00,45.00,0,0,0.00,0.00,0.00,45.00,0.00
17200458201581900,20161225,45.00,45.00,0,0,0.00,0.00,0.00,45.00,0.00
17200458201581900,20161226,45.00,45.00,0,0,0.00,0.00,0.00,45.00,0.00
17200458201581900,20161227,45.00,45.00,0,0,0.00,0.00,0.00,45.00,0.00
17200458201581900,20161228,45.00,45.00,0,0,0.00,0.00,0.00,45.00,0.00
17200458201581900,20161231,45.00,45.00,0,0,0.00,0.00,0.00,45.00,0.00
17200458201581900,20170101,45.00,45.00,0,0,0.00,0.00,0.00,45.00,0.00
17200458201581900,20170102,45.00,45.00,0,0,0.00,0.00,0.00,45.00,0.00
17200458201581900,20170103,45.00,45.00,0,0,0.00,0.00,0.00,45.00,0.00
17200458201581900,20170104,45.00,45.00,0,0,0.00,0.00,0.00,45.00,0.00
17200458201581900,20170107,45.00,45.00,0,0,0.00,0.00,0.00,45.00,0.00
17200458201581900,20170108,45.00,45.00,0,0,0.00,0.00,0.00,45.00,0.00
17200458201581900,20170109,45.00,45.00,0,0,0.00,0.00,0.00,45.00,0.00
17200458201581900,20170111,45.00,45.00,0,0,0.00,0.00,0.00,45.00,0.00
17200458201581900,20170114,45.00,45.00,0,0,0.00,0.00,0.00,45.00,0.00
17200458201581900,20170115,45.00,45.00,0,0,0.00,0.00,0.00,45.00,0.00
17200458201581900,20170116,45.00,45.00,0,0,0.00,0.00,0.00,45.00,0.00
17200458201581900,20170117,45.00,45.00,0,0,0.00,0.00,0.00,45.00,0.00
17200458201581900,20170118,45.00,45.00,0,0,0.00,0.00,0.00,45.00,0.00
17200458201581900,20170121,45.00,45.00,0,0,0.00,0.00,0.00,45.00,0.00
17200458201581900,20170122,45.00,45.00,0,0,0.00,0.00,0.00,45.00,0.00
17200458201581900,20170123,45.00,45.00,0,0,0.00,0.00,0.00,45.00,0.00
17200458201581900,20170124,45.00,45.00,0,0,0.00,0.00,0.00,45.00,0.00
17200458201581900,20170125,45.00,45.00,0,0,0.00,0.00,0.00,45.00,0.00
17200458201581900,20170128,45.00,45.00,0,0,0.00,0.00,0.00,45.00,0.00
17200458201581900,20170129,45.00,45.00,0,0,0.00,0.00,0.00,45.00,0.00
17200458201581900,20170130,45.00,45.00,0,0,0.00,0.00,0.00,45.00,0.00
17200458201581900,20170131,45.00,45.00,0,0,0.00,0.00,0.00,45.00,0.00
17200458201581900,20170201,45.00,45.00,0,0,0.00,0.00,0.00,45.00,0.00
17200458201581900,20170204,45.00,45.00,0,0,0.00,0.00,0.00,45.00,0.00
17200458201581900,20170205,45.00,45.00,0,0,0.00,0.00,0.00,45.00,0.00
17200458201581900,20170206,45.00,45.00,0,0,0.00,0.00,0.00,45.00,0.00
17200458201581900,20170207,45.00,45.00,0,0,0.00,0.00,0.00,45.00,0.00
17200458201581900,20170208,45.00,45.00,0,0,0.00,0.00,0.00,45.00,0.00
17200458201581900,20170211,45.00,45.00,0,0,0.00,0.00,0.00,45.00,0.00
17200458201581900,20170212,45.00,45.00,0,0,0.00,0.00,0.00,45.00,0.00
17200458201581900,20170213,45.00,45.00,0,0,0.00,0.00,0.00,45.00,0.00
17200458201581900,20170214,45.00,45.00,0,0,0.00,0.00,0.00,45.00,0.00
17200458201581900,20170215,45.00,45.00,0,0,0.00,0.00,0.00,45.00,0.00
17200458201581900,20170218,45.00,45.00,0,0,0.00,0.00,0.00,45.00,0.00
17200458201581900,20170219,45.00,45.00,0,0,0.00,0.00,0.00,45.00,0.00
17200458201581900,20170220,45.00,45.00,0,0,0.00,0.00,0.00,45.00,0.00
17200458201581900,20170221,45.00,45.00,0,0,0.00,0.00,0.00,45.00,0.00
17200458201581900,20170222,45.00,45.00,0,0,0.00,0.00,0.00,45.00,0.00
17200458201581900,20170225,45.00,45.00,0,0,0.00,0.00,0.00,45.00,0.00
17200458201581900,20170226,45.00,45.00,0,0,0.00,0.00,0.00,45.00,0.00
17200458201581900,20170227,45.00,45.00,0,0,0.00,0.00,0.00,45.00,0.00
17200458201581900,20170228,45.00,45.00,0,0,0.00,0.00,0.00,45.00,0.00
17200458201581900,20170301,45.00,45.00,0,0,0.00,0.00,0.00,45.00,0.00
17200458201581900,20170304,45.00,45.00,0,0,0.00,0.00,0.00,45.00,0.00
17200458201581900,20170305,45.00,45.00,0,0,0.00,0.00,0.00,45.00,0.00
17200458201581900,20170306,45.00,45.00,0,0,0.00,0.00,0.00,45.00,0.00
17200458201581900,20170307,45.00,45.00,0,0,0.00,0.00,0.00,45.00,0.00
17200458201581900,20170308,45.00,45.00,0,0,0.00,0.00,0.00,45.00,0.00
17200458201581900,20170311,45.00,45.00,0,0,0.00,0.00,0.00,45.00,0.00
17200458201581900,20170312,45.00,45.00,0,0,0.00,0.00,0.00,45.00,0.00
17200458201581900,20170313,45.00,45.00,0,0,0.00,0.00,0.00,45.00,0.00
17200458201581900,20170314,45.00,45.00,0,0,0.00,0.00,0.00,45.00,0.00
17200458201581900,20170315,45.00,45.00,0,0,0.00,0.00,0.00,45.00,0.00
17200458201581900,20170318,45.00,45.00,0,0,0.00,0.00,0.00,45.00,0.00
17200458201581900,20170325,45.00,45.00,0,0,0.00,0.00,0.00,45.00,0.00
17200458201581900,20170326,45.00,45.00,0,0,0.00,0.00,0.00,45.00,0.00
17200458201581900,20170327,45.00,45.00,0,0,0.00,0.00,0.00,45.00,0.00
17200458201581900,20170328,45.00,45.00,0,0,0.00,0.00,0.00,45.00,0.00
17200458201581900,20170329,45.00,45.00,0,0,0.00,0.00,0.00,45.00,0.00
17200458201581900,20170403,45.00,45.00,0,0,0.00,0.00,0.00,45.00,0.00
17200458201581900,20170404,45.00,45.00,0,0,0.00,0.00,0.00,45.00,0.00
17200458201581900,20170405,45.00,45.00,0,0,0.00,0.00,0.00,45.00,0.00
17200458201581900,20170408,45.00,45.00,0,0,0.00,0.00,0.00,45.00,0.00
17200458201581900,20170409,45.00,45.00,0,0,0.00,0.00,0.00,45.00,0.00
17200458201581900,20170410,45.00,45.00,0,0,0.00,0.00,0.00,45.00,0.00
17200458201581900,20170412,45.00,45.00,0,0,0.00,0.00,0.00,45.00,0.00
17200458201581900,20170415,45.00,45.00,0,0,0.00,0.00,0.00,45.00,0.00
17200458201581900,20170416,45.00,45.00,0,0,0.00,0.00,0.00,45.00,0.00
17200458201581900,20170417,45.00,45.00,0,0,0.00,0.00,0.00,45.00,0.00
17200458201581900,20170418,45.00,45.00,0,0,0.00,0.00,0.00,45.00,0.00
17200458201581900,20170419,45.00,45.00,0,0,0.00,0.00,0.00,45.00,0.00
17200458201581900,20170422,45.00,45.00,0,0,0.00,0.00,0.00,45.00,0.00
17200458201581900,20170423,45.00,45.00,0,0,0.00,0.00,0.00,45.00,0.00
17200458201581900,20170424,45.00,45.00,0,0,0.00,0.00,0.00,45.00,0.00
17200458201581900,20170426,45.00,45.00,0,0,0.00,0.00,0.00,45.00,0.00
17200458201581900,20170429,45.00,45.00,0,0,0.00,0.00,0.00,45.00,0.00
17200458201581900,20170430,45.00,45.00,0,0,0.00,0.00,0.00,45.00,0.00
17200458201581900,20170501,45.00,45.00,0,0,0.00,0.00,0.00,45.00,0.00
17200458201581900,20170502,45.00,45.00,0,0,0.00,0.00,0.00,45.00,0.00
17200458201581900,20170503,45.00,45.00,0,0,0.00,0.00,0.00,45.00,0.00
17200458201581900,20170506,45.00,45.00,0,0,0.00,0.00,0.00,45.00,0.00
17200458201581900,20170507,45.00,45.00,0,0,0.00,0.00,0.00,45.00,0.00
17200458201581900,20170508,45.00,45.00,0,0,0.00,0.00,0.00,45.00,0.00
17200458201581900,20170509,45.00,45.00,0,0,0.00,0.00,0.00,45.00,0.00
17200458201581900,20170510,45.00,45.00,0,0,0.00,0.00,0.00,45.00,0.00
17200458201581900,20170513,45.00,45.00,0,0,0.00,0.00,0.00,45.00,0.00
17200458201581900,20170514,45.00,45.00,0,0,0.00,0.00,0.00,45.00,0.00
17200458201581900,20170515,45.00,45.00,0,0,0.00,0.00,0.00,45.00,0.00
17200458201581900,20170516,45.00,45.00,0,0,0.00,0.00,0.00,45.00,0.00
17200458201581900,20170517,45.00,45.00,0,0,0.00,0.00,0.00,45.00,0.00
17200458201581900,20170520,45.00,45.00,0,0,0.00,0.00,0.00,45.00,0.00
17200458201581900,20170521,45.00,45.00,0,0,0.00,0.00,0.00,45.00,0.00
17200458201581900,20170522,45.00,45.00,0,0,0.00,0.00,0.00,45.00,0.00
17200458201581900,20170523,45.00,45.00,0,0,0.00,0.00,0.00,45.00,0.00
17200458201581900,20170524,45.00,45.00,0,0,0.00,0.00,0.00,45.00,0.00
17200458201581900,20170527,45.00,45.00,0,0,0.00,0.00,0.00,45.00,0.00
17200458201581900,20170528,45.00,45.00,0,0,0.00,0.00,0.00,45.00,0.00
17200458201581900,20170529,45.00,45.00,0,0,0.00,0.00,0.00,45.00,0.00
17200458201581900,20170530,45.00,45.00,0,0,0.00,0.00,0.00,45.00,0.00
17200458201581900,20170531,45.00,45.00,0,0,0.00,0.00,0.00,45.00,0.00
17200458201581900,20170603,45.00,45.00,0,0,0.00,0.00,0.00,45.00,0.00
17200458201581900,20170606,45.00,45.00,0,0,0.00,0.00,0.00,45.00,0.00
17200458201581900,20170607,45.00,45.00,0,0,0.00,0.00,0.00,45.00,0.00
17200458201581900,20170610,45.00,45.00,0,0,0.00,0.00,0.00,45.00,0.00
17200458201581900,20170611,45.00,45.00,0,0,0.00,0.00,0.00,45.00,0.00
17200458201581900,20170612,45.00,45.00,0,0,0.00,0.00,0.00,45.00,0.00
17200458201581900,20170613,45.00,45.00,0,0,0.00,0.00,0.00,45.00,0.00
17200458201581900,20170614,45.00,45.00,0,0,0.00,0.00,0.00,45.00,0.00
17200458201581900,20170617,45.00,45.00,0,0,0.00,0.00,0.00,45.00,0.00
17200458201581900,20170618,45.00,45.00,0,0,0.00,0.00,0.00,45.00,0.00
17200458201581900,20170619,45.00,45.00,0,0,0.00,0.00,0.00,45.00,0.00
17200458201581900,20170620,45.00,45.00,0,0,0.00,0.00,0.00,45.00,0.00
17200458201581900,20170621,45.00,45.00,0,0,0.00,0.00,0.00,45.00,0.00
17200458201581900,20170624,45.00,45.00,0,0,0.00,0.00,0.00,45.00,0.00
17200458201581900,20170625,45.00,45.00,0,0,0.00,0.00,0.00,45.00,0.00
17200458201581900,20170628,45.00,45.00,0,0,0.00,0.00,0.00,45.00,0.00
17200458201581900,20170701,45.00,45.00,0,0,0.00,0.00,0.00,45.00,0.00
17200458201581900,20170702,45.00,45.00,0,0,0.00,0.00,0.00,45.00,0.00
17200458201581900,20170703,45.00,45.00,0,0,0.00,0.00,0.00,45.00,0.00
17200458201581900,20170704,45.00,45.00,0,0,0.00,0.00,0.00,45.00,0.00
17200458201581900,20170705,45.00,45.00,0,0,0.00,0.00,0.00,45.00,0.00
17200458201581900,20170708,45.00,45.00,0,0,0.00,0.00,0.00,45.00,0.00
17200458201581900,20170709,45.00,45.00,0,0,0.00,0.00,0.00,45.00,0.00
17200458201581900,20170710,45.00,45.00,0,0,0.00,0.00,0.00,45.00,0.00
17200458201581900,20170711,45.00,45.00,0,0,0.00,0.00,0.00,45.00,0.00
17200458201581900,20170712,45.00,45.00,0,0,0.00,0.00,0.00,45.00,0.00
17200458201581900,20170715,45.00,45.00,0,0,0.00,0.00,0.00,45.00,0.00
17200458201581900,20170716,45.00,45.00,0,0,0.00,0.00,0.00,45.00,0.00
17200458201581900,20170717,45.00,45.00,0,0,0.00,0.00,0.00,45.00,0.00
17200458201581900,20170718,45.00,45.00,0,0,0.00,0.00,0.00,45.00,0.00
17200458201581900,20170719,45.00,45.00,0,0,0.00,0.00,0.00,45.00,0.00
17200458201581900,20170722,45.00,45.00,0,0,0.00,0.00,0.00,45.00,0.00
17200458201581900,20170723,45.00,45.00,0,0,0.00,0.00,0.00,45.00,0.00
17200458201581900,20170724,45.00,45.00,0,0,0.00,0.00,0.00,45.00,0.00
17200458201581900,20170725,45.00,45.00,0,0,0.00,0.00,0.00,45.00,0.00
17200458201581900,20170726,45.00,45.00,0,0,0.00,0.00,0.00,45.00,0.00
17200458201581900,20170729,45.00,45.00,0,0,0.00,0.00,0.00,45.00,0.00
17200458201581900,20170730,45.00,45.00,0,0,0.00,0.00,0.00,45.00,0.00
17200458201581900,20170731,45.00,45.00,0,0,0.00,0.00,0.00,45.00,0.00
17200458201581900,20170801,45.00,45.00,0,0,0.00,0.00,0.00,45.00,0.00
17200458201581900,20170802,45.00,45.00,0,0,0.00,0.00,0.00,45.00,0.00
17200458201581900,20170806,45.00,45.00,0,0,0.00,0.00,0.00,45.00,0.00
17200458201581900,20170807,45.00,45.00,0,0,0.00,0.00,0.00,45.00,0.00
17200458201581900,20170808,45.00,45.00,0,0,0.00,0.00,0.00,45.00,0.00
17200458201581900,20170809,45.00,45.00,0,0,0.00,0.00,0.00,45.00,0.00
17200458201581900,20170812,45.00,45.00,0,0,0.00,0.00,0.00,45.00,0.00
17200458201581900,20170813,45.00,45.00,0,0,0.00,0.00,0.00,45.00,0.00
17200458201581900,20170814,45.00,45.00,0,0,0.00,0.00,0.00,45.00,0.00
17200458201581900,20170815,45.00,45.00,0,0,0.00,0.00,0.00,45.00,0.00
17200458201581900,20170816,45.00,45.00,0,0,0.00,0.00,0.00,45.00,0.00
17200458201581900,20170819,45.00,45.00,0,0,0.00,0.00,0.00,45.00,0.00
17200458201581900,20170820,45.00,45.00,0,0,0.00,0.00,0.00,45.00,0.00
17200458201581900,20170821,45.00,45.00,0,0,0.00,0.00,0.00,45.00,0.00
17200458201581900,20170822,45.00,45.00,0,0,0.00,0.00,0.00,45.00,0.00
17200458201581900,20170823,45.00,45.00,0,0,0.00,0.00,0.00,45.00,0.00
17200458201581900,20170826,45.00,45.00,0,0,0.00,0.00,0.00,45.00,0.00
17200458201581900,20170827,45.00,45.00,0,0,0.00,0.00,0.00,45.00,0.00
17200458201581900,20170828,45.00,45.00,0,0,0.00,0.00,0.00,45.00,0.00
17200458201581900,20170829,45.00,45.00,0,0,0.00,0.00,0.00,45.00,0.00
17200458201581900,20170830,45.00,45.00,0,0,0.00,0.00,0.00,45.00,0.00
17200458201581900,20170902,45.00,45.00,0,0,0.00,0.00,0.00,45.00,0.00
17200458201581900,20170903,45.00,45.00,0,0,0.00,0.00,0.00,45.00,0.00
17200458201581900,20170904,45.00,45.00,0,0,0.00,0.00,0.00,45.00,0.00
17200458201581900,20170905,45.00,45.00,0,0,0.00,0.00,0.00,45.00,0.00
17200458201581900,20170906,45.00,45.00,0,0,0.00,0.00,0.00,45.00,0.00
17200458201581900,20170910,45.00,45.00,0,0,0.00,0.00,0.00,45.00,0.00
17200458201581900,20170911,45.00,45.00,0,0,0.00,0.00,0.00,45.00,0.00
17200458201581900,20170912,45.00,45.00,0,0,0.00,0.00,0.00,45.00,0.00
17200458201581900,20170913,45.00,45.00,0,0,0.00,0.00,0.00,45.00,0.00
17200458201581900,20170916,45.00,45.00,0,0,0.00,0.00,0.00,45.00,0.00
17200458201581900,20170917,45.00,45.00,0,0,0.00,0.00,0.00,45.00,0.00
17200458201581900,20170918,45.00,45.00,0,0,0.00,0.00,0.00,45.00,0.00
17200458201581900,20170919,45.00,45.00,0,0,0.00,0.00,0.00,45.00,0.00
17200458201581900,20170920,45.00,45.00,0,0,0.00,0.00,0.00,45.00,0.00
17200458201581900,20170923,45.00,45.00,0,0,0.00,0.00,0.00,45.00,0.00
17200458201581900,20170924,45.00,45.00,0,0,0.00,0.00,0.00,45.00,0.00
17200458201581900,20170925,45.00,45.00,0,0,0.00,0.00,0.00,45.00,0.00
17200458201581900,20170926,45.00,45.00,0,0,0.00,0.00,0.00,45.00,0.00
17200458201581900,20170927,45.00,45.00,0,0,0.00,0.00,0.00,45.00,0.00
17200458201581900,20171002,45.00,45.00,0,0,0.00,0.00,0.00,45.00,0.00
17200458201581900,20171003,45.00,45.00,0,0,0.00,0.00,0.00,45.00,0.00
17200458201581900,20171004,45.00,45.00,0,0,0.00,0.00,0.00,45.00,0.00
17200458201581900,20171007,45.00,45.00,0,0,0.00,0.00,0.00,45.00,0.00
17200458201581900,20171008,45.00,45.00,0,0,0.00,0.00,0.00,45.00,0.00
17200458201581900,20171009,45.00,45.00,0,0,0.00,0.00,0.00,45.00,0.00
17200458201581900,20171010,45.00,45.00,0,0,0.00,0.00,0.00,45.00,0.00
17200458201581900,20171011,45.00,45.00,0,0,0.00,0.00,0.00,45.00,0.00
17200458201581900,20171014,45.00,45.00,0,0,0.00,0.00,0.00,45.00,0.00
17200458201581900,20171015,45.00,45.00,0,0,0.00,0.00,0.00,45.00,0.00
17200458201581900,20171016,45.00,45.00,0,0,0.00,0.00,0.00,45.00,0.00
17200458201581900,20171017,45.00,45.00,0,0,0.00,0.00,0.00,45.00,0.00
17200458201581900,20171018,45.00,45.00,0,0,0.00,0.00,0.00,45.00,0.00
17200458201581900,20171021,45.00,45.00,0,0,0.00,0.00,0.00,45.00,0.00
17200458201581900,20171022,45.00,45.00,0,0,0.00,0.00,0.00,45.00,0.00
17200458201581900,20171023,45.00,45.00,0,0,0.00,0.00,0.00,45.00,0.00
17200458201581900,20171024,45.00,45.00,0,0,0.00,0.00,0.00,45.00,0.00
17200458201581900,20171025,45.00,45.00,0,0,0.00,0.00,0.00,45.00,0.00
17200458201581900,20171028,45.00,45.00,0,0,0.00,0.00,0.00,45.00,0.00
17200458201581900,20171029,45.00,45.00,0,0,0.00,0.00,0.00,45.00,0.00
17200458201581900,20171030,45.00,45.00,0,0,0.00,0.00,0.00,45.00,0.00
17200458201581900,20171031,45.00,45.00,0,0,0.00,0.00,0.00,45.00,0.00
17200458201581900,20171101,45.00,45.00,0,0,0.00,0.00,0.00,45.00,0.00
17200458201581900,20171104,45.00,45.00,0,0,0.00,0.00,0.00,45.00,0.00
17200458201581900,20171105,45.00,45.00,0,0,0.00,0.00,0.00,45.00,0.00
17200458201581900,20171106,45.00,45.00,0,0,0.00,0.00,0.00,45.00,0.00
17200458201581900,20171107,45.00,45.00,0,0,0.00,0.00,0.00,45.00,0.00
17200458201581900,20171108,45.00,45.00,0,0,0.00,0.00,0.00,45.00,0.00
17200458201581900,20171111,45.00,45.00,0,0,0.00,0.00,0.00,45.00,0.00
17200458201581900,20171112,45.00,45.00,0,0,0.00,0.00,0.00,45.00,0.00
17200458201581900,20171113,45.00,45.00,0,0,0.00,0.00,0.00,45.00,0.00
17200458201581900,20171114,45.00,45.00,0,0,0.00,0.00,0.00,45.00,0.00
17200458201581900,20171115,45.00,45.00,0,0,0.00,0.00,0.00,45.00,0.00
17200458201581900,20171118,45.00,45.00,0,0,0.00,0.00,0.00,45.00,0.00
17200458201581900,20171120,45.00,45.00,0,0,0.00,0.00,0.00,45.00,0.00
17200458201581900,20171121,45.00,45.00,0,0,0.00,0.00,0.00,45.00,0.00
17200458201581900,20171122,45.00,45.00,0,0,0.00,0.00,0.00,45.00,0.00
17200458201581900,20171125,45.00,45.00,0,0,0.00,0.00,0.00,45.00,0.00
17200458201581900,20171126,45.00,45.00,0,0,0.00,0.00,0.00,45.00,0.00
17200458201581900,20171128,45.00,45.00,0,0,0.00,0.00,0.00,45.00,0.00
17200458201581900,20171129,45.00,45.00,0,0,0.00,0.00,0.00,45.00,0.00
17200458201581900,20171202,45.00,45.00,0,0,0.00,0.00,0.00,45.00,0.00
17200458201581900,20171203,45.00,45.00,0,0,0.00,0.00,0.00,45.00,0.00
17200458201581900,20171204,45.00,45.00,0,0,0.00,0.00,0.00,45.00,0.00
17200458201581900,20171205,45.00,45.00,0,0,0.00,0.00,0.00,45.00,0.00
17200458201581900,20171209,45.00,45.00,0,0,0.00,0.00,0.00,45.00,0.00
17200458201581900,20171210,45.00,45.00,0,0,0.00,0.00,0.00,45.00,0.00
17200458201581900,20171211,45.00,45.00,0,0,0.00,0.00,0.00,45.00,0.00
17200458201581900,20171212,45.00,45.00,0,0,0.00,0.00,0.00,45.00,0.00
17200458201581900,20171213,45.00,45.00,0,0,0.00,0.00,0.00,45.00,0.00
17200458201581900,20171214,45.00,45.00,0,0,0.00,0.00,0.00,45.00,0.00
17200458201581900,20171215,45.00,45.00,0,0,0.00,0.00,0.00,45.00,0.00
17200458201581900,20171216,45.00,45.00,0,0,0.00,0.00,0.00,45.00,0.00
17200458201581900,20171217,45.00,45.00,0,0,0.00,0.00,0.00,45.00,0.00
17200458201581900,20171218,45.00,45.00,0,0,0.00,0.00,0.00,45.00,0.00
17200458201581900,20171219,45.00,45.00,0,0,0.00,0.00,0.00,45.00,0.00
17200458201581900,20171220,45.00,45.00,0,0,0.00,0.00,0.00,45.00,0.00
17200458201581900,20171223,45.00,45.00,0,0,0.00,0.00,0.00,45.00,0.00
17200458201581900,20171224,45.00,45.00,0,0,0.00,0.00,0.00,45.00,0.00
17200458201581900,20171225,45.00,45.00,0,0,0.00,0.00,0.00,45.00,0.00
17200458201581900,20171226,45.00,45.00,0,0,0.00,0.00,0.00,45.00,0.00
17200458201581900,20171227,45.00,45.00,0,0,0.00,0.00,0.00,45.00,0.00
17200458201581900,20171230,45.00,45.00,0,0,0.00,0.00,0.00,45.00,0.00
17200458201581900,20171231,45.00,45.00,0,0,0.00,0.00,0.00,45.00,0.00
17200458201581900,20180101,45.00,45.00,0,0,0.00,0.00,0.00,45.00,0.00
17200458201581900,20180102,45.00,45.00,0,0,0.00,0.00,0.00,45.00,0.00
17200458201581900,20180103,45.00,45.00,0,0,0.00,0.00,0.00,45.00,0.00
17200458201581900,20180106,45.00,45.00,0,0,0.00,0.00,0.00,45.00,0.00
17200458201581900,20180107,45.00,45.00,0,0,0.00,0.00,0.00,45.00,0.00
17200458201581900,20180108,45.00,45.00,0,0,0.00,0.00,0.00,45.00,0.00
17200458201581900,20180109,45.00,45.00,0,0,0.00,0.00,0.00,45.00,0.00
17200458201581900,20180110,45.00,45.00,0,0,0.00,0.00,0.00,45.00,0.00
17200458201581900,20180113,45.00,45.00,0,0,0.00,0.00,0.00,45.00,0.00
17200458201581900,20180114,45.00,45.00,0,0,0.00,0.00,0.00,45.00,0.00
17200458201581900,20180115,45.00,45.00,0,0,0.00,0.00,0.00,45.00,0.00
17200458201581900,20180116,45.00,45.00,0,0,0.00,0.00,0.00,45.00,0.00
17200458201581900,20180117,45.00,45.00,0,0,0.00,0.00,0.00,45.00,0.00
17200458201581900,20180120,45.00,45.00,0,0,0.00,0.00,0.00,45.00,0.00
17200458201581900,20180121,45.00,45.00,0,0,0.00,0.00,0.00,45.00,0.00
17200458201581900,20180122,45.00,45.00,0,0,0.00,0.00,0.00,45.00,0.00
17200458201581900,20180123,45.00,45.00,0,0,0.00,0.00,0.00,45.00,0.00
17200458201581900,20180124,45.00,45.00,0,0,0.00,0.00,0.00,45.00,0.00
17200458201581900,20180127,45.00,45.00,0,0,0.00,0.00,0.00,45.00,0.00
17200458201581900,20180128,45.00,45.00,0,0,0.00,0.00,0.00,45.00,0.00
17200458201581900,20180129,45.00,45.00,0,0,0.00,0.00,0.00,45.00,0.00
17200458201581900,20180130,45.00,45.00,0,0,0.00,0.00,0.00,45.00,0.00
17200458201581900,20180131,45.00,45.00,0,0,0.00,0.00,0.00,45.00,0.00
17200458201581900,20180203,45.00,45.00,0,0,0.00,0.00,0.00,45.00,0.00
17200458201581900,20180204,45.00,45.00,0,0,0.00,0.00,0.00,45.00,0.00
17200458201581900,20180205,45.00,45.00,0,0,0.00,0.00,0.00,45.00,0.00
17200458201581900,20180206,45.00,45.00,0,0,0.00,0.00,0.00,45.00,0.00
17200458201581900,20180207,45.00,45.00,0,0,0.00,0.00,0.00,45.00,0.00
17200458201581900,20180210,45.00,45.00,0,0,0.00,0.00,0.00,45.00,0.00
17200458201581900,20180212,45.00,45.00,0,0,0.00,0.00,0.00,45.00,0.00
17200458201581900,20180213,45.00,45.00,0,0,0.00,0.00,0.00,45.00,0.00
17200458201581900,20180214,45.00,45.00,0,0,0.00,0.00,0.00,45.00,0.00
17200458201581900,20180217,45.00,45.00,0,0,0.00,0.00,0.00,45.00,0.00
17200458201581900,20180218,45.00,45.00,0,0,0.00,0.00,0.00,45.00,0.00
17200458201581900,20180219,45.00,45.00,0,0,0.00,0.00,0.00,45.00,0.00
17200458201581900,20180221,45.00,45.00,0,0,0.00,0.00,0.00,45.00,0.00
17200458201581900,20180224,45.00,45.00,0,0,0.00,0.00,0.00,45.00,0.00
17200458201581900,20180225,45.00,45.00,0,0,0.00,0.00,0.00,45.00,0.00
17200458201581900,20180226,45.00,45.00,0,0,0.00,0.00,0.00,45.00,0.00
17200458201581900,20180227,45.00,45.00,0,0,0.00,0.00,0.00,45.00,0.00
17200458201581900,20180228,45.00,45.00,0,0,0.00,0.00,0.00,45.00,0.00
17200458201581900,20180303,45.00,45.00,0,0,0.00,0.00,0.00,45.00,0.00
17200458201581900,20180304,45.00,45.00,0,0,0.00,0.00,0.00,45.00,0.00
17200458201581900,20180305,45.00,45.00,0,0,0.00,0.00,0.00,45.00,0.00
17200458201581900,20180306,45.00,45.00,0,0,0.00,0.00,0.00,45.00,0.00
17200458201581900,20180307,45.00,45.00,0,0,0.00,0.00,0.00,45.00,0.00
17200458201581900,20180310,45.00,45.00,0,0,0.00,0.00,0.00,45.00,0.00
17200458201581900,20180311,45.00,45.00,0,0,0.00,0.00,0.00,45.00,0.00
17200458201581900,20180312,45.00,45.00,0,0,0.00,0.00,0.00,45.00,0.00
17200458201581900,20180313,45.00,45.00,0,0,0.00,0.00,0.00,45.00,0.00
17200458201581900,20180314,45.00,45.00,0,0,0.00,0.00,0.00,45.00,0.00
17200458201581900,20180317,45.00,45.00,0,0,0.00,0.00,0.00,45.00,0.00
17200458201581900,20180318,45.00,45.00,0,0,0.00,0.00,0.00,45.00,0.00
17200458201581900,20180319,45.00,45.00,0,0,0.00,0.00,0.00,45.00,0.00
17200458201581900,20180325,45.00,45.00,0,0,0.00,0.00,0.00,45.00,0.00
17200458201581900,20180326,45.00,45.00,0,0,0.00,0.00,0.00,45.00,0.00
17200458201581900,20180327,45.00,45.00,0,0,0.00,0.00,0.00,45.00,0.00
17200458201581900,20180328,45.00,45.00,0,0,0.00,0.00,0.00,45.00,0.00
17200458201581900,20180403,45.00,45.00,0,0,0.00,0.00,0.00,45.00,0.00
17200458201581900,20180404,45.00,45.00,0,0,0.00,0.00,0.00,45.00,0.00
17200458201581900,20180407,45.00,45.00,0,0,0.00,0.00,0.00,45.00,0.00
17200458201581900,20180408,45.00,45.00,0,0,0.00,0.00,0.00,45.00,0.00
17200458201581900,20180409,45.00,45.00,0,0,0.00,0.00,0.00,45.00,0.00
17200458201581900,20180410,45.00,45.00,0,0,0.00,0.00,0.00,45.00,0.00
17200458201581900,20180411,45.00,45.00,0,0,0.00,0.00,0.00,45.00,0.00
17200458201581900,20180415,45.00,45.00,0,0,0.00,0.00,0.00,45.00,0.00
17200458201581900,20180416,45.00,45.00,0,0,0.00,0.00,0.00,45.00,0.00
17200458201581900,20180417,45.00,45.00,0,0,0.00,0.00,0.00,45.00,0.00
17200458201581900,20180418,45.00,45.00,0,0,0.00,0.00,0.00,45.00,0.00
17200458201581900,20180421,45.00,45.00,0,0,0.00,0.00,0.00,45.00,0.00
17200458201581900,20180422,45.00,45.00,0,0,0.00,0.00,0.00,45.00,0.00
17200458201581900,20180423,45.00,45.00,0,0,0.00,0.00,0.00,45.00,0.00
17200458201581900,20180424,45.00,45.00,0,0,0.00,0.00,0.00,45.00,0.00
17200458201581900,20180425,45.00,45.00,0,0,0.00,0.00,0.00,45.00,0.00
17200458201581900,20180428,45.00,45.00,0,0,0.00,0.00,0.00,45.00,0.00
17200458201581900,20180429,45.00,45.00,0,0,0.00,0.00,0.00,45.00,0.00
17200458201581900,20180430,45.00,45.00,0,0,0.00,0.00,0.00,45.00,0.00
17200458201581900,20180501,45.00,45.00,0,0,0.00,0.00,0.00,45.00,0.00
17200458201581900,20180505,45.00,45.00,0,0,0.00,0.00,0.00,45.00,0.00
17200458201581900,20180506,45.00,45.00,0,0,0.00,0.00,0.00,45.00,0.00
17200458201581900,20180507,45.00,45.00,0,0,0.00,0.00,0.00,45.00,0.00
17200458201581900,20180508,45.00,45.00,0,0,0.00,0.00,0.00,45.00,0.00
17200458201581900,20180509,45.00,45.00,0,0,0.00,0.00,0.00,45.00,0.00
17200458201581900,20180512,45.00,45.00,0,0,0.00,0.00,0.00,45.00,0.00
17200458201581900,20180513,45.00,45.00,0,0,0.00,0.00,0.00,45.00,0.00
17200458201581900,20180514,45.00,45.00,0,0,0.00,0.00,0.00,45.00,0.00
17200458201581900,20180515,45.00,45.00,0,0,0.00,0.00,0.00,45.00,0.00
17200458201581900,20180516,45.00,45.00,0,0,0.00,0.00,0.00,45.00,0.00
17200458201581900,20180519,45.00,45.00,0,0,0.00,0.00,0.00,45.00,0.00
17200458201581900,20180520,45.00,45.00,0,0,0.00,0.00,0.00,45.00,0.00
17200458201581900,20180521,45.00,45.00,0,0,0.00,0.00,0.00,45.00,0.00
17200458201581900,20180522,45.00,45.00,0,0,0.00,0.00,0.00,45.00,0.00
17200458201581900,20180523,45.00,45.00,0,0,0.00,0.00,0.00,45.00,0.00
17200458201581900,20180526,45.00,45.00,0,0,0.00,0.00,0.00,45.00,0.00
17200458201581900,20180527,45.00,45.00,0,0,0.00,0.00,0.00,45.00,0.00
17200458201581900,20180528,45.00,45.00,0,0,0.00,0.00,0.00,45.00,0.00
17200458201581900,20180529,45.00,45.00,0,0,0.00,0.00,0.00,45.00,0.00
17200458201581900,20180530,45.00,45.00,0,0,0.00,0.00,0.00,45.00,0.00
17200458201581900,20180602,45.00,45.00,0,0,0.00,0.00,0.00,45.00,0.00
17200458201581900,20180603,45.00,45.00,0,0,0.00,0.00,0.00,45.00,0.00
17200458201581900,20180609,45.00,45.00,0,0,0.00,0.00,0.00,45.00,0.00
17200458201581900,20180610,45.00,45.00,0,0,0.00,0.00,0.00,45.00,0.00
17200458201581900,20180611,45.00,45.00,0,0,0.00,0.00,0.00,45.00,0.00
17200458201581900,20180612,45.00,45.00,0,0,0.00,0.00,0.00,45.00,0.00
17200458201581900,20180613,45.00,45.00,0,0,0.00,0.00,0.00,45.00,0.00
17200458201581900,20180617,45.00,45.00,0,0,0.00,0.00,0.00,45.00,0.00
17200458201581900,20180618,45.00,45.00,0,0,0.00,0.00,0.00,45.00,0.00
17200458201581900,20180619,45.00,45.00,0,0,0.00,0.00,0.00,45.00,0.00
17200458201581900,20180620,45.00,45.00,0,0,0.00,0.00,0.00,45.00,0.00
17200458201581900,20180623,45.00,45.00,0,0,0.00,0.00,0.00,45.00,0.00
17200458201581900,20180624,45.00,45.00,0,0,0.00,0.00,0.00,45.00,0.00
17200458201581900,20180625,45.00,45.00,0,0,0.00,0.00,0.00,45.00,0.00
17200458201581900,20180626,45.00,45.00,0,0,0.00,0.00,0.00,45.00,0.00
17200458201581900,20180627,45.00,45.00,0,0,0.00,0.00,0.00,45.00,0.00
17200458201581900,20180630,45.00,45.00,0,0,0.00,0.00,0.00,45.00,0.00
17200458201581900,20180701,45.00,45.00,0,0,0.00,0.00,0.00,45.00,0.00
17200458201581900,20180702,45.00,45.00,0,0,0.00,0.00,0.00,45.00,0.00
17200458201581900,20180703,45.00,45.00,0,0,0.00,0.00,0.00,45.00,0.00
17200458201581900,20180704,45.00,45.00,0,0,0.00,0.00,0.00,45.00,0.00
17200458201581900,20180707,45.00,45.00,0,0,0.00,0.00,0.00,45.00,0.00
17200458201581900,20180708,45.00,45.00,0,0,0.00,0.00,0.00,45.00,0.00
17200458201581900,20180710,45.00,45.00,0,0,0.00,0.00,0.00,45.00,0.00
17200458201581900,20180711,45.00,45.00,0,0,0.00,0.00,0.00,45.00,0.00
17200458201581900,20180714,45.00,45.00,0,0,0.00,0.00,0.00,45.00,0.00
17200458201581900,20180715,45.00,45.00,0,0,0.00,0.00,0.00,45.00,0.00
17200458201581900,20180716,45.00,45.00,0,0,0.00,0.00,0.00,45.00,0.00
17200458201581900,20180717,45.00,45.00,0,0,0.00,0.00,0.00,45.00,0.00
17200458201581900,20180718,45.00,45.00,0,0,0.00,0.00,0.00,45.00,0.00
17200458201581900,20180721,45.00,45.00,0,0,0.00,0.00,0.00,45.00,0.00
17200458201581900,20180722,45.00,45.00,0,0,0.00,0.00,0.00,45.00,0.00
17200458201581900,20180723,45.00,45.00,0,0,0.00,0.00,0.00,45.00,0.00
17200458201581900,20180724,45.00,45.00,0,0,0.00,0.00,0.00,45.00,0.00
17200458201581900,20180725,45.00,45.00,0,0,0.00,0.00,0.00,45.00,0.00
17200458201581900,20180726,45.00,45.00,0,0,0.00,0.00,0.00,45.00,0.00
17200458201581900,20180727,45.00,45.00,0,0,0.00,0.00,0.00,45.00,0.00
17200458201581900,20180728,45.00,45.00,0,0,0.00,0.00,0.00,45.00,0.00
17200458201581900,20180729,45.00,45.00,0,0,0.00,0.00,0.00,45.00,0.00
17200458201581900,20180730,45.00,45.00,0,0,0.00,0.00,0.00,45.00,0.00
17200458201581900,20180731,45.00,45.00,0,0,0.00,0.00,0.00,45.00,0.00
17200458201581900,20180801,45.00,45.00,0,0,0.00,0.00,0.00,45.00,0.00
17200458201581900,20180804,45.00,45.00,0,0,0.00,0.00,0.00,45.00,0.00
17200458201581900,20180805,45.00,45.00,0,0,0.00,0.00,0.00,45.00,0.00
17200458201581900,20180806,45.00,45.00,0,0,0.00,0.00,0.00,45.00,0.00
17200458201581900,20180807,45.00,45.00,0,0,0.00,0.00,0.00,45.00,0.00
17200458201581900,20180808,45.00,45.00,0,0,0.00,0.00,0.00,45.00,0.00
17200458201581900,20180811,45.00,45.00,0,0,0.00,0.00,0.00,45.00,0.00
17200458201581900,20180812,45.00,45.00,0,0,0.00,0.00,0.00,45.00,0.00
17200458201581900,20180813,45.00,45.00,0,0,0.00,0.00,0.00,45.00,0.00
17200458201581900,20180814,45.00,45.00,0,0,0.00,0.00,0.00,45.00,0.00
17200458201581900,20180815,45.00,45.00,0,0,0.00,0.00,0.00,45.00,0.00
17200458201581900,20180818,45.00,45.00,0,0,0.00,0.00,0.00,45.00,0.00
17200458201581900,20180819,45.00,45.00,0,0,0.00,0.00,0.00,45.00,0.00
17200458201581900,20180820,45.00,45.00,0,0,0.00,0.00,0.00,45.00,0.00
17200458201581900,20180821,45.00,45.00,0,0,0.00,0.00,0.00,45.00,0.00
17200458201581900,20180825,45.00,45.00,0,0,0.00,0.00,0.00,45.00,0.00
17200458201581900,20180826,45.00,45.00,0,0,0.00,0.00,0.00,45.00,0.00
17200458201581900,20180827,45.00,45.00,0,0,0.00,0.00,0.00,45.00,0.00
17200458201581900,20180828,45.00,45.00,0,0,0.00,0.00,0.00,45.00,0.00
17200458201581900,20180829,45.00,45.00,0,0,0.00,0.00,0.00,45.00,0.00
17200458201581900,20180901,45.00,45.00,0,0,0.00,0.00,0.00,45.00,0.00
17200458201581900,20180902,45.00,45.00,0,0,0.00,0.00,0.00,45.00,0.00
17200458201581900,20180903,45.00,45.00,0,0,0.00,0.00,0.00,45.00,0.00
17200458201581900,20180904,45.00,45.00,0,0,0.00,0.00,0.00,45.00,0.00
17200458201581900,20180905,45.00,45.00,0,0,0.00,0.00,0.00,45.00,0.00
17200458201581900,20180908,45.00,45.00,0,0,0.00,0.00,0.00,45.00,0.00
17200458201581900,20180909,45.00,45.00,0,0,0.00,0.00,0.00,45.00,0.00
17200458201581900,20180910,45.00,45.00,0,0,0.00,0.00,0.00,45.00,0.00
17200458201581900,20180911,45.00,45.00,0,0,0.00,0.00,0.00,45.00,0.00
17200458201581900,20180912,45.00,45.00,0,0,0.00,0.00,0.00,45.00,0.00
17200458201581900,20180915,45.00,45.00,0,0,0.00,0.00,0.00,45.00,0.00
17200458201581900,20180916,45.00,45.00,0,0,0.00,0.00,0.00,45.00,0.00
17200458201581900,20180917,45.00,45.00,0,0,0.00,0.00,0.00,45.00,0.00
17200458201581900,20180918,45.00,45.00,0,0,0.00,0.00,0.00,45.00,0.00
17200458201581900,20180922,45.00,45.00,0,0,0.00,0.00,0.00,45.00,0.00
17200458201581900,20180923,45.00,45.00,0,0,0.00,0.00,0.00,45.00,0.00
17200458201581900,20180924,45.00,45.00,0,0,0.00,0.00,0.00,45.00,0.00
17200458201581900,20180925,45.00,45.00,0,0,0.00,0.00,0.00,45.00,0.00
17200458201581900,20180926,45.00,45.00,0,0,0.00,0.00,0.00,45.00,0.00
17200458201581900,20180929,45.00,45.00,0,0,0.00,0.00,0.00,45.00,0.00
17200458201581900,20180930,45.00,45.00,0,0,0.00,0.00,0.00,45.00,0.00
17200458201581900,20181001,45.00,45.00,0,0,0.00,0.00,0.00,45.00,0.00
17200458201581900,20181002,45.00,45.00,0,0,0.00,0.00,0.00,45.00,0.00
17200458201581900,20181003,45.00,45.00,0,0,0.00,0.00,0.00,45.00,0.00
17200458201581900,20181006,45.00,45.00,0,0,0.00,0.00,0.00,45.00,0.00
17200458201581900,20181007,45.00,45.00,0,0,0.00,0.00,0.00,45.00,0.00
17200458201581900,20181008,45.00,45.00,0,0,0.00,0.00,0.00,45.00,0.00
17200458201581900,20181009,45.00,45.00,0,0,0.00,0.00,0.00,45.00,0.00
17200458201581900,20181010,45.00,45.00,0,0,0.00,0.00,0.00,45.00,0.00
17200458201581900,20181013,45.00,45.00,0,0,0.00,0.00,0.00,45.00,0.00
17200458201581900,20181014,45.00,45.00,0,0,0.00,0.00,0.00,45.00,0.00
17200458201581900,20181015,45.00,45.00,0,0,0.00,0.00,0.00,45.00,0.00
17200458201581900,20181016,45.00,45.00,0,0,0.00,0.00,0.00,45.00,0.00
17200458201581900,20181017,45.00,45.00,0,0,0.00,0.00,0.00,45.00,0.00
17200458201581900,20181020,45.00,45.00,0,0,0.00,0.00,0.00,45.00,0.00
17200458201581900,20181021,45.00,45.00,0,0,0.00,0.00,0.00,45.00,0.00
17200458201581900,20181022,45.00,45.00,0,0,0.00,0.00,0.00,45.00,0.00
17200458201581900,20181023,45.00,45.00,0,0,0.00,0.00,0.00,45.00,0.00
17200458201581900,20181024,45.00,45.00,0,0,0.00,0.00,0.00,45.00,0.00
17200458201581900,20181027,45.00,45.00,0,0,0.00,0.00,0.00,45.00,0.00
17200458201581900,20181028,45.00,45.00,0,0,0.00,0.00,0.00,45.00,0.00
17200458201581900,20181029,45.00,45.00,0,0,0.00,0.00,0.00,45.00,0.00
17200458201581900,20181031,45.00,45.00,0,0,0.00,0.00,0.00,45.00,0.00
17200458201581900,20181103,45.00,45.00,0,0,0.00,0.00,0.00,45.00,0.00
17200458201581900,20181104,45.00,45.00,0,0,0.00,0.00,0.00,45.00,0.00
17200458201581900,20181105,45.00,45.00,0,0,0.00,0.00,0.00,45.00,0.00
17200458201581900,20181106,45.00,45.00,0,0,0.00,0.00,0.00,45.00,0.00
17200458201581900,20181110,45.00,45.00,0,0,0.00,0.00,0.00,45.00,0.00
17200458201581900,20181111,45.00,45.00,0,0,0.00,0.00,0.00,45.00,0.00
17200458201581900,20181112,45.00,45.00,0,0,0.00,0.00,0.00,45.00,0.00
17200458201581900,20181113,45.00,45.00,0,0,0.00,0.00,0.00,45.00,0.00
17200458201581900,20181114,45.00,45.00,0,0,0.00,0.00,0.00,45.00,0.00
17200458201581900,20181117,45.00,45.00,0,0,0.00,0.00,0.00,45.00,0.00
17200458201581900,20181118,45.00,45.00,0,0,0.00,0.00,0.00,45.00,0.00
17200458201581900,20181119,45.00,45.00,0,0,0.00,0.00,0.00,45.00,0.00
17200458201581900,20181120,45.00,45.00,0,0,0.00,0.00,0.00,45.00,0.00
17200458201581900,20181121,45.00,45.00,0,0,0.00,0.00,0.00,45.00,0.00
17200458201581900,20181124,45.00,45.00,0,0,0.00,0.00,0.00,45.00,0.00
17200458201581900,20181126,45.00,45.00,0,0,0.00,0.00,0.00,45.00,0.00
17200458201581900,20181127,45.00,45.00,0,0,0.00,0.00,0.00,45.00,0.00
17200458201581900,20181128,45.00,45.00,0,0,0.00,0.00,0.00,45.00,0.00
17200458201581900,20181201,45.00,45.00,0,0,0.00,0.00,0.00,45.00,0.00
17200458201581900,20181202,45.00,45.00,0,0,0.00,0.00,0.00,45.00,0.00
17200458201581900,20181203,45.00,45.00,0,0,0.00,0.00,0.00,45.00,0.00
17200458201581900,20181204,45.00,45.00,0,0,0.00,0.00,0.00,45.00,0.00
17200458201581900,20181205,45.00,45.00,0,0,0.00,0.00,0.00,45.00,0.00
17200458201581900,20181208,45.00,45.00,0,0,0.00,0.00,0.00,45.00,0.00
17200458201581900,20181209,45.00,45.00,0,0,0.00,0.00,0.00,45.00,0.00
17200458201581900,20181210,45.00,45.00,0,0,0.00,0.00,0.00,45.00,0.00
17200458201581900,20181211,45.00,45.00,0,0,0.00,0.00,0.00,45.00,0.00
17200458201581900,20181212,45.00,45.00,0,0,0.00,0.00,0.00,45.00,0.00
17200458201581900,20181215,45.00,45.00,0,0,0.00,0.00,0.00,45.00,0.00
17200458201581900,20181216,45.00,45.00,0,0,0.00,0.00,0.00,45.00,0.00
17200458201581900,20181217,45.00,45.00,0,0,0.00,0.00,0.00,45.00,0.00
17200458201581900,20181218,45.00,45.00,0,0,0.00,0.00,0.00,45.00,0.00
17200458201581900,20181219,45.00,45.00,0,0,0.00,0.00,0.00,45.00,0.00
17200458201581900,20181222,45.00,45.00,0,0,0.00,0.00,0.00,45.00,0.00
17200458201581900,20181223,45.00,45.00,0,0,0.00,0.00,0.00,45.00,0.00
17200458201581900,20181224,45.00,45.00,0,0,0.00,0.00,0.00,45.00,0.00
17200458201581900,20181225,45.00,45.00,0,0,0.00,0.00,0.00,45.00,0.00
17200458201581900,20181226,45.00,45.00,0,0,0.00,0.00,0.00,45.00,0.00
17200458201581900,20181229,45.00,45.00,0,0,0.00,0.00,0.00,45.00,0.00
17200458201581900,20181230,45.00,45.00,0,0,0.00,0.00,0.00,45.00,0.00
17200458201581900,20181231,45.00,45.00,0,0,0.00,0.00,0.00,45.00,0.00
17200458201581900,20190101,45.00,45.00,0,0,0.00,0.00,0.00,45.00,0.00
17200458201581900,20190102,45.00,45.00,0,0,0.00,0.00,0.00,45.00,0.00
17200458201581900,20190105,45.00,45.00,0,0,0.00,0.00,0.00,45.00,0.00
17200458201581900,20190106,45.00,45.00,0,0,0.00,0.00,0.00,45.00,0.00
17200458201581900,20190107,45.00,45.00,0,0,0.00,0.00,0.00,45.00,0.00
17200458201581900,20190108,45.00,45.00,0,0,0.00,0.00,0.00,45.00,0.00
17200458201581900,20190109,45.00,45.00,0,0,0.00,0.00,0.00,45.00,0.00
17200458201581900,20190112,45.00,45.00,0,0,0.00,0.00,0.00,45.00,0.00
17200458201581900,20190113,45.00,45.00,0,0,0.00,0.00,0.00,45.00,0.00
17200458201581900,20190114,45.00,45.00,0,0,0.00,0.00,0.00,45.00,0.00
17200458201581900,20190115,45.00,45.00,0,0,0.00,0.00,0.00,45.00,0.00
17200458201581900,20190116,45.00,45.00,0,0,0.00,0.00,0.00,45.00,0.00
17200458201581900,20190119,45.00,45.00,0,0,0.00,0.00,0.00,45.00,0.00
17200458201581900,20190120,45.00,45.00,0,0,0.00,0.00,0.00,45.00,0.00
17200458201581900,20190121,45.00,45.00,0,0,0.00,0.00,0.00,45.00,0.00
17200458201581900,20190122,45.00,45.00,0,0,0.00,0.00,0.00,45.00,0.00
17200458201581900,20190123,45.00,45.00,0,0,0.00,0.00,0.00,45.00,0.00
17200458201581900,20190126,45.00,45.00,0,0,0.00,0.00,0.00,45.00,0.00
17200458201581900,20190127,45.00,45.00,0,0,0.00,0.00,0.00,45.00,0.00
17200458201581900,20190128,45.00,45.00,0,0,0.00,0.00,0.00,45.00,0.00
17200458201581900,20190129,45.00,45.00,0,0,0.00,0.00,0.00,45.00,0.00
17200458201581900,20190130,45.00,45.00,0,0,0.00,0.00,0.00,45.00,0.00
17200458201581900,20190202,45.00,45.00,0,0,0.00,0.00,0.00,45.00,0.00
17200458201581900,20190203,45.00,45.00,0,0,0.00,0.00,0.00,45.00,0.00
17200458201581900,20190204,45.00,45.00,0,0,0.00,0.00,0.00,45.00,0.00
17200458201581900,20190205,45.00,45.00,0,0,0.00,0.00,0.00,45.00,0.00
17200458201581900,20190206,45.00,45.00,0,0,0.00,0.00,0.00,45.00,0.00
17200458201581900,20190210,45.00,45.00,0,0,0.00,0.00,0.00,45.00,0.00
17200458201581900,20190212,45.00,45.00,0,0,0.00,0.00,0.00,45.00,0.00
17200458201581900,20190213,45.00,45.00,0,0,0.00,0.00,0.00,45.00,0.00
17200458201581900,20190216,45.00,45.00,0,0,0.00,0.00,0.00,45.00,0.00
17200458201581900,20190217,45.00,45.00,0,0,0.00,0.00,0.00,45.00,0.00
17200458201581900,20190218,45.00,45.00,0,0,0.00,0.00,0.00,45.00,0.00
17200458201581900,20190219,45.00,45.00,0,0,0.00,0.00,0.00,45.00,0.00
17200458201581900,20190220,45.00,45.00,0,0,0.00,0.00,0.00,45.00,0.00
17200458201581900,20190223,45.00,45.00,0,0,0.00,0.00,0.00,45.00,0.00
17200458201581900,20190224,45.00,45.00,0,0,0.00,0.00,0.00,45.00,0.00
17200458201581900,20190225,45.00,45.00,0,0,0.00,0.00,0.00,45.00,0.00
17200458201581900,20190226,45.00,45.00,0,0,0.00,0.00,0.00,45.00,0.00
17200458201581900,20190227,45.00,45.00,0,0,0.00,0.00,0.00,45.00,0.00
17200458201581900,20190302,45.00,45.00,0,0,0.00,0.00,0.00,45.00,0.00
17200458201581900,20190303,45.00,45.00,0,0,0.00,0.00,0.00,45.00,0.00
17200458201581900,20190304,45.00,45.00,0,0,0.00,0.00,0.00,45.00,0.00
17200458201581900,20190305,45.00,45.00,0,0,0.00,0.00,0.00,45.00,0.00
17200458201581900,20190306,45.00,45.00,0,0,0.00,0.00,0.00,45.00,0.00
17200458201581900,20190309,45.00,45.00,0,0,0.00,0.00,0.00,45.00,0.00
17200458201581900,20190310,45.00,45.00,0,0,0.00,0.00,0.00,45.00,0.00
17200458201581900,20190311,45.00,45.00,0,0,0.00,0.00,0.00,45.00,0.00
17200458201581900,20190312,45.00,45.00,0,0,0.00,0.00,0.00,45.00,0.00
17200458201581900,20190313,45.00,45.00,0,0,0.00,0.00,0.00,45.00,0.00
17200458201581900,20190316,45.00,45.00,0,0,0.00,0.00,0.00,45.00,0.00
17200458201581900,20190317,45.00,45.00,0,0,0.00,0.00,0.00,45.00,0.00
17200458201581900,20190318,45.00,45.00,0,0,0.00,0.00,0.00,45.00,0.00
17200458201581900,20190319,45.00,45.00,0,0,0.00,0.00,0.00,45.00,0.00
17200458201581900,20190325,45.00,45.00,0,0,0.00,0.00,0.00,45.00,0.00
17200458201581900,20190326,45.00,45.00,0,0,0.00,0.00,0.00,45.00,0.00
17200458201581900,20190327,45.00,45.00,0,0,0.00,0.00,0.00,45.00,0.00
17200458201581900,20190330,45.00,45.00,0,0,0.00,0.00,0.00,45.00,0.00
17200458201581900,20190331,45.00,45.00,0,0,0.00,0.00,0.00,45.00,0.00
17200458201581900,20190406,45.00,45.00,0,0,0.00,0.00,0.00,45.00,0.00
17200458201581900,20190407,45.00,45.00,0,0,0.00,0.00,0.00,45.00,0.00
17200458201581900,20190408,45.00,45.00,0,0,0.00,0.00,0.00,45.00,0.00
17200458201581900,20190409,45.00,45.00,0,0,0.00,0.00,0.00,45.00,0.00
17200458201581900,20190410,45.00,45.00,0,0,0.00,0.00,0.00,45.00,0.00
17200458201581900,20190413,45.00,45.00,0,0,0.00,0.00,0.00,45.00,0.00
17200458201581900,20190414,45.00,45.00,0,0,0.00,0.00,0.00,45.00,0.00
17200458201581900,20190415,45.00,45.00,0,0,0.00,0.00,0.00,45.00,0.00
17200458201581900,20190416,45.00,45.00,0,0,0.00,0.00,0.00,45.00,0.00
17200458201581900,20190417,45.00,45.00,0,0,0.00,0.00,0.00,45.00,0.00
17200458201581900,20190420,45.00,45.00,0,0,0.00,0.00,0.00,45.00,0.00
17200458201581900,20190422,45.00,45.00,0,0,0.00,0.00,0.00,45.00,0.00
17200458201581900,20190423,45.00,45.00,0,0,0.00,0.00,0.00,45.00,0.00
17200458201581900,20190424,45.00,45.00,0,0,0.00,0.00,0.00,45.00,0.00
17200458201581900,20190427,45.00,45.00,0,0,0.00,0.00,0.00,45.00,0.00
17200458201581900,20190428,45.00,45.00,0,0,0.00,0.00,0.00,45.00,0.00
17200458201581900,20190429,45.00,45.00,0,0,0.00,0.00,0.00,45.00,0.00
17200458201581900,20190430,45.00,45.00,0,0,0.00,0.00,0.00,45.00,0.00
17200458201581900,20190501,45.00,45.00,0,0,0.00,0.00,0.00,45.00,0.00
17200458201581900,20190504,45.00,45.00,0,0,0.00,0.00,0.00,45.00,0.00
17200458201581900,20190505,45.00,45.00,0,0,0.00,0.00,0.00,45.00,0.00
17200458201581900,20190506,45.00,45.00,0,0,0.00,0.00,0.00,45.00,0.00
17200458201581900,20190507,45.00,45.00,0,0,0.00,0.00,0.00,45.00,0.00
17200458201581900,20190508,45.00,45.00,0,0,0.00,0.00,0.00,45.00,0.00
17200458201581900,20190511,45.00,45.00,0,0,0.00,0.00,0.00,45.00,0.00
17200458201581900,20190512,45.00,45.00,0,0,0.00,0.00,0.00,45.00,0.00
17200458201581900,20190513,45.00,45.00,0,0,0.00,0.00,0.00,45.00,0.00
17200458201581900,20190514,45.00,45.00,0,0,0.00,0.00,0.00,45.00,0.00
17200458201581900,20190515,45.00,45.00,0,0,0.00,0.00,0.00,45.00,0.00
17200458201581900,20190518,45.00,45.00,0,0,0.00,0.00,0.00,45.00,0.00
17200458201581900,20190519,45.00,45.00,0,0,0.00,0.00,0.00,45.00,0.00
17200458201581900,20190520,45.00,45.00,0,0,0.00,0.00,0.00,45.00,0.00
17200458201581900,20190521,45.00,45.00,0,0,0.00,0.00,0.00,45.00,0.00
17200458201581900,20190522,45.00,45.00,0,0,0.00,0.00,0.00,45.00,0.00
17200458201581900,20190525,45.00,45.00,0,0,0.00,0.00,0.00,45.00,0.00
17200458201581900,20190526,45.00,45.00,0,0,0.00,0.00,0.00,45.00,0.00
17200458201581900,20190528,45.00,45.00,0,0,0.00,0.00,0.00,45.00,0.00
17200458201581900,20190529,45.00,45.00,0,0,0.00,0.00,0.00,45.00,0.00
17200458201581900,20190601,45.00,45.00,0,0,0.00,0.00,0.00,45.00,0.00
17200458201581900,20190602,45.00,45.00,0,0,0.00,0.00,0.00,45.00,0.00
17200458201581900,20190603,45.00,45.00,0,0,0.00,0.00,0.00,45.00,0.00
17200458201581900,20190608,45.00,45.00,0,0,0.00,0.00,0.00,45.00,0.00
17200458201581900,20190609,45.00,45.00,0,0,0.00,0.00,0.00,45.00,0.00
17200458201581900,20190610,45.00,45.00,0,0,0.00,0.00,0.00,45.00,0.00
17200458201581900,20190611,45.00,45.00,0,0,0.00,0.00,0.00,45.00,0.00
17200458201581900,20190612,45.00,45.00,0,0,0.00,0.00,0.00,45.00,0.00
17200458201581900,20190615,45.00,45.00,0,0,0.00,0.00,0.00,45.00,0.00
17200458201581900,20190616,45.00,45.00,0,0,0.00,0.00,0.00,45.00,0.00
17200458201581900,20190617,45.00,45.00,0,0,0.00,0.00,0.00,45.00,0.00
17200458201581900,20190618,45.00,45.00,0,0,0.00,0.00,0.00,45.00,0.00
17200458201581900,20190619,45.00,45.00,0,0,0.00,0.00,0.00,45.00,0.00
17200458201581900,20190622,45.00,45.00,0,0,0.00,0.00,0.00,45.00,0.00
17200458201581900,20190623,45.00,45.00,0,0,0.00,0.00,0.00,45.00,0.00
17200458201581900,20190624,45.00,45.00,0,0,0.00,0.00,0.00,45.00,0.00
17200458201581900,20190625,45.00,45.00,0,0,0.00,0.00,0.00,45.00,0.00
17200458201581900,20190626,45.00,45.00,0,0,0.00,0.00,0.00,45.00,0.00
17200458201581900,20190630,45.00,45.00,0,0,0.00,0.00,0.00,45.00,0.00
17200458201581900,20190701,45.00,45.00,0,0,0.00,0.00,0.00,45.00,0.00
17200458201581900,20190702,45.00,45.00,0,0,0.00,0.00,0.00,45.00,0.00
17200458201581900,20190703,45.00,45.00,0,0,0.00,0.00,0.00,45.00,0.00
17200458201581900,20190706,45.00,45.00,0,0,0.00,0.00,0.00,45.00,0.00
17200458201581900,20190707,45.00,45.00,0,0,0.00,0.00,0.00,45.00,0.00
17200458201581900,20190708,45.00,45.00,0,0,0.00,0.00,0.00,45.00,0.00
17200458201581900,20190709,45.00,45.00,0,0,0.00,0.00,0.00,45.00,0.00
17200458201581900,20190710,45.00,45.00,0,0,0.00,0.00,0.00,45.00,0.00
17200458201581900,20190713,45.00,45.00,0,0,0.00,0.00,0.00,45.00,0.00
17200458201581900,20190714,45.00,45.00,0,0,0.00,0.00,0.00,45.00,0.00
17200458201581900,20190715,45.00,45.00,0,0,0.00,0.00,0.00,45.00,0.00
17200458201581900,20190716,45.00,45.00,0,0,0.00,0.00,0.00,45.00,0.00
17200458201581900,20190717,45.00,45.00,0,0,0.00,0.00,0.00,45.00,0.00
17200458201581900,20190720,45.00,45.00,0,0,0.00,0.00,0.00,45.00,0.00
17200458201581900,20190721,45.00,45.00,0,0,0.00,0.00,0.00,45.00,0.00
17200458201581900,20190722,45.00,45.00,0,0,0.00,0.00,0.00,45.00,0.00
17200458201581900,20190723,45.00,45.00,0,0,0.00,0.00,0.00,45.00,0.00
17200458201581900,20190724,45.00,45.00,0,0,0.00,0.00,0.00,45.00,0.00
17200458201581900,20190727,45.00,45.00,0,0,0.00,0.00,0.00,45.00,0.00
17200458201581900,20190728,45.00,45.00,0,0,0.00,0.00,0.00,45.00,0.00
17200458201581900,20190729,45.00,45.00,0,0,0.00,0.00,0.00,45.00,0.00
17200458201581900,20190730,45.00,45.00,0,0,0.00,0.00,0.00,45.00,0.00
17200458201581900,20190731,45.00,45.00,0,0,0.00,0.00,0.00,45.00,0.00
17200458201581900,20190803,45.00,45.00,0,0,0.00,0.00,0.00,45.00,0.00
17200458201581900,20190804,45.00,45.00,0,0,0.00,0.00,0.00,45.00,0.00
17200458201581900,20190805,45.00,45.00,0,0,0.00,0.00,0.00,45.00,0.00
17200458201581900,20190806,45.00,45.00,0,0,0.00,0.00,0.00,45.00,0.00
17200458201581900,20190807,45.00,45.00,0,0,0.00,0.00,0.00,45.00,0.00
17200458201581900,20190810,45.00,45.00,0,0,0.00,0.00,0.00,45.00,0.00
17200458201581900,20190811,45.00,45.00,0,0,0.00,0.00,0.00,45.00,0.00
17200458201581900,20190813,45.00,45.00,0,0,0.00,0.00,0.00,45.00,0.00
17200458201581900,20190814,45.00,45.00,0,0,0.00,0.00,0.00,45.00,0.00
17200458201581900,20190817,45.00,45.00,0,0,0.00,0.00,0.00,45.00,0.00
17200458201581900,20190818,45.00,45.00,0,0,0.00,0.00,0.00,45.00,0.00
17200458201581900,20190819,45.00,45.00,0,0,0.00,0.00,0.00,45.00,0.00
17200458201581900,20190821,45.00,45.00,0,0,0.00,0.00,0.00,45.00,0.00
17200458201581900,20190824,45.00,45.00,0,0,0.00,0.00,0.00,45.00,0.00
17200458201581900,20190825,45.00,45.00,0,0,0.00,0.00,0.00,45.00,0.00
17200458201581900,20190826,45.00,45.00,0,0,0.00,0.00,0.00,45.00,0.00
17200458201581900,20190827,45.00,45.00,0,0,0.00,0.00,0.00,45.00,0.00
17200458201581900,20190828,45.00,45.00,0,0,0.00,0.00,0.00,45.00,0.00
17200458201581900,20190831,45.00,45.00,0,0,0.00,0.00,0.00,45.00,0.00
17200458201581900,20190901,45.00,45.00,0,0,0.00,0.00,0.00,45.00,0.00
17200458201581900,20190902,45.00,45.00,0,0,0.00,0.00,0.00,45.00,0.00
17200458201581900,20190903,45.00,45.00,0,0,0.00,0.00,0.00,45.00,0.00
17200458201581900,20190904,45.00,45.00,0,0,0.00,0.00,0.00,45.00,0.00
17200458201581900,20190907,45.00,45.00,0,0,0.00,0.00,0.00,45.00,0.00
17200458201581900,20190908,45.00,45.00,0,0,0.00,0.00,0.00,45.00,0.00
17200458201581900,20190911,45.00,45.00,0,0,0.00,0.00,0.00,45.00,0.00
17200458201581900,20190914,45.00,45.00,0,0,0.00,0.00,0.00,45.00,0.00
17200458201581900,20190915,45.00,45.00,0,0,0.00,0.00,0.00,45.00,0.00
17200458201581900,20190916,45.00,45.00,0,0,0.00,0.00,0.00,45.00,0.00
17200458201581900,20190917,45.00,45.00,0,0,0.00,0.00,0.00,45.00,0.00
17200458201581900,20190918,45.00,45.00,0,0,0.00,0.00,0.00,45.00,0.00
17200458201581900,20190921,45.00,45.00,0,0,0.00,0.00,0.00,45.00,0.00
17200458201581900,20190922,45.00,45.00,0,0,0.00,0.00,0.00,45.00,0.00
17200458201581900,20190923,45.00,45.00,0,0,0.00,0.00,0.00,45.00,0.00
17200458201581900,20190924,45.00,45.00,0,0,0.00,0.00,0.00,45.00,0.00
17200458201581900,20190925,45.00,45.00,0,0,0.00,0.00,0.00,45.00,0.00
17200458201581900,20190928,45.00,45.00,0,0,0.00,0.00,0.00,45.00,0.00
17200458201581900,20190929,45.00,45.00,0,0,0.00,0.00,0.00,45.00,0.00
17200458201581900,20190930,45.00,45.00,0,0,0.00,0.00,0.00,45.00,0.00
17200458201581900,20191001,45.00,45.00,0,0,0.00,0.00,0.00,45.00,0.00
17200458201581900,20191002,45.00,45.00,0,0,0.00,0.00,0.00,45.00,0.00
17200458201581900,20191005,45.00,45.00,0,0,0.00,0.00,0.00,45.00,0.00
17200458201581900,20191006,45.00,45.00,0,0,0.00,0.00,0.00,45.00,0.00
17200458201581900,20191007,45.00,45.00,0,0,0.00,0.00,0.00,45.00,0.00
17200458201581900,20191008,45.00,45.00,0,0,0.00,0.00,0.00,45.00,0.00
17200458201581900,20191009,45.00,45.00,0,0,0.00,0.00,0.00,45.00,0.00
17200458201581900,20191012,45.00,45.00,0,0,0.00,0.00,0.00,45.00,0.00
17200458201581900,20191013,45.00,45.00,0,0,0.00,0.00,0.00,45.00,0.00
17200458201581900,20191014,45.00,45.00,0,0,0.00,0.00,0.00,45.00,0.00
17200458201581900,20191015,45.00,45.00,0,0,0.00,0.00,0.00,45.00,0.00
17200458201581900,20191016,45.00,45.00,0,0,0.00,0.00,0.00,45.00,0.00
17200458201581900,20191020,45.00,45.00,0,0,0.00,0.00,0.00,45.00,0.00
17200458201581900,20191021,45.00,45.00,0,0,0.00,0.00,0.00,45.00,0.00
17200458201581900,20191022,45.00,45.00,0,0,0.00,0.00,0.00,45.00,0.00
17200458201581900,20191023,45.00,45.00,0,0,0.00,0.00,0.00,45.00,0.00
17200458201581900,20191026,45.00,45.00,0,0,0.00,0.00,0.00,45.00,0.00
17200458201581900,20191028,45.00,45.00,0,0,0.00,0.00,0.00,45.00,0.00
17200458201581900,20191030,45.00,45.00,0,0,0.00,0.00,0.00,45.00,0.00
17200458201581900,20191102,45.00,45.00,0,0,0.00,0.00,0.00,45.00,0.00
17200458201581900,20191103,45.00,45.00,0,0,0.00,0.00,0.00,45.00,0.00
17200458201581900,20191104,45.00,45.00,0,0,0.00,0.00,0.00,45.00,0.00
17200458201581900,20191105,45.00,45.00,0,0,0.00,0.00,0.00,45.00,0.00
17200458201581900,20191109,45.00,45.00,0,0,0.00,0.00,0.00,45.00,0.00
17200458201581900,20191110,45.00,45.00,0,0,0.00,0.00,0.00,45.00,0.00
17200458201581900,20191111,45.00,45.00,0,0,0.00,0.00,0.00,45.00,0.00
17200458201581900,20191112,45.00,45.00,0,0,0.00,0.00,0.00,45.00,0.00
17200458201581900,20191113,45.00,45.00,0,0,0.00,0.00,0.00,45.00,0.00
17200458201581900,20191116,45.00,45.00,0,0,0.00,0.00,0.00,45.00,0.00
17200458201581900,20191117,45.00,45.00,0,0,0.00,0.00,0.00,45.00,0.00
17200458201581900,20191118,45.00,45.00,0,0,0.00,0.00,0.00,45.00,0.00
17200458201581900,20191119,45.00,45.00,0,0,0.00,0.00,0.00,45.00,0.00
17200458201581900,20191120,45.00,45.00,0,0,0.00,0.00,0.00,45.00,0.00
17200458201581900,20191123,45.00,45.00,0,0,0.00,0.00,0.00,45.00,0.00
17200458201581900,20191124,45.00,45.00,0,0,0.00,0.00,0.00,45.00,0.00
17200458201581900,20191125,45.00,45.00,0,0,0.00,0.00,0.00,45.00,0.00
17200458201581900,20191126,45.00,45.00,0,0,0.00,0.00,0.00,45.00,0.00
17200458201581900,20191127,45.00,45.00,0,0,0.00,0.00,0.00,45.00,0.00
17200458201581900,20191130,45.00,45.00,0,0,0.00,0.00,0.00,45.00,0.00
17200458201581900,20191201,45.00,45.00,0,0,0.00,0.00,0.00,45.00,0.00
17200458201581900,20191202,45.00,45.00,0,0,0.00,0.00,0.00,45.00,0.00
17200458201581900,20191203,45.00,45.00,0,0,0.00,0.00,0.00,45.00,0.00
17200458201581900,20191204,45.00,45.00,0,0,0.00,0.00,0.00,45.00,0.00
17200458201581900,20191207,45.00,45.00,0,0,0.00,0.00,0.00,45.00,0.00
17200458201581900,20191208,45.00,45.00,0,0,0.00,0.00,0.00,45.00,0.00
17200458201581900,20191209,45.00,45.00,0,0,0.00,0.00,0.00,45.00,0.00
17200458201581900,20191210,45.00,45.00,0,0,0.00,0.00,0.00,45.00,0.00
17200458201581900,20191211,45.00,45.00,0,0,0.00,0.00,0.00,45.00,0.00
17200458201581900,20191214,45.00,45.00,0,0,0.00,0.00,0.00,45.00,0.00
17200458201581900,20191215,45.00,45.00,0,0,0.00,0.00,0.00,45.00,0.00
17200458201581900,20191216,45.00,45.00,0,0,0.00,0.00,0.00,45.00,0.00
17200458201581900,20191217,45.00,45.00,0,0,0.00,0.00,0.00,45.00,0.00
17200458201581900,20191218,45.00,45.00,0,0,0.00,0.00,0.00,45.00,0.00
17200458201581900,20191221,45.00,45.00,0,0,0.00,0.00,0.00,45.00,0.00
17200458201581900,20191222,45.00,45.00,0,0,0.00,0.00,0.00,45.00,0.00
17200458201581900,20191223,45.00,45.00,0,0,0.00,0.00,0.00,45.00,0.00
17200458201581900,20191224,45.00,45.00,0,0,0.00,0.00,0.00,45.00,0.00
17200458201581900,20191225,45.00,45.00,0,0,0.00,0.00,0.00,45.00,0.00
17200458201581900,20191228,45.00,45.00,0,0,0.00,0.00,0.00,45.00,0.00
17200458201581900,20191229,45.00,45.00,0,0,0.00,0.00,0.00,45.00,0.00
17200458201581900,20191230,45.00,45.00,0,0,0.00,0.00,0.00,45.00,0.00
17200458201581900,20191231,45.00,45.00,0,0,0.00,0.00,0.00,45.00,0.00
17200458201581900,20200101,45.00,45.00,0,0,0.00,0.00,0.00,45.00,0.00
17200458201581900,20200104,45.00,45.00,0,0,0.00,0.00,0.00,45.00,0.00
17200458201581900,20200105,45.00,45.00,0,0,0.00,0.00,0.00,45.00,0.00
17200458201581900,20200107,45.00,45.00,0,0,0.00,0.00,0.00,45.00,0.00
17200458201581900,20200108,45.00,45.00,0,0,0.00,0.00,0.00,45.00,0.00
17200458201581900,20200111,45.00,45.00,0,0,0.00,0.00,0.00,45.00,0.00
17200458201581900,20200112,45.00,45.00,0,0,0.00,0.00,0.00,45.00,0.00
17200458201581900,20200113,45.00,45.00,0,0,0.00,0.00,0.00,45.00,0.00
17200458201581900,20200114,45.00,45.00,0,0,0.00,0.00,0.00,45.00,0.00
17200458201581900,20200115,45.00,45.00,0,0,0.00,0.00,0.00,45.00,0.00
17200458201581900,20200118,45.00,45.00,0,0,0.00,0.00,0.00,45.00,0.00
17200458201581900,20200119,45.00,45.00,0,0,0.00,0.00,0.00,45.00,0.00
17200458201581900,20200120,45.00,45.00,0,0,0.00,0.00,0.00,45.00,0.00
17200458201581900,20200121,45.00,45.00,0,0,0.00,0.00,0.00,45.00,0.00
17200458201581900,20200122,45.00,45.00,0,0,0.00,0.00,0.00,45.00,0.00
17200458201581900,20200125,45.00,45.00,0,0,0.00,0.00,0.00,45.00,0.00
17200458201581900,20200126,45.00,45.00,0,0,0.00,0.00,0.00,45.00,0.00
17200458201581900,20200127,45.00,45.00,0,0,0.00,0.00,0.00,45.00,0.00
17200458201581900,20200128,45.00,45.00,0,0,0.00,0.00,0.00,45.00,0.00
17200458201581900,20200201,45.00,45.00,0,0,0.00,0.00,0.00,45.00,0.00
17200458201581900,20200202,45.00,45.00,0,0,0.00,0.00,0.00,45.00,0.00
17200458201581900,20200203,45.00,45.00,0,0,0.00,0.00,0.00,45.00,0.00
17200458201581900,20200204,45.00,45.00,0,0,0.00,0.00,0.00,45.00,0.00
17200458201581900,20200205,45.00,45.00,0,0,0.00,0.00,0.00,45.00,0.00
17200458201581900,20200208,45.00,45.00,0,0,0.00,0.00,0.00,45.00,0.00
17200458201581900,20200209,45.00,45.00,0,0,0.00,0.00,0.00,45.00,0.00
17200458201581900,20200210,45.00,45.00,0,0,0.00,0.00,0.00,45.00,0.00
17200458201581900,20200212,45.00,45.00,0,0,0.00,0.00,0.00,45.00,0.00
17200458201581900,20200215,45.00,45.00,0,0,0.00,0.00,0.00,45.00,0.00
17200458201581900,20200216,45.00,45.00,0,0,0.00,0.00,0.00,45.00,0.00
17200458201581900,20200217,45.00,45.00,0,0,0.00,0.00,0.00,45.00,0.00
17200458201581900,20200218,45.00,45.00,0,0,0.00,0.00,0.00,45.00,0.00
17200458201581900,20200219,45.00,45.00,0,0,0.00,0.00,0.00,45.00,0.00
17200458201581900,20200222,45.00,45.00,0,0,0.00,0.00,0.00,45.00,0.00
17200458201581900,20200223,45.00,45.00,0,0,0.00,0.00,0.00,45.00,0.00
17200458201581900,20200224,45.00,45.00,0,0,0.00,0.00,0.00,45.00,0.00
17200458201581900,20200225,45.00,45.00,0,0,0.00,0.00,0.00,45.00,0.00
17200458201581900,20200226,45.00,45.00,0,0,0.00,0.00,0.00,45.00,0.00
17200458201581900,20200229,45.00,45.00,0,0,0.00,0.00,0.00,45.00,0.00
17200458201581900,20200301,45.00,45.00,0,0,0.00,0.00,0.00,45.00,0.00
17200458201581900,20200302,45.00,45.00,0,0,0.00,0.00,0.00,45.00,0.00
17200458201581900,20200303,45.00,45.00,0,0,0.00,0.00,0.00,45.00,0.00
17200458201581900,20200304,45.00,45.00,0,0,0.00,0.00,0.00,45.00,0.00
17200458201581900,20200307,45.00,45.00,0,0,0.00,0.00,0.00,45.00,0.00
17200458201581900,20200309,45.00,45.00,0,0,0.00,0.00,0.00,45.00,0.00
17200458201581900,20200310,45.00,45.00,0,0,0.00,0.00,0.00,45.00,0.00
17200458201581900,20200311,45.00,45.00,0,0,0.00,0.00,0.00,45.00,0.00
17200458201581900,20200314,45.00,45.00,0,0,0.00,0.00,0.00,45.00,0.00
17200458201581900,20200315,45.00,45.00,0,0,0.00,0.00,0.00,45.00,0.00
17200458201581900,20200316,45.00,45.00,0,0,0.00,0.00,0.00,45.00,0.00
17200458201581900,20200317,45.00,45.00,0,0,0.00,0.00,0.00,45.00,0.00
17200458201581900,20200318,45.00,45.00,0,0,0.00,0.00,0.00,45.00,0.00
17200458201581900,20200324,45.00,45.00,0,0,0.00,0.00,0.00,45.00,0.00
17200458201581900,20200325,45.00,45.00,0,0,0.00,0.00,0.00,45.00,0.00
17200458201581900,20200328,45.00,45.00,0,0,0.00,0.00,0.00,45.00,0.00
17200458201581900,20200329,45.00,45.00,0,0,0.00,0.00,0.00,45.00,0.00
17200458201581900,20200330,45.00,45.00,0,0,0.00,0.00,0.00,45.00,0.00
17200458201581900,20200404,45.00,45.00,0,0,0.00,0.00,0.00,45.00,0.00
17200458201581900,20200405,45.00,45.00,0,0,0.00,0.00,0.00,45.00,0.00
17200458201581900,20200406,45.00,45.00,0,0,0.00,0.00,0.00,45.00,0.00
17200458201581900,20200407,45.00,45.00,0,0,0.00,0.00,0.00,45.00,0.00
17200458201581900,20200408,45.00,45.00,0,0,0.00,0.00,0.00,45.00,0.00
17200458201581900,20200411,45.00,45.00,0,0,0.00,0.00,0.00,45.00,0.00
17200458201581900,20200412,45.00,45.00,0,0,0.00,0.00,0.00,45.00,0.00
17200458201581900,20200413,45.00,45.00,0,0,0.00,0.00,0.00,45.00,0.00
17200458201581900,20200414,45.00,45.00,0,0,0.00,0.00,0.00,45.00,0.00
17200458201581900,20200415,45.00,45.00,0,0,0.00,0.00,0.00,45.00,0.00
17200458201581900,20200418,45.00,45.00,0,0,0.00,0.00,0.00,45.00,0.00
17200458201581900,20200419,45.00,45.00,0,0,0.00,0.00,0.00,45.00,0.00
17200458201581900,20200420,45.00,45.00,0,0,0.00,0.00,0.00,45.00,0.00
17200458201581900,20200421,45.00,45.00,0,0,0.00,0.00,0.00,45.00,0.00
17200458201581900,20200422,45.00,45.00,0,0,0.00,0.00,0.00,45.00,0.00
17200458201581900,20200425,45.00,45.00,0,0,0.00,0.00,0.00,45.00,0.00
17200458201581900,20200426,45.00,45.00,0,0,0.00,0.00,0.00,45.00,0.00
17200458201581900,20200427,45.00,45.00,0,0,0.00,0.00,0.00,45.00,0.00
17200458201581900,20200428,45.00,45.00,0,0,0.00,0.00,0.00,45.00,0.00
17200458201581900,20200429,45.00,45.00,0,0,0.00,0.00,0.00,45.00,0.00
17200458201581900,20200502,45.00,45.00,0,0,0.00,0.00,0.00,45.00,0.00
17200458201581900,20200503,45.00,45.00,0,0,0.00,0.00,0.00,45.00,0.00
17200458201581900,20200504,45.00,45.00,0,0,0.00,0.00,0.00,45.00,0.00
17200458201581900,20200505,45.00,45.00,0,0,0.00,0.00,0.00,45.00,0.00
17200458201581900,20200506,45.00,45.00,0,0,0.00,0.00,0.00,45.00,0.00
17200458201581900,20200509,45.00,45.00,0,0,0.00,0.00,0.00,45.00,0.00
17200458201581900,20200510,45.00,45.00,0,0,0.00,0.00,0.00,45.00,0.00
17200458201581900,20200511,45.00,45.00,0,0,0.00,0.00,0.00,45.00,0.00
17200458201581900,20200512,45.00,45.00,0,0,0.00,0.00,0.00,45.00,0.00
17200458201581900,20200513,45.00,45.00,0,0,0.00,0.00,0.00,45.00,0.00
17200458201581900,20200516,45.00,45.00,0,0,0.00,0.00,0.00,45.00,0.00
17200458201581900,20200517,45.00,45.00,0,0,0.00,0.00,0.00,45.00,0.00
17200458201581900,20200518,45.00,45.00,0,0,0.00,0.00,0.00,45.00,0.00
17200458201581900,20200519,45.00,45.00,0,0,0.00,0.00,0.00,45.00,0.00
17200458201581900,20200520,45.00,45.00,0,0,0.00,0.00,0.00,45.00,0.00
17200458201581900,20200523,45.00,45.00,0,0,0.00,0.00,0.00,45.00,0.00
17200458201581900,20200526,45.00,45.00,0,0,0.00,0.00,0.00,45.00,0.00
17200458201581900,20200527,45.00,45.00,0,0,0.00,0.00,0.00,45.00,0.00
17200458201581900,20200530,45.00,45.00,0,0,0.00,0.00,0.00,45.00,0.00
17200458201581900,20200531,45.00,45.00,0,0,0.00,0.00,0.00,45.00,0.00
17200458201581900,20200601,45.00,45.00,0,0,0.00,0.00,0.00,45.00,0.00
17200458201581900,20200602,45.00,45.00,0,0,0.00,0.00,0.00,45.00,0.00
17200458201581900,20200606,45.00,45.00,0,0,0.00,0.00,0.00,45.00,0.00
17200458201581900,20200607,45.00,45.00,0,0,0.00,0.00,0.00,45.00,0.00
17200458201581900,20200608,45.00,45.00,0,0,0.00,0.00,0.00,45.00,0.00
17200458201581900,20200609,45.00,45.00,0,0,0.00,0.00,0.00,45.00,0.00
17200458201581900,20200610,45.00,45.00,0,0,0.00,0.00,0.00,45.00,0.00
17200458201581900,20200613,45.00,45.00,0,0,0.00,0.00,0.00,45.00,0.00
17200458201581900,20200614,45.00,45.00,0,0,0.00,0.00,0.00,45.00,0.00
17200458201581900,20200615,45.00,45.00,0,0,0.00,0.00,0.00,45.00,0.00
17200458201581900,20200616,45.00,45.00,0,0,0.00,0.00,0.00,45.00,0.00
17200458201581900,20200620,45.00,45.00,0,0,0.00,0.00,0.00,45.00,0.00
17200458201581900,20200621,45.00,45.00,0,0,0.00,0.00,0.00,45.00,0.00
17200458201581900,20200622,45.00,45.00,0,0,0.00,0.00,0.00,45.00,0.00
17200458201581900,20200623,45.00,45.00,0,0,0.00,0.00,0.00,45.00,0.00
17200458201581900,20200624,45.00,45.00,0,0,0.00,0.00,0.00,45.00,0.00
17200458201581900,20200627,45.00,45.00,0,0,0.00,0.00,0.00,45.00,0.00
17200458201581900,20200628,45.00,45.00,0,0,0.00,0.00,0.00,45.00,0.00
17200458201581900,20200629,45.00,45.00,0,0,0.00,0.00,0.00,45.00,0.00
17200458201581900,20200630,45.00,45.00,0,0,0.00,0.00,0.00,45.00,0.00
17200458201581900,20200701,45.00,45.00,0,0,0.00,0.00,0.00,45.00,0.00
17200458201581900,20200704,8985.00,8985.00,33,207018,1860056730.00,8985.00,8985.00,45.00,8985.00
17200458201581900,20200705,8721.00,8716.00,1497,11964686,104339835734.00,8716.00,8980.00,8985.00,8716.00
17200458201581900,20200706,8618.00,8700.00,2815,14354035,123706323928.00,8460.00,8850.00,8721.00,8460.00
17200458201581900,20200707,8389.00,8360.00,856,4173558,35010112293.00,8360.00,8840.00,8618.00,8840.00
17200458201581900,20200708,8139.00,8138.00,537,2593994,21113312175.00,8138.00,8151.00,8389.00,8138.00
17200458201581900,20200711,7895.00,7895.00,605,2238396,17672136420.00,7895.00,7895.00,8139.00,7895.00
17200458201581900,20200712,7786.00,7820.00,2088,14239477,110864303138.00,7659.00,8120.00,7895.00,7660.00
17200458201581900,20200713,7587.00,7553.00,907,3509080,26623202081.00,7553.00,7920.00,7786.00,7659.00
17200458201581900,20200714,7800.00,7814.00,741,3549668,27687654496.00,7439.00,7814.00,7587.00,7439.00
17200458201581900,20200715,8021.00,8034.00,668,3348217,26857221576.00,7815.00,8034.00,7800.00,8034.00
17200458201581900,20200718,8261.00,8261.00,290,1213154,10021865194.00,8261.00,8261.00,8021.00,8261.00
17200458201581900,20200719,8479.00,8508.00,952,5783557,49041116870.00,8272.00,8508.00,8261.00,8508.00
17200458201581900,20200720,8307.00,8225.00,944,2911096,24181384924.00,8225.00,8670.00,8479.00,8670.00
17200458201581900,20200721,8058.00,8058.00,148,451192,3635705136.00,8058.00,8058.00,8307.00,8058.00
17200458201581900,20200722,7817.00,7817.00,217,1015529,7938390193.00,7817.00,7817.00,8058.00,7817.00
17200458201581900,20200725,7487.00,7430.00,1216,5927769,44379340026.00,7427.00,7817.00,7817.00,7427.00
17200458201581900,20200726,7331.00,7300.00,886,2946548,21599707306.00,7263.00,7700.00,7487.00,7700.00
17200458201581900,20200727,7291.00,7400.00,743,4274087,31163775397.00,7112.00,7550.00,7331.00,7140.00
17200458201581900,20200728,7509.00,7509.00,281,752690,5651949210.00,7509.00,7509.00,7291.00,7509.00
17200458201581900,20200729,7732.00,7734.00,398,1658848,12826435415.00,7510.00,7734.00,7509.00,7734.00
17200458201581900,20200801,7963.00,7963.00,434,6161028,49060077624.00,7860.00,7963.00,7732.00,7963.00
17200458201581900,20200802,8256.00,8130.00,834,5442005,44931049854.00,7980.00,8361.00,7963.00,8361.00
17200458201581900,20200803,8503.00,8503.00,393,2687582,22852509746.00,8503.00,8503.00,8256.00,8270.00
17200458201581900,20200804,8758.00,8758.00,197,720971,6314264018.00,8758.00,8758.00,8503.00,8758.00
17200458201581900,20200805,9020.00,9020.00,191,2573665,23214458300.00,9020.00,9020.00,8758.00,9020.00
17200458201581900,20200809,9471.00,9471.00,171,471143,4462195353.00,9471.00,9471.00,9020.00,9471.00
17200458201581900,20200810,9755.00,9755.00,160,936523,9135781865.00,9755.00,9755.00,9471.00,9755.00
17200458201581900,20200811,10030.00,9972.00,1115,13877943,139189273451.00,9471.00,10047.00,9755.00,10047.00
17200458201581900,20200812,10275.00,10001.00,879,7139881,73360060875.00,9780.00,10330.00,10030.00,10030.00
17200458201581900,20200815,9967.00,9967.00,61,430618,4291969606.00,9967.00,9967.00,10275.00,9967.00
17200458201581900,20200816,9668.00,9668.00,28,284137,2747036516.00,9668.00,9668.00,9967.00,9668.00
17200458201581900,20200817,9378.00,9378.00,28,187558,1758918924.00,9378.00,9378.00,9668.00,9378.00
17200458201581900,20200818,8924.00,8910.00,933,11521100,102814335076.00,8910.00,9350.00,9378.00,8910.00
17200458201581900,20200819,8657.00,8657.00,64,323684,2802132388.00,8657.00,8657.00,8924.00,8657.00
17200458201581900,20200822,8424.00,8398.00,96,785939,6620679089.00,8398.00,8657.00,8657.00,8398.00
17200458201581900,20200823,8172.00,8172.00,51,533901,4363038972.00,8172.00,8172.00,8424.00,8172.00
17200458201581900,20200824,7764.00,7764.00,43,286899,2227483836.00,7764.00,7764.00,8172.00,7764.00
17200458201581900,20200825,7824.00,7996.00,635,7095791,55518171439.00,7532.00,7996.00,7764.00,7532.00
17200458201581900,20200826,8043.00,8058.00,636,7250982,58322037363.00,7850.00,8058.00,7824.00,8058.00
17200458201581900,20200831,8028.00,7802.00,387,1983798,15926432479.00,7802.00,8284.00,8043.00,8283.00
17200458201581900,20200901,8028.00,7802.00,0,0,0.00,0.00,0.00,8028.00,0.00
17200458201581900,20200902,8028.00,7802.00,0,0,0.00,0.00,0.00,8028.00,0.00
17200458201581900,20200905,8028.00,7802.00,0,0,0.00,0.00,0.00,8028.00,0.00
17200458201581900,20200906,8028.00,7802.00,0,0,0.00,0.00,0.00,8028.00,0.00
17200458201581900,20200907,8028.00,7802.00,0,0,0.00,0.00,0.00,8028.00,0.00
17200458201581900,20200908,7788.00,7788.00,24,35337,275204556.00,7788.00,7788.00,8028.00,7788.00
17200458201581900,20200909,7555.00,7555.00,13,71120,537311600.00,7555.00,7555.00,7788.00,7555.00
17200458201581900,20200912,7402.00,7329.00,391,2703797,20013170005.00,7329.00,7781.00,7555.00,7329.00
17200458201581900,20200913,7180.00,7180.00,156,910922,6540785960.00,7180.00,7320.00,7402.00,7180.00
17200458201581900,20200914,7073.00,7091.00,316,2010401,14219140074.00,6965.00,7300.00,7180.00,6965.00
17200458201581900,20200915,7283.00,7285.00,238,1941151,14137826584.00,7002.00,7285.00,7073.00,7284.00
17200458201581900,20200916,7500.00,7501.00,322,4371270,32784565633.00,7285.00,7501.00,7283.00,7501.00
17200458201581900,20200919,7644.00,7725.00,586,4636166,35438475869.00,7275.00,7725.00,7500.00,7700.00
17200458201581900,20200920,7415.00,7415.00,281,1951409,14469997244.00,7415.00,7450.00,7644.00,7415.00
17200458201581900,20200921,7234.00,7193.00,325,1562815,11304736755.00,7193.00,7599.00,7415.00,7193.00
17200458201581900,20200922,7234.00,7193.00,0,0,0.00,0.00,0.00,7234.00,0.00
17200458201581900,20200923,7234.00,7193.00,0,0,0.00,0.00,0.00,7234.00,0.00
17200458201581900,20200926,7234.00,7193.00,0,0,0.00,0.00,0.00,7234.00,0.00
17200458201581900,20200927,7234.00,7193.00,0,0,0.00,0.00,0.00,7234.00,0.00
17200458201581900,20200928,7234.00,7193.00,0,0,0.00,0.00,0.00,7234.00,0.00
17200458201581900,20200929,7234.00,7193.00,0,0,0.00,0.00,0.00,7234.00,0.00
17200458201581900,20200930,7234.00,7193.00,0,0,0.00,0.00,0.00,7234.00,0.00
17200458201581900,20201003,7234.00,7193.00,0,0,0.00,0.00,0.00,7234.00,0.00
17200458201581900,20201004,7234.00,7193.00,0,0,0.00,0.00,0.00,7234.00,0.00
17200458201581900,20201005,7234.00,7193.00,0,0,0.00,0.00,0.00,7234.00,0.00
17200458201581900,20201006,7234.00,7193.00,0,0,0.00,0.00,0.00,7234.00,0.00
17200458201581900,20201007,7234.00,7193.00,0,0,0.00,0.00,0.00,7234.00,0.00
17200458201581900,20201010,7234.00,7193.00,0,0,0.00,0.00,0.00,7234.00,0.00
17200458201581900,20201011,7234.00,7193.00,0,0,0.00,0.00,0.00,7234.00,0.00
17200458201581900,20201012,7234.00,7193.00,0,0,0.00,0.00,0.00,7234.00,0.00
17200458201581900,20201013,7234.00,7193.00,0,0,0.00,0.00,0.00,7234.00,0.00
17200458201581900,20201014,7234.00,7193.00,0,0,0.00,0.00,0.00,7234.00,0.00
17200458201581900,20201018,7234.00,7193.00,0,0,0.00,0.00,0.00,7234.00,0.00
17200458201581900,20201019,7234.00,7193.00,0,0,0.00,0.00,0.00,7234.00,0.00
17200458201581900,20201020,7234.00,7193.00,0,0,0.00,0.00,0.00,7234.00,0.00
17200458201581900,20201021,7234.00,7193.00,0,0,0.00,0.00,0.00,7234.00,0.00
17200458201581900,20201024,7234.00,7193.00,0,0,0.00,0.00,0.00,7234.00,0.00
17200458201581900,20201026,7234.00,7193.00,0,0,0.00,0.00,0.00,7234.00,0.00
17200458201581900,20201027,7234.00,7193.00,0,0,0.00,0.00,0.00,7234.00,0.00
17200458201581900,20201028,7234.00,7193.00,0,0,0.00,0.00,0.00,7234.00,0.00
17200458201581900,20201031,7234.00,7193.00,0,0,0.00,0.00,0.00,7234.00,0.00
17200458201581900,20201101,7234.00,7193.00,0,0,0.00,0.00,0.00,7234.00,0.00
17200458201581900,20201102,7234.00,7193.00,0,0,0.00,0.00,0.00,7234.00,0.00
17200458201581900,20201104,7234.00,7193.00,0,0,0.00,0.00,0.00,7234.00,0.00
17200458201581900,20201107,7234.00,7193.00,0,0,0.00,0.00,0.00,7234.00,0.00
17200458201581900,20201108,7234.00,7193.00,0,0,0.00,0.00,0.00,7234.00,0.00
17200458201581900,20201109,7234.00,7193.00,0,0,0.00,0.00,0.00,7234.00,0.00
17200458201581900,20201110,7234.00,7193.00,0,0,0.00,0.00,0.00,7234.00,0.00
17200458201581900,20201111,7234.00,7193.00,0,0,0.00,0.00,0.00,7234.00,0.00
17200458201581900,20201114,7234.00,7193.00,0,0,0.00,0.00,0.00,7234.00,0.00
17200458201581900,20201115,7234.00,7193.00,0,0,0.00,0.00,0.00,7234.00,0.00
17200458201581900,20201116,7234.00,7193.00,0,0,0.00,0.00,0.00,7234.00,0.00
17200458201581900,20201117,7234.00,7193.00,0,0,0.00,0.00,0.00,7234.00,0.00
17200458201581900,20201118,7234.00,7193.00,0,0,0.00,0.00,0.00,7234.00,0.00
17200458201581900,20201121,7234.00,7193.00,0,0,0.00,0.00,0.00,7234.00,0.00
17200458201581900,20201122,7234.00,7193.00,0,0,0.00,0.00,0.00,7234.00,0.00
17200458201581900,20201123,7234.00,7193.00,0,0,0.00,0.00,0.00,7234.00,0.00
17200458201581900,20201124,7234.00,7193.00,0,0,0.00,0.00,0.00,7234.00,0.00
17200458201581900,20201125,7234.00,7193.00,0,0,0.00,0.00,0.00,7234.00,0.00
17200458201581900,20201128,7234.00,7193.00,0,0,0.00,0.00,0.00,7234.00,0.00
17200458201581900,20201129,7234.00,7193.00,0,0,0.00,0.00,0.00,7234.00,0.00
17200458201581900,20201130,7234.00,7193.00,0,0,0.00,0.00,0.00,7234.00,0.00
17200458201581900,20201201,7234.00,7193.00,0,0,0.00,0.00,0.00,7234.00,0.00
17200458201581900,20201202,7234.00,7193.00,0,0,0.00,0.00,0.00,7234.00,0.00
17200458201581900,20201205,7234.00,7193.00,0,0,0.00,0.00,0.00,7234.00,0.00
17200458201581900,20201206,7234.00,7193.00,0,0,0.00,0.00,0.00,7234.00,0.00
17200458201581900,20201207,7234.00,7193.00,0,0,0.00,0.00,0.00,7234.00,0.00
17200458201581900,20201208,7234.00,7193.00,0,0,0.00,0.00,0.00,7234.00,0.00
17200458201581900,20201209,7234.00,7193.00,0,0,0.00,0.00,0.00,7234.00,0.00
17200458201581900,20201212,7234.00,7193.00,0,0,0.00,0.00,0.00,7234.00,0.00
17200458201581900,20201213,7234.00,7193.00,0,0,0.00,0.00,0.00,7234.00,0.00
17200458201581900,20201214,7234.00,7193.00,0,0,0.00,0.00,0.00,7234.00,0.00
17200458201581900,20201215,7234.00,7193.00,0,0,0.00,0.00,0.00,7234.00,0.00
17200458201581900,20201216,7234.00,7193.00,0,0,0.00,0.00,0.00,7234.00,0.00
17200458201581900,20201219,7234.00,7193.00,0,0,0.00,0.00,0.00,7234.00,0.00
17200458201581900,20201220,7234.00,7193.00,0,0,0.00,0.00,0.00,7234.00,0.00
17200458201581900,20201221,7234.00,7193.00,0,0,0.00,0.00,0.00,7234.00,0.00
17200458201581900,20201222,7234.00,7193.00,0,0,0.00,0.00,0.00,7234.00,0.00
17200458201581900,20201223,7234.00,7193.00,0,0,0.00,0.00,0.00,7234.00,0.00
17200458201581900,20201226,7234.00,7193.00,0,0,0.00,0.00,0.00,7234.00,0.00
17200458201581900,20201227,7234.00,7193.00,0,0,0.00,0.00,0.00,7234.00,0.00
17200458201581900,20201228,7234.00,7193.00,0,0,0.00,0.00,0.00,7234.00,0.00
17200458201581900,20201229,7234.00,7193.00,0,0,0.00,0.00,0.00,7234.00,0.00
17200458201581900,20201230,7234.00,7193.00,0,0,0.00,0.00,0.00,7234.00,0.00
17200458201581900,20210102,7234.00,7193.00,0,0,0.00,0.00,0.00,7234.00,0.00
17200458201581900,20210103,7234.00,7193.00,0,0,0.00,0.00,0.00,7234.00,0.00
17200458201581900,20210104,7234.00,7193.00,0,0,0.00,0.00,0.00,7234.00,0.00
17200458201581900,20210105,7234.00,7193.00,0,0,0.00,0.00,0.00,7234.00,0.00
17200458201581900,20210106,7234.00,7193.00,0,0,0.00,0.00,0.00,7234.00,0.00
17200458201581900,20210109,7234.00,7193.00,0,0,0.00,0.00,0.00,7234.00,0.00
17200458201581900,20210110,7234.00,7193.00,0,0,0.00,0.00,0.00,7234.00,0.00
17200458201581900,20210111,7234.00,7193.00,0,0,0.00,0.00,0.00,7234.00,0.00
17200458201581900,20210112,7234.00,7193.00,0,0,0.00,0.00,0.00,7234.00,0.00
17200458201581900,20210113,7234.00,7193.00,0,0,0.00,0.00,0.00,7234.00,0.00
17200458201581900,20210116,7234.00,7193.00,0,0,0.00,0.00,0.00,7234.00,0.00
17200458201581900,20210118,7234.00,7193.00,0,0,0.00,0.00,0.00,7234.00,0.00
17200458201581900,20210119,7234.00,7193.00,0,0,0.00,0.00,0.00,7234.00,0.00
17200458201581900,20210120,7234.00,7193.00,0,0,0.00,0.00,0.00,7234.00,0.00
17200458201581900,20210123,7234.00,7193.00,0,0,0.00,0.00,0.00,7234.00,0.00
17200458201581900,20210124,7234.00,7193.00,0,0,0.00,0.00,0.00,7234.00,0.00
17200458201581900,20210125,7234.00,7193.00,0,0,0.00,0.00,0.00,7234.00,0.00
17200458201581900,20210126,7234.00,7193.00,0,0,0.00,0.00,0.00,7234.00,0.00
17200458201581900,20210127,7234.00,7193.00,0,0,0.00,0.00,0.00,7234.00,0.00
17200458201581900,20210130,7234.00,7193.00,0,0,0.00,0.00,0.00,7234.00,0.00
17200458201581900,20210131,7234.00,7193.00,0,0,0.00,0.00,0.00,7234.00,0.00
17200458201581900,20210201,7234.00,7193.00,0,0,0.00,0.00,0.00,7234.00,0.00
17200458201581900,20210202,7234.00,7193.00,0,0,0.00,0.00,0.00,7234.00,0.00
17200458201581900,20210203,7234.00,7193.00,0,0,0.00,0.00,0.00,7234.00,0.00
17200458201581900,20210206,7234.00,7193.00,0,0,0.00,0.00,0.00,7234.00,0.00
17200458201581900,20210207,7234.00,7193.00,0,0,0.00,0.00,0.00,7234.00,0.00
17200458201581900,20210208,7234.00,7193.00,0,0,0.00,0.00,0.00,7234.00,0.00
17200458201581900,20210209,7234.00,7193.00,0,0,0.00,0.00,0.00,7234.00,0.00
17200458201581900,20210213,7234.00,7193.00,0,0,0.00,0.00,0.00,7234.00,0.00
17200458201581900,20210214,7234.00,7193.00,0,0,0.00,0.00,0.00,7234.00,0.00
17200458201581900,20210215,7234.00,7193.00,0,0,0.00,0.00,0.00,7234.00,0.00
17200458201581900,20210216,7234.00,7193.00,0,0,0.00,0.00,0.00,7234.00,0.00
17200458201581900,20210217,7234.00,7193.00,0,0,0.00,0.00,0.00,7234.00,0.00
17200458201581900,20210220,7234.00,7193.00,0,0,0.00,0.00,0.00,7234.00,0.00
17200458201581900,20210221,7234.00,7193.00,0,0,0.00,0.00,0.00,7234.00,0.00
17200458201581900,20210222,7234.00,7193.00,0,0,0.00,0.00,0.00,7234.00,0.00
17200458201581900,20210223,7234.00,7193.00,0,0,0.00,0.00,0.00,7234.00,0.00
17200458201581900,20210224,7234.00,7193.00,0,0,0.00,0.00,0.00,7234.00,0.00
17200458201581900,20210227,7234.00,7193.00,0,0,0.00,0.00,0.00,7234.00,0.00
17200458201581900,20210228,7234.00,7193.00,0,0,0.00,0.00,0.00,7234.00,0.00
17200458201581900,20210301,7234.00,7193.00,0,0,0.00,0.00,0.00,7234.00,0.00
17200458201581900,20210302,7234.00,7193.00,0,0,0.00,0.00,0.00,7234.00,0.00
17200458201581900,20210303,7234.00,7193.00,0,0,0.00,0.00,0.00,7234.00,0.00
17200458201581900,20210306,7234.00,7193.00,0,0,0.00,0.00,0.00,7234.00,0.00
17200458201581900,20210307,7234.00,7193.00,0,0,0.00,0.00,0.00,7234.00,0.00
17200458201581900,20210308,7234.00,7193.00,0,0,0.00,0.00,0.00,7234.00,9488.00
17200458201581900,20210309,8500.00,8500.00,4,68212,579802000.00,8500.00,8500.00,7234.00,8500.00
17200458201581900,20210310,8500.00,8500.00,0,0,0.00,0.00,0.00,8500.00,8300.00
17200458201581900,20210313,8815.00,8400.00,4,4320,38079000.00,8400.00,9010.00,8500.00,9010.00
17200458201581900,20210314,8472.00,8463.00,2,2047,17341560.00,8463.00,8480.00,8815.00,8480.00
17200458201581900,20210315,8500.00,8500.00,2,11400,96900000.00,8500.00,8500.00,8472.00,8500.00
17200458201581900,20210316,8832.00,8800.00,79,3584171,31656460300.00,8500.00,9000.00,8500.00,8500.00
17200458201581900,20210317,8920.00,8920.00,273,38300427,341647532040.00,8920.00,10300.00,8832.00,10300.00
17200458201581900,20210327,8920.00,8920.00,0,0,0.00,0.00,0.00,8920.00,0.00
17200458201581900,20210328,8920.00,8920.00,0,0,0.00,0.00,0.00,8920.00,0.00
17200458201581900,20210330,8920.00,8920.00,0,0,0.00,0.00,0.00,8920.00,0.00
17200458201581900,20210331,8920.00,8920.00,0,0,0.00,0.00,0.00,8920.00,0.00
17200458201581900,20210403,8920.00,8920.00,0,0,0.00,0.00,0.00,8920.00,0.00
17200458201581900,20210404,8920.00,8920.00,0,0,0.00,0.00,0.00,8920.00,0.00
17200458201581900,20210405,8920.00,8920.00,0,0,0.00,0.00,0.00,8920.00,0.00
17200458201581900,20210406,8920.00,8920.00,0,0,0.00,0.00,0.00,8920.00,0.00
17200458201581900,20210407,8920.00,8920.00,0,0,0.00,0.00,0.00,8920.00,0.00
17200458201581900,20210410,8920.00,8920.00,0,0,0.00,0.00,0.00,8920.00,0.00
17200458201581900,20210411,8920.00,8920.00,0,0,0.00,0.00,0.00,8920.00,0.00
17200458201581900,20210412,8920.00,8920.00,0,0,0.00,0.00,0.00,8920.00,0.00
17200458201581900,20210413,8920.00,8920.00,0,0,0.00,0.00,0.00,8920.00,0.00
17200458201581900,20210414,8920.00,8920.00,0,0,0.00,0.00,0.00,8920.00,0.00
17200458201581900,20210417,8920.00,8920.00,0,0,0.00,0.00,0.00,8920.00,0.00
17200458201581900,20210418,8920.00,8920.00,0,0,0.00,0.00,0.00,8920.00,0.00
17200458201581900,20210419,8920.00,8920.00,0,0,0.00,0.00,0.00,8920.00,0.00
