23049019886587905,20150315,1000.00,1000.00,0,0,0.00,0.00,0.00,1000.00,0.00
23049019886587905,20150316,1000.00,1000.00,0,0,0.00,0.00,0.00,1000.00,0.00
23049019886587905,20150317,1000.00,1000.00,0,0,0.00,0.00,0.00,1000.00,0.00
23049019886587905,20150318,1000.00,1000.00,0,0,0.00,0.00,0.00,1000.00,0.00
23049019886587905,20150325,1000.00,1000.00,0,0,0.00,0.00,0.00,1000.00,0.00
23049019886587905,20150328,1000.00,1000.00,0,0,0.00,0.00,0.00,1000.00,0.00
23049019886587905,20150329,1000.00,1000.00,0,0,0.00,0.00,0.00,1000.00,0.00
23049019886587905,20150330,1000.00,1000.00,0,0,0.00,0.00,0.00,1000.00,0.00
23049019886587905,20150331,1000.00,1000.00,0,0,0.00,0.00,0.00,1000.00,0.00
23049019886587905,20150404,1000.00,1000.00,0,0,0.00,0.00,0.00,1000.00,0.00
23049019886587905,20150405,1000.00,1000.00,0,0,0.00,0.00,0.00,1000.00,0.00
23049019886587905,20150406,1000.00,1000.00,0,0,0.00,0.00,0.00,1000.00,0.00
23049019886587905,20150407,1000.00,1000.00,0,0,0.00,0.00,0.00,1000.00,0.00
23049019886587905,20150408,1000.00,1000.00,0,0,0.00,0.00,0.00,1000.00,0.00
23049019886587905,20150411,1000.00,1000.00,0,0,0.00,0.00,0.00,1000.00,0.00
23049019886587905,20150412,1000.00,1000.00,0,0,0.00,0.00,0.00,1000.00,0.00
23049019886587905,20150413,1000.00,1000.00,0,0,0.00,0.00,0.00,1000.00,0.00
23049019886587905,20150414,1000.00,1000.00,0,0,0.00,0.00,0.00,1000.00,0.00
23049019886587905,20150415,1000.00,1000.00,0,0,0.00,0.00,0.00,1000.00,0.00
23049019886587905,20150418,1000.00,1000.00,0,0,0.00,0.00,0.00,1000.00,0.00
23049019886587905,20150419,1000.00,1000.00,0,0,0.00,0.00,0.00,1000.00,0.00
23049019886587905,20150420,1000.00,1000.00,0,0,0.00,0.00,0.00,1000.00,0.00
23049019886587905,20150421,1000.00,1000.00,0,0,0.00,0.00,0.00,1000.00,0.00
23049019886587905,20150422,1000.00,1000.00,0,0,0.00,0.00,0.00,1000.00,0.00
23049019886587905,20150425,1000.00,1000.00,0,0,0.00,0.00,0.00,1000.00,0.00
23049019886587905,20150426,1000.00,1000.00,0,0,0.00,0.00,0.00,1000.00,0.00
23049019886587905,20150427,1000.00,1000.00,0,0,0.00,0.00,0.00,1000.00,0.00
23049019886587905,20150428,1000.00,1000.00,0,0,0.00,0.00,0.00,1000.00,0.00
23049019886587905,20150429,1000.00,1000.00,0,0,0.00,0.00,0.00,1000.00,0.00
23049019886587905,20150503,1000.00,1000.00,0,0,0.00,0.00,0.00,1000.00,0.00
23049019886587905,20150504,1000.00,1000.00,0,0,0.00,0.00,0.00,1000.00,0.00
23049019886587905,20150505,1000.00,1000.00,0,0,0.00,0.00,0.00,1000.00,0.00
23049019886587905,20150506,1000.00,1000.00,0,0,0.00,0.00,0.00,1000.00,0.00
23049019886587905,20150509,1000.00,1000.00,0,0,0.00,0.00,0.00,1000.00,0.00
23049019886587905,20150510,1000.00,1000.00,0,0,0.00,0.00,0.00,1000.00,0.00
23049019886587905,20150511,1000.00,1000.00,0,0,0.00,0.00,0.00,1000.00,0.00
23049019886587905,20150512,1000.00,1000.00,0,0,0.00,0.00,0.00,1000.00,0.00
23049019886587905,20150513,1000.00,1000.00,0,0,0.00,0.00,0.00,1000.00,0.00
23049019886587905,20150517,1000.00,1000.00,0,0,0.00,0.00,0.00,1000.00,0.00
23049019886587905,20150518,1000.00,1000.00,0,0,0.00,0.00,0.00,1000.00,0.00
23049019886587905,20150519,1000.00,1000.00,0,0,0.00,0.00,0.00,1000.00,0.00
23049019886587905,20150520,1000.00,1000.00,0,0,0.00,0.00,0.00,1000.00,0.00
23049019886587905,20150523,1000.00,1000.00,0,0,0.00,0.00,0.00,1000.00,0.00
23049019886587905,20150524,1000.00,1000.00,0,0,0.00,0.00,0.00,1000.00,0.00
23049019886587905,20150525,1000.00,1000.00,0,0,0.00,0.00,0.00,1000.00,0.00
23049019886587905,20150526,1000.00,1000.00,0,0,0.00,0.00,0.00,1000.00,0.00
23049019886587905,20150527,1000.00,1000.00,0,0,0.00,0.00,0.00,1000.00,0.00
23049019886587905,20150530,1000.00,1000.00,0,0,0.00,0.00,0.00,1000.00,0.00
23049019886587905,20150531,1000.00,1000.00,0,0,0.00,0.00,0.00,1000.00,0.00
23049019886587905,20150601,1000.00,1000.00,0,0,0.00,0.00,0.00,1000.00,0.00
23049019886587905,20150602,1000.00,1000.00,0,0,0.00,0.00,0.00,1000.00,0.00
23049019886587905,20150606,1000.00,1000.00,0,0,0.00,0.00,0.00,1000.00,0.00
23049019886587905,20150607,1000.00,1000.00,0,0,0.00,0.00,0.00,1000.00,0.00
23049019886587905,20150608,1000.00,1000.00,0,0,0.00,0.00,0.00,1000.00,0.00
23049019886587905,20150609,1000.00,1000.00,0,0,0.00,0.00,0.00,1000.00,0.00
23049019886587905,20150610,1000.00,1000.00,0,0,0.00,0.00,0.00,1000.00,0.00
23049019886587905,20150613,1000.00,1000.00,0,0,0.00,0.00,0.00,1000.00,0.00
23049019886587905,20150614,1000.00,1000.00,0,0,0.00,0.00,0.00,1000.00,0.00
23049019886587905,20150615,1000.00,1000.00,0,0,0.00,0.00,0.00,1000.00,0.00
23049019886587905,20150616,1000.00,1000.00,0,0,0.00,0.00,0.00,1000.00,0.00
23049019886587905,20150617,1000.00,1000.00,0,0,0.00,0.00,0.00,1000.00,0.00
23049019886587905,20150620,1000.00,1000.00,0,0,0.00,0.00,0.00,1000.00,0.00
23049019886587905,20150621,1000.00,1000.00,0,0,0.00,0.00,0.00,1000.00,0.00
23049019886587905,20150622,1000.00,1000.00,0,0,0.00,0.00,0.00,1000.00,0.00
23049019886587905,20150623,1000.00,1000.00,0,0,0.00,0.00,0.00,1000.00,0.00
23049019886587905,20150624,1000.00,1000.00,0,0,0.00,0.00,0.00,1000.00,0.00
23049019886587905,20150627,1000.00,1000.00,0,0,0.00,0.00,0.00,1000.00,0.00
23049019886587905,20150628,1000.00,1000.00,0,0,0.00,0.00,0.00,1000.00,0.00
23049019886587905,20150629,1000.00,1000.00,0,0,0.00,0.00,0.00,1000.00,0.00
23049019886587905,20150630,1000.00,1000.00,0,0,0.00,0.00,0.00,1000.00,0.00
23049019886587905,20150701,1000.00,1000.00,0,0,0.00,0.00,0.00,1000.00,0.00
23049019886587905,20150704,1000.00,1000.00,0,0,0.00,0.00,0.00,1000.00,0.00
23049019886587905,20150705,1000.00,1000.00,0,0,0.00,0.00,0.00,1000.00,0.00
23049019886587905,20150706,1000.00,1000.00,0,0,0.00,0.00,0.00,1000.00,0.00
23049019886587905,20150707,1000.00,1000.00,0,0,0.00,0.00,0.00,1000.00,0.00
23049019886587905,20150711,1000.00,1000.00,0,0,0.00,0.00,0.00,1000.00,0.00
23049019886587905,20150712,1000.00,1000.00,0,0,0.00,0.00,0.00,1000.00,0.00
23049019886587905,20150713,1000.00,1000.00,0,0,0.00,0.00,0.00,1000.00,0.00
23049019886587905,20150714,1000.00,1000.00,0,0,0.00,0.00,0.00,1000.00,0.00
23049019886587905,20150715,1000.00,1000.00,0,0,0.00,0.00,0.00,1000.00,0.00
23049019886587905,20150719,1000.00,1000.00,0,0,0.00,0.00,0.00,1000.00,0.00
23049019886587905,20150720,1000.00,1000.00,0,0,0.00,0.00,0.00,1000.00,0.00
23049019886587905,20150721,1000.00,1000.00,0,0,0.00,0.00,0.00,1000.00,0.00
23049019886587905,20150722,1000.00,1000.00,0,0,0.00,0.00,0.00,1000.00,0.00
23049019886587905,20150725,1000.00,1000.00,0,0,0.00,0.00,0.00,1000.00,0.00
23049019886587905,20150726,1000.00,1000.00,0,0,0.00,0.00,0.00,1000.00,0.00
23049019886587905,20150727,1000.00,1000.00,0,0,0.00,0.00,0.00,1000.00,0.00
23049019886587905,20150728,1000.00,1000.00,0,0,0.00,0.00,0.00,1000.00,0.00
23049019886587905,20150729,1000.00,1000.00,0,0,0.00,0.00,0.00,1000.00,0.00
23049019886587905,20150801,1000.00,1000.00,0,0,0.00,0.00,0.00,1000.00,0.00
23049019886587905,20150802,1000.00,1000.00,0,0,0.00,0.00,0.00,1000.00,0.00
23049019886587905,20150803,1000.00,1000.00,0,0,0.00,0.00,0.00,1000.00,0.00
23049019886587905,20150804,1000.00,1000.00,0,0,0.00,0.00,0.00,1000.00,0.00
23049019886587905,20150805,1000.00,1000.00,0,0,0.00,0.00,0.00,1000.00,0.00
23049019886587905,20150808,1000.00,1000.00,0,0,0.00,0.00,0.00,1000.00,0.00
23049019886587905,20150809,1000.00,1000.00,0,0,0.00,0.00,0.00,1000.00,0.00
23049019886587905,20150810,1000.00,1000.00,0,0,0.00,0.00,0.00,1000.00,0.00
23049019886587905,20150812,1000.00,1000.00,0,0,0.00,0.00,0.00,1000.00,0.00
23049019886587905,20150815,1000.00,1000.00,0,0,0.00,0.00,0.00,1000.00,0.00
23049019886587905,20150816,1000.00,1000.00,0,0,0.00,0.00,0.00,1000.00,0.00
23049019886587905,20150817,1000.00,1000.00,0,0,0.00,0.00,0.00,1000.00,0.00
23049019886587905,20150818,1000.00,1000.00,0,0,0.00,0.00,0.00,1000.00,0.00
23049019886587905,20150819,1000.00,1000.00,0,0,0.00,0.00,0.00,1000.00,0.00
23049019886587905,20150822,1000.00,1000.00,0,0,0.00,0.00,0.00,1000.00,0.00
23049019886587905,20150823,1000.00,1000.00,0,0,0.00,0.00,0.00,1000.00,0.00
23049019886587905,20150824,1000.00,1000.00,0,0,0.00,0.00,0.00,1000.00,0.00
23049019886587905,20150825,1000.00,1000.00,0,0,0.00,0.00,0.00,1000.00,0.00
23049019886587905,20150826,1000.00,1000.00,0,0,0.00,0.00,0.00,1000.00,0.00
23049019886587905,20150829,1000.00,1000.00,0,0,0.00,0.00,0.00,1000.00,0.00
23049019886587905,20150830,1000.00,1000.00,0,0,0.00,0.00,0.00,1000.00,0.00
23049019886587905,20150831,1000.00,1000.00,0,0,0.00,0.00,0.00,1000.00,0.00
23049019886587905,20150901,1000.00,1000.00,0,0,0.00,0.00,0.00,1000.00,0.00
23049019886587905,20150902,1000.00,1000.00,0,0,0.00,0.00,0.00,1000.00,0.00
23049019886587905,20150905,1000.00,1000.00,0,0,0.00,0.00,0.00,1000.00,0.00
23049019886587905,20150906,1000.00,1000.00,0,0,0.00,0.00,0.00,1000.00,0.00
23049019886587905,20150907,1000.00,1000.00,0,0,0.00,0.00,0.00,1000.00,0.00
23049019886587905,20150908,1000.00,1000.00,0,0,0.00,0.00,0.00,1000.00,0.00
23049019886587905,20150909,1000.00,1000.00,0,0,0.00,0.00,0.00,1000.00,0.00
23049019886587905,20150912,1000.00,1000.00,0,0,0.00,0.00,0.00,1000.00,0.00
23049019886587905,20150913,1000.00,1000.00,0,0,0.00,0.00,0.00,1000.00,0.00
23049019886587905,20150914,1000.00,1000.00,0,0,0.00,0.00,0.00,1000.00,0.00
23049019886587905,20150915,1000.00,1000.00,0,0,0.00,0.00,0.00,1000.00,0.00
23049019886587905,20150916,1000.00,1000.00,0,0,0.00,0.00,0.00,1000.00,0.00
23049019886587905,20150919,1000.00,1000.00,0,0,0.00,0.00,0.00,1000.00,0.00
23049019886587905,20150920,1000.00,1000.00,0,0,0.00,0.00,0.00,1000.00,0.00
23049019886587905,20150921,1000.00,1000.00,0,0,0.00,0.00,0.00,1000.00,0.00
23049019886587905,20150922,1000.00,1000.00,0,0,0.00,0.00,0.00,1000.00,0.00
23049019886587905,20150923,1000.00,1000.00,0,0,0.00,0.00,0.00,1000.00,0.00
23049019886587905,20150926,1000.00,1000.00,0,0,0.00,0.00,0.00,1000.00,0.00
23049019886587905,20150927,1000.00,1000.00,0,0,0.00,0.00,0.00,1000.00,0.00
23049019886587905,20150928,1000.00,1000.00,0,0,0.00,0.00,0.00,1000.00,0.00
23049019886587905,20150929,1000.00,1000.00,0,0,0.00,0.00,0.00,1000.00,0.00
23049019886587905,20150930,1000.00,1000.00,0,0,0.00,0.00,0.00,1000.00,0.00
23049019886587905,20151003,1000.00,1000.00,0,0,0.00,0.00,0.00,1000.00,0.00
23049019886587905,20151004,1000.00,1000.00,0,0,0.00,0.00,0.00,1000.00,0.00
23049019886587905,20151005,1000.00,1000.00,0,0,0.00,0.00,0.00,1000.00,0.00
23049019886587905,20151006,1000.00,1000.00,0,0,0.00,0.00,0.00,1000.00,0.00
23049019886587905,20151007,1000.00,1000.00,0,0,0.00,0.00,0.00,1000.00,0.00
23049019886587905,20151010,1000.00,1000.00,0,0,0.00,0.00,0.00,1000.00,0.00
23049019886587905,20151011,1000.00,1000.00,0,0,0.00,0.00,0.00,1000.00,0.00
23049019886587905,20151012,1000.00,1000.00,0,0,0.00,0.00,0.00,1000.00,0.00
23049019886587905,20151013,1000.00,1000.00,0,0,0.00,0.00,0.00,1000.00,0.00
23049019886587905,20151014,1000.00,1000.00,0,0,0.00,0.00,0.00,1000.00,0.00
23049019886587905,20151017,1000.00,1000.00,0,0,0.00,0.00,0.00,1000.00,0.00
23049019886587905,20151018,1000.00,1000.00,0,0,0.00,0.00,0.00,1000.00,0.00
23049019886587905,20151019,1000.00,1000.00,0,0,0.00,0.00,0.00,1000.00,0.00
23049019886587905,20151020,1000.00,1000.00,0,0,0.00,0.00,0.00,1000.00,0.00
23049019886587905,20151021,1000.00,1000.00,0,0,0.00,0.00,0.00,1000.00,0.00
23049019886587905,20151025,1000.00,1000.00,0,0,0.00,0.00,0.00,1000.00,0.00
23049019886587905,20151026,1000.00,1000.00,0,0,0.00,0.00,0.00,1000.00,0.00
23049019886587905,20151027,1000.00,1000.00,0,0,0.00,0.00,0.00,1000.00,0.00
23049019886587905,20151028,1000.00,1000.00,0,0,0.00,0.00,0.00,1000.00,0.00
23049019886587905,20151031,1000.00,1000.00,0,0,0.00,0.00,0.00,1000.00,0.00
23049019886587905,20151101,1000.00,1000.00,0,0,0.00,0.00,0.00,1000.00,0.00
23049019886587905,20151102,1000.00,1000.00,0,0,0.00,0.00,0.00,1000.00,0.00
23049019886587905,20151103,1000.00,1000.00,0,0,0.00,0.00,0.00,1000.00,0.00
23049019886587905,20151104,1000.00,1000.00,0,0,0.00,0.00,0.00,1000.00,0.00
23049019886587905,20151107,1000.00,1000.00,0,0,0.00,0.00,0.00,1000.00,0.00
23049019886587905,20151108,1000.00,1000.00,0,0,0.00,0.00,0.00,1000.00,0.00
23049019886587905,20151109,1000.00,1000.00,0,0,0.00,0.00,0.00,1000.00,0.00
23049019886587905,20151110,1000.00,1000.00,0,0,0.00,0.00,0.00,1000.00,0.00
23049019886587905,20151111,1000.00,1000.00,0,0,0.00,0.00,0.00,1000.00,0.00
23049019886587905,20151114,1000.00,1000.00,0,0,0.00,0.00,0.00,1000.00,0.00
23049019886587905,20151115,1000.00,1000.00,0,0,0.00,0.00,0.00,1000.00,0.00
23049019886587905,20151116,1000.00,1000.00,0,0,0.00,0.00,0.00,1000.00,0.00
23049019886587905,20151117,1000.00,1000.00,0,0,0.00,0.00,0.00,1000.00,0.00
23049019886587905,20151118,1000.00,1000.00,0,0,0.00,0.00,0.00,1000.00,0.00
23049019886587905,20151121,1000.00,1000.00,0,0,0.00,0.00,0.00,1000.00,0.00
23049019886587905,20151122,1000.00,1000.00,0,0,0.00,0.00,0.00,1000.00,0.00
23049019886587905,20151123,1000.00,1000.00,0,0,0.00,0.00,0.00,1000.00,0.00
23049019886587905,20151124,1000.00,1000.00,0,0,0.00,0.00,0.00,1000.00,0.00
23049019886587905,20151125,1000.00,1000.00,0,0,0.00,0.00,0.00,1000.00,0.00
23049019886587905,20151128,1000.00,1000.00,0,0,0.00,0.00,0.00,1000.00,0.00
23049019886587905,20151129,1000.00,1000.00,0,0,0.00,0.00,0.00,1000.00,0.00
23049019886587905,20151130,1000.00,1000.00,0,0,0.00,0.00,0.00,1000.00,0.00
23049019886587905,20151201,1000.00,1000.00,0,0,0.00,0.00,0.00,1000.00,0.00
23049019886587905,20151205,1000.00,1000.00,0,0,0.00,0.00,0.00,1000.00,0.00
23049019886587905,20151206,1000.00,1000.00,0,0,0.00,0.00,0.00,1000.00,0.00
23049019886587905,20151207,1000.00,1000.00,0,0,0.00,0.00,0.00,1000.00,0.00
23049019886587905,20151208,1000.00,1000.00,0,0,0.00,0.00,0.00,1000.00,0.00
23049019886587905,20151209,1000.00,1000.00,0,0,0.00,0.00,0.00,1000.00,0.00
23049019886587905,20151213,1000.00,1000.00,0,0,0.00,0.00,0.00,1000.00,0.00
23049019886587905,20151214,1000.00,1000.00,0,0,0.00,0.00,0.00,1000.00,0.00
23049019886587905,20151215,1000.00,1000.00,0,0,0.00,0.00,0.00,1000.00,0.00
23049019886587905,20151216,1000.00,1000.00,0,0,0.00,0.00,0.00,1000.00,0.00
23049019886587905,20151219,1000.00,1000.00,0,0,0.00,0.00,0.00,1000.00,0.00
23049019886587905,20151220,1000.00,1000.00,0,0,0.00,0.00,0.00,1000.00,0.00
23049019886587905,20151221,1000.00,1000.00,0,0,0.00,0.00,0.00,1000.00,0.00
23049019886587905,20151222,1000.00,1000.00,0,0,0.00,0.00,0.00,1000.00,0.00
23049019886587905,20151223,1000.00,1000.00,0,0,0.00,0.00,0.00,1000.00,0.00
23049019886587905,20151226,1000.00,1000.00,0,0,0.00,0.00,0.00,1000.00,0.00
23049019886587905,20151227,1000.00,1000.00,0,0,0.00,0.00,0.00,1000.00,0.00
23049019886587905,20151228,1000.00,1000.00,0,0,0.00,0.00,0.00,1000.00,0.00
23049019886587905,20151230,1000.00,1000.00,0,0,0.00,0.00,0.00,1000.00,0.00
23049019886587905,20160102,1000.00,1000.00,0,0,0.00,0.00,0.00,1000.00,0.00
23049019886587905,20160103,1000.00,1000.00,0,0,0.00,0.00,0.00,1000.00,0.00
23049019886587905,20160104,1000.00,1000.00,0,0,0.00,0.00,0.00,1000.00,0.00
23049019886587905,20160105,1000.00,1000.00,0,0,0.00,0.00,0.00,1000.00,0.00
23049019886587905,20160106,1000.00,1000.00,0,0,0.00,0.00,0.00,1000.00,0.00
23049019886587905,20160109,1000.00,1000.00,0,0,0.00,0.00,0.00,1000.00,0.00
23049019886587905,20160110,1000.00,1000.00,0,0,0.00,0.00,0.00,1000.00,0.00
23049019886587905,20160111,1000.00,1000.00,0,0,0.00,0.00,0.00,1000.00,0.00
23049019886587905,20160112,1000.00,1000.00,0,0,0.00,0.00,0.00,1000.00,0.00
23049019886587905,20160113,1000.00,1000.00,0,0,0.00,0.00,0.00,1000.00,0.00
23049019886587905,20160116,1000.00,1000.00,0,0,0.00,0.00,0.00,1000.00,0.00
23049019886587905,20160117,1000.00,1000.00,0,0,0.00,0.00,0.00,1000.00,0.00
23049019886587905,20160118,1000.00,1000.00,0,0,0.00,0.00,0.00,1000.00,0.00
23049019886587905,20160119,1000.00,1000.00,0,0,0.00,0.00,0.00,1000.00,0.00
23049019886587905,20160120,1000.00,1000.00,0,0,0.00,0.00,0.00,1000.00,0.00
23049019886587905,20160123,1000.00,1000.00,0,0,0.00,0.00,0.00,1000.00,0.00
23049019886587905,20160124,1000.00,1000.00,0,0,0.00,0.00,0.00,1000.00,0.00
23049019886587905,20160125,1000.00,1000.00,0,0,0.00,0.00,0.00,1000.00,0.00
23049019886587905,20160126,1000.00,1000.00,0,0,0.00,0.00,0.00,1000.00,0.00
23049019886587905,20160127,1000.00,1000.00,0,0,0.00,0.00,0.00,1000.00,0.00
23049019886587905,20160130,1000.00,1000.00,0,0,0.00,0.00,0.00,1000.00,0.00
23049019886587905,20160131,1000.00,1000.00,0,0,0.00,0.00,0.00,1000.00,0.00
23049019886587905,20160201,1000.00,1000.00,0,0,0.00,0.00,0.00,1000.00,0.00
23049019886587905,20160202,1000.00,1000.00,0,0,0.00,0.00,0.00,1000.00,0.00
23049019886587905,20160203,1000.00,1000.00,0,0,0.00,0.00,0.00,1000.00,0.00
23049019886587905,20160206,1000.00,1000.00,0,0,0.00,0.00,0.00,1000.00,0.00
23049019886587905,20160207,1000.00,1000.00,0,0,0.00,0.00,0.00,1000.00,0.00
23049019886587905,20160208,1000.00,1000.00,0,0,0.00,0.00,0.00,1000.00,0.00
23049019886587905,20160209,1000.00,1000.00,0,0,0.00,0.00,0.00,1000.00,0.00
23049019886587905,20160210,1000.00,1000.00,0,0,0.00,0.00,0.00,1000.00,0.00
23049019886587905,20160213,1000.00,1000.00,0,0,0.00,0.00,0.00,1000.00,0.00
23049019886587905,20160214,1000.00,1000.00,0,0,0.00,0.00,0.00,1000.00,0.00
23049019886587905,20160215,1000.00,1000.00,0,0,0.00,0.00,0.00,1000.00,0.00
23049019886587905,20160216,1000.00,1000.00,0,0,0.00,0.00,0.00,1000.00,0.00
23049019886587905,20160217,1000.00,1000.00,0,0,0.00,0.00,0.00,1000.00,0.00
23049019886587905,20160220,1000.00,1000.00,0,0,0.00,0.00,0.00,1000.00,0.00
23049019886587905,20160221,1000.00,1000.00,0,0,0.00,0.00,0.00,1000.00,0.00
23049019886587905,20160222,1000.00,1000.00,0,0,0.00,0.00,0.00,1000.00,0.00
23049019886587905,20160223,1000.00,1000.00,0,0,0.00,0.00,0.00,1000.00,0.00
23049019886587905,20160224,1000.00,1000.00,0,0,0.00,0.00,0.00,1000.00,0.00
23049019886587905,20160227,1000.00,1000.00,0,0,0.00,0.00,0.00,1000.00,0.00
23049019886587905,20160228,1000.00,1000.00,0,0,0.00,0.00,0.00,1000.00,0.00
23049019886587905,20160229,1000.00,1000.00,0,0,0.00,0.00,0.00,1000.00,0.00
23049019886587905,20160301,1000.00,1000.00,0,0,0.00,0.00,0.00,1000.00,0.00
23049019886587905,20160302,1000.00,1000.00,0,0,0.00,0.00,0.00,1000.00,0.00
23049019886587905,20160305,1000.00,1000.00,0,0,0.00,0.00,0.00,1000.00,0.00
23049019886587905,20160306,1000.00,1000.00,0,0,0.00,0.00,0.00,1000.00,0.00
23049019886587905,20160307,1000.00,1000.00,0,0,0.00,0.00,0.00,1000.00,0.00
23049019886587905,20160308,1000.00,1000.00,0,0,0.00,0.00,0.00,1000.00,0.00
23049019886587905,20160309,1000.00,1000.00,0,0,0.00,0.00,0.00,1000.00,0.00
23049019886587905,20160312,1000.00,1000.00,0,0,0.00,0.00,0.00,1000.00,0.00
23049019886587905,20160314,1000.00,1000.00,0,0,0.00,0.00,0.00,1000.00,0.00
23049019886587905,20160315,1000.00,1000.00,0,0,0.00,0.00,0.00,1000.00,0.00
23049019886587905,20160316,1000.00,1000.00,0,0,0.00,0.00,0.00,1000.00,0.00
23049019886587905,20160326,1000.00,1000.00,0,0,0.00,0.00,0.00,1000.00,0.00
23049019886587905,20160327,1000.00,1000.00,0,0,0.00,0.00,0.00,1000.00,0.00
23049019886587905,20160328,1000.00,1000.00,0,0,0.00,0.00,0.00,1000.00,0.00
23049019886587905,20160329,1000.00,1000.00,0,0,0.00,0.00,0.00,1000.00,0.00
23049019886587905,20160330,1000.00,1000.00,0,0,0.00,0.00,0.00,1000.00,0.00
23049019886587905,20160402,1000.00,1000.00,0,0,0.00,0.00,0.00,1000.00,0.00
23049019886587905,20160403,1000.00,1000.00,0,0,0.00,0.00,0.00,1000.00,0.00
23049019886587905,20160404,1000.00,1000.00,0,0,0.00,0.00,0.00,1000.00,0.00
23049019886587905,20160405,1000.00,1000.00,0,0,0.00,0.00,0.00,1000.00,0.00
23049019886587905,20160406,1000.00,1000.00,0,0,0.00,0.00,0.00,1000.00,0.00
23049019886587905,20160409,1000.00,1000.00,0,0,0.00,0.00,0.00,1000.00,0.00
23049019886587905,20160410,1000.00,1000.00,0,0,0.00,0.00,0.00,1000.00,0.00
23049019886587905,20160411,1000.00,1000.00,0,0,0.00,0.00,0.00,1000.00,0.00
23049019886587905,20160412,1000.00,1000.00,0,0,0.00,0.00,0.00,1000.00,0.00
23049019886587905,20160413,1000.00,1000.00,0,0,0.00,0.00,0.00,1000.00,0.00
23049019886587905,20160416,1000.00,1000.00,0,0,0.00,0.00,0.00,1000.00,0.00
23049019886587905,20160417,1000.00,1000.00,0,0,0.00,0.00,0.00,1000.00,0.00
23049019886587905,20160418,1000.00,1000.00,0,0,0.00,0.00,0.00,1000.00,0.00
23049019886587905,20160419,1000.00,1000.00,0,0,0.00,0.00,0.00,1000.00,0.00
23049019886587905,20160420,1000.00,1000.00,0,0,0.00,0.00,0.00,1000.00,0.00
23049019886587905,20160423,1000.00,1000.00,0,0,0.00,0.00,0.00,1000.00,0.00
23049019886587905,20160424,1000.00,1000.00,0,0,0.00,0.00,0.00,1000.00,0.00
23049019886587905,20160425,1000.00,1000.00,0,0,0.00,0.00,0.00,1000.00,0.00
23049019886587905,20160426,1000.00,1000.00,0,0,0.00,0.00,0.00,1000.00,0.00
23049019886587905,20160427,1000.00,1000.00,0,0,0.00,0.00,0.00,1000.00,0.00
23049019886587905,20160430,1000.00,1000.00,0,0,0.00,0.00,0.00,1000.00,0.00
23049019886587905,20160501,1000.00,1000.00,0,0,0.00,0.00,0.00,1000.00,0.00
23049019886587905,20160502,1000.00,1000.00,0,0,0.00,0.00,0.00,1000.00,0.00
23049019886587905,20160503,1000.00,1000.00,0,0,0.00,0.00,0.00,1000.00,0.00
23049019886587905,20160504,1000.00,1000.00,0,0,0.00,0.00,0.00,1000.00,0.00
23049019886587905,20160507,1000.00,1000.00,0,0,0.00,0.00,0.00,1000.00,0.00
23049019886587905,20160508,1000.00,1000.00,0,0,0.00,0.00,0.00,1000.00,0.00
23049019886587905,20160509,1000.00,1000.00,0,0,0.00,0.00,0.00,1000.00,0.00
23049019886587905,20160510,1000.00,1000.00,0,0,0.00,0.00,0.00,1000.00,0.00
23049019886587905,20160511,1000.00,1000.00,0,0,0.00,0.00,0.00,1000.00,0.00
23049019886587905,20160514,1000.00,1000.00,0,0,0.00,0.00,0.00,1000.00,0.00
23049019886587905,20160515,1000.00,1000.00,0,0,0.00,0.00,0.00,1000.00,0.00
23049019886587905,20160516,1000.00,1000.00,0,0,0.00,0.00,0.00,1000.00,0.00
23049019886587905,20160517,1000.00,1000.00,0,0,0.00,0.00,0.00,1000.00,0.00
23049019886587905,20160518,1000.00,1000.00,0,0,0.00,0.00,0.00,1000.00,0.00
23049019886587905,20160521,1000.00,1000.00,0,0,0.00,0.00,0.00,1000.00,0.00
23049019886587905,20160523,1000.00,1000.00,0,0,0.00,0.00,0.00,1000.00,0.00
23049019886587905,20160524,1000.00,1000.00,0,0,0.00,0.00,0.00,1000.00,0.00
23049019886587905,20160525,1000.00,1000.00,0,0,0.00,0.00,0.00,1000.00,0.00
23049019886587905,20160528,1000.00,1000.00,0,0,0.00,0.00,0.00,1000.00,0.00
23049019886587905,20160529,1000.00,1000.00,0,0,0.00,0.00,0.00,1000.00,0.00
23049019886587905,20160530,1000.00,1000.00,0,0,0.00,0.00,0.00,1000.00,0.00
23049019886587905,20160531,1000.00,1000.00,0,0,0.00,0.00,0.00,1000.00,0.00
23049019886587905,20160601,1000.00,1000.00,0,0,0.00,0.00,0.00,1000.00,0.00
23049019886587905,20160605,1000.00,1000.00,0,0,0.00,0.00,0.00,1000.00,0.00
23049019886587905,20160606,1000.00,1000.00,0,0,0.00,0.00,0.00,1000.00,0.00
23049019886587905,20160607,1000.00,1000.00,0,0,0.00,0.00,0.00,1000.00,0.00
23049019886587905,20160608,1000.00,1000.00,0,0,0.00,0.00,0.00,1000.00,0.00
23049019886587905,20160611,1000.00,1000.00,0,0,0.00,0.00,0.00,1000.00,0.00
23049019886587905,20160612,1000.00,1000.00,0,0,0.00,0.00,0.00,1000.00,0.00
23049019886587905,20160613,1000.00,1000.00,0,0,0.00,0.00,0.00,1000.00,0.00
23049019886587905,20160614,1000.00,1000.00,0,0,0.00,0.00,0.00,1000.00,0.00
23049019886587905,20160615,1000.00,1000.00,0,0,0.00,0.00,0.00,1000.00,0.00
23049019886587905,20160618,1000.00,1000.00,0,0,0.00,0.00,0.00,1000.00,0.00
23049019886587905,20160619,1000.00,1000.00,0,0,0.00,0.00,0.00,1000.00,0.00
23049019886587905,20160620,1000.00,1000.00,0,0,0.00,0.00,0.00,1000.00,0.00
23049019886587905,20160621,1000.00,1000.00,0,0,0.00,0.00,0.00,1000.00,0.00
23049019886587905,20160622,1000.00,1000.00,0,0,0.00,0.00,0.00,1000.00,0.00
23049019886587905,20160625,1000.00,1000.00,0,0,0.00,0.00,0.00,1000.00,0.00
23049019886587905,20160626,1000.00,1000.00,0,0,0.00,0.00,0.00,1000.00,0.00
23049019886587905,20160628,1000.00,1000.00,0,0,0.00,0.00,0.00,1000.00,0.00
23049019886587905,20160629,1000.00,1000.00,0,0,0.00,0.00,0.00,1000.00,0.00
23049019886587905,20160702,1000.00,1000.00,0,0,0.00,0.00,0.00,1000.00,0.00
23049019886587905,20160703,1000.00,1000.00,0,0,0.00,0.00,0.00,1000.00,0.00
23049019886587905,20160704,1000.00,1000.00,0,0,0.00,0.00,0.00,1000.00,0.00
23049019886587905,20160705,1000.00,1000.00,0,0,0.00,0.00,0.00,1000.00,0.00
23049019886587905,20160709,1000.00,1000.00,0,0,0.00,0.00,0.00,1000.00,0.00
23049019886587905,20160710,1000.00,1000.00,0,0,0.00,0.00,0.00,1000.00,0.00
23049019886587905,20160711,1000.00,1000.00,0,0,0.00,0.00,0.00,1000.00,0.00
23049019886587905,20160712,1000.00,1000.00,0,0,0.00,0.00,0.00,1000.00,0.00
23049019886587905,20160713,1000.00,1000.00,0,0,0.00,0.00,0.00,1000.00,0.00
23049019886587905,20160716,1000.00,1000.00,0,0,0.00,0.00,0.00,1000.00,0.00
23049019886587905,20160717,1000.00,1000.00,0,0,0.00,0.00,0.00,1000.00,0.00
23049019886587905,20160718,1000.00,1000.00,0,0,0.00,0.00,0.00,1000.00,0.00
23049019886587905,20160719,1000.00,1000.00,0,0,0.00,0.00,0.00,1000.00,0.00
23049019886587905,20160720,1000.00,1000.00,0,0,0.00,0.00,0.00,1000.00,0.00
23049019886587905,20160723,1000.00,1000.00,0,0,0.00,0.00,0.00,1000.00,0.00
23049019886587905,20160724,1000.00,1000.00,0,0,0.00,0.00,0.00,1000.00,0.00
23049019886587905,20160725,1000.00,1000.00,0,0,0.00,0.00,0.00,1000.00,0.00
23049019886587905,20160726,1000.00,1000.00,0,0,0.00,0.00,0.00,1000.00,0.00
23049019886587905,20160727,1000.00,1000.00,0,0,0.00,0.00,0.00,1000.00,0.00
23049019886587905,20160731,1000.00,1000.00,0,0,0.00,0.00,0.00,1000.00,0.00
23049019886587905,20160801,1000.00,1000.00,0,0,0.00,0.00,0.00,1000.00,0.00
23049019886587905,20160802,1000.00,1000.00,0,0,0.00,0.00,0.00,1000.00,0.00
23049019886587905,20160803,1000.00,1000.00,0,0,0.00,0.00,0.00,1000.00,0.00
23049019886587905,20160806,1000.00,1000.00,0,0,0.00,0.00,0.00,1000.00,0.00
23049019886587905,20160807,1000.00,1000.00,0,0,0.00,0.00,0.00,1000.00,0.00
23049019886587905,20160808,1000.00,1000.00,0,0,0.00,0.00,0.00,1000.00,0.00
23049019886587905,20160809,1000.00,1000.00,0,0,0.00,0.00,0.00,1000.00,0.00
23049019886587905,20160810,1000.00,1000.00,0,0,0.00,0.00,0.00,1000.00,0.00
23049019886587905,20160813,1000.00,1000.00,0,0,0.00,0.00,0.00,1000.00,0.00
23049019886587905,20160814,1000.00,1000.00,0,0,0.00,0.00,0.00,1000.00,0.00
23049019886587905,20160815,1000.00,1000.00,0,0,0.00,0.00,0.00,1000.00,0.00
23049019886587905,20160816,1000.00,1000.00,0,0,0.00,0.00,0.00,1000.00,0.00
23049019886587905,20160817,1000.00,1000.00,0,0,0.00,0.00,0.00,1000.00,0.00
23049019886587905,20160820,1000.00,1000.00,0,0,0.00,0.00,0.00,1000.00,0.00
23049019886587905,20160821,1000.00,1000.00,0,0,0.00,0.00,0.00,1000.00,0.00
23049019886587905,20160822,1000.00,1000.00,0,0,0.00,0.00,0.00,1000.00,0.00
23049019886587905,20160823,1000.00,1000.00,0,0,0.00,0.00,0.00,1000.00,0.00
23049019886587905,20160824,1000.00,1000.00,0,0,0.00,0.00,0.00,1000.00,0.00
23049019886587905,20160827,1000.00,1000.00,0,0,0.00,0.00,0.00,1000.00,0.00
23049019886587905,20160828,1000.00,1000.00,0,0,0.00,0.00,0.00,1000.00,0.00
23049019886587905,20160829,1000.00,1000.00,0,0,0.00,0.00,0.00,1000.00,0.00
23049019886587905,20160830,1000.00,1000.00,0,0,0.00,0.00,0.00,1000.00,0.00
23049019886587905,20160831,1000.00,1000.00,0,0,0.00,0.00,0.00,1000.00,0.00
23049019886587905,20160903,1000.00,1000.00,0,0,0.00,0.00,0.00,1000.00,0.00
23049019886587905,20160904,1000.00,1000.00,0,0,0.00,0.00,0.00,1000.00,0.00
23049019886587905,20160905,1000.00,1000.00,0,0,0.00,0.00,0.00,1000.00,0.00
23049019886587905,20160906,1000.00,1000.00,0,0,0.00,0.00,0.00,1000.00,0.00
23049019886587905,20160907,1000.00,1000.00,0,0,0.00,0.00,0.00,1000.00,0.00
23049019886587905,20160910,1000.00,1000.00,0,0,0.00,0.00,0.00,1000.00,0.00
23049019886587905,20160911,1000.00,1000.00,0,0,0.00,0.00,0.00,1000.00,0.00
23049019886587905,20160913,1000.00,1000.00,0,0,0.00,0.00,0.00,1000.00,0.00
23049019886587905,20160914,1000.00,1000.00,0,0,0.00,0.00,0.00,1000.00,0.00
23049019886587905,20160917,1000.00,1000.00,0,0,0.00,0.00,0.00,1000.00,0.00
23049019886587905,20160918,1000.00,1000.00,0,0,0.00,0.00,0.00,1000.00,0.00
23049019886587905,20160919,1000.00,1000.00,0,0,0.00,0.00,0.00,1000.00,0.00
23049019886587905,20160921,1000.00,1000.00,0,0,0.00,0.00,0.00,1000.00,0.00
23049019886587905,20160924,1000.00,1000.00,0,0,0.00,0.00,0.00,1000.00,0.00
23049019886587905,20160925,1000.00,1000.00,0,0,0.00,0.00,0.00,1000.00,0.00
23049019886587905,20160926,1000.00,1000.00,0,0,0.00,0.00,0.00,1000.00,0.00
23049019886587905,20160927,1000.00,1000.00,0,0,0.00,0.00,0.00,1000.00,0.00
23049019886587905,20160928,1000.00,1000.00,0,0,0.00,0.00,0.00,1000.00,0.00
23049019886587905,20161001,1000.00,1000.00,0,0,0.00,0.00,0.00,1000.00,0.00
23049019886587905,20161002,1000.00,1000.00,0,0,0.00,0.00,0.00,1000.00,0.00
23049019886587905,20161003,1000.00,1000.00,0,0,0.00,0.00,0.00,1000.00,0.00
23049019886587905,20161004,1000.00,1000.00,0,0,0.00,0.00,0.00,1000.00,0.00
23049019886587905,20161005,1000.00,1000.00,0,0,0.00,0.00,0.00,1000.00,0.00
23049019886587905,20161008,1000.00,1000.00,0,0,0.00,0.00,0.00,1000.00,0.00
23049019886587905,20161009,1000.00,1000.00,0,0,0.00,0.00,0.00,1000.00,0.00
23049019886587905,20161010,1000.00,1000.00,0,0,0.00,0.00,0.00,1000.00,0.00
23049019886587905,20161012,1000.00,1000.00,0,0,0.00,0.00,0.00,1000.00,0.00
23049019886587905,20161015,1000.00,1000.00,0,0,0.00,0.00,0.00,1000.00,0.00
23049019886587905,20161016,1000.00,1000.00,0,0,0.00,0.00,0.00,1000.00,0.00
23049019886587905,20161017,1000.00,1000.00,0,0,0.00,0.00,0.00,1000.00,0.00
23049019886587905,20161018,1000.00,1000.00,0,0,0.00,0.00,0.00,1000.00,0.00
23049019886587905,20161019,1000.00,1000.00,0,0,0.00,0.00,0.00,1000.00,0.00
23049019886587905,20161022,1000.00,1000.00,0,0,0.00,0.00,0.00,1000.00,0.00
23049019886587905,20161023,1000.00,1000.00,0,0,0.00,0.00,0.00,1000.00,0.00
23049019886587905,20161024,1000.00,1000.00,0,0,0.00,0.00,0.00,1000.00,0.00
23049019886587905,20161025,1000.00,1000.00,0,0,0.00,0.00,0.00,1000.00,0.00
23049019886587905,20161026,1000.00,1000.00,0,0,0.00,0.00,0.00,1000.00,0.00
23049019886587905,20161027,1000.00,1000.00,0,0,0.00,0.00,0.00,1000.00,0.00
23049019886587905,20161028,1000.00,1000.00,0,0,0.00,0.00,0.00,1000.00,0.00
23049019886587905,20161029,1000.00,1000.00,0,0,0.00,0.00,0.00,1000.00,0.00
23049019886587905,20161030,1000.00,1000.00,0,0,0.00,0.00,0.00,1000.00,0.00
23049019886587905,20161031,1000.00,1000.00,0,0,0.00,0.00,0.00,1000.00,0.00
23049019886587905,20161101,1000.00,1000.00,0,0,0.00,0.00,0.00,1000.00,0.00
23049019886587905,20161102,1000.00,1000.00,0,0,0.00,0.00,0.00,1000.00,0.00
23049019886587905,20161105,1000.00,1000.00,0,0,0.00,0.00,0.00,1000.00,0.00
23049019886587905,20161106,1000.00,1000.00,0,0,0.00,0.00,0.00,1000.00,0.00
23049019886587905,20161107,1000.00,1000.00,0,0,0.00,0.00,0.00,1000.00,0.00
23049019886587905,20161108,1000.00,1000.00,0,0,0.00,0.00,0.00,1000.00,0.00
23049019886587905,20161109,1000.00,1000.00,0,0,0.00,0.00,0.00,1000.00,0.00
23049019886587905,20161112,1000.00,1000.00,0,0,0.00,0.00,0.00,1000.00,0.00
23049019886587905,20161113,1000.00,1000.00,0,0,0.00,0.00,0.00,1000.00,0.00
23049019886587905,20161114,1000.00,1000.00,0,0,0.00,0.00,0.00,1000.00,0.00
23049019886587905,20161115,1000.00,1000.00,0,0,0.00,0.00,0.00,1000.00,0.00
23049019886587905,20161116,1000.00,1000.00,0,0,0.00,0.00,0.00,1000.00,0.00
23049019886587905,20161119,1000.00,1000.00,0,0,0.00,0.00,0.00,1000.00,0.00
23049019886587905,20161121,1000.00,1000.00,0,0,0.00,0.00,0.00,1000.00,0.00
23049019886587905,20161122,1000.00,1000.00,0,0,0.00,0.00,0.00,1000.00,0.00
23049019886587905,20161123,1000.00,1000.00,0,0,0.00,0.00,0.00,1000.00,0.00
23049019886587905,20161126,1000.00,1000.00,0,0,0.00,0.00,0.00,1000.00,0.00
23049019886587905,20161127,1000.00,1000.00,0,0,0.00,0.00,0.00,1000.00,0.00
23049019886587905,20161129,1000.00,1000.00,0,0,0.00,0.00,0.00,1000.00,0.00
23049019886587905,20161203,1000.00,1000.00,0,0,0.00,0.00,0.00,1000.00,0.00
23049019886587905,20161204,1000.00,1000.00,0,0,0.00,0.00,0.00,1000.00,0.00
23049019886587905,20161205,1000.00,1000.00,0,0,0.00,0.00,0.00,1000.00,0.00
23049019886587905,20161206,1000.00,1000.00,0,0,0.00,0.00,0.00,1000.00,0.00
23049019886587905,20161207,1000.00,1000.00,0,0,0.00,0.00,0.00,1000.00,0.00
23049019886587905,20161210,1000.00,1000.00,0,0,0.00,0.00,0.00,1000.00,0.00
23049019886587905,20161211,1000.00,1000.00,0,0,0.00,0.00,0.00,1000.00,0.00
23049019886587905,20161212,1000.00,1000.00,0,0,0.00,0.00,0.00,1000.00,0.00
23049019886587905,20161213,1000.00,1000.00,0,0,0.00,0.00,0.00,1000.00,0.00
23049019886587905,20161214,1000.00,1000.00,0,0,0.00,0.00,0.00,1000.00,0.00
23049019886587905,20161218,1000.00,1000.00,0,0,0.00,0.00,0.00,1000.00,0.00
23049019886587905,20161219,1000.00,1000.00,0,0,0.00,0.00,0.00,1000.00,0.00
23049019886587905,20161220,1000.00,1000.00,0,0,0.00,0.00,0.00,1000.00,0.00
23049019886587905,20161221,1000.00,1000.00,0,0,0.00,0.00,0.00,1000.00,0.00
23049019886587905,20161224,1000.00,1000.00,0,0,0.00,0.00,0.00,1000.00,0.00
23049019886587905,20161225,1000.00,1000.00,0,0,0.00,0.00,0.00,1000.00,0.00
23049019886587905,20161226,1000.00,1000.00,0,0,0.00,0.00,0.00,1000.00,0.00
23049019886587905,20161227,1000.00,1000.00,0,0,0.00,0.00,0.00,1000.00,0.00
23049019886587905,20161228,1000.00,1000.00,0,0,0.00,0.00,0.00,1000.00,0.00
23049019886587905,20161231,1000.00,1000.00,0,0,0.00,0.00,0.00,1000.00,0.00
23049019886587905,20170101,1000.00,1000.00,0,0,0.00,0.00,0.00,1000.00,0.00
23049019886587905,20170102,1000.00,1000.00,0,0,0.00,0.00,0.00,1000.00,0.00
23049019886587905,20170103,1000.00,1000.00,0,0,0.00,0.00,0.00,1000.00,0.00
23049019886587905,20170104,1000.00,1000.00,0,0,0.00,0.00,0.00,1000.00,0.00
23049019886587905,20170107,1000.00,1000.00,0,0,0.00,0.00,0.00,1000.00,0.00
23049019886587905,20170108,1000.00,1000.00,0,0,0.00,0.00,0.00,1000.00,0.00
23049019886587905,20170109,1000.00,1000.00,0,0,0.00,0.00,0.00,1000.00,0.00
23049019886587905,20170111,1000.00,1000.00,0,0,0.00,0.00,0.00,1000.00,0.00
23049019886587905,20170114,1000.00,1000.00,0,0,0.00,0.00,0.00,1000.00,0.00
23049019886587905,20170115,1000.00,1000.00,0,0,0.00,0.00,0.00,1000.00,0.00
23049019886587905,20170116,1000.00,1000.00,0,0,0.00,0.00,0.00,1000.00,0.00
23049019886587905,20170117,1000.00,1000.00,0,0,0.00,0.00,0.00,1000.00,0.00
23049019886587905,20170118,1000.00,1000.00,0,0,0.00,0.00,0.00,1000.00,0.00
23049019886587905,20170121,1000.00,1000.00,0,0,0.00,0.00,0.00,1000.00,0.00
23049019886587905,20170122,1000.00,1000.00,0,0,0.00,0.00,0.00,1000.00,0.00
23049019886587905,20170123,1000.00,1000.00,0,0,0.00,0.00,0.00,1000.00,0.00
23049019886587905,20170124,1000.00,1000.00,0,0,0.00,0.00,0.00,1000.00,0.00
23049019886587905,20170125,1000.00,1000.00,0,0,0.00,0.00,0.00,1000.00,0.00
23049019886587905,20170128,1000.00,1000.00,0,0,0.00,0.00,0.00,1000.00,0.00
23049019886587905,20170129,1000.00,1000.00,0,0,0.00,0.00,0.00,1000.00,0.00
23049019886587905,20170130,1000.00,1000.00,0,0,0.00,0.00,0.00,1000.00,0.00
23049019886587905,20170131,1000.00,1000.00,0,0,0.00,0.00,0.00,1000.00,0.00
23049019886587905,20170201,1000.00,1000.00,0,0,0.00,0.00,0.00,1000.00,0.00
23049019886587905,20170204,1000.00,1000.00,0,0,0.00,0.00,0.00,1000.00,0.00
23049019886587905,20170205,1000.00,1000.00,0,0,0.00,0.00,0.00,1000.00,0.00
23049019886587905,20170206,1000.00,1000.00,0,0,0.00,0.00,0.00,1000.00,0.00
23049019886587905,20170207,1000.00,1000.00,0,0,0.00,0.00,0.00,1000.00,0.00
23049019886587905,20170208,1000.00,1000.00,0,0,0.00,0.00,0.00,1000.00,0.00
23049019886587905,20170211,1000.00,1000.00,0,0,0.00,0.00,0.00,1000.00,0.00
23049019886587905,20170212,1000.00,1000.00,0,0,0.00,0.00,0.00,1000.00,0.00
23049019886587905,20170213,1000.00,1000.00,0,0,0.00,0.00,0.00,1000.00,0.00
23049019886587905,20170214,1000.00,1000.00,0,0,0.00,0.00,0.00,1000.00,0.00
23049019886587905,20170215,1000.00,1000.00,0,0,0.00,0.00,0.00,1000.00,0.00
23049019886587905,20170218,1000.00,1000.00,0,0,0.00,0.00,0.00,1000.00,0.00
23049019886587905,20170219,1000.00,1000.00,0,0,0.00,0.00,0.00,1000.00,0.00
23049019886587905,20170220,1000.00,1000.00,0,0,0.00,0.00,0.00,1000.00,0.00
23049019886587905,20170221,1000.00,1000.00,0,0,0.00,0.00,0.00,1000.00,0.00
23049019886587905,20170222,1000.00,1000.00,0,0,0.00,0.00,0.00,1000.00,0.00
23049019886587905,20170225,1000.00,1000.00,0,0,0.00,0.00,0.00,1000.00,0.00
23049019886587905,20170226,1000.00,1000.00,0,0,0.00,0.00,0.00,1000.00,0.00
23049019886587905,20170227,1000.00,1000.00,0,0,0.00,0.00,0.00,1000.00,0.00
23049019886587905,20170228,1000.00,1000.00,0,0,0.00,0.00,0.00,1000.00,0.00
23049019886587905,20170301,1000.00,1000.00,0,0,0.00,0.00,0.00,1000.00,0.00
23049019886587905,20170304,1000.00,1000.00,0,0,0.00,0.00,0.00,1000.00,0.00
23049019886587905,20170305,1000.00,1000.00,0,0,0.00,0.00,0.00,1000.00,0.00
23049019886587905,20170306,1000.00,1000.00,0,0,0.00,0.00,0.00,1000.00,1000.00
23049019886587905,20170307,1000.00,1000.00,0,0,0.00,0.00,0.00,1000.00,0.00
23049019886587905,20170308,1000.00,1000.00,0,0,0.00,0.00,0.00,1000.00,0.00
23049019886587905,20170311,1000.00,1000.00,0,0,0.00,0.00,0.00,1000.00,0.00
23049019886587905,20170312,1000.00,1000.00,0,0,0.00,0.00,0.00,1000.00,0.00
23049019886587905,20170313,1000.00,1000.00,0,0,0.00,0.00,0.00,1000.00,0.00
23049019886587905,20170314,1000.00,1000.00,0,0,0.00,0.00,0.00,1000.00,0.00
23049019886587905,20170315,1000.00,1000.00,0,0,0.00,0.00,0.00,1000.00,0.00
23049019886587905,20170318,1000.00,1000.00,0,0,0.00,0.00,0.00,1000.00,0.00
23049019886587905,20170325,1000.00,1000.00,0,0,0.00,0.00,0.00,1000.00,0.00
23049019886587905,20170326,1000.00,1000.00,0,0,0.00,0.00,0.00,1000.00,0.00
23049019886587905,20170327,1000.00,1000.00,0,0,0.00,0.00,0.00,1000.00,0.00
23049019886587905,20170328,1000.00,1000.00,0,0,0.00,0.00,0.00,1000.00,0.00
23049019886587905,20170329,1000.00,1000.00,0,0,0.00,0.00,0.00,1000.00,0.00
23049019886587905,20170403,1000.00,1000.00,0,0,0.00,0.00,0.00,1000.00,0.00
23049019886587905,20170404,1000.00,1000.00,0,0,0.00,0.00,0.00,1000.00,0.00
23049019886587905,20170405,1000.00,1000.00,0,0,0.00,0.00,0.00,1000.00,0.00
23049019886587905,20170408,1000.00,1000.00,0,0,0.00,0.00,0.00,1000.00,0.00
23049019886587905,20170409,1000.00,1000.00,0,0,0.00,0.00,0.00,1000.00,0.00
23049019886587905,20170410,1000.00,1000.00,0,0,0.00,0.00,0.00,1000.00,0.00
23049019886587905,20170412,1000.00,1000.00,0,0,0.00,0.00,0.00,1000.00,0.00
23049019886587905,20170415,1000.00,1000.00,0,0,0.00,0.00,0.00,1000.00,0.00
23049019886587905,20170416,1000.00,1000.00,0,0,0.00,0.00,0.00,1000.00,0.00
23049019886587905,20170417,1000.00,1000.00,0,0,0.00,0.00,0.00,1000.00,0.00
23049019886587905,20170418,1000.00,1000.00,0,0,0.00,0.00,0.00,1000.00,0.00
23049019886587905,20170419,1000.00,1000.00,0,0,0.00,0.00,0.00,1000.00,0.00
23049019886587905,20170422,1000.00,1000.00,0,0,0.00,0.00,0.00,1000.00,0.00
23049019886587905,20170423,1000.00,1000.00,0,0,0.00,0.00,0.00,1000.00,0.00
23049019886587905,20170424,1000.00,1000.00,0,0,0.00,0.00,0.00,1000.00,0.00
23049019886587905,20170426,1000.00,1000.00,0,0,0.00,0.00,0.00,1000.00,0.00
23049019886587905,20170429,1000.00,1000.00,0,0,0.00,0.00,0.00,1000.00,0.00
23049019886587905,20170430,1000.00,1000.00,0,0,0.00,0.00,0.00,1000.00,0.00
23049019886587905,20170501,1000.00,1000.00,0,0,0.00,0.00,0.00,1000.00,0.00
23049019886587905,20170502,1000.00,1000.00,0,0,0.00,0.00,0.00,1000.00,0.00
23049019886587905,20170503,1000.00,1000.00,0,0,0.00,0.00,0.00,1000.00,0.00
23049019886587905,20170506,1000.00,1000.00,0,0,0.00,0.00,0.00,1000.00,0.00
23049019886587905,20170507,1000.00,1000.00,0,0,0.00,0.00,0.00,1000.00,0.00
23049019886587905,20170508,1000.00,1000.00,0,0,0.00,0.00,0.00,1000.00,0.00
23049019886587905,20170509,1000.00,1000.00,0,0,0.00,0.00,0.00,1000.00,0.00
23049019886587905,20170510,1000.00,1000.00,0,0,0.00,0.00,0.00,1000.00,0.00
23049019886587905,20170513,1000.00,1000.00,0,0,0.00,0.00,0.00,1000.00,0.00
23049019886587905,20170514,1000.00,1000.00,0,0,0.00,0.00,0.00,1000.00,0.00
23049019886587905,20170515,1000.00,1000.00,0,0,0.00,0.00,0.00,1000.00,0.00
23049019886587905,20170516,1000.00,1000.00,0,0,0.00,0.00,0.00,1000.00,0.00
23049019886587905,20170517,1000.00,1000.00,0,0,0.00,0.00,0.00,1000.00,0.00
23049019886587905,20170520,1000.00,1000.00,0,0,0.00,0.00,0.00,1000.00,0.00
23049019886587905,20170521,1000.00,1000.00,0,0,0.00,0.00,0.00,1000.00,0.00
23049019886587905,20170522,1000.00,1000.00,0,0,0.00,0.00,0.00,1000.00,0.00
23049019886587905,20170523,1000.00,1000.00,0,0,0.00,0.00,0.00,1000.00,0.00
23049019886587905,20170524,1000.00,1000.00,0,0,0.00,0.00,0.00,1000.00,0.00
23049019886587905,20170527,1000.00,1000.00,0,0,0.00,0.00,0.00,1000.00,0.00
23049019886587905,20170528,1000.00,1000.00,0,0,0.00,0.00,0.00,1000.00,0.00
23049019886587905,20170529,1000.00,1000.00,0,0,0.00,0.00,0.00,1000.00,0.00
23049019886587905,20170530,1000.00,1000.00,0,0,0.00,0.00,0.00,1000.00,0.00
23049019886587905,20170531,1000.00,1000.00,0,0,0.00,0.00,0.00,1000.00,0.00
23049019886587905,20170603,1000.00,1000.00,0,0,0.00,0.00,0.00,1000.00,0.00
23049019886587905,20170606,1000.00,1000.00,0,0,0.00,0.00,0.00,1000.00,0.00
23049019886587905,20170607,1000.00,1000.00,0,0,0.00,0.00,0.00,1000.00,0.00
23049019886587905,20170610,1000.00,1000.00,0,0,0.00,0.00,0.00,1000.00,0.00
23049019886587905,20170611,1000.00,1000.00,0,0,0.00,0.00,0.00,1000.00,0.00
23049019886587905,20170612,1000.00,1000.00,0,0,0.00,0.00,0.00,1000.00,0.00
23049019886587905,20170613,1000.00,1000.00,0,0,0.00,0.00,0.00,1000.00,0.00
23049019886587905,20170614,1000.00,1000.00,0,0,0.00,0.00,0.00,1000.00,0.00
23049019886587905,20170617,1000.00,1000.00,0,0,0.00,0.00,0.00,1000.00,0.00
23049019886587905,20170618,1000.00,1000.00,0,0,0.00,0.00,0.00,1000.00,0.00
23049019886587905,20170619,1000.00,1000.00,0,0,0.00,0.00,0.00,1000.00,0.00
23049019886587905,20170620,1000.00,1000.00,0,0,0.00,0.00,0.00,1000.00,0.00
23049019886587905,20170621,1000.00,1000.00,0,0,0.00,0.00,0.00,1000.00,0.00
23049019886587905,20170624,1000.00,1000.00,0,0,0.00,0.00,0.00,1000.00,0.00
23049019886587905,20170625,1000.00,1000.00,0,0,0.00,0.00,0.00,1000.00,0.00
23049019886587905,20170628,1000.00,1000.00,0,0,0.00,0.00,0.00,1000.00,0.00
23049019886587905,20170701,1000.00,1000.00,0,0,0.00,0.00,0.00,1000.00,0.00
23049019886587905,20170702,1000.00,1000.00,0,0,0.00,0.00,0.00,1000.00,0.00
23049019886587905,20170703,1000.00,1000.00,0,0,0.00,0.00,0.00,1000.00,0.00
23049019886587905,20170704,1000.00,1000.00,0,0,0.00,0.00,0.00,1000.00,0.00
23049019886587905,20170705,1000.00,1000.00,0,0,0.00,0.00,0.00,1000.00,0.00
23049019886587905,20170708,1000.00,1000.00,0,0,0.00,0.00,0.00,1000.00,0.00
23049019886587905,20170709,1000.00,1000.00,0,0,0.00,0.00,0.00,1000.00,0.00
23049019886587905,20170710,1000.00,1000.00,0,0,0.00,0.00,0.00,1000.00,0.00
23049019886587905,20170711,1000.00,1000.00,0,0,0.00,0.00,0.00,1000.00,0.00
23049019886587905,20170712,1000.00,1000.00,0,0,0.00,0.00,0.00,1000.00,0.00
23049019886587905,20170715,1000.00,1000.00,0,0,0.00,0.00,0.00,1000.00,0.00
23049019886587905,20170716,1000.00,1000.00,0,0,0.00,0.00,0.00,1000.00,0.00
23049019886587905,20170717,1000.00,1000.00,0,0,0.00,0.00,0.00,1000.00,0.00
23049019886587905,20170718,1000.00,1000.00,0,0,0.00,0.00,0.00,1000.00,0.00
23049019886587905,20170719,1000.00,1000.00,0,0,0.00,0.00,0.00,1000.00,0.00
23049019886587905,20170722,1000.00,1000.00,0,0,0.00,0.00,0.00,1000.00,0.00
23049019886587905,20170723,1000.00,1000.00,0,0,0.00,0.00,0.00,1000.00,0.00
23049019886587905,20170724,1000.00,1000.00,0,0,0.00,0.00,0.00,1000.00,1000.00
23049019886587905,20170725,1000.00,1000.00,0,0,0.00,0.00,0.00,1000.00,0.00
23049019886587905,20170726,1000.00,1000.00,0,0,0.00,0.00,0.00,1000.00,0.00
23049019886587905,20170729,1000.00,1000.00,0,0,0.00,0.00,0.00,1000.00,0.00
23049019886587905,20170730,1000.00,1000.00,0,0,0.00,0.00,0.00,1000.00,0.00
23049019886587905,20170731,1000.00,1000.00,0,0,0.00,0.00,0.00,1000.00,0.00
23049019886587905,20170801,1000.00,1000.00,0,0,0.00,0.00,0.00,1000.00,0.00
23049019886587905,20170802,1000.00,1000.00,0,0,0.00,0.00,0.00,1000.00,0.00
23049019886587905,20170806,1000.00,1000.00,0,0,0.00,0.00,0.00,1000.00,0.00
23049019886587905,20170807,1000.00,1000.00,0,0,0.00,0.00,0.00,1000.00,0.00
23049019886587905,20170808,1000.00,1000.00,0,0,0.00,0.00,0.00,1000.00,0.00
23049019886587905,20170809,1000.00,1000.00,0,0,0.00,0.00,0.00,1000.00,0.00
23049019886587905,20170812,1000.00,1000.00,0,0,0.00,0.00,0.00,1000.00,0.00
23049019886587905,20170813,1000.00,1000.00,0,0,0.00,0.00,0.00,1000.00,0.00
23049019886587905,20170814,1000.00,1000.00,0,0,0.00,0.00,0.00,1000.00,0.00
23049019886587905,20170815,1000.00,1000.00,0,0,0.00,0.00,0.00,1000.00,0.00
23049019886587905,20170816,1000.00,1000.00,0,0,0.00,0.00,0.00,1000.00,0.00
23049019886587905,20170819,1000.00,1000.00,0,0,0.00,0.00,0.00,1000.00,0.00
23049019886587905,20170820,1000.00,1000.00,0,0,0.00,0.00,0.00,1000.00,0.00
23049019886587905,20170821,1000.00,1000.00,0,0,0.00,0.00,0.00,1000.00,0.00
23049019886587905,20170822,1000.00,1000.00,0,0,0.00,0.00,0.00,1000.00,0.00
23049019886587905,20170823,1000.00,1000.00,0,0,0.00,0.00,0.00,1000.00,0.00
23049019886587905,20170826,1000.00,1000.00,0,0,0.00,0.00,0.00,1000.00,1000.00
23049019886587905,20170827,1000.00,1000.00,0,0,0.00,0.00,0.00,1000.00,0.00
23049019886587905,20170828,5600.00,5600.00,295,2046362,11459627200.00,5600.00,5600.00,1000.00,5600.00
23049019886587905,20170829,5600.00,5600.00,0,0,0.00,0.00,0.00,5600.00,0.00
23049019886587905,20170830,4926.00,4499.00,69,350516,1726652320.00,4499.00,5590.00,5600.00,5590.00
23049019886587905,20170902,3568.00,3630.00,597,2880045,10275921677.00,3551.00,3630.00,4926.00,3551.00
23049019886587905,20170903,3568.00,3630.00,0,0,0.00,0.00,0.00,3568.00,0.00
23049019886587905,20170904,3722.00,3789.00,135,955305,3560805063.00,3630.00,3789.00,3568.00,3630.00
23049019886587905,20170905,3727.00,3789.00,0,0,0.00,0.00,0.00,3727.00,0.00
23049019886587905,20170906,3792.00,3851.00,124,597742,2266898002.00,3727.00,3851.00,3727.00,3727.00
23049019886587905,20170910,3792.00,3851.00,0,0,0.00,0.00,0.00,3792.00,0.00
23049019886587905,20170911,3944.00,3753.00,161,780857,3079842203.00,3753.00,3979.00,3792.00,3979.00
23049019886587905,20170912,3944.00,3753.00,0,0,0.00,0.00,0.00,3944.00,0.00
23049019886587905,20170913,3718.00,3669.00,137,477170,1774026951.00,3669.00,3720.00,3944.00,3720.00
23049019886587905,20170916,3700.00,3704.00,76,307561,1137948714.00,3699.00,3704.00,3718.00,3699.00
23049019886587905,20170917,3700.00,3704.00,0,0,0.00,0.00,0.00,3700.00,0.00
23049019886587905,20170918,3913.00,3820.00,113,864942,3384187053.00,3820.00,3949.00,3700.00,3949.00
23049019886587905,20170919,3913.00,3820.00,0,0,0.00,0.00,0.00,3913.00,0.00
23049019886587905,20170920,3700.00,3700.00,12,103710,383727000.00,3700.00,3700.00,3913.00,3700.00
23049019886587905,20170923,3700.00,3700.00,67,419212,1551084400.00,3700.00,3700.00,3700.00,3700.00
23049019886587905,20170924,3700.00,3700.00,0,0,0.00,0.00,0.00,3700.00,0.00
23049019886587905,20170925,3702.00,3730.00,47,327322,1211652190.00,3700.00,3730.00,3700.00,3700.00
23049019886587905,20170926,3702.00,3730.00,0,0,0.00,0.00,0.00,3702.00,0.00
23049019886587905,20170927,3702.00,3730.00,0,0,0.00,0.00,0.00,3702.00,0.00
23049019886587905,20171002,3702.00,3730.00,0,0,0.00,0.00,0.00,3702.00,0.00
23049019886587905,20171003,3702.00,3730.00,0,0,0.00,0.00,0.00,3702.00,0.00
23049019886587905,20171004,3702.00,3730.00,0,0,0.00,0.00,0.00,3702.00,0.00
23049019886587905,20171007,3899.00,3899.00,45,589314,2297735286.00,3899.00,3899.00,3702.00,3899.00
23049019886587905,20171008,3899.00,3899.00,0,0,0.00,0.00,0.00,3899.00,0.00
23049019886587905,20171009,3859.00,3612.00,52,279216,1077545028.00,3612.00,3890.00,3899.00,3890.00
23049019886587905,20171010,3859.00,3612.00,0,0,0.00,0.00,0.00,3859.00,0.00
23049019886587905,20171011,3657.00,3657.00,10,68849,251780793.00,3657.00,3657.00,3859.00,3657.00
23049019886587905,20171014,3751.00,3750.00,17,52251,196000650.00,3750.00,3849.00,3657.00,3849.00
23049019886587905,20171015,3751.00,3750.00,0,0,0.00,0.00,0.00,3751.00,0.00
23049019886587905,20171016,3550.00,3580.00,47,376749,1337515950.00,3550.00,3580.00,3751.00,3550.00
23049019886587905,20171017,3550.00,3580.00,0,0,0.00,0.00,0.00,3550.00,0.00
23049019886587905,20171018,3784.00,3800.00,24,186200,704580000.00,3651.00,3800.00,3550.00,3651.00
23049019886587905,20171021,3770.00,3770.00,47,241715,911265550.00,3770.00,3770.00,3784.00,3770.00
23049019886587905,20171022,3770.00,3770.00,0,0,0.00,0.00,0.00,3770.00,0.00
23049019886587905,20171023,3803.00,3804.00,27,160182,609106762.00,3802.00,3804.00,3770.00,3802.00
23049019886587905,20171024,3803.00,3804.00,0,0,0.00,0.00,0.00,3803.00,0.00
23049019886587905,20171025,3824.00,3802.00,22,52982,202621820.00,3802.00,3946.00,3803.00,3946.00
23049019886587905,20171028,3803.00,3803.00,24,145521,553416363.00,3803.00,3803.00,3824.00,3803.00
23049019886587905,20171029,3803.00,3803.00,0,0,0.00,0.00,0.00,3803.00,0.00
23049019886587905,20171030,3839.00,3895.00,30,314358,1206771174.00,3803.00,3895.00,3803.00,3803.00
23049019886587905,20171031,3839.00,3895.00,0,0,0.00,0.00,0.00,3839.00,0.00
23049019886587905,20171101,3895.00,3935.00,52,373563,1454928635.00,3889.00,3935.00,3839.00,3889.00
23049019886587905,20171104,4123.00,4310.00,82,372052,1533975200.00,3950.00,4310.00,3895.00,3950.00
23049019886587905,20171105,4123.00,4310.00,0,0,0.00,0.00,0.00,4123.00,0.00
23049019886587905,20171106,4657.00,4899.00,122,642121,3000317598.00,4610.00,4899.00,4123.00,4610.00
23049019886587905,20171107,4657.00,4899.00,0,0,0.00,0.00,0.00,4657.00,0.00
23049019886587905,20171108,4962.00,4590.00,87,428693,2127065000.00,4590.00,5000.00,4657.00,5000.00
23049019886587905,20171111,4518.00,4600.00,124,678415,3065284022.00,4502.00,4600.00,4962.00,4502.00
23049019886587905,20171112,4520.00,4600.00,0,0,0.00,0.00,0.00,4520.00,0.00
23049019886587905,20171113,4520.00,4600.00,0,0,0.00,0.00,0.00,4520.00,0.00
23049019886587905,20171114,4520.00,4600.00,0,0,0.00,0.00,0.00,4520.00,0.00
23049019886587905,20171115,4520.00,4600.00,0,0,0.00,0.00,0.00,4520.00,0.00
23049019886587905,20171118,4520.00,4600.00,0,0,0.00,0.00,0.00,4520.00,0.00
23049019886587905,20171120,4599.00,4599.00,21,189873,873225927.00,4599.00,4599.00,4520.00,4599.00
23049019886587905,20171121,4599.00,4599.00,0,0,0.00,0.00,0.00,4599.00,0.00
23049019886587905,20171122,4605.00,4544.00,70,454430,2092474294.00,4544.00,4610.00,4599.00,4610.00
23049019886587905,20171125,4290.00,4290.00,5,60000,257400000.00,4290.00,4290.00,4605.00,4290.00
23049019886587905,20171126,4290.00,4290.00,0,0,0.00,0.00,0.00,4290.00,0.00
23049019886587905,20171128,4290.00,4290.00,0,0,0.00,0.00,0.00,4290.00,0.00
23049019886587905,20171129,4336.00,4500.00,70,735727,3190189500.00,4300.00,4500.00,4290.00,4300.00
23049019886587905,20171202,4459.00,4340.00,12,51800,230981800.00,4340.00,4886.00,4336.00,4886.00
23049019886587905,20171203,4459.00,4340.00,0,0,0.00,0.00,0.00,4459.00,0.00
23049019886587905,20171204,4334.00,4200.00,7,20775,90045725.00,4200.00,4459.00,4459.00,4459.00
23049019886587905,20171205,4334.00,4200.00,0,0,0.00,0.00,0.00,4334.00,0.00
23049019886587905,20171209,3950.00,4000.00,25,146929,580432360.00,3720.00,4000.00,4334.00,3720.00
23049019886587905,20171210,3950.00,4000.00,0,0,0.00,0.00,0.00,3950.00,0.00
23049019886587905,20171211,3950.00,3950.00,14,81498,321917100.00,3950.00,3950.00,3950.00,3950.00
23049019886587905,20171212,3950.00,3950.00,0,0,0.00,0.00,0.00,3950.00,0.00
23049019886587905,20171213,3993.00,3900.00,38,171581,685179000.00,3900.00,4000.00,3950.00,4000.00
23049019886587905,20171214,3993.00,3900.00,0,0,0.00,0.00,0.00,3993.00,0.00
23049019886587905,20171215,3993.00,3900.00,0,0,0.00,0.00,0.00,3993.00,0.00
23049019886587905,20171216,3870.00,3753.00,7,26655,103149345.00,3753.00,3999.00,3993.00,3999.00
23049019886587905,20171217,3870.00,3753.00,0,0,0.00,0.00,0.00,3870.00,0.00
23049019886587905,20171218,3630.00,3630.00,6,50000,181500000.00,3630.00,3630.00,3870.00,3870.00
23049019886587905,20171219,3630.00,3630.00,0,0,0.00,0.00,0.00,3630.00,0.00
23049019886587905,20171220,3702.00,3710.00,26,146949,543961300.00,3700.00,3710.00,3630.00,3700.00
23049019886587905,20171223,3621.00,3621.00,7,10000,36210000.00,3621.00,3621.00,3702.00,3621.00
23049019886587905,20171224,3621.00,3621.00,0,0,0.00,0.00,0.00,3621.00,0.00
23049019886587905,20171225,3750.00,3750.00,38,289083,1084061250.00,3750.00,3750.00,3621.00,3750.00
23049019886587905,20171226,3750.00,3750.00,0,0,0.00,0.00,0.00,3750.00,0.00
23049019886587905,20171227,3750.00,3750.00,45,139297,522363750.00,3750.00,3750.00,3750.00,3750.00
23049019886587905,20171230,3750.00,3750.00,0,0,0.00,0.00,0.00,3750.00,0.00
23049019886587905,20171231,3750.00,3750.00,0,0,0.00,0.00,0.00,3750.00,0.00
23049019886587905,20180101,3750.00,3750.00,0,0,0.00,0.00,0.00,3750.00,3750.00
23049019886587905,20180102,3750.00,3750.00,0,0,0.00,0.00,0.00,3750.00,0.00
23049019886587905,20180103,3603.00,3234.00,31,141910,511285269.00,3234.00,3621.00,3750.00,3621.00
23049019886587905,20180106,3627.00,3700.00,28,382400,1387113280.00,3620.00,3700.00,3603.00,3620.00
23049019886587905,20180107,3627.00,3700.00,0,0,0.00,0.00,0.00,3627.00,0.00
23049019886587905,20180108,3700.00,3700.00,16,82486,305198200.00,3700.00,3700.00,3627.00,3700.00
23049019886587905,20180109,3700.00,3700.00,0,0,0.00,0.00,0.00,3700.00,0.00
23049019886587905,20180110,3698.00,3698.00,2,2153,7961794.00,3698.00,3698.00,3700.00,3698.00
23049019886587905,20180113,3698.00,3698.00,0,0,0.00,0.00,0.00,3698.00,3698.00
23049019886587905,20180114,3698.00,3698.00,0,0,0.00,0.00,0.00,3698.00,0.00
23049019886587905,20180115,3503.00,3500.00,6,23324,81715120.00,3500.00,3669.00,3698.00,3669.00
23049019886587905,20180116,3503.00,3500.00,0,0,0.00,0.00,0.00,3503.00,0.00
23049019886587905,20180117,3516.00,3556.00,17,87310,306999680.00,3503.00,3556.00,3503.00,3503.00
23049019886587905,20180120,3574.00,3551.00,15,57029,203829388.00,3551.00,3668.00,3516.00,3668.00
23049019886587905,20180121,3574.00,3551.00,0,0,0.00,0.00,0.00,3574.00,0.00
23049019886587905,20180122,3572.00,3573.00,13,120103,428998019.00,3560.00,3573.00,3574.00,3573.00
23049019886587905,20180123,3572.00,3573.00,0,0,0.00,0.00,0.00,3572.00,0.00
23049019886587905,20180124,3450.00,3450.00,2,2300,7935000.00,3450.00,3450.00,3572.00,3450.00
23049019886587905,20180127,3450.00,3499.00,19,57600,198734210.00,3450.00,3499.00,3450.00,3450.00
23049019886587905,20180128,3450.00,3499.00,0,0,0.00,0.00,0.00,3450.00,0.00
23049019886587905,20180129,3437.00,3437.00,2,500,1718500.00,3437.00,3437.00,3450.00,3437.00
23049019886587905,20180130,3437.00,3437.00,0,0,0.00,0.00,0.00,3437.00,0.00
23049019886587905,20180131,3437.00,3437.00,10,64499,221683063.00,3437.00,3437.00,3437.00,3437.00
23049019886587905,20180203,3380.00,3300.00,14,67000,226443000.00,3300.00,3437.00,3437.00,3437.00
23049019886587905,20180204,3380.00,3300.00,0,0,0.00,0.00,0.00,3380.00,0.00
23049019886587905,20180205,3380.00,3300.00,0,0,0.00,0.00,0.00,3380.00,0.00
23049019886587905,20180206,3380.00,3300.00,0,0,0.00,0.00,0.00,3380.00,0.00
23049019886587905,20180207,3303.00,3227.00,11,16491,54468643.00,3227.00,3448.00,3380.00,3448.00
23049019886587905,20180210,3285.00,3280.00,19,75850,249167240.00,3280.00,3285.00,3303.00,3285.00
23049019886587905,20180212,3285.00,3280.00,0,0,0.00,0.00,0.00,3285.00,0.00
23049019886587905,20180213,3285.00,3280.00,0,0,0.00,0.00,0.00,3285.00,0.00
23049019886587905,20180214,3280.00,3280.00,19,83887,275149360.00,3280.00,3280.00,3285.00,3280.00
23049019886587905,20180217,3220.00,3220.00,5,27988,90121360.00,3220.00,3220.00,3280.00,2560.00
23049019886587905,20180218,3220.00,3220.00,0,0,0.00,0.00,0.00,3220.00,0.00
23049019886587905,20180219,3220.00,3220.00,4,19712,63472640.00,3220.00,3220.00,3220.00,3220.00
23049019886587905,20180221,3220.00,3220.00,15,73871,237864620.00,3220.00,3220.00,3220.00,3220.00
23049019886587905,20180224,3220.00,3220.00,9,22000,70840000.00,3220.00,3220.00,3220.00,3220.00
23049019886587905,20180225,3220.00,3220.00,0,0,0.00,0.00,0.00,3220.00,0.00
23049019886587905,20180226,3220.00,3220.00,0,0,0.00,0.00,0.00,3220.00,0.00
23049019886587905,20180227,3220.00,3220.00,0,0,0.00,0.00,0.00,3220.00,0.00
23049019886587905,20180228,3220.00,3220.00,0,0,0.00,0.00,0.00,3220.00,3220.00
23049019886587905,20180303,3220.00,3220.00,0,0,0.00,0.00,0.00,3220.00,3220.00
23049019886587905,20180304,3220.00,3220.00,0,0,0.00,0.00,0.00,3220.00,0.00
23049019886587905,20180305,2815.00,2900.00,46,432813,1218290430.00,2806.00,2900.00,3220.00,2806.00
23049019886587905,20180306,2815.00,2900.00,0,0,0.00,0.00,0.00,2815.00,0.00
23049019886587905,20180307,2859.00,2850.00,4,33239,95031150.00,2850.00,3150.00,2815.00,3150.00
23049019886587905,20180310,2859.00,2859.00,3,122957,351534063.00,2859.00,2859.00,2859.00,2859.00
23049019886587905,20180311,2859.00,2859.00,0,0,0.00,0.00,0.00,2859.00,0.00
23049019886587905,20180312,2859.00,2859.00,0,0,0.00,0.00,0.00,2859.00,0.00
23049019886587905,20180313,2859.00,2859.00,0,0,0.00,0.00,0.00,2859.00,0.00
23049019886587905,20180314,2851.00,2790.00,23,124908,356089875.00,2790.00,2859.00,2859.00,2859.00
23049019886587905,20180317,2851.00,2790.00,0,0,0.00,0.00,0.00,2851.00,0.00
23049019886587905,20180318,2851.00,2790.00,0,0,0.00,0.00,0.00,2851.00,0.00
23049019886587905,20180319,2851.00,2851.00,0,0,0.00,0.00,0.00,2851.00,2851.00
23049019886587905,20180325,2851.00,2851.00,0,0,0.00,0.00,0.00,2851.00,0.00
23049019886587905,20180326,2801.00,2801.00,2,3124,8750324.00,2801.00,2801.00,2851.00,2801.00
23049019886587905,20180327,2801.00,2801.00,0,0,0.00,0.00,0.00,2801.00,0.00
23049019886587905,20180328,2804.00,2890.00,20,69270,194247770.00,2801.00,2890.00,2801.00,2801.00
23049019886587905,20180403,2804.00,2890.00,0,0,0.00,0.00,0.00,2804.00,0.00
23049019886587905,20180404,2941.00,2965.00,4,8200,24119800.00,2804.00,2965.00,2804.00,2804.00
23049019886587905,20180407,2947.00,2951.00,14,96727,285083277.00,2941.00,2951.00,2941.00,2941.00
23049019886587905,20180408,2947.00,2951.00,0,0,0.00,0.00,0.00,2947.00,0.00
23049019886587905,20180409,2947.00,2947.00,0,0,0.00,0.00,0.00,2947.00,2947.00
23049019886587905,20180410,2947.00,2947.00,0,0,0.00,0.00,0.00,2947.00,0.00
23049019886587905,20180411,2522.00,2798.00,7,54462,137328082.00,2511.00,2798.00,2947.00,2511.00
23049019886587905,20180415,2522.00,2798.00,0,0,0.00,0.00,0.00,2522.00,0.00
23049019886587905,20180416,2522.00,2522.00,0,0,0.00,0.00,0.00,2522.00,2522.00
23049019886587905,20180417,2522.00,2522.00,0,0,0.00,0.00,0.00,2522.00,0.00
23049019886587905,20180418,2522.00,2522.00,0,0,0.00,0.00,0.00,2522.00,2522.00
23049019886587905,20180421,2522.00,2522.00,0,0,0.00,0.00,0.00,2522.00,2522.00
23049019886587905,20180422,2522.00,2522.00,0,0,0.00,0.00,0.00,2522.00,0.00
23049019886587905,20180423,2701.00,2701.00,27,165888,448063488.00,2701.00,2701.00,2522.00,2701.00
23049019886587905,20180424,2701.00,2701.00,0,0,0.00,0.00,0.00,2701.00,0.00
23049019886587905,20180425,2674.00,2600.00,9,75000,200555000.00,2600.00,2701.00,2701.00,2701.00
23049019886587905,20180428,2674.00,2674.00,2,14360,38398640.00,2674.00,2674.00,2674.00,2674.00
23049019886587905,20180429,2674.00,2674.00,0,0,0.00,0.00,0.00,2674.00,0.00
23049019886587905,20180430,2687.00,2687.00,5,31499,84637813.00,2687.00,2687.00,2674.00,2687.00
23049019886587905,20180501,2687.00,2687.00,0,0,0.00,0.00,0.00,2687.00,0.00
23049019886587905,20180505,2300.00,2300.00,6,6500,14950000.00,2300.00,2300.00,2687.00,2300.00
23049019886587905,20180506,2300.00,2300.00,0,0,0.00,0.00,0.00,2300.00,0.00
23049019886587905,20180507,2300.00,2300.00,9,58945,135573500.00,2300.00,2300.00,2300.00,2300.00
23049019886587905,20180508,2300.00,2300.00,0,0,0.00,0.00,0.00,2300.00,0.00
23049019886587905,20180509,2301.00,2301.00,6,38256,88027056.00,2301.00,2301.00,2300.00,2301.00
23049019886587905,20180512,2301.00,2301.00,1,9710,22342710.00,2301.00,2301.00,2301.00,2301.00
23049019886587905,20180513,2301.00,2301.00,0,0,0.00,0.00,0.00,2301.00,0.00
23049019886587905,20180514,2301.00,2301.00,0,0,0.00,0.00,0.00,2301.00,2301.00
23049019886587905,20180515,2301.00,2301.00,0,0,0.00,0.00,0.00,2301.00,0.00
23049019886587905,20180516,2301.00,2301.00,0,0,0.00,0.00,0.00,2301.00,0.00
23049019886587905,20180519,2640.00,2640.00,5,60000,158400000.00,2640.00,2640.00,2301.00,2640.00
23049019886587905,20180520,2640.00,2640.00,0,0,0.00,0.00,0.00,2640.00,0.00
23049019886587905,20180521,2680.00,2700.00,27,94130,252308400.00,2680.00,2700.00,2640.00,2680.00
23049019886587905,20180522,2680.00,2700.00,0,0,0.00,0.00,0.00,2680.00,0.00
23049019886587905,20180523,2680.00,2680.00,0,0,0.00,0.00,0.00,2680.00,2680.00
23049019886587905,20180526,2950.00,2950.00,11,33793,99689350.00,2950.00,2950.00,2680.00,2950.00
23049019886587905,20180527,2950.00,2950.00,0,0,0.00,0.00,0.00,2950.00,0.00
23049019886587905,20180528,3111.00,3150.00,15,51120,159022000.00,3100.00,3150.00,2950.00,3100.00
23049019886587905,20180529,3111.00,3150.00,0,0,0.00,0.00,0.00,3111.00,0.00
23049019886587905,20180530,3146.00,3139.00,3,6042,19011138.00,3139.00,3290.00,3111.00,3290.00
23049019886587905,20180602,3146.00,3146.00,0,0,0.00,0.00,0.00,3146.00,3146.00
23049019886587905,20180603,3146.00,3146.00,0,0,0.00,0.00,0.00,3146.00,0.00
23049019886587905,20180609,3180.00,3180.00,5,28080,89294400.00,3180.00,3180.00,3146.00,3180.00
23049019886587905,20180610,3180.00,3180.00,0,0,0.00,0.00,0.00,3180.00,0.00
23049019886587905,20180611,2912.00,2900.00,6,46834,136378600.00,2900.00,3180.00,3180.00,3180.00
23049019886587905,20180612,2912.00,2900.00,0,0,0.00,0.00,0.00,2912.00,0.00
23049019886587905,20180613,2394.00,2301.00,9,45865,109781815.00,2301.00,2912.00,2912.00,2912.00
23049019886587905,20180617,2394.00,2301.00,0,0,0.00,0.00,0.00,2394.00,0.00
23049019886587905,20180618,2394.00,2394.00,6,67465,161511210.00,2394.00,2394.00,2394.00,2394.00
23049019886587905,20180619,2394.00,2394.00,0,0,0.00,0.00,0.00,2394.00,0.00
23049019886587905,20180620,2795.00,2795.00,25,165682,463081190.00,2795.00,2795.00,2394.00,2795.00
23049019886587905,20180623,2793.00,2750.00,18,52553,146802655.00,2750.00,2795.00,2795.00,2795.00
23049019886587905,20180624,2793.00,2750.00,0,0,0.00,0.00,0.00,2793.00,0.00
23049019886587905,20180625,2880.00,2750.00,17,93188,268387852.00,2750.00,2899.00,2793.00,2899.00
23049019886587905,20180626,2880.00,2750.00,0,0,0.00,0.00,0.00,2880.00,0.00
23049019886587905,20180627,2880.00,2880.00,0,0,0.00,0.00,0.00,2880.00,2880.00
23049019886587905,20180630,2880.00,2880.00,0,0,0.00,0.00,0.00,2880.00,0.00
23049019886587905,20180701,2880.00,2880.00,0,0,0.00,0.00,0.00,2880.00,0.00
23049019886587905,20180702,2880.00,2880.00,0,0,0.00,0.00,0.00,2880.00,0.00
23049019886587905,20180703,2880.00,2880.00,0,0,0.00,0.00,0.00,2880.00,0.00
23049019886587905,20180704,2880.00,2880.00,0,0,0.00,0.00,0.00,2880.00,0.00
23049019886587905,20180707,2612.00,2600.00,12,56070,146440000.00,2600.00,2880.00,2880.00,2880.00
23049019886587905,20180708,2612.00,2600.00,0,0,0.00,0.00,0.00,2612.00,0.00
23049019886587905,20180710,2612.00,2600.00,0,0,0.00,0.00,0.00,2612.00,0.00
23049019886587905,20180711,2686.00,2451.00,10,33020,88687560.00,2451.00,2940.00,2612.00,2940.00
23049019886587905,20180714,2549.00,2549.00,3,42268,107741132.00,2549.00,2549.00,2686.00,2549.00
23049019886587905,20180715,2549.00,2549.00,0,0,0.00,0.00,0.00,2549.00,0.00
23049019886587905,20180716,2549.00,2549.00,0,0,0.00,0.00,0.00,2549.00,0.00
23049019886587905,20180717,2549.00,2549.00,0,0,0.00,0.00,0.00,2549.00,0.00
23049019886587905,20180718,2549.00,2549.00,0,0,0.00,0.00,0.00,2549.00,0.00
23049019886587905,20180721,2549.00,2549.00,0,0,0.00,0.00,0.00,2549.00,0.00
23049019886587905,20180722,2549.00,2549.00,0,0,0.00,0.00,0.00,2549.00,0.00
23049019886587905,20180723,2549.00,2549.00,0,0,0.00,0.00,0.00,2549.00,0.00
23049019886587905,20180724,2521.00,2549.00,0,0,0.00,0.00,0.00,2521.00,0.00
23049019886587905,20180725,2521.00,2521.00,43,539417,1359870257.00,2521.00,2521.00,2521.00,2521.00
23049019886587905,20180726,2521.00,2521.00,0,0,0.00,0.00,0.00,2521.00,0.00
23049019886587905,20180727,2521.00,2521.00,0,0,0.00,0.00,0.00,2521.00,0.00
23049019886587905,20180728,2611.00,2611.00,2,10022,26167442.00,2611.00,2611.00,2521.00,2611.00
23049019886587905,20180729,2611.00,2611.00,0,0,0.00,0.00,0.00,2611.00,0.00
23049019886587905,20180730,2880.00,2760.00,21,144412,415916268.00,2760.00,2889.00,2611.00,2889.00
23049019886587905,20180731,2880.00,2760.00,0,0,0.00,0.00,0.00,2880.00,0.00
23049019886587905,20180801,2681.00,2450.00,31,330012,884668400.00,2450.00,2800.00,2880.00,2800.00
23049019886587905,20180804,2681.00,2450.00,0,0,0.00,0.00,0.00,2681.00,0.00
23049019886587905,20180805,2681.00,2450.00,0,0,0.00,0.00,0.00,2681.00,0.00
23049019886587905,20180806,2681.00,2450.00,0,0,0.00,0.00,0.00,2681.00,0.00
23049019886587905,20180807,2681.00,2450.00,0,0,0.00,0.00,0.00,2681.00,0.00
23049019886587905,20180808,2311.00,2500.00,57,544514,1258382200.00,2300.00,2500.00,2681.00,2300.00
23049019886587905,20180811,2311.00,2500.00,0,0,0.00,0.00,0.00,2311.00,2450.00
23049019886587905,20180812,2311.00,2500.00,0,0,0.00,0.00,0.00,2311.00,0.00
23049019886587905,20180813,2455.00,2460.00,19,81390,199805500.00,2450.00,2460.00,2311.00,2450.00
23049019886587905,20180814,2455.00,2460.00,0,0,0.00,0.00,0.00,2455.00,0.00
23049019886587905,20180815,2455.00,2460.00,0,0,0.00,0.00,0.00,2455.00,2587.00
23049019886587905,20180818,2501.00,2501.00,13,121484,303831484.00,2501.00,2501.00,2455.00,2501.00
23049019886587905,20180819,2501.00,2501.00,0,0,0.00,0.00,0.00,2501.00,0.00
23049019886587905,20180820,2561.00,2600.00,17,74429,190634250.00,2550.00,2600.00,2501.00,2550.00
23049019886587905,20180821,2561.00,2600.00,0,0,0.00,0.00,0.00,2561.00,0.00
23049019886587905,20180825,3085.00,3350.00,30,265795,819870050.00,3000.00,3350.00,2561.00,3000.00
23049019886587905,20180826,3085.00,3350.00,0,0,0.00,0.00,0.00,3085.00,0.00
23049019886587905,20180827,3821.00,3999.00,158,1140253,4356647425.00,3797.00,3999.00,3085.00,3797.00
23049019886587905,20180828,3821.00,3999.00,0,0,0.00,0.00,0.00,3821.00,0.00
23049019886587905,20180829,4031.00,4203.00,8,54945,230933835.00,4203.00,4203.00,3821.00,4203.00
23049019886587905,20180901,4434.00,4434.00,38,262928,1165822752.00,4434.00,4434.00,4031.00,4434.00
23049019886587905,20180902,4367.00,4604.00,380,1648583,7200111384.00,3991.00,4780.00,4434.00,4000.00
23049019886587905,20180903,4800.00,4803.00,101,520416,2498098030.00,4700.00,4803.00,4367.00,4802.00
23049019886587905,20180904,5279.00,5280.00,270,1862301,9830956090.00,5200.00,5280.00,4800.00,5280.00
23049019886587905,20180905,5177.00,5100.00,424,1510194,7817971128.00,4863.00,5580.00,5279.00,5489.00
23049019886587905,20180908,5491.00,5694.00,348,1655243,9088248452.00,4801.00,5694.00,5177.00,5099.00
23049019886587905,20180909,6025.00,6040.00,63,447748,2697610018.00,5806.00,6040.00,5491.00,5806.00
23049019886587905,20180910,6627.00,6627.00,2,6579,43599033.00,6627.00,6627.00,6025.00,6627.00
23049019886587905,20180911,6627.00,6627.00,0,0,0.00,0.00,0.00,6627.00,0.00
23049019886587905,20180912,7910.00,8017.00,42,185904,1470580576.00,7289.00,8017.00,6627.00,7289.00
23049019886587905,20180915,8676.00,8600.00,446,2391889,20751501056.00,8022.00,8701.00,7910.00,8701.00
23049019886587905,20180916,8276.00,8500.00,492,1681420,13916009301.00,7809.00,8520.00,8676.00,8500.00
23049019886587905,20180917,8883.00,8450.00,1017,3894830,34595988769.00,8201.00,9103.00,8276.00,8700.00
23049019886587905,20180918,8142.00,8239.00,692,2554033,20794322548.00,7995.00,9000.00,8883.00,8000.00
23049019886587905,20180922,7674.00,7501.00,624,1690000,12968266246.00,7329.00,8330.00,8142.00,8000.00
23049019886587905,20180923,7896.00,7800.00,546,1436578,11342682897.00,7200.00,8299.00,7674.00,7885.00
23049019886587905,20180924,7855.00,7800.00,252,848164,6661935434.00,7600.00,8200.00,7896.00,8100.00
23049019886587905,20180925,7739.00,7800.00,506,1608530,12447669457.00,7100.00,8096.00,7855.00,8096.00
23049019886587905,20180926,8186.00,8512.00,753,3178637,26021134289.00,7821.00,8512.00,7739.00,7950.00
23049019886587905,20180929,8951.00,9004.00,273,936203,8380160333.00,8701.00,9004.00,8186.00,8995.00
23049019886587905,20180930,9786.00,9846.00,872,3595672,35186051998.00,9600.00,9846.00,8951.00,9846.00
23049019886587905,20181001,10257.00,10180.00,997,3770803,38677359255.00,9000.00,10764.00,9786.00,10764.00
23049019886587905,20181002,9404.00,9232.00,300,961922,9045790440.00,9232.00,10300.00,10257.00,10300.00
23049019886587905,20181003,9126.00,9468.00,381,920701,8402326852.00,8490.00,9799.00,9404.00,8490.00
23049019886587905,20181006,8462.00,8214.00,420,1567727,13266225200.00,8214.00,9999.00,9126.00,9490.00
23049019886587905,20181007,8006.00,7616.00,462,1613716,12919242632.00,7616.00,8900.00,8462.00,7670.00
23049019886587905,20181008,7261.00,7206.00,351,1235463,8970129294.00,7206.00,7650.00,8006.00,7450.00
23049019886587905,20181009,7912.00,7987.00,180,724601,5732831764.00,7211.00,7987.00,7261.00,7211.00
23049019886587905,20181010,7750.00,7455.00,277,884973,6858836595.00,7211.00,8390.00,7912.00,8100.00
23049019886587905,20181013,7045.00,6975.00,182,404424,2849183478.00,6975.00,8045.00,7750.00,8045.00
23049019886587905,20181014,6907.00,6780.00,147,378577,2614727948.00,6412.00,7128.00,7045.00,6412.00
23049019886587905,20181015,7508.00,7597.00,100,259048,1944989408.00,7118.00,7597.00,6907.00,7118.00
23049019886587905,20181016,8195.00,8257.00,261,738663,6053350598.00,8000.00,8258.00,7508.00,8180.00
23049019886587905,20181017,8162.00,8229.00,194,404864,3304667287.00,7691.00,8490.00,8195.00,8190.00
23049019886587905,20181020,8761.00,8898.00,184,382517,3351223517.00,8400.00,8950.00,8162.00,8400.00
23049019886587905,20181021,8405.00,8200.00,199,342837,2881469621.00,7901.00,9100.00,8761.00,9000.00
23049019886587905,20181022,7723.00,7800.00,245,642148,4959555530.00,7565.00,8388.00,8405.00,8001.00
23049019886587905,20181023,7477.00,7800.00,177,427434,3195730745.00,7010.00,7900.00,7723.00,7010.00
23049019886587905,20181024,7555.00,7400.00,149,332123,2509212740.00,7300.00,7800.00,7477.00,7800.00
23049019886587905,20181027,7486.00,7350.00,145,298161,2231899586.00,7201.00,7800.00,7555.00,7800.00
23049019886587905,20181028,7816.00,7990.00,197,468188,3659582691.00,7151.00,8037.00,7486.00,7151.00
23049019886587905,20181029,8247.00,8211.00,271,428531,3534277206.00,7510.00,8445.00,7816.00,7510.00
23049019886587905,20181031,7922.00,7800.00,128,187510,1485492655.00,7701.00,8210.00,8247.00,8210.00
23049019886587905,20181103,7495.00,7206.00,237,420286,3149962469.00,7206.00,7930.00,7922.00,7930.00
23049019886587905,20181104,7457.00,7400.00,154,303125,2260297661.00,7210.00,7800.00,7495.00,7588.00
23049019886587905,20181105,7678.00,7699.00,74,68124,523072641.00,7250.00,7799.00,7457.00,7250.00
23049019886587905,20181106,7639.00,7557.00,112,201274,1537463048.00,7557.00,7998.00,7678.00,7699.00
23049019886587905,20181110,7493.00,7450.00,216,370454,2775978908.00,7355.00,7880.00,7639.00,7878.00
23049019886587905,20181111,7468.00,7600.00,133,310761,2320805183.00,7390.00,7700.00,7493.00,7700.00
23049019886587905,20181112,7912.00,8100.00,358,827979,6551173068.00,7558.00,8200.00,7468.00,7999.00
23049019886587905,20181113,7948.00,7878.00,209,309720,2461794560.00,7750.00,8289.00,7912.00,8000.00
23049019886587905,20181114,7698.00,7653.00,74,124608,959180491.00,7622.00,8000.00,7948.00,8000.00
23049019886587905,20181117,7513.00,7500.00,165,416457,3128781095.00,7410.00,7749.00,7698.00,7500.00
23049019886587905,20181118,7347.00,7300.00,161,409874,3011301051.00,7201.00,7750.00,7513.00,7750.00
23049019886587905,20181119,7676.00,7670.00,219,655117,5028964553.00,7310.00,7750.00,7347.00,7400.00
23049019886587905,20181120,8027.00,8190.00,387,811172,6511208988.00,7600.00,8350.00,7676.00,7600.00
23049019886587905,20181121,8022.00,8000.00,154,319540,2563313785.00,7847.00,8349.00,8027.00,7999.00
23049019886587905,20181124,7823.00,7713.00,171,466270,3647607715.00,7700.00,8100.00,8022.00,7950.00
23049019886587905,20181126,7470.00,7560.00,105,304663,2275706745.00,7388.00,7820.00,7823.00,7550.00
23049019886587905,20181127,7638.00,7675.00,104,103894,793512795.00,7511.00,7880.00,7470.00,7880.00
23049019886587905,20181128,7563.00,7595.00,138,275851,2086238778.00,7502.00,7824.00,7638.00,7677.00
23049019886587905,20181201,7254.00,7374.00,173,352643,2557907430.00,7000.00,7500.00,7563.00,7450.00
23049019886587905,20181202,7521.00,7593.00,81,174259,1310640822.00,7400.00,7648.00,7254.00,7648.00
23049019886587905,20181203,7700.00,7750.00,181,319298,2458693699.00,7603.00,7750.00,7521.00,7698.00
23049019886587905,20181204,8350.00,8470.00,594,1866690,15586000351.00,7500.00,8470.00,7700.00,7599.00
23049019886587905,20181205,8659.00,8441.00,742,1441877,12485312178.00,8004.00,9170.00,8350.00,8750.00
23049019886587905,20181208,8318.00,8240.00,471,744838,6195485090.00,8122.00,8640.00,8659.00,8499.00
23049019886587905,20181209,8361.00,8320.00,343,472937,3954401838.00,8110.00,8550.00,8318.00,8300.00
23049019886587905,20181210,8236.00,8220.00,176,276933,2280829839.00,8150.00,8500.00,8361.00,8500.00
23049019886587905,20181211,8236.00,8220.00,0,0,0.00,0.00,0.00,8236.00,0.00
23049019886587905,20181212,8199.00,8200.00,228,233086,1911055251.00,8100.00,8390.00,8236.00,8390.00
23049019886587905,20181215,8411.00,8190.00,378,584596,4916751448.00,8052.00,8600.00,8199.00,8052.00
23049019886587905,20181216,8189.00,8100.00,227,527534,4320147243.00,7806.00,8620.00,8411.00,8620.00
23049019886587905,20181217,7754.00,7771.00,299,572450,4438523918.00,7500.00,8246.00,8189.00,8095.00
23049019886587905,20181218,7929.00,7801.00,210,321126,2546318516.00,7620.00,8198.00,7754.00,7620.00
23049019886587905,20181219,7790.00,7760.00,129,167045,1301223058.00,7701.00,8100.00,7929.00,8100.00
23049019886587905,20181222,7786.00,7715.00,56,99499,774704893.00,7712.00,7937.00,7790.00,7937.00
23049019886587905,20181223,7745.00,7820.00,150,238467,1846957359.00,7600.00,8040.00,7786.00,7790.00
23049019886587905,20181224,8207.00,8310.00,653,1463646,12011887722.00,7620.00,8499.00,7745.00,7980.00
23049019886587905,20181225,8316.00,8176.00,500,991752,8247664376.00,7980.00,8600.00,8207.00,8299.00
23049019886587905,20181226,8146.00,8112.00,308,665665,5422709800.00,7950.00,8400.00,8316.00,8295.00
23049019886587905,20181229,8086.00,8110.00,199,234179,1893645192.00,8020.00,8249.00,8146.00,8249.00
23049019886587905,20181230,7978.00,7981.00,181,305342,2435945108.00,7801.00,8200.00,8086.00,8200.00
23049019886587905,20181231,8319.00,8300.00,520,994910,8276223780.00,8000.00,8490.00,7978.00,8077.00
23049019886587905,20190101,8184.00,8200.00,267,351042,2872844309.00,8020.00,8447.00,8319.00,8447.00
23049019886587905,20190102,8179.00,8110.00,334,832478,6808720718.00,7921.00,8379.00,8184.00,8036.00
23049019886587905,20190105,8065.00,8060.00,178,332317,2680151313.00,8000.00,8270.00,8179.00,8270.00
23049019886587905,20190106,8041.00,7950.00,153,230063,1850034136.00,7851.00,8140.00,8065.00,8060.00
23049019886587905,20190107,7912.00,7930.00,182,320891,2538842496.00,7820.00,8149.00,8041.00,8149.00
23049019886587905,20190108,8332.00,8375.00,788,2162799,18020281586.00,7870.00,8600.00,7912.00,8179.00
23049019886587905,20190109,8548.00,8500.00,405,853699,7297359283.00,8350.00,8680.00,8332.00,8450.00
23049019886587905,20190112,8837.00,8844.00,745,1432470,12658851436.00,8552.00,9099.00,8548.00,8590.00
23049019886587905,20190113,8902.00,8900.00,426,824817,7342476138.00,8701.00,9120.00,8837.00,8989.00
23049019886587905,20190114,8670.00,8577.00,379,634812,5504085146.00,8570.00,8909.00,8902.00,8900.00
23049019886587905,20190115,8941.00,8990.00,613,1180467,10554812714.00,8500.00,9200.00,8670.00,8674.00
23049019886587905,20190116,9350.00,9417.00,765,1688742,15789327521.00,9100.00,9649.00,8941.00,9100.00
23049019886587905,20190119,9695.00,9650.00,561,953521,9244060873.00,9350.00,10050.00,9350.00,9540.00
23049019886587905,20190120,9679.00,9450.00,392,605134,5857144900.00,9400.00,9989.00,9695.00,9989.00
23049019886587905,20190121,8969.00,8904.00,328,575478,5161509019.00,8712.00,9450.00,9679.00,9450.00
23049019886587905,20190122,9474.00,9470.00,359,624744,5918845717.00,9000.00,9698.00,8969.00,9000.00
23049019886587905,20190123,9569.00,9700.00,223,363491,3478130649.00,9122.00,9700.00,9474.00,9122.00
23049019886587905,20190126,9712.00,9578.00,262,402598,3909899664.00,9522.00,9830.00,9569.00,9522.00
23049019886587905,20190127,9407.00,9300.00,226,312206,2937015411.00,9252.00,9799.00,9712.00,9799.00
23049019886587905,20190128,9415.00,9309.00,143,169694,1597628269.00,9261.00,9591.00,9407.00,9301.00
23049019886587905,20190129,9428.00,9312.00,234,471754,4447605154.00,9255.00,9610.00,9415.00,9500.00
23049019886587905,20190130,9621.00,9430.00,261,768444,7392960396.00,9302.00,9745.00,9428.00,9599.00
23049019886587905,20190202,9384.00,9420.00,153,256074,2403108943.00,9250.00,9699.00,9621.00,9699.00
23049019886587905,20190203,9413.00,9388.00,148,316240,2976709910.00,9310.00,9545.00,9384.00,9400.00
23049019886587905,20190204,9354.00,9299.00,144,199843,1869277941.00,9000.00,9520.00,9413.00,9360.00
23049019886587905,20190205,9306.00,9405.00,159,269425,2507331473.00,9120.00,9440.00,9354.00,9120.00
23049019886587905,20190206,9474.00,9502.00,194,380294,3602752480.00,9310.00,9539.00,9306.00,9531.00
23049019886587905,20190210,9620.00,9740.00,321,830390,7988179040.00,9500.00,9802.00,9474.00,9500.00
23049019886587905,20190212,9816.00,9705.00,280,403891,3964692938.00,9620.00,9930.00,9620.00,9700.00
23049019886587905,20190213,9490.00,9380.00,248,413454,3923757991.00,9300.00,9939.00,9816.00,9939.00
23049019886587905,20190216,9372.00,9350.00,168,191063,1790590947.00,9300.00,9509.00,9490.00,9509.00
23049019886587905,20190217,9137.00,9089.00,346,467601,4272620237.00,8820.00,9499.00,9372.00,9499.00
23049019886587905,20190218,8822.00,8900.00,282,366413,3232324032.00,8713.00,9100.00,9137.00,8900.00
23049019886587905,20190219,8892.00,9100.00,175,227413,2022173296.00,8700.00,9100.00,8822.00,9088.00
23049019886587905,20190220,8970.00,9030.00,199,233065,2090532062.00,8895.00,9189.00,8892.00,9189.00
23049019886587905,20190223,8992.00,9160.00,307,457313,4112005481.00,8700.00,9189.00,8970.00,9189.00
23049019886587905,20190224,9207.00,9179.00,208,240193,2211430412.00,9100.00,9349.00,8992.00,9349.00
23049019886587905,20190225,8994.00,8980.00,199,251665,2263388239.00,8850.00,9299.00,9207.00,9299.00
23049019886587905,20190226,8852.00,8771.00,210,350805,3105210915.00,8750.00,8960.00,8994.00,8900.00
23049019886587905,20190227,8717.00,8680.00,277,491132,4280956978.00,8675.00,8900.00,8852.00,8770.00
23049019886587905,20190302,8347.00,8490.00,401,609616,5088241813.00,8002.00,8600.00,8717.00,8600.00
23049019886587905,20190303,8347.00,8490.00,0,0,0.00,0.00,0.00,8347.00,0.00
23049019886587905,20190304,8347.00,8490.00,0,0,0.00,0.00,0.00,8347.00,0.00
23049019886587905,20190305,8347.00,8490.00,0,0,0.00,0.00,0.00,8347.00,0.00
23049019886587905,20190306,8347.00,8490.00,0,0,0.00,0.00,0.00,8347.00,8888.00
23049019886587905,20190309,8830.00,8842.00,221,320608,2831126608.00,8510.00,9181.00,8347.00,9181.00
23049019886587905,20190310,8956.00,8880.00,150,144162,1291102838.00,8770.00,9100.00,8830.00,8841.00
23049019886587905,20190311,8541.00,8352.00,200,184996,1579969757.00,8300.00,8972.00,8956.00,8972.00
23049019886587905,20190312,8801.00,8739.00,214,814104,7164593518.00,8590.00,8840.00,8541.00,8840.00
23049019886587905,20190313,8801.00,8739.00,0,0,0.00,0.00,0.00,8801.00,0.00
23049019886587905,20190316,8801.00,8739.00,0,0,0.00,0.00,0.00,8801.00,0.00
23049019886587905,20190317,8801.00,8739.00,0,0,0.00,0.00,0.00,8801.00,0.00
23049019886587905,20190318,8801.00,8739.00,0,0,0.00,0.00,0.00,8801.00,0.00
23049019886587905,20190319,8801.00,8739.00,0,0,0.00,0.00,0.00,8801.00,0.00
23049019886587905,20190325,5477.00,5438.00,0,0,0.00,0.00,0.00,5477.00,0.00
23049019886587905,20190326,5477.00,5438.00,0,0,0.00,0.00,0.00,5477.00,9999.00
23049019886587905,20190327,6024.00,6024.00,14,56513,340434312.00,6024.00,6024.00,5477.00,6024.00
23049019886587905,20190330,6626.00,6626.00,17,13826,91611076.00,6626.00,6626.00,6024.00,6626.00
23049019886587905,20190331,7286.00,7288.00,408,1290064,9399000198.00,7210.00,7288.00,6626.00,7288.00
23049019886587905,20190406,7505.00,7355.00,410,794734,5964867283.00,7300.00,7800.00,7286.00,7300.00
23049019886587905,20190407,7224.00,7203.00,414,626023,4522541048.00,7140.00,7490.00,7505.00,7490.00
23049019886587905,20190408,7462.00,7650.00,355,728190,5434029256.00,7000.00,7750.00,7224.00,7250.00
23049019886587905,20190409,7918.00,8090.00,301,626061,4957425386.00,7461.00,8100.00,7462.00,7700.00
23049019886587905,20190410,8325.00,8170.00,308,892090,7426464681.00,8050.00,8470.00,7918.00,8050.00
23049019886587905,20190413,8127.00,8054.00,203,376066,3056285388.00,8011.00,8484.00,8325.00,8011.00
23049019886587905,20190414,7897.00,8097.00,182,394294,3113632793.00,7701.00,8190.00,8127.00,7920.00
23049019886587905,20190415,8018.00,8001.00,156,421179,3377165659.00,7910.00,8297.00,7897.00,8297.00
23049019886587905,20190416,8334.00,8302.00,437,855443,7129537330.00,8005.00,8488.00,8018.00,8199.00
23049019886587905,20190417,8057.00,8050.00,433,925457,7456232143.00,7800.00,8300.00,8334.00,8300.00
23049019886587905,20190420,8024.00,8140.00,488,1135013,9107627106.00,7900.00,8190.00,8057.00,8110.00
23049019886587905,20190422,8209.00,8139.00,756,1568846,12878748581.00,8060.00,8501.00,8024.00,8200.00
23049019886587905,20190423,8033.00,7923.00,375,972378,7810671341.00,7923.00,8160.00,8209.00,8100.00
23049019886587905,20190424,8061.00,7990.00,259,705773,5689338355.00,7952.00,8200.00,8033.00,8000.00
23049019886587905,20190427,7989.00,7971.00,300,1110786,8874402095.00,7751.00,8070.00,8061.00,7811.00
23049019886587905,20190428,7900.00,7810.00,478,893912,7061636446.00,7801.00,8012.00,7989.00,8001.00
23049019886587905,20190429,7929.00,8194.00,573,1446023,11464930022.00,7705.00,8290.00,7900.00,7800.00
23049019886587905,20190430,8124.00,8035.00,345,1032039,8383771689.00,7999.00,8289.00,7929.00,8289.00
23049019886587905,20190501,8193.00,8360.00,592,1329748,10895135122.00,7921.00,8500.00,8124.00,8101.00
23049019886587905,20190504,8655.00,8745.00,617,1462464,12657165522.00,8380.00,8840.00,8193.00,8397.00
23049019886587905,20190505,8631.00,8660.00,525,1334628,11518985631.00,8201.00,9011.00,8655.00,9011.00
23049019886587905,20190506,8274.00,8200.00,328,739429,6117955077.00,7920.00,8798.00,8631.00,8687.00
23049019886587905,20190507,7947.00,8200.00,367,949682,7547135310.00,7490.00,8270.00,8274.00,7900.00
23049019886587905,20190508,8363.00,8408.00,303,496706,4153910532.00,8101.00,8650.00,7947.00,8199.00
23049019886587905,20190511,8555.00,8275.00,298,612413,5239219848.00,8202.00,8741.00,8363.00,8500.00
23049019886587905,20190512,8121.00,8100.00,176,463222,3761968544.00,7901.00,8700.00,8555.00,8700.00
23049019886587905,20190513,8160.00,8188.00,221,575164,4693451542.00,8000.00,8478.00,8121.00,8300.00
23049019886587905,20190514,8362.00,8460.00,339,873002,7299992686.00,8201.00,8494.00,8160.00,8310.00
23049019886587905,20190515,8203.00,8300.00,313,872477,7156974865.00,8000.00,8500.00,8362.00,8500.00
23049019886587905,20190518,8152.00,8100.00,284,594298,4845009013.00,8015.00,8340.00,8203.00,8340.00
23049019886587905,20190519,8171.00,8120.00,232,614314,5019788709.00,8100.00,8300.00,8152.00,8180.00
23049019886587905,20190520,8120.00,8050.00,273,579779,4707790170.00,8000.00,8300.00,8171.00,8300.00
23049019886587905,20190521,8148.00,8162.00,173,355800,2898942843.00,8001.00,8250.00,8120.00,8001.00
23049019886587905,20190522,8530.00,8497.00,569,1317542,11238414052.00,8172.00,8790.00,8148.00,8260.00
23049019886587905,20190525,8388.00,8386.00,173,378564,3175455721.00,8240.00,8700.00,8530.00,8700.00
23049019886587905,20190526,8378.00,8361.00,315,581456,4871619195.00,8101.00,8580.00,8388.00,8386.00
23049019886587905,20190528,8380.00,8370.00,294,708563,5937941840.00,8210.00,8550.00,8378.00,8210.00
23049019886587905,20190529,8322.00,8334.00,265,703175,5852148394.00,8200.00,8459.00,8380.00,8459.00
23049019886587905,20190601,8352.00,8350.00,201,522131,4360963562.00,8240.00,8500.00,8322.00,8499.00
23049019886587905,20190602,8148.00,8013.00,487,1106458,9015204004.00,8000.00,8300.00,8352.00,8241.00
23049019886587905,20190603,8029.00,8032.00,353,1101761,8845567514.00,7915.00,8199.00,8148.00,8199.00
23049019886587905,20190608,8001.00,7948.00,247,475237,3802208626.00,7911.00,8279.00,8029.00,7942.00
23049019886587905,20190609,8225.00,8225.00,224,583438,4798623401.00,8000.00,8400.00,8001.00,8000.00
23049019886587905,20190610,8066.00,8072.00,175,284055,2291317394.00,7990.00,8394.00,8225.00,8394.00
23049019886587905,20190611,8481.00,8700.00,532,1315008,11152759647.00,8100.00,8700.00,8066.00,8280.00
23049019886587905,20190612,9279.00,9329.00,279,1105879,10261087666.00,8811.00,9329.00,8481.00,8811.00
23049019886587905,20190615,10097.00,10206.00,414,1700230,17167238965.00,9283.00,10206.00,9279.00,9700.00
23049019886587905,20190616,11104.00,11106.00,753,3486360,38712259054.00,10206.00,11106.00,10097.00,11106.00
23049019886587905,20190617,11908.00,12214.00,495,1394854,16609692680.00,10900.00,12214.00,11104.00,11500.00
23049019886587905,20190618,12970.00,13098.00,495,1297421,16827457160.00,12540.00,13098.00,11908.00,13098.00
23049019886587905,20190619,14267.00,14267.00,77,208414,2973442538.00,14267.00,14267.00,12970.00,14267.00
23049019886587905,20190622,14267.00,14267.00,0,0,0.00,0.00,0.00,14267.00,0.00
23049019886587905,20190623,16252.00,16890.00,956,2199551,35746756658.00,15693.00,17260.00,14267.00,15693.00
23049019886587905,20190624,15844.00,14801.00,1547,2428958,38485005528.00,14660.00,17200.00,16252.00,16890.00
23049019886587905,20190625,15353.00,15500.00,1000,2036987,31274533761.00,14261.00,16000.00,15844.00,15400.00
23049019886587905,20190626,15499.00,15680.00,616,1311207,20322650531.00,14900.00,16000.00,15353.00,15999.00
23049019886587905,20190630,16091.00,15230.00,1061,2215345,35646167357.00,15000.00,17000.00,15499.00,16600.00
23049019886587905,20190701,15054.00,14800.00,712,1005879,15142858841.00,14612.00,15799.00,16091.00,15500.00
23049019886587905,20190702,13822.00,13800.00,1272,2683654,37092547491.00,13600.00,15185.00,15054.00,15185.00
23049019886587905,20190703,14523.00,14101.00,904,1710135,24835594984.00,13601.00,15200.00,13822.00,13798.00
23049019886587905,20190706,14523.00,14101.00,0,0,0.00,0.00,0.00,14523.00,0.00
23049019886587905,20190707,14523.00,14101.00,0,0,0.00,0.00,0.00,14523.00,0.00
23049019886587905,20190708,14523.00,14101.00,0,0,0.00,0.00,0.00,14523.00,0.00
23049019886587905,20190709,14523.00,14101.00,0,0,0.00,0.00,0.00,14523.00,0.00
23049019886587905,20190710,14523.00,14101.00,0,0,0.00,0.00,0.00,14523.00,0.00
23049019886587905,20190713,11866.00,11527.00,0,0,0.00,0.00,0.00,11866.00,0.00
23049019886587905,20190714,11866.00,11527.00,0,0,0.00,0.00,0.00,11866.00,15011.00
23049019886587905,20190715,13411.00,13400.00,321,589594,7907176514.00,12711.00,14000.00,11866.00,14000.00
23049019886587905,20190716,14650.00,14752.00,237,582946,8540076252.00,13500.00,14752.00,13411.00,13500.00
23049019886587905,20190717,15217.00,14505.00,788,1160724,17662643123.00,14505.00,15999.00,14650.00,15990.00
23049019886587905,20190720,14202.00,14073.00,457,715795,10166042287.00,14025.00,14990.00,15217.00,14990.00
23049019886587905,20190721,14561.00,14300.00,546,590946,8604507043.00,14000.00,15000.00,14202.00,14490.00
23049019886587905,20190722,14266.00,14250.00,407,443013,6320068365.00,14100.00,14888.00,14561.00,14888.00
23049019886587905,20190723,13868.00,14600.00,480,630551,8744546930.00,13400.00,14600.00,14266.00,14498.00
23049019886587905,20190724,14543.00,14558.00,332,467282,6795807853.00,13522.00,14800.00,13868.00,14500.00
23049019886587905,20190727,14596.00,14485.00,376,447521,6531951322.00,14200.00,15000.00,14543.00,14500.00
23049019886587905,20190728,14093.00,14110.00,337,363911,5128772671.00,13897.00,14490.00,14596.00,14490.00
23049019886587905,20190729,14314.00,14350.00,384,461203,6601786302.00,13710.00,14800.00,14093.00,14093.00
23049019886587905,20190730,14548.00,14479.00,281,368720,5364091685.00,14123.00,14785.00,14314.00,14123.00
23049019886587905,20190731,13624.00,13094.00,592,1257798,17135680068.00,13094.00,15000.00,14548.00,14600.00
23049019886587905,20190803,14873.00,14900.00,1041,2530032,37629209760.00,13341.00,14986.00,13624.00,13588.00
23049019886587905,20190804,14426.00,14300.00,584,1137869,16415354884.00,14300.00,15299.00,14873.00,14999.00
23049019886587905,20190805,14395.00,14320.00,327,419036,6031960454.00,14251.00,14799.00,14426.00,14799.00
23049019886587905,20190806,14338.00,14270.00,249,580211,8318843028.00,14250.00,14800.00,14395.00,14800.00
23049019886587905,20190807,14178.00,14150.00,428,967990,13723703397.00,14000.00,14485.00,14338.00,14338.00
23049019886587905,20190810,14708.00,14824.00,540,903212,13284683880.00,14470.00,14999.00,14178.00,14484.00
23049019886587905,20190811,14821.00,14890.00,489,872997,12938908071.00,14403.00,15221.00,14708.00,14998.00
23049019886587905,20190813,16060.00,16303.00,1160,3197429,51351862929.00,14600.00,16303.00,14821.00,14949.00
23049019886587905,20190814,16949.00,17219.00,863,1369603,23213410401.00,16505.00,17400.00,16060.00,17000.00
23049019886587905,20190817,16949.00,17219.00,0,0,0.00,0.00,0.00,16949.00,0.00
23049019886587905,20190818,16949.00,17219.00,0,0,0.00,0.00,0.00,16949.00,0.00
23049019886587905,20190819,16949.00,17219.00,0,0,0.00,0.00,0.00,16949.00,0.00
23049019886587905,20190821,16949.00,17219.00,0,0,0.00,0.00,0.00,16949.00,0.00
23049019886587905,20190824,16853.00,17123.00,0,0,0.00,0.00,0.00,16853.00,0.00
23049019886587905,20190825,16853.00,17123.00,0,0,0.00,0.00,0.00,16853.00,0.00
23049019886587905,20190826,20308.00,20894.00,1141,2063412,41904496261.00,19251.00,21000.00,16829.00,20000.00
23049019886587905,20190827,20795.00,20300.00,838,1137982,23664856219.00,19600.00,22222.00,20308.00,21000.00
23049019886587905,20190828,19245.00,19000.00,985,2397721,46145309213.00,18716.00,20795.00,20795.00,18716.00
23049019886587905,20190831,17512.00,17321.00,626,1584929,27754639858.00,17321.00,19000.00,19245.00,18100.00
23049019886587905,20190901,16987.00,16987.00,38,47076,799680012.00,16987.00,16987.00,17512.00,16987.00
23049019886587905,20190902,16478.00,16478.00,60,211808,3490172224.00,16478.00,16478.00,16987.00,16478.00
23049019886587905,20190903,15984.00,15984.00,136,530515,8479751760.00,15984.00,15984.00,16478.00,15984.00
23049019886587905,20190904,16324.00,16463.00,824,3837018,62635237554.00,15505.00,16463.00,15984.00,15505.00
23049019886587905,20190907,16324.00,16463.00,0,0,0.00,0.00,0.00,16324.00,0.00
23049019886587905,20190908,16324.00,16463.00,0,0,0.00,0.00,0.00,16324.00,0.00
23049019886587905,20190911,16324.00,16463.00,0,0,0.00,0.00,0.00,16324.00,0.00
23049019886587905,20190914,16324.00,16463.00,0,0,0.00,0.00,0.00,16324.00,0.00
23049019886587905,20190915,16324.00,16463.00,0,0,0.00,0.00,0.00,16324.00,0.00
23049019886587905,20190916,17303.00,17303.00,52,162981,2820060243.00,17303.00,17303.00,16324.00,17303.00
23049019886587905,20190917,17159.00,16784.00,131,157401,2700866347.00,16784.00,17820.00,17303.00,17820.00
23049019886587905,20190918,16784.00,16784.00,11,3789,63594576.00,16784.00,16784.00,17159.00,16784.00
23049019886587905,20190921,16784.00,16784.00,9,2354,39509536.00,16784.00,16784.00,16784.00,16784.00
23049019886587905,20190922,16784.00,16784.00,17,18424,309228416.00,16784.00,16784.00,16784.00,16784.00
23049019886587905,20190923,16772.00,15777.00,44,128912,2162079025.00,15777.00,16784.00,16784.00,16784.00
23049019886587905,20190924,15316.00,15701.00,259,661401,10129993123.00,15304.00,16247.00,16772.00,15304.00
23049019886587905,20190925,14891.00,14857.00,134,246056,3664139985.00,14857.00,15700.00,15316.00,15700.00
23049019886587905,20190928,14445.00,14445.00,42,30925,446711625.00,14445.00,14445.00,14891.00,14445.00
23049019886587905,20190929,14013.00,14096.00,303,774576,10854432095.00,14012.00,14100.00,14445.00,14012.00
23049019886587905,20190930,14107.00,13860.00,595,1130753,15951864976.00,13650.00,14433.00,14013.00,13650.00
23049019886587905,20191001,13710.00,13684.00,433,973895,13352232715.00,13684.00,14051.00,14107.00,14000.00
23049019886587905,20191002,13309.00,13299.00,371,600762,7995256346.00,13299.00,13682.00,13710.00,13299.00
23049019886587905,20191005,12993.00,12999.00,437,836158,10864285614.00,12910.00,13299.00,13309.00,12910.00
23049019886587905,20191006,13357.00,13382.00,306,519404,6937647921.00,12605.00,13382.00,12993.00,12605.00
23049019886587905,20191007,13756.00,13757.00,201,609730,8387419895.00,13580.00,13757.00,13357.00,13757.00
23049019886587905,20191008,13844.00,13580.00,338,490107,6784990504.00,13344.00,14168.00,13756.00,14168.00
23049019886587905,20191009,13434.00,13480.00,179,415978,5588289979.00,13429.00,13843.00,13844.00,13429.00
23049019886587905,20191012,13092.00,13239.00,258,330906,4332251315.00,13031.00,13344.00,13434.00,13344.00
23049019886587905,20191013,12986.00,12994.00,215,228133,2962497535.00,12700.00,13470.00,13092.00,13041.00
23049019886587905,20191014,12671.00,12620.00,191,364308,4616266819.00,12597.00,13300.00,12986.00,13300.00
23049019886587905,20191015,12337.00,12291.00,209,285365,3520494045.00,12291.00,13000.00,12671.00,12701.00
23049019886587905,20191016,11967.00,11967.00,74,78387,938057229.00,11967.00,11967.00,12337.00,11967.00
23049019886587905,20191020,11608.00,11608.00,36,33380,387475040.00,11608.00,11608.00,11967.00,11608.00
23049019886587905,20191021,11477.00,11956.00,328,749183,8598685628.00,11260.00,11956.00,11608.00,11260.00
23049019886587905,20191022,11821.00,11821.00,81,164241,1941492861.00,11821.00,11821.00,11477.00,11821.00
23049019886587905,20191023,12173.00,12175.00,134,230544,2806368340.00,11961.00,12175.00,11821.00,12175.00
23049019886587905,20191026,12734.00,12781.00,191,406131,5171479072.00,12500.00,12781.00,12173.00,12777.00
23049019886587905,20191028,13116.00,13116.00,46,107700,1412593200.00,13116.00,13116.00,12734.00,13116.00
23049019886587905,20191030,13509.00,13509.00,26,48390,653700510.00,13509.00,13509.00,13116.00,13509.00
23049019886587905,20191102,13509.00,13509.00,0,0,0.00,0.00,0.00,13509.00,0.00
23049019886587905,20191103,13509.00,13509.00,0,0,0.00,0.00,0.00,13509.00,0.00
23049019886587905,20191104,13509.00,13509.00,0,0,0.00,0.00,0.00,13509.00,0.00
23049019886587905,20191105,13509.00,13509.00,0,0,0.00,0.00,0.00,13509.00,0.00
23049019886587905,20191109,14106.00,14000.00,138,125554,1771054198.00,13500.00,14331.00,13509.00,13914.00
23049019886587905,20191110,13709.00,13683.00,138,311520,4270682154.00,13683.00,14200.00,14106.00,14200.00
23049019886587905,20191111,13308.00,13298.00,296,615096,8185599654.00,13298.00,14000.00,13709.00,13298.00
23049019886587905,20191112,13476.00,13437.00,239,244277,3291816500.00,13100.00,13680.00,13308.00,13300.00
23049019886587905,20191113,13819.00,13880.00,306,427625,5909398610.00,13201.00,13880.00,13476.00,13879.00
23049019886587905,20191116,13819.00,13880.00,0,0,0.00,0.00,0.00,13819.00,0.00
23049019886587905,20191117,13819.00,13880.00,0,0,0.00,0.00,0.00,13819.00,0.00
23049019886587905,20191118,13819.00,13880.00,0,0,0.00,0.00,0.00,13819.00,0.00
23049019886587905,20191119,13819.00,13880.00,0,0,0.00,0.00,0.00,13819.00,0.00
23049019886587905,20191120,13952.00,13808.00,140,253564,3537720445.00,13807.00,14233.00,13819.00,14233.00
23049019886587905,20191123,13547.00,13534.00,105,99641,1349854950.00,13534.00,14020.00,13952.00,14020.00
23049019886587905,20191124,13156.00,13150.00,289,495242,6515590234.00,13141.00,13500.00,13547.00,13141.00
23049019886587905,20191125,13121.00,13174.00,188,272148,3570959603.00,12860.00,13500.00,13156.00,13500.00
23049019886587905,20191126,12953.00,12860.00,208,318913,4131000780.00,12802.00,13350.00,13121.00,13350.00
23049019886587905,20191127,12876.00,12959.00,242,382462,4924505155.00,12650.00,13099.00,12953.00,13000.00
23049019886587905,20191130,13202.00,13262.00,167,368520,4865151649.00,12860.00,13262.00,12876.00,13150.00
23049019886587905,20191201,13598.00,13598.00,72,83489,1135283422.00,13598.00,13598.00,13202.00,13598.00
23049019886587905,20191202,13994.00,14005.00,412,1068383,14950608918.00,13601.00,14005.00,13598.00,14005.00
23049019886587905,20191203,14016.00,13750.00,496,744969,10441339624.00,13700.00,14550.00,13994.00,14550.00
23049019886587905,20191204,13892.00,14100.00,466,739313,10270512599.00,13596.00,14350.00,14016.00,14000.00
23049019886587905,20191207,14308.00,14308.00,104,176967,2532043836.00,14308.00,14308.00,13892.00,14308.00
23049019886587905,20191208,14737.00,14737.00,66,196829,2900668973.00,14737.00,14737.00,14308.00,14737.00
23049019886587905,20191209,15179.00,15179.00,49,104347,1583883113.00,15179.00,15179.00,14737.00,15179.00
23049019886587905,20191210,15190.00,14600.00,711,1266264,19234416734.00,14421.00,15851.00,15179.00,15700.00
23049019886587905,20191211,15551.00,15645.00,640,1249158,19425916674.00,15005.00,15645.00,15190.00,15598.00
23049019886587905,20191214,16017.00,16017.00,145,332185,5320606145.00,16016.00,16017.00,15551.00,16017.00
23049019886587905,20191215,16465.00,16497.00,481,1112031,18309054164.00,16025.00,16497.00,16017.00,16497.00
23049019886587905,20191216,16052.00,16098.00,744,1171056,18797914986.00,15642.00,17000.00,16465.00,17000.00
23049019886587905,20191217,16050.00,16290.00,663,895860,14378489248.00,15572.00,16500.00,16052.00,16200.00
23049019886587905,20191218,16113.00,16002.00,371,724051,11666662084.00,15803.00,16486.00,16050.00,16486.00
23049019886587905,20191221,15969.00,16051.00,387,546173,8722004777.00,15703.00,16200.00,16113.00,16200.00
23049019886587905,20191222,16374.00,16448.00,391,750766,12293042280.00,16000.00,16448.00,15969.00,16200.00
23049019886587905,20191223,16116.00,16290.00,543,1324684,21349099816.00,15883.00,16864.00,16374.00,16848.00
23049019886587905,20191224,15973.00,16000.00,355,543513,8681639221.00,15633.00,16396.00,16116.00,16396.00
23049019886587905,20191225,15675.00,15690.00,728,1323694,20749005239.00,15494.00,16200.00,15973.00,15975.00
23049019886587905,20191228,15998.00,16145.00,476,1191498,19061630896.00,15675.00,16145.00,15675.00,15690.00
23049019886587905,20191229,16470.00,16477.00,253,997445,16428350594.00,16150.00,16477.00,15998.00,16477.00
23049019886587905,20191230,16964.00,16964.00,97,264244,4482635216.00,16964.00,16964.00,16470.00,16964.00
23049019886587905,20191231,17742.00,17812.00,567,1624650,28824695012.00,17050.00,17812.00,16964.00,17812.00
23049019886587905,20200101,18257.00,18274.00,468,1278803,23347207046.00,17755.00,18274.00,17742.00,18274.00
23049019886587905,20200104,17710.00,17710.00,260,1383114,24494948940.00,17710.00,17710.00,18257.00,17710.00
23049019886587905,20200105,17727.00,18241.00,408,2850513,50530934296.00,17179.00,18241.00,17710.00,17179.00
23049019886587905,20200107,18092.00,18258.00,858,4232336,76571976607.00,17196.00,18258.00,17727.00,18258.00
23049019886587905,20200108,18453.00,18453.00,337,2103693,38819446929.00,18453.00,18453.00,18092.00,18453.00
23049019886587905,20200111,18822.00,18822.00,558,4662837,87763918014.00,18822.00,18822.00,18453.00,18822.00
23049019886587905,20200112,19763.00,19763.00,32,112837,2229997631.00,19763.00,19763.00,18822.00,19763.00
23049019886587905,20200113,20355.00,20355.00,133,539756,10986733380.00,20355.00,20355.00,19763.00,20355.00
23049019886587905,20200114,20965.00,20965.00,237,706372,14809088980.00,20965.00,20965.00,20355.00,20965.00
23049019886587905,20200115,21158.00,20965.00,1357,2652372,56119861118.00,20337.00,21593.00,20965.00,21593.00
23049019886587905,20200118,21037.00,21370.00,1202,1960904,41252465579.00,20524.00,21750.00,21158.00,20999.00
23049019886587905,20200119,20500.00,20408.00,1656,3896616,79880624105.00,20406.00,21595.00,21037.00,21595.00
23049019886587905,20200120,20902.00,21115.00,834,1567988,32774234240.00,20050.00,21115.00,20500.00,20050.00
23049019886587905,20200121,21445.00,21190.00,592,994014,21316566875.00,21000.00,21529.00,20902.00,21529.00
23049019886587905,20200122,21922.00,22088.00,380,878239,19252654795.00,21002.00,22088.00,21445.00,22085.00
23049019886587905,20200125,22579.00,22579.00,69,193274,4363933646.00,22579.00,22579.00,21922.00,22579.00
23049019886587905,20200126,23256.00,23256.00,47,119449,2777905944.00,23256.00,23256.00,22579.00,23256.00
23049019886587905,20200127,24331.00,24418.00,956,1792082,43602381004.00,23504.00,24418.00,23256.00,24418.00
23049019886587905,20200128,25060.00,25060.00,139,271034,6792112040.00,25060.00,25060.00,24331.00,25060.00
23049019886587905,20200201,24667.00,24390.00,907,1485172,36634621653.00,24309.00,25811.00,25060.00,25811.00
23049019886587905,20200202,23965.00,23927.00,675,799280,19154588842.00,23927.00,24630.00,24667.00,24630.00
23049019886587905,20200203,23299.00,23247.00,770,1181465,27527113155.00,23247.00,24390.00,23965.00,24390.00
23049019886587905,20200204,23696.00,23798.00,803,1285414,30459559504.00,22601.00,23997.00,23299.00,22853.00
23049019886587905,20200205,23432.00,23190.00,664,797200,18680047488.00,22986.00,24398.00,23696.00,23999.00
23049019886587905,20200208,22981.00,22730.00,564,709041,16294598934.00,22730.00,23851.00,23432.00,22850.00
23049019886587905,20200209,22523.00,22999.00,769,853058,19213828835.00,22292.00,23398.00,22981.00,22730.00
23049019886587905,20200210,23092.00,23198.00,566,878822,20294120429.00,22000.00,23198.00,22523.00,23197.00
23049019886587905,20200212,23455.00,23199.00,418,522588,12257248818.00,23094.00,23780.00,23092.00,23780.00
23049019886587905,20200215,22807.00,22752.00,450,649029,14802414218.00,22752.00,24040.00,23455.00,24040.00
23049019886587905,20200216,22178.00,22299.00,617,896754,19888367709.00,22123.00,23000.00,22807.00,22221.00
23049019886587905,20200217,22178.00,22031.00,546,789990,17520428319.00,21788.00,22810.00,22178.00,22124.00
23049019886587905,20200218,21913.00,22000.00,518,1249694,27384047465.00,21655.00,22399.00,22178.00,22399.00
23049019886587905,20200219,22546.00,22570.00,162,254593,5740179434.00,22001.00,22570.00,21913.00,22508.00
23049019886587905,20200222,23088.00,23222.00,470,696318,16076771478.00,21870.00,23222.00,22546.00,23000.00
23049019886587905,20200223,23763.00,23780.00,205,227946,5416748330.00,23509.00,23780.00,23088.00,23780.00
23049019886587905,20200224,23663.00,23397.00,625,817698,19349224103.00,23129.00,24474.00,23763.00,24474.00
23049019886587905,20200225,23442.00,24280.00,1030,1893715,44391603834.00,22954.00,24300.00,23663.00,23498.00
23049019886587905,20200226,23959.00,23670.00,831,1811370,43399342417.00,23204.00,24145.00,23442.00,24145.00
23049019886587905,20200229,23249.00,23241.00,173,333796,7760377397.00,23241.00,23484.00,23959.00,23241.00
23049019886587905,20200301,22675.00,22552.00,1127,1882330,42682697462.00,22552.00,23200.00,23249.00,22552.00
23049019886587905,20200302,22254.00,22350.00,1069,1184117,26351386179.00,21995.00,23146.00,22675.00,22000.00
23049019886587905,20200303,22817.00,22921.00,475,747135,17096544848.00,22407.00,22921.00,22254.00,22918.00
23049019886587905,20200304,23419.00,23501.00,534,823759,19298617723.00,22155.00,23501.00,22817.00,23501.00
23049019886587905,20200307,23384.00,23110.00,676,617680,14435388316.00,22806.00,23900.00,23419.00,23230.00
23049019886587905,20200309,22983.00,22683.00,421,613982,14014752520.00,22683.00,23840.00,23384.00,23840.00
23049019886587905,20200310,23152.00,22931.00,493,612518,14222081304.00,22294.00,23670.00,22983.00,22294.00
23049019886587905,20200311,23430.00,23595.00,618,581219,13693608561.00,22611.00,23800.00,23152.00,23800.00
23049019886587905,20200314,22942.00,22728.00,500,663001,15117416682.00,22728.00,23901.00,23430.00,23900.00
23049019886587905,20200315,22902.00,22656.00,211,165795,3769183144.00,22254.00,23630.00,22942.00,22254.00
23049019886587905,20200316,22813.00,22900.00,386,267053,6039924872.00,22310.00,23588.00,22902.00,23588.00
23049019886587905,20200317,23207.00,23480.00,554,794299,18456880649.00,22249.00,23497.00,22813.00,22800.00
23049019886587905,20200318,23639.00,23903.00,440,577703,13775894397.00,23400.00,23903.00,23207.00,23400.00
23049019886587905,20200324,24077.00,24348.00,538,591231,14346733095.00,23700.00,24348.00,23639.00,24348.00
23049019886587905,20200325,24603.00,24799.00,440,644124,15953657941.00,24450.00,24799.00,24077.00,24799.00
23049019886587905,20200328,25027.00,25341.00,442,466894,11831409331.00,25300.00,25341.00,24603.00,25341.00
23049019886587905,20200329,24871.00,24277.00,688,942014,23428716770.00,24277.00,25777.00,25027.00,25777.00
23049019886587905,20200330,24146.00,24125.00,586,914132,22072805092.00,24125.00,24980.00,24871.00,24125.00
23049019886587905,20200404,23669.00,24100.00,1141,1345722,31851910565.00,23422.00,24695.00,24146.00,23425.00
23049019886587905,20200405,23961.00,23600.00,711,985345,23609440996.00,23210.00,24379.00,23669.00,24379.00
23049019886587905,20200406,24244.00,24679.00,763,1133507,27480722707.00,23346.00,24679.00,23961.00,23900.00
23049019886587905,20200407,24621.00,24971.00,302,429087,10714731477.00,24971.00,24971.00,24244.00,24971.00
23049019886587905,20200408,24243.00,24031.00,800,960672,23289382325.00,24000.00,25350.00,24621.00,25350.00
23049019886587905,20200411,23702.00,23750.00,720,933048,22114870021.00,23516.00,24230.00,24243.00,24230.00
23049019886587905,20200412,23757.00,23842.00,665,834900,19834390501.00,23012.00,24100.00,23702.00,23900.00
23049019886587905,20200413,23662.00,23523.00,449,513866,12129710992.00,23255.00,24410.00,23757.00,24410.00
23049019886587905,20200414,23008.00,23200.00,752,928698,21367749970.00,22953.00,23425.00,23662.00,23070.00
23049019886587905,20200415,23049.00,23395.00,940,1133418,26124382439.00,22667.00,23495.00,23008.00,22667.00
23049019886587905,20200418,23485.00,23740.00,293,554122,13150436469.00,23600.00,23740.00,23049.00,23720.00
23049019886587905,20200419,24083.00,23800.00,578,1180521,28430751696.00,22781.00,24189.00,23485.00,24189.00
23049019886587905,20200420,24486.00,24784.00,715,930915,22794662238.00,23660.00,24800.00,24083.00,24789.00
23049019886587905,20200421,24411.00,24500.00,655,865137,21118621924.00,23752.00,25149.00,24486.00,25149.00
23049019886587905,20200422,24998.00,25143.00,374,782033,19599869878.00,24662.00,25143.00,24411.00,24799.00
23049019886587905,20200425,25388.00,25747.00,188,416118,10713790146.00,25747.00,25747.00,24998.00,25747.00
23049019886587905,20200426,25820.00,26149.00,242,454499,11884694351.00,26149.00,26149.00,25388.00,26149.00
23049019886587905,20200427,27111.00,27111.00,927,2819446,76437866153.00,27101.00,27111.00,25820.00,27111.00
23049019886587905,20200428,27792.00,27924.00,2065,3587524,99702984569.00,27111.00,27924.00,27111.00,27924.00
23049019886587905,20200429,28623.00,28625.00,1418,2240928,64141107864.00,28205.00,28625.00,27792.00,28625.00
23049019886587905,20200502,29273.00,29481.00,1511,2342549,68573274803.00,28625.00,29481.00,28623.00,29476.00
23049019886587905,20200503,29987.00,29300.00,1864,2192673,65751864974.00,28701.00,30151.00,29273.00,30151.00
23049019886587905,20200504,29443.00,29088.00,362,423041,12305416608.00,29088.00,29088.00,29987.00,29088.00
23049019886587905,20200505,29220.00,28560.00,127,176103,5029501680.00,28560.00,28560.00,29443.00,28560.00
23049019886587905,20200506,28748.00,28344.00,131,376211,10663324584.00,28344.00,28344.00,29220.00,28344.00
23049019886587905,20200509,27539.00,27450.00,3551,7100153,195533886785.00,27311.00,28685.00,28748.00,27311.00
23049019886587905,20200510,26988.00,26713.00,1226,1914460,51666790516.00,26713.00,28040.00,27539.00,28040.00
23049019886587905,20200511,26179.00,26179.00,578,731914,19160776606.00,26179.00,26179.00,26988.00,26179.00
23049019886587905,20200512,25818.00,25394.00,281,319983,8125648302.00,25394.00,25394.00,26179.00,25394.00
23049019886587905,20200513,24533.00,24528.00,482,692902,16995500256.00,24528.00,24528.00,25818.00,24528.00
23049019886587905,20200516,24337.00,23798.00,153,217472,5175398656.00,23798.00,23798.00,24533.00,23798.00
23049019886587905,20200517,24235.00,23607.00,117,113678,2683596546.00,23607.00,23607.00,24337.00,23607.00
23049019886587905,20200518,23630.00,23508.00,1943,3487543,82410128482.00,23508.00,24528.00,24235.00,23508.00
23049019886587905,20200519,23685.00,24440.00,50,55597,1358790680.00,24440.00,24440.00,23630.00,24440.00
23049019886587905,20200520,23121.00,22975.00,665,1055812,24411938120.00,22975.00,24300.00,23685.00,24300.00
23049019886587905,20200523,22496.00,22428.00,735,1001155,22521566762.00,22428.00,23120.00,23121.00,22438.00
23049019886587905,20200526,22246.00,21822.00,283,321568,7018073037.00,21822.00,21957.00,22496.00,21822.00
23049019886587905,20200527,21378.00,21698.00,1065,1599959,34204487948.00,21134.00,23000.00,22246.00,21134.00
23049019886587905,20200530,21845.00,22019.00,494,727455,15988743824.00,21200.00,22019.00,21378.00,21200.00
23049019886587905,20200531,21642.00,21190.00,647,850681,18393396011.00,21190.00,22500.00,21845.00,22500.00
23049019886587905,20200601,21642.00,21650.00,22,15000,324750000.00,21650.00,21650.00,21642.00,21650.00
23049019886587905,20200602,21284.00,21400.00,1099,1417488,30169682131.00,20993.00,22100.00,21642.00,22000.00
23049019886587905,20200606,22945.00,24600.00,131,470693,11579047800.00,24600.00,24600.00,21284.00,24600.00
23049019886587905,20200607,23202.00,23633.00,112,351017,8295584761.00,23633.00,23633.00,22945.00,23633.00
23049019886587905,20200608,23487.00,23898.00,150,384639,9192102822.00,23898.00,23898.00,23202.00,23898.00
23049019886587905,20200609,23720.00,24191.00,143,310892,7520788372.00,24191.00,24191.00,23487.00,24191.00
23049019886587905,20200610,24275.00,24906.00,149,439425,10944319050.00,24906.00,24906.00,23720.00,24906.00
23049019886587905,20200613,24889.00,25003.00,163,694535,17365458605.00,25003.00,25003.00,24275.00,25003.00
23049019886587905,20200614,25619.00,25635.00,1675,3561309,91237254134.00,25003.00,25635.00,24889.00,25635.00
23049019886587905,20200615,26042.00,26387.00,252,454145,11983524115.00,26387.00,26387.00,25619.00,26387.00
23049019886587905,20200616,26823.00,26823.00,627,1109812,29768071348.00,26700.00,26823.00,26042.00,26823.00
23049019886587905,20200620,28666.00,28261.00,1129,1924383,55163921462.00,28130.00,29870.00,26823.00,29000.00
23049019886587905,20200621,27807.00,27807.00,500,943077,26224446107.00,27807.00,27990.00,28666.00,27807.00
23049019886587905,20200622,27090.00,26973.00,299,641030,17290502190.00,26973.00,26973.00,27807.00,26973.00
23049019886587905,20200623,26514.00,26278.00,447,529100,13903689800.00,26278.00,26278.00,27090.00,26278.00
23049019886587905,20200624,25599.00,25189.00,232,515169,12976591941.00,25189.00,25189.00,26514.00,25189.00
23049019886587905,20200627,25265.00,24832.00,269,340546,8456438272.00,24832.00,24832.00,25599.00,24832.00
23049019886587905,20200628,25022.00,24508.00,181,250668,6143371344.00,24508.00,24508.00,25265.00,24508.00
23049019886587905,20200629,24815.00,24272.00,128,215375,5227582000.00,24272.00,24272.00,25022.00,24272.00
23049019886587905,20200630,25404.00,26055.00,3070,6238644,158488576165.00,23575.00,26055.00,24815.00,23575.00
23049019886587905,20200701,25079.00,25390.00,2338,3474408,87134258378.00,24642.00,26166.00,25404.00,26166.00
23049019886587905,20200704,25079.00,25390.00,0,0,0.00,0.00,0.00,25079.00,0.00
23049019886587905,20200705,25079.00,25390.00,0,0,0.00,0.00,0.00,25079.00,0.00
23049019886587905,20200706,25079.00,25390.00,0,0,0.00,0.00,0.00,25079.00,0.00
23049019886587905,20200707,25267.00,25831.00,101,198879,5137243449.00,25831.00,25831.00,25079.00,25831.00
23049019886587905,20200708,25005.00,24509.00,210,275673,6756469557.00,24509.00,24509.00,25267.00,24509.00
23049019886587905,20200711,24895.00,24255.00,111,116918,2835846090.00,24255.00,24255.00,25005.00,24255.00
23049019886587905,20200712,24309.00,24149.00,3201,6947324,168885604419.00,24149.00,25000.00,24895.00,24149.00
23049019886587905,20200713,25178.00,25524.00,924,1961932,49398103576.00,23650.00,25524.00,24309.00,24000.00
23049019886587905,20200714,25933.00,25933.00,484,861421,22339230793.00,25933.00,25933.00,25178.00,25933.00
23049019886587905,20200715,26601.00,26710.00,955,2536922,67484092024.00,25500.00,26710.00,25933.00,26710.00
23049019886587905,20200718,26601.00,26710.00,0,0,0.00,0.00,0.00,26601.00,0.00
23049019886587905,20200719,26601.00,26710.00,0,0,0.00,0.00,0.00,26601.00,0.00
23049019886587905,20200720,26601.00,26710.00,0,0,0.00,0.00,0.00,26601.00,0.00
23049019886587905,20200721,26601.00,26710.00,0,0,0.00,0.00,0.00,26601.00,0.00
23049019886587905,20200722,26601.00,26710.00,0,0,0.00,0.00,0.00,26601.00,0.00
23049019886587905,20200725,26421.00,26530.00,0,0,0.00,0.00,0.00,26421.00,0.00
23049019886587905,20200726,26235.00,27000.00,890,2297714,60281222701.00,26103.00,27200.00,26421.00,26910.00
23049019886587905,20200727,27022.00,27022.00,616,1077102,29105450244.00,27022.00,27022.00,26235.00,27022.00
23049019886587905,20200728,27093.00,26254.00,1385,3667269,99355506462.00,26212.00,27832.00,27022.00,27832.00
23049019886587905,20200729,26758.00,27800.00,1160,2201979,58920987719.00,26282.00,27849.00,27093.00,26290.00
23049019886587905,20200801,27130.00,27560.00,230,346878,9559957680.00,27560.00,27560.00,26758.00,27560.00
23049019886587905,20200802,27537.00,27943.00,181,373853,10446574379.00,27943.00,27943.00,27130.00,27943.00
23049019886587905,20200803,28262.00,27800.00,765,2053063,58023182908.00,27038.00,28363.00,27537.00,28363.00
23049019886587905,20200804,27856.00,27415.00,1451,3741181,104215789106.00,27415.00,29000.00,28262.00,28800.00
23049019886587905,20200805,27105.00,27021.00,416,832423,22562813704.00,27021.00,28628.00,27856.00,28628.00
23049019886587905,20200809,26325.00,26292.00,596,1266830,33349202879.00,26292.00,27000.00,27105.00,26294.00
23049019886587905,20200810,25588.00,26325.00,571,1109025,28377709495.00,25536.00,26476.00,26325.00,25664.00
23049019886587905,20200811,26324.00,26355.00,509,1338386,35231438650.00,25100.00,26355.00,25588.00,26192.00
23049019886587905,20200812,26992.00,27113.00,581,1381491,37288762367.00,26000.00,27113.00,26324.00,27113.00
23049019886587905,20200815,27768.00,27801.00,841,2933991,81469993566.00,26500.00,27801.00,26992.00,27801.00
23049019886587905,20200816,29156.00,29156.00,222,1147647,33460795932.00,29156.00,29156.00,27768.00,29156.00
23049019886587905,20200817,30030.00,30030.00,184,753563,22629496890.00,30030.00,30030.00,29156.00,30030.00
23049019886587905,20200818,30889.00,30930.00,1022,4849411,149795728810.00,29310.00,30930.00,30030.00,30930.00
23049019886587905,20200819,31495.00,31815.00,1350,4226333,133110146834.00,30112.00,31815.00,30889.00,31400.00
23049019886587905,20200822,31244.00,30551.00,254,848845,26521149793.00,30551.00,32400.00,31495.00,32400.00
23049019886587905,20200823,31201.00,30307.00,45,29106,882115542.00,30307.00,30307.00,31244.00,30307.00
23049019886587905,20200824,31132.00,30265.00,41,46866,1418399490.00,30265.00,30265.00,31201.00,30265.00
23049019886587905,20200825,29961.00,29723.00,913,2934804,87930788010.00,29576.00,32110.00,31132.00,29576.00
23049019886587905,20200826,29276.00,29063.00,1084,2053697,60124002012.00,29063.00,30800.00,29961.00,29063.00
23049019886587905,20200831,28426.00,28398.00,356,1438916,40902183428.00,28398.00,29200.00,29276.00,28398.00
23049019886587905,20200901,27969.00,27800.00,562,2233527,62469632803.00,27574.00,29000.00,28426.00,28000.00
23049019886587905,20200902,28781.00,28808.00,554,2369975,68210783975.00,27500.00,28808.00,27969.00,28790.00
23049019886587905,20200905,29579.00,29644.00,428,1427898,42236416182.00,28013.00,29644.00,28781.00,29644.00
23049019886587905,20200906,30403.00,30466.00,225,649031,19770088761.00,30150.00,30466.00,29579.00,30466.00
23049019886587905,20200907,31880.00,31923.00,809,1903717,60690851557.00,30505.00,31923.00,30403.00,31923.00
23049019886587905,20200908,32462.00,30924.00,625,1619097,52558898420.00,30924.00,32836.00,31880.00,32000.00
23049019886587905,20200909,32336.00,31489.00,58,89865,2829758985.00,31489.00,31489.00,32462.00,31489.00
23049019886587905,20200912,32055.00,31366.00,53,179400,5627060400.00,31366.00,31366.00,32336.00,31366.00
23049019886587905,20200913,31954.00,30453.00,36,39147,1192143591.00,30453.00,30453.00,32055.00,30453.00
23049019886587905,20200914,31927.00,30996.00,30,17171,532232316.00,30996.00,30996.00,31954.00,30996.00
23049019886587905,20200915,31704.00,30970.00,63,144416,4472563520.00,30970.00,30970.00,31927.00,30970.00
23049019886587905,20200916,30756.00,30753.00,304,841370,25877474349.00,30753.00,31400.00,31704.00,30753.00
23049019886587905,20200919,30396.00,29219.00,107,152375,4452245125.00,29219.00,29219.00,30756.00,29219.00
23049019886587905,20200920,30395.00,29485.00,2,400,11794000.00,29485.00,29485.00,30396.00,29485.00
23049019886587905,20200921,30387.00,29484.00,13,6061,178702524.00,29484.00,29484.00,30395.00,29484.00
23049019886587905,20200922,30382.00,29476.00,5,3611,106437836.00,29476.00,29476.00,30387.00,29476.00
23049019886587905,20200923,29056.00,28863.00,338,1343373,39033040073.00,28863.00,30123.00,30382.00,28863.00
23049019886587905,20200926,29043.00,28185.00,14,10546,297239010.00,28185.00,28185.00,29056.00,28185.00
23049019886587905,20200927,29039.00,28172.00,3,2988,84177936.00,28172.00,28172.00,29043.00,28172.00
23049019886587905,20200928,29039.00,28168.00,1,200,5633600.00,28168.00,28168.00,29039.00,28168.00
23049019886587905,20200929,29022.00,27588.00,10,8264,227987232.00,27588.00,27588.00,29039.00,27588.00
23049019886587905,20200930,29020.00,28152.00,5,1361,38314872.00,28152.00,28152.00,29022.00,28152.00
23049019886587905,20201003,28989.00,28150.00,11,24716,695755400.00,28150.00,28150.00,29020.00,28150.00
23049019886587905,20201004,28948.00,28120.00,7,32465,912915800.00,28120.00,28120.00,28989.00,28120.00
23049019886587905,20201005,28611.00,27501.00,21,160672,4418640672.00,27501.00,27501.00,28948.00,27501.00
23049019886587905,20201006,28611.00,27501.00,0,0,0.00,0.00,0.00,28948.00,0.00
23049019886587905,20201007,28798.00,29469.00,960,3655358,105267481036.00,27753.00,29469.00,28611.00,27753.00
23049019886587905,20201010,29036.00,29661.00,734,2311249,67108956239.00,27935.00,29661.00,28798.00,27936.00
23049019886587905,20201011,28862.00,28165.00,971,2467066,71203286186.00,28165.00,29907.00,29036.00,29907.00
23049019886587905,20201012,29345.00,29727.00,1037,2888125,84753234387.00,27997.00,29727.00,28862.00,27997.00
23049019886587905,20201013,30155.00,30225.00,936,3134052,94508436358.00,29000.00,30225.00,29345.00,29000.00
23049019886587905,20201014,30626.00,31059.00,970,2521511,77224872962.00,29262.00,31059.00,30155.00,31059.00
23049019886587905,20201018,30307.00,30599.00,697,1318113,39948068348.00,29708.00,31539.00,30626.00,31500.00
23049019886587905,20201019,30133.00,29398.00,74,124803,3668977900.00,29398.00,29450.00,30307.00,29398.00
23049019886587905,20201020,30068.00,29230.00,34,46793,1367759390.00,29230.00,29230.00,30133.00,29230.00
23049019886587905,20201021,29247.00,29166.00,334,957026,27989766944.00,29166.00,30968.00,30068.00,29166.00
23049019886587905,20201024,28558.00,27790.00,321,386541,10833822640.00,27785.00,30000.00,29247.00,28430.00
23049019886587905,20201026,28084.00,28750.00,369,706863,19851418402.00,27702.00,29199.00,28558.00,27750.00
23049019886587905,20201027,27655.00,27242.00,225,428624,11743802304.00,27242.00,28888.00,28084.00,28000.00
23049019886587905,20201028,27154.00,26980.00,228,425458,11423244637.00,26826.00,27242.00,27655.00,26827.00
23049019886587905,20201031,26812.00,26340.00,200,315572,8317170591.00,26340.00,27242.00,27154.00,26500.00
23049019886587905,20201101,26151.00,25472.00,142,374886,9564405160.00,25472.00,26800.00,26812.00,25500.00
23049019886587905,20201102,26085.00,25367.00,65,62353,1581708551.00,25367.00,25367.00,26151.00,25367.00
23049019886587905,20201104,26250.00,26867.00,457,698323,18337285879.00,25303.00,26867.00,26085.00,26750.00
23049019886587905,20201107,26979.00,27037.00,216,705928,19086175336.00,27037.00,27037.00,26250.00,27037.00
23049019886587905,20201108,27603.00,27788.00,793,1690733,46669424688.00,26960.00,27788.00,26979.00,27788.00
23049019886587905,20201109,27795.00,28400.00,656,1237464,34395721503.00,26223.00,28900.00,27603.00,28900.00
23049019886587905,20201110,27827.00,28311.00,702,1231399,34266047328.00,26965.00,28398.00,27795.00,27500.00
23049019886587905,20201111,28586.00,28661.00,607,1777034,50797694577.00,27550.00,28661.00,27827.00,27550.00
23049019886587905,20201114,28005.00,27729.00,599,953415,26700798782.00,27729.00,29350.00,28586.00,29350.00
23049019886587905,20201115,27803.00,27165.00,72,168068,4565567220.00,27165.00,27165.00,28005.00,27165.00
23049019886587905,20201116,28301.00,28600.00,1598,4155723,117611335174.00,26969.00,28637.00,27803.00,26969.00
23049019886587905,20201117,28878.00,28700.00,672,1045648,30196184196.00,27700.00,29150.00,28301.00,27700.00
23049019886587905,20201118,28361.00,28012.00,1202,3359117,95269143200.00,28012.00,29700.00,28878.00,29160.00
23049019886587905,20201121,27603.00,27511.00,827,2344841,64723776395.00,27511.00,28700.00,28361.00,27511.00
23049019886587905,20201122,28431.00,28431.00,346,1735668,49346776908.00,28431.00,28431.00,27603.00,28431.00
23049019886587905,20201123,29283.00,29283.00,776,3272912,95840550882.00,29279.00,29283.00,28431.00,29283.00
23049019886587905,20201124,30109.00,30161.00,765,2739734,82491143500.00,28405.00,30161.00,29283.00,30161.00
23049019886587905,20201125,31614.00,31614.00,728,2238480,70766716865.00,31603.00,31614.00,30109.00,31610.00
23049019886587905,20201128,32389.00,32562.00,247,517250,16842694500.00,32562.00,32562.00,31614.00,32562.00
23049019886587905,20201129,32620.00,33360.00,88,150335,5015175600.00,33360.00,33360.00,32389.00,33360.00
23049019886587905,20201130,33434.00,33598.00,161,526277,17681854646.00,33598.00,33598.00,32620.00,33598.00
23049019886587905,20201201,34264.00,35105.00,514,1457445,49938030285.00,31763.00,35105.00,33434.00,34000.00
23049019886587905,20201202,34751.00,35291.00,108,299687,10576253917.00,35291.00,35291.00,34264.00,35291.00
23049019886587905,20201205,35219.00,35793.00,78,258640,9257501520.00,35793.00,35793.00,34751.00,35793.00
23049019886587905,20201206,35795.00,36275.00,104,314141,11395464775.00,36275.00,36275.00,35219.00,36275.00
23049019886587905,20201207,35893.00,37584.00,2469,9599504,344550322946.00,34006.00,37584.00,35795.00,37547.00
23049019886587905,20201208,36151.00,36969.00,92,137784,5093736696.00,36969.00,36969.00,35893.00,36969.00
23049019886587905,20201209,36765.00,37235.00,111,325834,12132428990.00,37235.00,37235.00,36151.00,37235.00
23049019886587905,20201212,37517.00,37867.00,108,371061,14050966887.00,37867.00,37867.00,36765.00,37867.00
23049019886587905,20201213,37517.00,37867.00,0,0,0.00,0.00,0.00,37517.00,0.00
23049019886587905,20201214,37517.00,37867.00,0,0,0.00,0.00,0.00,37517.00,0.00
23049019886587905,20201215,37517.00,37867.00,0,0,0.00,0.00,0.00,37517.00,0.00
23049019886587905,20201216,42691.00,42848.00,222,987519,42158614368.00,41600.00,42848.00,37517.00,41600.00
23049019886587905,20201219,43389.00,43971.00,153,255468,11233183428.00,43971.00,43971.00,42691.00,43971.00
23049019886587905,20201220,44136.00,44690.00,103,268876,12016068440.00,44690.00,44690.00,43389.00,44690.00
23049019886587905,20201221,45177.00,44000.00,1053,1911699,86364491055.00,43200.00,45460.00,44136.00,45460.00
23049019886587905,20201222,45447.00,46532.00,460,1093247,49684961924.00,43822.00,46532.00,45177.00,43822.00
23049019886587905,20201223,45983.00,46810.00,110,184175,8621231750.00,46810.00,46810.00,45447.00,46810.00
23049019886587905,20201226,47362.00,47362.00,223,487797,23103041514.00,47362.00,47362.00,45983.00,47362.00
23049019886587905,20201227,49730.00,49730.00,226,459709,22861328570.00,49730.00,49730.00,47362.00,49730.00
23049019886587905,20201228,51202.00,51221.00,1329,3914092,200411292672.00,49767.00,51221.00,49730.00,51221.00
23049019886587905,20201229,52594.00,52738.00,1749,4057603,213404127805.00,51300.00,52738.00,51202.00,52738.00
23049019886587905,20201230,54024.00,54171.00,227,394425,21366396675.00,54171.00,54171.00,52594.00,54171.00
23049019886587905,20210102,56725.00,56725.00,641,2302602,130615098450.00,56725.00,56725.00,54024.00,56725.00
23049019886587905,20210103,58421.00,58426.00,906,2175351,127086135563.00,57520.00,58426.00,56725.00,58426.00
23049019886587905,20210104,60173.00,60173.00,463,1014981,61074451713.00,60173.00,60173.00,58421.00,60173.00
23049019886587905,20210105,61905.00,61978.00,163,355196,22014337688.00,61978.00,61978.00,60173.00,61978.00
23049019886587905,20210106,65000.00,65000.00,349,1094056,71113640000.00,65000.00,65000.00,61905.00,65000.00
23049019886587905,20210109,66043.00,63750.00,5337,8405561,555126542390.00,63050.00,66950.00,65000.00,66950.00
23049019886587905,20210110,64062.00,64062.00,233,689787,44189134794.00,64062.00,64062.00,66043.00,64062.00
23049019886587905,20210111,62590.00,62141.00,2629,13853170,867075625519.00,62141.00,65983.00,64062.00,62141.00
23049019886587905,20210112,61612.00,62060.00,4124,9377121,577739723593.00,60713.00,64458.00,62590.00,60713.00
23049019886587905,20210113,60518.00,59764.00,2359,5572203,337219296167.00,59764.00,63370.00,61612.00,61000.00
23049019886587905,20210116,62333.00,62333.00,1276,4723034,294399681379.00,62260.00,62333.00,60518.00,62333.00
23049019886587905,20210118,64202.00,64202.00,416,1340015,86031643030.00,64202.00,64202.00,62333.00,64202.00
23049019886587905,20210119,66128.00,66128.00,181,437012,28898729536.00,66128.00,66128.00,64202.00,66128.00
23049019886587905,20210120,69434.00,69434.00,129,384343,26686471862.00,69434.00,69434.00,66128.00,69434.00
23049019886587905,20210123,71506.00,71517.00,1242,3502531,250453142445.00,70687.00,71517.00,69434.00,71517.00
23049019886587905,20210124,73651.00,73651.00,153,462866,34090543766.00,73651.00,73651.00,71506.00,73651.00
23049019886587905,20210125,75860.00,75860.00,111,503199,38172676140.00,75860.00,75860.00,73651.00,75860.00
23049019886587905,20210126,79653.00,79653.00,136,361107,28763255871.00,79653.00,79653.00,75860.00,79653.00
23049019886587905,20210127,82042.00,82042.00,374,1494284,122594047928.00,82042.00,82042.00,79653.00,82042.00
23049019886587905,20210130,84503.00,84503.00,183,491345,41520126535.00,84503.00,84503.00,82042.00,84503.00
23049019886587905,20210131,86152.00,87038.00,3931,7726900,665686622525.00,81968.00,87038.00,84503.00,87038.00
23049019886587905,20210201,83995.00,81845.00,5628,7632606,641100345274.00,81845.00,89000.00,86152.00,89000.00
23049019886587905,20210202,81587.00,81476.00,989,1566020,127766194814.00,81476.00,82890.00,83995.00,81476.00
