24018878640527909,20110807,1000.00,1000.00,0,0,0.00,0.00,0.00,0.00,0.00
24018878640527909,20110808,1000.00,1000.00,0,0,0.00,0.00,0.00,1000.00,0.00
24018878640527909,20110809,1000.00,1000.00,0,0,0.00,0.00,0.00,1000.00,0.00
24018878640527909,20110810,1000.00,1000.00,0,0,0.00,0.00,0.00,1000.00,0.00
24018878640527909,20110813,1000.00,1000.00,0,0,0.00,0.00,0.00,1000.00,0.00
24018878640527909,20110814,1000.00,1000.00,0,0,0.00,0.00,0.00,1000.00,0.00
24018878640527909,20110815,1000.00,1000.00,0,0,0.00,0.00,0.00,1000.00,0.00
24018878640527909,20110816,1000.00,1000.00,0,0,0.00,0.00,0.00,1000.00,0.00
24018878640527909,20110817,1000.00,1000.00,0,0,0.00,0.00,0.00,1000.00,0.00
24018878640527909,20110820,1000.00,1000.00,0,0,0.00,0.00,0.00,1000.00,0.00
24018878640527909,20110821,1000.00,1000.00,0,0,0.00,0.00,0.00,1000.00,0.00
24018878640527909,20110823,1000.00,1000.00,0,0,0.00,0.00,0.00,1000.00,0.00
24018878640527909,20110824,1000.00,1000.00,0,0,0.00,0.00,0.00,1000.00,0.00
24018878640527909,20110827,1000.00,1000.00,0,0,0.00,0.00,0.00,1000.00,0.00
24018878640527909,20110828,1000.00,1000.00,0,0,0.00,0.00,0.00,1000.00,0.00
24018878640527909,20110829,1000.00,1000.00,0,0,0.00,0.00,0.00,1000.00,0.00
24018878640527909,20110830,1000.00,1000.00,0,0,0.00,0.00,0.00,1000.00,0.00
24018878640527909,20110831,1000.00,1000.00,0,0,0.00,0.00,0.00,1000.00,0.00
24018878640527909,20110903,1000.00,1000.00,0,0,0.00,0.00,0.00,1000.00,0.00
24018878640527909,20110904,1000.00,1000.00,0,0,0.00,0.00,0.00,1000.00,0.00
24018878640527909,20110905,1000.00,1000.00,0,0,0.00,0.00,0.00,1000.00,0.00
24018878640527909,20110906,1000.00,1000.00,0,0,0.00,0.00,0.00,1000.00,0.00
24018878640527909,20110907,1000.00,1000.00,0,0,0.00,0.00,0.00,1000.00,0.00
24018878640527909,20110910,1000.00,1000.00,0,0,0.00,0.00,0.00,1000.00,0.00
24018878640527909,20110911,1000.00,1000.00,0,0,0.00,0.00,0.00,1000.00,0.00
24018878640527909,20110912,1000.00,1000.00,0,0,0.00,0.00,0.00,1000.00,0.00
24018878640527909,20110913,1000.00,1000.00,0,0,0.00,0.00,0.00,1000.00,0.00
24018878640527909,20110914,1000.00,1000.00,0,0,0.00,0.00,0.00,1000.00,0.00
24018878640527909,20110917,1000.00,1000.00,0,0,0.00,0.00,0.00,1000.00,0.00
24018878640527909,20110918,1000.00,1000.00,0,0,0.00,0.00,0.00,1000.00,0.00
24018878640527909,20110919,1000.00,1000.00,0,0,0.00,0.00,0.00,1000.00,0.00
24018878640527909,20110920,1000.00,1000.00,0,0,0.00,0.00,0.00,1000.00,0.00
24018878640527909,20110921,666.00,666.00,0,0,0.00,0.00,0.00,1000.00,0.00
24018878640527909,20110925,666.00,666.00,0,0,0.00,0.00,0.00,666.00,0.00
24018878640527909,20110926,666.00,666.00,0,0,0.00,0.00,0.00,666.00,0.00
24018878640527909,20110927,666.00,666.00,0,0,0.00,0.00,0.00,666.00,0.00
24018878640527909,20110928,666.00,666.00,0,0,0.00,0.00,0.00,666.00,0.00
24018878640527909,20111001,2164.00,2204.00,17984,123705384,267750650628.00,2120.00,2399.00,666.00,2120.00
24018878640527909,20111002,2189.00,2193.00,2348,10707741,23435424573.00,2165.00,2204.00,2164.00,2200.00
24018878640527909,20111003,2176.00,2180.00,2981,11344709,24687730403.00,2165.00,2185.00,2189.00,2172.00
24018878640527909,20111004,2151.00,2150.00,1446,12894858,27741803484.00,2149.00,2176.00,2176.00,2176.00
24018878640527909,20111005,2152.00,2151.00,497,6900699,14853364924.00,2150.00,2157.00,2151.00,2153.00
24018878640527909,20111008,2154.00,2160.00,722,11245514,24225705910.00,2081.00,2170.00,2152.00,2081.00
24018878640527909,20111009,2156.00,2154.00,896,5913321,12746826980.00,2154.00,2158.00,2154.00,2156.00
24018878640527909,20111010,2143.00,2135.00,521,7283766,15610184193.00,2130.00,2155.00,2156.00,2153.00
24018878640527909,20111011,2131.00,2130.00,1155,18460427,39339498219.00,2106.00,2144.00,2143.00,2130.00
24018878640527909,20111012,2126.00,2121.00,498,7303349,15528827340.00,2106.00,2134.00,2131.00,2131.00
24018878640527909,20111015,2081.00,2080.00,440,5480721,11403175914.00,2060.00,2128.00,2126.00,2128.00
24018878640527909,20111016,2063.00,2052.00,944,14006236,28891459999.00,2043.00,2098.00,2081.00,2043.00
24018878640527909,20111017,2050.00,2059.00,539,5626625,11534603577.00,2045.00,2078.00,2063.00,2050.00
24018878640527909,20111018,2050.00,2050.00,225,3008523,6167762791.00,2050.00,2060.00,2050.00,2060.00
24018878640527909,20111019,2053.00,2059.00,259,5796637,11902150329.00,2050.00,2068.00,2050.00,2050.00
24018878640527909,20111022,2069.00,2059.00,228,55081993,113971109009.00,2050.00,2070.00,2053.00,2052.00
24018878640527909,20111023,2069.00,2050.00,246,34843802,72091639540.00,2050.00,2070.00,2069.00,2051.00
24018878640527909,20111024,2055.00,2055.00,155,2626308,5396394243.00,2052.00,2060.00,2069.00,2055.00
24018878640527909,20111025,2061.00,2061.00,123,1186275,2445389572.00,2060.00,2068.00,2055.00,2060.00
24018878640527909,20111026,2059.00,2059.00,83,1070881,2204460998.00,2057.00,2079.00,2061.00,2070.00
24018878640527909,20111029,2062.00,2065.00,132,1637533,3376298733.00,2060.00,2080.00,2059.00,2080.00
24018878640527909,20111030,2065.00,2066.00,69,581317,1200693453.00,2065.00,2074.00,2062.00,2065.00
24018878640527909,20111031,2090.00,2135.00,62,820012,1714175972.00,2067.00,2135.00,2065.00,2085.00
24018878640527909,20111101,2184.00,2194.00,169,2606040,5690775925.00,2112.00,2194.00,2090.00,2140.00
24018878640527909,20111102,2228.00,2205.00,268,4403625,9812741905.00,2202.00,2289.00,2184.00,2202.00
24018878640527909,20111105,2230.00,2230.00,306,3076484,6860753745.00,2229.00,2235.00,2228.00,2230.00
24018878640527909,20111106,2208.00,2190.00,659,8985185,19837499636.00,2150.00,2231.00,2230.00,2230.00
24018878640527909,20111108,2195.00,2160.00,254,4182451,9179981363.00,2160.00,2235.00,2208.00,2208.00
24018878640527909,20111109,2196.00,2200.00,404,5898473,12952102080.00,2160.00,2200.00,2195.00,2180.00
24018878640527909,20111112,2210.00,2210.00,167,50988048,112674897242.00,2200.00,2234.00,2196.00,2234.00
24018878640527909,20111113,2209.00,2212.00,325,4450959,9830392880.00,2199.00,2220.00,2210.00,2220.00
24018878640527909,20111114,2209.00,2209.00,101,937766,2071879312.00,2209.00,2230.00,2209.00,2230.00
24018878640527909,20111116,2210.00,2209.00,89,1056675,2335593025.00,2207.00,2220.00,2209.00,2209.00
24018878640527909,20111119,2231.00,2250.00,317,5785779,12909992822.00,2210.00,2250.00,2210.00,2210.00
24018878640527909,20111120,2243.00,2240.00,448,6307083,14147445428.00,2231.00,2280.00,2231.00,2236.00
24018878640527909,20111121,2242.00,2243.00,127,2891510,6483041761.00,2233.00,2247.00,2243.00,2243.00
24018878640527909,20111122,2198.00,2208.00,380,3652221,8026898894.00,2180.00,2238.00,2242.00,2230.00
24018878640527909,20111123,2150.00,2150.00,134,1793111,3855310897.00,2150.00,2186.00,2198.00,2150.00
24018878640527909,20111126,2166.00,2140.00,397,8850751,19171603150.00,2139.00,2180.00,2150.00,2143.00
24018878640527909,20111127,2183.00,2140.00,135,29214687,63785957590.00,2140.00,2190.00,2166.00,2140.00
24018878640527909,20111128,2195.00,2155.00,185,25037175,54968042845.00,2101.00,2200.00,2183.00,2101.00
24018878640527909,20111129,2170.00,2165.00,41,862420,1871135122.00,2160.00,2180.00,2195.00,2169.00
24018878640527909,20111130,2136.00,2093.00,24,285805,610386003.00,2093.00,2169.00,2170.00,2169.00
24018878640527909,20111203,2141.00,2137.00,25,306503,656187250.00,2137.00,2150.00,2136.00,2150.00
24018878640527909,20111204,2157.00,2165.00,99,1064873,2296728532.00,2140.00,2173.00,2141.00,2141.00
24018878640527909,20111207,2169.00,2178.00,56,9110278,19763941722.00,2150.00,2179.00,2157.00,2179.00
24018878640527909,20111210,2169.00,2160.00,135,2080467,4513562625.00,2147.00,2190.00,2169.00,2180.00
24018878640527909,20111211,2125.00,2080.00,142,1392697,2959952214.00,2080.00,2165.00,2169.00,2165.00
24018878640527909,20111212,2115.00,2148.00,63,612821,1296288935.00,2069.00,2148.00,2125.00,2080.00
24018878640527909,20111213,2113.00,2100.00,73,1026378,2168947675.00,2071.00,2150.00,2115.00,2150.00
24018878640527909,20111214,2084.00,2080.00,102,1609799,3354172809.00,2070.00,2130.00,2113.00,2130.00
24018878640527909,20111217,2097.00,2080.00,94,831552,1743665156.00,2080.00,2100.00,2084.00,2100.00
24018878640527909,20111218,2096.00,2090.00,117,1714242,3592489133.00,2070.00,2100.00,2097.00,2090.00
24018878640527909,20111219,2081.00,2090.00,140,1354265,2818797430.00,2075.00,2146.00,2096.00,2090.00
24018878640527909,20111220,2084.00,2077.00,142,788314,1642662700.00,2010.00,2091.00,2081.00,2080.00
24018878640527909,20111221,2080.00,2077.00,189,2050261,4264039487.00,2070.00,2096.00,2084.00,2096.00
24018878640527909,20111224,2087.00,2080.00,207,1076406,2246710205.00,2040.00,2100.00,2080.00,2096.00
24018878640527909,20111225,2081.00,2079.00,74,835215,1737790802.00,2040.00,2099.00,2087.00,2099.00
24018878640527909,20111226,2078.00,2090.00,269,2781239,5779371034.00,2040.00,2097.00,2081.00,2084.00
24018878640527909,20111227,2087.00,2073.00,88,678359,1416039105.00,2070.00,2100.00,2078.00,2099.00
24018878640527909,20111228,2077.00,2070.00,119,711010,1476444940.00,2043.00,2090.00,2087.00,2090.00
24018878640527909,20111231,2084.00,2065.00,67,906160,1888328776.00,2065.00,2100.00,2077.00,2098.00
24018878640527909,20120101,2028.00,2030.00,181,3420830,6937110080.00,1980.00,2063.00,2084.00,2062.00
24018878640527909,20120102,2024.00,2047.00,247,3252140,6582158876.00,1993.00,2050.00,2028.00,2040.00
24018878640527909,20120103,2056.00,2060.00,45,229975,472759905.00,2030.00,2064.00,2024.00,2048.00
24018878640527909,20120104,2080.00,2034.00,85,1009350,2099815048.00,2030.00,2090.00,2056.00,2070.00
24018878640527909,20120107,2058.00,2080.00,158,3880375,7985806036.00,2050.00,2088.00,2080.00,2060.00
24018878640527909,20120108,2081.00,2084.00,97,1764197,3671834600.00,2077.00,2090.00,2058.00,2080.00
24018878640527909,20120109,2080.00,2078.00,189,1786074,3714774720.00,2041.00,2090.00,2081.00,2090.00
24018878640527909,20120110,2078.00,2089.00,103,956858,1988669178.00,2011.00,2089.00,2080.00,2079.00
24018878640527909,20120111,2096.00,2095.00,78,629294,1319163934.00,2085.00,2100.00,2078.00,2089.00
24018878640527909,20120115,2136.00,2164.00,79,1336782,2855358108.00,2082.00,2180.00,2096.00,2099.00
24018878640527909,20120116,2158.00,2150.00,89,1071534,2311904772.00,2100.00,2199.00,2136.00,2180.00
24018878640527909,20120117,2138.00,2138.00,96,1128787,2413116011.00,2080.00,2169.00,2158.00,2168.00
24018878640527909,20120118,2130.00,2148.00,64,1006876,2144689166.00,2109.00,2160.00,2138.00,2159.00
24018878640527909,20120121,2168.00,2150.00,42,233304,505841384.00,2140.00,2188.00,2130.00,2170.00
24018878640527909,20120123,2150.00,2150.00,156,1248403,2684519973.00,2100.00,2180.00,2168.00,2168.00
24018878640527909,20120125,2138.00,2175.00,135,2458400,5254916113.00,2090.00,2180.00,2150.00,2150.00
24018878640527909,20120128,2140.00,2150.00,61,609529,1304403800.00,2121.00,2175.00,2138.00,2175.00
24018878640527909,20120129,2170.00,2166.00,48,54988578,119305700455.00,2120.00,2170.00,2140.00,2120.00
24018878640527909,20120130,2169.00,2149.00,99,21434636,46489977660.00,2120.00,2170.00,2170.00,2165.00
24018878640527909,20120131,2171.00,2131.00,75,1513359,3285163597.00,2130.00,2189.00,2169.00,2169.00
24018878640527909,20120201,2140.00,2139.00,65,1752590,3750672050.00,2084.00,2159.00,2171.00,2084.00
24018878640527909,20120204,2151.00,2150.00,135,8473499,18228405132.00,2100.00,2153.00,2140.00,2150.00
24018878640527909,20120205,2149.00,2135.00,77,51532307,110738053020.00,2130.00,2151.00,2151.00,2150.00
24018878640527909,20120206,2109.00,2124.00,164,1076351,2270471106.00,2080.00,2133.00,2149.00,2130.00
24018878640527909,20120207,2090.00,2073.00,64,927220,1937864080.00,2073.00,2148.00,2109.00,2148.00
24018878640527909,20120208,2100.00,2110.00,55,24929249,52344978980.00,2063.00,2128.00,2090.00,2128.00
24018878640527909,20120212,2084.00,2090.00,19,148519,309567256.00,2069.00,2119.00,2100.00,2114.00
24018878640527909,20120213,2086.00,2100.00,81,1059441,2209969197.00,2061.00,2100.00,2084.00,2100.00
24018878640527909,20120214,2052.00,2078.00,114,1123410,2304713814.00,2000.00,2098.00,2086.00,2098.00
24018878640527909,20120215,2046.00,2011.00,50,491947,1006359585.00,2011.00,2108.00,2052.00,2108.00
24018878640527909,20120218,2059.00,2020.00,103,805383,1658608078.00,2020.00,2071.00,2046.00,2070.00
24018878640527909,20120219,2095.00,2070.00,160,23673445,49590602254.00,2010.00,2099.00,2059.00,2060.00
24018878640527909,20120220,2074.00,2057.00,350,3153879,6539955096.00,2003.00,2099.00,2095.00,2080.00
24018878640527909,20120221,2074.00,2057.00,0,0,0.00,0.00,0.00,2074.00,0.00
24018878640527909,20120222,2074.00,2057.00,0,0,0.00,0.00,0.00,2074.00,0.00
24018878640527909,20120225,2074.00,2057.00,0,0,0.00,0.00,0.00,2074.00,0.00
24018878640527909,20120226,2074.00,2057.00,0,0,0.00,0.00,0.00,2074.00,0.00
24018878640527909,20120227,2074.00,2057.00,0,0,0.00,0.00,0.00,2074.00,0.00
24018878640527909,20120228,2074.00,2057.00,0,0,0.00,0.00,0.00,2074.00,0.00
24018878640527909,20120229,2167.00,2200.00,817,16980516,36792693063.00,2149.00,2498.00,2074.00,2230.00
24018878640527909,20120303,2154.00,2140.00,164,2740631,5903272223.00,2140.00,2181.00,2167.00,2181.00
24018878640527909,20120304,2144.00,2139.00,196,2001305,4290539541.00,2096.00,2160.00,2154.00,2160.00
24018878640527909,20120305,2120.00,2119.00,156,1605035,3402152149.00,2070.00,2155.00,2144.00,2135.00
24018878640527909,20120306,2125.00,2130.00,137,1246560,2649527077.00,2100.00,2140.00,2120.00,2129.00
24018878640527909,20120307,2126.00,2138.00,97,1147115,2438815488.00,2100.00,2140.00,2125.00,2139.00
24018878640527909,20120310,2155.00,2170.00,201,2175871,4688639440.00,2105.00,2179.00,2126.00,2126.00
24018878640527909,20120311,2165.00,2140.00,122,1483191,3210597530.00,2140.00,2185.00,2155.00,2178.00
24018878640527909,20120312,2139.00,2148.00,66,1135449,2428222867.00,2092.00,2180.00,2165.00,2160.00
24018878640527909,20120313,2150.00,2148.00,113,50962009,109551390554.00,2100.00,2164.00,2139.00,2140.00
24018878640527909,20120314,2179.00,2179.00,97,14463571,31522450413.00,2143.00,2181.00,2150.00,2147.00
24018878640527909,20120317,2180.00,2180.00,65,570347,1243268591.00,2165.00,2189.00,2179.00,2180.00
24018878640527909,20120318,2286.00,2230.00,97,22580012,51623050926.00,2179.00,2289.00,2180.00,2180.00
24018878640527909,20120324,2276.00,2280.00,170,1735773,3951112522.00,2235.00,2296.00,2286.00,2235.00
24018878640527909,20120325,2255.00,2250.00,53,1408100,3175675600.00,2230.00,2319.00,2276.00,2319.00
24018878640527909,20120326,2250.00,2248.00,85,391100,879826605.00,2240.00,2275.00,2255.00,2260.00
24018878640527909,20120327,2249.00,2250.00,68,622254,1399619996.00,2230.00,2270.00,2250.00,2250.00
24018878640527909,20120328,2265.00,2260.00,142,1026193,2323831479.00,2245.00,2278.00,2249.00,2260.00
24018878640527909,20120402,2247.00,2266.00,115,1309588,2942888640.00,2220.00,2283.00,2265.00,2266.00
24018878640527909,20120403,2246.00,2250.00,74,390805,877845346.00,2201.00,2250.00,2247.00,2250.00
24018878640527909,20120404,2251.00,2260.00,83,834059,1877643362.00,2238.00,2273.00,2246.00,2250.00
24018878640527909,20120407,2248.00,2239.00,243,27681960,62234913075.00,2220.00,2261.00,2251.00,2260.00
24018878640527909,20120408,2247.00,2248.00,123,908487,2041310318.00,2230.00,2255.00,2248.00,2255.00
24018878640527909,20120409,2250.00,2246.00,80,50489450,113600184622.00,2226.00,2250.00,2247.00,2250.00
24018878640527909,20120410,2253.00,2240.00,245,22444157,50566214112.00,2220.00,2269.00,2250.00,2257.00
24018878640527909,20120411,2232.00,2240.00,90,604727,1349731285.00,2207.00,2260.00,2253.00,2260.00
24018878640527909,20120414,2239.00,2209.00,63,256376,574098858.00,2206.00,2250.00,2232.00,2250.00
24018878640527909,20120415,2210.00,2199.00,156,2427146,5365080359.00,2166.00,2250.00,2239.00,2240.00
24018878640527909,20120416,2239.00,2320.00,620,9698988,21715773985.00,2152.00,2320.00,2210.00,2212.00
24018878640527909,20120417,2239.00,2320.00,0,0,0.00,0.00,0.00,2239.00,0.00
24018878640527909,20120418,2239.00,2320.00,0,0,0.00,0.00,0.00,2239.00,0.00
24018878640527909,20120421,2239.00,2320.00,0,0,0.00,0.00,0.00,2239.00,0.00
24018878640527909,20120422,2247.00,2200.00,327,6857020,15405416816.00,2200.00,2340.00,2239.00,2340.00
24018878640527909,20120423,2218.00,2228.00,175,2353900,5220438255.00,2181.00,2306.00,2247.00,2210.00
24018878640527909,20120424,2208.00,2181.00,119,953530,2105365490.00,2110.00,2260.00,2218.00,2260.00
24018878640527909,20120428,2216.00,2200.00,197,2269355,5028293590.00,2170.00,2247.00,2208.00,2221.00
24018878640527909,20120429,2192.00,2190.00,69,479055,1050108370.00,2180.00,2201.00,2216.00,2200.00
24018878640527909,20120430,2201.00,2199.00,41,435022,957325506.00,2190.00,2211.00,2192.00,2211.00
24018878640527909,20120501,2194.00,2198.00,70,571103,1253173775.00,2180.00,2200.00,2201.00,2200.00
24018878640527909,20120502,2187.00,2160.00,30,280837,614261939.00,2160.00,2199.00,2194.00,2190.00
24018878640527909,20120505,2196.00,2180.00,46,217690,477978237.00,2180.00,2200.00,2187.00,2180.00
24018878640527909,20120506,2197.00,2195.00,23,86401,189863359.00,2161.00,2199.00,2196.00,2199.00
24018878640527909,20120507,2194.00,2199.00,16,200200,439224074.00,2178.00,2199.00,2197.00,2179.00
24018878640527909,20120508,2186.00,2195.00,23,208391,455594430.00,2164.00,2198.00,2194.00,2198.00
24018878640527909,20120509,2149.00,2140.00,109,1301087,2796127199.00,2101.00,2191.00,2186.00,2186.00
24018878640527909,20120512,2153.00,2150.00,80,430595,926880470.00,2129.00,2184.00,2149.00,2184.00
24018878640527909,20120513,2150.00,2150.00,119,2299943,4945715543.00,2146.00,2169.00,2153.00,2169.00
24018878640527909,20120514,2153.00,2158.00,80,845436,1820208931.00,2149.00,2168.00,2150.00,2151.00
24018878640527909,20120515,2150.00,2160.00,70,1298959,2793196137.00,2148.00,2160.00,2153.00,2151.00
24018878640527909,20120516,2146.00,2138.00,121,1918236,4116671712.00,2130.00,2185.00,2150.00,2150.00
24018878640527909,20120519,2145.00,2148.00,48,618579,1326704884.00,2124.00,2149.00,2146.00,2148.00
24018878640527909,20120520,2138.00,2145.00,95,1015789,2172184872.00,2130.00,2148.00,2145.00,2144.00
24018878640527909,20120521,2138.00,2148.00,73,1072400,2292790022.00,2130.00,2149.00,2138.00,2146.00
24018878640527909,20120522,2139.00,2140.00,59,1146778,2453128270.00,2135.00,2156.00,2138.00,2140.00
24018878640527909,20120523,2150.00,2175.00,35,434808,934865758.00,2139.00,2175.00,2139.00,2155.00
24018878640527909,20120526,2142.00,2141.00,43,1056814,2263213860.00,2140.00,2160.00,2150.00,2148.00
24018878640527909,20120527,2147.00,2169.00,30,467999,1004605940.00,2140.00,2169.00,2142.00,2150.00
24018878640527909,20120528,2144.00,2149.00,68,986828,2115678128.00,2141.00,2151.00,2147.00,2141.00
24018878640527909,20120529,2156.00,2175.00,47,643778,1388032964.00,2147.00,2175.00,2144.00,2147.00
24018878640527909,20120530,2152.00,2169.00,29,442473,952062532.00,2148.00,2169.00,2156.00,2150.00
24018878640527909,20120602,2157.00,2162.00,9,170600,368044000.00,2156.00,2162.00,2152.00,2160.00
24018878640527909,20120605,2177.00,2193.00,29,311357,677845080.00,2171.00,2193.00,2157.00,2171.00
24018878640527909,20120606,2247.00,2249.00,67,581110,1305951376.00,2195.00,2270.00,2177.00,2200.00
24018878640527909,20120609,2216.00,2200.00,56,417824,925985590.00,2200.00,2275.00,2247.00,2275.00
24018878640527909,20120610,2212.00,2203.00,40,320086,707907844.00,2197.00,2249.00,2216.00,2249.00
24018878640527909,20120611,2223.00,2251.00,77,1426954,3172053522.00,2200.00,2280.00,2212.00,2203.00
24018878640527909,20120612,2268.00,2251.00,57,866321,1964534654.00,2250.00,2280.00,2223.00,2260.00
24018878640527909,20120613,2301.00,2281.00,55,668675,1538722431.00,2280.00,2330.00,2268.00,2300.00
24018878640527909,20120616,2289.00,2290.00,31,409592,937537760.00,2280.00,2324.00,2301.00,2281.00
24018878640527909,20120617,2287.00,2290.00,91,743901,1701399128.00,2260.00,2299.00,2289.00,2298.00
24018878640527909,20120619,2274.00,2280.00,30,529484,1203928556.00,2250.00,2310.00,2287.00,2250.00
24018878640527909,20120620,2278.00,2282.00,29,281099,640353289.00,2262.00,2300.00,2274.00,2300.00
24018878640527909,20120623,2281.00,2281.00,98,1182822,2697551849.00,2261.00,2300.00,2278.00,2278.00
24018878640527909,20120624,2233.00,2240.00,60,525085,1172732982.00,2193.00,2280.00,2281.00,2280.00
24018878640527909,20120625,2223.00,2240.00,16,238262,529627972.00,2192.00,2259.00,2233.00,2259.00
24018878640527909,20120626,2191.00,2210.00,72,789780,1730601339.00,2169.00,2210.00,2223.00,2200.00
24018878640527909,20120627,2184.00,2190.00,42,1166470,2547860800.00,2140.00,2220.00,2191.00,2140.00
24018878640527909,20120630,2213.00,2190.00,30,776500,1718560149.00,2190.00,2279.00,2184.00,2219.00
24018878640527909,20120701,2233.00,2233.00,11,121500,271316000.00,2200.00,2250.00,2213.00,2200.00
24018878640527909,20120702,2222.00,2250.00,29,446466,991877421.00,2196.00,2250.00,2233.00,2249.00
24018878640527909,20120703,2270.00,2289.00,40,524114,1189707504.00,2200.00,2289.00,2222.00,2200.00
24018878640527909,20120704,2282.00,2280.00,37,316735,722725040.00,2250.00,2298.00,2270.00,2280.00
24018878640527909,20120707,2297.00,2297.00,37,621807,1428012724.00,2290.00,2300.00,2282.00,2290.00
24018878640527909,20120708,2294.00,2287.00,17,233086,534682937.00,2287.00,2297.00,2297.00,2297.00
24018878640527909,20120709,2241.00,2244.00,12,66029,147941946.00,2220.00,2288.00,2294.00,2220.00
24018878640527909,20120710,2186.00,2201.00,63,1238840,2708134862.00,2129.00,2280.00,2241.00,2210.00
24018878640527909,20120711,2241.00,2220.00,35,451000,1010870990.00,2200.00,2290.00,2186.00,2270.00
24018878640527909,20120714,2243.00,2264.00,9,59000,132360300.00,2215.00,2270.00,2241.00,2220.00
24018878640527909,20120715,2212.00,2190.00,40,850784,1881814120.00,2190.00,2250.00,2243.00,2248.00
24018878640527909,20120716,2226.00,2233.00,28,398500,886908840.00,2210.00,2250.00,2212.00,2240.00
24018878640527909,20120717,2220.00,2239.00,31,335819,745554270.00,2190.00,2249.00,2226.00,2235.00
24018878640527909,20120718,2215.00,2200.00,31,282235,625249656.00,2200.00,2248.00,2220.00,2200.00
24018878640527909,20120721,2201.00,2208.00,67,3837842,8446386784.00,2192.00,2249.00,2215.00,2249.00
24018878640527909,20120722,2207.00,2220.00,29,415633,917203810.00,2200.00,2230.00,2201.00,2220.00
24018878640527909,20120723,2197.00,2230.00,23,358741,788146278.00,2190.00,2238.00,2207.00,2190.00
24018878640527909,20120724,2232.00,2238.00,29,1108800,2475140356.00,2220.00,2240.00,2197.00,2220.00
24018878640527909,20120725,2231.00,2233.00,17,349561,779949265.00,2220.00,2240.00,2232.00,2240.00
24018878640527909,20120728,2224.00,2200.00,19,576832,1282932528.00,2200.00,2236.00,2231.00,2235.00
24018878640527909,20120729,2223.00,2224.00,22,257200,571744216.00,2200.00,2233.00,2224.00,2233.00
24018878640527909,20120730,2214.00,2227.00,42,834778,1848049913.00,2200.00,2229.00,2223.00,2203.00
24018878640527909,20120731,2208.00,2222.00,7,82000,181093800.00,2200.00,2222.00,2214.00,2202.00
24018878640527909,20120801,2210.00,2200.00,29,878417,1941310315.00,2170.00,2224.00,2208.00,2223.00
24018878640527909,20120804,2210.00,2160.00,72,1607806,3552554371.00,2160.00,2220.00,2210.00,2200.00
24018878640527909,20120805,2206.00,2200.00,48,938950,2071757078.00,2160.00,2218.00,2210.00,2200.00
24018878640527909,20120806,2175.00,2197.00,38,815064,1773170798.00,2140.00,2200.00,2206.00,2190.00
24018878640527909,20120807,2179.00,2186.00,43,645540,1406367140.00,2155.00,2200.00,2175.00,2190.00
24018878640527909,20120808,2170.00,2179.00,71,713687,1548770851.00,2140.00,2199.00,2179.00,2150.00
24018878640527909,20120811,2169.00,2169.00,78,1425192,3091313152.00,2150.00,2183.00,2170.00,2179.00
24018878640527909,20120812,2154.00,2140.00,43,570204,1228145338.00,2140.00,2180.00,2169.00,2175.00
24018878640527909,20120813,2150.00,2150.00,22,179870,386632008.00,2146.00,2165.00,2154.00,2165.00
24018878640527909,20120814,2150.00,2150.00,42,647374,1391729100.00,2147.00,2156.00,2150.00,2150.00
24018878640527909,20120815,2152.00,2158.00,52,610227,1313000833.00,2149.00,2170.00,2150.00,2150.00
24018878640527909,20120818,2154.00,2159.00,28,468069,1008313965.00,2138.00,2159.00,2152.00,2159.00
24018878640527909,20120821,2159.00,2173.00,47,424900,917506390.00,2150.00,2175.00,2154.00,2150.00
24018878640527909,20120822,2173.00,2155.00,41,491695,1068372325.00,2155.00,2180.00,2159.00,2180.00
24018878640527909,20120825,2189.00,2200.00,75,1078101,2360351308.00,2158.00,2200.00,2173.00,2190.00
24018878640527909,20120826,2197.00,2200.00,22,107151,235435312.00,2162.00,2200.00,2189.00,2162.00
24018878640527909,20120827,2197.00,2200.00,70,812070,1783906480.00,2161.00,2200.00,2197.00,2161.00
24018878640527909,20120902,2197.00,2200.00,26,257500,565714614.00,2170.00,2200.00,2197.00,2190.00
24018878640527909,20120903,2241.00,2306.00,139,3012302,6749171925.00,2197.00,2306.00,2197.00,2197.00
24018878640527909,20120904,2353.00,2353.00,13,219400,516248200.00,2353.00,2353.00,2241.00,2353.00
24018878640527909,20120905,2470.00,2470.00,85,3351314,8277745580.00,2470.00,2470.00,2353.00,2470.00
24018878640527909,20120908,2576.00,2500.00,218,3997975,10300119778.00,2480.00,2593.00,2470.00,2593.00
24018878640527909,20120909,2530.00,2530.00,172,1458182,3689918543.00,2500.00,2550.00,2576.00,2550.00
24018878640527909,20120910,2507.00,2500.00,134,1234456,3094725522.00,2498.00,2530.00,2530.00,2530.00
24018878640527909,20120911,2498.00,2530.00,82,980558,2449218226.00,2477.00,2530.00,2507.00,2500.00
24018878640527909,20120915,2516.00,2500.00,76,804113,2022945864.00,2500.00,2574.00,2498.00,2574.00
24018878640527909,20120916,2502.00,2510.00,59,664847,1663269220.00,2437.00,2560.00,2516.00,2519.00
24018878640527909,20120917,2504.00,2490.00,78,988343,2475043766.00,2490.00,2539.00,2502.00,2491.00
24018878640527909,20120918,2500.00,2519.00,68,1748320,4370819950.00,2481.00,2519.00,2504.00,2500.00
24018878640527909,20120919,2503.00,2510.00,43,975060,2440648012.00,2499.00,2510.00,2500.00,2500.00
24018878640527909,20120922,2512.00,2510.00,25,333392,837545616.00,2500.00,2520.00,2503.00,2500.00
24018878640527909,20120923,2515.00,2517.00,36,484944,1219859839.00,2500.00,2519.00,2512.00,2509.00
24018878640527909,20120924,2518.00,2520.00,30,322541,812161825.00,2500.00,2520.00,2515.00,2518.00
24018878640527909,20120925,2545.00,2550.00,19,218369,555754022.00,2500.00,2550.00,2518.00,2500.00
24018878640527909,20120926,2652.00,2672.00,121,2326560,6169996068.00,2557.00,2672.00,2545.00,2560.00
24018878640527909,20120929,2711.00,2698.00,279,4523783,12264076048.00,2600.00,2784.00,2652.00,2784.00
24018878640527909,20120930,2661.00,2679.00,64,844260,2246354422.00,2600.00,2749.00,2711.00,2700.00
24018878640527909,20121001,2585.00,2570.00,82,664454,1717407969.00,2528.00,2650.00,2661.00,2590.00
24018878640527909,20121002,2585.00,2570.00,0,0,0.00,0.00,0.00,2585.00,0.00
24018878640527909,20121003,2585.00,2570.00,0,0,0.00,0.00,0.00,2585.00,0.00
24018878640527909,20121006,2585.00,2570.00,0,0,0.00,0.00,0.00,2585.00,0.00
24018878640527909,20121007,2596.00,2640.00,30,325467,844947905.00,2530.00,2640.00,2585.00,2600.00
24018878640527909,20121008,2587.00,2599.00,52,641072,1658690988.00,2500.00,2600.00,2596.00,2500.00
24018878640527909,20121009,2578.00,2590.00,55,224560,578815913.00,2530.00,2590.00,2587.00,2570.00
24018878640527909,20121010,2572.00,2601.00,88,1437129,3696220292.00,2460.00,2706.00,2578.00,2540.00
24018878640527909,20121013,2611.00,2601.00,17,74713,195090729.00,2601.00,2670.00,2572.00,2601.00
24018878640527909,20121014,2585.00,2670.00,54,277036,716004426.00,2501.00,2697.00,2611.00,2601.00
24018878640527909,20121015,2600.00,2600.00,59,678250,1763710720.00,2570.00,2642.00,2585.00,2642.00
24018878640527909,20121016,2645.00,2650.00,159,3630099,9600316860.00,2600.00,2700.00,2600.00,2622.00
24018878640527909,20121017,2684.00,2681.00,30,84775,227544220.00,2640.00,2704.00,2645.00,2695.00
24018878640527909,20121020,2762.00,2770.00,56,516944,1427624924.00,2700.00,2788.00,2684.00,2710.00
24018878640527909,20121021,2739.00,2790.00,51,348297,954131248.00,2671.00,2880.00,2762.00,2880.00
24018878640527909,20121022,2766.00,2790.00,67,576441,1594573675.00,2730.00,2790.00,2739.00,2770.00
24018878640527909,20121023,2773.00,2757.00,50,543210,1506230545.00,2750.00,2790.00,2766.00,2765.00
24018878640527909,20121024,2773.00,2780.00,77,324326,899375470.00,2740.00,2789.00,2773.00,2775.00
24018878640527909,20121027,2911.00,2911.00,89,1952210,5682873310.00,2910.00,2911.00,2773.00,2911.00
24018878640527909,20121028,2999.00,2964.00,200,2218991,6653935227.00,2950.00,3056.00,2911.00,3056.00
24018878640527909,20121029,2981.00,2900.00,123,676230,2015865681.00,2900.00,3000.00,2999.00,2999.00
24018878640527909,20121030,2939.00,2964.00,132,1074861,3158698868.00,2880.00,2964.00,2981.00,2950.00
24018878640527909,20121031,2928.00,2964.00,67,511243,1496783588.00,2900.00,2989.00,2939.00,2989.00
24018878640527909,20121104,2965.00,2976.00,61,442945,1313508681.00,2949.00,2979.00,2928.00,2950.00
24018878640527909,20121105,2968.00,2975.00,54,434982,1291166790.00,2950.00,2992.00,2965.00,2992.00
24018878640527909,20121106,2946.00,2994.00,82,440591,1297777308.00,2920.00,2994.00,2968.00,2968.00
24018878640527909,20121107,2971.00,2994.00,24,196000,582412595.00,2921.00,2994.00,2946.00,2960.00
24018878640527909,20121110,2963.00,2989.00,33,369299,1094229163.00,2910.00,2993.00,2971.00,2910.00
24018878640527909,20121111,2939.00,2970.00,69,975294,2866545560.00,2900.00,2979.00,2963.00,2950.00
24018878640527909,20121112,2972.00,2977.00,21,127289,378354527.00,2930.00,2980.00,2939.00,2930.00
24018878640527909,20121113,2960.00,2960.00,112,2482065,7348024620.00,2950.00,2989.00,2972.00,2951.00
24018878640527909,20121114,2964.00,2975.00,25,115644,342736900.00,2940.00,2979.00,2960.00,2960.00
24018878640527909,20121117,2958.00,2970.00,37,513507,1518951715.00,2925.00,2980.00,2964.00,2975.00
24018878640527909,20121118,2958.00,2950.00,43,459807,1359908545.00,2950.00,2970.00,2958.00,2958.00
24018878640527909,20121119,2910.00,2900.00,85,1170314,3405235419.00,2850.00,2950.00,2958.00,2950.00
24018878640527909,20121120,2923.00,2950.00,31,265565,776259646.00,2880.00,2970.00,2910.00,2970.00
24018878640527909,20121121,2969.00,2970.00,72,16669153,49492587645.00,2920.00,3059.00,2923.00,2920.00
24018878640527909,20121126,3114.00,3117.00,71,1357943,4228592649.00,2960.00,3117.00,2969.00,2960.00
24018878640527909,20121127,3189.00,3155.00,108,682208,2175662553.00,3150.00,3269.00,3114.00,3269.00
24018878640527909,20121128,3204.00,3198.00,101,1321223,4233174705.00,3170.00,3299.00,3189.00,3299.00
24018878640527909,20121201,3200.00,3199.00,162,1139348,3646343593.00,3186.00,3270.00,3204.00,3197.00
24018878640527909,20121202,3196.00,3200.00,171,1016374,3248314252.00,3175.00,3240.00,3200.00,3190.00
24018878640527909,20121203,3202.00,3200.00,114,753916,2413937306.00,3195.00,3220.00,3196.00,3200.00
24018878640527909,20121204,3201.00,3194.00,138,640373,2050043668.00,3160.00,3238.00,3202.00,3200.00
24018878640527909,20121205,3205.00,3190.00,122,1093051,3502861016.00,3169.00,3220.00,3201.00,3200.00
24018878640527909,20121208,3205.00,3205.00,0,0,0.00,0.00,0.00,3205.00,3162.00
24018878640527909,20121209,3205.00,3205.00,0,0,0.00,0.00,0.00,3205.00,0.00
24018878640527909,20121210,3205.00,3205.00,0,0,0.00,0.00,0.00,3205.00,0.00
24018878640527909,20121211,3205.00,3205.00,0,0,0.00,0.00,0.00,3205.00,0.00
24018878640527909,20121212,3205.00,3205.00,0,0,0.00,0.00,0.00,3205.00,0.00
24018878640527909,20121215,3205.00,3205.00,0,0,0.00,0.00,0.00,3205.00,0.00
24018878640527909,20121216,3205.00,3205.00,0,0,0.00,0.00,0.00,3205.00,0.00
24018878640527909,20121217,2378.00,3205.00,0,0,0.00,0.00,0.00,3205.00,0.00
24018878640527909,20121218,2378.00,3205.00,0,0,0.00,0.00,0.00,2378.00,0.00
24018878640527909,20121219,2378.00,3205.00,0,0,0.00,0.00,0.00,2378.00,0.00
24018878640527909,20121222,2378.00,3205.00,0,0,0.00,0.00,0.00,2378.00,0.00
24018878640527909,20121223,2378.00,3205.00,0,0,0.00,0.00,0.00,2378.00,0.00
24018878640527909,20121224,2656.00,2830.00,347,5842208,15518086387.00,2600.00,3000.00,2378.00,3160.00
24018878640527909,20121225,2745.00,2750.00,292,1251717,3436360526.00,2720.00,2768.00,2656.00,2768.00
24018878640527909,20121226,2818.00,2765.00,320,2351618,6627659038.00,2730.00,2875.00,2745.00,2780.00
24018878640527909,20121229,2813.00,2800.00,217,1861690,5236283851.00,2770.00,2930.00,2818.00,2870.00
24018878640527909,20121230,2801.00,2703.00,128,647460,1813267792.00,2673.00,2894.00,2813.00,2894.00
24018878640527909,20121231,2794.00,2760.00,114,744320,2079297800.00,2750.00,2839.00,2801.00,2750.00
24018878640527909,20130101,2832.00,2750.00,215,22790765,64536489187.00,2750.00,2851.00,2794.00,2830.00
24018878640527909,20130102,2769.00,2776.00,141,1999948,5538060020.00,2696.00,2820.00,2832.00,2800.00
24018878640527909,20130106,2764.00,2779.00,99,1618533,4473747163.00,2700.00,2800.00,2769.00,2780.00
24018878640527909,20130107,2795.00,2809.00,69,1193090,3334378596.00,2731.00,2809.00,2764.00,2764.00
24018878640527909,20130108,2792.00,2789.00,85,736674,2056813097.00,2750.00,2815.00,2795.00,2809.00
24018878640527909,20130109,2804.00,2839.00,180,2581983,7239792505.00,2760.00,2839.00,2792.00,2760.00
24018878640527909,20130113,2839.00,2850.00,382,7800300,22143447784.00,2800.00,2931.00,2804.00,2840.00
24018878640527909,20130114,2841.00,2840.00,147,6673311,18957989917.00,2839.00,2892.00,2839.00,2860.00
24018878640527909,20130115,2859.00,2840.00,147,6306661,18028511240.00,2840.00,2890.00,2841.00,2840.00
24018878640527909,20130116,2868.00,2886.00,62,381115,1092949018.00,2820.00,2889.00,2859.00,2850.00
24018878640527909,20130119,2869.00,2890.00,47,251117,720532829.00,2790.00,2910.00,2868.00,2790.00
24018878640527909,20130120,2815.00,2781.00,105,944150,2657878514.00,2751.00,2880.00,2869.00,2880.00
24018878640527909,20130121,2805.00,2837.00,64,539968,1514787979.00,2790.00,2845.00,2815.00,2845.00
24018878640527909,20130122,2763.00,2750.00,115,1021836,2822998130.00,2700.00,2800.00,2805.00,2752.00
24018878640527909,20130123,2792.00,2776.00,143,1301393,3633869825.00,2751.00,2800.00,2763.00,2760.00
24018878640527909,20130126,2806.00,2800.00,221,11124253,31217605754.00,2718.00,2830.00,2792.00,2770.00
24018878640527909,20130127,2781.00,2790.00,70,642435,1786777698.00,2744.00,2800.00,2806.00,2800.00
24018878640527909,20130128,2797.00,2796.00,713,11878766,33227769678.00,2700.00,2809.00,2781.00,2750.00
24018878640527909,20130130,2807.00,2800.00,91,2371708,6656495498.00,2788.00,2818.00,2797.00,2800.00
24018878640527909,20130202,2808.00,2800.00,116,38211842,107293282985.00,2750.00,2814.00,2807.00,2800.00
24018878640527909,20130203,2806.00,2790.00,139,5834896,16370327772.00,2790.00,2810.00,2808.00,2810.00
24018878640527909,20130204,2818.00,2800.00,66,51081966,143944446711.00,2797.00,2819.00,2806.00,2800.00
24018878640527909,20130205,2850.00,2908.00,92,653038,1860990213.00,2820.00,2908.00,2818.00,2820.00
24018878640527909,20130206,2967.00,2992.00,86,952613,2826299023.00,2820.00,2992.00,2850.00,2820.00
24018878640527909,20130209,3115.00,3115.00,21,219474,683661510.00,3115.00,3115.00,2967.00,3115.00
24018878640527909,20130211,3235.00,3200.00,147,1376793,4453294104.00,3174.00,3270.00,3115.00,3270.00
24018878640527909,20130212,3255.00,3240.00,62,260874,849194147.00,3200.00,3280.00,3235.00,3200.00
24018878640527909,20130213,3254.00,3180.00,68,82804033,269479803191.00,3144.00,3270.00,3255.00,3221.00
24018878640527909,20130216,3253.00,3192.00,109,83183400,270586435880.00,3120.00,3254.00,3254.00,3179.00
24018878640527909,20130217,3253.00,3230.00,69,83020214,270048990325.00,3175.00,3253.00,3253.00,3181.00
24018878640527909,20130218,3253.00,3234.00,76,34071629,110819707050.00,3200.00,3269.00,3253.00,3200.00
24018878640527909,20130219,3252.00,3289.00,68,958530,3117447590.00,3220.00,3289.00,3253.00,3268.00
24018878640527909,20130220,3250.00,3330.00,40,242825,789111644.00,3190.00,3330.00,3252.00,3231.00
24018878640527909,20130223,3256.00,3310.00,59,271969,885573070.00,3151.00,3310.00,3250.00,3241.00
24018878640527909,20130224,3225.00,3150.00,66,391322,1261872614.00,3150.00,3258.00,3256.00,3256.00
24018878640527909,20130225,3114.00,3219.00,69,478810,1490820918.00,3079.00,3375.00,3225.00,3150.00
24018878640527909,20130226,3114.00,3219.00,0,0,0.00,0.00,0.00,3114.00,0.00
24018878640527909,20130227,3114.00,3219.00,0,0,0.00,0.00,0.00,3114.00,0.00
24018878640527909,20130302,3114.00,3219.00,0,0,0.00,0.00,0.00,3114.00,0.00
24018878640527909,20130303,3114.00,3219.00,0,0,0.00,0.00,0.00,3114.00,0.00
24018878640527909,20130304,3114.00,3219.00,0,0,0.00,0.00,0.00,3114.00,0.00
24018878640527909,20130305,3114.00,3219.00,0,0,0.00,0.00,0.00,3114.00,0.00
24018878640527909,20130306,3114.00,3219.00,0,0,0.00,0.00,0.00,3114.00,0.00
24018878640527909,20130309,3114.00,3219.00,0,0,0.00,0.00,0.00,3114.00,0.00
24018878640527909,20130310,3114.00,3219.00,0,0,0.00,0.00,0.00,3114.00,0.00
24018878640527909,20130311,3114.00,3219.00,0,0,0.00,0.00,0.00,3114.00,0.00
24018878640527909,20130312,3114.00,3219.00,0,0,0.00,0.00,0.00,3114.00,0.00
24018878640527909,20130313,3199.00,3200.00,371,27678636,88538732346.00,3165.00,3250.00,3114.00,3200.00
24018878640527909,20130316,3205.00,3250.00,1126,52500912,168257379638.00,3165.00,3300.00,3199.00,3165.00
24018878640527909,20130317,3363.00,3362.00,517,17463797,58737235961.00,3220.00,3365.00,3205.00,3248.00
24018878640527909,20130318,3530.00,3531.00,1426,66256234,233885508476.00,3389.00,3531.00,3363.00,3389.00
24018878640527909,20130325,3547.00,3629.00,741,16829115,59693548929.00,3530.00,3706.00,3530.00,3568.00
24018878640527909,20130326,3477.00,3583.00,190,2747921,9554566898.00,3450.00,3650.00,3547.00,3650.00
24018878640527909,20130327,3507.00,3590.00,559,26967240,94587394384.00,3477.00,3630.00,3477.00,3598.00
24018878640527909,20130330,3618.00,3626.00,244,509759,1844514110.00,3592.00,3630.00,3507.00,3592.00
24018878640527909,20130331,3762.00,3779.00,158,607357,2284979511.00,3630.00,3788.00,3618.00,3630.00
24018878640527909,20130403,3855.00,3935.00,177,880933,3396073833.00,3798.00,3940.00,3762.00,3798.00
24018878640527909,20130406,3932.00,3900.00,153,722264,2839686121.00,3900.00,3999.00,3855.00,3900.00
24018878640527909,20130407,4002.00,4085.00,334,3325952,13309585293.00,3930.00,4099.00,3932.00,3930.00
24018878640527909,20130408,4103.00,4202.00,824,32373311,132837962441.00,4050.00,4202.00,4002.00,4100.00
24018878640527909,20130409,4308.00,4308.00,53,643786,2773430088.00,4308.00,4308.00,4103.00,4308.00
24018878640527909,20130410,4308.00,4308.00,0,0,0.00,0.00,0.00,4308.00,0.00
24018878640527909,20130413,4308.00,4308.00,0,0,0.00,0.00,0.00,4308.00,0.00
24018878640527909,20130415,4308.00,4308.00,0,0,0.00,0.00,0.00,4308.00,0.00
24018878640527909,20130416,4544.00,4647.00,532,10366783,47108844703.00,4401.00,4779.00,4308.00,4530.00
24018878640527909,20130417,4544.00,4647.00,0,0,0.00,0.00,0.00,4544.00,0.00
24018878640527909,20130420,4544.00,4647.00,0,0,0.00,0.00,0.00,4544.00,0.00
24018878640527909,20130421,4544.00,4647.00,0,0,0.00,0.00,0.00,4544.00,0.00
24018878640527909,20130422,4544.00,4647.00,0,0,0.00,0.00,0.00,4544.00,0.00
24018878640527909,20130423,4544.00,4647.00,0,0,0.00,0.00,0.00,4544.00,0.00
24018878640527909,20130424,4601.00,4700.00,861,19419679,89354302535.00,4493.00,4899.00,4544.00,4493.00
24018878640527909,20130427,4831.00,4831.00,49,1227045,5927854395.00,4831.00,4831.00,4601.00,4831.00
24018878640527909,20130428,5061.00,5072.00,381,5740877,29054996602.00,5000.00,5072.00,4831.00,5072.00
24018878640527909,20130429,5260.00,5250.00,1120,6286057,33065572437.00,5100.00,5310.00,5061.00,5248.00
24018878640527909,20130430,5289.00,5288.00,524,3821974,20215244524.00,5152.00,5400.00,5260.00,5300.00
24018878640527909,20130501,5282.00,5275.00,494,3569700,18855265954.00,5200.00,5310.00,5289.00,5289.00
24018878640527909,20130504,5460.00,5546.00,609,4598127,25105977587.00,5250.00,5546.00,5282.00,5282.00
24018878640527909,20130505,5588.00,5630.00,419,1830464,10228993621.00,5422.00,5730.00,5460.00,5700.00
24018878640527909,20130506,5662.00,5700.00,326,1514669,8575684536.00,5600.00,5700.00,5588.00,5690.00
24018878640527909,20130507,5828.00,5945.00,565,6096077,35530620087.00,5730.00,5945.00,5662.00,5730.00
24018878640527909,20130508,5916.00,5990.00,720,7371200,43605432280.00,5800.00,6119.00,5828.00,6118.00
24018878640527909,20130511,5968.00,5970.00,610,4765995,28441457523.00,5900.00,6100.00,5916.00,5999.00
24018878640527909,20130512,5920.00,5950.00,464,3024752,17905355603.00,5710.00,6050.00,5968.00,6049.00
24018878640527909,20130513,5839.00,5810.00,451,4251677,24826919264.00,5763.00,5920.00,5920.00,5920.00
24018878640527909,20130514,5704.00,5779.00,585,7239210,41289712963.00,5548.00,5889.00,5839.00,5889.00
24018878640527909,20130515,5725.00,5732.00,245,1782950,10208119248.00,5651.00,5820.00,5704.00,5776.00
24018878640527909,20130518,5749.00,5670.00,350,2872659,16514917883.00,5670.00,5810.00,5725.00,5720.00
24018878640527909,20130519,5626.00,5582.00,453,3048207,17150343439.00,5570.00,5739.00,5749.00,5739.00
24018878640527909,20130520,5620.00,5700.00,299,2359077,13257257266.00,5423.00,5772.00,5626.00,5499.00
24018878640527909,20130521,5817.00,5901.00,276,2344397,13637203584.00,5600.00,5901.00,5620.00,5730.00
24018878640527909,20130522,5928.00,6000.00,275,1815712,10762900516.00,5817.00,6049.00,5817.00,5950.00
24018878640527909,20130525,6178.00,6224.00,326,1949702,12045962287.00,5928.00,6224.00,5928.00,5928.00
24018878640527909,20130526,6339.00,6200.00,721,3731363,23654129594.00,6200.00,6450.00,6178.00,6450.00
24018878640527909,20130527,6154.00,6280.00,431,1596913,9827014509.00,6040.00,6310.00,6339.00,6310.00
24018878640527909,20130528,6200.00,6150.00,228,1121636,6953606265.00,6081.00,6240.00,6154.00,6219.00
24018878640527909,20130529,6224.00,6181.00,385,1490918,9279113068.00,6100.00,6300.00,6200.00,6100.00
24018878640527909,20130601,6025.00,6060.00,317,1347005,8115528883.00,5930.00,6220.00,6224.00,6220.00
24018878640527909,20130602,6019.00,6030.00,295,828451,4986521935.00,5990.00,6099.00,6025.00,6099.00
24018878640527909,20130603,6061.00,6150.00,176,553539,3354724422.00,5961.00,6199.00,6019.00,6050.00
24018878640527909,20130608,6163.00,6148.00,107,354131,2182636827.00,6031.00,6200.00,6061.00,6031.00
24018878640527909,20130609,6071.00,6098.00,158,345149,2095522957.00,6000.00,6155.00,6163.00,6033.00
24018878640527909,20130610,6042.00,6040.00,155,414285,2503085434.00,6000.00,6100.00,6071.00,6000.00
24018878640527909,20130611,6076.00,6070.00,206,1317631,8005981336.00,6000.00,6199.00,6042.00,6000.00
24018878640527909,20130612,6119.00,6147.00,172,703064,4301759126.00,6100.00,6166.00,6076.00,6100.00
24018878640527909,20130615,6337.00,6424.00,136,1081447,6853656646.00,6170.00,6424.00,6119.00,6170.00
24018878640527909,20130616,6651.00,6653.00,663,15627675,103939544919.00,6402.00,6653.00,6337.00,6653.00
24018878640527909,20130617,6602.00,6600.00,470,13502519,89150201085.00,6500.00,6679.00,6651.00,6670.00
24018878640527909,20130618,6541.00,6441.00,488,13380813,87528694737.00,6399.00,6600.00,6602.00,6550.00
24018878640527909,20130619,6492.00,6480.00,141,1084851,7042805561.00,6215.00,6595.00,6541.00,6595.00
24018878640527909,20130622,6299.00,6250.00,289,1156431,7283783874.00,6250.00,6499.00,6492.00,6400.00
24018878640527909,20130623,6383.00,6350.00,192,902915,5762956244.00,6240.00,6442.00,6299.00,6400.00
24018878640527909,20130625,6405.00,6420.00,180,639354,4095075311.00,6290.00,6479.00,6383.00,6290.00
24018878640527909,20130626,6439.00,6425.00,234,427348,2751704431.00,6400.00,6479.00,6405.00,6479.00
24018878640527909,20130629,6422.00,6441.00,247,879026,5645400938.00,6311.00,6488.00,6439.00,6402.00
24018878640527909,20130630,6433.00,6450.00,316,2766187,17794331074.00,6353.00,6501.00,6422.00,6400.00
24018878640527909,20130701,6459.00,6420.00,281,869215,5614587323.00,6350.00,6550.00,6433.00,6422.00
24018878640527909,20130702,6351.00,6240.00,156,579649,3681519335.00,6200.00,6488.00,6459.00,6258.00
24018878640527909,20130703,6338.00,6429.00,315,1876506,11893537716.00,6240.00,6429.00,6351.00,6240.00
24018878640527909,20130706,6446.00,6365.00,252,687823,4433433748.00,6361.00,6497.00,6338.00,6430.00
24018878640527909,20130707,6410.00,6420.00,191,1305197,8366606198.00,6301.00,6500.00,6446.00,6500.00
24018878640527909,20130708,6328.00,6375.00,146,558400,3533332437.00,6201.00,6410.00,6410.00,6325.00
24018878640527909,20130709,6210.00,6250.00,242,1225931,7613240506.00,6150.00,6360.00,6328.00,6360.00
24018878640527909,20130710,6150.00,6250.00,282,2085218,12823449165.00,6050.00,6250.00,6210.00,6170.00
24018878640527909,20130713,6142.00,6150.00,188,922293,5665001318.00,6001.00,6210.00,6150.00,6210.00
24018878640527909,20130714,6032.00,6000.00,159,791834,4776107067.00,6000.00,6188.00,6142.00,6188.00
24018878640527909,20130715,6136.00,6160.00,138,566273,3474612601.00,6030.00,6198.00,6032.00,6089.00
24018878640527909,20130716,6176.00,6090.00,116,658659,4067838029.00,6050.00,6290.00,6136.00,6120.00
24018878640527909,20130717,6174.00,6219.00,158,3798645,23452220048.00,6100.00,6219.00,6176.00,6100.00
24018878640527909,20130720,6179.00,6170.00,130,577565,3568751912.00,6145.00,6292.00,6174.00,6145.00
24018878640527909,20130721,6196.00,6289.00,144,947055,5868037159.00,6148.00,6289.00,6179.00,6239.00
24018878640527909,20130722,6199.00,6245.00,101,338052,2095424257.00,6150.00,6285.00,6196.00,6150.00
24018878640527909,20130723,6205.00,6250.00,185,2408803,14945900528.00,6150.00,6267.00,6199.00,6166.00
24018878640527909,20130724,6309.00,6319.00,145,424663,2679026254.00,6170.00,6360.00,6205.00,6207.00
24018878640527909,20130727,6421.00,6350.00,265,2355203,15121915806.00,6330.00,6500.00,6309.00,6350.00
24018878640527909,20130728,6397.00,6480.00,97,700694,4482217081.00,6250.00,6480.00,6421.00,6421.00
24018878640527909,20130729,6419.00,6400.00,131,888310,5702432278.00,6322.00,6490.00,6397.00,6460.00
24018878640527909,20130731,6688.00,6600.00,556,2640127,17657543169.00,6400.00,6739.00,6419.00,6400.00
24018878640527909,20130803,6829.00,6835.00,369,1309397,8942079301.00,6700.00,6999.00,6688.00,6999.00
24018878640527909,20130804,7164.00,7170.00,817,8664171,62069332967.00,7001.00,7170.00,6829.00,7150.00
24018878640527909,20130805,7483.00,7350.00,1392,9040700,67647067670.00,7300.00,7522.00,7164.00,7522.00
24018878640527909,20130806,7469.00,7340.00,545,1845030,13780128724.00,7300.00,7700.00,7483.00,7464.00
24018878640527909,20130807,7307.00,7200.00,545,1460294,10669838032.00,7200.00,7499.00,7469.00,7410.00
24018878640527909,20130811,7182.00,7110.00,346,900338,6465947040.00,7100.00,7300.00,7307.00,7212.00
24018878640527909,20130812,7069.00,7150.00,578,4543606,32120801538.00,7011.00,7150.00,7182.00,7150.00
24018878640527909,20130813,7250.00,7200.00,1026,8021022,58152132742.00,7100.00,7390.00,7069.00,7150.00
24018878640527909,20130814,7250.00,7200.00,0,0,0.00,0.00,0.00,7250.00,0.00
24018878640527909,20130817,7250.00,7200.00,0,0,0.00,0.00,0.00,7250.00,0.00
24018878640527909,20130818,7250.00,7200.00,0,0,0.00,0.00,0.00,7250.00,0.00
24018878640527909,20130819,7250.00,7200.00,0,0,0.00,0.00,0.00,7250.00,0.00
24018878640527909,20130820,7250.00,7200.00,0,0,0.00,0.00,0.00,7250.00,0.00
24018878640527909,20130821,7250.00,7200.00,0,0,0.00,0.00,0.00,7250.00,0.00
24018878640527909,20130824,7250.00,7200.00,0,0,0.00,0.00,0.00,7250.00,0.00
24018878640527909,20130825,5166.00,7200.00,0,0,0.00,0.00,0.00,7250.00,0.00
24018878640527909,20130826,5189.00,5212.00,317,1621823,8495866941.00,5200.00,5400.00,5166.00,5200.00
24018878640527909,20130827,5156.00,4899.00,379,1908528,9736856797.00,4851.00,5240.00,5189.00,5239.00
24018878640527909,20130828,5093.00,4847.00,300,997292,4824704740.00,4500.00,4890.00,5156.00,4890.00
24018878640527909,20130831,5004.00,4913.00,180,2245481,10989525479.00,4800.00,4990.00,5093.00,4801.00
24018878640527909,20130901,5029.00,5010.00,177,507191,2550864037.00,4820.00,5100.00,5004.00,4820.00
24018878640527909,20130903,5015.00,5040.00,274,1574996,7899342045.00,4900.00,5050.00,5029.00,5050.00
24018878640527909,20130904,4842.00,4850.00,225,1538959,7451783818.00,4765.00,5015.00,5015.00,4999.00
24018878640527909,20130907,4834.00,4841.00,181,960510,4642769716.00,4787.00,4924.00,4842.00,4842.00
24018878640527909,20130908,4837.00,4834.00,106,527564,2551773608.00,4820.00,4850.00,4834.00,4850.00
24018878640527909,20130909,4856.00,4869.00,97,466544,2265569898.00,4800.00,4930.00,4837.00,4930.00
24018878640527909,20130910,5092.00,5098.00,623,3978786,20260786085.00,4870.00,5098.00,4856.00,4938.00
24018878640527909,20130911,5165.00,5165.00,185,531501,2745323851.00,5100.00,5290.00,5092.00,5290.00
24018878640527909,20130914,5168.00,5167.00,215,635974,3286974350.00,5160.00,5220.00,5165.00,5172.00
24018878640527909,20130915,5168.00,5168.00,239,619121,3199917125.00,5160.00,5195.00,5168.00,5168.00
24018878640527909,20130916,5116.00,5138.00,146,715837,3662192528.00,4912.00,5170.00,5168.00,5170.00
24018878640527909,20130917,5122.00,5143.00,148,610634,3127680742.00,5000.00,5160.00,5116.00,5160.00
24018878640527909,20130918,5143.00,5128.00,184,548225,2819253559.00,5122.00,5192.00,5122.00,5192.00
24018878640527909,20130921,5174.00,5200.00,145,433584,2243306076.00,5143.00,5249.00,5143.00,5143.00
24018878640527909,20130922,5141.00,5150.00,172,825498,4244237659.00,5100.00,5180.00,5174.00,5174.00
24018878640527909,20130923,5166.00,5200.00,195,641041,3311794471.00,5141.00,5204.00,5141.00,5179.00
24018878640527909,20130924,5200.00,5170.00,171,365431,1900161783.00,5166.00,5245.00,5166.00,5170.00
24018878640527909,20130925,5220.00,5232.00,176,441843,2306464359.00,5200.00,5250.00,5200.00,5200.00
24018878640527909,20130928,5271.00,5251.00,218,1174547,6190671152.00,5220.00,5450.00,5220.00,5240.00
24018878640527909,20130929,5378.00,5355.00,247,947773,5096744162.00,5320.00,5400.00,5271.00,5395.00
24018878640527909,20130930,5482.00,5610.00,235,861332,4721980420.00,5378.00,5610.00,5378.00,5456.00
24018878640527909,20131001,5725.00,5756.00,278,1047875,5998885169.00,5600.00,5756.00,5482.00,5734.00
24018878640527909,20131002,6009.00,6011.00,828,5200449,31249099462.00,5870.00,6011.00,5725.00,5998.00
24018878640527909,20131005,6278.00,6300.00,743,3610538,22668729852.00,6050.00,6309.00,6009.00,6260.00
24018878640527909,20131006,6394.00,6350.00,654,2170180,13876380363.00,6310.00,6480.00,6278.00,6400.00
24018878640527909,20131007,6185.00,6160.00,538,1802464,11147436600.00,6120.00,6400.00,6394.00,6340.00
24018878640527909,20131008,6101.00,6055.00,424,981070,5985951018.00,6001.00,6190.00,6185.00,6190.00
24018878640527909,20131009,6147.00,6251.00,417,1837779,11297648361.00,5950.00,6260.00,6101.00,6105.00
24018878640527909,20131012,6280.00,6190.00,417,1407354,8838750848.00,6185.00,6355.00,6147.00,6300.00
24018878640527909,20131013,6195.00,6188.00,345,845229,5236243347.00,6112.00,6386.00,6280.00,6386.00
24018878640527909,20131014,6092.00,6110.00,316,1466355,8932788469.00,6020.00,6264.00,6195.00,6264.00
24018878640527909,20131015,6102.00,6120.00,329,1344183,8202353903.00,6060.00,6180.00,6092.00,6120.00
24018878640527909,20131019,6198.00,6160.00,366,1720924,10667139577.00,6150.00,6251.00,6102.00,6250.00
24018878640527909,20131020,6121.00,6160.00,345,1161669,7110851727.00,6041.00,6220.00,6198.00,6220.00
24018878640527909,20131021,6154.00,6171.00,225,651274,4008047418.00,6000.00,6200.00,6121.00,6200.00
24018878640527909,20131022,6140.00,6199.00,322,1378751,8465323669.00,6000.00,6220.00,6154.00,6150.00
24018878640527909,20131023,6179.00,6180.00,334,15586683,96314016468.00,6123.00,6199.00,6140.00,6150.00
24018878640527909,20131026,6159.00,6200.00,254,807112,4971238728.00,6101.00,6200.00,6179.00,6150.00
24018878640527909,20131027,6115.00,6120.00,181,559055,3418537756.00,6060.00,6189.00,6159.00,6189.00
24018878640527909,20131028,6123.00,6120.00,182,702755,4303303523.00,6081.00,6183.00,6115.00,6100.00
24018878640527909,20131029,6129.00,6130.00,264,928662,5691350213.00,6103.00,6150.00,6123.00,6132.00
24018878640527909,20131030,6143.00,6130.00,300,851372,5229689657.00,6130.00,6180.00,6129.00,6130.00
24018878640527909,20131102,6140.00,6130.00,269,3293466,20223124371.00,6120.00,6190.00,6143.00,6150.00
24018878640527909,20131103,6140.00,6150.00,254,1088690,6684143323.00,6123.00,6180.00,6140.00,6150.00
24018878640527909,20131104,6120.00,6120.00,225,1133432,6936899059.00,6050.00,6150.00,6140.00,6140.00
24018878640527909,20131105,6083.00,6070.00,334,1284381,7813325243.00,6010.00,6121.00,6120.00,6120.00
24018878640527909,20131106,6162.00,6220.00,256,678571,4181492694.00,6120.00,6276.00,6083.00,6130.00
24018878640527909,20131109,6451.00,6468.00,538,1608258,10375278306.00,6370.00,6469.00,6162.00,6370.00
24018878640527909,20131110,6771.00,6750.00,792,4228667,28631282715.00,6700.00,6773.00,6451.00,6755.00
24018878640527909,20131111,6860.00,6700.00,482,923930,6337921442.00,6700.00,7000.00,6771.00,6799.00
24018878640527909,20131112,6760.00,6788.00,354,986662,6669492537.00,6600.00,6800.00,6860.00,6800.00
24018878640527909,20131116,7003.00,7095.00,373,1288389,9023226433.00,6877.00,7095.00,6760.00,6877.00
24018878640527909,20131117,7089.00,7049.00,455,1576559,11176308857.00,7003.00,7300.00,7003.00,7300.00
24018878640527909,20131118,7066.00,7010.00,420,1144165,8084864977.00,6950.00,7200.00,7089.00,7050.00
24018878640527909,20131119,7141.00,7085.00,314,704836,5033066960.00,6940.00,7200.00,7066.00,7050.00
24018878640527909,20131120,7103.00,7148.00,295,781720,5552664006.00,7031.00,7150.00,7141.00,7130.00
24018878640527909,20131123,7388.00,7250.00,585,3133161,23148627777.00,7150.00,7458.00,7103.00,7160.00
24018878640527909,20131124,7452.00,7375.00,585,2134013,15902159378.00,7250.00,7695.00,7388.00,7650.00
24018878640527909,20131125,7362.00,7260.00,632,7590031,55878387509.00,7252.00,7580.00,7452.00,7580.00
24018878640527909,20131126,7402.00,7370.00,331,1226138,9076224038.00,7310.00,7479.00,7362.00,7398.00
24018878640527909,20131127,7572.00,7680.00,410,1645048,12455568805.00,7400.00,7687.00,7402.00,7580.00
24018878640527909,20131130,7612.00,7600.00,476,2204600,16782489565.00,7558.00,7694.00,7572.00,7694.00
24018878640527909,20131201,7545.00,7370.00,500,1322005,9973934470.00,7340.00,7740.00,7612.00,7690.00
24018878640527909,20131202,7329.00,7392.00,378,1037035,7600147014.00,7210.00,7440.00,7545.00,7400.00
24018878640527909,20131203,7304.00,7300.00,275,663469,4845971973.00,7253.00,7399.00,7329.00,7300.00
24018878640527909,20131204,7290.00,7270.00,294,561662,4094615306.00,7160.00,7450.00,7304.00,7450.00
24018878640527909,20131207,7185.00,7290.00,383,1073047,7709325585.00,7050.00,7300.00,7290.00,7290.00
24018878640527909,20131208,7294.00,7250.00,302,788571,5752011516.00,7180.00,7400.00,7185.00,7300.00
24018878640527909,20131209,7199.00,7159.00,405,844967,6082787553.00,7101.00,7370.00,7294.00,7370.00
24018878640527909,20131210,7224.00,7190.00,321,1012672,7315294633.00,7152.00,7360.00,7199.00,7360.00
24018878640527909,20131211,7302.00,7250.00,363,1589186,11604456815.00,7220.00,7350.00,7224.00,7220.00
24018878640527909,20131214,7131.00,7120.00,347,903139,6440686521.00,7050.00,7251.00,7302.00,7050.00
24018878640527909,20131215,7194.00,7199.00,404,1785931,12847594651.00,7100.00,7299.00,7131.00,7120.00
24018878640527909,20131216,7300.00,7350.00,505,2685720,19604748197.00,7201.00,7444.00,7194.00,7298.00
24018878640527909,20131217,7391.00,7300.00,369,1437662,10626292425.00,7210.00,7500.00,7300.00,7410.00
24018878640527909,20131218,7225.00,7299.00,458,1181077,8532773282.00,7134.00,7390.00,7391.00,7331.00
24018878640527909,20131221,7163.00,7170.00,350,784360,5618322548.00,7110.00,7297.00,7225.00,7297.00
24018878640527909,20131222,7123.00,7160.00,351,821489,5851259687.00,7100.00,7200.00,7163.00,7200.00
24018878640527909,20131224,7153.00,7160.00,371,1107155,7919990190.00,7101.00,7250.00,7123.00,7160.00
24018878640527909,20131225,7308.00,7310.00,401,1141732,8344021105.00,7165.00,7395.00,7153.00,7200.00
24018878640527909,20131228,7406.00,7350.00,495,1658412,12281551043.00,7250.00,7500.00,7308.00,7350.00
24018878640527909,20131229,7276.00,7230.00,343,758648,5519642404.00,7220.00,7390.00,7406.00,7360.00
24018878640527909,20131230,7258.00,7250.00,280,989175,7179750820.00,7200.00,7350.00,7276.00,7279.00
24018878640527909,20140101,7165.00,7188.00,458,1697350,12161653418.00,7051.00,7256.00,7258.00,7173.00
24018878640527909,20140104,7250.00,7240.00,237,592566,4296223587.00,7191.00,7347.00,7165.00,7191.00
24018878640527909,20140105,7200.00,7170.00,341,906059,6523402363.00,7170.00,7285.00,7250.00,7284.00
24018878640527909,20140106,7179.00,7120.00,428,1391698,9990350309.00,7120.00,7218.00,7200.00,7152.00
24018878640527909,20140107,7115.00,7100.00,315,670938,4773989438.00,7071.00,7200.00,7179.00,7101.00
24018878640527909,20140108,6995.00,7020.00,526,1497757,10477105108.00,6912.00,7149.00,7115.00,7149.00
24018878640527909,20140111,6858.00,6860.00,504,1745599,11972085002.00,6811.00,6950.00,6995.00,6900.00
24018878640527909,20140112,6558.00,6578.00,372,1407284,9228311533.00,6516.00,6740.00,6858.00,6713.00
24018878640527909,20140113,6885.00,6885.00,247,1884693,12975941270.00,6855.00,6885.00,6558.00,6885.00
24018878640527909,20140114,6869.00,6884.00,278,1069860,7349028731.00,6600.00,7000.00,6885.00,7000.00
24018878640527909,20140115,6839.00,6796.00,239,935671,6398794347.00,6700.00,6900.00,6869.00,6890.00
24018878640527909,20140118,6892.00,6800.00,201,634877,4375485277.00,6770.00,7010.00,6839.00,7000.00
24018878640527909,20140120,6635.00,6790.00,278,1080483,7169251280.00,6548.00,6810.00,6892.00,6810.00
24018878640527909,20140121,6671.00,6635.00,222,707574,4720261421.00,6400.00,6779.00,6635.00,6779.00
24018878640527909,20140122,6577.00,6425.00,331,2240035,14732651140.00,6400.00,6672.00,6671.00,6471.00
24018878640527909,20140125,6557.00,6603.00,96,846043,5547100487.00,6500.00,6650.00,6577.00,6577.00
24018878640527909,20140126,6411.00,6300.00,254,1608666,10313231091.00,6290.00,6600.00,6557.00,6600.00
24018878640527909,20140127,6178.00,6300.00,439,2766422,17092067866.00,6091.00,6301.00,6411.00,6250.00
24018878640527909,20140128,6319.00,6379.00,252,922291,5827604041.00,6200.00,6390.00,6178.00,6200.00
24018878640527909,20140129,6614.00,6634.00,276,2114588,13986293697.00,6400.00,6634.00,6319.00,6400.00
24018878640527909,20140201,6919.00,6899.00,553,2010756,13911634706.00,6634.00,6944.00,6614.00,6938.00
24018878640527909,20140202,6706.00,6746.00,270,1304057,8745462820.00,6600.00,6989.00,6919.00,6989.00
24018878640527909,20140203,6555.00,6570.00,205,1013825,6645241838.00,6425.00,6700.00,6706.00,6425.00
24018878640527909,20140204,6489.00,6400.00,256,1084341,7036252235.00,6350.00,6600.00,6555.00,6500.00
24018878640527909,20140205,6280.00,6400.00,302,1355245,8510636839.00,6190.00,6490.00,6489.00,6350.00
24018878640527909,20140208,6003.00,5966.00,374,1547188,9288171410.00,5966.00,6150.00,6280.00,6012.00
24018878640527909,20140209,6005.00,6050.00,245,1281456,7694960770.00,5908.00,6100.00,6003.00,6000.00
24018878640527909,20140210,5896.00,5820.00,324,1374627,8104458146.00,5705.00,6080.00,6005.00,6005.00
24018878640527909,20140212,5613.00,5750.00,186,1418530,7961896393.00,5602.00,5750.00,5896.00,5750.00
24018878640527909,20140215,5626.00,5622.00,139,417189,2347154268.00,5490.00,5849.00,5613.00,5499.00
24018878640527909,20140216,5854.00,5907.00,104,406961,2382208257.00,5690.00,5907.00,5626.00,5799.00
24018878640527909,20140217,6142.00,6142.00,334,1889940,11607726774.00,6000.00,6146.00,5854.00,6146.00
24018878640527909,20140218,6036.00,6035.00,403,5193481,31346831495.00,5920.00,6200.00,6142.00,6140.00
24018878640527909,20140219,6195.00,6195.00,279,855566,5300412852.00,6101.00,6300.00,6036.00,6210.00
24018878640527909,20140222,6195.00,6195.00,0,0,0.00,0.00,0.00,6195.00,0.00
24018878640527909,20140223,6195.00,6195.00,0,0,0.00,0.00,0.00,6195.00,0.00
24018878640527909,20140224,6195.00,6195.00,0,0,0.00,0.00,0.00,6195.00,0.00
24018878640527909,20140225,6195.00,6195.00,0,0,0.00,0.00,0.00,6195.00,0.00
24018878640527909,20140226,6195.00,6195.00,0,0,0.00,0.00,0.00,6195.00,0.00
24018878640527909,20140301,6195.00,6195.00,0,0,0.00,0.00,0.00,6195.00,0.00
24018878640527909,20140302,6199.00,6170.00,226,1268203,7876126014.00,6150.00,6250.00,6195.00,6250.00
24018878640527909,20140303,6144.00,6100.00,235,1244750,7440805434.00,5900.00,6158.00,6199.00,6158.00
24018878640527909,20140304,6129.00,6020.00,132,635139,3826472448.00,5900.00,6098.00,6144.00,6098.00
24018878640527909,20140305,6124.00,6124.00,174,646437,3938215290.00,6000.00,6200.00,6129.00,6090.00
24018878640527909,20140308,6116.00,6000.00,183,749081,4547963263.00,5980.00,6199.00,6124.00,6120.00
24018878640527909,20140309,6088.00,5970.00,165,759137,4503988133.00,5861.00,6000.00,6116.00,6000.00
24018878640527909,20140310,5989.00,5950.00,158,683151,4091556754.00,5851.00,6100.00,6088.00,6100.00
24018878640527909,20140311,5910.00,5910.00,283,2920641,17261323195.00,5755.00,6000.00,5989.00,5850.00
24018878640527909,20140312,5907.00,5909.00,185,570508,3370135327.00,5720.00,6000.00,5910.00,5720.00
24018878640527909,20140315,5977.00,5953.00,201,715666,4277491154.00,5900.00,6090.00,5907.00,5909.00
24018878640527909,20140316,6135.00,6198.00,184,750122,4601759895.00,6050.00,6198.00,5977.00,6050.00
24018878640527909,20140317,6371.00,6441.00,247,832334,5302459165.00,6150.00,6441.00,6135.00,6200.00
24018878640527909,20140318,6501.00,6400.00,266,9493376,61718263441.00,6400.00,6660.00,6371.00,6660.00
24018878640527909,20140319,6577.00,6655.00,317,1206253,7933924606.00,6310.00,6687.00,6501.00,6310.00
24018878640527909,20140325,6599.00,6577.00,79,228065,1505081915.00,6490.00,6700.00,6577.00,6490.00
24018878640527909,20140326,6601.00,6667.00,172,496289,3276002024.00,6573.00,6669.00,6599.00,6599.00
24018878640527909,20140329,6672.00,6621.00,201,716217,4778393735.00,6601.00,6870.00,6601.00,6601.00
24018878640527909,20140330,6690.00,6700.00,104,555021,3712968603.00,6566.00,6797.00,6672.00,6797.00
24018878640527909,20140331,6719.00,6690.00,123,344509,2314765585.00,6690.00,6820.00,6690.00,6790.00
24018878640527909,20140405,6533.00,6471.00,112,219872,1436481067.00,6452.00,6720.00,6719.00,6630.00
24018878640527909,20140406,6526.00,6526.00,186,625654,4083182652.00,6500.00,6565.00,6533.00,6533.00
24018878640527909,20140407,6512.00,6531.00,207,671177,4370704291.00,6480.00,6590.00,6526.00,6526.00
24018878640527909,20140408,6514.00,6500.00,144,746969,4865448525.00,6500.00,6580.00,6512.00,6530.00
24018878640527909,20140409,6480.00,6500.00,132,787904,5105570286.00,6312.00,6514.00,6514.00,6514.00
24018878640527909,20140412,6293.00,6350.00,220,1073721,6756484717.00,6156.00,6498.00,6480.00,6400.00
24018878640527909,20140413,6123.00,6035.00,186,1146302,7018252542.00,6000.00,6280.00,6293.00,6110.00
24018878640527909,20140414,6062.00,6019.00,192,814570,4938152042.00,5831.00,6157.00,6123.00,6120.00
24018878640527909,20140415,6063.00,6062.00,199,965878,5856478079.00,6000.00,6125.00,6062.00,6125.00
24018878640527909,20140416,6080.00,6100.00,190,787671,4788988110.00,6030.00,6190.00,6063.00,6050.00
24018878640527909,20140419,5965.00,6039.00,204,601223,3586239196.00,5776.00,6149.00,6080.00,6149.00
24018878640527909,20140420,6007.00,6005.00,191,784868,4714801014.00,5965.00,6110.00,5965.00,6040.00
24018878640527909,20140421,6112.00,6275.00,254,872780,5334365194.00,6000.00,6283.00,6007.00,6037.00
24018878640527909,20140422,6289.00,6400.00,520,1862002,11709299187.00,6125.00,6409.00,6112.00,6267.00
24018878640527909,20140423,6289.00,6400.00,0,0,0.00,0.00,0.00,6289.00,0.00
24018878640527909,20140426,6289.00,6400.00,0,0,0.00,0.00,0.00,6289.00,0.00
24018878640527909,20140427,6164.00,6400.00,0,0,0.00,0.00,0.00,6289.00,0.00
24018878640527909,20140428,6164.00,6400.00,0,0,0.00,0.00,0.00,6164.00,0.00
24018878640527909,20140429,6164.00,6400.00,0,0,0.00,0.00,0.00,6164.00,0.00
24018878640527909,20140430,6164.00,6400.00,0,0,0.00,0.00,0.00,6164.00,0.00
24018878640527909,20140503,4873.00,6400.00,0,0,0.00,0.00,0.00,6164.00,0.00
24018878640527909,20140504,4873.00,6400.00,0,0,0.00,0.00,0.00,4873.00,0.00
24018878640527909,20140505,4874.00,4879.00,214,903026,4408582831.00,4873.00,5000.00,4873.00,4900.00
24018878640527909,20140506,4878.00,4988.00,220,606030,2977780060.00,4635.00,4990.00,4874.00,4990.00
24018878640527909,20140507,4926.00,4950.00,450,10036369,49436002634.00,4878.00,5160.00,4878.00,4912.00
24018878640527909,20140510,4904.00,4900.00,218,665428,3262980120.00,4869.00,4980.00,4926.00,4980.00
24018878640527909,20140511,4877.00,4900.00,175,1430143,6974496802.00,4870.00,4901.00,4904.00,4901.00
24018878640527909,20140512,4821.00,4860.00,142,651313,3140198574.00,4799.00,4900.00,4877.00,4900.00
24018878640527909,20140514,4821.00,4824.00,100,359611,1733801467.00,4800.00,4860.00,4821.00,4821.00
24018878640527909,20140517,4719.00,4770.00,99,396385,1870510991.00,4580.00,4788.00,4821.00,4655.00
24018878640527909,20140518,4731.00,4720.00,135,487765,2307465883.00,4700.00,4785.00,4719.00,4700.00
24018878640527909,20140519,4727.00,4731.00,203,1406287,6646872088.00,4697.00,4755.00,4731.00,4750.00
24018878640527909,20140520,4669.00,4729.00,129,511474,2388256700.00,4630.00,4749.00,4727.00,4749.00
24018878640527909,20140521,4609.00,4660.00,202,1157347,5334004248.00,4530.00,4730.00,4669.00,4730.00
24018878640527909,20140524,4610.00,4610.00,133,484003,2231111759.00,4580.00,4689.00,4609.00,4609.00
24018878640527909,20140525,4594.00,4599.00,142,617535,2837062671.00,4560.00,4610.00,4610.00,4610.00
24018878640527909,20140526,4582.00,4610.00,194,1052229,4821612828.00,4556.00,4610.00,4594.00,4594.00
24018878640527909,20140528,4532.00,4600.00,190,982647,4453071997.00,4400.00,4679.00,4582.00,4600.00
24018878640527909,20140531,4594.00,4590.00,148,588113,2701698738.00,4555.00,4649.00,4532.00,4600.00
24018878640527909,20140601,4553.00,4570.00,158,757174,3447490378.00,4365.00,4620.00,4594.00,4594.00
24018878640527909,20140602,4553.00,4540.00,92,290696,1323677605.00,4540.00,4570.00,4553.00,4570.00
24018878640527909,20140603,4583.00,4570.00,99,365581,1675485195.00,4550.00,4600.00,4553.00,4600.00
24018878640527909,20140607,4571.00,4540.00,94,536080,2450355394.00,4497.00,4600.00,4583.00,4583.00
24018878640527909,20140608,4558.00,4559.00,97,803013,3660380415.00,4525.00,4580.00,4571.00,4571.00
24018878640527909,20140609,4560.00,4558.00,68,462746,2110165734.00,4558.00,4580.00,4558.00,4559.00
24018878640527909,20140610,4528.00,4490.00,56,427291,1934960629.00,4490.00,4580.00,4560.00,4530.00
24018878640527909,20140611,4528.00,4500.00,85,362224,1640300121.00,4480.00,4560.00,4528.00,4528.00
24018878640527909,20140614,4392.00,4350.00,156,600788,2638840169.00,4302.00,4530.00,4528.00,4500.00
24018878640527909,20140615,4301.00,4392.00,99,700746,3014109420.00,4184.00,4400.00,4392.00,4390.00
24018878640527909,20140616,4370.00,4302.00,45,105941,462979495.00,4302.00,4400.00,4301.00,4302.00
24018878640527909,20140617,4352.00,4350.00,46,199935,870085986.00,4300.00,4370.00,4370.00,4370.00
24018878640527909,20140618,4353.00,4400.00,157,431151,1876666389.00,4300.00,4400.00,4352.00,4352.00
24018878640527909,20140621,4393.00,4393.00,60,189018,830382766.00,4361.00,4420.00,4353.00,4420.00
24018878640527909,20140622,4405.00,4395.00,88,435536,1918358112.00,4370.00,4428.00,4393.00,4410.00
24018878640527909,20140623,4285.00,4185.00,151,933327,3998890932.00,4185.00,4417.00,4405.00,4405.00
24018878640527909,20140624,4220.00,4230.00,95,825187,3482074391.00,4100.00,4285.00,4285.00,4285.00
24018878640527909,20140625,4242.00,4230.00,69,531984,2256660791.00,4200.00,4269.00,4220.00,4250.00
24018878640527909,20140628,4193.00,4151.00,112,623374,2613542636.00,4100.00,4242.00,4242.00,4242.00
24018878640527909,20140629,4012.00,3984.00,121,1323880,5311647785.00,3984.00,4193.00,4193.00,4190.00
24018878640527909,20140630,3966.00,4000.00,241,2266292,8987575873.00,3900.00,4040.00,4012.00,4000.00
24018878640527909,20140701,4032.00,4073.00,85,358984,1447266881.00,3990.00,4100.00,3966.00,4000.00
24018878640527909,20140702,4218.00,4233.00,90,655861,2766148323.00,4070.00,4233.00,4032.00,4070.00
24018878640527909,20140705,4423.00,4428.00,55,249455,1103304488.00,4251.00,4428.00,4218.00,4251.00
24018878640527909,20140706,4450.00,4330.00,206,1160170,5162216405.00,4215.00,4644.00,4423.00,4644.00
24018878640527909,20140707,4306.00,4350.00,98,385846,1661506254.00,4300.00,4380.00,4450.00,4300.00
24018878640527909,20140708,4390.00,4361.00,127,344870,1514120890.00,4306.00,4449.00,4306.00,4306.00
24018878640527909,20140709,4402.00,4400.00,195,862437,3796080067.00,4253.00,4452.00,4390.00,4362.00
24018878640527909,20140712,4406.00,4420.00,120,295844,1303389454.00,4399.00,4445.00,4402.00,4399.00
24018878640527909,20140713,4408.00,4420.00,113,392042,1728032139.00,4406.00,4429.00,4406.00,4429.00
24018878640527909,20140714,4450.00,4409.00,58,166394,740386028.00,4409.00,4499.00,4408.00,4429.00
24018878640527909,20140715,4458.00,4483.00,85,357423,1593440709.00,4450.00,4483.00,4450.00,4450.00
24018878640527909,20140716,4569.00,4680.00,172,1267468,5790794091.00,4461.00,4680.00,4458.00,4461.00
24018878640527909,20140720,4632.00,4581.00,146,799994,3705652834.00,4560.00,4797.00,4569.00,4600.00
24018878640527909,20140721,4615.00,4600.00,134,1390810,6418332210.00,4501.00,4720.00,4632.00,4720.00
24018878640527909,20140722,4637.00,4615.00,92,689235,3195823694.00,4615.00,4745.00,4615.00,4615.00
24018878640527909,20140723,4637.00,4625.00,229,15018895,69643542967.00,4601.00,4686.00,4637.00,4637.00
24018878640527909,20140726,4637.00,4620.00,184,12877245,59706153690.00,4600.00,4690.00,4637.00,4690.00
24018878640527909,20140727,4661.00,4700.00,119,592313,2760739039.00,4620.00,4700.00,4637.00,4620.00
24018878640527909,20140728,4653.00,4696.00,127,5566695,25904287264.00,4630.00,4714.00,4661.00,4630.00
24018878640527909,20140802,4601.00,4628.00,286,13357357,61452189927.00,4520.00,4696.00,4653.00,4620.00
24018878640527909,20140803,4601.00,4602.00,209,5530983,25449400432.00,4601.00,4630.00,4601.00,4630.00
24018878640527909,20140804,4601.00,4601.00,300,15903969,73174279128.00,4600.00,4610.00,4601.00,4601.00
24018878640527909,20140805,4601.00,4601.00,198,13660275,62850673428.00,4585.00,4610.00,4601.00,4601.00
24018878640527909,20140806,4600.00,4600.00,327,13536620,62264106000.00,4583.00,4600.00,4601.00,4584.00
24018878640527909,20140809,4598.00,4600.00,168,7856431,36122463978.00,4512.00,4600.00,4600.00,4599.00
24018878640527909,20140810,4589.00,4615.00,63,381087,1748792653.00,4555.00,4615.00,4598.00,4555.00
24018878640527909,20140811,4585.00,4600.00,64,447737,2052732602.00,4567.00,4630.00,4589.00,4600.00
24018878640527909,20140812,4587.00,4600.00,60,500979,2298195956.00,4569.00,4600.00,4585.00,4585.00
24018878640527909,20140813,4607.00,4605.00,46,113766,524140935.00,4590.00,4621.00,4587.00,4601.00
24018878640527909,20140816,4588.00,4593.00,75,376418,1726882354.00,4580.00,4610.00,4607.00,4610.00
24018878640527909,20140817,4580.00,4580.00,111,445423,2040086839.00,4580.00,4584.00,4588.00,4580.00
24018878640527909,20140818,4575.00,4561.00,45,281246,1286618720.00,4560.00,4600.00,4580.00,4580.00
24018878640527909,20140819,4560.00,4560.00,100,242921,1107774060.00,4550.00,4574.00,4575.00,4560.00
24018878640527909,20140820,4563.00,4561.00,70,306381,1397911704.00,4560.00,4590.00,4560.00,4560.00
24018878640527909,20140823,4551.00,4550.00,63,412688,1878274019.00,4550.00,4558.00,4563.00,4551.00
24018878640527909,20140824,4581.00,4600.00,77,361745,1657132129.00,4551.00,4600.00,4551.00,4551.00
24018878640527909,20140825,4584.00,4581.00,102,1679099,7697251960.00,4581.00,4600.00,4581.00,4581.00
24018878640527909,20140826,4584.00,4584.00,126,7688178,35242678075.00,4580.00,4590.00,4584.00,4584.00
24018878640527909,20140827,4586.00,4594.00,87,180351,827098373.00,4584.00,4600.00,4584.00,4584.00
24018878640527909,20140830,4586.00,4586.00,94,375856,1723580737.00,4580.00,4589.00,4586.00,4586.00
24018878640527909,20140831,4585.00,4586.00,114,492487,2257896240.00,4567.00,4590.00,4586.00,4586.00
24018878640527909,20140901,4582.00,4580.00,102,447357,2049813317.00,4550.00,4599.00,4585.00,4599.00
24018878640527909,20140902,4582.00,4583.00,74,526183,2411045907.00,4582.00,4585.00,4582.00,4582.00
24018878640527909,20140903,4577.00,4582.00,90,628574,2877263978.00,4450.00,4583.00,4582.00,4582.00
24018878640527909,20140906,4577.00,4550.00,158,707911,3240058130.00,4550.00,4578.00,4577.00,4577.00
24018878640527909,20140907,4538.00,4530.00,137,875626,3973481351.00,4355.00,4577.00,4577.00,4577.00
24018878640527909,20140908,4531.00,4538.00,95,617897,2799437703.00,4500.00,4550.00,4538.00,4538.00
24018878640527909,20140909,4526.00,4520.00,76,575760,2605629378.00,4500.00,4556.00,4531.00,4538.00
24018878640527909,20140910,4480.00,4368.00,98,1051912,4712044984.00,4357.00,4530.00,4526.00,4530.00
24018878640527909,20140913,4440.00,4440.00,133,725244,3220019572.00,4261.00,4480.00,4480.00,4478.00
24018878640527909,20140914,4431.00,4400.00,97,692820,3069709487.00,4400.00,4450.00,4440.00,4450.00
24018878640527909,20140915,4405.00,4400.00,97,971829,4280452316.00,4282.00,4431.00,4431.00,4431.00
24018878640527909,20140916,4394.00,4310.00,63,716299,3147586178.00,4310.00,4401.00,4405.00,4400.00
24018878640527909,20140917,4355.00,4256.00,109,806864,3513804184.00,4256.00,4398.00,4394.00,4394.00
24018878640527909,20140920,4348.00,4349.00,101,490821,2134323517.00,4323.00,4397.00,4355.00,4355.00
24018878640527909,20140921,4345.00,4350.00,125,761245,3307620337.00,4320.00,4395.00,4348.00,4348.00
24018878640527909,20140922,4345.00,4337.00,94,757316,3290218236.00,4300.00,4439.00,4345.00,4361.00
24018878640527909,20140923,4434.00,4450.00,77,285577,1266337545.00,4401.00,4450.00,4345.00,4435.00
24018878640527909,20140924,4492.00,4500.00,131,460190,2066977147.00,4434.00,4500.00,4434.00,4434.00
24018878640527909,20140927,4494.00,4480.00,156,1086045,4880497845.00,4478.00,4500.00,4492.00,4500.00
24018878640527909,20140928,4505.00,4499.00,149,1003468,4520958700.00,4494.00,4581.00,4494.00,4500.00
24018878640527909,20140929,4546.00,4650.00,249,1373547,6244637008.00,4500.00,4655.00,4505.00,4505.00
24018878640527909,20140930,4614.00,4635.00,206,996373,4596858995.00,4546.00,4648.00,4546.00,4608.00
24018878640527909,20141001,4614.00,4635.00,0,0,0.00,0.00,0.00,4614.00,0.00
24018878640527909,20141004,4614.00,4635.00,0,0,0.00,0.00,0.00,4614.00,0.00
24018878640527909,20141006,4614.00,4635.00,0,0,0.00,0.00,0.00,4614.00,0.00
24018878640527909,20141007,4614.00,4635.00,0,0,0.00,0.00,0.00,4614.00,0.00
24018878640527909,20141008,4618.00,4614.00,180,1134102,5236889305.00,4400.00,4650.00,4614.00,4614.00
24018878640527909,20141011,4619.00,4639.00,373,2330352,10763699699.00,4600.00,4648.00,4618.00,4618.00
24018878640527909,20141012,4623.00,4630.00,190,713318,3297926525.00,4620.00,4630.00,4619.00,4620.00
24018878640527909,20141014,4601.00,4600.00,83,459322,2113341510.00,4600.00,4620.00,4623.00,4602.00
24018878640527909,20141015,4599.00,4580.00,104,743294,3418251982.00,4580.00,4611.00,4601.00,4600.00
24018878640527909,20141018,4588.00,4573.00,91,647915,2972632742.00,4573.00,4600.00,4599.00,4590.00
24018878640527909,20141019,4573.00,4511.00,93,564471,2581285632.00,4502.00,4590.00,4588.00,4590.00
24018878640527909,20141020,4590.00,4590.00,131,1001650,4597565102.00,4501.00,4699.00,4573.00,4560.00
24018878640527909,20141021,4602.00,4600.00,193,812617,3739371446.00,4600.00,4648.00,4590.00,4610.00
24018878640527909,20141022,4606.00,4600.00,111,715383,3294856540.00,4587.00,4628.00,4602.00,4603.00
24018878640527909,20141025,4594.00,4599.00,134,898299,4126757742.00,4550.00,4629.00,4606.00,4606.00
24018878640527909,20141026,4479.00,4500.00,187,1858440,8324574559.00,4382.00,4594.00,4594.00,4594.00
24018878640527909,20141027,4502.00,4500.00,34,166539,749754910.00,4500.00,4554.00,4479.00,4500.00
24018878640527909,20141028,4481.00,4488.00,59,358893,1608041996.00,4432.00,4540.00,4502.00,4505.00
24018878640527909,20141029,4448.00,4381.00,62,348520,1550056429.00,4381.00,4490.00,4481.00,4481.00
24018878640527909,20141101,4464.00,4480.00,105,455321,2032367345.00,4371.00,4500.00,4448.00,4448.00
24018878640527909,20141102,4478.00,4480.00,123,868814,3890419864.00,4401.00,4520.00,4464.00,4465.00
24018878640527909,20141105,4485.00,4519.00,141,711757,3191958957.00,4450.00,4519.00,4478.00,4480.00
24018878640527909,20141108,4521.00,4525.00,97,460840,2083566448.00,4485.00,4570.00,4485.00,4486.00
24018878640527909,20141109,4522.00,4521.00,120,455712,2060784679.00,4521.00,4560.00,4521.00,4521.00
24018878640527909,20141110,4513.00,4530.00,146,884688,3992355916.00,4455.00,4540.00,4522.00,4522.00
24018878640527909,20141111,4495.00,4480.00,122,658300,2958867130.00,4456.00,4515.00,4513.00,4513.00
24018878640527909,20141112,4429.00,4391.00,161,656318,2907121577.00,4391.00,4500.00,4495.00,4500.00
24018878640527909,20141115,4356.00,4398.00,142,631091,2748960455.00,4270.00,4400.00,4429.00,4400.00
24018878640527909,20141116,4332.00,4320.00,165,637189,2760438376.00,4300.00,4396.00,4356.00,4356.00
24018878640527909,20141117,4347.00,4332.00,102,482892,2098931641.00,4320.00,4398.00,4332.00,4398.00
24018878640527909,20141118,4298.00,4284.00,116,433436,1863089705.00,4130.00,4350.00,4347.00,4347.00
24018878640527909,20141119,4242.00,4202.00,186,4400143,18665859168.00,4150.00,4300.00,4298.00,4300.00
24018878640527909,20141122,4202.00,4199.00,210,5151628,21647684125.00,4055.00,4243.00,4242.00,4242.00
24018878640527909,20141123,4181.00,4160.00,127,775365,3241619488.00,4126.00,4200.00,4202.00,4200.00
24018878640527909,20141124,4180.00,4199.00,343,5954687,24892160717.00,4101.00,4250.00,4181.00,4181.00
24018878640527909,20141125,4010.00,3971.00,173,556222,2230666083.00,3971.00,4060.00,4180.00,4003.00
24018878640527909,20141126,3974.00,3998.00,186,1102551,4381864098.00,3865.00,4010.00,4010.00,4000.00
24018878640527909,20141129,3971.00,3900.00,237,1322205,5250157560.00,3850.00,4087.00,3974.00,4087.00
24018878640527909,20141130,3892.00,3860.00,177,1179558,4591234871.00,3801.00,4000.00,3971.00,4000.00
24018878640527909,20141201,3782.00,3798.00,204,2009579,7601027344.00,3698.00,3950.00,3892.00,3900.00
24018878640527909,20141202,3786.00,3800.00,216,4872535,18447166691.00,3782.00,3830.00,3782.00,3782.00
24018878640527909,20141203,3789.00,3837.00,109,595800,2257420974.00,3742.00,3879.00,3786.00,3879.00
24018878640527909,20141206,3792.00,3789.00,127,1116349,4232983680.00,3750.00,3850.00,3789.00,3850.00
24018878640527909,20141207,3793.00,3797.00,110,770674,2922856051.00,3792.00,3800.00,3792.00,3792.00
24018878640527909,20141208,3793.00,3830.00,113,587130,2227219692.00,3740.00,3830.00,3793.00,3794.00
24018878640527909,20141209,3887.00,3982.00,358,10870025,42250870784.00,3793.00,3982.00,3793.00,3840.00
24018878640527909,20141210,3905.00,3890.00,115,376609,1470640711.00,3887.00,4035.00,3887.00,4035.00
24018878640527909,20141214,3894.00,3900.00,183,2145791,8355266921.00,3711.00,3910.00,3905.00,3910.00
24018878640527909,20141215,3807.00,3800.00,139,1632033,6212919940.00,3700.00,3894.00,3894.00,3894.00
24018878640527909,20141216,3815.00,3800.00,87,649215,2476655087.00,3800.00,3830.00,3807.00,3807.00
24018878640527909,20141217,3808.00,3820.00,70,580463,2210124382.00,3789.00,3840.00,3815.00,3815.00
24018878640527909,20141220,3809.00,3808.00,44,531524,2024662590.00,3800.00,3835.00,3808.00,3808.00
24018878640527909,20141222,3816.00,3860.00,171,727042,2774272017.00,3800.00,3899.00,3809.00,3849.00
24018878640527909,20141224,3972.00,3940.00,102,371244,1474663314.00,3890.00,3997.00,3816.00,3916.00
24018878640527909,20141227,4062.00,4110.00,205,2127480,8642861282.00,3972.00,4110.00,3972.00,3972.00
24018878640527909,20141228,4056.00,3957.00,203,713130,2892450998.00,3957.00,4169.00,4062.00,4169.00
24018878640527909,20141229,3873.00,3872.00,160,879829,3407354179.00,3860.00,3988.00,4056.00,3891.00
24018878640527909,20141230,3817.00,3871.00,132,916075,3496909558.00,3700.00,4000.00,3873.00,3960.00
24018878640527909,20141231,3800.00,3900.00,338,2991291,11367796951.00,3700.00,3910.00,3817.00,3817.00
24018878640527909,20150103,3910.00,3929.00,89,351308,1373771741.00,3900.00,3929.00,3800.00,3901.00
24018878640527909,20150104,3910.00,3927.00,82,601320,2351415625.00,3900.00,3930.00,3910.00,3930.00
24018878640527909,20150105,3918.00,3927.00,76,414373,1623371279.00,3910.00,3930.00,3910.00,3925.00
24018878640527909,20150106,3837.00,3826.00,143,3937217,15107265624.00,3730.00,3918.00,3918.00,3918.00
24018878640527909,20150107,3822.00,3825.00,50,221457,846413906.00,3800.00,3838.00,3837.00,3838.00
24018878640527909,20150110,3790.00,3791.00,133,541149,2051105772.00,3735.00,3822.00,3822.00,3822.00
24018878640527909,20150111,3723.00,3799.00,234,1867799,6953972271.00,3700.00,3800.00,3790.00,3754.00
24018878640527909,20150112,3736.00,3819.00,137,1233653,4609484412.00,3723.00,3850.00,3723.00,3724.00
24018878640527909,20150113,3743.00,3820.00,79,1542056,5771981512.00,3736.00,3888.00,3736.00,3888.00
24018878640527909,20150114,3799.00,3820.00,166,1542427,5860132680.00,3750.00,3828.00,3743.00,3800.00
24018878640527909,20150117,3831.00,3801.00,136,2189309,8386719490.00,3799.00,3870.00,3799.00,3801.00
24018878640527909,20150118,3839.00,3850.00,109,783341,3007077568.00,3830.00,3900.00,3831.00,3831.00
24018878640527909,20150119,3867.00,3850.00,133,685416,2650168509.00,3839.00,3900.00,3839.00,3860.00
24018878640527909,20150120,3863.00,3867.00,96,1068384,4126714095.00,3801.00,3880.00,3867.00,3850.00
24018878640527909,20150121,3861.00,3863.00,120,1153560,4454332792.00,3823.00,3865.00,3863.00,3863.00
24018878640527909,20150124,3863.00,3870.00,127,1291357,4988157644.00,3800.00,3900.00,3861.00,3861.00
24018878640527909,20150125,3868.00,3863.00,60,472865,1829117931.00,3863.00,3885.00,3863.00,3863.00
24018878640527909,20150126,3862.00,3868.00,130,930574,3593775038.00,3800.00,3880.00,3868.00,3868.00
24018878640527909,20150127,3895.00,3862.00,210,3882833,15124197764.00,3862.00,3899.00,3862.00,3862.00
24018878640527909,20150128,3896.00,3920.00,130,518393,2019671024.00,3850.00,3920.00,3895.00,3895.00
24018878640527909,20150131,3901.00,3900.00,53,579859,2262272560.00,3899.00,3949.00,3896.00,3949.00
24018878640527909,20150201,3900.00,3904.00,95,722609,2818243194.00,3850.00,3937.00,3901.00,3920.00
24018878640527909,20150202,3896.00,3910.00,58,477466,1860400835.00,3870.00,3934.00,3900.00,3900.00
24018878640527909,20150203,3893.00,3896.00,98,876500,3411888614.00,3854.00,3899.00,3896.00,3896.00
24018878640527909,20150204,3889.00,3893.00,80,580689,2258052617.00,3814.00,3900.00,3893.00,3900.00
24018878640527909,20150207,3874.00,3888.00,105,463463,1795638406.00,3854.00,3890.00,3889.00,3889.00
24018878640527909,20150208,3870.00,3875.00,150,615882,2383688517.00,3864.00,3897.00,3874.00,3875.00
24018878640527909,20150209,3864.00,3846.00,56,326622,1262096290.00,3830.00,3870.00,3870.00,3870.00
24018878640527909,20150210,3909.00,3846.00,225,2512114,9819436218.00,3846.00,3970.00,3864.00,3900.00
24018878640527909,20150214,3914.00,3918.00,160,1159054,4536882411.00,3900.00,3950.00,3909.00,3909.00
24018878640527909,20150215,3938.00,3940.00,206,1812197,7136061563.00,3887.00,3950.00,3914.00,3914.00
24018878640527909,20150216,3938.00,3950.00,113,874617,3444436002.00,3887.00,3950.00,3938.00,3938.00
24018878640527909,20150217,3935.00,3938.00,95,1399021,5504695564.00,3900.00,3938.00,3938.00,3938.00
24018878640527909,20150218,3927.00,3929.00,52,432367,1697839467.00,3805.00,3949.00,3935.00,3949.00
24018878640527909,20150221,3927.00,3929.00,0,0,0.00,0.00,0.00,3927.00,0.00
24018878640527909,20150222,3927.00,3929.00,0,0,0.00,0.00,0.00,3927.00,0.00
24018878640527909,20150223,3927.00,3929.00,0,0,0.00,0.00,0.00,3927.00,0.00
24018878640527909,20150224,3927.00,3929.00,0,0,0.00,0.00,0.00,3927.00,0.00
24018878640527909,20150225,3927.00,3929.00,0,0,0.00,0.00,0.00,3927.00,0.00
24018878640527909,20150228,3937.00,4070.00,63,912185,3649933790.00,4000.00,4070.00,3927.00,4000.00
24018878640527909,20150301,3948.00,4000.00,171,743694,2998689414.00,3950.00,4070.00,3937.00,4070.00
24018878640527909,20150302,3991.00,3996.00,121,5607186,22423597296.00,3950.00,4000.00,3948.00,4000.00
24018878640527909,20150303,3993.00,4000.00,65,412124,1645666629.00,3950.00,4000.00,3991.00,3956.00
24018878640527909,20150304,3993.00,3998.00,90,291069,1162322992.00,3974.00,4000.00,3993.00,4000.00
24018878640527909,20150307,3983.00,3950.00,44,316936,1262305748.00,3940.00,3994.00,3993.00,3993.00
24018878640527909,20150308,3904.00,3811.00,97,706575,2758569773.00,3811.00,3981.00,3983.00,3981.00
24018878640527909,20150309,3889.00,3820.00,94,811494,3155871175.00,3820.00,3904.00,3904.00,3904.00
24018878640527909,20150310,3873.00,3875.00,145,565018,2188492154.00,3790.00,3899.00,3889.00,3889.00
24018878640527909,20150311,3878.00,3888.00,104,784846,3043555559.00,3854.00,3890.00,3873.00,3873.00
24018878640527909,20150314,3887.00,3899.00,183,882484,3429809242.00,3863.00,3900.00,3878.00,3878.00
24018878640527909,20150315,3874.00,3899.00,91,783582,3035269399.00,3800.00,3948.00,3887.00,3948.00
24018878640527909,20150316,3878.00,3900.00,95,1044626,4051249086.00,3802.00,3900.00,3874.00,3874.00
24018878640527909,20150317,3884.00,3900.00,74,285722,1109754414.00,3860.00,3939.00,3878.00,3939.00
24018878640527909,20150318,3962.00,4000.00,93,689611,2732183208.00,3910.00,4070.00,3884.00,3920.00
24018878640527909,20150325,3984.00,3999.00,29,251920,1003578845.00,3925.00,4000.00,3962.00,3950.00
24018878640527909,20150328,4000.00,3915.00,27,206630,826562220.00,3915.00,4058.00,3984.00,4000.00
24018878640527909,20150329,4011.00,4070.00,65,603431,2420598598.00,3910.00,4090.00,4000.00,4000.00
24018878640527909,20150330,4014.00,4088.00,68,835210,3352449321.00,4000.00,4090.00,4011.00,4088.00
24018878640527909,20150331,4018.00,4035.00,40,240570,966640322.00,4016.00,4070.00,4014.00,4019.00
24018878640527909,20150404,4201.00,4218.00,30,94320,396239272.00,4147.00,4218.00,4018.00,4147.00
24018878640527909,20150405,4390.00,4260.00,260,2144556,9414480462.00,4250.00,4411.00,4201.00,4411.00
24018878640527909,20150406,4264.00,4260.00,193,1258321,5365457077.00,4171.00,4290.00,4390.00,4280.00
24018878640527909,20150407,4254.00,4260.00,178,1101963,4687578319.00,4181.00,4270.00,4264.00,4264.00
24018878640527909,20150408,4252.00,4300.00,136,1612369,6855717660.00,4200.00,4300.00,4254.00,4254.00
24018878640527909,20150411,4276.00,4299.00,107,506650,2166439435.00,4230.00,4300.00,4252.00,4295.00
24018878640527909,20150412,4245.00,4227.00,90,571931,2427728976.00,4200.00,4279.00,4276.00,4276.00
24018878640527909,20150413,4210.00,4220.00,75,489279,2059792545.00,4100.00,4250.00,4245.00,4239.00
24018878640527909,20150414,4204.00,4204.00,113,232530,977634116.00,4187.00,4220.00,4210.00,4210.00
24018878640527909,20150415,4156.00,4156.00,53,194948,810163379.00,3994.00,4205.00,4204.00,4205.00
24018878640527909,20150418,4159.00,4190.00,41,198644,826072607.00,4110.00,4200.00,4156.00,4156.00
24018878640527909,20150419,4174.00,4159.00,76,181909,759311871.00,4159.00,4188.00,4159.00,4161.00
24018878640527909,20150420,4165.00,4130.00,90,418689,1743744629.00,4130.00,4175.00,4174.00,4174.00
24018878640527909,20150421,4173.00,4167.00,72,267107,1114620997.00,4148.00,4210.00,4165.00,4165.00
24018878640527909,20150422,4195.00,4173.00,107,288279,1209385495.00,4173.00,4205.00,4173.00,4200.00
24018878640527909,20150425,4202.00,4230.00,183,1577068,6626750196.00,4185.00,4230.00,4195.00,4195.00
24018878640527909,20150426,4220.00,4229.00,174,1699994,7173145097.00,4160.00,4257.00,4202.00,4250.00
24018878640527909,20150427,4196.00,4189.00,214,2298499,9645371986.00,4140.00,4268.00,4220.00,4220.00
24018878640527909,20150428,4229.00,4249.00,363,4018718,16996309423.00,4185.00,4300.00,4196.00,4196.00
24018878640527909,20150429,4229.00,4249.00,0,0,0.00,0.00,0.00,4229.00,0.00
24018878640527909,20150503,4229.00,4249.00,0,0,0.00,0.00,0.00,4229.00,0.00
24018878640527909,20150504,4048.00,4050.00,63,575404,2323993382.00,4000.00,4050.00,4049.00,4050.00
24018878640527909,20150505,4043.00,4047.00,259,4035019,16300918796.00,3948.00,4050.00,4048.00,4048.00
24018878640527909,20150506,4043.00,4047.00,0,0,0.00,0.00,0.00,4043.00,0.00
24018878640527909,20150509,4043.00,4047.00,0,0,0.00,0.00,0.00,4043.00,0.00
24018878640527909,20150510,4043.00,4047.00,0,0,0.00,0.00,0.00,4043.00,0.00
24018878640527909,20150511,4043.00,4047.00,0,0,0.00,0.00,0.00,4043.00,0.00
24018878640527909,20150512,4043.00,4047.00,0,0,0.00,0.00,0.00,4043.00,0.00
24018878640527909,20150513,4043.00,4047.00,0,0,0.00,0.00,0.00,4043.00,0.00
24018878640527909,20150517,4043.00,4047.00,0,0,0.00,0.00,0.00,4043.00,0.00
24018878640527909,20150518,3323.00,4047.00,0,0,0.00,0.00,0.00,3323.00,0.00
24018878640527909,20150519,3321.00,3300.00,49,712899,2347840198.00,3100.00,3322.00,3323.00,3322.00
24018878640527909,20150520,3320.00,3290.00,80,591943,1953229524.00,3251.00,3321.00,3321.00,3321.00
24018878640527909,20150523,3158.00,3160.00,120,7522383,23549179494.00,3100.00,3320.00,3320.00,3320.00
24018878640527909,20150524,3043.00,3149.00,239,2543776,7741311929.00,3001.00,3160.00,3158.00,3160.00
24018878640527909,20150525,3031.00,3043.00,86,348859,1057363031.00,3000.00,3085.00,3043.00,3013.00
24018878640527909,20150526,3076.00,3071.00,82,688550,2118069945.00,3031.00,3150.00,3031.00,3080.00
24018878640527909,20150527,3066.00,3010.00,71,406883,1247544910.00,3010.00,3090.00,3076.00,3077.00
24018878640527909,20150530,3056.00,3050.00,73,709851,2169162683.00,3025.00,3066.00,3066.00,3066.00
24018878640527909,20150531,3042.00,3010.00,61,681344,2072456012.00,3000.00,3060.00,3056.00,3056.00
24018878640527909,20150601,3039.00,3040.00,41,501446,1523736930.00,3000.00,3088.00,3042.00,3088.00
24018878640527909,20150602,3010.00,3039.00,42,398375,1199085157.00,2950.00,3039.00,3039.00,3039.00
24018878640527909,20150606,3034.00,3035.00,29,175303,531846223.00,3010.00,3079.00,3010.00,3079.00
24018878640527909,20150607,3034.00,3034.00,62,494064,1498901340.00,3001.00,3049.00,3034.00,3034.00
24018878640527909,20150608,3031.00,3028.00,46,569247,1725265746.00,3000.00,3035.00,3034.00,3034.00
24018878640527909,20150609,3000.00,3010.00,42,348240,1044712064.00,2881.00,3031.00,3031.00,3031.00
24018878640527909,20150610,3004.00,3035.00,81,976100,2932439555.00,2985.00,3035.00,3000.00,3000.00
24018878640527909,20150613,3011.00,3018.00,50,583160,1755892040.00,2980.00,3040.00,3004.00,3040.00
24018878640527909,20150614,3015.00,3019.00,69,805544,2428602732.00,2995.00,3025.00,3011.00,3011.00
24018878640527909,20150615,3004.00,3008.00,49,477531,1434309200.00,2965.00,3038.00,3015.00,3015.00
24018878640527909,20150616,2995.00,2994.00,27,289786,867985862.00,2966.00,3004.00,3004.00,3004.00
24018878640527909,20150617,2997.00,2999.00,29,317955,952768180.00,2969.00,3020.00,2995.00,2990.00
24018878640527909,20150620,2988.00,3000.00,77,465402,1390564498.00,2880.00,3000.00,2997.00,3000.00
24018878640527909,20150621,2939.00,2900.00,35,289444,850623666.00,2900.00,2988.00,2988.00,2988.00
24018878640527909,20150622,2923.00,2914.00,48,434298,1269246492.00,2860.00,2964.00,2939.00,2940.00
24018878640527909,20150623,2893.00,2923.00,151,2209445,6392043718.00,2800.00,2953.00,2923.00,2923.00
24018878640527909,20150624,2983.00,2975.00,56,833994,2487759123.00,2903.00,3012.00,2893.00,2950.00
24018878640527909,20150627,2948.00,2950.00,75,652208,1922649890.00,2855.00,3000.00,2983.00,3000.00
24018878640527909,20150628,2906.00,2910.00,52,439365,1277004623.00,2850.00,2948.00,2948.00,2948.00
24018878640527909,20150629,2966.00,2970.00,20,202939,601900370.00,2906.00,2971.00,2906.00,2970.00
24018878640527909,20150630,3002.00,2977.00,67,695139,2087104094.00,2968.00,3114.00,2966.00,2988.00
24018878640527909,20150701,3001.00,3009.00,44,229543,688840102.00,2958.00,3110.00,3002.00,3110.00
24018878640527909,20150704,3017.00,3050.00,72,327802,989099185.00,2999.00,3069.00,3001.00,3001.00
24018878640527909,20150705,2989.00,3039.00,89,503648,1505533535.00,2902.00,3039.00,3017.00,3020.00
24018878640527909,20150706,2988.00,2980.00,65,457141,1365803844.00,2970.00,3029.00,2989.00,2995.00
24018878640527909,20150707,2991.00,3015.00,74,560553,1676341094.00,2925.00,3020.00,2988.00,3000.00
24018878640527909,20150711,3018.00,3070.00,101,1002386,3024768868.00,3000.00,3070.00,2991.00,3020.00
24018878640527909,20150712,3025.00,3018.00,47,77711,235073688.00,3018.00,3045.00,3018.00,3030.00
24018878640527909,20150713,3121.00,3176.00,134,568802,1775510756.00,3033.00,3176.00,3025.00,3100.00
24018878640527909,20150714,3156.00,3150.00,45,385929,1218151885.00,3111.00,3185.00,3121.00,3185.00
24018878640527909,20150715,3179.00,3156.00,73,368359,1170830889.00,3156.00,3260.00,3156.00,3250.00
24018878640527909,20150719,3179.00,3156.00,0,0,0.00,0.00,0.00,3179.00,0.00
24018878640527909,20150720,3178.00,3179.00,112,4389436,13947500641.00,3100.00,3200.00,3179.00,3179.00
24018878640527909,20150721,3178.00,3180.00,159,9797013,31134213518.00,3164.00,3198.00,3178.00,3164.00
24018878640527909,20150722,3150.00,3150.00,34,310565,978298103.00,3088.00,3179.00,3178.00,3178.00
24018878640527909,20150725,3096.00,3120.00,53,174223,539330119.00,2993.00,3150.00,3150.00,3150.00
24018878640527909,20150726,3061.00,3080.00,113,853569,2612370660.00,3000.00,3096.00,3096.00,3096.00
24018878640527909,20150727,3032.00,2962.00,31,224423,680499910.00,2962.00,3070.00,3061.00,3061.00
24018878640527909,20150728,3036.00,3032.00,45,385149,1169196838.00,3000.00,3100.00,3032.00,3032.00
24018878640527909,20150729,3044.00,2998.00,127,3952107,12029140403.00,2930.00,3079.00,3036.00,3079.00
24018878640527909,20150801,3004.00,3027.00,31,258962,777927484.00,2921.00,3044.00,3044.00,2922.00
24018878640527909,20150802,2976.00,2999.00,57,418413,1245321261.00,2904.00,3006.00,3004.00,3006.00
24018878640527909,20150803,2959.00,2987.00,56,305878,905135883.00,2910.00,3000.00,2976.00,3000.00
24018878640527909,20150804,2967.00,2986.00,43,667467,1980452296.00,2900.00,2988.00,2959.00,2960.00
24018878640527909,20150805,2970.00,3000.00,73,780166,2316772118.00,2900.00,3000.00,2967.00,2985.00
24018878640527909,20150808,2973.00,2970.00,72,885614,2633216577.00,2914.00,2989.00,2970.00,2970.00
24018878640527909,20150809,2958.00,2970.00,67,861544,2548222305.00,2904.00,2974.00,2973.00,2973.00
24018878640527909,20150810,2973.00,2955.00,71,1363244,4052574699.00,2912.00,2980.00,2958.00,2950.00
24018878640527909,20150812,2946.00,2965.00,49,502675,1481119443.00,2890.00,2969.00,2973.00,2969.00
24018878640527909,20150815,2944.00,2960.00,49,274951,809458108.00,2890.00,2960.00,2946.00,2960.00
24018878640527909,20150816,2922.00,2929.00,503,6240141,18235107501.00,2883.00,2950.00,2944.00,2944.00
24018878640527909,20150817,2918.00,2919.00,23,128864,376017678.00,2901.00,2950.00,2922.00,2950.00
24018878640527909,20150818,2891.00,2840.00,25,105024,303647270.00,2820.00,2918.00,2918.00,2918.00
24018878640527909,20150819,2858.00,2840.00,60,361172,1032249715.00,2800.00,2897.00,2891.00,2897.00
24018878640527909,20150822,2825.00,2839.00,46,268196,757695021.00,2785.00,2858.00,2858.00,2800.00
24018878640527909,20150823,2778.00,2800.00,120,2624770,7291063041.00,2713.00,2825.00,2825.00,2820.00
24018878640527909,20150824,2782.00,2820.00,108,3813815,10609346108.00,2764.00,2820.00,2778.00,2777.00
24018878640527909,20150825,2785.00,2799.00,93,824085,2294677915.00,2700.00,2808.00,2782.00,2800.00
24018878640527909,20150826,2861.00,2880.00,41,420402,1202662042.00,2800.00,2914.00,2785.00,2800.00
24018878640527909,20150829,2922.00,2948.00,29,630040,1841072156.00,2880.00,2949.00,2861.00,2890.00
24018878640527909,20150830,2999.00,2975.00,102,2527979,7581988779.00,2912.00,3030.00,2922.00,2922.00
24018878640527909,20150831,2986.00,2999.00,81,1159486,3462047572.00,2899.00,3000.00,2999.00,2999.00
24018878640527909,20150901,3002.00,2990.00,49,786895,2362415566.00,2954.00,3028.00,2986.00,2986.00
24018878640527909,20150902,3000.00,3008.00,46,458016,1374090118.00,2985.00,3008.00,3002.00,3004.00
24018878640527909,20150905,3003.00,3000.00,43,385900,1158874640.00,3000.00,3019.00,3000.00,3001.00
24018878640527909,20150906,3003.00,3003.00,129,7093040,21299679893.00,2995.00,3027.00,3003.00,3004.00
24018878640527909,20150907,3010.00,3015.00,93,1233165,3711526691.00,2993.00,3018.00,3003.00,3003.00
24018878640527909,20150908,3003.00,3010.00,42,670500,2013770653.00,2998.00,3010.00,3010.00,3010.00
24018878640527909,20150909,3012.00,3010.00,56,957610,2883862796.00,2946.00,3027.00,3003.00,3003.00
24018878640527909,20150912,3004.00,2930.00,96,852862,2561990280.00,2930.00,3020.00,3012.00,3013.00
24018878640527909,20150913,2963.00,2998.00,86,769753,2280506106.00,2888.00,3004.00,3004.00,3002.00
24018878640527909,20150914,2999.00,2997.00,43,349459,1048026655.00,2965.00,3000.00,2963.00,3000.00
24018878640527909,20150915,2999.00,3000.00,59,677935,2033125140.00,2986.00,3000.00,2999.00,3000.00
24018878640527909,20150916,2996.00,3000.00,52,492000,1474176220.00,2930.00,3000.00,2999.00,2999.00
24018878640527909,20150919,2993.00,2996.00,47,169834,508237304.00,2956.00,2999.00,2996.00,2996.00
24018878640527909,20150920,2957.00,2974.00,37,189195,559416439.00,2906.00,2990.00,2993.00,2990.00
24018878640527909,20150921,2942.00,2943.00,47,210002,617796095.00,2888.00,2957.00,2957.00,2957.00
24018878640527909,20150922,2942.00,2942.00,31,215045,632730830.00,2942.00,2950.00,2942.00,2950.00
24018878640527909,20150923,2946.00,2981.00,8,27202,80124323.00,2942.00,2981.00,2942.00,2942.00
24018878640527909,20150926,2964.00,2946.00,14,183210,543108777.00,2946.00,2969.00,2946.00,2952.00
24018878640527909,20150927,2955.00,2940.00,48,348976,1031335352.00,2930.00,2965.00,2964.00,2964.00
24018878640527909,20150928,2942.00,2950.00,51,367772,1082056524.00,2870.00,2963.00,2955.00,2955.00
24018878640527909,20150929,2920.00,2937.00,26,130200,380157100.00,2883.00,2942.00,2942.00,2942.00
24018878640527909,20150930,2904.00,2900.00,30,100441,291684010.00,2900.00,2920.00,2920.00,2920.00
24018878640527909,20151003,2831.00,2856.00,55,390778,1106152944.00,2800.00,2904.00,2904.00,2904.00
24018878640527909,20151004,2814.00,2800.00,45,603964,1699447936.00,2800.00,2831.00,2831.00,2831.00
24018878640527909,20151005,2810.00,2814.00,34,321661,903779862.00,2800.00,2847.00,2814.00,2814.00
24018878640527909,20151006,2810.00,2810.00,11,38037,106892678.00,2810.00,2811.00,2810.00,2810.00
24018878640527909,20151007,2800.00,2802.00,18,254931,713842670.00,2800.00,2887.00,2810.00,2800.00
24018878640527909,20151010,2800.00,2800.00,38,244352,684151216.00,2780.00,2820.00,2800.00,2800.00
24018878640527909,20151011,2802.00,2800.00,38,186856,523620193.00,2800.00,2840.00,2800.00,2840.00
24018878640527909,20151012,2805.00,2803.00,10,63018,176772212.00,2801.00,2820.00,2802.00,2820.00
24018878640527909,20151013,2807.00,2828.00,23,168660,473422220.00,2806.00,2830.00,2805.00,2807.00
24018878640527909,20151014,2819.00,2810.00,45,414236,1167694271.00,2800.00,2880.00,2807.00,2839.00
24018878640527909,20151017,2825.00,2819.00,47,383621,1083656765.00,2819.00,2863.00,2819.00,2863.00
24018878640527909,20151018,2828.00,2829.00,47,295025,834298733.00,2820.00,2869.00,2825.00,2830.00
24018878640527909,20151019,2818.00,2824.00,67,304929,859412687.00,2810.00,2854.00,2828.00,2828.00
24018878640527909,20151020,2805.00,2819.00,83,475130,1332797648.00,2800.00,2819.00,2818.00,2818.00
24018878640527909,20151021,2804.00,2805.00,43,304298,853325930.00,2781.00,2820.00,2805.00,2805.00
24018878640527909,20151025,2802.00,2827.00,108,684989,1919626836.00,2731.00,2839.00,2804.00,2804.00
24018878640527909,20151026,2806.00,2829.00,78,742263,2082894225.00,2780.00,2830.00,2802.00,2803.00
24018878640527909,20151027,2805.00,2806.00,11,115771,324768350.00,2781.00,2830.00,2806.00,2830.00
24018878640527909,20151028,2778.00,2799.00,20,212446,590199185.00,2750.00,2819.00,2805.00,2805.00
24018878640527909,20151031,2779.00,2799.00,29,488016,1356196422.00,2750.00,2799.00,2778.00,2778.00
24018878640527909,20151101,2773.00,2780.00,59,676456,1875582133.00,2717.00,2780.00,2779.00,2779.00
24018878640527909,20151102,2769.00,2710.00,70,541785,1500459914.00,2710.00,2800.00,2773.00,2800.00
24018878640527909,20151103,2736.00,2750.00,42,230507,630612824.00,2700.00,2769.00,2769.00,2769.00
24018878640527909,20151104,2718.00,2723.00,77,1059272,2879457099.00,2650.00,2736.00,2736.00,2736.00
24018878640527909,20151107,2689.00,2680.00,34,149035,400823358.00,2650.00,2710.00,2718.00,2710.00
24018878640527909,20151108,2624.00,2634.00,47,217425,570468413.00,2556.00,2680.00,2689.00,2680.00
24018878640527909,20151109,2616.00,2616.00,62,1339530,3504630960.00,2520.00,2624.00,2624.00,2610.00
24018878640527909,20151110,2657.00,2669.00,97,2208352,5868095520.00,2603.00,2669.00,2616.00,2630.00
24018878640527909,20151111,2628.00,2633.00,33,248776,653696465.00,2604.00,2652.00,2657.00,2652.00
24018878640527909,20151114,2619.00,2610.00,64,287921,754114628.00,2540.00,2637.00,2628.00,2630.00
24018878640527909,20151115,2592.00,2600.00,53,358756,930048519.00,2542.00,2609.00,2619.00,2609.00
24018878640527909,20151116,2548.00,2580.00,44,211934,539927005.00,2463.00,2590.00,2592.00,2590.00
24018878640527909,20151117,2529.00,2537.00,27,411500,1040880935.00,2482.00,2537.00,2548.00,2482.00
24018878640527909,20151118,2517.00,2529.00,37,265286,667603961.00,2479.00,2530.00,2529.00,2529.00
24018878640527909,20151121,2540.00,2570.00,25,124848,317077740.00,2517.00,2580.00,2517.00,2580.00
24018878640527909,20151122,2548.00,2558.00,37,297450,758041923.00,2523.00,2580.00,2540.00,2540.00
24018878640527909,20151123,2552.00,2570.00,13,57742,147376720.00,2540.00,2570.00,2548.00,2570.00
24018878640527909,20151124,2560.00,2570.00,23,148421,379942590.00,2550.00,2570.00,2552.00,2570.00
24018878640527909,20151125,2546.00,2565.00,28,129301,329148240.00,2470.00,2570.00,2560.00,2560.00
24018878640527909,20151128,2535.00,2500.00,62,315392,799368024.00,2500.00,2560.00,2546.00,2546.00
24018878640527909,20151129,2531.00,2547.00,35,353650,895109065.00,2500.00,2547.00,2535.00,2535.00
24018878640527909,20151130,2532.00,2545.00,24,102922,260565987.00,2526.00,2550.00,2531.00,2550.00
24018878640527909,20151201,2531.00,2549.00,29,139939,354178743.00,2528.00,2549.00,2532.00,2532.00
24018878640527909,20151205,2533.00,2545.00,200,3826479,9692329950.00,2528.00,2549.00,2531.00,2531.00
24018878640527909,20151206,2530.00,2529.00,59,202581,512445249.00,2499.00,2550.00,2533.00,2550.00
24018878640527909,20151207,2437.00,2500.00,88,932760,2273189307.00,2404.00,2549.00,2530.00,2549.00
24018878640527909,20151208,2455.00,2499.00,50,581132,1426921010.00,2437.00,2500.00,2437.00,2437.00
24018878640527909,20151209,2404.00,2400.00,53,340931,819576663.00,2385.00,2485.00,2455.00,2436.00
24018878640527909,20151213,2408.00,2500.00,136,1080476,2602291182.00,2310.00,2500.00,2404.00,2404.00
24018878640527909,20151214,2516.00,2528.00,64,229586,577657117.00,2445.00,2528.00,2408.00,2500.00
24018878640527909,20151215,2557.00,2580.00,88,876226,2240432207.00,2535.00,2580.00,2516.00,2550.00
24018878640527909,20151216,2569.00,2593.00,26,219691,564344615.00,2557.00,2620.00,2557.00,2620.00
24018878640527909,20151219,2568.00,2569.00,58,503646,1293328888.00,2522.00,2597.00,2569.00,2596.00
24018878640527909,20151220,2595.00,2577.00,41,576810,1497028644.00,2553.00,2600.00,2568.00,2568.00
24018878640527909,20151221,2613.00,2643.00,48,604563,1579708157.00,2522.00,2648.00,2595.00,2594.00
24018878640527909,20151222,2630.00,2590.00,29,537719,1414408820.00,2580.00,2644.00,2613.00,2613.00
24018878640527909,20151223,2591.00,2600.00,27,224193,580915993.00,2501.00,2649.00,2630.00,2649.00
24018878640527909,20151226,2522.00,2560.00,77,1034552,2609106997.00,2462.00,2590.00,2591.00,2590.00
24018878640527909,20151227,2523.00,2531.00,40,292585,738206383.00,2465.00,2590.00,2522.00,2520.00
24018878640527909,20151228,2524.00,2524.00,30,145954,368365645.00,2508.00,2587.00,2523.00,2523.00
24018878640527909,20151230,2506.00,2522.00,57,466431,1168717164.00,2479.00,2525.00,2524.00,2524.00
24018878640527909,20160102,2481.00,2476.00,44,299631,743284884.00,2426.00,2500.00,2506.00,2500.00
24018878640527909,20160103,2479.00,2499.00,95,642386,1592269375.00,2421.00,2499.00,2481.00,2496.00
24018878640527909,20160104,2526.00,2546.00,44,532005,1343950486.00,2479.00,2555.00,2479.00,2490.00
24018878640527909,20160105,2519.00,2492.00,38,161548,406958469.00,2491.00,2592.00,2526.00,2553.00
24018878640527909,20160106,2523.00,2530.00,100,1020548,2574658672.00,2485.00,2580.00,2519.00,2519.00
24018878640527909,20160109,2518.00,2523.00,65,267684,674084638.00,2482.00,2570.00,2523.00,2525.00
24018878640527909,20160110,2502.00,2516.00,74,180903,452700205.00,2455.00,2558.00,2518.00,2518.00
24018878640527909,20160111,2526.00,2527.00,120,663226,1675078408.00,2451.00,2599.00,2502.00,2502.00
24018878640527909,20160112,2511.00,2510.00,77,172526,433177995.00,2458.00,2526.00,2526.00,2526.00
24018878640527909,20160113,2489.00,2513.00,81,433658,1079388263.00,2401.00,2527.00,2511.00,2511.00
24018878640527909,20160116,2539.00,2500.00,78,373035,947101801.00,2480.00,2599.00,2489.00,2570.00
24018878640527909,20160117,2527.00,2520.00,117,404391,1021775042.00,2482.00,2571.00,2539.00,2571.00
24018878640527909,20160118,2492.00,2529.00,86,561531,1399105300.00,2423.00,2549.00,2527.00,2527.00
24018878640527909,20160119,2489.00,2499.00,87,345715,860389321.00,2421.00,2509.00,2492.00,2492.00
24018878640527909,20160120,2479.00,2497.00,84,414310,1027207170.00,2445.00,2499.00,2489.00,2489.00
24018878640527909,20160123,2509.00,2500.00,70,398152,999057700.00,2480.00,2550.00,2479.00,2549.00
24018878640527909,20160124,2506.00,2539.00,168,782560,1961100086.00,2485.00,2540.00,2509.00,2509.00
24018878640527909,20160125,2618.00,2615.00,292,2460954,6441960048.00,2550.00,2631.00,2506.00,2550.00
24018878640527909,20160126,2647.00,2635.00,149,859949,2275959869.00,2601.00,2680.00,2618.00,2666.00
24018878640527909,20160127,2543.00,2565.00,224,1216136,3092732752.00,2515.00,2680.00,2647.00,2660.00
24018878640527909,20160130,2485.00,2456.00,136,604070,1500935881.00,2450.00,2550.00,2543.00,2543.00
24018878640527909,20160131,2477.00,2520.00,162,793567,1965606498.00,2452.00,2541.00,2485.00,2485.00
24018878640527909,20160201,2534.00,2515.00,224,2490951,6312254002.00,2490.00,2600.00,2477.00,2499.00
24018878640527909,20160202,2655.00,2660.00,185,1331676,3536206108.00,2600.00,2660.00,2534.00,2650.00
24018878640527909,20160203,2787.00,2787.00,58,354188,987121956.00,2787.00,2787.00,2655.00,2787.00
24018878640527909,20160206,2926.00,2926.00,300,4465875,13067113048.00,2920.00,2926.00,2787.00,2926.00
24018878640527909,20160207,2965.00,2980.00,313,2825714,8378398175.00,2926.00,3057.00,2926.00,3056.00
24018878640527909,20160208,2926.00,2979.00,303,3873937,11333295075.00,2850.00,3000.00,2965.00,2979.00
24018878640527909,20160209,2917.00,2919.00,232,1698836,4956187322.00,2780.00,2975.00,2926.00,2927.00
24018878640527909,20160210,2814.00,2800.00,150,1368689,3851765302.00,2772.00,2916.00,2917.00,2916.00
24018878640527909,20160213,2779.00,2796.00,160,1022128,2840536811.00,2674.00,2890.00,2814.00,2814.00
24018878640527909,20160214,2721.00,2800.00,167,1443572,3928301453.00,2641.00,2867.00,2779.00,2779.00
24018878640527909,20160215,2786.00,2792.00,135,1443917,4022679901.00,2700.00,2850.00,2721.00,2700.00
24018878640527909,20160216,2831.00,2830.00,150,2082874,5897549778.00,2800.00,2850.00,2786.00,2800.00
24018878640527909,20160217,2899.00,2853.00,167,637969,1849656055.00,2853.00,2915.00,2831.00,2913.00
24018878640527909,20160220,2912.00,2910.00,132,718615,2092814317.00,2850.00,2960.00,2899.00,2950.00
24018878640527909,20160221,2866.00,2767.00,144,854865,2450349759.00,2767.00,2920.00,2912.00,2912.00
24018878640527909,20160222,2891.00,2821.00,136,1482293,4284752164.00,2818.00,2900.00,2866.00,2866.00
24018878640527909,20160223,2891.00,2821.00,0,0,0.00,0.00,0.00,2891.00,0.00
24018878640527909,20160224,2891.00,2821.00,0,0,0.00,0.00,0.00,2891.00,0.00
24018878640527909,20160227,2891.00,2821.00,0,0,0.00,0.00,0.00,2891.00,0.00
24018878640527909,20160228,2891.00,2899.00,56,446791,1290351144.00,2727.00,2900.00,2891.00,2900.00
24018878640527909,20160229,2886.00,2891.00,251,9539678,27529538274.00,2732.00,2891.00,2891.00,2890.00
24018878640527909,20160301,2869.00,2789.00,135,1609969,4618441150.00,2743.00,2886.00,2886.00,2801.00
24018878640527909,20160302,2808.00,2825.00,128,658568,1849435455.00,2751.00,2869.00,2869.00,2869.00
24018878640527909,20160305,2799.00,2810.00,68,644740,1804936242.00,2745.00,2844.00,2808.00,2808.00
24018878640527909,20160306,2785.00,2788.00,120,3003972,8367020442.00,2707.00,2818.00,2799.00,2799.00
24018878640527909,20160307,2722.00,2732.00,92,647176,1761604658.00,2700.00,2796.00,2785.00,2785.00
24018878640527909,20160308,2793.00,2790.00,176,6361482,17765955873.00,2652.00,2830.00,2722.00,2722.00
24018878640527909,20160309,2780.00,2799.00,122,959219,2666602784.00,2710.00,2810.00,2793.00,2794.00
24018878640527909,20160312,2756.00,2698.00,207,1490475,4107191023.00,2650.00,2850.00,2780.00,2780.00
24018878640527909,20160314,2757.00,2880.00,202,1326066,3655488393.00,2681.00,2880.00,2756.00,2758.00
24018878640527909,20160315,2837.00,2848.00,101,1636510,4642827343.00,2731.00,2880.00,2757.00,2880.00
24018878640527909,20160316,2884.00,2889.00,150,4592934,13245641212.00,2737.00,2911.00,2837.00,2837.00
24018878640527909,20160326,2881.00,2890.00,146,1134597,3269175462.00,2783.00,2967.00,2884.00,2884.00
24018878640527909,20160327,2816.00,2810.00,116,1028442,2895724396.00,2750.00,2900.00,2881.00,2881.00
24018878640527909,20160328,2792.00,2820.00,57,558510,1559604152.00,2750.00,2870.00,2816.00,2816.00
24018878640527909,20160329,2749.00,2776.00,91,624579,1716820602.00,2653.00,2800.00,2792.00,2800.00
24018878640527909,20160330,2727.00,2770.00,110,517640,1411720393.00,2670.00,2770.00,2749.00,2748.00
24018878640527909,20160402,2728.00,2680.00,60,261194,712491003.00,2680.00,2749.00,2727.00,2746.00
24018878640527909,20160403,2718.00,2740.00,52,135757,368987644.00,2700.00,2748.00,2728.00,2728.00
24018878640527909,20160404,2717.00,2720.00,79,321547,873529176.00,2700.00,2720.00,2718.00,2718.00
24018878640527909,20160405,2699.00,2710.00,82,614635,1658653910.00,2663.00,2720.00,2717.00,2710.00
24018878640527909,20160406,2643.00,2600.00,169,1253359,3312666671.00,2596.00,2700.00,2699.00,2700.00
24018878640527909,20160409,2595.00,2599.00,177,1569374,4073082398.00,2540.00,2689.00,2643.00,2643.00
24018878640527909,20160410,2546.00,2574.00,155,1880389,4788045440.00,2500.00,2595.00,2595.00,2586.00
24018878640527909,20160411,2527.00,2595.00,102,759800,1920208927.00,2500.00,2600.00,2546.00,2543.00
24018878640527909,20160412,2576.00,2575.00,394,2865081,7381555425.00,2520.00,2640.00,2527.00,2601.00
24018878640527909,20160413,2560.00,2595.00,101,339405,869004369.00,2520.00,2620.00,2576.00,2620.00
24018878640527909,20160416,2506.00,2499.00,123,953781,2389953033.00,2470.00,2599.00,2560.00,2560.00
24018878640527909,20160417,2503.00,2505.00,159,879442,2201308098.00,2490.00,2547.00,2506.00,2506.00
24018878640527909,20160418,2616.00,2628.00,275,4169550,10909273815.00,2503.00,2628.00,2503.00,2547.00
24018878640527909,20160419,2662.00,2686.00,303,2174004,5786207968.00,2557.00,2708.00,2616.00,2700.00
24018878640527909,20160420,2617.00,2620.00,186,1053054,2756224037.00,2540.00,2719.00,2662.00,2651.00
24018878640527909,20160423,2633.00,2630.00,152,1435805,3781118873.00,2586.00,2695.00,2617.00,2668.00
24018878640527909,20160424,2563.00,2569.00,232,1416585,3631131145.00,2513.00,2650.00,2633.00,2633.00
24018878640527909,20160425,2539.00,2504.00,197,1190021,3021803353.00,2502.00,2588.00,2563.00,2588.00
24018878640527909,20160426,2477.00,2487.00,325,1857493,4600481250.00,2429.00,2539.00,2539.00,2539.00
24018878640527909,20160427,2453.00,2450.00,231,1485684,3644772618.00,2411.00,2500.00,2477.00,2478.00
24018878640527909,20160430,2486.00,2520.00,375,2461912,6119346637.00,2411.00,2563.00,2453.00,2415.00
24018878640527909,20160501,2578.00,2490.00,360,3854231,9937263906.00,2476.00,2610.00,2486.00,2540.00
24018878640527909,20160502,2549.00,2580.00,166,1352449,3447869858.00,2508.00,2583.00,2578.00,2583.00
24018878640527909,20160503,2574.00,2648.00,228,2461433,6336443204.00,2460.00,2660.00,2549.00,2500.00
24018878640527909,20160504,2594.00,2640.00,271,1714065,4445899385.00,2535.00,2640.00,2574.00,2574.00
24018878640527909,20160507,2594.00,2640.00,0,0,0.00,0.00,0.00,2594.00,0.00
24018878640527909,20160508,2594.00,2640.00,0,0,0.00,0.00,0.00,2594.00,0.00
24018878640527909,20160509,2594.00,2640.00,0,0,0.00,0.00,0.00,2594.00,0.00
24018878640527909,20160510,2594.00,2640.00,0,0,0.00,0.00,0.00,2594.00,0.00
24018878640527909,20160511,2594.00,2640.00,0,0,0.00,0.00,0.00,2594.00,0.00
24018878640527909,20160514,2594.00,2640.00,0,0,0.00,0.00,0.00,2594.00,0.00
24018878640527909,20160515,2594.00,2640.00,0,0,0.00,0.00,0.00,2594.00,0.00
24018878640527909,20160516,2594.00,2640.00,0,0,0.00,0.00,0.00,2594.00,0.00
24018878640527909,20160517,2594.00,2640.00,0,0,0.00,0.00,0.00,2594.00,0.00
24018878640527909,20160518,2863.00,2740.00,430,9533496,27299134626.00,2730.00,2900.00,2511.00,2849.00
24018878640527909,20160521,2735.00,2720.00,19,140526,384403630.00,2720.00,2780.00,2863.00,2780.00
24018878640527909,20160523,2635.00,2649.00,319,3750634,9882197588.00,2599.00,2700.00,2735.00,2599.00
24018878640527909,20160524,2610.00,2560.00,136,1522992,3975610969.00,2551.00,2635.00,2635.00,2634.00
24018878640527909,20160525,2593.00,2580.00,196,2882131,7473135953.00,2480.00,2740.00,2610.00,2550.00
24018878640527909,20160528,2670.00,2611.00,65,334528,893228603.00,2593.00,2720.00,2593.00,2593.00
24018878640527909,20160529,2650.00,2600.00,126,919235,2436214205.00,2571.00,2799.00,2670.00,2698.00
24018878640527909,20160530,2638.00,2561.00,77,479101,1263932971.00,2561.00,2700.00,2650.00,2630.00
24018878640527909,20160531,2659.00,2699.00,116,1292261,3436273883.00,2600.00,2700.00,2638.00,2601.00
24018878640527909,20160601,2669.00,2650.00,77,570386,1522102442.00,2600.00,2720.00,2659.00,2699.00
24018878640527909,20160605,2669.00,2659.00,71,658378,1757300387.00,2609.00,2695.00,2669.00,2679.00
24018878640527909,20160606,2605.00,2635.00,50,391150,1019038190.00,2600.00,2668.00,2669.00,2668.00
24018878640527909,20160607,2602.00,2587.00,68,474996,1236079303.00,2520.00,2618.00,2605.00,2618.00
24018878640527909,20160608,2542.00,2550.00,86,371354,943939916.00,2514.00,2598.00,2602.00,2560.00
24018878640527909,20160611,2473.00,2418.00,129,1607065,3974000191.00,2415.00,2563.00,2542.00,2549.00
24018878640527909,20160612,2517.00,2495.00,84,1082245,2724467852.00,2420.00,2565.00,2473.00,2470.00
24018878640527909,20160613,2462.00,2429.00,61,407694,1003732736.00,2424.00,2500.00,2517.00,2500.00
24018878640527909,20160614,2448.00,2449.00,79,360035,881502709.00,2425.00,2488.00,2462.00,2462.00
24018878640527909,20160615,2363.00,2327.00,197,2407657,5688737896.00,2326.00,2459.00,2448.00,2459.00
24018878640527909,20160618,2282.00,2300.00,179,1797826,4102436389.00,2245.00,2360.00,2363.00,2360.00
24018878640527909,20160619,2178.00,2200.00,285,3373945,7349075782.00,2168.00,2300.00,2282.00,2300.00
24018878640527909,20160620,2165.00,2185.00,379,16275194,35237444146.00,2070.00,2195.00,2178.00,2178.00
24018878640527909,20160621,2187.00,2195.00,466,9402304,20566672472.00,2145.00,2199.00,2165.00,2165.00
24018878640527909,20160622,2258.00,2260.00,251,4345158,9812733015.00,2191.00,2272.00,2187.00,2229.00
24018878640527909,20160625,2234.00,2246.00,154,1715439,3831653132.00,2180.00,2258.00,2258.00,2258.00
24018878640527909,20160626,2234.00,2246.00,0,0,0.00,0.00,0.00,2234.00,0.00
24018878640527909,20160628,2234.00,2246.00,0,0,0.00,0.00,0.00,2234.00,0.00
24018878640527909,20160629,2234.00,2246.00,0,0,0.00,0.00,0.00,2234.00,0.00
24018878640527909,20160702,2234.00,2246.00,0,0,0.00,0.00,0.00,2234.00,0.00
24018878640527909,20160703,2142.00,2246.00,0,0,0.00,0.00,0.00,2142.00,0.00
24018878640527909,20160704,2142.00,2140.00,98,1866903,4003563995.00,2140.00,2161.00,2142.00,2150.00
24018878640527909,20160705,2140.00,2149.00,187,2556959,5462083534.00,2096.00,2170.00,2142.00,2142.00
24018878640527909,20160709,2141.00,2150.00,52,843629,1816492757.00,2097.00,2199.00,2140.00,2140.00
24018878640527909,20160710,2141.00,2138.00,64,546255,1169289528.00,2120.00,2220.00,2141.00,2200.00
24018878640527909,20160711,2141.00,2141.00,77,567160,1214251153.00,2111.00,2150.00,2141.00,2141.00
24018878640527909,20160712,2141.00,2139.00,82,319405,682057370.00,2091.00,2149.00,2141.00,2141.00
24018878640527909,20160713,2140.00,2139.00,29,377150,798238209.00,2091.00,2140.00,2141.00,2091.00
24018878640527909,20160716,2138.00,2136.00,69,774675,1634504897.00,2050.00,2175.00,2140.00,2140.00
24018878640527909,20160717,2136.00,2115.00,36,415198,872873575.00,2082.00,2148.00,2138.00,2093.00
24018878640527909,20160718,2134.00,2100.00,39,483950,1010604176.00,2051.00,2133.00,2136.00,2100.00
24018878640527909,20160719,2124.00,2060.00,118,1524003,3153412233.00,2030.00,2134.00,2134.00,2080.00
24018878640527909,20160720,2083.00,2105.00,230,3381502,7043345631.00,2040.00,2124.00,2124.00,2079.00
24018878640527909,20160723,2072.00,2097.00,125,1506879,3122673046.00,2045.00,2100.00,2083.00,2080.00
24018878640527909,20160724,2076.00,2098.00,105,1409324,2925093535.00,2059.00,2098.00,2072.00,2080.00
24018878640527909,20160725,2072.00,2070.00,66,733916,1520737478.00,2062.00,2090.00,2076.00,2090.00
24018878640527909,20160726,2063.00,2066.00,57,524009,1080986650.00,2051.00,2080.00,2072.00,2080.00
24018878640527909,20160727,2038.00,2060.00,132,825574,1682687283.00,1960.00,2072.00,2063.00,2063.00
24018878640527909,20160731,2060.00,2070.00,91,464618,956954889.00,2038.00,2089.00,2038.00,2041.00
24018878640527909,20160801,2058.00,2064.00,72,262501,540233963.00,2045.00,2080.00,2060.00,2060.00
24018878640527909,20160802,2062.00,2058.00,85,463390,955653538.00,2051.00,2075.00,2058.00,2061.00
24018878640527909,20160803,2071.00,2062.00,94,461985,956849732.00,2052.00,2080.00,2062.00,2062.00
24018878640527909,20160806,2060.00,2073.00,131,1117215,2301248961.00,2050.00,2089.00,2071.00,2089.00
24018878640527909,20160807,2065.00,2067.00,201,2349602,4851427902.00,2040.00,2079.00,2060.00,2060.00
24018878640527909,20160808,2058.00,2050.00,120,1372827,2824783322.00,2045.00,2080.00,2065.00,2065.00
24018878640527909,20160809,2055.00,2062.00,80,412507,847767012.00,2047.00,2069.00,2058.00,2058.00
24018878640527909,20160810,2046.00,2040.00,100,730343,1494144519.00,2030.00,2063.00,2055.00,2063.00
24018878640527909,20160813,2045.00,2047.00,69,1349114,2759500604.00,2020.00,2058.00,2046.00,2046.00
24018878640527909,20160814,2043.00,2035.00,54,262263,535880110.00,2030.00,2050.00,2045.00,2045.00
24018878640527909,20160815,2028.00,2040.00,71,652248,1322664075.00,2015.00,2048.00,2043.00,2048.00
24018878640527909,20160816,2026.00,2034.00,60,431453,874130485.00,2010.00,2040.00,2028.00,2028.00
24018878640527909,20160817,2029.00,2034.00,44,147512,299329636.00,2010.00,2038.00,2026.00,2038.00
24018878640527909,20160820,2017.00,2019.00,132,1944941,3922454380.00,1980.00,2039.00,2029.00,2031.00
24018878640527909,20160821,2002.00,2027.00,149,1946500,3897303617.00,1980.00,2027.00,2017.00,2018.00
24018878640527909,20160822,2007.00,2000.00,153,1735948,3483766842.00,1999.00,2030.00,2002.00,2030.00
24018878640527909,20160823,2012.00,2020.00,164,2372598,4773247329.00,1988.00,2029.00,2007.00,1999.00
24018878640527909,20160824,2017.00,2044.00,658,29661262,59814128607.00,2012.00,2045.00,2012.00,2020.00
24018878640527909,20160827,2048.00,2030.00,186,1258967,2577848424.00,2021.00,2058.00,2017.00,2021.00
24018878640527909,20160828,2051.00,2059.00,118,1286538,2638852164.00,2020.00,2060.00,2048.00,2050.00
24018878640527909,20160829,2053.00,2053.00,141,1225388,2516149799.00,2040.00,2060.00,2051.00,2055.00
24018878640527909,20160830,2054.00,2058.00,60,787013,1616402059.00,2031.00,2059.00,2053.00,2053.00
24018878640527909,20160831,2054.00,2054.00,109,2869003,5892447768.00,2040.00,2079.00,2054.00,2054.00
24018878640527909,20160903,2049.00,2055.00,129,1006864,2063446485.00,2000.00,2068.00,2054.00,2068.00
24018878640527909,20160904,2049.00,2066.00,148,1728323,3540870934.00,2011.00,2072.00,2049.00,2050.00
24018878640527909,20160905,2063.00,2060.00,68,302014,623148522.00,2049.00,2078.00,2049.00,2049.00
24018878640527909,20160906,2066.00,2070.00,73,308197,636612608.00,2050.00,2079.00,2063.00,2079.00
24018878640527909,20160907,2066.00,2070.00,60,399009,824469241.00,2053.00,2080.00,2066.00,2078.00
24018878640527909,20160910,2050.00,2069.00,105,1107121,2269205235.00,2031.00,2070.00,2066.00,2066.00
24018878640527909,20160911,2054.00,2055.00,68,366821,753351379.00,2034.00,2069.00,2050.00,2069.00
24018878640527909,20160913,2054.00,2060.00,109,791886,1626260262.00,2041.00,2069.00,2054.00,2054.00
24018878640527909,20160914,2052.00,2054.00,112,864253,1773098208.00,2040.00,2069.00,2054.00,2054.00
24018878640527909,20160917,2030.00,2042.00,96,1355652,2751463900.00,1985.00,2065.00,2052.00,2065.00
24018878640527909,20160918,2013.00,2019.00,191,2656929,5348167913.00,2000.00,2040.00,2030.00,2030.00
24018878640527909,20160919,2025.00,2040.00,291,2151891,4356888774.00,1987.00,2040.00,2013.00,2026.00
24018878640527909,20160921,2017.00,2020.00,87,555269,1120154743.00,2000.00,2065.00,2025.00,2050.00
24018878640527909,20160924,2033.00,2039.00,41,309552,629420499.00,2010.00,2052.00,2017.00,2017.00
24018878640527909,20160925,2029.00,2033.00,88,846995,1718209193.00,2000.00,2070.00,2033.00,2033.00
24018878640527909,20160926,2031.00,2020.00,25,72151,146550611.00,2010.00,2052.00,2029.00,2052.00
24018878640527909,20160927,2018.00,2015.00,72,247814,500031571.00,2001.00,2037.00,2031.00,2031.00
24018878640527909,20160928,1999.00,1996.00,166,1209144,2417174141.00,1975.00,2020.00,2018.00,2018.00
24018878640527909,20161001,1999.00,1996.00,0,0,0.00,0.00,0.00,1999.00,0.00
24018878640527909,20161002,1999.00,1996.00,0,0,0.00,0.00,0.00,1999.00,0.00
24018878640527909,20161003,1999.00,1996.00,0,0,0.00,0.00,0.00,1999.00,0.00
24018878640527909,20161004,1999.00,1996.00,0,0,0.00,0.00,0.00,1999.00,0.00
24018878640527909,20161005,2003.00,2000.00,26,390488,782315031.00,1990.00,2011.00,1999.00,2010.00
24018878640527909,20161008,2005.00,2003.00,99,1361848,2730508543.00,1980.00,2033.00,2003.00,2000.00
24018878640527909,20161009,2002.00,2014.00,104,903152,1807841876.00,1980.00,2019.00,2005.00,2005.00
24018878640527909,20161010,1999.00,2014.00,78,754064,1507393332.00,1975.00,2014.00,2002.00,2002.00
24018878640527909,20161012,1999.00,2014.00,0,0,0.00,0.00,0.00,1999.00,0.00
24018878640527909,20161015,2025.00,2030.00,78,307170,622104171.00,2001.00,2040.00,1999.00,2014.00
24018878640527909,20161016,2004.00,2000.00,90,546892,1096129148.00,1985.00,2030.00,2025.00,2025.00
24018878640527909,20161017,2004.00,2030.00,149,852132,1707605760.00,1987.00,2030.00,2004.00,2000.00
24018878640527909,20161018,2006.00,2024.00,52,214322,429855087.00,2000.00,2028.00,2004.00,2010.00
24018878640527909,20161019,2047.00,2085.00,216,2371914,4855088396.00,1950.00,2106.00,2006.00,2020.00
24018878640527909,20161022,2063.00,2051.00,70,380757,785443734.00,2048.00,2080.00,2047.00,2080.00
24018878640527909,20161023,2080.00,2070.00,141,3159845,6572842486.00,2037.00,2100.00,2063.00,2078.00
24018878640527909,20161024,2073.00,2074.00,146,1514508,3140196216.00,2048.00,2099.00,2080.00,2080.00
24018878640527909,20161025,2077.00,2050.00,104,1151588,2391859098.00,2050.00,2090.00,2073.00,2073.00
24018878640527909,20161026,2029.00,2039.00,453,7851038,15927438244.00,1995.00,2069.00,2077.00,2068.00
24018878640527909,20161027,2029.00,2039.00,0,0,0.00,0.00,0.00,2029.00,0.00
24018878640527909,20161028,2029.00,2039.00,0,0,0.00,0.00,0.00,2029.00,0.00
24018878640527909,20161029,2024.00,2001.00,398,5776200,11691265614.00,1999.00,2070.00,2029.00,2031.00
24018878640527909,20161030,2000.00,2017.00,761,12703558,25401149457.00,1950.00,2050.00,2024.00,2043.00
24018878640527909,20161031,2019.00,2027.00,232,2815309,5683408497.00,1971.00,2050.00,2000.00,2019.00
24018878640527909,20161101,2024.00,2030.00,116,1383824,2800595854.00,1996.00,2050.00,2019.00,2040.00
24018878640527909,20161102,1982.00,1999.00,260,3550725,7036854420.00,1950.00,2039.00,2024.00,2024.00
24018878640527909,20161105,2006.00,1998.00,95,782541,1570104047.00,1970.00,2035.00,1982.00,2000.00
24018878640527909,20161106,1978.00,2000.00,157,1866089,3690367569.00,1950.00,2016.00,2006.00,2016.00
24018878640527909,20161107,1965.00,1987.00,215,2794993,5491858923.00,1950.00,2000.00,1978.00,1978.00
24018878640527909,20161108,1968.00,1975.00,198,2706122,5325771502.00,1941.00,1998.00,1965.00,1970.00
24018878640527909,20161109,1939.00,1968.00,116,1319811,2558514471.00,1870.00,1970.00,1968.00,1930.00
24018878640527909,20161112,2031.00,2035.00,502,6351663,12900001585.00,2005.00,2035.00,1939.00,2019.00
24018878640527909,20161113,2028.00,2050.00,177,1984895,4025482833.00,1980.00,2058.00,2031.00,2030.00
24018878640527909,20161114,2042.00,2030.00,156,1556352,3177849924.00,2000.00,2058.00,2028.00,2030.00
24018878640527909,20161115,1985.00,1940.00,380,5207415,10334358733.00,1940.00,2058.00,2042.00,2020.00
24018878640527909,20161116,1943.00,1940.00,136,956946,1859080554.00,1929.00,1987.00,1985.00,1941.00
24018878640527909,20161119,1943.00,1974.00,168,1989937,3866700565.00,1898.00,1994.00,1943.00,1922.00
24018878640527909,20161121,1918.00,1925.00,202,2097614,4023884869.00,1890.00,1980.00,1943.00,1960.00
24018878640527909,20161122,1905.00,1925.00,199,1795742,3420586610.00,1857.00,1949.00,1918.00,1949.00
24018878640527909,20161123,1889.00,1900.00,136,1329756,2512049505.00,1860.00,1940.00,1905.00,1905.00
24018878640527909,20161126,1880.00,1920.00,242,2729688,5132525098.00,1830.00,1924.00,1889.00,1889.00
24018878640527909,20161127,1869.00,1880.00,208,2643195,4940253180.00,1842.00,1917.00,1880.00,1917.00
24018878640527909,20161129,1888.00,1880.00,275,3668603,6926579786.00,1850.00,1929.00,1869.00,1893.00
24018878640527909,20161203,1861.00,1870.00,131,1734051,3226464447.00,1836.00,1899.00,1888.00,1899.00
24018878640527909,20161204,1865.00,1840.00,112,1204980,2247535213.00,1836.00,1899.00,1861.00,1889.00
24018878640527909,20161205,1885.00,1897.00,170,2679073,5049246443.00,1840.00,1918.00,1865.00,1865.00
24018878640527909,20161206,1921.00,1852.00,267,2693757,5173750852.00,1852.00,1973.00,1885.00,1885.00
24018878640527909,20161207,1916.00,1929.00,227,3229282,6187428213.00,1883.00,1934.00,1921.00,1910.00
24018878640527909,20161210,1899.00,1896.00,105,813645,1545294429.00,1865.00,1930.00,1916.00,1916.00
24018878640527909,20161211,1859.00,1862.00,197,2017027,3750151362.00,1834.00,1898.00,1899.00,1898.00
24018878640527909,20161212,1850.00,1865.00,81,488425,903407648.00,1831.00,1890.00,1859.00,1887.00
24018878640527909,20161213,1869.00,1865.00,48,117513,219617653.00,1850.00,1878.00,1850.00,1876.00
24018878640527909,20161214,1854.00,1850.00,154,573836,1063871858.00,1840.00,1882.00,1869.00,1882.00
24018878640527909,20161218,1856.00,1866.00,80,348771,647306578.00,1846.00,1879.00,1854.00,1854.00
24018878640527909,20161219,1901.00,1910.00,162,1784733,3392163689.00,1866.00,1930.00,1856.00,1876.00
24018878640527909,20161220,1900.00,1910.00,81,814237,1546981160.00,1865.00,1920.00,1901.00,1891.00
24018878640527909,20161221,1885.00,1900.00,101,728439,1373299976.00,1850.00,1909.00,1900.00,1900.00
24018878640527909,20161224,1887.00,1861.00,53,519972,981268529.00,1853.00,1900.00,1885.00,1890.00
24018878640527909,20161225,1874.00,1870.00,107,918442,1720727828.00,1845.00,1896.00,1887.00,1895.00
24018878640527909,20161226,1873.00,1880.00,102,1569037,2938398469.00,1841.00,1892.00,1874.00,1891.00
24018878640527909,20161227,1861.00,1879.00,62,314393,585054594.00,1841.00,1880.00,1873.00,1879.00
24018878640527909,20161228,1844.00,1860.00,89,679372,1253085841.00,1831.00,1874.00,1861.00,1861.00
24018878640527909,20161231,1831.00,1850.00,109,677026,1239579358.00,1800.00,1867.00,1844.00,1867.00
24018878640527909,20170101,1762.00,1800.00,244,1903848,3354930508.00,1740.00,1849.00,1831.00,1831.00
24018878640527909,20170102,1748.00,1769.00,71,467650,817236706.00,1713.00,1783.00,1762.00,1768.00
24018878640527909,20170103,1762.00,1765.00,122,1495403,2635292811.00,1724.00,1789.00,1748.00,1735.00
24018878640527909,20170104,1756.00,1750.00,56,223598,392602902.00,1746.00,1779.00,1762.00,1762.00
24018878640527909,20170107,1700.00,1690.00,120,827112,1406389703.00,1671.00,1769.00,1756.00,1756.00
24018878640527909,20170108,1635.00,1639.00,143,1348985,2205450781.00,1618.00,1698.00,1700.00,1698.00
24018878640527909,20170109,1587.00,1600.00,145,1290405,2047881663.00,1560.00,1658.00,1635.00,1636.00
24018878640527909,20170111,1585.00,1561.00,94,555464,880305164.00,1560.00,1620.00,1587.00,1590.00
24018878640527909,20170114,1576.00,1592.00,111,519360,818411429.00,1560.00,1600.00,1585.00,1590.00
24018878640527909,20170115,1576.00,1592.00,0,0,0.00,0.00,0.00,1576.00,0.00
24018878640527909,20170116,1576.00,1592.00,0,0,0.00,0.00,0.00,1576.00,0.00
24018878640527909,20170117,1576.00,1592.00,0,0,0.00,0.00,0.00,1576.00,0.00
24018878640527909,20170118,1576.00,1592.00,0,0,0.00,0.00,0.00,1576.00,0.00
24018878640527909,20170121,1576.00,1592.00,0,0,0.00,0.00,0.00,1576.00,0.00
24018878640527909,20170122,1576.00,1592.00,0,0,0.00,0.00,0.00,1576.00,0.00
24018878640527909,20170123,1576.00,1592.00,0,0,0.00,0.00,0.00,1576.00,0.00
24018878640527909,20170124,1576.00,1592.00,0,0,0.00,0.00,0.00,1576.00,0.00
24018878640527909,20170125,1576.00,1592.00,0,0,0.00,0.00,0.00,1576.00,0.00
24018878640527909,20170128,1576.00,1592.00,0,0,0.00,0.00,0.00,1576.00,0.00
24018878640527909,20170129,1576.00,1592.00,0,0,0.00,0.00,0.00,1576.00,0.00
24018878640527909,20170130,1576.00,1592.00,0,0,0.00,0.00,0.00,1576.00,0.00
24018878640527909,20170131,1576.00,1592.00,0,0,0.00,0.00,0.00,1576.00,0.00
24018878640527909,20170201,1576.00,1592.00,0,0,0.00,0.00,0.00,1576.00,0.00
24018878640527909,20170204,1576.00,1592.00,0,0,0.00,0.00,0.00,1576.00,0.00
24018878640527909,20170205,1576.00,1592.00,0,0,0.00,0.00,0.00,1576.00,0.00
24018878640527909,20170206,1576.00,1592.00,0,0,0.00,0.00,0.00,1576.00,0.00
24018878640527909,20170207,1576.00,1592.00,0,0,0.00,0.00,0.00,1576.00,0.00
24018878640527909,20170208,1576.00,1592.00,0,0,0.00,0.00,0.00,1576.00,0.00
24018878640527909,20170211,1576.00,1592.00,0,0,0.00,0.00,0.00,1576.00,0.00
24018878640527909,20170212,1576.00,1592.00,0,0,0.00,0.00,0.00,1576.00,0.00
24018878640527909,20170213,1576.00,1592.00,0,0,0.00,0.00,0.00,1576.00,0.00
24018878640527909,20170214,1576.00,1592.00,0,0,0.00,0.00,0.00,1576.00,0.00
24018878640527909,20170215,1576.00,1592.00,0,0,0.00,0.00,0.00,1576.00,0.00
24018878640527909,20170218,1576.00,1592.00,0,0,0.00,0.00,0.00,1576.00,0.00
24018878640527909,20170219,1576.00,1592.00,0,0,0.00,0.00,0.00,1576.00,0.00
24018878640527909,20170220,1576.00,1592.00,0,0,0.00,0.00,0.00,1576.00,0.00
24018878640527909,20170221,1576.00,1592.00,0,0,0.00,0.00,0.00,1576.00,0.00
24018878640527909,20170222,1576.00,1592.00,0,0,0.00,0.00,0.00,1576.00,0.00
24018878640527909,20170225,1576.00,1592.00,0,0,0.00,0.00,0.00,1576.00,0.00
24018878640527909,20170226,1576.00,1592.00,0,0,0.00,0.00,0.00,1576.00,0.00
24018878640527909,20170227,1576.00,1592.00,0,0,0.00,0.00,0.00,1576.00,0.00
24018878640527909,20170228,1576.00,1592.00,0,0,0.00,0.00,0.00,1576.00,0.00
24018878640527909,20170301,1576.00,1592.00,0,0,0.00,0.00,0.00,1576.00,0.00
24018878640527909,20170304,1576.00,1592.00,0,0,0.00,0.00,0.00,1576.00,0.00
24018878640527909,20170305,1576.00,1592.00,0,0,0.00,0.00,0.00,1576.00,0.00
24018878640527909,20170306,1576.00,1592.00,0,0,0.00,0.00,0.00,1576.00,0.00
24018878640527909,20170307,1576.00,1592.00,0,0,0.00,0.00,0.00,1576.00,0.00
24018878640527909,20170308,1576.00,1592.00,0,0,0.00,0.00,0.00,1576.00,0.00
24018878640527909,20170311,1576.00,1520.00,20,146172,229401773.00,1516.00,1646.00,1576.00,1646.00
24018878640527909,20170312,1565.00,1560.00,297,10138037,15866885067.00,1401.00,1576.00,1576.00,1550.00
24018878640527909,20170313,1577.00,1595.00,117,1339304,2111726652.00,1515.00,1600.00,1565.00,1515.00
24018878640527909,20170314,1641.00,1650.00,596,13532056,22211998025.00,1580.00,1655.00,1577.00,1580.00
24018878640527909,20170315,1719.00,1723.00,367,9480033,16293490963.00,1652.00,1723.00,1641.00,1652.00
24018878640527909,20170318,1791.00,1799.00,195,1789477,3205456329.00,1750.00,1801.00,1719.00,1778.00
24018878640527909,20170325,1749.00,1749.00,110,656338,1148222594.00,1727.00,1800.00,1791.00,1800.00
24018878640527909,20170326,1719.00,1749.00,134,643508,1105994502.00,1682.00,1774.00,1749.00,1774.00
24018878640527909,20170327,1743.00,1729.00,40,163412,284790159.00,1721.00,1765.00,1719.00,1748.00
24018878640527909,20170328,1733.00,1750.00,115,526742,912706661.00,1720.00,1767.00,1743.00,1767.00
24018878640527909,20170329,1718.00,1740.00,102,594653,1021886436.00,1691.00,1769.00,1733.00,1750.00
24018878640527909,20170403,1719.00,1725.00,90,427762,735481406.00,1709.00,1762.00,1718.00,1762.00
24018878640527909,20170404,1699.00,1720.00,129,860618,1462360836.00,1676.00,1750.00,1719.00,1750.00
24018878640527909,20170405,1680.00,1707.00,125,821635,1380306250.00,1650.00,1738.00,1699.00,1738.00
24018878640527909,20170408,1678.00,1681.00,119,778895,1307360338.00,1668.00,1700.00,1680.00,1700.00
24018878640527909,20170409,1670.00,1680.00,137,898347,1500586378.00,1660.00,1719.00,1678.00,1719.00
24018878640527909,20170410,1674.00,1669.00,126,614280,1028541892.00,1662.00,1699.00,1670.00,1670.00
24018878640527909,20170412,1677.00,1681.00,92,460900,772783948.00,1673.00,1687.00,1674.00,1687.00
24018878640527909,20170415,1683.00,1690.00,162,917166,1543855467.00,1678.00,1695.00,1677.00,1681.00
24018878640527909,20170416,1718.00,1711.00,235,1739361,2988545846.00,1686.00,1745.00,1683.00,1686.00
24018878640527909,20170417,1704.00,1720.00,140,1215797,2071276397.00,1680.00,1739.00,1718.00,1722.00
24018878640527909,20170418,1740.00,1788.00,153,1645377,2863490450.00,1682.00,1789.00,1704.00,1719.00
24018878640527909,20170419,1787.00,1781.00,135,1259019,2250343946.00,1740.00,1803.00,1740.00,1740.00
24018878640527909,20170422,1787.00,1840.00,252,2873664,5136002077.00,1731.00,1847.00,1787.00,1800.00
24018878640527909,20170423,1818.00,1830.00,84,584084,1062082200.00,1782.00,1850.00,1787.00,1850.00
24018878640527909,20170424,1835.00,1880.00,202,2081868,3819612642.00,1773.00,1880.00,1818.00,1820.00
24018878640527909,20170426,1894.00,1899.00,111,987748,1870319129.00,1848.00,1910.00,1835.00,1848.00
24018878640527909,20170429,1908.00,1900.00,186,1095982,2091484024.00,1875.00,1949.00,1894.00,1900.00
24018878640527909,20170430,1937.00,1966.00,271,4025133,7796551480.00,1860.00,1988.00,1908.00,1937.00
24018878640527909,20170501,1977.00,1975.00,204,2103627,4158941254.00,1930.00,2000.00,1937.00,1968.00
24018878640527909,20170502,2001.00,2015.00,239,1893659,3789298187.00,1940.00,2025.00,1977.00,1980.00
24018878640527909,20170503,2003.00,1983.00,362,4344225,8699588064.00,1960.00,2027.00,2001.00,2004.00
24018878640527909,20170506,2003.00,1983.00,0,0,0.00,0.00,0.00,2003.00,0.00
24018878640527909,20170507,2003.00,1983.00,0,0,0.00,0.00,0.00,2003.00,0.00
24018878640527909,20170508,2003.00,1983.00,0,0,0.00,0.00,0.00,2003.00,0.00
24018878640527909,20170509,2003.00,1983.00,0,0,0.00,0.00,0.00,2003.00,0.00
24018878640527909,20170510,2003.00,1983.00,0,0,0.00,0.00,0.00,2003.00,0.00
24018878640527909,20170513,2003.00,1983.00,0,0,0.00,0.00,0.00,2003.00,0.00
24018878640527909,20170514,2003.00,1983.00,0,0,0.00,0.00,0.00,2003.00,0.00
24018878640527909,20170515,2003.00,1983.00,0,0,0.00,0.00,0.00,2003.00,0.00
24018878640527909,20170516,2003.00,1983.00,0,0,0.00,0.00,0.00,2003.00,0.00
24018878640527909,20170517,2003.00,1983.00,0,0,0.00,0.00,0.00,2003.00,0.00
24018878640527909,20170520,2003.00,1983.00,0,0,0.00,0.00,0.00,2003.00,0.00
24018878640527909,20170521,2003.00,1983.00,0,0,0.00,0.00,0.00,2003.00,0.00
24018878640527909,20170522,2003.00,1983.00,0,0,0.00,0.00,0.00,2003.00,0.00
24018878640527909,20170523,1893.00,1830.00,11,137600,257860000.00,1800.00,1899.00,1893.00,1899.00
24018878640527909,20170524,1888.00,1838.00,68,549253,993373914.00,1710.00,1879.00,1893.00,1879.00
24018878640527909,20170527,1855.00,1785.00,246,6415992,11796314216.00,1742.00,1850.00,1888.00,1780.00
24018878640527909,20170528,1850.00,1718.00,87,330259,568370248.00,1700.00,1753.00,1855.00,1753.00
24018878640527909,20170529,1844.00,1695.00,100,447769,767053563.00,1690.00,1796.00,1850.00,1722.00
24018878640527909,20170530,1830.00,1654.00,132,686708,1137702940.00,1642.00,1691.00,1844.00,1691.00
24018878640527909,20170531,1822.00,1678.00,62,476424,792412972.00,1642.00,1682.00,1830.00,1665.00
24018878640527909,20170603,1815.00,1768.00,75,529124,900254493.00,1663.00,1768.00,1822.00,1720.00
24018878640527909,20170606,1726.00,1735.00,87,1704001,2940460175.00,1725.00,1735.00,1815.00,1725.00
24018878640527909,20170607,1660.00,1640.00,63,320885,532737676.00,1640.00,1777.00,1726.00,1750.00
24018878640527909,20170610,1660.00,1672.00,49,190475,316203541.00,1581.00,1699.00,1660.00,1666.00
24018878640527909,20170611,1661.00,1684.00,93,827389,1374286532.00,1600.00,1689.00,1660.00,1641.00
24018878640527909,20170612,1643.00,1674.00,95,671933,1103659891.00,1578.00,1678.00,1661.00,1630.00
24018878640527909,20170613,1632.00,1633.00,21,102920,167984000.00,1601.00,1659.00,1643.00,1603.00
24018878640527909,20170614,1627.00,1599.00,62,1150247,1872026832.00,1599.00,1632.00,1632.00,1632.00
24018878640527909,20170617,1623.00,1600.00,68,1134949,1842056374.00,1576.00,1640.00,1627.00,1596.00
24018878640527909,20170618,1617.00,1650.00,70,880826,1424250947.00,1566.00,1650.00,1623.00,1599.00
24018878640527909,20170619,1627.00,1645.00,62,462799,752777038.00,1581.00,1649.00,1617.00,1601.00
24018878640527909,20170620,1641.00,1649.00,69,415502,681684309.00,1608.00,1657.00,1627.00,1640.00
24018878640527909,20170621,1655.00,1680.00,111,781043,1292830264.00,1602.00,1686.00,1641.00,1640.00
24018878640527909,20170624,1669.00,1700.00,40,425766,710752442.00,1630.00,1700.00,1655.00,1630.00
24018878640527909,20170625,1692.00,1719.00,70,709904,1201114218.00,1641.00,1720.00,1669.00,1641.00
24018878640527909,20170628,1706.00,1720.00,22,78526,134000950.00,1667.00,1735.00,1692.00,1719.00
24018878640527909,20170701,1703.00,1723.00,38,421160,717187115.00,1669.00,1725.00,1706.00,1669.00
24018878640527909,20170702,1716.00,1718.00,52,491863,843812692.00,1671.00,1735.00,1703.00,1671.00
24018878640527909,20170703,1712.00,1710.00,23,148703,254545586.00,1671.00,1719.00,1716.00,1671.00
24018878640527909,20170704,1753.00,1746.00,130,2230882,3911182224.00,1701.00,1769.00,1712.00,1710.00
24018878640527909,20170705,1804.00,1810.00,126,1044673,1884761727.00,1770.00,1839.00,1753.00,1770.00
24018878640527909,20170708,1806.00,1808.00,107,637773,1151984651.00,1723.00,1839.00,1804.00,1780.00
24018878640527909,20170709,1799.00,1796.00,81,2495079,4489459815.00,1740.00,1835.00,1806.00,1828.00
24018878640527909,20170710,1857.00,1855.00,130,1143107,2122621038.00,1820.00,1888.00,1799.00,1827.00
24018878640527909,20170711,1880.00,1879.00,88,735437,1382626390.00,1813.00,1947.00,1857.00,1892.00
24018878640527909,20170712,1900.00,1878.00,96,711129,1351126092.00,1840.00,1949.00,1880.00,1878.00
24018878640527909,20170715,1936.00,1930.00,90,1232398,2385854671.00,1881.00,1950.00,1900.00,1918.00
24018878640527909,20170716,1887.00,1890.00,75,2275394,4294539633.00,1870.00,1923.00,1936.00,1923.00
24018878640527909,20170717,1919.00,1937.00,94,1138027,2183814103.00,1859.00,1940.00,1887.00,1890.00
24018878640527909,20170718,1920.00,1935.00,84,413250,793474214.00,1880.00,1940.00,1919.00,1919.00
24018878640527909,20170719,1942.00,1947.00,105,1243021,2414466620.00,1890.00,1957.00,1920.00,1920.00
24018878640527909,20170722,1955.00,1958.00,103,458698,896739833.00,1910.00,1960.00,1942.00,1960.00
24018878640527909,20170723,1947.00,1905.00,43,803239,1564079824.00,1905.00,1958.00,1955.00,1956.00
24018878640527909,20170724,1928.00,1919.00,43,984522,1898061580.00,1882.00,1940.00,1947.00,1882.00
24018878640527909,20170725,1931.00,1910.00,54,454945,878284985.00,1888.00,1940.00,1928.00,1939.00
24018878640527909,20170726,1928.00,1880.00,73,3013949,5811554092.00,1836.00,1945.00,1931.00,1939.00
24018878640527909,20170729,1919.00,1843.00,23,194861,373968772.00,1843.00,1937.00,1928.00,1937.00
24018878640527909,20170730,1917.00,1900.00,68,671142,1286319677.00,1836.00,1924.00,1919.00,1915.00
24018878640527909,20170731,1907.00,1849.00,89,568997,1084817775.00,1841.00,1924.00,1917.00,1910.00
24018878640527909,20170801,1872.00,1899.00,62,159334,298295633.00,1846.00,1909.00,1907.00,1905.00
24018878640527909,20170802,1857.00,1850.00,33,118791,220560291.00,1830.00,1872.00,1872.00,1872.00
24018878640527909,20170806,1844.00,1765.00,90,2397716,4422035466.00,1765.00,1850.00,1857.00,1850.00
24018878640527909,20170807,1794.00,1798.00,80,1323363,2373754497.00,1752.00,1849.00,1844.00,1849.00
24018878640527909,20170808,1794.00,1800.00,33,116984,209816209.00,1755.00,1822.00,1794.00,1822.00
24018878640527909,20170809,1799.00,1798.00,49,748762,1346757350.00,1786.00,1820.00,1794.00,1799.00
24018878640527909,20170812,1792.00,1805.00,69,731618,1310815855.00,1760.00,1810.00,1799.00,1799.00
24018878640527909,20170813,1796.00,1809.00,41,421899,757679097.00,1782.00,1838.00,1792.00,1810.00
24018878640527909,20170814,1796.00,1780.00,31,802485,1441607406.00,1772.00,1832.00,1796.00,1832.00
24018878640527909,20170815,1786.00,1835.00,171,1715813,3064940565.00,1710.00,1835.00,1796.00,1815.00
24018878640527909,20170816,1817.00,1849.00,104,697018,1266574338.00,1770.00,1849.00,1786.00,1800.00
24018878640527909,20170819,1835.00,1873.00,131,3016139,5535532602.00,1820.00,1899.00,1817.00,1835.00
24018878640527909,20170820,1879.00,1873.00,146,957662,1799493202.00,1850.00,1900.00,1835.00,1850.00
24018878640527909,20170821,1918.00,1889.00,68,414929,796003567.00,1888.00,1935.00,1879.00,1919.00
24018878640527909,20170822,1983.00,2013.00,543,7533992,14941471924.00,1901.00,2013.00,1918.00,1929.00
24018878640527909,20170823,2073.00,2080.00,393,5080322,10529213780.00,2020.00,2082.00,1983.00,2020.00
24018878640527909,20170826,2117.00,2100.00,393,2576068,5452464432.00,2081.00,2162.00,2073.00,2151.00
24018878640527909,20170827,2119.00,2087.00,229,3278908,6947063078.00,2072.00,2196.00,2117.00,2100.00
24018878640527909,20170828,2074.00,2056.00,133,878552,1822024235.00,2024.00,2167.00,2119.00,2167.00
24018878640527909,20170829,2078.00,2080.00,126,1029761,2139873920.00,2040.00,2150.00,2074.00,2056.00
24018878640527909,20170830,2100.00,2116.00,124,812095,1705765583.00,2033.00,2130.00,2078.00,2099.00
24018878640527909,20170902,2095.00,2059.00,69,405924,850261075.00,2050.00,2130.00,2100.00,2121.00
24018878640527909,20170903,2091.00,2105.00,93,617666,1291465546.00,2050.00,2109.00,2095.00,2109.00
24018878640527909,20170904,2085.00,2090.00,72,481679,1004401007.00,2031.00,2120.00,2091.00,2100.00
24018878640527909,20170905,2083.00,2100.00,114,800575,1667385134.00,2030.00,2117.00,2085.00,2105.00
24018878640527909,20170906,2089.00,2097.00,58,299054,624607422.00,2050.00,2118.00,2083.00,2110.00
24018878640527909,20170910,2068.00,2040.00,113,818798,1693044615.00,2002.00,2105.00,2089.00,2100.00
24018878640527909,20170911,2071.00,2080.00,107,816930,1691906518.00,2013.00,2099.00,2068.00,2075.00
24018878640527909,20170912,2071.00,2090.00,110,932651,1931443973.00,2022.00,2097.00,2071.00,2088.00
24018878640527909,20170913,2044.00,2030.00,72,413768,845572384.00,2025.00,2087.00,2071.00,2085.00
24018878640527909,20170916,2070.00,2065.00,88,647150,1339594255.00,2030.00,2091.00,2044.00,2039.00
24018878640527909,20170917,2076.00,2069.00,76,881328,1829669953.00,2026.00,2100.00,2070.00,2026.00
24018878640527909,20170918,2087.00,2080.00,67,781718,1631793689.00,2041.00,2099.00,2076.00,2096.00
24018878640527909,20170919,2074.00,2040.00,99,1349542,2798605833.00,2040.00,2099.00,2087.00,2089.00
24018878640527909,20170920,2070.00,2080.00,66,875367,1812045660.00,2041.00,2084.00,2074.00,2079.00
24018878640527909,20170923,2049.00,2039.00,97,917989,1881414502.00,2013.00,2085.00,2070.00,2077.00
24018878640527909,20170924,2058.00,2050.00,60,716882,1475474743.00,1981.00,2071.00,2049.00,2039.00
24018878640527909,20170925,2059.00,2047.00,92,1181564,2432705293.00,2000.00,2078.00,2058.00,2078.00
24018878640527909,20170926,2033.00,2030.00,49,435757,885908666.00,2001.00,2062.00,2059.00,2060.00
24018878640527909,20170927,2027.00,2008.00,113,625108,1266882961.00,1992.00,2059.00,2033.00,2025.00
24018878640527909,20171002,1999.00,2000.00,79,342449,684452781.00,1970.00,2039.00,2027.00,2029.00
24018878640527909,20171003,1996.00,1995.00,40,130949,261438808.00,1980.00,2009.00,1999.00,2007.00
24018878640527909,20171004,1948.00,1920.00,75,245638,478545170.00,1900.00,1997.00,1996.00,1971.00
24018878640527909,20171007,1878.00,1851.00,134,715783,1344189401.00,1851.00,1988.00,1948.00,1988.00
24018878640527909,20171008,1837.00,1836.00,167,908397,1668508599.00,1785.00,1900.00,1878.00,1851.00
24018878640527909,20171009,1822.00,1820.00,73,483518,881210938.00,1763.00,1869.00,1837.00,1867.00
24018878640527909,20171010,1828.00,1837.00,36,111742,204212236.00,1780.00,1849.00,1822.00,1841.00
24018878640527909,20171011,1828.00,1800.00,40,295608,540290907.00,1800.00,1839.00,1828.00,1828.00
24018878640527909,20171014,1824.00,1829.00,75,778026,1419189908.00,1796.00,1840.00,1828.00,1839.00
24018878640527909,20171015,1843.00,1850.00,41,323211,595675158.00,1800.00,1859.00,1824.00,1859.00
24018878640527909,20171016,1832.00,1840.00,93,717803,1314966455.00,1810.00,1859.00,1843.00,1853.00
24018878640527909,20171017,1823.00,1805.00,51,210002,382793403.00,1804.00,1849.00,1832.00,1848.00
24018878640527909,20171018,1798.00,1793.00,96,784834,1410896687.00,1771.00,1840.00,1823.00,1810.00
24018878640527909,20171021,1805.00,1788.00,127,944896,1705395734.00,1753.00,1841.00,1798.00,1838.00
24018878640527909,20171022,1770.00,1755.00,110,908575,1607970154.00,1751.00,1825.00,1805.00,1824.00
24018878640527909,20171023,1757.00,1763.00,88,880771,1547420340.00,1715.00,1790.00,1770.00,1774.00
24018878640527909,20171024,1746.00,1779.00,228,2743544,4790693124.00,1701.00,1790.00,1757.00,1713.00
24018878640527909,20171025,1762.00,1750.00,80,813644,1433469828.00,1740.00,1790.00,1746.00,1788.00
24018878640527909,20171028,1768.00,1770.00,134,1677302,2964965204.00,1740.00,1790.00,1762.00,1775.00
24018878640527909,20171029,1770.00,1750.00,134,1714504,3035473481.00,1740.00,1810.00,1768.00,1754.00
24018878640527909,20171030,1773.00,1789.00,223,3413754,6053579371.00,1752.00,1800.00,1770.00,1789.00
24018878640527909,20171031,1811.00,1799.00,105,1420884,2573889175.00,1790.00,1830.00,1773.00,1798.00
24018878640527909,20171101,1816.00,1819.00,119,1483328,2693874031.00,1795.00,1829.00,1811.00,1800.00
24018878640527909,20171104,1828.00,1818.00,82,1384720,2531403511.00,1798.00,1838.00,1816.00,1835.00
24018878640527909,20171105,1814.00,1770.00,84,2239637,4063250245.00,1760.00,1828.00,1828.00,1802.00
24018878640527909,20171106,1797.00,1778.00,132,2421967,4355211993.00,1750.00,1827.00,1814.00,1774.00
24018878640527909,20171107,1748.00,1758.00,114,1114761,1948818638.00,1721.00,1790.00,1797.00,1789.00
24018878640527909,20171108,1773.00,1774.00,63,484443,859113996.00,1750.00,1799.00,1748.00,1759.00
24018878640527909,20171111,1780.00,1792.00,67,665889,1185298100.00,1758.00,1810.00,1773.00,1791.00
24018878640527909,20171112,1766.00,1791.00,114,1096307,1936210433.00,1733.00,1807.00,1780.00,1807.00
24018878640527909,20171113,1758.00,1773.00,64,846650,1488092924.00,1745.00,1793.00,1766.00,1760.00
24018878640527909,20171114,1759.00,1770.00,60,310743,546500082.00,1740.00,1783.00,1758.00,1774.00
24018878640527909,20171115,1778.00,1743.00,74,581327,1033440911.00,1740.00,1798.00,1759.00,1740.00
24018878640527909,20171118,1783.00,1788.00,33,142489,254081562.00,1743.00,1790.00,1778.00,1743.00
24018878640527909,20171120,1786.00,1794.00,41,266028,475132835.00,1752.00,1799.00,1783.00,1788.00
24018878640527909,20171121,1801.00,1789.00,28,135235,243588300.00,1772.00,1813.00,1786.00,1799.00
24018878640527909,20171122,1764.00,1788.00,112,1278765,2255910645.00,1755.00,1800.00,1801.00,1799.00
24018878640527909,20171125,1791.00,1765.00,86,659183,1180515645.00,1765.00,1800.00,1764.00,1782.00
24018878640527909,20171126,1750.00,1742.00,104,966915,1691780224.00,1715.00,1799.00,1791.00,1799.00
24018878640527909,20171128,1764.00,1790.00,169,1440752,2541565947.00,1720.00,1790.00,1750.00,1727.00
24018878640527909,20171129,1779.00,1780.00,49,433477,771116109.00,1752.00,1799.00,1764.00,1798.00
24018878640527909,20171202,1791.00,1755.00,83,659342,1180891190.00,1755.00,1799.00,1779.00,1771.00
24018878640527909,20171203,1784.00,1794.00,45,294557,525380053.00,1756.00,1797.00,1791.00,1756.00
24018878640527909,20171204,1779.00,1775.00,49,266416,473875340.00,1752.00,1790.00,1784.00,1779.00
24018878640527909,20171205,1760.00,1770.00,59,336111,591649157.00,1750.00,1790.00,1779.00,1789.00
24018878640527909,20171209,1777.00,1780.00,73,791530,1406720947.00,1768.00,1780.00,1760.00,1777.00
24018878640527909,20171210,1769.00,1780.00,47,445440,788142033.00,1750.00,1780.00,1777.00,1760.00
24018878640527909,20171211,1768.00,1775.00,41,798627,1412335976.00,1740.00,1780.00,1769.00,1780.00
24018878640527909,20171212,1782.00,1786.00,135,1716305,3058393477.00,1771.00,1790.00,1768.00,1771.00
24018878640527909,20171213,1765.00,1799.00,88,618110,1091214237.00,1750.00,1799.00,1782.00,1779.00
24018878640527909,20171214,1765.00,1799.00,0,0,0.00,0.00,0.00,1765.00,0.00
24018878640527909,20171215,1765.00,1799.00,0,0,0.00,0.00,0.00,1765.00,0.00
24018878640527909,20171216,1806.00,1823.00,129,1182789,2135995803.00,1790.00,1823.00,1765.00,1804.00
24018878640527909,20171217,1892.00,1896.00,46,726891,1375240708.00,1840.00,1896.00,1806.00,1840.00
24018878640527909,20171218,1971.00,1986.00,464,5051042,9956244039.00,1902.00,1986.00,1892.00,1979.00
24018878640527909,20171219,2066.00,2054.00,319,4671777,9653949913.00,2004.00,2069.00,1971.00,2040.00
24018878640527909,20171220,2117.00,2149.00,306,1746074,3696389783.00,2054.00,2154.00,2066.00,2090.00
24018878640527909,20171223,2214.00,2222.00,261,4416605,9780404533.00,2164.00,2222.00,2117.00,2164.00
24018878640527909,20171224,2321.00,2324.00,551,8449485,19614448777.00,2241.00,2324.00,2214.00,2241.00
24018878640527909,20171225,2412.00,2432.00,423,3282400,7915717357.00,2361.00,2434.00,2321.00,2400.00
24018878640527909,20171226,2422.00,2400.00,455,5009250,12131169204.00,2310.00,2500.00,2412.00,2456.00
24018878640527909,20171227,2363.00,2370.00,295,2188786,5171543968.00,2301.00,2439.00,2422.00,2420.00
24018878640527909,20171230,2309.00,2295.00,554,11463499,26472384285.00,2245.00,2339.00,2363.00,2339.00
24018878640527909,20171231,2218.00,2263.00,332,5027362,11153068752.00,2194.00,2344.00,2309.00,2290.00
24018878640527909,20180101,2307.00,2300.00,215,1868916,4311860750.00,2226.00,2328.00,2218.00,2226.00
24018878640527909,20180102,2297.00,2298.00,148,1651968,3794281568.00,2241.00,2349.00,2307.00,2334.00
24018878640527909,20180103,2298.00,2297.00,72,452619,1040089484.00,2261.00,2340.00,2297.00,2339.00
24018878640527909,20180106,2285.00,2295.00,127,1096865,2506732612.00,2250.00,2340.00,2298.00,2340.00
24018878640527909,20180107,2258.00,2280.00,89,890605,2010555884.00,2200.00,2290.00,2285.00,2287.00
24018878640527909,20180108,2327.00,2275.00,181,3279084,7628989315.00,2250.00,2345.00,2258.00,2250.00
24018878640527909,20180109,2273.00,2255.00,107,714031,1622726592.00,2240.00,2327.00,2327.00,2327.00
24018878640527909,20180110,2208.00,2180.00,146,894457,1975111524.00,2172.00,2278.00,2273.00,2260.00
24018878640527909,20180113,2203.00,2192.00,78,419056,923287000.00,2190.00,2240.00,2208.00,2200.00
24018878640527909,20180114,2202.00,2229.00,120,906688,1996499030.00,2180.00,2295.00,2203.00,2295.00
24018878640527909,20180115,2206.00,2213.00,162,1455240,3210969140.00,2181.00,2270.00,2202.00,2219.00
24018878640527909,20180116,2216.00,2215.00,263,4806449,10652551423.00,2171.00,2269.00,2206.00,2171.00
24018878640527909,20180117,2221.00,2228.00,213,3387124,7523741533.00,2212.00,2270.00,2216.00,2230.00
24018878640527909,20180120,2265.00,2220.00,225,1921189,4351102421.00,2217.00,2318.00,2221.00,2288.00
24018878640527909,20180121,2233.00,2240.00,142,730186,1630685859.00,2200.00,2298.00,2265.00,2220.00
24018878640527909,20180122,2255.00,2270.00,151,795316,1793594125.00,2196.00,2275.00,2233.00,2233.00
24018878640527909,20180123,2278.00,2298.00,169,739320,1684486341.00,2202.00,2298.00,2255.00,2203.00
24018878640527909,20180124,2300.00,2300.00,141,823913,1895340303.00,2230.00,2315.00,2278.00,2278.00
24018878640527909,20180127,2302.00,2270.00,152,1128676,2598209260.00,2252.00,2337.00,2300.00,2300.00
24018878640527909,20180128,2306.00,2321.00,201,1361911,3140202360.00,2243.00,2332.00,2302.00,2313.00
24018878640527909,20180129,2310.00,2300.00,116,841380,1943868602.00,2280.00,2335.00,2306.00,2320.00
24018878640527909,20180130,2310.00,2315.00,240,2866774,6621809523.00,2281.00,2327.00,2310.00,2327.00
24018878640527909,20180131,2387.00,2425.00,333,2998984,7157280613.00,2300.00,2425.00,2310.00,2319.00
24018878640527909,20180203,2404.00,2400.00,156,1490938,3584854132.00,2360.00,2425.00,2387.00,2425.00
24018878640527909,20180204,2408.00,2371.00,141,1055387,2541546073.00,2371.00,2441.00,2404.00,2410.00
24018878640527909,20180205,2409.00,2408.00,367,6621133,15950934262.00,2330.00,2413.00,2408.00,2400.00
24018878640527909,20180206,2411.00,2411.00,194,2484900,5990831832.00,2317.00,2434.00,2409.00,2400.00
24018878640527909,20180207,2422.00,2418.00,145,2050018,4964797399.00,2331.00,2429.00,2411.00,2331.00
24018878640527909,20180210,2404.00,2418.00,183,1324334,3183570280.00,2340.00,2430.00,2422.00,2381.00
24018878640527909,20180212,2408.00,2420.00,119,834182,2008461426.00,2353.00,2420.00,2404.00,2410.00
24018878640527909,20180213,2412.00,2366.00,83,784173,1891364642.00,2360.00,2425.00,2408.00,2360.00
24018878640527909,20180214,2418.00,2416.00,114,948014,2292239414.00,2367.00,2424.00,2412.00,2418.00
24018878640527909,20180217,2412.00,2415.00,155,891751,2150574123.00,2370.00,2425.00,2418.00,2415.00
24018878640527909,20180218,2403.00,2402.00,169,1612876,3876303232.00,2361.00,2424.00,2412.00,2370.00
24018878640527909,20180219,2391.00,2390.00,102,706095,1688116980.00,2310.00,2409.00,2403.00,2404.00
24018878640527909,20180221,2393.00,2398.00,113,1481050,3544207197.00,2341.00,2400.00,2391.00,2350.00
24018878640527909,20180224,2384.00,2333.00,111,1330058,3171433952.00,2321.00,2410.00,2393.00,2399.00
24018878640527909,20180225,2383.00,2398.00,127,1768314,4214243852.00,2271.00,2400.00,2384.00,2323.00
24018878640527909,20180226,2388.00,2333.00,104,1665867,3978774758.00,2333.00,2395.00,2383.00,2395.00
24018878640527909,20180227,2387.00,2387.00,42,304703,727205972.00,2341.00,2399.00,2388.00,2385.00
24018878640527909,20180228,2385.00,2360.00,57,655660,1563455943.00,2360.00,2392.00,2387.00,2385.00
24018878640527909,20180303,2375.00,2310.00,144,1221644,2900965225.00,2310.00,2398.00,2385.00,2390.00
24018878640527909,20180304,2356.00,2380.00,131,1871204,4408578229.00,2301.00,2380.00,2375.00,2365.00
24018878640527909,20180305,2422.00,2439.00,566,11439473,27705679469.00,2300.00,2450.00,2356.00,2386.00
24018878640527909,20180306,2444.00,2440.00,143,1232269,3011176344.00,2402.00,2478.00,2422.00,2439.00
24018878640527909,20180307,2440.00,2455.00,213,1955483,4772175709.00,2382.00,2455.00,2444.00,2405.00
24018878640527909,20180310,2441.00,2440.00,127,756013,1845286260.00,2371.00,2460.00,2440.00,2383.00
24018878640527909,20180311,2426.00,2440.00,116,693208,1681504802.00,2383.00,2460.00,2441.00,2455.00
24018878640527909,20180312,2439.00,2400.00,30,151533,369643799.00,2400.00,2465.00,2426.00,2450.00
24018878640527909,20180313,2406.00,2420.00,137,975009,2346320101.00,2340.00,2454.00,2439.00,2449.00
24018878640527909,20180314,2424.00,2450.00,216,2748208,6660949591.00,2333.00,2450.00,2406.00,2400.00
24018878640527909,20180317,2420.00,2424.00,129,1973964,4777447977.00,2371.00,2444.00,2424.00,2424.00
24018878640527909,20180318,2419.00,2424.00,75,803697,1944270007.00,2300.00,2474.00,2420.00,2459.00
24018878640527909,20180319,2306.00,2299.00,288,5176710,11935693245.00,2299.00,2420.00,2419.00,2419.00
24018878640527909,20180325,2199.00,2191.00,88,502234,1104176094.00,2191.00,2279.00,2306.00,2271.00
24018878640527909,20180326,2241.00,2300.00,82,544224,1219530359.00,2090.00,2300.00,2199.00,2180.00
24018878640527909,20180327,2237.00,2280.00,43,266120,595428649.00,2200.00,2280.00,2241.00,2241.00
24018878640527909,20180328,2240.00,2239.00,8,21338,47807523.00,2238.00,2269.00,2237.00,2269.00
24018878640527909,20180403,2261.00,2256.00,31,139120,314584790.00,2250.00,2290.00,2240.00,2290.00
24018878640527909,20180404,2263.00,2245.00,48,418745,947592854.00,2245.00,2290.00,2261.00,2261.00
24018878640527909,20180407,2258.00,2261.00,32,380192,858531983.00,2250.00,2264.00,2263.00,2264.00
24018878640527909,20180408,2229.00,2264.00,149,1842973,4108152117.00,2146.00,2285.00,2258.00,2285.00
24018878640527909,20180409,2238.00,2240.00,135,1176435,2633301663.00,2152.00,2261.00,2229.00,2152.00
24018878640527909,20180410,2237.00,2239.00,59,443771,992797145.00,2181.00,2240.00,2238.00,2181.00
24018878640527909,20180411,2224.00,2220.00,70,253450,563774427.00,2198.00,2240.00,2237.00,2201.00
24018878640527909,20180415,2218.00,2229.00,23,131985,292684783.00,2200.00,2230.00,2224.00,2221.00
24018878640527909,20180416,2215.00,2240.00,95,564575,1250686262.00,2180.00,2240.00,2218.00,2216.00
24018878640527909,20180417,2253.00,2250.00,26,173272,390334374.00,2200.00,2290.00,2215.00,2285.00
24018878640527909,20180418,2255.00,2255.00,108,887235,2000367428.00,2238.00,2289.00,2253.00,2270.00
24018878640527909,20180421,2256.00,2289.00,26,155277,350267580.00,2240.00,2289.00,2255.00,2255.00
24018878640527909,20180422,2257.00,2257.00,22,235480,531482085.00,2235.00,2299.00,2256.00,2240.00
24018878640527909,20180423,2245.00,2249.00,70,1036562,2327500409.00,2183.00,2285.00,2257.00,2285.00
24018878640527909,20180424,2236.00,2255.00,116,1670848,3736520874.00,2160.00,2287.00,2245.00,2287.00
24018878640527909,20180425,2239.00,2236.00,148,2156775,4829290376.00,2210.00,2265.00,2236.00,2245.00
24018878640527909,20180428,2243.00,2254.00,107,938000,2104281215.00,2201.00,2270.00,2239.00,2220.00
24018878640527909,20180429,2251.00,2268.00,129,1681821,3786206676.00,2202.00,2270.00,2243.00,2250.00
24018878640527909,20180430,2268.00,2270.00,66,978800,2220116745.00,2231.00,2280.00,2251.00,2276.00
24018878640527909,20180501,2275.00,2270.00,310,4845026,11022325327.00,2217.00,2299.00,2268.00,2270.00
24018878640527909,20180505,2296.00,2293.00,205,4287345,9843358142.00,2240.00,2335.00,2275.00,2280.00
24018878640527909,20180506,2349.00,2368.00,273,5226268,12278244133.00,2260.00,2369.00,2296.00,2300.00
24018878640527909,20180507,2422.00,2447.00,205,5269976,12762287831.00,2311.00,2450.00,2349.00,2311.00
24018878640527909,20180508,2500.00,2500.00,193,932110,2329969446.00,2466.00,2510.00,2422.00,2466.00
24018878640527909,20180509,2512.00,2520.00,558,7371669,18520415598.00,2480.00,2530.00,2500.00,2520.00
24018878640527909,20180512,2512.00,2520.00,0,0,0.00,0.00,0.00,2512.00,0.00
24018878640527909,20180513,2512.00,2520.00,0,0,0.00,0.00,0.00,2512.00,0.00
24018878640527909,20180514,2512.00,2520.00,0,0,0.00,0.00,0.00,2512.00,0.00
24018878640527909,20180515,2512.00,2520.00,0,0,0.00,0.00,0.00,2512.00,0.00
24018878640527909,20180516,2512.00,2520.00,0,0,0.00,0.00,0.00,2512.00,0.00
24018878640527909,20180519,2512.00,2520.00,0,0,0.00,0.00,0.00,2512.00,0.00
24018878640527909,20180520,2512.00,2520.00,0,0,0.00,0.00,0.00,2512.00,0.00
24018878640527909,20180521,2309.00,2354.00,35,423956,978894564.00,2290.00,2379.00,2352.00,2300.00
24018878640527909,20180522,2329.00,2345.00,42,269332,627402972.00,2300.00,2345.00,2309.00,2300.00
24018878640527909,20180523,2340.00,2389.00,22,85000,198862979.00,2290.00,2389.00,2329.00,2329.00
24018878640527909,20180526,2358.00,2377.00,42,310687,732657016.00,2330.00,2380.00,2340.00,2380.00
24018878640527909,20180527,2352.00,2270.00,89,681606,1603214905.00,2270.00,2380.00,2358.00,2378.00
24018878640527909,20180528,2355.00,2380.00,48,286874,675506023.00,2300.00,2380.00,2352.00,2300.00
24018878640527909,20180529,2356.00,2368.00,78,502535,1184126636.00,2291.00,2380.00,2355.00,2291.00
24018878640527909,20180530,2356.00,2390.00,56,249481,587800299.00,2302.00,2390.00,2356.00,2368.00
24018878640527909,20180602,2382.00,2361.00,26,99903,237993439.00,2316.00,2398.00,2356.00,2398.00
24018878640527909,20180603,2391.00,2397.00,44,363324,868711481.00,2350.00,2399.00,2382.00,2395.00
24018878640527909,20180609,2392.00,2400.00,81,901912,2157162442.00,2319.00,2428.00,2391.00,2380.00
24018878640527909,20180610,2396.00,2400.00,48,250402,599999723.00,2342.00,2419.00,2392.00,2390.00
24018878640527909,20180611,2408.00,2423.00,23,128921,310389458.00,2397.00,2430.00,2396.00,2430.00
24018878640527909,20180612,2414.00,2430.00,85,967720,2335933634.00,2365.00,2440.00,2408.00,2365.00
24018878640527909,20180613,2458.00,2490.00,99,995030,2445376017.00,2401.00,2500.00,2414.00,2440.00
24018878640527909,20180617,2521.00,2480.00,145,1459552,3679472492.00,2460.00,2580.00,2458.00,2495.00
24018878640527909,20180618,2471.00,2440.00,117,1239956,3063828467.00,2411.00,2630.00,2521.00,2630.00
24018878640527909,20180619,2456.00,2459.00,281,3792090,9312623787.00,2412.00,2534.00,2471.00,2534.00
24018878640527909,20180620,2485.00,2465.00,602,12098979,30064322893.00,2437.00,2527.00,2456.00,2455.00
24018878640527909,20180623,2609.00,2609.00,3327,141427124,368976687100.00,2534.00,2609.00,2485.00,2534.00
24018878640527909,20180624,2739.00,2739.00,2963,129977932,356004429748.00,2730.00,2739.00,2609.00,2739.00
24018878640527909,20180625,2875.00,2875.00,621,29068403,83571658625.00,2875.00,2875.00,2739.00,2875.00
24018878640527909,20180626,2997.00,2900.00,432,27171566,81441274902.00,2900.00,2999.00,2875.00,2999.00
24018878640527909,20180627,2773.00,2706.00,1566,69544009,192812008622.00,2706.00,2848.00,2997.00,2848.00
24018878640527909,20180630,2716.00,2645.00,1239,19022159,51654687959.00,2635.00,2848.00,2773.00,2691.00
24018878640527909,20180701,2605.00,2581.00,812,10215089,26608029951.00,2581.00,2666.00,2716.00,2605.00
24018878640527909,20180702,2583.00,2620.00,1374,23219698,59978057109.00,2478.00,2668.00,2605.00,2550.00
24018878640527909,20180703,2635.00,2618.00,644,12019351,31673357932.00,2586.00,2686.00,2583.00,2586.00
24018878640527909,20180704,2556.00,2580.00,983,11102609,28377853570.00,2504.00,2668.00,2635.00,2668.00
24018878640527909,20180707,2540.00,2565.00,579,11132764,28281762369.00,2430.00,2570.00,2556.00,2508.00
24018878640527909,20180708,2540.00,2570.00,416,5291241,13438516383.00,2452.00,2574.00,2540.00,2555.00
24018878640527909,20180710,2539.00,2548.00,536,6866132,17432717007.00,2481.00,2596.00,2540.00,2540.00
24018878640527909,20180711,2526.00,2492.00,778,9557511,24144788795.00,2490.00,2570.00,2539.00,2550.00
24018878640527909,20180714,2537.00,2526.00,317,3713656,9422371467.00,2476.00,2569.00,2526.00,2565.00
24018878640527909,20180715,2522.00,2500.00,498,5147049,12982500284.00,2460.00,2550.00,2537.00,2539.00
24018878640527909,20180716,2527.00,2500.00,513,4958824,12531861722.00,2451.00,2580.00,2522.00,2500.00
24018878640527909,20180717,2497.00,2479.00,230,3948683,9861305270.00,2440.00,2540.00,2527.00,2535.00
24018878640527909,20180718,2479.00,2490.00,1032,12164860,30151377777.00,2400.00,2529.00,2497.00,2431.00
24018878640527909,20180721,2470.00,2467.00,501,5978876,14765499073.00,2421.00,2509.00,2479.00,2479.00
24018878640527909,20180722,2491.00,2441.00,644,8085977,20146021833.00,2430.00,2510.00,2470.00,2430.00
24018878640527909,20180723,2494.00,2472.00,770,10062650,25099179028.00,2437.00,2520.00,2491.00,2494.00
24018878640527909,20180724,2440.00,2478.00,371,4895542,11946789085.00,2380.00,2529.00,2494.00,2446.00
24018878640527909,20180725,2419.00,2423.00,194,1570576,3799176250.00,2360.00,2450.00,2440.00,2450.00
24018878640527909,20180726,2419.00,2423.00,0,0,0.00,0.00,0.00,2419.00,0.00
24018878640527909,20180727,2419.00,2423.00,0,0,0.00,0.00,0.00,2419.00,0.00
24018878640527909,20180728,2498.00,2498.00,757,13581250,33923579764.00,2416.00,2539.00,2419.00,2416.00
24018878640527909,20180729,2482.00,2494.00,545,9158514,22734970785.00,2421.00,2529.00,2498.00,2500.00
24018878640527909,20180730,2599.00,2606.00,4115,128546921,334084467882.00,2451.00,2606.00,2482.00,2451.00
24018878640527909,20180731,2728.00,2728.00,684,30490526,83178154928.00,2728.00,2728.00,2599.00,2728.00
24018878640527909,20180801,2804.00,2740.00,3369,81078075,227365087843.00,2677.00,2864.00,2728.00,2864.00
24018878640527909,20180804,2733.00,2729.00,1083,17956891,49080905292.00,2664.00,2834.00,2804.00,2687.00
24018878640527909,20180805,2848.00,2820.00,2135,46094142,131271173444.00,2713.00,2869.00,2733.00,2759.00
24018878640527909,20180806,2902.00,2860.00,3056,47135999,136774020013.00,2820.00,2989.00,2848.00,2950.00
24018878640527909,20180807,2784.00,2757.00,717,10542623,29348769358.00,2757.00,2859.00,2902.00,2777.00
24018878640527909,20180808,2681.00,2647.00,913,9906023,26554857201.00,2645.00,2780.00,2784.00,2779.00
24018878640527909,20180811,2581.00,2547.00,382,3915239,10104195063.00,2547.00,2700.00,2681.00,2602.00
24018878640527909,20180812,2562.00,2585.00,483,3104554,7954657007.00,2476.00,2623.00,2581.00,2476.00
24018878640527909,20180813,2557.00,2580.00,213,1299287,3322538985.00,2530.00,2616.00,2562.00,2616.00
24018878640527909,20180814,2564.00,2550.00,369,3419908,8767305457.00,2516.00,2634.00,2557.00,2552.00
24018878640527909,20180815,2532.00,2550.00,375,2941500,7449098706.00,2490.00,2589.00,2564.00,2526.00
24018878640527909,20180818,2541.00,2530.00,481,5690552,14458842054.00,2500.00,2583.00,2532.00,2550.00
24018878640527909,20180819,2581.00,2530.00,427,4381255,11309115920.00,2511.00,2646.00,2541.00,2530.00
24018878640527909,20180820,2663.00,2650.00,887,12597760,33548471594.00,2549.00,2700.00,2581.00,2549.00
24018878640527909,20180821,2607.00,2610.00,426,5238994,13657989378.00,2575.00,2678.00,2663.00,2630.00
24018878640527909,20180825,2594.00,2606.00,562,7285320,18900848995.00,2563.00,2649.00,2607.00,2611.00
24018878640527909,20180826,2625.00,2600.00,690,6899835,18114483199.00,2571.00,2680.00,2594.00,2650.00
24018878640527909,20180827,2618.00,2620.00,855,14989400,39247253396.00,2582.00,2649.00,2625.00,2649.00
24018878640527909,20180828,2570.00,2570.00,353,3056342,7854398031.00,2550.00,2612.00,2618.00,2612.00
24018878640527909,20180829,2570.00,2590.00,404,3396028,8728018757.00,2544.00,2600.00,2570.00,2544.00
24018878640527909,20180901,2573.00,2590.00,316,2490532,6409174182.00,2540.00,2601.00,2570.00,2600.00
24018878640527909,20180902,2563.00,2575.00,389,3461528,8871923080.00,2537.00,2600.00,2573.00,2566.00
24018878640527909,20180903,2607.00,2600.00,379,4368171,11387745755.00,2541.00,2639.00,2563.00,2541.00
24018878640527909,20180904,2633.00,2630.00,511,6419712,16900843738.00,2580.00,2670.00,2607.00,2610.00
24018878640527909,20180905,2595.00,2619.00,433,3040207,7888989021.00,2570.00,2627.00,2633.00,2620.00
24018878640527909,20180908,2617.00,2639.00,603,5454457,14273573354.00,2570.00,2654.00,2595.00,2620.00
24018878640527909,20180909,2723.00,2730.00,1188,16404336,44673711243.00,2620.00,2747.00,2617.00,2661.00
24018878640527909,20180910,2793.00,2800.00,915,9106464,25430733528.00,2740.00,2822.00,2723.00,2748.00
24018878640527909,20180911,2864.00,2905.00,1483,23568789,67498752389.00,2776.00,2920.00,2793.00,2920.00
24018878640527909,20180912,3006.00,3007.00,826,19682910,59173385698.00,2989.00,3007.00,2864.00,2999.00
24018878640527909,20180915,3156.00,3156.00,146,5087304,16055531424.00,3156.00,3156.00,3006.00,3156.00
24018878640527909,20180916,3156.00,3156.00,0,0,0.00,0.00,0.00,3156.00,0.00
24018878640527909,20180917,3156.00,3156.00,0,0,0.00,0.00,0.00,3156.00,0.00
24018878640527909,20180918,3156.00,3156.00,0,0,0.00,0.00,0.00,3156.00,0.00
24018878640527909,20180922,3156.00,3156.00,0,0,0.00,0.00,0.00,3156.00,0.00
24018878640527909,20180923,2766.00,2766.00,0,0,0.00,0.00,0.00,2766.00,0.00
24018878640527909,20180924,3091.00,3160.00,935,37267835,115196766775.00,3010.00,3160.00,2766.00,3010.00
24018878640527909,20180925,3245.00,3245.00,890,39336631,127647367595.00,3245.00,3245.00,3091.00,3245.00
24018878640527909,20180926,3407.00,3407.00,815,36044825,122804718775.00,3407.00,3407.00,3245.00,3407.00
24018878640527909,20180929,3407.00,3407.00,0,0,0.00,0.00,0.00,3407.00,0.00
24018878640527909,20180930,3407.00,3407.00,0,0,0.00,0.00,0.00,3407.00,0.00
24018878640527909,20181001,3577.00,3577.00,161,12193188,43615033476.00,3577.00,3577.00,3407.00,3577.00
24018878640527909,20181002,3514.00,3399.00,1506,31309507,110022160212.00,3399.00,3685.00,3577.00,3685.00
24018878640527909,20181003,3438.00,3540.00,2074,29830752,102552713832.00,3340.00,3549.00,3514.00,3340.00
24018878640527909,20181006,3525.00,3375.00,2113,43581608,153638226870.00,3267.00,3609.00,3438.00,3545.00
24018878640527909,20181007,3354.00,3349.00,838,17213469,57729035067.00,3349.00,3440.00,3525.00,3349.00
24018878640527909,20181008,3307.00,3440.00,1284,15224706,50344187826.00,3190.00,3455.00,3354.00,3240.00
24018878640527909,20181009,3471.00,3472.00,1149,32291119,112071057969.00,3361.00,3472.00,3307.00,3472.00
24018878640527909,20181010,3629.00,3644.00,1601,34698600,125934947384.00,3450.00,3644.00,3471.00,3598.00
24018878640527909,20181013,3471.00,3448.00,683,14928159,51821387259.00,3448.00,3695.00,3629.00,3695.00
24018878640527909,20181014,3502.00,3545.00,485,4384174,15351355395.00,3385.00,3597.00,3471.00,3400.00
24018878640527909,20181015,3676.00,3677.00,1107,26517012,97465598998.00,3565.00,3677.00,3502.00,3677.00
24018878640527909,20181016,3739.00,3790.00,1033,15145551,56621727270.00,3678.00,3809.00,3676.00,3790.00
24018878640527909,20181017,3727.00,3863.00,2078,47789151,178123759798.00,3553.00,3890.00,3739.00,3590.00
24018878640527909,20181020,3912.00,3913.00,1358,37489152,146665864870.00,3876.00,3913.00,3727.00,3900.00
24018878640527909,20181021,4086.00,4107.00,1173,23172008,94684605385.00,3985.00,4107.00,3912.00,4090.00
24018878640527909,20181022,4289.00,4290.00,2020,65835594,282369619735.00,4220.00,4290.00,4086.00,4290.00
24018878640527909,20181023,4215.00,4192.00,3317,32715883,137902120446.00,4075.00,4349.00,4289.00,4349.00
24018878640527909,20181024,4029.00,4005.00,765,12710857,51217085743.00,4005.00,4120.00,4215.00,4100.00
24018878640527909,20181027,3841.00,3828.00,906,18188094,69864061640.00,3828.00,4004.00,4029.00,3830.00
24018878640527909,20181028,3986.00,4033.00,971,15655721,62396328151.00,3725.00,4033.00,3841.00,3725.00
24018878640527909,20181029,4131.00,4060.00,738,12526781,51745429523.00,4000.00,4185.00,3986.00,4140.00
24018878640527909,20181031,3931.00,4050.00,1401,23439159,92140094160.00,3925.00,4114.00,4131.00,4114.00
24018878640527909,20181103,3955.00,3940.00,461,2949395,11665096906.00,3842.00,4037.00,3931.00,3850.00
24018878640527909,20181104,3916.00,3939.00,579,5068130,19844503375.00,3797.00,4000.00,3955.00,4000.00
24018878640527909,20181105,3995.00,3980.00,1055,12368467,49415878170.00,3910.00,4080.00,3916.00,3939.00
24018878640527909,20181106,4054.00,4054.00,695,7527707,30518982721.00,4001.00,4105.00,3995.00,4048.00
24018878640527909,20181110,4041.00,4049.00,471,7617199,30780067872.00,3920.00,4090.00,4054.00,4050.00
24018878640527909,20181111,3906.00,3839.00,420,3272913,12782789142.00,3839.00,4041.00,4041.00,4041.00
24018878640527909,20181112,3888.00,3920.00,660,7319346,28456257398.00,3821.00,3940.00,3906.00,3910.00
24018878640527909,20181113,3902.00,3898.00,735,4141007,16156152483.00,3858.00,3989.00,3888.00,3988.00
24018878640527909,20181114,3841.00,3800.00,755,7684990,29521749236.00,3743.00,3910.00,3902.00,3910.00
24018878640527909,20181117,3862.00,3780.00,913,6737759,26019263298.00,3705.00,3920.00,3841.00,3885.00
24018878640527909,20181118,3915.00,3767.00,1498,42443637,166159904390.00,3700.00,3950.00,3862.00,3925.00
24018878640527909,20181119,3772.00,3753.00,738,7524123,28381076906.00,3720.00,3858.00,3915.00,3858.00
24018878640527909,20181120,3848.00,3779.00,1138,28848311,111016775004.00,3712.00,3860.00,3772.00,3781.00
24018878640527909,20181121,3697.00,3698.00,518,3171476,11724077320.00,3661.00,3828.00,3848.00,3800.00
24018878640527909,20181124,3517.00,3513.00,196,2852148,10031034296.00,3513.00,3680.00,3697.00,3612.00
24018878640527909,20181126,3346.00,3342.00,299,6048121,20236727254.00,3342.00,3418.00,3517.00,3401.00
24018878640527909,20181127,3329.00,3380.00,1112,13463141,44814325786.00,3231.00,3400.00,3346.00,3231.00
24018878640527909,20181128,3187.00,3163.00,339,2798119,8916568520.00,3163.00,3340.00,3329.00,3340.00
24018878640527909,20181201,3029.00,3028.00,798,21045731,63740458154.00,3028.00,3150.00,3187.00,3065.00
24018878640527909,20181202,3114.00,3086.00,496,5987783,18647378362.00,3050.00,3170.00,3029.00,3050.00
24018878640527909,20181203,3265.00,3269.00,366,8675067,28322832321.00,3172.00,3269.00,3114.00,3172.00
24018878640527909,20181204,3252.00,3281.00,464,3987295,12966534938.00,3150.00,3333.00,3265.00,3280.00
24018878640527909,20181205,3239.00,3218.00,491,4269376,13827499836.00,3180.00,3309.00,3252.00,3309.00
24018878640527909,20181208,3222.00,3190.00,292,2579618,8311979209.00,3170.00,3292.00,3239.00,3292.00
24018878640527909,20181209,3150.00,3133.00,348,3079003,9697406978.00,3061.00,3254.00,3222.00,3160.00
24018878640527909,20181210,3057.00,3010.00,316,2527663,7726498014.00,3000.00,3144.00,3150.00,3144.00
24018878640527909,20181211,3057.00,3010.00,0,0,0.00,0.00,0.00,3057.00,0.00
24018878640527909,20181212,2997.00,2990.00,527,5437995,16299029693.00,2910.00,3090.00,3057.00,3050.00
24018878640527909,20181215,2892.00,2904.00,560,2775770,8028096288.00,2855.00,2990.00,2997.00,2990.00
24018878640527909,20181216,2777.00,2798.00,391,2288398,6354314428.00,2751.00,2954.00,2892.00,2954.00
24018878640527909,20181217,2752.00,2750.00,514,6509717,17917437727.00,2653.00,2850.00,2777.00,2756.00
24018878640527909,20181218,2807.00,2861.00,457,3990171,11202334289.00,2753.00,2863.00,2752.00,2800.00
24018878640527909,20181219,2815.00,2850.00,536,5486396,15442666138.00,2722.00,2880.00,2807.00,2880.00
24018878640527909,20181222,2827.00,2853.00,268,1785084,5046590377.00,2783.00,2858.00,2815.00,2824.00
24018878640527909,20181223,2924.00,2945.00,278,1222596,3574480246.00,2850.00,2950.00,2827.00,2853.00
24018878640527909,20181224,2912.00,2916.00,483,2903764,8455502361.00,2872.00,2965.00,2924.00,2965.00
24018878640527909,20181225,2885.00,2912.00,550,4748872,13700344809.00,2805.00,2928.00,2912.00,2928.00
24018878640527909,20181226,2919.00,2953.00,354,2727598,7962719469.00,2870.00,2954.00,2885.00,2934.00
24018878640527909,20181229,2928.00,2951.00,321,1987615,5818980836.00,2842.00,2974.00,2919.00,2842.00
24018878640527909,20181230,2962.00,2974.00,255,1641646,4862234271.00,2910.00,2987.00,2928.00,2987.00
24018878640527909,20181231,2990.00,2999.00,209,1173675,3509169510.00,2901.00,3008.00,2962.00,2950.00
24018878640527909,20190101,2992.00,2963.00,336,2880103,8616381188.00,2904.00,3045.00,2990.00,3029.00
24018878640527909,20190102,2962.00,2960.00,346,3768145,11161661930.00,2874.00,3000.00,2992.00,2992.00
24018878640527909,20190105,2952.00,2962.00,255,3486002,10289772182.00,2900.00,2987.00,2962.00,2967.00
24018878640527909,20190106,2952.00,2952.00,258,1978351,5839911945.00,2931.00,2965.00,2952.00,2953.00
24018878640527909,20190107,2909.00,2929.00,213,1665470,4845198671.00,2856.00,2958.00,2952.00,2958.00
24018878640527909,20190108,2913.00,2930.00,254,2540378,7400297469.00,2849.00,2947.00,2909.00,2927.00
24018878640527909,20190109,2940.00,2950.00,125,919981,2704873361.00,2912.00,2966.00,2913.00,2913.00
24018878640527909,20190112,2933.00,2943.00,219,1542773,4524686454.00,2902.00,2960.00,2940.00,2960.00
24018878640527909,20190113,2911.00,2900.00,549,9776324,28459932423.00,2890.00,2950.00,2933.00,2933.00
24018878640527909,20190114,3054.00,3056.00,823,25203234,76971472060.00,2911.00,3056.00,2911.00,2911.00
24018878640527909,20190115,3186.00,3112.00,1038,12081953,38489353173.00,3080.00,3206.00,3054.00,3126.00
24018878640527909,20190116,3181.00,3180.00,680,4608965,14659664905.00,3105.00,3229.00,3186.00,3229.00
24018878640527909,20190119,3161.00,3090.00,409,3531366,11161671903.00,3085.00,3194.00,3181.00,3181.00
24018878640527909,20190120,3069.00,3003.00,393,3229435,9912387763.00,3003.00,3157.00,3161.00,3145.00
24018878640527909,20190121,2939.00,2920.00,316,2745675,8070594123.00,2916.00,3069.00,3069.00,3069.00
24018878640527909,20190122,3035.00,3085.00,442,5267441,15985336644.00,2900.00,3085.00,2939.00,2900.00
24018878640527909,20190123,3135.00,3117.00,414,2760991,8655367542.00,3087.00,3170.00,3035.00,3170.00
24018878640527909,20190126,3160.00,3143.00,636,4150841,13115587650.00,3080.00,3200.00,3135.00,3185.00
24018878640527909,20190127,3125.00,3120.00,901,12137552,37924568382.00,3050.00,3188.00,3160.00,3188.00
24018878640527909,20190128,3086.00,3000.00,292,3539068,10920106358.00,3000.00,3166.00,3125.00,3166.00
24018878640527909,20190129,3025.00,3050.00,360,2559681,7743956039.00,2977.00,3070.00,3086.00,3070.00
24018878640527909,20190130,3014.00,3020.00,195,2061013,6212856208.00,3000.00,3080.00,3025.00,3057.00
24018878640527909,20190202,2977.00,2955.00,180,1162318,3460168650.00,2943.00,3050.00,3014.00,3030.00
24018878640527909,20190203,2906.00,2937.00,313,1784551,5185351402.00,2864.00,3009.00,2977.00,2980.00
24018878640527909,20190204,2940.00,2959.00,168,1289064,3789828031.00,2900.00,2998.00,2906.00,2970.00
24018878640527909,20190205,2927.00,2940.00,221,1654353,4841642591.00,2880.00,2969.00,2940.00,2940.00
24018878640527909,20190206,2952.00,3004.00,391,6345079,18732173844.00,2844.00,3009.00,2927.00,2920.00
24018878640527909,20190210,3081.00,3098.00,683,5081673,15656756958.00,2981.00,3099.00,2952.00,3010.00
24018878640527909,20190212,3151.00,3130.00,746,4522478,14248987377.00,3092.00,3195.00,3081.00,3160.00
24018878640527909,20190213,3185.00,3199.00,688,5133327,16350854450.00,3150.00,3228.00,3151.00,3194.00
24018878640527909,20190216,3230.00,3245.00,650,4368468,14111125312.00,3121.00,3278.00,3185.00,3235.00
24018878640527909,20190217,3235.00,3236.00,463,3001257,9708693029.00,3191.00,3278.00,3230.00,3278.00
24018878640527909,20190218,3257.00,3274.00,301,2226850,7253767582.00,3230.00,3299.00,3235.00,3250.00
24018878640527909,20190219,3405.00,3419.00,899,15621122,53183030331.00,3230.00,3419.00,3257.00,3288.00
24018878640527909,20190220,3489.00,3490.00,426,2997764,10459429265.00,3420.00,3540.00,3405.00,3540.00
24018878640527909,20190223,3551.00,3546.00,857,6786452,24100447412.00,3400.00,3625.00,3489.00,3625.00
24018878640527909,20190224,3580.00,3557.00,574,9957537,35651022113.00,3450.00,3620.00,3551.00,3610.00
24018878640527909,20190225,3581.00,3565.00,533,9309231,33335091586.00,3494.00,3620.00,3580.00,3579.00
24018878640527909,20190226,3527.00,3517.00,440,6030211,21268548735.00,3463.00,3570.00,3581.00,3570.00
24018878640527909,20190227,3507.00,3499.00,323,2832980,9935770468.00,3452.00,3568.00,3527.00,3559.00
24018878640527909,20190302,3510.00,3445.00,229,1315555,4617780060.00,3440.00,3560.00,3507.00,3558.00
24018878640527909,20190303,3402.00,3465.00,288,2381952,8102866065.00,3360.00,3526.00,3510.00,3480.00
24018878640527909,20190304,3328.00,3299.00,644,4433289,14754501884.00,3250.00,3410.00,3402.00,3410.00
24018878640527909,20190305,3240.00,3280.00,428,3857078,12497226539.00,3183.00,3350.00,3328.00,3350.00
24018878640527909,20190306,3237.00,3267.00,452,4190612,13563186394.00,3185.00,3280.00,3240.00,3250.00
24018878640527909,20190309,3226.00,3237.00,435,3164733,10209584620.00,3189.00,3267.00,3237.00,3267.00
24018878640527909,20190310,3266.00,3310.00,427,4200501,13716821735.00,3226.00,3310.00,3226.00,3277.00
24018878640527909,20190311,3417.00,3429.00,374,6871002,23475316269.00,3300.00,3429.00,3266.00,3300.00
24018878640527909,20190312,3426.00,3450.00,574,11551297,39571358792.00,3371.00,3515.00,3417.00,3515.00
24018878640527909,20190313,3506.00,3500.00,778,10725678,37602203520.00,3400.00,3540.00,3426.00,3510.00
24018878640527909,20190316,3584.00,3620.00,917,8794169,31522117744.00,3507.00,3678.00,3506.00,3550.00
24018878640527909,20190317,3617.00,3613.00,622,7759039,28065011714.00,3570.00,3728.00,3584.00,3680.00
24018878640527909,20190318,3650.00,3628.00,736,9268253,33829764457.00,3617.00,3699.00,3617.00,3694.00
24018878640527909,20190319,3699.00,3700.00,798,7307201,27028165347.00,3647.00,3760.00,3650.00,3749.00
24018878640527909,20190325,3695.00,3710.00,314,3447050,12738011152.00,3660.00,3738.00,3699.00,3729.00
24018878640527909,20190326,3647.00,3610.00,305,1681457,6132270538.00,3580.00,3700.00,3695.00,3700.00
24018878640527909,20190327,3649.00,3678.00,398,5935815,21659699715.00,3556.00,3680.00,3647.00,3582.00
24018878640527909,20190330,3758.00,3792.00,531,5603536,21056455607.00,3649.00,3800.00,3649.00,3649.00
24018878640527909,20190331,3760.00,3760.00,225,1527276,5742965576.00,3701.00,3800.00,3758.00,3799.00
24018878640527909,20190406,3777.00,3788.00,297,2344873,8857374893.00,3669.00,3808.00,3760.00,3777.00
24018878640527909,20190407,3772.00,3777.00,768,9962705,37581884441.00,3706.00,3830.00,3777.00,3799.00
24018878640527909,20190408,3752.00,3761.00,316,2776104,10417245754.00,3700.00,3818.00,3772.00,3815.00
24018878640527909,20190409,3756.00,3760.00,495,6172234,23181223465.00,3676.00,3779.00,3752.00,3759.00
24018878640527909,20190410,3886.00,3899.00,647,10737763,41724415896.00,3750.00,3943.00,3756.00,3775.00
24018878640527909,20190413,3899.00,3901.00,322,3104477,12103722567.00,3850.00,3937.00,3886.00,3937.00
24018878640527909,20190414,3881.00,3899.00,341,3212100,12465214325.00,3803.00,3940.00,3899.00,3940.00
24018878640527909,20190415,4047.00,4000.00,475,6523209,26396350492.00,3900.00,4075.00,3881.00,3900.00
24018878640527909,20190416,4031.00,4000.00,539,6596652,26589047492.00,3900.00,4090.00,4047.00,4076.00
24018878640527909,20190417,4003.00,4025.00,486,4552283,18221137286.00,3845.00,4050.00,4031.00,3845.00
24018878640527909,20190420,3990.00,3989.00,605,6186374,24683932714.00,3910.00,4048.00,4003.00,4048.00
24018878640527909,20190422,3844.00,3959.00,611,7354248,28269017544.00,3791.00,3980.00,3990.00,3980.00
24018878640527909,20190423,3829.00,3847.00,437,4698474,17989010613.00,3702.00,3961.00,3844.00,3961.00
24018878640527909,20190424,3834.00,3899.00,730,10494511,40234894339.00,3795.00,3939.00,3829.00,3830.00
24018878640527909,20190427,4017.00,4025.00,778,19193887,77093532744.00,3850.00,4025.00,3834.00,3899.00
24018878640527909,20190428,4088.00,4054.00,423,4586693,18748611382.00,4025.00,4189.00,4017.00,4025.00
24018878640527909,20190429,4161.00,4274.00,862,7091380,29506363444.00,4050.00,4279.00,4088.00,4195.00
24018878640527909,20190430,4274.00,4228.00,763,8972503,38347047675.00,4112.00,4359.00,4161.00,4290.00
24018878640527909,20190501,4371.00,4430.00,1410,16313936,71301712443.00,4260.00,4438.00,4274.00,4300.00
24018878640527909,20190504,4371.00,4430.00,0,0,0.00,0.00,0.00,4371.00,0.00
24018878640527909,20190505,4371.00,4430.00,0,0,0.00,0.00,0.00,4371.00,0.00
24018878640527909,20190506,4371.00,4430.00,0,0,0.00,0.00,0.00,4371.00,0.00
24018878640527909,20190507,4371.00,4430.00,0,0,0.00,0.00,0.00,4371.00,0.00
24018878640527909,20190508,4057.00,4131.00,564,3827918,15528033521.00,3923.00,4330.00,4129.00,4330.00
24018878640527909,20190511,3959.00,3947.00,1032,7084072,28043160839.00,3855.00,4062.00,4057.00,4062.00
24018878640527909,20190512,3833.00,3840.00,732,6693665,25653849225.00,3762.00,3990.00,3959.00,3984.00
24018878640527909,20190513,3927.00,3910.00,248,1591847,6251661527.00,3833.00,3990.00,3833.00,3900.00
24018878640527909,20190514,3928.00,3960.00,472,5063665,19891470937.00,3884.00,3990.00,3927.00,3940.00
24018878640527909,20190515,3903.00,3929.00,351,2398119,9360856598.00,3840.00,3980.00,3928.00,3920.00
24018878640527909,20190518,3895.00,3934.00,696,7177594,27957316214.00,3750.00,3937.00,3903.00,3937.00
24018878640527909,20190519,3896.00,3897.00,424,2611253,10172591583.00,3805.00,3937.00,3895.00,3895.00
24018878640527909,20190520,3875.00,3866.00,276,1724285,6681244755.00,3802.00,3920.00,3896.00,3900.00
24018878640527909,20190521,3861.00,3870.00,720,3986859,15395176564.00,3790.00,3897.00,3875.00,3880.00
24018878640527909,20190522,3855.00,3864.00,335,3042571,11729319207.00,3801.00,3899.00,3861.00,3862.00
24018878640527909,20190525,3953.00,3953.00,480,3675658,14530817118.00,3890.00,3989.00,3855.00,3900.00
24018878640527909,20190526,4000.00,3998.00,453,3432188,13729975053.00,3953.00,4034.00,3953.00,3970.00
24018878640527909,20190528,4076.00,4079.00,321,2512875,10241843417.00,4017.00,4098.00,4000.00,4043.00
24018878640527909,20190529,4073.00,4030.00,511,5233777,21315240399.00,4010.00,4098.00,4076.00,4098.00
24018878640527909,20190601,4025.00,4000.00,321,3269824,13160536185.00,3930.00,4097.00,4073.00,4073.00
24018878640527909,20190602,3986.00,3950.00,249,2220607,8850901674.00,3933.00,4079.00,4025.00,4040.00
24018878640527909,20190603,3950.00,3991.00,436,3718264,14688544573.00,3890.00,4025.00,3986.00,3930.00
24018878640527909,20190608,3926.00,3940.00,222,1243942,4883820026.00,3888.00,4000.00,3950.00,3971.00
24018878640527909,20190609,3901.00,3896.00,431,3619994,14121359273.00,3860.00,3985.00,3926.00,3985.00
24018878640527909,20190610,3924.00,3899.00,503,3412311,13388516989.00,3880.00,3980.00,3901.00,3935.00
24018878640527909,20190611,3841.00,3933.00,654,3733751,14342836905.00,3800.00,3934.00,3924.00,3900.00
24018878640527909,20190612,3921.00,3900.00,650,10044287,39385454550.00,3868.00,3983.00,3841.00,3934.00
24018878640527909,20190615,3935.00,3980.00,478,4316074,16983979209.00,3804.00,3994.00,3921.00,3921.00
24018878640527909,20190616,3955.00,3923.00,403,3757500,14859377315.00,3890.00,4000.00,3935.00,3995.00
24018878640527909,20190617,3916.00,3945.00,327,1199237,4696743795.00,3870.00,3999.00,3955.00,3990.00
24018878640527909,20190618,3905.00,3948.00,290,2371957,9261921460.00,3810.00,3959.00,3916.00,3959.00
24018878640527909,20190619,3865.00,3790.00,290,2039050,7879929963.00,3790.00,3980.00,3905.00,3900.00
24018878640527909,20190622,3821.00,3875.00,280,1352427,5167728067.00,3762.00,3908.00,3865.00,3780.00
24018878640527909,20190623,3906.00,3881.00,254,2379028,9292938282.00,3820.00,3945.00,3821.00,3820.00
24018878640527909,20190624,4082.00,4101.00,1079,16951587,69197397369.00,3900.00,4101.00,3906.00,3927.00
24018878640527909,20190625,4277.00,4286.00,1025,21987982,94038973724.00,4150.00,4286.00,4082.00,4270.00
24018878640527909,20190626,4446.00,4450.00,959,10262842,45632586752.00,4339.00,4490.00,4277.00,4348.00
24018878640527909,20190630,4605.00,4610.00,693,4165172,19178815097.00,4450.00,4668.00,4446.00,4470.00
24018878640527909,20190701,4648.00,4651.00,574,5242587,24367754443.00,4517.00,4795.00,4605.00,4605.00
24018878640527909,20190702,4563.00,4539.00,470,2990464,13645214848.00,4468.00,4651.00,4648.00,4651.00
24018878640527909,20190703,4521.00,4580.00,296,2042555,9235234268.00,4452.00,4629.00,4563.00,4629.00
24018878640527909,20190706,4491.00,4510.00,287,2338740,10504268687.00,4429.00,4599.00,4521.00,4599.00
24018878640527909,20190707,4463.00,4452.00,168,1056979,4717196773.00,4437.00,4500.00,4491.00,4500.00
24018878640527909,20190708,4637.00,4686.00,483,7532162,34924453279.00,4430.00,4686.00,4463.00,4440.00
24018878640527909,20190709,4754.00,4850.00,619,7210243,34276262534.00,4600.00,4850.00,4637.00,4698.00
24018878640527909,20190710,4958.00,4940.00,598,8726564,43268307349.00,4755.00,4991.00,4754.00,4850.00
24018878640527909,20190713,5145.00,5202.00,553,7908917,40692421058.00,4911.00,5205.00,4958.00,4911.00
24018878640527909,20190714,5204.00,5192.00,522,3369026,17532064022.00,5120.00,5346.00,5145.00,5346.00
24018878640527909,20190715,5281.00,5301.00,358,3096956,16354759225.00,5115.00,5395.00,5204.00,5289.00
24018878640527909,20190716,5078.00,5017.00,398,6024408,30591912814.00,5017.00,5380.00,5281.00,5380.00
24018878640527909,20190717,5029.00,5090.00,914,10141889,51008080288.00,4829.00,5098.00,5078.00,4829.00
24018878640527909,20190720,5145.00,5049.00,337,1661607,8548280806.00,4900.00,5274.00,5029.00,5274.00
24018878640527909,20190721,5066.00,5045.00,454,5975009,30269827992.00,4953.00,5150.00,5145.00,5110.00
24018878640527909,20190722,5034.00,5030.00,189,753249,3791764778.00,4921.00,5145.00,5066.00,5145.00
24018878640527909,20190723,4905.00,4950.00,238,1748314,8574965706.00,4820.00,5130.00,5034.00,5050.00
24018878640527909,20190724,4848.00,4922.00,136,700037,3393556131.00,4800.00,5010.00,4905.00,5010.00
24018878640527909,20190727,4887.00,4890.00,132,1270875,6210474256.00,4728.00,4981.00,4848.00,4980.00
24018878640527909,20190728,4949.00,4900.00,195,1613243,7983541582.00,4800.00,5010.00,4887.00,4890.00
24018878640527909,20190729,5007.00,5000.00,197,1200115,6008734540.00,4900.00,5100.00,4949.00,4950.00
24018878640527909,20190730,5013.00,5076.00,230,1933874,9695443959.00,4902.00,5099.00,5007.00,5099.00
24018878640527909,20190731,5017.00,5040.00,279,2290843,11493662298.00,4906.00,5090.00,5013.00,4906.00
24018878640527909,20190803,5027.00,5020.00,179,1651669,8302140456.00,4942.00,5083.00,5017.00,5040.00
24018878640527909,20190804,5067.00,5150.00,280,2482561,12579367154.00,4953.00,5150.00,5027.00,5080.00
24018878640527909,20190805,4932.00,4983.00,345,2395602,11815048305.00,4818.00,5099.00,5067.00,5070.00
24018878640527909,20190806,5003.00,4979.00,152,2219615,11103990668.00,4829.00,5040.00,4932.00,4996.00
24018878640527909,20190807,4862.00,4889.00,261,1281138,6228714243.00,4820.00,4998.00,5003.00,4998.00
24018878640527909,20190810,4974.00,4880.00,171,1601694,7966447091.00,4819.00,5100.00,4862.00,4850.00
24018878640527909,20190811,4922.00,4852.00,199,1062468,5229786411.00,4852.00,5049.00,4974.00,4988.00
24018878640527909,20190813,4913.00,4850.00,307,1672363,8216656830.00,4781.00,5078.00,4922.00,4950.00
24018878640527909,20190814,5040.00,5158.00,361,4316347,21753374245.00,4851.00,5158.00,4913.00,4920.00
24018878640527909,20190817,5067.00,4963.00,295,1842592,9335896132.00,4950.00,5226.00,5040.00,5160.00
24018878640527909,20190818,4980.00,5025.00,195,1984412,9881973431.00,4912.00,5090.00,5067.00,5090.00
24018878640527909,20190819,4951.00,4999.00,260,2434981,12056151143.00,4864.00,5000.00,4980.00,4999.00
24018878640527909,20190821,4918.00,4958.00,128,655619,3224210788.00,4890.00,4999.00,4951.00,4963.00
24018878640527909,20190824,4865.00,4920.00,489,2484270,12085502250.00,4800.00,4958.00,4918.00,4890.00
24018878640527909,20190825,4831.00,4865.00,324,2697368,13029941949.00,4763.00,4939.00,4865.00,4939.00
24018878640527909,20190826,4957.00,4999.00,580,6665570,33039702684.00,4804.00,4999.00,4831.00,4865.00
24018878640527909,20190827,4927.00,4940.00,430,3472807,17109669307.00,4811.00,5050.00,4957.00,4995.00
24018878640527909,20190828,4916.00,4942.00,273,971127,4774339834.00,4793.00,4967.00,4927.00,4967.00
24018878640527909,20190831,5077.00,5048.00,655,4717834,23951086541.00,4925.00,5149.00,4916.00,5070.00
24018878640527909,20190901,5172.00,5189.00,856,4466979,23105427335.00,5054.00,5200.00,5077.00,5120.00
24018878640527909,20190902,5183.00,5166.00,930,4725011,24490255243.00,4923.00,5360.00,5172.00,5290.00
24018878640527909,20190903,5182.00,5190.00,345,1852457,9599376903.00,5116.00,5200.00,5183.00,5188.00
24018878640527909,20190904,5229.00,5200.00,474,3678917,19238169165.00,5170.00,5280.00,5182.00,5250.00
24018878640527909,20190907,5476.00,5490.00,898,6896832,37767986259.00,5250.00,5490.00,5229.00,5270.00
24018878640527909,20190908,5432.00,5476.00,684,2808810,15257315137.00,5300.00,5688.00,5476.00,5680.00
24018878640527909,20190911,5472.00,5499.00,363,1943544,10634498648.00,5300.00,5550.00,5432.00,5500.00
24018878640527909,20190914,5486.00,5486.00,521,2461576,13504281525.00,5350.00,5578.00,5472.00,5510.00
24018878640527909,20190915,5415.00,5387.00,333,1514452,8200790100.00,5350.00,5501.00,5486.00,5500.00
24018878640527909,20190916,5386.00,5399.00,464,2608571,14050100923.00,5251.00,5499.00,5415.00,5420.00
24018878640527909,20190917,5390.00,5459.00,423,1934331,10425665712.00,5222.00,5490.00,5386.00,5330.00
24018878640527909,20190918,5286.00,5351.00,681,4308412,22775552758.00,5168.00,5440.00,5390.00,5440.00
24018878640527909,20190921,5314.00,5300.00,271,1272674,6763318601.00,5181.00,5360.00,5286.00,5290.00
24018878640527909,20190922,5316.00,5335.00,302,1834460,9752255162.00,5270.00,5359.00,5314.00,5359.00
24018878640527909,20190923,5320.00,5347.00,405,2303228,12253302181.00,5222.00,5370.00,5316.00,5335.00
24018878640527909,20190924,5388.00,5380.00,335,1526285,8224324685.00,5300.00,5554.00,5320.00,5340.00
24018878640527909,20190925,5383.00,5409.00,293,2106932,11342505838.00,5270.00,5439.00,5388.00,5395.00
24018878640527909,20190928,5413.00,5399.00,300,1100630,5958090360.00,5380.00,5510.00,5383.00,5450.00
24018878640527909,20190929,5346.00,5440.00,400,1590486,8502998649.00,5248.00,5475.00,5413.00,5473.00
24018878640527909,20190930,5352.00,5389.00,264,1285384,6879638300.00,5270.00,5408.00,5346.00,5270.00
24018878640527909,20191001,5358.00,5370.00,388,4240867,22724585617.00,5312.00,5440.00,5352.00,5329.00
24018878640527909,20191002,5291.00,5320.00,257,987136,5222856183.00,5240.00,5440.00,5358.00,5440.00
24018878640527909,20191005,5307.00,5320.00,341,3517579,18668529127.00,5250.00,5360.00,5291.00,5355.00
24018878640527909,20191006,5286.00,5310.00,256,2683026,14181872382.00,5208.00,5328.00,5307.00,5307.00
24018878640527909,20191007,5257.00,5300.00,253,1689343,8880293087.00,5151.00,5315.00,5286.00,5300.00
24018878640527909,20191008,5142.00,4995.00,188,830287,4269076643.00,4995.00,5330.00,5257.00,5330.00
24018878640527909,20191009,4921.00,5000.00,363,3977335,19571163237.00,4885.00,5197.00,5142.00,4950.00
24018878640527909,20191012,5084.00,5167.00,327,2815026,14312767484.00,4968.00,5167.00,4921.00,4968.00
24018878640527909,20191013,5210.00,5199.00,220,1381051,7195604977.00,5108.00,5299.00,5084.00,5200.00
24018878640527909,20191014,5023.00,5000.00,221,1194264,5999265176.00,4950.00,5250.00,5210.00,5250.00
24018878640527909,20191015,4830.00,4772.00,236,1930455,9323362332.00,4772.00,5063.00,5023.00,5019.00
24018878640527909,20191016,4830.00,4895.00,201,1619726,7822809961.00,4700.00,4900.00,4830.00,4849.00
24018878640527909,20191020,4690.00,4644.00,407,2010985,9431795272.00,4589.00,5000.00,4830.00,4713.00
24018878640527909,20191021,4623.00,4777.00,251,2185915,10105860505.00,4500.00,4777.00,4690.00,4680.00
24018878640527909,20191022,4753.00,4782.00,131,505017,2400375453.00,4681.00,4842.00,4623.00,4718.00
24018878640527909,20191023,4748.00,4770.00,127,1433405,6805955979.00,4625.00,4849.00,4753.00,4840.00
24018878640527909,20191026,4799.00,4800.00,131,697859,3348753371.00,4711.00,4880.00,4748.00,4747.00
24018878640527909,20191028,4853.00,4884.00,76,257619,1250267991.00,4800.00,4900.00,4799.00,4810.00
24018878640527909,20191030,4892.00,4880.00,130,346380,1694468624.00,4870.00,4910.00,4853.00,4897.00
24018878640527909,20191102,4818.00,4777.00,261,5317417,25620499085.00,4760.00,4991.00,4892.00,4900.00
24018878640527909,20191103,4786.00,4835.00,171,746386,3572222823.00,4709.00,4865.00,4818.00,4865.00
24018878640527909,20191104,4740.00,4759.00,134,503836,2388139619.00,4640.00,4850.00,4786.00,4850.00
24018878640527909,20191105,4746.00,4678.00,132,517840,2457885452.00,4651.00,4818.00,4740.00,4760.00
24018878640527909,20191109,4747.00,4767.00,236,813172,3860355695.00,4641.00,4790.00,4746.00,4790.00
24018878640527909,20191110,4723.00,4750.00,237,1003307,4738445654.00,4650.00,4790.00,4747.00,4790.00
24018878640527909,20191111,4730.00,4750.00,135,1057626,5002640259.00,4680.00,4790.00,4723.00,4700.00
24018878640527909,20191112,4732.00,4779.00,373,2230192,10554047922.00,4681.00,4779.00,4730.00,4750.00
24018878640527909,20191113,4778.00,4784.00,182,816057,3898883643.00,4710.00,4820.00,4732.00,4788.00
24018878640527909,20191116,4792.00,4800.00,138,831865,3985958541.00,4750.00,4821.00,4778.00,4815.00
24018878640527909,20191117,4758.00,4800.00,185,922423,4389209168.00,4640.00,4818.00,4792.00,4818.00
24018878640527909,20191118,4765.00,4800.00,155,942697,4492141633.00,4690.00,4830.00,4758.00,4830.00
24018878640527909,20191119,4829.00,4880.00,147,809564,3909561550.00,4710.00,4897.00,4765.00,4790.00
24018878640527909,20191120,4840.00,4887.00,187,839796,4064736279.00,4757.00,4900.00,4829.00,4835.00
24018878640527909,20191123,4858.00,4880.00,189,734973,3570619102.00,4800.00,4900.00,4840.00,4890.00
24018878640527909,20191124,4874.00,4900.00,246,1190610,5803346471.00,4815.00,4918.00,4858.00,4860.00
24018878640527909,20191125,4892.00,4900.00,224,1209502,5916409558.00,4831.00,4930.00,4874.00,4918.00
24018878640527909,20191126,4898.00,4929.00,237,2105084,10310598133.00,4840.00,4930.00,4892.00,4892.00
24018878640527909,20191127,4932.00,4960.00,773,4670195,23031927441.00,4895.00,4999.00,4898.00,4930.00
24018878640527909,20191130,4932.00,4960.00,0,0,0.00,0.00,0.00,4932.00,0.00
24018878640527909,20191201,4932.00,4960.00,0,0,0.00,0.00,0.00,4932.00,0.00
24018878640527909,20191202,4932.00,4960.00,0,0,0.00,0.00,0.00,4932.00,0.00
24018878640527909,20191203,4932.00,4960.00,0,0,0.00,0.00,0.00,4932.00,0.00
24018878640527909,20191204,4212.00,4235.00,0,0,0.00,4800.00,4800.00,4212.00,4800.00
24018878640527909,20191207,4422.00,4422.00,318,9963714,44059543308.00,4422.00,4422.00,4212.00,4422.00
24018878640527909,20191208,4624.00,4643.00,1310,9312148,43061125294.00,4500.00,4643.00,4422.00,4600.00
24018878640527909,20191209,4675.00,4679.00,815,4104655,19188404237.00,4599.00,4790.00,4624.00,4790.00
24018878640527909,20191210,4654.00,4637.00,692,3669813,17079218916.00,4525.00,4749.00,4675.00,4749.00
24018878640527909,20191211,4568.00,4700.00,629,2251530,10286085503.00,4469.00,4700.00,4654.00,4669.00
24018878640527909,20191214,4690.00,4676.00,743,3895962,18270789132.00,4567.00,4755.00,4568.00,4746.00
24018878640527909,20191215,4692.00,4700.00,888,5112753,23988875987.00,4650.00,4730.00,4690.00,4700.00
24018878640527909,20191216,4673.00,4700.00,600,3105392,14512556125.00,4600.00,4740.00,4692.00,4738.00
24018878640527909,20191217,4658.00,4680.00,891,8318027,38748362220.00,4595.00,4705.00,4673.00,4601.00
24018878640527909,20191218,4666.00,4700.00,682,4689818,21880488127.00,4640.00,4733.00,4658.00,4660.00
24018878640527909,20191221,4796.00,4818.00,915,5133308,24620093104.00,4601.00,4899.00,4666.00,4729.00
24018878640527909,20191222,4920.00,5035.00,804,5957412,29310733540.00,4770.00,5035.00,4796.00,4908.00
24018878640527909,20191223,4929.00,4978.00,1058,5602317,27611310178.00,4703.00,5130.00,4920.00,5100.00
24018878640527909,20191224,5002.00,5030.00,970,5045106,25234414570.00,4852.00,5100.00,4929.00,4901.00
24018878640527909,20191225,5044.00,5029.00,645,3593264,18124117521.00,4990.00,5145.00,5002.00,5020.00
24018878640527909,20191228,5067.00,5095.00,1105,6833033,34621690986.00,5000.00,5147.00,5044.00,5088.00
24018878640527909,20191229,5066.00,5065.00,841,6822945,34563416349.00,5000.00,5139.00,5067.00,5090.00
24018878640527909,20191230,5087.00,5150.00,1432,15235022,77505370904.00,5000.00,5155.00,5066.00,5077.00
24018878640527909,20191231,5073.00,5001.00,902,7491507,38000675684.00,4901.00,5195.00,5087.00,5170.00
24018878640527909,20200101,5123.00,5099.00,672,5723459,29319547591.00,5050.00,5172.00,5073.00,5150.00
24018878640527909,20200104,4895.00,5000.00,632,11999022,58740028536.00,4867.00,5029.00,5123.00,4867.00
24018878640527909,20200105,4940.00,4959.00,666,6384106,31535945282.00,4860.00,4999.00,4895.00,4900.00
24018878640527909,20200107,4803.00,4797.00,414,3682814,17686740316.00,4693.00,5000.00,4940.00,5000.00
24018878640527909,20200108,4709.00,4797.00,442,6772414,31892182137.00,4707.00,4797.00,4803.00,4707.00
24018878640527909,20200111,4803.00,4803.00,787,12088426,58060310426.00,4800.00,4803.00,4709.00,4803.00
24018878640527909,20200112,4960.00,4949.00,590,3424941,16986133879.00,4900.00,5030.00,4803.00,4948.00
24018878640527909,20200113,5009.00,5089.00,803,7231805,36222839529.00,4880.00,5101.00,4960.00,4980.00
24018878640527909,20200114,5015.00,5059.00,867,8429410,42275350723.00,4911.00,5098.00,5009.00,5098.00
24018878640527909,20200115,5068.00,5200.00,616,6577527,33332652175.00,5000.00,5200.00,5015.00,5025.00
24018878640527909,20200118,5233.00,5240.00,913,9992185,52291013987.00,5100.00,5298.00,5068.00,5120.00
24018878640527909,20200119,5243.00,5278.00,748,6121565,32095122459.00,5140.00,5289.00,5233.00,5240.00
24018878640527909,20200120,5246.00,5270.00,563,6527030,34239486225.00,5190.00,5270.00,5243.00,5252.00
24018878640527909,20200121,5248.00,5300.00,550,4688053,24600888908.00,5210.00,5300.00,5246.00,5246.00
24018878640527909,20200122,5245.00,5250.00,405,3636514,19073357179.00,5182.00,5298.00,5248.00,5298.00
24018878640527909,20200125,5245.00,5255.00,496,3174955,16653278765.00,5203.00,5268.00,5245.00,5250.00
24018878640527909,20200126,5188.00,5245.00,501,3636377,18867180668.00,4984.00,5265.00,5245.00,5265.00
24018878640527909,20200127,5168.00,5191.00,371,3422249,17685608170.00,5013.00,5200.00,5188.00,5190.00
24018878640527909,20200128,5212.00,5200.00,317,1280639,6674190771.00,5160.00,5270.00,5168.00,5170.00
24018878640527909,20200201,5209.00,5200.00,473,3548129,18480823688.00,5100.00,5239.00,5212.00,5211.00
24018878640527909,20200202,5205.00,5220.00,436,2663897,13866439895.00,5152.00,5274.00,5209.00,5274.00
24018878640527909,20200203,5428.00,5465.00,2901,85455721,463895294361.00,5162.00,5465.00,5205.00,5225.00
24018878640527909,20200204,5698.00,5699.00,4352,101081232,576007828780.00,5666.00,5699.00,5428.00,5699.00
24018878640527909,20200205,5965.00,5982.00,1357,35987057,214653400437.00,5799.00,5982.00,5698.00,5850.00
24018878640527909,20200208,6197.00,6090.00,3576,45273656,280577188448.00,5965.00,6263.00,5965.00,6263.00
24018878640527909,20200209,6129.00,6052.00,2096,20807920,127530738108.00,5990.00,6234.00,6197.00,6196.00
24018878640527909,20200210,5845.00,5823.00,1047,12554529,73380530832.00,5823.00,6100.00,6129.00,6100.00
24018878640527909,20200212,5968.00,6000.00,1456,17625933,105184806232.00,5690.00,6100.00,5845.00,5690.00
24018878640527909,20200215,5878.00,5850.00,1337,9719247,57129095187.00,5680.00,6120.00,5968.00,6041.00
24018878640527909,20200216,5923.00,6120.00,2228,22057083,130634458546.00,5695.00,6170.00,5878.00,5850.00
24018878640527909,20200217,6042.00,5937.00,1221,9120460,55109923291.00,5885.00,6200.00,5923.00,6200.00
24018878640527909,20200218,5853.00,5792.00,950,6503703,38068639245.00,5740.00,6070.00,6042.00,6070.00
24018878640527909,20200219,5783.00,5770.00,1299,8624291,49872895224.00,5600.00,5900.00,5853.00,5895.00
24018878640527909,20200222,5585.00,5783.00,1385,9789295,54675125352.00,5494.00,5783.00,5783.00,5494.00
24018878640527909,20200223,5856.00,5864.00,784,7334683,42955234042.00,5730.00,5864.00,5585.00,5864.00
24018878640527909,20200224,5838.00,5900.00,1314,8120176,47409219721.00,5691.00,5999.00,5856.00,5999.00
24018878640527909,20200225,6073.00,6129.00,1691,36827782,223652768503.00,5838.00,6129.00,5838.00,5900.00
24018878640527909,20200226,6111.00,6099.00,1108,7350964,44918249819.00,6023.00,6328.00,6073.00,6328.00
24018878640527909,20200229,5829.00,5806.00,1254,14191797,82718094594.00,5806.00,6067.00,6111.00,5806.00
24018878640527909,20200301,5912.00,5861.00,1247,8032833,47492403486.00,5702.00,6117.00,5829.00,5806.00
24018878640527909,20200302,5929.00,5937.00,1511,12315768,73022316960.00,5801.00,6049.00,5912.00,6000.00
24018878640527909,20200303,5950.00,5978.00,1640,12781004,76049522977.00,5902.00,6065.00,5929.00,6000.00
24018878640527909,20200304,6232.00,6247.00,1803,47943906,298808695515.00,5978.00,6247.00,5950.00,6000.00
24018878640527909,20200307,6481.00,6480.00,1823,13302736,86211063381.00,6247.00,6543.00,6232.00,6542.00
24018878640527909,20200309,6332.00,6157.00,573,5664179,34981890344.00,6157.00,6416.00,6481.00,6416.00
24018878640527909,20200310,6137.00,6195.00,1441,13359978,81987041823.00,6016.00,6320.00,6332.00,6016.00
24018878640527909,20200311,6316.00,6359.00,1017,8389878,53568241129.00,6270.00,6442.00,6137.00,6400.00
24018878640527909,20200314,6119.00,6059.00,769,7694632,46317069861.00,6001.00,6295.00,6316.00,6010.00
24018878640527909,20200315,6089.00,6150.00,439,3112365,18697735656.00,5871.00,6200.00,6119.00,6050.00
24018878640527909,20200316,6134.00,6249.00,669,4486404,27835501799.00,6100.00,6392.00,6089.00,6392.00
24018878640527909,20200317,6103.00,6220.00,1349,13089272,79886704660.00,5828.00,6333.00,6134.00,6333.00
24018878640527909,20200318,6153.00,6384.00,739,4838947,30111664336.00,6006.00,6399.00,6103.00,6280.00
24018878640527909,20200324,6123.00,6071.00,722,4962183,30179879380.00,5951.00,6347.00,6153.00,6100.00
24018878640527909,20200325,6173.00,6289.00,749,3970959,24895014005.00,6080.00,6313.00,6123.00,6190.00
24018878640527909,20200328,6203.00,6246.00,1072,6613544,41175887670.00,6190.00,6350.00,6173.00,6350.00
24018878640527909,20200329,6220.00,6250.00,1699,14070026,87520496817.00,6091.00,6350.00,6203.00,6350.00
24018878640527909,20200330,6161.00,6240.00,1346,9535055,58628527286.00,6000.00,6290.00,6220.00,6290.00
24018878640527909,20200404,6372.00,6469.00,1577,11245436,71732499295.00,6161.00,6469.00,6161.00,6190.00
24018878640527909,20200405,6657.00,6690.00,1386,12303193,81903918022.00,6471.00,6690.00,6372.00,6690.00
24018878640527909,20200406,6688.00,6780.00,1058,5510832,37045895241.00,6580.00,6950.00,6657.00,6950.00
24018878640527909,20200407,6869.00,7022.00,1056,8623998,59777360976.00,6600.00,7022.00,6688.00,6947.00
24018878640527909,20200408,7080.00,7212.00,798,7188598,51823700137.00,7100.00,7212.00,6869.00,7212.00
24018878640527909,20200411,7334.00,7434.00,980,8482833,63009161617.00,7340.00,7434.00,7080.00,7434.00
24018878640527909,20200412,7647.00,7700.00,708,9917847,76366869224.00,7689.00,7700.00,7334.00,7700.00
24018878640527909,20200413,7930.00,7985.00,1257,11278663,89529820428.00,7750.00,8029.00,7647.00,8029.00
24018878640527909,20200414,7903.00,8050.00,1276,5231367,41172436909.00,7620.00,8050.00,7930.00,8000.00
24018878640527909,20200415,7992.00,7980.00,1119,8376477,67236966929.00,7814.00,8289.00,7903.00,8280.00
24018878640527909,20200418,8212.00,8391.00,768,7514952,62611732201.00,8001.00,8391.00,7992.00,8096.00
24018878640527909,20200419,8565.00,8500.00,1734,11875448,101711923733.00,8311.00,8622.00,8212.00,8622.00
24018878640527909,20200420,8901.00,8993.00,1173,11560961,102919170690.00,8137.00,8993.00,8565.00,8890.00
24018878640527909,20200421,9346.00,9346.00,559,14304716,133691875736.00,9346.00,9346.00,8901.00,9346.00
24018878640527909,20200422,9346.00,9346.00,0,0,0.00,0.00,0.00,9346.00,0.00
24018878640527909,20200425,9346.00,9346.00,0,0,0.00,0.00,0.00,9346.00,0.00
24018878640527909,20200426,10298.00,10303.00,610,14895153,153394410176.00,9813.00,10303.00,9346.00,9813.00
24018878640527909,20200427,10787.00,10812.00,243,11029687,119252975844.00,10812.00,10812.00,10298.00,10812.00
24018878640527909,20200428,11326.00,11326.00,1378,40760113,461649039838.00,11326.00,11326.00,10787.00,11326.00
24018878640527909,20200429,11892.00,11892.00,729,11702870,139170530040.00,11892.00,11892.00,11326.00,11892.00
24018878640527909,20200502,12486.00,12486.00,223,10836773,135307947678.00,12486.00,12486.00,11892.00,12486.00
24018878640527909,20200503,13110.00,13110.00,386,12607844,165288834840.00,13110.00,13110.00,12486.00,13110.00
24018878640527909,20200504,13677.00,13765.00,4122,44001024,601802941784.00,12844.00,13765.00,13110.00,13765.00
24018878640527909,20200505,13858.00,13800.00,3877,29011347,402051957724.00,12994.00,14360.00,13677.00,14360.00
24018878640527909,20200506,14097.00,14550.00,3381,20232311,285209744409.00,13166.00,14550.00,13858.00,14199.00
24018878640527909,20200509,14773.00,14801.00,1036,8392867,124071663687.00,14200.00,14801.00,14097.00,14699.00
24018878640527909,20200510,15509.00,15488.00,902,10748329,166695962420.00,14821.00,15511.00,14773.00,15511.00
24018878640527909,20200511,15509.00,15488.00,0,0,0.00,0.00,0.00,15509.00,0.00
24018878640527909,20200512,14249.00,14233.00,2492,35689139,508535504263.00,13998.00,15000.00,15509.00,14734.00
24018878640527909,20200513,14594.00,14010.00,3263,20979611,306168592778.00,13540.00,14961.00,14249.00,13540.00
24018878640527909,20200516,13919.00,13865.00,1228,12341152,171775006199.00,13865.00,14550.00,14594.00,13886.00
24018878640527909,20200517,13429.00,13920.00,2742,27222376,365571158993.00,13224.00,13998.00,13919.00,13224.00
24018878640527909,20200518,14020.00,14000.00,1567,9931962,139250000995.00,13430.00,14100.00,13429.00,13920.00
24018878640527909,20200519,13789.00,13862.00,1605,9670123,133341179463.00,13433.00,14700.00,14020.00,14700.00
24018878640527909,20200520,13979.00,14202.00,2314,15410403,215428618741.00,13420.00,14425.00,13789.00,14000.00
24018878640527909,20200523,13787.00,14100.00,2139,10631495,146579204558.00,13300.00,14100.00,13979.00,14000.00
24018878640527909,20200526,13116.00,13499.00,1352,14393981,188787064864.00,13098.00,13500.00,13787.00,13111.00
24018878640527909,20200527,13233.00,13454.00,1342,5352320,71208350617.00,12555.00,13599.00,13116.00,12555.00
24018878640527909,20200530,13745.00,13894.00,1531,7056399,98023206641.00,13800.00,13894.00,13233.00,13894.00
24018878640527909,20200531,13745.00,13894.00,0,0,0.00,0.00,0.00,13745.00,0.00
24018878640527909,20200601,13745.00,13894.00,0,0,0.00,0.00,0.00,13745.00,0.00
24018878640527909,20200602,13472.00,13621.00,0,0,0.00,0.00,0.00,13472.00,0.00
24018878640527909,20200606,13472.00,13621.00,0,0,0.00,0.00,0.00,13472.00,0.00
24018878640527909,20200607,13472.00,13621.00,0,0,0.00,0.00,0.00,13472.00,0.00
24018878640527909,20200608,13472.00,13621.00,0,0,0.00,0.00,0.00,13472.00,0.00
24018878640527909,20200609,13472.00,13621.00,0,0,0.00,0.00,0.00,13472.00,0.00
24018878640527909,20200610,11762.00,12000.00,504,7147252,85767024000.00,12000.00,12000.00,10795.00,12000.00
24018878640527909,20200613,12350.00,12350.00,2392,92313326,1140069576100.00,12350.00,12350.00,11762.00,12350.00
24018878640527909,20200614,12967.00,12967.00,2876,58433184,757703096928.00,12967.00,12967.00,12350.00,12967.00
24018878640527909,20200615,13615.00,13615.00,502,10247647,139521713905.00,13615.00,13615.00,12967.00,13615.00
24018878640527909,20200616,14285.00,14295.00,671,10046953,143621193135.00,14295.00,14295.00,13615.00,14295.00
24018878640527909,20200620,14999.00,14999.00,1140,11688048,175309031952.00,14999.00,14999.00,14285.00,14999.00
24018878640527909,20200621,15676.00,15748.00,2577,27176699,426030408153.00,15040.00,15748.00,14999.00,15748.00
24018878640527909,20200622,15919.00,16459.00,4800,30510037,485680307849.00,14893.00,16459.00,15676.00,16000.00
24018878640527909,20200623,16605.00,16090.00,2055,20336024,337679897022.00,15124.00,16714.00,15919.00,16714.00
24018878640527909,20200624,17166.00,17400.00,2824,21630553,371320506996.00,15800.00,17435.00,16605.00,15800.00
24018878640527909,20200627,17662.00,17899.00,1307,4911648,87777215816.00,17400.00,17970.00,17166.00,17899.00
24018878640527909,20200628,17662.00,17899.00,0,0,0.00,0.00,0.00,17662.00,0.00
24018878640527909,20200629,16968.00,16779.00,2080,14821982,251493304238.00,16779.00,18200.00,17662.00,16779.00
24018878640527909,20200630,17738.00,17816.00,3811,27413994,486256656424.00,16710.00,17816.00,16968.00,16710.00
24018878640527909,20200701,18227.00,18500.00,3722,17939010,326983098823.00,17800.00,18599.00,17738.00,18400.00
24018878640527909,20200704,17468.00,17490.00,4961,36293457,633966434943.00,17316.00,19080.00,18227.00,19080.00
24018878640527909,20200705,17540.00,18030.00,3667,16632123,291720034678.00,16600.00,18100.00,17468.00,16650.00
24018878640527909,20200706,18346.00,18417.00,3897,25623829,470097565551.00,17990.00,18417.00,17540.00,18290.00
24018878640527909,20200707,18262.00,18200.00,4200,17023398,310874887904.00,17551.00,19000.00,18346.00,19000.00
24018878640527909,20200708,17660.00,17349.00,3293,18900281,333771352085.00,17349.00,18100.00,18262.00,17400.00
24018878640527909,20200711,16803.00,16777.00,2542,16573030,278473905696.00,16777.00,17300.00,17660.00,16777.00
24018878640527909,20200712,16649.00,16900.00,5018,22529847,375109231833.00,15963.00,17500.00,16803.00,16500.00
24018878640527909,20200713,15930.00,16300.00,3220,27838645,443482370854.00,15817.00,16880.00,16649.00,16000.00
24018878640527909,20200714,15926.00,15700.00,3973,36152979,575771076210.00,15144.00,16330.00,15930.00,15800.00
24018878640527909,20200715,16161.00,16360.00,3336,17244749,278685718179.00,15510.00,16550.00,15926.00,16170.00
24018878640527909,20200718,16525.00,16969.00,3621,15854620,261996674801.00,16000.00,16969.00,16161.00,16721.00
24018878640527909,20200719,17351.00,17351.00,1696,13887474,240961476954.00,17340.00,17351.00,16525.00,17351.00
24018878640527909,20200720,17826.00,16900.00,3365,21598486,385013481726.00,16700.00,18218.00,17351.00,18210.00
24018878640527909,20200721,17994.00,17830.00,4377,32516092,585099689092.00,17000.00,18650.00,17826.00,18050.00
24018878640527909,20200722,17970.00,18000.00,2830,16194537,291019249242.00,17450.00,18420.00,17994.00,18000.00
24018878640527909,20200725,18009.00,18000.00,3073,13521825,243513316387.00,17700.00,18500.00,17970.00,18499.00
24018878640527909,20200726,18056.00,18100.00,2534,13612995,245793977902.00,17790.00,18439.00,18009.00,18439.00
24018878640527909,20200727,18596.00,18958.00,2885,17116382,318302524585.00,17156.00,18958.00,18056.00,18056.00
24018878640527909,20200728,19469.00,19260.00,2015,21226371,413264507460.00,18596.00,19525.00,18596.00,19525.00
24018878640527909,20200729,19746.00,20442.00,2708,13928360,275029830721.00,18650.00,20442.00,19469.00,19350.00
24018878640527909,20200801,20533.00,20733.00,812,4847235,100497723255.00,20733.00,20733.00,19746.00,20733.00
24018878640527909,20200802,21559.00,21559.00,1453,10803671,232915198151.00,21500.00,21559.00,20533.00,21559.00
24018878640527909,20200803,22020.00,22636.00,2240,9882507,217609916496.00,20482.00,22636.00,21559.00,22636.00
24018878640527909,20200804,22455.00,22180.00,3798,14217638,319263307340.00,21540.00,23121.00,22020.00,23121.00
24018878640527909,20200805,23100.00,23577.00,2834,11751361,271457515118.00,22460.00,23577.00,22455.00,22460.00
24018878640527909,20200809,23331.00,23540.00,2829,9657158,225312797557.00,21945.00,24250.00,23100.00,24250.00
24018878640527909,20200810,23349.00,23399.00,2536,13192805,308032907946.00,22200.00,23900.00,23331.00,23490.00
24018878640527909,20200811,23160.00,23400.00,2775,11676844,270433327137.00,22182.00,23500.00,23349.00,22630.00
24018878640527909,20200812,23422.00,22002.00,2153,9395552,220061170840.00,22002.00,24318.00,23160.00,23200.00
24018878640527909,20200815,23091.00,22251.00,788,3524909,80863639029.00,22251.00,23390.00,23422.00,23390.00
24018878640527909,20200816,22256.00,21937.00,580,3705205,81281082085.00,21937.00,21937.00,23091.00,21937.00
24018878640527909,20200817,22140.00,22800.00,2001,8862278,196208368876.00,21144.00,23150.00,22256.00,21145.00
24018878640527909,20200818,22362.00,22700.00,1934,7806131,174562696405.00,21500.00,23239.00,22140.00,23239.00
24018878640527909,20200819,22233.00,21244.00,1119,5504054,122372657645.00,21244.00,22720.00,22362.00,22720.00
24018878640527909,20200822,22035.00,21122.00,604,1644694,35496221444.00,21122.00,22500.00,22233.00,22000.00
24018878640527909,20200823,22012.00,20934.00,92,114472,2396356848.00,20934.00,20934.00,22035.00,20934.00
24018878640527909,20200824,20912.00,20912.00,501,10625225,222195341431.00,20912.00,20929.00,22012.00,20912.00
24018878640527909,20200825,21277.00,21957.00,2469,25685065,546508276866.00,20000.00,21957.00,20912.00,20000.00
24018878640527909,20200826,22326.00,22340.00,862,7697884,171860943155.00,21310.00,22340.00,21277.00,22140.00
24018878640527909,20200831,22926.00,22950.00,2600,20383560,467317635974.00,22000.00,23442.00,22326.00,23442.00
24018878640527909,20200901,23027.00,23000.00,3595,22242358,512164544932.00,22000.00,23790.00,22926.00,23790.00
24018878640527909,20200902,22543.00,22050.00,2126,11296997,254667141856.00,21876.00,23028.00,23027.00,23000.00
24018878640527909,20200905,22670.00,22900.00,1675,8742311,198186982453.00,22300.00,23299.00,22543.00,22550.00
24018878640527909,20200906,22706.00,22997.00,1941,9509567,215924988727.00,21601.00,23570.00,22670.00,23400.00
24018878640527909,20200907,22058.00,21571.00,932,6765403,149232475242.00,21571.00,22770.00,22706.00,22710.00
24018878640527909,20200908,22045.00,20956.00,48,64337,1348246172.00,20956.00,20956.00,22058.00,20956.00
24018878640527909,20200909,21028.00,21550.00,1299,23335176,490700054165.00,20943.00,22090.00,22045.00,20943.00
24018878640527909,20200912,21293.00,21900.00,1841,14901968,317301635108.00,20560.00,21900.00,21028.00,21566.00
24018878640527909,20200913,21108.00,21000.00,1956,13005269,274513335347.00,20235.00,22000.00,21293.00,22000.00
24018878640527909,20200914,21378.00,21800.00,1656,8506911,181864078174.00,20520.00,22000.00,21108.00,21110.00
24018878640527909,20200915,21981.00,21900.00,1541,5624155,123676441549.00,21500.00,22299.00,21378.00,21900.00
24018878640527909,20200916,22202.00,22400.00,2282,15417076,342292225273.00,21790.00,22999.00,21981.00,22440.00
24018878640527909,20200919,22211.00,22390.00,1809,16814821,373471901364.00,21521.00,22410.00,22202.00,22410.00
24018878640527909,20200920,21259.00,21101.00,1118,7275358,154669354552.00,21101.00,22270.00,22211.00,22250.00
24018878640527909,20200921,21079.00,20197.00,231,923666,18660962002.00,20197.00,21034.00,21259.00,20197.00
24018878640527909,20200922,20323.00,21090.00,1217,10787524,219234028505.00,20026.00,21200.00,21079.00,20026.00
24018878640527909,20200923,20500.00,20600.00,905,4306750,88481257758.00,20330.00,21300.00,20323.00,21300.00
24018878640527909,20200926,20500.00,20600.00,0,0,0.00,0.00,0.00,20500.00,0.00
24018878640527909,20200927,20500.00,20600.00,0,0,0.00,0.00,0.00,20500.00,0.00
24018878640527909,20200928,20483.00,19475.00,52,95646,1862705850.00,19475.00,19475.00,20500.00,19475.00
24018878640527909,20200929,19808.00,19459.00,480,3861270,75137941356.00,19459.00,19480.00,20483.00,19459.00
24018878640527909,20200930,19845.00,20490.00,1296,13507598,268059098687.00,18818.00,20498.00,19808.00,19800.00
24018878640527909,20201003,20527.00,20730.00,792,5726075,117756966987.00,19102.00,20837.00,19845.00,20250.00
24018878640527909,20201004,20797.00,20580.00,878,4414996,92258846331.00,20480.00,21553.00,20527.00,21553.00
24018878640527909,20201005,20891.00,21051.00,735,5738574,119911425952.00,20200.00,21300.00,20797.00,20799.00
24018878640527909,20201006,20992.00,21450.00,119,910940,19638243415.00,20960.00,21800.00,20891.00,21200.00
24018878640527909,20201007,21387.00,21850.00,1023,7471932,159802862036.00,20917.00,21850.00,20992.00,21205.00
24018878640527909,20201010,21529.00,21880.00,850,3701319,79958680358.00,21120.00,22145.00,21387.00,21390.00
24018878640527909,20201011,22359.00,22490.00,1162,6475117,144776680216.00,21610.00,22599.00,21529.00,21610.00
24018878640527909,20201012,22930.00,23349.00,1216,5398329,123902989097.00,22359.00,23350.00,22359.00,23000.00
24018878640527909,20201013,23505.00,23770.00,1325,7563113,177770470786.00,22900.00,23999.00,22930.00,23999.00
24018878640527909,20201014,23527.00,23698.00,1225,7592107,178621581324.00,22850.00,24400.00,23505.00,24000.00
24018878640527909,20201018,23632.00,23680.00,1082,4831424,114206845536.00,23310.00,23980.00,23527.00,23980.00
24018878640527909,20201019,22516.00,22451.00,589,8085415,182047663256.00,22451.00,23700.00,23632.00,23650.00
24018878640527909,20201020,22446.00,21391.00,161,315372,6746122452.00,21391.00,21391.00,22516.00,21391.00
24018878640527909,20201021,22223.00,22446.00,828,4786342,106295750969.00,21500.00,23300.00,22446.00,21500.00
24018878640527909,20201024,22512.00,22301.00,876,6595062,148470568945.00,22001.00,23000.00,22223.00,23000.00
24018878640527909,20201026,22535.00,22700.00,1140,9959219,224429800661.00,21510.00,22970.00,22512.00,22550.00
24018878640527909,20201027,22504.00,22696.00,959,11111931,250064845857.00,21980.00,23000.00,22535.00,22650.00
24018878640527909,20201028,22561.00,22680.00,833,7363157,166122248998.00,22020.00,22790.00,22504.00,22510.00
24018878640527909,20201031,22702.00,22800.00,1027,4893344,111147416378.00,22135.00,22989.00,22561.00,22590.00
24018878640527909,20201101,22591.00,22800.00,686,3522434,79378256904.00,21710.00,23000.00,22702.00,23000.00
24018878640527909,20201102,22623.00,22670.00,747,15297932,346079906317.00,22500.00,22996.00,22591.00,22800.00
24018878640527909,20201104,23089.00,23600.00,1110,5153680,119069391764.00,22108.00,23660.00,22623.00,22631.00
24018878640527909,20201107,23098.00,23089.00,1235,9964172,230156581696.00,22720.00,23580.00,23089.00,23110.00
24018878640527909,20201108,22448.00,22390.00,1257,12110336,271848175553.00,21944.00,23100.00,23098.00,23100.00
24018878640527909,20201109,22454.00,22467.00,838,7968245,178915430414.00,22026.00,22996.00,22448.00,22448.00
24018878640527909,20201110,22486.00,22500.00,876,7618461,171305797152.00,22082.00,22700.00,22454.00,22700.00
24018878640527909,20201111,22577.00,22710.00,747,5852540,132135320511.00,22475.00,22739.00,22486.00,22700.00
24018878640527909,20201114,23077.00,23098.00,1309,11313527,261077572102.00,22780.00,23499.00,22577.00,23100.00
24018878640527909,20201115,23186.00,23199.00,1558,10656174,247072605771.00,22799.00,23999.00,23077.00,23580.00
24018878640527909,20201116,23362.00,23240.00,1101,6484512,151490487212.00,23030.00,23999.00,23186.00,23800.00
24018878640527909,20201117,23387.00,23550.00,1278,8637852,202009243202.00,23070.00,23600.00,23362.00,23363.00
24018878640527909,20201118,23434.00,23500.00,1278,7625271,178694257982.00,23153.00,23999.00,23387.00,23500.00
24018878640527909,20201121,23476.00,23589.00,1174,8962128,210392254103.00,23400.00,23599.00,23434.00,23435.00
24018878640527909,20201122,23506.00,23600.00,776,3191084,75069443722.00,23020.00,23650.00,23476.00,23477.00
24018878640527909,20201123,24662.00,24681.00,3374,58139596,1433823416430.00,23520.00,24681.00,23506.00,23597.00
24018878640527909,20201124,25764.00,25894.00,11950,91720829,2363051382352.00,24900.00,25895.00,24662.00,25895.00
24018878640527909,20201125,26285.00,26620.00,5274,27358510,719124457645.00,25790.00,26780.00,25764.00,25900.00
24018878640527909,20201128,26431.00,26800.00,5321,22795855,602525757359.00,26150.00,27100.00,26285.00,26310.00
24018878640527909,20201129,26499.00,26670.00,3881,18705776,495678369059.00,26428.00,27090.00,26431.00,27090.00
24018878640527909,20201130,26604.00,26670.00,3154,12959563,344780787395.00,26500.00,27070.00,26499.00,26650.00
24018878640527909,20201201,26668.00,26730.00,2262,19306690,514873760724.00,25800.00,26780.00,26604.00,26660.00
24018878640527909,20201202,26701.00,26700.00,1768,12772403,341038951512.00,26300.00,26800.00,26668.00,26710.00
24018878640527909,20201205,26707.00,26770.00,1778,11032077,294628427011.00,26702.00,26800.00,26701.00,26713.00
24018878640527909,20201206,26683.00,26820.00,2729,10254236,273618672990.00,25630.00,26840.00,26707.00,26840.00
24018878640527909,20201207,26687.00,26750.00,1749,7153199,190896103963.00,26339.00,26800.00,26683.00,26800.00
24018878640527909,20201208,26569.00,26719.00,1529,4348569,115521638384.00,26275.00,26730.00,26687.00,26690.00
24018878640527909,20201209,26660.00,26720.00,1851,3830615,102184164633.00,26200.00,26798.00,26569.00,26750.00
24018878640527909,20201212,27685.00,27993.00,3228,13376452,370332370749.00,26251.00,27993.00,26660.00,26600.00
24018878640527909,20201213,28079.00,28380.00,2740,5309184,149075220229.00,26850.00,28600.00,27685.00,28000.00
24018878640527909,20201214,28091.00,28099.00,1918,7561974,212422193856.00,27600.00,28500.00,28079.00,28100.00
24018878640527909,20201215,27823.00,27580.00,2210,9606765,267290968917.00,27250.00,28295.00,28091.00,28091.00
24018878640527909,20201216,28601.00,28970.00,2392,7818135,223608060610.00,27266.00,28970.00,27823.00,27266.00
24018878640527909,20201219,29389.00,29450.00,2473,5875466,172671576085.00,28610.00,29998.00,28601.00,28610.00
24018878640527909,20201220,30207.00,30350.00,3316,8970867,270983779769.00,29000.00,30780.00,29389.00,29390.00
24018878640527909,20201221,30941.00,30900.00,3995,12435626,384772116902.00,30209.00,31490.00,30207.00,30220.00
24018878640527909,20201222,31146.00,30970.00,3415,5511475,171660703654.00,30900.00,31800.00,30941.00,31500.00
24018878640527909,20201223,31155.00,31146.00,2342,6041682,188231182201.00,31101.00,31364.00,31146.00,31146.00
24018878640527909,20201226,31164.00,31158.00,2214,6067500,189084581356.00,31110.00,31300.00,31155.00,31155.00
24018878640527909,20201227,31113.00,31194.00,2545,10283087,319940520328.00,30540.00,31300.00,31164.00,31164.00
24018878640527909,20201228,31469.00,31760.00,1795,7821323,246131347503.00,31113.00,31800.00,31113.00,31113.00
24018878640527909,20201229,31403.00,31333.00,1825,7624658,239438977665.00,31312.00,32000.00,31469.00,31469.00
24018878640527909,20201230,31383.00,31375.00,1796,8196955,257244646440.00,31245.00,31700.00,31403.00,31410.00
24018878640527909,20210102,30305.00,29814.00,1418,4804957,145613605550.00,29814.00,31669.00,31383.00,31383.00
24018878640527909,20210103,30693.00,31300.00,2836,10395739,319074657193.00,28790.00,31320.00,30305.00,28790.00
24018878640527909,20210104,31311.00,31500.00,1624,6356558,199030497054.00,30639.00,31600.00,30693.00,30693.00
24018878640527909,20210105,31314.00,31311.00,1447,5453568,170773503548.00,31307.00,31688.00,31311.00,31600.00
24018878640527909,20210106,30878.00,30500.00,1759,7685247,237303668889.00,29800.00,31469.00,31314.00,31314.00
24018878640527909,20210109,30437.00,30100.00,1521,10041131,305623378192.00,29400.00,30930.00,30878.00,30878.00
24018878640527909,20210110,30574.00,30621.00,1422,7972869,243758998597.00,29920.00,30900.00,30437.00,30100.00
24018878640527909,20210111,30841.00,30851.00,1211,13861915,427511358490.00,30574.00,31000.00,30574.00,30574.00
24018878640527909,20210112,30565.00,30105.00,1301,14413004,440531538502.00,30100.00,30858.00,30841.00,30841.00
24018878640527909,20210113,30374.00,30200.00,1792,7606951,231050141364.00,29335.00,30570.00,30565.00,30565.00
24018878640527909,20210116,30188.00,30070.00,2864,25899260,781848455984.00,30000.00,30650.00,30374.00,30374.00
24018878640527909,20210118,30008.00,28679.00,262,487778,14013035652.00,28679.00,30000.00,30188.00,28682.00
24018878640527909,20210119,30349.00,31095.00,1974,31094917,943702318668.00,28508.00,31100.00,30008.00,28508.00
24018878640527909,20210120,31063.00,31080.00,1178,8093785,251417683902.00,30330.00,31500.00,30349.00,30349.00
24018878640527909,20210123,31364.00,31500.00,1362,9088836,285060420975.00,31060.00,31800.00,31063.00,31090.00
24018878640527909,20210124,31381.00,31364.00,1276,11931985,374437794135.00,31340.00,31866.00,31364.00,31364.00
24018878640527909,20210125,31523.00,31875.00,1200,10437181,329016001210.00,31380.00,31950.00,31381.00,31381.00
24018878640527909,20210126,31412.00,31300.00,771,6013170,188886706080.00,31000.00,31800.00,31523.00,31524.00
24018878640527909,20210127,31607.00,31799.00,917,7633491,241272221964.00,31035.00,31820.00,31412.00,31412.00
24018878640527909,20210130,31831.00,32000.00,1000,3013307,96092206740.00,30800.00,32225.00,31607.00,31777.00
24018878640527909,20210131,31950.00,32015.00,1009,2566857,82155798287.00,31105.00,32227.00,31831.00,31832.00
24018878640527909,20210201,31732.00,31678.00,939,1276992,39974049651.00,31000.00,31950.00,31950.00,31220.00
24018878640527909,20210202,31486.00,30730.00,1419,1064340,32839572750.00,30146.00,31700.00,31732.00,31700.00
24018878640527909,20210203,30860.00,29912.00,760,1583637,47486657070.00,29912.00,31000.00,31486.00,30011.00
24018878640527909,20210206,30687.00,29317.00,213,437093,12814255481.00,29317.00,29317.00,30860.00,29317.00
24018878640527909,20210207,30760.00,31370.00,1355,3872732,119126058951.00,29153.00,31700.00,30687.00,29153.00
24018878640527909,20210208,30983.00,31000.00,1085,5497736,170336603839.00,30220.00,31300.00,30760.00,31000.00
24018878640527909,20210209,31205.00,31250.00,886,7916609,247038122752.00,30983.00,31290.00,30983.00,30984.00
24018878640527909,20210213,31560.00,32000.00,1249,5861995,185002716082.00,31205.00,32060.00,31205.00,31205.00
24018878640527909,20210214,31690.00,31700.00,876,8699074,275677014184.00,31590.00,32000.00,31560.00,32000.00
24018878640527909,20210215,31691.00,31690.00,780,10271812,325526170078.00,31680.00,31960.00,31690.00,31700.00
24018878640527909,20210216,31691.00,31691.00,514,6367275,201788432158.00,31410.00,31890.00,31691.00,31890.00
24018878640527909,20210217,31603.00,31692.00,614,3517839,111147232450.00,31058.00,31800.00,31691.00,31600.00
24018878640527909,20210220,31514.00,30971.00,249,609024,18908295983.00,30971.00,31692.00,31603.00,30971.00
24018878640527909,20210221,31505.00,30884.00,61,55791,1723049244.00,30884.00,30884.00,31514.00,30884.00
24018878640527909,20210222,31500.00,30875.00,29,30913,954438875.00,30875.00,30875.00,31505.00,30875.00
24018878640527909,20210223,31480.00,30870.00,55,122673,3786915510.00,30870.00,30870.00,31500.00,30870.00
24018878640527909,20210224,30851.00,30851.00,956,7384253,227812582653.00,30851.00,30860.00,31480.00,30851.00
24018878640527909,20210227,30234.00,30234.00,692,8753685,264658994124.00,30234.00,30239.00,30851.00,30234.00
24018878640527909,20210228,30213.00,29630.00,40,138389,4100466070.00,29630.00,29630.00,30234.00,29630.00
24018878640527909,20210301,30201.00,29609.00,48,79994,2368542346.00,29609.00,29609.00,30213.00,29609.00
24018878640527909,20210302,30338.00,30549.00,1031,5172740,156932164513.00,29597.00,30790.00,30201.00,29597.00
24018878640527909,20210303,30392.00,30400.00,602,3450454,104889283411.00,29900.00,30440.00,30338.00,30400.00
24018878640527909,20210306,30081.00,29785.00,465,2089403,62273233436.00,29785.00,30265.00,30392.00,29786.00
24018878640527909,20210307,30035.00,30249.00,584,3075083,92321380502.00,29480.00,30268.00,30081.00,29490.00
24018878640527909,20210308,30123.00,30401.00,457,1457094,44109705734.00,30037.00,30475.00,30035.00,30037.00
24018878640527909,20210309,30237.00,30349.00,576,2311235,70070544476.00,30125.00,30498.00,30123.00,30125.00
24018878640527909,20210310,30324.00,30239.00,496,8274752,250927059542.00,30235.00,30498.00,30237.00,30238.00
24018878640527909,20210313,30394.00,30475.00,474,2413686,73469398818.00,30324.00,30500.00,30324.00,30326.00
24018878640527909,20210314,30595.00,30700.00,554,4130321,126365926336.00,30394.00,30790.00,30394.00,30500.00
24018878640527909,20210315,30665.00,30749.00,559,3279325,100606685346.00,30590.00,30890.00,30595.00,30595.00
24018878640527909,20210316,30859.00,31130.00,539,2340624,72541832334.00,30655.00,31200.00,30665.00,30990.00
24018878640527909,20210317,31111.00,31380.00,476,2416123,75555776325.00,30860.00,31500.00,30859.00,31500.00
24018878640527909,20210327,31143.00,31289.00,322,759552,23754845342.00,31112.00,31650.00,31111.00,31112.00
24018878640527909,20210328,31237.00,31350.00,433,2142061,67074156201.00,31144.00,31690.00,31143.00,31145.00
24018878640527909,20210330,31524.00,31570.00,597,4407431,138938939856.00,31238.00,31600.00,31237.00,31238.00
24018878640527909,20210331,31619.00,31750.00,742,9288611,293698999074.00,31500.00,31770.00,31524.00,31690.00
24018878640527909,20210403,31623.00,31660.00,537,4304806,136130060473.00,31619.00,31790.00,31619.00,31620.00
24018878640527909,20210404,31640.00,31658.00,785,7768593,245798338141.00,31610.00,31670.00,31623.00,31624.00
24018878640527909,20210405,31656.00,31657.00,547,2206040,69858493090.00,31640.00,31890.00,31640.00,31658.00
24018878640527909,20210406,31905.00,32000.00,751,8359197,266697308272.00,31667.00,32050.00,31656.00,31979.00
24018878640527909,20210407,32187.00,32195.00,1712,6772889,218001548561.00,32065.00,33000.00,31905.00,32300.00
24018878640527909,20210410,32194.00,32209.00,774,5673536,182655700293.00,32187.00,32490.00,32187.00,32188.00
24018878640527909,20210411,32201.00,32200.00,725,5890559,189679684712.00,32194.00,32229.00,32194.00,32195.00
24018878640527909,20210412,32204.00,32214.00,556,4805665,154760462540.00,32200.00,32229.00,32201.00,32203.00
24018878640527909,20210413,32272.00,32450.00,864,2575528,83195155957.00,32205.00,32700.00,32204.00,32205.00
24018878640527909,20210414,32357.00,32400.00,730,6520955,211001138115.00,32226.00,32800.00,32272.00,32297.00
24018878640527909,20210417,32359.00,32357.00,576,4367837,141337866826.00,32042.00,32680.00,32357.00,32350.00
24018878640527909,20210418,32313.00,32301.00,503,5095227,164640818585.00,32200.00,32640.00,32359.00,32360.00
24018878640527909,20210419,32307.00,32338.00,357,1903724,61494001253.00,32295.00,32339.00,32313.00,32300.00
24018878640527909,20210420,32588.00,32634.00,518,3563268,116161198358.00,32307.00,32640.00,32307.00,32307.00
24018878640527909,20210421,32592.00,32592.00,384,1160483,37832602986.00,32588.00,32800.00,32588.00,32628.00
24018878640527909,20210424,32593.00,32594.00,347,1646586,53670581519.00,32591.00,32799.00,32592.00,32592.00
24018878640527909,20210425,32593.00,32593.00,316,1569720,51161953968.00,32593.00,32595.00,32593.00,32593.00
24018878640527909,20210426,32593.00,32680.00,809,12241710,398992403607.00,32400.00,32680.00,32593.00,32593.00
24018878640527909,20210427,32595.00,32597.00,396,1806579,58887540644.00,32593.00,32900.00,32593.00,32900.00
24018878640527909,20210428,32769.00,32930.00,477,4503045,147561561681.00,32595.00,32956.00,32595.00,32898.00
24018878640527909,20210501,32772.00,32770.00,482,3451260,113106884659.00,32760.00,32960.00,32769.00,32769.00
24018878640527909,20210502,32766.00,32769.00,373,4057618,132951531562.00,32763.00,32800.00,32772.00,32772.00
24018878640527909,20210503,32760.00,32760.00,456,5307563,173875934488.00,32757.00,32766.00,32766.00,32766.00
24018878640527909,20210505,33067.00,33100.00,548,4178803,138178585811.00,32761.00,33100.00,32760.00,32761.00
24018878640527909,20210508,33068.00,33079.00,612,8166920,270059923854.00,33066.00,33198.00,33067.00,33071.00
24018878640527909,20210509,32857.00,32550.00,498,1358715,44163809657.00,32076.00,33200.00,33068.00,33100.00
24018878640527909,20210510,32867.00,32900.00,461,4738847,155751893764.00,32856.00,32980.00,32857.00,32858.00
24018878640527909,20210511,33334.00,33900.00,724,10149862,338337131337.00,32075.00,33991.00,32867.00,32075.00
24018878640527909,20210512,33802.00,33880.00,671,3276598,110922200579.00,33830.00,34500.00,33334.00,33835.00
24018878640527909,20210515,34382.00,34900.00,665,2290465,79480155106.00,33909.00,34980.00,33802.00,34400.00
24018878640527909,20210516,35753.00,36101.00,1660,6076363,217248183884.00,34501.00,36101.00,34382.00,35000.00
24018878640527909,20210517,37437.00,37497.00,2562,5944469,222542161971.00,36105.00,37540.00,35753.00,36820.00
24018878640527909,20210518,38098.00,38020.00,2475,4412179,168097328362.00,37460.00,38980.00,37437.00,37497.00
24018878640527909,20210519,39406.00,40000.00,3431,20176083,795055852139.00,38093.00,40002.00,38098.00,38099.00
24018878640527909,20210522,39406.00,40000.00,0,0,0.00,0.00,0.00,39406.00,0.00
24018878640527909,20210523,39406.00,40000.00,0,0,0.00,0.00,0.00,39406.00,0.00
24018878640527909,20210524,39078.00,39672.00,0,0,0.00,0.00,0.00,39078.00,0.00
24018878640527909,20210525,40158.00,40100.00,1351,3078724,123635879836.00,39600.00,41790.00,39078.00,39800.00
24018878640527909,20210526,40207.00,40200.00,1453,5499338,221113511501.00,40159.00,40500.00,40158.00,40500.00
24018878640527909,20210529,40213.00,40216.00,1405,5546178,223028890413.00,40206.00,40400.00,40207.00,40207.00
24018878640527909,20210530,41144.00,41200.00,1566,8430671,346874348179.00,40212.00,42223.00,40213.00,40213.00
24018878640527909,20210531,41150.00,41142.00,1273,6667397,274364590542.00,41140.00,41510.00,41144.00,41142.00
24018878640527909,20210601,41153.00,41151.00,791,5983995,246260336371.00,41148.00,41280.00,41150.00,41150.00
24018878640527909,20210602,41153.00,41153.00,874,5039143,207377956612.00,41100.00,41238.00,41153.00,41238.00
24018878640527909,20210607,41167.00,41195.00,944,7632731,314215587914.00,41151.00,41220.00,41153.00,41153.00
24018878640527909,20210608,41179.00,41182.00,934,11776372,484944235790.00,41167.00,41200.00,41167.00,41167.00
24018878640527909,20210609,41184.00,41180.00,559,5681514,233985674457.00,41179.00,41600.00,41179.00,41185.00
24018878640527909,20210612,41186.00,41187.00,748,7847482,323210208100.00,41183.00,41595.00,41184.00,41185.00
24018878640527909,20210613,41186.00,41187.00,639,10088901,415522662863.00,41186.00,41192.00,41186.00,41186.00
24018878640527909,20210614,41186.00,41186.00,760,11350429,467484001343.00,41185.00,41300.00,41186.00,41186.00
24018878640527909,20210615,41186.00,41187.00,657,6357473,261838990989.00,41186.00,41189.00,41186.00,41187.00
24018878640527909,20210616,41186.00,41187.00,520,5873927,241923657200.00,41186.00,41190.00,41186.00,41186.00
24018878640527909,20210619,41266.00,41808.00,770,7767006,320513994192.00,39127.00,42011.00,41186.00,41000.00
24018878640527909,20210620,41308.00,41383.00,493,4033802,166626419895.00,41300.00,42000.00,41266.00,42000.00
24018878640527909,20210621,41498.00,41540.00,491,6365706,264166166560.00,41000.00,41700.00,41308.00,41501.00
24018878640527909,20210622,42096.00,42590.00,642,2183139,92337360058.00,41500.00,42900.00,41498.00,42000.00
24018878640527909,20210623,42272.00,42300.00,813,2573038,108826151070.00,42100.00,42800.00,42096.00,42102.00
24018878640527909,20210626,42416.00,42441.00,742,2438795,103501344868.00,42280.00,42700.00,42272.00,42280.00
24018878640527909,20210627,42438.00,42430.00,652,2017949,85655877950.00,42420.00,42800.00,42416.00,42420.00
24018878640527909,20210628,42442.00,42446.00,560,4120804,174894263855.00,42440.00,42450.00,42438.00,42440.00
24018878640527909,20210629,42616.00,42454.00,1638,10171833,433482170911.00,42450.00,43510.00,42442.00,42453.00
24018878640527909,20210630,42639.00,42623.00,907,7724937,329380310016.00,42620.00,43170.00,42616.00,43170.00
24018878640527909,20210703,42650.00,42687.00,752,4640297,197909656966.00,42640.00,42900.00,42639.00,42640.00
24018878640527909,20210704,42659.00,42653.00,633,3198487,136445287411.00,42650.00,42890.00,42650.00,42654.00
24018878640527909,20210705,42692.00,42700.00,615,9504806,405783601945.00,42659.00,42710.00,42659.00,42680.00
24018878640527909,20210706,42704.00,42710.00,881,10285721,439240358227.00,42692.00,44400.00,42692.00,44400.00
24018878640527909,20210707,42710.00,42710.00,1004,16854881,719873900594.00,42705.00,43400.00,42704.00,42750.00
