25165947991415904,20011128,2715.00,2715.00,4,1000,2714000.00,2710.00,2715.00,0.00,2710.00
25165947991415904,20011225,2850.00,2850.00,4,500,1425000.00,2850.00,2850.00,2715.00,2850.00
25165947991415904,20020729,15399.00,15399.00,467,782695,11139274224.00,8760.00,15400.00,2850.00,12819.00
25165947991415904,20020730,15015.00,15015.00,61,166635,2587871425.00,15015.00,15783.00,15399.00,15783.00
25165947991415904,20020731,14640.00,14640.00,12,3090,45237600.00,14640.00,14640.00,15015.00,14640.00
25165947991415904,20020803,14274.00,14274.00,24,73601,1050580674.00,14274.00,14274.00,14640.00,14274.00
25165947991415904,20020804,14630.00,14630.00,214,328384,4614494293.00,13918.00,14630.00,14274.00,13918.00
25165947991415904,20020805,14802.00,14802.00,203,658449,9693546860.00,14400.00,14990.00,14630.00,14630.00
25165947991415904,20020806,15172.00,15172.00,250,1027475,15588850700.00,15172.00,15172.00,14802.00,15172.00
25165947991415904,20020807,15551.00,15551.00,514,1262900,19639357900.00,15551.00,15551.00,15172.00,15551.00
25165947991415904,20020810,15939.00,15939.00,305,1000500,15946969500.00,15939.00,15939.00,15551.00,15939.00
25165947991415904,20020811,15939.00,15939.00,429,971612,15723281659.00,15542.00,16337.00,15939.00,16337.00
25165947991415904,20020813,15841.00,15841.00,78,125378,1984840700.00,15600.00,15900.00,15939.00,15900.00
25165947991415904,20020814,15650.00,15650.00,116,147818,2316567122.00,15602.00,15841.00,15841.00,15841.00
25165947991415904,20020817,15500.00,15500.00,122,229844,3554468761.00,15400.00,15600.00,15650.00,15600.00
25165947991415904,20020818,15504.00,15504.00,79,173638,2692479086.00,15499.00,15525.00,15500.00,15500.00
25165947991415904,20020819,15891.00,15891.00,302,1264503,19996363383.00,15519.00,15891.00,15504.00,15519.00
25165947991415904,20020820,16288.00,16288.00,325,1141039,18585242232.00,16287.00,16288.00,15891.00,16288.00
25165947991415904,20020821,16450.00,16450.00,295,1240939,20413446550.00,16450.00,16450.00,16288.00,16450.00
25165947991415904,20020827,17272.00,17272.00,120,302750,5229098000.00,17272.00,17272.00,16450.00,17272.00
25165947991415904,20020828,18135.00,18135.00,184,411150,7456205250.00,18135.00,18135.00,17272.00,18135.00
25165947991415904,20020831,19041.00,19041.00,417,1200000,22849200000.00,19041.00,19041.00,18135.00,19041.00
25165947991415904,20020901,19993.00,19993.00,384,1306437,26119594941.00,19993.00,19993.00,19041.00,19993.00
25165947991415904,20020902,20992.00,20992.00,240,321092,6740363264.00,20992.00,20992.00,19993.00,20992.00
25165947991415904,20020903,22041.00,22041.00,164,261235,5757880635.00,22041.00,22041.00,20992.00,22041.00
25165947991415904,20020904,22902.00,22902.00,495,937444,21383551090.00,21005.00,23143.00,22041.00,21011.00
25165947991415904,20020907,21757.00,21757.00,45,120864,2629810748.00,21757.00,21766.00,22902.00,21766.00
25165947991415904,20020908,20670.00,20670.00,20,54268,1121719560.00,20670.00,20670.00,21757.00,20670.00
25165947991415904,20020909,21000.00,21000.00,395,804921,15843504616.00,19637.00,21703.00,20670.00,19637.00
25165947991415904,20020910,21168.00,21168.00,2408,1336661,18377887174.00,11084.00,21680.00,21000.00,21001.00
25165947991415904,20020911,21175.00,21175.00,152,312846,6640624446.00,21170.00,21300.00,21168.00,21170.00
25165947991415904,20020914,20120.00,20120.00,106,166537,3510272845.00,20120.00,21178.00,21175.00,21176.00
25165947991415904,20020915,20087.00,20087.00,29,26700,536486331.00,20083.00,20100.00,20120.00,20083.00
25165947991415904,20020916,20400.00,20400.00,104,116605,2377957820.00,20000.00,20999.00,20087.00,20125.00
25165947991415904,20020917,21420.00,21420.00,304,1152378,24449186539.00,20888.00,21420.00,20400.00,21000.00
25165947991415904,20020918,22000.00,22000.00,205,1307269,28782720884.00,21421.00,22491.00,21420.00,22480.00
25165947991415904,20020922,22181.00,22181.00,64,45829,1015634695.00,22000.00,22463.00,22000.00,22400.00
25165947991415904,20020923,22250.00,22250.00,133,181632,4042054589.00,22100.00,22400.00,22181.00,22178.00
25165947991415904,20020924,21138.00,21138.00,98,253663,5566016954.00,21138.00,22250.00,22250.00,22250.00
25165947991415904,20020925,20598.00,20598.00,109,112178,2303082280.00,20360.00,20999.00,21138.00,20400.00
25165947991415904,20020928,21100.00,21100.00,136,188690,3963942877.00,20700.00,21300.00,20598.00,20700.00
25165947991415904,20020929,21899.00,21899.00,146,160152,3493257428.00,21100.00,22155.00,21100.00,21100.00
25165947991415904,20020930,22400.00,22400.00,138,143457,3246896270.00,21900.00,22993.00,21899.00,22200.00
25165947991415904,20021001,21730.00,21730.00,76,93727,2085576387.00,21730.00,22410.00,22400.00,22405.00
25165947991415904,20021002,22100.00,22100.00,65,50532,1105620852.00,21500.00,22300.00,21730.00,21502.00
25165947991415904,20021006,22200.00,22200.00,69,81221,1798399762.00,21990.00,22350.00,22100.00,22099.00
25165947991415904,20021007,21301.00,21301.00,96,251363,5533124739.00,21101.00,22200.00,22200.00,22200.00
25165947991415904,20021008,20236.00,20236.00,14,19924,403329822.00,20236.00,20400.00,21301.00,20236.00
25165947991415904,20021009,19227.00,19227.00,189,260670,5024640234.00,19225.00,19600.00,20236.00,19225.00
25165947991415904,20021012,19178.00,19178.00,33,26512,508647043.00,18710.00,19230.00,19227.00,19228.00
25165947991415904,20021013,18905.00,18905.00,52,54531,1038815345.00,18905.00,19200.00,19178.00,19175.00
25165947991415904,20021014,17960.00,17960.00,21,32178,580584412.00,17960.00,18870.00,18905.00,18000.00
25165947991415904,20021015,17062.00,17062.00,11,22500,383895000.00,17062.00,17062.00,17960.00,17062.00
25165947991415904,20021116,28700.00,28700.00,168,296794,8525771325.00,26100.00,29500.00,17062.00,29000.00
25165947991415904,20021117,28700.00,28700.00,543,2057943,58731013232.00,28000.00,30000.00,28700.00,30000.00
25165947991415904,20021118,28000.00,28000.00,250,375308,10488516506.00,27750.00,28600.00,28700.00,28600.00
25165947991415904,20021119,28000.00,28000.00,169,252744,7075689878.00,27890.00,28051.00,28000.00,27900.00
25165947991415904,20021120,28550.00,28550.00,177,311519,8817373110.00,27910.00,28550.00,28000.00,28000.00
25165947991415904,20021123,28560.00,28560.00,259,752024,21470468573.00,28500.00,28756.00,28550.00,28700.00
25165947991415904,20021124,28590.00,28590.00,153,176738,5054651124.00,28560.00,28705.00,28560.00,28700.00
25165947991415904,20021125,28589.00,28589.00,143,165251,4715884126.00,28480.00,28600.00,28590.00,28502.00
25165947991415904,20021126,28600.00,28600.00,61,61949,1768089794.00,28490.00,28600.00,28589.00,28587.00
25165947991415904,20021130,29080.00,29080.00,212,767977,21996270262.00,28600.00,29080.00,28600.00,28700.00
25165947991415904,20021201,28800.00,28800.00,260,832959,23999868693.00,28750.00,29223.00,29080.00,29100.00
25165947991415904,20021202,28850.00,28850.00,161,387101,11170839589.00,28802.00,28960.00,28800.00,28805.00
25165947991415904,20021203,28850.00,28850.00,136,286993,8277874496.00,28801.00,28940.00,28850.00,28856.00
25165947991415904,20021204,28800.00,28800.00,99,106820,3077690229.00,28750.00,28850.00,28850.00,28850.00
25165947991415904,20021207,28850.00,28850.00,116,151027,4351143880.00,28800.00,28851.00,28800.00,28800.00
25165947991415904,20021208,28927.00,28927.00,172,704915,20386987745.00,28850.00,29000.00,28850.00,28850.00
25165947991415904,20021209,29600.00,29600.00,98,81878,2453955090.00,29310.00,30000.00,28927.00,30000.00
25165947991415904,20021210,29400.00,29400.00,164,159966,4721126958.00,29000.00,29937.00,29600.00,29590.00
25165947991415904,20021211,28200.00,28200.00,94,115226,3305409143.00,28099.00,29390.00,29400.00,29390.00
25165947991415904,20021214,28898.00,28898.00,92,93177,2672532559.00,28200.00,29000.00,28200.00,28380.00
25165947991415904,20021215,28804.00,28804.00,56,75936,2198199608.00,28798.00,29200.00,28898.00,29100.00
25165947991415904,20021216,28201.00,28201.00,77,80719,2295492365.00,27900.00,28808.00,28804.00,28806.00
25165947991415904,20021217,28130.00,28130.00,86,102736,2887243393.00,28000.00,28400.00,28201.00,28101.00
25165947991415904,20021218,28100.00,28100.00,73,53288,1499863896.00,28011.00,28250.00,28130.00,28130.00
25165947991415904,20021221,27999.00,27999.00,137,401516,11261279036.00,27997.00,28150.00,28100.00,28150.00
25165947991415904,20021222,26599.00,26599.00,65,135187,3613209635.00,26599.00,27600.00,27999.00,27499.00
25165947991415904,20021223,26698.00,26698.00,184,337952,9004280035.00,26589.00,26850.00,26599.00,26599.00
25165947991415904,20021224,27599.00,27599.00,97,208709,5709918302.00,26649.00,27800.00,26698.00,26740.00
25165947991415904,20021225,27250.00,27250.00,38,22692,621168021.00,27201.00,27710.00,27599.00,27700.00
25165947991415904,20021228,26980.00,26980.00,37,58698,1577732839.00,26219.00,27200.00,27250.00,26220.00
25165947991415904,20021229,26250.00,26250.00,26,20010,525769893.00,26250.00,26575.00,26980.00,26273.00
25165947991415904,20021231,26039.00,26039.00,40,46953,1219974314.00,25250.00,26247.00,26250.00,26239.00
25165947991415904,20030101,26098.00,26098.00,95,90679,2373300347.00,26028.00,26300.00,26039.00,26100.00
25165947991415904,20030104,26100.00,26100.00,78,66459,1734586902.00,26095.00,26150.00,26098.00,26095.00
25165947991415904,20030105,26358.00,26358.00,80,52831,1390749648.00,26100.00,26450.00,26100.00,26100.00
25165947991415904,20030106,26493.00,26493.00,57,61695,1632721526.00,26316.00,26550.00,26358.00,26316.00
25165947991415904,20030107,26400.00,26400.00,49,41860,1106506677.00,26365.00,26501.00,26493.00,26500.00
25165947991415904,20030108,26350.00,26350.00,50,54045,1426595051.00,26350.00,26439.00,26400.00,26399.00
25165947991415904,20030111,25900.00,25900.00,85,63729,1660624444.00,25899.00,26349.00,26350.00,26349.00
25165947991415904,20030112,26200.00,26200.00,99,95268,2512664041.00,26200.00,26500.00,25900.00,26361.00
25165947991415904,20030113,25850.00,25850.00,70,102701,2660745783.00,25850.00,26119.00,26200.00,26119.00
25165947991415904,20030114,26000.00,26000.00,56,49218,1281012592.00,25901.00,26100.00,25850.00,25998.00
25165947991415904,20030115,25903.00,25903.00,41,31491,818427313.00,25900.00,26000.00,26000.00,26000.00
25165947991415904,20030118,25850.00,25850.00,44,39217,1017771409.00,25850.00,26000.00,25903.00,26000.00
25165947991415904,20030119,25750.00,25750.00,87,111248,2874515723.00,25746.00,25901.00,25850.00,25850.00
25165947991415904,20030120,26022.00,26022.00,92,224541,5837845691.00,25601.00,26400.00,25750.00,25790.00
25165947991415904,20030121,26120.00,26120.00,139,306783,8011427734.00,26023.00,26253.00,26022.00,26110.00
25165947991415904,20030122,26375.00,26375.00,161,509202,13400117553.00,26120.00,26543.00,26120.00,26120.00
25165947991415904,20030125,27000.00,27000.00,209,458168,12229171752.00,26600.00,27000.00,26375.00,26754.00
25165947991415904,20030126,27067.00,27067.00,142,236025,6381887519.00,27005.00,27150.00,27000.00,27012.00
25165947991415904,20030127,27000.00,27000.00,85,87442,2361019003.00,26900.00,27100.00,27067.00,27000.00
25165947991415904,20030128,27150.00,27150.00,293,674876,18276634661.00,27010.00,27251.00,27000.00,27010.00
25165947991415904,20030129,27811.00,27811.00,437,679162,18854682277.00,27334.00,28507.00,27150.00,28103.00
25165947991415904,20030201,29200.00,29200.00,222,347480,10091342875.00,28300.00,29200.00,27811.00,29200.00
25165947991415904,20030202,30660.00,30660.00,303,311253,9538994395.00,29999.00,30660.00,29200.00,30660.00
25165947991415904,20030203,29799.00,29799.00,176,163987,4927556970.00,29503.00,30661.00,30660.00,30657.00
25165947991415904,20030204,30300.00,30300.00,275,173343,5238259237.00,29200.00,30750.00,29799.00,29790.00
25165947991415904,20030205,30605.00,30605.00,379,269304,8325726665.00,30315.00,31306.00,30300.00,31000.00
25165947991415904,20030309,15006.00,15006.00,220,246271,3764868436.00,15003.00,15725.00,30605.00,15723.00
25165947991415904,20030310,14256.00,14256.00,58,78112,1115079306.00,14256.00,14700.00,15006.00,14697.00
25165947991415904,20030311,14501.00,14501.00,251,293614,4212120115.00,14000.00,14550.00,14256.00,14256.00
25165947991415904,20030312,15220.00,15220.00,480,3090329,46649726423.00,14501.00,15226.00,14501.00,14501.00
25165947991415904,20030315,15700.00,15700.00,259,1190052,18413023866.00,15450.00,15981.00,15220.00,15723.00
25165947991415904,20030316,15397.00,15397.00,192,131505,2026988785.00,15001.00,15800.00,15700.00,15651.00
25165947991415904,20030317,15500.00,15500.00,228,1194269,18145316264.00,15003.00,15500.00,15397.00,15398.00
25165947991415904,20030318,15500.00,15500.00,117,278131,4294700400.00,15000.00,15500.00,15500.00,15001.00
25165947991415904,20030319,16235.00,16235.00,263,1793193,27609275564.00,15300.00,16250.00,15500.00,15496.00
25165947991415904,20030405,16397.00,16397.00,620,1001239,16417315883.00,16397.00,16397.00,16235.00,16397.00
25165947991415904,20030406,16560.00,16560.00,402,502657,8323999920.00,16560.00,16560.00,16397.00,16560.00
25165947991415904,20030407,16725.00,16725.00,526,600064,10036070400.00,16725.00,16725.00,16560.00,16725.00
25165947991415904,20030408,16892.00,16892.00,419,500000,8446000000.00,16892.00,16892.00,16725.00,16892.00
25165947991415904,20030409,17048.00,17048.00,1635,5398715,92091458377.00,16950.00,17060.00,16892.00,17060.00
25165947991415904,20030412,16879.00,16879.00,326,711171,12012883807.00,16879.00,17049.00,17048.00,16879.00
25165947991415904,20030413,16711.00,16711.00,184,282937,4729985937.00,16711.00,16879.00,16879.00,16879.00
25165947991415904,20030414,16544.00,16544.00,52,39046,645977024.00,16544.00,16544.00,16711.00,16544.00
25165947991415904,20030415,16379.00,16379.00,116,276724,4532462396.00,16379.00,16379.00,16544.00,16379.00
25165947991415904,20030416,16542.00,16542.00,438,801612,13260265704.00,16542.00,16542.00,16379.00,16542.00
25165947991415904,20030419,16707.00,16707.00,176,200968,3357572376.00,16707.00,16707.00,16542.00,16707.00
25165947991415904,20030420,16708.00,16708.00,424,531975,8946408635.00,16600.00,16874.00,16707.00,16707.00
25165947991415904,20030421,16875.00,16875.00,226,251886,4233778889.00,16579.00,16875.00,16708.00,16687.00
25165947991415904,20030422,17043.00,17043.00,113,98488,1677345620.00,17000.00,17043.00,16875.00,17043.00
25165947991415904,20030427,17213.00,17213.00,20,6802,117082826.00,17213.00,17213.00,17043.00,17213.00
25165947991415904,20030428,17385.00,17385.00,133,116128,2018885280.00,17385.00,17385.00,17213.00,17385.00
25165947991415904,20030429,17558.00,17558.00,22,11359,199441322.00,17558.00,17558.00,17385.00,17558.00
25165947991415904,20030430,17733.00,17733.00,306,178163,2482429589.00,9367.00,17733.00,17558.00,17733.00
25165947991415904,20030503,17910.00,17910.00,33,24867,445367970.00,17910.00,17910.00,17733.00,17910.00
25165947991415904,20030504,18089.00,18089.00,119,130781,2365697509.00,18089.00,18089.00,17910.00,18089.00
25165947991415904,20030505,18091.00,18091.00,512,880085,16071920058.00,18000.00,18269.00,18089.00,18269.00
25165947991415904,20030506,18271.00,18271.00,205,261075,4765551051.00,18000.00,18271.00,18091.00,18091.00
25165947991415904,20030507,18453.00,18453.00,161,231845,4278235785.00,18453.00,18453.00,18271.00,18453.00
25165947991415904,20030510,18637.00,18637.00,110,141746,2641720202.00,18637.00,18637.00,18453.00,18637.00
25165947991415904,20030511,18823.00,18823.00,342,338397,6369646731.00,18823.00,18823.00,18637.00,18823.00
25165947991415904,20030512,19011.00,19011.00,63,59698,1134918678.00,19011.00,19011.00,18823.00,19011.00
25165947991415904,20030513,19201.00,19201.00,58,53247,1022395647.00,19201.00,19201.00,19011.00,19201.00
25165947991415904,20030514,19393.00,19393.00,63,23980,465044140.00,19393.00,19393.00,19201.00,19393.00
25165947991415904,20030517,19586.00,19586.00,184,139435,2730973910.00,19586.00,19586.00,19393.00,19586.00
25165947991415904,20030518,19781.00,19781.00,22,20947,414352607.00,19781.00,19781.00,19586.00,19781.00
25165947991415904,20030521,19978.00,19978.00,19,4475,89401550.00,19978.00,19978.00,19781.00,19978.00
25165947991415904,20030524,20177.00,20177.00,5,1354,27319658.00,20177.00,20177.00,19978.00,20177.00
25165947991415904,20030525,20378.00,20378.00,15,4800,97814400.00,20378.00,20378.00,20177.00,20378.00
25165947991415904,20030526,20581.00,20581.00,19,3000,61743000.00,20581.00,20581.00,20378.00,20581.00
25165947991415904,20030527,20786.00,20786.00,46,15209,316134274.00,20786.00,20786.00,20581.00,20786.00
25165947991415904,20030528,21825.00,21825.00,39,29899,652545675.00,21825.00,21825.00,20786.00,21825.00
25165947991415904,20030531,22916.00,22916.00,25,13100,300199600.00,22916.00,22916.00,21825.00,22916.00
25165947991415904,20030601,23300.00,23300.00,1267,2699930,63688506716.00,22916.00,24061.00,22916.00,24039.00
25165947991415904,20030602,24151.00,24151.00,507,744652,18017253345.00,23500.00,24465.00,23300.00,23925.00
25165947991415904,20030603,25358.00,25358.00,195,180368,4542380691.00,24160.00,25358.00,24151.00,24454.00
25165947991415904,20030607,26625.00,26625.00,248,334992,8915990127.00,26000.00,26625.00,25358.00,26625.00
25165947991415904,20030608,27000.00,27000.00,413,351926,9646580072.00,26656.00,27954.00,26625.00,27500.00
25165947991415904,20030609,25650.00,25650.00,359,390304,10124125633.00,25650.00,27000.00,27000.00,27000.00
25165947991415904,20030610,25000.00,25000.00,410,375490,9414396950.00,24902.00,25650.00,25650.00,25650.00
25165947991415904,20030611,24688.00,24688.00,343,408275,9967806546.00,23755.00,25000.00,25000.00,24977.00
25165947991415904,20030614,23454.00,23454.00,284,322714,7645429485.00,23454.00,24400.00,24688.00,24400.00
25165947991415904,20030615,22282.00,22282.00,321,535904,11999894611.00,22282.00,23400.00,23454.00,22301.00
25165947991415904,20030616,23396.00,23396.00,457,467553,10655091033.00,21999.00,23396.00,22282.00,22280.00
25165947991415904,20030617,24400.00,24400.00,402,821079,19986385879.00,23464.00,24550.00,23396.00,24000.00
25165947991415904,20030618,24420.00,24420.00,256,281436,6897264188.00,24400.00,24800.00,24400.00,24411.00
25165947991415904,20030621,25000.00,25000.00,237,201905,5019876898.00,24421.00,25100.00,24420.00,24421.00
25165947991415904,20030622,25406.00,25406.00,257,487360,12399539428.00,25000.00,25551.00,25000.00,25000.00
25165947991415904,20030623,24701.00,24701.00,234,351634,8782232150.00,24499.00,25409.00,25406.00,25409.00
25165947991415904,20030624,24171.00,24171.00,183,393931,9533763376.00,24000.00,24507.00,24701.00,24501.00
25165947991415904,20030625,24000.00,24000.00,234,284047,6810992423.00,23802.00,24100.00,24171.00,24100.00
25165947991415904,20030628,24190.00,24190.00,168,203038,4902673535.00,24000.00,24400.00,24000.00,24000.00
25165947991415904,20030629,24000.00,24000.00,178,310918,7525208830.00,24000.00,24450.00,24190.00,24190.00
25165947991415904,20030630,24650.00,24650.00,200,253849,6151007447.00,23999.00,24650.00,24000.00,24000.00
25165947991415904,20030701,25882.00,25882.00,148,343835,8873075265.00,24899.00,25882.00,24650.00,25500.00
25165947991415904,20030702,26611.00,26611.00,287,556346,15024114834.00,26501.00,27176.00,25882.00,27176.00
25165947991415904,20030705,27604.00,27604.00,261,266067,7222002554.00,26997.00,27650.00,26611.00,27000.00
25165947991415904,20030706,28200.00,28200.00,198,185972,5258838261.00,27615.00,28600.00,27604.00,27702.00
25165947991415904,20030707,29000.00,29000.00,202,316461,9072758552.00,28000.00,29105.00,28200.00,28203.00
25165947991415904,20030708,30450.00,30450.00,323,271929,8245146394.00,29122.00,30450.00,29000.00,29800.00
25165947991415904,20030709,31972.00,31972.00,366,408836,13064006465.00,30701.00,31972.00,30450.00,30701.00
25165947991415904,20030712,33570.00,33570.00,80,151812,5096328840.00,33570.00,33570.00,31972.00,33570.00
25165947991415904,20030713,35248.00,35248.00,261,180485,6361735280.00,35248.00,35248.00,33570.00,35248.00
25165947991415904,20030714,37010.00,37010.00,14,8465,313289650.00,37010.00,37010.00,35248.00,37010.00
25165947991415904,20030715,38860.00,38860.00,461,390116,15159907760.00,38860.00,38860.00,37010.00,38860.00
25165947991415904,20030730,42000.00,42000.00,313,480423,21179288173.00,40000.00,47000.00,38860.00,45980.00
25165947991415904,20030803,42199.00,42199.00,603,624739,26229310824.00,40000.00,42554.00,42000.00,42100.00
25165947991415904,20030804,45513.00,45513.00,457,373721,17250320429.00,42199.00,47501.00,42199.00,42199.00
25165947991415904,20030805,42999.00,42999.00,348,353916,15512736869.00,40500.00,45513.00,45513.00,45513.00
25165947991415904,20030806,44994.00,44994.00,419,522600,23692672104.00,44000.00,45514.00,42999.00,44000.00
25165947991415904,20030809,43897.00,43897.00,506,244904,10744330544.00,43010.00,45001.00,44994.00,44994.00
25165947991415904,20030810,43501.00,43501.00,536,751087,32564581293.00,42800.00,43901.00,43897.00,43800.00
25165947991415904,20030811,45002.00,45002.00,633,514138,22672707970.00,43107.00,45500.00,43501.00,43500.00
25165947991415904,20030812,45510.00,45510.00,302,157979,7189624290.00,45510.00,45510.00,45002.00,45510.00
25165947991415904,20030813,45510.00,45510.00,78,46856,2132416560.00,45510.00,45510.00,45510.00,45510.00
25165947991415904,20030816,45510.00,45510.00,63,24568,1118089680.00,45510.00,45510.00,45510.00,45510.00
25165947991415904,20030817,45510.00,45510.00,15,1630,74181300.00,45510.00,45510.00,45510.00,45510.00
25165947991415904,20030818,45510.00,45510.00,4,150,6826500.00,45510.00,45510.00,45510.00,45510.00
25165947991415904,20030819,45510.00,45510.00,8,783,35634330.00,45510.00,45510.00,45510.00,45510.00
25165947991415904,20030820,45510.00,45510.00,109,40139,1918039840.00,45510.00,47785.00,45510.00,47785.00
25165947991415904,20030823,45510.00,45510.00,50,13549,647436690.00,45510.00,47785.00,45510.00,47785.00
25165947991415904,20030824,45510.00,45510.00,43,14565,695986250.00,45510.00,47785.00,45510.00,47785.00
25165947991415904,20030825,45510.00,45510.00,43,4688,224013805.00,45510.00,47785.00,45510.00,47785.00
25165947991415904,20030826,45510.00,45510.00,52,13943,666263980.00,45510.00,47785.00,45510.00,47785.00
25165947991415904,20030827,45510.00,45510.00,45,12643,604143480.00,45510.00,47785.00,45510.00,47785.00
25165947991415904,20030830,45510.00,45510.00,67,20287,969412020.00,45510.00,47785.00,45510.00,47785.00
25165947991415904,20030831,45510.00,45510.00,104,10864,519113490.00,45510.00,47785.00,45510.00,47785.00
25165947991415904,20030901,47784.00,47784.00,1700,2013280,96201737629.00,47698.00,47785.00,45510.00,47785.00
25165947991415904,20031021,14799.00,14799.00,658,1914879,28339256434.00,14351.00,15900.00,47784.00,15448.00
25165947991415904,20031022,15538.00,15538.00,173,360111,5595404718.00,15538.00,15538.00,14799.00,15538.00
25165947991415904,20031025,15558.00,15558.00,6,3130,51055260.00,15558.00,16314.00,15538.00,16314.00
25165947991415904,20031026,15558.00,15558.00,2,110,1789080.00,15558.00,16335.00,15558.00,16335.00
25165947991415904,20031028,15622.00,15622.00,14,10013,163555225.00,15622.00,16335.00,15558.00,16335.00
25165947991415904,20031029,15643.00,15643.00,8,3266,53564598.00,15643.00,16403.00,15622.00,16403.00
25165947991415904,20031101,15865.00,15865.00,55,34085,559840525.00,15865.00,16425.00,15643.00,16425.00
25165947991415904,20031102,15892.00,15892.00,8,4132,68823196.00,15892.00,16658.00,15865.00,16658.00
25165947991415904,20031103,15935.00,15935.00,17,6640,110787530.00,15935.00,16686.00,15892.00,16686.00
25165947991415904,20031104,16326.00,16326.00,57,59100,988798050.00,16326.00,16731.00,15935.00,16731.00
25165947991415904,20031105,16610.00,16610.00,47,41789,716341718.00,16610.00,17142.00,16326.00,17142.00
25165947991415904,20031108,17107.00,17107.00,106,71883,1253636190.00,17107.00,17440.00,16610.00,17440.00
25165947991415904,20031109,17962.00,17962.00,175,150000,2694300000.00,17962.00,17962.00,17107.00,17962.00
25165947991415904,20031110,18741.00,18741.00,848,967518,18132269848.00,17963.00,18860.00,17962.00,18860.00
25165947991415904,20031111,19073.00,19073.00,436,499357,9524563157.00,18737.00,19500.00,18741.00,18740.00
25165947991415904,20031112,19806.00,19806.00,451,464014,9190319763.00,19073.00,19998.00,19073.00,19073.00
25165947991415904,20031115,19709.00,19709.00,448,627942,12332785886.00,19397.00,20100.00,19806.00,19832.00
25165947991415904,20031117,18925.00,18925.00,349,372582,7051454978.00,18729.00,19400.00,19709.00,19400.00
25165947991415904,20031118,19007.00,19007.00,353,545991,10377966556.00,18869.00,19400.00,18925.00,18929.00
25165947991415904,20031119,19116.00,19116.00,461,529943,10130869834.00,18950.00,19605.00,19007.00,19300.00
25165947991415904,20031122,18889.00,18889.00,276,352926,6666520878.00,18648.00,19000.00,19116.00,19000.00
25165947991415904,20031123,19785.00,19785.00,383,635521,12573987594.00,19150.00,19833.00,18889.00,19300.00
25165947991415904,20031124,20174.00,20174.00,399,509075,10270349664.00,19898.00,20765.00,19785.00,20764.00
25165947991415904,20031125,20139.00,20139.00,233,164656,3316123819.00,20006.00,20500.00,20174.00,20174.00
25165947991415904,20031129,20008.00,20008.00,260,234562,4693144882.00,19600.00,20480.00,20139.00,20150.00
25165947991415904,20031130,19530.00,19530.00,254,1522073,29696322601.00,19360.00,19949.00,20008.00,19949.00
25165947991415904,20031201,19422.00,19422.00,315,921964,17906453672.00,19050.00,19700.00,19530.00,19475.00
25165947991415904,20031202,19587.00,19587.00,314,370430,7255981477.00,19390.00,19994.00,19422.00,19409.00
25165947991415904,20031203,19625.00,19625.00,254,272656,5350898213.00,19490.00,19800.00,19587.00,19650.00
25165947991415904,20031206,19451.00,19451.00,316,539933,10502493555.00,19300.00,19600.00,19625.00,19600.00
25165947991415904,20031207,19091.00,19091.00,357,2501445,47574635267.00,19000.00,19376.00,19451.00,19376.00
25165947991415904,20031208,19102.00,19102.00,285,1348161,25750046132.00,18898.00,19207.00,19091.00,19000.00
25165947991415904,20031209,19667.00,19667.00,307,827929,16144457997.00,19150.00,20000.00,19102.00,19200.00
25165947991415904,20031210,19748.00,19748.00,260,199150,3932896681.00,19401.00,19850.00,19667.00,19667.00
25165947991415904,20031213,20346.00,20346.00,407,397751,8092843135.00,19799.00,20735.00,19748.00,19799.00
25165947991415904,20031214,21349.00,21349.00,349,480427,10256723317.00,20700.00,21363.00,20346.00,20800.00
25165947991415904,20031215,22340.00,22340.00,602,837566,18636787218.00,21999.00,22416.00,21349.00,22416.00
25165947991415904,20031216,23294.00,23294.00,441,1262520,29470158796.00,22426.00,23450.00,22340.00,22600.00
25165947991415904,20031217,23706.00,23706.00,486,780229,18496127367.00,23300.00,24000.00,23294.00,23332.00
25165947991415904,20031221,23324.00,23324.00,378,184100,4293993641.00,23000.00,23507.00,23706.00,23498.00
25165947991415904,20031222,22842.00,22842.00,355,184169,4206807764.00,22600.00,23000.00,23324.00,23000.00
25165947991415904,20031223,23525.00,23525.00,403,290015,6829568731.00,22995.00,23984.00,22842.00,22995.00
25165947991415904,20031224,23992.00,23992.00,518,507770,12182689148.00,23850.00,24100.00,23525.00,23850.00
25165947991415904,20031227,23864.00,23864.00,389,256806,6123123023.00,23668.00,24007.00,23992.00,24000.00
25165947991415904,20031228,23669.00,23669.00,349,246393,5821637770.00,23210.00,23888.00,23864.00,23666.00
25165947991415904,20031229,23779.00,23779.00,316,252228,6003297787.00,23500.00,23905.00,23669.00,23669.00
25165947991415904,20031230,23393.00,23393.00,302,203422,4721653174.00,22900.00,23672.00,23779.00,23672.00
25165947991415904,20031231,22842.00,22842.00,349,357661,8169739802.00,22500.00,22990.00,23393.00,22990.00
25165947991415904,20040103,22694.00,22694.00,273,185548,4194154033.00,22500.00,22795.00,22842.00,22795.00
25165947991415904,20040104,22408.00,22408.00,394,249194,5569698870.00,22000.00,22600.00,22694.00,22592.00
25165947991415904,20040105,22903.00,22903.00,390,462648,10596047847.00,22298.00,23250.00,22408.00,22298.00
25165947991415904,20040106,24002.00,24002.00,530,494670,11873461045.00,23249.00,24048.00,22903.00,23249.00
25165947991415904,20040107,23954.00,23954.00,519,1006114,23932135347.00,23500.00,24002.00,24002.00,24000.00
25165947991415904,20040110,23381.00,23381.00,392,352833,8249691909.00,22995.00,23954.00,23954.00,23954.00
25165947991415904,20040111,22363.00,22363.00,514,657371,14701117872.00,22212.00,23000.00,23381.00,23000.00
25165947991415904,20040112,22007.00,22007.00,510,613390,13499148459.00,21899.00,22316.00,22363.00,22312.00
25165947991415904,20040113,22267.00,22267.00,555,617147,13742467039.00,21820.00,22551.00,22007.00,22000.00
25165947991415904,20040114,22498.00,22498.00,434,315269,7092937042.00,22431.00,22596.00,22267.00,22501.00
25165947991415904,20040117,22429.00,22429.00,447,398959,8948375536.00,22199.00,22525.00,22498.00,22522.00
25165947991415904,20040118,22336.00,22336.00,439,491698,10965916444.00,22150.00,22525.00,22429.00,22398.00
25165947991415904,20040119,22350.00,22350.00,423,435118,9725090250.00,22000.00,22800.00,22336.00,22210.00
25165947991415904,20040120,23104.00,23104.00,487,725643,16742164363.00,22360.00,23467.00,22350.00,22360.00
25165947991415904,20040121,23142.00,23142.00,612,520102,12036664484.00,22950.00,23998.00,23104.00,23010.00
25165947991415904,20040124,22248.00,22248.00,1235,1523636,33898591104.00,21990.00,23400.00,23142.00,23142.00
25165947991415904,20040125,22475.00,22475.00,1804,3132787,70128127828.00,22002.00,23102.00,22248.00,22007.00
25165947991415904,20040126,22632.00,22632.00,1314,176749675,4117082182468.00,22190.00,23300.00,22475.00,23001.00
25165947991415904,20040127,21665.00,21665.00,316,388599,8419016074.00,21501.00,22629.00,22632.00,22315.00
25165947991415904,20040128,21030.00,21030.00,188,175662,3615479764.00,20582.00,21030.00,21665.00,20582.00
25165947991415904,20040131,21173.00,21173.00,744,1342248,28454160816.00,20285.00,21997.00,21030.00,21030.00
25165947991415904,20040201,20155.00,20155.00,736,2873027,57866394781.00,20115.00,20690.00,21173.00,20280.00
25165947991415904,20040203,20168.00,20168.00,438,628769,12707780027.00,19499.00,20690.00,20155.00,20106.00
25165947991415904,20040204,20000.00,20000.00,536,872083,17441826693.00,19897.00,20197.00,20168.00,20168.00
25165947991415904,20040207,20767.00,20767.00,713,1280654,26586890753.00,20000.00,21000.00,20000.00,20105.00
25165947991415904,20040208,21421.00,21421.00,604,560988,12017268210.00,21300.00,21600.00,20767.00,21300.00
25165947991415904,20040209,21054.00,21054.00,658,556199,11710491150.00,20634.00,21520.00,21421.00,21513.00
25165947991415904,20040214,20146.00,20146.00,421,350886,7069252529.00,20002.00,20845.00,21054.00,20845.00
25165947991415904,20040215,19235.00,19235.00,409,543469,10453827933.00,19139.00,20000.00,20146.00,20000.00
25165947991415904,20040216,19065.00,19065.00,489,847005,16150569913.00,18790.00,19497.00,19235.00,19137.00
25165947991415904,20040217,19449.00,19449.00,449,639248,12427174348.00,19195.00,20018.00,19065.00,19449.00
25165947991415904,20040218,20185.00,20185.00,590,864162,17443843084.00,20000.00,20421.00,19449.00,20110.00
25165947991415904,20040221,20940.00,20940.00,448,388348,8132196785.00,20420.00,21180.00,20185.00,20420.00
25165947991415904,20040222,20674.00,20674.00,365,272219,5620575116.00,20454.00,20993.00,20940.00,20801.00
25165947991415904,20040223,19995.00,19995.00,376,399829,7994822369.00,19701.00,20498.00,20674.00,20498.00
25165947991415904,20040224,19399.00,19399.00,313,339838,6592846322.00,19294.00,19880.00,19995.00,19880.00
25165947991415904,20040225,19590.00,19590.00,372,383466,7512289657.00,19300.00,20004.00,19399.00,19401.00
25165947991415904,20040228,20053.00,20053.00,392,484083,9707351589.00,19550.00,20402.00,19590.00,19898.00
25165947991415904,20040229,20082.00,20082.00,380,882571,17682335846.00,19702.00,20501.00,20053.00,20053.00
25165947991415904,20040303,19855.00,19855.00,353,1350220,26759345692.00,19700.00,19997.00,20082.00,19965.00
25165947991415904,20040306,20391.00,20391.00,377,603408,12304300686.00,19700.00,21300.00,19855.00,21050.00
25165947991415904,20040307,20026.00,20026.00,584,972909,19483995424.00,19810.00,20339.00,20391.00,20000.00
25165947991415904,20040308,19967.00,19967.00,509,783818,15639981851.00,19900.00,20210.00,20026.00,20000.00
25165947991415904,20040309,20064.00,20064.00,602,1429031,28672788183.00,19900.00,20498.00,19967.00,19960.00
25165947991415904,20040310,19975.00,19975.00,468,1495122,29841855292.00,19900.00,20051.00,20064.00,20051.00
25165947991415904,20040313,19694.00,19694.00,493,757898,14957725857.00,19200.00,20000.00,19975.00,20000.00
25165947991415904,20040314,19865.00,19865.00,648,1462265,29048837426.00,19710.00,20200.00,19694.00,20000.00
25165947991415904,20040317,21697.00,21697.00,775,1385034,30051369804.00,19950.00,22804.00,19865.00,22800.00
25165947991415904,20040327,22312.00,22312.00,221,214089,4829763708.00,22200.00,22781.00,21697.00,22200.00
25165947991415904,20040328,23230.00,23230.00,407,318012,7387507987.00,22999.00,23427.00,22312.00,23000.00
25165947991415904,20040329,22515.00,22515.00,265,313623,7061344692.00,22100.00,23209.00,23230.00,23010.00
25165947991415904,20040330,21928.00,21928.00,338,233189,5074496565.00,21500.00,22001.00,22515.00,22001.00
25165947991415904,20040403,21651.00,21651.00,265,244804,5257550167.00,21025.00,21700.00,21928.00,21051.00
25165947991415904,20040404,20829.00,20829.00,347,578673,12035272303.00,20569.00,21382.00,21651.00,21382.00
25165947991415904,20040405,20411.00,20411.00,428,436781,8915138730.00,19999.00,20999.00,20829.00,20550.00
25165947991415904,20040406,20601.00,20601.00,345,337596,6967208198.00,20200.00,21000.00,20411.00,20700.00
25165947991415904,20040407,20545.00,20545.00,405,437552,8989532842.00,20400.00,20851.00,20601.00,20600.00
25165947991415904,20040410,20104.00,20104.00,623,762461,15329059860.00,19997.00,20545.00,20545.00,20399.00
25165947991415904,20040412,19358.00,19358.00,447,902973,17480268585.00,19200.00,20000.00,20104.00,20000.00
25165947991415904,20040413,19124.00,19124.00,485,978601,18715349043.00,19050.00,19398.00,19358.00,19398.00
25165947991415904,20040414,19721.00,19721.00,485,674242,13304729584.00,19150.00,19900.00,19124.00,19150.00
25165947991415904,20040417,20183.00,20183.00,509,532268,10743013520.00,19600.00,20600.00,19721.00,19900.00
25165947991415904,20040418,19672.00,19672.00,344,339904,6656227061.00,19300.00,20197.00,20183.00,20197.00
25165947991415904,20040421,19171.00,19171.00,372,447859,8585963167.00,19100.00,19400.00,19672.00,19400.00
25165947991415904,20040424,19239.00,19239.00,448,552322,10626547008.00,19150.00,19451.00,19171.00,19171.00
25165947991415904,20040425,19960.00,19960.00,549,660616,13186459959.00,19200.00,20200.00,19239.00,19200.00
25165947991415904,20040426,20145.00,20145.00,1002,12578863,251691082239.00,19960.00,20958.00,19960.00,20958.00
25165947991415904,20040427,20683.00,20683.00,368,333239,6928586359.00,20513.00,20999.00,20145.00,20790.00
25165947991415904,20040428,20390.00,20390.00,480,446407,9102379950.00,20208.00,20683.00,20683.00,20605.00
25165947991415904,20040501,20477.00,20477.00,478,576249,11800208428.00,20300.00,20900.00,20390.00,20887.00
25165947991415904,20040502,20156.00,20156.00,281,245790,4904858324.00,19752.00,20499.00,20477.00,20499.00
25165947991415904,20040503,20000.00,20000.00,335,356251,7118566613.00,19753.00,20197.00,20156.00,19850.00
25165947991415904,20040504,19964.00,19964.00,297,864165,17220023050.00,19800.00,20050.00,20000.00,19920.00
25165947991415904,20040505,19994.00,19994.00,299,326404,6528607117.00,19915.00,20100.00,19964.00,19964.00
25165947991415904,20040508,19753.00,19753.00,270,225135,4405002547.00,19350.00,20000.00,19994.00,19998.00
25165947991415904,20040509,19290.00,19290.00,336,317111,6079032749.00,19000.00,19493.00,19753.00,19490.00
25165947991415904,20040510,19172.00,19172.00,256,197544,3763609997.00,18993.00,19306.00,19290.00,19306.00
25165947991415904,20040511,19281.00,19281.00,254,484595,9343940431.00,19000.00,19500.00,19172.00,19000.00
25165947991415904,20040512,19638.00,19638.00,234,280107,5543927560.00,19500.00,20000.00,19281.00,19500.00
25165947991415904,20040515,20252.00,20252.00,409,647450,13112759471.00,20000.00,20400.00,19638.00,20099.00
25165947991415904,20040516,20039.00,20039.00,362,1938470,38786542043.00,19501.00,20500.00,20252.00,20498.00
25165947991415904,20040517,19791.00,19791.00,229,139826,2702869383.00,19100.00,19924.00,20039.00,19924.00
25165947991415904,20040518,19597.00,19597.00,208,147733,2846657351.00,19100.00,19597.00,19791.00,19100.00
25165947991415904,20040519,19408.00,19408.00,311,244090,4708046751.00,19050.00,19600.00,19597.00,19250.00
25165947991415904,20040522,19075.00,19075.00,349,403585,7698729870.00,18950.00,19400.00,19408.00,19100.00
25165947991415904,20040523,18651.00,18651.00,359,508979,9493042439.00,18300.00,19099.00,19075.00,19098.00
25165947991415904,20040524,18708.00,18708.00,440,637389,11924573168.00,18649.00,18980.00,18651.00,18654.00
25165947991415904,20040525,19189.00,19189.00,445,475699,9128662967.00,18950.00,19550.00,18708.00,19000.00
25165947991415904,20040526,18612.00,18612.00,862,1244292,23158893926.00,18311.00,19144.00,19189.00,19000.00
25165947991415904,20040606,17881.00,17881.00,120,233813,4180860487.00,17600.00,18660.00,18612.00,18660.00
25165947991415904,20040607,17663.00,17663.00,467,828611,14636138101.00,17400.00,18000.00,17881.00,17990.00
25165947991415904,20040608,17546.00,17546.00,527,1017270,17849515115.00,17500.00,17900.00,17663.00,17535.00
25165947991415904,20040609,18190.00,18190.00,484,675466,12286977940.00,17606.00,18423.00,17546.00,17700.00
25165947991415904,20040612,17750.00,17750.00,361,467923,8306070287.00,17501.00,18426.00,18190.00,18421.00
25165947991415904,20040613,17504.00,17504.00,450,925036,16192034689.00,17490.00,17646.00,17750.00,17646.00
25165947991415904,20040614,17543.00,17543.00,398,552894,9699730599.00,17500.00,17650.00,17504.00,17505.00
25165947991415904,20040615,18015.00,18015.00,401,545566,9783060911.00,17542.00,18300.00,17543.00,17543.00
25165947991415904,20040616,18623.00,18623.00,320,5007510,93719303967.00,18016.00,18800.00,18015.00,18199.00
25165947991415904,20040619,19551.00,19551.00,546,10486402,205047900844.00,18630.00,19554.00,18623.00,18630.00
25165947991415904,20040620,19460.00,19460.00,432,589031,11462889146.00,18900.00,20499.00,19551.00,20499.00
25165947991415904,20040621,18853.00,18853.00,481,997925,18814296180.00,18487.00,19500.00,19460.00,19100.00
25165947991415904,20040622,18857.00,18857.00,392,662727,12497306785.00,18600.00,18998.00,18853.00,18860.00
25165947991415904,20040623,18984.00,18984.00,470,792782,15050366280.00,18857.00,19200.00,18857.00,18989.00
25165947991415904,20040626,19000.00,19000.00,377,655350,12452248324.00,18900.00,19199.00,18984.00,19000.00
25165947991415904,20040627,19061.00,19061.00,503,1000496,19070944270.00,18500.00,19379.00,19000.00,19099.00
25165947991415904,20040628,18958.00,18958.00,485,1139951,21612252279.00,18502.00,19200.00,19061.00,19000.00
25165947991415904,20040629,18977.00,18977.00,520,1177610,22347819782.00,18799.00,19100.00,18958.00,19000.00
25165947991415904,20040630,19014.00,19014.00,483,1034960,19678841943.00,18614.00,19499.00,18977.00,18900.00
25165947991415904,20040703,19265.00,19265.00,476,738819,14233667924.00,19000.00,19603.00,19014.00,19159.00
25165947991415904,20040704,19396.00,19396.00,475,1091468,21136021534.00,19200.00,19499.00,19265.00,19297.00
25165947991415904,20040705,20268.00,20268.00,377,624783,12663483905.00,19700.00,20365.00,19396.00,19900.00
25165947991415904,20040706,21273.00,21273.00,732,1933250,41127830387.00,20999.00,21281.00,20268.00,21281.00
25165947991415904,20040707,21859.00,21859.00,380,482190,10540280356.00,21307.00,22222.00,21273.00,22007.00
25165947991415904,20040710,21259.00,21259.00,428,482005,10247251760.00,21011.00,21580.00,21859.00,21580.00
25165947991415904,20040711,21373.00,21373.00,487,647670,13842736304.00,20969.00,21580.00,21259.00,20985.00
25165947991415904,20040712,21395.00,21395.00,465,990967,21202701048.00,21000.00,21580.00,21373.00,21490.00
25165947991415904,20040713,20525.00,20525.00,288,478892,9829313304.00,20326.00,21447.00,21395.00,21447.00
25165947991415904,20040714,19545.00,19545.00,528,2787273,54415713954.00,19499.00,20005.00,20525.00,19499.00
25165947991415904,20040717,19565.00,19565.00,575,873172,17083983668.00,19490.00,19700.00,19545.00,19500.00
25165947991415904,20040718,19666.00,19666.00,552,1019394,20048365513.00,19301.00,20500.00,19565.00,19500.00
25165947991415904,20040719,20570.00,20570.00,304,429236,8829635069.00,20021.00,20649.00,19666.00,20021.00
25165947991415904,20040720,20726.00,20726.00,334,332838,6909161316.00,20100.00,20999.00,20570.00,20649.00
25165947991415904,20040724,20060.00,20060.00,269,358022,7154079489.00,19797.00,20460.00,20726.00,20460.00
25165947991415904,20040725,19701.00,19701.00,338,433585,8542361591.00,19501.00,19812.00,20060.00,19812.00
25165947991415904,20040726,19733.00,19733.00,337,475854,9390472151.00,19500.00,19850.00,19701.00,19800.00
25165947991415904,20040727,19578.00,19578.00,349,686883,13447844698.00,19500.00,19800.00,19733.00,19748.00
25165947991415904,20040728,19453.00,19453.00,398,784560,15262130076.00,18900.00,19650.00,19578.00,19578.00
25165947991415904,20040731,18909.00,18909.00,483,1013725,19169092447.00,18755.00,19000.00,19453.00,19000.00
25165947991415904,20040801,18555.00,18555.00,429,714804,13263506829.00,18000.00,18851.00,18909.00,18851.00
25165947991415904,20040802,18390.00,18390.00,447,793453,14592198184.00,18100.00,18502.00,18555.00,18497.00
25165947991415904,20040803,18107.00,18107.00,549,1045646,18933552612.00,17999.00,18389.00,18390.00,18389.00
25165947991415904,20040804,18188.00,18188.00,386,615755,11199647102.00,18100.00,18450.00,18107.00,18107.00
25165947991415904,20040807,18103.00,18103.00,375,757119,13706551751.00,17900.00,18200.00,18188.00,18200.00
25165947991415904,20040808,17324.00,17324.00,320,514669,8916590396.00,17198.00,18000.00,18103.00,18000.00
25165947991415904,20040809,17111.00,17111.00,382,951024,16272988033.00,16810.00,17640.00,17324.00,17410.00
25165947991415904,20040810,17201.00,17201.00,239,311999,5375113764.00,17058.00,17400.00,17111.00,17300.00
25165947991415904,20040811,17387.00,17387.00,293,359872,6264885115.00,17205.00,17650.00,17201.00,17205.00
25165947991415904,20040814,17189.00,17189.00,267,383623,6591370795.00,16800.00,17500.00,17387.00,17500.00
25165947991415904,20040815,16746.00,16746.00,297,375169,6271994188.00,16602.00,16997.00,17189.00,16997.00
25165947991415904,20040816,16791.00,16791.00,224,284070,4775486357.00,16700.00,16900.00,16746.00,16742.00
25165947991415904,20040817,16800.00,16800.00,238,293690,4935399207.00,16500.00,16950.00,16791.00,16803.00
25165947991415904,20040818,16539.00,16539.00,206,299350,4925161343.00,16351.00,16788.00,16800.00,16788.00
25165947991415904,20040821,16009.00,16009.00,264,702549,11247360141.00,15852.00,16411.00,16539.00,16411.00
25165947991415904,20040822,15464.00,15464.00,302,754016,11660422002.00,15210.00,16000.00,16009.00,16000.00
25165947991415904,20040823,15782.00,15782.00,294,656647,10363490992.00,15001.00,16237.00,15464.00,15250.00
25165947991415904,20040824,16570.00,16570.00,151,481985,7986890508.00,16488.00,16571.00,15782.00,16488.00
25165947991415904,20040825,17364.00,17364.00,293,455350,7907006568.00,17000.00,17398.00,16570.00,17398.00
25165947991415904,20040828,17031.00,17031.00,213,342868,5820778401.00,16830.00,17300.00,17364.00,17000.00
25165947991415904,20040829,16899.00,16899.00,130,138326,2303318913.00,16180.00,17200.00,17031.00,17031.00
25165947991415904,20040831,16509.00,16509.00,176,236330,3837793507.00,16055.00,16509.00,16899.00,16430.00
25165947991415904,20040901,16426.00,16426.00,222,475136,7804945262.00,16100.00,16650.00,16509.00,16499.00
25165947991415904,20040904,16414.00,16414.00,174,1691038,27700812465.00,16300.00,16502.00,16426.00,16395.00
25165947991415904,20040905,16191.00,16191.00,206,330025,5328101829.00,16098.00,16414.00,16414.00,16414.00
25165947991415904,20040906,16053.00,16053.00,216,277432,4437042830.00,15810.00,16180.00,16191.00,16180.00
25165947991415904,20040907,15926.00,15926.00,147,182079,2872458202.00,15500.00,16000.00,16053.00,16000.00
25165947991415904,20040908,15662.00,15662.00,205,292263,4549249453.00,15350.00,15790.00,15926.00,15700.00
25165947991415904,20040911,15396.00,15396.00,204,256014,3903555651.00,15100.00,15396.00,15662.00,15353.00
25165947991415904,20040912,15657.00,15657.00,249,369571,5794770395.00,15202.00,16165.00,15396.00,15289.00
25165947991415904,20040914,15886.00,15886.00,78,117396,1929867314.00,15886.00,16439.00,15657.00,16439.00
25165947991415904,20040915,15933.00,15933.00,41,23927,399094890.00,15933.00,16680.00,15886.00,16680.00
25165947991415904,20040918,15987.00,15987.00,33,27444,459103256.00,15987.00,16729.00,15933.00,16729.00
25165947991415904,20040919,16031.00,16031.00,42,22502,377711022.00,16031.00,16786.00,15987.00,16786.00
25165947991415904,20040920,16736.00,16736.00,539,866297,14498466488.00,16010.00,16832.00,16031.00,16832.00
25165947991415904,20040921,16498.00,16498.00,152,212811,3466539359.00,16199.00,16550.00,16736.00,16550.00
25165947991415904,20040922,16433.00,16433.00,188,172540,2820709479.00,16100.00,17000.00,16498.00,16400.00
25165947991415904,20040925,16476.00,16476.00,120,138445,2292408041.00,16150.00,16999.00,16433.00,16699.00
25165947991415904,20040926,16224.00,16224.00,168,217826,3488464341.00,15661.00,16225.00,16476.00,16150.00
25165947991415904,20040927,16000.00,16000.00,220,330038,5265277393.00,15810.00,16059.00,16224.00,16059.00
25165947991415904,20040928,15967.00,15967.00,204,619038,9884645134.00,15820.00,16009.00,16000.00,16000.00
25165947991415904,20040929,15922.00,15922.00,184,229798,3651388791.00,15820.00,16000.00,15967.00,15822.00
25165947991415904,20041002,15936.00,15936.00,186,582393,9281391660.00,15800.00,16100.00,15922.00,15999.00
25165947991415904,20041003,15884.00,15884.00,177,176244,2788084940.00,15730.00,16000.00,15936.00,16000.00
25165947991415904,20041004,15631.00,15631.00,199,430660,6731948140.00,15500.00,15850.00,15884.00,15732.00
25165947991415904,20041005,15751.00,15751.00,177,336054,5301200962.00,15620.00,15890.00,15631.00,15631.00
25165947991415904,20041006,15697.00,15697.00,167,276774,4338212366.00,15500.00,15899.00,15751.00,15799.00
25165947991415904,20041009,15705.00,15705.00,226,348761,5478263057.00,15651.00,15800.00,15697.00,15697.00
25165947991415904,20041010,15670.00,15670.00,186,352494,5522502408.00,15399.00,15800.00,15705.00,15700.00
25165947991415904,20041011,15510.00,15510.00,208,471721,7316424699.00,15200.00,15688.00,15670.00,15657.00
25165947991415904,20041012,15458.00,15458.00,246,714005,11037119181.00,15273.00,15648.00,15510.00,15488.00
25165947991415904,20041013,15444.00,15444.00,190,343126,5298555637.00,15260.00,15599.00,15458.00,15456.00
25165947991415904,20041016,15369.00,15369.00,296,789891,12139911426.00,15140.00,15590.00,15444.00,15301.00
25165947991415904,20041017,15411.00,15411.00,233,442292,6816200041.00,15300.00,15500.00,15369.00,15401.00
25165947991415904,20041018,15445.00,15445.00,244,615985,9513903801.00,15300.00,15500.00,15411.00,15497.00
25165947991415904,20041019,15487.00,15487.00,220,604006,9354628124.00,15445.00,15500.00,15445.00,15445.00
25165947991415904,20041020,15535.00,15535.00,253,424645,6597048816.00,15400.00,15600.00,15487.00,15487.00
25165947991415904,20041023,15545.00,15545.00,124,134057,2086889863.00,15530.00,15599.00,15535.00,15585.00
25165947991415904,20041024,15574.00,15574.00,141,217793,3397662508.00,15544.00,15700.00,15545.00,15548.00
25165947991415904,20041025,15612.00,15612.00,137,703930,10978668025.00,15574.00,15750.00,15574.00,15645.00
25165947991415904,20041026,16035.00,16035.00,220,280027,4541453702.00,15614.00,16392.00,15612.00,15615.00
25165947991415904,20041027,16082.00,16082.00,139,126885,2053803005.00,16082.00,16301.00,16035.00,16221.00
25165947991415904,20041030,16086.00,16086.00,210,222368,3577907920.00,15999.00,16299.00,16082.00,16083.00
25165947991415904,20041031,16078.00,16078.00,291,468367,7530701405.00,15997.00,16197.00,16086.00,16100.00
25165947991415904,20041101,16044.00,16044.00,227,527075,8456764288.00,15500.00,16140.00,16078.00,15989.00
25165947991415904,20041102,16059.00,16059.00,158,375552,6031454061.00,15900.00,16251.00,16044.00,16044.00
25165947991415904,20041103,15982.00,15982.00,138,301853,4816896089.00,15811.00,16080.00,16059.00,16039.00
25165947991415904,20041106,15966.00,15966.00,150,320828,5121629630.00,15790.00,16199.00,15982.00,15962.00
25165947991415904,20041107,15942.00,15942.00,119,3104621,49361115558.00,15812.00,16000.00,15966.00,15959.00
25165947991415904,20041108,15951.00,15951.00,107,141710,2262942384.00,15700.00,16080.00,15942.00,15700.00
25165947991415904,20041109,15866.00,15866.00,198,581501,9226548738.00,15720.00,16070.00,15951.00,15949.00
25165947991415904,20041110,15874.00,15874.00,156,275399,4373054297.00,15750.00,16178.00,15866.00,15890.00
25165947991415904,20041113,15874.00,15874.00,221,491515,7803110046.00,15700.00,16100.00,15874.00,15890.00
25165947991415904,20041129,9936.00,9936.00,393,935052,9290939507.00,9797.00,10230.00,15874.00,10221.00
25165947991415904,20041130,9805.00,9805.00,436,841644,8252403644.00,9700.00,9955.00,9936.00,9954.00
25165947991415904,20041201,9718.00,9718.00,335,636830,6188935101.00,9655.00,9860.00,9805.00,9750.00
25165947991415904,20041204,9723.00,9723.00,313,1063354,10326723175.00,9600.00,9799.00,9718.00,9721.00
25165947991415904,20041205,9723.00,9723.00,267,393314,3824195818.00,9699.00,9760.00,9723.00,9723.00
25165947991415904,20041206,9726.00,9726.00,261,580507,5646338157.00,9599.00,9760.00,9723.00,9737.00
25165947991415904,20041207,9709.00,9709.00,245,517268,5022621560.00,9361.00,9840.00,9726.00,9740.00
25165947991415904,20041211,9709.00,9709.00,245,1907489,18558602382.00,9601.00,9749.00,9709.00,9742.00
25165947991415904,20041212,9681.00,9681.00,167,189901,1832911497.00,9310.00,9740.00,9709.00,9740.00
25165947991415904,20041213,9604.00,9604.00,82,75986,704954188.00,9197.00,9604.00,9681.00,9488.00
25165947991415904,20041214,9124.00,9124.00,335,852552,7779246792.00,9124.00,9190.00,9604.00,9124.00
25165947991415904,20041215,9115.00,9115.00,149,688645,6270250658.00,9100.00,9188.00,9124.00,9124.00
25165947991415904,20041218,9101.00,9101.00,224,395472,3599480363.00,9003.00,9120.00,9115.00,9115.00
25165947991415904,20041219,9101.00,9101.00,143,282328,2569729763.00,9051.00,9120.00,9101.00,9114.00
25165947991415904,20041220,9099.00,9099.00,218,552703,5029412046.00,9050.00,9110.00,9101.00,9090.00
25165947991415904,20041221,9094.00,9094.00,144,620247,5642149934.00,9000.00,9110.00,9099.00,9109.00
25165947991415904,20041222,9100.00,9100.00,244,1068791,9726279412.00,9000.00,9131.00,9094.00,9099.00
25165947991415904,20041225,9100.00,9100.00,174,494044,4495918651.00,9010.00,9120.00,9100.00,9100.00
25165947991415904,20041226,9098.00,9098.00,197,580157,5278642059.00,9000.00,9120.00,9100.00,9100.00
25165947991415904,20041227,9098.00,9098.00,190,857134,7798815345.00,9000.00,9120.00,9098.00,9101.00
25165947991415904,20041228,9096.00,9096.00,195,736410,6698543588.00,9001.00,9120.00,9098.00,9100.00
25165947991415904,20041229,9070.00,9070.00,62,73017,654020917.00,8898.00,9081.00,9096.00,9001.00
25165947991415904,20050101,8793.00,8793.00,152,267176,2312841776.00,8617.00,8878.00,9070.00,8877.00
25165947991415904,20050102,8649.00,8649.00,123,168736,1426440048.00,8380.00,8662.00,8793.00,8662.00
25165947991415904,20050103,8297.00,8297.00,161,340930,2807929598.00,8220.00,8395.00,8649.00,8350.00
25165947991415904,20050104,8711.00,8711.00,301,1511486,13166554546.00,8711.00,8711.00,8297.00,8711.00
25165947991415904,20050105,8920.00,8920.00,335,587537,5241039509.00,8711.00,9000.00,8711.00,8711.00
25165947991415904,20050108,8788.00,8788.00,179,246242,2144272480.00,8649.00,8800.00,8920.00,8789.00
25165947991415904,20050109,8679.00,8679.00,314,1085323,9419624090.00,8349.00,8900.00,8788.00,8718.00
25165947991415904,20050222,8646.00,8646.00,11,30420,250847320.00,8246.00,8646.00,8679.00,8246.00
25165947991415904,20050226,8642.00,8642.00,10,3017,24785918.00,8214.00,8642.00,8646.00,8214.00
25165947991415904,20050227,8210.00,8210.00,74,408269,3351888490.00,8210.00,8210.00,8642.00,8210.00
25165947991415904,20050228,7800.00,7800.00,18,17138,133676400.00,7800.00,7800.00,8210.00,7800.00
25165947991415904,20050301,7412.00,7412.00,291,767307,5687700564.00,7410.00,7790.00,7800.00,7410.00
25165947991415904,20050302,7171.00,7171.00,169,323339,2300441153.00,7070.00,7202.00,7412.00,7200.00
25165947991415904,20050305,7202.00,7202.00,141,254419,1837304815.00,7002.00,7370.00,7171.00,7002.00
25165947991415904,20050306,7228.00,7228.00,99,4165359,30397199681.00,7153.00,7380.00,7202.00,7202.00
25165947991415904,20050307,7209.00,7209.00,111,2542545,18310629667.00,7200.00,7240.00,7228.00,7228.00
25165947991415904,20050308,7200.00,7200.00,132,1392452,10027038525.00,7200.00,7240.00,7209.00,7201.00
25165947991415904,20050309,7200.00,7200.00,129,655387,4719320985.00,7200.00,7210.00,7200.00,7201.00
25165947991415904,20050312,7226.00,7226.00,104,335524,2425525984.00,7201.00,7349.00,7200.00,7201.00
25165947991415904,20050313,7282.00,7282.00,84,10678366,78176283540.00,7282.00,7326.00,7226.00,7321.00
25165947991415904,20050314,7298.00,7298.00,71,174909,1280479404.00,7298.00,7322.00,7282.00,7321.00
25165947991415904,20050315,7353.00,7353.00,70,111152,833238076.00,7298.00,7600.00,7298.00,7298.00
25165947991415904,20050316,7396.00,7396.00,106,423090,3137640615.00,7396.00,7499.00,7353.00,7443.00
25165947991415904,20050326,7396.00,7396.00,40,70455,521446690.00,7396.00,7405.00,7396.00,7402.00
25165947991415904,20050327,7402.00,7402.00,30,45923,342188226.00,7401.00,7699.00,7396.00,7699.00
25165947991415904,20050328,7407.00,7407.00,27,30561,228291366.00,7407.00,7642.00,7402.00,7441.00
25165947991415904,20050329,7419.00,7419.00,55,67159,502471893.00,7419.00,7598.00,7407.00,7441.00
25165947991415904,20050330,7440.00,7440.00,53,119905,898346821.00,7440.00,7549.00,7419.00,7471.00
25165947991415904,20050403,7453.00,7453.00,55,121680,910755304.00,7453.00,7503.00,7440.00,7503.00
25165947991415904,20050404,7459.00,7459.00,47,103695,775700875.00,7459.00,7485.00,7453.00,7483.00
25165947991415904,20050405,7481.00,7481.00,77,216707,1625268763.00,7480.00,7501.00,7459.00,7480.00
25165947991415904,20050406,7494.00,7494.00,98,1235070,9263051077.00,7494.00,7501.00,7481.00,7500.00
25165947991415904,20050410,7500.00,7500.00,76,264935,1987665481.00,7500.00,7589.00,7494.00,7501.00
25165947991415904,20050411,7500.00,7500.00,141,480224,3601955834.00,7500.00,7510.00,7500.00,7500.00
25165947991415904,20050412,7510.00,7510.00,136,566519,4255110235.00,7500.00,7579.00,7500.00,7500.00
25165947991415904,20050413,7808.00,7808.00,151,453353,3539446706.00,7507.00,7885.00,7510.00,7510.00
25165947991415904,20050416,7892.00,7892.00,50,87009,713296722.00,7892.00,8198.00,7808.00,8198.00
25165947991415904,20050417,8189.00,8189.00,245,542983,4446794269.00,7900.00,8286.00,7892.00,8286.00
25165947991415904,20050418,8143.00,8143.00,69,66114,523196990.00,7700.00,8400.00,8189.00,8400.00
25165947991415904,20050419,8090.00,8090.00,67,67400,527894402.00,7701.00,8090.00,8143.00,8000.00
25165947991415904,20050420,8046.00,8046.00,70,61178,477712375.00,7721.00,8046.00,8090.00,7800.00
25165947991415904,20050423,8019.00,8019.00,47,2255452,17593604907.00,7800.00,8019.00,8046.00,7879.00
25165947991415904,20050424,7958.00,7958.00,82,175216,1380738581.00,7800.00,7988.00,8019.00,7801.00
25165947991415904,20050425,7895.00,7895.00,79,159141,1241445125.00,7800.00,7895.00,7958.00,7812.00
25165947991415904,20050427,7852.00,7852.00,58,181323,1414331109.00,7798.00,7852.00,7895.00,7798.00
25165947991415904,20050430,7807.00,7807.00,95,843487,6579224045.00,7800.00,7807.00,7852.00,7801.00
25165947991415904,20050501,7799.00,7799.00,109,454626,3546066870.00,7798.00,7801.00,7807.00,7798.00
25165947991415904,20050502,7799.00,7799.00,115,492975,3845181317.00,7795.00,7801.00,7799.00,7795.00
25165947991415904,20050503,7799.00,7799.00,95,395471,3084629474.00,7796.00,7801.00,7799.00,7796.00
25165947991415904,20050504,7800.00,7800.00,157,676793,5279254502.00,7799.00,7801.00,7799.00,7799.00
25165947991415904,20050509,7801.00,7801.00,68,233121,1818634727.00,7800.00,7850.00,7800.00,7801.00
25165947991415904,20050510,7800.00,7800.00,121,518949,4047999223.00,7800.00,7801.00,7801.00,7800.00
25165947991415904,20050511,7800.00,7800.00,126,517099,4033453755.00,7800.00,7801.00,7800.00,7801.00
25165947991415904,20050514,7799.00,7799.00,145,615953,4804396685.00,7798.00,7801.00,7800.00,7798.00
25165947991415904,20050515,7799.00,7799.00,123,443841,3461910632.00,7700.00,7801.00,7799.00,7700.00
25165947991415904,20050516,7799.00,7799.00,149,688512,5370391596.00,7799.00,7801.00,7799.00,7799.00
25165947991415904,20050517,7800.00,7800.00,148,814913,6356323916.00,7799.00,7801.00,7799.00,7799.00
25165947991415904,20050518,7800.00,7800.00,174,764047,5959568527.00,7799.00,7801.00,7800.00,7799.00
25165947991415904,20050521,7533.00,7533.00,170,668579,5014366941.00,7500.00,7533.00,7800.00,7500.00
25165947991415904,20050522,7400.00,7400.00,162,796079,5891675455.00,7400.00,7501.00,7533.00,7499.00
25165947991415904,20050523,7305.00,7305.00,154,713965,5212079748.00,7300.00,7305.00,7400.00,7300.00
25165947991415904,20050524,7301.00,7301.00,118,482304,3520997668.00,7300.00,7303.00,7305.00,7300.00
25165947991415904,20050525,7300.00,7300.00,129,539279,3937107315.00,7300.00,7364.00,7301.00,7300.00
25165947991415904,20050528,7327.00,7327.00,121,213540,1579790566.00,7300.00,7533.00,7300.00,7300.00
25165947991415904,20050529,7316.00,7316.00,145,409110,2989795284.00,7300.00,7471.00,7327.00,7471.00
25165947991415904,20050530,7231.00,7231.00,123,383842,2744567642.00,7150.00,7231.00,7316.00,7200.00
25165947991415904,20050531,7151.00,7151.00,115,319691,2253850203.00,7050.00,7151.00,7231.00,7151.00
25165947991415904,20050601,7039.00,7039.00,132,554018,3878194252.00,7000.00,7039.00,7151.00,7000.00
25165947991415904,20050606,7012.00,7012.00,158,1324313,9272848583.00,6997.00,7051.00,7039.00,6997.00
25165947991415904,20050607,7003.00,7003.00,151,629134,4405668234.00,7000.00,7197.00,7012.00,7000.00
25165947991415904,20050608,6856.00,6856.00,186,2770799,18884686493.00,6800.00,7050.00,7003.00,6997.00
25165947991415904,20050611,6843.00,6843.00,90,645074,4389845946.00,6800.00,6948.00,6856.00,6800.00
25165947991415904,20050612,6827.00,6827.00,108,4312265,29328900376.00,6800.00,7000.00,6843.00,6810.00
25165947991415904,20050613,6874.00,6874.00,155,402107,2780662850.00,6800.00,7000.00,6827.00,7000.00
25165947991415904,20050614,6932.00,6932.00,157,295481,2075607321.00,6915.00,7150.00,6874.00,7000.00
25165947991415904,20050615,6960.00,6960.00,107,146640,1037902476.00,6960.00,7201.00,6932.00,7041.00
25165947991415904,20050618,6973.00,6973.00,48,43348,312144288.00,6973.00,7400.00,6960.00,7011.00
25165947991415904,20050619,7062.00,7062.00,81,226721,1648207972.00,7062.00,7300.00,6973.00,7220.00
25165947991415904,20050620,7083.00,7083.00,71,92084,666560814.00,7083.00,7300.00,7062.00,7140.00
25165947991415904,20050621,7142.00,7142.00,67,174020,1277248090.00,7142.00,7533.00,7083.00,7162.00
25165947991415904,20050622,7678.00,7678.00,220,578432,4534393396.00,7342.00,7856.00,7142.00,7856.00
25165947991415904,20050625,7488.00,7488.00,175,543784,4033155482.00,6911.00,7678.00,7678.00,6911.00
25165947991415904,20050626,7445.00,7445.00,100,179987,1316137409.00,7001.00,7600.00,7488.00,7498.00
25165947991415904,20050627,7469.00,7469.00,74,241439,1830446300.00,7469.00,7670.00,7445.00,7588.00
25165947991415904,20050628,7518.00,7518.00,104,665665,5060933875.00,7455.00,7730.00,7469.00,7699.00
25165947991415904,20050629,7646.00,7646.00,171,790383,6043402513.00,7500.00,7800.00,7518.00,7610.00
25165947991415904,20050702,7633.00,7633.00,282,851607,6500399334.00,7200.00,7880.00,7646.00,7750.00
25165947991415904,20050703,7745.00,7745.00,600,2469610,19128409211.00,7260.00,8000.00,7633.00,7750.00
25165947991415904,20050815,6096.00,6096.00,213,1102139,6719397178.00,5950.00,6190.00,7745.00,6180.00
25165947991415904,20050816,5533.00,5533.00,408,1192872,6600815533.00,5500.00,5801.00,6096.00,5801.00
25165947991415904,20050817,5500.00,5500.00,233,702101,3861741198.00,5500.00,5609.00,5533.00,5500.00
25165947991415904,20050820,5501.00,5501.00,153,374794,2061773143.00,5500.00,5590.00,5500.00,5500.00
25165947991415904,20050821,5500.00,5500.00,111,179885,989433883.00,5500.00,5543.00,5501.00,5502.00
25165947991415904,20050822,5500.00,5500.00,147,355525,1955438367.00,5500.00,5501.00,5500.00,5500.00
25165947991415904,20050823,5500.00,5500.00,114,277073,1523964383.00,5500.00,5510.00,5500.00,5500.00
25165947991415904,20050824,5500.00,5500.00,123,297590,1636789229.00,5499.00,5501.00,5500.00,5499.00
25165947991415904,20050827,5500.00,5500.00,105,215394,1184840154.00,5500.00,5520.00,5500.00,5500.00
25165947991415904,20050828,5500.00,5500.00,166,366779,2017390289.00,5500.00,5578.00,5500.00,5500.00
25165947991415904,20050829,5500.00,5500.00,145,384491,2114752038.00,5500.00,5510.00,5500.00,5500.00
25165947991415904,20050830,5500.00,5500.00,156,417377,2295603867.00,5498.00,5501.00,5500.00,5498.00
25165947991415904,20050831,5500.00,5500.00,139,457586,2516737334.00,5500.00,5501.00,5500.00,5500.00
25165947991415904,20050903,5401.00,5401.00,160,548229,2961288002.00,5400.00,5500.00,5500.00,5499.00
25165947991415904,20050904,5350.00,5350.00,186,816231,4366849023.00,5350.00,5351.00,5401.00,5351.00
25165947991415904,20050905,5250.00,5250.00,214,968802,5086216689.00,5240.00,5251.00,5350.00,5250.00
25165947991415904,20050906,5100.00,5100.00,200,929632,4741124298.00,5100.00,5101.00,5250.00,5100.00
25165947991415904,20050907,5114.00,5114.00,116,400682,2049276481.00,5000.00,5121.00,5100.00,5000.00
25165947991415904,20050910,5145.00,5145.00,112,329495,1697049649.00,5120.00,5200.00,5114.00,5120.00
25165947991415904,20050911,5151.00,5151.00,92,5352165,26796555189.00,5000.00,5161.00,5145.00,5161.00
25165947991415904,20050912,5164.00,5164.00,125,501768,2591630669.00,5160.00,5166.00,5151.00,5160.00
25165947991415904,20050913,5165.00,5165.00,106,449512,2321747857.00,5165.00,5166.00,5164.00,5166.00
25165947991415904,20050914,5178.00,5178.00,96,349548,1810367481.00,5160.00,5181.00,5165.00,5160.00
25165947991415904,20050917,5178.00,5178.00,89,327280,1695304633.00,5178.00,5195.00,5178.00,5178.00
25165947991415904,20050918,5179.00,5179.00,72,264377,1369502566.00,5179.00,5181.00,5178.00,5180.00
25165947991415904,20050919,5179.00,5179.00,82,343295,1778278408.00,5179.00,5181.00,5179.00,5179.00
25165947991415904,20050921,5240.00,5240.00,88,359342,1883084045.00,5179.00,5251.00,5179.00,5179.00
25165947991415904,20050924,5212.00,5212.00,81,257497,1338985218.00,5200.00,5212.00,5240.00,5200.00
25165947991415904,20050925,5199.00,5199.00,188,1009580,5249530135.00,5100.00,5201.00,5212.00,5200.00
25165947991415904,20050926,5049.00,5049.00,208,1029643,5199417923.00,4682.00,5188.00,5199.00,5188.00
25165947991415904,20050927,4800.00,4800.00,181,770136,3696659660.00,4800.00,4801.00,5049.00,4800.00
25165947991415904,20050928,4800.00,4800.00,107,446193,2141802652.00,4800.00,5000.00,4800.00,4800.00
25165947991415904,20051001,4800.00,4800.00,71,283411,1360385586.00,4800.00,4801.00,4800.00,4800.00
25165947991415904,20051002,4800.00,4800.00,50,150301,721456371.00,4800.00,4982.00,4800.00,4800.00
25165947991415904,20051003,4800.00,4800.00,79,248338,1192046293.00,4800.00,4801.00,4800.00,4800.00
25165947991415904,20051004,4800.00,4800.00,71,221282,1062197441.00,4800.00,4850.00,4800.00,4800.00
25165947991415904,20051005,4800.00,4800.00,97,269089,1291708816.00,4800.00,4801.00,4800.00,4800.00
25165947991415904,20051008,4800.00,4800.00,54,176824,848831555.00,4800.00,4850.00,4800.00,4800.00
25165947991415904,20051009,4800.00,4800.00,71,194207,932213134.00,4800.00,4801.00,4800.00,4800.00
25165947991415904,20051010,4800.00,4800.00,67,197461,947838474.00,4800.00,4801.00,4800.00,4800.00
25165947991415904,20051011,4800.00,4800.00,49,188809,906276760.00,4799.00,4801.00,4800.00,4800.00
25165947991415904,20051012,4800.00,4800.00,59,250940,1204514887.00,4800.00,4801.00,4800.00,4800.00
25165947991415904,20051015,4800.00,4800.00,88,286008,1372840857.00,4800.00,4801.00,4800.00,4800.00
25165947991415904,20051016,4800.00,4800.00,70,794370,3812980835.00,4800.00,4801.00,4800.00,4800.00
25165947991415904,20051017,4800.00,4800.00,82,330580,1586787400.00,4800.00,4801.00,4800.00,4800.00
25165947991415904,20051018,4800.00,4800.00,81,887816,4261516818.00,4800.00,4801.00,4800.00,4800.00
25165947991415904,20051019,4809.00,4809.00,76,336859,1620528713.00,4799.00,4816.00,4800.00,4799.00
25165947991415904,20051022,4813.00,4813.00,65,255525,1230356700.00,4813.00,4816.00,4809.00,4815.00
25165947991415904,20051023,4813.00,4813.00,56,206526,994420140.00,4810.00,4816.00,4813.00,4810.00
25165947991415904,20051024,4814.00,4814.00,66,285896,1376611689.00,4814.00,4816.00,4813.00,4815.00
25165947991415904,20051026,4814.00,4814.00,61,236116,1136900088.00,4814.00,4816.00,4814.00,4815.00
25165947991415904,20051029,4814.00,4814.00,89,368136,1772571556.00,4810.00,4816.00,4814.00,4810.00
25165947991415904,20051030,4815.00,4815.00,96,439046,2114007052.00,4815.00,4816.00,4814.00,4815.00
25165947991415904,20051031,4815.00,4815.00,116,435522,2097039931.00,4815.00,4816.00,4815.00,4815.00
25165947991415904,20051101,4814.00,4814.00,132,573900,2763319421.00,4812.00,4816.00,4815.00,4815.00
25165947991415904,20051102,4780.00,4780.00,117,621683,2971650980.00,4780.00,4781.00,4814.00,4780.00
25165947991415904,20051105,4780.00,4780.00,89,463053,2213393340.00,4780.00,4780.00,4780.00,4780.00
25165947991415904,20051106,4777.00,4777.00,75,604348,2811968120.00,4400.00,4781.00,4780.00,4780.00
25165947991415904,20051107,4598.00,4598.00,105,920609,4203753850.00,4539.00,4601.00,4777.00,4600.00
25165947991415904,20051108,4475.00,4475.00,88,383172,1714709746.00,4369.00,4481.00,4598.00,4480.00
25165947991415904,20051109,4334.00,4334.00,112,440220,1907826300.00,4252.00,4347.00,4475.00,4346.00
25165947991415904,20051112,4334.00,4334.00,72,326092,1413284657.00,4334.00,4335.00,4334.00,4334.00
25165947991415904,20051113,4337.00,4337.00,65,305261,1324223393.00,4337.00,4339.00,4334.00,4338.00
25165947991415904,20051114,4337.00,4337.00,59,272462,1181941043.00,4337.00,4339.00,4337.00,4338.00
25165947991415904,20051115,4337.00,4337.00,42,214553,930519209.00,4337.00,4338.00,4337.00,4337.00
25165947991415904,20051116,4337.00,4337.00,49,224527,973780837.00,4337.00,4338.00,4337.00,4337.00
25165947991415904,20051119,4337.00,4337.00,57,250949,1088381884.00,4337.00,4338.00,4337.00,4337.00
25165947991415904,20051120,4337.00,4337.00,50,253563,1099706171.00,4337.00,4338.00,4337.00,4337.00
25165947991415904,20051121,4337.00,4337.00,37,229416,994977283.00,4337.00,4338.00,4337.00,4337.00
25165947991415904,20051122,4337.00,4337.00,42,185473,804397577.00,4337.00,4338.00,4337.00,4337.00
25165947991415904,20051123,4337.00,4337.00,50,182964,793524879.00,4337.00,4338.00,4337.00,4337.00
25165947991415904,20051126,4476.00,4476.00,346,2310973,10615598130.00,4337.00,4798.00,4337.00,4338.00
25165947991415904,20051127,4487.00,4487.00,235,965620,4332870400.00,4400.00,4706.00,4476.00,4701.00
25165947991415904,20051129,4489.00,4489.00,130,456532,2049669189.00,4480.00,4529.00,4487.00,4480.00
25165947991415904,20051130,4510.00,4510.00,145,666243,3004951011.00,4499.00,4543.00,4489.00,4499.00
25165947991415904,20051203,4540.00,4540.00,204,735864,3341517352.00,4540.00,4547.00,4510.00,4540.00
25165947991415904,20051204,4633.00,4633.00,210,678342,3142993317.00,4550.00,4749.00,4540.00,4551.00
25165947991415904,20051205,4564.00,4564.00,147,604603,2759913642.00,4555.00,4690.00,4633.00,4627.00
25165947991415904,20051206,4550.00,4550.00,154,503591,2291412768.00,4550.00,4551.00,4564.00,4550.00
25165947991415904,20051210,4532.00,4532.00,127,476102,2158105674.00,4323.00,4551.00,4550.00,4550.00
25165947991415904,20051211,4530.00,4530.00,87,384903,1743615612.00,4530.00,4531.00,4532.00,4530.00
25165947991415904,20051212,4530.00,4530.00,83,324260,1468925447.00,4530.00,4531.00,4530.00,4530.00
25165947991415904,20051213,4530.00,4530.00,70,252677,1144638511.00,4530.00,4531.00,4530.00,4530.00
25165947991415904,20051214,4530.00,4530.00,65,264932,1200145258.00,4530.00,4531.00,4530.00,4530.00
25165947991415904,20051217,4530.00,4530.00,75,303937,1376836143.00,4530.00,4531.00,4530.00,4530.00
25165947991415904,20051218,4530.00,4530.00,76,310758,1407763260.00,4530.00,4531.00,4530.00,4530.00
25165947991415904,20051219,4530.00,4530.00,62,247270,1120143110.00,4530.00,4531.00,4530.00,4530.00
25165947991415904,20051220,4530.00,4530.00,63,283425,1283922570.00,4530.00,4531.00,4530.00,4530.00
25165947991415904,20051221,4530.00,4530.00,72,229325,1038860550.00,4530.00,4531.00,4530.00,4530.00
25165947991415904,20051224,4530.00,4530.00,62,844255,3824504352.00,4530.00,4531.00,4530.00,4530.00
25165947991415904,20051225,4530.00,4530.00,55,216138,979108023.00,4530.00,4531.00,4530.00,4530.00
25165947991415904,20051226,4530.00,4530.00,50,193541,876747816.00,4530.00,4531.00,4530.00,4530.00
25165947991415904,20051227,4530.00,4530.00,92,271535,1230057306.00,4530.00,4531.00,4530.00,4530.00
25165947991415904,20051228,4530.00,4530.00,43,191331,866745298.00,4530.00,4531.00,4530.00,4530.00
25165947991415904,20051231,4530.00,4530.00,60,234829,1063780950.00,4530.00,4531.00,4530.00,4530.00
25165947991415904,20060101,4530.00,4530.00,65,233608,1058251561.00,4530.00,4531.00,4530.00,4530.00
25165947991415904,20060102,4530.00,4530.00,61,221537,1003567447.00,4530.00,4531.00,4530.00,4530.00
25165947991415904,20060103,4530.00,4530.00,78,319557,1447706035.00,4530.00,4531.00,4530.00,4530.00
25165947991415904,20060104,4530.00,4530.00,53,194461,880913467.00,4530.00,4531.00,4530.00,4530.00
25165947991415904,20060107,4530.00,4530.00,78,256521,1162041430.00,4530.00,4531.00,4530.00,4530.00
25165947991415904,20060108,4530.00,4530.00,73,221981,1005587950.00,4530.00,4531.00,4530.00,4530.00
25165947991415904,20060109,4530.00,4530.00,76,219819,995780309.00,4530.00,4531.00,4530.00,4530.00
25165947991415904,20060110,4530.00,4530.00,57,151216,685010784.00,4530.00,4531.00,4530.00,4530.00
25165947991415904,20060114,4529.00,4529.00,98,352808,1598059792.00,4500.00,4531.00,4530.00,4500.00
25165947991415904,20060115,4529.00,4529.00,54,242015,1096086675.00,4529.00,4530.00,4529.00,4530.00
25165947991415904,20060116,4529.00,4529.00,56,226020,1023644580.00,4529.00,4529.00,4529.00,4529.00
25165947991415904,20060117,4529.00,4529.00,77,304786,1380693379.00,4529.00,4531.00,4529.00,4530.00
25165947991415904,20060118,4529.00,4529.00,55,210991,955578678.00,4529.00,4530.00,4529.00,4529.00
25165947991415904,20060121,4529.00,4529.00,57,255874,1158853356.00,4529.00,4530.00,4529.00,4529.00
25165947991415904,20060122,4529.00,4529.00,65,348431,1578044581.00,4529.00,4530.00,4529.00,4529.00
25165947991415904,20060123,4529.00,4529.00,46,227862,1031986998.00,4529.00,4529.00,4529.00,4529.00
25165947991415904,20060124,4529.00,4529.00,65,327002,1480992058.00,4529.00,4529.00,4529.00,4529.00
25165947991415904,20060125,4529.00,4529.00,63,257659,1166937611.00,4529.00,4529.00,4529.00,4529.00
25165947991415904,20060128,4529.00,4529.00,45,228404,1034443069.00,4529.00,4530.00,4529.00,4529.00
25165947991415904,20060129,4529.00,4529.00,49,230025,1041783955.00,4529.00,4530.00,4529.00,4529.00
25165947991415904,20060130,4529.00,4529.00,62,320836,1453068876.00,4529.00,4530.00,4529.00,4529.00
25165947991415904,20060131,4529.00,4529.00,81,331724,1502378256.00,4529.00,4530.00,4529.00,4529.00
25165947991415904,20060201,4529.00,4529.00,85,419452,1899698108.00,4529.00,4529.00,4529.00,4529.00
25165947991415904,20060204,4528.00,4528.00,78,1391523,6174135340.00,4350.00,4530.00,4529.00,4529.00
25165947991415904,20060205,4449.00,4449.00,190,751263,3342487110.00,4302.00,4528.00,4528.00,4528.00
25165947991415904,20060206,4373.00,4373.00,151,610928,2671614530.00,4227.00,4450.00,4449.00,4450.00
25165947991415904,20060207,4343.00,4343.00,141,584330,2537599071.00,4166.00,4376.00,4373.00,4375.00
25165947991415904,20060212,4313.00,4313.00,163,778457,3357171304.00,4199.00,4350.00,4343.00,4350.00
25165947991415904,20060213,4298.00,4298.00,102,472625,2031785915.00,4133.00,4315.00,4313.00,4315.00
25165947991415904,20060214,4283.00,4283.00,112,502140,2150813236.00,4213.00,4300.00,4298.00,4300.00
25165947991415904,20060215,4255.00,4255.00,126,609743,2594649563.00,4198.00,4285.00,4283.00,4285.00
25165947991415904,20060218,4265.00,4265.00,70,204403,872800819.00,4265.00,4271.00,4255.00,4270.00
25165947991415904,20060219,4274.00,4274.00,60,202373,866157023.00,4274.00,4281.00,4265.00,4280.00
25165947991415904,20060220,4279.00,4279.00,43,128129,549673739.00,4279.00,4291.00,4274.00,4290.00
25165947991415904,20060221,4283.00,4283.00,53,451261,1935909620.00,4283.00,4290.00,4279.00,4290.00
25165947991415904,20060222,4285.00,4285.00,59,160236,687414244.00,4285.00,4291.00,4283.00,4290.00
25165947991415904,20060225,4287.00,4287.00,49,166503,714298306.00,4287.00,4291.00,4285.00,4290.00
25165947991415904,20060226,4291.00,4291.00,61,188487,809554697.00,4291.00,4296.00,4287.00,4295.00
25165947991415904,20060227,4295.00,4295.00,60,172817,743115520.00,4295.00,4301.00,4291.00,4300.00
25165947991415904,20060228,4297.00,4297.00,76,191338,822761984.00,4297.00,4301.00,4295.00,4300.00
25165947991415904,20060301,4298.00,4298.00,54,180153,774659725.00,4298.00,4301.00,4297.00,4300.00
25165947991415904,20060304,4299.00,4299.00,58,192277,826791202.00,4299.00,4301.00,4298.00,4300.00
25165947991415904,20060305,4299.00,4299.00,62,168965,726553602.00,4299.00,4301.00,4299.00,4300.00
25165947991415904,20060306,4299.00,4299.00,58,185385,797155490.00,4299.00,4300.00,4299.00,4300.00
25165947991415904,20060307,4299.00,4299.00,53,168280,723610010.00,4299.00,4301.00,4299.00,4300.00
25165947991415904,20060308,4299.00,4299.00,59,195834,842086324.00,4299.00,4301.00,4299.00,4300.00
25165947991415904,20060311,4299.00,4299.00,63,229431,986553740.00,4299.00,4301.00,4299.00,4300.00
25165947991415904,20060312,4299.00,4299.00,77,249471,1072726280.00,4299.00,4301.00,4299.00,4300.00
25165947991415904,20060313,4299.00,4299.00,69,244399,1050915710.00,4299.00,4301.00,4299.00,4300.00
25165947991415904,20060314,4299.00,4299.00,72,213557,918317128.00,4299.00,4301.00,4299.00,4300.00
25165947991415904,20060315,4299.00,4299.00,63,227539,978418879.00,4299.00,4301.00,4299.00,4300.00
25165947991415904,20060318,4299.00,4299.00,51,188850,812055491.00,4299.00,4301.00,4299.00,4300.00
25165947991415904,20060319,4299.00,4299.00,52,187029,804225152.00,4299.00,4301.00,4299.00,4300.00
25165947991415904,20060325,4299.00,4299.00,39,159935,687720490.00,4299.00,4300.00,4299.00,4300.00
25165947991415904,20060326,4299.00,4299.00,39,131320,564675990.00,4299.00,4300.00,4299.00,4300.00
25165947991415904,20060327,4299.00,4299.00,29,107299,461385690.00,4299.00,4300.00,4299.00,4300.00
25165947991415904,20060328,4299.00,4299.00,29,104372,448799705.00,4299.00,4301.00,4299.00,4300.00
25165947991415904,20060403,4299.00,4299.00,35,126263,542930890.00,4299.00,4300.00,4299.00,4300.00
25165947991415904,20060404,4299.00,4299.00,47,140621,604673411.00,4299.00,4301.00,4299.00,4300.00
25165947991415904,20060405,4299.00,4299.00,59,159961,687832290.00,4299.00,4300.00,4299.00,4300.00
25165947991415904,20060408,4299.00,4299.00,53,156192,671625590.00,4299.00,4300.00,4299.00,4300.00
25165947991415904,20060409,4299.00,4299.00,67,197837,850699135.00,4299.00,4301.00,4299.00,4300.00
25165947991415904,20060410,4299.00,4299.00,59,189280,813904100.00,4299.00,4301.00,4299.00,4300.00
25165947991415904,20060411,4299.00,4299.00,61,194855,837877690.00,4299.00,4301.00,4299.00,4300.00
25165947991415904,20060412,4299.00,4299.00,92,246059,1058063390.00,4299.00,4301.00,4299.00,4300.00
25165947991415904,20060415,4299.00,4299.00,66,220692,948755866.00,4299.00,4300.00,4299.00,4299.00
25165947991415904,20060417,4299.00,4299.00,61,200214,860719986.00,4299.00,4299.00,4299.00,4299.00
25165947991415904,20060418,4299.00,4299.00,61,185362,796871338.00,4299.00,4300.00,4299.00,4299.00
25165947991415904,20060419,4299.00,4299.00,72,201331,865527200.00,4299.00,4300.00,4299.00,4299.00
25165947991415904,20060422,4299.00,4299.00,63,208746,897400422.00,4299.00,4300.00,4299.00,4299.00
25165947991415904,20060423,4299.00,4299.00,70,214470,922006530.00,4299.00,4299.00,4299.00,4299.00
25165947991415904,20060424,4299.00,4299.00,58,220506,947955294.00,4299.00,4299.00,4299.00,4299.00
25165947991415904,20060425,4299.00,4299.00,78,234877,1009736473.00,4299.00,4300.00,4299.00,4299.00
25165947991415904,20060426,4299.00,4299.00,85,245251,1054336465.00,4299.00,4300.00,4299.00,4299.00
25165947991415904,20060429,4299.00,4299.00,79,227307,977195105.00,4299.00,4300.00,4299.00,4299.00
25165947991415904,20060430,4299.00,4299.00,63,195632,841022893.00,4299.00,4300.00,4299.00,4299.00
25165947991415904,20060501,4299.00,4299.00,75,228958,984293673.00,4299.00,4300.00,4299.00,4299.00
25165947991415904,20060502,4298.00,4298.00,4,5050,21283140.00,4214.00,4298.00,4299.00,4294.00
25165947991415904,20060503,4296.00,4296.00,13,10241,43146163.00,4213.00,4296.00,4298.00,4213.00
25165947991415904,20060506,4295.00,4295.00,8,6902,29065162.00,4211.00,4295.00,4296.00,4211.00
25165947991415904,20060507,4295.00,4295.00,3,133,560780.00,4210.00,4295.00,4295.00,4210.00
25165947991415904,20060508,4295.00,4295.00,2,56,236610.00,4210.00,4295.00,4295.00,4210.00
25165947991415904,20060509,4293.00,4293.00,4,12290,51741730.00,4210.00,4293.00,4295.00,4210.00
25165947991415904,20060510,4293.00,4293.00,3,70,295410.00,4208.00,4293.00,4293.00,4208.00
25165947991415904,20060513,4292.00,4292.00,4,4190,17632360.00,4208.00,4292.00,4293.00,4208.00
25165947991415904,20060514,4291.00,4291.00,2,1428,6008436.00,4207.00,4291.00,4292.00,4207.00
25165947991415904,20060516,4290.00,4290.00,2,765,3218430.00,4206.00,4290.00,4291.00,4206.00
25165947991415904,20060517,4289.00,4289.00,3,1202,5055250.00,4205.00,4289.00,4290.00,4205.00
25165947991415904,20060521,4289.00,4289.00,4,33,139582.00,4204.00,4289.00,4289.00,4204.00
25165947991415904,20060522,4288.00,4288.00,4,2024,8509736.00,4204.00,4288.00,4289.00,4204.00
25165947991415904,20060523,4287.00,4287.00,3,3914,16451382.00,4203.00,4287.00,4288.00,4203.00
25165947991415904,20060527,4287.00,4287.00,5,210,883270.00,4202.00,4287.00,4287.00,4202.00
25165947991415904,20060528,4286.00,4286.00,2,1666,7001372.00,4202.00,4286.00,4287.00,4202.00
25165947991415904,20060529,4285.00,4285.00,4,887,3727127.00,4201.00,4285.00,4286.00,4201.00
25165947991415904,20060530,4285.00,4285.00,3,236,992050.00,4200.00,4285.00,4285.00,4200.00
25165947991415904,20060531,4284.00,4284.00,4,537,2256240.00,4200.00,4284.00,4285.00,4200.00
25165947991415904,20060606,4284.00,4284.00,2,365,1533485.00,4199.00,4284.00,4284.00,4199.00
25165947991415904,20060610,4283.00,4283.00,9,7265,30506575.00,4199.00,4283.00,4284.00,4199.00
25165947991415904,20060611,4282.00,4282.00,3,735,3086370.00,4198.00,4282.00,4283.00,4198.00
25165947991415904,20060612,4282.00,4282.00,2,210,882220.00,4197.00,4282.00,4282.00,4197.00
25165947991415904,20060613,4281.00,4281.00,8,3788,15899076.00,4197.00,4281.00,4282.00,4197.00
25165947991415904,20060614,4279.00,4279.00,5,10057,42200002.00,4196.00,4279.00,4281.00,4196.00
25165947991415904,20060617,4279.00,4279.00,2,333,1397452.00,4194.00,4279.00,4279.00,4194.00
25165947991415904,20060618,4216.00,4216.00,453,1048598,4421720995.00,4194.00,4300.00,4279.00,4220.00
25165947991415904,20060619,4209.00,4209.00,27,55925,231082870.00,4132.00,4209.00,4216.00,4132.00
25165947991415904,20060904,3203.00,3203.00,263,1006931,3226071434.00,3090.00,3351.00,4209.00,3350.00
25165947991415904,20060905,3185.00,3185.00,79,212893,668519425.00,3139.00,3200.00,3203.00,3200.00
25165947991415904,20060906,3181.00,3181.00,27,46453,145026856.00,3122.00,3181.00,3185.00,3122.00
25165947991415904,20060910,3180.00,3180.00,9,7775,24243070.00,3118.00,3180.00,3181.00,3118.00
25165947991415904,20060911,3139.00,3139.00,159,487121,1518356377.00,3117.00,3139.00,3180.00,3117.00
25165947991415904,20060912,3077.00,3077.00,267,993454,3056857958.00,3077.00,3077.00,3139.00,3077.00
25165947991415904,20060913,3105.00,3105.00,107,370715,1161945467.00,3080.00,3138.00,3077.00,3080.00
25165947991415904,20060916,3146.00,3146.00,101,502530,1591512300.00,3146.00,3167.00,3105.00,3167.00
25165947991415904,20060917,3208.00,3208.00,213,1123403,3603876824.00,3208.00,3208.00,3146.00,3208.00
25165947991415904,20060918,3271.00,3271.00,860,4689590,15344300416.00,3269.00,3272.00,3208.00,3272.00
25165947991415904,20060919,3336.00,3336.00,166,754434,2516791824.00,3336.00,3336.00,3271.00,3336.00
25165947991415904,20060920,3390.00,3390.00,656,2977488,10095813575.00,3300.00,3402.00,3336.00,3402.00
25165947991415904,20060923,3456.00,3456.00,249,988471,3416984190.00,3448.00,3457.00,3390.00,3457.00
25165947991415904,20060924,3525.00,3525.00,452,2605901,9185801025.00,3525.00,3525.00,3456.00,3525.00
25165947991415904,20060925,3595.00,3595.00,269,1006764,3619316580.00,3595.00,3595.00,3525.00,3595.00
25165947991415904,20060926,3666.00,3666.00,346,1014365,3718662090.00,3666.00,3666.00,3595.00,3666.00
25165947991415904,20060927,3739.00,3739.00,390,1017652,3805000828.00,3739.00,3739.00,3666.00,3739.00
25165947991415904,20060930,3741.00,3741.00,18,27665,105485925.00,3741.00,3813.00,3739.00,3813.00
25165947991415904,20061001,3745.00,3745.00,41,49863,190226645.00,3745.00,3815.00,3741.00,3815.00
25165947991415904,20061002,3749.00,3749.00,33,42942,163994798.00,3749.00,3819.00,3745.00,3819.00
25165947991415904,20061003,3823.00,3823.00,323,778660,2976817180.00,3823.00,3823.00,3749.00,3823.00
25165947991415904,20061004,3886.00,3886.00,1796,7531825,29270956142.00,3753.00,3899.00,3823.00,3899.00
25165947991415904,20061007,3883.00,3883.00,671,2220289,8621298936.00,3809.00,3963.00,3886.00,3963.00
25165947991415904,20061008,3809.00,3809.00,191,721359,2745680144.00,3806.00,3854.00,3883.00,3850.00
25165947991415904,20061009,3733.00,3733.00,206,1093343,4081449419.00,3733.00,3733.00,3809.00,3733.00
25165947991415904,20061010,3659.00,3659.00,134,1072458,3924123822.00,3659.00,3659.00,3733.00,3659.00
25165947991415904,20061011,3606.00,3606.00,132,541979,1943536894.00,3586.00,3606.00,3659.00,3586.00
25165947991415904,20061014,3604.00,3604.00,10,20275,71652550.00,3534.00,3604.00,3606.00,3534.00
25165947991415904,20061016,3604.00,3604.00,3,540,1908000.00,3532.00,3604.00,3604.00,3532.00
25165947991415904,20061017,3598.00,3598.00,15,62258,219895916.00,3532.00,3598.00,3604.00,3532.00
25165947991415904,20061021,3597.00,3597.00,10,12787,45100449.00,3527.00,3597.00,3598.00,3527.00
25165947991415904,20061022,3596.00,3596.00,6,10954,38624504.00,3526.00,3596.00,3597.00,3526.00
25165947991415904,20061023,3592.00,3592.00,15,43363,152855245.00,3525.00,3592.00,3596.00,3525.00
25165947991415904,20061028,3591.00,3591.00,5,7729,27214509.00,3521.00,3591.00,3592.00,3521.00
25165947991415904,20061029,3591.00,3591.00,2,3300,11616710.00,3520.00,3591.00,3591.00,3520.00
25165947991415904,20061030,3591.00,3591.00,4,4616,16249030.00,3520.00,3591.00,3591.00,3520.00
25165947991415904,20061031,3591.00,3591.00,6,2113,7438470.00,3520.00,3591.00,3591.00,3520.00
25165947991415904,20061101,3591.00,3591.00,4,1968,6928070.00,3520.00,3591.00,3591.00,3520.00
25165947991415904,20061104,3591.00,3591.00,7,3256,11461830.00,3520.00,3591.00,3591.00,3520.00
25165947991415904,20061105,3591.00,3591.00,2,913,3214470.00,3520.00,3591.00,3591.00,3520.00
25165947991415904,20061106,3591.00,3591.00,2,1010,3555910.00,3520.00,3591.00,3591.00,3520.00
25165947991415904,20061107,3590.00,3590.00,3,5941,20913020.00,3520.00,3590.00,3591.00,3520.00
25165947991415904,20061108,3589.00,3589.00,9,9584,33726796.00,3519.00,3589.00,3590.00,3519.00
25165947991415904,20061111,3589.00,3589.00,3,342,1203866.00,3518.00,3589.00,3589.00,3518.00
25165947991415904,20061112,3587.00,3587.00,12,25290,88970910.00,3518.00,3587.00,3589.00,3518.00
25165947991415904,20061113,3587.00,3587.00,11,3846,13523246.00,3516.00,3587.00,3587.00,3516.00
25165947991415904,20070120,1655.00,1655.00,851,3919092,6487465865.00,1220.00,2270.00,3587.00,1429.00
25165947991415904,20070121,1654.00,1654.00,11,27737,44989734.00,1622.00,1654.00,1655.00,1622.00
25165947991415904,20070122,1653.00,1653.00,11,31547,51138007.00,1621.00,1653.00,1654.00,1621.00
25165947991415904,20070123,1652.00,1652.00,12,19501,31591940.00,1620.00,1652.00,1653.00,1620.00
25165947991415904,20070124,1652.00,1652.00,6,7641,12371109.00,1619.00,1652.00,1652.00,1619.00
25165947991415904,20070127,1650.00,1650.00,18,51362,83155388.00,1619.00,1650.00,1652.00,1619.00
25165947991415904,20070128,1649.00,1649.00,5,12305,19897505.00,1617.00,1649.00,1650.00,1617.00
25165947991415904,20070131,1649.00,1649.00,2,410,663290.00,1617.00,1649.00,1649.00,1617.00
25165947991415904,20070203,1649.00,1649.00,6,3217,5202209.00,1617.00,1649.00,1649.00,1617.00
25165947991415904,20070204,1649.00,1649.00,8,4313,6974441.00,1617.00,1649.00,1649.00,1617.00
25165947991415904,20070206,1648.00,1648.00,9,15170,24530200.00,1617.00,1648.00,1649.00,1617.00
25165947991415904,20070207,1647.00,1647.00,10,19725,31875910.00,1616.00,1647.00,1648.00,1616.00
25165947991415904,20070210,1647.00,1647.00,2,110,177970.00,1615.00,1647.00,1647.00,1615.00
25165947991415904,20070212,1647.00,1647.00,3,7583,12246865.00,1615.00,1647.00,1647.00,1615.00
25165947991415904,20070213,1647.00,1647.00,3,2216,3579160.00,1615.00,1647.00,1647.00,1615.00
25165947991415904,20070214,1647.00,1647.00,6,1363,2201565.00,1615.00,1647.00,1647.00,1615.00
25165947991415904,20070217,1647.00,1647.00,2,127,205425.00,1615.00,1647.00,1647.00,1615.00
25165947991415904,20070218,1647.00,1647.00,3,5243,8467765.00,1615.00,1647.00,1647.00,1615.00
25165947991415904,20070219,1647.00,1647.00,4,2045,3302995.00,1615.00,1647.00,1647.00,1615.00
25165947991415904,20070220,1645.00,1645.00,22,53524,86441560.00,1615.00,1645.00,1647.00,1615.00
25165947991415904,20070224,1645.00,1645.00,6,6119,9870267.00,1613.00,1645.00,1645.00,1613.00
25165947991415904,20070225,1645.00,1645.00,2,1243,2005279.00,1613.00,1645.00,1645.00,1613.00
25165947991415904,20070227,1645.00,1645.00,3,85,137425.00,1613.00,1645.00,1645.00,1613.00
25165947991415904,20070228,1645.00,1645.00,2,20,32580.00,1613.00,1645.00,1645.00,1613.00
25165947991415904,20070304,1645.00,1645.00,4,6791,10954203.00,1613.00,1645.00,1645.00,1613.00
25165947991415904,20070306,1645.00,1645.00,6,9687,15625451.00,1613.00,1645.00,1645.00,1613.00
25165947991415904,20070307,1645.00,1645.00,3,1237,1995601.00,1613.00,1645.00,1645.00,1613.00
25165947991415904,20070311,1645.00,1645.00,2,1855,2992435.00,1613.00,1645.00,1645.00,1613.00
25165947991415904,20070312,1644.00,1644.00,14,12183,19651489.00,1613.00,1644.00,1645.00,1613.00
25165947991415904,20070313,1641.00,1641.00,20,61705,99468750.00,1612.00,1641.00,1644.00,1612.00
25165947991415904,20070317,1641.00,1641.00,2,1800,2896520.00,1609.00,1641.00,1641.00,1609.00
25165947991415904,20070319,1641.00,1641.00,2,2482,3993858.00,1609.00,1641.00,1641.00,1609.00
25165947991415904,20070327,1641.00,1641.00,3,3559,5726751.00,1609.00,1641.00,1641.00,1609.00
25165947991415904,20070331,1641.00,1641.00,2,20,32500.00,1609.00,1641.00,1641.00,1609.00
25165947991415904,20070403,1641.00,1641.00,3,370,595650.00,1609.00,1641.00,1641.00,1609.00
25165947991415904,20070404,1641.00,1641.00,7,3727,5997063.00,1609.00,1641.00,1641.00,1609.00
25165947991415904,20070408,1641.00,1641.00,5,3260,5245660.00,1609.00,1641.00,1641.00,1609.00
25165947991415904,20070527,1128.00,1128.00,2001,10630313,11992606907.00,1089.00,1339.00,1641.00,1339.00
25165947991415904,20070528,1107.00,1107.00,509,2693377,2984254376.00,1106.00,1128.00,1128.00,1110.00
25165947991415904,20070529,1126.00,1126.00,328,2434750,2744259488.00,1100.00,1129.00,1107.00,1119.00
25165947991415904,20070530,1135.00,1135.00,88,291348,334467374.00,1135.00,1148.00,1126.00,1148.00
25165947991415904,20070602,1150.00,1150.00,125,518033,599364111.00,1150.00,1157.00,1135.00,1157.00
25165947991415904,20070603,1164.00,1164.00,123,446264,523467582.00,1164.00,1173.00,1150.00,1173.00
25165947991415904,20070606,1174.00,1174.00,758,2989738,3511671427.00,1141.00,1187.00,1164.00,1187.00
25165947991415904,20070609,1151.00,1151.00,197,917966,1056632424.00,1151.00,1154.00,1174.00,1153.00
25165947991415904,20070610,1166.00,1166.00,222,816712,952720015.00,1131.00,1174.00,1151.00,1140.00
25165947991415904,20070611,1166.00,1166.00,111,373990,435716996.00,1145.00,1178.00,1166.00,1178.00
25165947991415904,20070612,1159.00,1159.00,139,475025,545621202.00,1143.00,1166.00,1166.00,1166.00
25165947991415904,20070613,1159.00,1159.00,85,288938,335133266.00,1151.00,1170.00,1159.00,1157.00
25165947991415904,20070616,1155.00,1155.00,111,425779,489145692.00,1136.00,1160.00,1159.00,1159.00
25165947991415904,20070617,1156.00,1156.00,95,295269,342246967.00,1141.00,1170.00,1155.00,1148.00
25165947991415904,20070619,1166.00,1166.00,158,745177,873781924.00,1156.00,1179.00,1156.00,1156.00
25165947991415904,20070620,1182.00,1182.00,216,936574,1112449160.00,1170.00,1189.00,1166.00,1172.00
25165947991415904,20070623,1202.00,1202.00,242,1033978,1245855060.00,1202.00,1205.00,1182.00,1203.00
25165947991415904,20070624,1213.00,1213.00,142,580616,711827932.00,1212.00,1226.00,1202.00,1226.00
25165947991415904,20070625,1222.00,1222.00,83,447594,553673628.00,1222.00,1237.00,1213.00,1237.00
25165947991415904,20070908,2071.00,2071.00,1692,9231053,19124828453.00,1609.00,2200.00,1222.00,2050.00
25165947991415904,20070909,2076.00,2076.00,1250,9298913,19307932822.00,2030.00,2112.00,2071.00,2112.00
25165947991415904,20070910,2055.00,2055.00,162,562798,1152742080.00,2035.00,2080.00,2076.00,2076.00
25165947991415904,20070911,2052.00,2052.00,16,49506,99705464.00,2014.00,2052.00,2055.00,2014.00
25165947991415904,20070912,2051.00,2051.00,10,12413,24962943.00,2011.00,2051.00,2052.00,2011.00
25165947991415904,20070915,2050.00,2050.00,20,21339,42891790.00,2010.00,2050.00,2051.00,2010.00
25165947991415904,20070916,2050.00,2050.00,9,1249,2509651.00,2009.00,2050.00,2050.00,2009.00
25165947991415904,20070917,2049.00,2049.00,12,16271,32688839.00,2009.00,2049.00,2050.00,2009.00
25165947991415904,20070918,2049.00,2049.00,6,7477,15021693.00,2009.00,2049.00,2049.00,2009.00
25165947991415904,20070919,2049.00,2049.00,6,2941,5908869.00,2009.00,2049.00,2049.00,2009.00
25165947991415904,20070922,2049.00,2049.00,7,1195,2401155.00,2009.00,2049.00,2049.00,2009.00
25165947991415904,20070923,2022.00,2022.00,81,510333,1025259127.00,2009.00,2022.00,2049.00,2009.00
25165947991415904,20070924,1995.00,1995.00,69,500460,991911850.00,1982.00,1995.00,2022.00,1982.00
25165947991415904,20070925,1969.00,1969.00,62,500364,978712114.00,1956.00,1969.00,1995.00,1956.00
25165947991415904,20070926,1941.00,1941.00,71,535205,1032945760.00,1930.00,1941.00,1969.00,1930.00
25165947991415904,20070929,1908.00,1908.00,79,630232,1199331546.00,1903.00,1908.00,1941.00,1903.00
25165947991415904,20070930,1907.00,1907.00,14,25010,46769070.00,1870.00,1907.00,1908.00,1870.00
25165947991415904,20071002,1900.00,1900.00,25,139319,260387521.00,1869.00,1900.00,1907.00,1869.00
25165947991415904,20071006,1900.00,1900.00,6,420,782420.00,1862.00,1900.00,1900.00,1862.00
25165947991415904,20071008,1900.00,1900.00,2,94,175408.00,1862.00,1900.00,1900.00,1862.00
25165947991415904,20071010,1900.00,1900.00,4,1930,3594040.00,1862.00,1900.00,1900.00,1862.00
25165947991415904,20071014,1900.00,1900.00,5,880,1638940.00,1862.00,1900.00,1900.00,1862.00
25165947991415904,20071015,1900.00,1900.00,3,327,609254.00,1862.00,1900.00,1900.00,1862.00
25165947991415904,20071016,1862.00,1862.00,5,540,1005480.00,1862.00,1862.00,1900.00,1862.00
25165947991415904,20071017,1825.00,1825.00,2,140,255500.00,1825.00,1825.00,1862.00,1825.00
25165947991415904,20071020,1789.00,1789.00,6,2702,4833878.00,1789.00,1789.00,1825.00,1789.00
25165947991415904,20071021,1754.00,1754.00,2,1120,1964480.00,1754.00,1754.00,1789.00,1754.00
25165947991415904,20071022,1719.00,1719.00,24,100651,173019069.00,1719.00,1719.00,1754.00,1719.00
25165947991415904,20071215,837.00,837.00,1094,5683287,4759479653.00,702.00,899.00,1719.00,780.00
25165947991415904,20071216,842.00,842.00,75,252036,214986598.00,842.00,853.00,837.00,853.00
25165947991415904,20071217,858.00,858.00,123,779375,668703750.00,858.00,858.00,842.00,858.00
25165947991415904,20071218,864.00,864.00,62,254702,222864140.00,864.00,875.00,858.00,875.00
25165947991415904,20071219,869.00,869.00,57,222251,195803011.00,869.00,881.00,864.00,881.00
25165947991415904,20071222,875.00,875.00,60,242843,215158788.00,875.00,886.00,869.00,886.00
25165947991415904,20071223,881.00,881.00,75,275702,245926074.00,881.00,892.00,875.00,892.00
25165947991415904,20071224,881.00,881.00,7,3835,3443660.00,881.00,898.00,881.00,898.00
25165947991415904,20071225,881.00,881.00,10,22035,19787260.00,881.00,898.00,881.00,898.00
25165947991415904,20071226,882.00,882.00,9,22749,20428442.00,882.00,898.00,881.00,898.00
25165947991415904,20071230,886.00,886.00,63,198015,178015355.00,886.00,899.00,882.00,899.00
25165947991415904,20071231,887.00,887.00,23,44925661,56404146780.00,887.00,1256.00,886.00,903.00
25165947991415904,20080101,896.00,896.00,106,387657,350441848.00,896.00,904.00,887.00,904.00
25165947991415904,20080102,912.00,912.00,466,1826614,1667658572.00,912.00,913.00,896.00,913.00
25165947991415904,20080105,915.00,915.00,32,126416,117566730.00,915.00,930.00,912.00,930.00
25165947991415904,20080106,930.00,930.00,170,671346,626353788.00,930.00,933.00,915.00,933.00
25165947991415904,20080108,935.00,935.00,51,217072,205784126.00,935.00,948.00,930.00,948.00
25165947991415904,20080109,937.00,937.00,22,63913,60908929.00,937.00,953.00,935.00,953.00
25165947991415904,20080112,943.00,943.00,58,257148,245576220.00,943.00,955.00,937.00,955.00
25165947991415904,20080113,950.00,950.00,64,298894,287237024.00,950.00,961.00,943.00,961.00
25165947991415904,20080114,951.00,951.00,11,25283,24499047.00,951.00,969.00,950.00,969.00
25165947991415904,20080115,956.00,956.00,43,190190,184484160.00,956.00,970.00,951.00,970.00
25165947991415904,20080116,963.00,963.00,48,274871,267999105.00,963.00,975.00,956.00,975.00
25165947991415904,20080120,981.00,981.00,462,1932446,1895838474.00,963.00,982.00,963.00,982.00
25165947991415904,20080121,975.00,975.00,78,282976,273464360.00,962.00,984.00,981.00,982.00
25165947991415904,20080122,973.00,973.00,32,92006,87957906.00,956.00,973.00,975.00,956.00
25165947991415904,20080123,973.00,973.00,4,560,534430.00,954.00,973.00,973.00,954.00
25165947991415904,20080126,972.00,972.00,9,31359,29916666.00,954.00,972.00,973.00,954.00
25165947991415904,20080127,972.00,972.00,2,100,95490.00,953.00,972.00,972.00,953.00
25165947991415904,20080128,971.00,971.00,16,54113,51569869.00,953.00,971.00,972.00,953.00
25165947991415904,20080129,970.00,970.00,14,36212,34474004.00,952.00,970.00,971.00,952.00
25165947991415904,20080130,970.00,970.00,3,2081,1979221.00,951.00,970.00,970.00,951.00
25165947991415904,20080202,970.00,970.00,7,9827,9345667.00,951.00,970.00,970.00,951.00
25165947991415904,20080203,969.00,969.00,9,31598,30049878.00,951.00,969.00,970.00,951.00
25165947991415904,20080204,968.00,968.00,11,40001,38001130.00,950.00,968.00,969.00,950.00
25165947991415904,20080205,949.00,949.00,8,14365,13632385.00,949.00,949.00,968.00,949.00
25165947991415904,20080206,931.00,931.00,2,16923,15755313.00,931.00,931.00,949.00,931.00
25165947991415904,20080209,913.00,913.00,231,1353504,1235749152.00,913.00,913.00,931.00,913.00
25165947991415904,20080210,913.00,913.00,5,16800,15036180.00,895.00,913.00,913.00,895.00
25165947991415904,20080212,895.00,895.00,471,2056497,1841316820.00,895.00,919.00,913.00,895.00
25165947991415904,20080213,909.00,909.00,221,961663,874286100.00,887.00,912.00,895.00,912.00
25165947991415904,20080216,908.00,908.00,12,26500,23611670.00,891.00,908.00,909.00,891.00
25165947991415904,20080217,895.00,895.00,63,534284,475512810.00,890.00,895.00,908.00,890.00
25165947991415904,20080218,878.00,878.00,166,985363,865296741.00,878.00,889.00,895.00,878.00
25165947991415904,20080219,861.00,861.00,159,797348,686740328.00,861.00,867.00,878.00,863.00
25165947991415904,20080220,848.00,848.00,356,1963730,1666845655.00,844.00,878.00,861.00,849.00
25165947991415904,20080223,863.00,863.00,243,1348174,1164612146.00,860.00,864.00,848.00,864.00
25165947991415904,20080224,870.00,870.00,121,568042,495575630.00,860.00,880.00,863.00,869.00
25165947991415904,20080226,814.00,814.00,121,547721,446276278.00,806.00,890.00,870.00,848.00
25165947991415904,20080227,798.00,798.00,167,964828,770445144.00,798.00,813.00,814.00,813.00
25165947991415904,20080301,783.00,783.00,159,752050,588855150.00,783.00,783.00,798.00,783.00
25165947991415904,20080302,768.00,768.00,196,1176802,904044041.00,768.00,783.00,783.00,768.00
25165947991415904,20080303,774.00,774.00,51,314999,246548708.00,756.00,783.00,768.00,771.00
25165947991415904,20080304,772.00,772.00,45,137452,104826445.00,759.00,774.00,774.00,774.00
25165947991415904,20080305,775.00,775.00,114,3275880,2512022504.00,757.00,787.00,772.00,758.00
25165947991415904,20080309,773.00,773.00,64,246716,189600902.00,760.00,790.00,775.00,787.00
25165947991415904,20080310,764.00,764.00,87,1625238,1232119708.00,758.00,780.00,773.00,780.00
25165947991415904,20080311,757.00,757.00,86,352862,264441242.00,749.00,764.00,764.00,762.00
25165947991415904,20080312,746.00,746.00,133,748699,558640610.00,742.00,757.00,757.00,757.00
25165947991415904,20080315,742.00,742.00,44,406804,298288286.00,732.00,751.00,746.00,749.00
25165947991415904,20080316,737.00,737.00,54,613183,446563202.00,728.00,742.00,742.00,742.00
25165947991415904,20080317,739.00,739.00,28,95494,71543019.00,728.00,751.00,737.00,728.00
25165947991415904,20080318,739.00,739.00,2,1010,760390.00,739.00,753.00,739.00,753.00
25165947991415904,20080324,739.00,739.00,6,23787,17911471.00,739.00,753.00,739.00,753.00
25165947991415904,20080326,739.00,739.00,3,4850,3651910.00,739.00,753.00,739.00,753.00
25165947991415904,20080329,753.00,753.00,111,1000985,753741705.00,753.00,753.00,739.00,753.00
25165947991415904,20080330,755.00,755.00,18,79495,61052030.00,755.00,768.00,753.00,768.00
25165947991415904,20080402,755.00,755.00,3,610,469550.00,755.00,770.00,755.00,770.00
25165947991415904,20080405,756.00,756.00,16,64132,49381500.00,756.00,770.00,755.00,770.00
25165947991415904,20080406,770.00,770.00,315,2310109,1781038179.00,770.00,771.00,756.00,771.00
25165947991415904,20080407,758.00,758.00,106,714337,541296440.00,755.00,779.00,770.00,771.00
25165947991415904,20080408,743.00,743.00,238,2300710,1710185330.00,743.00,772.00,758.00,743.00
25165947991415904,20080409,740.00,740.00,43,177968,130083500.00,729.00,743.00,743.00,735.00
25165947991415904,20080412,738.00,738.00,40,188486,138067431.00,730.00,742.00,740.00,740.00
25165947991415904,20080413,735.00,735.00,39,157890,114410470.00,724.00,735.00,738.00,731.00
25165947991415904,20080414,734.00,734.00,20,72206,52083456.00,721.00,735.00,735.00,735.00
25165947991415904,20080415,733.00,733.00,60,249903,182893331.00,720.00,748.00,734.00,721.00
25165947991415904,20080416,731.00,731.00,29,120499,86842173.00,719.00,731.00,733.00,726.00
25165947991415904,20080419,729.00,729.00,28,103562,74508037.00,718.00,729.00,731.00,718.00
25165947991415904,20080420,726.00,726.00,43,172492,123336890.00,715.00,726.00,729.00,716.00
25165947991415904,20080421,723.00,723.00,40,153235,109175754.00,712.00,723.00,726.00,712.00
25165947991415904,20080422,722.00,722.00,35,111973,80450859.00,710.00,734.00,723.00,724.00
25165947991415904,20080423,721.00,721.00,26,98066,69875925.00,710.00,722.00,722.00,722.00
25165947991415904,20080426,714.00,714.00,90,395512,279699390.00,707.00,721.00,721.00,707.00
25165947991415904,20080427,710.00,710.00,58,207712,145740539.00,700.00,710.00,714.00,701.00
25165947991415904,20080428,696.00,696.00,126,813810,566971133.00,696.00,701.00,710.00,700.00
25165947991415904,20080429,683.00,683.00,150,1057928,722874714.00,683.00,689.00,696.00,683.00
25165947991415904,20080430,682.00,682.00,33,145012,98466988.00,671.00,696.00,683.00,690.00
25165947991415904,20080503,688.00,688.00,46,321663,223555715.00,688.00,695.00,682.00,695.00
25165947991415904,20080504,699.00,699.00,117,682398,478312938.00,692.00,701.00,688.00,701.00
25165947991415904,20080505,709.00,709.00,159,648895,461809315.00,706.00,712.00,699.00,712.00
25165947991415904,20080506,714.00,714.00,69,273927,198032891.00,714.00,723.00,709.00,722.00
25165947991415904,20080507,723.00,723.00,97,696618,507137854.00,723.00,728.00,714.00,728.00
25165947991415904,20080510,735.00,735.00,91,605107,450199518.00,735.00,744.00,723.00,744.00
25165947991415904,20080511,757.00,757.00,207,2286344,1730762408.00,757.00,757.00,735.00,757.00
25165947991415904,20080512,773.00,773.00,168,744246,575408164.00,758.00,779.00,757.00,779.00
25165947991415904,20080513,766.00,766.00,220,2257379,1717014523.00,750.00,796.00,773.00,767.00
25165947991415904,20080514,784.00,784.00,107,3886743,3049000368.00,766.00,788.00,766.00,788.00
25165947991415904,20080517,786.00,786.00,87,463037,365332361.00,783.00,807.00,784.00,800.00
25165947991415904,20080518,772.00,772.00,146,752448,581487418.00,763.00,787.00,786.00,783.00
25165947991415904,20080519,766.00,766.00,71,288539,218234372.00,750.00,790.00,772.00,763.00
25165947991415904,20080520,767.00,767.00,97,644316,494245931.00,745.00,788.00,766.00,788.00
25165947991415904,20080521,757.00,757.00,90,447692,335949467.00,750.00,769.00,767.00,767.00
25165947991415904,20080524,752.00,752.00,47,202723,149886038.00,735.00,774.00,757.00,764.00
25165947991415904,20080525,752.00,752.00,71,252947,190459275.00,744.00,768.00,752.00,754.00
25165947991415904,20080526,747.00,747.00,87,7863583,5759492898.00,730.00,764.00,752.00,748.00
25165947991415904,20080527,748.00,748.00,112,604594,452743274.00,730.00,760.00,747.00,759.00
25165947991415904,20080528,740.00,740.00,65,348166,254352612.00,726.00,741.00,748.00,733.00
25165947991415904,20080531,735.00,735.00,66,289090,210039758.00,718.00,735.00,740.00,727.00
25165947991415904,20080601,733.00,733.00,43,174953,126989819.00,713.00,750.00,735.00,713.00
25165947991415904,20080602,725.00,725.00,62,340651,243965955.00,712.00,750.00,733.00,733.00
25165947991415904,20080608,715.00,715.00,85,712217,507491124.00,707.00,725.00,725.00,725.00
25165947991415904,20080609,714.00,714.00,19,34555,24316581.00,700.00,715.00,715.00,715.00
25165947991415904,20080610,704.00,704.00,81,487366,340846979.00,695.00,712.00,714.00,711.00
25165947991415904,20080611,703.00,703.00,50,916944,641983716.00,695.00,722.00,704.00,704.00
25165947991415904,20080614,697.00,697.00,57,739117,504904804.00,682.00,700.00,703.00,700.00
25165947991415904,20080615,688.00,688.00,81,330637,223971237.00,677.00,688.00,697.00,677.00
25165947991415904,20080616,684.00,684.00,39,170523,114402073.00,668.00,688.00,688.00,670.00
25165947991415904,20080617,684.00,684.00,27,83060,56778703.00,674.00,700.00,684.00,683.00
25165947991415904,20080618,686.00,686.00,49,154353,107344246.00,673.00,704.00,684.00,673.00
25165947991415904,20080621,681.00,681.00,42,172591,115073426.00,666.00,681.00,686.00,670.00
25165947991415904,20080622,676.00,676.00,47,221720,147560385.00,661.00,676.00,681.00,671.00
25165947991415904,20080623,661.00,661.00,115,751531,494478516.00,656.00,663.00,676.00,660.00
25165947991415904,20080624,656.00,656.00,46,212899,136756298.00,642.00,657.00,661.00,642.00
25165947991415904,20080625,654.00,654.00,32,103750,67004541.00,637.00,675.00,656.00,637.00
25165947991415904,20080628,652.00,652.00,17,66898,42607657.00,635.00,672.00,654.00,672.00
25165947991415904,20080629,653.00,653.00,17,54924,36602036.00,652.00,669.00,652.00,652.00
25165947991415904,20080630,644.00,644.00,72,383708,244005008.00,634.00,655.00,653.00,653.00
25165947991415904,20080701,640.00,640.00,48,158746,99548861.00,625.00,650.00,644.00,650.00
25165947991415904,20080702,640.00,640.00,106,481100,308301656.00,621.00,659.00,640.00,621.00
25165947991415904,20080705,643.00,643.00,47,200227,130742665.00,621.00,659.00,640.00,659.00
25165947991415904,20080706,644.00,644.00,13,65800,43460056.00,644.00,662.00,643.00,662.00
25165947991415904,20080707,657.00,657.00,76,524304,347422492.00,630.00,663.00,644.00,663.00
25165947991415904,20080708,664.00,664.00,93,419169,280902773.00,638.00,676.00,657.00,640.00
25165947991415904,20080907,468.00,468.00,319,1861362,872476194.00,448.00,504.00,664.00,504.00
25165947991415904,20080908,454.00,454.00,417,2222347,1010803091.00,454.00,470.00,468.00,469.00
25165947991415904,20080909,448.00,448.00,110,4753465,2178976660.00,441.00,460.00,454.00,441.00
25165947991415904,20080910,449.00,449.00,22,76571,35204916.00,446.00,461.00,448.00,446.00
25165947991415904,20080913,462.00,462.00,303,2777991,1283431842.00,462.00,462.00,449.00,462.00
25165947991415904,20080914,475.00,475.00,110,758101,360097975.00,475.00,475.00,462.00,475.00
25165947991415904,20080915,489.00,489.00,119,889422,434927358.00,489.00,489.00,475.00,489.00
25165947991415904,20080916,503.00,503.00,134,995990,500982970.00,503.00,503.00,489.00,503.00
25165947991415904,20080917,518.00,518.00,87,755883,391547394.00,518.00,518.00,503.00,518.00
25165947991415904,20080920,531.00,531.00,928,5730656,3047214541.00,518.00,533.00,518.00,533.00
25165947991415904,20080921,542.00,542.00,303,1794145,973857409.00,520.00,546.00,531.00,535.00
25165947991415904,20080923,558.00,558.00,126,941499,525356442.00,558.00,558.00,542.00,558.00
25165947991415904,20080924,574.00,574.00,83,768000,440832000.00,574.00,574.00,558.00,574.00
25165947991415904,20080927,591.00,591.00,89,761892,450278172.00,591.00,591.00,574.00,591.00
25165947991415904,20080928,608.00,608.00,90,764194,464629952.00,608.00,608.00,591.00,608.00
25165947991415904,20080929,626.00,626.00,100,776461,486064586.00,626.00,626.00,608.00,626.00
25165947991415904,20080930,644.00,644.00,115,854768,550470592.00,644.00,644.00,626.00,644.00
25165947991415904,20081004,663.00,663.00,1686,16403281,10861331502.00,644.00,663.00,644.00,663.00
25165947991415904,20081005,679.00,679.00,882,5213867,3543192175.00,665.00,682.00,663.00,670.00
25165947991415904,20081006,698.00,698.00,575,3699247,2585500081.00,695.00,699.00,679.00,699.00
25165947991415904,20081007,717.00,717.00,489,2765898,1983776280.00,704.00,718.00,698.00,718.00
25165947991415904,20081008,729.00,729.00,977,5107694,3723797297.00,698.00,738.00,717.00,738.00
25165947991415904,20081011,728.00,728.00,11,35628,25224824.00,708.00,728.00,729.00,708.00
25165947991415904,20081012,728.00,728.00,3,2322,1641864.00,707.00,728.00,728.00,707.00
25165947991415904,20081013,728.00,728.00,2,210,148680.00,707.00,728.00,728.00,707.00
25165947991415904,20081014,727.00,727.00,9,27072,19140104.00,707.00,727.00,728.00,707.00
25165947991415904,20081015,707.00,707.00,87,731162,516200382.00,706.00,707.00,727.00,706.00
25165947991415904,20081018,687.00,687.00,77,703207,482400012.00,686.00,687.00,707.00,686.00
25165947991415904,20081019,667.00,667.00,91,824498,549940166.00,667.00,667.00,687.00,667.00
25165947991415904,20081020,647.00,647.00,81,762463,493313561.00,647.00,647.00,667.00,647.00
25165947991415904,20081021,628.00,628.00,85,744314,467429192.00,628.00,628.00,647.00,628.00
25165947991415904,20081022,610.00,610.00,81,754155,460034550.00,610.00,610.00,628.00,610.00
25165947991415904,20081026,609.00,609.00,7,54764,32420458.00,592.00,609.00,610.00,592.00
25165947991415904,20081027,591.00,591.00,83,751000,443841000.00,591.00,591.00,609.00,591.00
25165947991415904,20081028,583.00,583.00,716,4881334,2850159000.00,574.00,608.00,591.00,574.00
25165947991415904,20081029,599.00,599.00,169,803605,482070810.00,599.00,600.00,583.00,600.00
25165947991415904,20081101,600.00,600.00,77,320993,192985450.00,582.00,610.00,599.00,610.00
25165947991415904,20081102,582.00,582.00,266,1762415,1025745530.00,582.00,583.00,600.00,582.00
25165947991415904,20081103,580.00,580.00,87,457437,264833982.00,566.00,594.00,582.00,568.00
25165947991415904,20081104,564.00,564.00,131,1099334,620097781.00,563.00,587.00,580.00,573.00
25165947991415904,20081105,579.00,579.00,313,3257599,1889140094.00,562.00,580.00,564.00,562.00
25165947991415904,20081108,580.00,580.00,63,268698,156289515.00,563.00,589.00,579.00,589.00
25165947991415904,20081109,571.00,571.00,102,425722,240143282.00,563.00,590.00,580.00,587.00
25165947991415904,20081110,563.00,563.00,86,422310,234895768.00,554.00,570.00,571.00,570.00
25165947991415904,20081111,547.00,547.00,206,1289106,705251448.00,547.00,554.00,563.00,548.00
25165947991415904,20081112,562.00,562.00,239,1445796,813315857.00,549.00,563.00,547.00,549.00
25165947991415904,20081115,560.00,560.00,72,358877,200527982.00,546.00,576.00,562.00,546.00
25165947991415904,20081116,551.00,551.00,104,532984,291604646.00,544.00,565.00,560.00,560.00
25165947991415904,20081117,543.00,543.00,106,497288,268318582.00,535.00,551.00,551.00,550.00
25165947991415904,20081118,546.00,546.00,84,474599,259653915.00,527.00,559.00,543.00,543.00
25165947991415904,20081119,551.00,551.00,55,238574,134078478.00,551.00,562.00,546.00,562.00
25165947991415904,20081122,564.00,564.00,123,638956,362285023.00,564.00,567.00,551.00,567.00
25165947991415904,20081123,564.00,564.00,6,6829,3960660.00,564.00,580.00,564.00,580.00
25165947991415904,20081124,565.00,565.00,13,39467,22890710.00,565.00,580.00,564.00,580.00
25165947991415904,20081125,566.00,566.00,10,37783,21951773.00,566.00,581.00,565.00,581.00
25165947991415904,20081126,580.00,580.00,156,822141,477520733.00,567.00,582.00,566.00,582.00
25165947991415904,20081129,576.00,576.00,94,462425,265796027.00,564.00,594.00,580.00,594.00
25165947991415904,20081130,571.00,571.00,88,375200,212894136.00,559.00,580.00,576.00,576.00
25165947991415904,20081201,568.00,568.00,37,166510,92801908.00,554.00,570.00,571.00,570.00
25165947991415904,20081202,568.00,568.00,9,20487,11288507.00,551.00,568.00,568.00,551.00
25165947991415904,20081203,551.00,551.00,124,898647,495605517.00,551.00,560.00,568.00,551.00
25165947991415904,20081206,550.00,550.00,18,107201,58214845.00,535.00,550.00,551.00,547.00
25165947991415904,20081207,550.00,559.00,17,88385,48952350.00,550.00,559.00,550.00,551.00
25165947991415904,20081208,550.00,545.00,18,78040,43200135.00,545.00,555.00,550.00,550.00
25165947991415904,20081210,551.00,556.00,15,63482,35393702.00,550.00,560.00,550.00,560.00
25165947991415904,20081213,551.00,552.00,30,71879,39615768.00,550.00,552.00,551.00,551.00
25165947991415904,20081214,551.00,542.00,5,18018,9744638.00,540.00,542.00,551.00,540.00
25165947991415904,20081215,549.00,536.00,23,106752,57533850.00,535.00,550.00,551.00,542.00
25165947991415904,20081216,546.00,533.00,33,135018,72054746.00,533.00,537.00,549.00,537.00
25165947991415904,20081220,546.00,530.00,2,2211,1200950.00,530.00,546.00,546.00,546.00
25165947991415904,20081221,544.00,530.00,21,76500,40548100.00,530.00,531.00,546.00,530.00
25165947991415904,20081222,543.00,528.00,10,40716,21508808.00,528.00,530.00,544.00,530.00
25165947991415904,20081223,537.00,527.00,48,288071,151813417.00,527.00,527.00,543.00,527.00
25165947991415904,20081224,535.00,521.00,24,109506,57188626.00,521.00,525.00,537.00,521.00
25165947991415904,20081227,534.00,519.00,7,40799,21185480.00,519.00,520.00,535.00,520.00
25165947991415904,20081228,533.00,518.00,15,55185,28607830.00,518.00,520.00,534.00,520.00
25165947991415904,20081229,532.00,519.00,10,35137,18201139.00,518.00,519.00,533.00,518.00
25165947991415904,20081230,531.00,517.00,12,53079,27636413.00,517.00,530.00,532.00,520.00
25165947991415904,20081231,530.00,516.00,6,28191,14554747.00,516.00,517.00,531.00,517.00
25165947991415904,20090103,530.00,516.00,13,43411,22743072.00,515.00,530.00,530.00,515.00
25165947991415904,20090104,529.00,515.00,9,31640,16306474.00,515.00,516.00,530.00,516.00
25165947991415904,20090105,523.00,514.00,16,330654,170676156.00,514.00,518.00,529.00,518.00
25165947991415904,20090110,523.00,530.00,3,5396,2830440.00,515.00,530.00,523.00,515.00
25165947991415904,20090111,521.00,515.00,36,208584,107586697.00,514.00,520.00,523.00,514.00
25165947991415904,20090112,520.00,521.00,16,78089,39926686.00,506.00,521.00,521.00,508.00
25165947991415904,20090113,520.00,518.00,9,25448,13228518.00,518.00,524.00,520.00,518.00
25165947991415904,20090114,528.00,535.00,58,605084,320693886.00,520.00,535.00,520.00,520.00
25165947991415904,20090117,535.00,543.00,56,367171,199373853.00,543.00,543.00,528.00,543.00
25165947991415904,20090118,535.00,551.00,13,18057,9949407.00,551.00,551.00,535.00,551.00
25165947991415904,20090119,536.00,551.00,25,54966,30286266.00,551.00,551.00,535.00,551.00
25165947991415904,20090120,541.00,537.00,110,1416351,766177959.00,536.00,552.00,536.00,552.00
25165947991415904,20090121,543.00,557.00,20,94673,52723922.00,556.00,557.00,541.00,557.00
25165947991415904,20090124,547.00,559.00,35,172891,96646069.00,559.00,559.00,543.00,559.00
25165947991415904,20090125,549.00,561.00,37,187055,104151875.00,534.00,563.00,547.00,563.00
25165947991415904,20090126,533.00,533.00,17,757521,403787353.00,533.00,535.00,549.00,535.00
25165947991415904,20090127,521.00,520.00,35,1155531,601869527.00,518.00,539.00,533.00,521.00
25165947991415904,20090128,508.00,511.00,23,1043259,529457682.00,506.00,536.00,521.00,536.00
25165947991415904,20090131,497.00,495.00,60,1204343,598611185.00,493.00,514.00,508.00,511.00
25165947991415904,20090201,498.00,511.00,24,76862,39129400.00,500.00,511.00,497.00,505.00
25165947991415904,20090202,502.00,512.00,43,209782,107408384.00,512.00,512.00,498.00,512.00
25165947991415904,20090203,503.00,517.00,7,28669,14821873.00,517.00,517.00,502.00,517.00
25165947991415904,20090204,518.00,518.00,62,8938638,4630214484.00,518.00,518.00,503.00,518.00
25165947991415904,20090207,521.00,533.00,28,134085,71467305.00,533.00,533.00,518.00,533.00
25165947991415904,20090208,530.00,509.00,60,490491,262611876.00,509.00,536.00,521.00,536.00
25165947991415904,20090209,528.00,517.00,22,77506,39938590.00,515.00,535.00,530.00,535.00
25165947991415904,20090211,538.00,543.00,129,659270,355705870.00,518.00,543.00,528.00,518.00
25165947991415904,20090214,537.00,525.00,27,63051,32980079.00,522.00,525.00,538.00,522.00
25165947991415904,20090215,531.00,521.00,38,269532,140516704.00,521.00,522.00,537.00,522.00
25165947991415904,20090217,522.00,516.00,93,431651,222822066.00,516.00,521.00,531.00,516.00
25165947991415904,20090218,521.00,508.00,9,37190,18913820.00,508.00,509.00,522.00,509.00
25165947991415904,20090221,519.00,507.00,30,132885,67399771.00,506.00,509.00,521.00,506.00
25165947991415904,20090222,515.00,505.00,65,298169,151654576.00,504.00,526.00,519.00,505.00
25165947991415904,20090223,515.00,530.00,1,1845,977850.00,530.00,530.00,515.00,530.00
25165947991415904,20090225,515.00,508.00,4,25148,12785184.00,508.00,509.00,515.00,508.00
25165947991415904,20090228,514.00,510.00,40,90578,46205358.00,510.00,511.00,515.00,511.00
25165947991415904,20090301,514.00,507.00,4,12250,6220450.00,507.00,508.00,514.00,507.00
25165947991415904,20090302,512.00,505.00,33,152590,77123543.00,502.00,510.00,514.00,510.00
25165947991415904,20090303,508.00,502.00,45,8236993,4183514477.00,497.00,510.00,512.00,507.00
25165947991415904,20090304,507.00,510.00,34,154999,78071406.00,493.00,510.00,508.00,504.00
25165947991415904,20090307,513.00,522.00,74,342587,178199987.00,505.00,522.00,507.00,505.00
25165947991415904,20090308,520.00,528.00,104,480760,251855644.00,500.00,528.00,513.00,500.00
25165947991415904,20090309,521.00,535.00,14,66996,35842860.00,535.00,535.00,520.00,535.00
25165947991415904,20090310,536.00,536.00,322,2969958,1591897488.00,536.00,536.00,521.00,536.00
25165947991415904,20090311,552.00,552.00,421,2119834,1170148368.00,552.00,552.00,536.00,552.00
25165947991415904,20090314,555.00,568.00,31,136118,77315024.00,568.00,568.00,552.00,568.00
25165947991415904,20090316,556.00,571.00,7,34313,19592723.00,571.00,571.00,555.00,571.00
25165947991415904,20090317,560.00,572.00,41,204334,116879048.00,572.00,572.00,556.00,572.00
25165947991415904,20090318,564.00,576.00,33,165400,95270400.00,576.00,576.00,560.00,576.00
25165947991415904,20090325,565.00,580.00,4,40000,23200000.00,580.00,580.00,564.00,580.00
25165947991415904,20090328,565.00,581.00,1,800,464800.00,581.00,581.00,565.00,581.00
25165947991415904,20090329,581.00,581.00,82,801544,465697064.00,581.00,581.00,565.00,581.00
25165947991415904,20090330,581.00,598.00,1,880,526240.00,598.00,598.00,581.00,598.00
25165947991415904,20090331,581.00,598.00,0,0,0.00,0.00,0.00,581.00,0.00
25165947991415904,20090404,582.00,598.00,10,50000,29900000.00,598.00,598.00,581.00,598.00
25165947991415904,20090405,582.00,599.00,1,1866,1117734.00,599.00,599.00,582.00,599.00
25165947991415904,20090406,582.00,599.00,0,0,0.00,0.00,0.00,582.00,0.00
25165947991415904,20090407,583.00,599.00,13,61799,37017601.00,599.00,599.00,582.00,599.00
25165947991415904,20090408,583.00,600.00,1,3154,1892400.00,600.00,600.00,583.00,600.00
25165947991415904,20090411,583.00,600.00,4,15650,9390000.00,600.00,600.00,583.00,600.00
25165947991415904,20090412,583.00,600.00,4,16759,10055400.00,600.00,600.00,583.00,600.00
25165947991415904,20090413,583.00,600.00,2,2240,1344000.00,600.00,600.00,583.00,600.00
25165947991415904,20090414,600.00,600.00,9,40290,24174000.00,600.00,600.00,583.00,600.00
25165947991415904,20090415,618.00,618.00,1,10000,6180000.00,618.00,618.00,600.00,618.00
25165947991415904,20090418,636.00,636.00,10,87777,55826172.00,636.00,636.00,618.00,636.00
25165947991415904,20090419,655.00,655.00,2,5010,3281550.00,655.00,655.00,636.00,655.00
25165947991415904,20090420,674.00,674.00,2,20000,13480000.00,674.00,674.00,655.00,674.00
25165947991415904,20090421,674.00,694.00,1,2820,1957080.00,694.00,694.00,674.00,694.00
25165947991415904,20090422,1129.00,1081.00,7490,38722289,43721481353.00,900.00,1599.00,674.00,1200.00
25165947991415904,20090425,1143.00,1162.00,4060,24615087,28141986830.00,1096.00,1162.00,1129.00,1096.00
25165947991415904,20090426,1150.00,1150.00,818,4613134,5305872493.00,1131.00,1176.00,1143.00,1175.00
25165947991415904,20090427,1167.00,1184.00,2395,12358092,14426241167.00,1136.00,1184.00,1150.00,1147.00
25165947991415904,20090428,1200.00,1180.00,10569,83322023,100010021194.00,1150.00,1202.00,1167.00,1202.00
25165947991415904,20090429,1168.00,1164.00,1740,8912473,10409269608.00,1164.00,1200.00,1200.00,1199.00
25165947991415904,20090502,1194.00,1203.00,822,4420904,5276760506.00,1154.00,1203.00,1168.00,1170.00
25165947991415904,20090503,1229.00,1229.00,405,2007007,2466611603.00,1229.00,1229.00,1194.00,1229.00
25165947991415904,20090504,1264.00,1265.00,4118,20624604,26077423310.00,1230.00,1265.00,1229.00,1265.00
25165947991415904,20090505,1299.00,1301.00,2152,12847677,16690872827.00,1270.00,1301.00,1264.00,1300.00
25165947991415904,20090506,1337.00,1337.00,99,896184,1198198008.00,1337.00,1337.00,1299.00,1337.00
25165947991415904,20090509,1377.00,1377.00,78,755489,1040308353.00,1377.00,1377.00,1337.00,1377.00
25165947991415904,20090510,1417.00,1418.00,79,734524,1041555032.00,1418.00,1418.00,1377.00,1418.00
25165947991415904,20090511,1456.00,1459.00,145,703267,1026066553.00,1459.00,1459.00,1417.00,1459.00
25165947991415904,20090512,1499.00,1499.00,6411,41487959,62190450541.00,1499.00,1499.00,1456.00,1499.00
25165947991415904,20090513,1519.00,1543.00,3466,16971129,25783979230.00,1455.00,1543.00,1499.00,1457.00
25165947991415904,20090516,1560.00,1564.00,844,4051548,6320664559.00,1520.00,1564.00,1519.00,1550.00
25165947991415904,20090517,1581.00,1606.00,69,338749,544030894.00,1606.00,1606.00,1560.00,1606.00
25165947991415904,20090518,1628.00,1628.00,215,1533040,2495789120.00,1628.00,1628.00,1581.00,1628.00
25165947991415904,20090519,1676.00,1676.00,4439,30252732,50703578832.00,1676.00,1676.00,1628.00,1676.00
25165947991415904,20090520,1676.00,1676.00,0,0,0.00,0.00,0.00,1676.00,0.00
25165947991415904,20090523,1676.00,1676.00,0,0,0.00,0.00,0.00,1676.00,0.00
25165947991415904,20090524,1676.00,1676.00,0,0,0.00,0.00,0.00,1676.00,0.00
25165947991415904,20090525,1676.00,1676.00,0,0,0.00,0.00,0.00,1676.00,0.00
25165947991415904,20090526,1676.00,1676.00,0,0,0.00,0.00,0.00,1676.00,0.00
25165947991415904,20090527,1676.00,1676.00,0,0,0.00,0.00,0.00,1676.00,0.00
25165947991415904,20090530,1676.00,1676.00,0,0,0.00,0.00,0.00,1676.00,0.00
25165947991415904,20090531,1676.00,1676.00,0,0,0.00,0.00,0.00,1676.00,0.00
25165947991415904,20090601,1676.00,1676.00,0,0,0.00,0.00,0.00,1676.00,0.00
25165947991415904,20090602,1676.00,1676.00,0,0,0.00,0.00,0.00,1676.00,0.00
25165947991415904,20090603,1676.00,1676.00,0,0,0.00,0.00,0.00,1676.00,0.00
25165947991415904,20090606,1676.00,1676.00,0,0,0.00,0.00,0.00,1676.00,0.00
25165947991415904,20090607,1676.00,1676.00,0,0,0.00,0.00,0.00,1676.00,0.00
25165947991415904,20090608,1676.00,1676.00,0,0,0.00,0.00,0.00,1676.00,0.00
25165947991415904,20090609,1676.00,1676.00,0,0,0.00,0.00,0.00,1676.00,0.00
25165947991415904,20090610,1676.00,1676.00,0,0,0.00,0.00,0.00,1676.00,0.00
25165947991415904,20090613,1676.00,1676.00,0,0,0.00,0.00,0.00,1676.00,0.00
25165947991415904,20090614,1676.00,1676.00,0,0,0.00,0.00,0.00,1676.00,0.00
25165947991415904,20090615,1676.00,1676.00,0,0,0.00,0.00,0.00,1676.00,0.00
25165947991415904,20090616,1676.00,1676.00,0,0,0.00,0.00,0.00,1676.00,0.00
25165947991415904,20090617,1676.00,1676.00,0,0,0.00,0.00,0.00,1676.00,0.00
25165947991415904,20090620,1676.00,1676.00,0,0,0.00,0.00,0.00,1676.00,0.00
25165947991415904,20090621,1676.00,1676.00,0,0,0.00,0.00,0.00,1676.00,0.00
25165947991415904,20090622,1676.00,1676.00,0,0,0.00,0.00,0.00,1676.00,0.00
25165947991415904,20090623,1676.00,1676.00,0,0,0.00,0.00,0.00,1676.00,0.00
25165947991415904,20090624,1676.00,1676.00,0,0,0.00,0.00,0.00,1676.00,0.00
25165947991415904,20090627,1676.00,1676.00,0,0,0.00,0.00,0.00,1676.00,0.00
25165947991415904,20090628,1676.00,1676.00,0,0,0.00,0.00,0.00,1676.00,0.00
25165947991415904,20090629,1676.00,1676.00,0,0,0.00,0.00,0.00,1676.00,0.00
25165947991415904,20090630,1676.00,1676.00,0,0,0.00,0.00,0.00,1676.00,0.00
25165947991415904,20090701,1676.00,1676.00,0,0,0.00,0.00,0.00,1676.00,0.00
25165947991415904,20090704,1676.00,1676.00,0,0,0.00,0.00,0.00,1676.00,0.00
25165947991415904,20090705,1676.00,1676.00,0,0,0.00,0.00,0.00,1676.00,0.00
25165947991415904,20090707,1676.00,1676.00,0,0,0.00,0.00,0.00,1676.00,0.00
25165947991415904,20090711,1676.00,1676.00,0,0,0.00,0.00,0.00,1676.00,0.00
25165947991415904,20090712,1676.00,1676.00,0,0,0.00,0.00,0.00,1676.00,0.00
25165947991415904,20090713,1676.00,1676.00,0,0,0.00,0.00,0.00,1676.00,0.00
25165947991415904,20090714,1676.00,1676.00,0,0,0.00,0.00,0.00,1676.00,0.00
25165947991415904,20090715,1676.00,1676.00,0,0,0.00,0.00,0.00,1676.00,0.00
25165947991415904,20090718,1676.00,1676.00,0,0,0.00,0.00,0.00,1676.00,0.00
25165947991415904,20090719,1676.00,1676.00,0,0,0.00,0.00,0.00,1676.00,0.00
25165947991415904,20090721,1676.00,1676.00,0,0,0.00,0.00,0.00,1676.00,0.00
25165947991415904,20090722,1676.00,1676.00,0,0,0.00,0.00,0.00,1676.00,0.00
25165947991415904,20090725,1676.00,1676.00,0,0,0.00,0.00,0.00,1676.00,0.00
25165947991415904,20090726,1676.00,1676.00,0,0,0.00,0.00,0.00,1676.00,0.00
25165947991415904,20090727,1676.00,1676.00,0,0,0.00,0.00,0.00,1676.00,0.00
25165947991415904,20090728,1676.00,1676.00,0,0,0.00,0.00,0.00,1676.00,0.00
25165947991415904,20090729,1676.00,1676.00,0,0,0.00,0.00,0.00,1676.00,0.00
25165947991415904,20090801,1676.00,1676.00,0,0,0.00,0.00,0.00,1676.00,0.00
25165947991415904,20090802,1676.00,1676.00,0,0,0.00,0.00,0.00,1676.00,0.00
25165947991415904,20090803,1676.00,1676.00,0,0,0.00,0.00,0.00,1676.00,0.00
25165947991415904,20090804,1676.00,1676.00,0,0,0.00,0.00,0.00,1676.00,0.00
25165947991415904,20090805,1676.00,1676.00,0,0,0.00,0.00,0.00,1676.00,0.00
25165947991415904,20090808,1676.00,1676.00,0,0,0.00,0.00,0.00,1676.00,0.00
25165947991415904,20090809,1676.00,1676.00,0,0,0.00,0.00,0.00,1676.00,0.00
25165947991415904,20090810,1676.00,1676.00,0,0,0.00,0.00,0.00,1676.00,0.00
25165947991415904,20090811,1676.00,1676.00,0,0,0.00,0.00,0.00,1676.00,0.00
25165947991415904,20090812,1676.00,1676.00,0,0,0.00,0.00,0.00,1676.00,0.00
25165947991415904,20090815,1676.00,1676.00,0,0,0.00,0.00,0.00,1676.00,0.00
25165947991415904,20090816,1676.00,1676.00,0,0,0.00,0.00,0.00,1676.00,0.00
25165947991415904,20090817,1676.00,1676.00,0,0,0.00,0.00,0.00,1676.00,0.00
25165947991415904,20090818,1676.00,1676.00,0,0,0.00,0.00,0.00,1676.00,0.00
25165947991415904,20090819,1676.00,1676.00,0,0,0.00,0.00,0.00,1676.00,0.00
25165947991415904,20090822,1676.00,1676.00,0,0,0.00,0.00,0.00,1676.00,0.00
25165947991415904,20090823,1676.00,1676.00,0,0,0.00,0.00,0.00,1676.00,0.00
25165947991415904,20090824,1676.00,1676.00,0,0,0.00,0.00,0.00,1676.00,0.00
25165947991415904,20090825,3009.00,3120.00,9536,48992218,147407710520.00,2700.00,3180.00,1676.00,2800.00
25165947991415904,20090826,3044.00,2919.00,2077,13170516,40096982559.00,2919.00,3099.00,3009.00,3099.00
25165947991415904,20090829,3032.00,2953.00,30,99988,295264564.00,2953.00,2953.00,3044.00,2953.00
25165947991415904,20090830,3032.00,2942.00,3,1030,3030260.00,2942.00,2942.00,3032.00,2942.00
25165947991415904,20090831,3029.00,2942.00,6,25380,74667960.00,2942.00,2942.00,3032.00,2942.00
25165947991415904,20090901,2997.00,2939.00,36,263370,774044430.00,2939.00,2939.00,3029.00,2939.00
25165947991415904,20090902,2964.00,2908.00,57,276364,803666512.00,2908.00,2908.00,2997.00,2908.00
25165947991415904,20090905,2963.00,2876.00,2,7688,22110688.00,2876.00,2876.00,2964.00,2876.00
25165947991415904,20090906,2963.00,2876.00,0,0,0.00,0.00,0.00,2963.00,0.00
25165947991415904,20090907,2963.00,2876.00,0,0,0.00,0.00,0.00,2963.00,0.00
25165947991415904,20090908,2886.00,2875.00,143,659309,1895513375.00,2875.00,2875.00,2963.00,2875.00
25165947991415904,20090909,2805.00,2800.00,131,710010,1988028000.00,2800.00,2800.00,2886.00,2800.00
25165947991415904,20090912,2805.00,2805.00,0,0,0.00,0.00,0.00,2805.00,2721.00
25165947991415904,20090913,2721.00,2721.00,187,800001,2176802721.00,2721.00,2721.00,2805.00,2721.00
25165947991415904,20090914,2640.00,2640.00,105,750000,1980000000.00,2640.00,2640.00,2721.00,2640.00
25165947991415904,20090915,2598.00,2561.00,70,400631,1026015991.00,2561.00,2561.00,2640.00,2561.00
25165947991415904,20090916,2587.00,2521.00,29,111339,280685619.00,2521.00,2521.00,2598.00,2521.00
25165947991415904,20090919,2510.00,2510.00,528,2514944,6312509440.00,2510.00,2510.00,2587.00,2510.00
25165947991415904,20090920,2510.00,2510.00,0,0,0.00,0.00,0.00,2510.00,0.00
25165947991415904,20090921,2435.00,2435.00,175,806000,1962610000.00,2435.00,2435.00,2510.00,2435.00
25165947991415904,20090922,2406.00,2507.00,5469,28839425,69386801617.00,2362.00,2508.00,2435.00,2362.00
25165947991415904,20090923,2478.00,2478.00,160,750000,1858500000.00,2478.00,2478.00,2406.00,2478.00
25165947991415904,20090926,2528.00,2545.00,3132,17409884,44012449976.00,2404.00,2552.00,2478.00,2552.00
25165947991415904,20090927,2468.00,2453.00,1463,5821111,14363791031.00,2453.00,2565.00,2528.00,2528.00
25165947991415904,20090928,2446.00,2414.00,997,4707975,11513716079.00,2394.00,2540.00,2468.00,2426.00
25165947991415904,20090929,2509.00,2519.00,1191,5332200,13381025183.00,2446.00,2519.00,2446.00,2449.00
25165947991415904,20090930,2523.00,2470.00,539,2292551,5785237711.00,2469.00,2570.00,2509.00,2520.00
25165947991415904,20091003,2598.00,2598.00,154,776574,2017539252.00,2598.00,2598.00,2523.00,2598.00
25165947991415904,20091004,2672.00,2650.00,2225,11225141,29989883318.00,2600.00,2675.00,2598.00,2675.00
25165947991415904,20091005,2743.00,2752.00,1789,9348745,25641122020.00,2640.00,2752.00,2672.00,2699.00
25165947991415904,20091006,2825.00,2825.00,1541,9284857,26227824969.00,2818.00,2825.00,2743.00,2820.00
25165947991415904,20091007,2894.00,2851.00,2466,9136616,26439669058.00,2850.00,2909.00,2825.00,2907.00
25165947991415904,20091010,2810.00,2808.00,177,768387,2158904896.00,2808.00,2830.00,2894.00,2825.00
25165947991415904,20091011,2797.00,2726.00,33,116939,318775714.00,2726.00,2726.00,2810.00,2726.00
25165947991415904,20091012,2764.00,2714.00,67,301686,818775804.00,2714.00,2714.00,2797.00,2714.00
25165947991415904,20091013,2695.00,2749.00,2506,11785638,31761526499.00,2682.00,2820.00,2764.00,2682.00
25165947991415904,20091017,2630.00,2615.00,921,4199194,11042959659.00,2615.00,2769.00,2695.00,2766.00
25165947991415904,20091018,2631.00,2629.00,1179,5348429,14070457963.00,2580.00,2696.00,2630.00,2580.00
25165947991415904,20091019,2620.00,2605.00,1247,5760601,15090462411.00,2596.00,2690.00,2631.00,2602.00
25165947991415904,20091020,2687.00,2698.00,869,4868222,13080925252.00,2640.00,2698.00,2620.00,2649.00
25165947991415904,20091021,2767.00,2767.00,1085,5116639,14156995113.00,2758.00,2767.00,2687.00,2767.00
25165947991415904,20091024,2840.00,2780.00,3889,16578569,47079124330.00,2777.00,2850.00,2767.00,2850.00
25165947991415904,20091025,2763.00,2755.00,166,681935,1878730925.00,2755.00,2755.00,2840.00,2755.00
25165947991415904,20091026,2682.00,2681.00,171,738238,1979216078.00,2681.00,2681.00,2763.00,2681.00
25165947991415904,20091027,2611.00,2602.00,1676,9445738,24664798205.00,2602.00,2680.00,2682.00,2620.00
25165947991415904,20091028,2541.00,2533.00,141,670727,1698951491.00,2533.00,2533.00,2611.00,2533.00
25165947991415904,20091031,2465.00,2465.00,113,773128,1905760520.00,2465.00,2465.00,2541.00,2465.00
25165947991415904,20091101,2392.00,2392.00,592,3148447,7531085224.00,2392.00,2392.00,2465.00,2392.00
25165947991415904,20091102,2341.00,2321.00,3229,15332877,35900063409.00,2321.00,2430.00,2392.00,2392.00
25165947991415904,20091103,2316.00,2282.00,692,6175260,14302033364.00,2276.00,2370.00,2341.00,2311.00
25165947991415904,20091104,2381.00,2385.00,101,1127350,2684771875.00,2349.00,2385.00,2316.00,2349.00
25165947991415904,20091107,2402.00,2464.00,17,190411,469172704.00,2464.00,2464.00,2381.00,2464.00
25165947991415904,20091108,2484.00,2486.00,762,12745009,31660655219.00,2421.00,2486.00,2402.00,2486.00
25165947991415904,20091109,2550.00,2500.00,572,8787196,22409816747.00,2491.00,2570.00,2484.00,2567.00
25165947991415904,20091110,2483.00,2461.00,389,4141336,10283043050.00,2461.00,2569.00,2550.00,2500.00
25165947991415904,20091111,2525.00,2510.00,369,4567185,11532319629.00,2490.00,2569.00,2483.00,2500.00
25165947991415904,20091114,2451.00,2437.00,361,4919943,12060787633.00,2437.00,2540.00,2525.00,2462.00
25165947991415904,20091115,2381.00,2366.00,359,3943940,9389609341.00,2366.00,2478.00,2451.00,2384.00
25165947991415904,20091116,2318.00,2298.00,336,3765556,8728535549.00,2298.00,2379.00,2381.00,2325.00
25165947991415904,20091117,2329.00,2363.00,225,1593942,3712425279.00,2285.00,2398.00,2318.00,2343.00
25165947991415904,20091118,2378.00,2410.00,294,4296874,10217242519.00,2300.00,2410.00,2329.00,2379.00
25165947991415904,20091121,2308.00,2295.00,182,1899062,4383325178.00,2295.00,2438.00,2378.00,2429.00
25165947991415904,20091122,2228.00,2228.00,78,1607738,3582040264.00,2228.00,2228.00,2308.00,2228.00
25165947991415904,20091123,2286.00,2305.00,244,4138630,9461490235.00,2216.00,2305.00,2228.00,2216.00
25165947991415904,20091124,2361.00,2365.00,307,4637861,10951376359.00,2320.00,2366.00,2286.00,2334.00
25165947991415904,20091125,2321.00,2294.00,243,2484737,5767173449.00,2279.00,2430.00,2361.00,2430.00
25165947991415904,20091129,2240.00,2240.00,24,833133,1866217920.00,2240.00,2240.00,2321.00,2240.00
25165947991415904,20091130,2162.00,2162.00,23,755560,1633520720.00,2162.00,2162.00,2240.00,2162.00
25165947991415904,20091201,2097.00,2108.00,603,9644945,20229850763.00,2087.00,2161.00,2162.00,2089.00
25165947991415904,20091202,2130.00,2130.00,247,3195730,6808112820.00,2111.00,2149.00,2097.00,2119.00
25165947991415904,20091205,2122.00,2118.00,104,624412,1324169712.00,2061.00,2160.00,2130.00,2140.00
25165947991415904,20091207,2150.00,2145.00,129,925354,1989404583.00,2132.00,2170.00,2122.00,2155.00
25165947991415904,20091208,2104.00,2078.00,111,1151242,2421673166.00,2077.00,2181.00,2150.00,2160.00
25165947991415904,20091209,2031.00,2031.00,138,1680175,3413131025.00,2031.00,2067.00,2104.00,2035.00
25165947991415904,20091212,1960.00,1960.00,31,1005036,1969870560.00,1960.00,1960.00,2031.00,1960.00
25165947991415904,20091213,1892.00,1892.00,274,4426945,8376301740.00,1892.00,1950.00,1960.00,1892.00
25165947991415904,20091214,1852.00,1826.00,162,1854462,3433841368.00,1826.00,1900.00,1892.00,1850.00
25165947991415904,20091215,1791.00,1788.00,61,840324,1504974772.00,1788.00,1825.00,1852.00,1796.00
25165947991415904,20091216,1790.00,1729.00,2,16150,27923350.00,1729.00,1729.00,1791.00,1729.00
25165947991415904,20091219,1728.00,1728.00,30,906759,1566879552.00,1728.00,1728.00,1790.00,1728.00
25165947991415904,20091220,1788.00,1788.00,531,15403582,27537114676.00,1744.00,1788.00,1728.00,1788.00
25165947991415904,20091221,1841.00,1774.00,717,20195642,37177457359.00,1740.00,1850.00,1788.00,1850.00
25165947991415904,20091222,1777.00,1777.00,361,14707686,26135558022.00,1777.00,1777.00,1841.00,1777.00
25165947991415904,20091223,1777.00,1833.00,236,3091058,5491707600.00,1716.00,1839.00,1777.00,1731.00
25165947991415904,20091228,1729.00,1715.00,164,2603295,4500665418.00,1715.00,1799.00,1777.00,1795.00
25165947991415904,20091229,1686.00,1669.00,60,586713,982102230.00,1669.00,1699.00,1729.00,1681.00
25165947991415904,20091230,1627.00,1627.00,168,3479221,5661210567.00,1627.00,1668.00,1686.00,1627.00
25165947991415904,20100102,1674.00,1683.00,136,3563443,5964883435.00,1627.00,1683.00,1627.00,1627.00
25165947991415904,20100103,1701.00,1640.00,266,3554875,6045239831.00,1623.00,1732.00,1674.00,1732.00
25165947991415904,20100104,1668.00,1642.00,32,453860,747567856.00,1642.00,1689.00,1701.00,1650.00
25165947991415904,20100105,1633.00,1610.00,440,10042187,16403674743.00,1610.00,1707.00,1668.00,1655.00
25165947991415904,20100106,1682.00,1690.00,366,6725984,11312951669.00,1635.00,1690.00,1633.00,1649.00
25165947991415904,20100109,1737.00,1740.00,165,3713194,6449760172.00,1702.00,1740.00,1682.00,1714.00
25165947991415904,20100110,1731.00,1677.00,367,7741817,13404164426.00,1677.00,1797.00,1737.00,1797.00
25165947991415904,20100111,1698.00,1685.00,206,2560736,4347726559.00,1671.00,1770.00,1731.00,1700.00
25165947991415904,20100112,1645.00,1639.00,114,809490,1331535808.00,1639.00,1698.00,1698.00,1650.00
25165947991415904,20100113,1602.00,1600.00,252,2821234,4518293384.00,1588.00,1660.00,1645.00,1603.00
25165947991415904,20100116,1560.00,1546.00,133,1412152,2203650010.00,1546.00,1638.00,1602.00,1638.00
25165947991415904,20100117,1509.00,1506.00,214,4889411,7380500666.00,1506.00,1558.00,1560.00,1507.00
25165947991415904,20100118,1508.00,1457.00,4,20000,29140000.00,1457.00,1457.00,1509.00,1457.00
25165947991415904,20100119,1488.00,1456.00,14,288728,420387968.00,1456.00,1456.00,1508.00,1456.00
25165947991415904,20100120,1441.00,1459.00,738,10960162,15793253940.00,1436.00,1488.00,1488.00,1436.00
25165947991415904,20100123,1462.00,1491.00,17,309915,462083265.00,1491.00,1491.00,1441.00,1491.00
25165947991415904,20100124,1510.00,1513.00,16,710337,1074739881.00,1513.00,1513.00,1462.00,1513.00
25165947991415904,20100125,1559.00,1562.00,26,710012,1109038744.00,1562.00,1562.00,1510.00,1562.00
25165947991415904,20100126,1611.00,1613.00,911,13481257,21721674968.00,1581.00,1613.00,1559.00,1613.00
25165947991415904,20100127,1665.00,1667.00,944,36260837,60387653849.00,1620.00,1667.00,1611.00,1639.00
25165947991415904,20100130,1627.00,1637.00,372,4528541,7369418337.00,1607.00,1699.00,1665.00,1630.00
25165947991415904,20100131,1617.00,1571.00,458,26179632,42335995533.00,1571.00,1640.00,1627.00,1640.00
25165947991415904,20100201,1598.00,1600.00,335,5151900,8233246929.00,1562.00,1630.00,1617.00,1594.00
25165947991415904,20100202,1599.00,1589.00,199,2444489,3909196995.00,1563.00,1630.00,1598.00,1616.00
25165947991415904,20100203,1606.00,1602.00,480,18453794,29635393382.00,1591.00,1645.00,1599.00,1611.00
25165947991415904,20100206,1657.00,1662.00,876,26933226,44623346855.00,1620.00,1662.00,1606.00,1630.00
25165947991415904,20100207,1714.00,1714.00,321,11547377,19792204178.00,1714.00,1714.00,1657.00,1714.00
25165947991415904,20100208,1680.00,1655.00,574,7815838,13126722744.00,1655.00,1713.00,1714.00,1709.00
25165947991415904,20100209,1730.00,1738.00,571,9551328,16521339378.00,1652.00,1738.00,1680.00,1675.00
25165947991415904,20100210,1781.00,1790.00,468,5887811,10484930683.00,1752.00,1790.00,1730.00,1752.00
25165947991415904,20100214,1843.00,1843.00,731,19747919,36392240292.00,1824.00,1843.00,1781.00,1838.00
25165947991415904,20100216,1853.00,1810.00,731,9841588,18233471215.00,1789.00,1903.00,1843.00,1900.00
25165947991415904,20100217,1792.00,1791.00,376,7988650,14311852090.00,1789.00,1818.00,1853.00,1789.00
25165947991415904,20100220,1851.00,1844.00,717,10947128,20262095355.00,1800.00,1854.00,1792.00,1838.00
25165947991415904,20100221,1853.00,1841.00,618,8460161,15673299986.00,1839.00,1874.00,1851.00,1874.00
25165947991415904,20100222,1792.00,1789.00,381,7603272,13625382715.00,1789.00,1850.00,1853.00,1842.00
25165947991415904,20100223,1793.00,1778.00,478,5466771,9800234907.00,1741.00,1848.00,1792.00,1771.00
25165947991415904,20100224,1794.00,1771.00,306,2871279,5151792205.00,1770.00,1825.00,1793.00,1798.00
25165947991415904,20100227,1742.00,1732.00,295,3422948,5962379487.00,1732.00,1819.00,1794.00,1808.00
25165947991415904,20100228,1794.00,1802.00,851,15805015,28358089757.00,1743.00,1802.00,1742.00,1750.00
25165947991415904,20100301,1835.00,1821.00,326,2991895,5490700422.00,1820.00,1849.00,1794.00,1840.00
25165947991415904,20100302,1835.00,1821.00,0,0,0.00,0.00,0.00,1835.00,0.00
25165947991415904,20100303,1835.00,1821.00,0,0,0.00,0.00,0.00,1835.00,0.00
25165947991415904,20100306,1835.00,1821.00,0,0,0.00,0.00,0.00,1835.00,0.00
25165947991415904,20100307,1835.00,1821.00,0,0,0.00,0.00,0.00,1835.00,0.00
25165947991415904,20100308,1835.00,1821.00,0,0,0.00,0.00,0.00,1835.00,0.00
25165947991415904,20100309,1914.00,1877.00,1134,19189549,36731392311.00,1870.00,1986.00,1835.00,1961.00
25165947991415904,20100310,1855.00,1856.00,686,10523080,19524046301.00,1848.00,1910.00,1914.00,1888.00
25165947991415904,20100313,1912.00,1919.00,903,16161163,30892973578.00,1863.00,1919.00,1855.00,1878.00
25165947991415904,20100314,1922.00,1906.00,372,4476380,8603859397.00,1895.00,1965.00,1912.00,1950.00
25165947991415904,20100315,1975.00,1962.00,430,5606295,11072697682.00,1910.00,1989.00,1922.00,1910.00
25165947991415904,20100316,1967.00,1950.00,273,2757925,5425765597.00,1940.00,2003.00,1975.00,1976.00
25165947991415904,20100317,1983.00,1970.00,493,7524688,14921490564.00,1951.00,2007.00,1967.00,1951.00
25165947991415904,20100327,2052.00,2052.00,465,16244312,33330112872.00,2010.00,2052.00,1983.00,2010.00
25165947991415904,20100328,2123.00,2123.00,99,4167128,8846812744.00,2123.00,2123.00,2052.00,2123.00
25165947991415904,20100329,2196.00,2188.00,960,21876322,48046994454.00,2170.00,2197.00,2123.00,2197.00
25165947991415904,20100330,2263.00,2272.00,810,15001230,33942462291.00,2175.00,2272.00,2196.00,2197.00
25165947991415904,20100331,2330.00,2330.00,1048,18574914,43281599497.00,2280.00,2342.00,2263.00,2299.00
25165947991415904,20100403,2398.00,2411.00,659,9101781,21828351813.00,2330.00,2411.00,2330.00,2340.00
25165947991415904,20100404,2350.00,2315.00,1416,26044778,61216722597.00,2315.00,2480.00,2398.00,2475.00
25165947991415904,20100405,2328.00,2350.00,581,7062262,16442059536.00,2293.00,2394.00,2350.00,2346.00
25165947991415904,20100406,2408.00,2409.00,636,18085510,43541237887.00,2383.00,2409.00,2328.00,2403.00
25165947991415904,20100407,2492.00,2492.00,109,3288231,8194271652.00,2492.00,2492.00,2408.00,2492.00
25165947991415904,20100410,2575.00,2579.00,961,22137963,57015721213.00,2511.00,2579.00,2492.00,2579.00
25165947991415904,20100411,2659.00,2665.00,1023,21125062,56180717835.00,2610.00,2665.00,2575.00,2610.00
25165947991415904,20100412,2752.00,2752.00,391,9864265,27146457280.00,2752.00,2752.00,2659.00,2752.00
25165947991415904,20100413,2752.00,2752.00,0,0,0.00,0.00,0.00,2752.00,0.00
25165947991415904,20100414,2752.00,2752.00,0,0,0.00,0.00,0.00,2752.00,0.00
25165947991415904,20100417,2656.00,2656.00,58,964198,2560909888.00,2656.00,2656.00,2752.00,2656.00
25165947991415904,20100418,2659.00,2748.00,1278,18084577,48086725440.00,2570.00,2748.00,2656.00,2610.00
25165947991415904,20100419,2752.00,2752.00,63,1244965,3426143680.00,2752.00,2752.00,2659.00,2752.00
25165947991415904,20100420,2848.00,2848.00,1294,29071525,82783103699.00,2782.00,2848.00,2752.00,2848.00
25165947991415904,20100421,2928.00,2947.00,1367,19388583,56769548587.00,2801.00,2947.00,2848.00,2900.00
25165947991415904,20100424,3030.00,3030.00,50,814966,2469346980.00,3030.00,3030.00,2928.00,3030.00
25165947991415904,20100425,3136.00,3136.00,66,982690,3081715840.00,3136.00,3136.00,3030.00,3136.00
25165947991415904,20100426,3245.00,3245.00,182,6032811,19576471695.00,3245.00,3245.00,3136.00,3245.00
25165947991415904,20100427,3358.00,3358.00,157,5180509,17396149222.00,3358.00,3358.00,3245.00,3358.00
25165947991415904,20100428,3475.00,3475.00,153,4340438,15083022050.00,3475.00,3475.00,3358.00,3475.00
25165947991415904,20100501,3575.00,3596.00,33,616892,2218343632.00,3596.00,3596.00,3475.00,3596.00
25165947991415904,20100502,3684.00,3700.00,30,651953,2412226100.00,3700.00,3700.00,3575.00,3700.00
25165947991415904,20100503,3812.00,3812.00,37,798740,3044796880.00,3812.00,3812.00,3684.00,3812.00
25165947991415904,20100504,3935.00,3945.00,29,692507,2731940115.00,3945.00,3945.00,3812.00,3945.00
25165947991415904,20100505,4051.00,3884.00,4436,110646157,448249429765.00,3867.00,4072.00,3935.00,4072.00
25165947991415904,20100508,3937.00,3981.00,1825,35027804,137901266059.00,3910.00,4051.00,4051.00,3915.00
25165947991415904,20100509,4073.00,4074.00,928,21714973,88453875752.00,4059.00,4074.00,3937.00,4073.00
25165947991415904,20100510,4197.00,4140.00,1813,24515830,102902952897.00,4100.00,4215.00,4073.00,4152.00
25165947991415904,20100511,4061.00,4051.00,1099,15018333,60991508890.00,4051.00,4190.00,4197.00,4160.00
25165947991415904,20100512,3919.00,3919.00,256,4930841,19323965879.00,3919.00,3919.00,4061.00,3919.00
25165947991415904,20100515,3902.00,3782.00,14,94115,355942930.00,3782.00,3782.00,3919.00,3782.00
25165947991415904,20100516,3894.00,3766.00,11,42164,158789624.00,3766.00,3766.00,3902.00,3766.00
25165947991415904,20100518,3758.00,3758.00,52,1036074,3893566092.00,3758.00,3758.00,3894.00,3758.00
25165947991415904,20100519,3746.00,3627.00,20,67501,244826127.00,3627.00,3627.00,3758.00,3627.00
25165947991415904,20100522,3744.00,3615.00,3,9650,34884750.00,3615.00,3615.00,3746.00,3615.00
25165947991415904,20100523,3691.00,3613.00,8,301600,1089680800.00,3613.00,3613.00,3744.00,3613.00
25165947991415904,20100524,3562.00,3562.00,44,767819,2734971278.00,3562.00,3562.00,3691.00,3562.00
25165947991415904,20100525,3438.00,3438.00,181,6996333,24053392854.00,3438.00,3438.00,3562.00,3438.00
25165947991415904,20100526,3366.00,3535.00,2000,32198753,108373254650.00,3318.00,3548.00,3438.00,3318.00
25165947991415904,20100529,3404.00,3249.00,941,24926172,84855220622.00,3249.00,3483.00,3366.00,3483.00
25165947991415904,20100530,3285.00,3285.00,52,750620,2465786700.00,3285.00,3285.00,3404.00,3285.00
25165947991415904,20100531,3201.00,3215.00,1762,31728566,101573105312.00,3171.00,3319.00,3285.00,3243.00
25165947991415904,20100601,3311.00,3313.00,241,5448425,18040164389.00,3241.00,3313.00,3201.00,3310.00
25165947991415904,20100602,3421.00,3426.00,705,12014836,41099897346.00,3371.00,3426.00,3311.00,3421.00
25165947991415904,20100606,3402.00,3302.00,1271,17929655,60995240652.00,3302.00,3540.00,3421.00,3480.00
25165947991415904,20100607,3289.00,3283.00,299,3590246,11806972147.00,3283.00,3338.00,3402.00,3291.00
25165947991415904,20100608,3175.00,3174.00,823,13417160,42600543694.00,3174.00,3248.00,3289.00,3174.00
25165947991415904,20100609,3076.00,3064.00,198,2586910,7958345645.00,3064.00,3168.00,3175.00,3168.00
25165947991415904,20100612,2972.00,2969.00,356,7159518,21274722910.00,2969.00,3037.00,3076.00,2969.00
25165947991415904,20100613,3000.00,3045.00,722,6066078,18200531364.00,2901.00,3055.00,2972.00,2971.00
25165947991415904,20100614,3102.00,3105.00,153,2972659,9221449965.00,3060.00,3105.00,3000.00,3060.00
25165947991415904,20100615,3196.00,3210.00,21,655682,2104739220.00,3210.00,3210.00,3102.00,3210.00
25165947991415904,20100616,3214.00,3307.00,18,119720,395914040.00,3307.00,3307.00,3196.00,3307.00
25165947991415904,20100619,3313.00,3326.00,41,663969,2208360894.00,3326.00,3326.00,3214.00,3326.00
25165947991415904,20100620,3418.00,3350.00,2146,40795400,139437334134.00,3299.00,3428.00,3313.00,3428.00
25165947991415904,20100621,3312.00,3299.00,424,4795024,15881042392.00,3299.00,3377.00,3418.00,3310.00
25165947991415904,20100622,3384.00,3371.00,475,4993541,16897945638.00,3270.00,3423.00,3312.00,3320.00
25165947991415904,20100623,3401.00,3360.00,353,3638579,12375362136.00,3350.00,3449.00,3384.00,3390.00
25165947991415904,20100627,3328.00,3350.00,294,2342222,7795258539.00,3282.00,3420.00,3401.00,3369.00
25165947991415904,20100628,3305.00,3300.00,267,2057169,6798298073.00,3262.00,3387.00,3328.00,3387.00
25165947991415904,20100629,3201.00,3173.00,294,3273603,10479512924.00,3173.00,3310.00,3305.00,3256.00
25165947991415904,20100630,3158.00,3250.00,439,4415230,13942461286.00,3074.00,3270.00,3201.00,3180.00
25165947991415904,20100703,3195.00,3175.00,244,2295475,7333175725.00,3134.00,3279.00,3158.00,3200.00
25165947991415904,20100704,3135.00,3146.00,266,2184911,6849407097.00,3100.00,3188.00,3195.00,3188.00
25165947991415904,20100705,3247.00,3260.00,347,7073309,22965404733.00,3135.00,3260.00,3135.00,3135.00
25165947991415904,20100706,3348.00,3301.00,654,6596645,22084129233.00,3280.00,3375.00,3247.00,3329.00
25165947991415904,20100707,3321.00,3280.00,516,5033841,16718274521.00,3270.00,3420.00,3348.00,3303.00
25165947991415904,20100711,3321.00,3280.00,0,0,0.00,0.00,0.00,3321.00,0.00
25165947991415904,20100712,3283.00,3299.00,218,3076524,10101608576.00,3171.00,3344.00,3321.00,3237.00
25165947991415904,20100713,3340.00,3337.00,299,3125312,10438505167.00,3250.00,3400.00,3283.00,3275.00
25165947991415904,20100714,3438.00,3410.00,907,11055080,38004593230.00,3400.00,3473.00,3340.00,3400.00
25165947991415904,20100717,3323.00,3301.00,709,9967512,33117104890.00,3301.00,3419.00,3438.00,3340.00
25165947991415904,20100718,3323.00,3301.00,0,0,0.00,0.00,0.00,3323.00,0.00
25165947991415904,20100719,3323.00,3301.00,0,0,0.00,0.00,0.00,3323.00,0.00
25165947991415904,20100720,3323.00,3301.00,0,0,0.00,0.00,0.00,3323.00,0.00
25165947991415904,20100721,3323.00,3301.00,0,0,0.00,0.00,0.00,3323.00,0.00
25165947991415904,20100724,3323.00,3301.00,0,0,0.00,0.00,0.00,3323.00,0.00
25165947991415904,20100725,3323.00,3301.00,0,0,0.00,0.00,0.00,3323.00,0.00
25165947991415904,20100726,3323.00,3301.00,0,0,0.00,0.00,0.00,3323.00,0.00
25165947991415904,20100728,3323.00,3301.00,0,0,0.00,0.00,0.00,3323.00,0.00
25165947991415904,20100731,3323.00,3301.00,0,0,0.00,0.00,0.00,3323.00,0.00
25165947991415904,20100801,3323.00,3301.00,0,0,0.00,0.00,0.00,3323.00,0.00
25165947991415904,20100802,3323.00,3301.00,0,0,0.00,0.00,0.00,3323.00,0.00
25165947991415904,20100803,3323.00,3301.00,0,0,0.00,0.00,0.00,3323.00,0.00
25165947991415904,20100804,3323.00,3301.00,0,0,0.00,0.00,0.00,3323.00,0.00
25165947991415904,20100807,3323.00,3301.00,0,0,0.00,0.00,0.00,3323.00,0.00
25165947991415904,20100808,3323.00,3301.00,0,0,0.00,0.00,0.00,3323.00,0.00
25165947991415904,20100809,3323.00,3301.00,0,0,0.00,0.00,0.00,3323.00,0.00
25165947991415904,20100810,3323.00,3301.00,0,0,0.00,0.00,0.00,3323.00,0.00
25165947991415904,20100811,3323.00,3301.00,0,0,0.00,0.00,0.00,3323.00,0.00
25165947991415904,20100814,3323.00,3301.00,0,0,0.00,0.00,0.00,3323.00,0.00
25165947991415904,20100815,3323.00,3301.00,0,0,0.00,0.00,0.00,3323.00,0.00
25165947991415904,20100816,3323.00,3301.00,0,0,0.00,0.00,0.00,3323.00,0.00
25165947991415904,20100817,3323.00,3301.00,0,0,0.00,0.00,0.00,3323.00,0.00
25165947991415904,20100818,3323.00,3301.00,0,0,0.00,0.00,0.00,3323.00,0.00
25165947991415904,20100821,3323.00,3301.00,0,0,0.00,0.00,0.00,3323.00,0.00
25165947991415904,20100822,3323.00,3301.00,0,0,0.00,0.00,0.00,3323.00,0.00
25165947991415904,20100823,3323.00,3301.00,0,0,0.00,0.00,0.00,3323.00,0.00
25165947991415904,20100824,3323.00,3301.00,0,0,0.00,0.00,0.00,3323.00,0.00
25165947991415904,20100825,3323.00,3301.00,0,0,0.00,0.00,0.00,3323.00,0.00
25165947991415904,20100828,3323.00,3301.00,0,0,0.00,0.00,0.00,3323.00,0.00
25165947991415904,20100829,3323.00,3301.00,0,0,0.00,0.00,0.00,3323.00,0.00
25165947991415904,20100830,3323.00,3301.00,0,0,0.00,0.00,0.00,3323.00,0.00
25165947991415904,20100831,3323.00,3301.00,0,0,0.00,0.00,0.00,3323.00,0.00
25165947991415904,20100904,3323.00,3301.00,0,0,0.00,0.00,0.00,3323.00,0.00
25165947991415904,20100905,3323.00,3301.00,0,0,0.00,0.00,0.00,3323.00,0.00
25165947991415904,20100906,3323.00,3301.00,0,0,0.00,0.00,0.00,3323.00,0.00
25165947991415904,20100907,3323.00,3301.00,0,0,0.00,0.00,0.00,3323.00,0.00
25165947991415904,20100908,3323.00,3301.00,0,0,0.00,0.00,0.00,3323.00,0.00
25165947991415904,20100912,3323.00,3301.00,0,0,0.00,0.00,0.00,3323.00,0.00
25165947991415904,20100913,3789.00,3850.00,678,15331353,58085583387.00,3714.00,3868.00,3323.00,3868.00
25165947991415904,20100914,3748.00,3638.00,19,203633,740816854.00,3638.00,3638.00,3789.00,3638.00
25165947991415904,20100915,3645.00,3599.00,49,516566,1859121034.00,3599.00,3599.00,3748.00,3599.00
25165947991415904,20100918,3500.00,3500.00,65,1124440,3935540000.00,3500.00,3500.00,3645.00,3500.00
25165947991415904,20100919,3370.00,3360.00,1594,29817119,100496512896.00,3360.00,3429.00,3500.00,3400.00
25165947991415904,20100920,3250.00,3236.00,787,11359866,36916401603.00,3236.00,3340.00,3370.00,3300.00
25165947991415904,20100921,3154.00,3179.00,1171,14074362,44392872001.00,3120.00,3288.00,3250.00,3120.00
25165947991415904,20100922,3161.00,3131.00,793,5384848,17021447947.00,3110.00,3249.00,3154.00,3245.00
25165947991415904,20100925,3061.00,3035.00,561,6598612,20198418648.00,3035.00,3178.00,3161.00,3178.00
25165947991415904,20100926,2946.00,2939.00,404,4896483,14426543551.00,2939.00,2999.00,3061.00,2985.00
25165947991415904,20100927,2829.00,2829.00,346,6392190,18084170178.00,2829.00,2850.00,2946.00,2829.00
25165947991415904,20100928,2843.00,2839.00,1157,13303425,37825722438.00,2752.00,2929.00,2829.00,2752.00
25165947991415904,20100929,2947.00,2956.00,700,6945240,20470966196.00,2861.00,2956.00,2843.00,2861.00
25165947991415904,20101002,3012.00,2943.00,907,8211290,24730911219.00,2922.00,3062.00,2947.00,3062.00
25165947991415904,20101003,2898.00,2892.00,155,1034031,2996956403.00,2892.00,2942.00,3012.00,2940.00
25165947991415904,20101005,2849.00,2850.00,1015,13067573,37231563779.00,2783.00,2979.00,2898.00,2847.00
25165947991415904,20101006,2758.00,2736.00,1120,12595896,34743005213.00,2736.00,2930.00,2849.00,2890.00
25165947991415904,20101009,2661.00,2648.00,207,1968093,5236421144.00,2648.00,2769.00,2758.00,2769.00
25165947991415904,20101010,2555.00,2555.00,107,1421622,3632244210.00,2555.00,2555.00,2661.00,2555.00
25165947991415904,20101011,2462.00,2453.00,995,17219987,42403692132.00,2453.00,2530.00,2555.00,2453.00
25165947991415904,20101012,2380.00,2364.00,312,4101600,9761610382.00,2364.00,2453.00,2462.00,2395.00
25165947991415904,20101013,2349.00,2285.00,30,247544,565638040.00,2285.00,2285.00,2380.00,2285.00
25165947991415904,20101016,2260.00,2256.00,650,11946778,27002598073.00,2256.00,2320.00,2349.00,2256.00
25165947991415904,20101017,2265.00,2297.00,1119,12595973,28531625103.00,2180.00,2323.00,2260.00,2231.00
25165947991415904,20101018,2346.00,2355.00,229,3946170,9257046887.00,2299.00,2355.00,2265.00,2310.00
25165947991415904,20101019,2307.00,2294.00,919,12341061,28468992049.00,2253.00,2429.00,2346.00,2429.00
25165947991415904,20101020,2241.00,2258.00,433,4752900,10649833430.00,2215.00,2285.00,2307.00,2285.00
25165947991415904,20101023,2284.00,2240.00,375,3166539,7231406552.00,2240.00,2328.00,2241.00,2266.00
25165947991415904,20101024,2204.00,2193.00,97,1280946,2823198526.00,2193.00,2240.00,2284.00,2240.00
25165947991415904,20101025,2177.00,2116.00,26,233113,493267108.00,2116.00,2116.00,2204.00,2116.00
25165947991415904,20101026,2090.00,2090.00,326,5028903,10512340850.00,2090.00,2130.00,2177.00,2090.00
25165947991415904,20101027,2087.00,2145.00,717,7405675,15458702671.00,2007.00,2170.00,2090.00,2093.00
25165947991415904,20101030,2170.00,2170.00,88,1668083,3619740110.00,2170.00,2170.00,2087.00,2170.00
25165947991415904,20101031,2218.00,2175.00,612,7135569,15823209619.00,2121.00,2256.00,2170.00,2256.00
25165947991415904,20101101,2270.00,2306.00,899,9804901,22259002021.00,2133.00,2306.00,2218.00,2192.00
25165947991415904,20101102,2357.00,2360.00,780,14461997,34088589829.00,2320.00,2360.00,2270.00,2320.00
25165947991415904,20101103,2430.00,2451.00,895,9325665,22658153009.00,2372.00,2451.00,2357.00,2409.00
25165947991415904,20101106,2527.00,2527.00,221,3900883,9855946774.00,2500.00,2527.00,2430.00,2527.00
25165947991415904,20101107,2588.00,2520.00,1379,18046911,46711832910.00,2461.00,2628.00,2527.00,2628.00
25165947991415904,20101108,2490.00,2485.00,130,1806131,4497829528.00,2485.00,2519.00,2588.00,2495.00
25165947991415904,20101109,2543.00,2589.00,1096,14231000,36187341526.00,2404.00,2589.00,2490.00,2425.00
25165947991415904,20101110,2643.00,2644.00,470,10036298,26524102931.00,2627.00,2644.00,2543.00,2640.00
25165947991415904,20101113,2630.00,2553.00,887,10255476,26976290551.00,2551.00,2700.00,2643.00,2680.00
25165947991415904,20101114,2638.00,2592.00,557,5842480,15412138965.00,2550.00,2700.00,2630.00,2567.00
25165947991415904,20101115,2577.00,2533.00,560,4872107,12554873041.00,2533.00,2691.00,2638.00,2607.00
25165947991415904,20101116,2600.00,2600.00,559,7354116,19121861168.00,2530.00,2640.00,2577.00,2550.00
25165947991415904,20101120,2677.00,2640.00,503,5562981,14891028888.00,2620.00,2704.00,2600.00,2688.00
25165947991415904,20101121,2607.00,2585.00,484,4836073,12607346423.00,2585.00,2650.00,2677.00,2650.00
25165947991415904,20101122,2612.00,2573.00,350,2582682,6746085675.00,2572.00,2650.00,2607.00,2612.00
25165947991415904,20101123,2534.00,2515.00,416,4362312,11055015706.00,2508.00,2609.00,2612.00,2576.00
25165947991415904,20101124,2473.00,2485.00,490,5048091,12483890952.00,2446.00,2534.00,2534.00,2530.00
25165947991415904,20101127,2565.00,2571.00,123,1432060,3673232695.00,2530.00,2571.00,2473.00,2530.00
25165947991415904,20101128,2602.00,2575.00,426,4890092,12722937608.00,2561.00,2649.00,2565.00,2621.00
25165947991415904,20101129,2513.00,2498.00,309,3010599,7565912979.00,2498.00,2551.00,2602.00,2550.00
25165947991415904,20101130,2476.00,2464.00,335,2503710,6199974932.00,2450.00,2518.00,2513.00,2480.00
25165947991415904,20101201,2492.00,2499.00,289,2152015,5362023546.00,2455.00,2534.00,2476.00,2476.00
25165947991415904,20101204,2411.00,2393.00,366,3198734,7713676038.00,2393.00,2519.00,2492.00,2519.00
25165947991415904,20101205,2325.00,2315.00,453,5014410,11659832521.00,2315.00,2390.00,2411.00,2388.00
25165947991415904,20101206,2289.00,2270.00,417,4582188,10489203808.00,2251.00,2369.00,2325.00,2261.00
25165947991415904,20101207,2359.00,2380.00,486,5103639,12037393756.00,2262.00,2380.00,2289.00,2321.00
25165947991415904,20101208,2390.00,2399.00,423,3421443,8176133443.00,2341.00,2429.00,2359.00,2400.00
25165947991415904,20101211,2356.00,2326.00,246,1609545,3791632714.00,2321.00,2417.00,2390.00,2370.00
25165947991415904,20101212,2286.00,2272.00,358,2465647,5637145024.00,2266.00,2348.00,2356.00,2306.00
25165947991415904,20101213,2361.00,2377.00,391,5290413,12489332318.00,2271.00,2377.00,2286.00,2290.00
25165947991415904,20101214,2333.00,2339.00,377,3090606,7210133053.00,2281.00,2370.00,2361.00,2330.00
25165947991415904,20101218,2253.00,2240.00,641,6617193,14907680325.00,2240.00,2329.00,2333.00,2320.00
25165947991415904,20101219,2195.00,2171.00,537,5618321,12331383588.00,2170.00,2285.00,2253.00,2241.00
25165947991415904,20101220,2266.00,2282.00,373,4180743,9475018937.00,2181.00,2282.00,2195.00,2181.00
25165947991415904,20101221,2298.00,2300.00,494,4227228,9713076458.00,2276.00,2327.00,2266.00,2327.00
25165947991415904,20101222,2352.00,2360.00,449,3482911,8190852287.00,2312.00,2380.00,2298.00,2330.00
25165947991415904,20101225,2442.00,2446.00,315,4428892,10815740303.00,2400.00,2446.00,2352.00,2400.00
25165947991415904,20101226,2536.00,2510.00,473,6859358,17393051187.00,2480.00,2539.00,2442.00,2539.00
25165947991415904,20101227,2563.00,2637.00,1288,14580504,37366746144.00,2460.00,2637.00,2536.00,2491.00
25165947991415904,20101228,2665.00,2665.00,90,3003044,8003112260.00,2665.00,2665.00,2563.00,2665.00
25165947991415904,20101229,2764.00,2731.00,2144,32155870,88892675114.00,2697.00,2771.00,2665.00,2771.00
25165947991415904,20110101,2700.00,2654.00,269,3653077,9862216349.00,2654.00,2740.00,2764.00,2740.00
25165947991415904,20110102,2680.00,2592.00,24,139244,360920448.00,2592.00,2592.00,2700.00,2592.00
25165947991415904,20110103,2587.00,2573.00,1211,15824401,40940973082.00,2573.00,2670.00,2680.00,2573.00
25165947991415904,20110104,2645.00,2630.00,758,7749768,20500948533.00,2603.00,2689.00,2587.00,2640.00
25165947991415904,20110105,2712.00,2724.00,802,7417991,20115678627.00,2660.00,2740.00,2645.00,2660.00
25165947991415904,20110108,2809.00,2820.00,877,11460794,32189473586.00,2750.00,2820.00,2712.00,2779.00
25165947991415904,20110109,2894.00,2921.00,762,12563091,36362883407.00,2850.00,2921.00,2809.00,2880.00
25165947991415904,20110110,2801.00,2780.00,1082,13996023,39208233926.00,2779.00,2968.00,2894.00,2930.00
25165947991415904,20110111,2793.00,2740.00,875,7620135,21283331813.00,2731.00,2850.00,2801.00,2800.00
25165947991415904,20110112,2696.00,2690.00,679,7021658,18932334722.00,2682.00,2792.00,2793.00,2791.00
25165947991415904,20110115,2640.00,2620.00,451,4160852,10985594844.00,2593.00,2739.00,2696.00,2710.00
25165947991415904,20110116,2729.00,2745.00,691,8105254,22120237147.00,2608.00,2745.00,2640.00,2608.00
25165947991415904,20110117,2686.00,2670.00,694,7005660,18813945395.00,2650.00,2770.00,2729.00,2751.00
25165947991415904,20110118,2668.00,2667.00,730,8688922,23185528170.00,2647.00,2700.00,2686.00,2699.00
25165947991415904,20110119,2709.00,2679.00,816,8439344,22866123438.00,2672.00,2761.00,2668.00,2699.00
25165947991415904,20110122,2601.00,2601.00,227,2605469,6776824869.00,2601.00,2601.00,2709.00,2601.00
25165947991415904,20110123,2590.00,2599.00,853,8716276,22573353000.00,2520.00,2650.00,2601.00,2581.00
25165947991415904,20110124,2676.00,2688.00,606,5792280,15500002003.00,2601.00,2693.00,2590.00,2610.00
25165947991415904,20110126,2771.00,2723.00,1030,12833731,35560633658.00,2701.00,2783.00,2676.00,2701.00
25165947991415904,20110129,2801.00,2800.00,622,5882950,16478945121.00,2763.00,2870.00,2771.00,2780.00
25165947991415904,20110130,2783.00,2770.00,471,4013368,11168244127.00,2762.00,2805.00,2801.00,2800.00
25165947991415904,20110131,2836.00,2860.00,953,11011483,31228053681.00,2765.00,2887.00,2783.00,2765.00
25165947991415904,20110201,2938.00,2949.00,276,3012178,8849623126.00,2880.00,2949.00,2836.00,2880.00
25165947991415904,20110205,3055.00,3055.00,542,8408639,25687544111.00,3045.00,3055.00,2938.00,3055.00
25165947991415904,20110206,3010.00,3046.00,1654,17090437,51438696429.00,2935.00,3094.00,3055.00,3050.00
25165947991415904,20110207,3118.00,3072.00,1040,13069441,40753240267.00,3060.00,3130.00,3010.00,3070.00
25165947991415904,20110208,3036.00,3000.00,1251,12890643,39134048057.00,2994.00,3100.00,3118.00,3080.00
25165947991415904,20110209,3066.00,3130.00,1640,17122765,52495859368.00,2915.00,3150.00,3036.00,3000.00
25165947991415904,20110212,3029.00,3025.00,728,6507288,19710250895.00,2986.00,3098.00,3066.00,2990.00
25165947991415904,20110213,3087.00,3070.00,681,6378045,19690147685.00,3040.00,3120.00,3029.00,3050.00
25165947991415904,20110214,3090.00,3040.00,903,10611368,32792710714.00,3030.00,3169.00,3087.00,3081.00
25165947991415904,20110215,2999.00,2967.00,1350,13257217,39753584534.00,2967.00,3098.00,3090.00,3043.00
25165947991415904,20110216,2979.00,2880.00,28,126740,365011200.00,2880.00,2880.00,2999.00,2880.00
25165947991415904,20110219,2975.00,2860.00,14,22892,65471120.00,2860.00,2860.00,2979.00,2860.00
25165947991415904,20110220,2974.00,2856.00,7,7257,20725992.00,2856.00,2856.00,2975.00,2856.00
25165947991415904,20110222,2974.00,2856.00,2,3010,8596560.00,2856.00,2856.00,2974.00,2856.00
25165947991415904,20110223,2972.00,2856.00,8,14223,40620888.00,2856.00,2856.00,2974.00,2856.00
25165947991415904,20110226,2639.00,2626.00,57,583195,1539101378.00,2626.00,2735.00,2972.00,2735.00
25165947991415904,20110227,2593.00,2534.00,45,328095,831392730.00,2534.00,2534.00,2639.00,2534.00
25165947991415904,20110228,2494.00,2490.00,1116,17791323,44370704821.00,2490.00,2528.00,2593.00,2490.00
25165947991415904,20110301,2395.00,2395.00,126,1863137,4462213115.00,2395.00,2395.00,2494.00,2395.00
25165947991415904,20110302,2300.00,2300.00,83,855802,1968344600.00,2300.00,2300.00,2395.00,2300.00
25165947991415904,20110305,2208.00,2208.00,117,1602762,3538898496.00,2208.00,2208.00,2300.00,2208.00
25165947991415904,20110306,2257.00,2230.00,1445,19665833,44389029076.00,2161.00,2296.00,2208.00,2161.00
25165947991415904,20110307,2283.00,2310.00,907,7111175,16236574057.00,2201.00,2335.00,2257.00,2256.00
25165947991415904,20110308,2331.00,2340.00,569,3883605,9051744636.00,2292.00,2369.00,2283.00,2311.00
25165947991415904,20110309,2293.00,2330.00,724,45242888,103726245132.00,2241.00,2380.00,2331.00,2360.00
25165947991415904,20110312,2239.00,2211.00,524,3578989,8013317273.00,2205.00,2310.00,2293.00,2290.00
25165947991415904,20110313,2259.00,2270.00,437,3657915,8262817715.00,2230.00,2300.00,2239.00,2251.00
25165947991415904,20110314,2280.00,2256.00,610,6315073,14396691434.00,2255.00,2310.00,2259.00,2289.00
25165947991415904,20110315,2200.00,2219.00,1983,20777969,45703911288.00,2189.00,2270.00,2280.00,2270.00
25165947991415904,20110316,2275.00,2288.00,705,8044854,18304262893.00,2210.00,2288.00,2200.00,2249.00
25165947991415904,20110319,2275.00,2288.00,0,0,0.00,0.00,0.00,2275.00,0.00
25165947991415904,20110326,2275.00,2288.00,0,0,0.00,0.00,0.00,2275.00,0.00
25165947991415904,20110327,2275.00,2288.00,0,0,0.00,0.00,0.00,2275.00,0.00
25165947991415904,20110328,2275.00,2288.00,0,0,0.00,0.00,0.00,2275.00,0.00
25165947991415904,20110329,2275.00,2288.00,0,0,0.00,0.00,0.00,2275.00,0.00
25165947991415904,20110330,2275.00,2288.00,0,0,0.00,0.00,0.00,2275.00,0.00
25165947991415904,20110403,2275.00,2288.00,0,0,0.00,0.00,0.00,2275.00,0.00
25165947991415904,20110404,2275.00,2288.00,0,0,0.00,0.00,0.00,2275.00,0.00
25165947991415904,20110405,2275.00,2288.00,0,0,0.00,0.00,0.00,2275.00,0.00
25165947991415904,20110406,2275.00,2288.00,0,0,0.00,0.00,0.00,2275.00,0.00
25165947991415904,20110409,2275.00,2288.00,0,0,0.00,0.00,0.00,2275.00,0.00
25165947991415904,20110410,2275.00,2288.00,0,0,0.00,0.00,0.00,2275.00,0.00
25165947991415904,20110411,2275.00,2288.00,0,0,0.00,0.00,0.00,2275.00,0.00
25165947991415904,20110412,2275.00,2288.00,0,0,0.00,0.00,0.00,2275.00,0.00
25165947991415904,20110413,2275.00,2288.00,0,0,0.00,0.00,0.00,2275.00,0.00
25165947991415904,20110416,2275.00,2288.00,0,0,0.00,0.00,0.00,2275.00,0.00
25165947991415904,20110417,2275.00,2288.00,0,0,0.00,0.00,0.00,2275.00,0.00
25165947991415904,20110418,2818.00,2760.00,2151,26229552,73910605496.00,2760.00,2935.00,2275.00,2875.00
25165947991415904,20110419,2722.00,2706.00,386,5628644,15319768121.00,2706.00,2780.00,2818.00,2720.00
25165947991415904,20110420,2654.00,2637.00,1731,15380949,40827444832.00,2615.00,2750.00,2722.00,2625.00
25165947991415904,20110423,2745.00,2750.00,1147,14581275,40019197566.00,2680.00,2760.00,2654.00,2710.00
25165947991415904,20110424,2662.00,2636.00,891,7882712,20982585537.00,2636.00,2758.00,2745.00,2758.00
25165947991415904,20110425,2565.00,2556.00,515,5441979,13959353273.00,2556.00,2685.00,2662.00,2685.00
25165947991415904,20110426,2533.00,2520.00,656,4879699,12357897423.00,2480.00,2637.00,2565.00,2572.00
25165947991415904,20110427,2449.00,2479.00,804,7348371,17995608412.00,2432.00,2595.00,2533.00,2502.00
25165947991415904,20110430,2364.00,2352.00,93,836453,1977606837.00,2352.00,2400.00,2449.00,2400.00
25165947991415904,20110501,2277.00,2338.00,807,12335996,28095123565.00,2270.00,2339.00,2364.00,2270.00
25165947991415904,20110502,2368.00,2368.00,71,1712206,4054503808.00,2368.00,2368.00,2277.00,2368.00
25165947991415904,20110503,2434.00,2371.00,1035,11963257,29121563220.00,2368.00,2462.00,2368.00,2462.00
25165947991415904,20110504,2356.00,2375.00,846,9484423,22345972967.00,2337.00,2399.00,2434.00,2360.00
25165947991415904,20110508,2274.00,2262.00,658,6556899,14908011163.00,2262.00,2369.00,2356.00,2361.00
25165947991415904,20110509,2331.00,2364.00,957,8987696,20946084812.00,2275.00,2364.00,2274.00,2350.00
25165947991415904,20110510,2340.00,2322.00,785,7792548,18233525447.00,2297.00,2419.00,2331.00,2400.00
25165947991415904,20110511,2305.00,2310.00,650,6271726,14456650528.00,2281.00,2330.00,2340.00,2315.00
25165947991415904,20110514,2300.00,2300.00,63,495731,1139251984.00,2270.00,2319.00,2305.00,2281.00
25165947991415904,20110515,2301.00,2284.00,564,4984575,11470241645.00,2271.00,2339.00,2300.00,2306.00
25165947991415904,20110516,2241.00,2251.00,868,8637489,19355320528.00,2209.00,2360.00,2301.00,2310.00
25165947991415904,20110517,2270.00,2270.00,411,2848550,6467374673.00,2241.00,2300.00,2241.00,2270.00
25165947991415904,20110518,2281.00,2266.00,436,3007749,6860740798.00,2254.00,2320.00,2270.00,2298.00
25165947991415904,20110521,2236.00,2222.00,634,4940125,11044940663.00,2191.00,2320.00,2281.00,2279.00
25165947991415904,20110522,2162.00,2147.00,857,8286030,17914004372.00,2147.00,2250.00,2236.00,2237.00
25165947991415904,20110523,2097.00,2115.00,912,7608905,15958946224.00,2078.00,2163.00,2162.00,2163.00
25165947991415904,20110524,2047.00,2014.00,595,4326621,8857253523.00,2014.00,2125.00,2097.00,2101.00
25165947991415904,20110525,1983.00,1966.00,71,594192,1168181472.00,1966.00,1966.00,2047.00,1966.00
25165947991415904,20110528,1919.00,1904.00,339,3827901,7347504500.00,1904.00,1970.00,1983.00,1905.00
25165947991415904,20110529,1914.00,1843.00,18,52077,95977911.00,1843.00,1843.00,1919.00,1843.00
25165947991415904,20110530,1858.00,1867.00,1336,16837989,31284620159.00,1838.00,1939.00,1914.00,1838.00
25165947991415904,20110531,1850.00,1800.00,785,6530887,12085280862.00,1800.00,1900.00,1858.00,1891.00
25165947991415904,20110601,1826.00,1902.00,862,10963715,20016646077.00,1776.00,1919.00,1850.00,1779.00
25165947991415904,20110606,1836.00,1899.00,25,106991,203175909.00,1899.00,1899.00,1826.00,1899.00
25165947991415904,20110607,1908.00,1909.00,650,9597119,18315817176.00,1851.00,1909.00,1836.00,1909.00
25165947991415904,20110608,1964.00,1984.00,691,7423621,14583212780.00,1880.00,1984.00,1908.00,1937.00
25165947991415904,20110611,1928.00,1886.00,584,6624803,12773992885.00,1886.00,2020.00,1964.00,2010.00
25165947991415904,20110612,1864.00,1851.00,437,4315080,8044769613.00,1851.00,1934.00,1928.00,1890.00
25165947991415904,20110613,1800.00,1790.00,639,6046022,10882566464.00,1790.00,1877.00,1864.00,1877.00
25165947991415904,20110614,1735.00,1728.00,706,7651028,13272643134.00,1728.00,1820.00,1800.00,1772.00
25165947991415904,20110615,1673.00,1670.00,777,8877231,14847774372.00,1666.00,1728.00,1735.00,1728.00
25165947991415904,20110618,1729.00,1739.00,357,4243747,7339446700.00,1620.00,1739.00,1673.00,1700.00
25165947991415904,20110619,1759.00,1730.00,498,4267225,7506740835.00,1716.00,1790.00,1729.00,1780.00
25165947991415904,20110620,1748.00,1780.00,454,4596965,8036044025.00,1710.00,1788.00,1759.00,1730.00
25165947991415904,20110621,1807.00,1817.00,209,2195585,3967044721.00,1764.00,1817.00,1748.00,1770.00
25165947991415904,20110622,1878.00,1879.00,1349,28217410,53000681874.00,1832.00,1879.00,1807.00,1879.00
25165947991415904,20110625,1898.00,1841.00,656,7283901,13824141328.00,1841.00,1949.00,1878.00,1870.00
25165947991415904,20110626,1826.00,1823.00,171,2679266,4893272052.00,1823.00,1848.00,1898.00,1842.00
25165947991415904,20110627,1753.00,1753.00,53,1399640,2453568920.00,1753.00,1753.00,1826.00,1753.00
25165947991415904,20110628,1692.00,1683.00,774,12646784,21401366383.00,1683.00,1748.00,1753.00,1683.00
25165947991415904,20110629,1702.00,1701.00,2430,27038414,46008400636.00,1642.00,1740.00,1692.00,1670.00
25165947991415904,20110702,1670.00,1666.00,846,8080514,13492073244.00,1640.00,1739.00,1702.00,1703.00
25165947991415904,20110703,1612.00,1604.00,879,8747695,14100224314.00,1604.00,1686.00,1670.00,1650.00
25165947991415904,20110704,1591.00,1600.00,510,4862215,7737034587.00,1566.00,1635.00,1612.00,1583.00
25165947991415904,20110705,1654.00,1654.00,85,1310722,2167934188.00,1654.00,1654.00,1591.00,1654.00
25165947991415904,20110706,1645.00,1621.00,506,4891989,8048315412.00,1620.00,1685.00,1654.00,1685.00
25165947991415904,20110709,1581.00,1580.00,459,4208174,6654804551.00,1580.00,1620.00,1645.00,1620.00
25165947991415904,20110710,1525.00,1518.00,182,1839394,2805598196.00,1518.00,1540.00,1581.00,1535.00
25165947991415904,20110711,1504.00,1499.00,1114,13425587,20198711480.00,1474.00,1559.00,1525.00,1500.00
25165947991415904,20110712,1483.00,1460.00,829,9034063,13400521390.00,1455.00,1529.00,1504.00,1501.00
25165947991415904,20110713,1483.00,1460.00,0,0,0.00,0.00,0.00,1483.00,0.00
25165947991415904,20110716,1483.00,1460.00,0,0,0.00,0.00,0.00,1483.00,0.00
25165947991415904,20110718,1483.00,1460.00,0,0,0.00,0.00,0.00,1483.00,0.00
25165947991415904,20110719,1483.00,1460.00,0,0,0.00,0.00,0.00,1483.00,0.00
25165947991415904,20110720,1483.00,1460.00,0,0,0.00,0.00,0.00,1483.00,0.00
25165947991415904,20110723,1649.00,1635.00,752,9514565,15693197298.00,1609.00,1690.00,1483.00,1665.00
25165947991415904,20110724,1697.00,1714.00,975,9410948,15970145433.00,1630.00,1714.00,1649.00,1659.00
25165947991415904,20110725,1700.00,1668.00,648,7535481,12811951464.00,1662.00,1762.00,1697.00,1730.00
25165947991415904,20110726,1730.00,1718.00,769,8079600,13977406766.00,1640.00,1760.00,1700.00,1655.00
25165947991415904,20110727,1782.00,1799.00,571,6678569,11903766320.00,1730.00,1799.00,1730.00,1748.00
25165947991415904,20110730,1834.00,1853.00,58,550661,1020374833.00,1853.00,1853.00,1782.00,1853.00
25165947991415904,20110731,1841.00,1848.00,1630,18832019,34670807367.00,1801.00,1880.00,1834.00,1858.00
25165947991415904,20110801,1912.00,1914.00,955,16561844,31662039956.00,1867.00,1914.00,1841.00,1867.00
25165947991415904,20110802,1988.00,1988.00,248,4637346,9218959062.00,1987.00,1988.00,1912.00,1988.00
25165947991415904,20110803,2051.00,2067.00,75,598330,1236748110.00,2067.00,2067.00,1988.00,2067.00
25165947991415904,20110806,2130.00,2133.00,2293,38416654,81815784989.00,2070.00,2133.00,2051.00,2133.00
25165947991415904,20110807,2123.00,2150.00,2000,19473754,41344612032.00,2046.00,2198.00,2130.00,2100.00
25165947991415904,20110808,2203.00,2207.00,340,6193718,13647389919.00,2180.00,2207.00,2123.00,2200.00
25165947991415904,20110809,2281.00,2291.00,2535,43577338,99381647160.00,2225.00,2291.00,2203.00,2291.00
25165947991415904,20110810,2365.00,2372.00,627,8872398,20980845576.00,2316.00,2372.00,2281.00,2330.00
25165947991415904,20110813,2365.00,2372.00,0,0,0.00,0.00,0.00,2365.00,0.00
25165947991415904,20110814,2365.00,2372.00,0,0,0.00,0.00,0.00,2365.00,0.00
25165947991415904,20110815,2365.00,2372.00,0,0,0.00,0.00,0.00,2365.00,0.00
25165947991415904,20110816,2365.00,2372.00,0,0,0.00,0.00,0.00,2365.00,0.00
25165947991415904,20110817,2365.00,2372.00,0,0,0.00,0.00,0.00,2365.00,0.00
25165947991415904,20110820,2365.00,2372.00,0,0,0.00,0.00,0.00,2365.00,0.00
25165947991415904,20110821,2365.00,2372.00,0,0,0.00,0.00,0.00,2365.00,0.00
25165947991415904,20110823,2365.00,2372.00,0,0,0.00,0.00,0.00,2365.00,0.00
25165947991415904,20110824,2365.00,2372.00,0,0,0.00,0.00,0.00,2365.00,0.00
25165947991415904,20110827,2271.00,2271.00,56,1303338,2959880598.00,2271.00,2271.00,2365.00,2271.00
25165947991415904,20110828,2256.00,2181.00,96,126775,276496275.00,2181.00,2181.00,2271.00,2181.00
25165947991415904,20110829,2212.00,2300.00,3670,47809843,105759948169.00,2166.00,2331.00,2256.00,2166.00
25165947991415904,20110830,2299.00,2300.00,868,13782107,31691117942.00,2264.00,2300.00,2212.00,2300.00
25165947991415904,20110831,2299.00,2300.00,0,0,0.00,0.00,0.00,2299.00,0.00
25165947991415904,20110903,2390.00,2390.00,192,3546203,8475425170.00,2390.00,2390.00,2299.00,2390.00
25165947991415904,20110904,2485.00,2485.00,458,9896195,24592044575.00,2485.00,2485.00,2390.00,2485.00
25165947991415904,20110905,2584.00,2584.00,215,3886154,10041821936.00,2584.00,2584.00,2485.00,2584.00
25165947991415904,20110906,2687.00,2687.00,92,1465148,3936852676.00,2687.00,2687.00,2584.00,2687.00
25165947991415904,20110907,2665.00,2620.00,3167,38550467,102721597900.00,2580.00,2770.00,2687.00,2700.00
25165947991415904,20110910,2755.00,2771.00,1342,17364308,47846389728.00,2660.00,2771.00,2665.00,2660.00
25165947991415904,20110911,2830.00,2810.00,1934,23354291,66103583166.00,2751.00,2865.00,2755.00,2865.00
25165947991415904,20110912,2737.00,2717.00,1048,9963368,27268989441.00,2717.00,2848.00,2830.00,2848.00
25165947991415904,20110913,2648.00,2651.00,2145,28601491,75724384868.00,2628.00,2730.00,2737.00,2716.00
25165947991415904,20110914,2633.00,2630.00,1067,10491208,27622566938.00,2583.00,2689.00,2648.00,2678.00
25165947991415904,20110917,2707.00,2697.00,1446,16241640,43961355728.00,2630.00,2738.00,2633.00,2650.00
25165947991415904,20110918,2708.00,2653.00,1116,10414473,28201515873.00,2650.00,2780.00,2707.00,2710.00
25165947991415904,20110919,2617.00,2600.00,1149,10567052,27653295788.00,2600.00,2695.00,2708.00,2695.00
25165947991415904,20110920,2534.00,2522.00,1342,10419811,26400044412.00,2516.00,2600.00,2617.00,2552.00
25165947991415904,20110921,2604.00,2635.00,755,7111065,18516655325.00,2535.00,2635.00,2534.00,2570.00
25165947991415904,20110925,2622.00,2630.00,855,8565069,22457092914.00,2520.00,2694.00,2604.00,2631.00
25165947991415904,20110926,2589.00,2560.00,570,5509267,14264382672.00,2552.00,2650.00,2622.00,2644.00
25165947991415904,20110927,2648.00,2646.00,873,8842313,23413824504.00,2600.00,2678.00,2589.00,2610.00
25165947991415904,20110928,2615.00,2585.00,758,6538644,17095929660.00,2579.00,2664.00,2648.00,2648.00
25165947991415904,20111001,2544.00,2540.00,693,5394874,13722686852.00,2521.00,2600.00,2615.00,2556.00
25165947991415904,20111002,2462.00,2468.00,1395,14565924,35867808582.00,2443.00,2525.00,2544.00,2525.00
25165947991415904,20111003,2500.00,2457.00,912,7564272,18906935254.00,2452.00,2559.00,2462.00,2475.00
25165947991415904,20111004,2412.00,2400.00,1202,12715137,30674834707.00,2400.00,2500.00,2500.00,2500.00
25165947991415904,20111005,2387.00,2384.00,919,9958077,23767787671.00,2350.00,2444.00,2412.00,2431.00
25165947991415904,20111008,2482.00,2482.00,93,1515896,3762453872.00,2482.00,2482.00,2387.00,2482.00
25165947991415904,20111009,2540.00,2505.00,1304,13466234,34210800474.00,2490.00,2580.00,2482.00,2560.00
25165947991415904,20111010,2461.00,2450.00,819,6917732,17025183180.00,2439.00,2519.00,2540.00,2511.00
25165947991415904,20111011,2465.00,2440.00,809,7258558,17893632089.00,2418.00,2542.00,2461.00,2460.00
25165947991415904,20111012,2403.00,2408.00,786,7223237,17355371907.00,2380.00,2449.00,2465.00,2440.00
25165947991415904,20111015,2317.00,2307.00,1163,10907571,25271262382.00,2307.00,2400.00,2403.00,2400.00
25165947991415904,20111016,2233.00,2225.00,443,4331245,9672156784.00,2225.00,2290.00,2317.00,2260.00
25165947991415904,20111017,2213.00,2260.00,1158,11513970,25484734073.00,2160.00,2270.00,2233.00,2200.00
25165947991415904,20111018,2248.00,2248.00,628,4865060,10936532584.00,2220.00,2269.00,2213.00,2269.00
25165947991415904,20111019,2184.00,2170.00,836,7678215,16769018115.00,2160.00,2240.00,2248.00,2240.00
25165947991415904,20111022,2122.00,2108.00,976,8583076,18209637130.00,2097.00,2198.00,2184.00,2198.00
25165947991415904,20111023,2142.00,2140.00,758,5948266,12743160059.00,2090.00,2179.00,2122.00,2120.00
25165947991415904,20111024,2061.00,2057.00,56,716666,1474181962.00,2057.00,2057.00,2142.00,2057.00
25165947991415904,20111025,2014.00,2040.00,1285,19205160,38674122951.00,1979.00,2089.00,2061.00,1979.00
25165947991415904,20111026,2039.00,2021.00,806,8363367,17053007789.00,2001.00,2079.00,2014.00,2050.00
25165947991415904,20111029,2060.00,2060.00,464,5420451,11166733857.00,2022.00,2099.00,2039.00,2070.00
25165947991415904,20111030,2112.00,2142.00,826,7548547,15942512428.00,2050.00,2142.00,2060.00,2059.00
25165947991415904,20111031,2189.00,2196.00,1026,10234883,22404886534.00,2156.00,2196.00,2112.00,2169.00
25165947991415904,20111101,2174.00,2160.00,722,5918604,12864999356.00,2155.00,2238.00,2189.00,2200.00
25165947991415904,20111102,2205.00,2182.00,807,7370655,16255422591.00,2170.00,2250.00,2174.00,2235.00
25165947991415904,20111105,2127.00,2117.00,563,6632617,14107637073.00,2117.00,2180.00,2205.00,2170.00
25165947991415904,20111106,2046.00,2042.00,376,5872737,12018408338.00,2042.00,2079.00,2127.00,2079.00
25165947991415904,20111108,1967.00,1965.00,563,9443117,18576718249.00,1965.00,1997.00,2046.00,1967.00
25165947991415904,20111109,2013.00,2045.00,990,14646330,29482077056.00,1950.00,2045.00,1967.00,1950.00
25165947991415904,20111112,2091.00,2093.00,709,11159337,23336576630.00,2065.00,2093.00,2013.00,2090.00
25165947991415904,20111113,2008.00,2008.00,71,757894,1521851152.00,2008.00,2008.00,2091.00,2008.00
25165947991415904,20111114,1941.00,1931.00,1160,21310073,41352521297.00,1928.00,1988.00,2008.00,1929.00
25165947991415904,20111116,1924.00,1898.00,913,8839489,17006218243.00,1880.00,1980.00,1941.00,1959.00
25165947991415904,20111119,1866.00,1848.00,780,7451470,13902456415.00,1848.00,1950.00,1924.00,1950.00
25165947991415904,20111120,1812.00,1792.00,535,6574507,11912770975.00,1792.00,1860.00,1866.00,1840.00
25165947991415904,20111121,1767.00,1810.00,1769,22088547,39040614228.00,1740.00,1838.00,1812.00,1740.00
25165947991415904,20111122,1710.00,1718.00,1762,27158626,46446801814.00,1697.00,1799.00,1767.00,1772.00
25165947991415904,20111123,1725.00,1712.00,966,11330703,19540276951.00,1712.00,1760.00,1710.00,1750.00
25165947991415904,20111126,1744.00,1730.00,621,5737314,10004277992.00,1726.00,1776.00,1725.00,1741.00
25165947991415904,20111127,1692.00,1675.00,570,8129229,13755921755.00,1675.00,1744.00,1744.00,1735.00
25165947991415904,20111128,1626.00,1625.00,437,7220424,11738402480.00,1625.00,1650.00,1692.00,1625.00
25165947991415904,20111129,1675.00,1691.00,656,11772532,19724498741.00,1610.00,1691.00,1626.00,1625.00
25165947991415904,20111130,1627.00,1608.00,849,11624334,18910728910.00,1608.00,1697.00,1675.00,1670.00
25165947991415904,20111203,1679.00,1692.00,677,8510845,14292449242.00,1630.00,1692.00,1627.00,1630.00
25165947991415904,20111204,1740.00,1746.00,351,5470876,9518785816.00,1719.00,1746.00,1679.00,1720.00
25165947991415904,20111207,1809.00,1809.00,186,4205053,7606940877.00,1809.00,1809.00,1740.00,1809.00
25165947991415904,20111210,1839.00,1790.00,1375,19293310,35478194461.00,1742.00,1881.00,1809.00,1881.00
25165947991415904,20111211,1769.00,1766.00,441,5106087,9030749164.00,1766.00,1799.00,1839.00,1799.00
25165947991415904,20111212,1758.00,1785.00,808,9010756,15841506689.00,1719.00,1798.00,1769.00,1766.00
25165947991415904,20111213,1768.00,1739.00,591,5196608,9186626492.00,1721.00,1810.00,1758.00,1788.00
25165947991415904,20111214,1703.00,1699.00,1090,13071957,22257537003.00,1698.00,1749.00,1768.00,1720.00
25165947991415904,20111217,1647.00,1650.00,628,5252778,8650576020.00,1635.00,1694.00,1703.00,1672.00
25165947991415904,20111218,1704.00,1712.00,586,8503439,14493771668.00,1651.00,1712.00,1647.00,1651.00
25165947991415904,20111219,1759.00,1725.00,958,10573074,18603232626.00,1710.00,1772.00,1704.00,1759.00
25165947991415904,20111220,1697.00,1698.00,788,6948087,11793300565.00,1689.00,1739.00,1759.00,1710.00
25165947991415904,20111221,1671.00,1688.00,623,6435741,10752311437.00,1645.00,1710.00,1697.00,1699.00
25165947991415904,20111224,1680.00,1661.00,360,3607099,6061081984.00,1650.00,1719.00,1671.00,1690.00
25165947991415904,20111225,1666.00,1661.00,517,5357681,8927688182.00,1655.00,1699.00,1680.00,1699.00
25165947991415904,20111226,1617.00,1611.00,824,9226647,14922889484.00,1600.00,1670.00,1666.00,1655.00
25165947991415904,20111227,1593.00,1609.00,551,6035282,9613711444.00,1573.00,1616.00,1617.00,1573.00
25165947991415904,20111228,1604.00,1600.00,655,5604058,8988124626.00,1580.00,1629.00,1593.00,1629.00
25165947991415904,20111231,1647.00,1668.00,592,7335302,12082134291.00,1619.00,1668.00,1604.00,1621.00
25165947991415904,20120101,1689.00,1650.00,973,13207672,22313801217.00,1637.00,1712.00,1647.00,1712.00
25165947991415904,20120102,1627.00,1626.00,486,5524400,8989742342.00,1622.00,1646.00,1689.00,1622.00
25165947991415904,20120103,1637.00,1640.00,460,3766196,6165417514.00,1620.00,1667.00,1627.00,1635.00
25165947991415904,20120104,1661.00,1659.00,499,4346452,7220767640.00,1622.00,1680.00,1637.00,1622.00
25165947991415904,20120107,1668.00,1660.00,384,2743781,4577398788.00,1641.00,1710.00,1661.00,1680.00
25165947991415904,20120108,1664.00,1646.00,343,4050222,6739961733.00,1639.00,1692.00,1668.00,1692.00
25165947991415904,20120109,1722.00,1730.00,1478,17375108,29919988203.00,1660.00,1730.00,1664.00,1680.00
25165947991415904,20120110,1723.00,1691.00,867,7884622,13581760427.00,1680.00,1774.00,1722.00,1750.00
25165947991415904,20120111,1682.00,1668.00,724,6278559,10559176962.00,1660.00,1720.00,1723.00,1720.00
25165947991415904,20120115,1657.00,1631.00,782,8241320,13655596926.00,1630.00,1700.00,1682.00,1684.00
25165947991415904,20120116,1710.00,1709.00,1014,10435822,17842910277.00,1650.00,1723.00,1657.00,1652.00
25165947991415904,20120117,1698.00,1660.00,717,6204124,10532256837.00,1653.00,1740.00,1710.00,1728.00
25165947991415904,20120118,1671.00,1671.00,522,7730577,12921417589.00,1657.00,1700.00,1698.00,1685.00
25165947991415904,20120121,1640.00,1639.00,543,6052969,9927582448.00,1626.00,1678.00,1671.00,1675.00
25165947991415904,20120123,1603.00,1602.00,617,5928414,9503833380.00,1590.00,1640.00,1640.00,1640.00
25165947991415904,20120125,1598.00,1611.00,511,6024029,9623397842.00,1546.00,1640.00,1603.00,1618.00
25165947991415904,20120128,1660.00,1661.00,224,2518585,4180084684.00,1632.00,1661.00,1598.00,1650.00
25165947991415904,20120129,1645.00,1620.00,513,5885370,9682700948.00,1606.00,1695.00,1660.00,1690.00
25165947991415904,20120130,1601.00,1600.00,460,3931631,6292885793.00,1595.00,1629.00,1645.00,1602.00
25165947991415904,20120131,1603.00,1596.00,454,4515966,7238287585.00,1595.00,1644.00,1601.00,1599.00
25165947991415904,20120201,1637.00,1649.00,503,4283434,7010710891.00,1600.00,1660.00,1603.00,1628.00
25165947991415904,20120204,1698.00,1702.00,826,10735754,18232976694.00,1661.00,1702.00,1637.00,1661.00
25165947991415904,20120205,1748.00,1760.00,1278,13145961,22979132749.00,1715.00,1764.00,1698.00,1739.00
25165947991415904,20120206,1730.00,1702.00,933,8832259,15279765788.00,1691.00,1780.00,1748.00,1765.00
25165947991415904,20120207,1688.00,1680.00,540,5551791,9373964695.00,1663.00,1738.00,1730.00,1730.00
25165947991415904,20120208,1627.00,1621.00,629,5687539,9253553343.00,1621.00,1670.00,1688.00,1651.00
25165947991415904,20120212,1589.00,1590.00,779,7336980,11658682377.00,1571.00,1639.00,1627.00,1610.00
25165947991415904,20120213,1562.00,1548.00,821,5794021,9049711660.00,1541.00,1600.00,1589.00,1600.00
25165947991415904,20120214,1504.00,1500.00,444,5508735,8285638558.00,1500.00,1549.00,1562.00,1530.00
25165947991415904,20120215,1490.00,1510.00,1020,9383083,13984039338.00,1444.00,1550.00,1504.00,1490.00
25165947991415904,20120218,1492.00,1479.00,458,3271986,4882763423.00,1470.00,1528.00,1490.00,1510.00
25165947991415904,20120219,1495.00,1476.00,541,3795873,5673495650.00,1467.00,1530.00,1492.00,1497.00
25165947991415904,20120220,1450.00,1460.00,1277,10929491,15846924891.00,1436.00,1500.00,1495.00,1500.00
25165947991415904,20120221,1495.00,1508.00,663,6709992,10029065502.00,1437.00,1508.00,1450.00,1470.00
25165947991415904,20120222,1539.00,1516.00,652,8487167,13062866512.00,1509.00,1554.00,1495.00,1554.00
25165947991415904,20120225,1493.00,1479.00,387,3745817,5592017083.00,1478.00,1529.00,1539.00,1500.00
25165947991415904,20120226,1515.00,1501.00,564,6266684,9493416175.00,1495.00,1540.00,1493.00,1496.00
25165947991415904,20120227,1517.00,1503.00,469,4731367,7177668639.00,1500.00,1549.00,1515.00,1510.00
25165947991415904,20120228,1509.00,1500.00,436,4301503,6489118901.00,1496.00,1544.00,1517.00,1504.00
25165947991415904,20120229,1485.00,1479.00,524,3522211,5229910657.00,1472.00,1517.00,1509.00,1500.00
25165947991415904,20120303,1480.00,1470.00,412,3587196,5309457810.00,1462.00,1516.00,1485.00,1500.00
25165947991415904,20120304,1483.00,1479.00,634,5183630,7687173397.00,1466.00,1510.00,1480.00,1480.00
25165947991415904,20120305,1457.00,1453.00,363,2158842,3145306254.00,1440.00,1490.00,1483.00,1490.00
25165947991415904,20120306,1455.00,1450.00,501,4827099,7022060217.00,1440.00,1490.00,1457.00,1457.00
25165947991415904,20120307,1501.00,1513.00,392,4912009,7373522130.00,1462.00,1513.00,1455.00,1462.00
25165947991415904,20120310,1544.00,1561.00,57,537396,838875156.00,1561.00,1561.00,1501.00,1561.00
25165947991415904,20120311,1544.00,1561.00,0,0,0.00,0.00,0.00,1544.00,0.00
25165947991415904,20120312,1544.00,1561.00,0,0,0.00,0.00,0.00,1544.00,0.00
25165947991415904,20120313,1544.00,1561.00,0,0,0.00,0.00,0.00,1544.00,0.00
25165947991415904,20120314,1544.00,1561.00,0,0,0.00,0.00,0.00,1544.00,0.00
25165947991415904,20120317,1544.00,1561.00,0,0,0.00,0.00,0.00,1544.00,0.00
25165947991415904,20120318,1544.00,1561.00,0,0,0.00,0.00,0.00,1544.00,0.00
25165947991415904,20120324,1544.00,1561.00,0,0,0.00,0.00,0.00,1544.00,0.00
25165947991415904,20120325,1544.00,1561.00,0,0,0.00,0.00,0.00,1544.00,0.00
25165947991415904,20120326,1544.00,1561.00,0,0,0.00,0.00,0.00,1544.00,0.00
25165947991415904,20120327,1544.00,1561.00,0,0,0.00,0.00,0.00,1544.00,0.00
25165947991415904,20120328,1544.00,1561.00,0,0,0.00,0.00,0.00,1544.00,0.00
25165947991415904,20120402,1544.00,1561.00,0,0,0.00,0.00,0.00,1544.00,0.00
25165947991415904,20120403,1544.00,1561.00,0,0,0.00,0.00,0.00,1544.00,0.00
25165947991415904,20120404,1544.00,1561.00,0,0,0.00,0.00,0.00,1544.00,0.00
25165947991415904,20120407,1544.00,1561.00,0,0,0.00,0.00,0.00,1544.00,0.00
25165947991415904,20120408,1544.00,1561.00,0,0,0.00,0.00,0.00,1544.00,0.00
25165947991415904,20120409,1544.00,1561.00,0,0,0.00,0.00,0.00,1544.00,0.00
25165947991415904,20120410,1544.00,1561.00,0,0,0.00,0.00,0.00,1544.00,0.00
25165947991415904,20120411,1544.00,1561.00,0,0,0.00,0.00,0.00,1544.00,0.00
25165947991415904,20120414,1544.00,1561.00,0,0,0.00,0.00,0.00,1544.00,0.00
25165947991415904,20120415,1544.00,1561.00,0,0,0.00,0.00,0.00,1544.00,0.00
25165947991415904,20120416,1544.00,1561.00,0,0,0.00,0.00,0.00,1544.00,0.00
25165947991415904,20120417,1544.00,1561.00,0,0,0.00,0.00,0.00,1544.00,0.00
25165947991415904,20120418,1544.00,1561.00,0,0,0.00,0.00,0.00,1544.00,0.00
25165947991415904,20120421,1544.00,1561.00,0,0,0.00,0.00,0.00,1544.00,0.00
25165947991415904,20120422,1544.00,1561.00,0,0,0.00,0.00,0.00,1544.00,0.00
25165947991415904,20120423,1544.00,1561.00,0,0,0.00,0.00,0.00,1544.00,0.00
25165947991415904,20120424,1544.00,1561.00,0,0,0.00,0.00,0.00,1544.00,0.00
25165947991415904,20120428,1544.00,1561.00,0,0,0.00,0.00,0.00,1544.00,0.00
25165947991415904,20120429,1544.00,1561.00,0,0,0.00,0.00,0.00,1544.00,0.00
25165947991415904,20120430,1544.00,1561.00,0,0,0.00,0.00,0.00,1544.00,0.00
25165947991415904,20120501,1544.00,1561.00,0,0,0.00,0.00,0.00,1544.00,0.00
25165947991415904,20120502,1544.00,1561.00,0,0,0.00,0.00,0.00,1544.00,0.00
25165947991415904,20120505,1544.00,1561.00,0,0,0.00,0.00,0.00,1544.00,0.00
25165947991415904,20120506,1544.00,1561.00,0,0,0.00,0.00,0.00,1544.00,0.00
25165947991415904,20120507,1544.00,1561.00,0,0,0.00,0.00,0.00,1544.00,0.00
25165947991415904,20120508,1544.00,1561.00,0,0,0.00,0.00,0.00,1544.00,0.00
25165947991415904,20120509,1544.00,1561.00,0,0,0.00,0.00,0.00,1544.00,0.00
25165947991415904,20120512,1544.00,1561.00,0,0,0.00,0.00,0.00,1544.00,0.00
25165947991415904,20120513,1544.00,1561.00,0,0,0.00,0.00,0.00,1544.00,0.00
25165947991415904,20120514,1544.00,1561.00,0,0,0.00,0.00,0.00,1544.00,0.00
25165947991415904,20120515,1544.00,1561.00,0,0,0.00,0.00,0.00,1544.00,0.00
25165947991415904,20120516,1544.00,1561.00,0,0,0.00,0.00,0.00,1544.00,0.00
25165947991415904,20120519,1544.00,1561.00,0,0,0.00,0.00,0.00,1544.00,0.00
25165947991415904,20120520,1544.00,1561.00,0,0,0.00,0.00,0.00,1544.00,0.00
25165947991415904,20120521,1544.00,1561.00,0,0,0.00,0.00,0.00,1544.00,0.00
25165947991415904,20120522,1544.00,1561.00,0,0,0.00,0.00,0.00,1544.00,0.00
25165947991415904,20120523,1544.00,1561.00,0,0,0.00,0.00,0.00,1544.00,0.00
25165947991415904,20120526,1544.00,1561.00,0,0,0.00,0.00,0.00,1544.00,0.00
25165947991415904,20120527,1544.00,1561.00,0,0,0.00,0.00,0.00,1544.00,0.00
25165947991415904,20120528,1544.00,1561.00,0,0,0.00,0.00,0.00,1544.00,0.00
25165947991415904,20120529,1544.00,1561.00,0,0,0.00,0.00,0.00,1544.00,0.00
25165947991415904,20120530,1544.00,1561.00,0,0,0.00,0.00,0.00,1544.00,0.00
25165947991415904,20120602,1544.00,1561.00,0,0,0.00,0.00,0.00,1544.00,0.00
25165947991415904,20120605,1544.00,1561.00,0,0,0.00,0.00,0.00,1544.00,0.00
25165947991415904,20120606,1544.00,1561.00,0,0,0.00,0.00,0.00,1544.00,0.00
25165947991415904,20120609,1544.00,1561.00,0,0,0.00,0.00,0.00,1544.00,0.00
25165947991415904,20120610,1544.00,1561.00,0,0,0.00,0.00,0.00,1544.00,0.00
25165947991415904,20120611,1544.00,1561.00,0,0,0.00,0.00,0.00,1544.00,0.00
25165947991415904,20120612,1544.00,1561.00,0,0,0.00,0.00,0.00,1544.00,0.00
25165947991415904,20120613,1544.00,1561.00,0,0,0.00,0.00,0.00,1544.00,0.00
25165947991415904,20120616,1544.00,1561.00,0,0,0.00,0.00,0.00,1544.00,0.00
25165947991415904,20120617,1544.00,1561.00,0,0,0.00,0.00,0.00,1544.00,0.00
25165947991415904,20120619,1544.00,1561.00,0,0,0.00,0.00,0.00,1544.00,0.00
25165947991415904,20120620,1544.00,1561.00,0,0,0.00,0.00,0.00,1544.00,0.00
25165947991415904,20120623,1544.00,1561.00,0,0,0.00,0.00,0.00,1544.00,0.00
25165947991415904,20120624,1544.00,1561.00,0,0,0.00,0.00,0.00,1544.00,0.00
25165947991415904,20120625,1544.00,1561.00,0,0,0.00,0.00,0.00,1544.00,0.00
25165947991415904,20120626,1544.00,1561.00,0,0,0.00,0.00,0.00,1544.00,0.00
25165947991415904,20120627,1544.00,1561.00,0,0,0.00,0.00,0.00,1544.00,0.00
25165947991415904,20120630,1544.00,1561.00,0,0,0.00,0.00,0.00,1544.00,0.00
25165947991415904,20120701,1544.00,1561.00,0,0,0.00,0.00,0.00,1544.00,0.00
25165947991415904,20120702,1544.00,1561.00,0,0,0.00,0.00,0.00,1544.00,0.00
25165947991415904,20120703,1544.00,1561.00,0,0,0.00,0.00,0.00,1544.00,0.00
25165947991415904,20120704,1544.00,1561.00,0,0,0.00,0.00,0.00,1544.00,0.00
25165947991415904,20120707,1544.00,1561.00,0,0,0.00,0.00,0.00,1544.00,0.00
25165947991415904,20120708,1544.00,1561.00,0,0,0.00,0.00,0.00,1544.00,0.00
25165947991415904,20120709,1544.00,1561.00,0,0,0.00,0.00,0.00,1544.00,0.00
25165947991415904,20120710,1544.00,1561.00,0,0,0.00,0.00,0.00,1544.00,0.00
25165947991415904,20120711,1544.00,1561.00,0,0,0.00,0.00,0.00,1544.00,0.00
25165947991415904,20120714,1544.00,1561.00,0,0,0.00,0.00,0.00,1544.00,0.00
25165947991415904,20120715,1544.00,1561.00,0,0,0.00,0.00,0.00,1544.00,0.00
25165947991415904,20120716,1544.00,1561.00,0,0,0.00,0.00,0.00,1544.00,0.00
25165947991415904,20120717,1544.00,1561.00,0,0,0.00,0.00,0.00,1544.00,0.00
25165947991415904,20120718,1544.00,1561.00,0,0,0.00,0.00,0.00,1544.00,0.00
25165947991415904,20120721,1544.00,1561.00,0,0,0.00,0.00,0.00,1544.00,0.00
25165947991415904,20120722,1544.00,1561.00,0,0,0.00,0.00,0.00,1544.00,0.00
25165947991415904,20120723,1544.00,1561.00,0,0,0.00,0.00,0.00,1544.00,0.00
25165947991415904,20120724,1544.00,1561.00,0,0,0.00,0.00,0.00,1544.00,0.00
25165947991415904,20120725,1544.00,1561.00,0,0,0.00,0.00,0.00,1544.00,0.00
25165947991415904,20120728,1544.00,1561.00,0,0,0.00,0.00,0.00,1544.00,0.00
25165947991415904,20120729,1544.00,1561.00,0,0,0.00,0.00,0.00,1544.00,0.00
25165947991415904,20120730,1544.00,1561.00,0,0,0.00,0.00,0.00,1544.00,0.00
25165947991415904,20120731,1544.00,1561.00,0,0,0.00,0.00,0.00,1544.00,0.00
25165947991415904,20120801,1544.00,1561.00,0,0,0.00,0.00,0.00,1544.00,0.00
25165947991415904,20120804,1544.00,1561.00,0,0,0.00,0.00,0.00,1544.00,0.00
25165947991415904,20120805,1544.00,1561.00,0,0,0.00,0.00,0.00,1544.00,0.00
25165947991415904,20120806,1544.00,1561.00,0,0,0.00,0.00,0.00,1544.00,0.00
25165947991415904,20120807,1544.00,1561.00,0,0,0.00,0.00,0.00,1544.00,0.00
25165947991415904,20120808,1544.00,1561.00,0,0,0.00,0.00,0.00,1544.00,0.00
25165947991415904,20120811,1544.00,1561.00,0,0,0.00,0.00,0.00,1544.00,0.00
25165947991415904,20120812,1544.00,1561.00,0,0,0.00,0.00,0.00,1544.00,0.00
25165947991415904,20120813,1544.00,1561.00,0,0,0.00,0.00,0.00,1544.00,0.00
25165947991415904,20120814,1544.00,1561.00,0,0,0.00,0.00,0.00,1544.00,0.00
25165947991415904,20120815,1544.00,1561.00,0,0,0.00,0.00,0.00,1544.00,0.00
25165947991415904,20120818,1544.00,1561.00,0,0,0.00,0.00,0.00,1544.00,0.00
25165947991415904,20120821,1544.00,1561.00,0,0,0.00,0.00,0.00,1544.00,0.00
25165947991415904,20120822,1544.00,1561.00,0,0,0.00,0.00,0.00,1544.00,0.00
25165947991415904,20120825,1544.00,1561.00,0,0,0.00,0.00,0.00,1544.00,0.00
25165947991415904,20120826,1544.00,1561.00,0,0,0.00,0.00,0.00,1544.00,0.00
25165947991415904,20120827,1544.00,1561.00,0,0,0.00,0.00,0.00,1544.00,0.00
25165947991415904,20120902,1544.00,1561.00,0,0,0.00,0.00,0.00,1544.00,0.00
25165947991415904,20120903,1544.00,1561.00,0,0,0.00,0.00,0.00,1544.00,0.00
25165947991415904,20120904,1544.00,1561.00,0,0,0.00,0.00,0.00,1544.00,0.00
25165947991415904,20120905,1544.00,1561.00,0,0,0.00,0.00,0.00,1544.00,0.00
25165947991415904,20120908,1544.00,1561.00,0,0,0.00,0.00,0.00,1544.00,0.00
25165947991415904,20120909,1544.00,1561.00,0,0,0.00,0.00,0.00,1544.00,0.00
25165947991415904,20120910,1544.00,1561.00,0,0,0.00,0.00,0.00,1544.00,0.00
25165947991415904,20120911,1544.00,1561.00,0,0,0.00,0.00,0.00,1544.00,0.00
25165947991415904,20120915,1544.00,1561.00,0,0,0.00,0.00,0.00,1544.00,0.00
25165947991415904,20120916,1544.00,1561.00,0,0,0.00,0.00,0.00,1544.00,0.00
25165947991415904,20120917,1544.00,1561.00,0,0,0.00,0.00,0.00,1544.00,0.00
25165947991415904,20120918,1544.00,1561.00,0,0,0.00,0.00,0.00,1544.00,0.00
25165947991415904,20120919,1544.00,1561.00,0,0,0.00,0.00,0.00,1544.00,0.00
25165947991415904,20120922,1544.00,1561.00,0,0,0.00,0.00,0.00,1544.00,0.00
25165947991415904,20120923,1544.00,1561.00,0,0,0.00,0.00,0.00,1544.00,0.00
25165947991415904,20120924,1544.00,1561.00,0,0,0.00,0.00,0.00,1544.00,0.00
25165947991415904,20120925,1544.00,1561.00,0,0,0.00,0.00,0.00,1544.00,0.00
25165947991415904,20120926,1544.00,1561.00,0,0,0.00,0.00,0.00,1544.00,0.00
25165947991415904,20120929,1544.00,1561.00,0,0,0.00,0.00,0.00,1544.00,0.00
25165947991415904,20120930,1544.00,1561.00,0,0,0.00,0.00,0.00,1544.00,0.00
25165947991415904,20121001,1544.00,1561.00,0,0,0.00,0.00,0.00,1544.00,0.00
25165947991415904,20121002,1544.00,1561.00,0,0,0.00,0.00,0.00,1544.00,0.00
25165947991415904,20121003,1544.00,1561.00,0,0,0.00,0.00,0.00,1544.00,0.00
25165947991415904,20121006,1544.00,1561.00,0,0,0.00,0.00,0.00,1544.00,0.00
25165947991415904,20121007,1544.00,1561.00,0,0,0.00,0.00,0.00,1544.00,0.00
25165947991415904,20121008,1544.00,1561.00,0,0,0.00,0.00,0.00,1544.00,0.00
25165947991415904,20121009,1544.00,1561.00,0,0,0.00,0.00,0.00,1544.00,0.00
25165947991415904,20121010,1544.00,1561.00,0,0,0.00,0.00,0.00,1544.00,0.00
25165947991415904,20121013,1544.00,1561.00,0,0,0.00,0.00,0.00,1544.00,0.00
25165947991415904,20121014,1544.00,1561.00,0,0,0.00,0.00,0.00,1544.00,0.00
25165947991415904,20121015,1544.00,1561.00,0,0,0.00,0.00,0.00,1544.00,0.00
25165947991415904,20121016,1544.00,1561.00,0,0,0.00,0.00,0.00,1544.00,0.00
25165947991415904,20121017,1544.00,1561.00,0,0,0.00,0.00,0.00,1544.00,0.00
25165947991415904,20121020,1544.00,1561.00,0,0,0.00,0.00,0.00,1544.00,0.00
25165947991415904,20121021,1544.00,1561.00,0,0,0.00,0.00,0.00,1544.00,0.00
25165947991415904,20121022,1544.00,1561.00,0,0,0.00,0.00,0.00,1544.00,0.00
25165947991415904,20121023,1544.00,1561.00,0,0,0.00,0.00,0.00,1544.00,0.00
25165947991415904,20121024,1544.00,1561.00,0,0,0.00,0.00,0.00,1544.00,0.00
25165947991415904,20121027,1544.00,1561.00,0,0,0.00,0.00,0.00,1544.00,0.00
25165947991415904,20121028,1544.00,1561.00,0,0,0.00,0.00,0.00,1544.00,0.00
25165947991415904,20121029,1544.00,1561.00,0,0,0.00,0.00,0.00,1544.00,0.00
25165947991415904,20121030,1544.00,1561.00,0,0,0.00,0.00,0.00,1544.00,0.00
25165947991415904,20121031,1544.00,1561.00,0,0,0.00,0.00,0.00,1544.00,0.00
25165947991415904,20121104,1544.00,1561.00,0,0,0.00,0.00,0.00,1544.00,0.00
25165947991415904,20121105,1544.00,1561.00,0,0,0.00,0.00,0.00,1544.00,0.00
25165947991415904,20121106,1544.00,1561.00,0,0,0.00,0.00,0.00,1544.00,0.00
25165947991415904,20121107,1544.00,1561.00,0,0,0.00,0.00,0.00,1544.00,0.00
25165947991415904,20121110,1544.00,1561.00,0,0,0.00,0.00,0.00,1544.00,0.00
25165947991415904,20121111,1544.00,1561.00,0,0,0.00,0.00,0.00,1544.00,0.00
