31312374884749268,20081206,5540.00,5540.00,0,0,0.00,0.00,0.00,5540.00,0.00
31312374884749268,20081207,5540.00,5540.00,0,0,0.00,0.00,0.00,5540.00,0.00
31312374884749268,20081208,5540.00,5540.00,0,0,0.00,0.00,0.00,5540.00,0.00
31312374884749268,20081210,5540.00,5540.00,0,0,0.00,0.00,0.00,5540.00,0.00
31312374884749268,20081213,5540.00,5540.00,0,0,0.00,0.00,0.00,5540.00,0.00
31312374884749268,20081214,5540.00,5540.00,0,0,0.00,0.00,0.00,5540.00,0.00
31312374884749268,20081215,5540.00,5540.00,0,0,0.00,0.00,0.00,5540.00,0.00
31312374884749268,20081216,5540.00,5540.00,0,0,0.00,0.00,0.00,5540.00,0.00
31312374884749268,20081220,5540.00,5540.00,0,0,0.00,0.00,0.00,5540.00,0.00
31312374884749268,20081221,5540.00,5540.00,0,0,0.00,0.00,0.00,5540.00,0.00
31312374884749268,20081222,5540.00,5540.00,0,0,0.00,0.00,0.00,5540.00,0.00
31312374884749268,20081223,5540.00,5540.00,0,0,0.00,0.00,0.00,5540.00,0.00
31312374884749268,20081224,5540.00,5540.00,0,0,0.00,0.00,0.00,5540.00,0.00
31312374884749268,20081227,5540.00,5540.00,0,0,0.00,0.00,0.00,5540.00,0.00
31312374884749268,20081228,5540.00,5540.00,0,0,0.00,0.00,0.00,5540.00,0.00
31312374884749268,20081229,5540.00,5540.00,0,0,0.00,0.00,0.00,5540.00,0.00
31312374884749268,20081230,5540.00,5540.00,0,0,0.00,0.00,0.00,5540.00,0.00
31312374884749268,20081231,5540.00,5540.00,0,0,0.00,0.00,0.00,5540.00,0.00
31312374884749268,20090103,5540.00,5540.00,0,0,0.00,0.00,0.00,5540.00,0.00
31312374884749268,20090104,5540.00,5540.00,0,0,0.00,0.00,0.00,5540.00,0.00
31312374884749268,20090105,5540.00,5540.00,0,0,0.00,0.00,0.00,5540.00,0.00
31312374884749268,20090110,5540.00,5540.00,0,0,0.00,0.00,0.00,5540.00,0.00
31312374884749268,20090111,5540.00,5540.00,0,0,0.00,0.00,0.00,5540.00,0.00
31312374884749268,20090112,5540.00,5540.00,0,0,0.00,0.00,0.00,5540.00,0.00
31312374884749268,20090113,5540.00,5540.00,0,0,0.00,0.00,0.00,5540.00,0.00
31312374884749268,20090114,5540.00,5540.00,0,0,0.00,0.00,0.00,5540.00,0.00
31312374884749268,20090117,5540.00,5540.00,0,0,0.00,0.00,0.00,5540.00,0.00
31312374884749268,20090118,5540.00,5540.00,0,0,0.00,0.00,0.00,5540.00,0.00
31312374884749268,20090119,5540.00,5540.00,0,0,0.00,0.00,0.00,5540.00,0.00
31312374884749268,20090120,5540.00,5540.00,0,0,0.00,0.00,0.00,5540.00,0.00
31312374884749268,20090121,5540.00,5540.00,0,0,0.00,0.00,0.00,5540.00,0.00
31312374884749268,20090124,5540.00,5540.00,0,0,0.00,0.00,0.00,5540.00,0.00
31312374884749268,20090125,5540.00,5540.00,0,0,0.00,0.00,0.00,5540.00,0.00
31312374884749268,20090126,5540.00,5540.00,0,0,0.00,0.00,0.00,5540.00,0.00
31312374884749268,20090127,5540.00,5540.00,0,0,0.00,0.00,0.00,5540.00,0.00
31312374884749268,20090128,5540.00,5540.00,0,0,0.00,0.00,0.00,5540.00,0.00
31312374884749268,20090131,5540.00,5540.00,0,0,0.00,0.00,0.00,5540.00,0.00
31312374884749268,20090201,5540.00,5540.00,0,0,0.00,0.00,0.00,5540.00,0.00
31312374884749268,20090202,5540.00,5540.00,0,0,0.00,0.00,0.00,5540.00,0.00
31312374884749268,20090203,5540.00,5540.00,0,0,0.00,0.00,0.00,5540.00,0.00
31312374884749268,20090204,5540.00,5540.00,0,0,0.00,0.00,0.00,5540.00,0.00
31312374884749268,20090207,5540.00,5540.00,0,0,0.00,0.00,0.00,5540.00,0.00
31312374884749268,20090208,5540.00,5540.00,0,0,0.00,0.00,0.00,5540.00,0.00
31312374884749268,20090209,5540.00,5540.00,0,0,0.00,0.00,0.00,5540.00,0.00
31312374884749268,20090211,5540.00,5540.00,0,0,0.00,0.00,0.00,5540.00,0.00
31312374884749268,20090214,5540.00,5540.00,0,0,0.00,0.00,0.00,5540.00,0.00
31312374884749268,20090215,5540.00,5540.00,0,0,0.00,0.00,0.00,5540.00,0.00
31312374884749268,20090217,5540.00,5540.00,0,0,0.00,0.00,0.00,5540.00,0.00
31312374884749268,20090218,5540.00,5540.00,0,0,0.00,0.00,0.00,5540.00,0.00
31312374884749268,20090221,5540.00,5540.00,0,0,0.00,0.00,0.00,5540.00,0.00
31312374884749268,20090222,5540.00,5540.00,0,0,0.00,0.00,0.00,5540.00,0.00
31312374884749268,20090223,5540.00,5540.00,0,0,0.00,0.00,0.00,5540.00,0.00
31312374884749268,20090225,5540.00,5540.00,0,0,0.00,0.00,0.00,5540.00,0.00
31312374884749268,20090228,5540.00,5540.00,0,0,0.00,0.00,0.00,5540.00,0.00
31312374884749268,20090301,5540.00,5540.00,0,0,0.00,0.00,0.00,5540.00,0.00
31312374884749268,20090302,5540.00,5540.00,0,0,0.00,0.00,0.00,5540.00,0.00
31312374884749268,20090303,5540.00,5540.00,0,0,0.00,0.00,0.00,5540.00,0.00
31312374884749268,20090304,5540.00,5540.00,0,0,0.00,0.00,0.00,5540.00,0.00
31312374884749268,20090307,5540.00,5540.00,0,0,0.00,0.00,0.00,5540.00,0.00
31312374884749268,20090308,5540.00,5540.00,0,0,0.00,0.00,0.00,5540.00,0.00
31312374884749268,20090309,5540.00,5540.00,0,0,0.00,0.00,0.00,5540.00,0.00
31312374884749268,20090310,5540.00,5540.00,0,0,0.00,0.00,0.00,5540.00,0.00
31312374884749268,20090311,5540.00,5540.00,0,0,0.00,0.00,0.00,5540.00,0.00
31312374884749268,20090314,5540.00,5540.00,0,0,0.00,0.00,0.00,5540.00,0.00
31312374884749268,20090316,5540.00,5540.00,0,0,0.00,0.00,0.00,5540.00,0.00
31312374884749268,20090317,5540.00,5540.00,0,0,0.00,0.00,0.00,5540.00,0.00
31312374884749268,20090318,5540.00,5540.00,0,0,0.00,0.00,0.00,5540.00,0.00
31312374884749268,20090325,5540.00,5540.00,0,0,0.00,0.00,0.00,5540.00,0.00
31312374884749268,20090328,5540.00,5540.00,0,0,0.00,0.00,0.00,5540.00,0.00
31312374884749268,20090329,5540.00,5540.00,0,0,0.00,0.00,0.00,5540.00,0.00
31312374884749268,20090330,5540.00,5540.00,0,0,0.00,0.00,0.00,5540.00,0.00
31312374884749268,20090331,5540.00,5540.00,0,0,0.00,0.00,0.00,5540.00,0.00
31312374884749268,20090404,5540.00,5540.00,0,0,0.00,0.00,0.00,5540.00,0.00
31312374884749268,20090405,5540.00,5540.00,0,0,0.00,0.00,0.00,5540.00,0.00
31312374884749268,20090406,5540.00,5540.00,0,0,0.00,0.00,0.00,5540.00,0.00
31312374884749268,20090407,5540.00,5540.00,0,0,0.00,0.00,0.00,5540.00,0.00
31312374884749268,20090408,5540.00,5540.00,0,0,0.00,0.00,0.00,5540.00,0.00
31312374884749268,20090411,5540.00,5540.00,0,0,0.00,0.00,0.00,5540.00,0.00
31312374884749268,20090412,5540.00,5540.00,0,0,0.00,0.00,0.00,5540.00,0.00
31312374884749268,20090413,5540.00,5540.00,0,0,0.00,0.00,0.00,5540.00,0.00
31312374884749268,20090414,5540.00,5540.00,0,0,0.00,0.00,0.00,5540.00,0.00
31312374884749268,20090415,5540.00,5540.00,0,0,0.00,0.00,0.00,5540.00,0.00
31312374884749268,20090418,5540.00,5540.00,0,0,0.00,0.00,0.00,5540.00,0.00
31312374884749268,20090419,5540.00,5540.00,0,0,0.00,0.00,0.00,5540.00,0.00
31312374884749268,20090420,5540.00,5540.00,0,0,0.00,0.00,0.00,5540.00,0.00
31312374884749268,20090421,5540.00,5540.00,0,0,0.00,0.00,0.00,5540.00,0.00
31312374884749268,20090422,5540.00,5540.00,0,0,0.00,0.00,0.00,5540.00,0.00
31312374884749268,20090425,5540.00,5540.00,0,0,0.00,0.00,0.00,5540.00,0.00
31312374884749268,20090426,5540.00,5540.00,0,0,0.00,0.00,0.00,5540.00,0.00
31312374884749268,20090427,5540.00,5540.00,0,0,0.00,0.00,0.00,5540.00,0.00
31312374884749268,20090428,5540.00,5540.00,0,0,0.00,0.00,0.00,5540.00,0.00
31312374884749268,20090429,5540.00,5540.00,0,0,0.00,0.00,0.00,5540.00,0.00
31312374884749268,20090502,5540.00,5540.00,0,0,0.00,0.00,0.00,5540.00,0.00
31312374884749268,20090503,5540.00,5540.00,0,0,0.00,0.00,0.00,5540.00,0.00
31312374884749268,20090504,5540.00,5540.00,0,0,0.00,0.00,0.00,5540.00,0.00
31312374884749268,20090505,5540.00,5540.00,0,0,0.00,0.00,0.00,5540.00,0.00
31312374884749268,20090506,5540.00,5540.00,0,0,0.00,0.00,0.00,5540.00,0.00
31312374884749268,20090509,5540.00,5540.00,0,0,0.00,0.00,0.00,5540.00,0.00
31312374884749268,20090510,5540.00,5540.00,0,0,0.00,0.00,0.00,5540.00,0.00
31312374884749268,20090511,5540.00,5540.00,0,0,0.00,0.00,0.00,5540.00,0.00
31312374884749268,20090512,5540.00,5540.00,0,0,0.00,0.00,0.00,5540.00,0.00
31312374884749268,20090513,5540.00,5540.00,0,0,0.00,0.00,0.00,5540.00,0.00
31312374884749268,20090516,5540.00,5540.00,0,0,0.00,0.00,0.00,5540.00,0.00
31312374884749268,20090517,5540.00,5540.00,0,0,0.00,0.00,0.00,5540.00,0.00
31312374884749268,20090518,5540.00,5540.00,0,0,0.00,0.00,0.00,5540.00,0.00
31312374884749268,20090519,5540.00,5540.00,0,0,0.00,0.00,0.00,5540.00,0.00
31312374884749268,20090520,5540.00,5540.00,0,0,0.00,0.00,0.00,5540.00,0.00
31312374884749268,20090523,5540.00,5540.00,0,0,0.00,0.00,0.00,5540.00,0.00
31312374884749268,20090524,5540.00,5540.00,0,0,0.00,0.00,0.00,5540.00,0.00
31312374884749268,20090525,5540.00,5540.00,0,0,0.00,0.00,0.00,5540.00,0.00
31312374884749268,20090526,5540.00,5540.00,0,0,0.00,0.00,0.00,5540.00,0.00
31312374884749268,20090527,5540.00,5540.00,0,0,0.00,0.00,0.00,5540.00,0.00
31312374884749268,20090530,5540.00,5540.00,0,0,0.00,0.00,0.00,5540.00,0.00
31312374884749268,20090531,5540.00,5540.00,0,0,0.00,0.00,0.00,5540.00,0.00
31312374884749268,20090601,5540.00,5540.00,0,0,0.00,0.00,0.00,5540.00,0.00
31312374884749268,20090602,5540.00,5540.00,0,0,0.00,0.00,0.00,5540.00,0.00
31312374884749268,20090603,5540.00,5540.00,0,0,0.00,0.00,0.00,5540.00,0.00
31312374884749268,20090606,5540.00,5540.00,0,0,0.00,0.00,0.00,5540.00,0.00
31312374884749268,20090607,5540.00,5540.00,0,0,0.00,0.00,0.00,5540.00,0.00
31312374884749268,20090608,5540.00,5540.00,0,0,0.00,0.00,0.00,5540.00,0.00
31312374884749268,20090609,5540.00,5540.00,0,0,0.00,0.00,0.00,5540.00,0.00
31312374884749268,20090610,5540.00,5540.00,0,0,0.00,0.00,0.00,5540.00,0.00
31312374884749268,20090613,5540.00,5540.00,0,0,0.00,0.00,0.00,5540.00,0.00
31312374884749268,20090614,5540.00,5540.00,0,0,0.00,0.00,0.00,5540.00,0.00
31312374884749268,20090615,5540.00,5540.00,0,0,0.00,0.00,0.00,5540.00,0.00
31312374884749268,20090616,5540.00,5540.00,0,0,0.00,0.00,0.00,5540.00,0.00
31312374884749268,20090617,5540.00,5540.00,0,0,0.00,0.00,0.00,5540.00,0.00
31312374884749268,20090620,5540.00,5540.00,0,0,0.00,0.00,0.00,5540.00,0.00
31312374884749268,20090621,5540.00,5540.00,0,0,0.00,0.00,0.00,5540.00,0.00
31312374884749268,20090622,5540.00,5540.00,0,0,0.00,0.00,0.00,5540.00,0.00
31312374884749268,20090623,5540.00,5540.00,0,0,0.00,0.00,0.00,5540.00,0.00
31312374884749268,20090624,5540.00,5540.00,0,0,0.00,0.00,0.00,5540.00,0.00
31312374884749268,20090627,5540.00,5540.00,0,0,0.00,0.00,0.00,5540.00,0.00
31312374884749268,20090628,5540.00,5540.00,0,0,0.00,0.00,0.00,5540.00,0.00
31312374884749268,20090629,5540.00,5540.00,0,0,0.00,0.00,0.00,5540.00,0.00
31312374884749268,20090630,5540.00,5540.00,0,0,0.00,0.00,0.00,5540.00,0.00
31312374884749268,20090701,5540.00,5540.00,0,0,0.00,0.00,0.00,5540.00,0.00
31312374884749268,20090704,5540.00,5540.00,0,0,0.00,0.00,0.00,5540.00,0.00
31312374884749268,20090705,5540.00,5540.00,0,0,0.00,0.00,0.00,5540.00,0.00
31312374884749268,20090707,5540.00,5540.00,0,0,0.00,0.00,0.00,5540.00,0.00
31312374884749268,20090711,5540.00,5540.00,0,0,0.00,0.00,0.00,5540.00,0.00
31312374884749268,20090712,5540.00,5540.00,0,0,0.00,0.00,0.00,5540.00,0.00
31312374884749268,20090713,5540.00,5540.00,0,0,0.00,0.00,0.00,5540.00,0.00
31312374884749268,20090714,5540.00,5540.00,0,0,0.00,0.00,0.00,5540.00,0.00
31312374884749268,20090715,5540.00,5540.00,0,0,0.00,0.00,0.00,5540.00,0.00
31312374884749268,20090718,5540.00,5540.00,0,0,0.00,0.00,0.00,5540.00,0.00
31312374884749268,20090719,5540.00,5540.00,0,0,0.00,0.00,0.00,5540.00,0.00
31312374884749268,20090721,5540.00,5540.00,0,0,0.00,0.00,0.00,5540.00,0.00
31312374884749268,20090722,5540.00,5540.00,0,0,0.00,0.00,0.00,5540.00,0.00
31312374884749268,20090725,5540.00,5540.00,0,0,0.00,0.00,0.00,5540.00,0.00
31312374884749268,20090726,5540.00,5540.00,0,0,0.00,0.00,0.00,5540.00,0.00
31312374884749268,20090727,5540.00,5540.00,0,0,0.00,0.00,0.00,5540.00,0.00
31312374884749268,20090728,5540.00,5540.00,0,0,0.00,0.00,0.00,5540.00,0.00
31312374884749268,20090729,5540.00,5540.00,0,0,0.00,0.00,0.00,5540.00,0.00
31312374884749268,20090801,5540.00,5540.00,0,0,0.00,0.00,0.00,5540.00,0.00
31312374884749268,20090802,5540.00,5540.00,0,0,0.00,0.00,0.00,5540.00,0.00
31312374884749268,20090803,5540.00,5540.00,0,0,0.00,0.00,0.00,5540.00,0.00
31312374884749268,20090804,5540.00,5540.00,0,0,0.00,0.00,0.00,5540.00,0.00
31312374884749268,20090805,5540.00,5540.00,0,0,0.00,0.00,0.00,5540.00,0.00
31312374884749268,20090808,5540.00,5540.00,0,0,0.00,0.00,0.00,5540.00,0.00
31312374884749268,20090809,5540.00,5540.00,0,0,0.00,0.00,0.00,5540.00,0.00
31312374884749268,20090810,5540.00,5540.00,0,0,0.00,0.00,0.00,5540.00,0.00
31312374884749268,20090811,5540.00,5540.00,0,0,0.00,0.00,0.00,5540.00,0.00
31312374884749268,20090812,5540.00,5540.00,0,0,0.00,0.00,0.00,5540.00,0.00
31312374884749268,20090815,5540.00,5540.00,0,0,0.00,0.00,0.00,5540.00,0.00
31312374884749268,20090816,5540.00,5540.00,0,0,0.00,0.00,0.00,5540.00,0.00
31312374884749268,20090817,5540.00,5540.00,0,0,0.00,0.00,0.00,5540.00,0.00
31312374884749268,20090818,5540.00,5540.00,0,0,0.00,0.00,0.00,5540.00,0.00
31312374884749268,20090819,5540.00,5540.00,0,0,0.00,0.00,0.00,5540.00,0.00
31312374884749268,20090822,5540.00,5540.00,0,0,0.00,0.00,0.00,5540.00,0.00
31312374884749268,20090823,5540.00,5540.00,0,0,0.00,0.00,0.00,5540.00,0.00
31312374884749268,20090824,5540.00,5540.00,0,0,0.00,0.00,0.00,5540.00,0.00
31312374884749268,20090825,5540.00,5540.00,0,0,0.00,0.00,0.00,5540.00,0.00
31312374884749268,20090826,5540.00,5540.00,0,0,0.00,0.00,0.00,5540.00,0.00
31312374884749268,20090829,5540.00,5540.00,0,0,0.00,0.00,0.00,5540.00,0.00
31312374884749268,20090830,5540.00,5540.00,0,0,0.00,0.00,0.00,5540.00,0.00
31312374884749268,20090831,5540.00,5540.00,0,0,0.00,0.00,0.00,5540.00,0.00
31312374884749268,20090901,5540.00,5540.00,0,0,0.00,0.00,0.00,5540.00,0.00
31312374884749268,20090902,5540.00,5540.00,0,0,0.00,0.00,0.00,5540.00,0.00
31312374884749268,20090905,5540.00,5540.00,0,0,0.00,0.00,0.00,5540.00,0.00
31312374884749268,20090906,5540.00,5540.00,0,0,0.00,0.00,0.00,5540.00,0.00
31312374884749268,20090907,5540.00,5540.00,0,0,0.00,0.00,0.00,5540.00,0.00
31312374884749268,20090908,5540.00,5540.00,0,0,0.00,0.00,0.00,5540.00,0.00
31312374884749268,20090909,5540.00,5540.00,0,0,0.00,0.00,0.00,5540.00,0.00
31312374884749268,20090912,5540.00,5540.00,0,0,0.00,0.00,0.00,5540.00,0.00
31312374884749268,20090913,5540.00,5540.00,0,0,0.00,0.00,0.00,5540.00,0.00
31312374884749268,20090914,5540.00,5540.00,0,0,0.00,0.00,0.00,5540.00,0.00
31312374884749268,20090915,5540.00,5540.00,0,0,0.00,0.00,0.00,5540.00,0.00
31312374884749268,20090916,5540.00,5540.00,0,0,0.00,0.00,0.00,5540.00,0.00
31312374884749268,20090919,5540.00,5540.00,0,0,0.00,0.00,0.00,5540.00,0.00
31312374884749268,20090920,5540.00,5540.00,0,0,0.00,0.00,0.00,5540.00,0.00
31312374884749268,20090921,5540.00,5540.00,0,0,0.00,0.00,0.00,5540.00,0.00
31312374884749268,20090922,5540.00,5540.00,0,0,0.00,0.00,0.00,5540.00,0.00
31312374884749268,20090923,5540.00,5540.00,0,0,0.00,0.00,0.00,5540.00,0.00
31312374884749268,20090926,5540.00,5540.00,0,0,0.00,0.00,0.00,5540.00,0.00
31312374884749268,20090927,5540.00,5540.00,0,0,0.00,0.00,0.00,5540.00,0.00
31312374884749268,20090928,5540.00,5540.00,0,0,0.00,0.00,0.00,5540.00,0.00
31312374884749268,20090929,5540.00,5540.00,0,0,0.00,0.00,0.00,5540.00,0.00
31312374884749268,20090930,5540.00,5540.00,0,0,0.00,0.00,0.00,5540.00,0.00
31312374884749268,20091003,5540.00,5540.00,0,0,0.00,0.00,0.00,5540.00,0.00
31312374884749268,20091004,5540.00,5540.00,0,0,0.00,0.00,0.00,5540.00,0.00
31312374884749268,20091005,5540.00,5540.00,0,0,0.00,0.00,0.00,5540.00,0.00
31312374884749268,20091006,5540.00,5540.00,0,0,0.00,0.00,0.00,5540.00,0.00
31312374884749268,20091007,5540.00,5540.00,0,0,0.00,0.00,0.00,5540.00,0.00
31312374884749268,20091010,5540.00,5540.00,0,0,0.00,0.00,0.00,5540.00,0.00
31312374884749268,20091011,5540.00,5540.00,0,0,0.00,0.00,0.00,5540.00,0.00
31312374884749268,20091012,5540.00,5540.00,0,0,0.00,0.00,0.00,5540.00,0.00
31312374884749268,20091013,5540.00,5540.00,0,0,0.00,0.00,0.00,5540.00,0.00
31312374884749268,20091017,5540.00,5540.00,0,0,0.00,0.00,0.00,5540.00,0.00
31312374884749268,20091018,5540.00,5540.00,0,0,0.00,0.00,0.00,5540.00,0.00
31312374884749268,20091019,5540.00,5540.00,0,0,0.00,0.00,0.00,5540.00,0.00
31312374884749268,20091020,5540.00,5540.00,0,0,0.00,0.00,0.00,5540.00,0.00
31312374884749268,20091021,5540.00,5540.00,0,0,0.00,0.00,0.00,5540.00,0.00
31312374884749268,20091024,5540.00,5540.00,0,0,0.00,0.00,0.00,5540.00,0.00
31312374884749268,20091025,5540.00,5540.00,0,0,0.00,0.00,0.00,5540.00,0.00
31312374884749268,20091026,5540.00,5540.00,0,0,0.00,0.00,0.00,5540.00,0.00
31312374884749268,20091027,5540.00,5540.00,0,0,0.00,0.00,0.00,5540.00,0.00
31312374884749268,20091028,5540.00,5540.00,0,0,0.00,0.00,0.00,5540.00,0.00
31312374884749268,20091031,5540.00,5540.00,0,0,0.00,0.00,0.00,5540.00,0.00
31312374884749268,20091101,5540.00,5540.00,0,0,0.00,0.00,0.00,5540.00,0.00
31312374884749268,20091102,5540.00,5540.00,0,0,0.00,0.00,0.00,5540.00,0.00
31312374884749268,20091103,5540.00,5540.00,0,0,0.00,0.00,0.00,5540.00,0.00
31312374884749268,20091104,5540.00,5540.00,0,0,0.00,0.00,0.00,5540.00,0.00
31312374884749268,20091107,5540.00,5540.00,0,0,0.00,0.00,0.00,5540.00,0.00
31312374884749268,20091108,5540.00,5540.00,0,0,0.00,0.00,0.00,5540.00,0.00
31312374884749268,20091109,5540.00,5540.00,0,0,0.00,0.00,0.00,5540.00,0.00
31312374884749268,20091110,5540.00,5540.00,0,0,0.00,0.00,0.00,5540.00,0.00
31312374884749268,20091111,5540.00,5540.00,0,0,0.00,0.00,0.00,5540.00,0.00
31312374884749268,20091114,5540.00,5540.00,0,0,0.00,0.00,0.00,5540.00,0.00
31312374884749268,20091115,5540.00,5540.00,0,0,0.00,0.00,0.00,5540.00,0.00
31312374884749268,20091116,5540.00,5540.00,0,0,0.00,0.00,0.00,5540.00,0.00
31312374884749268,20091117,5540.00,5540.00,0,0,0.00,0.00,0.00,5540.00,0.00
31312374884749268,20091118,5540.00,5540.00,0,0,0.00,0.00,0.00,5540.00,0.00
31312374884749268,20091121,5540.00,5540.00,0,0,0.00,0.00,0.00,5540.00,0.00
31312374884749268,20091122,5540.00,5540.00,0,0,0.00,0.00,0.00,5540.00,0.00
31312374884749268,20091123,5540.00,5540.00,0,0,0.00,0.00,0.00,5540.00,0.00
31312374884749268,20091124,5540.00,5540.00,0,0,0.00,0.00,0.00,5540.00,0.00
31312374884749268,20091125,5540.00,5540.00,0,0,0.00,0.00,0.00,5540.00,0.00
31312374884749268,20091129,5540.00,5540.00,0,0,0.00,0.00,0.00,5540.00,0.00
31312374884749268,20091130,5540.00,5540.00,0,0,0.00,0.00,0.00,5540.00,0.00
31312374884749268,20091201,5540.00,5540.00,0,0,0.00,0.00,0.00,5540.00,0.00
31312374884749268,20091202,5540.00,5540.00,0,0,0.00,0.00,0.00,5540.00,0.00
31312374884749268,20091205,5540.00,5540.00,0,0,0.00,0.00,0.00,5540.00,0.00
31312374884749268,20091207,5540.00,5540.00,0,0,0.00,0.00,0.00,5540.00,0.00
31312374884749268,20091208,5540.00,5540.00,0,0,0.00,0.00,0.00,5540.00,0.00
31312374884749268,20091209,5540.00,5540.00,0,0,0.00,0.00,0.00,5540.00,0.00
31312374884749268,20091212,5540.00,5540.00,0,0,0.00,0.00,0.00,5540.00,0.00
31312374884749268,20091213,5540.00,5540.00,0,0,0.00,0.00,0.00,5540.00,0.00
31312374884749268,20091214,5540.00,5540.00,0,0,0.00,0.00,0.00,5540.00,0.00
31312374884749268,20091215,5540.00,5540.00,0,0,0.00,0.00,0.00,5540.00,0.00
31312374884749268,20091216,5540.00,5540.00,0,0,0.00,0.00,0.00,5540.00,0.00
31312374884749268,20091219,5540.00,5540.00,0,0,0.00,0.00,0.00,5540.00,0.00
31312374884749268,20091220,5540.00,5540.00,0,0,0.00,0.00,0.00,5540.00,0.00
31312374884749268,20091221,5540.00,5540.00,0,0,0.00,0.00,0.00,5540.00,0.00
31312374884749268,20091222,5540.00,5540.00,0,0,0.00,0.00,0.00,5540.00,0.00
31312374884749268,20091223,5540.00,5540.00,0,0,0.00,0.00,0.00,5540.00,0.00
31312374884749268,20091228,5540.00,5540.00,0,0,0.00,0.00,0.00,5540.00,0.00
31312374884749268,20091229,5540.00,5540.00,0,0,0.00,0.00,0.00,5540.00,0.00
31312374884749268,20091230,5540.00,5540.00,0,0,0.00,0.00,0.00,5540.00,0.00
31312374884749268,20100102,5540.00,5540.00,0,0,0.00,0.00,0.00,5540.00,0.00
31312374884749268,20100103,5540.00,5540.00,0,0,0.00,0.00,0.00,5540.00,0.00
31312374884749268,20100104,5540.00,5540.00,0,0,0.00,0.00,0.00,5540.00,0.00
31312374884749268,20100105,5540.00,5540.00,0,0,0.00,0.00,0.00,5540.00,0.00
31312374884749268,20100106,5540.00,5540.00,0,0,0.00,0.00,0.00,5540.00,0.00
31312374884749268,20100109,5540.00,5540.00,0,0,0.00,0.00,0.00,5540.00,0.00
31312374884749268,20100110,5540.00,5540.00,0,0,0.00,0.00,0.00,5540.00,0.00
31312374884749268,20100111,5540.00,5540.00,0,0,0.00,0.00,0.00,5540.00,0.00
31312374884749268,20100112,5540.00,5540.00,0,0,0.00,0.00,0.00,5540.00,0.00
31312374884749268,20100113,5540.00,5540.00,0,0,0.00,0.00,0.00,5540.00,0.00
31312374884749268,20100116,5540.00,5540.00,0,0,0.00,0.00,0.00,5540.00,0.00
31312374884749268,20100117,5540.00,5540.00,0,0,0.00,0.00,0.00,5540.00,0.00
31312374884749268,20100118,5540.00,5540.00,0,0,0.00,0.00,0.00,5540.00,0.00
31312374884749268,20100119,5540.00,5540.00,0,0,0.00,0.00,0.00,5540.00,0.00
31312374884749268,20100120,5540.00,5540.00,0,0,0.00,0.00,0.00,5540.00,0.00
31312374884749268,20100123,5540.00,5540.00,0,0,0.00,0.00,0.00,5540.00,0.00
31312374884749268,20100124,5540.00,5540.00,0,0,0.00,0.00,0.00,5540.00,0.00
31312374884749268,20100125,5540.00,5540.00,0,0,0.00,0.00,0.00,5540.00,0.00
31312374884749268,20100126,5540.00,5540.00,0,0,0.00,0.00,0.00,5540.00,0.00
31312374884749268,20100127,5540.00,5540.00,0,0,0.00,0.00,0.00,5540.00,0.00
31312374884749268,20100130,5540.00,5540.00,0,0,0.00,0.00,0.00,5540.00,0.00
31312374884749268,20100131,5540.00,5540.00,0,0,0.00,0.00,0.00,5540.00,0.00
31312374884749268,20100201,5540.00,5540.00,0,0,0.00,0.00,0.00,5540.00,0.00
31312374884749268,20100202,5540.00,5540.00,0,0,0.00,0.00,0.00,5540.00,0.00
31312374884749268,20100203,5540.00,5540.00,0,0,0.00,0.00,0.00,5540.00,0.00
31312374884749268,20100206,5540.00,5540.00,0,0,0.00,0.00,0.00,5540.00,0.00
31312374884749268,20100207,5540.00,5540.00,0,0,0.00,0.00,0.00,5540.00,0.00
31312374884749268,20100208,5540.00,5540.00,0,0,0.00,0.00,0.00,5540.00,0.00
31312374884749268,20100209,5540.00,5540.00,0,0,0.00,0.00,0.00,5540.00,0.00
31312374884749268,20100210,5540.00,5540.00,0,0,0.00,0.00,0.00,5540.00,0.00
31312374884749268,20100214,5540.00,5540.00,0,0,0.00,0.00,0.00,5540.00,0.00
31312374884749268,20100216,5540.00,5540.00,0,0,0.00,0.00,0.00,5540.00,0.00
31312374884749268,20100217,5540.00,5540.00,0,0,0.00,0.00,0.00,5540.00,0.00
31312374884749268,20100220,5540.00,5540.00,0,0,0.00,0.00,0.00,5540.00,0.00
31312374884749268,20100221,5540.00,5540.00,0,0,0.00,0.00,0.00,5540.00,0.00
31312374884749268,20100222,5540.00,5540.00,0,0,0.00,0.00,0.00,5540.00,0.00
31312374884749268,20100223,5540.00,5540.00,0,0,0.00,0.00,0.00,5540.00,0.00
31312374884749268,20100224,5540.00,5540.00,0,0,0.00,0.00,0.00,5540.00,0.00
31312374884749268,20100227,5540.00,5540.00,0,0,0.00,0.00,0.00,5540.00,0.00
31312374884749268,20100228,5540.00,5540.00,0,0,0.00,0.00,0.00,5540.00,0.00
31312374884749268,20100301,5540.00,5540.00,0,0,0.00,0.00,0.00,5540.00,0.00
31312374884749268,20100302,5540.00,5540.00,0,0,0.00,0.00,0.00,5540.00,0.00
31312374884749268,20100303,5540.00,5540.00,0,0,0.00,0.00,0.00,5540.00,0.00
31312374884749268,20100306,5540.00,5540.00,0,0,0.00,0.00,0.00,5540.00,0.00
31312374884749268,20100307,5540.00,5540.00,0,0,0.00,0.00,0.00,5540.00,0.00
31312374884749268,20100308,5540.00,5540.00,0,0,0.00,0.00,0.00,5540.00,0.00
31312374884749268,20100309,5540.00,5540.00,0,0,0.00,0.00,0.00,5540.00,0.00
31312374884749268,20100310,5540.00,5540.00,0,0,0.00,0.00,0.00,5540.00,0.00
31312374884749268,20100313,5540.00,5540.00,0,0,0.00,0.00,0.00,5540.00,0.00
31312374884749268,20100314,5540.00,5540.00,0,0,0.00,0.00,0.00,5540.00,0.00
31312374884749268,20100315,5540.00,5540.00,0,0,0.00,0.00,0.00,5540.00,0.00
31312374884749268,20100316,5540.00,5540.00,0,0,0.00,0.00,0.00,5540.00,0.00
31312374884749268,20100317,5540.00,5540.00,0,0,0.00,0.00,0.00,5540.00,0.00
31312374884749268,20100327,5540.00,5540.00,0,0,0.00,0.00,0.00,5540.00,0.00
31312374884749268,20100328,5540.00,5540.00,0,0,0.00,0.00,0.00,5540.00,0.00
31312374884749268,20100329,5540.00,5540.00,0,0,0.00,0.00,0.00,5540.00,0.00
31312374884749268,20100330,5540.00,5540.00,0,0,0.00,0.00,0.00,5540.00,0.00
31312374884749268,20100331,5540.00,5540.00,0,0,0.00,0.00,0.00,5540.00,0.00
31312374884749268,20100403,5540.00,5540.00,0,0,0.00,0.00,0.00,5540.00,0.00
31312374884749268,20100404,5540.00,5540.00,0,0,0.00,0.00,0.00,5540.00,0.00
31312374884749268,20100405,5540.00,5540.00,0,0,0.00,0.00,0.00,5540.00,0.00
31312374884749268,20100406,5540.00,5540.00,0,0,0.00,0.00,0.00,5540.00,0.00
31312374884749268,20100407,5540.00,5540.00,0,0,0.00,0.00,0.00,5540.00,0.00
31312374884749268,20100410,5540.00,5540.00,0,0,0.00,0.00,0.00,5540.00,0.00
31312374884749268,20100411,5540.00,5540.00,0,0,0.00,0.00,0.00,5540.00,0.00
31312374884749268,20100412,5540.00,5540.00,0,0,0.00,0.00,0.00,5540.00,0.00
31312374884749268,20100413,5540.00,5540.00,0,0,0.00,0.00,0.00,5540.00,0.00
31312374884749268,20100414,5540.00,5540.00,0,0,0.00,0.00,0.00,5540.00,0.00
31312374884749268,20100417,5540.00,5540.00,0,0,0.00,0.00,0.00,5540.00,0.00
31312374884749268,20100418,5540.00,5540.00,0,0,0.00,0.00,0.00,5540.00,0.00
31312374884749268,20100419,5540.00,5540.00,0,0,0.00,0.00,0.00,5540.00,0.00
31312374884749268,20100420,5540.00,5540.00,0,0,0.00,0.00,0.00,5540.00,0.00
31312374884749268,20100421,5540.00,5540.00,0,0,0.00,0.00,0.00,5540.00,0.00
31312374884749268,20100424,5540.00,5540.00,0,0,0.00,0.00,0.00,5540.00,0.00
31312374884749268,20100425,5540.00,5540.00,0,0,0.00,0.00,0.00,5540.00,0.00
31312374884749268,20100426,5540.00,5540.00,0,0,0.00,0.00,0.00,5540.00,0.00
31312374884749268,20100427,5540.00,5540.00,0,0,0.00,0.00,0.00,5540.00,0.00
31312374884749268,20100428,5540.00,5540.00,0,0,0.00,0.00,0.00,5540.00,0.00
31312374884749268,20100501,5540.00,5540.00,0,0,0.00,0.00,0.00,5540.00,0.00
31312374884749268,20100502,5540.00,5540.00,0,0,0.00,0.00,0.00,5540.00,0.00
31312374884749268,20100503,5540.00,5540.00,0,0,0.00,0.00,0.00,5540.00,0.00
31312374884749268,20100504,5540.00,5540.00,0,0,0.00,0.00,0.00,5540.00,0.00
31312374884749268,20100505,5540.00,5540.00,0,0,0.00,0.00,0.00,5540.00,0.00
31312374884749268,20100508,5540.00,5540.00,0,0,0.00,0.00,0.00,5540.00,0.00
31312374884749268,20100509,5540.00,5540.00,0,0,0.00,0.00,0.00,5540.00,0.00
31312374884749268,20100510,5540.00,5540.00,0,0,0.00,0.00,0.00,5540.00,0.00
31312374884749268,20100511,5540.00,5540.00,0,0,0.00,0.00,0.00,5540.00,0.00
31312374884749268,20100512,5540.00,5540.00,0,0,0.00,0.00,0.00,5540.00,0.00
31312374884749268,20100515,5540.00,5540.00,0,0,0.00,0.00,0.00,5540.00,0.00
31312374884749268,20100516,5540.00,5540.00,0,0,0.00,0.00,0.00,5540.00,0.00
31312374884749268,20100518,5540.00,5540.00,0,0,0.00,0.00,0.00,5540.00,0.00
31312374884749268,20100519,5540.00,5540.00,0,0,0.00,0.00,0.00,5540.00,0.00
31312374884749268,20100522,5540.00,5540.00,0,0,0.00,0.00,0.00,5540.00,0.00
31312374884749268,20100523,5540.00,5540.00,0,0,0.00,0.00,0.00,5540.00,0.00
31312374884749268,20100524,5540.00,5540.00,0,0,0.00,0.00,0.00,5540.00,0.00
31312374884749268,20100525,5540.00,5540.00,0,0,0.00,0.00,0.00,5540.00,0.00
31312374884749268,20100526,5540.00,5540.00,0,0,0.00,0.00,0.00,5540.00,0.00
31312374884749268,20100529,5540.00,5540.00,0,0,0.00,0.00,0.00,5540.00,0.00
31312374884749268,20100530,5540.00,5540.00,0,0,0.00,0.00,0.00,5540.00,0.00
31312374884749268,20100531,5540.00,5540.00,0,0,0.00,0.00,0.00,5540.00,0.00
31312374884749268,20100601,5540.00,5540.00,0,0,0.00,0.00,0.00,5540.00,0.00
31312374884749268,20100602,5540.00,5540.00,0,0,0.00,0.00,0.00,5540.00,0.00
31312374884749268,20100606,5540.00,5540.00,0,0,0.00,0.00,0.00,5540.00,0.00
31312374884749268,20100607,5540.00,5540.00,0,0,0.00,0.00,0.00,5540.00,0.00
31312374884749268,20100608,5540.00,5540.00,0,0,0.00,0.00,0.00,5540.00,0.00
31312374884749268,20100609,5540.00,5540.00,0,0,0.00,0.00,0.00,5540.00,0.00
31312374884749268,20100612,5540.00,5540.00,0,0,0.00,0.00,0.00,5540.00,0.00
31312374884749268,20100613,5540.00,5540.00,0,0,0.00,0.00,0.00,5540.00,0.00
31312374884749268,20100614,5540.00,5540.00,0,0,0.00,0.00,0.00,5540.00,0.00
31312374884749268,20100615,5540.00,5540.00,0,0,0.00,0.00,0.00,5540.00,0.00
31312374884749268,20100616,5540.00,5540.00,0,0,0.00,0.00,0.00,5540.00,0.00
31312374884749268,20100619,5540.00,5540.00,0,0,0.00,0.00,0.00,5540.00,0.00
31312374884749268,20100620,5540.00,5540.00,0,0,0.00,0.00,0.00,5540.00,0.00
31312374884749268,20100621,5540.00,5540.00,0,0,0.00,0.00,0.00,5540.00,0.00
31312374884749268,20100622,5540.00,5540.00,0,0,0.00,0.00,0.00,5540.00,0.00
31312374884749268,20100623,5540.00,5540.00,0,0,0.00,0.00,0.00,5540.00,0.00
31312374884749268,20100627,5540.00,5540.00,0,0,0.00,0.00,0.00,5540.00,0.00
31312374884749268,20100628,5540.00,5540.00,0,0,0.00,0.00,0.00,5540.00,0.00
31312374884749268,20100629,5540.00,5540.00,0,0,0.00,0.00,0.00,5540.00,0.00
31312374884749268,20100630,5540.00,5540.00,0,0,0.00,0.00,0.00,5540.00,0.00
31312374884749268,20100703,5540.00,5540.00,0,0,0.00,0.00,0.00,5540.00,0.00
31312374884749268,20100704,5540.00,5540.00,0,0,0.00,0.00,0.00,5540.00,0.00
31312374884749268,20100705,5540.00,5540.00,0,0,0.00,0.00,0.00,5540.00,0.00
31312374884749268,20100706,5540.00,5540.00,0,0,0.00,0.00,0.00,5540.00,0.00
31312374884749268,20100707,5540.00,5540.00,0,0,0.00,0.00,0.00,5540.00,0.00
31312374884749268,20100711,5540.00,5540.00,0,0,0.00,0.00,0.00,5540.00,0.00
31312374884749268,20100712,5540.00,5540.00,0,0,0.00,0.00,0.00,5540.00,0.00
31312374884749268,20100713,5540.00,5540.00,0,0,0.00,0.00,0.00,5540.00,0.00
31312374884749268,20100714,5540.00,5540.00,0,0,0.00,0.00,0.00,5540.00,0.00
31312374884749268,20100717,5540.00,5540.00,0,0,0.00,0.00,0.00,5540.00,0.00
31312374884749268,20100718,5540.00,5540.00,0,0,0.00,0.00,0.00,5540.00,0.00
31312374884749268,20100719,5540.00,5540.00,0,0,0.00,0.00,0.00,5540.00,0.00
31312374884749268,20100720,5540.00,5540.00,0,0,0.00,0.00,0.00,5540.00,0.00
31312374884749268,20100721,5540.00,5540.00,0,0,0.00,0.00,0.00,5540.00,0.00
31312374884749268,20100724,5540.00,5540.00,0,0,0.00,0.00,0.00,5540.00,0.00
31312374884749268,20100725,5540.00,5540.00,0,0,0.00,0.00,0.00,5540.00,0.00
31312374884749268,20100726,5540.00,5540.00,0,0,0.00,0.00,0.00,5540.00,0.00
31312374884749268,20100728,5540.00,5540.00,0,0,0.00,0.00,0.00,5540.00,0.00
31312374884749268,20100731,5540.00,5540.00,0,0,0.00,0.00,0.00,5540.00,0.00
31312374884749268,20100801,5540.00,5540.00,0,0,0.00,0.00,0.00,5540.00,0.00
31312374884749268,20100802,5540.00,5540.00,0,0,0.00,0.00,0.00,5540.00,0.00
31312374884749268,20100803,5540.00,5540.00,0,0,0.00,0.00,0.00,5540.00,0.00
31312374884749268,20100804,5540.00,5540.00,0,0,0.00,0.00,0.00,5540.00,0.00
31312374884749268,20100807,5540.00,5540.00,0,0,0.00,0.00,0.00,5540.00,0.00
31312374884749268,20100808,5540.00,5540.00,0,0,0.00,0.00,0.00,5540.00,0.00
31312374884749268,20100809,5540.00,5540.00,0,0,0.00,0.00,0.00,5540.00,0.00
31312374884749268,20100810,5540.00,5540.00,0,0,0.00,0.00,0.00,5540.00,0.00
31312374884749268,20100811,5540.00,5540.00,0,0,0.00,0.00,0.00,5540.00,0.00
31312374884749268,20100814,5540.00,5540.00,0,0,0.00,0.00,0.00,5540.00,0.00
31312374884749268,20100815,5540.00,5540.00,0,0,0.00,0.00,0.00,5540.00,0.00
31312374884749268,20100816,5540.00,5540.00,0,0,0.00,0.00,0.00,5540.00,0.00
31312374884749268,20100817,5540.00,5540.00,0,0,0.00,0.00,0.00,5540.00,0.00
31312374884749268,20100818,5540.00,5540.00,0,0,0.00,0.00,0.00,5540.00,0.00
31312374884749268,20100821,5540.00,5540.00,0,0,0.00,0.00,0.00,5540.00,0.00
31312374884749268,20100822,5540.00,5540.00,0,0,0.00,0.00,0.00,5540.00,0.00
31312374884749268,20100823,5540.00,5540.00,0,0,0.00,0.00,0.00,5540.00,0.00
31312374884749268,20100824,5540.00,5540.00,0,0,0.00,0.00,0.00,5540.00,0.00
31312374884749268,20100825,5540.00,5540.00,0,0,0.00,0.00,0.00,5540.00,0.00
31312374884749268,20100828,5540.00,5540.00,0,0,0.00,0.00,0.00,5540.00,0.00
31312374884749268,20100829,5540.00,5540.00,0,0,0.00,0.00,0.00,5540.00,0.00
31312374884749268,20100830,5540.00,5540.00,0,0,0.00,0.00,0.00,5540.00,0.00
31312374884749268,20100831,5540.00,5540.00,0,0,0.00,0.00,0.00,5540.00,0.00
31312374884749268,20100904,5540.00,5540.00,0,0,0.00,0.00,0.00,5540.00,0.00
31312374884749268,20100905,5540.00,5540.00,0,0,0.00,0.00,0.00,5540.00,0.00
31312374884749268,20100906,5540.00,5540.00,0,0,0.00,0.00,0.00,5540.00,0.00
31312374884749268,20100907,5540.00,5540.00,0,0,0.00,0.00,0.00,5540.00,0.00
31312374884749268,20100908,5540.00,5540.00,0,0,0.00,0.00,0.00,5540.00,0.00
31312374884749268,20100912,5540.00,5540.00,0,0,0.00,0.00,0.00,5540.00,0.00
31312374884749268,20100913,5540.00,5540.00,0,0,0.00,0.00,0.00,5540.00,0.00
31312374884749268,20100914,5540.00,5540.00,0,0,0.00,0.00,0.00,5540.00,0.00
31312374884749268,20100915,5540.00,5540.00,0,0,0.00,0.00,0.00,5540.00,0.00
31312374884749268,20100918,5540.00,5540.00,0,0,0.00,0.00,0.00,5540.00,0.00
31312374884749268,20100919,5540.00,5540.00,0,0,0.00,0.00,0.00,5540.00,0.00
31312374884749268,20100920,5540.00,5540.00,0,0,0.00,0.00,0.00,5540.00,0.00
31312374884749268,20100921,5540.00,5540.00,0,0,0.00,0.00,0.00,5540.00,0.00
31312374884749268,20100922,5540.00,5540.00,0,0,0.00,0.00,0.00,5540.00,0.00
31312374884749268,20100925,5540.00,5540.00,0,0,0.00,0.00,0.00,5540.00,0.00
31312374884749268,20100926,5540.00,5540.00,0,0,0.00,0.00,0.00,5540.00,0.00
31312374884749268,20100927,5540.00,5540.00,0,0,0.00,0.00,0.00,5540.00,0.00
31312374884749268,20100928,5540.00,5540.00,0,0,0.00,0.00,0.00,5540.00,0.00
31312374884749268,20100929,5540.00,5540.00,0,0,0.00,0.00,0.00,5540.00,0.00
31312374884749268,20101002,5540.00,5540.00,0,0,0.00,0.00,0.00,5540.00,0.00
31312374884749268,20101003,5540.00,5540.00,0,0,0.00,0.00,0.00,5540.00,0.00
31312374884749268,20101005,5540.00,5540.00,0,0,0.00,0.00,0.00,5540.00,0.00
31312374884749268,20101006,5540.00,5540.00,0,0,0.00,0.00,0.00,5540.00,0.00
31312374884749268,20101009,5540.00,5540.00,0,0,0.00,0.00,0.00,5540.00,0.00
31312374884749268,20101010,5540.00,5540.00,0,0,0.00,0.00,0.00,5540.00,0.00
31312374884749268,20101011,5540.00,5540.00,0,0,0.00,0.00,0.00,5540.00,0.00
31312374884749268,20101012,5540.00,5540.00,0,0,0.00,0.00,0.00,5540.00,0.00
31312374884749268,20101013,5540.00,5540.00,0,0,0.00,0.00,0.00,5540.00,0.00
31312374884749268,20101016,5540.00,5540.00,0,0,0.00,0.00,0.00,5540.00,0.00
31312374884749268,20101017,5540.00,5540.00,0,0,0.00,0.00,0.00,5540.00,0.00
31312374884749268,20101018,5540.00,5540.00,0,0,0.00,0.00,0.00,5540.00,0.00
31312374884749268,20101019,5540.00,5540.00,0,0,0.00,0.00,0.00,5540.00,0.00
31312374884749268,20101020,5540.00,5540.00,0,0,0.00,0.00,0.00,5540.00,0.00
31312374884749268,20101023,5540.00,5540.00,0,0,0.00,0.00,0.00,5540.00,0.00
31312374884749268,20101024,5540.00,5540.00,0,0,0.00,0.00,0.00,5540.00,0.00
31312374884749268,20101025,5540.00,5540.00,0,0,0.00,0.00,0.00,5540.00,0.00
31312374884749268,20101026,5540.00,5540.00,0,0,0.00,0.00,0.00,5540.00,0.00
31312374884749268,20101027,5540.00,5540.00,0,0,0.00,0.00,0.00,5540.00,0.00
31312374884749268,20101030,5540.00,5540.00,0,0,0.00,0.00,0.00,5540.00,0.00
31312374884749268,20101031,5540.00,5540.00,0,0,0.00,0.00,0.00,5540.00,0.00
31312374884749268,20101101,5540.00,5540.00,0,0,0.00,0.00,0.00,5540.00,0.00
31312374884749268,20101102,5540.00,5540.00,0,0,0.00,0.00,0.00,5540.00,0.00
31312374884749268,20101103,5540.00,5540.00,0,0,0.00,0.00,0.00,5540.00,0.00
31312374884749268,20101106,5540.00,5540.00,0,0,0.00,0.00,0.00,5540.00,0.00
31312374884749268,20101107,5540.00,5540.00,0,0,0.00,0.00,0.00,5540.00,0.00
31312374884749268,20101108,5540.00,5540.00,0,0,0.00,0.00,0.00,5540.00,0.00
31312374884749268,20101109,5540.00,5540.00,0,0,0.00,0.00,0.00,5540.00,0.00
31312374884749268,20101110,5540.00,5540.00,0,0,0.00,0.00,0.00,5540.00,0.00
31312374884749268,20101113,5540.00,5540.00,0,0,0.00,0.00,0.00,5540.00,0.00
31312374884749268,20101114,5540.00,5540.00,0,0,0.00,0.00,0.00,5540.00,0.00
31312374884749268,20101115,5540.00,5540.00,0,0,0.00,0.00,0.00,5540.00,0.00
31312374884749268,20101116,5540.00,5540.00,0,0,0.00,0.00,0.00,5540.00,0.00
31312374884749268,20101120,5540.00,5540.00,0,0,0.00,0.00,0.00,5540.00,0.00
31312374884749268,20101121,5540.00,5540.00,0,0,0.00,0.00,0.00,5540.00,0.00
31312374884749268,20101122,5540.00,5540.00,0,0,0.00,0.00,0.00,5540.00,0.00
31312374884749268,20101123,5540.00,5540.00,0,0,0.00,0.00,0.00,5540.00,0.00
31312374884749268,20101124,5540.00,5540.00,0,0,0.00,0.00,0.00,5540.00,0.00
31312374884749268,20101127,5540.00,5540.00,0,0,0.00,0.00,0.00,5540.00,0.00
31312374884749268,20101128,5540.00,5540.00,0,0,0.00,0.00,0.00,5540.00,0.00
31312374884749268,20101129,5540.00,5540.00,0,0,0.00,0.00,0.00,5540.00,0.00
31312374884749268,20101130,5540.00,5540.00,0,0,0.00,0.00,0.00,5540.00,0.00
31312374884749268,20101201,5540.00,5540.00,0,0,0.00,0.00,0.00,5540.00,0.00
31312374884749268,20101204,5540.00,5540.00,0,0,0.00,0.00,0.00,5540.00,0.00
31312374884749268,20101205,5540.00,5540.00,0,0,0.00,0.00,0.00,5540.00,0.00
31312374884749268,20101206,5540.00,5540.00,0,0,0.00,0.00,0.00,5540.00,0.00
31312374884749268,20101207,5540.00,5540.00,0,0,0.00,0.00,0.00,5540.00,0.00
31312374884749268,20101208,5540.00,5540.00,0,0,0.00,0.00,0.00,5540.00,0.00
31312374884749268,20101211,5540.00,5540.00,0,0,0.00,0.00,0.00,5540.00,0.00
31312374884749268,20101212,5540.00,5540.00,0,0,0.00,0.00,0.00,5540.00,0.00
31312374884749268,20101213,5540.00,5540.00,0,0,0.00,0.00,0.00,5540.00,0.00
31312374884749268,20101214,5540.00,5540.00,0,0,0.00,0.00,0.00,5540.00,0.00
31312374884749268,20101218,5540.00,5540.00,0,0,0.00,0.00,0.00,5540.00,0.00
31312374884749268,20101219,5540.00,5540.00,0,0,0.00,0.00,0.00,5540.00,0.00
31312374884749268,20101220,5540.00,5540.00,0,0,0.00,0.00,0.00,5540.00,0.00
31312374884749268,20101221,5540.00,5540.00,0,0,0.00,0.00,0.00,5540.00,0.00
31312374884749268,20101222,5540.00,5540.00,0,0,0.00,0.00,0.00,5540.00,0.00
31312374884749268,20101225,5540.00,5540.00,0,0,0.00,0.00,0.00,5540.00,0.00
31312374884749268,20101226,5540.00,5540.00,0,0,0.00,0.00,0.00,5540.00,0.00
31312374884749268,20101227,5540.00,5540.00,0,0,0.00,0.00,0.00,5540.00,0.00
31312374884749268,20101228,5540.00,5540.00,0,0,0.00,0.00,0.00,5540.00,0.00
31312374884749268,20101229,5540.00,5540.00,0,0,0.00,0.00,0.00,5540.00,0.00
31312374884749268,20110101,5540.00,5540.00,0,0,0.00,0.00,0.00,5540.00,0.00
31312374884749268,20110102,5540.00,5540.00,0,0,0.00,0.00,0.00,5540.00,0.00
31312374884749268,20110103,5540.00,5540.00,0,0,0.00,0.00,0.00,5540.00,0.00
31312374884749268,20110104,5540.00,5540.00,0,0,0.00,0.00,0.00,5540.00,0.00
31312374884749268,20110105,5540.00,5540.00,0,0,0.00,0.00,0.00,5540.00,0.00
31312374884749268,20110108,5540.00,5540.00,0,0,0.00,0.00,0.00,5540.00,0.00
31312374884749268,20110109,5540.00,5540.00,0,0,0.00,0.00,0.00,5540.00,0.00
31312374884749268,20110110,5540.00,5540.00,0,0,0.00,0.00,0.00,5540.00,0.00
31312374884749268,20110111,5540.00,5540.00,0,0,0.00,0.00,0.00,5540.00,0.00
31312374884749268,20110112,5540.00,5540.00,0,0,0.00,0.00,0.00,5540.00,0.00
31312374884749268,20110115,5540.00,5540.00,0,0,0.00,0.00,0.00,5540.00,0.00
31312374884749268,20110116,5540.00,5540.00,0,0,0.00,0.00,0.00,5540.00,0.00
31312374884749268,20110117,5540.00,5540.00,0,0,0.00,0.00,0.00,5540.00,0.00
31312374884749268,20110118,5540.00,5540.00,0,0,0.00,0.00,0.00,5540.00,0.00
31312374884749268,20110119,5540.00,5540.00,0,0,0.00,0.00,0.00,5540.00,0.00
31312374884749268,20110122,5540.00,5540.00,0,0,0.00,0.00,0.00,5540.00,0.00
31312374884749268,20110123,5540.00,5540.00,0,0,0.00,0.00,0.00,5540.00,0.00
31312374884749268,20110124,5540.00,5540.00,0,0,0.00,0.00,0.00,5540.00,0.00
31312374884749268,20110126,5540.00,5540.00,0,0,0.00,0.00,0.00,5540.00,0.00
31312374884749268,20110129,5540.00,5540.00,0,0,0.00,0.00,0.00,5540.00,0.00
31312374884749268,20110130,5540.00,5540.00,0,0,0.00,0.00,0.00,5540.00,0.00
31312374884749268,20110131,5540.00,5540.00,0,0,0.00,0.00,0.00,5540.00,0.00
31312374884749268,20110201,5540.00,5540.00,0,0,0.00,0.00,0.00,5540.00,0.00
31312374884749268,20110205,5540.00,5540.00,0,0,0.00,0.00,0.00,5540.00,0.00
31312374884749268,20110206,5540.00,5540.00,0,0,0.00,0.00,0.00,5540.00,0.00
31312374884749268,20110207,5540.00,5540.00,0,0,0.00,0.00,0.00,5540.00,0.00
31312374884749268,20110208,5540.00,5540.00,0,0,0.00,0.00,0.00,5540.00,0.00
31312374884749268,20110209,5540.00,5540.00,0,0,0.00,0.00,0.00,5540.00,0.00
31312374884749268,20110212,5540.00,5540.00,0,0,0.00,0.00,0.00,5540.00,0.00
31312374884749268,20110213,5540.00,5540.00,0,0,0.00,0.00,0.00,5540.00,0.00
31312374884749268,20110214,5540.00,5540.00,0,0,0.00,0.00,0.00,5540.00,0.00
31312374884749268,20110215,5540.00,5540.00,0,0,0.00,0.00,0.00,5540.00,0.00
31312374884749268,20110216,5540.00,5540.00,0,0,0.00,0.00,0.00,5540.00,0.00
31312374884749268,20110219,5540.00,5540.00,0,0,0.00,0.00,0.00,5540.00,0.00
31312374884749268,20110220,5540.00,5540.00,0,0,0.00,0.00,0.00,5540.00,0.00
31312374884749268,20110222,5540.00,5540.00,0,0,0.00,0.00,0.00,5540.00,0.00
31312374884749268,20110223,5540.00,5540.00,0,0,0.00,0.00,0.00,5540.00,0.00
31312374884749268,20110226,5540.00,5540.00,0,0,0.00,0.00,0.00,5540.00,0.00
31312374884749268,20110227,5540.00,5540.00,0,0,0.00,0.00,0.00,5540.00,0.00
31312374884749268,20110228,5540.00,5540.00,0,0,0.00,0.00,0.00,5540.00,0.00
31312374884749268,20110301,5540.00,5540.00,0,0,0.00,0.00,0.00,5540.00,0.00
31312374884749268,20110302,5540.00,5540.00,0,0,0.00,0.00,0.00,5540.00,0.00
31312374884749268,20110305,5540.00,5540.00,0,0,0.00,0.00,0.00,5540.00,0.00
31312374884749268,20110306,5540.00,5540.00,0,0,0.00,0.00,0.00,5540.00,0.00
31312374884749268,20110307,5540.00,5540.00,0,0,0.00,0.00,0.00,5540.00,0.00
31312374884749268,20110308,5540.00,5540.00,0,0,0.00,0.00,0.00,5540.00,0.00
31312374884749268,20110309,5540.00,5540.00,0,0,0.00,0.00,0.00,5540.00,0.00
31312374884749268,20110312,5540.00,5540.00,0,0,0.00,0.00,0.00,5540.00,0.00
31312374884749268,20110313,5540.00,5540.00,0,0,0.00,0.00,0.00,5540.00,0.00
31312374884749268,20110314,5540.00,5540.00,0,0,0.00,0.00,0.00,5540.00,0.00
31312374884749268,20110315,5540.00,5540.00,0,0,0.00,0.00,0.00,5540.00,0.00
31312374884749268,20110316,5540.00,5540.00,0,0,0.00,0.00,0.00,5540.00,0.00
31312374884749268,20110319,5540.00,5540.00,0,0,0.00,0.00,0.00,5540.00,0.00
31312374884749268,20110326,5540.00,5540.00,0,0,0.00,0.00,0.00,5540.00,0.00
31312374884749268,20110327,5540.00,5540.00,0,0,0.00,0.00,0.00,5540.00,0.00
31312374884749268,20110328,5540.00,5540.00,0,0,0.00,0.00,0.00,5540.00,0.00
31312374884749268,20110329,5540.00,5540.00,0,0,0.00,0.00,0.00,5540.00,0.00
31312374884749268,20110330,5540.00,5540.00,0,0,0.00,0.00,0.00,5540.00,0.00
31312374884749268,20110403,5540.00,5540.00,0,0,0.00,0.00,0.00,5540.00,0.00
31312374884749268,20110404,5540.00,5540.00,0,0,0.00,0.00,0.00,5540.00,0.00
31312374884749268,20110405,5540.00,5540.00,0,0,0.00,0.00,0.00,5540.00,0.00
31312374884749268,20110406,5540.00,5540.00,0,0,0.00,0.00,0.00,5540.00,0.00
31312374884749268,20110409,5540.00,5540.00,0,0,0.00,0.00,0.00,5540.00,0.00
31312374884749268,20110410,5540.00,5540.00,0,0,0.00,0.00,0.00,5540.00,0.00
31312374884749268,20110411,5540.00,5540.00,0,0,0.00,0.00,0.00,5540.00,0.00
31312374884749268,20110412,5540.00,5540.00,0,0,0.00,0.00,0.00,5540.00,0.00
31312374884749268,20110413,5540.00,5540.00,0,0,0.00,0.00,0.00,5540.00,0.00
31312374884749268,20110416,5540.00,5540.00,0,0,0.00,0.00,0.00,5540.00,0.00
31312374884749268,20110417,5540.00,5540.00,0,0,0.00,0.00,0.00,5540.00,0.00
31312374884749268,20110418,5540.00,5540.00,0,0,0.00,0.00,0.00,5540.00,0.00
31312374884749268,20110419,5540.00,5540.00,0,0,0.00,0.00,0.00,5540.00,0.00
31312374884749268,20110420,5540.00,5540.00,0,0,0.00,0.00,0.00,5540.00,0.00
31312374884749268,20110423,5540.00,5540.00,0,0,0.00,0.00,0.00,5540.00,0.00
31312374884749268,20110424,5540.00,5540.00,0,0,0.00,0.00,0.00,5540.00,0.00
31312374884749268,20110425,5540.00,5540.00,0,0,0.00,0.00,0.00,5540.00,0.00
31312374884749268,20110426,5540.00,5540.00,0,0,0.00,0.00,0.00,5540.00,0.00
31312374884749268,20110427,5540.00,5540.00,0,0,0.00,0.00,0.00,5540.00,0.00
31312374884749268,20110430,5540.00,5540.00,0,0,0.00,0.00,0.00,5540.00,0.00
31312374884749268,20110501,5540.00,5540.00,0,0,0.00,0.00,0.00,5540.00,0.00
31312374884749268,20110502,5540.00,5540.00,0,0,0.00,0.00,0.00,5540.00,0.00
31312374884749268,20110503,5540.00,5540.00,0,0,0.00,0.00,0.00,5540.00,0.00
31312374884749268,20110504,5540.00,5540.00,0,0,0.00,0.00,0.00,5540.00,0.00
31312374884749268,20110508,5540.00,5540.00,0,0,0.00,0.00,0.00,5540.00,0.00
31312374884749268,20110509,5540.00,5540.00,0,0,0.00,0.00,0.00,5540.00,0.00
31312374884749268,20110510,5540.00,5540.00,0,0,0.00,0.00,0.00,5540.00,0.00
31312374884749268,20110511,5540.00,5540.00,0,0,0.00,0.00,0.00,5540.00,0.00
31312374884749268,20110514,5540.00,5540.00,0,0,0.00,0.00,0.00,5540.00,0.00
31312374884749268,20110515,5540.00,5540.00,0,0,0.00,0.00,0.00,5540.00,0.00
31312374884749268,20110516,5540.00,5540.00,0,0,0.00,0.00,0.00,5540.00,0.00
31312374884749268,20110517,5540.00,5540.00,0,0,0.00,0.00,0.00,5540.00,0.00
31312374884749268,20110518,5540.00,5540.00,0,0,0.00,0.00,0.00,5540.00,0.00
31312374884749268,20110521,5540.00,5540.00,0,0,0.00,0.00,0.00,5540.00,0.00
31312374884749268,20110522,5540.00,5540.00,0,0,0.00,0.00,0.00,5540.00,0.00
31312374884749268,20110523,5540.00,5540.00,0,0,0.00,0.00,0.00,5540.00,0.00
31312374884749268,20110524,5540.00,5540.00,0,0,0.00,0.00,0.00,5540.00,0.00
31312374884749268,20110525,5540.00,5540.00,0,0,0.00,0.00,0.00,5540.00,0.00
31312374884749268,20110528,5540.00,5540.00,0,0,0.00,0.00,0.00,5540.00,0.00
31312374884749268,20110529,5540.00,5540.00,0,0,0.00,0.00,0.00,5540.00,0.00
31312374884749268,20110530,5540.00,5540.00,0,0,0.00,0.00,0.00,5540.00,0.00
31312374884749268,20110531,5540.00,5540.00,0,0,0.00,0.00,0.00,5540.00,0.00
31312374884749268,20110601,5540.00,5540.00,0,0,0.00,0.00,0.00,5540.00,0.00
31312374884749268,20110606,5540.00,5540.00,0,0,0.00,0.00,0.00,5540.00,0.00
31312374884749268,20110607,5540.00,5540.00,0,0,0.00,0.00,0.00,5540.00,0.00
31312374884749268,20110608,5540.00,5540.00,0,0,0.00,0.00,0.00,5540.00,0.00
31312374884749268,20110611,5540.00,5540.00,0,0,0.00,0.00,0.00,5540.00,0.00
31312374884749268,20110612,5540.00,5540.00,0,0,0.00,0.00,0.00,5540.00,0.00
31312374884749268,20110613,5540.00,5540.00,0,0,0.00,0.00,0.00,5540.00,0.00
31312374884749268,20110614,5540.00,5540.00,0,0,0.00,0.00,0.00,5540.00,0.00
31312374884749268,20110615,5540.00,5540.00,0,0,0.00,0.00,0.00,5540.00,0.00
31312374884749268,20110618,5540.00,5540.00,0,0,0.00,0.00,0.00,5540.00,0.00
31312374884749268,20110619,5540.00,5540.00,0,0,0.00,0.00,0.00,5540.00,0.00
31312374884749268,20110620,5540.00,5540.00,0,0,0.00,0.00,0.00,5540.00,0.00
31312374884749268,20110621,5540.00,5540.00,0,0,0.00,0.00,0.00,5540.00,0.00
31312374884749268,20110622,5540.00,5540.00,0,0,0.00,0.00,0.00,5540.00,0.00
31312374884749268,20110625,5540.00,5540.00,0,0,0.00,0.00,0.00,5540.00,0.00
31312374884749268,20110626,5540.00,5540.00,0,0,0.00,0.00,0.00,5540.00,0.00
31312374884749268,20110627,5540.00,5540.00,0,0,0.00,0.00,0.00,5540.00,0.00
31312374884749268,20110628,5540.00,5540.00,0,0,0.00,0.00,0.00,5540.00,0.00
31312374884749268,20110629,5540.00,5540.00,0,0,0.00,0.00,0.00,5540.00,0.00
31312374884749268,20110702,5540.00,5540.00,0,0,0.00,0.00,0.00,5540.00,0.00
31312374884749268,20110703,5540.00,5540.00,0,0,0.00,0.00,0.00,5540.00,0.00
31312374884749268,20110704,5540.00,5540.00,0,0,0.00,0.00,0.00,5540.00,0.00
31312374884749268,20110705,5540.00,5540.00,0,0,0.00,0.00,0.00,5540.00,0.00
31312374884749268,20110706,5540.00,5540.00,0,0,0.00,0.00,0.00,5540.00,0.00
31312374884749268,20110709,5540.00,5540.00,0,0,0.00,0.00,0.00,5540.00,0.00
31312374884749268,20110710,5540.00,5540.00,0,0,0.00,0.00,0.00,5540.00,0.00
31312374884749268,20110711,5540.00,5540.00,0,0,0.00,0.00,0.00,5540.00,0.00
31312374884749268,20110712,5540.00,5540.00,0,0,0.00,0.00,0.00,5540.00,0.00
31312374884749268,20110713,5540.00,5540.00,0,0,0.00,0.00,0.00,5540.00,0.00
31312374884749268,20110716,5540.00,5540.00,0,0,0.00,0.00,0.00,5540.00,0.00
31312374884749268,20110718,5540.00,5540.00,0,0,0.00,0.00,0.00,5540.00,0.00
31312374884749268,20110719,5540.00,5540.00,0,0,0.00,0.00,0.00,5540.00,0.00
31312374884749268,20110720,5540.00,5540.00,0,0,0.00,0.00,0.00,5540.00,0.00
31312374884749268,20110723,5540.00,5540.00,0,0,0.00,0.00,0.00,5540.00,0.00
31312374884749268,20110724,5540.00,5540.00,0,0,0.00,0.00,0.00,5540.00,0.00
31312374884749268,20110725,5540.00,5540.00,0,0,0.00,0.00,0.00,5540.00,0.00
31312374884749268,20110726,5540.00,5540.00,0,0,0.00,0.00,0.00,5540.00,0.00
31312374884749268,20110727,5540.00,5540.00,0,0,0.00,0.00,0.00,5540.00,0.00
31312374884749268,20110730,5540.00,5540.00,0,0,0.00,0.00,0.00,5540.00,0.00
31312374884749268,20110731,5540.00,5540.00,0,0,0.00,0.00,0.00,5540.00,0.00
31312374884749268,20110801,5540.00,5540.00,0,0,0.00,0.00,0.00,5540.00,0.00
31312374884749268,20110802,5540.00,5540.00,0,0,0.00,0.00,0.00,5540.00,0.00
31312374884749268,20110803,5540.00,5540.00,0,0,0.00,0.00,0.00,5540.00,0.00
31312374884749268,20110806,5540.00,5540.00,0,0,0.00,0.00,0.00,5540.00,0.00
31312374884749268,20110807,5540.00,5540.00,0,0,0.00,0.00,0.00,5540.00,0.00
31312374884749268,20110808,5540.00,5540.00,0,0,0.00,0.00,0.00,5540.00,0.00
31312374884749268,20110809,5540.00,5540.00,0,0,0.00,0.00,0.00,5540.00,0.00
31312374884749268,20110810,5540.00,5540.00,0,0,0.00,0.00,0.00,5540.00,0.00
31312374884749268,20110813,5540.00,5540.00,0,0,0.00,0.00,0.00,5540.00,0.00
31312374884749268,20110814,5540.00,5540.00,0,0,0.00,0.00,0.00,5540.00,0.00
31312374884749268,20110815,5540.00,5540.00,0,0,0.00,0.00,0.00,5540.00,0.00
31312374884749268,20110816,5540.00,5540.00,0,0,0.00,0.00,0.00,5540.00,0.00
31312374884749268,20110817,5540.00,5540.00,0,0,0.00,0.00,0.00,5540.00,0.00
31312374884749268,20110820,5540.00,5540.00,0,0,0.00,0.00,0.00,5540.00,0.00
31312374884749268,20110821,5540.00,5540.00,0,0,0.00,0.00,0.00,5540.00,0.00
31312374884749268,20110823,5540.00,5540.00,0,0,0.00,0.00,0.00,5540.00,0.00
31312374884749268,20110824,5540.00,5540.00,0,0,0.00,0.00,0.00,5540.00,0.00
31312374884749268,20110827,5540.00,5540.00,0,0,0.00,0.00,0.00,5540.00,0.00
31312374884749268,20110828,5540.00,5540.00,0,0,0.00,0.00,0.00,5540.00,0.00
31312374884749268,20110829,5540.00,5540.00,0,0,0.00,0.00,0.00,5540.00,0.00
31312374884749268,20110830,5540.00,5540.00,0,0,0.00,0.00,0.00,5540.00,0.00
31312374884749268,20110831,5540.00,5540.00,0,0,0.00,0.00,0.00,5540.00,0.00
31312374884749268,20110903,5540.00,5540.00,0,0,0.00,0.00,0.00,5540.00,0.00
31312374884749268,20110904,5540.00,5540.00,0,0,0.00,0.00,0.00,5540.00,0.00
31312374884749268,20110905,5540.00,5540.00,0,0,0.00,0.00,0.00,5540.00,0.00
31312374884749268,20110906,5540.00,5540.00,0,0,0.00,0.00,0.00,5540.00,0.00
31312374884749268,20110907,5540.00,5540.00,0,0,0.00,0.00,0.00,5540.00,0.00
31312374884749268,20110910,5540.00,5540.00,0,0,0.00,0.00,0.00,5540.00,0.00
31312374884749268,20110911,5540.00,5540.00,0,0,0.00,0.00,0.00,5540.00,0.00
31312374884749268,20110912,5540.00,5540.00,0,0,0.00,0.00,0.00,5540.00,0.00
31312374884749268,20110913,5540.00,5540.00,0,0,0.00,0.00,0.00,5540.00,0.00
31312374884749268,20110914,5540.00,5540.00,0,0,0.00,0.00,0.00,5540.00,0.00
31312374884749268,20110917,5540.00,5540.00,0,0,0.00,0.00,0.00,5540.00,0.00
31312374884749268,20110918,5540.00,5540.00,0,0,0.00,0.00,0.00,5540.00,0.00
31312374884749268,20110919,5540.00,5540.00,0,0,0.00,0.00,0.00,5540.00,0.00
31312374884749268,20110920,5540.00,5540.00,0,0,0.00,0.00,0.00,5540.00,0.00
31312374884749268,20110921,5540.00,5540.00,0,0,0.00,0.00,0.00,5540.00,0.00
31312374884749268,20110925,5540.00,5540.00,0,0,0.00,0.00,0.00,5540.00,0.00
31312374884749268,20110926,5540.00,5540.00,0,0,0.00,0.00,0.00,5540.00,0.00
31312374884749268,20110927,5540.00,5540.00,0,0,0.00,0.00,0.00,5540.00,0.00
31312374884749268,20110928,5540.00,5540.00,0,0,0.00,0.00,0.00,5540.00,0.00
31312374884749268,20111001,5540.00,5540.00,0,0,0.00,0.00,0.00,5540.00,0.00
31312374884749268,20111002,5540.00,5540.00,0,0,0.00,0.00,0.00,5540.00,0.00
31312374884749268,20111003,5540.00,5540.00,0,0,0.00,0.00,0.00,5540.00,0.00
31312374884749268,20111004,5540.00,5540.00,0,0,0.00,0.00,0.00,5540.00,0.00
31312374884749268,20111005,5540.00,5540.00,0,0,0.00,0.00,0.00,5540.00,0.00
31312374884749268,20111008,5540.00,5540.00,0,0,0.00,0.00,0.00,5540.00,0.00
31312374884749268,20111009,5540.00,5540.00,0,0,0.00,0.00,0.00,5540.00,0.00
31312374884749268,20111010,5540.00,5540.00,0,0,0.00,0.00,0.00,5540.00,0.00
31312374884749268,20111011,5540.00,5540.00,0,0,0.00,0.00,0.00,5540.00,0.00
31312374884749268,20111012,5540.00,5540.00,0,0,0.00,0.00,0.00,5540.00,0.00
31312374884749268,20111015,5540.00,5540.00,0,0,0.00,0.00,0.00,5540.00,0.00
31312374884749268,20111016,5540.00,5540.00,0,0,0.00,0.00,0.00,5540.00,0.00
31312374884749268,20111017,5540.00,5540.00,0,0,0.00,0.00,0.00,5540.00,0.00
31312374884749268,20111018,5540.00,5540.00,0,0,0.00,0.00,0.00,5540.00,0.00
31312374884749268,20111019,5540.00,5540.00,0,0,0.00,0.00,0.00,5540.00,0.00
31312374884749268,20111022,5540.00,5540.00,0,0,0.00,0.00,0.00,5540.00,0.00
31312374884749268,20111023,5540.00,5540.00,0,0,0.00,0.00,0.00,5540.00,0.00
31312374884749268,20111024,5540.00,5540.00,0,0,0.00,0.00,0.00,5540.00,0.00
31312374884749268,20111025,5540.00,5540.00,0,0,0.00,0.00,0.00,5540.00,0.00
31312374884749268,20111026,5540.00,5540.00,0,0,0.00,0.00,0.00,5540.00,0.00
31312374884749268,20111029,5540.00,5540.00,0,0,0.00,0.00,0.00,5540.00,0.00
31312374884749268,20111030,5540.00,5540.00,0,0,0.00,0.00,0.00,5540.00,0.00
31312374884749268,20111031,5540.00,5540.00,0,0,0.00,0.00,0.00,5540.00,0.00
31312374884749268,20111101,5540.00,5540.00,0,0,0.00,0.00,0.00,5540.00,0.00
31312374884749268,20111102,5540.00,5540.00,0,0,0.00,0.00,0.00,5540.00,0.00
31312374884749268,20111105,5540.00,5540.00,0,0,0.00,0.00,0.00,5540.00,0.00
31312374884749268,20111106,5540.00,5540.00,0,0,0.00,0.00,0.00,5540.00,0.00
31312374884749268,20111108,5540.00,5540.00,0,0,0.00,0.00,0.00,5540.00,0.00
31312374884749268,20111109,5540.00,5540.00,0,0,0.00,0.00,0.00,5540.00,0.00
31312374884749268,20111112,5540.00,5540.00,0,0,0.00,0.00,0.00,5540.00,0.00
31312374884749268,20111113,5540.00,5540.00,0,0,0.00,0.00,0.00,5540.00,0.00
31312374884749268,20111114,5540.00,5540.00,0,0,0.00,0.00,0.00,5540.00,0.00
31312374884749268,20111116,5540.00,5540.00,0,0,0.00,0.00,0.00,5540.00,0.00
31312374884749268,20111119,5540.00,5540.00,0,0,0.00,0.00,0.00,5540.00,0.00
31312374884749268,20111120,5540.00,5540.00,0,0,0.00,0.00,0.00,5540.00,0.00
31312374884749268,20111121,5540.00,5540.00,0,0,0.00,0.00,0.00,5540.00,0.00
31312374884749268,20111122,5540.00,5540.00,0,0,0.00,0.00,0.00,5540.00,0.00
31312374884749268,20111123,5540.00,5540.00,0,0,0.00,0.00,0.00,5540.00,0.00
31312374884749268,20111126,5540.00,5540.00,0,0,0.00,0.00,0.00,5540.00,0.00
31312374884749268,20111127,5540.00,5540.00,0,0,0.00,0.00,0.00,5540.00,0.00
31312374884749268,20111128,5540.00,5540.00,0,0,0.00,0.00,0.00,5540.00,0.00
31312374884749268,20111129,5540.00,5540.00,0,0,0.00,0.00,0.00,5540.00,0.00
31312374884749268,20111130,5540.00,5540.00,0,0,0.00,0.00,0.00,5540.00,0.00
31312374884749268,20111203,5540.00,5540.00,0,0,0.00,0.00,0.00,5540.00,0.00
31312374884749268,20111204,5540.00,5540.00,0,0,0.00,0.00,0.00,5540.00,0.00
31312374884749268,20111207,5540.00,5540.00,0,0,0.00,0.00,0.00,5540.00,0.00
31312374884749268,20111210,5540.00,5540.00,0,0,0.00,0.00,0.00,5540.00,0.00
31312374884749268,20111211,5540.00,5540.00,0,0,0.00,0.00,0.00,5540.00,0.00
31312374884749268,20111212,5540.00,5540.00,0,0,0.00,0.00,0.00,5540.00,0.00
31312374884749268,20111213,5540.00,5540.00,0,0,0.00,0.00,0.00,5540.00,0.00
31312374884749268,20111214,5540.00,5540.00,0,0,0.00,0.00,0.00,5540.00,0.00
31312374884749268,20111217,5540.00,5540.00,0,0,0.00,0.00,0.00,5540.00,0.00
31312374884749268,20111218,5540.00,5540.00,0,0,0.00,0.00,0.00,5540.00,0.00
31312374884749268,20111219,5540.00,5540.00,0,0,0.00,0.00,0.00,5540.00,0.00
31312374884749268,20111220,5540.00,5540.00,0,0,0.00,0.00,0.00,5540.00,0.00
31312374884749268,20111221,5540.00,5540.00,0,0,0.00,0.00,0.00,5540.00,0.00
31312374884749268,20111224,5540.00,5540.00,0,0,0.00,0.00,0.00,5540.00,0.00
31312374884749268,20111225,5540.00,5540.00,0,0,0.00,0.00,0.00,5540.00,0.00
31312374884749268,20111226,5540.00,5540.00,0,0,0.00,0.00,0.00,5540.00,0.00
31312374884749268,20111227,5540.00,5540.00,0,0,0.00,0.00,0.00,5540.00,0.00
31312374884749268,20111228,5540.00,5540.00,0,0,0.00,0.00,0.00,5540.00,0.00
31312374884749268,20111231,5540.00,5540.00,0,0,0.00,0.00,0.00,5540.00,0.00
31312374884749268,20120101,5540.00,5540.00,0,0,0.00,0.00,0.00,5540.00,0.00
31312374884749268,20120102,5540.00,5540.00,0,0,0.00,0.00,0.00,5540.00,0.00
31312374884749268,20120103,5540.00,5540.00,0,0,0.00,0.00,0.00,5540.00,0.00
31312374884749268,20120104,5540.00,5540.00,0,0,0.00,0.00,0.00,5540.00,0.00
31312374884749268,20120107,5540.00,5540.00,0,0,0.00,0.00,0.00,5540.00,0.00
31312374884749268,20120108,5540.00,5540.00,0,0,0.00,0.00,0.00,5540.00,0.00
31312374884749268,20120109,5540.00,5540.00,0,0,0.00,0.00,0.00,5540.00,0.00
31312374884749268,20120110,5540.00,5540.00,0,0,0.00,0.00,0.00,5540.00,0.00
31312374884749268,20120111,5540.00,5540.00,0,0,0.00,0.00,0.00,5540.00,0.00
31312374884749268,20120115,5540.00,5540.00,0,0,0.00,0.00,0.00,5540.00,0.00
31312374884749268,20120116,5540.00,5540.00,0,0,0.00,0.00,0.00,5540.00,0.00
31312374884749268,20120117,5540.00,5540.00,0,0,0.00,0.00,0.00,5540.00,0.00
31312374884749268,20120118,5540.00,5540.00,0,0,0.00,0.00,0.00,5540.00,0.00
31312374884749268,20120121,5540.00,5540.00,0,0,0.00,0.00,0.00,5540.00,0.00
31312374884749268,20120123,5540.00,5540.00,0,0,0.00,0.00,0.00,5540.00,0.00
31312374884749268,20120125,5540.00,5540.00,0,0,0.00,0.00,0.00,5540.00,0.00
31312374884749268,20120128,5540.00,5540.00,0,0,0.00,0.00,0.00,5540.00,0.00
31312374884749268,20120129,5540.00,5540.00,0,0,0.00,0.00,0.00,5540.00,0.00
31312374884749268,20120130,5540.00,5540.00,0,0,0.00,0.00,0.00,5540.00,0.00
31312374884749268,20120131,5540.00,5540.00,0,0,0.00,0.00,0.00,5540.00,0.00
31312374884749268,20120201,5540.00,5540.00,0,0,0.00,0.00,0.00,5540.00,0.00
31312374884749268,20120204,5540.00,5540.00,0,0,0.00,0.00,0.00,5540.00,0.00
31312374884749268,20120205,5540.00,5540.00,0,0,0.00,0.00,0.00,5540.00,0.00
31312374884749268,20120206,5540.00,5540.00,0,0,0.00,0.00,0.00,5540.00,0.00
31312374884749268,20120207,5540.00,5540.00,0,0,0.00,0.00,0.00,5540.00,0.00
31312374884749268,20120208,5540.00,5540.00,0,0,0.00,0.00,0.00,5540.00,0.00
31312374884749268,20120212,5540.00,5540.00,0,0,0.00,0.00,0.00,5540.00,0.00
31312374884749268,20120213,5540.00,5540.00,0,0,0.00,0.00,0.00,5540.00,0.00
31312374884749268,20120214,5540.00,5540.00,0,0,0.00,0.00,0.00,5540.00,0.00
31312374884749268,20120215,5540.00,5540.00,0,0,0.00,0.00,0.00,5540.00,0.00
31312374884749268,20120218,5540.00,5540.00,0,0,0.00,0.00,0.00,5540.00,0.00
31312374884749268,20120219,5540.00,5540.00,0,0,0.00,0.00,0.00,5540.00,0.00
31312374884749268,20120220,5540.00,5540.00,0,0,0.00,0.00,0.00,5540.00,0.00
31312374884749268,20120221,5540.00,5540.00,0,0,0.00,0.00,0.00,5540.00,0.00
31312374884749268,20120222,5540.00,5540.00,0,0,0.00,0.00,0.00,5540.00,0.00
31312374884749268,20120225,5540.00,5540.00,0,0,0.00,0.00,0.00,5540.00,0.00
31312374884749268,20120226,5540.00,5540.00,0,0,0.00,0.00,0.00,5540.00,0.00
31312374884749268,20120227,5540.00,5540.00,0,0,0.00,0.00,0.00,5540.00,0.00
31312374884749268,20120228,5540.00,5540.00,0,0,0.00,0.00,0.00,5540.00,0.00
31312374884749268,20120229,5540.00,5540.00,0,0,0.00,0.00,0.00,5540.00,0.00
31312374884749268,20120303,5540.00,5540.00,0,0,0.00,0.00,0.00,5540.00,0.00
31312374884749268,20120304,5540.00,5540.00,0,0,0.00,0.00,0.00,5540.00,0.00
31312374884749268,20120305,5540.00,5540.00,0,0,0.00,0.00,0.00,5540.00,0.00
31312374884749268,20120306,5540.00,5540.00,0,0,0.00,0.00,0.00,5540.00,0.00
31312374884749268,20120307,5540.00,5540.00,0,0,0.00,0.00,0.00,5540.00,0.00
31312374884749268,20120310,5540.00,5540.00,0,0,0.00,0.00,0.00,5540.00,0.00
31312374884749268,20120311,5540.00,5540.00,0,0,0.00,0.00,0.00,5540.00,0.00
31312374884749268,20120312,5540.00,5540.00,0,0,0.00,0.00,0.00,5540.00,0.00
31312374884749268,20120313,5540.00,5540.00,0,0,0.00,0.00,0.00,5540.00,0.00
31312374884749268,20120314,5540.00,5540.00,0,0,0.00,0.00,0.00,5540.00,0.00
31312374884749268,20120317,5540.00,5540.00,0,0,0.00,0.00,0.00,5540.00,0.00
31312374884749268,20120318,5540.00,5540.00,0,0,0.00,0.00,0.00,5540.00,0.00
31312374884749268,20120324,5540.00,5540.00,0,0,0.00,0.00,0.00,5540.00,0.00
31312374884749268,20120325,5540.00,5540.00,0,0,0.00,0.00,0.00,5540.00,0.00
31312374884749268,20120326,5540.00,5540.00,0,0,0.00,0.00,0.00,5540.00,0.00
31312374884749268,20120327,5540.00,5540.00,0,0,0.00,0.00,0.00,5540.00,0.00
31312374884749268,20120328,5540.00,5540.00,0,0,0.00,0.00,0.00,5540.00,0.00
31312374884749268,20120402,5540.00,5540.00,0,0,0.00,0.00,0.00,5540.00,0.00
31312374884749268,20120403,5540.00,5540.00,0,0,0.00,0.00,0.00,5540.00,0.00
31312374884749268,20120404,5540.00,5540.00,0,0,0.00,0.00,0.00,5540.00,0.00
31312374884749268,20120407,5540.00,5540.00,0,0,0.00,0.00,0.00,5540.00,0.00
31312374884749268,20120408,5540.00,5540.00,0,0,0.00,0.00,0.00,5540.00,0.00
31312374884749268,20120409,5540.00,5540.00,0,0,0.00,0.00,0.00,5540.00,0.00
31312374884749268,20120410,5540.00,5540.00,0,0,0.00,0.00,0.00,5540.00,0.00
31312374884749268,20120411,5540.00,5540.00,0,0,0.00,0.00,0.00,5540.00,0.00
31312374884749268,20120414,5540.00,5540.00,0,0,0.00,0.00,0.00,5540.00,0.00
31312374884749268,20120415,5540.00,5540.00,0,0,0.00,0.00,0.00,5540.00,0.00
31312374884749268,20120416,5540.00,5540.00,0,0,0.00,0.00,0.00,5540.00,0.00
31312374884749268,20120417,5540.00,5540.00,0,0,0.00,0.00,0.00,5540.00,0.00
31312374884749268,20120418,5540.00,5540.00,0,0,0.00,0.00,0.00,5540.00,0.00
31312374884749268,20120421,5540.00,5540.00,0,0,0.00,0.00,0.00,5540.00,0.00
31312374884749268,20120422,5540.00,5540.00,0,0,0.00,0.00,0.00,5540.00,0.00
31312374884749268,20120423,5540.00,5540.00,0,0,0.00,0.00,0.00,5540.00,0.00
31312374884749268,20120424,5540.00,5540.00,0,0,0.00,0.00,0.00,5540.00,0.00
31312374884749268,20120428,5540.00,5540.00,0,0,0.00,0.00,0.00,5540.00,0.00
31312374884749268,20120429,5540.00,5540.00,0,0,0.00,0.00,0.00,5540.00,0.00
31312374884749268,20120430,5540.00,5540.00,0,0,0.00,0.00,0.00,5540.00,0.00
31312374884749268,20120501,5540.00,5540.00,0,0,0.00,0.00,0.00,5540.00,0.00
31312374884749268,20120502,5540.00,5540.00,0,0,0.00,0.00,0.00,5540.00,0.00
31312374884749268,20120505,5540.00,5540.00,0,0,0.00,0.00,0.00,5540.00,0.00
31312374884749268,20120506,5540.00,5540.00,0,0,0.00,0.00,0.00,5540.00,0.00
31312374884749268,20120507,5540.00,5540.00,0,0,0.00,0.00,0.00,5540.00,0.00
31312374884749268,20120508,5540.00,5540.00,0,0,0.00,0.00,0.00,5540.00,0.00
31312374884749268,20120509,5540.00,5540.00,0,0,0.00,0.00,0.00,5540.00,0.00
31312374884749268,20120512,5540.00,5540.00,0,0,0.00,0.00,0.00,5540.00,0.00
31312374884749268,20120513,5540.00,5540.00,0,0,0.00,0.00,0.00,5540.00,0.00
31312374884749268,20120514,5540.00,5540.00,0,0,0.00,0.00,0.00,5540.00,0.00
31312374884749268,20120515,5540.00,5540.00,0,0,0.00,0.00,0.00,5540.00,0.00
31312374884749268,20120516,5540.00,5540.00,0,0,0.00,0.00,0.00,5540.00,0.00
31312374884749268,20120519,5540.00,5540.00,0,0,0.00,0.00,0.00,5540.00,0.00
31312374884749268,20120520,5540.00,5540.00,0,0,0.00,0.00,0.00,5540.00,0.00
31312374884749268,20120521,5540.00,5540.00,0,0,0.00,0.00,0.00,5540.00,0.00
31312374884749268,20120522,5540.00,5540.00,0,0,0.00,0.00,0.00,5540.00,0.00
31312374884749268,20120523,5540.00,5540.00,0,0,0.00,0.00,0.00,5540.00,0.00
31312374884749268,20120526,5540.00,5540.00,0,0,0.00,0.00,0.00,5540.00,0.00
31312374884749268,20120527,5540.00,5540.00,0,0,0.00,0.00,0.00,5540.00,0.00
31312374884749268,20120528,5540.00,5540.00,0,0,0.00,0.00,0.00,5540.00,0.00
31312374884749268,20120529,5540.00,5540.00,0,0,0.00,0.00,0.00,5540.00,0.00
31312374884749268,20120530,5540.00,5540.00,0,0,0.00,0.00,0.00,5540.00,0.00
31312374884749268,20120602,5540.00,5540.00,0,0,0.00,0.00,0.00,5540.00,0.00
31312374884749268,20120605,5540.00,5540.00,0,0,0.00,0.00,0.00,5540.00,0.00
31312374884749268,20120606,5540.00,5540.00,0,0,0.00,0.00,0.00,5540.00,0.00
31312374884749268,20120609,5540.00,5540.00,0,0,0.00,0.00,0.00,5540.00,0.00
31312374884749268,20120610,5540.00,5540.00,0,0,0.00,0.00,0.00,5540.00,0.00
31312374884749268,20120611,5540.00,5540.00,0,0,0.00,0.00,0.00,5540.00,0.00
31312374884749268,20120612,5540.00,5540.00,0,0,0.00,0.00,0.00,5540.00,0.00
31312374884749268,20120613,5540.00,5540.00,0,0,0.00,0.00,0.00,5540.00,0.00
31312374884749268,20120616,5540.00,5540.00,0,0,0.00,0.00,0.00,5540.00,0.00
31312374884749268,20120617,5540.00,5540.00,0,0,0.00,0.00,0.00,5540.00,0.00
31312374884749268,20120619,5540.00,5540.00,0,0,0.00,0.00,0.00,5540.00,0.00
31312374884749268,20120620,5540.00,5540.00,0,0,0.00,0.00,0.00,5540.00,0.00
31312374884749268,20120623,5540.00,5540.00,0,0,0.00,0.00,0.00,5540.00,0.00
31312374884749268,20120624,5540.00,5540.00,0,0,0.00,0.00,0.00,5540.00,0.00
31312374884749268,20120625,5540.00,5540.00,0,0,0.00,0.00,0.00,5540.00,0.00
31312374884749268,20120626,5540.00,5540.00,0,0,0.00,0.00,0.00,5540.00,0.00
31312374884749268,20120627,5540.00,5540.00,0,0,0.00,0.00,0.00,5540.00,0.00
31312374884749268,20120630,5540.00,5540.00,0,0,0.00,0.00,0.00,5540.00,0.00
31312374884749268,20120701,5540.00,5540.00,0,0,0.00,0.00,0.00,5540.00,0.00
31312374884749268,20120702,5540.00,5540.00,0,0,0.00,0.00,0.00,5540.00,0.00
31312374884749268,20120703,5540.00,5540.00,0,0,0.00,0.00,0.00,5540.00,0.00
31312374884749268,20120704,5540.00,5540.00,0,0,0.00,0.00,0.00,5540.00,0.00
31312374884749268,20120707,5540.00,5540.00,0,0,0.00,0.00,0.00,5540.00,0.00
31312374884749268,20120708,5540.00,5540.00,0,0,0.00,0.00,0.00,5540.00,0.00
31312374884749268,20120709,5540.00,5540.00,0,0,0.00,0.00,0.00,5540.00,0.00
31312374884749268,20120710,5540.00,5540.00,0,0,0.00,0.00,0.00,5540.00,0.00
31312374884749268,20120711,5540.00,5540.00,0,0,0.00,0.00,0.00,5540.00,0.00
31312374884749268,20120714,5540.00,5540.00,0,0,0.00,0.00,0.00,5540.00,0.00
31312374884749268,20120715,5540.00,5540.00,0,0,0.00,0.00,0.00,5540.00,0.00
31312374884749268,20120716,5540.00,5540.00,0,0,0.00,0.00,0.00,5540.00,0.00
31312374884749268,20120717,5540.00,5540.00,0,0,0.00,0.00,0.00,5540.00,0.00
31312374884749268,20120718,5540.00,5540.00,0,0,0.00,0.00,0.00,5540.00,0.00
31312374884749268,20120721,5540.00,5540.00,0,0,0.00,0.00,0.00,5540.00,0.00
31312374884749268,20120722,5540.00,5540.00,0,0,0.00,0.00,0.00,5540.00,0.00
31312374884749268,20120723,5540.00,5540.00,0,0,0.00,0.00,0.00,5540.00,0.00
31312374884749268,20120724,5540.00,5540.00,0,0,0.00,0.00,0.00,5540.00,0.00
31312374884749268,20120725,5540.00,5540.00,0,0,0.00,0.00,0.00,5540.00,0.00
31312374884749268,20120728,5540.00,5540.00,0,0,0.00,0.00,0.00,5540.00,0.00
31312374884749268,20120729,5540.00,5540.00,0,0,0.00,0.00,0.00,5540.00,0.00
31312374884749268,20120730,5540.00,5540.00,0,0,0.00,0.00,0.00,5540.00,0.00
31312374884749268,20120731,5540.00,5540.00,0,0,0.00,0.00,0.00,5540.00,0.00
31312374884749268,20120801,5540.00,5540.00,0,0,0.00,0.00,0.00,5540.00,0.00
31312374884749268,20120804,5540.00,5540.00,0,0,0.00,0.00,0.00,5540.00,0.00
31312374884749268,20120805,5540.00,5540.00,0,0,0.00,0.00,0.00,5540.00,0.00
31312374884749268,20120806,5540.00,5540.00,0,0,0.00,0.00,0.00,5540.00,0.00
31312374884749268,20120807,5540.00,5540.00,0,0,0.00,0.00,0.00,5540.00,0.00
31312374884749268,20120808,5540.00,5540.00,0,0,0.00,0.00,0.00,5540.00,0.00
31312374884749268,20120811,5540.00,5540.00,0,0,0.00,0.00,0.00,5540.00,0.00
31312374884749268,20120812,5540.00,5540.00,0,0,0.00,0.00,0.00,5540.00,0.00
31312374884749268,20120813,5540.00,5540.00,0,0,0.00,0.00,0.00,5540.00,0.00
31312374884749268,20120814,5540.00,5540.00,0,0,0.00,0.00,0.00,5540.00,0.00
31312374884749268,20120815,5540.00,5540.00,0,0,0.00,0.00,0.00,5540.00,0.00
31312374884749268,20120818,5540.00,5540.00,0,0,0.00,0.00,0.00,5540.00,0.00
31312374884749268,20120821,5540.00,5540.00,0,0,0.00,0.00,0.00,5540.00,0.00
31312374884749268,20120822,5540.00,5540.00,0,0,0.00,0.00,0.00,5540.00,0.00
31312374884749268,20120825,5540.00,5540.00,0,0,0.00,0.00,0.00,5540.00,0.00
31312374884749268,20120826,5540.00,5540.00,0,0,0.00,0.00,0.00,5540.00,0.00
31312374884749268,20120827,5540.00,5540.00,0,0,0.00,0.00,0.00,5540.00,0.00
31312374884749268,20120902,5540.00,5540.00,0,0,0.00,0.00,0.00,5540.00,0.00
31312374884749268,20120903,5540.00,5540.00,0,0,0.00,0.00,0.00,5540.00,0.00
31312374884749268,20120904,5540.00,5540.00,0,0,0.00,0.00,0.00,5540.00,0.00
31312374884749268,20120905,5540.00,5540.00,0,0,0.00,0.00,0.00,5540.00,0.00
31312374884749268,20120908,5540.00,5540.00,0,0,0.00,0.00,0.00,5540.00,0.00
31312374884749268,20120909,5540.00,5540.00,0,0,0.00,0.00,0.00,5540.00,0.00
31312374884749268,20120910,5540.00,5540.00,0,0,0.00,0.00,0.00,5540.00,0.00
31312374884749268,20120911,5540.00,5540.00,0,0,0.00,0.00,0.00,5540.00,0.00
31312374884749268,20120915,5540.00,5540.00,0,0,0.00,0.00,0.00,5540.00,0.00
31312374884749268,20120916,5540.00,5540.00,0,0,0.00,0.00,0.00,5540.00,0.00
31312374884749268,20120917,5540.00,5540.00,0,0,0.00,0.00,0.00,5540.00,0.00
31312374884749268,20120918,5540.00,5540.00,0,0,0.00,0.00,0.00,5540.00,0.00
31312374884749268,20120919,5540.00,5540.00,0,0,0.00,0.00,0.00,5540.00,0.00
31312374884749268,20120922,5540.00,5540.00,0,0,0.00,0.00,0.00,5540.00,0.00
31312374884749268,20120923,5540.00,5540.00,0,0,0.00,0.00,0.00,5540.00,0.00
31312374884749268,20120924,5540.00,5540.00,0,0,0.00,0.00,0.00,5540.00,0.00
31312374884749268,20120925,5540.00,5540.00,0,0,0.00,0.00,0.00,5540.00,0.00
31312374884749268,20120926,5540.00,5540.00,0,0,0.00,0.00,0.00,5540.00,0.00
31312374884749268,20120929,5540.00,5540.00,0,0,0.00,0.00,0.00,5540.00,0.00
31312374884749268,20120930,5540.00,5540.00,0,0,0.00,0.00,0.00,5540.00,0.00
31312374884749268,20121001,5540.00,5540.00,0,0,0.00,0.00,0.00,5540.00,0.00
31312374884749268,20121002,5540.00,5540.00,0,0,0.00,0.00,0.00,5540.00,0.00
31312374884749268,20121003,5540.00,5540.00,0,0,0.00,0.00,0.00,5540.00,0.00
31312374884749268,20121006,5540.00,5540.00,0,0,0.00,0.00,0.00,5540.00,0.00
31312374884749268,20121007,5540.00,5540.00,0,0,0.00,0.00,0.00,5540.00,0.00
31312374884749268,20121008,5540.00,5540.00,0,0,0.00,0.00,0.00,5540.00,0.00
31312374884749268,20121009,5540.00,5540.00,0,0,0.00,0.00,0.00,5540.00,0.00
31312374884749268,20121010,5540.00,5540.00,0,0,0.00,0.00,0.00,5540.00,0.00
31312374884749268,20121013,5540.00,5540.00,0,0,0.00,0.00,0.00,5540.00,0.00
31312374884749268,20121014,5540.00,5540.00,0,0,0.00,0.00,0.00,5540.00,0.00
31312374884749268,20121015,5540.00,5540.00,0,0,0.00,0.00,0.00,5540.00,0.00
31312374884749268,20121016,5540.00,5540.00,0,0,0.00,0.00,0.00,5540.00,0.00
31312374884749268,20121017,5540.00,5540.00,0,0,0.00,0.00,0.00,5540.00,0.00
31312374884749268,20121020,5540.00,5540.00,0,0,0.00,0.00,0.00,5540.00,0.00
31312374884749268,20121021,5540.00,5540.00,0,0,0.00,0.00,0.00,5540.00,0.00
31312374884749268,20121022,5540.00,5540.00,0,0,0.00,0.00,0.00,5540.00,0.00
31312374884749268,20121023,5540.00,5540.00,0,0,0.00,0.00,0.00,5540.00,0.00
31312374884749268,20121024,5540.00,5540.00,0,0,0.00,0.00,0.00,5540.00,0.00
31312374884749268,20121027,5540.00,5540.00,0,0,0.00,0.00,0.00,5540.00,0.00
31312374884749268,20121028,5540.00,5540.00,0,0,0.00,0.00,0.00,5540.00,0.00
31312374884749268,20121029,5540.00,5540.00,0,0,0.00,0.00,0.00,5540.00,0.00
31312374884749268,20121030,5540.00,5540.00,0,0,0.00,0.00,0.00,5540.00,0.00
31312374884749268,20121031,5540.00,5540.00,0,0,0.00,0.00,0.00,5540.00,0.00
31312374884749268,20121104,5540.00,5540.00,0,0,0.00,0.00,0.00,5540.00,0.00
31312374884749268,20121105,5540.00,5540.00,0,0,0.00,0.00,0.00,5540.00,0.00
31312374884749268,20121106,5540.00,5540.00,0,0,0.00,0.00,0.00,5540.00,0.00
31312374884749268,20121107,5540.00,5540.00,0,0,0.00,0.00,0.00,5540.00,0.00
31312374884749268,20121110,5540.00,5540.00,0,0,0.00,0.00,0.00,5540.00,0.00
31312374884749268,20121111,5540.00,5540.00,0,0,0.00,0.00,0.00,5540.00,0.00
31312374884749268,20121112,5540.00,5540.00,0,0,0.00,0.00,0.00,5540.00,0.00
31312374884749268,20121113,5540.00,5540.00,0,0,0.00,0.00,0.00,5540.00,0.00
31312374884749268,20121114,5540.00,5540.00,0,0,0.00,0.00,0.00,5540.00,0.00
31312374884749268,20121117,5540.00,5540.00,0,0,0.00,0.00,0.00,5540.00,0.00
31312374884749268,20121118,5540.00,5540.00,0,0,0.00,0.00,0.00,5540.00,0.00
31312374884749268,20121119,5540.00,5540.00,0,0,0.00,0.00,0.00,5540.00,0.00
31312374884749268,20121120,5540.00,5540.00,0,0,0.00,0.00,0.00,5540.00,0.00
31312374884749268,20121121,5540.00,5540.00,0,0,0.00,0.00,0.00,5540.00,0.00
31312374884749268,20121126,5540.00,5540.00,0,0,0.00,0.00,0.00,5540.00,0.00
31312374884749268,20121127,5540.00,5540.00,0,0,0.00,0.00,0.00,5540.00,0.00
31312374884749268,20121128,5540.00,5540.00,0,0,0.00,0.00,0.00,5540.00,0.00
31312374884749268,20121201,5540.00,5540.00,0,0,0.00,0.00,0.00,5540.00,0.00
31312374884749268,20121202,5540.00,5540.00,0,0,0.00,0.00,0.00,5540.00,0.00
31312374884749268,20121203,5540.00,5540.00,0,0,0.00,0.00,0.00,5540.00,0.00
31312374884749268,20121204,5540.00,5540.00,0,0,0.00,0.00,0.00,5540.00,0.00
31312374884749268,20121205,5540.00,5540.00,0,0,0.00,0.00,0.00,5540.00,0.00
31312374884749268,20121208,5540.00,5540.00,0,0,0.00,0.00,0.00,5540.00,0.00
31312374884749268,20121209,5540.00,5540.00,0,0,0.00,0.00,0.00,5540.00,0.00
31312374884749268,20121210,5540.00,5540.00,0,0,0.00,0.00,0.00,5540.00,0.00
31312374884749268,20121211,5540.00,5540.00,0,0,0.00,0.00,0.00,5540.00,0.00
31312374884749268,20121212,5540.00,5540.00,0,0,0.00,0.00,0.00,5540.00,0.00
31312374884749268,20121215,5540.00,5540.00,0,0,0.00,0.00,0.00,5540.00,0.00
31312374884749268,20121216,5540.00,5540.00,0,0,0.00,0.00,0.00,5540.00,0.00
31312374884749268,20121217,5540.00,5540.00,0,0,0.00,0.00,0.00,5540.00,0.00
31312374884749268,20121218,5540.00,5540.00,0,0,0.00,0.00,0.00,5540.00,0.00
31312374884749268,20121219,5540.00,5540.00,0,0,0.00,0.00,0.00,5540.00,0.00
31312374884749268,20121222,5540.00,5540.00,0,0,0.00,0.00,0.00,5540.00,0.00
31312374884749268,20121223,5540.00,5540.00,0,0,0.00,0.00,0.00,5540.00,0.00
31312374884749268,20121224,5540.00,5540.00,0,0,0.00,0.00,0.00,5540.00,0.00
31312374884749268,20121225,5540.00,5540.00,0,0,0.00,0.00,0.00,5540.00,0.00
31312374884749268,20121226,5540.00,5540.00,0,0,0.00,0.00,0.00,5540.00,0.00
31312374884749268,20121229,5540.00,5540.00,0,0,0.00,0.00,0.00,5540.00,0.00
31312374884749268,20121230,5540.00,5540.00,0,0,0.00,0.00,0.00,5540.00,0.00
31312374884749268,20121231,5540.00,5540.00,0,0,0.00,0.00,0.00,5540.00,0.00
31312374884749268,20130101,5540.00,5540.00,0,0,0.00,0.00,0.00,5540.00,0.00
31312374884749268,20130102,5540.00,5540.00,0,0,0.00,0.00,0.00,5540.00,0.00
31312374884749268,20130106,5540.00,5540.00,0,0,0.00,0.00,0.00,5540.00,0.00
31312374884749268,20130107,5540.00,5540.00,0,0,0.00,0.00,0.00,5540.00,0.00
31312374884749268,20130108,5540.00,5540.00,0,0,0.00,0.00,0.00,5540.00,0.00
31312374884749268,20130109,5540.00,5540.00,0,0,0.00,0.00,0.00,5540.00,0.00
31312374884749268,20130113,5540.00,5540.00,0,0,0.00,0.00,0.00,5540.00,0.00
31312374884749268,20130114,5540.00,5540.00,0,0,0.00,0.00,0.00,5540.00,0.00
31312374884749268,20130115,5540.00,5540.00,0,0,0.00,0.00,0.00,5540.00,0.00
31312374884749268,20130116,5540.00,5540.00,0,0,0.00,0.00,0.00,5540.00,0.00
31312374884749268,20130119,5540.00,5540.00,0,0,0.00,0.00,0.00,5540.00,0.00
31312374884749268,20130120,5540.00,5540.00,0,0,0.00,0.00,0.00,5540.00,0.00
31312374884749268,20130121,5540.00,5540.00,0,0,0.00,0.00,0.00,5540.00,0.00
31312374884749268,20130122,5540.00,5540.00,0,0,0.00,0.00,0.00,5540.00,0.00
31312374884749268,20130123,5540.00,5540.00,0,0,0.00,0.00,0.00,5540.00,0.00
31312374884749268,20130126,5540.00,5540.00,0,0,0.00,0.00,0.00,5540.00,0.00
31312374884749268,20130127,5540.00,5540.00,0,0,0.00,0.00,0.00,5540.00,0.00
31312374884749268,20130128,5540.00,5540.00,0,0,0.00,0.00,0.00,5540.00,0.00
31312374884749268,20130130,5540.00,5540.00,0,0,0.00,0.00,0.00,5540.00,0.00
31312374884749268,20130202,5540.00,5540.00,0,0,0.00,0.00,0.00,5540.00,0.00
31312374884749268,20130203,5540.00,5540.00,0,0,0.00,0.00,0.00,5540.00,0.00
31312374884749268,20130204,5540.00,5540.00,0,0,0.00,0.00,0.00,5540.00,0.00
31312374884749268,20130205,5540.00,5540.00,0,0,0.00,0.00,0.00,5540.00,0.00
31312374884749268,20130206,5540.00,5540.00,0,0,0.00,0.00,0.00,5540.00,0.00
31312374884749268,20130209,5540.00,5540.00,0,0,0.00,0.00,0.00,5540.00,0.00
31312374884749268,20130211,5540.00,5540.00,0,0,0.00,0.00,0.00,5540.00,0.00
31312374884749268,20130212,5540.00,5540.00,0,0,0.00,0.00,0.00,5540.00,0.00
31312374884749268,20130213,5540.00,5540.00,0,0,0.00,0.00,0.00,5540.00,0.00
31312374884749268,20130216,5540.00,5540.00,0,0,0.00,0.00,0.00,5540.00,0.00
31312374884749268,20130217,5540.00,5540.00,0,0,0.00,0.00,0.00,5540.00,0.00
31312374884749268,20130218,5540.00,5540.00,0,0,0.00,0.00,0.00,5540.00,0.00
31312374884749268,20130219,5540.00,5540.00,0,0,0.00,0.00,0.00,5540.00,0.00
31312374884749268,20130220,5540.00,5540.00,0,0,0.00,0.00,0.00,5540.00,0.00
31312374884749268,20130223,5540.00,5540.00,0,0,0.00,0.00,0.00,5540.00,0.00
31312374884749268,20130224,5540.00,5540.00,0,0,0.00,0.00,0.00,5540.00,0.00
31312374884749268,20130225,5540.00,5540.00,0,0,0.00,0.00,0.00,5540.00,0.00
31312374884749268,20130226,5540.00,5540.00,0,0,0.00,0.00,0.00,5540.00,0.00
31312374884749268,20130227,5540.00,5540.00,0,0,0.00,0.00,0.00,5540.00,0.00
31312374884749268,20130302,5540.00,5540.00,0,0,0.00,0.00,0.00,5540.00,0.00
31312374884749268,20130303,5540.00,5540.00,0,0,0.00,0.00,0.00,5540.00,0.00
31312374884749268,20130304,5540.00,5540.00,0,0,0.00,0.00,0.00,5540.00,0.00
31312374884749268,20130305,5540.00,5540.00,0,0,0.00,0.00,0.00,5540.00,0.00
31312374884749268,20130306,5540.00,5540.00,0,0,0.00,0.00,0.00,5540.00,0.00
31312374884749268,20130309,5540.00,5540.00,0,0,0.00,0.00,0.00,5540.00,0.00
31312374884749268,20130310,5540.00,5540.00,0,0,0.00,0.00,0.00,5540.00,0.00
31312374884749268,20130311,5540.00,5540.00,0,0,0.00,0.00,0.00,5540.00,0.00
31312374884749268,20130312,5540.00,5540.00,0,0,0.00,0.00,0.00,5540.00,0.00
31312374884749268,20130313,5540.00,5540.00,0,0,0.00,0.00,0.00,5540.00,0.00
31312374884749268,20130316,5540.00,5540.00,0,0,0.00,0.00,0.00,5540.00,0.00
31312374884749268,20130317,5540.00,5540.00,0,0,0.00,0.00,0.00,5540.00,0.00
31312374884749268,20130318,5540.00,5540.00,0,0,0.00,0.00,0.00,5540.00,0.00
31312374884749268,20130325,5540.00,5540.00,0,0,0.00,0.00,0.00,5540.00,0.00
31312374884749268,20130326,5540.00,5540.00,0,0,0.00,0.00,0.00,5540.00,0.00
31312374884749268,20130327,5540.00,5540.00,0,0,0.00,0.00,0.00,5540.00,0.00
31312374884749268,20130330,5540.00,5540.00,0,0,0.00,0.00,0.00,5540.00,0.00
31312374884749268,20130331,5540.00,5540.00,0,0,0.00,0.00,0.00,5540.00,0.00
31312374884749268,20130403,5540.00,5540.00,0,0,0.00,0.00,0.00,5540.00,0.00
31312374884749268,20130406,5540.00,5540.00,0,0,0.00,0.00,0.00,5540.00,0.00
31312374884749268,20130407,5540.00,5540.00,0,0,0.00,0.00,0.00,5540.00,0.00
31312374884749268,20130408,5540.00,5540.00,0,0,0.00,0.00,0.00,5540.00,0.00
31312374884749268,20130409,5540.00,5540.00,0,0,0.00,0.00,0.00,5540.00,0.00
31312374884749268,20130410,5540.00,5540.00,0,0,0.00,0.00,0.00,5540.00,0.00
31312374884749268,20130413,5540.00,5540.00,0,0,0.00,0.00,0.00,5540.00,0.00
31312374884749268,20130415,5540.00,5540.00,0,0,0.00,0.00,0.00,5540.00,0.00
31312374884749268,20130416,5540.00,5540.00,0,0,0.00,0.00,0.00,5540.00,0.00
31312374884749268,20130417,5540.00,5540.00,0,0,0.00,0.00,0.00,5540.00,0.00
31312374884749268,20130420,5540.00,5540.00,0,0,0.00,0.00,0.00,5540.00,0.00
31312374884749268,20130421,5540.00,5540.00,0,0,0.00,0.00,0.00,5540.00,0.00
31312374884749268,20130422,5540.00,5540.00,0,0,0.00,0.00,0.00,5540.00,0.00
31312374884749268,20130423,5540.00,5540.00,0,0,0.00,0.00,0.00,5540.00,0.00
31312374884749268,20130424,5540.00,5540.00,0,0,0.00,0.00,0.00,5540.00,0.00
31312374884749268,20130427,5540.00,5540.00,0,0,0.00,0.00,0.00,5540.00,0.00
31312374884749268,20130428,5540.00,5540.00,0,0,0.00,0.00,0.00,5540.00,0.00
31312374884749268,20130429,5540.00,5540.00,0,0,0.00,0.00,0.00,5540.00,0.00
31312374884749268,20130430,5540.00,5540.00,0,0,0.00,0.00,0.00,5540.00,0.00
31312374884749268,20130501,5540.00,5540.00,0,0,0.00,0.00,0.00,5540.00,0.00
31312374884749268,20130504,5540.00,5540.00,0,0,0.00,0.00,0.00,5540.00,0.00
31312374884749268,20130505,5540.00,5540.00,0,0,0.00,0.00,0.00,5540.00,0.00
31312374884749268,20130506,5540.00,5540.00,0,0,0.00,0.00,0.00,5540.00,0.00
31312374884749268,20130507,5540.00,5540.00,0,0,0.00,0.00,0.00,5540.00,0.00
31312374884749268,20130508,5540.00,5540.00,0,0,0.00,0.00,0.00,5540.00,0.00
31312374884749268,20130511,5540.00,5540.00,0,0,0.00,0.00,0.00,5540.00,0.00
31312374884749268,20130512,5540.00,5540.00,0,0,0.00,0.00,0.00,5540.00,0.00
31312374884749268,20130513,5540.00,5540.00,0,0,0.00,0.00,0.00,5540.00,0.00
31312374884749268,20130514,5540.00,5540.00,0,0,0.00,0.00,0.00,5540.00,0.00
31312374884749268,20130515,5540.00,5540.00,0,0,0.00,0.00,0.00,5540.00,0.00
31312374884749268,20130518,5540.00,5540.00,0,0,0.00,0.00,0.00,5540.00,0.00
31312374884749268,20130519,5540.00,5540.00,0,0,0.00,0.00,0.00,5540.00,0.00
31312374884749268,20130520,5540.00,5540.00,0,0,0.00,0.00,0.00,5540.00,0.00
31312374884749268,20130521,5540.00,5540.00,0,0,0.00,0.00,0.00,5540.00,0.00
31312374884749268,20130522,5540.00,5540.00,0,0,0.00,0.00,0.00,5540.00,0.00
31312374884749268,20130525,5540.00,5540.00,0,0,0.00,0.00,0.00,5540.00,0.00
31312374884749268,20130526,5540.00,5540.00,0,0,0.00,0.00,0.00,5540.00,0.00
31312374884749268,20130527,5540.00,5540.00,0,0,0.00,0.00,0.00,5540.00,0.00
31312374884749268,20130528,5540.00,5540.00,0,0,0.00,0.00,0.00,5540.00,0.00
31312374884749268,20130529,5540.00,5540.00,0,0,0.00,0.00,0.00,5540.00,0.00
31312374884749268,20130601,5540.00,5540.00,0,0,0.00,0.00,0.00,5540.00,0.00
31312374884749268,20130602,5540.00,5540.00,0,0,0.00,0.00,0.00,5540.00,0.00
31312374884749268,20130603,5540.00,5540.00,0,0,0.00,0.00,0.00,5540.00,0.00
31312374884749268,20130608,5540.00,5540.00,0,0,0.00,0.00,0.00,5540.00,0.00
31312374884749268,20130609,5540.00,5540.00,0,0,0.00,0.00,0.00,5540.00,0.00
31312374884749268,20130610,5540.00,5540.00,0,0,0.00,0.00,0.00,5540.00,0.00
31312374884749268,20130611,5540.00,5540.00,0,0,0.00,0.00,0.00,5540.00,0.00
31312374884749268,20130612,5540.00,5540.00,0,0,0.00,0.00,0.00,5540.00,0.00
31312374884749268,20130615,5540.00,5540.00,0,0,0.00,0.00,0.00,5540.00,0.00
31312374884749268,20130616,5540.00,5540.00,0,0,0.00,0.00,0.00,5540.00,0.00
31312374884749268,20130617,5540.00,5540.00,0,0,0.00,0.00,0.00,5540.00,0.00
31312374884749268,20130618,5540.00,5540.00,0,0,0.00,0.00,0.00,5540.00,0.00
31312374884749268,20130619,5540.00,5540.00,0,0,0.00,0.00,0.00,5540.00,0.00
31312374884749268,20130622,5540.00,5540.00,0,0,0.00,0.00,0.00,5540.00,0.00
31312374884749268,20130623,5540.00,5540.00,0,0,0.00,0.00,0.00,5540.00,0.00
31312374884749268,20130625,5540.00,5540.00,0,0,0.00,0.00,0.00,5540.00,0.00
31312374884749268,20130626,5540.00,5540.00,0,0,0.00,0.00,0.00,5540.00,0.00
31312374884749268,20130629,5540.00,5540.00,0,0,0.00,0.00,0.00,5540.00,0.00
31312374884749268,20130630,5540.00,5540.00,0,0,0.00,0.00,0.00,5540.00,0.00
31312374884749268,20130701,5540.00,5540.00,0,0,0.00,0.00,0.00,5540.00,0.00
31312374884749268,20130702,5540.00,5540.00,0,0,0.00,0.00,0.00,5540.00,0.00
31312374884749268,20130703,5540.00,5540.00,0,0,0.00,0.00,0.00,5540.00,0.00
31312374884749268,20130706,5540.00,5540.00,0,0,0.00,0.00,0.00,5540.00,0.00
31312374884749268,20130707,5540.00,5540.00,0,0,0.00,0.00,0.00,5540.00,0.00
31312374884749268,20130708,5540.00,5540.00,0,0,0.00,0.00,0.00,5540.00,0.00
31312374884749268,20130709,5540.00,5540.00,0,0,0.00,0.00,0.00,5540.00,0.00
31312374884749268,20130710,5540.00,5540.00,0,0,0.00,0.00,0.00,5540.00,0.00
31312374884749268,20130713,5540.00,5540.00,0,0,0.00,0.00,0.00,5540.00,0.00
31312374884749268,20130714,5540.00,5540.00,0,0,0.00,0.00,0.00,5540.00,0.00
31312374884749268,20130715,5540.00,5540.00,0,0,0.00,0.00,0.00,5540.00,0.00
31312374884749268,20130716,5540.00,5540.00,0,0,0.00,0.00,0.00,5540.00,0.00
31312374884749268,20130717,5540.00,5540.00,0,0,0.00,0.00,0.00,5540.00,0.00
31312374884749268,20130720,5540.00,5540.00,0,0,0.00,0.00,0.00,5540.00,0.00
31312374884749268,20130721,5540.00,5540.00,0,0,0.00,0.00,0.00,5540.00,0.00
31312374884749268,20130722,5540.00,5540.00,0,0,0.00,0.00,0.00,5540.00,0.00
31312374884749268,20130723,5540.00,5540.00,0,0,0.00,0.00,0.00,5540.00,0.00
31312374884749268,20130724,5540.00,5540.00,0,0,0.00,0.00,0.00,5540.00,0.00
31312374884749268,20130727,5540.00,5540.00,0,0,0.00,0.00,0.00,5540.00,0.00
31312374884749268,20130728,5540.00,5540.00,0,0,0.00,0.00,0.00,5540.00,0.00
31312374884749268,20130729,5540.00,5540.00,0,0,0.00,0.00,0.00,5540.00,0.00
31312374884749268,20130731,5540.00,5540.00,0,0,0.00,0.00,0.00,5540.00,0.00
31312374884749268,20130803,5540.00,5540.00,0,0,0.00,0.00,0.00,5540.00,0.00
31312374884749268,20130804,5540.00,5540.00,0,0,0.00,0.00,0.00,5540.00,0.00
31312374884749268,20130805,5540.00,5540.00,0,0,0.00,0.00,0.00,5540.00,0.00
31312374884749268,20130806,5540.00,5540.00,0,0,0.00,0.00,0.00,5540.00,0.00
31312374884749268,20130807,5540.00,5540.00,0,0,0.00,0.00,0.00,5540.00,0.00
31312374884749268,20130811,5540.00,5540.00,0,0,0.00,0.00,0.00,5540.00,0.00
31312374884749268,20130812,5540.00,5540.00,0,0,0.00,0.00,0.00,5540.00,0.00
31312374884749268,20130813,5540.00,5540.00,0,0,0.00,0.00,0.00,5540.00,0.00
31312374884749268,20130814,5540.00,5540.00,0,0,0.00,0.00,0.00,5540.00,0.00
31312374884749268,20130817,5540.00,5540.00,0,0,0.00,0.00,0.00,5540.00,0.00
31312374884749268,20130818,5540.00,5540.00,0,0,0.00,0.00,0.00,5540.00,0.00
31312374884749268,20130819,5540.00,5540.00,0,0,0.00,0.00,0.00,5540.00,0.00
31312374884749268,20130820,5540.00,5540.00,0,0,0.00,0.00,0.00,5540.00,0.00
31312374884749268,20130821,5540.00,5540.00,0,0,0.00,0.00,0.00,5540.00,0.00
31312374884749268,20130824,5540.00,5540.00,0,0,0.00,0.00,0.00,5540.00,0.00
31312374884749268,20130825,5540.00,5540.00,0,0,0.00,0.00,0.00,5540.00,0.00
31312374884749268,20130826,5540.00,5540.00,0,0,0.00,0.00,0.00,5540.00,0.00
31312374884749268,20130827,5540.00,5540.00,0,0,0.00,0.00,0.00,5540.00,0.00
31312374884749268,20130828,5540.00,5540.00,0,0,0.00,0.00,0.00,5540.00,0.00
31312374884749268,20130831,5540.00,5540.00,0,0,0.00,0.00,0.00,5540.00,0.00
31312374884749268,20130901,5540.00,5540.00,0,0,0.00,0.00,0.00,5540.00,0.00
31312374884749268,20130903,5540.00,5540.00,0,0,0.00,0.00,0.00,5540.00,0.00
31312374884749268,20130904,5540.00,5540.00,0,0,0.00,0.00,0.00,5540.00,0.00
31312374884749268,20130907,5540.00,5540.00,0,0,0.00,0.00,0.00,5540.00,0.00
31312374884749268,20130908,5540.00,5540.00,0,0,0.00,0.00,0.00,5540.00,0.00
31312374884749268,20130909,5540.00,5540.00,0,0,0.00,0.00,0.00,5540.00,0.00
31312374884749268,20130910,5540.00,5540.00,0,0,0.00,0.00,0.00,5540.00,0.00
31312374884749268,20130911,5540.00,5540.00,0,0,0.00,0.00,0.00,5540.00,0.00
31312374884749268,20130914,5540.00,5540.00,0,0,0.00,0.00,0.00,5540.00,0.00
31312374884749268,20130915,5540.00,5540.00,0,0,0.00,0.00,0.00,5540.00,0.00
31312374884749268,20130916,5540.00,5540.00,0,0,0.00,0.00,0.00,5540.00,0.00
31312374884749268,20130917,5540.00,5540.00,0,0,0.00,0.00,0.00,5540.00,0.00
31312374884749268,20130918,5540.00,5540.00,0,0,0.00,0.00,0.00,5540.00,0.00
31312374884749268,20130921,5540.00,5540.00,0,0,0.00,0.00,0.00,5540.00,0.00
31312374884749268,20130922,5540.00,5540.00,0,0,0.00,0.00,0.00,5540.00,0.00
31312374884749268,20130923,5540.00,5540.00,0,0,0.00,0.00,0.00,5540.00,0.00
31312374884749268,20130924,5540.00,5540.00,0,0,0.00,0.00,0.00,5540.00,0.00
31312374884749268,20130925,5540.00,5540.00,0,0,0.00,0.00,0.00,5540.00,0.00
31312374884749268,20130928,5540.00,5540.00,0,0,0.00,0.00,0.00,5540.00,0.00
31312374884749268,20130929,5540.00,5540.00,0,0,0.00,0.00,0.00,5540.00,0.00
31312374884749268,20130930,5540.00,5540.00,0,0,0.00,0.00,0.00,5540.00,0.00
31312374884749268,20131001,5540.00,5540.00,0,0,0.00,0.00,0.00,5540.00,0.00
31312374884749268,20131002,5540.00,5540.00,0,0,0.00,0.00,0.00,5540.00,0.00
31312374884749268,20131005,5540.00,5540.00,0,0,0.00,0.00,0.00,5540.00,0.00
31312374884749268,20131006,5540.00,5540.00,0,0,0.00,0.00,0.00,5540.00,0.00
31312374884749268,20131007,5540.00,5540.00,0,0,0.00,0.00,0.00,5540.00,0.00
31312374884749268,20131008,5540.00,5540.00,0,0,0.00,0.00,0.00,5540.00,0.00
31312374884749268,20131009,5540.00,5540.00,0,0,0.00,0.00,0.00,5540.00,0.00
31312374884749268,20131012,5540.00,5540.00,0,0,0.00,0.00,0.00,5540.00,0.00
31312374884749268,20131013,5540.00,5540.00,0,0,0.00,0.00,0.00,5540.00,0.00
31312374884749268,20131014,5540.00,5540.00,0,0,0.00,0.00,0.00,5540.00,0.00
31312374884749268,20131015,5540.00,5540.00,0,0,0.00,0.00,0.00,5540.00,0.00
31312374884749268,20131019,5540.00,5540.00,0,0,0.00,0.00,0.00,5540.00,0.00
31312374884749268,20131020,5540.00,5540.00,0,0,0.00,0.00,0.00,5540.00,0.00
31312374884749268,20131021,5540.00,5540.00,0,0,0.00,0.00,0.00,5540.00,0.00
31312374884749268,20131022,5540.00,5540.00,0,0,0.00,0.00,0.00,5540.00,0.00
31312374884749268,20131023,5540.00,5540.00,0,0,0.00,0.00,0.00,5540.00,0.00
31312374884749268,20131026,5540.00,5540.00,0,0,0.00,0.00,0.00,5540.00,0.00
31312374884749268,20131027,5540.00,5540.00,0,0,0.00,0.00,0.00,5540.00,0.00
31312374884749268,20131028,5540.00,5540.00,0,0,0.00,0.00,0.00,5540.00,0.00
31312374884749268,20131029,5540.00,5540.00,0,0,0.00,0.00,0.00,5540.00,0.00
31312374884749268,20131030,5540.00,5540.00,0,0,0.00,0.00,0.00,5540.00,0.00
31312374884749268,20131102,5540.00,5540.00,0,0,0.00,0.00,0.00,5540.00,0.00
31312374884749268,20131103,5540.00,5540.00,0,0,0.00,0.00,0.00,5540.00,0.00
31312374884749268,20131104,5540.00,5540.00,0,0,0.00,0.00,0.00,5540.00,0.00
31312374884749268,20131105,5540.00,5540.00,0,0,0.00,0.00,0.00,5540.00,0.00
31312374884749268,20131106,5540.00,5540.00,0,0,0.00,0.00,0.00,5540.00,0.00
31312374884749268,20131109,5540.00,5540.00,0,0,0.00,0.00,0.00,5540.00,0.00
31312374884749268,20131110,5540.00,5540.00,0,0,0.00,0.00,0.00,5540.00,0.00
31312374884749268,20131111,5540.00,5540.00,0,0,0.00,0.00,0.00,5540.00,0.00
31312374884749268,20131112,5540.00,5540.00,0,0,0.00,0.00,0.00,5540.00,0.00
31312374884749268,20131116,5540.00,5540.00,0,0,0.00,0.00,0.00,5540.00,0.00
31312374884749268,20131117,5540.00,5540.00,0,0,0.00,0.00,0.00,5540.00,0.00
31312374884749268,20131118,5540.00,5540.00,0,0,0.00,0.00,0.00,5540.00,0.00
31312374884749268,20131119,5540.00,5540.00,0,0,0.00,0.00,0.00,5540.00,0.00
31312374884749268,20131120,5540.00,5540.00,0,0,0.00,0.00,0.00,5540.00,0.00
31312374884749268,20131123,5540.00,5540.00,0,0,0.00,0.00,0.00,5540.00,0.00
31312374884749268,20131124,5540.00,5540.00,0,0,0.00,0.00,0.00,5540.00,0.00
31312374884749268,20131125,5540.00,5540.00,0,0,0.00,0.00,0.00,5540.00,0.00
31312374884749268,20131126,5540.00,5540.00,0,0,0.00,0.00,0.00,5540.00,0.00
31312374884749268,20131127,5540.00,5540.00,0,0,0.00,0.00,0.00,5540.00,0.00
31312374884749268,20131130,5540.00,5540.00,0,0,0.00,0.00,0.00,5540.00,0.00
31312374884749268,20131201,5540.00,5540.00,0,0,0.00,0.00,0.00,5540.00,0.00
31312374884749268,20131202,5540.00,5540.00,0,0,0.00,0.00,0.00,5540.00,0.00
31312374884749268,20131203,5540.00,5540.00,0,0,0.00,0.00,0.00,5540.00,0.00
31312374884749268,20131204,5540.00,5540.00,0,0,0.00,0.00,0.00,5540.00,0.00
31312374884749268,20131207,5540.00,5540.00,0,0,0.00,0.00,0.00,5540.00,0.00
31312374884749268,20131208,5540.00,5540.00,0,0,0.00,0.00,0.00,5540.00,0.00
31312374884749268,20131209,5540.00,5540.00,0,0,0.00,0.00,0.00,5540.00,0.00
31312374884749268,20131210,5540.00,5540.00,0,0,0.00,0.00,0.00,5540.00,0.00
31312374884749268,20131211,5540.00,5540.00,0,0,0.00,0.00,0.00,5540.00,0.00
31312374884749268,20131214,5540.00,5540.00,0,0,0.00,0.00,0.00,5540.00,0.00
31312374884749268,20131215,5540.00,5540.00,0,0,0.00,0.00,0.00,5540.00,0.00
31312374884749268,20131216,5540.00,5540.00,0,0,0.00,0.00,0.00,5540.00,0.00
31312374884749268,20131217,5540.00,5540.00,0,0,0.00,0.00,0.00,5540.00,0.00
31312374884749268,20131218,5540.00,5540.00,0,0,0.00,0.00,0.00,5540.00,0.00
31312374884749268,20131221,5540.00,5540.00,0,0,0.00,0.00,0.00,5540.00,0.00
31312374884749268,20131222,5540.00,5540.00,0,0,0.00,0.00,0.00,5540.00,0.00
31312374884749268,20131224,5540.00,5540.00,0,0,0.00,0.00,0.00,5540.00,0.00
31312374884749268,20131225,5540.00,5540.00,0,0,0.00,0.00,0.00,5540.00,0.00
31312374884749268,20131228,5540.00,5540.00,0,0,0.00,0.00,0.00,5540.00,0.00
31312374884749268,20131229,5540.00,5540.00,0,0,0.00,0.00,0.00,5540.00,0.00
31312374884749268,20131230,5540.00,5540.00,0,0,0.00,0.00,0.00,5540.00,0.00
31312374884749268,20140101,5540.00,5540.00,0,0,0.00,0.00,0.00,5540.00,0.00
31312374884749268,20140104,5540.00,5540.00,0,0,0.00,0.00,0.00,5540.00,0.00
31312374884749268,20140105,5540.00,5540.00,0,0,0.00,0.00,0.00,5540.00,0.00
31312374884749268,20140106,5540.00,5540.00,0,0,0.00,0.00,0.00,5540.00,0.00
31312374884749268,20140107,5540.00,5540.00,0,0,0.00,0.00,0.00,5540.00,0.00
31312374884749268,20140108,5540.00,5540.00,0,0,0.00,0.00,0.00,5540.00,0.00
31312374884749268,20140111,5540.00,5540.00,0,0,0.00,0.00,0.00,5540.00,0.00
31312374884749268,20140112,5540.00,5540.00,0,0,0.00,0.00,0.00,5540.00,0.00
31312374884749268,20140113,5540.00,5540.00,0,0,0.00,0.00,0.00,5540.00,0.00
31312374884749268,20140114,5540.00,5540.00,0,0,0.00,0.00,0.00,5540.00,0.00
31312374884749268,20140115,5540.00,5540.00,0,0,0.00,0.00,0.00,5540.00,0.00
31312374884749268,20140118,5540.00,5540.00,0,0,0.00,0.00,0.00,5540.00,0.00
31312374884749268,20140120,5540.00,5540.00,0,0,0.00,0.00,0.00,5540.00,0.00
31312374884749268,20140121,5540.00,5540.00,0,0,0.00,0.00,0.00,5540.00,0.00
31312374884749268,20140122,5540.00,5540.00,0,0,0.00,0.00,0.00,5540.00,0.00
31312374884749268,20140125,5540.00,5540.00,0,0,0.00,0.00,0.00,5540.00,0.00
31312374884749268,20140126,5540.00,5540.00,0,0,0.00,0.00,0.00,5540.00,0.00
31312374884749268,20140127,5540.00,5540.00,0,0,0.00,0.00,0.00,5540.00,0.00
31312374884749268,20140128,5540.00,5540.00,0,0,0.00,0.00,0.00,5540.00,0.00
31312374884749268,20140129,5540.00,5540.00,0,0,0.00,0.00,0.00,5540.00,0.00
31312374884749268,20140201,5540.00,5540.00,0,0,0.00,0.00,0.00,5540.00,0.00
31312374884749268,20140202,5540.00,5540.00,0,0,0.00,0.00,0.00,5540.00,0.00
31312374884749268,20140203,5540.00,5540.00,0,0,0.00,0.00,0.00,5540.00,0.00
31312374884749268,20140204,5540.00,5540.00,0,0,0.00,0.00,0.00,5540.00,0.00
31312374884749268,20140205,5540.00,5540.00,0,0,0.00,0.00,0.00,5540.00,0.00
31312374884749268,20140208,5540.00,5540.00,0,0,0.00,0.00,0.00,5540.00,0.00
31312374884749268,20140209,5540.00,5540.00,0,0,0.00,0.00,0.00,5540.00,0.00
31312374884749268,20140210,5540.00,5540.00,0,0,0.00,0.00,0.00,5540.00,0.00
31312374884749268,20140212,5540.00,5540.00,0,0,0.00,0.00,0.00,5540.00,0.00
31312374884749268,20140215,5540.00,5540.00,0,0,0.00,0.00,0.00,5540.00,0.00
31312374884749268,20140216,5540.00,5540.00,0,0,0.00,0.00,0.00,5540.00,0.00
31312374884749268,20140217,5540.00,5540.00,0,0,0.00,0.00,0.00,5540.00,0.00
31312374884749268,20140218,5540.00,5540.00,0,0,0.00,0.00,0.00,5540.00,0.00
31312374884749268,20140219,5540.00,5540.00,0,0,0.00,0.00,0.00,5540.00,0.00
31312374884749268,20140222,5540.00,5540.00,0,0,0.00,0.00,0.00,5540.00,0.00
31312374884749268,20140223,5540.00,5540.00,0,0,0.00,0.00,0.00,5540.00,0.00
31312374884749268,20140224,5540.00,5540.00,0,0,0.00,0.00,0.00,5540.00,0.00
31312374884749268,20140225,5540.00,5540.00,0,0,0.00,0.00,0.00,5540.00,0.00
31312374884749268,20140226,5540.00,5540.00,0,0,0.00,0.00,0.00,5540.00,0.00
31312374884749268,20140301,5540.00,5540.00,0,0,0.00,0.00,0.00,5540.00,0.00
31312374884749268,20140302,5540.00,5540.00,0,0,0.00,0.00,0.00,5540.00,0.00
31312374884749268,20140303,5540.00,5540.00,0,0,0.00,0.00,0.00,5540.00,0.00
31312374884749268,20140304,5540.00,5540.00,0,0,0.00,0.00,0.00,5540.00,0.00
31312374884749268,20140305,5540.00,5540.00,0,0,0.00,0.00,0.00,5540.00,0.00
31312374884749268,20140308,5540.00,5540.00,0,0,0.00,0.00,0.00,5540.00,0.00
31312374884749268,20140309,5540.00,5540.00,0,0,0.00,0.00,0.00,5540.00,0.00
31312374884749268,20140310,5540.00,5540.00,0,0,0.00,0.00,0.00,5540.00,0.00
31312374884749268,20140311,5540.00,5540.00,0,0,0.00,0.00,0.00,5540.00,0.00
31312374884749268,20140312,5540.00,5540.00,0,0,0.00,0.00,0.00,5540.00,0.00
31312374884749268,20140315,5540.00,5540.00,0,0,0.00,0.00,0.00,5540.00,0.00
31312374884749268,20140316,5540.00,5540.00,0,0,0.00,0.00,0.00,5540.00,0.00
31312374884749268,20140317,5540.00,5540.00,0,0,0.00,0.00,0.00,5540.00,0.00
31312374884749268,20140318,5540.00,5540.00,0,0,0.00,0.00,0.00,5540.00,0.00
31312374884749268,20140319,5540.00,5540.00,0,0,0.00,0.00,0.00,5540.00,0.00
31312374884749268,20140325,5540.00,5540.00,0,0,0.00,0.00,0.00,5540.00,0.00
31312374884749268,20140326,5540.00,5540.00,0,0,0.00,0.00,0.00,5540.00,0.00
31312374884749268,20140329,5540.00,5540.00,0,0,0.00,0.00,0.00,5540.00,0.00
31312374884749268,20140330,5540.00,5540.00,0,0,0.00,0.00,0.00,5540.00,0.00
31312374884749268,20140331,5540.00,5540.00,0,0,0.00,0.00,0.00,5540.00,0.00
31312374884749268,20140405,5540.00,5540.00,0,0,0.00,0.00,0.00,5540.00,0.00
31312374884749268,20140406,5540.00,5540.00,0,0,0.00,0.00,0.00,5540.00,0.00
31312374884749268,20140407,5540.00,5540.00,0,0,0.00,0.00,0.00,5540.00,0.00
31312374884749268,20140408,5540.00,5540.00,0,0,0.00,0.00,0.00,5540.00,0.00
31312374884749268,20140409,5540.00,5540.00,0,0,0.00,0.00,0.00,5540.00,0.00
31312374884749268,20140412,5540.00,5540.00,0,0,0.00,0.00,0.00,5540.00,0.00
31312374884749268,20140413,5540.00,5540.00,0,0,0.00,0.00,0.00,5540.00,0.00
31312374884749268,20140414,5540.00,5540.00,0,0,0.00,0.00,0.00,5540.00,0.00
31312374884749268,20140415,5540.00,5540.00,0,0,0.00,0.00,0.00,5540.00,0.00
31312374884749268,20140416,5540.00,5540.00,0,0,0.00,0.00,0.00,5540.00,0.00
31312374884749268,20140419,5540.00,5540.00,0,0,0.00,0.00,0.00,5540.00,0.00
31312374884749268,20140420,5540.00,5540.00,0,0,0.00,0.00,0.00,5540.00,0.00
31312374884749268,20140421,5540.00,5540.00,0,0,0.00,0.00,0.00,5540.00,0.00
31312374884749268,20140422,5540.00,5540.00,0,0,0.00,0.00,0.00,5540.00,0.00
31312374884749268,20140423,5540.00,5540.00,0,0,0.00,0.00,0.00,5540.00,0.00
31312374884749268,20140426,5540.00,5540.00,0,0,0.00,0.00,0.00,5540.00,0.00
31312374884749268,20140427,5540.00,5540.00,0,0,0.00,0.00,0.00,5540.00,0.00
31312374884749268,20140428,5540.00,5540.00,0,0,0.00,0.00,0.00,5540.00,0.00
31312374884749268,20140429,5540.00,5540.00,0,0,0.00,0.00,0.00,5540.00,0.00
31312374884749268,20140430,5540.00,5540.00,0,0,0.00,0.00,0.00,5540.00,0.00
31312374884749268,20140503,5540.00,5540.00,0,0,0.00,0.00,0.00,5540.00,0.00
31312374884749268,20140504,5540.00,5540.00,0,0,0.00,0.00,0.00,5540.00,0.00
31312374884749268,20140505,5540.00,5540.00,0,0,0.00,0.00,0.00,5540.00,0.00
31312374884749268,20140506,5540.00,5540.00,0,0,0.00,0.00,0.00,5540.00,0.00
31312374884749268,20140507,5540.00,5540.00,0,0,0.00,0.00,0.00,5540.00,0.00
31312374884749268,20140510,5540.00,5540.00,0,0,0.00,0.00,0.00,5540.00,0.00
31312374884749268,20140511,5540.00,5540.00,0,0,0.00,0.00,0.00,5540.00,0.00
31312374884749268,20140512,5540.00,5540.00,0,0,0.00,0.00,0.00,5540.00,0.00
31312374884749268,20140514,5540.00,5540.00,0,0,0.00,0.00,0.00,5540.00,0.00
31312374884749268,20140517,5540.00,5540.00,0,0,0.00,0.00,0.00,5540.00,0.00
31312374884749268,20140518,5540.00,5540.00,0,0,0.00,0.00,0.00,5540.00,0.00
31312374884749268,20140519,5540.00,5540.00,0,0,0.00,0.00,0.00,5540.00,0.00
31312374884749268,20140520,5540.00,5540.00,0,0,0.00,0.00,0.00,5540.00,0.00
31312374884749268,20140521,5540.00,5540.00,0,0,0.00,0.00,0.00,5540.00,0.00
31312374884749268,20140524,5540.00,5540.00,0,0,0.00,0.00,0.00,5540.00,0.00
31312374884749268,20140525,5540.00,5540.00,0,0,0.00,0.00,0.00,5540.00,0.00
31312374884749268,20140526,5540.00,5540.00,0,0,0.00,0.00,0.00,5540.00,0.00
31312374884749268,20140528,5540.00,5540.00,0,0,0.00,0.00,0.00,5540.00,0.00
31312374884749268,20140531,5540.00,5540.00,0,0,0.00,0.00,0.00,5540.00,0.00
31312374884749268,20140601,5540.00,5540.00,0,0,0.00,0.00,0.00,5540.00,0.00
31312374884749268,20140602,5540.00,5540.00,0,0,0.00,0.00,0.00,5540.00,0.00
31312374884749268,20140603,5540.00,5540.00,0,0,0.00,0.00,0.00,5540.00,0.00
31312374884749268,20140607,5540.00,5540.00,0,0,0.00,0.00,0.00,5540.00,0.00
31312374884749268,20140608,5540.00,5540.00,0,0,0.00,0.00,0.00,5540.00,0.00
31312374884749268,20140609,5540.00,5540.00,0,0,0.00,0.00,0.00,5540.00,0.00
31312374884749268,20140610,5540.00,5540.00,0,0,0.00,0.00,0.00,5540.00,0.00
31312374884749268,20140611,5540.00,5540.00,0,0,0.00,0.00,0.00,5540.00,0.00
31312374884749268,20140614,5540.00,5540.00,0,0,0.00,0.00,0.00,5540.00,0.00
31312374884749268,20140615,5540.00,5540.00,0,0,0.00,0.00,0.00,5540.00,0.00
31312374884749268,20140616,5540.00,5540.00,0,0,0.00,0.00,0.00,5540.00,0.00
31312374884749268,20140617,5540.00,5540.00,0,0,0.00,0.00,0.00,5540.00,0.00
31312374884749268,20140618,5540.00,5540.00,0,0,0.00,0.00,0.00,5540.00,0.00
31312374884749268,20140621,5540.00,5540.00,0,0,0.00,0.00,0.00,5540.00,0.00
31312374884749268,20140622,5540.00,5540.00,0,0,0.00,0.00,0.00,5540.00,0.00
31312374884749268,20140623,5540.00,5540.00,0,0,0.00,0.00,0.00,5540.00,0.00
31312374884749268,20140624,5540.00,5540.00,0,0,0.00,0.00,0.00,5540.00,0.00
31312374884749268,20140625,5540.00,5540.00,0,0,0.00,0.00,0.00,5540.00,0.00
31312374884749268,20140628,5540.00,5540.00,0,0,0.00,0.00,0.00,5540.00,0.00
31312374884749268,20140629,5540.00,5540.00,0,0,0.00,0.00,0.00,5540.00,0.00
31312374884749268,20140630,5540.00,5540.00,0,0,0.00,0.00,0.00,5540.00,0.00
31312374884749268,20140701,5540.00,5540.00,0,0,0.00,0.00,0.00,5540.00,0.00
31312374884749268,20140702,5540.00,5540.00,0,0,0.00,0.00,0.00,5540.00,0.00
31312374884749268,20140705,5540.00,5540.00,0,0,0.00,0.00,0.00,5540.00,0.00
31312374884749268,20140706,5540.00,5540.00,0,0,0.00,0.00,0.00,5540.00,0.00
31312374884749268,20140707,5540.00,5540.00,0,0,0.00,0.00,0.00,5540.00,0.00
31312374884749268,20140708,5540.00,5540.00,0,0,0.00,0.00,0.00,5540.00,0.00
31312374884749268,20140709,5540.00,5540.00,0,0,0.00,0.00,0.00,5540.00,0.00
31312374884749268,20140712,5540.00,5540.00,0,0,0.00,0.00,0.00,5540.00,0.00
31312374884749268,20140713,5540.00,5540.00,0,0,0.00,0.00,0.00,5540.00,0.00
31312374884749268,20140714,5540.00,5540.00,0,0,0.00,0.00,0.00,5540.00,0.00
31312374884749268,20140715,5540.00,5540.00,0,0,0.00,0.00,0.00,5540.00,0.00
31312374884749268,20140716,5540.00,5540.00,0,0,0.00,0.00,0.00,5540.00,0.00
31312374884749268,20140720,5540.00,5540.00,0,0,0.00,0.00,0.00,5540.00,0.00
31312374884749268,20140721,5540.00,5540.00,0,0,0.00,0.00,0.00,5540.00,0.00
31312374884749268,20140722,5540.00,5540.00,0,0,0.00,0.00,0.00,5540.00,0.00
31312374884749268,20140723,5540.00,5540.00,0,0,0.00,0.00,0.00,5540.00,0.00
31312374884749268,20140726,5540.00,5540.00,0,0,0.00,0.00,0.00,5540.00,0.00
31312374884749268,20140727,5540.00,5540.00,0,0,0.00,0.00,0.00,5540.00,0.00
31312374884749268,20140728,5540.00,5540.00,0,0,0.00,0.00,0.00,5540.00,0.00
31312374884749268,20140802,5540.00,5540.00,0,0,0.00,0.00,0.00,5540.00,0.00
31312374884749268,20140803,5540.00,5540.00,0,0,0.00,0.00,0.00,5540.00,0.00
31312374884749268,20140804,5540.00,5540.00,0,0,0.00,0.00,0.00,5540.00,0.00
31312374884749268,20140805,5540.00,5540.00,0,0,0.00,0.00,0.00,5540.00,0.00
31312374884749268,20140806,5540.00,5540.00,0,0,0.00,0.00,0.00,5540.00,0.00
31312374884749268,20140809,5540.00,5540.00,0,0,0.00,0.00,0.00,5540.00,0.00
31312374884749268,20140810,5540.00,5540.00,0,0,0.00,0.00,0.00,5540.00,0.00
31312374884749268,20140811,5540.00,5540.00,0,0,0.00,0.00,0.00,5540.00,0.00
31312374884749268,20140812,5540.00,5540.00,0,0,0.00,0.00,0.00,5540.00,0.00
31312374884749268,20140813,5540.00,5540.00,0,0,0.00,0.00,0.00,5540.00,0.00
31312374884749268,20140816,5540.00,5540.00,0,0,0.00,0.00,0.00,5540.00,0.00
31312374884749268,20140817,5540.00,5540.00,0,0,0.00,0.00,0.00,5540.00,0.00
31312374884749268,20140818,5540.00,5540.00,0,0,0.00,0.00,0.00,5540.00,0.00
31312374884749268,20140819,5540.00,5540.00,0,0,0.00,0.00,0.00,5540.00,0.00
31312374884749268,20140820,5540.00,5540.00,0,0,0.00,0.00,0.00,5540.00,0.00
31312374884749268,20140823,5540.00,5540.00,0,0,0.00,0.00,0.00,5540.00,0.00
31312374884749268,20140824,5540.00,5540.00,0,0,0.00,0.00,0.00,5540.00,0.00
31312374884749268,20140825,5540.00,5540.00,0,0,0.00,0.00,0.00,5540.00,0.00
31312374884749268,20140826,5540.00,5540.00,0,0,0.00,0.00,0.00,5540.00,0.00
31312374884749268,20140827,5540.00,5540.00,0,0,0.00,0.00,0.00,5540.00,0.00
31312374884749268,20140830,5540.00,5540.00,0,0,0.00,0.00,0.00,5540.00,0.00
