31316784129157162,20120103,1000.00,1000.00,0,0,0.00,0.00,0.00,1000.00,0.00
31316784129157162,20120104,1000.00,1000.00,0,0,0.00,0.00,0.00,1000.00,0.00
31316784129157162,20120107,1000.00,1000.00,0,0,0.00,0.00,0.00,1000.00,0.00
31316784129157162,20120108,1000.00,1000.00,0,0,0.00,0.00,0.00,1000.00,0.00
31316784129157162,20120109,1000.00,1000.00,0,0,0.00,0.00,0.00,1000.00,0.00
31316784129157162,20120110,1000.00,1000.00,0,0,0.00,0.00,0.00,1000.00,0.00
31316784129157162,20120111,1000.00,1000.00,0,0,0.00,0.00,0.00,1000.00,0.00
31316784129157162,20120115,1000.00,1000.00,0,0,0.00,0.00,0.00,1000.00,0.00
31316784129157162,20120116,1000.00,1000.00,0,0,0.00,0.00,0.00,1000.00,0.00
31316784129157162,20120117,1000.00,1000.00,0,0,0.00,0.00,0.00,1000.00,0.00
31316784129157162,20120118,1000.00,1000.00,0,0,0.00,0.00,0.00,1000.00,0.00
31316784129157162,20120121,1000.00,1000.00,0,0,0.00,0.00,0.00,1000.00,0.00
31316784129157162,20120123,1000.00,1000.00,0,0,0.00,0.00,0.00,1000.00,0.00
31316784129157162,20120125,1000.00,1000.00,0,0,0.00,0.00,0.00,1000.00,0.00
31316784129157162,20120128,1000.00,1000.00,0,0,0.00,0.00,0.00,1000.00,0.00
31316784129157162,20120129,1000.00,1000.00,0,0,0.00,0.00,0.00,1000.00,0.00
31316784129157162,20120130,1000.00,1000.00,0,0,0.00,0.00,0.00,1000.00,0.00
31316784129157162,20120131,1000.00,1000.00,0,0,0.00,0.00,0.00,1000.00,0.00
31316784129157162,20120201,1000.00,1000.00,0,0,0.00,0.00,0.00,1000.00,0.00
31316784129157162,20120204,1000.00,1000.00,0,0,0.00,0.00,0.00,1000.00,0.00
31316784129157162,20120205,1000.00,1000.00,0,0,0.00,0.00,0.00,1000.00,0.00
31316784129157162,20120206,1000.00,1000.00,0,0,0.00,0.00,0.00,1000.00,0.00
31316784129157162,20120207,1000.00,1000.00,0,0,0.00,0.00,0.00,1000.00,0.00
31316784129157162,20120208,7392.00,8010.00,389,3326260,24587989190.00,6001.00,8010.00,1000.00,6001.00
31316784129157162,20120212,7761.00,7761.00,3,10000,77610000.00,7761.00,7761.00,7392.00,7761.00
31316784129157162,20120213,8149.00,8149.00,2,10000,81490000.00,8149.00,8149.00,7761.00,8149.00
31316784129157162,20120214,8556.00,8556.00,9,30410,260187960.00,8556.00,8556.00,8149.00,8556.00
31316784129157162,20120215,8983.00,8983.00,396,2081409,18697227047.00,8980.00,8983.00,8556.00,8983.00
31316784129157162,20120218,8744.00,8534.00,70,343510,3003599340.00,8534.00,9100.00,8983.00,9100.00
31316784129157162,20120219,9055.00,9181.00,149,618471,5600226974.00,8480.00,9181.00,8744.00,8500.00
31316784129157162,20120220,9456.00,8909.00,99,320538,3030878644.00,8909.00,9507.00,9055.00,9449.00
31316784129157162,20120221,9028.00,9000.00,60,256014,2311258876.00,8984.00,9370.00,9456.00,9370.00
31316784129157162,20120222,9144.00,9200.00,76,317422,2902574256.00,9000.00,9350.00,9028.00,9000.00
31316784129157162,20120225,9572.00,9601.00,37,110928,1061825048.00,9450.00,9601.00,9144.00,9450.00
31316784129157162,20120226,10050.00,10050.00,9,47100,473355000.00,10050.00,10050.00,9572.00,10050.00
31316784129157162,20120227,10552.00,10552.00,15,60252,635779104.00,10552.00,10552.00,10050.00,10552.00
31316784129157162,20120228,11078.00,11079.00,93,434113,4809062927.00,11077.00,11079.00,10552.00,11077.00
31316784129157162,20120229,11407.00,11390.00,28,74200,846396500.00,10551.00,11631.00,11078.00,11631.00
31316784129157162,20120303,10837.00,10837.00,10,33000,357621000.00,10837.00,10837.00,11407.00,10837.00
31316784129157162,20120304,10452.00,10298.00,18,45500,475566104.00,10296.00,10969.00,10837.00,10304.00
31316784129157162,20120305,10114.00,9960.00,13,61000,616964796.00,9960.00,10900.00,10452.00,10900.00
31316784129157162,20120306,10581.00,10619.00,63,248408,2628431164.00,10427.00,10619.00,10114.00,10427.00
31316784129157162,20120307,11110.00,11110.00,5,20000,222200000.00,11110.00,11110.00,10581.00,11110.00
31316784129157162,20120310,11665.00,11665.00,16,71000,828215000.00,11665.00,11665.00,11110.00,11665.00
31316784129157162,20120311,12248.00,12248.00,84,368329,4511283703.00,12247.00,12248.00,11665.00,12248.00
31316784129157162,20120312,12860.00,12860.00,47,186508,2398408880.00,12858.00,12860.00,12248.00,12860.00
31316784129157162,20120313,13203.00,13298.00,28,101000,1333484000.00,13041.00,13486.00,12860.00,13486.00
31316784129157162,20120314,13854.00,13863.00,66,285907,3960958821.00,13843.00,13863.00,13203.00,13847.00
31316784129157162,20120317,14492.00,14546.00,36,145489,2108354554.00,13903.00,14546.00,13854.00,14545.00
31316784129157162,20120318,14561.00,14004.00,33,115200,1677407920.00,14004.00,15190.00,14492.00,14605.00
31316784129157162,20120324,15269.00,15289.00,6,14500,221405500.00,15169.00,15289.00,14561.00,15169.00
31316784129157162,20120325,14653.00,14506.00,11,26712,391409488.00,14506.00,15999.00,15269.00,15500.00
31316784129157162,20120326,15077.00,15385.00,46,94171,1419809092.00,14500.00,15385.00,14653.00,14500.00
31316784129157162,20120327,15799.00,15799.00,3,20000,315980000.00,15799.00,15799.00,15077.00,15799.00
31316784129157162,20120328,15020.00,15020.00,1,4500,67590000.00,15020.00,15020.00,15799.00,15020.00
31316784129157162,20120402,15020.00,15020.00,0,0,0.00,0.00,0.00,15020.00,0.00
31316784129157162,20120403,15689.00,15689.00,1,10,156890.00,15689.00,15689.00,15020.00,15689.00
31316784129157162,20120404,14905.00,14905.00,2,9000,134145000.00,14905.00,14905.00,15689.00,14905.00
31316784129157162,20120407,14905.00,14905.00,0,0,0.00,0.00,0.00,14905.00,0.00
31316784129157162,20120408,14160.00,14160.00,2,20000,283210000.00,14160.00,14161.00,14905.00,14161.00
31316784129157162,20120409,13913.00,13452.00,10,30600,425748210.00,13452.00,14867.00,14160.00,14866.00
31316784129157162,20120410,14269.00,14608.00,48,217800,3107890700.00,13219.00,14608.00,13913.00,13219.00
31316784129157162,20120411,14982.00,14982.00,21,97986,1468026252.00,14982.00,14982.00,14269.00,14982.00
31316784129157162,20120414,15322.00,14300.00,22,70800,1084794300.00,14300.00,15599.00,14982.00,15450.00
31316784129157162,20120415,14556.00,14556.00,4,2060,29985400.00,14556.00,14557.00,15322.00,14557.00
31316784129157162,20120416,14556.00,14556.00,0,0,0.00,0.00,0.00,14556.00,0.00
31316784129157162,20120417,13829.00,13829.00,3,2286,31613094.00,13829.00,13829.00,14556.00,13829.00
31316784129157162,20120418,13899.00,13252.00,11,57296,796332274.00,13139.00,14509.00,13829.00,13139.00
31316784129157162,20120421,13417.00,13205.00,9,26012,349006012.00,13205.00,14490.00,13899.00,14490.00
31316784129157162,20120422,12999.00,12999.00,3,7200,93592800.00,12999.00,12999.00,13417.00,12999.00
31316784129157162,20120423,12910.00,12912.00,5,6240,80556680.00,12703.00,13399.00,12999.00,12703.00
31316784129157162,20120424,12910.00,12912.00,0,0,0.00,0.00,0.00,12910.00,0.00
31316784129157162,20120428,12911.00,12910.00,8,24160,311925600.00,12910.00,12911.00,12910.00,12911.00
31316784129157162,20120429,13045.00,13500.00,4,22000,287000000.00,13000.00,13500.00,12911.00,13000.00
31316784129157162,20120430,13697.00,13697.00,2,3000,41091000.00,13697.00,13697.00,13045.00,13697.00
31316784129157162,20120501,13636.00,13022.00,4,11000,149992000.00,13022.00,13697.00,13697.00,13697.00
31316784129157162,20120502,13000.00,13000.00,8,30400,395200000.00,13000.00,13000.00,13636.00,13000.00
31316784129157162,20120505,12350.00,12350.00,2,2000,24700000.00,12350.00,12350.00,13000.00,12350.00
31316784129157162,20120506,12448.00,12302.00,19,53000,659720000.00,12300.00,12900.00,12350.00,12900.00
31316784129157162,20120507,12303.00,12301.00,7,41000,504426000.00,12300.00,12310.00,12448.00,12310.00
31316784129157162,20120508,12261.00,12003.00,4,7000,85827000.00,12003.00,12918.00,12303.00,12918.00
31316784129157162,20120509,12874.00,12874.00,2,1000,12874000.00,12874.00,12874.00,12261.00,12874.00
31316784129157162,20120512,12231.00,12231.00,10,29100,355922100.00,12231.00,12231.00,12874.00,12231.00
31316784129157162,20120513,12231.00,12231.00,0,0,0.00,0.00,0.00,12231.00,0.00
31316784129157162,20120514,11637.00,11620.00,5,14000,162920000.00,11620.00,11651.00,12231.00,11651.00
31316784129157162,20120515,11637.00,11637.00,1,1000,11637000.00,11637.00,11637.00,11637.00,11637.00
31316784129157162,20120516,12167.00,11056.00,3,1020,12410120.00,11056.00,12189.00,11637.00,11056.00
31316784129157162,20120519,12707.00,12775.00,6,9980,126817000.00,12699.00,12775.00,12167.00,12700.00
31316784129157162,20120520,13338.00,13341.00,29,58960,786383804.00,13300.00,13342.00,12707.00,13300.00
31316784129157162,20120521,13336.00,13310.00,12,75000,1000210000.00,13310.00,13338.00,13338.00,13338.00
31316784129157162,20120522,12999.00,12999.00,1,2985,38802015.00,12999.00,12999.00,13336.00,12999.00
31316784129157162,20120523,12350.00,12350.00,1,1000,12350000.00,12350.00,12350.00,12999.00,12350.00
31316784129157162,20120526,12959.00,12954.00,2,5220,67644880.00,12954.00,12959.00,12350.00,12959.00
31316784129157162,20120527,12528.00,12315.00,5,2290,28690020.00,12315.00,12800.00,12959.00,12800.00
31316784129157162,20120528,11902.00,11902.00,5,2685,31956870.00,11902.00,11902.00,12528.00,11902.00
31316784129157162,20120529,11902.00,11902.00,0,0,0.00,0.00,0.00,11902.00,0.00
31316784129157162,20120530,11902.00,11902.00,0,0,0.00,0.00,0.00,11902.00,0.00
31316784129157162,20120602,11774.00,11500.00,12,37000,447989000.00,11500.00,12500.00,10652.00,12500.00
31316784129157162,20120605,11868.00,12000.00,7,20000,240000000.00,12000.00,12000.00,11774.00,12000.00
31316784129157162,20120606,12461.00,12461.00,18,50586,630352146.00,12461.00,12461.00,11868.00,12461.00
31316784129157162,20120609,13084.00,13084.00,50,212385,2778845340.00,13084.00,13084.00,12461.00,13084.00
31316784129157162,20120610,13730.00,13600.00,22,65000,892429740.00,13600.00,13737.00,13084.00,13726.00
31316784129157162,20120611,13730.00,13600.00,0,0,0.00,0.00,0.00,13730.00,0.00
31316784129157162,20120612,13413.00,13044.00,11,28500,382283000.00,13044.00,13727.00,13730.00,13100.00
31316784129157162,20120613,14046.00,14046.00,2,10000,140460000.00,14046.00,14046.00,13413.00,14046.00
31316784129157162,20120616,13344.00,13344.00,1,200,2668800.00,13344.00,13344.00,14046.00,13344.00
31316784129157162,20120617,12678.00,12677.00,8,29715,376717055.00,12677.00,12679.00,13344.00,12679.00
31316784129157162,20120619,12602.00,12045.00,3,18000,226842000.00,12045.00,13299.00,12678.00,13299.00
31316784129157162,20120620,11972.00,11972.00,1,500,5986000.00,11972.00,11972.00,12602.00,11972.00
31316784129157162,20120623,12549.00,12550.00,2,10000,125493000.00,12549.00,12550.00,11972.00,12549.00
31316784129157162,20120624,12490.00,12490.00,1,10000,124900000.00,12490.00,12490.00,12549.00,12490.00
31316784129157162,20120625,12490.00,12490.00,0,0,0.00,0.00,0.00,12490.00,0.00
31316784129157162,20120626,12490.00,12490.00,0,0,0.00,0.00,0.00,12490.00,0.00
31316784129157162,20120627,11990.00,11990.00,2,15000,179850000.00,11990.00,11990.00,12490.00,11990.00
31316784129157162,20120630,11990.00,11990.00,0,0,0.00,0.00,0.00,11990.00,0.00
31316784129157162,20120701,11391.00,11391.00,1,5000,56955000.00,11391.00,11391.00,11990.00,11391.00
31316784129157162,20120702,11270.00,10822.00,5,25000,281749380.00,10822.00,11959.00,11391.00,11940.00
31316784129157162,20120703,10707.00,10707.00,6,14100,150968700.00,10707.00,10707.00,11270.00,10707.00
31316784129157162,20120704,11124.00,11200.00,3,20000,222471700.00,10707.00,11200.00,10707.00,10707.00
31316784129157162,20120707,10568.00,10568.00,2,1000,10568000.00,10568.00,10568.00,11124.00,10568.00
31316784129157162,20120708,10040.00,10040.00,2,3000,30120000.00,10040.00,10040.00,10568.00,10040.00
31316784129157162,20120709,9538.00,9538.00,6,5500,52459000.00,9538.00,9538.00,10040.00,9538.00
31316784129157162,20120710,9063.00,9063.00,12,20400,184886200.00,9063.00,9064.00,9538.00,9063.00
31316784129157162,20120711,9516.00,9516.00,1,1000,9516000.00,9516.00,9516.00,9063.00,9516.00
31316784129157162,20120714,9991.00,9991.00,4,5500,54950500.00,9991.00,9991.00,9516.00,9991.00
31316784129157162,20120715,9991.00,9991.00,0,0,0.00,0.00,0.00,9991.00,10490.00
31316784129157162,20120716,9991.00,9991.00,0,0,0.00,0.00,0.00,9991.00,0.00
31316784129157162,20120717,9991.00,9991.00,0,0,0.00,0.00,0.00,9991.00,0.00
31316784129157162,20120718,9991.00,9991.00,0,0,0.00,0.00,0.00,9991.00,0.00
31316784129157162,20120721,9795.00,9492.00,4,2000,19591000.00,9492.00,10099.00,9991.00,10099.00
31316784129157162,20120722,9795.00,9492.00,0,0,0.00,0.00,0.00,9795.00,0.00
31316784129157162,20120723,9795.00,9492.00,0,0,0.00,0.00,0.00,9795.00,0.00
31316784129157162,20120724,9999.00,9999.00,2,1000,9999000.00,9999.00,9999.00,9795.00,9999.00
31316784129157162,20120725,9500.00,9500.00,1,2000,19000000.00,9500.00,9500.00,9999.00,9500.00
31316784129157162,20120728,9500.00,9500.00,0,0,0.00,0.00,0.00,9500.00,0.00
31316784129157162,20120729,9975.00,9975.00,4,5000,49873000.00,9974.00,9975.00,9500.00,9974.00
31316784129157162,20120730,9975.00,9975.00,0,0,0.00,0.00,0.00,9975.00,0.00
31316784129157162,20120731,9975.00,9975.00,0,0,0.00,0.00,0.00,9975.00,0.00
31316784129157162,20120801,9477.00,9477.00,4,1400,13267800.00,9477.00,9477.00,9975.00,9477.00
31316784129157162,20120804,9659.00,9659.00,3,1000,9659000.00,9659.00,9659.00,9477.00,9659.00
31316784129157162,20120805,9659.00,9659.00,0,0,0.00,0.00,0.00,9659.00,0.00
31316784129157162,20120806,9659.00,9659.00,0,0,0.00,0.00,0.00,9659.00,0.00
31316784129157162,20120807,9835.00,9950.00,3,6000,59009200.00,9177.00,9999.00,9659.00,9177.00
31316784129157162,20120808,9835.00,9950.00,0,0,0.00,0.00,0.00,9835.00,0.00
31316784129157162,20120811,9999.00,9999.00,1,1000,9999000.00,9999.00,9999.00,9835.00,9999.00
31316784129157162,20120812,9633.00,9500.00,2,3000,28900000.00,9500.00,9900.00,9999.00,9900.00
31316784129157162,20120813,9633.00,9500.00,0,0,0.00,0.00,0.00,9633.00,0.00
31316784129157162,20120814,9152.00,9152.00,5,3512,32141824.00,9152.00,9152.00,9633.00,9152.00
31316784129157162,20120815,9590.00,9590.00,1,1000,9590000.00,9590.00,9590.00,9152.00,9590.00
31316784129157162,20120818,9112.00,9112.00,2,2000,18224000.00,9112.00,9112.00,9590.00,9112.00
31316784129157162,20120819,9112.00,9112.00,0,0,0.00,0.00,0.00,9112.00,0.00
31316784129157162,20120821,9110.00,9110.00,2,3000,27330000.00,9110.00,9110.00,9112.00,9110.00
31316784129157162,20120822,9110.00,9110.00,0,0,0.00,0.00,0.00,9110.00,0.00
31316784129157162,20120825,9110.00,9110.00,0,0,0.00,0.00,0.00,9110.00,0.00
31316784129157162,20120826,9110.00,9110.00,0,0,0.00,0.00,0.00,9110.00,0.00
31316784129157162,20120827,9110.00,9110.00,2,1000,9110000.00,9110.00,9110.00,9110.00,9110.00
31316784129157162,20120902,9110.00,9110.00,0,0,0.00,0.00,0.00,9110.00,0.00
31316784129157162,20120903,9033.00,9100.00,10,66615,601746500.00,8655.00,9100.00,9110.00,8655.00
31316784129157162,20120904,9070.00,9070.00,5,50000,453500000.00,9070.00,9070.00,9033.00,9070.00
31316784129157162,20120905,9071.00,9070.00,22,127000,1152040000.00,9070.00,9100.00,9070.00,9100.00
31316784129157162,20120908,8991.00,8960.00,12,38870,349475680.00,8960.00,8999.00,9071.00,8999.00
31316784129157162,20120909,8881.00,8542.00,21,49100,436035820.00,8542.00,8937.00,8991.00,8936.00
31316784129157162,20120910,8439.00,8450.00,16,52750,445139500.00,8437.00,8450.00,8881.00,8437.00
31316784129157162,20120911,8860.00,8860.00,42,119696,1060506560.00,8860.00,8860.00,8439.00,8860.00
31316784129157162,20120915,9303.00,9303.00,21,11043,102733029.00,9303.00,9303.00,8860.00,9303.00
31316784129157162,20120916,9768.00,9768.00,4,10100,98656800.00,9768.00,9768.00,9303.00,9768.00
31316784129157162,20120917,10256.00,10256.00,6,11400,116918000.00,10254.00,10256.00,9768.00,10256.00
31316784129157162,20120918,9874.00,9744.00,19,23450,231552900.00,9744.00,10740.00,10256.00,10740.00
31316784129157162,20120919,9393.00,9381.00,4,6200,58238200.00,9381.00,9400.00,9874.00,9381.00
31316784129157162,20120922,8970.00,8924.00,3,3800,34084200.00,8924.00,9011.00,9393.00,9011.00
31316784129157162,20120923,8532.00,8527.00,19,53650,457747450.00,8522.00,8700.00,8970.00,8700.00
31316784129157162,20120924,8532.00,8527.00,0,0,0.00,0.00,0.00,8532.00,0.00
31316784129157162,20120925,8668.00,8957.00,7,9400,81475800.00,8532.00,8957.00,8532.00,8532.00
31316784129157162,20120926,9101.00,9101.00,49,103000,937400000.00,9100.00,9101.00,8668.00,9100.00
31316784129157162,20120929,9556.00,9556.00,5,36000,344016000.00,9556.00,9556.00,9101.00,9556.00
31316784129157162,20120930,9885.00,9553.00,7,24500,242175000.00,9553.00,10032.00,9556.00,10032.00
31316784129157162,20121001,9712.00,9407.00,14,54900,533169200.00,9400.00,9900.00,9885.00,9400.00
31316784129157162,20121002,9999.00,9999.00,1,10000,99990000.00,9999.00,9999.00,9712.00,9999.00
31316784129157162,20121003,10498.00,10498.00,20,83174,873160652.00,10498.00,10498.00,9999.00,10498.00
31316784129157162,20121006,11022.00,11022.00,15,48600,535669200.00,11022.00,11022.00,10498.00,11022.00
31316784129157162,20121007,11572.00,11573.00,46,142214,1645743302.00,11567.00,11573.00,11022.00,11573.00
31316784129157162,20121008,12149.00,12150.00,21,73630,894564500.00,12148.00,12150.00,11572.00,12148.00
31316784129157162,20121009,12756.00,12756.00,4,20000,255120000.00,12756.00,12756.00,12149.00,12756.00
31316784129157162,20121010,13393.00,13393.00,5,10339,138470227.00,13393.00,13393.00,12756.00,13393.00
31316784129157162,20121013,14062.00,14062.00,3,8301,116728662.00,14062.00,14062.00,13393.00,14062.00
31316784129157162,20121014,14765.00,14765.00,2,15000,221475000.00,14765.00,14765.00,14062.00,14765.00
31316784129157162,20121015,15503.00,15503.00,18,105487,1635364961.00,15503.00,15503.00,14765.00,15503.00
31316784129157162,20121016,16278.00,16278.00,5,50000,813900000.00,16278.00,16278.00,15503.00,16278.00
31316784129157162,20121017,17091.00,17091.00,3,17000,290547000.00,17091.00,17091.00,16278.00,17091.00
31316784129157162,20121020,17491.00,16700.00,62,255022,4460663845.00,16700.00,17945.00,17091.00,17945.00
31316784129157162,20121021,16639.00,16617.00,9,19000,316139000.00,16617.00,16700.00,17491.00,16700.00
31316784129157162,20121022,15828.00,15810.00,3,3136,49636120.00,15808.00,17370.00,16639.00,17370.00
31316784129157162,20121023,15037.00,15037.00,1,1000,15037000.00,15037.00,15037.00,15828.00,15037.00
31316784129157162,20121024,14675.00,14286.00,58,275495,4042889423.00,14286.00,15302.00,15037.00,15037.00
31316784129157162,20121027,14842.00,14801.00,6,17000,252320000.00,14801.00,14902.00,14675.00,14902.00
31316784129157162,20121028,14923.00,15002.00,56,154620,2307320010.00,14700.00,15002.00,14842.00,14840.00
31316784129157162,20121029,15669.00,15669.00,32,130249,2040871581.00,15669.00,15669.00,14923.00,15669.00
31316784129157162,20121030,16452.00,16452.00,1,100,1645200.00,16452.00,16452.00,15669.00,16452.00
31316784129157162,20121031,17274.00,17274.00,16,52641,909320634.00,17274.00,17274.00,16452.00,17274.00
31316784129157162,20121104,16440.00,16412.00,33,139000,2285155448.00,16411.00,17400.00,17274.00,17400.00
31316784129157162,20121105,16835.00,16777.00,2,3768,63434736.00,16777.00,16850.00,16440.00,16850.00
31316784129157162,20121106,16249.00,16200.00,3,1300,21123800.00,16200.00,16828.00,16835.00,16828.00
31316784129157162,20121107,15544.00,15501.00,2,3100,48185600.00,15501.00,16826.00,16249.00,16826.00
31316784129157162,20121110,16296.00,16297.00,10,25100,409029800.00,16290.00,16300.00,15544.00,16300.00
31316784129157162,20121111,15713.00,15680.00,12,38632,607018548.00,15483.00,16290.00,16296.00,16290.00
31316784129157162,20121112,16070.00,16100.00,14,45000,723166800.00,15900.00,16268.00,15713.00,16268.00
31316784129157162,20121113,16100.00,16100.00,1,100,1610000.00,16100.00,16100.00,16070.00,16100.00
31316784129157162,20121114,16170.00,16170.00,5,28100,454378000.00,16170.00,16180.00,16100.00,16180.00
31316784129157162,20121117,16170.00,16170.00,0,0,0.00,0.00,0.00,16170.00,0.00
31316784129157162,20121118,15920.00,15900.00,2,5100,81193800.00,15900.00,16938.00,16170.00,16938.00
31316784129157162,20121119,16517.00,16500.00,2,600,9910000.00,16500.00,16600.00,15920.00,16600.00
31316784129157162,20121120,16990.00,16990.00,1,500,8495000.00,16990.00,16990.00,16517.00,16990.00
31316784129157162,20121121,16214.00,16141.00,3,2100,34049600.00,16141.00,17676.00,16990.00,17676.00
31316784129157162,20121126,16214.00,16141.00,0,0,0.00,0.00,0.00,16214.00,0.00
31316784129157162,20121127,15428.00,15404.00,4,6100,94111400.00,15404.00,16874.00,16214.00,16874.00
31316784129157162,20121128,14995.00,14994.00,3,10000,149955000.00,14994.00,14997.00,15428.00,14997.00
31316784129157162,20121201,14618.00,14349.00,10,25006,365540016.00,14246.00,15470.00,14995.00,15470.00
31316784129157162,20121202,14337.00,14001.00,8,19200,275274800.00,13888.00,14500.00,14618.00,14500.00
31316784129157162,20121203,13756.00,13621.00,8,15747,216622290.00,13621.00,14000.00,14337.00,14000.00
31316784129157162,20121204,13941.00,14443.00,60,119344,1663784626.00,13069.00,14443.00,13756.00,13069.00
31316784129157162,20121205,14638.00,14638.00,3,6081,89013678.00,14638.00,14638.00,13941.00,14638.00
31316784129157162,20121208,15363.00,15365.00,16,63578,976729985.00,15360.00,15369.00,14638.00,15369.00
31316784129157162,20121209,15891.00,15499.00,11,26100,414766000.00,15499.00,16100.00,15363.00,16100.00
31316784129157162,20121210,16240.00,16685.00,58,245078,3980078606.00,15599.00,16685.00,15891.00,15600.00
31316784129157162,20121211,17052.00,17052.00,5,11000,187572000.00,17052.00,17052.00,16240.00,17052.00
31316784129157162,20121212,17498.00,16309.00,39,4291000,75082709000.00,16226.00,17904.00,17052.00,17900.00
31316784129157162,20121215,17500.00,17490.00,25,4273000,74777225000.00,17489.00,17500.00,17498.00,17489.00
31316784129157162,20121216,16801.00,16800.00,33,74615,1253570856.00,16800.00,16805.00,17500.00,16801.00
31316784129157162,20121217,16158.00,16011.00,2,5000,80788500.00,16011.00,16500.00,16801.00,16500.00
31316784129157162,20121218,16158.00,16011.00,0,0,0.00,0.00,0.00,16158.00,0.00
31316784129157162,20121219,16158.00,16011.00,0,0,0.00,0.00,0.00,16158.00,0.00
31316784129157162,20121222,16158.00,16011.00,0,0,0.00,0.00,0.00,16158.00,0.00
31316784129157162,20121223,15352.00,15351.00,12,40190,616992690.00,15351.00,15354.00,16158.00,15354.00
31316784129157162,20121224,15352.00,15351.00,0,0,0.00,0.00,0.00,15352.00,0.00
31316784129157162,20121225,16118.00,16119.00,14,34040,548670400.00,16110.00,16119.00,15352.00,16110.00
31316784129157162,20121226,16901.00,16923.00,12,52476,886896348.00,16800.00,16923.00,16118.00,16800.00
31316784129157162,20121229,17605.00,17740.00,20,43045,757790290.00,17000.00,17746.00,16901.00,17745.00
31316784129157162,20121230,17372.00,17000.00,3,2000,34745000.00,17000.00,17745.00,17605.00,17745.00
31316784129157162,20121231,17102.00,16504.00,26,68060,1163986943.00,16504.00,17990.00,17372.00,17990.00
31316784129157162,20130101,17102.00,17102.00,0,0,0.00,0.00,0.00,17102.00,17889.00
31316784129157162,20130102,17102.00,17102.00,0,0,0.00,0.00,0.00,17102.00,0.00
31316784129157162,20130106,17102.00,17102.00,0,0,0.00,0.00,0.00,17102.00,17798.00
31316784129157162,20130107,17102.00,17102.00,0,0,0.00,0.00,0.00,17102.00,0.00
31316784129157162,20130108,17102.00,17102.00,0,0,0.00,0.00,0.00,17102.00,0.00
31316784129157162,20130109,17102.00,17102.00,0,0,0.00,0.00,0.00,17102.00,0.00
31316784129157162,20130113,17102.00,17102.00,0,0,0.00,0.00,0.00,17102.00,0.00
31316784129157162,20130114,17102.00,17102.00,0,0,0.00,0.00,0.00,17102.00,0.00
31316784129157162,20130115,17102.00,17102.00,0,0,0.00,0.00,0.00,17102.00,0.00
31316784129157162,20130116,17102.00,17102.00,0,0,0.00,0.00,0.00,17102.00,0.00
31316784129157162,20130119,17102.00,17102.00,0,0,0.00,0.00,0.00,17102.00,0.00
31316784129157162,20130120,17102.00,17102.00,0,0,0.00,0.00,0.00,17102.00,0.00
31316784129157162,20130121,17102.00,17102.00,0,0,0.00,0.00,0.00,17102.00,0.00
31316784129157162,20130122,17102.00,17102.00,0,0,0.00,0.00,0.00,17102.00,0.00
31316784129157162,20130123,17102.00,17102.00,0,0,0.00,0.00,0.00,17102.00,0.00
31316784129157162,20130126,17102.00,17102.00,0,0,0.00,0.00,0.00,17102.00,0.00
31316784129157162,20130127,17102.00,17102.00,0,0,0.00,0.00,0.00,17102.00,0.00
31316784129157162,20130128,17499.00,17499.00,1,2000,34998000.00,17499.00,17499.00,17102.00,17499.00
31316784129157162,20130130,17499.00,17499.00,0,0,0.00,0.00,0.00,17499.00,0.00
31316784129157162,20130202,17499.00,17499.00,0,0,0.00,0.00,0.00,17499.00,0.00
31316784129157162,20130203,16625.00,16625.00,2,1100,18287500.00,16625.00,16625.00,17499.00,16625.00
31316784129157162,20130204,16625.00,16625.00,0,0,0.00,0.00,0.00,16625.00,0.00
31316784129157162,20130205,16105.00,17410.00,14,25140,404882600.00,15794.00,17410.00,16625.00,15794.00
31316784129157162,20130206,16910.00,16910.00,8,19000,321290000.00,16910.00,16910.00,16105.00,16910.00
31316784129157162,20130209,17680.00,17680.00,2,2000,35360000.00,17680.00,17680.00,16910.00,17680.00
31316784129157162,20130211,17537.00,17530.00,19,42100,738292170.00,17497.00,17999.00,17680.00,17498.00
31316784129157162,20130212,17569.00,17580.00,4,4100,72034000.00,17537.00,17580.00,17537.00,17537.00
31316784129157162,20130213,18071.00,18000.00,9,21000,379495000.00,18000.00,18384.00,17569.00,18000.00
31316784129157162,20130216,18312.00,18000.00,16,48279,884069042.00,18000.00,18398.00,18071.00,18388.00
31316784129157162,20130217,18760.00,19200.00,13,32400,607812132.00,18392.00,19220.00,18312.00,18392.00
31316784129157162,20130218,18526.00,19200.00,19,48000,889256000.00,18200.00,19200.00,18760.00,18551.00
31316784129157162,20130219,19452.00,19452.00,3,1840,35791680.00,19452.00,19452.00,18526.00,19452.00
31316784129157162,20130220,20424.00,20424.00,34,80098,1635921552.00,20424.00,20424.00,19452.00,20424.00
31316784129157162,20130223,21445.00,21445.00,4,20000,428900000.00,21445.00,21445.00,20424.00,21445.00
31316784129157162,20130224,22415.00,20377.00,18,104700,2346886400.00,20375.00,22517.00,21445.00,22517.00
31316784129157162,20130225,21295.00,21295.00,1,2000,42590000.00,21295.00,21295.00,22415.00,21295.00
31316784129157162,20130226,20357.00,21294.00,20,67700,1378137700.00,20231.00,21294.00,21295.00,20231.00
31316784129157162,20130227,21362.00,21288.00,9,40000,854495000.00,21288.00,21373.00,20357.00,21373.00
31316784129157162,20130302,21255.00,21000.00,13,45000,956494000.00,21000.00,22000.00,21362.00,22000.00
31316784129157162,20130303,20193.00,20193.00,5,4870,98339910.00,20193.00,20193.00,21255.00,20193.00
31316784129157162,20130304,21060.00,20898.00,8,20000,421196000.00,20898.00,21200.00,20193.00,21200.00
31316784129157162,20130305,21060.00,21060.00,0,0,0.00,0.00,0.00,21060.00,20007.00
31316784129157162,20130306,20740.00,21888.00,23,61978,1285413460.00,20007.00,21940.00,21060.00,20007.00
31316784129157162,20130309,21223.00,21499.00,5,1119,23748500.00,21000.00,21499.00,20740.00,21000.00
31316784129157162,20130310,21223.00,21499.00,0,0,0.00,0.00,0.00,21223.00,0.00
31316784129157162,20130311,21223.00,21223.00,0,0,0.00,0.00,0.00,21223.00,20162.00
31316784129157162,20130312,21223.00,21223.00,0,0,0.00,0.00,0.00,21223.00,20162.00
31316784129157162,20130313,20162.00,20162.00,10,1347,27158214.00,20162.00,20162.00,21223.00,20162.00
31316784129157162,20130316,19170.00,19154.00,10,22179,425164449.00,19154.00,19500.00,20162.00,19500.00
31316784129157162,20130317,19170.00,19154.00,0,0,0.00,0.00,0.00,19170.00,0.00
31316784129157162,20130318,19170.00,19154.00,0,0,0.00,0.00,0.00,19170.00,0.00
31316784129157162,20130325,19170.00,19154.00,0,0,0.00,0.00,0.00,19170.00,0.00
31316784129157162,20130326,19170.00,19154.00,0,0,0.00,0.00,0.00,19170.00,0.00
31316784129157162,20130327,19170.00,19154.00,0,0,0.00,0.00,0.00,19170.00,0.00
31316784129157162,20130330,19170.00,19154.00,0,0,0.00,0.00,0.00,19170.00,0.00
31316784129157162,20130331,19170.00,19154.00,0,0,0.00,0.00,0.00,19170.00,0.00
31316784129157162,20130403,19170.00,19154.00,0,0,0.00,0.00,0.00,19170.00,0.00
31316784129157162,20130406,9585.00,19154.00,0,0,0.00,0.00,0.00,9585.00,0.00
31316784129157162,20130407,9663.00,9996.00,5,18150,181477400.00,9996.00,10000.00,9585.00,10000.00
31316784129157162,20130408,9749.00,9900.00,24,84770,827428700.00,9000.00,9997.00,9663.00,9997.00
31316784129157162,20130409,9765.00,10000.00,20,47842,467161500.00,9500.00,10212.00,9749.00,9500.00
31316784129157162,20130410,9396.00,9278.00,8,8480,79681040.00,9278.00,9504.00,9765.00,9504.00
31316784129157162,20130413,9432.00,9420.00,9,5595,52774060.00,9420.00,9448.00,9396.00,9448.00
31316784129157162,20130415,9483.00,8961.00,13,27840,264011710.00,8961.00,9500.00,9432.00,9499.00
31316784129157162,20130416,9483.00,8961.00,0,0,0.00,0.00,0.00,9483.00,0.00
31316784129157162,20130417,9483.00,9483.00,0,0,0.00,0.00,0.00,9483.00,9730.00
31316784129157162,20130420,9794.00,9500.00,29,137110,1342845000.00,9500.00,9900.00,9483.00,9700.00
31316784129157162,20130421,9501.00,9650.00,3,5020,47693000.00,9500.00,9650.00,9794.00,9500.00
31316784129157162,20130422,9479.00,9101.00,12,34235,324518180.00,9101.00,9677.00,9501.00,9677.00
31316784129157162,20130423,9398.00,9400.00,23,111000,1043215360.00,9350.00,9470.00,9479.00,9470.00
31316784129157162,20130424,9566.00,9700.00,25,84817,811352900.00,9495.00,9700.00,9398.00,9495.00
31316784129157162,20130427,10043.00,10044.00,12,29070,291952530.00,10042.00,10044.00,9566.00,10043.00
31316784129157162,20130428,10545.00,10545.00,18,96720,1019912400.00,10545.00,10545.00,10043.00,10545.00
31316784129157162,20130429,11072.00,11072.00,100,315000,3487680000.00,11072.00,11072.00,10545.00,11072.00
31316784129157162,20130430,11495.00,11480.00,18,63977,735446965.00,11480.00,11500.00,11072.00,11500.00
31316784129157162,20130501,11874.00,12069.00,40,163629,1942859977.00,11624.00,12069.00,11495.00,11624.00
31316784129157162,20130504,12183.00,12004.00,22,65176,794029192.00,12004.00,12467.00,11874.00,12467.00
31316784129157162,20130505,12084.00,12000.00,12,41830,505460000.00,12000.00,12350.00,12183.00,12000.00
31316784129157162,20130506,11997.00,11994.00,3,2217,26596698.00,11994.00,12000.00,12084.00,12000.00
31316784129157162,20130507,11806.00,11483.00,5,13000,153474000.00,11483.00,11900.00,11997.00,11500.00
31316784129157162,20130508,11806.00,11483.00,0,0,0.00,0.00,0.00,11806.00,0.00
31316784129157162,20130511,11251.00,11216.00,7,10000,112511000.00,11216.00,11300.00,11806.00,11221.00
31316784129157162,20130512,10689.00,10689.00,5,6640,70974960.00,10689.00,10689.00,11251.00,10689.00
31316784129157162,20130513,10155.00,10155.00,1,2000,20310000.00,10155.00,10155.00,10689.00,10155.00
31316784129157162,20130514,10155.00,10155.00,0,0,0.00,0.00,0.00,10155.00,0.00
31316784129157162,20130515,9912.00,10390.00,11,29103,288468744.00,9648.00,10390.00,10155.00,9701.00
31316784129157162,20130518,9417.00,9417.00,8,10405,97983885.00,9417.00,9417.00,9912.00,9417.00
31316784129157162,20130519,9559.00,9220.00,10,27104,259090144.00,9220.00,9886.00,9417.00,9400.00
31316784129157162,20130520,9596.00,9500.00,45,129310,1240911860.00,9350.00,9990.00,9559.00,9400.00
31316784129157162,20130521,9601.00,9601.00,1,10000,96010000.00,9601.00,9601.00,9596.00,9601.00
31316784129157162,20130522,10016.00,10081.00,14,40250,403148000.00,10000.00,10081.00,9601.00,10000.00
31316784129157162,20130525,10516.00,10516.00,43,71798,755027768.00,10516.00,10516.00,10016.00,10516.00
31316784129157162,20130526,11041.00,11041.00,3,3227,35629307.00,11041.00,11041.00,10516.00,11041.00
31316784129157162,20130527,11593.00,11593.00,90,254124,2945998674.00,11580.00,11593.00,11041.00,11593.00
31316784129157162,20130528,12115.00,12172.00,34,97700,1183602290.00,12000.00,12172.00,11593.00,12170.00
31316784129157162,20130529,12720.00,12720.00,5,10819,137617680.00,12720.00,12720.00,12115.00,12720.00
31316784129157162,20130601,13232.00,13356.00,46,120711,1597231238.00,12110.00,13356.00,12720.00,13356.00
31316784129157162,20130602,13232.00,13356.00,0,0,0.00,0.00,0.00,13232.00,0.00
31316784129157162,20130603,13232.00,13356.00,0,0,0.00,0.00,0.00,13232.00,0.00
31316784129157162,20130608,13232.00,13356.00,0,0,0.00,0.00,0.00,13232.00,0.00
31316784129157162,20130609,12587.00,13051.00,16,25402,330659802.00,12500.00,13051.00,12432.00,12501.00
31316784129157162,20130610,14823.00,15000.00,39,94632,1405770964.00,14100.00,15000.00,12587.00,14990.00
31316784129157162,20130611,15557.00,15550.00,28,59218,921273459.00,15550.00,15564.00,14823.00,15564.00
31316784129157162,20130612,15142.00,15001.00,21,44535,674330735.00,15001.00,16288.00,15557.00,15500.00
31316784129157162,20130615,14944.00,14899.00,19,69377,1036760920.00,14802.00,15460.00,15142.00,15460.00
31316784129157162,20130616,14831.00,14820.00,4,5000,74157500.00,14819.00,14850.00,14944.00,14850.00
31316784129157162,20130617,14090.00,14090.00,23,47500,669287500.00,14090.00,14091.00,14831.00,14091.00
31316784129157162,20130618,14605.00,14300.00,7,13500,197164000.00,14300.00,14759.00,14090.00,14759.00
31316784129157162,20130619,14672.00,15290.00,43,118250,1734952140.00,14500.00,15290.00,14605.00,15100.00
31316784129157162,20130622,15133.00,15405.00,10,26500,401015500.00,15003.00,15405.00,14672.00,15335.00
31316784129157162,20130623,15821.00,15889.00,18,42220,667962580.00,15691.00,15889.00,15133.00,15691.00
31316784129157162,20130625,16239.00,16600.00,35,60034,974917526.00,16000.00,16612.00,15821.00,16612.00
31316784129157162,20130626,17050.00,17050.00,23,64934,1107124700.00,17050.00,17050.00,16239.00,17050.00
31316784129157162,20130629,17902.00,17902.00,4,1228,21983656.00,17902.00,17902.00,17050.00,17902.00
31316784129157162,20130630,18796.00,18797.00,18,69300,1302570870.00,18795.00,18797.00,17902.00,18795.00
31316784129157162,20130701,19578.00,19000.00,20,61939,1212663971.00,19000.00,19735.00,18796.00,19735.00
31316784129157162,20130702,19727.00,19598.00,10,19300,380723200.00,19598.00,19966.00,19578.00,19960.00
31316784129157162,20130703,20697.00,20679.00,7,18385,380519647.00,20679.00,20713.00,19727.00,20713.00
31316784129157162,20130706,21731.00,21731.00,9,18910,410933210.00,21731.00,21731.00,20697.00,21731.00
31316784129157162,20130707,22817.00,22817.00,22,71015,1620349255.00,22817.00,22817.00,21731.00,22817.00
31316784129157162,20130708,23957.00,23957.00,3,10000,239570000.00,23957.00,23957.00,22817.00,23957.00
31316784129157162,20130709,25154.00,25154.00,14,43060,1083131240.00,25154.00,25154.00,23957.00,25154.00
31316784129157162,20130710,26359.00,25002.00,10,27000,711688000.00,25002.00,26411.00,25154.00,26411.00
31316784129157162,20130713,25060.00,25042.00,2,4387,109939700.00,25042.00,25100.00,26359.00,25100.00
31316784129157162,20130714,23947.00,23807.00,11,17722,424395654.00,23807.00,26295.00,25060.00,23807.00
31316784129157162,20130715,25144.00,25144.00,5,12000,301726000.00,25143.00,25144.00,23947.00,25144.00
31316784129157162,20130716,26007.00,26401.00,21,41500,1079307500.00,25144.00,26401.00,25144.00,25144.00
31316784129157162,20130717,27307.00,27307.00,6,10330,282081310.00,27307.00,27307.00,26007.00,27307.00
31316784129157162,20130720,27307.00,27312.00,9,17400,475149680.00,27307.00,27312.00,27307.00,27307.00
31316784129157162,20130721,27082.00,27000.00,2,1364,36939748.00,27000.00,27307.00,27307.00,27307.00
31316784129157162,20130722,25728.00,25728.00,9,16500,424512000.00,25728.00,25728.00,27082.00,25728.00
31316784129157162,20130723,24442.00,24442.00,1,500,12221000.00,24442.00,24442.00,25728.00,24442.00
31316784129157162,20130724,23379.00,23230.00,9,8136,190213566.00,23221.00,25664.00,24442.00,23221.00
31316784129157162,20130727,24396.00,24547.00,5,4800,117102600.00,23101.00,24547.00,23379.00,23101.00
31316784129157162,20130728,25615.00,25615.00,9,16665,426873975.00,25615.00,25615.00,24396.00,25615.00
31316784129157162,20130729,26895.00,26895.00,11,27000,726165000.00,26895.00,26895.00,25615.00,26895.00
31316784129157162,20130731,28098.00,28239.00,17,51065,1434826850.00,27970.00,28239.00,26895.00,28200.00
31316784129157162,20130803,29012.00,28890.00,6,12500,362655000.00,28890.00,29502.00,28098.00,29502.00
31316784129157162,20130804,27562.00,27562.00,11,12830,353620460.00,27562.00,27562.00,29012.00,27562.00
31316784129157162,20130805,26184.00,26184.00,2,2000,52368000.00,26184.00,26184.00,27562.00,26184.00
31316784129157162,20130806,26372.00,26500.00,11,8073,212900232.00,26184.00,26500.00,26184.00,26184.00
31316784129157162,20130807,26029.00,25997.00,13,12155,316379496.00,25997.00,26372.00,26372.00,26372.00
31316784129157162,20130810,26029.00,25997.00,0,0,0.00,0.00,0.00,26029.00,0.00
31316784129157162,20130811,27329.00,27330.00,6,7000,191301600.00,27327.00,27330.00,26029.00,27327.00
31316784129157162,20130812,27389.00,27350.00,9,25181,689689219.00,27350.00,27399.00,27329.00,27399.00
31316784129157162,20130813,27102.00,28299.00,4,20000,542044626.00,27000.00,28299.00,27389.00,27000.00
31316784129157162,20130814,26502.00,25747.00,7,10800,286217600.00,25747.00,27450.00,27102.00,27450.00
31316784129157162,20130817,25580.00,25580.00,1,1350,34533000.00,25580.00,25580.00,26502.00,25580.00
31316784129157162,20130818,24883.00,24500.00,9,8373,208347060.00,24500.00,25220.00,25580.00,25220.00
31316784129157162,20130819,24883.00,24500.00,0,0,0.00,0.00,0.00,24883.00,0.00
31316784129157162,20130820,24000.00,24000.00,12,15382,369168000.00,24000.00,24000.00,24883.00,24000.00
31316784129157162,20130821,24000.00,24000.00,0,0,0.00,0.00,0.00,24000.00,0.00
31316784129157162,20130824,22868.00,22800.00,3,1750,40019400.00,22800.00,23000.00,24000.00,23000.00
31316784129157162,20130825,24000.00,24000.00,2,1000,24000000.00,24000.00,24000.00,22868.00,24000.00
31316784129157162,20130826,24802.00,23500.00,3,18000,446440000.00,23500.00,24990.00,24000.00,24990.00
31316784129157162,20130827,23941.00,23620.00,3,3423,81950980.00,23620.00,24079.00,24802.00,24079.00
31316784129157162,20130828,22745.00,22745.00,2,3100,70509400.00,22744.00,22745.00,23941.00,22744.00
31316784129157162,20130831,22750.00,22750.00,1,510,11602500.00,22750.00,22750.00,22745.00,22750.00
31316784129157162,20130901,23871.00,23887.00,20,23395,558456400.00,23540.00,23887.00,22750.00,23540.00
31316784129157162,20130903,24346.00,22678.00,7,8390,204267082.00,22678.00,25064.00,23871.00,25064.00
31316784129157162,20130904,24346.00,24346.00,0,0,0.00,0.00,0.00,24346.00,23129.00
31316784129157162,20130907,23129.00,23129.00,2,100,2312900.00,23129.00,23129.00,24346.00,23129.00
31316784129157162,20130908,21973.00,21973.00,4,2720,59766560.00,21973.00,21973.00,23129.00,21973.00
31316784129157162,20130909,22111.00,23070.00,19,73000,1614119200.00,20876.00,23070.00,21973.00,20876.00
31316784129157162,20130910,23216.00,23216.00,2,1005,23332080.00,23216.00,23216.00,22111.00,23216.00
31316784129157162,20130911,24376.00,24376.00,7,20936,510335936.00,24376.00,24376.00,23216.00,24376.00
31316784129157162,20130914,24717.00,23158.00,15,42803,1057980034.00,23158.00,25593.00,24376.00,25593.00
31316784129157162,20130915,23874.00,23482.00,2,1541,36790600.00,23482.00,24600.00,24717.00,24600.00
31316784129157162,20130916,22681.00,22681.00,2,8710,197551510.00,22681.00,22681.00,23874.00,22681.00
31316784129157162,20130917,22681.00,22681.00,0,0,0.00,0.00,0.00,22681.00,21700.00
31316784129157162,20130918,21652.00,21655.00,3,6300,136406500.00,21651.00,21655.00,22681.00,21651.00
31316784129157162,20130921,22734.00,22734.00,1,1600,36374400.00,22734.00,22734.00,21652.00,22734.00
31316784129157162,20130922,23870.00,23870.00,6,3650,87125500.00,23870.00,23870.00,22734.00,23870.00
31316784129157162,20130923,23870.00,23870.00,0,0,0.00,0.00,0.00,23870.00,0.00
31316784129157162,20130924,24998.00,24998.00,3,1000,24998000.00,24998.00,24998.00,23870.00,24998.00
31316784129157162,20130925,26247.00,26247.00,18,29000,761155994.00,26246.00,26247.00,24998.00,26247.00
31316784129157162,20130928,25799.00,24935.00,12,17493,451306480.00,24935.00,27200.00,26247.00,26247.00
31316784129157162,20130929,26773.00,26700.00,5,22500,602382200.00,26700.00,26800.00,25799.00,26750.00
31316784129157162,20130930,26773.00,26700.00,0,0,0.00,0.00,0.00,26773.00,0.00
31316784129157162,20131001,25435.00,25435.00,1,1000,25435000.00,25435.00,25435.00,26773.00,25435.00
31316784129157162,20131002,26706.00,26705.00,6,40000,1068230000.00,26705.00,26706.00,25435.00,26706.00
31316784129157162,20131005,25371.00,25372.00,10,30500,773828500.00,25371.00,25372.00,26706.00,25371.00
31316784129157162,20131006,26629.00,26620.00,11,34800,926676000.00,26620.00,26638.00,25371.00,26638.00
31316784129157162,20131007,27578.00,27570.00,21,58000,1599529766.00,26999.00,27950.00,26629.00,27000.00
31316784129157162,20131008,27772.00,28499.00,44,90553,2514843418.00,27001.00,28600.00,27578.00,27796.00
31316784129157162,20131009,26823.00,26500.00,8,11000,295055800.00,26500.00,27500.00,27772.00,27500.00
31316784129157162,20131012,25482.00,25482.00,11,18700,476519100.00,25482.00,25484.00,26823.00,25484.00
31316784129157162,20131013,24872.00,25478.00,28,54901,1365499780.00,24208.00,25482.00,25482.00,24350.00
31316784129157162,20131014,25493.00,25490.00,6,15315,390429870.00,25489.00,25500.00,24872.00,25500.00
31316784129157162,20131015,26416.00,26300.00,9,13207,348879100.00,26290.00,26500.00,25493.00,26490.00
31316784129157162,20131019,26750.00,26766.00,11,22000,588501472.00,26750.00,26766.00,26416.00,26750.00
31316784129157162,20131020,26764.00,26764.00,8,18000,481756000.00,26764.00,26765.00,26750.00,26765.00
31316784129157162,20131021,28021.00,28102.00,24,41523,1163534346.00,27681.00,28102.00,26764.00,27689.00
31316784129157162,20131022,29363.00,29389.00,49,158885,4665415710.00,26800.00,29422.00,28021.00,29422.00
31316784129157162,20131023,30831.00,30831.00,43,162725,5016956975.00,30830.00,30831.00,29363.00,30830.00
31316784129157162,20131026,32372.00,32372.00,7,25000,809300000.00,32372.00,32372.00,30831.00,32372.00
31316784129157162,20131027,33491.00,32998.00,42,76641,2566764110.00,31000.00,33880.00,32372.00,33880.00
31316784129157162,20131028,33491.00,32998.00,0,0,0.00,0.00,0.00,33491.00,0.00
31316784129157162,20131029,33491.00,32998.00,0,0,0.00,0.00,0.00,33491.00,0.00
31316784129157162,20131030,33491.00,32998.00,0,0,0.00,0.00,0.00,33491.00,0.00
31316784129157162,20131102,31817.00,31817.00,4,2500,79542500.00,31817.00,31817.00,33491.00,31817.00
31316784129157162,20131103,31065.00,30227.00,15,15172,471319044.00,30227.00,33000.00,31817.00,33000.00
31316784129157162,20131104,31437.00,30000.00,8,23100,726184000.00,30000.00,31678.00,31065.00,31611.00
31316784129157162,20131105,31421.00,31395.00,22,83498,2623611571.00,29866.00,31500.00,31437.00,29866.00
31316784129157162,20131106,32107.00,32980.00,18,98885,3174866120.00,30500.00,32980.00,31421.00,31000.00
31316784129157162,20131109,33707.00,33712.00,148,441304,14875238412.00,33010.00,33712.00,32107.00,33010.00
31316784129157162,20131110,35392.00,35392.00,13,17669,625341248.00,35392.00,35392.00,33707.00,35392.00
31316784129157162,20131111,37161.00,37161.00,55,166390,6183218790.00,37161.00,37161.00,35392.00,37161.00
31316784129157162,20131112,38757.00,38000.00,26,70628,2737338207.00,37162.00,39019.00,37161.00,39019.00
31316784129157162,20131116,36906.00,36820.00,16,42101,1553768820.00,36820.00,39800.00,38757.00,39800.00
31316784129157162,20131117,35062.00,35062.00,11,17600,617089499.00,35061.00,35063.00,36906.00,35061.00
31316784129157162,20131118,35272.00,35063.00,2,2640,93119000.00,35063.00,35400.00,35062.00,35400.00
31316784129157162,20131119,35314.00,34990.00,6,10100,356673000.00,34990.00,36400.00,35272.00,36000.00
31316784129157162,20131120,34369.00,34101.00,5,12170,418271070.00,34101.00,36999.00,35314.00,35314.00
31316784129157162,20131123,32786.00,32651.00,25,41329,1355033232.00,32651.00,34110.00,34369.00,34000.00
31316784129157162,20131124,32009.00,32009.00,3,3977,127299793.00,32009.00,32009.00,32786.00,32009.00
31316784129157162,20131125,30684.00,30409.00,23,79018,2424586162.00,30409.00,32000.00,32009.00,32000.00
31316784129157162,20131126,32218.00,32218.00,3,2800,90210400.00,32218.00,32218.00,30684.00,32218.00
31316784129157162,20131127,30892.00,30850.00,14,17150,529796000.00,30608.00,32000.00,32218.00,32000.00
31316784129157162,20131130,31958.00,31000.00,12,12530,400429570.00,31000.00,32400.00,30892.00,31200.00
31316784129157162,20131201,30370.00,30361.00,6,4320,131198520.00,30361.00,30400.00,31958.00,30400.00
31316784129157162,20131202,30852.00,31000.00,35,70129,2163637595.00,29501.00,31887.00,30370.00,31887.00
31316784129157162,20131203,32156.00,32394.00,24,47735,1534987590.00,30000.00,32394.00,30852.00,30000.00
31316784129157162,20131204,33719.00,33763.00,15,50093,1689093359.00,33490.00,33763.00,32156.00,33490.00
31316784129157162,20131207,35404.00,35404.00,13,40000,1416156000.00,35400.00,35404.00,33719.00,35404.00
31316784129157162,20131208,37174.00,37174.00,23,54740,2034904760.00,37174.00,37174.00,35404.00,37174.00
31316784129157162,20131209,39025.00,39000.00,40,69711,2720477102.00,38500.00,39032.00,37174.00,39032.00
31316784129157162,20131210,40727.00,40975.00,55,176000,7167962340.00,39000.00,40976.00,39025.00,39000.00
31316784129157162,20131211,40927.00,39999.00,8,10700,437914800.00,39999.00,41989.00,40727.00,41980.00
31316784129157162,20131214,38881.00,38881.00,2,1277,49651037.00,38881.00,38881.00,40927.00,38881.00
31316784129157162,20131215,40686.00,40700.00,22,49474,2012907046.00,39999.00,40825.00,38881.00,39999.00
31316784129157162,20131216,42262.00,42500.00,17,31530,1332532200.00,42000.00,42500.00,40686.00,42000.00
31316784129157162,20131217,43042.00,41000.00,22,65778,2831189888.00,40149.00,43899.00,42262.00,42700.00
31316784129157162,20131218,44796.00,45190.00,15,55000,2463792620.00,43250.00,45190.00,43042.00,43250.00
31316784129157162,20131221,43998.00,43998.00,4,4226,185935548.00,43998.00,43998.00,44796.00,43998.00
31316784129157162,20131222,43928.00,41799.00,12,24099,1058611861.00,41799.00,44800.00,43998.00,41800.00
31316784129157162,20131224,45690.00,45000.00,14,14000,639659273.00,44000.00,45889.00,43928.00,45888.00
31316784129157162,20131225,45545.00,45690.00,3,6000,273267500.00,45000.00,45700.00,45690.00,45000.00
31316784129157162,20131228,44921.00,44990.00,4,5230,234934300.00,43410.00,44990.00,45545.00,43410.00
31316784129157162,20131229,45998.00,45000.00,20,38037,1749644580.00,45000.00,46998.00,44921.00,46000.00
31316784129157162,20131230,44334.00,44000.00,19,64060,2840029000.00,43700.00,46889.00,45998.00,43700.00
31316784129157162,20140101,46516.00,46540.00,5,17000,790775000.00,46500.00,46540.00,44334.00,46500.00
31316784129157162,20140104,45845.00,46500.00,22,53023,2430838868.00,44200.00,46516.00,46516.00,46516.00
31316784129157162,20140105,47878.00,47400.00,4,5062,242358700.00,47400.00,47998.00,45845.00,47998.00
31316784129157162,20140106,46000.00,46000.00,4,31000,1426000000.00,46000.00,46000.00,47878.00,46000.00
31316784129157162,20140107,45436.00,43700.00,31,150590,6842210000.00,43700.00,46000.00,46000.00,46000.00
31316784129157162,20140108,46529.00,46490.00,19,107000,4978580000.00,45000.00,47000.00,45436.00,45000.00
31316784129157162,20140111,45102.00,44203.00,146,556317,25090782008.00,44203.00,47500.00,46529.00,44580.00
31316784129157162,20140112,43952.00,42847.00,41,104005,4571218035.00,42847.00,45001.00,45102.00,45001.00
31316784129157162,20140113,43336.00,41755.00,64,187920,8143776994.00,41755.00,45700.00,43952.00,41766.00
31316784129157162,20140114,41458.00,41171.00,24,38067,1578178525.00,41170.00,44950.00,43336.00,41170.00
31316784129157162,20140115,39539.00,40000.00,2,666,26333000.00,39386.00,40000.00,41458.00,39386.00
31316784129157162,20140118,40052.00,39400.00,11,14368,575471500.00,39400.00,41515.00,39539.00,40000.00
31316784129157162,20140120,40000.00,40000.00,1,1000,40000000.00,40000.00,40000.00,40052.00,40000.00
31316784129157162,20140121,38100.00,38100.00,1,1800,68580000.00,38100.00,38100.00,40000.00,38100.00
31316784129157162,20140122,40002.00,40002.00,13,25250,1010049832.00,39999.00,40005.00,38100.00,40000.00
31316784129157162,20140125,41277.00,40500.00,6,1916,79087000.00,40000.00,41999.00,40002.00,41999.00
31316784129157162,20140126,41088.00,39496.00,5,2072,85134580.00,39496.00,41997.00,41277.00,41997.00
31316784129157162,20140127,39034.00,39034.00,3,1100,42937400.00,39034.00,39034.00,41088.00,39034.00
31316784129157162,20140128,40800.00,40496.00,5,2194,89514838.00,40496.00,40962.00,39034.00,40962.00
31316784129157162,20140129,39997.00,39997.00,4,2200,87993800.00,39997.00,39999.00,40800.00,39999.00
31316784129157162,20140201,39572.00,38999.00,13,20835,824486421.00,38999.00,40000.00,39997.00,40000.00
31316784129157162,20140202,40891.00,40886.00,3,1500,61336500.00,40886.00,40894.00,39572.00,40894.00
31316784129157162,20140203,40321.00,39999.00,8,11750,473767582.00,39999.00,40795.00,40891.00,40793.00
31316784129157162,20140204,40321.00,39999.00,0,0,0.00,0.00,0.00,40321.00,0.00
31316784129157162,20140205,40321.00,39999.00,0,0,0.00,0.00,0.00,40321.00,0.00
31316784129157162,20140208,40321.00,39999.00,0,0,0.00,0.00,0.00,40321.00,0.00
31316784129157162,20140209,40321.00,39999.00,0,0,0.00,0.00,0.00,40321.00,0.00
31316784129157162,20140210,40321.00,39999.00,0,0,0.00,0.00,0.00,40321.00,0.00
31316784129157162,20140212,40321.00,39999.00,0,0,0.00,0.00,0.00,40321.00,0.00
31316784129157162,20140215,38680.00,39000.00,4,3330,128803175.00,38305.00,39000.00,40321.00,38305.00
31316784129157162,20140216,39997.00,39997.00,4,10500,419972000.00,39997.00,40000.00,38680.00,40000.00
31316784129157162,20140217,39997.00,39996.00,11,100500,4019698000.00,39996.00,39997.00,39997.00,39997.00
31316784129157162,20140218,39997.00,39997.00,0,0,0.00,0.00,0.00,39997.00,39997.00
31316784129157162,20140219,37998.00,37998.00,10,22170,842415660.00,37998.00,37998.00,39997.00,37998.00
31316784129157162,20140222,39297.00,38999.00,6,6050,237743950.00,38999.00,39897.00,37998.00,39000.00
31316784129157162,20140223,38641.00,38641.00,8,6055,233973000.00,38000.00,39297.00,39297.00,39297.00
31316784129157162,20140224,36961.00,36709.00,9,3490,128994976.00,36709.00,37000.00,38641.00,37000.00
31316784129157162,20140225,36961.00,36961.00,0,0,0.00,0.00,0.00,36961.00,36961.00
31316784129157162,20140226,38762.00,38699.00,28,22286,863850626.00,38599.00,38809.00,36961.00,38809.00
31316784129157162,20140301,39442.00,38000.00,7,5026,198234055.00,38000.00,40700.00,38762.00,40700.00
31316784129157162,20140302,39442.00,39442.00,0,0,0.00,0.00,0.00,39442.00,39442.00
31316784129157162,20140303,39442.00,39442.00,0,0,0.00,0.00,0.00,39442.00,39442.00
31316784129157162,20140304,37470.00,37470.00,7,25400,951738000.00,37470.00,37470.00,39442.00,37470.00
31316784129157162,20140305,37046.00,37450.00,17,17406,644830574.00,35597.00,37450.00,37470.00,35600.00
31316784129157162,20140308,38100.00,38100.00,2,1000,38100000.00,38100.00,38100.00,37046.00,38100.00
31316784129157162,20140309,36200.00,36195.00,12,56401,2041709895.00,36195.00,38000.00,38100.00,38000.00
31316784129157162,20140310,36200.00,36195.00,0,0,0.00,0.00,0.00,36200.00,0.00
31316784129157162,20140311,36200.00,36195.00,0,0,0.00,0.00,0.00,36200.00,0.00
31316784129157162,20140312,36200.00,36195.00,0,0,0.00,0.00,0.00,36200.00,0.00
31316784129157162,20140315,36200.00,36195.00,0,0,0.00,0.00,0.00,36200.00,0.00
31316784129157162,20140316,36200.00,36195.00,0,0,0.00,0.00,0.00,36200.00,0.00
31316784129157162,20140317,36200.00,36195.00,0,0,0.00,0.00,0.00,36200.00,0.00
31316784129157162,20140318,36200.00,36195.00,0,0,0.00,0.00,0.00,36200.00,0.00
31316784129157162,20140319,20685.00,36195.00,0,0,0.00,0.00,0.00,20685.00,0.00
31316784129157162,20140325,21378.00,25000.00,21,27000,675000000.00,25000.00,25000.00,20685.00,25000.00
31316784129157162,20140326,21378.00,25000.00,0,0,0.00,0.00,0.00,21378.00,0.00
31316784129157162,20140329,21826.00,24999.00,17,20795,519862305.00,24997.00,25000.00,21378.00,24997.00
31316784129157162,20140330,23433.00,24802.00,28,86150,2150224096.00,24802.00,24996.00,21826.00,24990.00
31316784129157162,20140331,23681.00,24600.00,24,36247,891076200.00,24000.00,24600.00,23433.00,24000.00
31316784129157162,20140405,24786.00,24750.00,7,9810,243147900.00,24750.00,24790.00,23681.00,24790.00
31316784129157162,20140406,24699.00,24699.00,2,1250,30873750.00,24699.00,24699.00,24786.00,24699.00
31316784129157162,20140407,24698.00,24698.00,13,101940,2517716060.00,24698.00,24699.00,24699.00,24699.00
31316784129157162,20140408,24669.00,24670.00,6,12532,309150396.00,23464.00,24699.00,24698.00,24699.00
31316784129157162,20140409,24479.00,24479.00,2,2000,48958000.00,24479.00,24479.00,24669.00,24479.00
31316784129157162,20140412,23993.00,23799.00,2,5187,124450413.00,23799.00,24000.00,24479.00,24000.00
31316784129157162,20140413,23993.00,23799.00,0,0,0.00,0.00,0.00,23993.00,0.00
31316784129157162,20140414,23993.00,23799.00,0,0,0.00,0.00,0.00,23993.00,0.00
31316784129157162,20140415,23993.00,23799.00,0,0,0.00,0.00,0.00,23993.00,0.00
31316784129157162,20140416,23993.00,23799.00,0,0,0.00,0.00,0.00,23993.00,0.00
31316784129157162,20140419,23993.00,23799.00,0,0,0.00,0.00,0.00,23993.00,0.00
31316784129157162,20140420,23993.00,23993.00,25,226000,5422418000.00,23993.00,23993.00,23993.00,23993.00
31316784129157162,20140421,22794.00,22794.00,3,4000,91176000.00,22794.00,22794.00,23993.00,22794.00
31316784129157162,20140422,21655.00,21655.00,3,14000,303170000.00,21655.00,21655.00,22794.00,21655.00
31316784129157162,20140423,20573.00,20573.00,5,4400,90521200.00,20573.00,20573.00,21655.00,20573.00
31316784129157162,20140426,21600.00,21600.00,6,7447,160855200.00,21600.00,21600.00,20573.00,21600.00
31316784129157162,20140427,21600.00,21600.00,0,0,0.00,0.00,0.00,21600.00,0.00
31316784129157162,20140428,22000.00,22000.00,3,11953,262964047.00,21999.00,22000.00,21600.00,21999.00
31316784129157162,20140429,22000.00,22000.00,0,0,0.00,0.00,0.00,22000.00,0.00
31316784129157162,20140430,21801.00,20900.00,4,2209,48158000.00,20900.00,22000.00,22000.00,22000.00
31316784129157162,20140503,22000.00,22000.00,4,1510,33220000.00,22000.00,22000.00,21801.00,22000.00
31316784129157162,20140504,22000.00,22000.00,0,0,0.00,0.00,0.00,22000.00,0.00
31316784129157162,20140505,20900.00,20900.00,4,90,1881000.00,20900.00,20900.00,22000.00,20900.00
31316784129157162,20140506,21636.00,21900.00,36,130000,2812679435.00,19855.00,21930.00,20900.00,19855.00
31316784129157162,20140507,21812.00,20555.00,5,20000,436234155.00,20555.00,22000.00,21636.00,22000.00
31316784129157162,20140510,21812.00,20555.00,0,0,0.00,0.00,0.00,21812.00,0.00
31316784129157162,20140511,21812.00,20555.00,0,0,0.00,0.00,0.00,21812.00,0.00
31316784129157162,20140512,20722.00,20722.00,5,13000,269386000.00,20722.00,20722.00,21812.00,20722.00
31316784129157162,20140514,20722.00,20722.00,0,0,0.00,0.00,0.00,20722.00,20722.00
31316784129157162,20140517,21758.00,21758.00,2,2000,43516000.00,21758.00,21758.00,20722.00,21758.00
31316784129157162,20140518,21619.00,22500.00,8,5345,115554500.00,20671.00,22500.00,21758.00,20671.00
31316784129157162,20140519,22697.00,22693.00,4,5000,113484000.00,22693.00,22699.00,21619.00,22699.00
31316784129157162,20140520,22673.00,22698.00,4,2000,45347000.00,22600.00,22698.00,22697.00,22600.00
31316784129157162,20140521,22212.00,22570.00,26,97000,2154575000.00,21540.00,22586.00,22673.00,21540.00
31316784129157162,20140524,22477.00,22360.00,5,3510,78892935.00,22360.00,22499.00,22212.00,22490.00
31316784129157162,20140525,22277.00,22300.00,27,22437,499827698.00,21354.00,22524.00,22477.00,22524.00
31316784129157162,20140526,22411.00,22199.00,8,12068,270450758.00,22000.00,22500.00,22277.00,22000.00
31316784129157162,20140528,22055.00,22199.00,15,50073,1104382323.00,21291.00,22300.00,22411.00,21291.00
31316784129157162,20140531,21709.00,22498.00,28,63922,1387655014.00,20953.00,22498.00,22055.00,22000.00
31316784129157162,20140601,20691.00,20632.00,6,5235,108316400.00,20632.00,22000.00,21709.00,22000.00
31316784129157162,20140602,21666.00,21650.00,21,24139,522991878.00,19663.00,21719.00,20691.00,19663.00
31316784129157162,20140603,22000.00,21970.00,18,13329,293237700.00,21970.00,22000.00,21666.00,22000.00
31316784129157162,20140607,21707.00,21900.00,15,14268,309717000.00,21000.00,22000.00,22000.00,22000.00
31316784129157162,20140608,21473.00,21897.00,14,42733,917599547.00,21000.00,21900.00,21707.00,21900.00
31316784129157162,20140609,21312.00,21390.00,22,19340,412170380.00,21000.00,21990.00,21473.00,21990.00
31316784129157162,20140610,21312.00,21390.00,0,0,0.00,0.00,0.00,21312.00,0.00
31316784129157162,20140611,21312.00,21390.00,0,0,0.00,0.00,0.00,21312.00,0.00
31316784129157162,20140614,21312.00,21390.00,0,0,0.00,0.00,0.00,21312.00,0.00
31316784129157162,20140615,20712.00,21390.00,0,0,0.00,0.00,0.00,20712.00,0.00
31316784129157162,20140616,20712.00,21390.00,0,0,0.00,0.00,0.00,20712.00,0.00
31316784129157162,20140617,20712.00,21390.00,0,0,0.00,0.00,0.00,20712.00,0.00
31316784129157162,20140618,21558.00,21480.00,20,80000,1799055500.00,21480.00,22870.00,20712.00,22870.00
31316784129157162,20140621,21526.00,21485.00,20,70050,1504715500.00,21470.00,21490.00,21558.00,21480.00
31316784129157162,20140622,21526.00,21485.00,0,0,0.00,0.00,0.00,21526.00,0.00
31316784129157162,20140623,21497.00,21285.00,4,20000,425684623.00,21284.00,21285.00,21526.00,21284.00
31316784129157162,20140624,21261.00,21262.00,5,20000,425230000.00,21261.00,21262.00,21497.00,21261.00
31316784129157162,20140625,21261.00,21262.00,0,0,0.00,0.00,0.00,21261.00,0.00
31316784129157162,20140628,21261.00,21262.00,0,0,0.00,0.00,0.00,21261.00,0.00
31316784129157162,20140629,20803.00,21120.00,30,117000,2433997944.00,20198.00,21127.00,21261.00,20198.00
31316784129157162,20140630,19999.00,19999.00,17,128000,2559872000.00,19999.00,19999.00,20803.00,19999.00
31316784129157162,20140701,19028.00,19000.00,12,20803,395834000.00,19000.00,19289.00,19999.00,19000.00
31316784129157162,20140702,18077.00,18077.00,2,1030,18619310.00,18077.00,18077.00,19028.00,18077.00
31316784129157162,20140705,17554.00,17500.00,11,11220,196950300.00,17500.00,17600.00,18077.00,17600.00
31316784129157162,20140706,17500.00,17500.00,2,748,13090000.00,17500.00,17500.00,17554.00,17500.00
31316784129157162,20140707,17615.00,17997.00,7,2870,50555500.00,16625.00,18300.00,17500.00,16625.00
31316784129157162,20140708,18285.00,18000.00,13,96862,1771084000.00,18000.00,18300.00,17615.00,18290.00
31316784129157162,20140709,18855.00,19199.00,15,29820,562241500.00,18300.00,19199.00,18285.00,18300.00
31316784129157162,20140712,18537.00,18301.00,3,1510,27991000.00,18301.00,19000.00,18855.00,19000.00
31316784129157162,20140713,18537.00,18537.00,0,0,0.00,0.00,0.00,18537.00,18537.00
31316784129157162,20140714,18537.00,18537.00,0,0,0.00,0.00,0.00,18537.00,18537.00
31316784129157162,20140715,18537.00,18537.00,0,0,0.00,0.00,0.00,18537.00,18537.00
31316784129157162,20140716,18159.00,17700.00,3,2330,42310870.00,17700.00,18989.00,18537.00,18989.00
31316784129157162,20140720,18495.00,17600.00,6,2021,37377400.00,17600.00,18998.00,18159.00,18990.00
31316784129157162,20140721,18495.00,17600.00,0,0,0.00,0.00,0.00,18495.00,0.00
31316784129157162,20140722,18495.00,17600.00,0,0,0.00,0.00,0.00,18495.00,0.00
31316784129157162,20140723,18978.00,19100.00,6,8230,156188000.00,18900.00,19100.00,18495.00,18900.00
31316784129157162,20140726,18978.00,19100.00,0,0,0.00,0.00,0.00,18978.00,0.00
31316784129157162,20140727,18976.00,18500.00,27,125958,2390137910.00,18030.00,19285.00,18978.00,18031.00
31316784129157162,20140728,18999.00,18999.00,1,1000,18999000.00,18999.00,18999.00,18976.00,18999.00
31316784129157162,20140802,18999.00,18999.00,0,0,0.00,0.00,0.00,18999.00,0.00
31316784129157162,20140803,18756.00,18999.00,5,2690,50452990.00,18050.00,18999.00,18999.00,18050.00
31316784129157162,20140804,18800.00,19190.00,38,101320,1904800242.00,18050.00,19190.00,18756.00,18050.00
31316784129157162,20140805,18800.00,18800.00,0,0,0.00,0.00,0.00,18800.00,18800.00
31316784129157162,20140806,18976.00,18997.00,8,65137,1236014552.00,18050.00,18997.00,18800.00,18050.00
31316784129157162,20140809,18050.00,18050.00,5,10299,185896950.00,18050.00,18050.00,18976.00,18050.00
31316784129157162,20140810,18050.00,18050.00,0,0,0.00,0.00,0.00,18050.00,18050.00
31316784129157162,20140811,18080.00,18080.00,1,1000,18080000.00,18080.00,18080.00,18050.00,18080.00
31316784129157162,20140812,18080.00,18080.00,0,0,0.00,0.00,0.00,18080.00,18080.00
31316784129157162,20140813,17586.00,18400.00,4,10493,184527500.00,17500.00,18400.00,18080.00,17500.00
31316784129157162,20140816,17347.00,17300.00,6,34000,589800000.00,17200.00,17500.00,17586.00,17500.00
31316784129157162,20140817,17347.00,17300.00,0,0,0.00,0.00,0.00,17347.00,0.00
31316784129157162,20140818,17500.00,17500.00,2,1750,30625000.00,17500.00,17500.00,17347.00,17500.00
31316784129157162,20140819,17500.00,17500.00,0,0,0.00,0.00,0.00,17500.00,0.00
31316784129157162,20140820,17500.00,17500.00,1,35,612500.00,17500.00,17500.00,17500.00,17500.00
31316784129157162,20140823,17500.00,17500.00,0,0,0.00,0.00,0.00,17500.00,0.00
31316784129157162,20140824,17503.00,17503.00,1,7000,122521000.00,17503.00,17503.00,17500.00,17503.00
31316784129157162,20140825,17014.00,17000.00,3,2087,35509000.00,17000.00,17200.00,17503.00,17200.00
31316784129157162,20140826,17313.00,17000.00,5,9958,172405000.00,17000.00,17700.00,17014.00,17500.00
31316784129157162,20140827,17104.00,17960.00,11,10000,171041600.00,17000.00,17960.00,17313.00,17000.00
31316784129157162,20140830,16500.00,16500.00,1,673,11104500.00,16500.00,16500.00,17104.00,16500.00
31316784129157162,20140831,17265.00,17325.00,3,3960,68370000.00,16500.00,17325.00,16500.00,16500.00
31316784129157162,20140901,17265.00,17265.00,0,0,0.00,0.00,0.00,17265.00,17265.00
31316784129157162,20140902,18121.00,18128.00,4,10415,188733400.00,17960.00,18128.00,17265.00,17960.00
31316784129157162,20140903,18862.00,19027.00,102,160015,3018152225.00,18149.00,19027.00,18121.00,18149.00
31316784129157162,20140906,19805.00,19805.00,42,159620,3161274100.00,19805.00,19805.00,18862.00,19805.00
31316784129157162,20140907,20779.00,20795.00,7,16000,332457500.00,20770.00,20795.00,19805.00,20770.00
31316784129157162,20140908,20718.00,20200.00,35,58501,1212021339.00,19741.00,21790.00,20779.00,21790.00
31316784129157162,20140909,21123.00,19683.00,43,102952,2174688293.00,19683.00,21690.00,20718.00,21690.00
31316784129157162,20140910,21123.00,19683.00,0,0,0.00,0.00,0.00,21123.00,0.00
31316784129157162,20140913,21123.00,19683.00,0,0,0.00,0.00,0.00,21123.00,0.00
31316784129157162,20140914,21123.00,19683.00,0,0,0.00,0.00,0.00,21123.00,0.00
31316784129157162,20140915,17743.00,19683.00,0,0,0.00,0.00,0.00,17743.00,0.00
31316784129157162,20140916,17743.00,19683.00,0,0,0.00,0.00,0.00,17743.00,0.00
31316784129157162,20140917,17743.00,19683.00,0,0,0.00,0.00,0.00,17743.00,0.00
31316784129157162,20140920,17743.00,19683.00,0,0,0.00,0.00,0.00,17743.00,0.00
31316784129157162,20140921,17743.00,19683.00,0,0,0.00,0.00,0.00,17743.00,0.00
31316784129157162,20140922,17743.00,19683.00,0,0,0.00,0.00,0.00,17743.00,0.00
31316784129157162,20140923,17743.00,17650.00,2,100,1765000.00,17650.00,17650.00,17743.00,17650.00
31316784129157162,20140924,17741.00,17400.00,2,1000,17400000.00,17400.00,17400.00,17743.00,17400.00
31316784129157162,20140927,17483.00,16490.00,17,33747,547081980.00,15000.00,16490.00,17741.00,15000.00
31316784129157162,20140928,17456.00,17830.00,17,44977,780893345.00,16600.00,17900.00,17483.00,17120.00
31316784129157162,20140929,17591.00,18700.00,10,20638,387354700.00,18700.00,18800.00,17456.00,18700.00
31316784129157162,20140930,17929.00,18960.00,17,60785,1136847015.00,18002.00,18999.00,17591.00,18200.00
31316784129157162,20141001,18668.00,19800.00,46,111517,2147089824.00,18888.00,19800.00,17929.00,18888.00
31316784129157162,20141004,19539.00,19601.00,8,2863,55940825.00,19500.00,19601.00,18668.00,19500.00
31316784129157162,20141006,20000.00,19900.00,6,8913,178260787.00,19601.00,20499.00,19539.00,20499.00
31316784129157162,20141007,19977.00,19901.00,8,8800,175794400.00,19901.00,20000.00,20000.00,20000.00
31316784129157162,20141008,19793.00,20497.00,14,34876,690296000.00,18979.00,20497.00,19977.00,19790.00
31316784129157162,20141011,19793.00,20497.00,0,0,0.00,0.00,0.00,19793.00,0.00
31316784129157162,20141012,19793.00,20497.00,0,0,0.00,0.00,0.00,19793.00,0.00
31316784129157162,20141014,19793.00,20497.00,0,0,0.00,0.00,0.00,19793.00,0.00
31316784129157162,20141015,20116.00,20299.00,6,3166,63685996.00,19500.00,20299.00,19793.00,19500.00
31316784129157162,20141018,20290.00,20290.00,3,1000,20290000.00,20290.00,20290.00,20116.00,20290.00
31316784129157162,20141019,20259.00,20299.00,11,5434,110086827.00,20198.00,20299.00,20290.00,20198.00
31316784129157162,20141020,20907.00,21210.00,16,37574,785542016.00,20298.00,21230.00,20259.00,20299.00
31316784129157162,20141021,20907.00,20907.00,0,0,0.00,0.00,0.00,20907.00,20907.00
31316784129157162,20141022,20907.00,20907.00,0,0,0.00,0.00,0.00,20907.00,0.00
31316784129157162,20141025,20200.00,20200.00,3,9000,181800000.00,20200.00,20200.00,20907.00,20200.00
31316784129157162,20141026,20676.00,20700.00,35,68198,1410081713.00,19500.00,21200.00,20200.00,20200.00
31316784129157162,20141027,21709.00,21709.00,80,154518,3354401091.00,21700.00,21709.00,20676.00,21707.00
31316784129157162,20141028,22000.00,22000.00,4,1071,23562000.00,22000.00,22000.00,21709.00,22000.00
31316784129157162,20141029,22693.00,22794.00,21,56926,1291817864.00,22500.00,22794.00,22000.00,22500.00
31316784129157162,20141101,22404.00,22700.00,11,27200,609402420.00,22000.00,22700.00,22693.00,22700.00
31316784129157162,20141102,22698.00,22700.00,9,18300,415380000.00,22690.00,22700.00,22404.00,22700.00
31316784129157162,20141105,21695.00,21564.00,9,16884,366299952.00,21564.00,22620.00,22698.00,22620.00
31316784129157162,20141108,22748.00,22700.00,61,70925,1613407500.00,22670.00,22779.00,21695.00,22670.00
31316784129157162,20141109,23497.00,23499.00,86,73825,1734671965.00,23490.00,23500.00,22748.00,23500.00
31316784129157162,20141110,23497.00,23497.00,0,0,0.00,0.00,0.00,23497.00,23497.00
31316784129157162,20141111,23789.00,23789.00,2,3260,77552140.00,23789.00,23789.00,23497.00,23789.00
31316784129157162,20141112,23179.00,23800.00,133,237869,5513662082.00,22600.00,24190.00,23789.00,23600.00
31316784129157162,20141115,24299.00,23980.00,15,17348,421547305.00,23980.00,24337.00,23179.00,24337.00
31316784129157162,20141116,23223.00,23940.00,8,15200,352993600.00,23100.00,23940.00,24299.00,23115.00
31316784129157162,20141117,24045.00,23970.00,16,24580,591035900.00,23970.00,24179.00,23223.00,23980.00
31316784129157162,20141118,24110.00,24110.00,46,152050,3665882700.00,23979.00,25247.00,24045.00,23979.00
31316784129157162,20141119,23368.00,23899.00,34,67413,1575287924.00,23000.00,24795.00,24110.00,24099.00
31316784129157162,20141122,23006.00,23001.00,31,100217,2305637571.00,23000.00,23500.00,23368.00,23500.00
31316784129157162,20141123,23007.00,23008.00,5,17212,395990272.00,23006.00,23008.00,23006.00,23006.00
31316784129157162,20141124,23007.00,23008.00,0,0,0.00,0.00,0.00,23007.00,0.00
31316784129157162,20141125,23406.00,23000.00,3,1062,24856920.00,23000.00,23684.00,23007.00,23684.00
31316784129157162,20141126,22236.00,22236.00,8,9134,203103624.00,22236.00,22236.00,23406.00,22236.00
31316784129157162,20141129,23326.00,23000.00,38,43623,1017540574.00,23000.00,23347.00,22236.00,23347.00
31316784129157162,20141130,23445.00,23399.00,11,16905,396335800.00,23000.00,23490.00,23326.00,23490.00
31316784129157162,20141201,24386.00,24560.00,52,146717,3577825153.00,23460.00,24617.00,23445.00,23460.00
31316784129157162,20141202,25564.00,25605.00,63,142323,3638286404.00,24513.00,25605.00,24386.00,25000.00
31316784129157162,20141203,26834.00,26795.00,65,119071,3195131367.00,25515.00,26842.00,25564.00,26842.00
31316784129157162,20141206,25493.00,25493.00,1,390,9942270.00,25493.00,25493.00,26834.00,25493.00
31316784129157162,20141207,24389.00,24250.00,76,217947,5315484101.00,24219.00,25477.00,25493.00,24219.00
31316784129157162,20141208,25076.00,25049.00,19,19252,482768824.00,24990.00,25250.00,24389.00,25250.00
31316784129157162,20141209,25451.00,25438.00,18,57988,1475834976.00,25430.00,25479.00,25076.00,25479.00
31316784129157162,20141210,25307.00,24179.00,42,111070,2810806830.00,24179.00,25493.00,25451.00,25288.00
31316784129157162,20141214,24042.00,24042.00,1,350,8414700.00,24042.00,24042.00,25307.00,24042.00
31316784129157162,20141215,24037.00,24249.00,52,109460,2631040708.00,22840.00,24980.00,24042.00,22840.00
31316784129157162,20141216,24996.00,24997.00,17,35000,874860602.00,24996.00,24997.00,24037.00,24996.00
31316784129157162,20141217,23882.00,23747.00,6,6726,160627296.00,23747.00,24490.00,24996.00,23747.00
31316784129157162,20141220,23430.00,22705.00,14,30844,722681516.00,22688.00,24500.00,23882.00,22688.00
31316784129157162,20141222,24437.00,24600.00,15,50000,1221853172.00,24330.00,24600.00,23430.00,24330.00
31316784129157162,20141224,23216.00,23216.00,2,4450,103311200.00,23216.00,23216.00,24437.00,23216.00
31316784129157162,20141227,23216.00,23216.00,0,0,0.00,0.00,0.00,23216.00,23216.00
31316784129157162,20141228,23216.00,23216.00,0,0,0.00,0.00,0.00,23216.00,23216.00
31316784129157162,20141229,22059.00,22056.00,6,23000,507350000.00,22056.00,22060.00,23216.00,22060.00
31316784129157162,20141230,23110.00,23095.00,5,405,9359540.00,23095.00,23149.00,22059.00,23149.00
31316784129157162,20141231,22441.00,21955.00,4,2000,44882000.00,21955.00,23899.00,23110.00,21955.00
31316784129157162,20150103,21594.00,21319.00,5,11507,248486050.00,21319.00,23500.00,22441.00,23500.00
31316784129157162,20150104,20531.00,20515.00,9,12450,255608250.00,20515.00,22480.00,21594.00,20515.00
31316784129157162,20150105,19971.00,19505.00,12,21000,419398000.00,19505.00,20736.00,20531.00,20531.00
31316784129157162,20150106,20299.00,20520.00,5,3500,71047500.00,18975.00,20520.00,19971.00,18975.00
31316784129157162,20150107,19962.00,20300.00,2,1500,29942500.00,19285.00,20300.00,20299.00,19285.00
31316784129157162,20150110,19962.00,20300.00,0,0,0.00,0.00,0.00,19962.00,0.00
31316784129157162,20150111,19332.00,18964.00,4,14060,271813840.00,18964.00,20000.00,19962.00,20000.00
31316784129157162,20150112,19896.00,20250.00,4,2480,49341600.00,18420.00,20250.00,19332.00,18420.00
31316784129157162,20150113,18975.00,18902.00,2,5362,101746380.00,18902.00,19990.00,19896.00,19990.00
31316784129157162,20150114,19919.00,19919.00,4,1300,25895300.00,19915.00,19920.00,18975.00,19915.00
31316784129157162,20150117,19018.00,18924.00,7,9123,173499252.00,18924.00,19200.00,19919.00,19200.00
31316784129157162,20150118,18073.00,18068.00,6,6608,119425528.00,18068.00,18366.00,19018.00,18366.00
31316784129157162,20150119,18852.00,18969.00,3,2000,37704100.00,18500.00,18975.00,18073.00,18975.00
31316784129157162,20150120,18852.00,18852.00,0,0,0.00,0.00,0.00,18852.00,18852.00
31316784129157162,20150121,18852.00,18852.00,0,0,0.00,0.00,0.00,18852.00,0.00
31316784129157162,20150124,17910.00,17910.00,1,900,16119000.00,17910.00,17910.00,18852.00,17910.00
31316784129157162,20150125,18496.00,18496.00,1,1000,18496000.00,18496.00,18496.00,17910.00,18496.00
31316784129157162,20150126,18496.00,18496.00,0,0,0.00,0.00,0.00,18496.00,0.00
31316784129157162,20150127,18496.00,18496.00,0,0,0.00,0.00,0.00,18496.00,0.00
31316784129157162,20150128,17572.00,17572.00,5,3792,66633024.00,17572.00,17572.00,18496.00,17572.00
31316784129157162,20150131,16938.00,17000.00,15,30826,522132756.00,16702.00,18069.00,17572.00,16710.00
31316784129157162,20150201,16633.00,17737.00,4,6500,108115900.00,16500.00,17737.00,16938.00,16500.00
31316784129157162,20150202,17460.00,17460.00,3,550,9603000.00,17460.00,17460.00,16633.00,17460.00
31316784129157162,20150203,18237.00,18333.00,10,14450,263529100.00,18200.00,18333.00,17460.00,18200.00
31316784129157162,20150204,19106.00,18000.00,21,63584,1214853800.00,17328.00,19148.00,18237.00,19148.00
31316784129157162,20150207,19700.00,19699.00,2,1060,20881940.00,19699.00,19700.00,19106.00,19700.00
31316784129157162,20150208,19700.00,19700.00,0,0,0.00,0.00,0.00,19700.00,19700.00
31316784129157162,20150209,18715.00,18715.00,1,500,9357500.00,18715.00,18715.00,19700.00,18715.00
31316784129157162,20150210,17780.00,17780.00,7,2653,47170340.00,17780.00,17780.00,18715.00,17780.00
31316784129157162,20150214,18643.00,18659.00,2,1010,18829000.00,17000.00,18659.00,17780.00,17000.00
31316784129157162,20150215,17711.00,17711.00,3,356,6305116.00,17711.00,17711.00,18643.00,17711.00
31316784129157162,20150216,17789.00,17711.00,8,1010,17967010.00,17711.00,18500.00,17711.00,18500.00
31316784129157162,20150217,18490.00,18399.00,2,1100,20338900.00,18399.00,18499.00,17789.00,18499.00
31316784129157162,20150218,18399.00,18399.00,10,4250,78195600.00,18398.00,18399.00,18490.00,18399.00
31316784129157162,20150221,18399.00,18399.00,0,0,0.00,0.00,0.00,18399.00,0.00
31316784129157162,20150222,18366.00,18398.00,3,1200,22038800.00,18000.00,18399.00,18399.00,18399.00
31316784129157162,20150223,18366.00,18398.00,0,0,0.00,0.00,0.00,18366.00,0.00
31316784129157162,20150224,18133.00,18000.00,3,3225,58478500.00,18000.00,18350.00,18366.00,18350.00
31316784129157162,20150225,18150.00,18150.00,2,1100,19965000.00,18150.00,18150.00,18133.00,18150.00
31316784129157162,20150228,18000.00,18000.00,3,1182,21276000.00,18000.00,18000.00,18150.00,18000.00
31316784129157162,20150301,17800.00,17800.00,3,550,9790000.00,17800.00,17800.00,18000.00,17800.00
31316784129157162,20150302,17800.00,17800.00,0,0,0.00,0.00,0.00,17800.00,17800.00
31316784129157162,20150303,16998.00,16998.00,2,822,13972356.00,16998.00,16998.00,17800.00,16998.00
31316784129157162,20150304,16999.00,16999.00,1,100,1699900.00,16999.00,16999.00,16998.00,16999.00
31316784129157162,20150307,16159.00,16150.00,11,28045,453188495.00,16150.00,16170.00,16999.00,16150.00
31316784129157162,20150308,16295.00,16295.00,3,1200,19554000.00,16295.00,16295.00,16159.00,16295.00
31316784129157162,20150309,16195.00,16200.00,7,8800,142513770.00,15501.00,16257.00,16295.00,15501.00
31316784129157162,20150310,15520.00,15990.00,9,18071,280454191.00,15386.00,15998.00,16195.00,15501.00
31316784129157162,20150311,15998.00,15990.00,10,69500,1111845000.00,15990.00,15999.00,15520.00,15999.00
31316784129157162,20150314,16229.00,16200.00,9,52029,844372390.00,16200.00,16230.00,15998.00,16230.00
31316784129157162,20150315,16420.00,15418.00,25,85269,1400091181.00,15418.00,16996.00,16229.00,16996.00
31316784129157162,20150316,16514.00,16640.00,41,240312,3968398090.00,16099.00,16640.00,16420.00,16639.00
31316784129157162,20150317,16798.00,16797.00,50,130704,2195524560.00,16640.00,16799.00,16514.00,16640.00
31316784129157162,20150318,16588.00,15959.00,21,93613,1552858867.00,15959.00,16794.00,16798.00,16794.00
31316784129157162,20150325,16885.00,17000.00,3,3000,50656440.00,16880.00,17000.00,16588.00,16880.00
31316784129157162,20150328,17013.00,17600.00,14,61403,1044635000.00,16997.00,17600.00,16885.00,17000.00
31316784129157162,20150329,17846.00,17800.00,4,13700,244490000.00,17800.00,17863.00,17013.00,17863.00
31316784129157162,20150330,18567.00,18600.00,6,6000,111404400.00,18000.00,18600.00,17846.00,18000.00
31316784129157162,20150331,18692.00,18000.00,12,14374,268672000.00,18000.00,18994.00,18567.00,18994.00
31316784129157162,20150404,19495.00,19495.00,1,200,3899000.00,19495.00,19495.00,18692.00,19495.00
31316784129157162,20150405,20385.00,20370.00,4,5880,119862720.00,20370.00,20469.00,19495.00,20469.00
31316784129157162,20150406,19500.00,19500.00,1,290,5655000.00,19500.00,19500.00,20385.00,19500.00
31316784129157162,20150407,18525.00,18525.00,4,20000,370500000.00,18525.00,18525.00,19500.00,18525.00
31316784129157162,20150408,18519.00,18519.00,5,10000,185190000.00,18519.00,18519.00,18525.00,18519.00
31316784129157162,20150411,18519.00,18519.00,0,0,0.00,0.00,0.00,18519.00,0.00
31316784129157162,20150412,18519.00,18519.00,0,0,0.00,0.00,0.00,18519.00,0.00
31316784129157162,20150413,18519.00,18519.00,0,0,0.00,0.00,0.00,18519.00,0.00
31316784129157162,20150414,17594.00,17594.00,24,90300,1588738200.00,17594.00,17594.00,18519.00,17594.00
31316784129157162,20150415,17379.00,16715.00,18,59379,1031921845.00,16715.00,17500.00,17594.00,17500.00
31316784129157162,20150418,17379.00,16715.00,0,0,0.00,0.00,0.00,17379.00,0.00
31316784129157162,20150419,16997.00,16600.00,10,20053,340839800.00,16600.00,16998.00,17379.00,16998.00
31316784129157162,20150420,16159.00,16148.00,24,13869,224109612.00,16148.00,16300.00,16997.00,16300.00
31316784129157162,20150421,16949.00,16965.00,15,34365,582463385.00,16949.00,16965.00,16159.00,16949.00
31316784129157162,20150422,16224.00,16898.00,3,590,9571900.00,16102.00,16900.00,16949.00,16900.00
31316784129157162,20150425,15421.00,15413.00,8,7664,118188032.00,15413.00,16669.00,16224.00,16669.00
31316784129157162,20150426,14668.00,14650.00,19,14045,206017350.00,14650.00,14700.00,15421.00,14700.00
31316784129157162,20150427,14022.00,13935.00,12,22564,316387204.00,13935.00,14101.00,14668.00,14101.00
31316784129157162,20150428,13322.00,13321.00,5,9084,121013964.00,13321.00,13323.00,14022.00,13323.00
31316784129157162,20150429,13800.00,13800.00,6,4913,67799400.00,13800.00,13800.00,13322.00,13800.00
31316784129157162,20150503,13800.00,13800.00,1,1000,13800000.00,13800.00,13800.00,13800.00,13800.00
31316784129157162,20150504,13196.00,13110.00,8,6381,84200710.00,13110.00,14459.00,13800.00,13110.00
31316784129157162,20150505,13365.00,13840.00,5,740,9889790.00,12537.00,13840.00,13196.00,12537.00
31316784129157162,20150506,13365.00,13365.00,0,0,0.00,0.00,0.00,13365.00,13365.00
31316784129157162,20150509,13365.00,13365.00,0,0,0.00,0.00,0.00,13365.00,0.00
31316784129157162,20150510,13365.00,13365.00,0,0,0.00,0.00,0.00,13365.00,0.00
31316784129157162,20150511,13800.00,13790.00,2,2265,31256350.00,13790.00,13800.00,13365.00,13800.00
31316784129157162,20150512,13800.00,13790.00,0,0,0.00,0.00,0.00,13800.00,0.00
31316784129157162,20150513,13800.00,13790.00,0,0,0.00,0.00,0.00,13800.00,0.00
31316784129157162,20150517,13800.00,13800.00,1,146,2014800.00,13800.00,13800.00,13800.00,13800.00
31316784129157162,20150518,13800.00,13800.00,0,0,0.00,0.00,0.00,13800.00,0.00
31316784129157162,20150519,13800.00,13800.00,0,0,0.00,0.00,0.00,13800.00,0.00
31316784129157162,20150520,13800.00,13800.00,2,122,1683600.00,13800.00,13800.00,13800.00,13800.00
31316784129157162,20150523,13773.00,13800.00,7,37490,516344700.00,13750.00,13800.00,13800.00,13750.00
31316784129157162,20150524,13125.00,13085.00,3,530,6956500.00,13085.00,13800.00,13773.00,13800.00
31316784129157162,20150525,13779.00,13781.00,23,190312,2622291420.00,13085.00,13781.00,13125.00,13085.00
31316784129157162,20150526,14439.00,14439.00,5,1135,16388265.00,14439.00,14439.00,13779.00,14439.00
31316784129157162,20150527,14425.00,14399.00,6,29040,418905880.00,14399.00,14440.00,14439.00,14440.00
31316784129157162,20150530,14438.00,14399.00,13,2080,30030300.00,14399.00,14440.00,14425.00,14440.00
31316784129157162,20150531,14344.00,14398.00,9,272,3901476.00,14100.00,14399.00,14438.00,14100.00
31316784129157162,20150601,14340.00,13627.00,57,174198,2498023014.00,13627.00,14400.00,14344.00,14200.00
31316784129157162,20150602,14340.00,13627.00,0,0,0.00,0.00,0.00,14340.00,0.00
31316784129157162,20150606,14340.00,13627.00,0,0,0.00,0.00,0.00,14340.00,0.00
31316784129157162,20150607,14340.00,13627.00,0,0,0.00,0.00,0.00,14340.00,0.00
31316784129157162,20150608,14340.00,13627.00,0,0,0.00,0.00,0.00,14340.00,0.00
31316784129157162,20150609,13240.00,13627.00,0,0,0.00,0.00,0.00,13240.00,0.00
31316784129157162,20150610,13244.00,13329.00,2,10000,133290000.00,13329.00,13329.00,13240.00,13329.00
31316784129157162,20150613,13235.00,13244.00,4,6500,84227000.00,12500.00,13244.00,13244.00,12500.00
31316784129157162,20150614,13164.00,13000.00,17,58948,765904820.00,12980.00,13000.00,13235.00,12980.00
31316784129157162,20150615,13200.00,13200.00,41,400110,5281452000.00,13200.00,13200.00,13164.00,13200.00
31316784129157162,20150616,12999.00,12999.00,1,213,2768787.00,12999.00,12999.00,13200.00,12999.00
31316784129157162,20150617,13000.00,13000.00,1,320,4160000.00,13000.00,13000.00,12999.00,13000.00
31316784129157162,20150620,13000.00,13000.00,0,0,0.00,0.00,0.00,13000.00,0.00
31316784129157162,20150621,13000.00,13000.00,3,20833,270829000.00,13000.00,13000.00,13000.00,13000.00
31316784129157162,20150622,13000.00,13000.00,1,1864,24232000.00,13000.00,13000.00,13000.00,13000.00
31316784129157162,20150623,13000.00,13000.00,0,0,0.00,0.00,0.00,13000.00,0.00
31316784129157162,20150624,12690.00,12350.00,5,3361,42652350.00,12350.00,12900.00,13000.00,12350.00
31316784129157162,20150627,12690.00,12350.00,0,0,0.00,0.00,0.00,12690.00,0.00
31316784129157162,20150628,12690.00,12350.00,0,0,0.00,0.00,0.00,12690.00,0.00
31316784129157162,20150629,12690.00,12350.00,0,0,0.00,0.00,0.00,12690.00,0.00
31316784129157162,20150630,12690.00,12350.00,0,0,0.00,0.00,0.00,12690.00,0.00
31316784129157162,20150701,9330.00,12350.00,0,0,0.00,0.00,0.00,9330.00,0.00
31316784129157162,20150704,9330.00,12350.00,0,0,0.00,0.00,0.00,9330.00,0.00
31316784129157162,20150705,9330.00,12350.00,0,0,0.00,0.00,0.00,9330.00,0.00
31316784129157162,20150706,9331.00,10299.00,1,260,2677740.00,10299.00,10299.00,9330.00,10299.00
31316784129157162,20150707,9331.00,10299.00,0,0,0.00,0.00,0.00,9331.00,0.00
31316784129157162,20150711,9331.00,10299.00,0,0,0.00,0.00,0.00,9331.00,0.00
31316784129157162,20150712,9785.00,9785.00,7,303000,2964870000.00,9785.00,9790.00,9331.00,9790.00
31316784129157162,20150713,9946.00,9949.00,14,300120,2984919360.00,9778.00,9949.00,9785.00,9778.00
31316784129157162,20150714,9946.00,9949.00,0,0,0.00,0.00,0.00,9946.00,0.00
31316784129157162,20150715,9946.00,9949.00,0,0,0.00,0.00,0.00,9946.00,0.00
31316784129157162,20150719,9946.00,9949.00,0,0,0.00,0.00,0.00,9946.00,0.00
31316784129157162,20150720,10438.00,9450.00,5,200140,2089123000.00,9450.00,10439.00,9946.00,10439.00
31316784129157162,20150721,10438.00,9450.00,0,0,0.00,0.00,0.00,10438.00,0.00
31316784129157162,20150722,9917.00,9917.00,55,2400000,23800800000.00,9917.00,9917.00,10438.00,9917.00
31316784129157162,20150725,9917.00,9917.00,6,300000,2975100000.00,9917.00,9917.00,9917.00,9917.00
31316784129157162,20150726,9917.00,9917.00,0,0,0.00,0.00,0.00,9917.00,0.00
31316784129157162,20150727,9917.00,9917.00,0,0,0.00,0.00,0.00,9917.00,0.00
31316784129157162,20150728,9950.00,9950.00,1,700,6965000.00,9950.00,9950.00,9917.00,9950.00
31316784129157162,20150729,9950.00,9950.00,0,0,0.00,0.00,0.00,9950.00,0.00
31316784129157162,20150801,9700.00,9700.00,3,20000,194000000.00,9700.00,9700.00,9950.00,9700.00
31316784129157162,20150802,9700.00,9700.00,1,5132,49780400.00,9700.00,9700.00,9700.00,9700.00
31316784129157162,20150803,9700.00,9700.00,0,0,0.00,0.00,0.00,9700.00,0.00
31316784129157162,20150804,9700.00,9700.00,0,0,0.00,0.00,0.00,9700.00,0.00
31316784129157162,20150805,9700.00,9700.00,0,0,0.00,0.00,0.00,9700.00,0.00
31316784129157162,20150808,9700.00,9700.00,0,0,0.00,0.00,0.00,9700.00,0.00
31316784129157162,20150809,9700.00,9700.00,0,0,0.00,0.00,0.00,9700.00,0.00
31316784129157162,20150810,9750.00,9750.00,1,3187,31073250.00,9750.00,9750.00,9700.00,9750.00
31316784129157162,20150812,9750.00,9750.00,0,0,0.00,0.00,0.00,9750.00,0.00
31316784129157162,20150815,9750.00,9750.00,0,0,0.00,0.00,0.00,9750.00,0.00
31316784129157162,20150816,9964.00,9980.00,16,319753,3185870540.00,9500.00,9980.00,9750.00,9500.00
31316784129157162,20150817,9973.00,9978.00,10,362000,3610287000.00,9949.00,9978.00,9964.00,9949.00
31316784129157162,20150818,9475.00,9475.00,3,19000,180025000.00,9475.00,9475.00,9973.00,9475.00
31316784129157162,20150819,9475.00,9475.00,0,0,0.00,0.00,0.00,9475.00,0.00
31316784129157162,20150822,9475.00,9475.00,0,0,0.00,0.00,0.00,9475.00,0.00
31316784129157162,20150823,9475.00,9475.00,0,0,0.00,0.00,0.00,9475.00,0.00
31316784129157162,20150824,9475.00,9475.00,0,0,0.00,0.00,0.00,9475.00,0.00
31316784129157162,20150825,9002.00,9002.00,2,1018,9164036.00,9002.00,9002.00,9475.00,9002.00
31316784129157162,20150826,8554.00,8554.00,2,1047,8956480.00,8554.00,8555.00,9002.00,8555.00
31316784129157162,20150829,8600.00,8600.00,6,300000,2580000000.00,8600.00,8600.00,8554.00,8600.00
31316784129157162,20150830,8600.00,8600.00,0,0,0.00,0.00,0.00,8600.00,0.00
31316784129157162,20150831,8600.00,8600.00,0,0,0.00,0.00,0.00,8600.00,0.00
31316784129157162,20150901,8600.00,8600.00,0,0,0.00,0.00,0.00,8600.00,0.00
31316784129157162,20150902,8600.00,8600.00,0,0,0.00,0.00,0.00,8600.00,0.00
31316784129157162,20150905,8600.00,8600.00,0,0,0.00,0.00,0.00,8600.00,0.00
31316784129157162,20150906,8650.00,8650.00,6,300000,2595000000.00,8650.00,8650.00,8600.00,8650.00
31316784129157162,20150907,8650.00,8650.00,0,0,0.00,0.00,0.00,8650.00,0.00
31316784129157162,20150908,8650.00,8650.00,0,0,0.00,0.00,0.00,8650.00,8650.00
31316784129157162,20150909,8218.00,8218.00,2,390,3205020.00,8218.00,8218.00,8650.00,8218.00
31316784129157162,20150912,8218.00,8218.00,0,0,0.00,0.00,0.00,8218.00,0.00
31316784129157162,20150913,8218.00,8218.00,0,0,0.00,0.00,0.00,8218.00,0.00
31316784129157162,20150914,8218.00,8218.00,0,0,0.00,0.00,0.00,8218.00,0.00
31316784129157162,20150915,8218.00,8218.00,0,0,0.00,0.00,0.00,8218.00,0.00
31316784129157162,20150916,8218.00,8218.00,0,0,0.00,0.00,0.00,8218.00,0.00
31316784129157162,20150919,8218.00,8218.00,0,0,0.00,0.00,0.00,8218.00,0.00
31316784129157162,20150920,8218.00,8218.00,0,0,0.00,0.00,0.00,8218.00,0.00
31316784129157162,20150921,8218.00,8218.00,0,0,0.00,0.00,0.00,8218.00,0.00
31316784129157162,20150922,8218.00,8218.00,0,0,0.00,0.00,0.00,8218.00,0.00
31316784129157162,20150923,8218.00,8218.00,0,0,0.00,0.00,0.00,8218.00,0.00
31316784129157162,20150926,8185.00,8185.00,2,5001,40933185.00,8185.00,8185.00,8218.00,8185.00
31316784129157162,20150927,8185.00,8185.00,0,0,0.00,0.00,0.00,8185.00,0.00
31316784129157162,20150928,8185.00,8185.00,0,0,0.00,0.00,0.00,8185.00,0.00
31316784129157162,20150929,8185.00,8185.00,0,0,0.00,0.00,0.00,8185.00,0.00
31316784129157162,20150930,8185.00,8185.00,0,0,0.00,0.00,0.00,8185.00,0.00
31316784129157162,20151003,8185.00,8185.00,0,0,0.00,0.00,0.00,8185.00,0.00
31316784129157162,20151004,8185.00,8185.00,0,0,0.00,0.00,0.00,8185.00,0.00
31316784129157162,20151005,8179.00,8179.00,5,50,408950.00,8179.00,8179.00,8185.00,8179.00
31316784129157162,20151006,8179.00,8179.00,0,0,0.00,0.00,0.00,8179.00,0.00
31316784129157162,20151007,8179.00,8179.00,0,0,0.00,0.00,0.00,8179.00,0.00
31316784129157162,20151010,8179.00,8179.00,0,0,0.00,0.00,0.00,8179.00,0.00
31316784129157162,20151011,8178.00,8178.00,2,50000,408900000.00,8178.00,8178.00,8179.00,8178.00
31316784129157162,20151012,8178.00,8178.00,0,0,0.00,0.00,0.00,8178.00,0.00
31316784129157162,20151013,8178.00,8178.00,0,0,0.00,0.00,0.00,8178.00,0.00
31316784129157162,20151014,8178.00,8178.00,0,0,0.00,0.00,0.00,8178.00,0.00
31316784129157162,20151017,8175.00,8175.00,3,1121,9164175.00,8175.00,8175.00,8178.00,8175.00
31316784129157162,20151018,8175.00,8175.00,0,0,0.00,0.00,0.00,8175.00,0.00
31316784129157162,20151019,7770.00,7770.00,3,5000,38850000.00,7770.00,7770.00,8175.00,7770.00
31316784129157162,20151020,7767.00,7767.00,2,5000,38835000.00,7767.00,7767.00,7770.00,7767.00
31316784129157162,20151021,7767.00,7767.00,0,0,0.00,0.00,0.00,7767.00,0.00
31316784129157162,20151025,7767.00,7767.00,0,0,0.00,0.00,0.00,7767.00,0.00
31316784129157162,20151026,7400.00,7400.00,2,3546,26240400.00,7400.00,7400.00,7767.00,7400.00
31316784129157162,20151027,7400.00,7400.00,30,1351443,10000678200.00,7400.00,7400.00,7400.00,7400.00
31316784129157162,20151028,7400.00,7400.00,5,2905,21497000.00,7400.00,7400.00,7400.00,7400.00
31316784129157162,20151031,7400.00,7400.00,1,50,370000.00,7400.00,7400.00,7400.00,7400.00
31316784129157162,20151101,7400.00,7400.00,0,0,0.00,0.00,0.00,7400.00,0.00
31316784129157162,20151102,7400.00,7400.00,5,3852,28504800.00,7400.00,7400.00,7400.00,7400.00
31316784129157162,20151103,7035.00,7030.00,3,2705,19029650.00,7030.00,7300.00,7400.00,7300.00
31316784129157162,20151104,7035.00,7035.00,0,0,0.00,0.00,0.00,7035.00,7035.00
31316784129157162,20151107,7035.00,7035.00,0,0,0.00,0.00,0.00,7035.00,7035.00
31316784129157162,20151108,7035.00,7035.00,0,0,0.00,0.00,0.00,7035.00,0.00
31316784129157162,20151109,7299.00,7299.00,2,2000,14598000.00,7299.00,7299.00,7035.00,7299.00
31316784129157162,20151110,7299.00,7299.00,0,0,0.00,0.00,0.00,7299.00,0.00
31316784129157162,20151111,7299.00,7299.00,0,0,0.00,0.00,0.00,7299.00,0.00
31316784129157162,20151114,7275.00,7270.00,2,200,1455000.00,7270.00,7280.00,7299.00,7280.00
31316784129157162,20151115,7275.00,7270.00,0,0,0.00,0.00,0.00,7275.00,0.00
31316784129157162,20151116,6912.00,6912.00,7,18850,130291200.00,6912.00,6912.00,7275.00,6912.00
31316784129157162,20151117,6569.00,6567.00,16,54437,357615779.00,6567.00,6572.00,6912.00,6571.00
31316784129157162,20151118,6242.00,6241.00,13,30813,192320933.00,6241.00,6245.00,6569.00,6245.00
31316784129157162,20151121,6269.00,6554.00,6,17123,107349766.00,6242.00,6554.00,6242.00,6242.00
31316784129157162,20151122,6269.00,6269.00,0,0,0.00,0.00,0.00,6269.00,6269.00
31316784129157162,20151123,6506.00,6582.00,8,9515,61904700.00,6480.00,6582.00,6269.00,6480.00
31316784129157162,20151124,6831.00,6831.00,8,35000,239085000.00,6831.00,6831.00,6506.00,6831.00
31316784129157162,20151125,7172.00,7172.00,13,33805,242449460.00,7172.00,7172.00,6831.00,7172.00
31316784129157162,20151128,7516.00,7500.00,24,24768,186160500.00,7500.00,7530.00,7172.00,7530.00
31316784129157162,20151129,7714.00,7789.00,12,34067,262789207.00,7500.00,7799.00,7516.00,7500.00
31316784129157162,20151130,7524.00,7516.00,82,2458725,18499101990.00,7516.00,8099.00,7714.00,7600.00
31316784129157162,20151201,7766.00,7700.00,7,60375,468855275.00,7700.00,7779.00,7524.00,7779.00
31316784129157162,20151205,7852.00,7840.00,4,5050,39654000.00,7840.00,7900.00,7766.00,7900.00
31316784129157162,20151206,7852.00,7840.00,0,0,0.00,0.00,0.00,7852.00,0.00
31316784129157162,20151207,7460.00,7460.00,4,5831,43499260.00,7460.00,7460.00,7852.00,7460.00
31316784129157162,20151208,7780.00,7780.00,1,3000,23340000.00,7780.00,7780.00,7460.00,7780.00
31316784129157162,20151209,7780.00,7780.00,4,85100,662078000.00,7780.00,7780.00,7780.00,7780.00
31316784129157162,20151213,7780.00,7780.00,1,2000,15560000.00,7780.00,7780.00,7780.00,7780.00
31316784129157162,20151214,7984.00,8000.00,3,10000,79841600.00,7780.00,8000.00,7780.00,7780.00
31316784129157162,20151215,8017.00,8040.00,4,5000,40084200.00,7999.00,8040.00,7984.00,7999.00
31316784129157162,20151216,8017.00,8040.00,0,0,0.00,0.00,0.00,8017.00,0.00
31316784129157162,20151219,8017.00,8040.00,0,0,0.00,0.00,0.00,8017.00,0.00
31316784129157162,20151220,8017.00,8040.00,0,0,0.00,0.00,0.00,8017.00,0.00
31316784129157162,20151221,7878.00,8000.00,4,10000,78779000.00,7617.00,8174.00,8017.00,7617.00
31316784129157162,20151222,7878.00,8000.00,0,0,0.00,0.00,0.00,7878.00,0.00
31316784129157162,20151223,7878.00,8000.00,0,0,0.00,0.00,0.00,7878.00,0.00
31316784129157162,20151226,7878.00,7878.00,0,0,0.00,0.00,0.00,7878.00,7878.00
31316784129157162,20151227,7878.00,7878.00,0,0,0.00,0.00,0.00,7878.00,7878.00
31316784129157162,20151228,7963.00,7750.00,6,6844,54502000.00,7750.00,8000.00,7878.00,8000.00
31316784129157162,20151230,7963.00,7750.00,0,0,0.00,0.00,0.00,7963.00,0.00
31316784129157162,20160102,7963.00,7750.00,0,0,0.00,0.00,0.00,7963.00,0.00
31316784129157162,20160103,8065.00,8150.00,5,16488,132969160.00,7570.00,8179.00,7963.00,7570.00
31316784129157162,20160104,8065.00,8150.00,0,0,0.00,0.00,0.00,8065.00,0.00
31316784129157162,20160105,8090.00,8095.00,2,13000,105165000.00,8088.00,8095.00,8065.00,8088.00
31316784129157162,20160106,8090.00,8095.00,0,0,0.00,0.00,0.00,8090.00,0.00
31316784129157162,20160109,8095.00,8095.00,2,6000,48570000.00,8095.00,8095.00,8090.00,8095.00
31316784129157162,20160110,8095.00,8095.00,0,0,0.00,0.00,0.00,8095.00,0.00
31316784129157162,20160111,7691.00,7691.00,1,2000,15382000.00,7691.00,7691.00,8095.00,7691.00
31316784129157162,20160112,7969.00,8000.00,5,10000,79689634.00,7900.00,8000.00,7691.00,7900.00
31316784129157162,20160113,7571.00,7571.00,5,4051,30670121.00,7571.00,7571.00,7969.00,7571.00
31316784129157162,20160116,7571.00,7571.00,0,0,0.00,0.00,0.00,7571.00,0.00
31316784129157162,20160117,7935.00,7935.00,1,6400,50784000.00,7935.00,7935.00,7571.00,7935.00
31316784129157162,20160118,7935.00,7935.00,0,0,0.00,0.00,0.00,7935.00,0.00
31316784129157162,20160119,7935.00,7935.00,0,0,0.00,0.00,0.00,7935.00,0.00
31316784129157162,20160120,7627.00,7539.00,13,50000,381342600.00,7539.00,8000.00,7935.00,7540.00
31316784129157162,20160123,7990.00,7990.00,2,5000,39950000.00,7990.00,7990.00,7627.00,7990.00
31316784129157162,20160124,7766.00,7600.00,5,12000,93195000.00,7600.00,7999.00,7990.00,7600.00
31316784129157162,20160125,7380.00,7380.00,2,5000,36900000.00,7380.00,7380.00,7766.00,7380.00
31316784129157162,20160126,7076.00,7749.00,29,119926,848636288.00,7011.00,7749.00,7380.00,7250.00
31316784129157162,20160127,7429.00,7429.00,3,20000,148575000.00,7428.00,7429.00,7076.00,7428.00
31316784129157162,20160130,7500.00,7794.00,4,10000,74995180.00,7429.00,7794.00,7429.00,7429.00
31316784129157162,20160131,7125.00,7125.00,2,1272,9063000.00,7125.00,7125.00,7500.00,7125.00
31316784129157162,20160201,7073.00,6769.00,19,64547,456513190.00,6769.00,7481.00,7125.00,6900.00
31316784129157162,20160202,6977.00,7108.00,4,18000,125592000.00,6720.00,7108.00,7073.00,6720.00
31316784129157162,20160203,7289.00,7299.00,3,10000,72891000.00,7200.00,7299.00,6977.00,7200.00
31316784129157162,20160206,7127.00,6925.00,10,18737,133547625.00,6925.00,7450.00,7289.00,6925.00
31316784129157162,20160207,6978.00,6771.00,31,231510,1615499210.00,6771.00,7299.00,7127.00,6771.00
31316784129157162,20160208,7312.00,7326.00,12,101000,738521000.00,7200.00,7326.00,6978.00,7200.00
31316784129157162,20160209,7651.00,7677.00,17,93570,715899191.00,7490.00,7677.00,7312.00,7491.00
31316784129157162,20160210,8019.00,8033.00,8,23143,185583244.00,7788.00,8033.00,7651.00,7788.00
31316784129157162,20160213,8419.00,8419.00,15,57908,487527452.00,8419.00,8419.00,8019.00,8419.00
31316784129157162,20160214,8839.00,8839.00,19,150681,1331869359.00,8839.00,8839.00,8419.00,8839.00
31316784129157162,20160215,9275.00,9280.00,11,36142,335213260.00,9269.00,9280.00,8839.00,9280.00
31316784129157162,20160216,9738.00,9738.00,40,126650,1233317700.00,9738.00,9738.00,9275.00,9738.00
31316784129157162,20160217,10224.00,10224.00,6,4402,45006048.00,10224.00,10224.00,9738.00,10224.00
31316784129157162,20160220,10409.00,10735.00,18,58471,608636185.00,10000.00,10735.00,10224.00,10735.00
31316784129157162,20160221,10409.00,10735.00,0,0,0.00,0.00,0.00,10409.00,0.00
31316784129157162,20160222,10409.00,10409.00,0,0,0.00,0.00,0.00,10409.00,10409.00
31316784129157162,20160223,9889.00,9889.00,2,10000,98890000.00,9889.00,9889.00,10409.00,9889.00
31316784129157162,20160224,9889.00,9889.00,0,0,0.00,0.00,0.00,9889.00,0.00
31316784129157162,20160227,9889.00,9889.00,0,0,0.00,0.00,0.00,9889.00,0.00
31316784129157162,20160228,9395.00,9395.00,2,1000,9395000.00,9395.00,9395.00,9889.00,9395.00
31316784129157162,20160229,9395.00,9395.00,0,0,0.00,0.00,0.00,9395.00,9395.00
31316784129157162,20160301,9319.00,9864.00,36,187764,1749772928.00,9000.00,9864.00,9395.00,9000.00
31316784129157162,20160302,9784.00,9784.00,1,5000,48920000.00,9784.00,9784.00,9319.00,9784.00
31316784129157162,20160305,10273.00,10271.00,94,540236,5549750072.00,10271.00,10273.00,9784.00,10273.00
31316784129157162,20160306,10270.00,10340.00,12,43195,443622507.00,9801.00,10400.00,10273.00,9801.00
31316784129157162,20160307,10130.00,9800.00,12,42477,430313100.00,9757.00,10200.00,10270.00,10200.00
31316784129157162,20160308,10011.00,9624.00,7,38443,384861400.00,9624.00,10200.00,10130.00,10000.00
31316784129157162,20160309,9953.00,10080.00,6,25707,255869277.00,9511.00,10080.00,10011.00,9511.00
31316784129157162,20160312,9456.00,9456.00,9,29461,278592456.00,9456.00,9511.00,9953.00,9511.00
31316784129157162,20160314,9437.00,9000.00,7,21000,198169000.00,8984.00,9927.00,9456.00,8984.00
31316784129157162,20160315,9907.00,9908.00,3,10000,99075000.00,9907.00,9908.00,9437.00,9907.00
31316784129157162,20160316,9413.00,9420.00,2,11500,108250000.00,9412.00,9420.00,9907.00,9412.00
31316784129157162,20160326,9413.00,9413.00,0,0,0.00,0.00,0.00,9413.00,9413.00
31316784129157162,20160327,9814.00,9850.00,3,10000,98137800.00,9799.00,9850.00,9413.00,9799.00
31316784129157162,20160328,9866.00,9879.00,5,13300,131219700.00,9849.00,9880.00,9814.00,9849.00
31316784129157162,20160329,9657.00,9880.00,10,26471,255639074.00,9374.00,9880.00,9866.00,9400.00
31316784129157162,20160330,9850.00,9850.00,4,22390,220531500.00,9849.00,9850.00,9657.00,9849.00
31316784129157162,20160402,9800.00,9800.00,2,5000,49000000.00,9800.00,9800.00,9850.00,9800.00
31316784129157162,20160403,9646.00,9900.00,10,29302,282642320.00,9310.00,9900.00,9800.00,9500.00
31316784129157162,20160404,9178.00,9164.00,9,38696,355154036.00,9164.00,9650.00,9646.00,9650.00
31316784129157162,20160405,9203.00,9200.00,4,5783,53223600.00,9200.00,9210.00,9178.00,9200.00
31316784129157162,20160406,9526.00,9636.00,3,5200,49533349.00,9203.00,9636.00,9203.00,9250.00
31316784129157162,20160409,9623.00,9620.00,3,654,6293128.00,9620.00,9636.00,9526.00,9636.00
31316784129157162,20160410,9612.00,10104.00,14,23712,227915640.00,9300.00,10104.00,9623.00,9303.00
31316784129157162,20160411,9701.00,9997.00,4,20000,194020000.00,9400.00,9997.00,9612.00,9410.00
31316784129157162,20160412,9800.00,9800.00,1,10000,98000000.00,9800.00,9800.00,9701.00,9800.00
31316784129157162,20160413,9310.00,9310.00,3,20000,186200000.00,9310.00,9310.00,9800.00,9310.00
31316784129157162,20160416,9310.00,9310.00,0,0,0.00,0.00,0.00,9310.00,9310.00
31316784129157162,20160417,9310.00,9310.00,0,0,0.00,0.00,0.00,9310.00,0.00
31316784129157162,20160418,9718.00,9775.00,7,10054,97707175.00,9700.00,9775.00,9310.00,9700.00
31316784129157162,20160419,9351.00,9351.00,1,612,5722812.00,9351.00,9351.00,9718.00,9351.00
31316784129157162,20160420,9351.00,9351.00,0,0,0.00,0.00,0.00,9351.00,0.00
31316784129157162,20160423,9497.00,9600.00,3,1027,9753800.00,9400.00,9600.00,9351.00,9400.00
31316784129157162,20160424,9497.00,9600.00,0,0,0.00,0.00,0.00,9497.00,0.00
31316784129157162,20160425,9400.00,9400.00,2,20000,188000000.00,9400.00,9400.00,9497.00,9400.00
31316784129157162,20160426,9122.00,9122.00,1,2000,18244000.00,9122.00,9122.00,9400.00,9122.00
31316784129157162,20160427,9164.00,9250.00,2,2360,21627360.00,9101.00,9250.00,9122.00,9101.00
31316784129157162,20160430,9164.00,9250.00,0,0,0.00,0.00,0.00,9164.00,0.00
31316784129157162,20160501,9107.00,9100.00,6,23474,213771400.00,9100.00,9112.00,9164.00,9112.00
31316784129157162,20160502,9001.00,9000.00,2,3000,27002600.00,9000.00,9100.00,9107.00,9100.00
31316784129157162,20160503,9001.00,9000.00,0,0,0.00,0.00,0.00,9001.00,0.00
31316784129157162,20160504,9104.00,9110.00,3,5350,48708500.00,9100.00,9140.00,9001.00,9100.00
31316784129157162,20160507,8946.00,9000.00,8,28050,250927500.00,8825.00,9000.00,9104.00,8950.00
31316784129157162,20160508,8946.00,9000.00,0,0,0.00,0.00,0.00,8946.00,0.00
31316784129157162,20160509,8812.00,9000.00,3,8000,70500000.00,8500.00,9000.00,8946.00,8500.00
31316784129157162,20160510,8812.00,9000.00,0,0,0.00,0.00,0.00,8812.00,0.00
31316784129157162,20160511,8372.00,8372.00,1,2000,16744000.00,8372.00,8372.00,8812.00,8372.00
31316784129157162,20160514,8785.00,8790.00,3,15000,131770000.00,8750.00,8790.00,8372.00,8750.00
31316784129157162,20160515,9000.00,9000.00,2,10000,90000000.00,9000.00,9000.00,8785.00,9000.00
31316784129157162,20160516,9042.00,9100.00,4,11700,105795000.00,8550.00,9100.00,9000.00,9079.00
31316784129157162,20160517,8999.00,8999.00,2,20552,184948000.00,8999.00,9000.00,9042.00,9000.00
31316784129157162,20160518,8923.00,8998.00,5,12032,107355845.00,8550.00,8999.00,8999.00,8550.00
31316784129157162,20160521,9000.00,8999.00,6,358,3221950.00,8999.00,9000.00,8923.00,9000.00
31316784129157162,20160523,8997.00,8997.00,10,18131,163125968.00,8997.00,9000.00,9000.00,9000.00
31316784129157162,20160524,8552.00,8548.00,5,6538,55911070.00,8548.00,8997.00,8997.00,8997.00
31316784129157162,20160525,8600.00,8600.00,1,10000,86000000.00,8600.00,8600.00,8552.00,8600.00
31316784129157162,20160528,8600.00,8600.00,0,0,0.00,0.00,0.00,8600.00,0.00
31316784129157162,20160529,8600.00,8600.00,0,0,0.00,0.00,0.00,8600.00,8600.00
31316784129157162,20160530,8171.00,8170.00,5,12121,99038812.00,8170.00,8175.00,8600.00,8172.00
31316784129157162,20160531,8440.00,8440.00,1,5000,42200000.00,8440.00,8440.00,8171.00,8440.00
31316784129157162,20160601,8018.00,8018.00,3,7000,56126000.00,8018.00,8018.00,8440.00,8018.00
31316784129157162,20160605,8418.00,8418.00,1,5000,42090000.00,8418.00,8418.00,8018.00,8418.00
31316784129157162,20160606,8444.00,8444.00,2,10022,84625768.00,8444.00,8444.00,8418.00,8444.00
31316784129157162,20160607,8445.00,8445.00,1,10000,84450000.00,8445.00,8445.00,8444.00,8445.00
31316784129157162,20160608,8445.00,8445.00,3,110,928950.00,8445.00,8445.00,8445.00,8445.00
31316784129157162,20160611,8445.00,8445.00,0,0,0.00,0.00,0.00,8445.00,0.00
31316784129157162,20160612,8400.00,8400.00,2,10000,84000000.00,8400.00,8400.00,8445.00,8400.00
31316784129157162,20160613,8372.00,8800.00,9,10168,85123900.00,8022.00,8800.00,8400.00,8022.00
31316784129157162,20160614,8470.00,8470.00,5,188,1592360.00,8470.00,8470.00,8372.00,8470.00
31316784129157162,20160615,8470.00,8470.00,0,0,0.00,0.00,0.00,8470.00,8470.00
31316784129157162,20160618,8390.00,8047.00,6,15393,129151263.00,8047.00,8398.00,8470.00,8050.00
31316784129157162,20160619,8397.00,8590.00,12,15040,126293800.00,8000.00,8600.00,8390.00,8600.00
31316784129157162,20160620,8600.00,8600.00,17,10661,91683979.00,8599.00,8600.00,8397.00,8600.00
31316784129157162,20160621,8695.00,8690.00,36,40577,352797783.00,8600.00,8700.00,8600.00,8600.00
31316784129157162,20160622,8695.00,8690.00,0,0,0.00,0.00,0.00,8695.00,0.00
31316784129157162,20160625,8695.00,8690.00,0,0,0.00,0.00,0.00,8695.00,0.00
31316784129157162,20160626,8695.00,8690.00,0,0,0.00,0.00,0.00,8695.00,0.00
31316784129157162,20160628,8695.00,8690.00,0,0,0.00,0.00,0.00,8695.00,0.00
31316784129157162,20160629,8695.00,8690.00,0,0,0.00,0.00,0.00,8695.00,0.00
31316784129157162,20160702,8695.00,8690.00,0,0,0.00,0.00,0.00,8695.00,0.00
31316784129157162,20160703,8695.00,8690.00,0,0,0.00,0.00,0.00,8695.00,0.00
31316784129157162,20160704,7945.00,8690.00,0,0,0.00,0.00,0.00,7945.00,0.00
31316784129157162,20160705,7945.00,8690.00,0,0,0.00,0.00,0.00,7945.00,0.00
31316784129157162,20160709,7945.00,8690.00,0,0,0.00,0.00,0.00,7945.00,0.00
31316784129157162,20160710,7945.00,8690.00,0,0,0.00,0.00,0.00,7945.00,0.00
31316784129157162,20160711,7945.00,8690.00,0,0,0.00,0.00,0.00,7945.00,0.00
31316784129157162,20160712,7945.00,8690.00,0,0,0.00,0.00,0.00,7945.00,0.00
31316784129157162,20160713,7945.00,8690.00,0,0,0.00,0.00,0.00,7945.00,0.00
31316784129157162,20160716,7945.00,8690.00,0,0,0.00,0.00,0.00,7945.00,0.00
31316784129157162,20160717,7945.00,8690.00,0,0,0.00,0.00,0.00,7945.00,0.00
31316784129157162,20160718,7945.00,8690.00,0,0,0.00,0.00,0.00,7945.00,0.00
31316784129157162,20160719,7964.00,8120.00,1,30000,243600000.00,8120.00,8120.00,7945.00,8120.00
31316784129157162,20160720,7964.00,8120.00,0,0,0.00,0.00,0.00,7964.00,0.00
31316784129157162,20160723,7964.00,7964.00,0,0,0.00,0.00,0.00,7964.00,7964.00
31316784129157162,20160724,8097.00,9000.00,7,35000,314992800.00,8999.00,9000.00,7964.00,8999.00
31316784129157162,20160725,8260.00,8220.00,5,50809,455839961.00,8220.00,9000.00,8097.00,8980.00
31316784129157162,20160726,8364.00,8970.00,2,40010,358882000.00,8200.00,8970.00,8260.00,8200.00
31316784129157162,20160727,8447.00,8500.00,3,40358,360209800.00,8500.00,8950.00,8364.00,8949.00
31316784129157162,20160731,8508.00,9000.00,1,30000,270000000.00,9000.00,9000.00,8447.00,9000.00
31316784129157162,20160801,8544.00,9000.00,5,20000,180000000.00,9000.00,9000.00,8508.00,9000.00
31316784129157162,20160802,8570.00,9000.00,7,15440,138960440.00,9000.00,9001.00,8544.00,9001.00
31316784129157162,20160803,8570.00,9000.00,0,0,0.00,0.00,0.00,8570.00,0.00
31316784129157162,20160806,8570.00,9000.00,0,0,0.00,0.00,0.00,8570.00,0.00
31316784129157162,20160807,8570.00,9000.00,0,0,0.00,0.00,0.00,8570.00,0.00
31316784129157162,20160808,8618.00,9000.00,3,30600,275400000.00,9000.00,9000.00,8570.00,9000.00
31316784129157162,20160809,8618.00,8618.00,0,0,0.00,0.00,0.00,8618.00,8618.00
31316784129157162,20160810,9040.00,9040.00,2,5000,45200000.00,9040.00,9040.00,8618.00,9040.00
31316784129157162,20160813,9040.00,9040.00,0,0,0.00,0.00,0.00,9040.00,0.00
31316784129157162,20160814,8588.00,8588.00,1,5000,42940000.00,8588.00,8588.00,9040.00,8588.00
31316784129157162,20160815,8669.00,9000.00,3,14775,128087500.00,8500.00,9000.00,8588.00,8500.00
31316784129157162,20160816,8500.00,8500.00,2,1540,13090000.00,8500.00,8500.00,8669.00,8500.00
31316784129157162,20160817,8500.00,8500.00,0,0,0.00,0.00,0.00,8500.00,0.00
31316784129157162,20160820,8500.00,8500.00,0,0,0.00,0.00,0.00,8500.00,0.00
31316784129157162,20160821,8903.00,8925.00,2,5000,44513750.00,8900.00,8925.00,8500.00,8900.00
31316784129157162,20160822,8903.00,8903.00,0,0,0.00,0.00,0.00,8903.00,8903.00
31316784129157162,20160823,8903.00,8903.00,0,0,0.00,0.00,0.00,8903.00,0.00
31316784129157162,20160824,8903.00,8903.00,0,0,0.00,0.00,0.00,8903.00,0.00
31316784129157162,20160827,8903.00,8903.00,0,0,0.00,0.00,0.00,8903.00,0.00
31316784129157162,20160828,9117.00,9300.00,8,12467,113665493.00,8500.00,9300.00,8903.00,8505.00
31316784129157162,20160829,9117.00,9300.00,0,0,0.00,0.00,0.00,9117.00,0.00
31316784129157162,20160830,9117.00,9300.00,0,0,0.00,0.00,0.00,9117.00,0.00
31316784129157162,20160831,9300.00,9300.00,2,5000,46500000.00,9300.00,9300.00,9117.00,9300.00
31316784129157162,20160903,9300.00,9300.00,0,0,0.00,0.00,0.00,9300.00,0.00
31316784129157162,20160904,9399.00,9399.00,3,5000,46995000.00,9399.00,9399.00,9300.00,9399.00
31316784129157162,20160905,9399.00,9399.00,1,10,93990.00,9399.00,9399.00,9399.00,9399.00
31316784129157162,20160906,9399.00,9399.00,0,0,0.00,0.00,0.00,9399.00,0.00
31316784129157162,20160907,9399.00,9399.00,0,0,0.00,0.00,0.00,9399.00,0.00
31316784129157162,20160910,9399.00,9399.00,0,0,0.00,0.00,0.00,9399.00,0.00
31316784129157162,20160911,9399.00,9399.00,0,0,0.00,0.00,0.00,9399.00,0.00
31316784129157162,20160913,9000.00,9000.00,2,7000,63000000.00,9000.00,9000.00,9399.00,9000.00
31316784129157162,20160914,8656.00,8550.00,10,50000,432802011.00,8550.00,8835.00,9000.00,8835.00
31316784129157162,20160917,9087.00,9087.00,3,5000,45435000.00,9087.00,9087.00,8656.00,9087.00
31316784129157162,20160918,9087.00,9087.00,0,0,0.00,0.00,0.00,9087.00,0.00
31316784129157162,20160919,9087.00,9087.00,7,9950,90415650.00,9087.00,9087.00,9087.00,9087.00
31316784129157162,20160921,9087.00,9087.00,2,2200,19991400.00,9087.00,9087.00,9087.00,9087.00
31316784129157162,20160924,9087.00,9087.00,1,5000,45435000.00,9087.00,9087.00,9087.00,9087.00
31316784129157162,20160925,9087.00,9087.00,0,0,0.00,0.00,0.00,9087.00,0.00
31316784129157162,20160926,8633.00,8633.00,1,5000,43165000.00,8633.00,8633.00,9087.00,8633.00
31316784129157162,20160927,8633.00,8633.00,0,0,0.00,0.00,0.00,8633.00,0.00
31316784129157162,20160928,8633.00,8633.00,0,0,0.00,0.00,0.00,8633.00,0.00
31316784129157162,20161001,8997.00,8997.00,2,5000,44985000.00,8997.00,8997.00,8633.00,8997.00
31316784129157162,20161002,8997.00,8997.00,0,0,0.00,0.00,0.00,8997.00,0.00
31316784129157162,20161003,8997.00,8997.00,0,0,0.00,0.00,0.00,8997.00,0.00
31316784129157162,20161004,8997.00,8997.00,0,0,0.00,0.00,0.00,8997.00,0.00
31316784129157162,20161005,8997.00,8997.00,0,0,0.00,0.00,0.00,8997.00,0.00
31316784129157162,20161008,8997.00,8997.00,0,0,0.00,0.00,0.00,8997.00,0.00
31316784129157162,20161009,8997.00,8997.00,0,0,0.00,0.00,0.00,8997.00,0.00
31316784129157162,20161010,8997.00,8997.00,0,0,0.00,0.00,0.00,8997.00,8997.00
31316784129157162,20161012,8997.00,8997.00,0,0,0.00,0.00,0.00,8997.00,0.00
31316784129157162,20161015,8997.00,8997.00,0,0,0.00,0.00,0.00,8997.00,0.00
31316784129157162,20161016,8997.00,8997.00,0,0,0.00,0.00,0.00,8997.00,0.00
31316784129157162,20161017,8591.00,8600.00,2,2150,18470760.00,8548.00,8600.00,8997.00,8548.00
31316784129157162,20161018,8989.00,8989.00,1,5000,44945000.00,8989.00,8989.00,8591.00,8989.00
31316784129157162,20161019,8549.00,8548.00,2,1020,8719960.00,8548.00,8550.00,8989.00,8550.00
31316784129157162,20161022,8600.00,8600.00,1,1000,8600000.00,8600.00,8600.00,8549.00,8600.00
31316784129157162,20161023,8600.00,8600.00,0,0,0.00,0.00,0.00,8600.00,0.00
31316784129157162,20161024,8600.00,8600.00,0,0,0.00,0.00,0.00,8600.00,0.00
31316784129157162,20161025,8600.00,8600.00,2,20,172000.00,8600.00,8600.00,8600.00,8600.00
31316784129157162,20161026,8600.00,8600.00,0,0,0.00,0.00,0.00,8600.00,0.00
31316784129157162,20161027,8600.00,8600.00,0,0,0.00,0.00,0.00,8600.00,0.00
31316784129157162,20161028,8600.00,8600.00,0,0,0.00,0.00,0.00,8600.00,0.00
31316784129157162,20161029,8600.00,8600.00,0,0,0.00,0.00,0.00,8600.00,0.00
31316784129157162,20161030,8452.00,8455.00,2,860,7268800.00,8450.00,8455.00,8600.00,8450.00
31316784129157162,20161031,8452.00,8455.00,0,0,0.00,0.00,0.00,8452.00,0.00
31316784129157162,20161101,8790.00,8873.00,8,24877,218679120.00,8450.00,8874.00,8452.00,8450.00
31316784129157162,20161102,8421.00,8420.00,2,5500,46315000.00,8420.00,8430.00,8790.00,8430.00
31316784129157162,20161105,8410.00,8420.00,3,524,4406914.00,8051.00,8420.00,8421.00,8051.00
31316784129157162,20161106,8435.00,8410.00,2,531,4478730.00,8410.00,8830.00,8410.00,8830.00
31316784129157162,20161107,8435.00,8410.00,0,0,0.00,0.00,0.00,8435.00,0.00
31316784129157162,20161108,8435.00,8410.00,0,0,0.00,0.00,0.00,8435.00,0.00
31316784129157162,20161109,8120.00,8100.00,5,10000,81202400.00,8100.00,8201.00,8435.00,8201.00
31316784129157162,20161112,8200.00,8200.00,2,7000,57400000.00,8200.00,8200.00,8120.00,8200.00
31316784129157162,20161113,8200.00,8200.00,0,0,0.00,0.00,0.00,8200.00,0.00
31316784129157162,20161114,8599.00,8599.00,4,10000,85990000.00,8599.00,8599.00,8200.00,8599.00
31316784129157162,20161115,8599.00,8599.00,0,0,0.00,0.00,0.00,8599.00,0.00
31316784129157162,20161116,8599.00,8599.00,0,0,0.00,0.00,0.00,8599.00,0.00
31316784129157162,20161119,8599.00,8599.00,0,0,0.00,0.00,0.00,8599.00,0.00
31316784129157162,20161121,8599.00,8599.00,0,0,0.00,0.00,0.00,8599.00,0.00
31316784129157162,20161122,8599.00,8599.00,0,0,0.00,0.00,0.00,8599.00,0.00
31316784129157162,20161123,8426.00,8500.00,3,10100,85100000.00,8400.00,8500.00,8599.00,8400.00
31316784129157162,20161126,8252.00,8005.00,3,4000,33010000.00,8005.00,8500.00,8426.00,8500.00
31316784129157162,20161127,8014.00,8200.00,4,16259,130292760.00,7840.00,8200.00,8252.00,7880.00
31316784129157162,20161129,8410.00,8414.00,5,7424,62435536.00,8399.00,8414.00,8014.00,8399.00
31316784129157162,20161203,8073.00,8000.00,3,5777,46639000.00,7991.00,8500.00,8410.00,8500.00
31316784129157162,20161204,8476.00,8476.00,3,10356,87777456.00,8476.00,8476.00,8073.00,8476.00
31316784129157162,20161205,8476.00,8476.00,0,0,0.00,0.00,0.00,8476.00,0.00
31316784129157162,20161206,8499.00,8499.00,3,5000,42495000.00,8499.00,8499.00,8476.00,8499.00
31316784129157162,20161207,8450.00,8450.00,1,100,845000.00,8450.00,8450.00,8499.00,8450.00
31316784129157162,20161210,8100.00,8100.00,14,16865,136606500.00,8100.00,8100.00,8450.00,8100.00
31316784129157162,20161211,8100.00,8100.00,1,500,4050000.00,8100.00,8100.00,8100.00,8100.00
31316784129157162,20161212,8100.00,8100.00,0,0,0.00,0.00,0.00,8100.00,0.00
31316784129157162,20161213,8100.00,8100.00,0,0,0.00,0.00,0.00,8100.00,0.00
31316784129157162,20161214,8100.00,8100.00,0,0,0.00,0.00,0.00,8100.00,0.00
31316784129157162,20161218,8100.00,8100.00,0,0,0.00,0.00,0.00,8100.00,0.00
31316784129157162,20161219,8099.00,8099.00,1,10000,80990000.00,8099.00,8099.00,8100.00,8099.00
31316784129157162,20161220,8099.00,8099.00,0,0,0.00,0.00,0.00,8099.00,0.00
31316784129157162,20161221,8099.00,8099.00,0,0,0.00,0.00,0.00,8099.00,0.00
31316784129157162,20161224,8099.00,8099.00,0,0,0.00,0.00,0.00,8099.00,0.00
31316784129157162,20161225,8099.00,8099.00,0,0,0.00,0.00,0.00,8099.00,0.00
31316784129157162,20161226,8300.00,8300.00,1,10000,83000000.00,8300.00,8300.00,8099.00,8300.00
31316784129157162,20161227,8300.00,8300.00,0,0,0.00,0.00,0.00,8300.00,0.00
31316784129157162,20161228,8049.00,8200.00,3,770,6197450.00,7885.00,8200.00,8300.00,7885.00
31316784129157162,20161231,8049.00,8200.00,0,0,0.00,0.00,0.00,8049.00,0.00
31316784129157162,20170101,8049.00,8200.00,0,0,0.00,0.00,0.00,8049.00,0.00
31316784129157162,20170102,8300.00,8300.00,6,10000,83000000.00,8300.00,8300.00,8049.00,8300.00
31316784129157162,20170103,8300.00,8300.00,6,23117,191871100.00,8300.00,8300.00,8300.00,8300.00
31316784129157162,20170104,8300.00,8300.00,0,0,0.00,0.00,0.00,8300.00,0.00
31316784129157162,20170107,8300.00,8300.00,4,10000,83000000.00,8300.00,8300.00,8300.00,8300.00
31316784129157162,20170108,8300.00,8300.00,0,0,0.00,0.00,0.00,8300.00,0.00
31316784129157162,20170109,8300.00,8300.00,2,9207,76418100.00,8300.00,8300.00,8300.00,8300.00
31316784129157162,20170111,8300.00,8300.00,0,0,0.00,0.00,0.00,8300.00,0.00
31316784129157162,20170114,8300.00,8300.00,0,0,0.00,0.00,0.00,8300.00,0.00
31316784129157162,20170115,8300.00,8300.00,0,0,0.00,0.00,0.00,8300.00,0.00
31316784129157162,20170116,8268.00,8450.00,10,31000,256300000.00,7885.00,8450.00,8300.00,7885.00
31316784129157162,20170117,8268.00,8450.00,0,0,0.00,0.00,0.00,8268.00,0.00
31316784129157162,20170118,8268.00,8450.00,0,0,0.00,0.00,0.00,8268.00,0.00
31316784129157162,20170121,8268.00,8450.00,0,0,0.00,0.00,0.00,8268.00,0.00
31316784129157162,20170122,8268.00,8450.00,0,0,0.00,0.00,0.00,8268.00,0.00
31316784129157162,20170123,8450.00,8450.00,2,14700,124215000.00,8450.00,8450.00,8268.00,8450.00
31316784129157162,20170124,8450.00,8450.00,1,2800,23660000.00,8450.00,8450.00,8450.00,8450.00
31316784129157162,20170125,8177.00,8028.00,3,2724,22275502.00,8028.00,8450.00,8450.00,8450.00
31316784129157162,20170128,7801.00,7801.00,2,3449,26905649.00,7801.00,7801.00,8177.00,7801.00
31316784129157162,20170129,8190.00,8190.00,1,2972,24340680.00,8190.00,8190.00,7801.00,8190.00
31316784129157162,20170130,8599.00,8599.00,1,1000,8599000.00,8599.00,8599.00,8190.00,8599.00
31316784129157162,20170131,9018.00,9028.00,4,11029,99456724.00,8990.00,9028.00,8599.00,8990.00
31316784129157162,20170201,9000.00,9000.00,3,2035,18315000.00,9000.00,9000.00,9018.00,9000.00
31316784129157162,20170204,9000.00,9000.00,0,0,0.00,0.00,0.00,9000.00,0.00
31316784129157162,20170205,9000.00,9000.00,0,0,0.00,0.00,0.00,9000.00,0.00
31316784129157162,20170206,9000.00,9000.00,0,0,0.00,0.00,0.00,9000.00,0.00
31316784129157162,20170207,9049.00,8604.00,11,21877,197971708.00,8604.00,9450.00,9000.00,9180.00
31316784129157162,20170208,8599.00,8599.00,2,1373,11806427.00,8599.00,8599.00,9049.00,8599.00
31316784129157162,20170211,8550.00,8550.00,1,1260,10773000.00,8550.00,8550.00,8599.00,8550.00
31316784129157162,20170212,8550.00,8550.00,0,0,0.00,0.00,0.00,8550.00,0.00
31316784129157162,20170213,8550.00,8550.00,0,0,0.00,0.00,0.00,8550.00,8550.00
31316784129157162,20170214,8550.00,8550.00,0,0,0.00,0.00,0.00,8550.00,8550.00
31316784129157162,20170215,8977.00,8977.00,12,15554,139624758.00,8970.00,8977.00,8550.00,8970.00
31316784129157162,20170218,8529.00,8530.00,2,2050,17484500.00,8529.00,8530.00,8977.00,8529.00
31316784129157162,20170219,8529.00,8530.00,0,0,0.00,0.00,0.00,8529.00,0.00
31316784129157162,20170220,8160.00,8103.00,25,64608,527207360.00,8103.00,8170.00,8529.00,8170.00
31316784129157162,20170221,7820.00,7820.00,2,11842,92606440.00,7820.00,7821.00,8160.00,7821.00
31316784129157162,20170222,7735.00,7700.00,32,128222,991751563.00,7699.00,7830.00,7820.00,7830.00
31316784129157162,20170225,7500.00,7499.00,5,18115,135857381.00,7499.00,7501.00,7735.00,7501.00
31316784129157162,20170226,7703.00,7875.00,64,466993,3597434625.00,7499.00,7875.00,7500.00,7500.00
31316784129157162,20170227,8088.00,8088.00,79,1276616,10325110208.00,8080.00,8088.00,7703.00,8088.00
31316784129157162,20170228,8490.00,8480.00,65,283310,2405413920.00,8480.00,8492.00,8088.00,8492.00
31316784129157162,20170301,8313.00,8066.00,34,136827,1137471639.00,8066.00,8489.00,8490.00,8489.00
31316784129157162,20170304,8179.00,7898.00,22,44700,365583808.00,7898.00,8399.00,8313.00,8397.00
31316784129157162,20170305,8231.00,7771.00,41,329236,2710047690.00,7771.00,8340.00,8179.00,8337.00
31316784129157162,20170306,7820.00,7820.00,11,79000,617780000.00,7820.00,7820.00,8231.00,7820.00
31316784129157162,20170307,7429.00,7429.00,9,29140,216481060.00,7429.00,7429.00,7820.00,7429.00
31316784129157162,20170308,7429.00,7429.00,0,0,0.00,0.00,0.00,7429.00,0.00
31316784129157162,20170311,7429.00,7429.00,0,0,0.00,0.00,0.00,7429.00,0.00
31316784129157162,20170312,7429.00,7429.00,0,0,0.00,0.00,0.00,7429.00,0.00
31316784129157162,20170313,8155.00,8170.00,26,85659,698550100.00,8000.00,8170.00,7429.00,8139.00
31316784129157162,20170314,7483.00,7340.00,44,159220,1191506230.00,7340.00,8300.00,8155.00,8300.00
31316784129157162,20170315,7595.00,7400.00,26,185455,1408603480.00,7400.00,8000.00,7483.00,7850.00
31316784129157162,20170318,8171.00,8188.00,11,11150,91107807.00,8140.00,8200.00,7595.00,8140.00
31316784129157162,20170325,8093.00,8000.00,14,55579,449814120.00,8000.00,8480.00,8171.00,8470.00
31316784129157162,20170326,8166.00,8000.00,43,101228,826660066.00,8000.00,8470.00,8093.00,8470.00
31316784129157162,20170327,8026.00,8000.00,5,9801,78658500.00,8000.00,8282.00,8166.00,8100.00
31316784129157162,20170328,7834.00,7800.00,7,5822,45610160.00,7800.00,8280.00,8026.00,8280.00
31316784129157162,20170329,7407.00,7400.00,12,52300,387385000.00,7400.00,8130.00,7834.00,8130.00
31316784129157162,20170403,7461.00,7400.00,22,48271,360146861.00,7325.00,7511.00,7407.00,7325.00
31316784129157162,20170404,7302.00,7300.00,67,374628,2735479843.00,7250.00,8000.00,7461.00,7462.00
31316784129157162,20170405,7355.00,7300.00,59,341648,2512739582.00,7300.00,7858.00,7302.00,7858.00
31316784129157162,20170408,7318.00,7300.00,36,127953,936308797.00,7300.00,7949.00,7355.00,7949.00
31316784129157162,20170409,7742.00,7655.00,16,33746,261272136.00,7400.00,7762.00,7318.00,7400.00
31316784129157162,20170410,7743.00,7400.00,61,138799,1074666260.00,7400.00,8180.00,7742.00,7500.00
31316784129157162,20170412,7612.00,7502.00,46,152673,1162156476.00,7500.00,7990.00,7743.00,7800.00
31316784129157162,20170415,8356.00,8373.00,214,1242333,10381361784.00,7655.00,8373.00,7612.00,7950.00
31316784129157162,20170416,9143.00,9189.00,482,1806684,16518379308.00,8610.00,9191.00,8356.00,9191.00
31316784129157162,20170417,8778.00,8470.00,229,587303,5155328191.00,8250.00,9930.00,9143.00,9900.00
31316784129157162,20170418,9016.00,9020.00,188,471988,4258336895.00,8470.00,9245.00,8778.00,8501.00
31316784129157162,20170419,8865.00,8600.00,156,328224,2909558469.00,8600.00,9140.00,9016.00,9140.00
31316784129157162,20170422,8501.00,8400.00,194,298941,2541171713.00,8200.00,9100.00,8865.00,9100.00
31316784129157162,20170423,8211.00,8331.00,237,612236,5027099658.00,7703.00,8699.00,8501.00,8301.00
31316784129157162,20170424,8260.00,8206.00,116,322462,2663621108.00,8200.00,8700.00,8211.00,8240.00
31316784129157162,20170426,8135.00,8135.00,55,89206,725684768.00,8099.00,8521.00,8260.00,8521.00
31316784129157162,20170429,8698.00,8601.00,63,156512,1361328184.00,8520.00,8850.00,8135.00,8600.00
31316784129157162,20170430,8409.00,8400.00,56,105249,885078229.00,8150.00,8790.00,8698.00,8790.00
31316784129157162,20170501,8139.00,8160.00,71,102068,830714288.00,8054.00,8250.00,8409.00,8123.00
31316784129157162,20170502,8186.00,8150.00,24,65169,533462655.00,8120.00,8355.00,8139.00,8130.00
31316784129157162,20170503,8209.00,8150.00,60,149124,1224149360.00,8070.00,8439.00,8186.00,8124.00
31316784129157162,20170506,8184.00,8120.00,38,46606,381433695.00,8065.00,8499.00,8209.00,8499.00
31316784129157162,20170507,8085.00,8100.00,28,92348,746604330.00,8000.00,8384.00,8184.00,8090.00
31316784129157162,20170508,8015.00,8000.00,29,115942,929221380.00,8000.00,8148.00,8085.00,8001.00
31316784129157162,20170509,7800.00,7700.00,58,123012,959434096.00,7700.00,8000.00,8015.00,8000.00
31316784129157162,20170510,7629.00,7600.00,38,94552,721314615.00,7600.00,7657.00,7800.00,7656.00
31316784129157162,20170513,7639.00,7749.00,22,51276,391706650.00,7555.00,7750.00,7629.00,7556.00
31316784129157162,20170514,7815.00,7770.00,13,21299,166455295.00,7710.00,8200.00,7639.00,7750.00
31316784129157162,20170515,7923.00,7777.00,23,46478,368253460.00,7750.00,8170.00,7815.00,8170.00
31316784129157162,20170516,8351.00,8165.00,51,113681,949298825.00,8165.00,8510.00,7923.00,8250.00
31316784129157162,20170517,8236.00,8250.00,6,6525,53738450.00,8112.00,8300.00,8351.00,8133.00
31316784129157162,20170520,8147.00,8150.00,34,35528,289456666.00,7870.00,8470.00,8236.00,8400.00
31316784129157162,20170521,7898.00,7862.00,7,10642,84048809.00,7862.00,8340.00,8147.00,8340.00
31316784129157162,20170522,8267.00,8150.00,37,85778,709094543.00,8150.00,8299.00,7898.00,8299.00
31316784129157162,20170523,8216.00,8050.00,7,57091,469034327.00,8050.00,8244.00,8267.00,8244.00
31316784129157162,20170524,7916.00,8003.00,41,107631,852036428.00,7800.00,8221.00,8216.00,7947.00
31316784129157162,20170527,8171.00,8099.00,31,31748,259398820.00,7920.00,8250.00,7916.00,8100.00
31316784129157162,20170528,8000.00,7970.00,12,33207,265649465.00,7912.00,8100.00,8171.00,8100.00
31316784129157162,20170529,7868.00,8131.00,25,17717,139393974.00,7804.00,8178.00,8000.00,7961.00
31316784129157162,20170530,7855.00,7802.00,22,29106,228640802.00,7800.00,8080.00,7868.00,8000.00
31316784129157162,20170531,7791.00,7700.00,44,52409,408307174.00,7700.00,7970.00,7855.00,7802.00
31316784129157162,20170603,7753.00,7761.00,10,5782,44828856.00,7693.00,7780.00,7791.00,7693.00
31316784129157162,20170606,7937.00,7999.00,32,51225,406571130.00,7661.00,8160.00,7753.00,7661.00
31316784129157162,20170607,7937.00,7999.00,0,0,0.00,0.00,0.00,7937.00,0.00
31316784129157162,20170610,7937.00,7999.00,0,0,0.00,0.00,0.00,7937.00,0.00
31316784129157162,20170611,5397.00,7999.00,0,0,0.00,0.00,0.00,5397.00,0.00
31316784129157162,20170612,5397.00,7999.00,0,0,0.00,0.00,0.00,5397.00,0.00
31316784129157162,20170613,5397.00,7999.00,0,0,0.00,0.00,0.00,5397.00,0.00
31316784129157162,20170614,5397.00,7999.00,0,0,0.00,0.00,0.00,5397.00,0.00
31316784129157162,20170617,5397.00,7999.00,0,0,0.00,0.00,0.00,5397.00,0.00
31316784129157162,20170618,5397.00,7999.00,0,0,0.00,0.00,0.00,5397.00,0.00
31316784129157162,20170619,5397.00,7999.00,0,0,0.00,0.00,0.00,5397.00,0.00
31316784129157162,20170620,5397.00,7999.00,0,0,0.00,0.00,0.00,5397.00,0.00
31316784129157162,20170621,5397.00,7999.00,0,0,0.00,0.00,0.00,5397.00,0.00
31316784129157162,20170624,5397.00,7999.00,0,0,0.00,0.00,0.00,5397.00,0.00
31316784129157162,20170625,5397.00,7999.00,0,0,0.00,0.00,0.00,5397.00,0.00
31316784129157162,20170628,5397.00,7999.00,0,0,0.00,0.00,0.00,5397.00,0.00
31316784129157162,20170701,5397.00,7999.00,0,0,0.00,0.00,0.00,5397.00,0.00
31316784129157162,20170702,5397.00,7999.00,0,0,0.00,0.00,0.00,5397.00,0.00
31316784129157162,20170703,5397.00,7999.00,0,0,0.00,0.00,0.00,5397.00,0.00
31316784129157162,20170704,5397.00,7999.00,0,0,0.00,0.00,0.00,5397.00,0.00
31316784129157162,20170705,5147.00,7999.00,0,0,0.00,0.00,0.00,5147.00,0.00
31316784129157162,20170708,5188.00,5520.00,16,53723,292719880.00,5400.00,6000.00,5147.00,6000.00
31316784129157162,20170709,5186.00,5003.00,33,91444,473781859.00,5003.00,5400.00,5188.00,5400.00
31316784129157162,20170710,5141.00,5000.00,35,162449,824442869.00,4855.00,5180.00,5186.00,5003.00
31316784129157162,20170711,5149.00,5185.00,12,120964,625007254.00,4875.00,5370.00,5141.00,4875.00
31316784129157162,20170712,4933.00,4980.00,16,68398,337394919.00,4881.00,5000.00,5149.00,5000.00
31316784129157162,20170715,4816.00,4977.00,30,76411,368019761.00,4611.00,4977.00,4933.00,4881.00
31316784129157162,20170716,4689.00,4630.00,27,34586,162162745.00,4630.00,4714.00,4816.00,4702.00
31316784129157162,20170717,4322.00,4500.00,76,199187,860819987.00,4221.00,4519.00,4689.00,4512.00
31316784129157162,20170718,4457.00,4500.00,10,5554,24754490.00,4320.00,4600.00,4322.00,4600.00
31316784129157162,20170719,4523.00,4448.00,16,21590,97644279.00,4351.00,4688.00,4457.00,4688.00
31316784129157162,20170722,4585.00,4561.00,23,29807,136679638.00,4370.00,4760.00,4523.00,4370.00
31316784129157162,20170723,4595.00,4680.00,20,24650,113277627.00,4400.00,4711.00,4585.00,4585.00
31316784129157162,20170724,4806.00,4594.00,36,78608,377763639.00,4453.00,4888.00,4595.00,4888.00
31316784129157162,20170725,4700.00,4520.00,22,26533,124714437.00,4455.00,4750.00,4806.00,4455.00
31316784129157162,20170726,4451.00,4491.00,40,42245,188037534.00,4383.00,4838.00,4700.00,4838.00
31316784129157162,20170729,4320.00,4286.00,44,77576,335090226.00,4286.00,4404.00,4451.00,4404.00
31316784129157162,20170730,4189.00,4257.00,62,203175,851173174.00,4111.00,4275.00,4320.00,4275.00
31316784129157162,20170731,4153.00,4155.00,12,24588,102107078.00,4150.00,4290.00,4189.00,4150.00
31316784129157162,20170801,4196.00,4180.00,18,15756,66118901.00,4082.00,4295.00,4153.00,4082.00
31316784129157162,20170802,4182.00,4167.00,19,34723,145194768.00,4167.00,4280.00,4196.00,4180.00
31316784129157162,20170806,4174.00,4180.00,6,8550,35686600.00,4152.00,4192.00,4182.00,4152.00
31316784129157162,20170807,4172.00,4200.00,38,35461,147951790.00,4100.00,4200.00,4174.00,4170.00
31316784129157162,20170808,4162.00,4200.00,7,11625,48379728.00,4152.00,4200.00,4172.00,4166.00
31316784129157162,20170809,4079.00,4081.00,26,46712,190556883.00,4011.00,4122.00,4162.00,4122.00
31316784129157162,20170812,4021.00,4000.00,30,70904,285109480.00,4000.00,4064.00,4079.00,4051.00
31316784129157162,20170813,4038.00,4089.00,12,12447,50264060.00,4000.00,4199.00,4021.00,4000.00
31316784129157162,20170814,4000.00,4000.00,8,25000,100010972.00,4000.00,4002.00,4038.00,4000.00
31316784129157162,20170815,4009.00,4001.00,6,5058,20277820.00,4000.00,4170.00,4000.00,4002.00
31316784129157162,20170816,4001.00,4000.00,17,94057,376276098.00,3999.00,4002.00,4009.00,4002.00
31316784129157162,20170819,4145.00,4190.00,29,103641,429575614.00,3901.00,4190.00,4001.00,3901.00
31316784129157162,20170820,4145.00,4145.00,7,10000,41450000.00,4145.00,4145.00,4145.00,4145.00
31316784129157162,20170821,4005.00,4007.00,12,56613,226707891.00,4002.00,4020.00,4145.00,4002.00
31316784129157162,20170822,4005.00,4005.00,0,0,0.00,0.00,0.00,4005.00,4005.00
31316784129157162,20170823,4143.00,4143.00,6,5400,22372700.00,4143.00,4144.00,4005.00,4143.00
31316784129157162,20170826,4073.00,4100.00,34,68342,278366167.00,4002.00,4240.00,4143.00,4240.00
31316784129157162,20170827,4151.00,4150.00,26,92050,382098823.00,4137.00,4190.00,4073.00,4137.00
31316784129157162,20170828,4175.00,4175.00,18,24391,101823515.00,4150.00,4198.00,4151.00,4150.00
31316784129157162,20170829,4195.00,4118.00,41,50126,210264946.00,4118.00,4300.00,4175.00,4210.00
31316784129157162,20170830,4329.00,4301.00,59,142321,616118401.00,4202.00,4400.00,4195.00,4285.00
31316784129157162,20170902,4723.00,4761.00,54,122671,579360068.00,4115.00,4761.00,4329.00,4115.00
31316784129157162,20170903,5195.00,5195.00,37,163040,846992800.00,5195.00,5195.00,4723.00,5195.00
31316784129157162,20170904,5409.00,4850.00,115,308331,1667746258.00,4725.00,5710.00,5195.00,5710.00
31316784129157162,20170905,4870.00,4869.00,101,252978,1231957631.00,4869.00,5177.00,5409.00,4872.00
31316784129157162,20170906,4945.00,5080.00,75,176105,870889029.00,4850.00,5197.00,4870.00,4898.00
31316784129157162,20170910,4769.00,4600.00,52,87556,417527301.00,4451.00,5175.00,4945.00,5060.00
31316784129157162,20170911,4406.00,4382.00,43,48350,213006910.00,4301.00,4780.00,4769.00,4401.00
31316784129157162,20170912,4264.00,4687.00,37,37149,158403666.00,4211.00,4687.00,4406.00,4222.00
31316784129157162,20170913,4453.00,4530.00,39,34009,151448453.00,4251.00,4600.00,4264.00,4251.00
31316784129157162,20170916,4441.00,4583.00,33,37916,168374978.00,4400.00,4589.00,4453.00,4401.00
31316784129157162,20170917,4492.00,4433.00,21,27921,125414297.00,4411.00,4666.00,4441.00,4420.00
31316784129157162,20170918,4556.00,4500.00,33,51817,236073752.00,4428.00,4850.00,4492.00,4428.00
31316784129157162,20170919,4475.00,4477.00,37,82308,368358907.00,4451.00,4740.00,4556.00,4452.00
31316784129157162,20170920,4698.00,4669.00,33,51585,242337175.00,4550.00,4800.00,4475.00,4655.00
31316784129157162,20170923,4608.00,4457.00,21,46617,214794859.00,4456.00,4660.00,4698.00,4660.00
31316784129157162,20170924,4401.00,4350.00,75,122697,539938076.00,4322.00,4478.00,4608.00,4459.00
31316784129157162,20170925,4344.00,4444.00,39,39962,173605375.00,4240.00,4444.00,4401.00,4360.00
31316784129157162,20170926,4378.00,4520.00,32,45958,201220624.00,4333.00,4520.00,4344.00,4336.00
31316784129157162,20170927,4735.00,4800.00,206,567449,2686966079.00,4550.00,4815.00,4378.00,4550.00
31316784129157162,20171002,5082.00,4902.00,157,628930,3196489655.00,4863.00,5179.00,4735.00,5010.00
31316784129157162,20171003,4673.00,4574.00,168,485437,2268501028.00,4574.00,5159.00,5082.00,5159.00
31316784129157162,20171004,4527.00,4680.00,34,25294,114517250.00,4288.00,4796.00,4673.00,4300.00
31316784129157162,20171007,4391.00,4380.00,24,32203,141412942.00,4367.00,4423.00,4527.00,4367.00
31316784129157162,20171008,4057.00,4100.00,183,379441,1539382816.00,3952.00,4299.00,4391.00,4299.00
31316784129157162,20171009,4180.00,4119.00,14,11531,48201704.00,3736.00,4288.00,4057.00,3736.00
31316784129157162,20171010,4164.00,4081.00,38,77557,322935438.00,4006.00,4370.00,4180.00,4006.00
31316784129157162,20171011,4085.00,4100.00,42,108884,444769756.00,4020.00,4230.00,4164.00,4050.00
31316784129157162,20171014,4114.00,4200.00,17,18621,76597866.00,4070.00,4200.00,4085.00,4070.00
31316784129157162,20171015,4198.00,4152.00,35,78143,328036000.00,4100.00,4270.00,4114.00,4100.00
31316784129157162,20171016,4106.00,4070.00,32,31536,129482517.00,4061.00,4150.00,4198.00,4110.00
31316784129157162,20171017,4068.00,4052.00,18,32434,131949463.00,4035.00,4100.00,4106.00,4100.00
31316784129157162,20171018,4061.00,4062.00,13,18812,76387514.00,4027.00,4100.00,4068.00,4027.00
31316784129157162,20171021,4196.00,4230.00,16,18111,76000477.00,4040.00,4250.00,4061.00,4040.00
31316784129157162,20171022,4122.00,4100.00,14,14544,59943369.00,4100.00,4279.00,4196.00,4120.00
31316784129157162,20171023,4048.00,4001.00,17,106350,430487700.00,4001.00,4190.00,4122.00,4190.00
31316784129157162,20171024,3991.00,3970.00,14,43927,175305270.00,3909.00,4050.00,4048.00,4050.00
31316784129157162,20171025,4016.00,4013.00,8,6977,28022275.00,3973.00,4120.00,3991.00,4120.00
31316784129157162,20171028,4005.00,4002.00,10,39944,159967633.00,4000.00,4114.00,4016.00,4114.00
31316784129157162,20171029,3984.00,3985.00,13,46964,187103855.00,3980.00,4005.00,4005.00,4005.00
31316784129157162,20171030,3984.00,4065.00,20,22821,90918276.00,3911.00,4065.00,3984.00,4065.00
31316784129157162,20171031,4015.00,4057.00,15,55641,223391137.00,3920.00,4060.00,3984.00,4060.00
31316784129157162,20171101,3997.00,4008.00,13,47350,189266250.00,3961.00,4115.00,4015.00,4115.00
31316784129157162,20171104,3986.00,4050.00,60,162178,646505098.00,3801.00,4112.00,3997.00,4088.00
31316784129157162,20171105,4221.00,4280.00,103,279014,1177698784.00,4100.00,4383.00,3986.00,4115.00
31316784129157162,20171106,4220.00,4100.00,41,141046,595188002.00,4040.00,4309.00,4221.00,4290.00
31316784129157162,20171107,4079.00,4057.00,29,92383,376827811.00,4050.00,4151.00,4220.00,4151.00
31316784129157162,20171108,4162.00,4200.00,44,213836,889965823.00,4012.00,4330.00,4079.00,4057.00
31316784129157162,20171111,4114.00,4170.00,14,23114,95095620.00,4074.00,4250.00,4162.00,4250.00
31316784129157162,20171112,4135.00,4130.00,23,45843,189579512.00,4060.00,4161.00,4114.00,4100.00
31316784129157162,20171113,4170.00,4150.00,25,100736,420042748.00,4020.00,4209.00,4135.00,4030.00
31316784129157162,20171114,4215.00,4430.00,394,1672885,7051764328.00,4000.00,4501.00,4170.00,4190.00
31316784129157162,20171115,4619.00,4635.00,450,1990246,9192108807.00,4400.00,4636.00,4215.00,4457.00
31316784129157162,20171118,4548.00,4400.00,242,749094,3406790839.00,4370.00,4750.00,4619.00,4750.00
31316784129157162,20171120,4442.00,4436.00,66,206309,916506824.00,4301.00,4550.00,4548.00,4343.00
31316784129157162,20171121,4457.00,4350.00,117,154486,688555468.00,4275.00,4555.00,4442.00,4301.00
31316784129157162,20171122,4405.00,4479.00,76,226743,998819182.00,4300.00,4510.00,4457.00,4301.00
31316784129157162,20171125,4406.00,4320.00,73,82716,364405510.00,4314.00,4575.00,4405.00,4490.00
31316784129157162,20171126,4421.00,4350.00,62,166114,734456892.00,4301.00,4497.00,4406.00,4301.00
31316784129157162,20171128,4399.00,4329.00,37,59961,263797363.00,4329.00,4447.00,4421.00,4418.00
31316784129157162,20171129,4343.00,4344.00,66,135800,589801749.00,4159.00,4488.00,4399.00,4390.00
31316784129157162,20171202,4208.00,4201.00,56,183121,770509042.00,4180.00,4400.00,4343.00,4385.00
31316784129157162,20171203,4172.00,4140.00,21,14263,59511181.00,4140.00,4350.00,4208.00,4300.00
31316784129157162,20171204,4202.00,4293.00,28,51573,216732007.00,4090.00,4300.00,4172.00,4300.00
31316784129157162,20171205,4298.00,4300.00,48,93530,401991060.00,4129.00,4342.00,4202.00,4129.00
31316784129157162,20171209,4242.00,4210.00,22,84114,356776795.00,4165.00,4450.00,4298.00,4300.00
31316784129157162,20171210,4259.00,4150.00,52,173670,739670356.00,4132.00,4340.00,4242.00,4300.00
31316784129157162,20171211,4204.00,4229.00,29,167477,704028158.00,4134.00,4248.00,4259.00,4200.00
31316784129157162,20171212,4113.00,4092.00,53,166448,684597679.00,4073.00,4247.00,4204.00,4238.00
31316784129157162,20171213,4106.00,4150.00,45,186234,764738698.00,4040.00,4169.00,4113.00,4040.00
31316784129157162,20171214,4106.00,4150.00,0,0,0.00,0.00,0.00,4106.00,0.00
31316784129157162,20171215,4106.00,4150.00,0,0,0.00,0.00,0.00,4106.00,0.00
31316784129157162,20171216,4126.00,4055.00,33,77526,319872592.00,4044.00,4198.00,4106.00,4150.00
31316784129157162,20171217,4135.00,4240.00,60,36644,151509171.00,4065.00,4250.00,4126.00,4065.00
31316784129157162,20171218,4128.00,4150.00,10,38098,157277313.00,4060.00,4150.00,4135.00,4061.00
31316784129157162,20171219,4115.00,4129.00,16,148566,611339640.00,4060.00,4170.00,4128.00,4169.00
31316784129157162,20171220,4010.00,4070.00,57,245648,985075371.00,3923.00,4145.00,4115.00,4011.00
31316784129157162,20171223,4018.00,4003.00,38,65342,262522511.00,4000.00,4100.00,4010.00,4100.00
31316784129157162,20171224,4018.00,4100.00,18,48973,196779964.00,4007.00,4129.00,4018.00,4007.00
31316784129157162,20171225,4017.00,4062.00,46,139443,560152332.00,4001.00,4129.00,4018.00,4100.00
31316784129157162,20171226,4171.00,4188.00,52,119123,496831721.00,4100.00,4210.00,4017.00,4109.00
31316784129157162,20171227,4243.00,4140.00,29,39616,168100854.00,4111.00,4299.00,4171.00,4299.00
31316784129157162,20171230,4064.00,4190.00,34,33902,137786445.00,4001.00,4280.00,4243.00,4279.00
31316784129157162,20171231,4010.00,4048.00,99,652414,2616410538.00,3900.00,4085.00,4064.00,4019.00
31316784129157162,20180101,4245.00,4190.00,8,204740,869022756.00,4048.00,4249.00,4010.00,4048.00
31316784129157162,20180102,4239.00,4239.00,1,1000,4239000.00,4239.00,4239.00,4245.00,4239.00
31316784129157162,20180103,4181.00,4022.00,17,20201,84459122.00,4021.00,4263.00,4239.00,4263.00
31316784129157162,20180106,4012.00,4002.00,36,73875,296354909.00,4000.00,4197.00,4181.00,4197.00
31316784129157162,20180107,4133.00,4166.00,20,14346,59293350.00,4100.00,4169.00,4012.00,4100.00
31316784129157162,20180108,4101.00,4090.00,7,11420,46831800.00,4090.00,4110.00,4133.00,4100.00
31316784129157162,20180109,4040.00,4004.00,29,131486,531204606.00,4004.00,4100.00,4101.00,4100.00
31316784129157162,20180110,4117.00,4061.00,26,46569,191709265.00,4042.00,4172.00,4040.00,4060.00
31316784129157162,20180113,4119.00,4150.00,24,51752,213150666.00,4005.00,4158.00,4117.00,4005.00
31316784129157162,20180114,4121.00,4170.00,32,101924,419991945.00,4100.00,4199.00,4119.00,4155.00
31316784129157162,20180115,4122.00,4172.00,7,17050,70286350.00,4001.00,4197.00,4121.00,4001.00
31316784129157162,20180116,4057.00,4140.00,18,62250,252570777.00,4014.00,4188.00,4122.00,4014.00
31316784129157162,20180117,4008.00,4010.00,37,73635,295139750.00,4000.00,4176.00,4057.00,4008.00
31316784129157162,20180120,4003.00,4000.00,27,97662,390963271.00,3950.00,4100.00,4008.00,4100.00
31316784129157162,20180121,4001.00,4005.00,23,90038,360224380.00,3950.00,4098.00,4003.00,3951.00
31316784129157162,20180122,4052.00,4094.00,11,22082,89473442.00,4050.00,4094.00,4001.00,4050.00
31316784129157162,20180123,4005.00,4000.00,30,141114,565150615.00,4000.00,4098.00,4052.00,4098.00
31316784129157162,20180124,4001.00,4077.00,48,326973,1308257004.00,3990.00,4077.00,4005.00,4050.00
31316784129157162,20180127,4018.00,4000.00,21,51183,205634026.00,4000.00,4077.00,4001.00,4077.00
31316784129157162,20180128,4048.00,3960.00,103,502566,2034633781.00,3900.00,4186.00,4018.00,4000.00
31316784129157162,20180129,4044.00,4061.00,23,98998,400315171.00,3701.00,4100.00,4048.00,4050.00
31316784129157162,20180130,4000.00,4000.00,18,53293,213177200.00,4000.00,4002.00,4044.00,4000.00
31316784129157162,20180131,4012.00,4000.00,19,34801,139621637.00,3922.00,4040.00,4000.00,3922.00
31316784129157162,20180203,4021.00,3999.00,21,24541,98684666.00,3959.00,4090.00,4012.00,4089.00
31316784129157162,20180204,3997.00,3994.00,26,86891,347286094.00,3720.00,4048.00,4021.00,3901.00
31316784129157162,20180205,4032.00,4061.00,38,170445,687228022.00,3901.00,4064.00,3997.00,4059.00
31316784129157162,20180206,4061.00,4059.00,19,54969,223243660.00,3980.00,4066.00,4032.00,4000.00
31316784129157162,20180207,4042.00,4059.00,10,15582,62974880.00,4000.00,4064.00,4061.00,4064.00
31316784129157162,20180210,3967.00,3910.00,29,47080,186758340.00,3902.00,4000.00,4042.00,4000.00
31316784129157162,20180212,4264.00,4363.00,137,473431,2018490728.00,4051.00,4363.00,3967.00,4051.00
31316784129157162,20180213,4390.00,4395.00,92,296288,1300715197.00,4200.00,4599.00,4264.00,4599.00
31316784129157162,20180214,4279.00,4250.00,19,66800,285830910.00,4250.00,4398.00,4390.00,4398.00
31316784129157162,20180217,4176.00,4299.00,27,61407,256422714.00,4050.00,4350.00,4279.00,4350.00
31316784129157162,20180218,4205.00,4199.00,25,27478,115543308.00,4150.00,4297.00,4176.00,4250.00
31316784129157162,20180219,4088.00,4080.00,58,95877,391984479.00,4050.00,4279.00,4205.00,4260.00
31316784129157162,20180221,4104.00,4080.00,31,36112,148193946.00,4080.00,4278.00,4088.00,4100.00
31316784129157162,20180224,4025.00,4012.00,33,40112,161454682.00,4000.00,4249.00,4104.00,4100.00
31316784129157162,20180225,4024.00,4020.00,22,24971,100479510.00,4000.00,4050.00,4025.00,4050.00
31316784129157162,20180226,4005.00,4000.00,29,51559,206478513.00,4000.00,4050.00,4024.00,4050.00
31316784129157162,20180227,4135.00,4002.00,55,66758,276013010.00,4002.00,4340.00,4005.00,4148.00
31316784129157162,20180228,4029.00,4050.00,29,69431,279721200.00,4000.00,4179.00,4135.00,4070.00
31316784129157162,20180303,4070.00,4100.00,44,176324,717599845.00,4000.00,4149.00,4029.00,4147.00
31316784129157162,20180304,4063.00,4000.00,52,141694,575759770.00,3971.00,4159.00,4070.00,4140.00
31316784129157162,20180305,4026.00,4118.00,18,49358,198706921.00,3920.00,4118.00,4063.00,3923.00
31316784129157162,20180306,4120.00,4118.00,33,58945,242858257.00,4080.00,4150.00,4026.00,4100.00
31316784129157162,20180307,4036.00,4030.00,14,13675,55190094.00,4012.00,4150.00,4120.00,4150.00
31316784129157162,20180310,4132.00,4003.00,46,163364,675059581.00,4000.00,4200.00,4036.00,4130.00
31316784129157162,20180311,4029.00,4000.00,37,104565,421297481.00,3850.00,4095.00,4132.00,4004.00
31316784129157162,20180312,3880.00,3836.00,31,72705,282084125.00,3750.00,3961.00,4029.00,3961.00
31316784129157162,20180313,3999.00,3998.00,16,73267,293029517.00,3881.00,4020.00,3880.00,3999.00
31316784129157162,20180314,4055.00,3902.00,17,77414,313914989.00,3902.00,4089.00,3999.00,4019.00
31316784129157162,20180317,4041.00,4067.00,41,243180,982689470.00,3820.00,4090.00,4055.00,4020.00
31316784129157162,20180318,4060.00,4060.00,1,10000,40600000.00,4060.00,4060.00,4041.00,4060.00
31316784129157162,20180319,4295.00,4309.00,47,223397,959529106.00,4080.00,4428.00,4060.00,4080.00
31316784129157162,20180325,4172.00,4023.00,4,6700,27954600.00,4023.00,4200.00,4295.00,4200.00
31316784129157162,20180326,4060.00,4023.00,14,30357,123263777.00,4020.00,4200.00,4172.00,4200.00
31316784129157162,20180327,4060.00,4060.00,0,0,0.00,0.00,0.00,4060.00,4060.00
31316784129157162,20180328,4033.00,4020.00,20,19808,79895420.00,4020.00,4070.00,4060.00,4070.00
31316784129157162,20180403,3879.00,3820.00,17,33475,129852850.00,3820.00,4002.00,4033.00,4001.00
31316784129157162,20180404,3984.00,3990.00,13,66183,263670170.00,3920.00,4000.00,3879.00,4000.00
31316784129157162,20180407,4010.00,4000.00,28,553000,2217519804.00,4000.00,4020.00,3984.00,4020.00
31316784129157162,20180408,4006.00,3850.00,32,619080,2479746996.00,3850.00,4050.00,4010.00,4010.00
31316784129157162,20180409,4007.00,3914.00,34,569981,2283660324.00,3914.00,4045.00,4006.00,4000.00
31316784129157162,20180410,4020.00,4010.00,28,752590,3025387400.00,4010.00,4027.00,4007.00,4020.00
31316784129157162,20180411,3963.00,3950.00,14,117460,465537569.00,3940.00,3988.00,4020.00,3943.00
31316784129157162,20180415,3998.00,3820.00,25,446640,1785655883.00,3820.00,4010.00,3963.00,3999.00
31316784129157162,20180416,3988.00,3900.00,7,20500,81763450.00,3900.00,4000.00,3998.00,3986.00
31316784129157162,20180417,3939.00,3829.00,35,147388,580563102.00,3800.00,4000.00,3988.00,3860.00
31316784129157162,20180418,3969.00,3980.00,36,114000,452441628.00,3821.00,3998.00,3939.00,3822.00
31316784129157162,20180421,3974.00,3996.00,20,203850,810201607.00,3907.00,4000.00,3969.00,3999.00
31316784129157162,20180422,3989.00,3950.00,14,89783,358126538.00,3873.00,4000.00,3974.00,4000.00
31316784129157162,20180423,3983.00,3988.00,10,62500,248952677.00,3887.00,3988.00,3989.00,3912.00
31316784129157162,20180424,4004.00,4079.00,16,96132,384912957.00,3999.00,4080.00,3983.00,3999.00
31316784129157162,20180425,4016.00,3999.00,16,48845,196165255.00,3999.00,4080.00,4004.00,4080.00
31316784129157162,20180428,4056.00,4060.00,5,40000,162252750.00,4000.00,4070.00,4016.00,4070.00
31316784129157162,20180429,3993.00,3910.00,10,29300,116983757.00,3900.00,4029.00,4056.00,4028.00
31316784129157162,20180430,4050.00,4100.00,8,30000,121493860.00,4000.00,4100.00,3993.00,4000.00
31316784129157162,20180501,4076.00,4000.00,4,20020,81610000.00,4000.00,4080.00,4050.00,4020.00
31316784129157162,20180505,3987.00,4008.00,14,61000,243195606.00,3865.00,4008.00,4076.00,3904.00
31316784129157162,20180506,4025.00,3999.00,12,41879,168549273.00,3861.00,4069.00,3987.00,4060.00
31316784129157162,20180507,3943.00,3801.00,22,55739,219757155.00,3801.00,4000.00,4025.00,3860.00
31316784129157162,20180508,4002.00,4019.00,13,32441,129840925.00,3888.00,4039.00,3943.00,3995.00
31316784129157162,20180509,3986.00,3854.00,7,25039,99802630.00,3842.00,4024.00,4002.00,4019.00
31316784129157162,20180512,4027.00,4000.00,15,22350,90000000.00,4000.00,4040.00,3986.00,4040.00
31316784129157162,20180513,4055.00,4064.00,6,30000,121647824.00,4050.00,4064.00,4027.00,4050.00
31316784129157162,20180514,4051.00,4129.00,26,135697,549699545.00,3890.00,4208.00,4055.00,4017.00
31316784129157162,20180515,4187.00,4190.00,15,22516,94284932.00,4184.00,4232.00,4051.00,4198.00
31316784129157162,20180516,4186.00,4190.00,19,61261,256410568.00,4149.00,4190.00,4187.00,4188.00
31316784129157162,20180519,4245.00,4199.00,29,111904,475004339.00,4199.00,4300.00,4186.00,4200.00
31316784129157162,20180520,4316.00,4200.00,39,121692,525181545.00,4200.00,4398.00,4245.00,4288.00
31316784129157162,20180521,4274.00,4290.00,18,54889,234592678.00,4108.00,4290.00,4316.00,4108.00
31316784129157162,20180522,4252.00,4150.00,22,58480,248642414.00,4111.00,4300.00,4274.00,4231.00
31316784129157162,20180523,4336.00,4151.00,25,48485,210226232.00,4150.00,4420.00,4252.00,4150.00
31316784129157162,20180526,4303.00,4296.00,6,20105,86511110.00,4296.00,4330.00,4336.00,4299.00
31316784129157162,20180527,4114.00,4100.00,49,326944,1345070415.00,4100.00,4348.00,4303.00,4299.00
31316784129157162,20180528,4307.00,4110.00,14,11663,50231190.00,4110.00,4360.00,4114.00,4290.00
31316784129157162,20180529,4232.00,4289.00,28,53512,226476473.00,4110.00,4299.00,4307.00,4111.00
31316784129157162,20180530,4277.00,4153.00,22,24796,106054446.00,4150.00,4344.00,4232.00,4150.00
31316784129157162,20180602,4145.00,4291.00,8,4600,19068727.00,4050.00,4291.00,4277.00,4151.00
31316784129157162,20180603,4145.00,4291.00,0,0,0.00,0.00,0.00,4145.00,0.00
31316784129157162,20180609,4027.00,4021.00,5,3000,12080668.00,4021.00,4040.00,4145.00,4040.00
31316784129157162,20180610,3987.00,3972.00,9,9971,39750842.00,3932.00,4013.00,4027.00,4010.00
31316784129157162,20180611,3910.00,3884.00,26,24001,93850759.00,3873.00,3943.00,3987.00,3911.00
31316784129157162,20180612,3977.00,4000.00,26,75887,301786735.00,3913.00,4098.00,3910.00,3915.00
31316784129157162,20180613,4185.00,4290.00,47,105678,442273744.00,4090.00,4299.00,3977.00,4200.00
31316784129157162,20180617,4326.00,4301.00,71,112943,488539031.00,4120.00,4590.00,4185.00,4344.00
31316784129157162,20180618,4191.00,4150.00,49,74150,310727200.00,4133.00,4261.00,4326.00,4162.00
31316784129157162,20180619,4119.00,4200.00,50,59701,245907350.00,4060.00,4200.00,4191.00,4155.00
31316784129157162,20180620,4082.00,4100.00,39,34299,139992280.00,4000.00,4280.00,4119.00,4040.00
31316784129157162,20180623,4089.00,4070.00,20,18269,74707342.00,4001.00,4140.00,4082.00,4001.00
31316784129157162,20180624,4194.00,4101.00,75,118160,495540915.00,4040.00,4299.00,4089.00,4040.00
31316784129157162,20180625,4080.00,3999.00,67,107645,439208063.00,3980.00,4288.00,4194.00,4101.00
31316784129157162,20180626,3921.00,3999.00,56,148158,580914158.00,3855.00,4005.00,4080.00,4002.00
31316784129157162,20180627,3921.00,3999.00,0,0,0.00,0.00,0.00,3921.00,0.00
31316784129157162,20180630,3921.00,3999.00,0,0,0.00,0.00,0.00,3921.00,0.00
31316784129157162,20180701,3921.00,3999.00,0,0,0.00,0.00,0.00,3921.00,0.00
31316784129157162,20180702,3921.00,3999.00,0,0,0.00,0.00,0.00,3921.00,0.00
31316784129157162,20180703,4000.00,4000.00,5,50000,200000000.00,4000.00,4000.00,3671.00,4000.00
31316784129157162,20180704,3951.00,3961.00,11,29300,115759700.00,3929.00,3961.00,4000.00,3929.00
31316784129157162,20180707,3723.00,3802.00,30,54803,204043073.00,3613.00,3802.00,3951.00,3802.00
31316784129157162,20180708,3723.00,3723.00,0,0,0.00,0.00,0.00,3723.00,3723.00
31316784129157162,20180710,3806.00,3612.00,6,19030,72430710.00,3612.00,3853.00,3723.00,3853.00
31316784129157162,20180711,3618.00,3621.00,15,30000,108546900.00,3611.00,3621.00,3806.00,3621.00
31316784129157162,20180714,3618.00,3618.00,0,0,0.00,0.00,0.00,3618.00,3618.00
31316784129157162,20180715,3652.00,3652.00,5,24628,89940828.00,3651.00,3652.00,3618.00,3651.00
31316784129157162,20180716,3652.00,3652.00,2,12000,43824000.00,3652.00,3652.00,3652.00,3652.00
31316784129157162,20180717,3542.00,3550.00,22,22150,78461500.00,3511.00,3652.00,3652.00,3652.00
31316784129157162,20180718,3568.00,3774.00,9,22306,79597008.00,3550.00,3789.00,3542.00,3551.00
31316784129157162,20180721,3709.00,3710.00,7,13105,48604750.00,3650.00,3750.00,3568.00,3750.00
31316784129157162,20180722,3670.00,3661.00,28,60537,222158189.00,3661.00,3750.00,3709.00,3750.00
31316784129157162,20180723,3607.00,3600.00,13,43071,155349440.00,3600.00,3640.00,3670.00,3640.00
31316784129157162,20180724,3517.00,3556.00,8,11924,41936350.00,3434.00,3650.00,3607.00,3548.00
31316784129157162,20180725,3506.00,3506.00,11,24400,85558400.00,3506.00,3507.00,3517.00,3506.00
31316784129157162,20180726,3506.00,3506.00,0,0,0.00,0.00,0.00,3506.00,0.00
31316784129157162,20180727,3506.00,3506.00,0,0,0.00,0.00,0.00,3506.00,0.00
31316784129157162,20180728,3506.00,3506.00,0,0,0.00,0.00,0.00,3506.00,0.00
31316784129157162,20180729,3506.00,3506.00,0,0,0.00,0.00,0.00,3506.00,0.00
31316784129157162,20180730,3406.00,3449.00,8,15895,54136075.00,3390.00,3450.00,3506.00,3390.00
31316784129157162,20180731,3705.00,3690.00,14,39945,148014778.00,3570.00,3746.00,3406.00,3570.00
31316784129157162,20180801,3656.00,3728.00,21,55998,204730071.00,3510.00,3949.00,3705.00,3510.00
31316784129157162,20180804,3656.00,3728.00,0,0,0.00,0.00,0.00,3656.00,0.00
31316784129157162,20180805,3444.00,3430.00,39,46589,160442841.00,3411.00,3551.00,3656.00,3551.00
31316784129157162,20180806,3261.00,3160.00,30,73644,240147893.00,3100.00,3413.00,3444.00,3413.00
31316784129157162,20180807,3261.00,3160.00,0,0,0.00,0.00,0.00,3261.00,3428.00
31316784129157162,20180808,3170.00,3440.00,4,14200,45013500.00,3160.00,3440.00,3261.00,3161.00
31316784129157162,20180811,3170.00,3440.00,0,0,0.00,0.00,0.00,3170.00,0.00
31316784129157162,20180812,3170.00,3440.00,0,0,0.00,0.00,0.00,3170.00,0.00
31316784129157162,20180813,3151.00,3098.00,4,3799,11971302.00,3098.00,3300.00,3170.00,3300.00
31316784129157162,20180814,3145.00,3200.00,6,5156,16215344.00,3099.00,3200.00,3151.00,3101.00
31316784129157162,20180815,3207.00,3289.00,22,81623,261760786.00,3200.00,3290.00,3145.00,3200.00
31316784129157162,20180818,3252.00,3289.00,20,22912,74504674.00,3128.00,3300.00,3207.00,3142.00
31316784129157162,20180819,3399.00,3326.00,4,2800,9517800.00,3326.00,3440.00,3252.00,3440.00
31316784129157162,20180820,3378.00,3344.00,28,42916,144951284.00,3342.00,3438.00,3399.00,3365.00
31316784129157162,20180821,3300.00,3252.00,50,97947,323264762.00,3205.00,3400.00,3378.00,3340.00
31316784129157162,20180825,3476.00,3505.00,28,33250,115589295.00,3302.00,3505.00,3300.00,3302.00
31316784129157162,20180826,3637.00,3607.00,30,39390,143269875.00,3531.00,3700.00,3476.00,3533.00
31316784129157162,20180827,3967.00,4000.00,79,208272,826138406.00,3700.00,4000.00,3637.00,3798.00
31316784129157162,20180828,3788.00,3900.00,13,20204,76524550.00,3700.00,4199.00,3967.00,4199.00
31316784129157162,20180829,4096.00,4166.00,97,192542,788727593.00,3813.00,4166.00,3788.00,3997.00
31316784129157162,20180901,4183.00,4166.00,31,66726,279104878.00,4166.00,4388.00,4096.00,4166.00
31316784129157162,20180902,3978.00,4000.00,42,82723,329099221.00,3801.00,4166.00,4183.00,3801.00
31316784129157162,20180903,3956.00,3980.00,24,25592,101248270.00,3918.00,4010.00,3978.00,4010.00
31316784129157162,20180904,3962.00,4000.00,19,48170,190856064.00,3955.00,4150.00,3956.00,4150.00
31316784129157162,20180905,4330.00,4358.00,113,341676,1479580338.00,4010.00,4358.00,3962.00,4010.00
31316784129157162,20180908,4763.00,4763.00,36,100519,478769997.00,4762.00,4763.00,4330.00,4763.00
31316784129157162,20180909,5237.00,5237.00,9,32436,169880776.00,5237.00,5238.00,4763.00,5238.00
31316784129157162,20180910,5237.00,5237.00,0,0,0.00,0.00,0.00,5237.00,0.00
31316784129157162,20180911,5237.00,5237.00,0,0,0.00,0.00,0.00,5237.00,0.00
31316784129157162,20180912,6530.00,6291.00,75,503925,3290390616.00,6291.00,6991.00,5237.00,6990.00
31316784129157162,20180915,6153.00,6220.00,692,2975006,18303797913.00,5877.00,6900.00,6530.00,5877.00
31316784129157162,20180916,6343.00,6320.00,399,1346675,8542490395.00,6155.00,6725.00,6153.00,6725.00
31316784129157162,20180917,6578.00,6498.00,262,952115,6263380452.00,6350.00,6877.00,6343.00,6800.00
31316784129157162,20180918,6529.00,6479.00,191,578681,3777946425.00,6250.00,6660.00,6578.00,6600.00
31316784129157162,20180922,6376.00,6351.00,415,1384282,8825776446.00,6240.00,6596.00,6529.00,6270.00
31316784129157162,20180923,6399.00,6376.00,238,645006,4127156626.00,6284.00,6550.00,6376.00,6284.00
31316784129157162,20180924,6968.00,7038.00,240,2064755,14387720740.00,6480.00,7038.00,6399.00,6480.00
31316784129157162,20180925,7664.00,7664.00,91,619703,4749403792.00,7664.00,7664.00,6968.00,7664.00
31316784129157162,20180926,8337.00,8219.00,413,1740273,14508561617.00,7670.00,8430.00,7664.00,8430.00
31316784129157162,20180929,9000.00,9000.00,8,51615,464535000.00,9000.00,9000.00,8337.00,9000.00
31316784129157162,20180930,10508.00,10890.00,215,946918,9950569048.00,9900.00,10890.00,9000.00,9900.00
31316784129157162,20181001,10508.00,10890.00,0,0,0.00,0.00,0.00,10508.00,0.00
31316784129157162,20181002,8538.00,8513.00,43,108213,923956824.00,8513.00,9458.00,10508.00,9458.00
31316784129157162,20181003,7897.00,8043.00,320,1126688,8897986907.00,7685.00,8398.00,8538.00,7685.00
31316784129157162,20181006,7751.00,7680.00,317,1164475,9025474400.00,7108.00,8686.00,7897.00,8686.00
31316784129157162,20181007,7006.00,6976.00,182,672453,4711025529.00,6976.00,7445.00,7751.00,6977.00
31316784129157162,20181008,6321.00,6399.00,172,707414,4471438580.00,6306.00,6550.00,7006.00,6307.00
31316784129157162,20181009,6891.00,6702.00,124,614293,4232904260.00,6391.00,6953.00,6321.00,6391.00
31316784129157162,20181010,6390.00,6250.00,90,226404,1446636224.00,6250.00,7000.00,6891.00,6260.00
31316784129157162,20181013,5771.00,5751.00,88,534802,3086201656.00,5751.00,6680.00,6390.00,6678.00
31316784129157162,20181014,5833.00,6000.00,66,204216,1191277481.00,5195.00,6198.00,5771.00,5300.00
31316784129157162,20181015,6411.00,6416.00,62,397885,2550924125.00,6394.00,6416.00,5833.00,6395.00
31316784129157162,20181016,7027.00,6900.00,135,516375,3628800376.00,6820.00,7052.00,6411.00,7052.00
31316784129157162,20181017,7062.00,7100.00,78,299470,2114864211.00,6514.00,7290.00,7027.00,7180.00
31316784129157162,20181020,7532.00,7590.00,170,661298,4980985516.00,6600.00,7640.00,7062.00,6600.00
31316784129157162,20181021,7165.00,7160.00,99,297988,2135047689.00,6800.00,8150.00,7532.00,8150.00
31316784129157162,20181022,6496.00,6449.00,179,526569,3420679412.00,6449.00,6800.00,7165.00,6451.00
31316784129157162,20181023,5996.00,5896.00,87,236617,1418657477.00,5847.00,6500.00,6496.00,5862.00
31316784129157162,20181024,6062.00,6100.00,53,130406,790504916.00,5451.00,6229.00,5996.00,5848.00
31316784129157162,20181027,5953.00,5950.00,43,159305,948371373.00,5630.00,6189.00,6062.00,5630.00
31316784129157162,20181028,6158.00,6239.00,57,112155,690604576.00,5620.00,6300.00,5953.00,5620.00
31316784129157162,20181029,6527.00,6600.00,35,45665,298055462.00,6158.00,6766.00,6158.00,6158.00
31316784129157162,20181031,6369.00,6959.00,6,4180,26621620.00,6300.00,6959.00,6527.00,6300.00
31316784129157162,20181103,6369.00,6959.00,0,0,0.00,0.00,0.00,6369.00,0.00
31316784129157162,20181104,6369.00,6959.00,0,0,0.00,0.00,0.00,6369.00,0.00
31316784129157162,20181105,6599.00,6500.00,45,109433,722199403.00,6410.00,7005.00,6369.00,7005.00
31316784129157162,20181106,6739.00,6739.00,46,95979,637561689.00,6500.00,6998.00,6599.00,6500.00
31316784129157162,20181110,6706.00,6665.00,53,97762,655570975.00,6501.00,7297.00,6739.00,6502.00
31316784129157162,20181111,6547.00,6302.00,51,145831,954786421.00,6150.00,6799.00,6706.00,6509.00
31316784129157162,20181112,6574.00,6666.00,60,116841,768109193.00,6500.00,7000.00,6547.00,6690.00
31316784129157162,20181113,6529.00,6565.00,65,282020,1841339130.00,6454.00,6677.00,6574.00,6665.00
31316784129157162,20181114,6566.00,6560.00,48,139006,912746520.00,6400.00,6600.00,6529.00,6600.00
31316784129157162,20181117,6405.00,6332.00,75,166181,1064407753.00,6332.00,6599.00,6566.00,6353.00
31316784129157162,20181118,6358.00,6310.00,75,284945,1811616241.00,6023.00,6700.00,6405.00,6597.00
31316784129157162,20181119,6427.00,6261.00,46,95541,614019353.00,6040.00,6799.00,6358.00,6040.00
31316784129157162,20181120,6443.00,6489.00,16,13132,84615020.00,6251.00,6500.00,6427.00,6500.00
31316784129157162,20181121,6582.00,6620.00,36,81174,534265540.00,6400.00,6899.00,6443.00,6480.00
31316784129157162,20181124,6489.00,6500.00,64,136475,885647652.00,6241.00,6861.00,6582.00,6798.00
31316784129157162,20181126,6022.00,6000.00,58,86559,521241032.00,5945.00,6500.00,6489.00,6500.00
31316784129157162,20181127,6025.00,6180.00,80,137879,830782392.00,5808.00,6480.00,6022.00,6480.00
31316784129157162,20181128,6332.00,6353.00,55,129484,819846447.00,6100.00,6353.00,6025.00,6350.00
31316784129157162,20181201,6204.00,6230.00,42,141151,875756834.00,6000.00,6625.00,6332.00,6625.00
31316784129157162,20181202,6285.00,6446.00,25,27808,174772228.00,6212.00,6539.00,6204.00,6539.00
31316784129157162,20181203,6371.00,6409.00,24,33213,211593830.00,6034.00,6496.00,6285.00,6038.00
31316784129157162,20181204,6304.00,6300.00,16,27632,174194472.00,6251.00,6399.00,6371.00,6255.00
31316784129157162,20181205,6088.00,6378.00,46,46749,284620661.00,5754.00,6493.00,6304.00,5754.00
31316784129157162,20181208,6640.00,6696.00,191,560489,3721825999.00,5950.00,6696.00,6088.00,6210.00
31316784129157162,20181209,7302.00,7304.00,276,924125,6747681208.00,6993.00,7304.00,6640.00,6993.00
31316784129157162,20181210,7305.00,6950.00,390,713290,5210905921.00,6700.00,7900.00,7302.00,7400.00
31316784129157162,20181211,7305.00,6950.00,0,0,0.00,0.00,0.00,7305.00,0.00
31316784129157162,20181212,7800.00,7800.00,17,27035,210873000.00,7800.00,7800.00,7305.00,7800.00
31316784129157162,20181215,7542.00,7220.00,225,388274,2928238701.00,7031.00,7999.00,7800.00,7900.00
31316784129157162,20181216,6848.00,6889.00,127,293921,2012724602.00,6788.00,7021.00,7542.00,7012.00
31316784129157162,20181217,6486.00,6330.00,158,361884,2347138309.00,6230.00,6800.00,6848.00,6800.00
31316784129157162,20181218,6388.00,6380.00,42,116184,742140458.00,6165.00,6675.00,6486.00,6675.00
31316784129157162,20181219,6261.00,6400.00,53,103260,646553183.00,6165.00,6400.00,6388.00,6350.00
31316784129157162,20181222,6473.00,6488.00,25,26832,173690139.00,6350.00,6599.00,6261.00,6555.00
31316784129157162,20181223,6588.00,6679.00,41,35269,232349566.00,6272.00,6738.00,6473.00,6573.00
31316784129157162,20181224,6545.00,6434.00,37,37877,247914988.00,6400.00,6720.00,6588.00,6720.00
31316784129157162,20181225,6456.00,6510.00,37,30746,198494719.00,6281.00,6510.00,6545.00,6379.00
31316784129157162,20181226,6549.00,6599.00,52,93814,614426682.00,6496.00,6599.00,6456.00,6510.00
31316784129157162,20181229,6612.00,6600.00,40,87558,578973852.00,6500.00,6659.00,6549.00,6600.00
31316784129157162,20181230,6646.00,6699.00,56,122639,815115566.00,6312.00,6990.00,6612.00,6500.00
31316784129157162,20181231,7028.00,7200.00,172,555830,3906411810.00,6600.00,7200.00,6646.00,7093.00
31316784129157162,20190101,7630.00,7730.00,255,995845,7598355237.00,7202.00,7730.00,7028.00,7202.00
31316784129157162,20190102,7896.00,7720.00,399,888350,7013971605.00,7700.00,8190.00,7630.00,8190.00
31316784129157162,20190105,7660.00,7711.00,111,224249,1717852781.00,7552.00,7995.00,7896.00,7995.00
31316784129157162,20190106,7950.00,7989.00,327,831485,6609979003.00,7150.00,8300.00,7660.00,7561.00
31316784129157162,20190107,7947.00,7880.00,214,732930,5824405603.00,7661.00,8270.00,7950.00,8270.00
31316784129157162,20190108,7969.00,7998.00,145,379640,3025501301.00,7697.00,8245.00,7947.00,7697.00
31316784129157162,20190109,7928.00,7900.00,142,548805,4350659036.00,7777.00,8100.00,7969.00,8098.00
31316784129157162,20190112,7799.00,7769.00,170,499828,3898013181.00,7601.00,8030.00,7928.00,7601.00
31316784129157162,20190113,7351.00,7320.00,207,337305,2479476335.00,7200.00,7690.00,7799.00,7621.00
31316784129157162,20190114,7384.00,7540.00,159,650590,4803912635.00,7260.00,7540.00,7351.00,7300.00
31316784129157162,20190115,7633.00,7650.00,240,600395,4582642866.00,7550.00,7800.00,7384.00,7595.00
31316784129157162,20190116,7916.00,8100.00,548,2370029,18761620385.00,7551.00,8329.00,7633.00,7796.00
31316784129157162,20190119,8292.00,8100.00,288,560905,4650951871.00,8100.00,8700.00,7916.00,8150.00
31316784129157162,20190120,8005.00,8029.00,156,483599,3871132391.00,7831.00,8290.00,8292.00,8290.00
31316784129157162,20190121,7656.00,7530.00,111,319578,2446631517.00,7450.00,8029.00,8005.00,8029.00
31316784129157162,20190122,7773.00,7800.00,81,143152,1112682500.00,7700.00,8099.00,7656.00,7700.00
31316784129157162,20190123,7732.00,8000.00,395,3595289,27799520391.00,7551.00,8109.00,7773.00,7551.00
31316784129157162,20190126,8431.00,8390.00,757,3238856,27307578410.00,8103.00,8505.00,7732.00,8190.00
31316784129157162,20190127,8382.00,8110.00,456,1367448,11462494581.00,8110.00,8900.00,8431.00,8467.00
31316784129157162,20190128,7916.00,8000.00,343,792177,6270807082.00,7779.00,8179.00,8382.00,7970.00
31316784129157162,20190129,7988.00,7926.00,188,461885,3689713050.00,7910.00,8350.00,7916.00,8100.00
31316784129157162,20190130,8113.00,8000.00,697,4319530,35046494987.00,7400.00,8350.00,7988.00,7916.00
31316784129157162,20190202,7998.00,7860.00,235,923183,7383453848.00,7750.00,8149.00,8113.00,8185.00
31316784129157162,20190203,7619.00,7670.00,257,637210,4854821385.00,7400.00,7990.00,7998.00,7990.00
31316784129157162,20190204,7740.00,7650.00,155,422820,3272550227.00,7650.00,7900.00,7619.00,7995.00
31316784129157162,20190205,7692.00,7730.00,150,266358,2048715769.00,7602.00,7993.00,7740.00,7750.00
31316784129157162,20190206,7615.00,7540.00,133,187815,1430219208.00,7457.00,7818.00,7692.00,7733.00
31316784129157162,20190210,7704.00,7610.00,137,216464,1667534934.00,7600.00,7949.00,7615.00,7650.00
31316784129157162,20190212,7169.00,6934.00,293,918161,6582507150.00,6934.00,7799.00,7704.00,7799.00
31316784129157162,20190213,6706.00,6820.00,328,604270,4052514223.00,6501.00,7200.00,7169.00,7200.00
31316784129157162,20190216,6546.00,6499.00,328,1560937,10218329589.00,6036.00,7099.00,6706.00,6818.00
31316784129157162,20190217,6219.00,6270.00,257,392671,2441872992.00,6060.00,6546.00,6546.00,6546.00
31316784129157162,20190218,6295.00,6250.00,198,311355,1959914324.00,6121.00,6499.00,6219.00,6121.00
31316784129157162,20190219,6327.00,6322.00,137,269152,1702828919.00,6218.00,6500.00,6295.00,6500.00
31316784129157162,20190220,6432.00,6388.00,144,255615,1644224370.00,6350.00,6539.00,6327.00,6539.00
31316784129157162,20190223,6592.00,6994.00,312,757291,4992339808.00,6000.00,7034.00,6432.00,6353.00
31316784129157162,20190224,6841.00,6790.00,169,305079,2086957083.00,6652.00,7034.00,6592.00,7034.00
31316784129157162,20190225,6781.00,6913.00,248,572905,3884811555.00,6625.00,7035.00,6841.00,6894.00
31316784129157162,20190226,7295.00,7459.00,640,1383807,10094691485.00,6800.00,7459.00,6781.00,6800.00
31316784129157162,20190227,7879.00,7934.00,490,1024134,8069616075.00,7650.00,7970.00,7295.00,7970.00
31316784129157162,20190302,7698.00,7512.00,308,375763,2892800300.00,7455.00,7980.00,7879.00,7900.00
31316784129157162,20190303,7824.00,7985.00,380,842560,6592145178.00,7374.00,8093.00,7698.00,7374.00
31316784129157162,20190304,8186.00,8199.00,577,1394507,11415358859.00,8074.00,8390.00,7824.00,8093.00
31316784129157162,20190305,8086.00,7890.00,399,1124834,9095400258.00,7800.00,8350.00,8186.00,8300.00
31316784129157162,20190306,7708.00,7640.00,248,467716,3605120098.00,7551.00,7997.00,8086.00,7890.00
31316784129157162,20190309,7471.00,7410.00,243,531967,3974285201.00,7371.00,7751.00,7708.00,7640.00
31316784129157162,20190310,7948.00,7990.00,358,1001365,7958855945.00,7450.00,8111.00,7471.00,7509.00
31316784129157162,20190311,7955.00,7977.00,227,471088,3747324841.00,7780.00,8269.00,7948.00,8050.00
31316784129157162,20190312,7720.00,7680.00,167,271958,2099502559.00,7630.00,8147.00,7955.00,7970.00
31316784129157162,20190313,7635.00,7620.00,200,410196,3131699630.00,7502.00,7890.00,7720.00,7890.00
31316784129157162,20190316,7727.00,7670.00,205,312180,2412350938.00,7522.00,7900.00,7635.00,7522.00
31316784129157162,20190317,7919.00,8000.00,331,549908,4354629555.00,7700.00,8051.00,7727.00,7850.00
31316784129157162,20190318,8120.00,8060.00,253,434601,3528784502.00,8012.00,8278.00,7919.00,8050.00
31316784129157162,20190319,8007.00,7999.00,250,459340,3678159700.00,7951.00,8140.00,8120.00,8001.00
31316784129157162,20190325,7998.00,8000.00,178,282792,2261737550.00,7900.00,8180.00,8007.00,8000.00
31316784129157162,20190326,8183.00,8396.00,267,424804,3475981452.00,7900.00,8398.00,7998.00,7900.00
31316784129157162,20190327,8150.00,8069.00,195,459847,3747595762.00,8000.00,8498.00,8183.00,8399.00
31316784129157162,20190330,8236.00,8150.00,240,540176,4449053261.00,8150.00,8489.00,8150.00,8489.00
31316784129157162,20190331,8079.00,8054.00,354,751294,6069893819.00,7950.00,8300.00,8236.00,8150.00
31316784129157162,20190406,8108.00,8180.00,330,731267,5929186977.00,7950.00,8298.00,8079.00,8180.00
31316784129157162,20190407,8796.00,8918.00,688,2070640,18214090679.00,8180.00,8918.00,8108.00,8180.00
31316784129157162,20190408,9613.00,9675.00,831,2065799,19857893364.00,8950.00,9675.00,8796.00,8950.00
31316784129157162,20190409,10328.00,10575.00,657,1588523,16406889115.00,9800.00,10575.00,9613.00,10000.00
31316784129157162,20190410,11024.00,10662.00,1914,7696228,84843764419.00,10381.00,11360.00,10328.00,11350.00
31316784129157162,20190413,11034.00,11360.00,1279,3277283,36162842263.00,10501.00,11500.00,11024.00,11000.00
31316784129157162,20190414,11616.00,11475.00,908,2845225,33049796174.00,11300.00,12137.00,11034.00,11370.00
31316784129157162,20190415,11274.00,10830.00,466,981403,11064725172.00,10820.00,11900.00,11616.00,11697.00
31316784129157162,20190416,10356.00,10147.00,1254,2754844,28529121650.00,10147.00,10989.00,11274.00,10820.00
31316784129157162,20190417,10250.00,10383.00,680,1698288,17407171920.00,9361.00,10799.00,10356.00,9700.00
31316784129157162,20190420,10611.00,10633.00,503,1396605,14819358328.00,10061.00,10900.00,10250.00,10900.00
31316784129157162,20190422,10483.00,10200.00,344,1001184,10495502114.00,10200.00,10880.00,10611.00,10790.00
31316784129157162,20190423,10734.00,11500.00,250,583372,6262015100.00,10071.00,11500.00,10483.00,10497.00
31316784129157162,20190424,11020.00,10800.00,319,777966,8573181163.00,10655.00,11330.00,10734.00,10800.00
31316784129157162,20190427,10704.00,10600.00,425,859540,9200805587.00,10558.00,11099.00,11020.00,10801.00
31316784129157162,20190428,10829.00,10810.00,398,778558,8431027916.00,10653.00,11000.00,10704.00,10800.00
31316784129157162,20190429,11339.00,11328.00,689,1682006,19071604237.00,10751.00,11611.00,10829.00,10899.00
31316784129157162,20190430,10950.00,10700.00,596,1304420,14283079428.00,10602.00,11600.00,11339.00,11599.00
31316784129157162,20190501,11066.00,11200.00,430,1138284,12596539779.00,10602.00,11270.00,10950.00,10900.00
31316784129157162,20190504,11323.00,11300.00,389,1016923,11515047101.00,10987.00,11550.00,11066.00,11500.00
31316784129157162,20190505,11994.00,11999.00,674,2228314,26727019649.00,11321.00,12449.00,11323.00,11321.00
31316784129157162,20190506,11898.00,12006.00,807,2131276,25358020023.00,11022.00,12700.00,11994.00,12700.00
31316784129157162,20190507,11109.00,11000.00,699,1840466,20444995245.00,10709.00,12200.00,11898.00,11898.00
31316784129157162,20190508,11467.00,11310.00,380,1045374,11987509337.00,10990.00,12000.00,11109.00,11000.00
31316784129157162,20190511,12300.00,12200.00,856,2033685,25015128225.00,11500.00,12613.00,11467.00,11500.00
31316784129157162,20190512,11857.00,11700.00,346,565233,6702211394.00,11300.00,12989.00,12300.00,12989.00
31316784129157162,20190513,12264.00,12200.00,309,745837,9147013567.00,11225.00,12699.00,11857.00,12301.00
31316784129157162,20190514,12233.00,12300.00,518,1146246,14021803733.00,12015.00,12680.00,12264.00,12680.00
31316784129157162,20190515,12141.00,12000.00,308,1166465,14161611535.00,11652.00,12490.00,12233.00,12490.00
31316784129157162,20190518,12166.00,12130.00,329,902821,10983889498.00,12040.00,12300.00,12141.00,12300.00
31316784129157162,20190519,11939.00,11800.00,281,755786,9023170810.00,11700.00,12169.00,12166.00,12130.00
31316784129157162,20190520,10794.00,10746.00,760,3215067,34702588057.00,10746.00,11590.00,11939.00,11590.00
31316784129157162,20190521,10998.00,10750.00,373,809357,8900923585.00,10750.00,11498.00,10794.00,11498.00
31316784129157162,20190522,10563.00,10503.00,403,681134,7194646419.00,10100.00,10990.00,10998.00,10990.00
31316784129157162,20190525,10028.00,10049.00,549,1664163,16688800855.00,9900.00,11060.00,10563.00,11060.00
31316784129157162,20190526,10289.00,10400.00,453,614800,6325641350.00,9800.00,10648.00,10028.00,10046.00
31316784129157162,20190528,10691.00,10500.00,399,826880,8840351238.00,10500.00,11100.00,10289.00,10620.00
31316784129157162,20190529,10425.00,10400.00,397,723267,7539783614.00,10222.00,11120.00,10691.00,11120.00
31316784129157162,20190601,10460.00,10400.00,341,662010,6924711061.00,10050.00,10939.00,10425.00,10400.00
31316784129157162,20190602,10669.00,10880.00,547,1279135,13647283341.00,10211.00,11050.00,10460.00,10777.00
31316784129157162,20190603,10838.00,10708.00,381,694731,7529221126.00,10650.00,10999.00,10669.00,10702.00
31316784129157162,20190608,10490.00,10471.00,387,710152,7449682688.00,10099.00,10902.00,10838.00,10711.00
31316784129157162,20190609,10958.00,10770.00,458,972215,10653953825.00,10700.00,11300.00,10490.00,10950.00
31316784129157162,20190610,11953.00,12053.00,1030,4718149,56396101783.00,11112.00,12053.00,10958.00,11112.00
31316784129157162,20190611,12828.00,13148.00,1096,4998769,64121891660.00,11883.00,13148.00,11953.00,12052.00
31316784129157162,20190612,12828.00,13148.00,0,0,0.00,0.00,0.00,12828.00,0.00
31316784129157162,20190615,12828.00,13148.00,0,0,0.00,0.00,0.00,12828.00,0.00
31316784129157162,20190616,12828.00,13148.00,0,0,0.00,0.00,0.00,12828.00,0.00
31316784129157162,20190617,12828.00,13148.00,0,0,0.00,0.00,0.00,12828.00,0.00
31316784129157162,20190618,12592.00,12493.00,302,1673997,21079372409.00,12320.00,13680.00,12028.00,13680.00
31316784129157162,20190619,11792.00,11450.00,549,1183669,13958305964.00,11333.00,12501.00,12592.00,12501.00
31316784129157162,20190622,11255.00,11100.00,313,730558,8222609926.00,10707.00,12290.00,11792.00,10707.00
31316784129157162,20190623,11783.00,11600.00,356,1119136,13186673115.00,10895.00,12300.00,11255.00,11448.00
31316784129157162,20190624,11696.00,11650.00,322,652940,7636469887.00,11499.00,12144.00,11783.00,12100.00
31316784129157162,20190625,11499.00,11500.00,267,561440,6456037248.00,11200.00,11990.00,11696.00,11700.00
31316784129157162,20190626,12486.00,12648.00,1132,4032316,50348030662.00,11304.00,12648.00,11499.00,11881.00
31316784129157162,20190630,12866.00,12700.00,433,999240,12856246811.00,12700.00,13290.00,12486.00,13290.00
31316784129157162,20190701,12464.00,12740.00,407,845238,10534946108.00,11950.00,13119.00,12866.00,11950.00
31316784129157162,20190702,12717.00,12599.00,314,681391,8665091221.00,12464.00,13000.00,12464.00,12700.00
31316784129157162,20190703,12645.00,12550.00,437,877571,11097070676.00,12311.00,12900.00,12717.00,12701.00
31316784129157162,20190706,12550.00,12260.00,350,1411305,17711367781.00,11949.00,12898.00,12645.00,12699.00
31316784129157162,20190707,13546.00,13805.00,733,2073279,28084707632.00,12270.00,13805.00,12550.00,12270.00
31316784129157162,20190708,14896.00,14900.00,541,2689888,40069831225.00,14501.00,14900.00,13546.00,14900.00
31316784129157162,20190709,16253.00,16385.00,872,4591951,74632176294.00,15511.00,16385.00,14896.00,16385.00
31316784129157162,20190710,17878.00,17878.00,582,3675188,65704223183.00,17500.00,17878.00,16253.00,17878.00
31316784129157162,20190713,17025.00,16601.00,1795,4283284,72923188901.00,16121.00,18750.00,17878.00,18750.00
31316784129157162,20190714,16731.00,17500.00,1858,4453875,74518454601.00,15500.00,18290.00,17025.00,17000.00
31316784129157162,20190715,18277.00,18404.00,812,3728886,68154650823.00,17500.00,18404.00,16731.00,18400.00
31316784129157162,20190716,19954.00,19000.00,86,958942,19134326032.00,19000.00,20000.00,18277.00,20000.00
31316784129157162,20190717,19954.00,19000.00,0,0,0.00,0.00,0.00,19954.00,0.00
31316784129157162,20190720,20731.00,20500.00,1873,4644028,96275029612.00,19210.00,22048.00,19954.00,20999.00
31316784129157162,20190721,21013.00,20610.00,1697,2808304,59011130905.00,20400.00,22149.00,20731.00,20700.00
31316784129157162,20190722,19139.00,18912.00,1405,3173806,60743313081.00,18912.00,21100.00,21013.00,21100.00
31316784129157162,20190723,17502.00,18020.00,787,2540406,44463079946.00,17226.00,18700.00,19139.00,18700.00
31316784129157162,20190724,19188.00,19252.00,972,3300061,63320535774.00,17520.00,19252.00,17502.00,19200.00
31316784129157162,20190727,18992.00,18699.00,994,1737727,33003271092.00,18500.00,19900.00,19188.00,19900.00
31316784129157162,20190728,19828.00,20120.00,1065,2497646,49523689172.00,18600.00,20345.00,18992.00,19400.00
31316784129157162,20190729,21227.00,21810.00,1242,3407813,72337539742.00,19100.00,21810.00,19828.00,19840.00
31316784129157162,20190730,22552.00,22700.00,1805,3961668,89345336171.00,21960.00,23349.00,21227.00,22500.00
31316784129157162,20190731,23180.00,22706.00,1220,2341781,54283357801.00,22203.00,23999.00,22552.00,22700.00
31316784129157162,20190803,22498.00,22201.00,1040,2169161,48801732892.00,22200.00,23170.00,23180.00,22999.00
31316784129157162,20190804,23714.00,23999.00,1374,2617902,62079779912.00,21800.00,24400.00,22498.00,21800.00
31316784129157162,20190805,24501.00,24301.00,1210,2662756,65239094854.00,23716.00,25500.00,23714.00,23716.00
31316784129157162,20190806,24216.00,24790.00,1096,3015112,73012730738.00,23000.00,25239.00,24501.00,25000.00
31316784129157162,20190807,24823.00,24500.00,708,1086176,26962464082.00,24300.00,25490.00,24216.00,25000.00
31316784129157162,20190810,25234.00,24700.00,587,963845,24321845473.00,24500.00,26000.00,24823.00,26000.00
31316784129157162,20190811,23945.00,23801.00,897,1494217,35779325376.00,23011.00,25050.00,25234.00,25050.00
31316784129157162,20190813,22888.00,22800.00,1092,1700795,38927343051.00,22300.00,23887.00,23945.00,23500.00
31316784129157162,20190814,22823.00,23000.00,803,1143532,26098367628.00,22300.00,23499.00,22888.00,23499.00
31316784129157162,20190817,22544.00,22500.00,466,683458,15407688382.00,22313.00,23221.00,22823.00,23000.00
31316784129157162,20190818,21619.00,21600.00,804,762559,16485585580.00,20290.00,22985.00,22544.00,22985.00
31316784129157162,20190819,22028.00,21888.00,445,497537,10959547342.00,21573.00,22774.00,21619.00,22309.00
31316784129157162,20190821,21837.00,21905.00,726,847172,18499810540.00,19826.00,22317.00,22028.00,22200.00
31316784129157162,20190824,22755.00,22700.00,633,527195,11996547269.00,22005.00,23400.00,21837.00,22005.00
31316784129157162,20190825,22213.00,21663.00,655,1144211,25416354562.00,21150.00,23210.00,22755.00,22778.00
31316784129157162,20190826,23636.00,22998.00,1613,2494021,58947538255.00,21401.00,24434.00,22213.00,21401.00
31316784129157162,20190827,23559.00,22951.00,930,1591242,37487724877.00,22900.00,24899.00,23636.00,23600.00
31316784129157162,20190828,21294.00,21204.00,1315,3136670,66790724227.00,21204.00,23000.00,23559.00,21500.00
31316784129157162,20190831,19334.00,19165.00,1454,3998443,77306239293.00,19165.00,21000.00,21294.00,19310.00
31316784129157162,20190901,19030.00,19015.00,598,855438,16279384083.00,18760.00,19779.00,19334.00,19002.00
31316784129157162,20190902,18650.00,18460.00,544,692899,12922428700.00,18460.00,19290.00,19030.00,19290.00
31316784129157162,20190903,18516.00,19209.00,429,1098392,20338062968.00,18091.00,19209.00,18650.00,18091.00
31316784129157162,20190904,19071.00,19071.00,37,22472,428563512.00,19071.00,19071.00,18516.00,19071.00
31316784129157162,20190907,19071.00,19071.00,0,0,0.00,0.00,0.00,19071.00,0.00
31316784129157162,20190908,19071.00,19071.00,0,0,0.00,0.00,0.00,19071.00,0.00
31316784129157162,20190911,19071.00,19071.00,0,0,0.00,0.00,0.00,19071.00,0.00
31316784129157162,20190914,19071.00,19071.00,0,0,0.00,0.00,0.00,19071.00,0.00
31316784129157162,20190915,19071.00,19071.00,0,0,0.00,0.00,0.00,19071.00,0.00
31316784129157162,20190916,20215.00,20215.00,15,22077,446286555.00,20215.00,20215.00,19071.00,20215.00
31316784129157162,20190917,20821.00,20821.00,46,77018,1603591778.00,20821.00,20821.00,20215.00,20821.00
31316784129157162,20190918,20821.00,20821.00,83,288141,5999383761.00,20821.00,20821.00,20821.00,20821.00
31316784129157162,20190921,20821.00,20821.00,45,120746,2514052466.00,20821.00,20821.00,20821.00,20821.00
31316784129157162,20190922,20821.00,20821.00,28,128818,2682119578.00,20821.00,20821.00,20821.00,20821.00
31316784129157162,20190923,21734.00,22070.00,36,58380,1268851039.00,20821.00,22070.00,20821.00,20821.00
31316784129157162,20190924,22732.00,22732.00,84,646596,14698420272.00,22732.00,22732.00,21734.00,22732.00
31316784129157162,20190925,23413.00,23413.00,56,77957,1825207241.00,23413.00,23413.00,22732.00,23413.00
31316784129157162,20190928,24115.00,24115.00,33,28231,680790565.00,24115.00,24115.00,23413.00,24115.00
31316784129157162,20190929,24838.00,24838.00,51,123063,3056638794.00,24838.00,24838.00,24115.00,24838.00
31316784129157162,20190930,25583.00,25583.00,25,20850,533405550.00,25583.00,25583.00,24838.00,25583.00
31316784129157162,20191001,26350.00,26350.00,63,242307,6384789450.00,26350.00,26350.00,25583.00,26350.00
31316784129157162,20191002,27140.00,27140.00,73,242201,6573335140.00,27140.00,27140.00,26350.00,27140.00
31316784129157162,20191005,27954.00,27954.00,16,34397,961533738.00,27954.00,27954.00,27140.00,27954.00
31316784129157162,20191006,28792.00,28792.00,85,142489,4102543288.00,28792.00,28792.00,27954.00,28792.00
31316784129157162,20191007,29655.00,29655.00,46,29985,889205175.00,29655.00,29655.00,28792.00,29655.00
31316784129157162,20191008,30155.00,30540.00,2037,9449575,284956633258.00,28766.00,30544.00,29655.00,30544.00
31316784129157162,20191009,31059.00,31059.00,208,557057,17301633363.00,31059.00,31059.00,30155.00,31059.00
31316784129157162,20191012,31990.00,31990.00,59,88925,2844710750.00,31990.00,31990.00,31059.00,31990.00
31316784129157162,20191013,32615.00,31031.00,1846,5868509,191403903963.00,31031.00,32949.00,31990.00,32949.00
31316784129157162,20191014,31637.00,31637.00,95,156698,4957454626.00,31637.00,31637.00,32615.00,31637.00
31316784129157162,20191015,30688.00,30688.00,53,89824,2756518912.00,30688.00,30688.00,31637.00,30688.00
31316784129157162,20191016,29768.00,29768.00,107,681232,20278914176.00,29768.00,29768.00,30688.00,29768.00
31316784129157162,20191020,28280.00,28280.00,12,5103,144312840.00,28280.00,28280.00,29768.00,28280.00
31316784129157162,20191021,27438.00,27441.00,517,1857279,50959707940.00,27432.00,28245.00,28280.00,27432.00
31316784129157162,20191022,28015.00,27799.00,613,1533915,42972402802.00,26615.00,28261.00,27438.00,28200.00
31316784129157162,20191023,27411.00,27175.00,232,501380,13743142004.00,27175.00,28799.00,28015.00,28799.00
31316784129157162,20191026,26593.00,26589.00,126,197143,5242645992.00,26589.00,27990.00,27411.00,26611.00
31316784129157162,20191028,26492.00,26978.00,589,1168799,30964361124.00,25796.00,27290.00,26593.00,25796.00
31316784129157162,20191030,27251.00,27286.00,208,343539,9361612286.00,26700.00,27286.00,26492.00,27280.00
31316784129157162,20191102,27077.00,27698.00,481,1330045,36013228181.00,26434.00,28068.00,27251.00,28068.00
31316784129157162,20191103,26883.00,26265.00,395,484177,13016123822.00,26265.00,27700.00,27077.00,27700.00
31316784129157162,20191104,26310.00,26083.00,379,575752,15148293424.00,26077.00,27500.00,26883.00,26200.00
31316784129157162,20191105,26106.00,26300.00,330,516446,13482359423.00,25521.00,27090.00,26310.00,27090.00
31316784129157162,20191109,25486.00,25323.00,315,520247,13258915917.00,25323.00,26588.00,26106.00,26588.00
31316784129157162,20191110,25616.00,26250.00,424,823358,21091197102.00,24722.00,26250.00,25486.00,24801.00
31316784129157162,20191111,26384.00,26384.00,22,89111,2351104624.00,26384.00,26384.00,25616.00,26384.00
31316784129157162,20191112,27175.00,27175.00,230,986616,26810823529.00,26505.00,27175.00,26384.00,27175.00
31316784129157162,20191113,28821.00,28829.00,37,148968,4293336616.00,27990.00,28829.00,27175.00,27990.00
31316784129157162,20191116,29652.00,29685.00,969,1861979,55210886198.00,28088.00,29685.00,28821.00,29685.00
31316784129157162,20191117,28763.00,28763.00,95,177875,5116228105.00,28763.00,29000.00,29652.00,28763.00
31316784129157162,20191118,28097.00,28050.00,494,620670,17439176512.00,27901.00,28760.00,28763.00,27901.00
31316784129157162,20191119,28347.00,28300.00,278,343312,9731990745.00,28000.00,28799.00,28097.00,28799.00
31316784129157162,20191120,28503.00,28950.00,402,578359,16484905545.00,27900.00,28985.00,28347.00,28649.00
31316784129157162,20191123,29325.00,29358.00,261,470794,13806243791.00,29000.00,29358.00,28503.00,29000.00
31316784129157162,20191124,30191.00,30204.00,472,1045696,31571008513.00,29707.00,30204.00,29325.00,30204.00
31316784129157162,20191125,30741.00,31096.00,724,1065084,32741792712.00,29500.00,31096.00,30191.00,31090.00
31316784129157162,20191126,31660.00,31663.00,285,564096,17859256228.00,31500.00,31663.00,30741.00,31663.00
31316784129157162,20191127,32609.00,32609.00,91,276916,9029953844.00,32609.00,32609.00,31660.00,32609.00
31316784129157162,20191130,33587.00,33587.00,354,1640674,55105298638.00,33578.00,33587.00,32609.00,33587.00
31316784129157162,20191201,35209.00,35266.00,844,1480244,52117413248.00,32264.00,35266.00,33587.00,35265.00
31316784129157162,20191202,35632.00,35493.00,1304,1966558,70071858137.00,34153.00,36265.00,35209.00,36265.00
31316784129157162,20191203,36511.00,36600.00,873,1803477,65847098323.00,35631.00,36700.00,35632.00,35990.00
31316784129157162,20191204,37592.00,37606.00,840,2232013,83905034175.00,37000.00,37606.00,36511.00,37500.00
31316784129157162,20191207,38038.00,37000.00,993,1212232,46110306689.00,36530.00,38719.00,37592.00,38700.00
31316784129157162,20191208,38379.00,38200.00,1031,2327219,89315580796.00,36897.00,39179.00,38038.00,37001.00
31316784129157162,20191209,38146.00,38000.00,740,1033409,39420070970.00,37552.00,38800.00,38379.00,38800.00
31316784129157162,20191210,37466.00,37002.00,617,975595,36551992434.00,37002.00,38500.00,38146.00,37200.00
31316784129157162,20191211,36393.00,36343.00,465,593912,21614514668.00,36343.00,36800.00,37466.00,36600.00
31316784129157162,20191214,35407.00,35600.00,742,888617,31463012806.00,35302.00,36343.00,36393.00,36343.00
31316784129157162,20191215,34538.00,34345.00,386,606999,20964763738.00,34345.00,35001.00,35407.00,35000.00
31316784129157162,20191216,34086.00,34000.00,645,869505,29638291978.00,33502.00,34998.00,34538.00,33555.00
31316784129157162,20191217,34923.00,35108.00,153,246455,8606975257.00,34086.00,35108.00,34086.00,34450.00
31316784129157162,20191218,35970.00,35970.00,60,148480,5340825600.00,35970.00,35970.00,34923.00,35970.00
31316784129157162,20191221,37049.00,37049.00,63,141465,5241136785.00,37049.00,37049.00,35970.00,37049.00
31316784129157162,20191222,38813.00,38901.00,549,1080311,41930220636.00,37800.00,38901.00,37049.00,38901.00
31316784129157162,20191223,37939.00,37649.00,750,939852,35656836282.00,37649.00,39790.00,38813.00,39790.00
31316784129157162,20191224,37870.00,38689.00,733,756396,28644542260.00,36801.00,38979.00,37939.00,37587.00
31316784129157162,20191225,38841.00,39006.00,653,1233772,47920788765.00,38021.00,39006.00,37870.00,38803.00
31316784129157162,20191228,40005.00,40006.00,694,1318335,52740137869.00,39801.00,40006.00,38841.00,40006.00
31316784129157162,20191229,41172.00,41205.00,1159,2902355,119496057177.00,39815.00,41205.00,40005.00,41205.00
31316784129157162,20191230,42223.00,42407.00,558,988336,41730660714.00,41218.00,42407.00,41172.00,42000.00
31316784129157162,20191231,42975.00,43489.00,1330,1960363,84247037412.00,40957.00,43489.00,42223.00,43489.00
31316784129157162,20200101,44087.00,44100.00,832,1535309,67687227556.00,43100.00,44264.00,42975.00,43500.00
31316784129157162,20200104,44087.00,44100.00,0,0,0.00,0.00,0.00,44087.00,0.00
31316784129157162,20200105,44087.00,44100.00,0,0,0.00,0.00,0.00,44087.00,0.00
31316784129157162,20200107,44087.00,44100.00,0,0,0.00,0.00,0.00,44087.00,0.00
31316784129157162,20200108,44087.00,44100.00,0,0,0.00,0.00,0.00,44087.00,0.00
31316784129157162,20200111,44968.00,44968.00,5,15873,713777064.00,44968.00,44968.00,44087.00,44968.00
31316784129157162,20200112,46317.00,46317.00,142,545087,25246794579.00,46317.00,46317.00,44968.00,46317.00
31316784129157162,20200113,47608.00,47706.00,586,1180667,56209023028.00,46317.00,47706.00,46317.00,47706.00
31316784129157162,20200114,48112.00,49024.00,1273,3140171,151078645515.00,46201.00,49036.00,47608.00,48500.00
31316784129157162,20200115,49372.00,49555.00,1088,1047175,51701377955.00,47103.00,49555.00,48112.00,49549.00
31316784129157162,20200118,50712.00,50000.00,713,891289,45198882129.00,49700.00,50853.00,49372.00,50800.00
31316784129157162,20200119,49480.00,49500.00,878,1002103,49584217322.00,49191.00,50450.00,50712.00,49942.00
31316784129157162,20200120,48163.00,47996.00,933,927349,44663931198.00,47996.00,50000.00,49480.00,50000.00
31316784129157162,20200121,47061.00,46732.00,880,1169897,55056168647.00,46719.00,48983.00,48163.00,46819.00
31316784129157162,20200122,48063.00,48472.00,583,698843,33588231343.00,46201.00,48472.00,47061.00,46201.00
31316784129157162,20200125,49504.00,49500.00,335,555476,27498233774.00,49499.00,49504.00,48063.00,49504.00
31316784129157162,20200126,48820.00,48022.00,715,783437,38247206993.00,48019.00,50850.00,49504.00,50850.00
31316784129157162,20200127,47445.00,47356.00,546,678726,32202128617.00,47356.00,48820.00,48820.00,48022.00
31316784129157162,20200128,47862.00,47670.00,607,961106,46000482402.00,46500.00,48500.00,47445.00,48500.00
31316784129157162,20200201,47552.00,46427.00,613,667079,31721026871.00,46427.00,49000.00,47862.00,49000.00
31316784129157162,20200202,47737.00,47151.00,777,1480357,70667592762.00,46126.00,48900.00,47552.00,46126.00
31316784129157162,20200203,47165.00,46998.00,809,923955,43578095498.00,46580.00,48001.00,47737.00,48000.00
31316784129157162,20200204,46003.00,45751.00,621,780211,35892047624.00,45751.00,48000.00,47165.00,48000.00
31316784129157162,20200205,44750.00,44623.00,997,1067305,47762244983.00,44623.00,45729.00,46003.00,45000.00
31316784129157162,20200208,43973.00,43408.00,936,986416,43375447884.00,43408.00,44632.00,44750.00,44623.00
31316784129157162,20200209,44853.00,45291.00,1556,2686545,120500002968.00,42654.00,45292.00,43973.00,42654.00
31316784129157162,20200210,44102.00,43597.00,1205,1443581,63665265571.00,43508.00,46197.00,44853.00,46197.00
31316784129157162,20200212,43508.00,43696.00,1017,997122,43382453393.00,42779.00,45000.00,44102.00,45000.00
31316784129157162,20200215,43701.00,44270.00,981,1023799,44741034635.00,42203.00,44799.00,43508.00,44513.00
31316784129157162,20200216,44715.00,45012.00,694,890650,39825044798.00,44000.00,45012.00,43701.00,45011.00
31316784129157162,20200217,45785.00,45290.00,1002,1607277,73589804308.00,44400.00,46056.00,44715.00,46056.00
31316784129157162,20200218,44895.00,45152.00,696,674359,30275592084.00,44415.00,46890.00,45785.00,46890.00
31316784129157162,20200219,44081.00,43549.00,1548,1593376,70237073718.00,43549.00,45800.00,44895.00,45800.00
31316784129157162,20200222,43102.00,43500.00,877,805258,34707862459.00,42759.00,43891.00,44081.00,42759.00
31316784129157162,20200223,43477.00,43500.00,1503,1376705,59854753187.00,42000.00,44389.00,43102.00,42000.00
31316784129157162,20200224,43933.00,43500.00,2377,2340442,102823167831.00,43100.00,44781.00,43477.00,44781.00
31316784129157162,20200225,43200.00,43000.00,3149,2398806,103628487035.00,42784.00,44594.00,43933.00,44594.00
31316784129157162,20200226,44072.00,43990.00,2528,3360769,148116639071.00,43000.00,44496.00,43200.00,44399.00
31316784129157162,20200229,44471.00,45130.00,1777,1373467,61079107109.00,43002.00,45380.00,44072.00,44000.00
31316784129157162,20200301,45768.00,45805.00,686,870047,39820458766.00,45000.00,45805.00,44471.00,45793.00
31316784129157162,20200302,47141.00,47141.00,133,453818,21393434338.00,47141.00,47141.00,45768.00,47141.00
31316784129157162,20200303,48555.00,48555.00,430,1350382,65567798010.00,48555.00,48555.00,47141.00,48555.00
31316784129157162,20200304,50917.00,50982.00,1404,2462257,125370354051.00,49000.00,50982.00,48555.00,50982.00
31316784129157162,20200307,49631.00,49390.00,1631,1518377,75358888789.00,49390.00,50619.00,50917.00,49390.00
31316784129157162,20200309,49121.00,48143.00,223,137158,6603197594.00,48143.00,48143.00,49631.00,48143.00
31316784129157162,20200310,48861.00,47648.00,154,70487,3358564576.00,47648.00,47648.00,49121.00,47648.00
31316784129157162,20200311,46831.00,46418.00,1876,1925562,90175220398.00,46418.00,50500.00,48861.00,46418.00
31316784129157162,20200314,46199.00,45427.00,250,192099,8726481273.00,45427.00,45427.00,46831.00,45427.00
31316784129157162,20200315,46005.00,44814.00,106,59788,2679339432.00,44814.00,44814.00,46199.00,44814.00
31316784129157162,20200316,45006.00,46792.00,1093,1101560,49576893470.00,44625.00,47000.00,46005.00,44627.00
31316784129157162,20200317,44682.00,44223.00,791,644433,28794478694.00,43800.00,46356.00,45006.00,46356.00
31316784129157162,20200318,46011.00,46022.00,984,8597998,395605610738.00,43658.00,46022.00,44682.00,43658.00
31316784129157162,20200324,47391.00,47391.00,1135,9084169,430507762079.00,47320.00,47391.00,46011.00,47391.00
31316784129157162,20200325,47679.00,48812.00,80,88059,4298335908.00,48812.00,48812.00,47391.00,48812.00
31316784129157162,20200328,50062.00,50062.00,92,447504,22402945248.00,50062.00,50062.00,47679.00,50062.00
31316784129157162,20200329,51563.00,51563.00,181,431926,22271400338.00,51563.00,51563.00,50062.00,51563.00
31316784129157162,20200330,52051.00,53109.00,135,132344,7028657496.00,53109.00,53109.00,51563.00,53109.00
31316784129157162,20200404,53612.00,53612.00,142,428138,22953334456.00,53612.00,53612.00,52051.00,53612.00
31316784129157162,20200405,56292.00,56292.00,166,419919,23638080348.00,56292.00,56292.00,53612.00,56292.00
31316784129157162,20200406,57980.00,57980.00,171,407598,23632532040.00,57980.00,57980.00,56292.00,57980.00
31316784129157162,20200407,58504.00,59719.00,158,120457,7193571583.00,59719.00,59719.00,57980.00,59719.00
31316784129157162,20200408,60259.00,60259.00,252,2239444,134946655996.00,60259.00,60259.00,58504.00,60259.00
31316784129157162,20200411,63116.00,63271.00,2692,8494654,536152548809.00,61000.00,63271.00,60259.00,63271.00
31316784129157162,20200412,64946.00,65009.00,160,386619,25133714571.00,65009.00,65009.00,63116.00,65009.00
31316784129157162,20200413,66894.00,66894.00,175,586089,39205837566.00,66894.00,66894.00,64946.00,66894.00
31316784129157162,20200414,68900.00,68900.00,312,477549,32903126100.00,68900.00,68900.00,66894.00,68900.00
31316784129157162,20200415,72345.00,72345.00,279,1212891,87746599395.00,72345.00,72345.00,68900.00,72345.00
31316784129157162,20200418,74515.00,74515.00,169,869214,64769481210.00,74515.00,74515.00,72345.00,74515.00
31316784129157162,20200419,76389.00,75500.00,2369,6546784,500100184134.00,72280.00,76750.00,74515.00,76750.00
31316784129157162,20200420,78680.00,78680.00,314,723963,56961408840.00,78680.00,78680.00,76389.00,78680.00
31316784129157162,20200421,81040.00,81040.00,116,400030,32418431200.00,81040.00,81040.00,78680.00,81040.00
31316784129157162,20200422,83471.00,83471.00,178,1182587,98711719477.00,83471.00,83471.00,81040.00,83471.00
31316784129157162,20200425,87644.00,87644.00,175,644505,56486996220.00,87644.00,87644.00,83471.00,87644.00
31316784129157162,20200426,90273.00,90273.00,217,418000,37734114000.00,90273.00,90273.00,87644.00,90273.00
31316784129157162,20200427,92981.00,92981.00,139,469791,43681636971.00,92981.00,92981.00,90273.00,92981.00
31316784129157162,20200428,93428.00,90192.00,6449,7763797,725354378262.00,90192.00,95770.00,92981.00,95770.00
31316784129157162,20200429,95445.00,96230.00,3720,3345287,319292103632.00,91223.00,96230.00,93428.00,91223.00
31316784129157162,20200502,98308.00,98308.00,432,529772,52080825776.00,98308.00,98308.00,95445.00,98308.00
31316784129157162,20200503,101257.00,101257.00,202,460609,46639885513.00,101257.00,101257.00,98308.00,101257.00
31316784129157162,20200504,106096.00,106319.00,3389,4003183,424720173204.00,101257.00,106319.00,101257.00,106319.00
31316784129157162,20200505,109126.00,109276.00,2636,2553938,278701889695.00,106070.00,109278.00,106096.00,109278.00
31316784129157162,20200506,112380.00,112399.00,730,1271634,142906300722.00,110000.00,112399.00,109126.00,112399.00
31316784129157162,20200509,141460.00,149800.00,226,310846,46564730800.00,149800.00,149800.00,112380.00,149800.00
31316784129157162,20200510,145703.00,145703.00,1361,1457949,212427525995.00,145690.00,145703.00,141460.00,145703.00
31316784129157162,20200511,149939.00,150074.00,346,387692,58182489208.00,150074.00,150074.00,145703.00,150074.00
31316784129157162,20200512,152276.00,145441.00,4875,7476824,1138543529020.00,145441.00,154437.00,149939.00,154437.00
31316784129157162,20200513,150853.00,147708.00,3307,2827725,426571059263.00,147708.00,156844.00,152276.00,156844.00
31316784129157162,20200516,146328.00,146328.00,513,447522,65484999216.00,146328.00,146328.00,150853.00,146328.00
31316784129157162,20200517,143396.00,141939.00,384,267170,37921842630.00,141939.00,141939.00,146328.00,141939.00
31316784129157162,20200518,140621.00,142744.00,3890,3301846,464308457229.00,136227.00,149900.00,143396.00,136227.00
31316784129157162,20200519,142965.00,144839.00,2866,1792989,256333882002.00,140000.00,144839.00,140621.00,144800.00
31316784129157162,20200520,147253.00,147253.00,930,404074,59501108722.00,147253.00,147253.00,142965.00,147253.00
31316784129157162,20200523,151643.00,151670.00,2303,1677590,254394126912.00,147253.00,151670.00,147253.00,151670.00
31316784129157162,20200526,151620.00,147094.00,3070,2367044,358891197442.00,147094.00,156192.00,151643.00,156192.00
31316784129157162,20200527,148983.00,147500.00,2860,1177502,175428342911.00,147072.00,155000.00,151620.00,151620.00
31316784129157162,20200530,150825.00,156200.00,71,102089,15946301800.00,156200.00,156200.00,148983.00,156200.00
31316784129157162,20200531,155179.00,155340.00,1718,1609221,249717828157.00,147301.00,155349.00,150825.00,155349.00
31316784129157162,20200601,159833.00,159834.00,1448,1607009,256852616458.00,156835.00,159834.00,155179.00,159834.00
31316784129157162,20200602,164301.00,164627.00,3123,1719924,282585171605.00,162000.00,164627.00,159833.00,164627.00
31316784129157162,20200606,160756.00,159451.00,3131,1866083,299984153086.00,159372.00,169200.00,164301.00,169200.00
31316784129157162,20200607,156322.00,155934.00,3494,2679767,418906405697.00,155934.00,159000.00,160756.00,155970.00
31316784129157162,20200608,159263.00,159500.00,3196,2882788,459121170427.00,152000.00,161011.00,156322.00,152000.00
31316784129157162,20200609,163799.00,164038.00,3589,2601522,426126393695.00,159500.00,164040.00,159263.00,162980.00
31316784129157162,20200610,163799.00,164038.00,0,0,0.00,0.00,0.00,163799.00,0.00
31316784129157162,20200613,169227.00,167570.00,1439,1268839,214721694790.00,164900.00,175000.00,163799.00,0.00
31316784129157162,20200614,164916.00,164151.00,1218,666477,109912970821.00,164151.00,169227.00,169227.00,169227.00
31316784129157162,20200615,159969.00,159969.00,2011,1640674,262456979106.00,159969.00,159969.00,164916.00,159969.00
31316784129157162,20200616,159969.00,159969.00,0,0,0.00,0.00,0.00,159969.00,0.00
31316784129157162,20200620,159969.00,159969.00,0,0,0.00,0.00,0.00,159969.00,0.00
31316784129157162,20200621,159969.00,159969.00,0,0,0.00,0.00,0.00,159969.00,0.00
31316784129157162,20200622,159969.00,159969.00,0,0,0.00,0.00,0.00,159969.00,0.00
31316784129157162,20200623,159969.00,159969.00,0,0,0.00,0.00,0.00,159969.00,0.00
31316784129157162,20200624,37041.00,37041.00,0,0,0.00,0.00,0.00,37041.00,0.00
31316784129157162,20200627,37041.00,37041.00,0,0,0.00,0.00,0.00,37041.00,0.00
31316784129157162,20200628,37041.00,37041.00,0,0,0.00,0.00,0.00,37041.00,0.00
31316784129157162,20200629,37041.00,37041.00,0,0,0.00,0.00,0.00,37041.00,0.00
31316784129157162,20200630,40781.00,41411.00,1858,9516285,388084565924.00,40205.00,41411.00,37041.00,40205.00
31316784129157162,20200701,40781.00,41411.00,0,0,0.00,0.00,0.00,40781.00,0.00
31316784129157162,20200704,40781.00,41411.00,0,0,0.00,0.00,0.00,40781.00,0.00
31316784129157162,20200705,40781.00,41411.00,0,0,0.00,0.00,0.00,40781.00,0.00
31316784129157162,20200706,40636.00,40061.00,1809,6308817,256364078207.00,40061.00,42539.00,40201.00,41300.00
31316784129157162,20200707,39844.00,39417.00,776,1122038,44227371846.00,39417.00,39417.00,40636.00,39417.00
31316784129157162,20200708,39412.00,38649.00,436,624187,24124203363.00,38649.00,38649.00,39844.00,38649.00
31316784129157162,20200711,38972.00,38230.00,342,643603,24604942690.00,38230.00,38230.00,39412.00,38230.00
31316784129157162,20200712,37182.00,37024.00,7053,28112520,1045279001056.00,37024.00,37803.00,38972.00,37024.00
31316784129157162,20200713,36430.00,36067.00,526,1165070,42020579690.00,36067.00,36067.00,37182.00,36067.00
31316784129157162,20200714,36065.00,35338.00,332,578090,20428544420.00,35338.00,35338.00,36430.00,35338.00
31316784129157162,20200715,35559.00,34984.00,395,808652,28289881568.00,34984.00,34984.00,36065.00,34984.00
31316784129157162,20200718,34649.00,35800.00,9376,28602708,991064085308.00,33782.00,36930.00,35559.00,33782.00
31316784129157162,20200719,35688.00,35688.00,1724,6486746,231498991248.00,35688.00,35688.00,34649.00,35688.00
31316784129157162,20200720,36375.00,34900.00,5589,18152423,660297842524.00,34618.00,36758.00,35688.00,36758.00
31316784129157162,20200721,35286.00,35284.00,1245,2789654,98436509253.00,35284.00,35649.00,36375.00,35284.00
31316784129157162,20200722,34228.00,34228.00,518,2779965,95152642020.00,34228.00,34228.00,35286.00,34228.00
31316784129157162,20200725,33246.00,33350.00,3997,14684121,488195331599.00,33202.00,34000.00,34228.00,33202.00
31316784129157162,20200726,34012.00,34243.00,3366,7392473,251431067086.00,32500.00,34243.00,33246.00,34243.00
31316784129157162,20200727,35017.00,35032.00,2446,6546146,229228736627.00,34300.00,35032.00,34012.00,35032.00
31316784129157162,20200728,35837.00,36067.00,563,1349148,48659720916.00,36067.00,36067.00,35017.00,36067.00
31316784129157162,20200729,36556.00,36912.00,612,1156106,42674184672.00,36912.00,36912.00,35837.00,36912.00
31316784129157162,20200801,37652.00,37652.00,662,1739806,65507175512.00,37652.00,37652.00,36556.00,37652.00
31316784129157162,20200802,39421.00,39534.00,2660,6316629,249009503162.00,38000.00,39534.00,37652.00,39534.00
31316784129157162,20200803,40595.00,40603.00,1710,3328002,135099219042.00,40000.00,40603.00,39421.00,40480.00
31316784129157162,20200804,41802.00,41812.00,1782,3210456,134202252417.00,41010.00,41812.00,40595.00,41812.00
31316784129157162,20200805,43056.00,43056.00,786,1727304,74370801024.00,43056.00,43056.00,41802.00,43056.00
31316784129157162,20200809,43700.00,42860.00,3911,8440200,368835320370.00,41765.00,44347.00,43056.00,44347.00
31316784129157162,20200810,43160.00,42389.00,813,965347,41253151680.00,42389.00,43640.00,43700.00,43640.00
31316784129157162,20200811,42965.00,41866.00,222,259664,10871093024.00,41866.00,41866.00,43160.00,41866.00
31316784129157162,20200812,42362.00,41677.00,333,808765,33706898905.00,41677.00,41677.00,42965.00,41677.00
31316784129157162,20200815,41613.00,40244.00,301,610704,24577171776.00,40244.00,40244.00,42362.00,40244.00
31316784129157162,20200816,41522.00,40365.00,107,126202,5094143730.00,40365.00,40365.00,41613.00,40365.00
31316784129157162,20200817,41012.00,40277.00,163,707720,28504838440.00,40277.00,40277.00,41522.00,40277.00
31316784129157162,20200818,40430.00,39782.00,280,818015,32542272730.00,39782.00,39782.00,41012.00,39782.00
31316784129157162,20200819,40063.00,38409.00,157,313755,12051015795.00,38409.00,38409.00,40430.00,38409.00
31316784129157162,20200822,39956.00,38862.00,102,154186,5991976332.00,38862.00,38862.00,40063.00,38862.00
31316784129157162,20200823,39896.00,38758.00,56,86141,3338652878.00,38758.00,38758.00,39956.00,38758.00
31316784129157162,20200824,39770.00,38700.00,87,181843,7037324100.00,38700.00,38700.00,39896.00,38700.00
31316784129157162,20200825,38210.00,37782.00,573,1355394,51209496108.00,37782.00,37782.00,39770.00,37782.00
31316784129157162,20200826,37384.00,37064.00,4933,17971960,671861623455.00,37064.00,39356.00,38210.00,37064.00
31316784129157162,20200831,36817.00,36263.00,802,1449574,53211870655.00,36263.00,37900.00,37384.00,36268.00
31316784129157162,20200901,36796.00,35713.00,48,32855,1173350615.00,35713.00,35713.00,36817.00,35713.00
31316784129157162,20200902,36757.00,35693.00,27,60835,2171383655.00,35693.00,35693.00,36796.00,35693.00
31316784129157162,20200905,36145.00,34920.00,182,575938,20111754960.00,34920.00,34920.00,36757.00,34920.00
31316784129157162,20200906,36013.00,35061.00,100,210474,7379428914.00,35061.00,35061.00,36145.00,35061.00
31316784129157162,20200907,35973.00,34933.00,30,64757,2262156281.00,34933.00,34933.00,36013.00,34933.00
31316784129157162,20200908,35957.00,34894.00,24,25102,875909188.00,34894.00,34894.00,35973.00,34894.00
31316784129157162,20200909,35585.00,34160.00,575,357678,12218280480.00,34160.00,34160.00,35957.00,34160.00
31316784129157162,20200912,35405.00,34518.00,195,290880,10040595840.00,34518.00,34518.00,35585.00,34518.00
