31920617569703557,20010922,1500.00,1500.00,3,2411,3616500.00,1500.00,1500.00,1500.00,1500.00
31920617569703557,20010924,1500.00,1500.00,1,589,883500.00,1500.00,1500.00,1500.00,1500.00
31920617569703557,20011016,1425.00,1425.00,1,1000,1425000.00,1425.00,1425.00,1500.00,1425.00
31920617569703557,20011029,1425.00,1425.00,1,20,28500.00,1425.00,1425.00,1425.00,1425.00
31920617569703557,20011030,1395.00,1395.00,1,1411,1968345.00,1395.00,1395.00,1425.00,1395.00
31920617569703557,20011031,1355.00,1355.00,3,6000,8330000.00,1355.00,1395.00,1395.00,1395.00
31920617569703557,20011105,1300.00,1300.00,5,7155,9301500.00,1300.00,1300.00,1355.00,1300.00
31920617569703557,20011106,1300.00,1300.00,4,1500,1949072.00,1299.00,1300.00,1300.00,1299.00
31920617569703557,20011107,1280.00,1280.00,1,1411,1806080.00,1280.00,1280.00,1300.00,1280.00
31920617569703557,20011110,1260.00,1260.00,5,7274,9215240.00,1260.00,1270.00,1280.00,1270.00
31920617569703557,20011111,1300.00,1300.00,8,7916,10209460.00,1260.00,1300.00,1260.00,1260.00
31920617569703557,20011112,1349.00,1349.00,1,193,260357.00,1349.00,1349.00,1300.00,1349.00
31920617569703557,20011113,1410.00,1410.00,15,29671,41658510.00,1400.00,1410.00,1349.00,1410.00
31920617569703557,20011114,1412.00,1412.00,3,2709,3825108.00,1412.00,1412.00,1410.00,1412.00
31920617569703557,20011117,1415.00,1415.00,3,1512,2139480.00,1415.00,1415.00,1412.00,1415.00
31920617569703557,20011118,1414.00,1414.00,6,5947,8411456.00,1414.00,1416.00,1415.00,1414.00
31920617569703557,20011121,1410.00,1410.00,2,1012,1426920.00,1410.00,1410.00,1414.00,1410.00
31920617569703557,20011126,1352.00,1352.00,2,1000,1352000.00,1352.00,1352.00,1410.00,1352.00
31920617569703557,20011202,1300.00,1300.00,8,3150,4101700.00,1300.00,1338.00,1352.00,1338.00
31920617569703557,20011203,1235.00,1235.00,3,2000,2479450.00,1235.00,1298.00,1300.00,1298.00
31920617569703557,20011204,1235.00,1235.00,1,150,185250.00,1235.00,1235.00,1235.00,1235.00
31920617569703557,20011208,1229.00,1229.00,7,6000,7319899.00,1199.00,1229.00,1235.00,1199.00
31920617569703557,20011210,1229.00,1229.00,6,3479,4275691.00,1229.00,1229.00,1229.00,1229.00
31920617569703557,20011211,1229.00,1229.00,9,8361,10279501.00,1229.00,1231.00,1229.00,1231.00
31920617569703557,20011212,1230.00,1230.00,6,5660,6961800.00,1230.00,1230.00,1229.00,1230.00
31920617569703557,20011215,1230.00,1230.00,4,3082,3790860.00,1230.00,1230.00,1230.00,1230.00
31920617569703557,20011222,1250.00,1250.00,6,10881,13486334.00,1229.00,1250.00,1230.00,1229.00
31920617569703557,20011223,1250.00,1250.00,1,250,312500.00,1250.00,1250.00,1250.00,1250.00
31920617569703557,20011224,1250.00,1250.00,8,7101,8876250.00,1250.00,1250.00,1250.00,1250.00
31920617569703557,20011225,1250.00,1250.00,6,4392,5490000.00,1250.00,1250.00,1250.00,1250.00
31920617569703557,20011226,1240.00,1240.00,5,1753,2173132.00,1239.00,1240.00,1250.00,1240.00
31920617569703557,20011229,1239.00,1239.00,1,412,510468.00,1239.00,1239.00,1240.00,1239.00
31920617569703557,20011230,1238.00,1238.00,2,993,1229334.00,1238.00,1238.00,1239.00,1238.00
31920617569703557,20020618,1150.00,1150.00,1,1000,1150000.00,1150.00,1150.00,1238.00,1150.00
31920617569703557,20020715,1149.00,1149.00,4,8630,9893510.00,1139.00,1149.00,1150.00,1139.00
31920617569703557,20020916,1000.00,1000.00,1,1000,1000000.00,1000.00,1000.00,1149.00,1000.00
31920617569703557,20020924,1000.00,1000.00,3,570,546500.00,950.00,1000.00,1000.00,950.00
31920617569703557,20021006,1000.00,1000.00,32,100100,96626050.00,950.00,1000.00,1000.00,950.00
31920617569703557,20021012,995.00,995.00,2,5187,5161065.00,995.00,995.00,1000.00,995.00
31920617569703557,20021103,946.00,946.00,2,1000,946000.00,946.00,946.00,995.00,946.00
31920617569703557,20021104,899.00,899.00,2,1000,899000.00,899.00,899.00,946.00,899.00
31920617569703557,20021110,855.00,855.00,3,1850,1581750.00,855.00,855.00,899.00,855.00
31920617569703557,20021112,813.00,813.00,1,1000,813000.00,813.00,813.00,855.00,813.00
31920617569703557,20021116,773.00,773.00,4,1299,1004127.00,773.00,773.00,813.00,773.00
31920617569703557,20021117,735.00,735.00,33,72828,53528580.00,735.00,735.00,773.00,735.00
31920617569703557,20021118,735.00,735.00,5,26213,19022605.00,700.00,735.00,735.00,735.00
31920617569703557,20021119,710.00,710.00,1,940,667400.00,710.00,710.00,735.00,710.00
31920617569703557,20021120,711.00,711.00,5,3587,2551507.00,711.00,712.00,710.00,712.00
31920617569703557,20021123,700.00,700.00,6,8902,6265510.00,700.00,711.00,711.00,711.00
31920617569703557,20021124,701.00,701.00,4,6850,4797440.00,700.00,701.00,700.00,700.00
31920617569703557,20021125,704.00,704.00,2,385,270932.00,703.00,704.00,701.00,703.00
31920617569703557,20021224,774.00,774.00,2,1090,843660.00,774.00,774.00,704.00,774.00
31920617569703557,20021231,851.00,851.00,2,1592,1354792.00,851.00,851.00,774.00,851.00
31920617569703557,20030104,893.00,893.00,1,1000,893000.00,893.00,893.00,851.00,893.00
31920617569703557,20030105,937.00,937.00,2,1000,937000.00,937.00,937.00,893.00,937.00
31920617569703557,20030106,946.00,946.00,6,7325,6929450.00,946.00,946.00,937.00,946.00
31920617569703557,20030111,993.00,993.00,1,2000,1986000.00,993.00,993.00,946.00,993.00
31920617569703557,20030112,1042.00,1042.00,1,1000,1042000.00,1042.00,1042.00,993.00,1042.00
31920617569703557,20030113,1094.00,1094.00,2,1000,1094000.00,1094.00,1094.00,1042.00,1094.00
31920617569703557,20030114,1148.00,1148.00,2,1000,1148000.00,1148.00,1148.00,1094.00,1148.00
31920617569703557,20030115,1205.00,1205.00,1,1000,1205000.00,1205.00,1205.00,1148.00,1205.00
31920617569703557,20030118,1265.00,1265.00,2,1558,1970870.00,1265.00,1265.00,1205.00,1265.00
31920617569703557,20030121,1328.00,1328.00,4,2000,2656000.00,1328.00,1328.00,1265.00,1328.00
31920617569703557,20030122,1394.00,1394.00,2,730,1017620.00,1394.00,1394.00,1328.00,1394.00
31920617569703557,20030125,1463.00,1463.00,1,2000,2926000.00,1463.00,1463.00,1394.00,1463.00
31920617569703557,20030126,1536.00,1536.00,1,1000,1536000.00,1536.00,1536.00,1463.00,1536.00
31920617569703557,20030127,1612.00,1612.00,1,1000,1612000.00,1612.00,1612.00,1536.00,1612.00
31920617569703557,20030128,1692.00,1692.00,1,1000,1692000.00,1692.00,1692.00,1612.00,1692.00
31920617569703557,20030129,1776.00,1776.00,12,39000,69264000.00,1776.00,1776.00,1692.00,1776.00
31920617569703557,20030201,1776.00,1776.00,8,8033,14270938.00,1776.00,1777.00,1776.00,1777.00
31920617569703557,20030202,1770.00,1770.00,3,1000,1770370.00,1769.00,1774.00,1776.00,1769.00
31920617569703557,20030215,1480.00,1480.00,4,3070,4761100.00,1480.00,1590.00,1770.00,1590.00
31920617569703557,20030216,1406.00,1406.00,4,2116,2975096.00,1406.00,1406.00,1480.00,1406.00
31920617569703557,20030217,1336.00,1336.00,2,1500,2004000.00,1336.00,1336.00,1406.00,1336.00
31920617569703557,20030218,1270.00,1270.00,4,5704,7244080.00,1270.00,1270.00,1336.00,1270.00
31920617569703557,20030219,1207.00,1207.00,1,2039,2461073.00,1207.00,1207.00,1270.00,1207.00
31920617569703557,20030224,1147.00,1147.00,1,303,347541.00,1147.00,1147.00,1207.00,1147.00
31920617569703557,20030301,1090.00,1090.00,3,1638,1785420.00,1090.00,1090.00,1147.00,1090.00
31920617569703557,20030303,1036.00,1036.00,3,3945,4087020.00,1036.00,1036.00,1090.00,1036.00
31920617569703557,20030406,1062.00,1062.00,1,2800,2973600.00,1062.00,1062.00,1036.00,1062.00
31920617569703557,20030407,1062.00,1062.00,2,3310,3515530.00,1062.00,1063.00,1062.00,1063.00
31920617569703557,20030813,1000.00,1000.00,1,1000,1000000.00,1000.00,1000.00,1062.00,1000.00
31920617569703557,20030830,1000.00,1000.00,2,2500,2624950.00,1000.00,1050.00,1000.00,1050.00
31920617569703557,20030907,1000.00,1000.00,4,2500,2624950.00,1000.00,1050.00,1000.00,1050.00
31920617569703557,20030908,1000.00,1000.00,4,3729,3914950.00,1000.00,1050.00,1000.00,1050.00
31920617569703557,20030915,1000.00,1000.00,5,2547,2649550.00,1000.00,1050.00,1000.00,1050.00
31920617569703557,20030916,1000.00,1000.00,3,191761,199428600.00,1000.00,1040.00,1000.00,1000.00
31920617569703557,20030920,1000.00,1000.00,7,19850,19850000.00,1000.00,1000.00,1000.00,1000.00
31920617569703557,20030929,999.00,999.00,2,576,575183.00,998.00,999.00,1000.00,998.00
31920617569703557,20030930,999.00,999.00,2,1238,1236762.00,999.00,999.00,999.00,999.00
31920617569703557,20031001,999.00,999.00,15,5011,5053182.00,999.00,1048.00,999.00,1000.00
31920617569703557,20031005,999.00,999.00,2,1800,1799990.00,999.00,1000.00,999.00,1000.00
31920617569703557,20031007,1000.00,1000.00,3,2010,2106000.00,1000.00,1048.00,999.00,1048.00
31920617569703557,20031008,1003.00,1003.00,4,6795,7124495.00,1003.00,1049.00,1000.00,1049.00
31920617569703557,20031018,1004.00,1004.00,3,2341,2439690.00,1004.00,1050.00,1003.00,1040.00
31920617569703557,20031020,1004.00,1004.00,2,195,198370.00,1004.00,1018.00,1004.00,1018.00
31920617569703557,20031104,1004.00,1004.00,2,1499,1530309.00,1004.00,1021.00,1004.00,1021.00
31920617569703557,20031112,1006.00,1006.00,4,9978,10187873.00,1006.00,1022.00,1004.00,1021.00
31920617569703557,20031115,1006.00,1006.00,6,12979,13108750.00,1006.00,1010.00,1006.00,1010.00
31920617569703557,20031117,1006.00,1006.00,3,2900,2986760.00,1006.00,1030.00,1006.00,1030.00
31920617569703557,20031119,1006.00,1006.00,2,1450,1464460.00,1006.00,1010.00,1006.00,1010.00
31920617569703557,20031129,1007.00,1007.00,4,2913,3066669.00,1007.00,1056.00,1006.00,1049.00
31920617569703557,20031207,1007.00,1007.00,2,822,868354.00,1007.00,1057.00,1007.00,1057.00
31920617569703557,20031210,1057.00,1057.00,13,89285,94374245.00,1057.00,1057.00,1007.00,1057.00
31920617569703557,20031213,1057.00,1057.00,11,105000,110985000.00,1057.00,1057.00,1057.00,1057.00
31920617569703557,20031214,1057.00,1057.00,12,96978,102505746.00,1057.00,1057.00,1057.00,1057.00
31920617569703557,20031215,1057.00,1057.00,4,20010,21150570.00,1057.00,1057.00,1057.00,1057.00
31920617569703557,20031216,1057.00,1057.00,2,20000,21140000.00,1057.00,1057.00,1057.00,1057.00
31920617569703557,20031217,1057.00,1057.00,1,10000,10570000.00,1057.00,1057.00,1057.00,1057.00
31920617569703557,20031221,1057.00,1057.00,4,13048,13792906.00,1057.00,1058.00,1057.00,1058.00
31920617569703557,20031222,1057.00,1057.00,6,32350,34193950.00,1057.00,1057.00,1057.00,1057.00
31920617569703557,20031223,1057.00,1057.00,1,2815,2975455.00,1057.00,1057.00,1057.00,1057.00
31920617569703557,20031224,1057.00,1057.00,1,5000,5285000.00,1057.00,1057.00,1057.00,1057.00
31920617569703557,20031230,1057.00,1057.00,2,10329,10917753.00,1057.00,1057.00,1057.00,1057.00
31920617569703557,20031231,1057.00,1057.00,1,3750,3963750.00,1057.00,1057.00,1057.00,1057.00
31920617569703557,20040105,1057.00,1057.00,2,15921,16828497.00,1057.00,1057.00,1057.00,1057.00
31920617569703557,20040111,1056.00,1056.00,2,200,211200.00,1056.00,1056.00,1057.00,1056.00
31920617569703557,20040114,1056.00,1056.00,1,1000,1056000.00,1056.00,1056.00,1056.00,1056.00
31920617569703557,20040117,1056.00,1056.00,2,800,844800.00,1056.00,1056.00,1056.00,1056.00
31920617569703557,20040118,1056.00,1056.00,5,10010,10571311.00,1056.00,1057.00,1056.00,1056.00
31920617569703557,20040119,1056.00,1056.00,10,33510,35420060.00,1056.00,1057.00,1056.00,1057.00
31920617569703557,20040126,1055.00,1055.00,8,21636,22793628.00,1051.00,1056.00,1056.00,1051.00
31920617569703557,20040203,1500.00,1500.00,18,180000,270000000.00,1500.00,1500.00,1055.00,1500.00
31920617569703557,20040204,1500.00,1500.00,2,16612,24924612.00,1500.00,1501.00,1500.00,1501.00
31920617569703557,20040207,1499.00,1499.00,6,21000,31465500.00,1498.00,1499.00,1500.00,1498.00
31920617569703557,20040214,1501.00,1501.00,4,10010,15354850.00,1501.00,1551.00,1499.00,1551.00
31920617569703557,20040215,1505.00,1505.00,4,16622,25635562.00,1505.00,1576.00,1501.00,1520.00
31920617569703557,20040216,1506.00,1506.00,4,4038,6363188.00,1506.00,1576.00,1505.00,1576.00
31920617569703557,20040222,1510.00,1510.00,4,10010,15769969.00,1510.00,1576.00,1506.00,1575.00
31920617569703557,20040224,1510.00,1510.00,2,2546,3844460.00,1510.00,1510.00,1510.00,1510.00
31920617569703557,20040228,1509.00,1509.00,8,8912,13402630.00,1500.00,1510.00,1510.00,1510.00
31920617569703557,20040229,1509.00,1509.00,1,5061,7637049.00,1509.00,1509.00,1509.00,1509.00
31920617569703557,20040306,1509.00,1509.00,2,60,93540.00,1509.00,1569.00,1509.00,1569.00
31920617569703557,20040307,1508.00,1508.00,2,60,90430.00,1507.00,1508.00,1509.00,1507.00
31920617569703557,20040405,1577.00,1577.00,11,43781,69047667.00,1506.00,1814.00,1508.00,1506.00
31920617569703557,20040406,1594.00,1594.00,7,50010,82765940.00,1594.00,1655.00,1577.00,1655.00
31920617569703557,20040407,1673.00,1673.00,30,221000,369733000.00,1673.00,1673.00,1594.00,1673.00
31920617569703557,20040410,1756.00,1756.00,47,359000,630404000.00,1756.00,1756.00,1673.00,1756.00
31920617569703557,20040412,1810.00,1810.00,42,240404,435203004.00,1756.00,1843.00,1756.00,1843.00
31920617569703557,20040413,1815.00,1815.00,21,85453,155787875.00,1749.00,1900.00,1810.00,1809.00
31920617569703557,20040414,1867.00,1867.00,20,137276,260835343.00,1867.00,1905.00,1815.00,1900.00
31920617569703557,20040417,1890.00,1890.00,44,207388,392485958.00,1802.00,1900.00,1867.00,1867.00
31920617569703557,20040418,1894.00,1894.00,33,136757,259655039.00,1890.00,1984.00,1890.00,1970.00
31920617569703557,20040421,1893.00,1893.00,8,10781,20384790.00,1890.00,1894.00,1894.00,1894.00
31920617569703557,20040424,1957.00,1957.00,38,226706,443711377.00,1880.00,1987.00,1893.00,1888.00
31920617569703557,20040425,1907.00,1907.00,19,122010,227829070.00,1860.00,1907.00,1957.00,1900.00
31920617569703557,20040426,1899.00,1899.00,23,143210,271499978.00,1850.00,1900.00,1907.00,1899.00
31920617569703557,20040427,1899.00,1899.00,4,4209,8204911.00,1899.00,1956.00,1899.00,1956.00
31920617569703557,20040428,1898.00,1898.00,8,7745,14704699.00,1890.00,1900.00,1899.00,1900.00
31920617569703557,20040501,1892.00,1892.00,12,27579,51205230.00,1824.00,1899.00,1898.00,1897.00
31920617569703557,20040502,1891.00,1891.00,10,157616799,394040476910.00,1850.00,2500.00,1892.00,1850.00
31920617569703557,20040503,1890.00,1890.00,3,3701,6804729.00,1838.00,1890.00,1891.00,1849.00
31920617569703557,20040504,1889.00,1889.00,2,280,514610.00,1836.00,1889.00,1890.00,1836.00
31920617569703557,20040508,1888.00,1888.00,2,510,916380.00,1795.00,1888.00,1889.00,1795.00
31920617569703557,20040509,1864.00,1864.00,15,58144,104602755.00,1795.00,1864.00,1888.00,1795.00
31920617569703557,20040510,1863.00,1863.00,2,285,513630.00,1800.00,1863.00,1864.00,1800.00
31920617569703557,20040517,1860.00,1860.00,4,5010,8868600.00,1770.00,1860.00,1863.00,1770.00
31920617569703557,20040522,1859.00,1859.00,2,571,1009877.00,1767.00,1859.00,1860.00,1767.00
31920617569703557,20040523,1833.00,1833.00,22,61688,109003356.00,1767.00,1833.00,1859.00,1767.00
31920617569703557,20040525,1830.00,1830.00,4,6722,11710604.00,1742.00,1830.00,1833.00,1742.00
31920617569703557,20040526,1824.00,1824.00,8,17604,31076856.00,1739.00,1850.00,1830.00,1739.00
31920617569703557,20040529,1824.00,1824.00,4,8060,14789126.00,1767.00,1845.00,1824.00,1767.00
31920617569703557,20040530,1824.00,1824.00,1,1038,1893312.00,1824.00,1824.00,1824.00,1824.00
31920617569703557,20040601,1823.00,1823.00,7,5523,9931128.00,1796.00,1823.00,1824.00,1796.00
31920617569703557,20040612,1823.00,1823.00,6,157614469,394036165730.00,1823.00,2500.00,1823.00,2500.00
31920617569703557,20040614,1820.00,1820.00,5,5740,9942560.00,1732.00,1820.00,1823.00,1732.00
31920617569703557,20040615,1815.00,1815.00,6,10024,17332356.00,1729.00,1815.00,1820.00,1729.00
31920617569703557,20040616,1798.00,1798.00,9,41671,72045849.00,1725.00,1798.00,1815.00,1729.00
31920617569703557,20040619,1787.00,1787.00,6,25261,43171829.00,1709.00,1787.00,1798.00,1709.00
31920617569703557,20040620,1784.00,1784.00,27,79145,140999837.00,1698.00,1850.00,1787.00,1698.00
31920617569703557,20040621,1768.00,1768.00,6,40010,68017680.00,1700.00,1768.00,1784.00,1700.00
31920617569703557,20040622,1768.00,1768.00,5,15655,27850620.00,1700.00,1821.00,1768.00,1821.00
31920617569703557,20040623,1771.00,1771.00,4,17010,30957710.00,1771.00,1820.00,1768.00,1820.00
31920617569703557,20040626,1779.00,1779.00,7,35405,64539290.00,1779.00,1850.00,1771.00,1820.00
31920617569703557,20040628,1779.00,1779.00,3,2102,3825230.00,1779.00,1820.00,1779.00,1820.00
31920617569703557,20040629,1782.00,1782.00,9,26401,47795242.00,1782.00,1820.00,1779.00,1810.00
31920617569703557,20040630,1785.00,1785.00,5,10190,18848850.00,1785.00,1850.00,1782.00,1849.00
31920617569703557,20040703,1800.00,1800.00,8,43460,80945164.00,1800.00,1874.00,1785.00,1810.00
31920617569703557,20040704,1801.00,1801.00,4,4774,8903158.00,1801.00,1887.00,1800.00,1820.00
31920617569703557,20040705,1800.00,1800.00,7,11363,20461660.00,1790.00,1820.00,1801.00,1820.00
31920617569703557,20040707,1799.00,1799.00,9,14170,25501791.00,1797.00,1800.00,1800.00,1800.00
31920617569703557,20040714,1798.00,1798.00,3,2839,4978914.00,1752.00,1798.00,1799.00,1754.00
31920617569703557,20040717,1795.00,1795.00,14,18016,31792243.00,1752.00,1795.00,1798.00,1752.00
31920617569703557,20040718,1795.00,1795.00,10,40010,71844950.00,1790.00,1800.00,1795.00,1790.00
31920617569703557,20040720,1795.00,1795.00,3,7010,12614200.00,1795.00,1800.00,1795.00,1799.00
31920617569703557,20040724,1794.00,1794.00,2,1402,2499876.00,1783.00,1794.00,1795.00,1783.00
31920617569703557,20040725,1793.00,1793.00,2,548,975570.00,1780.00,1793.00,1794.00,1780.00
31920617569703557,20040727,1745.00,1745.00,26,117118,199573624.00,1704.00,1745.00,1793.00,1704.00
31920617569703557,20040728,1732.00,1732.00,9,34224,57012560.00,1660.00,1732.00,1745.00,1700.00
31920617569703557,20040731,1737.00,1737.00,11,19010,34066370.00,1675.00,1800.00,1732.00,1786.00
31920617569703557,20040801,1737.00,1737.00,5,18527,32191799.00,1737.00,1741.00,1737.00,1741.00
31920617569703557,20040802,1736.00,1736.00,3,1174,2036900.00,1735.00,1736.00,1737.00,1735.00
31920617569703557,20040803,1735.00,1735.00,5,4326,7508633.00,1735.00,1736.00,1736.00,1736.00
31920617569703557,20040804,1734.00,1734.00,4,6480,11211340.00,1700.00,1735.00,1735.00,1730.00
31920617569703557,20040807,1757.00,1757.00,27,93218,166852805.00,1701.00,1801.00,1734.00,1749.00
31920617569703557,20040808,1756.00,1756.00,3,2985,5078035.00,1701.00,1756.00,1757.00,1701.00
31920617569703557,20040809,1755.00,1755.00,2,1928,3383640.00,1755.00,1755.00,1756.00,1755.00
31920617569703557,20040810,1757.00,1757.00,4,9731,17671179.00,1757.00,1842.00,1755.00,1757.00
31920617569703557,20040811,1775.00,1775.00,13,46963,86589082.00,1775.00,1844.00,1757.00,1842.00
31920617569703557,20040814,1787.00,1787.00,12,37876,70072470.00,1787.00,1851.00,1775.00,1850.00
31920617569703557,20040815,1876.00,1876.00,29,220935,414474060.00,1876.00,1876.00,1787.00,1876.00
31920617569703557,20040816,1968.00,1968.00,41,234701,461928367.00,1900.00,1969.00,1876.00,1900.00
31920617569703557,20040817,2016.00,2016.00,20,110010,227280160.00,2016.00,2066.00,1968.00,2066.00
31920617569703557,20040818,2016.00,2016.00,2,180,379880.00,2016.00,2116.00,2016.00,2116.00
31920617569703557,20040821,2019.00,2019.00,5,7501,15871146.00,2019.00,2116.00,2016.00,2116.00
31920617569703557,20040822,2117.00,2117.00,48,252711,535105434.00,2087.00,2119.00,2019.00,2119.00
31920617569703557,20040823,2110.00,2110.00,21,58951,123438848.00,2012.00,2120.00,2117.00,2012.00
31920617569703557,20040824,2121.00,2121.00,9,41821,90743570.00,2121.00,2200.00,2110.00,2200.00
31920617569703557,20040825,2121.00,2121.00,4,2910,6238097.00,2121.00,2188.00,2121.00,2188.00
31920617569703557,20040828,2121.00,2121.00,9,3951,8565907.00,2121.00,2187.00,2121.00,2185.00
31920617569703557,20040829,2121.00,2121.00,3,2815,5973405.00,2119.00,2125.00,2121.00,2125.00
31920617569703557,20040831,2119.00,2119.00,6,7110,14699315.00,2050.00,2119.00,2121.00,2109.00
31920617569703557,20040901,2118.00,2118.00,5,3010,6162704.00,2046.00,2118.00,2119.00,2046.00
31920617569703557,20040904,2116.00,2116.00,3,3470,7092640.00,2038.00,2116.00,2118.00,2048.00
31920617569703557,20040905,2115.00,2115.00,2,512,1042720.00,2035.00,2115.00,2116.00,2035.00
31920617569703557,20040906,2113.00,2113.00,5,4930,10012856.00,2030.00,2113.00,2115.00,2030.00
31920617569703557,20040907,2112.00,2112.00,2,2460,4982370.00,2025.00,2112.00,2113.00,2025.00
31920617569703557,20040912,2110.00,2110.00,3,3220,6463570.00,2007.00,2110.00,2112.00,2007.00
31920617569703557,20040915,2108.00,2108.00,3,2485,4983455.00,2005.00,2108.00,2110.00,2005.00
31920617569703557,20040919,2107.00,2107.00,2,1000,2004040.00,2003.00,2107.00,2108.00,2003.00
31920617569703557,20040920,2107.00,2107.00,2,60,121170.00,2002.00,2107.00,2107.00,2002.00
31920617569703557,20040925,2002.00,2002.00,1,1487,2976974.00,2002.00,2002.00,2107.00,2002.00
31920617569703557,20040926,1902.00,1902.00,1,5210,9909420.00,1902.00,1902.00,2002.00,1902.00
31920617569703557,20040929,1807.00,1807.00,2,1000,1807000.00,1807.00,1807.00,1902.00,1807.00
31920617569703557,20041002,1775.00,1775.00,17,91610,162690270.00,1717.00,1807.00,1807.00,1717.00
31920617569703557,20041003,1772.00,1772.00,5,10372,17775090.00,1687.00,1775.00,1775.00,1775.00
31920617569703557,20041004,1758.00,1758.00,14,32957,55518826.00,1684.00,1758.00,1772.00,1686.00
31920617569703557,20041005,1757.00,1757.00,9,34363,60356533.00,1685.00,1797.00,1758.00,1685.00
31920617569703557,20041006,1764.00,1764.00,16,61115,109057976.00,1750.00,1796.00,1757.00,1795.00
31920617569703557,20041009,1803.00,1803.00,31,234489,422926864.00,1796.00,1850.00,1764.00,1796.00
31920617569703557,20041010,1825.00,1825.00,20,59352,111965756.00,1825.00,1893.00,1803.00,1893.00
31920617569703557,20041011,1845.00,1845.00,28,49465,94769280.00,1845.00,1916.00,1825.00,1916.00
31920617569703557,20041012,1844.00,1844.00,15,85710,158053200.00,1753.00,1900.00,1845.00,1840.00
31920617569703557,20041013,1833.00,1833.00,5,25150,44063610.00,1752.00,1833.00,1844.00,1752.00
31920617569703557,20041016,1831.00,1831.00,4,3179,5573406.00,1752.00,1831.00,1833.00,1753.00
31920617569703557,20041017,1834.00,1834.00,11,35233,65193454.00,1753.00,1900.00,1831.00,1753.00
31920617569703557,20041018,1833.00,1833.00,3,5778,10406809.00,1801.00,1833.00,1834.00,1802.00
31920617569703557,20041019,1832.00,1832.00,3,2767,4979920.00,1799.00,1832.00,1833.00,1799.00
31920617569703557,20041020,1831.00,1831.00,6,7292,13285036.00,1800.00,1833.00,1832.00,1800.00
31920617569703557,20041024,1831.00,1831.00,3,5410,9916510.00,1831.00,1833.00,1831.00,1833.00
31920617569703557,20041025,1831.00,1831.00,5,10424,19092172.00,1830.00,1833.00,1831.00,1830.00
31920617569703557,20041026,1831.00,1831.00,7,3825,7004586.00,1830.00,1833.00,1831.00,1831.00
31920617569703557,20041027,1830.00,1830.00,6,19881,36382230.00,1830.00,1830.00,1831.00,1830.00
31920617569703557,20041030,1829.00,1829.00,5,2097,3832613.00,1825.00,1829.00,1830.00,1825.00
31920617569703557,20041102,1824.00,1824.00,2,10010,17398240.00,1738.00,1824.00,1829.00,1738.00
31920617569703557,20041106,1818.00,1818.00,16,61123,110384012.00,1750.00,1915.00,1824.00,1807.00
31920617569703557,20041108,1824.00,1824.00,8,17452,33214680.00,1820.00,1908.00,1818.00,1820.00
31920617569703557,20041109,1824.00,1824.00,2,959,1835575.00,1824.00,1915.00,1824.00,1915.00
31920617569703557,20041110,1828.00,1828.00,8,10012,19160720.00,1828.00,1915.00,1824.00,1910.00
31920617569703557,20041113,1829.00,1829.00,5,2697,5163895.00,1829.00,1915.00,1828.00,1915.00
31920617569703557,20041115,1822.00,1822.00,6,17180,30057150.00,1738.00,1829.00,1829.00,1829.00
31920617569703557,20041116,1821.00,1821.00,3,282,513546.00,1821.00,1822.00,1822.00,1821.00
31920617569703557,20041117,1820.00,1820.00,3,2609,4750709.00,1820.00,1821.00,1821.00,1820.00
31920617569703557,20041120,1822.00,1822.00,6,19053,35235993.00,1822.00,1911.00,1820.00,1850.00
31920617569703557,20041121,1822.00,1822.00,5,183618509,459226629219.00,1822.00,2501.00,1822.00,1850.00
31920617569703557,20041122,1822.00,1822.00,2,1509,2885807.00,1822.00,1913.00,1822.00,1913.00
31920617569703557,20041127,1823.00,1823.00,4,3662,7004506.00,1823.00,1913.00,1822.00,1913.00
31920617569703557,20041128,1823.00,1823.00,2,1497,2864348.00,1823.00,1914.00,1823.00,1914.00
31920617569703557,20041130,1827.00,1827.00,6,12035,23034120.00,1827.00,1914.00,1823.00,1914.00
31920617569703557,20041201,1831.00,1831.00,6,11610,22267110.00,1831.00,1918.00,1827.00,1918.00
31920617569703557,20041204,1831.00,1831.00,4,1564,3005098.00,1831.00,1922.00,1831.00,1922.00
31920617569703557,20041205,1833.00,1833.00,6,7142,13726034.00,1833.00,1922.00,1831.00,1922.00
31920617569703557,20041206,1840.00,1840.00,3,18278,35166032.00,1840.00,1924.00,1833.00,1924.00
31920617569703557,20041211,1840.00,1840.00,4,1554,3001408.00,1840.00,1932.00,1840.00,1932.00
31920617569703557,20041212,1842.00,1842.00,5,5678,10968996.00,1842.00,1932.00,1840.00,1932.00
31920617569703557,20041213,1842.00,1842.00,2,560,1082120.00,1842.00,1934.00,1842.00,1934.00
31920617569703557,20041218,1843.00,1843.00,4,3293,6367752.00,1843.00,1934.00,1842.00,1934.00
31920617569703557,20041219,1844.00,1844.00,4,3625,7013465.00,1844.00,1935.00,1843.00,1935.00
31920617569703557,20041221,1845.00,1845.00,3,4134,8002514.00,1845.00,1936.00,1844.00,1936.00
31920617569703557,20050118,1937.00,1937.00,1,1000,1937000.00,1937.00,1937.00,1845.00,1937.00
31920617569703557,20050119,1981.00,1981.00,31,114183,231191723.00,1841.00,2033.00,1937.00,2033.00
31920617569703557,20050122,2017.00,2017.00,26,85146,176705612.00,2001.00,2080.00,1981.00,2080.00
31920617569703557,20050123,2011.00,2011.00,34,139469,280076698.00,2000.00,2069.00,2017.00,2069.00
31920617569703557,20050124,2011.00,2011.00,10,8760,17684295.00,1999.00,2057.00,2011.00,2057.00
31920617569703557,20050125,2006.00,2006.00,19,75053530,168848436881.00,1997.00,2250.00,2011.00,2000.00
31920617569703557,20050130,2005.00,2005.00,3,1997,3989076.00,1997.00,2005.00,2006.00,1997.00
31920617569703557,20050201,2004.00,2004.00,4,7990,15895082.00,1988.00,2004.00,2005.00,1989.00
31920617569703557,20050202,2003.00,2003.00,2,1012,2003990.00,1980.00,2003.00,2004.00,1980.00
31920617569703557,20050205,2002.00,2002.00,2,260,512520.00,1970.00,2002.00,2003.00,1970.00
31920617569703557,20050206,1990.00,1990.00,10,24499,46599858.00,1902.00,1990.00,2002.00,1903.00
31920617569703557,20050207,1984.00,1984.00,6,12110,22900940.00,1891.00,1984.00,1990.00,1891.00
31920617569703557,20050208,1977.00,1977.00,3,14010,26409770.00,1885.00,1977.00,1984.00,1885.00
31920617569703557,20050213,1930.00,1930.00,22,105010,197314300.00,1879.00,1930.00,1977.00,1879.00
31920617569703557,20050214,1929.00,1929.00,3,1038,1941418.00,1869.00,1929.00,1930.00,1870.00
31920617569703557,20050216,1929.00,1929.00,2,60,112640.00,1867.00,1929.00,1929.00,1867.00
31920617569703557,20050222,1928.00,1928.00,2,550,1009100.00,1833.00,1928.00,1929.00,1833.00
31920617569703557,20050226,1926.00,1926.00,2,3260,5973260.00,1832.00,1926.00,1928.00,1832.00
31920617569703557,20050227,1903.00,1903.00,23,51999,95161440.00,1830.00,1903.00,1926.00,1831.00
31920617569703557,20050228,1901.00,1901.00,4,4888,8950628.00,1831.00,1901.00,1903.00,1831.00
31920617569703557,20050302,1897.00,1897.00,5,7155,12922840.00,1806.00,1897.00,1901.00,1806.00
31920617569703557,20050305,1896.00,1896.00,3,210,379560.00,1803.00,1896.00,1897.00,1803.00
31920617569703557,20050504,1850.00,1850.00,9,11074,20491474.00,1850.00,1852.00,1896.00,1850.00
31920617569703557,20050508,1847.00,1847.00,4,6310,11101470.00,1759.00,1847.00,1850.00,1760.00
31920617569703557,20050509,1840.00,1840.00,16,26547,47508377.00,1755.00,1850.00,1847.00,1758.00
31920617569703557,20050510,1838.00,1838.00,2,5010,8818380.00,1760.00,1838.00,1840.00,1760.00
31920617569703557,20050511,1841.00,1841.00,6,10926,20945970.00,1841.00,1926.00,1838.00,1900.00
31920617569703557,20050514,1841.00,1841.00,3,1097,2119581.00,1841.00,1933.00,1841.00,1933.00
31920617569703557,20050515,1848.00,1848.00,11,19198,37108884.00,1848.00,1933.00,1841.00,1933.00
31920617569703557,20050516,1865.00,1865.00,16,44239,85764873.00,1865.00,1940.00,1848.00,1940.00
31920617569703557,20050517,1911.00,1911.00,33,117510,229803970.00,1911.00,1958.00,1865.00,1958.00
31920617569703557,20060318,1001.00,1001.00,1,10000,10010000.00,1001.00,1001.00,1911.00,1001.00
31920617569703557,20060319,1001.00,1001.00,7,10557,10588104.00,1001.00,1003.00,1001.00,1002.00
31920617569703557,20060325,1015.00,1015.00,43,244363,248194563.00,1001.00,1021.00,1001.00,1021.00
31920617569703557,20060326,1034.00,1034.00,76,376888,390061510.00,1015.00,1035.00,1015.00,1035.00
31920617569703557,20060327,1038.00,1038.00,11,55494,58480516.00,1038.00,1054.00,1034.00,1054.00
31920617569703557,20060328,1057.00,1057.00,26,246010,260272570.00,1057.00,1058.00,1038.00,1058.00
31920617569703557,20060403,1078.00,1078.00,63,401001,432279078.00,1078.00,1078.00,1057.00,1078.00
31920617569703557,20060404,1099.00,1099.00,136,700210,769530790.00,1099.00,1099.00,1078.00,1099.00
31920617569703557,20060405,1120.00,1120.00,43,250000,280000000.00,1120.00,1120.00,1099.00,1120.00
31920617569703557,20060408,1141.00,1141.00,70,227365,259650820.00,1141.00,1142.00,1120.00,1142.00
31920617569703557,20060409,1163.00,1163.00,72,268500,312265500.00,1163.00,1163.00,1141.00,1163.00
31920617569703557,20060410,1185.00,1185.00,242,968947,1148795802.00,1163.00,1186.00,1163.00,1186.00
31920617569703557,20060411,1202.00,1202.00,33,174185,210415420.00,1202.00,1208.00,1185.00,1208.00
31920617569703557,20060412,1187.00,1187.00,141,489892,581584222.00,1178.00,1208.00,1202.00,1178.00
31920617569703557,20060415,1177.00,1177.00,87,379828,447202340.00,1164.00,1210.00,1187.00,1164.00
31920617569703557,20060510,1469.00,1469.00,18,74250,109133070.00,1238.00,1700.00,1177.00,1321.00
31920617569703557,20060513,1461.00,1461.00,17,60197,86683890.00,1440.00,1461.00,1469.00,1440.00
31920617569703557,20060514,1458.00,1458.00,5,17650,25275060.00,1432.00,1458.00,1461.00,1432.00
31920617569703557,20060515,1456.00,1456.00,3,11575,16540945.00,1429.00,1456.00,1458.00,1429.00
31920617569703557,20060516,1454.00,1454.00,5,14644,20897258.00,1427.00,1454.00,1456.00,1427.00
31920617569703557,20060521,1453.00,1453.00,2,5244,7472980.00,1425.00,1453.00,1454.00,1425.00
31920617569703557,20060530,1449.00,1449.00,6,26263,37398762.00,1424.00,1449.00,1453.00,1424.00
31920617569703557,20060627,1448.00,1448.00,3,2510,3566980.00,1421.00,1448.00,1449.00,1421.00
31920617569703557,20060813,1447.00,1447.00,3,5010,7114470.00,1420.00,1447.00,1448.00,1420.00
31920617569703557,20060820,1443.00,1443.00,7,30010,42584430.00,1419.00,1443.00,1447.00,1419.00
31920617569703557,20060821,1438.00,1438.00,7,40010,56614380.00,1415.00,1438.00,1443.00,1415.00
31920617569703557,20060823,1436.00,1436.00,2,10010,14114360.00,1410.00,1436.00,1438.00,1410.00
31920617569703557,20060826,1434.00,1434.00,5,10010,14094340.00,1408.00,1434.00,1436.00,1408.00
31920617569703557,20060827,1432.00,1432.00,3,10010,14074320.00,1406.00,1432.00,1434.00,1406.00
31920617569703557,20080921,536.00,536.00,68,350340,188083449.00,498.00,600.00,1432.00,501.00
31920617569703557,20080923,536.00,536.00,37,159395,85566904.00,520.00,552.00,536.00,520.00
31920617569703557,20080924,538.00,538.00,9,32094,17715748.00,538.00,552.00,536.00,552.00
31920617569703557,20080927,550.00,550.00,36,176191,97609774.00,550.00,554.00,538.00,554.00
31920617569703557,20080928,559.00,559.00,15,124978,70737478.00,559.00,566.00,550.00,566.00
31920617569703557,20080930,562.00,562.00,11,46191,26559695.00,562.00,575.00,559.00,575.00
31920617569703557,20081004,573.00,573.00,19,150010,86705730.00,573.00,578.00,562.00,578.00
31920617569703557,20081005,579.00,579.00,17,76627,45209820.00,579.00,590.00,573.00,590.00
31920617569703557,20081006,581.00,581.00,10,36075,21441620.00,581.00,596.00,579.00,593.00
31920617569703557,20081007,579.00,579.00,21,81769,47090890.00,564.00,598.00,581.00,564.00
31920617569703557,20081008,581.00,581.00,11,70016,41165682.00,562.00,596.00,579.00,562.00
31920617569703557,20081011,577.00,577.00,20,142216,81844992.00,564.00,598.00,581.00,564.00
31920617569703557,20081012,577.00,577.00,2,1540,914590.00,577.00,594.00,577.00,594.00
31920617569703557,20081015,577.00,577.00,3,1850,1067450.00,577.00,577.00,577.00,577.00
31920617569703557,20081019,577.00,577.00,2,5010,2975770.00,577.00,594.00,577.00,594.00
31920617569703557,20081020,577.00,577.00,1,10000,5770000.00,577.00,577.00,577.00,577.00
31920617569703557,20081021,577.00,577.00,2,1010,585770.00,577.00,580.00,577.00,580.00
31920617569703557,20081022,577.00,577.00,2,1010,585770.00,577.00,580.00,577.00,580.00
31920617569703557,20081026,577.00,577.00,2,2010,1163770.00,577.00,579.00,577.00,579.00
31920617569703557,20081027,577.00,577.00,2,2010,1161770.00,577.00,578.00,577.00,578.00
31920617569703557,20081028,577.00,577.00,18,95010,54977890.00,577.00,580.00,577.00,577.00
31920617569703557,20081029,577.00,577.00,2,2010,1165770.00,577.00,580.00,577.00,580.00
31920617569703557,20081101,577.00,577.00,2,2010,1165770.00,577.00,580.00,577.00,580.00
31920617569703557,20081102,577.00,577.00,2,2010,1165770.00,577.00,580.00,577.00,580.00
31920617569703557,20081103,577.00,577.00,3,2010,1165770.00,577.00,580.00,577.00,580.00
31920617569703557,20081104,577.00,577.00,2,2010,1165770.00,577.00,580.00,577.00,580.00
31920617569703557,20081105,577.00,577.00,2,2010,1165770.00,577.00,580.00,577.00,580.00
31920617569703557,20081108,577.00,577.00,2,2010,1165770.00,577.00,580.00,577.00,580.00
31920617569703557,20081109,577.00,577.00,2,2010,1165770.00,577.00,580.00,577.00,580.00
31920617569703557,20081110,577.00,577.00,3,2010,1165770.00,577.00,580.00,577.00,580.00
31920617569703557,20081111,577.00,577.00,3,10010,5805770.00,577.00,580.00,577.00,580.00
31920617569703557,20081112,578.00,578.00,11,98010,56845780.00,578.00,580.00,577.00,580.00
31920617569703557,20081115,578.00,578.00,2,2010,1127780.00,561.00,578.00,578.00,561.00
31920617569703557,20081116,578.00,578.00,2,6010,3371780.00,561.00,578.00,578.00,561.00
31920617569703557,20081117,578.00,578.00,3,6010,3371780.00,561.00,578.00,578.00,561.00
31920617569703557,20081118,578.00,578.00,2,6010,3371780.00,561.00,578.00,578.00,561.00
31920617569703557,20081119,578.00,578.00,3,6010,3371780.00,561.00,578.00,578.00,561.00
31920617569703557,20081122,578.00,578.00,3,6010,3371780.00,561.00,578.00,578.00,561.00
31920617569703557,20081123,578.00,578.00,4,6010,3371780.00,561.00,578.00,578.00,561.00
31920617569703557,20081124,578.00,578.00,3,6010,3371780.00,561.00,578.00,578.00,561.00
31920617569703557,20081125,577.00,577.00,4,7250,4067410.00,561.00,577.00,578.00,561.00
31920617569703557,20081126,576.00,576.00,19,63297,36285099.00,560.00,580.00,577.00,560.00
31920617569703557,20081203,577.00,577.00,3,8135,4823895.00,577.00,593.00,576.00,593.00
31920617569703557,20081206,577.00,577.00,0,0,0.00,0.00,0.00,577.00,0.00
31920617569703557,20081207,577.00,577.00,0,0,0.00,0.00,0.00,577.00,0.00
31920617569703557,20081208,577.00,577.00,0,0,0.00,0.00,0.00,577.00,0.00
31920617569703557,20081210,577.00,577.00,0,0,0.00,0.00,0.00,577.00,0.00
31920617569703557,20081213,577.00,577.00,0,0,0.00,0.00,0.00,577.00,0.00
31920617569703557,20081214,577.00,577.00,0,0,0.00,0.00,0.00,577.00,0.00
31920617569703557,20081215,577.00,577.00,0,0,0.00,0.00,0.00,577.00,0.00
31920617569703557,20081216,577.00,577.00,0,0,0.00,0.00,0.00,577.00,0.00
31920617569703557,20081220,577.00,577.00,0,0,0.00,0.00,0.00,577.00,0.00
31920617569703557,20081221,577.00,577.00,0,0,0.00,0.00,0.00,577.00,0.00
31920617569703557,20081222,577.00,577.00,0,0,0.00,0.00,0.00,577.00,0.00
31920617569703557,20081223,577.00,577.00,0,0,0.00,0.00,0.00,577.00,0.00
31920617569703557,20081224,577.00,560.00,1,71,39760.00,560.00,560.00,577.00,560.00
31920617569703557,20081227,577.00,560.00,0,0,0.00,0.00,0.00,577.00,0.00
31920617569703557,20081228,577.00,560.00,0,0,0.00,0.00,0.00,577.00,0.00
31920617569703557,20081229,577.00,560.00,0,0,0.00,0.00,0.00,577.00,0.00
31920617569703557,20081230,577.00,560.00,0,0,0.00,0.00,0.00,577.00,0.00
31920617569703557,20081231,577.00,560.00,0,0,0.00,0.00,0.00,577.00,0.00
31920617569703557,20090103,577.00,560.00,0,0,0.00,0.00,0.00,577.00,0.00
31920617569703557,20090104,577.00,560.00,0,0,0.00,0.00,0.00,577.00,0.00
31920617569703557,20090105,577.00,560.00,0,0,0.00,0.00,0.00,577.00,0.00
31920617569703557,20090110,577.00,560.00,0,0,0.00,0.00,0.00,577.00,0.00
31920617569703557,20090111,577.00,560.00,0,0,0.00,0.00,0.00,577.00,0.00
31920617569703557,20090112,577.00,560.00,0,0,0.00,0.00,0.00,577.00,0.00
31920617569703557,20090113,577.00,560.00,0,0,0.00,0.00,0.00,577.00,0.00
31920617569703557,20090114,577.00,560.00,0,0,0.00,0.00,0.00,577.00,0.00
31920617569703557,20090117,577.00,560.00,0,0,0.00,0.00,0.00,577.00,0.00
31920617569703557,20090118,577.00,560.00,0,0,0.00,0.00,0.00,577.00,0.00
31920617569703557,20090119,577.00,560.00,0,0,0.00,0.00,0.00,577.00,0.00
31920617569703557,20090120,577.00,560.00,0,0,0.00,0.00,0.00,577.00,0.00
31920617569703557,20090121,577.00,560.00,0,0,0.00,0.00,0.00,577.00,0.00
31920617569703557,20090124,577.00,560.00,0,0,0.00,0.00,0.00,577.00,0.00
31920617569703557,20090125,577.00,560.00,0,0,0.00,0.00,0.00,577.00,0.00
31920617569703557,20090126,577.00,560.00,0,0,0.00,0.00,0.00,577.00,0.00
31920617569703557,20090127,577.00,560.00,0,0,0.00,0.00,0.00,577.00,0.00
31920617569703557,20090128,577.00,560.00,0,0,0.00,0.00,0.00,577.00,0.00
31920617569703557,20090131,577.00,560.00,0,0,0.00,0.00,0.00,577.00,0.00
31920617569703557,20090201,577.00,560.00,0,0,0.00,0.00,0.00,577.00,0.00
31920617569703557,20090202,577.00,560.00,0,0,0.00,0.00,0.00,577.00,0.00
31920617569703557,20090203,577.00,560.00,0,0,0.00,0.00,0.00,577.00,0.00
31920617569703557,20090204,577.00,560.00,0,0,0.00,0.00,0.00,577.00,0.00
31920617569703557,20090207,577.00,560.00,0,0,0.00,0.00,0.00,577.00,0.00
31920617569703557,20090208,577.00,560.00,0,0,0.00,0.00,0.00,577.00,0.00
31920617569703557,20090209,577.00,560.00,0,0,0.00,0.00,0.00,577.00,0.00
31920617569703557,20090211,577.00,560.00,0,0,0.00,0.00,0.00,577.00,0.00
31920617569703557,20090214,577.00,560.00,0,0,0.00,0.00,0.00,577.00,0.00
31920617569703557,20090215,577.00,560.00,0,0,0.00,0.00,0.00,577.00,0.00
31920617569703557,20090217,577.00,560.00,0,0,0.00,0.00,0.00,577.00,0.00
31920617569703557,20090218,577.00,560.00,0,0,0.00,0.00,0.00,577.00,0.00
31920617569703557,20090221,560.00,560.00,2,4000,2240000.00,560.00,560.00,577.00,560.00
31920617569703557,20090222,560.00,560.00,0,0,0.00,0.00,0.00,560.00,0.00
31920617569703557,20090223,560.00,560.00,0,0,0.00,0.00,0.00,560.00,0.00
31920617569703557,20090225,560.00,560.00,0,0,0.00,0.00,0.00,560.00,0.00
31920617569703557,20090228,560.00,560.00,0,0,0.00,0.00,0.00,560.00,0.00
31920617569703557,20090301,560.00,560.00,0,0,0.00,0.00,0.00,560.00,0.00
31920617569703557,20090302,560.00,560.00,0,0,0.00,0.00,0.00,560.00,0.00
31920617569703557,20090303,560.00,560.00,0,0,0.00,0.00,0.00,560.00,0.00
31920617569703557,20090304,560.00,560.00,0,0,0.00,0.00,0.00,560.00,0.00
31920617569703557,20090307,560.00,544.00,6,7172,3901568.00,544.00,544.00,560.00,544.00
31920617569703557,20090308,560.00,550.00,1,1231,677050.00,550.00,550.00,560.00,550.00
31920617569703557,20090309,560.00,550.00,0,0,0.00,0.00,0.00,560.00,0.00
31920617569703557,20090310,560.00,550.00,0,0,0.00,0.00,0.00,560.00,0.00
31920617569703557,20090311,560.00,550.00,0,0,0.00,0.00,0.00,560.00,0.00
31920617569703557,20090314,560.00,550.00,0,0,0.00,0.00,0.00,560.00,0.00
31920617569703557,20090316,560.00,550.00,0,0,0.00,0.00,0.00,560.00,0.00
31920617569703557,20090317,560.00,550.00,0,0,0.00,0.00,0.00,560.00,0.00
31920617569703557,20090318,560.00,550.00,0,0,0.00,0.00,0.00,560.00,0.00
31920617569703557,20090325,560.00,550.00,0,0,0.00,0.00,0.00,560.00,0.00
31920617569703557,20090328,560.00,550.00,0,0,0.00,0.00,0.00,560.00,0.00
31920617569703557,20090329,560.00,550.00,0,0,0.00,0.00,0.00,560.00,0.00
31920617569703557,20090330,560.00,544.00,1,103,56032.00,544.00,544.00,560.00,544.00
31920617569703557,20090331,560.00,544.00,0,0,0.00,0.00,0.00,560.00,0.00
31920617569703557,20090404,560.00,544.00,0,0,0.00,0.00,0.00,560.00,0.00
31920617569703557,20090405,560.00,544.00,0,0,0.00,0.00,0.00,560.00,0.00
31920617569703557,20090406,560.00,544.00,0,0,0.00,0.00,0.00,560.00,0.00
31920617569703557,20090407,560.00,544.00,0,0,0.00,0.00,0.00,560.00,0.00
31920617569703557,20090408,560.00,544.00,0,0,0.00,0.00,0.00,560.00,0.00
31920617569703557,20090411,560.00,544.00,0,0,0.00,0.00,0.00,560.00,0.00
31920617569703557,20090412,560.00,544.00,0,0,0.00,0.00,0.00,560.00,0.00
31920617569703557,20090413,560.00,570.00,1,2500,1425000.00,570.00,570.00,560.00,570.00
31920617569703557,20090414,560.00,570.00,0,0,0.00,0.00,0.00,560.00,0.00
31920617569703557,20090415,560.00,570.00,0,0,0.00,0.00,0.00,560.00,0.00
31920617569703557,20090418,560.00,570.00,0,0,0.00,0.00,0.00,560.00,0.00
31920617569703557,20090419,560.00,570.00,0,0,0.00,0.00,0.00,560.00,0.00
31920617569703557,20090420,560.00,570.00,0,0,0.00,0.00,0.00,560.00,0.00
31920617569703557,20090421,560.00,570.00,0,0,0.00,0.00,0.00,560.00,0.00
31920617569703557,20090422,560.00,570.00,0,0,0.00,0.00,0.00,560.00,0.00
31920617569703557,20090425,560.00,570.00,0,0,0.00,0.00,0.00,560.00,0.00
31920617569703557,20090426,560.00,570.00,0,0,0.00,0.00,0.00,560.00,0.00
31920617569703557,20090427,560.00,570.00,0,0,0.00,0.00,0.00,560.00,0.00
31920617569703557,20090428,560.00,570.00,0,0,0.00,0.00,0.00,560.00,0.00
31920617569703557,20090429,560.00,570.00,0,0,0.00,0.00,0.00,560.00,0.00
31920617569703557,20090502,560.00,570.00,0,0,0.00,0.00,0.00,560.00,0.00
31920617569703557,20090503,560.00,570.00,0,0,0.00,0.00,0.00,560.00,0.00
31920617569703557,20090504,560.00,570.00,0,0,0.00,0.00,0.00,560.00,0.00
31920617569703557,20090505,560.00,570.00,0,0,0.00,0.00,0.00,560.00,0.00
31920617569703557,20090506,560.00,570.00,0,0,0.00,0.00,0.00,560.00,0.00
31920617569703557,20090509,560.00,570.00,0,0,0.00,0.00,0.00,560.00,0.00
31920617569703557,20090510,560.00,570.00,0,0,0.00,0.00,0.00,560.00,0.00
31920617569703557,20090511,560.00,570.00,0,0,0.00,0.00,0.00,560.00,0.00
31920617569703557,20090512,560.00,570.00,0,0,0.00,0.00,0.00,560.00,0.00
31920617569703557,20090513,560.00,570.00,0,0,0.00,0.00,0.00,560.00,0.00
31920617569703557,20090516,560.00,570.00,0,0,0.00,0.00,0.00,560.00,0.00
31920617569703557,20090517,560.00,570.00,0,0,0.00,0.00,0.00,560.00,0.00
31920617569703557,20090518,560.00,570.00,0,0,0.00,0.00,0.00,560.00,0.00
31920617569703557,20090519,560.00,570.00,0,0,0.00,0.00,0.00,560.00,0.00
31920617569703557,20090520,560.00,570.00,0,0,0.00,0.00,0.00,560.00,0.00
31920617569703557,20090523,560.00,570.00,0,0,0.00,0.00,0.00,560.00,0.00
31920617569703557,20090524,560.00,570.00,0,0,0.00,0.00,0.00,560.00,0.00
31920617569703557,20090525,560.00,570.00,0,0,0.00,0.00,0.00,560.00,0.00
31920617569703557,20090526,560.00,570.00,0,0,0.00,0.00,0.00,560.00,0.00
31920617569703557,20090527,560.00,570.00,0,0,0.00,0.00,0.00,560.00,0.00
31920617569703557,20090530,560.00,570.00,0,0,0.00,0.00,0.00,560.00,0.00
31920617569703557,20090531,560.00,570.00,0,0,0.00,0.00,0.00,560.00,0.00
31920617569703557,20090601,560.00,570.00,0,0,0.00,0.00,0.00,560.00,0.00
31920617569703557,20090602,560.00,570.00,0,0,0.00,0.00,0.00,560.00,0.00
31920617569703557,20090603,560.00,570.00,0,0,0.00,0.00,0.00,560.00,0.00
31920617569703557,20090606,560.00,570.00,0,0,0.00,0.00,0.00,560.00,0.00
31920617569703557,20090607,560.00,570.00,0,0,0.00,0.00,0.00,560.00,0.00
31920617569703557,20090608,560.00,570.00,0,0,0.00,0.00,0.00,560.00,0.00
31920617569703557,20090609,560.00,570.00,0,0,0.00,0.00,0.00,560.00,0.00
31920617569703557,20090610,560.00,570.00,0,0,0.00,0.00,0.00,560.00,0.00
31920617569703557,20090613,560.00,570.00,0,0,0.00,0.00,0.00,560.00,0.00
31920617569703557,20090614,560.00,570.00,0,0,0.00,0.00,0.00,560.00,0.00
31920617569703557,20090615,560.00,570.00,0,0,0.00,0.00,0.00,560.00,0.00
31920617569703557,20090616,560.00,570.00,0,0,0.00,0.00,0.00,560.00,0.00
31920617569703557,20090617,560.00,570.00,0,0,0.00,0.00,0.00,560.00,0.00
31920617569703557,20090620,560.00,570.00,0,0,0.00,0.00,0.00,560.00,0.00
31920617569703557,20090621,560.00,570.00,0,0,0.00,0.00,0.00,560.00,0.00
31920617569703557,20090622,560.00,570.00,0,0,0.00,0.00,0.00,560.00,0.00
31920617569703557,20090623,560.00,570.00,0,0,0.00,0.00,0.00,560.00,0.00
31920617569703557,20090624,560.00,570.00,0,0,0.00,0.00,0.00,560.00,0.00
31920617569703557,20090627,560.00,570.00,0,0,0.00,0.00,0.00,560.00,0.00
31920617569703557,20090628,560.00,570.00,0,0,0.00,0.00,0.00,560.00,0.00
31920617569703557,20090629,560.00,570.00,0,0,0.00,0.00,0.00,560.00,0.00
31920617569703557,20090630,560.00,570.00,0,0,0.00,0.00,0.00,560.00,0.00
31920617569703557,20090701,560.00,570.00,0,0,0.00,0.00,0.00,560.00,0.00
31920617569703557,20090704,560.00,570.00,0,0,0.00,0.00,0.00,560.00,0.00
31920617569703557,20090705,560.00,570.00,0,0,0.00,0.00,0.00,560.00,0.00
31920617569703557,20090707,560.00,570.00,0,0,0.00,0.00,0.00,560.00,0.00
31920617569703557,20090711,560.00,570.00,0,0,0.00,0.00,0.00,560.00,0.00
31920617569703557,20090712,560.00,570.00,0,0,0.00,0.00,0.00,560.00,0.00
31920617569703557,20090713,560.00,570.00,0,0,0.00,0.00,0.00,560.00,0.00
31920617569703557,20090714,560.00,570.00,0,0,0.00,0.00,0.00,560.00,0.00
31920617569703557,20090715,560.00,570.00,0,0,0.00,0.00,0.00,560.00,0.00
31920617569703557,20090718,560.00,570.00,0,0,0.00,0.00,0.00,560.00,0.00
31920617569703557,20090719,560.00,570.00,0,0,0.00,0.00,0.00,560.00,0.00
31920617569703557,20090721,560.00,570.00,0,0,0.00,0.00,0.00,560.00,0.00
31920617569703557,20090722,560.00,570.00,0,0,0.00,0.00,0.00,560.00,0.00
31920617569703557,20090725,560.00,570.00,0,0,0.00,0.00,0.00,560.00,0.00
31920617569703557,20090726,560.00,570.00,0,0,0.00,0.00,0.00,560.00,0.00
31920617569703557,20090727,560.00,570.00,0,0,0.00,0.00,0.00,560.00,0.00
31920617569703557,20090728,560.00,570.00,0,0,0.00,0.00,0.00,560.00,0.00
31920617569703557,20090729,560.00,570.00,0,0,0.00,0.00,0.00,560.00,0.00
31920617569703557,20090801,560.00,570.00,0,0,0.00,0.00,0.00,560.00,0.00
31920617569703557,20090802,560.00,570.00,0,0,0.00,0.00,0.00,560.00,0.00
31920617569703557,20090803,560.00,570.00,0,0,0.00,0.00,0.00,560.00,0.00
31920617569703557,20090804,560.00,570.00,0,0,0.00,0.00,0.00,560.00,0.00
31920617569703557,20090805,560.00,570.00,0,0,0.00,0.00,0.00,560.00,0.00
31920617569703557,20090808,560.00,570.00,0,0,0.00,0.00,0.00,560.00,0.00
31920617569703557,20090809,560.00,570.00,0,0,0.00,0.00,0.00,560.00,0.00
31920617569703557,20090810,560.00,570.00,0,0,0.00,0.00,0.00,560.00,0.00
31920617569703557,20090811,560.00,570.00,0,0,0.00,0.00,0.00,560.00,0.00
31920617569703557,20090812,560.00,570.00,0,0,0.00,0.00,0.00,560.00,0.00
31920617569703557,20090815,560.00,570.00,0,0,0.00,0.00,0.00,560.00,0.00
31920617569703557,20090816,560.00,570.00,0,0,0.00,0.00,0.00,560.00,0.00
31920617569703557,20090817,560.00,570.00,0,0,0.00,0.00,0.00,560.00,0.00
31920617569703557,20090818,560.00,570.00,0,0,0.00,0.00,0.00,560.00,0.00
31920617569703557,20090819,560.00,570.00,0,0,0.00,0.00,0.00,560.00,0.00
31920617569703557,20090822,560.00,570.00,0,0,0.00,0.00,0.00,560.00,0.00
31920617569703557,20090823,560.00,570.00,0,0,0.00,0.00,0.00,560.00,0.00
31920617569703557,20090824,560.00,570.00,0,0,0.00,0.00,0.00,560.00,0.00
31920617569703557,20090825,560.00,570.00,0,0,0.00,0.00,0.00,560.00,0.00
31920617569703557,20090826,560.00,570.00,0,0,0.00,0.00,0.00,560.00,0.00
31920617569703557,20090829,560.00,570.00,0,0,0.00,0.00,0.00,560.00,0.00
31920617569703557,20090830,560.00,570.00,0,0,0.00,0.00,0.00,560.00,0.00
31920617569703557,20090831,560.00,570.00,0,0,0.00,0.00,0.00,560.00,0.00
31920617569703557,20090901,560.00,570.00,0,0,0.00,0.00,0.00,560.00,0.00
31920617569703557,20090902,560.00,570.00,0,0,0.00,0.00,0.00,560.00,0.00
31920617569703557,20090905,560.00,570.00,0,0,0.00,0.00,0.00,560.00,0.00
31920617569703557,20090906,560.00,570.00,0,0,0.00,0.00,0.00,560.00,0.00
31920617569703557,20090907,560.00,570.00,0,0,0.00,0.00,0.00,560.00,0.00
31920617569703557,20090908,560.00,570.00,0,0,0.00,0.00,0.00,560.00,0.00
31920617569703557,20090909,560.00,570.00,0,0,0.00,0.00,0.00,560.00,0.00
31920617569703557,20090912,560.00,570.00,0,0,0.00,0.00,0.00,560.00,0.00
31920617569703557,20090913,560.00,570.00,0,0,0.00,0.00,0.00,560.00,0.00
31920617569703557,20090914,560.00,570.00,0,0,0.00,0.00,0.00,560.00,0.00
31920617569703557,20090915,560.00,570.00,0,0,0.00,0.00,0.00,560.00,0.00
31920617569703557,20090916,560.00,570.00,0,0,0.00,0.00,0.00,560.00,0.00
31920617569703557,20090919,560.00,570.00,0,0,0.00,0.00,0.00,560.00,0.00
31920617569703557,20090920,560.00,570.00,0,0,0.00,0.00,0.00,560.00,0.00
31920617569703557,20090921,560.00,570.00,0,0,0.00,0.00,0.00,560.00,0.00
31920617569703557,20090922,560.00,570.00,0,0,0.00,0.00,0.00,560.00,0.00
31920617569703557,20090923,560.00,570.00,0,0,0.00,0.00,0.00,560.00,0.00
31920617569703557,20090926,560.00,570.00,0,0,0.00,0.00,0.00,560.00,0.00
31920617569703557,20090927,560.00,570.00,0,0,0.00,0.00,0.00,560.00,0.00
31920617569703557,20090928,560.00,570.00,0,0,0.00,0.00,0.00,560.00,0.00
31920617569703557,20090929,560.00,570.00,0,0,0.00,0.00,0.00,560.00,0.00
31920617569703557,20090930,560.00,570.00,0,0,0.00,0.00,0.00,560.00,0.00
31920617569703557,20091003,560.00,570.00,0,0,0.00,0.00,0.00,560.00,0.00
31920617569703557,20091004,560.00,570.00,0,0,0.00,0.00,0.00,560.00,0.00
31920617569703557,20091005,560.00,570.00,0,0,0.00,0.00,0.00,560.00,0.00
31920617569703557,20091006,560.00,570.00,0,0,0.00,0.00,0.00,560.00,0.00
31920617569703557,20091007,560.00,570.00,0,0,0.00,0.00,0.00,560.00,0.00
31920617569703557,20091010,560.00,560.00,0,0,0.00,0.00,0.00,560.00,560.00
31920617569703557,20091011,560.00,560.00,0,0,0.00,0.00,0.00,560.00,561.00
31920617569703557,20091012,552.00,550.00,3,6901,3809086.00,550.00,561.00,560.00,561.00
31920617569703557,20091013,552.00,560.00,2,5999,3343448.00,552.00,560.00,552.00,552.00
31920617569703557,20091017,552.00,568.00,2,7100,4032800.00,568.00,568.00,552.00,568.00
31920617569703557,20091018,552.00,568.00,0,0,0.00,0.00,0.00,552.00,0.00
31920617569703557,20091019,552.00,568.00,1,5625,3195000.00,568.00,568.00,552.00,568.00
31920617569703557,20091020,552.00,568.00,0,0,0.00,0.00,0.00,552.00,0.00
31920617569703557,20091021,552.00,568.00,0,0,0.00,0.00,0.00,552.00,0.00
31920617569703557,20091024,552.00,568.00,0,0,0.00,0.00,0.00,552.00,0.00
31920617569703557,20091025,552.00,568.00,0,0,0.00,0.00,0.00,552.00,0.00
31920617569703557,20091026,552.00,568.00,2,4725,2683800.00,568.00,568.00,552.00,568.00
31920617569703557,20091027,552.00,560.00,1,448,250880.00,560.00,560.00,552.00,560.00
31920617569703557,20091028,552.00,560.00,0,0,0.00,0.00,0.00,552.00,0.00
31920617569703557,20091031,552.00,568.00,1,1275,724200.00,568.00,568.00,552.00,568.00
31920617569703557,20091101,568.00,568.00,83,820003,465761704.00,568.00,568.00,552.00,568.00
31920617569703557,20091102,568.00,568.00,0,0,0.00,0.00,0.00,568.00,0.00
31920617569703557,20091103,568.00,568.00,1,1536,872448.00,568.00,568.00,568.00,568.00
31920617569703557,20091104,568.00,568.00,0,0,0.00,0.00,0.00,568.00,0.00
31920617569703557,20091107,568.00,568.00,0,0,0.00,0.00,0.00,568.00,0.00
31920617569703557,20091108,568.00,568.00,0,0,0.00,0.00,0.00,568.00,0.00
31920617569703557,20091109,568.00,568.00,3,23470,13330960.00,568.00,568.00,568.00,568.00
31920617569703557,20091110,568.00,569.00,1,2000,1138000.00,569.00,569.00,568.00,569.00
31920617569703557,20091111,568.00,569.00,1,4375,2489375.00,569.00,569.00,568.00,569.00
31920617569703557,20091114,568.00,569.00,0,0,0.00,0.00,0.00,568.00,0.00
31920617569703557,20091115,568.00,569.00,0,0,0.00,0.00,0.00,568.00,0.00
31920617569703557,20091116,568.00,569.00,0,0,0.00,0.00,0.00,568.00,0.00
31920617569703557,20091117,568.00,569.00,0,0,0.00,0.00,0.00,568.00,0.00
31920617569703557,20091118,568.00,568.00,1,8511,4834248.00,568.00,568.00,568.00,568.00
31920617569703557,20091121,568.00,568.00,0,0,0.00,0.00,0.00,568.00,0.00
31920617569703557,20091122,568.00,568.00,0,0,0.00,0.00,0.00,568.00,0.00
31920617569703557,20091123,568.00,568.00,0,0,0.00,0.00,0.00,568.00,0.00
31920617569703557,20091124,568.00,568.00,1,11385,6466680.00,568.00,568.00,568.00,568.00
31920617569703557,20091125,568.00,568.00,0,0,0.00,0.00,0.00,568.00,0.00
31920617569703557,20091129,568.00,568.00,0,0,0.00,0.00,0.00,568.00,0.00
31920617569703557,20091130,570.00,587.00,1,50000,29350000.00,587.00,587.00,568.00,587.00
31920617569703557,20091201,570.00,587.00,0,0,0.00,0.00,0.00,570.00,0.00
31920617569703557,20091202,570.00,587.00,0,0,0.00,0.00,0.00,570.00,0.00
31920617569703557,20091205,570.00,587.00,0,0,0.00,0.00,0.00,570.00,0.00
31920617569703557,20091207,570.00,587.00,0,0,0.00,0.00,0.00,570.00,0.00
31920617569703557,20091208,570.00,568.00,1,3999,2271432.00,568.00,568.00,570.00,568.00
31920617569703557,20091209,570.00,568.00,1,2565,1456920.00,568.00,568.00,570.00,568.00
31920617569703557,20091212,572.00,586.00,1,50000,29300000.00,586.00,586.00,570.00,586.00
31920617569703557,20091213,572.00,592.00,2,4375,2590000.00,592.00,592.00,572.00,592.00
31920617569703557,20091214,572.00,592.00,0,0,0.00,0.00,0.00,572.00,0.00
31920617569703557,20091215,572.00,592.00,1,2270,1343840.00,592.00,592.00,572.00,592.00
31920617569703557,20091216,574.00,592.00,3,48230,28552160.00,592.00,592.00,572.00,592.00
31920617569703557,20091219,574.00,592.00,0,0,0.00,0.00,0.00,574.00,0.00
31920617569703557,20091220,574.00,592.00,0,0,0.00,0.00,0.00,574.00,0.00
31920617569703557,20091221,578.00,594.00,4,70000,41580000.00,594.00,594.00,574.00,594.00
31920617569703557,20091222,578.00,594.00,0,0,0.00,0.00,0.00,578.00,0.00
31920617569703557,20091223,578.00,594.00,0,0,0.00,0.00,0.00,578.00,0.00
31920617569703557,20091228,578.00,594.00,0,0,0.00,0.00,0.00,578.00,0.00
31920617569703557,20091229,578.00,594.00,0,0,0.00,0.00,0.00,578.00,0.00
31920617569703557,20091230,578.00,594.00,0,0,0.00,0.00,0.00,578.00,0.00
31920617569703557,20100102,578.00,594.00,0,0,0.00,0.00,0.00,578.00,0.00
31920617569703557,20100103,578.00,594.00,0,0,0.00,0.00,0.00,578.00,0.00
31920617569703557,20100104,578.00,594.00,0,0,0.00,0.00,0.00,578.00,0.00
31920617569703557,20100105,578.00,594.00,0,0,0.00,0.00,0.00,578.00,0.00
31920617569703557,20100106,578.00,594.00,0,0,0.00,0.00,0.00,578.00,0.00
31920617569703557,20100109,578.00,598.00,1,20,11960.00,598.00,598.00,578.00,598.00
31920617569703557,20100110,578.00,598.00,0,0,0.00,0.00,0.00,578.00,0.00
31920617569703557,20100111,578.00,598.00,0,0,0.00,0.00,0.00,578.00,0.00
31920617569703557,20100112,578.00,598.00,0,0,0.00,0.00,0.00,578.00,0.00
31920617569703557,20100113,578.00,598.00,0,0,0.00,0.00,0.00,578.00,0.00
31920617569703557,20100116,578.00,598.00,0,0,0.00,0.00,0.00,578.00,0.00
31920617569703557,20100117,578.00,598.00,0,0,0.00,0.00,0.00,578.00,0.00
31920617569703557,20100118,578.00,598.00,0,0,0.00,0.00,0.00,578.00,0.00
31920617569703557,20100119,578.00,598.00,0,0,0.00,0.00,0.00,578.00,0.00
31920617569703557,20100120,578.00,598.00,0,0,0.00,0.00,0.00,578.00,0.00
31920617569703557,20100123,578.00,598.00,0,0,0.00,0.00,0.00,578.00,0.00
31920617569703557,20100124,578.00,598.00,0,0,0.00,0.00,0.00,578.00,0.00
31920617569703557,20100125,578.00,598.00,0,0,0.00,0.00,0.00,578.00,0.00
31920617569703557,20100126,578.00,598.00,0,0,0.00,0.00,0.00,578.00,0.00
31920617569703557,20100127,578.00,598.00,0,0,0.00,0.00,0.00,578.00,0.00
31920617569703557,20100130,578.00,598.00,0,0,0.00,0.00,0.00,578.00,0.00
31920617569703557,20100131,578.00,598.00,0,0,0.00,0.00,0.00,578.00,0.00
31920617569703557,20100201,578.00,598.00,0,0,0.00,0.00,0.00,578.00,0.00
31920617569703557,20100202,578.00,598.00,0,0,0.00,0.00,0.00,578.00,0.00
31920617569703557,20100203,578.00,598.00,0,0,0.00,0.00,0.00,578.00,0.00
31920617569703557,20100206,578.00,598.00,0,0,0.00,0.00,0.00,578.00,0.00
31920617569703557,20100207,578.00,598.00,0,0,0.00,0.00,0.00,578.00,0.00
31920617569703557,20100208,578.00,598.00,0,0,0.00,0.00,0.00,578.00,0.00
31920617569703557,20100209,578.00,598.00,0,0,0.00,0.00,0.00,578.00,0.00
31920617569703557,20100210,578.00,598.00,0,0,0.00,0.00,0.00,578.00,0.00
31920617569703557,20100214,578.00,598.00,0,0,0.00,0.00,0.00,578.00,0.00
31920617569703557,20100216,578.00,578.00,0,0,0.00,0.00,0.00,578.00,558.00
31920617569703557,20100217,578.00,578.00,0,0,0.00,0.00,0.00,578.00,0.00
31920617569703557,20100220,578.00,578.00,0,0,0.00,0.00,0.00,578.00,0.00
31920617569703557,20100221,578.00,578.00,0,0,0.00,0.00,0.00,578.00,0.00
31920617569703557,20100222,578.00,578.00,0,0,0.00,0.00,0.00,578.00,0.00
31920617569703557,20100223,578.00,578.00,0,0,0.00,0.00,0.00,578.00,0.00
31920617569703557,20100224,578.00,578.00,0,0,0.00,0.00,0.00,578.00,0.00
31920617569703557,20100227,578.00,578.00,0,0,0.00,0.00,0.00,578.00,0.00
31920617569703557,20100228,578.00,578.00,0,0,0.00,0.00,0.00,578.00,0.00
31920617569703557,20100301,556.00,531.00,17,397250,220931450.00,450.00,740.00,578.00,500.00
31920617569703557,20100302,574.00,575.00,16,411700,236387500.00,572.00,575.00,556.00,575.00
31920617569703557,20100303,589.00,594.00,12,300000,178200000.00,594.00,594.00,574.00,594.00
31920617569703557,20100306,599.00,609.00,10,205020,124857180.00,609.00,609.00,589.00,609.00
31920617569703557,20100307,615.00,609.00,14,310000,191803880.00,609.00,619.00,599.00,619.00
31920617569703557,20100308,617.00,635.00,6,43977,27885395.00,630.00,636.00,615.00,636.00
31920617569703557,20100309,618.00,621.00,4,47431,29641806.00,621.00,626.00,617.00,626.00
31920617569703557,20100310,619.00,635.00,9,48306,30163939.00,619.00,636.00,618.00,619.00
31920617569703557,20100313,619.00,630.00,1,4735,2983050.00,630.00,630.00,619.00,630.00
31920617569703557,20100314,619.00,621.00,4,18600,11661410.00,621.00,628.00,619.00,628.00
31920617569703557,20100315,619.00,621.00,0,0,0.00,0.00,0.00,619.00,0.00
31920617569703557,20100316,613.00,609.00,8,197810,120136690.00,598.00,610.00,619.00,598.00
31920617569703557,20100317,613.00,612.00,1,1275,780300.00,612.00,612.00,613.00,612.00
31920617569703557,20100327,616.00,596.00,5,62973,39906908.00,596.00,634.00,613.00,634.00
31920617569703557,20100328,616.00,596.00,0,0,0.00,0.00,0.00,616.00,0.00
31920617569703557,20100329,616.00,596.00,0,0,0.00,0.00,0.00,616.00,0.00
31920617569703557,20100330,616.00,596.00,0,0,0.00,0.00,0.00,616.00,0.00
31920617569703557,20100331,616.00,596.00,0,0,0.00,0.00,0.00,616.00,0.00
31920617569703557,20100403,615.00,600.00,2,20000,11975000.00,595.00,600.00,616.00,595.00
31920617569703557,20100404,615.00,600.00,0,0,0.00,0.00,0.00,615.00,0.00
31920617569703557,20100405,615.00,600.00,0,0,0.00,0.00,0.00,615.00,0.00
31920617569703557,20100406,615.00,595.00,1,5000,2975000.00,595.00,595.00,615.00,595.00
31920617569703557,20100407,614.00,594.00,3,13376,7953704.00,594.00,595.00,615.00,595.00
31920617569703557,20100410,614.00,635.00,1,1566,994410.00,635.00,635.00,614.00,635.00
31920617569703557,20100411,613.00,600.00,5,14790,8856500.00,593.00,600.00,614.00,593.00
31920617569703557,20100412,612.00,592.00,7,13500,7992000.00,592.00,592.00,613.00,592.00
31920617569703557,20100413,612.00,592.00,0,0,0.00,0.00,0.00,612.00,0.00
31920617569703557,20100414,610.00,591.00,12,30783,18192753.00,591.00,591.00,612.00,591.00
31920617569703557,20100417,605.00,589.00,16,99830,58799870.00,589.00,589.00,610.00,589.00
31920617569703557,20100418,605.00,589.00,0,0,0.00,0.00,0.00,605.00,0.00
31920617569703557,20100419,605.00,589.00,0,0,0.00,0.00,0.00,605.00,0.00
31920617569703557,20100420,605.00,589.00,0,0,0.00,0.00,0.00,605.00,0.00
31920617569703557,20100421,605.00,589.00,0,0,0.00,0.00,0.00,605.00,0.00
31920617569703557,20100424,605.00,589.00,0,0,0.00,0.00,0.00,605.00,0.00
31920617569703557,20100425,605.00,589.00,0,0,0.00,0.00,0.00,605.00,0.00
31920617569703557,20100426,605.00,589.00,0,0,0.00,0.00,0.00,605.00,0.00
31920617569703557,20100427,605.00,584.00,1,290,169360.00,584.00,584.00,605.00,584.00
31920617569703557,20100428,605.00,584.00,0,0,0.00,0.00,0.00,605.00,0.00
31920617569703557,20100501,605.00,584.00,0,0,0.00,0.00,0.00,605.00,0.00
31920617569703557,20100502,605.00,584.00,0,0,0.00,0.00,0.00,605.00,0.00
31920617569703557,20100503,605.00,584.00,1,3500,2044000.00,584.00,584.00,605.00,584.00
31920617569703557,20100504,605.00,584.00,0,0,0.00,0.00,0.00,605.00,0.00
31920617569703557,20100505,605.00,584.00,0,0,0.00,0.00,0.00,605.00,0.00
31920617569703557,20100508,605.00,584.00,0,0,0.00,0.00,0.00,605.00,0.00
31920617569703557,20100509,605.00,584.00,0,0,0.00,0.00,0.00,605.00,0.00
31920617569703557,20100510,604.00,584.00,3,21300,12439200.00,584.00,584.00,605.00,584.00
31920617569703557,20100511,601.00,583.00,9,52200,30432600.00,583.00,583.00,604.00,583.00
31920617569703557,20100512,598.00,583.00,8,51100,29652340.00,580.00,583.00,601.00,580.00
31920617569703557,20100515,596.00,578.00,8,60438,35214521.00,578.00,584.00,598.00,580.00
31920617569703557,20100516,594.00,576.00,15,96409,56751146.00,576.00,603.00,596.00,600.00
31920617569703557,20100518,593.00,574.00,4,27828,15973272.00,574.00,574.00,594.00,574.00
31920617569703557,20100519,593.00,574.00,0,0,0.00,0.00,0.00,593.00,0.00
31920617569703557,20100522,593.00,574.00,0,0,0.00,0.00,0.00,593.00,0.00
31920617569703557,20100523,593.00,574.00,0,0,0.00,0.00,0.00,593.00,0.00
31920617569703557,20100524,590.00,573.00,5,70000,40373000.00,573.00,583.00,593.00,583.00
31920617569703557,20100525,588.00,570.00,7,42000,23940000.00,570.00,570.00,590.00,570.00
31920617569703557,20100526,583.00,568.00,18,103190,58663420.00,568.00,570.00,588.00,570.00
31920617569703557,20100529,589.00,600.00,14,123590,74387870.00,590.00,603.00,583.00,603.00
31920617569703557,20100530,586.00,569.00,8,70718,40429060.00,569.00,590.00,589.00,590.00
31920617569703557,20100531,586.00,569.00,0,0,0.00,0.00,0.00,586.00,0.00
31920617569703557,20100601,586.00,587.00,2,15940,9368660.00,587.00,589.00,586.00,589.00
31920617569703557,20100602,575.00,569.00,34,258394,147033186.00,569.00,570.00,586.00,569.00
31920617569703557,20100606,575.00,587.00,2,9474,5561238.00,587.00,587.00,575.00,587.00
31920617569703557,20100607,575.00,587.00,0,0,0.00,0.00,0.00,575.00,0.00
31920617569703557,20100608,575.00,587.00,0,0,0.00,0.00,0.00,575.00,0.00
31920617569703557,20100609,570.00,555.00,7,105000,58325000.00,555.00,557.00,575.00,557.00
31920617569703557,20100612,567.00,551.00,8,85000,47085000.00,551.00,556.00,570.00,556.00
31920617569703557,20100613,566.00,560.00,5,52057,28966357.00,551.00,560.00,567.00,560.00
31920617569703557,20100614,565.00,560.00,5,38521,21493192.00,552.00,560.00,566.00,560.00
31920617569703557,20100615,564.00,546.00,3,15000,8190000.00,546.00,546.00,565.00,546.00
31920617569703557,20100616,563.00,560.00,4,32039,17793794.00,545.00,560.00,564.00,545.00
31920617569703557,20100619,562.00,560.00,5,70000,39200000.00,560.00,560.00,563.00,560.00
31920617569703557,20100620,562.00,560.00,2,5462,3058720.00,560.00,560.00,562.00,560.00
31920617569703557,20100621,562.00,560.00,3,38658,21648480.00,560.00,560.00,562.00,560.00
31920617569703557,20100622,562.00,560.00,0,0,0.00,0.00,0.00,562.00,0.00
31920617569703557,20100623,562.00,559.00,2,10000,5525000.00,546.00,559.00,562.00,546.00
31920617569703557,20100627,562.00,559.00,0,0,0.00,0.00,0.00,562.00,0.00
31920617569703557,20100628,562.00,559.00,0,0,0.00,0.00,0.00,562.00,0.00
31920617569703557,20100629,562.00,559.00,0,0,0.00,0.00,0.00,562.00,0.00
31920617569703557,20100630,562.00,559.00,2,5000,2791454.00,558.00,559.00,562.00,558.00
31920617569703557,20100703,562.00,559.00,0,0,0.00,0.00,0.00,562.00,0.00
31920617569703557,20100704,562.00,544.00,2,1900,1033600.00,544.00,544.00,562.00,544.00
31920617569703557,20100705,561.00,550.00,3,20327,11116814.00,544.00,550.00,562.00,544.00
31920617569703557,20100706,559.00,540.00,5,36306,19625240.00,540.00,550.00,561.00,550.00
31920617569703557,20100707,559.00,581.00,8,70924,39719765.00,558.00,581.00,559.00,558.00
31920617569703557,20100711,559.00,581.00,0,0,0.00,0.00,0.00,559.00,0.00
31920617569703557,20100712,559.00,581.00,0,0,0.00,0.00,0.00,559.00,0.00
31920617569703557,20100713,560.00,579.00,4,15200,8787200.00,575.00,581.00,559.00,581.00
31920617569703557,20100714,561.00,582.00,3,13695,7958490.00,580.00,582.00,560.00,580.00
31920617569703557,20100717,564.00,583.00,1,47305,27578815.00,583.00,583.00,561.00,583.00
31920617569703557,20100718,574.00,586.00,15,187147,109668142.00,586.00,586.00,564.00,586.00
31920617569703557,20100719,587.00,596.00,7,227972,135871312.00,596.00,596.00,574.00,596.00
31920617569703557,20100720,589.00,610.00,2,36500,22265000.00,610.00,610.00,587.00,610.00
31920617569703557,20100721,591.00,612.00,8,38930,23825160.00,612.00,612.00,589.00,612.00
31920617569703557,20100724,592.00,614.00,1,10000,6140000.00,614.00,614.00,591.00,614.00
31920617569703557,20100725,593.00,615.00,3,25000,15375000.00,615.00,615.00,592.00,615.00
31920617569703557,20100726,593.00,615.00,0,0,0.00,0.00,0.00,593.00,0.00
31920617569703557,20100728,593.00,615.00,0,0,0.00,0.00,0.00,593.00,0.00
31920617569703557,20100731,593.00,615.00,0,0,0.00,0.00,0.00,593.00,0.00
31920617569703557,20100801,593.00,615.00,0,0,0.00,0.00,0.00,593.00,0.00
31920617569703557,20100802,593.00,615.00,0,0,0.00,0.00,0.00,593.00,0.00
31920617569703557,20100803,593.00,616.00,1,3430,2112880.00,616.00,616.00,593.00,616.00
31920617569703557,20100804,597.00,616.00,8,73092,45024672.00,616.00,616.00,593.00,616.00
31920617569703557,20100807,601.00,620.00,5,60000,37200000.00,620.00,620.00,597.00,620.00
31920617569703557,20100808,608.00,625.00,24,110000,68737000.00,620.00,625.00,601.00,625.00
31920617569703557,20100809,615.00,632.00,11,114409,72294142.00,631.00,632.00,608.00,632.00
31920617569703557,20100810,620.00,639.00,11,86125,55033875.00,639.00,639.00,615.00,639.00
31920617569703557,20100811,622.00,644.00,8,35625,22942500.00,644.00,644.00,620.00,644.00
31920617569703557,20100814,627.00,646.00,13,77770,50239420.00,646.00,646.00,622.00,646.00
31920617569703557,20100815,634.00,652.00,13,113671,74113492.00,652.00,652.00,627.00,652.00
31920617569703557,20100816,635.00,659.00,1,22646,14923714.00,659.00,659.00,634.00,659.00
31920617569703557,20100817,635.00,660.00,1,645,425700.00,660.00,660.00,635.00,660.00
31920617569703557,20100818,635.00,660.00,1,295,194700.00,660.00,660.00,635.00,660.00
31920617569703557,20100821,635.00,660.00,1,1000,660000.00,660.00,660.00,635.00,660.00
31920617569703557,20100822,636.00,660.00,3,16547,10921020.00,660.00,660.00,635.00,660.00
31920617569703557,20100823,636.00,660.00,0,0,0.00,0.00,0.00,636.00,0.00
31920617569703557,20100824,636.00,660.00,0,0,0.00,0.00,0.00,636.00,0.00
31920617569703557,20100825,636.00,661.00,1,1000,661000.00,661.00,661.00,636.00,661.00
31920617569703557,20100828,636.00,661.00,0,0,0.00,0.00,0.00,636.00,0.00
31920617569703557,20100829,636.00,661.00,0,0,0.00,0.00,0.00,636.00,0.00
31920617569703557,20100830,636.00,661.00,0,0,0.00,0.00,0.00,636.00,0.00
31920617569703557,20100831,639.00,661.00,1,48879,32309019.00,661.00,661.00,636.00,661.00
31920617569703557,20100904,644.00,664.00,7,81715,54245950.00,661.00,664.00,639.00,664.00
31920617569703557,20100905,644.00,669.00,2,5389,3605241.00,669.00,669.00,644.00,669.00
31920617569703557,20100906,647.00,669.00,2,40000,26760000.00,669.00,669.00,644.00,669.00
31920617569703557,20100907,647.00,669.00,0,0,0.00,0.00,0.00,647.00,0.00
31920617569703557,20100908,647.00,669.00,0,0,0.00,0.00,0.00,647.00,0.00
31920617569703557,20100912,672.00,672.00,5,19540,13130880.00,672.00,672.00,647.00,672.00
31920617569703557,20100913,673.00,698.00,3,7808,5449984.00,698.00,698.00,672.00,698.00
31920617569703557,20100914,673.00,698.00,0,0,0.00,0.00,0.00,673.00,0.00
31920617569703557,20100915,673.00,698.00,0,0,0.00,0.00,0.00,673.00,0.00
31920617569703557,20100918,673.00,698.00,0,0,0.00,0.00,0.00,673.00,0.00
31920617569703557,20100919,673.00,699.00,2,570,398430.00,699.00,699.00,673.00,699.00
31920617569703557,20100920,673.00,699.00,0,0,0.00,0.00,0.00,673.00,0.00
31920617569703557,20100921,673.00,699.00,0,0,0.00,0.00,0.00,673.00,0.00
31920617569703557,20100922,673.00,699.00,0,0,0.00,0.00,0.00,673.00,0.00
31920617569703557,20100925,674.00,699.00,3,18320,12805680.00,699.00,699.00,673.00,699.00
31920617569703557,20100926,677.00,700.00,5,39037,27325900.00,700.00,700.00,674.00,700.00
31920617569703557,20100927,679.00,704.00,1,30000,21120000.00,704.00,704.00,677.00,704.00
31920617569703557,20100928,680.00,706.00,1,10000,7060000.00,706.00,706.00,679.00,706.00
31920617569703557,20100929,694.00,707.00,25,211709,149618370.00,700.00,707.00,680.00,707.00
31920617569703557,20101002,696.00,708.00,23,93954,66099711.00,700.00,709.00,694.00,700.00
31920617569703557,20101003,689.00,671.00,22,144452,97946397.00,669.00,699.00,696.00,681.00
31920617569703557,20101005,691.00,716.00,11,38920,27734620.00,700.00,716.00,689.00,700.00
31920617569703557,20101006,698.00,718.00,9,102963,73927434.00,718.00,718.00,691.00,718.00
31920617569703557,20101009,698.00,718.00,0,0,0.00,0.00,0.00,698.00,0.00
31920617569703557,20101010,698.00,718.00,0,0,0.00,0.00,0.00,698.00,0.00
31920617569703557,20101011,698.00,718.00,0,0,0.00,0.00,0.00,698.00,0.00
31920617569703557,20101012,698.00,718.00,0,0,0.00,0.00,0.00,698.00,0.00
31920617569703557,20101013,680.00,663.00,2,26017,17681730.00,663.00,690.00,698.00,690.00
31920617569703557,20101016,673.00,653.00,2,100000,65300000.00,653.00,653.00,680.00,653.00
31920617569703557,20101017,669.00,647.00,7,66456,43011951.00,647.00,648.00,673.00,647.00
31920617569703557,20101018,664.00,643.00,10,83992,54125306.00,643.00,647.00,669.00,643.00
31920617569703557,20101019,664.00,664.00,0,0,0.00,0.00,0.00,664.00,644.00
31920617569703557,20101020,664.00,640.00,2,3489,2240960.00,640.00,644.00,664.00,644.00
31920617569703557,20101023,664.00,679.00,3,4543,3052927.00,670.00,679.00,664.00,679.00
31920617569703557,20101024,664.00,679.00,0,0,0.00,0.00,0.00,664.00,0.00
31920617569703557,20101025,663.00,639.00,3,18212,11875776.00,639.00,667.00,664.00,667.00
31920617569703557,20101026,661.00,639.00,4,36942,23605938.00,639.00,639.00,663.00,639.00
31920617569703557,20101027,657.00,636.00,5,65125,41363675.00,635.00,636.00,661.00,635.00
31920617569703557,20101030,657.00,636.00,0,0,0.00,0.00,0.00,657.00,0.00
31920617569703557,20101031,657.00,636.00,0,0,0.00,0.00,0.00,657.00,0.00
31920617569703557,20101101,656.00,635.00,7,9776,6207832.00,635.00,636.00,657.00,635.00
31920617569703557,20101102,656.00,635.00,1,5952,3779520.00,635.00,635.00,656.00,635.00
31920617569703557,20101103,656.00,635.00,0,0,0.00,0.00,0.00,656.00,0.00
31920617569703557,20101106,656.00,635.00,0,0,0.00,0.00,0.00,656.00,0.00
31920617569703557,20101107,656.00,635.00,0,0,0.00,0.00,0.00,656.00,0.00
31920617569703557,20101108,656.00,635.00,0,0,0.00,0.00,0.00,656.00,0.00
31920617569703557,20101109,656.00,635.00,0,0,0.00,0.00,0.00,656.00,0.00
31920617569703557,20101110,647.00,630.00,12,129795,81775554.00,630.00,631.00,656.00,630.00
31920617569703557,20101113,647.00,630.00,0,0,0.00,0.00,0.00,647.00,0.00
31920617569703557,20101114,645.00,625.00,6,35082,21907066.00,624.00,625.00,647.00,624.00
31920617569703557,20101115,643.00,622.00,3,32274,20074428.00,622.00,622.00,645.00,622.00
31920617569703557,20101116,642.00,622.00,2,21763,13536586.00,622.00,622.00,643.00,622.00
31920617569703557,20101120,642.00,643.00,1,8000,5144000.00,643.00,643.00,642.00,643.00
31920617569703557,20101121,642.00,631.00,5,15224,9690344.00,631.00,646.00,642.00,646.00
31920617569703557,20101122,642.00,667.00,1,1000,667000.00,667.00,667.00,642.00,667.00
31920617569703557,20101123,642.00,667.00,0,0,0.00,0.00,0.00,642.00,0.00
31920617569703557,20101124,642.00,658.00,1,470,309260.00,658.00,658.00,642.00,658.00
31920617569703557,20101127,642.00,658.00,0,0,0.00,0.00,0.00,642.00,0.00
31920617569703557,20101128,642.00,658.00,0,0,0.00,0.00,0.00,642.00,0.00
31920617569703557,20101129,642.00,658.00,0,0,0.00,0.00,0.00,642.00,0.00
31920617569703557,20101130,642.00,640.00,1,3000,1920000.00,640.00,640.00,642.00,640.00
31920617569703557,20101201,642.00,640.00,4,3861,2471040.00,640.00,640.00,642.00,640.00
31920617569703557,20101204,642.00,622.00,1,88,54736.00,622.00,622.00,642.00,622.00
31920617569703557,20101205,642.00,622.00,0,0,0.00,0.00,0.00,642.00,0.00
31920617569703557,20101206,640.00,622.00,3,38163,23815788.00,622.00,625.00,642.00,625.00
31920617569703557,20101207,640.00,640.00,1,4704,3010560.00,640.00,640.00,640.00,640.00
31920617569703557,20101208,640.00,640.00,0,0,0.00,0.00,0.00,640.00,0.00
31920617569703557,20101211,640.00,640.00,0,0,0.00,0.00,0.00,640.00,0.00
31920617569703557,20101212,640.00,615.00,1,5000,3075000.00,615.00,615.00,640.00,615.00
31920617569703557,20101213,640.00,616.00,1,4443,2736888.00,616.00,616.00,640.00,616.00
31920617569703557,20101214,640.00,616.00,0,0,0.00,0.00,0.00,640.00,0.00
31920617569703557,20101218,640.00,616.00,0,0,0.00,0.00,0.00,640.00,0.00
31920617569703557,20101219,640.00,640.00,2,4557,2916480.00,640.00,640.00,640.00,640.00
31920617569703557,20101220,639.00,615.00,3,13882,8537430.00,615.00,615.00,640.00,615.00
31920617569703557,20101221,639.00,615.00,0,0,0.00,0.00,0.00,639.00,0.00
31920617569703557,20101222,639.00,615.00,0,0,0.00,0.00,0.00,639.00,0.00
31920617569703557,20101225,639.00,615.00,0,0,0.00,0.00,0.00,639.00,0.00
31920617569703557,20101226,628.00,614.00,7,181118,111287570.00,614.00,615.00,639.00,615.00
31920617569703557,20101227,628.00,614.00,0,0,0.00,0.00,0.00,628.00,0.00
31920617569703557,20101228,628.00,614.00,0,0,0.00,0.00,0.00,628.00,0.00
31920617569703557,20101229,628.00,614.00,0,0,0.00,0.00,0.00,628.00,0.00
31920617569703557,20110101,606.00,603.00,11,352500,212557500.00,603.00,603.00,628.00,603.00
31920617569703557,20110102,605.00,582.00,1,22009,12809238.00,582.00,582.00,606.00,582.00
31920617569703557,20110103,605.00,582.00,0,0,0.00,0.00,0.00,605.00,0.00
31920617569703557,20110104,605.00,582.00,0,0,0.00,0.00,0.00,605.00,0.00
31920617569703557,20110105,605.00,582.00,0,0,0.00,0.00,0.00,605.00,0.00
31920617569703557,20110108,605.00,581.00,1,180,104580.00,581.00,581.00,605.00,581.00
31920617569703557,20110109,605.00,581.00,0,0,0.00,0.00,0.00,605.00,0.00
31920617569703557,20110110,605.00,581.00,0,0,0.00,0.00,0.00,605.00,0.00
31920617569703557,20110111,605.00,581.00,0,0,0.00,0.00,0.00,605.00,0.00
31920617569703557,20110112,605.00,581.00,0,0,0.00,0.00,0.00,605.00,0.00
31920617569703557,20110115,605.00,581.00,0,0,0.00,0.00,0.00,605.00,0.00
31920617569703557,20110116,605.00,581.00,0,0,0.00,0.00,0.00,605.00,0.00
31920617569703557,20110117,605.00,581.00,0,0,0.00,0.00,0.00,605.00,0.00
31920617569703557,20110118,605.00,581.00,0,0,0.00,0.00,0.00,605.00,0.00
31920617569703557,20110119,605.00,581.00,0,0,0.00,0.00,0.00,605.00,0.00
31920617569703557,20110122,605.00,581.00,0,0,0.00,0.00,0.00,605.00,0.00
31920617569703557,20110123,604.00,581.00,2,23879,13873699.00,581.00,581.00,605.00,581.00
31920617569703557,20110124,604.00,581.00,0,0,0.00,0.00,0.00,604.00,0.00
31920617569703557,20110126,604.00,581.00,0,0,0.00,0.00,0.00,604.00,0.00
31920617569703557,20110129,604.00,581.00,0,0,0.00,0.00,0.00,604.00,0.00
31920617569703557,20110130,604.00,581.00,0,0,0.00,0.00,0.00,604.00,0.00
31920617569703557,20110131,604.00,581.00,0,0,0.00,0.00,0.00,604.00,0.00
31920617569703557,20110201,604.00,580.00,2,5000,2902000.00,580.00,581.00,604.00,581.00
31920617569703557,20110205,603.00,590.00,4,43950,26013726.00,590.00,595.00,604.00,590.00
31920617569703557,20110206,603.00,590.00,0,0,0.00,0.00,0.00,603.00,0.00
31920617569703557,20110207,603.00,590.00,0,0,0.00,0.00,0.00,603.00,0.00
31920617569703557,20110208,603.00,590.00,0,0,0.00,0.00,0.00,603.00,0.00
31920617569703557,20110209,602.00,580.00,3,26644,15619340.00,580.00,600.00,603.00,600.00
31920617569703557,20110212,602.00,580.00,2,3120,1811602.00,580.00,582.00,602.00,582.00
31920617569703557,20110213,602.00,580.00,0,0,0.00,0.00,0.00,602.00,0.00
31920617569703557,20110214,602.00,580.00,0,0,0.00,0.00,0.00,602.00,0.00
31920617569703557,20110215,601.00,580.00,3,26528,15386240.00,580.00,580.00,602.00,580.00
31920617569703557,20110216,601.00,577.00,1,7037,4060349.00,577.00,577.00,601.00,577.00
31920617569703557,20110219,601.00,577.00,0,0,0.00,0.00,0.00,601.00,0.00
31920617569703557,20110220,601.00,577.00,0,0,0.00,0.00,0.00,601.00,0.00
31920617569703557,20110222,601.00,577.00,0,0,0.00,0.00,0.00,601.00,0.00
31920617569703557,20110223,601.00,577.00,0,0,0.00,0.00,0.00,601.00,0.00
31920617569703557,20110226,601.00,577.00,0,0,0.00,0.00,0.00,601.00,0.00
31920617569703557,20110227,601.00,577.00,0,0,0.00,0.00,0.00,601.00,0.00
31920617569703557,20110228,601.00,604.00,2,3510,2120040.00,604.00,604.00,601.00,604.00
31920617569703557,20110301,601.00,604.00,0,0,0.00,0.00,0.00,601.00,0.00
31920617569703557,20110302,601.00,604.00,0,0,0.00,0.00,0.00,601.00,0.00
31920617569703557,20110305,601.00,604.00,0,0,0.00,0.00,0.00,601.00,0.00
31920617569703557,20110306,601.00,604.00,0,0,0.00,0.00,0.00,601.00,0.00
31920617569703557,20110307,601.00,604.00,0,0,0.00,0.00,0.00,601.00,0.00
31920617569703557,20110308,601.00,604.00,0,0,0.00,0.00,0.00,601.00,0.00
31920617569703557,20110309,601.00,604.00,0,0,0.00,0.00,0.00,601.00,0.00
31920617569703557,20110312,601.00,604.00,0,0,0.00,0.00,0.00,601.00,0.00
31920617569703557,20110313,601.00,604.00,0,0,0.00,0.00,0.00,601.00,0.00
31920617569703557,20110314,601.00,604.00,0,0,0.00,0.00,0.00,601.00,0.00
31920617569703557,20110315,601.00,601.00,3,10510,6136270.00,577.00,601.00,601.00,577.00
31920617569703557,20110316,601.00,601.00,0,0,0.00,0.00,0.00,601.00,0.00
31920617569703557,20110319,601.00,600.00,2,5636,3368880.00,580.00,600.00,601.00,580.00
31920617569703557,20110326,601.00,600.00,0,0,0.00,0.00,0.00,601.00,0.00
31920617569703557,20110327,601.00,601.00,2,3001,1803601.00,601.00,601.00,601.00,601.00
31920617569703557,20110328,601.00,601.00,0,0,0.00,0.00,0.00,601.00,0.00
31920617569703557,20110329,601.00,601.00,0,0,0.00,0.00,0.00,601.00,0.00
31920617569703557,20110330,601.00,578.00,3,1930,1116175.00,577.00,579.00,601.00,577.00
31920617569703557,20110403,605.00,625.00,11,71333,44583125.00,625.00,625.00,601.00,625.00
31920617569703557,20110404,606.00,629.00,9,24390,15341310.00,629.00,629.00,605.00,629.00
31920617569703557,20110405,607.00,630.00,7,21409,13449500.00,600.00,630.00,606.00,600.00
31920617569703557,20110406,608.00,631.00,5,10100,6366367.00,630.00,631.00,607.00,631.00
31920617569703557,20110409,608.00,590.00,5,43124,26196440.00,590.00,630.00,608.00,630.00
31920617569703557,20110410,607.00,591.00,3,27408,16230720.00,590.00,595.00,608.00,590.00
31920617569703557,20110411,606.00,590.00,5,32921,19423390.00,590.00,590.00,607.00,590.00
31920617569703557,20110412,606.00,620.00,4,15210,9146200.00,590.00,630.00,606.00,630.00
31920617569703557,20110413,606.00,620.00,5,29100,17457910.00,590.00,620.00,606.00,590.00
31920617569703557,20110416,606.00,620.00,0,0,0.00,0.00,0.00,606.00,0.00
31920617569703557,20110417,606.00,620.00,0,0,0.00,0.00,0.00,606.00,0.00
31920617569703557,20110418,606.00,620.00,0,0,0.00,0.00,0.00,606.00,0.00
31920617569703557,20110419,606.00,620.00,0,0,0.00,0.00,0.00,606.00,0.00
31920617569703557,20110420,606.00,620.00,0,0,0.00,0.00,0.00,606.00,0.00
31920617569703557,20110423,402.00,417.00,9,52028,20895676.00,401.00,417.00,606.00,401.00
31920617569703557,20110424,402.00,418.00,1,275,114950.00,418.00,418.00,402.00,418.00
31920617569703557,20110425,402.00,418.00,0,0,0.00,0.00,0.00,402.00,0.00
31920617569703557,20110426,402.00,418.00,0,0,0.00,0.00,0.00,402.00,0.00
31920617569703557,20110427,402.00,418.00,0,0,0.00,0.00,0.00,402.00,0.00
31920617569703557,20110430,402.00,418.00,1,200,83600.00,418.00,418.00,402.00,418.00
31920617569703557,20110501,402.00,418.00,2,2500,1045000.00,418.00,418.00,402.00,418.00
31920617569703557,20110502,402.00,418.00,0,0,0.00,0.00,0.00,402.00,0.00
31920617569703557,20110503,402.00,418.00,0,0,0.00,0.00,0.00,402.00,0.00
31920617569703557,20110504,402.00,418.00,2,1500,627000.00,418.00,418.00,402.00,418.00
31920617569703557,20110508,402.00,418.00,0,0,0.00,0.00,0.00,402.00,0.00
31920617569703557,20110509,402.00,418.00,0,0,0.00,0.00,0.00,402.00,0.00
31920617569703557,20110510,402.00,418.00,1,78,32604.00,418.00,418.00,402.00,418.00
31920617569703557,20110511,402.00,418.00,0,0,0.00,0.00,0.00,402.00,0.00
31920617569703557,20110514,402.00,418.00,0,0,0.00,0.00,0.00,402.00,0.00
31920617569703557,20110515,402.00,418.00,9,450,188100.00,418.00,418.00,402.00,418.00
31920617569703557,20110516,402.00,418.00,1,3060,1279080.00,418.00,418.00,402.00,418.00
31920617569703557,20110517,402.00,418.00,2,70,29260.00,418.00,418.00,402.00,418.00
31920617569703557,20110518,402.00,418.00,3,8,3344.00,418.00,418.00,402.00,418.00
31920617569703557,20110521,402.00,418.00,1,2000,836000.00,418.00,418.00,402.00,418.00
31920617569703557,20110522,450.00,451.00,3,3500,1574250.00,434.00,451.00,402.00,434.00
31920617569703557,20110523,450.00,451.00,0,0,0.00,0.00,0.00,450.00,0.00
31920617569703557,20110524,450.00,451.00,0,0,0.00,0.00,0.00,450.00,0.00
31920617569703557,20110525,450.00,451.00,0,0,0.00,0.00,0.00,450.00,0.00
31920617569703557,20110528,450.00,451.00,0,0,0.00,0.00,0.00,450.00,0.00
31920617569703557,20110529,450.00,451.00,0,0,0.00,0.00,0.00,450.00,0.00
31920617569703557,20110530,450.00,451.00,0,0,0.00,0.00,0.00,450.00,0.00
31920617569703557,20110531,450.00,468.00,1,3500,1638000.00,468.00,468.00,450.00,468.00
31920617569703557,20110601,450.00,468.00,1,800,374400.00,468.00,468.00,450.00,468.00
31920617569703557,20110606,450.00,468.00,0,0,0.00,0.00,0.00,450.00,0.00
31920617569703557,20110607,450.00,468.00,0,0,0.00,0.00,0.00,450.00,0.00
31920617569703557,20110608,450.00,468.00,0,0,0.00,0.00,0.00,450.00,0.00
31920617569703557,20110611,450.00,468.00,1,1000,468000.00,468.00,468.00,450.00,468.00
31920617569703557,20110612,450.00,468.00,1,1000,468000.00,468.00,468.00,450.00,468.00
31920617569703557,20110613,450.00,468.00,1,1000,468000.00,468.00,468.00,450.00,468.00
31920617569703557,20110614,450.00,468.00,1,1000,468000.00,468.00,468.00,450.00,468.00
31920617569703557,20110615,450.00,468.00,1,1000,468000.00,468.00,468.00,450.00,468.00
31920617569703557,20110618,505.00,505.00,17,224835,113464175.00,486.00,505.00,450.00,486.00
31920617569703557,20110619,514.00,525.00,17,169700,89041170.00,524.00,525.00,505.00,524.00
31920617569703557,20110620,527.00,534.00,15,252712,134948208.00,534.00,534.00,514.00,534.00
31920617569703557,20110621,537.00,548.00,8,179479,98354492.00,548.00,548.00,527.00,548.00
31920617569703557,20110622,543.00,558.00,11,107815,60160770.00,558.00,558.00,537.00,558.00
31920617569703557,20110625,550.00,541.00,10,129885,73173945.00,541.00,564.00,543.00,564.00
31920617569703557,20110626,549.00,528.00,1,20000,10560000.00,528.00,528.00,550.00,528.00
31920617569703557,20110627,533.00,528.00,13,290050,153146400.00,528.00,528.00,549.00,528.00
31920617569703557,20110628,532.00,512.00,1,10000,5120000.00,512.00,512.00,533.00,512.00
31920617569703557,20110629,533.00,552.00,6,23975,13046400.00,512.00,552.00,532.00,512.00
31920617569703557,20110702,533.00,552.00,0,0,0.00,0.00,0.00,533.00,0.00
31920617569703557,20110703,527.00,512.00,6,110000,56423065.00,512.00,554.00,533.00,554.00
31920617569703557,20110704,527.00,548.00,8,9908,5376400.00,540.00,548.00,527.00,540.00
31920617569703557,20110705,522.00,506.00,2,88032,44544192.00,506.00,506.00,527.00,506.00
31920617569703557,20110706,517.00,502.00,7,101301,50854403.00,502.00,503.00,522.00,503.00
31920617569703557,20110709,517.00,517.00,2,5050,2611000.00,517.00,520.00,517.00,520.00
31920617569703557,20110710,517.00,517.00,0,0,0.00,0.00,0.00,517.00,0.00
31920617569703557,20110711,517.00,517.00,0,0,0.00,0.00,0.00,517.00,0.00
31920617569703557,20110712,517.00,536.00,4,23235,12070694.00,497.00,537.00,517.00,497.00
31920617569703557,20110713,517.00,500.00,1,1612,806000.00,500.00,500.00,517.00,500.00
31920617569703557,20110716,517.00,500.00,0,0,0.00,0.00,0.00,517.00,0.00
31920617569703557,20110718,515.00,498.00,2,41930,20841140.00,497.00,498.00,517.00,497.00
31920617569703557,20110719,512.00,495.00,5,68670,34111650.00,495.00,497.00,515.00,497.00
31920617569703557,20110720,512.00,520.00,1,2290,1190800.00,520.00,520.00,512.00,520.00
31920617569703557,20110723,509.00,492.00,5,63000,30999000.00,492.00,493.00,512.00,493.00
31920617569703557,20110724,509.00,492.00,1,10000,4920000.00,492.00,492.00,509.00,492.00
31920617569703557,20110725,509.00,492.00,0,0,0.00,0.00,0.00,509.00,0.00
31920617569703557,20110726,509.00,492.00,0,0,0.00,0.00,0.00,509.00,0.00
31920617569703557,20110727,509.00,492.00,0,0,0.00,0.00,0.00,509.00,0.00
31920617569703557,20110730,509.00,492.00,0,0,0.00,0.00,0.00,509.00,0.00
31920617569703557,20110731,509.00,492.00,0,0,0.00,0.00,0.00,509.00,0.00
31920617569703557,20110801,509.00,492.00,0,0,0.00,0.00,0.00,509.00,0.00
31920617569703557,20110802,509.00,492.00,0,0,0.00,0.00,0.00,509.00,0.00
31920617569703557,20110803,509.00,492.00,0,0,0.00,0.00,0.00,509.00,0.00
31920617569703557,20110806,509.00,489.00,2,4710,2303190.00,489.00,489.00,509.00,489.00
31920617569703557,20110807,509.00,489.00,0,0,0.00,0.00,0.00,509.00,0.00
31920617569703557,20110808,509.00,489.00,0,0,0.00,0.00,0.00,509.00,0.00
31920617569703557,20110809,509.00,489.00,0,0,0.00,0.00,0.00,509.00,0.00
31920617569703557,20110810,508.00,489.00,6,31142,15649736.00,489.00,509.00,509.00,509.00
31920617569703557,20110813,502.00,488.00,6,110431,53890328.00,488.00,488.00,508.00,488.00
31920617569703557,20110814,501.00,482.00,1,10100,4868200.00,482.00,482.00,502.00,482.00
31920617569703557,20110815,500.00,481.00,4,26894,12957399.00,481.00,482.00,501.00,482.00
31920617569703557,20110816,500.00,481.00,0,0,0.00,0.00,0.00,500.00,0.00
31920617569703557,20110817,500.00,481.00,0,0,0.00,0.00,0.00,500.00,0.00
31920617569703557,20110820,500.00,481.00,0,0,0.00,0.00,0.00,500.00,0.00
31920617569703557,20110821,499.00,480.00,2,10000,4800000.00,480.00,480.00,500.00,480.00
31920617569703557,20110823,499.00,480.00,0,0,0.00,0.00,0.00,499.00,0.00
31920617569703557,20110824,499.00,480.00,1,9508,4563840.00,480.00,480.00,499.00,480.00
31920617569703557,20110827,499.00,480.00,0,0,0.00,0.00,0.00,499.00,0.00
31920617569703557,20110828,499.00,480.00,0,0,0.00,0.00,0.00,499.00,0.00
31920617569703557,20110829,499.00,480.00,1,2500,1200000.00,480.00,480.00,499.00,480.00
31920617569703557,20110830,498.00,485.00,6,28854,13911420.00,480.00,485.00,499.00,480.00
31920617569703557,20110831,498.00,485.00,0,0,0.00,0.00,0.00,498.00,0.00
31920617569703557,20110903,498.00,485.00,0,0,0.00,0.00,0.00,498.00,0.00
31920617569703557,20110904,498.00,485.00,0,0,0.00,0.00,0.00,498.00,0.00
31920617569703557,20110905,498.00,479.00,1,5000,2395000.00,479.00,479.00,498.00,479.00
31920617569703557,20110906,511.00,517.00,17,284992,147081916.00,490.00,517.00,498.00,490.00
31920617569703557,20110907,515.00,511.00,14,112054,59013961.00,511.00,531.00,511.00,511.00
31920617569703557,20110910,517.00,535.00,6,35511,18896341.00,531.00,535.00,515.00,531.00
31920617569703557,20110911,520.00,535.00,8,67500,36230762.00,535.00,537.00,517.00,537.00
31920617569703557,20110912,521.00,540.00,10,27366,14653033.00,535.00,540.00,520.00,535.00
31920617569703557,20110913,522.00,541.00,3,12000,6492000.00,541.00,541.00,521.00,541.00
31920617569703557,20110914,522.00,541.00,0,0,0.00,0.00,0.00,522.00,0.00
31920617569703557,20110917,531.00,542.00,14,174919,94806098.00,542.00,542.00,522.00,542.00
31920617569703557,20110918,531.00,530.00,2,8352,4426560.00,530.00,530.00,531.00,530.00
31920617569703557,20110919,531.00,530.00,0,0,0.00,0.00,0.00,531.00,0.00
31920617569703557,20110920,531.00,530.00,0,0,0.00,0.00,0.00,531.00,0.00
31920617569703557,20110921,531.00,530.00,0,0,0.00,0.00,0.00,531.00,0.00
31920617569703557,20110925,531.00,530.00,0,0,0.00,0.00,0.00,531.00,0.00
31920617569703557,20110926,531.00,530.00,0,0,0.00,0.00,0.00,531.00,0.00
31920617569703557,20110927,531.00,530.00,0,0,0.00,0.00,0.00,531.00,0.00
31920617569703557,20110928,531.00,552.00,5,500,275188.00,549.00,552.00,531.00,549.00
31920617569703557,20111001,531.00,552.00,0,0,0.00,0.00,0.00,531.00,0.00
31920617569703557,20111002,531.00,552.00,0,0,0.00,0.00,0.00,531.00,0.00
31920617569703557,20111003,529.00,512.00,1,40000,20480000.00,512.00,512.00,531.00,512.00
31920617569703557,20111004,529.00,508.00,2,7017,3564636.00,508.00,508.00,529.00,508.00
31920617569703557,20111005,530.00,547.00,1,18193,9951571.00,547.00,547.00,529.00,547.00
31920617569703557,20111008,529.00,510.00,3,25500,13019000.00,510.00,512.00,530.00,512.00
31920617569703557,20111009,527.00,510.00,2,40000,20400000.00,510.00,510.00,529.00,510.00
31920617569703557,20111010,527.00,510.00,0,0,0.00,0.00,0.00,527.00,0.00
31920617569703557,20111011,527.00,530.00,2,24639,12858670.00,520.00,530.00,527.00,520.00
31920617569703557,20111012,534.00,548.00,15,141840,77367820.00,540.00,548.00,527.00,540.00
31920617569703557,20111015,534.00,548.00,0,0,0.00,0.00,0.00,534.00,0.00
31920617569703557,20111016,534.00,548.00,0,0,0.00,0.00,0.00,534.00,0.00
31920617569703557,20111017,533.00,513.00,1,10000,5130000.00,513.00,513.00,534.00,513.00
31920617569703557,20111018,532.00,515.00,2,11999,6179485.00,515.00,515.00,533.00,515.00
31920617569703557,20111019,526.00,514.00,8,138501,71229515.00,514.00,516.00,532.00,515.00
31920617569703557,20111022,527.00,546.00,4,15126,8232988.00,530.00,547.00,526.00,530.00
31920617569703557,20111023,527.00,507.00,3,5844,3034894.00,506.00,527.00,527.00,527.00
31920617569703557,20111024,527.00,507.00,0,0,0.00,0.00,0.00,527.00,0.00
31920617569703557,20111025,527.00,507.00,0,0,0.00,0.00,0.00,527.00,0.00
31920617569703557,20111026,527.00,507.00,0,0,0.00,0.00,0.00,527.00,0.00
31920617569703557,20111029,526.00,506.00,2,10000,5061016.00,506.00,508.00,527.00,508.00
31920617569703557,20111030,525.00,505.00,3,16009,8089590.00,505.00,510.00,526.00,510.00
31920617569703557,20111031,524.00,505.00,1,20000,10100000.00,505.00,505.00,525.00,505.00
31920617569703557,20111101,521.00,505.00,4,66724,33695620.00,505.00,505.00,524.00,505.00
31920617569703557,20111102,520.00,501.00,2,22050,11047050.00,501.00,501.00,521.00,501.00
31920617569703557,20111105,520.00,515.00,1,4318,2223770.00,515.00,515.00,520.00,515.00
31920617569703557,20111106,519.00,501.00,3,28000,14028000.00,501.00,501.00,520.00,501.00
31920617569703557,20111108,519.00,501.00,0,0,0.00,0.00,0.00,519.00,0.00
31920617569703557,20111109,518.00,503.00,3,28781,14476843.00,503.00,503.00,519.00,503.00
31920617569703557,20111112,518.00,510.00,2,18000,9180000.00,510.00,510.00,518.00,510.00
31920617569703557,20111113,518.00,501.00,2,993,497493.00,501.00,501.00,518.00,501.00
31920617569703557,20111114,518.00,501.00,0,0,0.00,0.00,0.00,518.00,0.00
31920617569703557,20111116,518.00,501.00,0,0,0.00,0.00,0.00,518.00,0.00
31920617569703557,20111119,517.00,498.00,3,19915,9917670.00,498.00,498.00,518.00,498.00
31920617569703557,20111120,517.00,498.00,0,0,0.00,0.00,0.00,517.00,0.00
31920617569703557,20111121,517.00,498.00,0,0,0.00,0.00,0.00,517.00,0.00
31920617569703557,20111122,517.00,498.00,0,0,0.00,0.00,0.00,517.00,0.00
31920617569703557,20111123,517.00,498.00,0,0,0.00,0.00,0.00,517.00,0.00
31920617569703557,20111126,517.00,498.00,0,0,0.00,0.00,0.00,517.00,0.00
31920617569703557,20111127,517.00,498.00,0,0,0.00,0.00,0.00,517.00,0.00
31920617569703557,20111128,517.00,498.00,0,0,0.00,0.00,0.00,517.00,0.00
31920617569703557,20111129,517.00,498.00,0,0,0.00,0.00,0.00,517.00,0.00
31920617569703557,20111130,517.00,498.00,0,0,0.00,0.00,0.00,517.00,0.00
31920617569703557,20111203,517.00,498.00,0,0,0.00,0.00,0.00,517.00,0.00
31920617569703557,20111204,517.00,498.00,0,0,0.00,0.00,0.00,517.00,0.00
31920617569703557,20111207,500.00,500.00,1,17972,8986000.00,500.00,500.00,517.00,500.00
31920617569703557,20111210,495.00,480.00,7,102492,49278660.00,480.00,515.00,500.00,515.00
31920617569703557,20111211,495.00,480.00,2,1296,622080.00,480.00,480.00,495.00,480.00
31920617569703557,20111212,495.00,480.00,0,0,0.00,0.00,0.00,495.00,0.00
31920617569703557,20111213,495.00,480.00,0,0,0.00,0.00,0.00,495.00,0.00
31920617569703557,20111214,494.00,476.00,2,11742,5589192.00,476.00,476.00,495.00,476.00
31920617569703557,20111217,493.00,476.00,2,11612,5527312.00,476.00,476.00,494.00,476.00
31920617569703557,20111218,493.00,477.00,1,7500,3577500.00,477.00,477.00,493.00,477.00
31920617569703557,20111219,493.00,490.00,1,2000,980000.00,490.00,490.00,493.00,490.00
31920617569703557,20111220,493.00,490.00,0,0,0.00,0.00,0.00,493.00,0.00
31920617569703557,20111221,493.00,490.00,0,0,0.00,0.00,0.00,493.00,0.00
31920617569703557,20111224,493.00,478.00,2,12448,5941196.00,477.00,478.00,493.00,477.00
31920617569703557,20111225,493.00,478.00,0,0,0.00,0.00,0.00,493.00,0.00
31920617569703557,20111226,493.00,478.00,0,0,0.00,0.00,0.00,493.00,0.00
31920617569703557,20111227,489.00,476.00,6,85476,40689576.00,476.00,478.00,493.00,478.00
31920617569703557,20111228,488.00,476.00,4,19446,9255712.00,475.00,476.00,489.00,475.00
31920617569703557,20111231,488.00,476.00,0,0,0.00,0.00,0.00,488.00,0.00
31920617569703557,20120101,488.00,476.00,0,0,0.00,0.00,0.00,488.00,0.00
31920617569703557,20120102,488.00,476.00,0,0,0.00,0.00,0.00,488.00,0.00
31920617569703557,20120103,488.00,507.00,5,51781,25320347.00,487.00,507.00,488.00,487.00
31920617569703557,20120104,488.00,507.00,0,0,0.00,0.00,0.00,488.00,0.00
31920617569703557,20120107,488.00,507.00,0,0,0.00,0.00,0.00,488.00,0.00
31920617569703557,20120108,488.00,507.00,0,0,0.00,0.00,0.00,488.00,0.00
31920617569703557,20120109,489.00,507.00,1,13667,6929169.00,507.00,507.00,488.00,507.00
31920617569703557,20120110,490.00,507.00,8,31110,15772770.00,507.00,507.00,489.00,507.00
31920617569703557,20120111,490.00,507.00,4,10078,5119320.00,507.00,509.00,490.00,509.00
31920617569703557,20120115,490.00,509.00,17,4362,2218058.00,507.00,509.00,490.00,507.00
31920617569703557,20120116,490.00,509.00,1,5000,2545000.00,509.00,509.00,490.00,509.00
31920617569703557,20120117,494.00,509.00,6,89300,45453700.00,509.00,509.00,490.00,509.00
31920617569703557,20120118,494.00,509.00,0,0,0.00,0.00,0.00,494.00,0.00
31920617569703557,20120121,494.00,509.00,0,0,0.00,0.00,0.00,494.00,0.00
31920617569703557,20120123,494.00,509.00,0,0,0.00,0.00,0.00,494.00,0.00
31920617569703557,20120125,494.00,509.00,0,0,0.00,0.00,0.00,494.00,0.00
31920617569703557,20120128,540.00,540.00,1,9492,5125680.00,540.00,540.00,494.00,540.00
31920617569703557,20120129,543.00,561.00,7,64842,36268520.00,540.00,561.00,540.00,540.00
31920617569703557,20120130,545.00,564.00,9,44769,25189716.00,561.00,564.00,543.00,564.00
31920617569703557,20120131,546.00,566.00,3,27688,15598318.00,561.00,566.00,545.00,561.00
31920617569703557,20120201,546.00,566.00,0,0,0.00,0.00,0.00,546.00,0.00
31920617569703557,20120204,546.00,567.00,1,4000,2268000.00,567.00,567.00,546.00,567.00
31920617569703557,20120205,546.00,567.00,0,0,0.00,0.00,0.00,546.00,0.00
31920617569703557,20120206,546.00,550.00,4,8554,4781910.00,550.00,561.00,546.00,561.00
31920617569703557,20120207,546.00,556.00,4,9368,5308356.00,556.00,567.00,546.00,567.00
31920617569703557,20120208,546.00,550.00,2,4340,2387000.00,550.00,550.00,546.00,550.00
31920617569703557,20120212,546.00,550.00,0,0,0.00,0.00,0.00,546.00,0.00
31920617569703557,20120213,546.00,567.00,2,3158,1790586.00,567.00,567.00,546.00,567.00
31920617569703557,20120214,546.00,550.00,3,10601,5979725.00,550.00,567.00,546.00,567.00
31920617569703557,20120215,546.00,550.00,0,0,0.00,0.00,0.00,546.00,0.00
31920617569703557,20120218,546.00,550.00,0,0,0.00,0.00,0.00,546.00,0.00
31920617569703557,20120219,546.00,550.00,0,0,0.00,0.00,0.00,546.00,0.00
31920617569703557,20120220,546.00,550.00,0,0,0.00,0.00,0.00,546.00,0.00
31920617569703557,20120221,546.00,550.00,0,0,0.00,0.00,0.00,546.00,0.00
31920617569703557,20120222,546.00,550.00,0,0,0.00,0.00,0.00,546.00,0.00
31920617569703557,20120225,546.00,550.00,0,0,0.00,0.00,0.00,546.00,0.00
31920617569703557,20120226,567.00,567.00,3,1210,686070.00,567.00,567.00,546.00,567.00
31920617569703557,20120227,568.00,589.00,5,23452,13759888.00,567.00,589.00,567.00,567.00
31920617569703557,20120228,568.00,589.00,0,0,0.00,0.00,0.00,568.00,0.00
31920617569703557,20120229,568.00,589.00,0,0,0.00,0.00,0.00,568.00,0.00
31920617569703557,20120303,571.00,580.00,8,59545,35097850.00,580.00,590.00,568.00,590.00
31920617569703557,20120304,571.00,580.00,0,0,0.00,0.00,0.00,571.00,0.00
31920617569703557,20120305,571.00,580.00,0,0,0.00,0.00,0.00,571.00,0.00
31920617569703557,20120306,571.00,580.00,0,0,0.00,0.00,0.00,571.00,0.00
31920617569703557,20120307,571.00,580.00,0,0,0.00,0.00,0.00,571.00,0.00
31920617569703557,20120310,572.00,593.00,7,20000,11860000.00,593.00,593.00,571.00,593.00
31920617569703557,20120311,577.00,590.00,18,101532,60156601.00,590.00,594.00,572.00,594.00
31920617569703557,20120312,581.00,600.00,19,70998,42598800.00,600.00,600.00,577.00,582.00
31920617569703557,20120313,588.00,604.00,18,125014,75508456.00,604.00,604.00,581.00,604.00
31920617569703557,20120314,592.00,611.00,11,63206,38618866.00,611.00,611.00,588.00,611.00
31920617569703557,20120317,596.00,614.00,9,74720,45735330.00,611.00,615.00,592.00,611.00
31920617569703557,20120318,604.00,619.00,21,152917,94449623.00,615.00,619.00,596.00,615.00
31920617569703557,20120324,610.00,628.00,4,101020,63394560.00,582.00,628.00,604.00,628.00
31920617569703557,20120325,613.00,634.00,5,53000,33602000.00,634.00,634.00,610.00,634.00
31920617569703557,20120326,614.00,637.00,2,16000,10192000.00,637.00,637.00,613.00,637.00
31920617569703557,20120327,616.00,638.00,7,30000,19140000.00,638.00,638.00,614.00,638.00
31920617569703557,20120328,616.00,640.00,3,2010,1286400.00,640.00,640.00,616.00,640.00
31920617569703557,20120402,616.00,640.00,0,0,0.00,0.00,0.00,616.00,0.00
31920617569703557,20120403,617.00,625.00,3,15000,9525000.00,625.00,640.00,616.00,640.00
31920617569703557,20120404,619.00,639.00,3,31000,19809000.00,639.00,639.00,617.00,639.00
31920617569703557,20120407,618.00,595.00,4,21291,12703645.00,595.00,640.00,619.00,640.00
31920617569703557,20120408,619.00,641.00,6,15602,9994635.00,640.00,642.00,618.00,642.00
31920617569703557,20120409,619.00,617.00,5,11815,7288250.00,611.00,618.00,619.00,611.00
31920617569703557,20120410,619.00,595.00,4,967,577665.00,595.00,615.00,619.00,615.00
31920617569703557,20120411,616.00,597.00,4,52838,31466800.00,595.00,597.00,619.00,595.00
31920617569703557,20120414,616.00,620.00,2,2000,1207060.00,600.00,620.00,616.00,600.00
31920617569703557,20120415,613.00,592.00,8,46290,27426260.00,592.00,593.00,616.00,593.00
31920617569703557,20120416,611.00,589.00,6,28790,17036180.00,589.00,592.00,613.00,592.00
31920617569703557,20120417,611.00,589.00,0,0,0.00,0.00,0.00,611.00,0.00
31920617569703557,20120418,611.00,589.00,0,0,0.00,0.00,0.00,611.00,0.00
31920617569703557,20120421,611.00,589.00,0,0,0.00,0.00,0.00,611.00,0.00
31920617569703557,20120422,611.00,589.00,0,0,0.00,0.00,0.00,611.00,0.00
31920617569703557,20120423,611.00,589.00,0,0,0.00,0.00,0.00,611.00,0.00
31920617569703557,20120424,613.00,587.00,13,44373,27758263.00,587.00,635.00,611.00,635.00
31920617569703557,20120428,613.00,589.00,1,3553,2092717.00,589.00,589.00,613.00,589.00
31920617569703557,20120429,613.00,589.00,0,0,0.00,0.00,0.00,613.00,0.00
31920617569703557,20120430,613.00,589.00,0,0,0.00,0.00,0.00,613.00,0.00
31920617569703557,20120501,613.00,589.00,0,0,0.00,0.00,0.00,613.00,0.00
31920617569703557,20120502,613.00,634.00,2,5976,3772080.00,630.00,634.00,613.00,630.00
31920617569703557,20120505,613.00,634.00,0,0,0.00,0.00,0.00,613.00,0.00
31920617569703557,20120506,607.00,590.00,18,99507,58620813.00,589.00,592.00,613.00,592.00
31920617569703557,20120507,607.00,584.00,4,4885,2853840.00,584.00,585.00,607.00,585.00
31920617569703557,20120508,607.00,587.00,3,6000,3532000.00,587.00,589.00,607.00,589.00
31920617569703557,20120509,609.00,630.00,4,31583,19867855.00,627.00,630.00,607.00,627.00
31920617569703557,20120512,609.00,610.00,1,1,610.00,610.00,610.00,609.00,610.00
31920617569703557,20120513,609.00,603.00,1,1659,1000377.00,603.00,603.00,609.00,603.00
31920617569703557,20120514,609.00,610.00,6,16579,10114276.00,600.00,630.00,609.00,600.00
31920617569703557,20120515,609.00,610.00,1,9000,5490000.00,610.00,610.00,609.00,610.00
31920617569703557,20120516,610.00,632.00,4,25000,15668000.00,610.00,632.00,609.00,610.00
31920617569703557,20120519,610.00,590.00,4,3664,2262660.00,590.00,633.00,610.00,633.00
31920617569703557,20120520,612.00,634.00,9,35218,22111840.00,590.00,634.00,610.00,590.00
31920617569703557,20120521,613.00,636.00,3,21164,13460304.00,636.00,636.00,612.00,636.00
31920617569703557,20120522,613.00,610.00,2,13364,8162040.00,610.00,611.00,613.00,611.00
31920617569703557,20120523,613.00,600.00,1,3950,2370000.00,600.00,600.00,613.00,600.00
31920617569703557,20120526,613.00,599.00,2,4300,2575700.00,599.00,599.00,613.00,599.00
31920617569703557,20120527,612.00,600.00,3,19729,11837400.00,600.00,600.00,613.00,600.00
31920617569703557,20120528,612.00,599.00,1,700,419300.00,599.00,599.00,612.00,599.00
31920617569703557,20120529,611.00,590.00,3,20771,12256574.00,590.00,592.00,612.00,592.00
31920617569703557,20120530,611.00,590.00,0,0,0.00,0.00,0.00,611.00,0.00
31920617569703557,20120602,610.00,590.00,2,20000,11802000.00,590.00,591.00,611.00,591.00
31920617569703557,20120605,609.00,590.00,6,23500,13867000.00,590.00,591.00,610.00,591.00
31920617569703557,20120606,609.00,590.00,0,0,0.00,0.00,0.00,609.00,0.00
31920617569703557,20120609,609.00,590.00,0,0,0.00,0.00,0.00,609.00,0.00
31920617569703557,20120610,609.00,590.00,1,5000,2950000.00,590.00,590.00,609.00,590.00
31920617569703557,20120611,608.00,590.00,1,14071,8301890.00,590.00,590.00,609.00,590.00
31920617569703557,20120612,608.00,590.00,0,0,0.00,0.00,0.00,608.00,0.00
31920617569703557,20120613,607.00,590.00,2,14470,8537300.00,590.00,590.00,608.00,590.00
31920617569703557,20120616,607.00,590.00,0,0,0.00,0.00,0.00,607.00,0.00
31920617569703557,20120617,607.00,587.00,4,9242,5435377.00,587.00,590.00,607.00,590.00
31920617569703557,20120619,607.00,587.00,0,0,0.00,0.00,0.00,607.00,0.00
31920617569703557,20120620,607.00,587.00,0,0,0.00,0.00,0.00,607.00,0.00
31920617569703557,20120623,607.00,587.00,0,0,0.00,0.00,0.00,607.00,0.00
31920617569703557,20120624,607.00,587.00,0,0,0.00,0.00,0.00,607.00,0.00
31920617569703557,20120625,607.00,587.00,0,0,0.00,0.00,0.00,607.00,0.00
31920617569703557,20120626,607.00,587.00,0,0,0.00,0.00,0.00,607.00,0.00
31920617569703557,20120627,607.00,587.00,0,0,0.00,0.00,0.00,607.00,0.00
31920617569703557,20120630,607.00,587.00,1,5000,2935000.00,587.00,587.00,607.00,587.00
31920617569703557,20120701,607.00,587.00,1,1758,1031946.00,587.00,587.00,607.00,587.00
31920617569703557,20120702,606.00,587.00,1,10000,5870000.00,587.00,587.00,607.00,587.00
31920617569703557,20120703,606.00,587.00,1,10000,5870000.00,587.00,587.00,606.00,587.00
31920617569703557,20120704,606.00,587.00,2,10000,5870000.00,587.00,587.00,606.00,587.00
31920617569703557,20120707,604.00,582.00,3,31569,18373158.00,582.00,582.00,606.00,582.00
31920617569703557,20120708,602.00,582.00,3,28431,16546842.00,582.00,582.00,604.00,582.00
31920617569703557,20120709,602.00,580.00,2,6000,3480000.00,580.00,580.00,602.00,580.00
31920617569703557,20120710,601.00,580.00,2,10000,5800000.00,580.00,580.00,602.00,580.00
31920617569703557,20120711,601.00,580.00,0,0,0.00,0.00,0.00,601.00,0.00
31920617569703557,20120714,601.00,580.00,0,0,0.00,0.00,0.00,601.00,0.00
31920617569703557,20120715,601.00,580.00,0,0,0.00,0.00,0.00,601.00,0.00
31920617569703557,20120716,601.00,580.00,0,0,0.00,0.00,0.00,601.00,0.00
31920617569703557,20120717,601.00,580.00,0,0,0.00,0.00,0.00,601.00,0.00
31920617569703557,20120718,601.00,577.00,2,5000,2885000.00,577.00,577.00,601.00,577.00
31920617569703557,20120721,601.00,577.00,0,0,0.00,0.00,0.00,601.00,0.00
31920617569703557,20120722,601.00,577.00,0,0,0.00,0.00,0.00,601.00,0.00
31920617569703557,20120723,601.00,577.00,0,0,0.00,0.00,0.00,601.00,0.00
31920617569703557,20120724,601.00,577.00,0,0,0.00,0.00,0.00,601.00,0.00
31920617569703557,20120725,601.00,577.00,0,0,0.00,0.00,0.00,601.00,0.00
31920617569703557,20120728,600.00,577.00,2,9860,5689220.00,577.00,577.00,601.00,577.00
31920617569703557,20120729,598.00,577.00,5,43640,25215780.00,577.00,610.00,600.00,610.00
31920617569703557,20120730,598.00,577.00,0,0,0.00,0.00,0.00,598.00,0.00
31920617569703557,20120731,598.00,577.00,0,0,0.00,0.00,0.00,598.00,0.00
31920617569703557,20120801,598.00,577.00,0,0,0.00,0.00,0.00,598.00,0.00
31920617569703557,20120804,598.00,577.00,0,0,0.00,0.00,0.00,598.00,0.00
31920617569703557,20120805,598.00,577.00,0,0,0.00,0.00,0.00,598.00,0.00
31920617569703557,20120806,598.00,577.00,0,0,0.00,0.00,0.00,598.00,0.00
31920617569703557,20120807,598.00,577.00,0,0,0.00,0.00,0.00,598.00,0.00
31920617569703557,20120808,598.00,577.00,0,0,0.00,0.00,0.00,598.00,0.00
31920617569703557,20120811,598.00,577.00,0,0,0.00,0.00,0.00,598.00,0.00
31920617569703557,20120812,598.00,577.00,0,0,0.00,0.00,0.00,598.00,0.00
31920617569703557,20120813,598.00,577.00,0,0,0.00,0.00,0.00,598.00,0.00
31920617569703557,20120814,598.00,577.00,0,0,0.00,0.00,0.00,598.00,0.00
31920617569703557,20120815,598.00,575.00,1,1000,575000.00,575.00,575.00,598.00,575.00
31920617569703557,20120818,598.00,575.00,0,0,0.00,0.00,0.00,598.00,0.00
31920617569703557,20120821,598.00,575.00,0,0,0.00,0.00,0.00,598.00,0.00
31920617569703557,20120822,598.00,575.00,0,0,0.00,0.00,0.00,598.00,0.00
31920617569703557,20120825,598.00,575.00,0,0,0.00,0.00,0.00,598.00,0.00
31920617569703557,20120826,598.00,575.00,0,0,0.00,0.00,0.00,598.00,0.00
31920617569703557,20120827,598.00,575.00,0,0,0.00,0.00,0.00,598.00,0.00
31920617569703557,20120902,598.00,575.00,0,0,0.00,0.00,0.00,598.00,0.00
31920617569703557,20120903,598.00,575.00,0,0,0.00,0.00,0.00,598.00,0.00
31920617569703557,20120904,598.00,575.00,0,0,0.00,0.00,0.00,598.00,0.00
31920617569703557,20120905,598.00,575.00,0,0,0.00,0.00,0.00,598.00,0.00
31920617569703557,20120908,598.00,575.00,0,0,0.00,0.00,0.00,598.00,0.00
31920617569703557,20120909,598.00,575.00,0,0,0.00,0.00,0.00,598.00,0.00
31920617569703557,20120910,598.00,575.00,1,85,48875.00,575.00,575.00,598.00,575.00
31920617569703557,20120911,598.00,575.00,0,0,0.00,0.00,0.00,598.00,0.00
31920617569703557,20120915,597.00,575.00,5,9400,5405000.00,575.00,575.00,598.00,575.00
31920617569703557,20120916,597.00,575.00,0,0,0.00,0.00,0.00,597.00,0.00
31920617569703557,20120917,597.00,575.00,0,0,0.00,0.00,0.00,597.00,0.00
31920617569703557,20120918,597.00,575.00,0,0,0.00,0.00,0.00,597.00,0.00
31920617569703557,20120919,595.00,574.00,4,26693,15321782.00,574.00,574.00,597.00,574.00
31920617569703557,20120922,595.00,574.00,0,0,0.00,0.00,0.00,595.00,0.00
31920617569703557,20120923,595.00,574.00,1,200,114800.00,574.00,574.00,595.00,574.00
31920617569703557,20120924,595.00,574.00,0,0,0.00,0.00,0.00,595.00,0.00
31920617569703557,20120925,594.00,574.00,1,10000,5740000.00,574.00,574.00,595.00,574.00
31920617569703557,20120926,593.00,571.00,2,17453,10004984.00,571.00,574.00,594.00,574.00
31920617569703557,20120929,593.00,571.00,0,0,0.00,0.00,0.00,593.00,0.00
31920617569703557,20120930,593.00,571.00,1,1594,910174.00,571.00,571.00,593.00,571.00
31920617569703557,20121001,593.00,590.00,2,1200,708000.00,590.00,590.00,593.00,590.00
31920617569703557,20121002,593.00,590.00,0,0,0.00,0.00,0.00,593.00,0.00
31920617569703557,20121003,593.00,590.00,0,0,0.00,0.00,0.00,593.00,0.00
31920617569703557,20121006,593.00,590.00,0,0,0.00,0.00,0.00,593.00,0.00
31920617569703557,20121007,593.00,590.00,0,0,0.00,0.00,0.00,593.00,0.00
31920617569703557,20121008,593.00,590.00,0,0,0.00,0.00,0.00,593.00,0.00
31920617569703557,20121009,593.00,590.00,0,0,0.00,0.00,0.00,593.00,0.00
31920617569703557,20121010,593.00,590.00,0,0,0.00,0.00,0.00,593.00,0.00
31920617569703557,20121013,593.00,616.00,1,1700,1047200.00,616.00,616.00,593.00,616.00
31920617569703557,20121014,593.00,616.00,0,0,0.00,0.00,0.00,593.00,0.00
31920617569703557,20121015,593.00,570.00,1,5357,3053490.00,570.00,570.00,593.00,570.00
31920617569703557,20121016,593.00,590.00,1,15547,9172730.00,590.00,590.00,593.00,590.00
31920617569703557,20121017,593.00,590.00,0,0,0.00,0.00,0.00,593.00,0.00
31920617569703557,20121020,592.00,570.00,3,23800,13592180.00,570.00,590.00,593.00,590.00
31920617569703557,20121021,591.00,569.00,2,24636,14040036.00,569.00,570.00,592.00,570.00
31920617569703557,20121022,591.00,569.00,0,0,0.00,0.00,0.00,591.00,0.00
31920617569703557,20121023,591.00,568.00,7,5102,3082736.00,568.00,614.00,591.00,614.00
31920617569703557,20121024,591.00,613.00,2,2100,1289300.00,613.00,614.00,591.00,614.00
31920617569703557,20121027,591.00,600.00,1,3000,1800000.00,600.00,600.00,591.00,600.00
31920617569703557,20121028,593.00,610.00,9,92887,55782618.00,568.00,614.00,591.00,614.00
31920617569703557,20121029,593.00,571.00,1,1000,571000.00,571.00,571.00,593.00,571.00
31920617569703557,20121030,593.00,571.00,0,0,0.00,0.00,0.00,593.00,0.00
31920617569703557,20121031,593.00,571.00,0,0,0.00,0.00,0.00,593.00,0.00
31920617569703557,20121104,594.00,614.00,3,14100,8576520.00,590.00,614.00,593.00,590.00
31920617569703557,20121105,594.00,614.00,0,0,0.00,0.00,0.00,594.00,0.00
31920617569703557,20121106,595.00,614.00,1,20000,12280000.00,614.00,614.00,594.00,614.00
31920617569703557,20121107,596.00,614.00,4,20000,12271000.00,613.00,614.00,595.00,614.00
31920617569703557,20121110,596.00,614.00,4,8784,5381511.00,573.00,614.00,596.00,573.00
31920617569703557,20121111,597.00,619.00,513,24314122,14505654950.00,596.00,619.00,596.00,596.00
31920617569703557,20121112,609.00,620.00,738,24757298,15084024760.00,597.00,620.00,597.00,620.00
31920617569703557,20121113,613.00,633.00,1129,26740992,16381629626.00,600.00,633.00,609.00,633.00
31920617569703557,20121114,623.00,628.00,2348,52698259,32855676045.00,607.00,637.00,613.00,637.00
31920617569703557,20121117,636.00,644.00,6675,50929602,32388581461.00,600.00,647.00,623.00,637.00
31920617569703557,20121118,637.00,645.00,2729,37909861,24149127206.00,636.00,659.00,636.00,659.00
31920617569703557,20121119,637.00,637.00,19873,67195227,42804614123.00,630.00,649.00,637.00,647.00
31920617569703557,20121120,637.00,618.00,4144,21240313,13521714439.00,613.00,646.00,637.00,637.00
31920617569703557,20121121,644.00,620.00,5153,25838245,16635051946.00,612.00,646.00,637.00,613.00
31920617569703557,20121126,640.00,621.00,17,166857,105752197.00,621.00,640.00,644.00,630.00
31920617569703557,20121127,616.00,615.00,67,435616,268521903.00,615.00,630.00,640.00,625.00
31920617569703557,20121128,606.00,601.00,116,1613712,978658906.00,592.00,625.00,616.00,592.00
31920617569703557,20121201,623.00,630.00,33,281182,176980780.00,626.00,630.00,606.00,626.00
31920617569703557,20121202,646.00,630.00,51,497328,321509616.00,630.00,647.00,623.00,647.00
31920617569703557,20121203,636.00,623.00,24,220587,138593514.00,622.00,645.00,646.00,622.00
31920617569703557,20121204,632.00,625.00,21,111334,69121350.00,616.00,625.00,636.00,616.00
31920617569703557,20121205,620.00,607.00,30,224647,137334829.00,607.00,615.00,632.00,613.00
31920617569703557,20121208,621.00,606.00,27,186275,115971239.00,603.00,630.00,620.00,628.00
31920617569703557,20121209,609.00,597.00,36,250922,151283836.00,597.00,629.00,621.00,610.00
31920617569703557,20121210,588.00,587.00,47,425798,250393589.00,585.00,600.00,609.00,590.00
31920617569703557,20121211,600.00,611.00,51,432636,259699464.00,575.00,611.00,588.00,606.00
31920617569703557,20121212,610.00,624.00,13,158670,99010080.00,624.00,624.00,600.00,624.00
31920617569703557,20121215,634.00,634.00,189,2603470,1649640164.00,622.00,634.00,610.00,634.00
31920617569703557,20121216,626.00,609.00,38,316387,197296021.00,609.00,644.00,634.00,644.00
31920617569703557,20121217,602.00,601.00,58,381460,229417760.00,601.00,622.00,626.00,601.00
31920617569703557,20121218,602.00,601.00,0,0,0.00,0.00,0.00,602.00,0.00
31920617569703557,20121219,602.00,601.00,0,0,0.00,0.00,0.00,602.00,0.00
31920617569703557,20121222,602.00,601.00,0,0,0.00,0.00,0.00,602.00,0.00
31920617569703557,20121223,602.00,601.00,0,0,0.00,0.00,0.00,602.00,0.00
31920617569703557,20121224,602.00,601.00,0,0,0.00,0.00,0.00,602.00,0.00
31920617569703557,20121225,602.00,601.00,0,0,0.00,0.00,0.00,602.00,0.00
31920617569703557,20121226,602.00,601.00,0,0,0.00,0.00,0.00,602.00,0.00
31920617569703557,20121229,602.00,601.00,0,0,0.00,0.00,0.00,602.00,0.00
31920617569703557,20121230,602.00,601.00,0,0,0.00,0.00,0.00,602.00,0.00
31920617569703557,20121231,602.00,601.00,0,0,0.00,0.00,0.00,602.00,0.00
31920617569703557,20130101,602.00,601.00,0,0,0.00,0.00,0.00,602.00,0.00
31920617569703557,20130102,602.00,601.00,0,0,0.00,0.00,0.00,602.00,0.00
31920617569703557,20130106,602.00,601.00,0,0,0.00,0.00,0.00,602.00,0.00
31920617569703557,20130107,602.00,601.00,0,0,0.00,0.00,0.00,602.00,0.00
31920617569703557,20130108,602.00,601.00,0,0,0.00,0.00,0.00,602.00,0.00
31920617569703557,20130109,602.00,601.00,0,0,0.00,0.00,0.00,602.00,0.00
31920617569703557,20130113,602.00,601.00,0,0,0.00,0.00,0.00,602.00,0.00
31920617569703557,20130114,602.00,601.00,0,0,0.00,0.00,0.00,602.00,0.00
31920617569703557,20130115,602.00,601.00,0,0,0.00,0.00,0.00,602.00,0.00
31920617569703557,20130116,602.00,601.00,0,0,0.00,0.00,0.00,602.00,0.00
31920617569703557,20130119,602.00,601.00,0,0,0.00,0.00,0.00,602.00,0.00
31920617569703557,20130120,602.00,601.00,0,0,0.00,0.00,0.00,602.00,0.00
31920617569703557,20130121,602.00,601.00,0,0,0.00,0.00,0.00,602.00,0.00
31920617569703557,20130122,602.00,601.00,0,0,0.00,0.00,0.00,602.00,0.00
31920617569703557,20130123,602.00,601.00,0,0,0.00,0.00,0.00,602.00,0.00
31920617569703557,20130126,602.00,601.00,0,0,0.00,0.00,0.00,602.00,0.00
31920617569703557,20130127,602.00,601.00,0,0,0.00,0.00,0.00,602.00,0.00
31920617569703557,20130128,602.00,601.00,0,0,0.00,0.00,0.00,602.00,0.00
31920617569703557,20130130,602.00,601.00,0,0,0.00,0.00,0.00,602.00,0.00
31920617569703557,20130202,602.00,601.00,0,0,0.00,0.00,0.00,602.00,0.00
31920617569703557,20130203,602.00,601.00,0,0,0.00,0.00,0.00,602.00,0.00
31920617569703557,20130204,602.00,601.00,0,0,0.00,0.00,0.00,602.00,0.00
31920617569703557,20130205,602.00,601.00,0,0,0.00,0.00,0.00,602.00,0.00
31920617569703557,20130206,602.00,601.00,0,0,0.00,0.00,0.00,602.00,0.00
31920617569703557,20130209,602.00,601.00,0,0,0.00,0.00,0.00,602.00,0.00
31920617569703557,20130211,602.00,601.00,0,0,0.00,0.00,0.00,602.00,0.00
31920617569703557,20130212,602.00,601.00,0,0,0.00,0.00,0.00,602.00,0.00
31920617569703557,20130213,602.00,601.00,0,0,0.00,0.00,0.00,602.00,0.00
31920617569703557,20130216,602.00,601.00,0,0,0.00,0.00,0.00,602.00,0.00
31920617569703557,20130217,602.00,601.00,0,0,0.00,0.00,0.00,602.00,0.00
31920617569703557,20130218,602.00,601.00,0,0,0.00,0.00,0.00,602.00,0.00
31920617569703557,20130219,602.00,601.00,0,0,0.00,0.00,0.00,602.00,0.00
31920617569703557,20130220,602.00,601.00,0,0,0.00,0.00,0.00,602.00,0.00
31920617569703557,20130223,602.00,601.00,0,0,0.00,0.00,0.00,602.00,0.00
31920617569703557,20130224,602.00,601.00,0,0,0.00,0.00,0.00,602.00,0.00
31920617569703557,20130225,602.00,601.00,0,0,0.00,0.00,0.00,602.00,0.00
31920617569703557,20130226,602.00,601.00,0,0,0.00,0.00,0.00,602.00,0.00
31920617569703557,20130227,602.00,601.00,0,0,0.00,0.00,0.00,602.00,0.00
31920617569703557,20130302,602.00,601.00,0,0,0.00,0.00,0.00,602.00,0.00
31920617569703557,20130303,602.00,601.00,0,0,0.00,0.00,0.00,602.00,0.00
31920617569703557,20130304,602.00,601.00,0,0,0.00,0.00,0.00,602.00,0.00
31920617569703557,20130305,602.00,601.00,0,0,0.00,0.00,0.00,602.00,0.00
31920617569703557,20130306,602.00,601.00,0,0,0.00,0.00,0.00,602.00,0.00
31920617569703557,20130309,602.00,601.00,0,0,0.00,0.00,0.00,602.00,0.00
31920617569703557,20130310,602.00,601.00,0,0,0.00,0.00,0.00,602.00,0.00
31920617569703557,20130311,602.00,601.00,0,0,0.00,0.00,0.00,602.00,0.00
31920617569703557,20130312,602.00,601.00,0,0,0.00,0.00,0.00,602.00,0.00
31920617569703557,20130313,602.00,601.00,0,0,0.00,0.00,0.00,602.00,0.00
31920617569703557,20130316,602.00,601.00,0,0,0.00,0.00,0.00,602.00,0.00
31920617569703557,20130317,602.00,601.00,0,0,0.00,0.00,0.00,602.00,0.00
31920617569703557,20130318,602.00,601.00,0,0,0.00,0.00,0.00,602.00,0.00
31920617569703557,20130325,602.00,601.00,0,0,0.00,0.00,0.00,602.00,0.00
31920617569703557,20130326,602.00,601.00,0,0,0.00,0.00,0.00,602.00,0.00
31920617569703557,20130327,602.00,601.00,0,0,0.00,0.00,0.00,602.00,0.00
31920617569703557,20130330,602.00,601.00,0,0,0.00,0.00,0.00,602.00,0.00
31920617569703557,20130331,602.00,601.00,0,0,0.00,0.00,0.00,602.00,0.00
31920617569703557,20130403,602.00,601.00,0,0,0.00,0.00,0.00,602.00,0.00
31920617569703557,20130406,602.00,601.00,0,0,0.00,0.00,0.00,602.00,0.00
31920617569703557,20130407,602.00,601.00,0,0,0.00,0.00,0.00,602.00,0.00
31920617569703557,20130408,602.00,601.00,0,0,0.00,0.00,0.00,602.00,0.00
31920617569703557,20130409,602.00,601.00,0,0,0.00,0.00,0.00,602.00,0.00
31920617569703557,20130410,602.00,601.00,0,0,0.00,0.00,0.00,602.00,0.00
31920617569703557,20130413,602.00,601.00,0,0,0.00,0.00,0.00,602.00,0.00
31920617569703557,20130415,602.00,601.00,0,0,0.00,0.00,0.00,602.00,0.00
31920617569703557,20130416,602.00,601.00,0,0,0.00,0.00,0.00,602.00,0.00
31920617569703557,20130417,602.00,601.00,0,0,0.00,0.00,0.00,602.00,0.00
31920617569703557,20130420,602.00,601.00,0,0,0.00,0.00,0.00,602.00,0.00
31920617569703557,20130421,602.00,601.00,0,0,0.00,0.00,0.00,602.00,0.00
31920617569703557,20130422,602.00,601.00,0,0,0.00,0.00,0.00,602.00,0.00
31920617569703557,20130423,602.00,601.00,0,0,0.00,0.00,0.00,602.00,0.00
31920617569703557,20130424,602.00,601.00,0,0,0.00,0.00,0.00,602.00,0.00
31920617569703557,20130427,602.00,601.00,0,0,0.00,0.00,0.00,602.00,0.00
31920617569703557,20130428,602.00,601.00,0,0,0.00,0.00,0.00,602.00,0.00
31920617569703557,20130429,602.00,601.00,0,0,0.00,0.00,0.00,602.00,0.00
31920617569703557,20130430,602.00,601.00,0,0,0.00,0.00,0.00,602.00,0.00
31920617569703557,20130501,602.00,601.00,0,0,0.00,0.00,0.00,602.00,0.00
31920617569703557,20130504,602.00,601.00,0,0,0.00,0.00,0.00,602.00,0.00
31920617569703557,20130505,602.00,601.00,0,0,0.00,0.00,0.00,602.00,0.00
31920617569703557,20130506,602.00,601.00,0,0,0.00,0.00,0.00,602.00,0.00
31920617569703557,20130507,602.00,601.00,0,0,0.00,0.00,0.00,602.00,0.00
31920617569703557,20130508,1006.00,967.00,177,745426,750117336.00,967.00,1044.00,602.00,1007.00
31920617569703557,20130511,977.00,966.00,30,283684,274038744.00,966.00,966.00,1006.00,966.00
31920617569703557,20130512,973.00,938.00,11,36029,33795202.00,938.00,938.00,977.00,938.00
31920617569703557,20130513,935.00,935.00,32,553100,517148500.00,935.00,935.00,973.00,935.00
31920617569703557,20130514,929.00,898.00,3,66852,60033096.00,898.00,898.00,935.00,898.00
31920617569703557,20130515,929.00,892.00,3,2474,2206808.00,892.00,892.00,929.00,892.00
31920617569703557,20130518,821.00,821.00,5,11623,9542517.00,821.00,855.00,929.00,855.00
31920617569703557,20130519,789.00,789.00,110,1308108,1032109121.00,789.00,790.00,821.00,789.00
31920617569703557,20130520,758.00,758.00,53,433579,328840383.00,758.00,767.00,789.00,758.00
31920617569703557,20130521,756.00,728.00,9,30860,22466080.00,728.00,728.00,758.00,728.00
31920617569703557,20130522,756.00,726.00,6,5426,3939276.00,726.00,726.00,756.00,726.00
31920617569703557,20130525,766.00,786.00,34,328435,252404002.00,726.00,786.00,756.00,726.00
31920617569703557,20130526,782.00,796.00,17,204129,162486684.00,796.00,796.00,766.00,796.00
31920617569703557,20130527,812.00,813.00,109,880804,714971152.00,800.00,813.00,782.00,813.00
31920617569703557,20130528,832.00,844.00,38,247650,209016600.00,844.00,844.00,812.00,844.00
31920617569703557,20130529,865.00,855.00,155,2219031,1919097985.00,855.00,865.00,832.00,865.00
31920617569703557,20130601,837.00,831.00,157,1191600,997877370.00,831.00,895.00,865.00,895.00
31920617569703557,20130602,817.00,804.00,412,5036465,4112982930.00,804.00,870.00,837.00,860.00
31920617569703557,20130603,849.00,849.00,2483,49918076,42370700864.00,826.00,849.00,817.00,830.00
31920617569703557,20130608,824.00,816.00,816,11897282,9803624814.00,816.00,869.00,849.00,848.00
31920617569703557,20130609,792.00,792.00,98,1868605,1479935160.00,792.00,792.00,824.00,792.00
31920617569703557,20130610,761.00,761.00,70,446673,339918153.00,761.00,761.00,792.00,761.00
31920617569703557,20130611,734.00,736.00,1516,19013686,13952552621.00,731.00,760.00,761.00,743.00
31920617569703557,20130612,715.00,705.00,860,10152253,7262579522.00,705.00,743.00,734.00,734.00
31920617569703557,20130615,740.00,728.00,1335,22118806,16373121702.00,701.00,743.00,715.00,701.00
31920617569703557,20130616,718.00,711.00,1115,11094457,7968691194.00,711.00,756.00,740.00,756.00
31920617569703557,20130617,692.00,690.00,483,5291599,3659840946.00,690.00,720.00,718.00,720.00
31920617569703557,20130618,717.00,719.00,198,2495102,1789029942.00,680.00,719.00,692.00,680.00
31920617569703557,20130619,745.00,745.00,101,2379524,1772745380.00,745.00,745.00,717.00,745.00
31920617569703557,20130622,774.00,774.00,42,599554,464054796.00,774.00,774.00,745.00,774.00
31920617569703557,20130623,804.00,804.00,60,834710,671106840.00,804.00,804.00,774.00,804.00
31920617569703557,20130625,836.00,836.00,59,1276772,1067381392.00,836.00,836.00,804.00,836.00
31920617569703557,20130626,869.00,869.00,35,394862,343135078.00,869.00,869.00,836.00,869.00
31920617569703557,20130629,898.00,903.00,2540,29479045,26482801896.00,870.00,903.00,869.00,903.00
31920617569703557,20130630,933.00,933.00,327,4970232,4636142797.00,920.00,933.00,898.00,933.00
31920617569703557,20130701,970.00,970.00,74,1610300,1561991000.00,970.00,970.00,933.00,970.00
31920617569703557,20130702,1007.00,1008.00,1966,46275695,46586652052.00,953.00,1008.00,970.00,1008.00
31920617569703557,20130703,1042.00,1047.00,601,9212828,9600123994.00,1008.00,1047.00,1007.00,1019.00
31920617569703557,20130706,1083.00,1083.00,34,423700,458867100.00,1083.00,1083.00,1042.00,1083.00
31920617569703557,20130707,1120.00,1126.00,1686,21361439,23934961421.00,1060.00,1126.00,1083.00,1126.00
31920617569703557,20130708,1163.00,1164.00,557,9032771,10501156204.00,1130.00,1164.00,1120.00,1160.00
31920617569703557,20130709,1209.00,1209.00,49,730110,882702990.00,1209.00,1209.00,1163.00,1209.00
31920617569703557,20130710,1256.00,1257.00,2384,33024566,41488415570.00,1220.00,1257.00,1209.00,1257.00
31920617569703557,20130713,1305.00,1306.00,784,12026926,15695019929.00,1230.00,1306.00,1256.00,1306.00
31920617569703557,20130714,1271.00,1253.00,1303,14132730,17961663112.00,1253.00,1340.00,1305.00,1340.00
31920617569703557,20130715,1298.00,1257.00,1231,16411589,21295929711.00,1225.00,1321.00,1271.00,1225.00
31920617569703557,20130716,1257.00,1247.00,1202,30539475,38401139039.00,1247.00,1280.00,1298.00,1261.00
31920617569703557,20130717,1207.00,1207.00,1275,27433775,33120444364.00,1207.00,1231.00,1257.00,1221.00
31920617569703557,20130720,1254.00,1255.00,1148,25372139,31818320945.00,1220.00,1255.00,1207.00,1220.00
31920617569703557,20130721,1295.00,1270.00,732,9399869,12168159402.00,1260.00,1304.00,1254.00,1304.00
31920617569703557,20130722,1250.00,1244.00,337,2708941,3386765612.00,1244.00,1289.00,1295.00,1289.00
31920617569703557,20130723,1208.00,1218.00,770,7128192,8607489840.00,1200.00,1230.00,1250.00,1220.00
31920617569703557,20130724,1251.00,1250.00,742,6479793,8104458948.00,1213.00,1256.00,1208.00,1220.00
31920617569703557,20130727,1248.00,1250.00,373,3160940,3944245498.00,1220.00,1290.00,1251.00,1290.00
31920617569703557,20130728,1287.00,1294.00,867,7898396,10164087277.00,1251.00,1297.00,1248.00,1251.00
31920617569703557,20130729,1333.00,1338.00,334,3187106,4247317492.00,1301.00,1338.00,1287.00,1301.00
31920617569703557,20130731,1386.00,1386.00,155,2017462,2796202332.00,1386.00,1386.00,1333.00,1386.00
31920617569703557,20130803,1386.00,1386.00,0,0,0.00,0.00,0.00,1386.00,0.00
31920617569703557,20130804,1386.00,1386.00,0,0,0.00,0.00,0.00,1386.00,0.00
31920617569703557,20130805,1210.00,1248.00,649,6588930,7974229225.00,1152.00,1248.00,1386.00,1200.00
31920617569703557,20130806,1255.00,1258.00,89,991964,1244561201.00,1240.00,1258.00,1210.00,1247.00
31920617569703557,20130807,1305.00,1305.00,303,4830961,6304399630.00,1290.00,1305.00,1255.00,1305.00
31920617569703557,20130811,1333.00,1357.00,19,208700,283205900.00,1357.00,1357.00,1305.00,1357.00
31920617569703557,20130812,1375.00,1386.00,26,312768,433496448.00,1386.00,1386.00,1333.00,1386.00
31920617569703557,20130813,1393.00,1430.00,15,129653,185403790.00,1430.00,1430.00,1375.00,1430.00
31920617569703557,20130814,1448.00,1448.00,45,551530,798615440.00,1448.00,1448.00,1393.00,1448.00
31920617569703557,20130817,1479.00,1505.00,18,211645,318525725.00,1505.00,1505.00,1448.00,1505.00
31920617569703557,20130818,1536.00,1538.00,553,8163768,12540820199.00,1451.00,1538.00,1479.00,1538.00
31920617569703557,20130819,1570.00,1521.00,2149,16198563,25433288331.00,1480.00,1597.00,1536.00,1538.00
31920617569703557,20130820,1581.00,1609.00,1053,8844897,13981936744.00,1535.00,1610.00,1570.00,1610.00
31920617569703557,20130821,1640.00,1644.00,294,3635364,5962144621.00,1600.00,1644.00,1581.00,1641.00
31920617569703557,20130824,1678.00,1705.00,24,230915,393710075.00,1705.00,1705.00,1640.00,1705.00
31920617569703557,20130825,1685.00,1745.00,5,40750,71108750.00,1745.00,1745.00,1678.00,1745.00
31920617569703557,20130826,1685.00,1745.00,0,0,0.00,0.00,0.00,1685.00,0.00
31920617569703557,20130827,1685.00,1745.00,0,0,0.00,0.00,0.00,1685.00,0.00
31920617569703557,20130828,1685.00,1745.00,0,0,0.00,0.00,0.00,1685.00,0.00
31920617569703557,20130831,1685.00,1745.00,0,0,0.00,0.00,0.00,1685.00,0.00
31920617569703557,20130901,1685.00,1745.00,0,0,0.00,0.00,0.00,1685.00,0.00
31920617569703557,20130903,1685.00,1745.00,0,0,0.00,0.00,0.00,1685.00,0.00
31920617569703557,20130904,1685.00,1745.00,0,0,0.00,0.00,0.00,1685.00,0.00
31920617569703557,20130907,1685.00,1745.00,0,0,0.00,0.00,0.00,1685.00,0.00
31920617569703557,20130908,1685.00,1745.00,0,0,0.00,0.00,0.00,1685.00,0.00
31920617569703557,20130909,1685.00,1745.00,0,0,0.00,0.00,0.00,1685.00,0.00
31920617569703557,20130910,1685.00,1745.00,0,0,0.00,0.00,0.00,1685.00,0.00
31920617569703557,20130911,1685.00,1745.00,0,0,0.00,0.00,0.00,1685.00,0.00
31920617569703557,20130914,1685.00,1745.00,0,0,0.00,0.00,0.00,1685.00,0.00
31920617569703557,20130915,1685.00,1745.00,0,0,0.00,0.00,0.00,1685.00,0.00
31920617569703557,20130916,1685.00,1745.00,0,0,0.00,0.00,0.00,1685.00,0.00
31920617569703557,20130917,1685.00,1745.00,0,0,0.00,0.00,0.00,1685.00,0.00
31920617569703557,20130918,1685.00,1745.00,0,0,0.00,0.00,0.00,1685.00,0.00
31920617569703557,20130921,1685.00,1745.00,0,0,0.00,0.00,0.00,1685.00,0.00
31920617569703557,20130922,1685.00,1745.00,0,0,0.00,0.00,0.00,1685.00,0.00
31920617569703557,20130923,1685.00,1745.00,0,0,0.00,0.00,0.00,1685.00,0.00
31920617569703557,20130924,1685.00,1745.00,0,0,0.00,0.00,0.00,1685.00,0.00
31920617569703557,20130925,1685.00,1745.00,0,0,0.00,0.00,0.00,1685.00,0.00
31920617569703557,20130928,1685.00,1745.00,0,0,0.00,0.00,0.00,1685.00,0.00
31920617569703557,20130929,1685.00,1745.00,0,0,0.00,0.00,0.00,1685.00,0.00
31920617569703557,20130930,1685.00,1745.00,0,0,0.00,0.00,0.00,1685.00,0.00
31920617569703557,20131001,1685.00,1745.00,0,0,0.00,0.00,0.00,1685.00,0.00
31920617569703557,20131002,1685.00,1745.00,0,0,0.00,0.00,0.00,1685.00,0.00
31920617569703557,20131005,1685.00,1745.00,0,0,0.00,0.00,0.00,1685.00,0.00
31920617569703557,20131006,1685.00,1745.00,0,0,0.00,0.00,0.00,1685.00,0.00
31920617569703557,20131007,1685.00,1745.00,0,0,0.00,0.00,0.00,1685.00,0.00
31920617569703557,20131008,1685.00,1745.00,0,0,0.00,0.00,0.00,1685.00,0.00
31920617569703557,20131009,1685.00,1745.00,0,0,0.00,0.00,0.00,1685.00,0.00
31920617569703557,20131012,1685.00,1745.00,0,0,0.00,0.00,0.00,1685.00,0.00
31920617569703557,20131013,1685.00,1745.00,0,0,0.00,0.00,0.00,1685.00,0.00
31920617569703557,20131014,1685.00,1745.00,0,0,0.00,0.00,0.00,1685.00,0.00
31920617569703557,20131015,1685.00,1745.00,0,0,0.00,0.00,0.00,1685.00,0.00
31920617569703557,20131019,1685.00,1745.00,0,0,0.00,0.00,0.00,1685.00,0.00
31920617569703557,20131020,1685.00,1745.00,0,0,0.00,0.00,0.00,1685.00,0.00
31920617569703557,20131021,1685.00,1745.00,0,0,0.00,0.00,0.00,1685.00,0.00
31920617569703557,20131022,1685.00,1745.00,0,0,0.00,0.00,0.00,1685.00,0.00
31920617569703557,20131023,1685.00,1745.00,0,0,0.00,0.00,0.00,1685.00,0.00
31920617569703557,20131026,1685.00,1745.00,0,0,0.00,0.00,0.00,1685.00,0.00
31920617569703557,20131027,1685.00,1745.00,0,0,0.00,0.00,0.00,1685.00,0.00
31920617569703557,20131028,1685.00,1745.00,0,0,0.00,0.00,0.00,1685.00,0.00
31920617569703557,20131029,1685.00,1745.00,0,0,0.00,0.00,0.00,1685.00,0.00
31920617569703557,20131030,1685.00,1745.00,0,0,0.00,0.00,0.00,1685.00,0.00
31920617569703557,20131102,1685.00,1745.00,0,0,0.00,0.00,0.00,1685.00,0.00
31920617569703557,20131103,1685.00,1745.00,0,0,0.00,0.00,0.00,1685.00,0.00
31920617569703557,20131104,1685.00,1745.00,0,0,0.00,0.00,0.00,1685.00,0.00
31920617569703557,20131105,1685.00,1745.00,0,0,0.00,0.00,0.00,1685.00,0.00
31920617569703557,20131106,1685.00,1745.00,0,0,0.00,0.00,0.00,1685.00,0.00
31920617569703557,20131109,1685.00,1745.00,0,0,0.00,0.00,0.00,1685.00,0.00
31920617569703557,20131110,1685.00,1745.00,0,0,0.00,0.00,0.00,1685.00,0.00
31920617569703557,20131111,1685.00,1745.00,0,0,0.00,0.00,0.00,1685.00,0.00
31920617569703557,20131112,1685.00,1745.00,0,0,0.00,0.00,0.00,1685.00,0.00
31920617569703557,20131116,1685.00,1745.00,0,0,0.00,0.00,0.00,1685.00,0.00
31920617569703557,20131117,1685.00,1745.00,0,0,0.00,0.00,0.00,1685.00,0.00
31920617569703557,20131118,1685.00,1745.00,0,0,0.00,0.00,0.00,1685.00,0.00
31920617569703557,20131119,1685.00,1745.00,0,0,0.00,0.00,0.00,1685.00,0.00
31920617569703557,20131120,1685.00,1745.00,0,0,0.00,0.00,0.00,1685.00,0.00
31920617569703557,20131123,1685.00,1745.00,0,0,0.00,0.00,0.00,1685.00,0.00
31920617569703557,20131124,1685.00,1745.00,0,0,0.00,0.00,0.00,1685.00,0.00
31920617569703557,20131125,1685.00,1745.00,0,0,0.00,0.00,0.00,1685.00,0.00
31920617569703557,20131126,1685.00,1745.00,0,0,0.00,0.00,0.00,1685.00,0.00
31920617569703557,20131127,1685.00,1745.00,0,0,0.00,0.00,0.00,1685.00,0.00
31920617569703557,20131130,1685.00,1745.00,0,0,0.00,0.00,0.00,1685.00,0.00
31920617569703557,20131201,1685.00,1745.00,0,0,0.00,0.00,0.00,1685.00,0.00
31920617569703557,20131202,1685.00,1745.00,0,0,0.00,0.00,0.00,1685.00,0.00
31920617569703557,20131203,1685.00,1745.00,0,0,0.00,0.00,0.00,1685.00,0.00
31920617569703557,20131204,1685.00,1745.00,0,0,0.00,0.00,0.00,1685.00,0.00
31920617569703557,20131207,1685.00,1745.00,0,0,0.00,0.00,0.00,1685.00,0.00
31920617569703557,20131208,1685.00,1745.00,0,0,0.00,0.00,0.00,1685.00,0.00
31920617569703557,20131209,1685.00,1745.00,0,0,0.00,0.00,0.00,1685.00,0.00
31920617569703557,20131210,1685.00,1745.00,0,0,0.00,0.00,0.00,1685.00,0.00
31920617569703557,20131211,1685.00,1745.00,0,0,0.00,0.00,0.00,1685.00,0.00
31920617569703557,20131214,1685.00,1745.00,0,0,0.00,0.00,0.00,1685.00,0.00
31920617569703557,20131215,1685.00,1745.00,0,0,0.00,0.00,0.00,1685.00,0.00
31920617569703557,20131216,1685.00,1745.00,0,0,0.00,0.00,0.00,1685.00,0.00
31920617569703557,20131217,1685.00,1745.00,0,0,0.00,0.00,0.00,1685.00,0.00
31920617569703557,20131218,1685.00,1745.00,0,0,0.00,0.00,0.00,1685.00,0.00
31920617569703557,20131221,3363.00,3236.00,641,10492730,35289100856.00,3236.00,3504.00,1685.00,3370.00
31920617569703557,20131222,3229.00,3229.00,59,564184,1821750136.00,3229.00,3229.00,3363.00,3229.00
31920617569703557,20131224,3132.00,3100.00,28,293897,911080700.00,3100.00,3100.00,3229.00,3100.00
31920617569703557,20131225,3027.00,3030.00,2466,24718049,74826150428.00,3007.00,3147.00,3132.00,3007.00
31920617569703557,20131228,3137.00,3148.00,823,7088563,22234600205.00,3080.00,3148.00,3027.00,3119.00
31920617569703557,20131229,3065.00,3012.00,748,6317446,19365382274.00,3012.00,3249.00,3137.00,3150.00
31920617569703557,20131230,2946.00,2943.00,123,1545642,4552795247.00,2943.00,2990.00,3065.00,2943.00
31920617569703557,20140101,2831.00,2829.00,277,3979762,11266066285.00,2829.00,2889.00,2946.00,2829.00
31920617569703557,20140104,2878.00,2944.00,1124,8196261,23591848891.00,2722.00,2944.00,2831.00,2820.00
31920617569703557,20140105,2979.00,2993.00,555,5127912,15274071709.00,2890.00,2993.00,2878.00,2930.00
31920617569703557,20140106,2905.00,2860.00,616,5189861,15074151366.00,2860.00,3069.00,2979.00,3069.00
31920617569703557,20140107,2798.00,2789.00,250,1867882,5225861006.00,2789.00,2909.00,2905.00,2851.00
31920617569703557,20140108,2709.00,2693.00,635,4438889,12026704449.00,2687.00,2789.00,2798.00,2740.00
31920617569703557,20140111,2628.00,2601.00,591,4872796,12805942627.00,2601.00,2730.00,2709.00,2700.00
31920617569703557,20140112,2538.00,2523.00,117,1175379,2982842659.00,2523.00,2600.00,2628.00,2600.00
31920617569703557,20140113,2610.00,2639.00,532,4265854,11131973052.00,2535.00,2639.00,2538.00,2535.00
31920617569703557,20140114,2592.00,2506.00,259,1586094,4110987704.00,2506.00,2706.00,2610.00,2700.00
31920617569703557,20140115,2489.00,2489.00,126,1459182,3631969998.00,2489.00,2500.00,2592.00,2489.00
31920617569703557,20140118,2390.00,2390.00,92,1120448,2677982840.00,2390.00,2409.00,2489.00,2390.00
31920617569703557,20140120,2308.00,2295.00,50,337464,774479880.00,2295.00,2295.00,2390.00,2295.00
31920617569703557,20140121,2223.00,2216.00,232,2088449,4641943316.00,2216.00,2295.00,2308.00,2216.00
31920617569703557,20140122,2135.00,2135.00,81,824923,1761324105.00,2135.00,2138.00,2223.00,2135.00
31920617569703557,20140125,2053.00,2050.00,418,4425393,9084860309.00,2050.00,2135.00,2135.00,2050.00
31920617569703557,20140126,1990.00,1971.00,160,1487088,2959724879.00,1971.00,2099.00,2053.00,2023.00
31920617569703557,20140127,1989.00,1911.00,4,5400,10319400.00,1911.00,1911.00,1990.00,1911.00
31920617569703557,20140128,1920.00,1910.00,378,3219672,6180707199.00,1910.00,1984.00,1989.00,1910.00
31920617569703557,20140129,1929.00,1996.00,964,10177777,19631613048.00,1844.00,1996.00,1920.00,1850.00
31920617569703557,20140201,2006.00,2006.00,34,392866,788089196.00,2006.00,2006.00,1929.00,2006.00
31920617569703557,20140202,2052.00,1990.00,593,5577343,11445490819.00,1932.00,2086.00,2006.00,2086.00
31920617569703557,20140203,1987.00,2020.00,377,3446887,6849075369.00,1970.00,2050.00,2052.00,2000.00
31920617569703557,20140204,1986.00,1940.00,246,1715015,3406210802.00,1911.00,2060.00,1987.00,2002.00
31920617569703557,20140205,1907.00,1907.00,88,614050,1170993350.00,1907.00,1907.00,1986.00,1907.00
31920617569703557,20140208,1903.00,1831.00,6,21993,40269183.00,1831.00,1831.00,1907.00,1831.00
31920617569703557,20140209,1827.00,1827.00,120,1297418,2370392686.00,1827.00,1828.00,1903.00,1827.00
31920617569703557,20140210,1769.00,1754.00,48,479184,847469348.00,1754.00,1827.00,1827.00,1770.00
31920617569703557,20140212,1767.00,1699.00,8,8868,15066732.00,1699.00,1699.00,1769.00,1699.00
31920617569703557,20140215,1699.00,1697.00,169,1985552,3373140293.00,1697.00,1725.00,1767.00,1697.00
31920617569703557,20140216,1721.00,1721.00,393,2846154,4899496228.00,1635.00,1759.00,1699.00,1635.00
31920617569703557,20140217,1778.00,1748.00,246,2130230,3787746467.00,1671.00,1789.00,1721.00,1789.00
31920617569703557,20140218,1707.00,1707.00,74,572290,976899030.00,1707.00,1707.00,1778.00,1707.00
31920617569703557,20140219,1676.00,1676.00,282,2295916,3847451202.00,1640.00,1730.00,1707.00,1671.00
31920617569703557,20140222,1727.00,1743.00,148,1172467,2025138890.00,1690.00,1743.00,1676.00,1700.00
31920617569703557,20140223,1786.00,1785.00,374,2739684,4892657825.00,1730.00,1796.00,1727.00,1796.00
31920617569703557,20140224,1719.00,1715.00,150,883068,1518138521.00,1715.00,1733.00,1786.00,1730.00
31920617569703557,20140225,1652.00,1651.00,155,930659,1537726521.00,1651.00,1709.00,1719.00,1653.00
31920617569703557,20140226,1587.00,1587.00,207,1531153,2429584079.00,1586.00,1638.00,1652.00,1586.00
31920617569703557,20140301,1578.00,1578.00,115,700140,1104969249.00,1530.00,1645.00,1587.00,1600.00
31920617569703557,20140302,1525.00,1515.00,85,807796,1232250470.00,1515.00,1555.00,1578.00,1555.00
31920617569703557,20140303,1465.00,1464.00,52,454709,665936181.00,1464.00,1465.00,1525.00,1465.00
31920617569703557,20140304,1410.00,1410.00,255,2356024,3321139956.00,1407.00,1455.00,1465.00,1407.00
31920617569703557,20140305,1447.00,1447.00,228,1962626,2840766511.00,1383.00,1466.00,1410.00,1383.00
31920617569703557,20140308,1399.00,1390.00,115,651200,911195354.00,1390.00,1487.00,1447.00,1401.00
31920617569703557,20140309,1371.00,1344.00,33,211929,285311328.00,1344.00,1420.00,1399.00,1420.00
31920617569703557,20140310,1325.00,1317.00,62,331183,436168011.00,1317.00,1317.00,1371.00,1317.00
31920617569703557,20140311,1306.00,1272.00,22,140787,179081064.00,1272.00,1272.00,1325.00,1272.00
31920617569703557,20140312,1270.00,1317.00,265,2248336,2855103725.00,1254.00,1322.00,1306.00,1254.00
31920617569703557,20140315,1308.00,1320.00,28,302042,398695440.00,1320.00,1320.00,1270.00,1320.00
31920617569703557,20140316,1322.00,1360.00,20,103296,140482560.00,1360.00,1360.00,1308.00,1360.00
31920617569703557,20140317,1346.00,1374.00,11,181503,249385122.00,1374.00,1374.00,1322.00,1374.00
31920617569703557,20140318,1399.00,1399.00,36,423952,593108848.00,1399.00,1399.00,1346.00,1399.00
31920617569703557,20140319,1452.00,1454.00,170,1574056,2284765125.00,1400.00,1454.00,1399.00,1453.00
31920617569703557,20140325,1505.00,1510.00,63,391200,588990900.00,1490.00,1510.00,1452.00,1500.00
31920617569703557,20140326,1527.00,1485.00,281,1689988,2581257860.00,1462.00,1565.00,1505.00,1565.00
31920617569703557,20140329,1466.00,1466.00,87,743793,1090553337.00,1466.00,1485.00,1527.00,1485.00
31920617569703557,20140330,1510.00,1524.00,81,546184,824642864.00,1442.00,1524.00,1466.00,1444.00
31920617569703557,20140331,1569.00,1570.00,77,845586,1326887866.00,1559.00,1570.00,1510.00,1559.00
31920617569703557,20140405,1616.00,1600.00,317,2539176,4104513105.00,1521.00,1631.00,1569.00,1631.00
31920617569703557,20140406,1562.00,1552.00,97,724526,1131931980.00,1552.00,1629.00,1616.00,1629.00
31920617569703557,20140407,1505.00,1500.00,219,1348784,2029858208.00,1500.00,1546.00,1562.00,1501.00
31920617569703557,20140408,1542.00,1504.00,234,1262796,1947738963.00,1490.00,1565.00,1505.00,1520.00
31920617569703557,20140409,1492.00,1481.00,28,321695,476430295.00,1481.00,1481.00,1542.00,1481.00
31920617569703557,20140412,1489.00,1433.00,6,21193,30369569.00,1433.00,1433.00,1492.00,1433.00
31920617569703557,20140413,1489.00,1433.00,0,0,0.00,0.00,0.00,1489.00,0.00
31920617569703557,20140414,1489.00,1433.00,0,0,0.00,0.00,0.00,1489.00,0.00
31920617569703557,20140415,1489.00,1433.00,0,0,0.00,0.00,0.00,1489.00,0.00
31920617569703557,20140416,1489.00,1433.00,0,0,0.00,0.00,0.00,1489.00,0.00
31920617569703557,20140419,1489.00,1433.00,0,0,0.00,0.00,0.00,1489.00,0.00
31920617569703557,20140420,1489.00,1433.00,0,0,0.00,0.00,0.00,1489.00,0.00
31920617569703557,20140421,1489.00,1433.00,0,0,0.00,0.00,0.00,1489.00,0.00
31920617569703557,20140422,1489.00,1433.00,0,0,0.00,0.00,0.00,1489.00,0.00
31920617569703557,20140423,1489.00,1433.00,0,0,0.00,0.00,0.00,1489.00,0.00
31920617569703557,20140426,1489.00,1433.00,0,0,0.00,0.00,0.00,1489.00,0.00
31920617569703557,20140427,1489.00,1433.00,0,0,0.00,0.00,0.00,1489.00,0.00
31920617569703557,20140428,1489.00,1433.00,0,0,0.00,0.00,0.00,1489.00,0.00
31920617569703557,20140429,1489.00,1433.00,0,0,0.00,0.00,0.00,1489.00,0.00
31920617569703557,20140430,1489.00,1433.00,0,0,0.00,0.00,0.00,1489.00,0.00
31920617569703557,20140503,1489.00,1433.00,0,0,0.00,0.00,0.00,1489.00,0.00
31920617569703557,20140504,1489.00,1433.00,0,0,0.00,0.00,0.00,1489.00,0.00
31920617569703557,20140505,1489.00,1433.00,0,0,0.00,0.00,0.00,1489.00,0.00
31920617569703557,20140506,1077.00,1140.00,380,4809174,5177738515.00,1066.00,1145.00,1489.00,1110.00
31920617569703557,20140507,1118.00,1120.00,59,673994,753372240.00,1110.00,1120.00,1077.00,1115.00
31920617569703557,20140510,1162.00,1162.00,26,435478,506025436.00,1162.00,1162.00,1118.00,1162.00
31920617569703557,20140511,1173.00,1208.00,9,92601,111862008.00,1208.00,1208.00,1162.00,1208.00
31920617569703557,20140512,1193.00,1219.00,15,173689,211726891.00,1219.00,1219.00,1173.00,1219.00
31920617569703557,20140514,1204.00,1240.00,13,88718,110010320.00,1240.00,1240.00,1193.00,1240.00
31920617569703557,20140517,1251.00,1252.00,586,6802971,8508055695.00,1162.00,1252.00,1204.00,1252.00
31920617569703557,20140518,1291.00,1301.00,448,3460541,4467572580.00,1265.00,1301.00,1251.00,1301.00
31920617569703557,20140519,1340.00,1342.00,309,3037309,4071109135.00,1312.00,1342.00,1291.00,1332.00
31920617569703557,20140520,1393.00,1393.00,91,932290,1298679970.00,1393.00,1393.00,1340.00,1393.00
31920617569703557,20140521,1415.00,1448.00,28,154900,224295200.00,1448.00,1448.00,1393.00,1448.00
31920617569703557,20140524,1471.00,1471.00,28,400724,589465004.00,1471.00,1471.00,1415.00,1471.00
31920617569703557,20140525,1529.00,1529.00,43,549057,839508153.00,1529.00,1529.00,1471.00,1529.00
31920617569703557,20140526,1535.00,1472.00,816,7493897,11502074897.00,1471.00,1590.00,1529.00,1590.00
31920617569703557,20140528,1482.00,1474.00,68,498528,738864440.00,1474.00,1519.00,1535.00,1475.00
31920617569703557,20140531,1423.00,1423.00,182,2283886,3251061817.00,1423.00,1450.00,1482.00,1423.00
31920617569703557,20140601,1420.00,1367.00,6,24550,33559850.00,1367.00,1367.00,1423.00,1367.00
31920617569703557,20140602,1401.00,1364.00,10,132148,180249872.00,1364.00,1364.00,1420.00,1364.00
31920617569703557,20140603,1389.00,1345.00,15,81276,109316220.00,1345.00,1345.00,1401.00,1345.00
31920617569703557,20140607,1379.00,1334.00,4,73200,97648800.00,1334.00,1334.00,1389.00,1334.00
31920617569703557,20140608,1377.00,1324.00,2,11927,15791348.00,1324.00,1324.00,1379.00,1324.00
31920617569703557,20140609,1377.00,1322.00,1,2000,2644000.00,1322.00,1322.00,1377.00,1322.00
31920617569703557,20140610,1375.00,1322.00,7,17666,23354452.00,1322.00,1322.00,1377.00,1322.00
31920617569703557,20140611,1374.00,1320.00,4,5175,6831000.00,1320.00,1320.00,1375.00,1320.00
31920617569703557,20140614,1372.00,1320.00,2,17583,23209560.00,1320.00,1320.00,1374.00,1320.00
31920617569703557,20140615,1372.00,1320.00,0,0,0.00,0.00,0.00,1372.00,0.00
31920617569703557,20140616,1371.00,1318.00,3,9540,12573720.00,1318.00,1318.00,1372.00,1318.00
31920617569703557,20140617,1370.00,1317.00,1,3778,4975626.00,1317.00,1317.00,1371.00,1317.00
31920617569703557,20140618,1260.00,1282.00,743,6679093,8413055718.00,1211.00,1310.00,1370.00,1261.00
31920617569703557,20140621,1308.00,1272.00,204,2360464,3087939364.00,1232.00,1310.00,1260.00,1240.00
31920617569703557,20140622,1347.00,1360.00,667,5521770,7440306372.00,1300.00,1360.00,1308.00,1340.00
31920617569703557,20140623,1393.00,1355.00,597,5153526,7178446765.00,1355.00,1400.00,1347.00,1370.00
31920617569703557,20140624,1402.00,1430.00,557,4044378,5670804357.00,1367.00,1432.00,1393.00,1367.00
31920617569703557,20140625,1456.00,1458.00,704,7017080,10220139169.00,1440.00,1458.00,1402.00,1451.00
31920617569703557,20140628,1495.00,1504.00,740,5179624,7741357776.00,1458.00,1514.00,1456.00,1490.00
31920617569703557,20140629,1464.00,1436.00,53,304135,442355940.00,1436.00,1500.00,1495.00,1495.00
31920617569703557,20140630,1412.00,1406.00,269,3072825,4338461262.00,1406.00,1480.00,1464.00,1406.00
31920617569703557,20140701,1446.00,1468.00,394,3710643,5365911235.00,1358.00,1468.00,1412.00,1380.00
31920617569703557,20140702,1492.00,1503.00,994,5220992,7789608064.00,1456.00,1503.00,1446.00,1499.00
31920617569703557,20140705,1551.00,1551.00,131,1214682,1883953758.00,1550.00,1551.00,1492.00,1551.00
31920617569703557,20140706,1506.00,1489.00,184,1543779,2324738592.00,1489.00,1579.00,1551.00,1579.00
31920617569703557,20140707,1539.00,1549.00,549,4189083,6447117529.00,1450.00,1566.00,1506.00,1450.00
31920617569703557,20140708,1593.00,1600.00,575,6145626,9792812303.00,1560.00,1600.00,1539.00,1589.00
31920617569703557,20140709,1560.00,1530.00,373,2852044,4449832881.00,1530.00,1620.00,1593.00,1620.00
31920617569703557,20140712,1504.00,1498.00,238,2249501,3383048839.00,1498.00,1548.00,1560.00,1512.00
31920617569703557,20140713,1449.00,1444.00,337,3357966,4866185379.00,1444.00,1520.00,1504.00,1463.00
31920617569703557,20140714,1414.00,1420.00,274,2101725,2971586307.00,1392.00,1478.00,1449.00,1393.00
31920617569703557,20140715,1376.00,1358.00,393,3309654,4554413013.00,1358.00,1449.00,1414.00,1420.00
31920617569703557,20140716,1392.00,1380.00,468,2926360,4073282485.00,1342.00,1424.00,1376.00,1342.00
31920617569703557,20140720,1433.00,1447.00,374,3321327,4760476429.00,1342.00,1447.00,1392.00,1348.00
31920617569703557,20140721,1475.00,1480.00,410,2317197,3417071367.00,1450.00,1488.00,1433.00,1450.00
31920617569703557,20140722,1471.00,1440.00,361,1925152,2832540134.00,1426.00,1520.00,1475.00,1485.00
31920617569703557,20140723,1433.00,1413.00,489,2970520,4257186126.00,1413.00,1475.00,1471.00,1425.00
31920617569703557,20140726,1401.00,1434.00,311,1930946,2705247314.00,1376.00,1444.00,1433.00,1410.00
31920617569703557,20140727,1424.00,1416.00,109,765618,1090464548.00,1405.00,1445.00,1401.00,1440.00
31920617569703557,20140728,1424.00,1416.00,0,0,0.00,0.00,0.00,1424.00,0.00
31920617569703557,20140802,1424.00,1416.00,0,0,0.00,0.00,0.00,1424.00,0.00
31920617569703557,20140803,1424.00,1416.00,0,0,0.00,0.00,0.00,1424.00,0.00
31920617569703557,20140804,1424.00,1416.00,0,0,0.00,0.00,0.00,1424.00,0.00
31920617569703557,20140805,1424.00,1416.00,0,0,0.00,0.00,0.00,1424.00,0.00
31920617569703557,20140806,1424.00,1416.00,0,0,0.00,0.00,0.00,1424.00,0.00
31920617569703557,20140809,1424.00,1416.00,0,0,0.00,0.00,0.00,1424.00,0.00
31920617569703557,20140810,1424.00,1416.00,0,0,0.00,0.00,0.00,1424.00,0.00
31920617569703557,20140811,1424.00,1416.00,0,0,0.00,0.00,0.00,1424.00,0.00
31920617569703557,20140812,1424.00,1416.00,0,0,0.00,0.00,0.00,1424.00,0.00
31920617569703557,20140813,1424.00,1416.00,0,0,0.00,0.00,0.00,1424.00,0.00
31920617569703557,20140816,1424.00,1416.00,0,0,0.00,0.00,0.00,1424.00,0.00
31920617569703557,20140817,1424.00,1416.00,0,0,0.00,0.00,0.00,1424.00,0.00
31920617569703557,20140818,1424.00,1416.00,0,0,0.00,0.00,0.00,1424.00,0.00
31920617569703557,20140819,1424.00,1416.00,0,0,0.00,0.00,0.00,1424.00,0.00
31920617569703557,20140820,1424.00,1416.00,0,0,0.00,0.00,0.00,1424.00,0.00
31920617569703557,20140823,1424.00,1416.00,0,0,0.00,0.00,0.00,1424.00,0.00
31920617569703557,20140824,1210.00,1240.00,1300,13470589,16294118733.00,1191.00,1252.00,1424.00,1240.00
31920617569703557,20140825,1258.00,1258.00,37,446152,561259216.00,1258.00,1258.00,1210.00,1258.00
31920617569703557,20140826,1308.00,1308.00,31,428350,560281800.00,1308.00,1308.00,1258.00,1308.00
31920617569703557,20140827,1340.00,1328.00,840,8219310,11015044174.00,1300.00,1360.00,1308.00,1360.00
31920617569703557,20140830,1290.00,1287.00,289,3254334,4199502941.00,1287.00,1328.00,1340.00,1300.00
31920617569703557,20140831,1250.00,1250.00,418,2907981,3635666353.00,1239.00,1280.00,1290.00,1263.00
31920617569703557,20140901,1257.00,1250.00,304,1904857,2394094059.00,1240.00,1290.00,1250.00,1290.00
31920617569703557,20140902,1242.00,1220.00,180,1150424,1429253952.00,1212.00,1269.00,1257.00,1269.00
31920617569703557,20140903,1282.00,1277.00,476,3571102,4576684850.00,1209.00,1291.00,1242.00,1220.00
31920617569703557,20140906,1248.00,1231.00,283,1830099,2284275888.00,1231.00,1300.00,1282.00,1260.00
31920617569703557,20140907,1214.00,1207.00,200,1244635,1511400875.00,1199.00,1249.00,1248.00,1249.00
31920617569703557,20140908,1225.00,1214.00,147,869001,1064124766.00,1205.00,1247.00,1214.00,1220.00
31920617569703557,20140909,1182.00,1183.00,541,4542441,5369209878.00,1176.00,1228.00,1225.00,1228.00
31920617569703557,20140910,1158.00,1142.00,224,1375520,1593093720.00,1136.00,1197.00,1182.00,1197.00
31920617569703557,20140913,1115.00,1119.00,245,2054711,2290242328.00,1112.00,1165.00,1158.00,1140.00
31920617569703557,20140914,1124.00,1112.00,212,1060079,1191809874.00,1099.00,1140.00,1115.00,1100.00
31920617569703557,20140915,1127.00,1135.00,187,1232918,1390071465.00,1111.00,1140.00,1124.00,1130.00
31920617569703557,20140916,1119.00,1108.00,128,626594,701395401.00,1108.00,1140.00,1127.00,1130.00
31920617569703557,20140917,1087.00,1083.00,201,1628946,1771092535.00,1075.00,1110.00,1119.00,1098.00
31920617569703557,20140920,1055.00,1061.00,181,1159939,1224021034.00,1044.00,1099.00,1087.00,1099.00
31920617569703557,20140921,1087.00,1097.00,83,597783,649823807.00,1023.00,1097.00,1055.00,1023.00
31920617569703557,20140922,1127.00,1130.00,31,361776,408806880.00,1130.00,1130.00,1087.00,1130.00
31920617569703557,20140923,1169.00,1172.00,334,2406873,2813156148.00,1130.00,1172.00,1127.00,1172.00
31920617569703557,20140924,1169.00,1150.00,442,2223494,2600360479.00,1130.00,1202.00,1169.00,1176.00
31920617569703557,20140927,1129.00,1123.00,418,2615245,2952573976.00,1123.00,1180.00,1169.00,1169.00
31920617569703557,20140928,1138.00,1134.00,108,550087,625760755.00,1123.00,1148.00,1129.00,1125.00
31920617569703557,20140929,1128.00,1130.00,84,524994,592161489.00,1110.00,1143.00,1138.00,1130.00
31920617569703557,20140930,1157.00,1161.00,223,1463168,1693150041.00,1115.00,1173.00,1128.00,1148.00
31920617569703557,20141001,1145.00,1130.00,183,955381,1093581358.00,1130.00,1173.00,1157.00,1173.00
31920617569703557,20141004,1164.00,1153.00,114,695314,809352900.00,1150.00,1175.00,1145.00,1150.00
31920617569703557,20141006,1143.00,1148.00,120,502494,574144640.00,1135.00,1169.00,1164.00,1169.00
31920617569703557,20141007,1128.00,1115.00,161,963579,1087105210.00,1115.00,1148.00,1143.00,1125.00
31920617569703557,20141008,1120.00,1120.00,114,726305,813654539.00,1102.00,1143.00,1128.00,1130.00
31920617569703557,20141011,1115.00,1100.00,179,1030315,1148440844.00,1095.00,1135.00,1120.00,1101.00
31920617569703557,20141012,1106.00,1116.00,252,1802121,1992901292.00,1102.00,1128.00,1115.00,1103.00
31920617569703557,20141014,1120.00,1105.00,197,1206809,1351253687.00,1105.00,1147.00,1106.00,1138.00
31920617569703557,20141015,1106.00,1113.00,172,1016444,1124146665.00,1100.00,1139.00,1120.00,1131.00
31920617569703557,20141018,1114.00,1122.00,124,813840,906373937.00,1102.00,1125.00,1106.00,1125.00
31920617569703557,20141019,1149.00,1158.00,363,3096622,3556806932.00,1111.00,1158.00,1114.00,1122.00
31920617569703557,20141020,1170.00,1152.00,469,2911280,3405393870.00,1151.00,1192.00,1149.00,1160.00
31920617569703557,20141021,1193.00,1180.00,584,3849228,4592882454.00,1157.00,1214.00,1170.00,1160.00
31920617569703557,20141022,1172.00,1188.00,373,2332243,2734369071.00,1150.00,1205.00,1193.00,1200.00
31920617569703557,20141025,1191.00,1196.00,226,1799537,2143903417.00,1170.00,1208.00,1172.00,1208.00
31920617569703557,20141026,1173.00,1174.00,144,846238,992863182.00,1161.00,1209.00,1191.00,1209.00
31920617569703557,20141027,1150.00,1140.00,318,2136238,2455634240.00,1134.00,1170.00,1173.00,1144.00
31920617569703557,20141028,1187.00,1196.00,367,2142760,2542657258.00,1150.00,1196.00,1150.00,1160.00
31920617569703557,20141029,1234.00,1234.00,52,603784,745069456.00,1234.00,1234.00,1187.00,1234.00
31920617569703557,20141101,1283.00,1283.00,499,6532318,8379628790.00,1270.00,1283.00,1234.00,1283.00
31920617569703557,20141102,1276.00,1288.00,642,4964385,6334495786.00,1240.00,1300.00,1283.00,1300.00
31920617569703557,20141105,1323.00,1327.00,355,2584554,3418287863.00,1280.00,1327.00,1276.00,1280.00
31920617569703557,20141108,1365.00,1375.00,765,6702474,9150686452.00,1310.00,1375.00,1323.00,1350.00
31920617569703557,20141109,1389.00,1355.00,343,2417285,3358058871.00,1351.00,1415.00,1365.00,1397.00
31920617569703557,20141110,1367.00,1375.00,395,3526883,4820371810.00,1342.00,1400.00,1389.00,1392.00
31920617569703557,20141111,1361.00,1368.00,370,3025343,4117105838.00,1326.00,1400.00,1367.00,1326.00
31920617569703557,20141112,1403.00,1415.00,491,4846260,6797654284.00,1345.00,1415.00,1361.00,1345.00
31920617569703557,20141115,1443.00,1459.00,473,3873307,5589619756.00,1410.00,1459.00,1403.00,1430.00
31920617569703557,20141116,1498.00,1500.00,116,1022864,1532007304.00,1461.00,1500.00,1443.00,1499.00
31920617569703557,20141117,1536.00,1557.00,28,255498,397810386.00,1557.00,1557.00,1498.00,1557.00
31920617569703557,20141118,1595.00,1597.00,928,10637890,16970449192.00,1559.00,1597.00,1536.00,1597.00
31920617569703557,20141119,1623.00,1658.00,1365,9446402,15331987760.00,1532.00,1658.00,1595.00,1590.00
31920617569703557,20141122,1682.00,1687.00,270,2392966,4024296121.00,1600.00,1687.00,1623.00,1680.00
31920617569703557,20141123,1749.00,1749.00,96,1446535,2529989715.00,1749.00,1749.00,1682.00,1749.00
31920617569703557,20141124,1782.00,1818.00,31,190621,346548978.00,1818.00,1818.00,1749.00,1818.00
31920617569703557,20141125,1788.00,1853.00,973,7893705,14112026881.00,1711.00,1853.00,1782.00,1711.00
31920617569703557,20141126,1859.00,1859.00,44,415936,773225024.00,1859.00,1859.00,1788.00,1859.00
31920617569703557,20141129,1930.00,1900.00,892,9812603,18943034429.00,1863.00,1933.00,1859.00,1933.00
31920617569703557,20141130,1856.00,1853.00,139,1072802,1991563181.00,1853.00,1900.00,1930.00,1854.00
31920617569703557,20141201,1784.00,1782.00,1025,9488913,16931984446.00,1782.00,1848.00,1856.00,1782.00
31920617569703557,20141202,1740.00,1713.00,260,2458058,4277753140.00,1713.00,1843.00,1784.00,1735.00
31920617569703557,20141203,1686.00,1671.00,99,1151045,1941016079.00,1671.00,1710.00,1740.00,1710.00
31920617569703557,20141206,1624.00,1619.00,448,4898771,7955050448.00,1619.00,1678.00,1686.00,1619.00
31920617569703557,20141207,1568.00,1560.00,503,2235519,3505869239.00,1560.00,1600.00,1624.00,1580.00
31920617569703557,20141208,1551.00,1598.00,1194,9277819,14390972879.00,1506.00,1630.00,1568.00,1506.00
31920617569703557,20141209,1609.00,1613.00,388,4977147,8006404967.00,1520.00,1613.00,1551.00,1613.00
31920617569703557,20141210,1672.00,1673.00,474,4010911,6705249392.00,1640.00,1673.00,1609.00,1670.00
31920617569703557,20141214,1648.00,1606.00,598,4927878,8123018868.00,1606.00,1730.00,1672.00,1730.00
31920617569703557,20141215,1584.00,1583.00,114,878222,1391496519.00,1583.00,1600.00,1648.00,1583.00
31920617569703557,20141216,1613.00,1580.00,309,2002473,3230192816.00,1552.00,1647.00,1584.00,1590.00
31920617569703557,20141217,1552.00,1595.00,200,1695819,2631525987.00,1549.00,1600.00,1613.00,1553.00
31920617569703557,20141220,1612.00,1614.00,159,1336369,2153972456.00,1572.00,1614.00,1552.00,1610.00
31920617569703557,20141222,1676.00,1676.00,31,425715,713498340.00,1676.00,1676.00,1612.00,1676.00
31920617569703557,20141224,1724.00,1725.00,533,5258043,9064453313.00,1680.00,1743.00,1676.00,1743.00
31920617569703557,20141227,1661.00,1656.00,431,2415132,4010941733.00,1656.00,1725.00,1724.00,1723.00
31920617569703557,20141228,1724.00,1722.00,334,2629961,4534761005.00,1667.00,1727.00,1661.00,1698.00
31920617569703557,20141229,1682.00,1673.00,483,4207363,7077258076.00,1656.00,1740.00,1724.00,1740.00
31920617569703557,20141230,1631.00,1615.00,305,2378257,3879697854.00,1615.00,1700.00,1682.00,1700.00
31920617569703557,20141231,1639.00,1640.00,221,1221516,2002052287.00,1580.00,1680.00,1631.00,1630.00
31920617569703557,20150103,1687.00,1693.00,338,1886919,3183778140.00,1640.00,1703.00,1639.00,1640.00
31920617569703557,20150104,1750.00,1754.00,445,3185291,5573728303.00,1683.00,1754.00,1687.00,1724.00
31920617569703557,20150105,1794.00,1730.00,607,4978069,8930605555.00,1706.00,1820.00,1750.00,1798.00
31920617569703557,20150106,1726.00,1723.00,101,805989,1391064611.00,1723.00,1755.00,1794.00,1725.00
31920617569703557,20150107,1664.00,1657.00,232,2137648,3556771246.00,1657.00,1710.00,1726.00,1657.00
31920617569703557,20150110,1601.00,1598.00,91,412019,659532532.00,1598.00,1630.00,1664.00,1630.00
31920617569703557,20150111,1542.00,1578.00,297,2907904,4485337048.00,1537.00,1598.00,1601.00,1537.00
31920617569703557,20150112,1603.00,1603.00,310,2050683,3286344551.00,1561.00,1603.00,1542.00,1587.00
31920617569703557,20150113,1550.00,1570.00,304,2229014,3455496326.00,1539.00,1638.00,1603.00,1638.00
31920617569703557,20150114,1498.00,1488.00,265,1929023,2888856372.00,1488.00,1560.00,1550.00,1546.00
31920617569703557,20150117,1537.00,1540.00,284,2079620,3197120575.00,1460.00,1557.00,1498.00,1539.00
31920617569703557,20150118,1493.00,1476.00,179,969662,1447300077.00,1476.00,1550.00,1537.00,1480.00
31920617569703557,20150119,1435.00,1434.00,81,510574,732456556.00,1434.00,1478.00,1493.00,1438.00
31920617569703557,20150120,1385.00,1378.00,222,1673778,2317559685.00,1378.00,1450.00,1435.00,1401.00
31920617569703557,20150121,1365.00,1330.00,22,151544,201984120.00,1330.00,1378.00,1385.00,1331.00
31920617569703557,20150124,1355.00,1311.00,17,70069,91860459.00,1311.00,1311.00,1365.00,1311.00
31920617569703557,20150125,1316.00,1301.00,206,1330630,1751508118.00,1301.00,1385.00,1355.00,1301.00
31920617569703557,20150126,1269.00,1264.00,47,426204,540749356.00,1264.00,1280.00,1316.00,1264.00
31920617569703557,20150127,1258.00,1219.00,16,86617,105586123.00,1219.00,1219.00,1269.00,1219.00
31920617569703557,20150128,1254.00,1308.00,662,7270203,9119764737.00,1208.00,1308.00,1258.00,1208.00
31920617569703557,20150131,1275.00,1304.00,14,162738,212210352.00,1304.00,1304.00,1254.00,1304.00
31920617569703557,20150201,1323.00,1326.00,471,4275310,5656727517.00,1276.00,1326.00,1275.00,1326.00
31920617569703557,20150202,1336.00,1320.00,299,1882980,2515077578.00,1295.00,1368.00,1323.00,1350.00
31920617569703557,20150203,1325.00,1321.00,279,2172050,2878770415.00,1300.00,1360.00,1336.00,1354.00
31920617569703557,20150204,1341.00,1320.00,280,1969705,2642135853.00,1310.00,1373.00,1325.00,1311.00
31920617569703557,20150207,1326.00,1301.00,235,1350304,1790850693.00,1290.00,1372.00,1341.00,1323.00
31920617569703557,20150208,1275.00,1273.00,261,1501707,1914872052.00,1273.00,1309.00,1326.00,1277.00
31920617569703557,20150209,1233.00,1224.00,175,1838672,2267830674.00,1224.00,1276.00,1275.00,1240.00
31920617569703557,20150210,1200.00,1212.00,228,1571849,1886743634.00,1184.00,1235.00,1233.00,1188.00
31920617569703557,20150214,1248.00,1248.00,134,841358,1049925240.00,1221.00,1248.00,1200.00,1248.00
31920617569703557,20150215,1285.00,1297.00,177,1265366,1626128730.00,1248.00,1297.00,1248.00,1289.00
31920617569703557,20150216,1336.00,1336.00,96,676480,903777280.00,1336.00,1336.00,1285.00,1336.00
31920617569703557,20150217,1362.00,1317.00,569,6671561,9086940981.00,1311.00,1389.00,1336.00,1389.00
31920617569703557,20150218,1310.00,1308.00,293,2106596,2760163230.00,1308.00,1339.00,1362.00,1311.00
31920617569703557,20150221,1323.00,1320.00,138,949518,1256188321.00,1306.00,1344.00,1310.00,1341.00
31920617569703557,20150222,1345.00,1340.00,331,1957987,2632736285.00,1307.00,1374.00,1323.00,1320.00
31920617569703557,20150223,1328.00,1330.00,116,683760,908025475.00,1310.00,1374.00,1345.00,1374.00
31920617569703557,20150224,1326.00,1325.00,89,671977,891278956.00,1312.00,1353.00,1328.00,1353.00
31920617569703557,20150225,1279.00,1273.00,299,1293452,1654088868.00,1273.00,1339.00,1326.00,1300.00
31920617569703557,20150228,1269.00,1256.00,89,344541,436822588.00,1242.00,1319.00,1279.00,1242.00
31920617569703557,20150301,1303.00,1319.00,74,426525,555575982.00,1275.00,1319.00,1269.00,1309.00
31920617569703557,20150302,1310.00,1340.00,148,856016,1120983283.00,1282.00,1350.00,1303.00,1304.00
31920617569703557,20150303,1353.00,1362.00,305,2127880,2879521506.00,1270.00,1362.00,1310.00,1320.00
31920617569703557,20150304,1369.00,1363.00,224,1540587,2109620906.00,1340.00,1406.00,1353.00,1373.00
31920617569703557,20150307,1339.00,1327.00,164,1248312,1671500225.00,1315.00,1388.00,1369.00,1388.00
31920617569703557,20150308,1381.00,1392.00,309,3962849,5471009347.00,1301.00,1392.00,1339.00,1335.00
31920617569703557,20150309,1434.00,1436.00,434,3827568,5488533339.00,1401.00,1436.00,1381.00,1436.00
31920617569703557,20150310,1387.00,1377.00,234,1358900,1884661090.00,1377.00,1468.00,1434.00,1460.00
31920617569703557,20150311,1350.00,1338.00,187,1513691,2043888447.00,1332.00,1399.00,1387.00,1384.00
31920617569703557,20150314,1394.00,1399.00,183,1166243,1625897341.00,1347.00,1404.00,1350.00,1375.00
31920617569703557,20150315,1373.00,1358.00,283,1835224,2519038840.00,1351.00,1429.00,1394.00,1373.00
31920617569703557,20150316,1349.00,1321.00,175,1107804,1494747664.00,1320.00,1387.00,1373.00,1351.00
31920617569703557,20150317,1299.00,1296.00,182,1093045,1420250390.00,1296.00,1340.00,1349.00,1340.00
31920617569703557,20150318,1327.00,1348.00,343,2230056,2960357233.00,1300.00,1350.00,1299.00,1332.00
31920617569703557,20150325,1320.00,1323.00,50,217422,286041398.00,1312.00,1367.00,1327.00,1313.00
31920617569703557,20150328,1362.00,1372.00,235,1326824,1807068915.00,1331.00,1372.00,1320.00,1350.00
31920617569703557,20150329,1414.00,1413.00,208,1673222,2365892187.00,1379.00,1416.00,1362.00,1379.00
31920617569703557,20150330,1391.00,1387.00,207,865279,1203572786.00,1367.00,1430.00,1414.00,1420.00
31920617569703557,20150331,1407.00,1400.00,179,1020610,1435809422.00,1351.00,1435.00,1391.00,1398.00
31920617569703557,20150404,1463.00,1463.00,21,396400,579933200.00,1463.00,1463.00,1407.00,1463.00
31920617569703557,20150405,1511.00,1490.00,518,3989261,6028843185.00,1475.00,1521.00,1463.00,1521.00
31920617569703557,20150406,1452.00,1451.00,253,2471931,3588363727.00,1451.00,1500.00,1511.00,1500.00
31920617569703557,20150407,1405.00,1394.00,236,1770985,2488752956.00,1394.00,1450.00,1452.00,1408.00
31920617569703557,20150408,1406.00,1399.00,350,2294890,3226132078.00,1361.00,1440.00,1405.00,1430.00
31920617569703557,20150411,1461.00,1462.00,192,2599012,3797181743.00,1450.00,1462.00,1406.00,1462.00
31920617569703557,20150412,1516.00,1519.00,600,5886733,8922676009.00,1462.00,1519.00,1461.00,1519.00
31920617569703557,20150413,1504.00,1458.00,509,4088036,6149538504.00,1456.00,1575.00,1516.00,1575.00
31920617569703557,20150414,1537.00,1564.00,969,5205408,8001449354.00,1456.00,1564.00,1504.00,1500.00
31920617569703557,20150415,1584.00,1598.00,962,5362781,8497252240.00,1550.00,1598.00,1537.00,1569.00
31920617569703557,20150418,1584.00,1598.00,0,0,0.00,0.00,0.00,1584.00,0.00
31920617569703557,20150419,1584.00,1598.00,0,0,0.00,0.00,0.00,1584.00,0.00
31920617569703557,20150420,1584.00,1598.00,0,0,0.00,0.00,0.00,1584.00,0.00
31920617569703557,20150421,1584.00,1598.00,0,0,0.00,0.00,0.00,1584.00,0.00
31920617569703557,20150422,1584.00,1598.00,0,0,0.00,0.00,0.00,1584.00,0.00
31920617569703557,20150425,1584.00,1598.00,0,0,0.00,0.00,0.00,1584.00,0.00
31920617569703557,20150426,1584.00,1598.00,0,0,0.00,0.00,0.00,1584.00,0.00
31920617569703557,20150427,1584.00,1598.00,0,0,0.00,0.00,0.00,1584.00,0.00
31920617569703557,20150428,1584.00,1598.00,0,0,0.00,0.00,0.00,1584.00,0.00
31920617569703557,20150429,1584.00,1598.00,0,0,0.00,0.00,0.00,1584.00,0.00
31920617569703557,20150503,1584.00,1598.00,0,0,0.00,0.00,0.00,1584.00,0.00
31920617569703557,20150504,1779.00,1760.00,1086,11280917,20066764766.00,1704.00,1846.00,1584.00,1775.00
31920617569703557,20150505,1715.00,1708.00,226,2293592,3932464023.00,1708.00,1777.00,1779.00,1777.00
31920617569703557,20150506,1737.00,1783.00,804,9358485,16252030324.00,1653.00,1783.00,1715.00,1653.00
31920617569703557,20150509,1804.00,1780.00,1660,12369133,22309158295.00,1770.00,1806.00,1737.00,1790.00
31920617569703557,20150510,1857.00,1864.00,1543,15682495,29121101880.00,1732.00,1876.00,1804.00,1795.00
31920617569703557,20150511,1834.00,1803.00,1123,9015739,16537176813.00,1783.00,1910.00,1857.00,1833.00
31920617569703557,20150512,1809.00,1799.00,810,5054384,9144693174.00,1770.00,1866.00,1834.00,1781.00
31920617569703557,20150513,1797.00,1770.00,497,2839336,5102353731.00,1768.00,1850.00,1809.00,1828.00
31920617569703557,20150517,1727.00,1726.00,352,2247334,3882023547.00,1726.00,1770.00,1797.00,1744.00
31920617569703557,20150518,1733.00,1750.00,644,3913466,6783363498.00,1680.00,1789.00,1727.00,1680.00
31920617569703557,20150519,1797.00,1802.00,297,2459293,4418470358.00,1760.00,1802.00,1733.00,1760.00
31920617569703557,20150520,1822.00,1816.00,552,3899052,7105560118.00,1770.00,1865.00,1797.00,1820.00
31920617569703557,20150523,1745.00,1731.00,564,4420018,7711740109.00,1731.00,1818.00,1822.00,1740.00
31920617569703557,20150524,1748.00,1760.00,586,3697060,6462657660.00,1662.00,1809.00,1745.00,1701.00
31920617569703557,20150525,1808.00,1797.00,303,1961288,3545791933.00,1763.00,1834.00,1748.00,1799.00
31920617569703557,20150526,1817.00,1820.00,245,1633868,2968016651.00,1771.00,1845.00,1808.00,1814.00
31920617569703557,20150527,1790.00,1783.00,184,1085389,1942593597.00,1777.00,1837.00,1817.00,1837.00
31920617569703557,20150530,1862.00,1868.00,1070,6621297,12327072213.00,1800.00,1879.00,1790.00,1810.00
31920617569703557,20150531,1892.00,1860.00,714,5170932,9780883980.00,1840.00,1950.00,1862.00,1889.00
31920617569703557,20150601,1891.00,1920.00,526,2682154,5070828433.00,1815.00,1950.00,1892.00,1895.00
31920617569703557,20150602,1979.00,1985.00,1106,9476001,18753701051.00,1902.00,1985.00,1891.00,1935.00
31920617569703557,20150606,2036.00,2000.00,917,6080741,12377699153.00,1980.00,2075.00,1979.00,2050.00
31920617569703557,20150607,1953.00,1935.00,828,5168810,10094405013.00,1935.00,2020.00,2036.00,2010.00
31920617569703557,20150608,1869.00,1856.00,515,3561666,6657221321.00,1856.00,1930.00,1953.00,1870.00
31920617569703557,20150609,1785.00,1776.00,415,3084700,5507185347.00,1776.00,1835.00,1869.00,1832.00
31920617569703557,20150610,1718.00,1750.00,580,4163310,7151568321.00,1696.00,1767.00,1785.00,1715.00
31920617569703557,20150613,1795.00,1803.00,95,627871,1126899525.00,1749.00,1803.00,1718.00,1789.00
31920617569703557,20150614,1857.00,1807.00,862,6044652,11221962535.00,1801.00,1884.00,1795.00,1850.00
31920617569703557,20150615,1791.00,1766.00,429,1657927,2969485974.00,1765.00,1830.00,1857.00,1830.00
31920617569703557,20150616,1858.00,1880.00,413,2403117,4464579880.00,1780.00,1880.00,1791.00,1780.00
31920617569703557,20150617,1944.00,1950.00,485,5014322,9746110059.00,1881.00,1950.00,1858.00,1920.00
31920617569703557,20150620,1911.00,1882.00,486,3363870,6428787555.00,1860.00,1999.00,1944.00,1998.00
31920617569703557,20150621,1888.00,1870.00,437,3186674,6017394462.00,1842.00,1935.00,1911.00,1864.00
31920617569703557,20150622,1964.00,1982.00,116,871775,1711834401.00,1909.00,1982.00,1888.00,1909.00
31920617569703557,20150623,2062.00,2062.00,27,297246,612921252.00,2062.00,2062.00,1964.00,2062.00
31920617569703557,20150624,2147.00,2165.00,1568,14954033,32113750317.00,2076.00,2165.00,2062.00,2165.00
31920617569703557,20150627,2153.00,2090.00,1158,8098061,17436563315.00,2090.00,2237.00,2147.00,2165.00
31920617569703557,20150628,2063.00,2060.00,603,3350570,6911487138.00,2046.00,2120.00,2153.00,2090.00
31920617569703557,20150629,2161.00,2166.00,618,5793705,12518715898.00,2060.00,2166.00,2063.00,2060.00
31920617569703557,20150630,2266.00,2269.00,802,7762923,17588937430.00,2222.00,2269.00,2161.00,2222.00
31920617569703557,20150701,2250.00,2240.00,670,3805462,8560497533.00,2191.00,2329.00,2266.00,2301.00
31920617569703557,20150704,2310.00,2290.00,746,5213526,12040764342.00,2212.00,2358.00,2250.00,2281.00
31920617569703557,20150705,2219.00,2195.00,811,5909217,13111034396.00,2195.00,2300.00,2310.00,2250.00
31920617569703557,20150706,2256.00,2240.00,322,2386328,5384546349.00,2191.00,2298.00,2219.00,2269.00
31920617569703557,20150707,2343.00,2368.00,581,5811460,13614110479.00,2201.00,2368.00,2256.00,2260.00
31920617569703557,20150711,2406.00,2429.00,592,5579446,13422369118.00,2289.00,2460.00,2343.00,2289.00
31920617569703557,20150712,2459.00,2420.00,424,2986365,7344328600.00,2392.00,2500.00,2406.00,2497.00
31920617569703557,20150713,2562.00,2581.00,519,2837866,7270463728.00,2489.00,2581.00,2459.00,2520.00
31920617569703557,20150714,2578.00,2530.00,451,3360450,8662001954.00,2460.00,2680.00,2562.00,2610.00
31920617569703557,20150715,2460.00,2450.00,330,3017764,7423506238.00,2450.00,2600.00,2578.00,2600.00
31920617569703557,20150719,2460.00,2450.00,0,0,0.00,0.00,0.00,2460.00,0.00
31920617569703557,20150720,2347.00,2337.00,104,1144012,2685444214.00,2337.00,2450.00,2460.00,2381.00
31920617569703557,20150721,2303.00,2280.00,447,3886104,8949270837.00,2250.00,2448.00,2347.00,2350.00
31920617569703557,20150722,2259.00,2250.00,429,3374047,7621344740.00,2220.00,2330.00,2303.00,2300.00
31920617569703557,20150725,2179.00,2184.00,549,4233582,9224788562.00,2147.00,2294.00,2259.00,2190.00
31920617569703557,20150726,2283.00,2287.00,723,8441574,19272065973.00,2190.00,2287.00,2179.00,2200.00
31920617569703557,20150727,2324.00,2319.00,567,3686695,8568170500.00,2250.00,2374.00,2283.00,2345.00
31920617569703557,20150728,2424.00,2426.00,786,6672239,16176178765.00,2330.00,2440.00,2324.00,2330.00
31920617569703557,20150729,2400.00,2420.00,655,5304843,12730608223.00,2350.00,2499.00,2424.00,2470.00
31920617569703557,20150801,2343.00,2330.00,456,2787877,6531472059.00,2320.00,2463.00,2400.00,2340.00
31920617569703557,20150802,2343.00,2330.00,0,0,0.00,0.00,0.00,2343.00,0.00
31920617569703557,20150803,2343.00,2330.00,0,0,0.00,0.00,0.00,2343.00,0.00
31920617569703557,20150804,2343.00,2330.00,0,0,0.00,0.00,0.00,2343.00,0.00
31920617569703557,20150805,2343.00,2330.00,0,0,0.00,0.00,0.00,2343.00,0.00
31920617569703557,20150808,2343.00,2330.00,0,0,0.00,0.00,0.00,2343.00,0.00
31920617569703557,20150809,2343.00,2330.00,0,0,0.00,0.00,0.00,2343.00,0.00
31920617569703557,20150810,2343.00,2330.00,0,0,0.00,0.00,0.00,2343.00,0.00
31920617569703557,20150812,2343.00,2330.00,0,0,0.00,0.00,0.00,2343.00,0.00
31920617569703557,20150815,2343.00,2330.00,0,0,0.00,0.00,0.00,2343.00,0.00
31920617569703557,20150816,2343.00,2330.00,0,0,0.00,0.00,0.00,2343.00,0.00
31920617569703557,20150817,2343.00,2330.00,0,0,0.00,0.00,0.00,2343.00,0.00
31920617569703557,20150818,2343.00,2330.00,0,0,0.00,0.00,0.00,2343.00,0.00
31920617569703557,20150819,2343.00,2330.00,0,0,0.00,0.00,0.00,2343.00,0.00
31920617569703557,20150822,2343.00,2330.00,0,0,0.00,0.00,0.00,2343.00,0.00
31920617569703557,20150823,2343.00,2330.00,0,0,0.00,0.00,0.00,2343.00,0.00
31920617569703557,20150824,2343.00,2330.00,0,0,0.00,0.00,0.00,2343.00,0.00
31920617569703557,20150825,2216.00,2258.00,642,6977933,15463002936.00,2151.00,2258.00,2343.00,2151.00
31920617569703557,20150826,2323.00,2326.00,1045,11766906,27330747413.00,2260.00,2326.00,2216.00,2297.00
31920617569703557,20150829,2344.00,2300.00,332,1984568,4651633653.00,2300.00,2400.00,2323.00,2388.00
31920617569703557,20150830,2257.00,2250.00,331,1830213,4130663648.00,2232.00,2347.00,2344.00,2280.00
31920617569703557,20150831,2254.00,2267.00,365,1906201,4296861674.00,2172.00,2310.00,2257.00,2300.00
31920617569703557,20150901,2310.00,2310.00,216,1339428,3093881746.00,2280.00,2345.00,2254.00,2297.00
31920617569703557,20150902,2250.00,2230.00,325,1619172,3643394381.00,2230.00,2320.00,2310.00,2310.00
31920617569703557,20150905,2210.00,2230.00,462,2919563,6451495769.00,2162.00,2278.00,2250.00,2260.00
31920617569703557,20150906,2215.00,2211.00,317,1661743,3680785942.00,2190.00,2270.00,2210.00,2230.00
31920617569703557,20150907,2270.00,2260.00,788,5186165,11772390750.00,2190.00,2325.00,2215.00,2240.00
31920617569703557,20150908,2299.00,2289.00,818,5582443,12831838102.00,2270.00,2355.00,2270.00,2339.00
31920617569703557,20150909,2318.00,2326.00,455,3988945,9246814833.00,2262.00,2347.00,2299.00,2347.00
31920617569703557,20150912,2235.00,2203.00,380,2451122,5478630214.00,2203.00,2347.00,2318.00,2347.00
31920617569703557,20150913,2128.00,2124.00,422,3330984,7088790878.00,2124.00,2170.00,2235.00,2170.00
31920617569703557,20150914,2041.00,2030.00,854,8869248,18106012252.00,2022.00,2099.00,2128.00,2027.00
31920617569703557,20150915,1943.00,1939.00,481,5036136,9787240325.00,1939.00,2075.00,2041.00,2075.00
31920617569703557,20150916,1939.00,1948.00,328,2230397,4325153770.00,1881.00,1989.00,1943.00,1969.00
31920617569703557,20150919,1865.00,1849.00,472,3709566,6918515267.00,1843.00,1970.00,1939.00,1901.00
31920617569703557,20150920,1775.00,1772.00,454,4216412,7482122422.00,1772.00,1865.00,1865.00,1821.00
31920617569703557,20150921,1706.00,1755.00,351,2790468,4761509306.00,1687.00,1775.00,1775.00,1705.00
31920617569703557,20150922,1791.00,1791.00,252,3164348,5665880268.00,1784.00,1791.00,1706.00,1784.00
31920617569703557,20150923,1876.00,1880.00,576,4839191,9078860795.00,1830.00,1880.00,1791.00,1855.00
31920617569703557,20150926,1854.00,1838.00,309,1855504,3439410560.00,1783.00,1944.00,1876.00,1944.00
31920617569703557,20150927,1855.00,1920.00,858,6937760,12867533139.00,1762.00,1930.00,1854.00,1838.00
31920617569703557,20150928,1943.00,1942.00,371,2737031,5317333429.00,1900.00,1947.00,1855.00,1920.00
31920617569703557,20150929,1913.00,1890.00,266,1285832,2459922144.00,1867.00,1987.00,1943.00,1900.00
31920617569703557,20150930,1850.00,1860.00,176,920974,1703706447.00,1823.00,1919.00,1913.00,1919.00
31920617569703557,20151003,1792.00,1770.00,264,1477531,2648040922.00,1770.00,1890.00,1850.00,1890.00
31920617569703557,20151004,1836.00,1881.00,374,1831313,3362475020.00,1720.00,1881.00,1792.00,1791.00
31920617569703557,20151005,1844.00,1820.00,202,1001396,1846122899.00,1800.00,1913.00,1836.00,1913.00
31920617569703557,20151006,1801.00,1813.00,111,571246,1028695018.00,1780.00,1847.00,1844.00,1847.00
31920617569703557,20151007,1823.00,1793.00,180,1375312,2507318843.00,1793.00,1863.00,1801.00,1857.00
31920617569703557,20151010,1796.00,1800.00,145,786014,1411567293.00,1773.00,1830.00,1823.00,1773.00
31920617569703557,20151011,1817.00,1809.00,196,1143410,2078079388.00,1789.00,1844.00,1796.00,1789.00
31920617569703557,20151012,1844.00,1848.00,237,1281741,2363087890.00,1807.00,1868.00,1817.00,1807.00
31920617569703557,20151013,1877.00,1879.00,351,2332971,4378341301.00,1840.00,1900.00,1844.00,1860.00
31920617569703557,20151014,1837.00,1835.00,830,5828671,10705728716.00,1801.00,1918.00,1877.00,1890.00
31920617569703557,20151017,1844.00,1879.00,1027,8323758,15351802816.00,1786.00,1897.00,1837.00,1822.00
31920617569703557,20151018,1826.00,1855.00,2541,27103556,49489388846.00,1800.00,1900.00,1844.00,1900.00
31920617569703557,20151019,1858.00,1840.00,678,6017190,11180954201.00,1830.00,1889.00,1826.00,1868.00
31920617569703557,20151020,1854.00,1837.00,585,4473328,8295531248.00,1831.00,1880.00,1858.00,1835.00
31920617569703557,20151021,1796.00,1794.00,472,3070750,5516455366.00,1770.00,1839.00,1854.00,1824.00
31920617569703557,20151025,1710.00,1707.00,570,5202991,8897390524.00,1707.00,1760.00,1796.00,1750.00
31920617569703557,20151026,1785.00,1795.00,642,5776254,10309147123.00,1711.00,1795.00,1710.00,1732.00
31920617569703557,20151027,1869.00,1874.00,1172,13662492,25542000583.00,1808.00,1874.00,1785.00,1839.00
31920617569703557,20151028,1962.00,1962.00,121,1893974,3715976988.00,1962.00,1962.00,1869.00,1962.00
31920617569703557,20151031,2060.00,2060.00,1317,20592622,42416534207.00,2014.00,2060.00,1962.00,2060.00
31920617569703557,20151101,2058.00,2028.00,2183,21021204,43254925181.00,1981.00,2110.00,2060.00,2099.00
31920617569703557,20151102,2040.00,2020.00,842,5735082,11699417411.00,2003.00,2097.00,2058.00,2013.00
31920617569703557,20151103,2113.00,2142.00,931,8166092,17251587480.00,2019.00,2142.00,2040.00,2050.00
31920617569703557,20151104,2216.00,2213.00,1548,20736619,45960310091.00,2166.00,2218.00,2113.00,2218.00
31920617569703557,20151107,2263.00,2280.00,1939,14073233,31852189568.00,2155.00,2326.00,2216.00,2200.00
31920617569703557,20151108,2283.00,2255.00,885,5820694,13288029512.00,2225.00,2345.00,2263.00,2250.00
31920617569703557,20151109,2296.00,2325.00,1302,9796788,22494347747.00,2243.00,2346.00,2283.00,2270.00
31920617569703557,20151110,2404.00,2410.00,947,10993915,26434088675.00,2340.00,2410.00,2296.00,2340.00
31920617569703557,20151111,2373.00,2320.00,2047,17417996,41328427876.00,2284.00,2459.00,2404.00,2405.00
31920617569703557,20151114,2407.00,2423.00,1344,9955134,23964541294.00,2284.00,2485.00,2373.00,2300.00
31920617569703557,20151115,2526.00,2527.00,1294,19670323,49692081783.00,2480.00,2527.00,2407.00,2511.00
31920617569703557,20151116,2626.00,2599.00,1334,14214977,37333403809.00,2553.00,2652.00,2526.00,2598.00
31920617569703557,20151117,2627.00,2754.00,3029,30288329,79579037199.00,2501.00,2757.00,2626.00,2620.00
31920617569703557,20151118,2756.00,2758.00,674,6891572,18994190572.00,2722.00,2758.00,2627.00,2750.00
31920617569703557,20151121,2769.00,2680.00,2181,14394959,39864670656.00,2658.00,2870.00,2756.00,2790.00
31920617569703557,20151122,2654.00,2631.00,1777,15594827,41390204208.00,2631.00,2738.00,2769.00,2650.00
31920617569703557,20151123,2546.00,2522.00,1144,8986357,22877516345.00,2522.00,2629.00,2654.00,2525.00
31920617569703557,20151124,2443.00,2460.00,2897,29551890,72183456925.00,2419.00,2535.00,2546.00,2419.00
31920617569703557,20151125,2371.00,2331.00,1844,14853431,35223330905.00,2321.00,2520.00,2443.00,2480.00
31920617569703557,20151128,2465.00,2489.00,2052,16660548,41072498541.00,2290.00,2489.00,2371.00,2345.00
31920617569703557,20151129,2503.00,2480.00,1784,11644739,29152113742.00,2420.00,2550.00,2465.00,2510.00
31920617569703557,20151130,2463.00,2420.00,1068,6248840,15388712394.00,2401.00,2535.00,2503.00,2503.00
31920617569703557,20151201,2378.00,2370.00,1060,7520046,17879075343.00,2342.00,2450.00,2463.00,2400.00
31920617569703557,20151205,2430.00,2411.00,762,4716321,11462913458.00,2368.00,2480.00,2378.00,2425.00
31920617569703557,20151206,2349.00,2319.00,720,4392471,10316125254.00,2319.00,2470.00,2430.00,2450.00
31920617569703557,20151207,2257.00,2239.00,904,6046239,13648278756.00,2232.00,2360.00,2349.00,2359.00
31920617569703557,20151208,2327.00,2325.00,708,4086372,9508847956.00,2221.00,2369.00,2257.00,2271.00
31920617569703557,20151209,2379.00,2401.00,666,3647646,8679515727.00,2290.00,2415.00,2327.00,2353.00
31920617569703557,20151213,2423.00,2425.00,673,5217514,12640598368.00,2353.00,2461.00,2379.00,2413.00
31920617569703557,20151214,2429.00,2411.00,554,3181681,7727787480.00,2392.00,2470.00,2423.00,2435.00
31920617569703557,20151215,2411.00,2387.00,629,3733427,9000992112.00,2360.00,2465.00,2429.00,2410.00
31920617569703557,20151216,2366.00,2330.00,718,4609730,10907298026.00,2306.00,2459.00,2411.00,2420.00
31920617569703557,20151219,2258.00,2258.00,791,5759454,13007205426.00,2248.00,2345.00,2366.00,2300.00
31920617569703557,20151220,2336.00,2370.00,513,4544925,10617128425.00,2250.00,2370.00,2258.00,2250.00
31920617569703557,20151221,2447.00,2452.00,1127,10671576,26108154949.00,2400.00,2452.00,2336.00,2420.00
31920617569703557,20151222,2520.00,2569.00,1472,12252619,30873542372.00,2402.00,2569.00,2447.00,2500.00
31920617569703557,20151223,2455.00,2410.00,1849,16037478,39372125587.00,2401.00,2569.00,2520.00,2453.00
31920617569703557,20151226,2402.00,2380.00,1226,8552473,20542025655.00,2369.00,2485.00,2455.00,2440.00
31920617569703557,20151227,2420.00,2400.00,882,5726299,13856169430.00,2392.00,2449.00,2402.00,2440.00
31920617569703557,20151228,2370.00,2350.00,891,4435717,10514374054.00,2340.00,2439.00,2420.00,2420.00
31920617569703557,20151230,2362.00,2380.00,1042,6916593,16340442402.00,2310.00,2430.00,2370.00,2345.00
31920617569703557,20160102,2373.00,2341.00,615,3583616,8504139249.00,2340.00,2410.00,2362.00,2398.00
31920617569703557,20160103,2331.00,2328.00,658,3588153,8364256347.00,2315.00,2390.00,2373.00,2390.00
31920617569703557,20160104,2411.00,2445.00,1287,8961686,21602681327.00,2330.00,2447.00,2331.00,2330.00
31920617569703557,20160105,2526.00,2531.00,841,9462213,23904093968.00,2480.00,2531.00,2411.00,2495.00
31920617569703557,20160106,2613.00,2540.00,1370,11471722,29970275670.00,2539.00,2652.00,2526.00,2620.00
31920617569703557,20160109,2510.00,2483.00,800,6522128,16371500617.00,2483.00,2589.00,2613.00,2550.00
31920617569703557,20160110,2530.00,2470.00,1048,8744019,22118805088.00,2411.00,2612.00,2510.00,2450.00
31920617569703557,20160111,2507.00,2510.00,749,5469394,13710703241.00,2451.00,2591.00,2530.00,2559.00
31920617569703557,20160112,2444.00,2396.00,758,5296854,12945814099.00,2390.00,2560.00,2507.00,2537.00
31920617569703557,20160113,2411.00,2379.00,1146,8657431,20875502573.00,2360.00,2510.00,2444.00,2400.00
31920617569703557,20160116,2383.00,2345.00,1254,8319074,19826143253.00,2330.00,2480.00,2411.00,2465.00
31920617569703557,20160117,2301.00,2264.00,1261,8696676,20013291242.00,2264.00,2398.00,2383.00,2398.00
31920617569703557,20160118,2224.00,2248.00,863,6407225,14248080099.00,2191.00,2298.00,2301.00,2204.00
31920617569703557,20160119,2220.00,2196.00,1402,8294243,18417121490.00,2190.00,2309.00,2224.00,2269.00
31920617569703557,20160120,2282.00,2331.00,1746,16062731,36653311766.00,2135.00,2331.00,2220.00,2200.00
31920617569703557,20160123,2326.00,2335.00,1240,11197631,26042759094.00,2250.00,2395.00,2282.00,2368.00
31920617569703557,20160124,2430.00,2442.00,977,8886518,21592474796.00,2300.00,2442.00,2326.00,2330.00
31920617569703557,20160125,2541.00,2551.00,343,2947456,7488663828.00,2456.00,2551.00,2430.00,2484.00
31920617569703557,20160126,2621.00,2600.00,1503,13623298,35708424008.00,2501.00,2668.00,2541.00,2668.00
31920617569703557,20160127,2673.00,2750.00,2544,28323558,75706417052.00,2490.00,2752.00,2621.00,2600.00
31920617569703557,20160130,2802.00,2806.00,843,10328491,28938990199.00,2705.00,2806.00,2673.00,2780.00
31920617569703557,20160131,2941.00,2942.00,725,11243531,33062749254.00,2900.00,2942.00,2802.00,2942.00
31920617569703557,20160201,3044.00,3088.00,1136,11843148,36053888298.00,2850.00,3088.00,2941.00,2950.00
31920617569703557,20160202,3139.00,3000.00,1211,11147734,34989354328.00,2971.00,3196.00,3044.00,3150.00
31920617569703557,20160203,3060.00,3011.00,978,9572629,29296098530.00,3010.00,3160.00,3139.00,3030.00
31920617569703557,20160206,3195.00,3213.00,232,2204617,7042774530.00,3060.00,3213.00,3060.00,3062.00
31920617569703557,20160207,3354.00,3354.00,46,273520,917386080.00,3354.00,3354.00,3195.00,3354.00
31920617569703557,20160208,3486.00,3415.00,2568,29449643,102661661371.00,3395.00,3521.00,3354.00,3521.00
31920617569703557,20160209,3628.00,3480.00,1389,15160895,55008423746.00,3480.00,3660.00,3486.00,3540.00
31920617569703557,20160210,3804.00,3809.00,730,7236291,27528392381.00,3625.00,3809.00,3628.00,3625.00
31920617569703557,20160213,3994.00,3994.00,52,221936,886412384.00,3994.00,3994.00,3804.00,3994.00
31920617569703557,20160214,4193.00,4193.00,86,780313,3271852409.00,4193.00,4193.00,3994.00,4193.00
31920617569703557,20160215,4402.00,4402.00,519,6400664,28175216792.00,4400.00,4402.00,4193.00,4402.00
31920617569703557,20160216,4622.00,4622.00,20,199101,920244822.00,4622.00,4622.00,4402.00,4622.00
31920617569703557,20160217,4853.00,4853.00,30,215586,1046238858.00,4853.00,4853.00,4622.00,4853.00
31920617569703557,20160220,5094.00,5095.00,853,9640103,49103469558.00,4910.00,5095.00,4853.00,5095.00
31920617569703557,20160221,5347.00,5348.00,270,2692305,14396159670.00,5328.00,5348.00,5094.00,5348.00
31920617569703557,20160222,5523.00,5614.00,3269,23927573,132160037115.00,5100.00,5614.00,5347.00,5614.00
31920617569703557,20160223,5323.00,5247.00,2318,16430666,87463173727.00,5247.00,5737.00,5523.00,5690.00
31920617569703557,20160224,5140.00,5057.00,827,6822375,35064061805.00,5057.00,5400.00,5323.00,5151.00
31920617569703557,20160227,4883.00,4883.00,184,1197051,5845200033.00,4883.00,4883.00,5140.00,4883.00
31920617569703557,20160228,4857.00,4780.00,7316,56958675,276676620710.00,4639.00,5127.00,4883.00,5127.00
31920617569703557,20160229,5073.00,5099.00,2866,22264336,112943726463.00,4850.00,5099.00,4857.00,4850.00
31920617569703557,20160301,5215.00,5220.00,1490,7423687,38714400695.00,5090.00,5320.00,5073.00,5200.00
31920617569703557,20160302,5464.00,5300.00,3619,23376035,127716019746.00,5285.00,5475.00,5215.00,5475.00
31920617569703557,20160305,5464.00,5300.00,0,0,0.00,0.00,0.00,5464.00,0.00
31920617569703557,20160306,5464.00,5300.00,0,0,0.00,0.00,0.00,5464.00,0.00
31920617569703557,20160307,5464.00,5300.00,0,0,0.00,0.00,0.00,5464.00,0.00
31920617569703557,20160308,5464.00,5300.00,0,0,0.00,0.00,0.00,5464.00,0.00
31920617569703557,20160309,5464.00,5300.00,0,0,0.00,0.00,0.00,5464.00,0.00
31920617569703557,20160312,5464.00,5300.00,0,0,0.00,0.00,0.00,5464.00,0.00
31920617569703557,20160314,5464.00,5300.00,0,0,0.00,0.00,0.00,5464.00,0.00
31920617569703557,20160315,5464.00,5300.00,0,0,0.00,0.00,0.00,5464.00,0.00
31920617569703557,20160316,3712.00,3705.00,722,4890687,18155761360.00,3705.00,3900.00,5464.00,3900.00
31920617569703557,20160326,3859.00,3897.00,76,487113,1879668411.00,3810.00,3897.00,3712.00,3819.00
31920617569703557,20160327,4051.00,4051.00,33,224316,908704116.00,4051.00,4051.00,3859.00,4051.00
31920617569703557,20160328,4253.00,4253.00,38,376691,1602066823.00,4253.00,4253.00,4051.00,4253.00
31920617569703557,20160329,4465.00,4465.00,31,199655,891459575.00,4465.00,4465.00,4253.00,4465.00
31920617569703557,20160330,4686.00,4650.00,2553,20878277,97838205217.00,4600.00,4688.00,4465.00,4688.00
31920617569703557,20160402,4724.00,4859.00,2430,12585923,59453490023.00,4452.00,4920.00,4686.00,4660.00
31920617569703557,20160403,4960.00,4960.00,40,381215,1890826400.00,4960.00,4960.00,4724.00,4960.00
31920617569703557,20160404,4960.00,4960.00,0,0,0.00,0.00,0.00,4960.00,0.00
31920617569703557,20160405,4960.00,4960.00,0,0,0.00,0.00,0.00,4960.00,0.00
31920617569703557,20160406,4960.00,4960.00,0,0,0.00,0.00,0.00,4960.00,0.00
31920617569703557,20160409,4960.00,4960.00,0,0,0.00,0.00,0.00,4960.00,0.00
31920617569703557,20160410,4960.00,4960.00,0,0,0.00,0.00,0.00,4960.00,0.00
31920617569703557,20160411,4960.00,4960.00,0,0,0.00,0.00,0.00,4960.00,0.00
31920617569703557,20160412,4960.00,4960.00,0,0,0.00,0.00,0.00,4960.00,0.00
31920617569703557,20160413,4960.00,4960.00,0,0,0.00,0.00,0.00,4960.00,0.00
31920617569703557,20160416,3994.00,4000.00,1393,7843994,31331669202.00,3802.00,4200.00,4960.00,4002.00
31920617569703557,20160417,3994.00,4000.00,0,0,0.00,0.00,0.00,3994.00,0.00
31920617569703557,20160418,3994.00,4000.00,0,0,0.00,0.00,0.00,3994.00,0.00
31920617569703557,20160419,3994.00,4000.00,0,0,0.00,0.00,0.00,3994.00,0.00
31920617569703557,20160420,3994.00,4000.00,0,0,0.00,0.00,0.00,3994.00,0.00
31920617569703557,20160423,3994.00,4000.00,0,0,0.00,0.00,0.00,3994.00,0.00
31920617569703557,20160424,3994.00,4000.00,0,0,0.00,0.00,0.00,3994.00,0.00
31920617569703557,20160425,3994.00,4000.00,0,0,0.00,0.00,0.00,3994.00,0.00
31920617569703557,20160426,3994.00,4000.00,0,0,0.00,0.00,0.00,3994.00,0.00
31920617569703557,20160427,3994.00,4000.00,0,0,0.00,0.00,0.00,3994.00,0.00
31920617569703557,20160430,3994.00,4000.00,0,0,0.00,0.00,0.00,3994.00,0.00
31920617569703557,20160501,3994.00,4000.00,0,0,0.00,0.00,0.00,3994.00,0.00
31920617569703557,20160502,3994.00,4000.00,0,0,0.00,0.00,0.00,3994.00,0.00
31920617569703557,20160503,3994.00,4000.00,0,0,0.00,0.00,0.00,3994.00,0.00
31920617569703557,20160504,3994.00,4000.00,0,0,0.00,0.00,0.00,3994.00,0.00
31920617569703557,20160507,3994.00,4000.00,0,0,0.00,0.00,0.00,3994.00,0.00
31920617569703557,20160508,3994.00,4000.00,0,0,0.00,0.00,0.00,3994.00,0.00
31920617569703557,20160509,3994.00,4000.00,0,0,0.00,0.00,0.00,3994.00,0.00
31920617569703557,20160510,3994.00,4000.00,0,0,0.00,0.00,0.00,3994.00,0.00
31920617569703557,20160511,3994.00,4000.00,0,0,0.00,0.00,0.00,3994.00,0.00
31920617569703557,20160514,3994.00,4000.00,0,0,0.00,0.00,0.00,3994.00,0.00
31920617569703557,20160515,3994.00,4000.00,0,0,0.00,0.00,0.00,3994.00,0.00
31920617569703557,20160516,3994.00,4000.00,0,0,0.00,0.00,0.00,3994.00,0.00
31920617569703557,20160517,3994.00,4000.00,0,0,0.00,0.00,0.00,3994.00,0.00
31920617569703557,20160518,3994.00,4000.00,0,0,0.00,0.00,0.00,3994.00,0.00
31920617569703557,20160521,3994.00,4000.00,0,0,0.00,0.00,0.00,3994.00,0.00
31920617569703557,20160523,3994.00,4000.00,0,0,0.00,0.00,0.00,3994.00,0.00
31920617569703557,20160524,3994.00,4000.00,0,0,0.00,0.00,0.00,3994.00,0.00
31920617569703557,20160525,3994.00,4000.00,0,0,0.00,0.00,0.00,3994.00,0.00
31920617569703557,20160528,3994.00,4000.00,0,0,0.00,0.00,0.00,3994.00,0.00
31920617569703557,20160529,3994.00,4000.00,0,0,0.00,0.00,0.00,3994.00,0.00
31920617569703557,20160530,3994.00,4000.00,0,0,0.00,0.00,0.00,3994.00,0.00
31920617569703557,20160531,3994.00,4000.00,0,0,0.00,0.00,0.00,3994.00,0.00
31920617569703557,20160601,3994.00,4000.00,0,0,0.00,0.00,0.00,3994.00,0.00
31920617569703557,20160605,3994.00,4000.00,0,0,0.00,0.00,0.00,3994.00,0.00
31920617569703557,20160606,3994.00,4000.00,0,0,0.00,0.00,0.00,3994.00,0.00
31920617569703557,20160607,3994.00,4000.00,0,0,0.00,0.00,0.00,3994.00,0.00
31920617569703557,20160608,3994.00,4000.00,0,0,0.00,0.00,0.00,3994.00,0.00
31920617569703557,20160611,3994.00,4000.00,0,0,0.00,0.00,0.00,3994.00,0.00
31920617569703557,20160612,3994.00,4000.00,0,0,0.00,0.00,0.00,3994.00,0.00
31920617569703557,20160613,3994.00,4000.00,0,0,0.00,0.00,0.00,3994.00,0.00
31920617569703557,20160614,3994.00,4000.00,0,0,0.00,0.00,0.00,3994.00,0.00
31920617569703557,20160615,3994.00,4000.00,0,0,0.00,0.00,0.00,3994.00,0.00
31920617569703557,20160618,3994.00,4000.00,0,0,0.00,0.00,0.00,3994.00,0.00
31920617569703557,20160619,3994.00,4000.00,0,0,0.00,0.00,0.00,3994.00,0.00
31920617569703557,20160620,3994.00,4000.00,0,0,0.00,0.00,0.00,3994.00,0.00
31920617569703557,20160621,3994.00,4000.00,0,0,0.00,0.00,0.00,3994.00,0.00
31920617569703557,20160622,3994.00,4000.00,0,0,0.00,0.00,0.00,3994.00,0.00
31920617569703557,20160625,3994.00,4000.00,0,0,0.00,0.00,0.00,3994.00,0.00
31920617569703557,20160626,3994.00,4000.00,0,0,0.00,0.00,0.00,3994.00,0.00
31920617569703557,20160628,3994.00,4000.00,0,0,0.00,0.00,0.00,3994.00,0.00
31920617569703557,20160629,3994.00,4000.00,0,0,0.00,0.00,0.00,3994.00,0.00
31920617569703557,20160702,3994.00,4000.00,0,0,0.00,0.00,0.00,3994.00,0.00
31920617569703557,20160703,3994.00,4000.00,0,0,0.00,0.00,0.00,3994.00,0.00
31920617569703557,20160704,3994.00,4000.00,0,0,0.00,0.00,0.00,3994.00,0.00
31920617569703557,20160705,3994.00,4000.00,0,0,0.00,0.00,0.00,3994.00,0.00
31920617569703557,20160709,3994.00,4000.00,0,0,0.00,0.00,0.00,3994.00,0.00
31920617569703557,20160710,3994.00,4000.00,0,0,0.00,0.00,0.00,3994.00,0.00
31920617569703557,20160711,3994.00,4000.00,0,0,0.00,0.00,0.00,3994.00,0.00
31920617569703557,20160712,3994.00,4000.00,0,0,0.00,0.00,0.00,3994.00,0.00
31920617569703557,20160713,3994.00,4000.00,0,0,0.00,0.00,0.00,3994.00,0.00
31920617569703557,20160716,3994.00,4000.00,0,0,0.00,0.00,0.00,3994.00,0.00
31920617569703557,20160717,3994.00,4000.00,0,0,0.00,0.00,0.00,3994.00,0.00
31920617569703557,20160718,3994.00,4000.00,0,0,0.00,0.00,0.00,3994.00,0.00
31920617569703557,20160719,3994.00,4000.00,0,0,0.00,0.00,0.00,3994.00,0.00
31920617569703557,20160720,3994.00,4000.00,0,0,0.00,0.00,0.00,3994.00,0.00
31920617569703557,20160723,3994.00,4000.00,0,0,0.00,0.00,0.00,3994.00,0.00
31920617569703557,20160724,3994.00,4000.00,0,0,0.00,0.00,0.00,3994.00,0.00
31920617569703557,20160725,3994.00,4000.00,0,0,0.00,0.00,0.00,3994.00,0.00
31920617569703557,20160726,3994.00,4000.00,0,0,0.00,0.00,0.00,3994.00,0.00
31920617569703557,20160727,3994.00,4000.00,0,0,0.00,0.00,0.00,3994.00,0.00
31920617569703557,20160731,3994.00,4000.00,0,0,0.00,0.00,0.00,3994.00,0.00
31920617569703557,20160801,3994.00,4000.00,0,0,0.00,0.00,0.00,3994.00,0.00
31920617569703557,20160802,3994.00,4000.00,0,0,0.00,0.00,0.00,3994.00,0.00
31920617569703557,20160803,3994.00,4000.00,0,0,0.00,0.00,0.00,3994.00,0.00
31920617569703557,20160806,3994.00,4000.00,0,0,0.00,0.00,0.00,3994.00,0.00
31920617569703557,20160807,3994.00,4000.00,0,0,0.00,0.00,0.00,3994.00,0.00
31920617569703557,20160808,3994.00,4000.00,0,0,0.00,0.00,0.00,3994.00,0.00
31920617569703557,20160809,3994.00,4000.00,0,0,0.00,0.00,0.00,3994.00,0.00
31920617569703557,20160810,3994.00,4000.00,0,0,0.00,0.00,0.00,3994.00,0.00
31920617569703557,20160813,3994.00,4000.00,0,0,0.00,0.00,0.00,3994.00,0.00
31920617569703557,20160814,3994.00,4000.00,0,0,0.00,0.00,0.00,3994.00,0.00
31920617569703557,20160815,3994.00,4000.00,0,0,0.00,0.00,0.00,3994.00,0.00
31920617569703557,20160816,3994.00,4000.00,0,0,0.00,0.00,0.00,3994.00,0.00
31920617569703557,20160817,3994.00,4000.00,0,0,0.00,0.00,0.00,3994.00,0.00
31920617569703557,20160820,3994.00,4000.00,0,0,0.00,0.00,0.00,3994.00,0.00
31920617569703557,20160821,3994.00,4000.00,0,0,0.00,0.00,0.00,3994.00,0.00
31920617569703557,20160822,3994.00,4000.00,0,0,0.00,0.00,0.00,3994.00,0.00
31920617569703557,20160823,3994.00,4000.00,0,0,0.00,0.00,0.00,3994.00,0.00
31920617569703557,20160824,3994.00,4000.00,0,0,0.00,0.00,0.00,3994.00,0.00
31920617569703557,20160827,3994.00,4000.00,0,0,0.00,0.00,0.00,3994.00,0.00
31920617569703557,20160828,3994.00,4000.00,0,0,0.00,0.00,0.00,3994.00,0.00
31920617569703557,20160829,3994.00,4000.00,0,0,0.00,0.00,0.00,3994.00,0.00
31920617569703557,20160830,3994.00,4000.00,0,0,0.00,0.00,0.00,3994.00,0.00
31920617569703557,20160831,3994.00,4000.00,0,0,0.00,0.00,0.00,3994.00,0.00
31920617569703557,20160903,3994.00,4000.00,0,0,0.00,0.00,0.00,3994.00,0.00
31920617569703557,20160904,3994.00,4000.00,0,0,0.00,0.00,0.00,3994.00,0.00
31920617569703557,20160905,3994.00,4000.00,0,0,0.00,0.00,0.00,3994.00,0.00
31920617569703557,20160906,3994.00,4000.00,0,0,0.00,0.00,0.00,3994.00,0.00
31920617569703557,20160907,3994.00,4000.00,0,0,0.00,0.00,0.00,3994.00,0.00
31920617569703557,20160910,3994.00,4000.00,0,0,0.00,0.00,0.00,3994.00,0.00
31920617569703557,20160911,3994.00,4000.00,0,0,0.00,0.00,0.00,3994.00,0.00
31920617569703557,20160913,3994.00,4000.00,0,0,0.00,0.00,0.00,3994.00,0.00
31920617569703557,20160914,3994.00,4000.00,0,0,0.00,0.00,0.00,3994.00,0.00
31920617569703557,20160917,3994.00,4000.00,0,0,0.00,0.00,0.00,3994.00,0.00
31920617569703557,20160918,3994.00,4000.00,0,0,0.00,0.00,0.00,3994.00,0.00
31920617569703557,20160919,3994.00,4000.00,0,0,0.00,0.00,0.00,3994.00,0.00
31920617569703557,20160921,3994.00,4000.00,0,0,0.00,0.00,0.00,3994.00,0.00
31920617569703557,20160924,3994.00,4000.00,0,0,0.00,0.00,0.00,3994.00,0.00
31920617569703557,20160925,3994.00,4000.00,0,0,0.00,0.00,0.00,3994.00,0.00
31920617569703557,20160926,3994.00,4000.00,0,0,0.00,0.00,0.00,3994.00,0.00
31920617569703557,20160927,3994.00,4000.00,0,0,0.00,0.00,0.00,3994.00,0.00
31920617569703557,20160928,3994.00,4000.00,0,0,0.00,0.00,0.00,3994.00,0.00
31920617569703557,20161001,3994.00,4000.00,0,0,0.00,0.00,0.00,3994.00,0.00
31920617569703557,20161002,3994.00,4000.00,0,0,0.00,0.00,0.00,3994.00,0.00
31920617569703557,20161003,3994.00,4000.00,0,0,0.00,0.00,0.00,3994.00,0.00
31920617569703557,20161004,3994.00,4000.00,0,0,0.00,0.00,0.00,3994.00,0.00
31920617569703557,20161005,3994.00,4000.00,0,0,0.00,0.00,0.00,3994.00,0.00
31920617569703557,20161008,3994.00,4000.00,0,0,0.00,0.00,0.00,3994.00,0.00
31920617569703557,20161009,3994.00,4000.00,0,0,0.00,0.00,0.00,3994.00,0.00
31920617569703557,20161010,3994.00,4000.00,0,0,0.00,0.00,0.00,3994.00,0.00
31920617569703557,20161012,3994.00,4000.00,0,0,0.00,0.00,0.00,3994.00,0.00
31920617569703557,20161015,3994.00,4000.00,0,0,0.00,0.00,0.00,3994.00,0.00
31920617569703557,20161016,3994.00,4000.00,0,0,0.00,0.00,0.00,3994.00,0.00
31920617569703557,20161017,3994.00,4000.00,0,0,0.00,0.00,0.00,3994.00,0.00
31920617569703557,20161018,3994.00,4000.00,0,0,0.00,0.00,0.00,3994.00,0.00
31920617569703557,20161019,3994.00,4000.00,0,0,0.00,0.00,0.00,3994.00,0.00
31920617569703557,20161022,3994.00,4000.00,0,0,0.00,0.00,0.00,3994.00,0.00
31920617569703557,20161023,3994.00,4000.00,0,0,0.00,0.00,0.00,3994.00,0.00
31920617569703557,20161024,3994.00,4000.00,0,0,0.00,0.00,0.00,3994.00,0.00
31920617569703557,20161025,3994.00,4000.00,0,0,0.00,0.00,0.00,3994.00,0.00
31920617569703557,20161026,3994.00,4000.00,0,0,0.00,0.00,0.00,3994.00,0.00
31920617569703557,20161027,3994.00,4000.00,0,0,0.00,0.00,0.00,3994.00,0.00
31920617569703557,20161028,3994.00,4000.00,0,0,0.00,0.00,0.00,3994.00,0.00
31920617569703557,20161029,3994.00,4000.00,0,0,0.00,0.00,0.00,3994.00,0.00
31920617569703557,20161030,3994.00,4000.00,0,0,0.00,0.00,0.00,3994.00,0.00
31920617569703557,20161031,3994.00,4000.00,0,0,0.00,0.00,0.00,3994.00,0.00
31920617569703557,20161101,3994.00,4000.00,0,0,0.00,0.00,0.00,3994.00,0.00
31920617569703557,20161102,3994.00,4000.00,0,0,0.00,0.00,0.00,3994.00,0.00
31920617569703557,20161105,3994.00,4000.00,0,0,0.00,0.00,0.00,3994.00,0.00
31920617569703557,20161106,3994.00,4000.00,0,0,0.00,0.00,0.00,3994.00,0.00
31920617569703557,20161107,3994.00,4000.00,0,0,0.00,0.00,0.00,3994.00,0.00
31920617569703557,20161108,3994.00,4000.00,0,0,0.00,0.00,0.00,3994.00,0.00
31920617569703557,20161109,3994.00,4000.00,0,0,0.00,0.00,0.00,3994.00,0.00
31920617569703557,20161112,3994.00,4000.00,0,0,0.00,0.00,0.00,3994.00,0.00
31920617569703557,20161113,3994.00,4000.00,0,0,0.00,0.00,0.00,3994.00,0.00
31920617569703557,20161114,3994.00,4000.00,0,0,0.00,0.00,0.00,3994.00,0.00
31920617569703557,20161115,3994.00,4000.00,0,0,0.00,0.00,0.00,3994.00,0.00
31920617569703557,20161116,3994.00,4000.00,0,0,0.00,0.00,0.00,3994.00,0.00
31920617569703557,20161119,3994.00,4000.00,0,0,0.00,0.00,0.00,3994.00,0.00
31920617569703557,20161121,3994.00,4000.00,0,0,0.00,0.00,0.00,3994.00,0.00
31920617569703557,20161122,3994.00,4000.00,0,0,0.00,0.00,0.00,3994.00,0.00
31920617569703557,20161123,3994.00,4000.00,0,0,0.00,0.00,0.00,3994.00,0.00
31920617569703557,20161126,3994.00,4000.00,0,0,0.00,0.00,0.00,3994.00,0.00
31920617569703557,20161127,3994.00,4000.00,0,0,0.00,0.00,0.00,3994.00,0.00
31920617569703557,20161129,3994.00,4000.00,0,0,0.00,0.00,0.00,3994.00,0.00
31920617569703557,20161203,3994.00,4000.00,0,0,0.00,0.00,0.00,3994.00,0.00
31920617569703557,20161204,3994.00,4000.00,0,0,0.00,0.00,0.00,3994.00,0.00
31920617569703557,20161205,3994.00,4000.00,0,0,0.00,0.00,0.00,3994.00,0.00
31920617569703557,20161206,3994.00,4000.00,0,0,0.00,0.00,0.00,3994.00,0.00
31920617569703557,20161207,3994.00,4000.00,0,0,0.00,0.00,0.00,3994.00,0.00
31920617569703557,20161210,3994.00,4000.00,0,0,0.00,0.00,0.00,3994.00,0.00
31920617569703557,20161211,3994.00,4000.00,0,0,0.00,0.00,0.00,3994.00,0.00
31920617569703557,20161212,3994.00,4000.00,0,0,0.00,0.00,0.00,3994.00,0.00
31920617569703557,20161213,3994.00,4000.00,0,0,0.00,0.00,0.00,3994.00,0.00
31920617569703557,20161214,3994.00,4000.00,0,0,0.00,0.00,0.00,3994.00,0.00
31920617569703557,20161218,3994.00,4000.00,0,0,0.00,0.00,0.00,3994.00,0.00
31920617569703557,20161219,3994.00,4000.00,0,0,0.00,0.00,0.00,3994.00,0.00
31920617569703557,20161220,3994.00,4000.00,0,0,0.00,0.00,0.00,3994.00,0.00
31920617569703557,20161221,3994.00,4000.00,0,0,0.00,0.00,0.00,3994.00,0.00
31920617569703557,20161224,3994.00,4000.00,0,0,0.00,0.00,0.00,3994.00,0.00
31920617569703557,20161225,3994.00,4000.00,0,0,0.00,0.00,0.00,3994.00,0.00
31920617569703557,20161226,3994.00,4000.00,0,0,0.00,0.00,0.00,3994.00,0.00
31920617569703557,20161227,3994.00,4000.00,0,0,0.00,0.00,0.00,3994.00,0.00
31920617569703557,20161228,3994.00,4000.00,0,0,0.00,0.00,0.00,3994.00,0.00
31920617569703557,20161231,3994.00,4000.00,0,0,0.00,0.00,0.00,3994.00,0.00
31920617569703557,20170101,3994.00,4000.00,0,0,0.00,0.00,0.00,3994.00,0.00
31920617569703557,20170102,3994.00,4000.00,0,0,0.00,0.00,0.00,3994.00,0.00
31920617569703557,20170103,3994.00,4000.00,0,0,0.00,0.00,0.00,3994.00,0.00
31920617569703557,20170104,3994.00,4000.00,0,0,0.00,0.00,0.00,3994.00,0.00
31920617569703557,20170107,3994.00,4000.00,0,0,0.00,0.00,0.00,3994.00,0.00
31920617569703557,20170108,3994.00,4000.00,0,0,0.00,0.00,0.00,3994.00,0.00
31920617569703557,20170109,3994.00,4000.00,0,0,0.00,0.00,0.00,3994.00,0.00
31920617569703557,20170111,3994.00,4000.00,0,0,0.00,0.00,0.00,3994.00,0.00
31920617569703557,20170114,3994.00,4000.00,0,0,0.00,0.00,0.00,3994.00,0.00
31920617569703557,20170115,3994.00,4000.00,0,0,0.00,0.00,0.00,3994.00,0.00
31920617569703557,20170116,3994.00,4000.00,0,0,0.00,0.00,0.00,3994.00,0.00
31920617569703557,20170117,3994.00,4000.00,0,0,0.00,0.00,0.00,3994.00,0.00
31920617569703557,20170118,3994.00,4000.00,0,0,0.00,0.00,0.00,3994.00,0.00
31920617569703557,20170121,3994.00,4000.00,0,0,0.00,0.00,0.00,3994.00,0.00
31920617569703557,20170122,3994.00,4000.00,0,0,0.00,0.00,0.00,3994.00,0.00
31920617569703557,20170123,3994.00,4000.00,0,0,0.00,0.00,0.00,3994.00,0.00
31920617569703557,20170124,3994.00,4000.00,0,0,0.00,0.00,0.00,3994.00,0.00
31920617569703557,20170125,3994.00,4000.00,0,0,0.00,0.00,0.00,3994.00,0.00
31920617569703557,20170128,3994.00,4000.00,0,0,0.00,0.00,0.00,3994.00,0.00
31920617569703557,20170129,3994.00,4000.00,0,0,0.00,0.00,0.00,3994.00,0.00
31920617569703557,20170130,3994.00,4000.00,0,0,0.00,0.00,0.00,3994.00,0.00
31920617569703557,20170131,3994.00,4000.00,0,0,0.00,0.00,0.00,3994.00,0.00
31920617569703557,20170201,3994.00,4000.00,0,0,0.00,0.00,0.00,3994.00,0.00
31920617569703557,20170204,3994.00,4000.00,0,0,0.00,0.00,0.00,3994.00,0.00
31920617569703557,20170205,3994.00,4000.00,0,0,0.00,0.00,0.00,3994.00,0.00
31920617569703557,20170206,3994.00,4000.00,0,0,0.00,0.00,0.00,3994.00,0.00
31920617569703557,20170207,3994.00,4000.00,0,0,0.00,0.00,0.00,3994.00,0.00
31920617569703557,20170208,3994.00,4000.00,0,0,0.00,0.00,0.00,3994.00,0.00
31920617569703557,20170211,3994.00,4000.00,0,0,0.00,0.00,0.00,3994.00,0.00
31920617569703557,20170212,3994.00,4000.00,0,0,0.00,0.00,0.00,3994.00,0.00
31920617569703557,20170213,3994.00,4000.00,0,0,0.00,0.00,0.00,3994.00,0.00
31920617569703557,20170214,3994.00,4000.00,0,0,0.00,0.00,0.00,3994.00,0.00
31920617569703557,20170215,3994.00,4000.00,0,0,0.00,0.00,0.00,3994.00,0.00
31920617569703557,20170218,3994.00,4000.00,0,0,0.00,0.00,0.00,3994.00,0.00
31920617569703557,20170219,3994.00,4000.00,0,0,0.00,0.00,0.00,3994.00,0.00
31920617569703557,20170220,3994.00,4000.00,0,0,0.00,0.00,0.00,3994.00,0.00
31920617569703557,20170221,3994.00,4000.00,0,0,0.00,0.00,0.00,3994.00,0.00
31920617569703557,20170222,3994.00,4000.00,0,0,0.00,0.00,0.00,3994.00,0.00
31920617569703557,20170225,3994.00,4000.00,0,0,0.00,0.00,0.00,3994.00,0.00
31920617569703557,20170226,3444.00,4000.00,0,0,0.00,0.00,0.00,3444.00,0.00
31920617569703557,20170227,549.00,4000.00,0,0,0.00,0.00,0.00,549.00,0.00
31920617569703557,20170228,549.00,4000.00,0,0,0.00,0.00,0.00,549.00,0.00
31920617569703557,20170301,549.00,4000.00,0,0,0.00,0.00,0.00,549.00,0.00
31920617569703557,20170304,549.00,4000.00,0,0,0.00,0.00,0.00,549.00,0.00
31920617569703557,20170305,549.00,4000.00,0,0,0.00,0.00,0.00,549.00,0.00
31920617569703557,20170306,549.00,4000.00,0,0,0.00,0.00,0.00,549.00,0.00
31920617569703557,20170307,549.00,4000.00,0,0,0.00,0.00,0.00,549.00,0.00
31920617569703557,20170308,518.00,496.00,2941,61401790,31786646445.00,496.00,544.00,549.00,522.00
31920617569703557,20170311,493.00,493.00,117,1660136,818447048.00,493.00,493.00,518.00,493.00
31920617569703557,20170312,480.00,469.00,60,794392,372569848.00,469.00,469.00,493.00,469.00
31920617569703557,20170313,456.00,456.00,629,9469617,4318145352.00,456.00,456.00,480.00,456.00
31920617569703557,20170314,453.00,478.00,7356,124402788,56319505861.00,434.00,478.00,456.00,434.00
31920617569703557,20170315,475.00,475.00,161,2826993,1342821675.00,475.00,475.00,453.00,475.00
31920617569703557,20170318,497.00,498.00,2212,39089857,19409444321.00,480.00,498.00,475.00,498.00
31920617569703557,20170325,519.00,521.00,667,11103701,5763945888.00,510.00,521.00,497.00,514.00
31920617569703557,20170326,544.00,544.00,146,2096586,1140542784.00,544.00,544.00,519.00,544.00
31920617569703557,20170327,567.00,571.00,158,1237484,706603364.00,571.00,571.00,544.00,571.00
31920617569703557,20170328,595.00,595.00,181,1405848,836479560.00,595.00,595.00,567.00,595.00
31920617569703557,20170329,609.00,624.00,9641,148189324,90282830168.00,566.00,624.00,595.00,624.00
31920617569703557,20170403,630.00,639.00,1968,29075224,18330544417.00,601.00,639.00,609.00,615.00
31920617569703557,20170404,657.00,661.00,3963,79770372,52374153266.00,632.00,661.00,630.00,654.00
31920617569703557,20170405,687.00,689.00,2339,49714511,34140125056.00,664.00,689.00,657.00,665.00
31920617569703557,20170408,718.00,721.00,2993,67627795,48541027821.00,697.00,721.00,687.00,700.00
31920617569703557,20170409,753.00,753.00,1196,33399538,25143056410.00,744.00,753.00,718.00,753.00
31920617569703557,20170410,790.00,790.00,379,8195936,6474789440.00,790.00,790.00,753.00,790.00
31920617569703557,20170412,815.00,803.00,9217,196704751,160218375448.00,755.00,829.00,790.00,829.00
31920617569703557,20170415,783.00,775.00,5492,121716970,95274752263.00,775.00,829.00,815.00,800.00
31920617569703557,20170416,751.00,744.00,1259,32311662,24262051383.00,744.00,774.00,783.00,753.00
31920617569703557,20170417,714.00,714.00,257,4582258,3271732212.00,714.00,714.00,751.00,714.00
31920617569703557,20170418,737.00,749.00,3398,87206324,64308854458.00,703.00,749.00,714.00,703.00
31920617569703557,20170419,733.00,722.00,4659,96799943,70941580039.00,705.00,772.00,737.00,770.00
31920617569703557,20170422,717.00,703.00,3548,70009762,50190422493.00,699.00,750.00,733.00,737.00
31920617569703557,20170423,686.00,684.00,3872,82445234,56524515589.00,682.00,716.00,717.00,710.00
31920617569703557,20170424,685.00,674.00,2450,43354888,29678167917.00,659.00,715.00,686.00,686.00
31920617569703557,20170426,653.00,659.00,2965,56834757,37118771150.00,651.00,678.00,685.00,676.00
31920617569703557,20170429,672.00,685.00,1513,30820307,20705638679.00,636.00,685.00,653.00,655.00
31920617569703557,20170430,705.00,705.00,321,8279643,5837148315.00,705.00,705.00,672.00,705.00
31920617569703557,20170501,702.00,686.00,2992,59040740,41442677973.00,680.00,734.00,705.00,718.00
31920617569703557,20170502,681.00,675.00,2314,45313958,30847066023.00,667.00,705.00,702.00,705.00
31920617569703557,20170503,659.00,667.00,1795,31838398,20995391134.00,649.00,685.00,681.00,680.00
31920617569703557,20170506,650.00,644.00,1434,25514829,16581512199.00,640.00,673.00,659.00,669.00
31920617569703557,20170507,637.00,638.00,1180,20213111,12878027645.00,630.00,647.00,650.00,641.00
31920617569703557,20170508,666.00,668.00,487,11096438,7388582110.00,650.00,668.00,637.00,650.00
31920617569703557,20170509,693.00,684.00,3456,80928032,56097857483.00,674.00,699.00,666.00,699.00
31920617569703557,20170510,664.00,659.00,2169,48398849,32153976477.00,659.00,690.00,693.00,679.00
31920617569703557,20170513,646.00,643.00,1184,22921689,14808891413.00,634.00,665.00,664.00,659.00
31920617569703557,20170514,636.00,637.00,1156,21062499,13401532922.00,624.00,654.00,646.00,635.00
31920617569703557,20170515,641.00,637.00,672,10851820,6957512095.00,632.00,650.00,636.00,647.00
31920617569703557,20170516,640.00,637.00,805,15789506,10106105958.00,634.00,657.00,641.00,641.00
31920617569703557,20170517,638.00,640.00,1104,22175610,14150008517.00,631.00,648.00,640.00,639.00
31920617569703557,20170520,643.00,638.00,1352,27998732,17993171260.00,634.00,660.00,638.00,659.00
31920617569703557,20170521,624.00,619.00,1466,26838093,16740807896.00,616.00,639.00,643.00,639.00
31920617569703557,20170522,626.00,621.00,933,15398859,9642242324.00,616.00,636.00,624.00,625.00
31920617569703557,20170523,641.00,654.00,1872,37766870,24222561120.00,616.00,657.00,626.00,629.00
31920617569703557,20170524,651.00,645.00,1410,27165673,17680751644.00,640.00,670.00,641.00,656.00
31920617569703557,20170527,633.00,629.00,1144,18084135,11439320583.00,622.00,653.00,651.00,653.00
31920617569703557,20170528,618.00,620.00,1153,22693759,14025192223.00,610.00,631.00,633.00,621.00
31920617569703557,20170529,611.00,607.00,1432,29474623,18005868818.00,605.00,627.00,618.00,618.00
31920617569703557,20170530,599.00,594.00,1532,34901357,20921492198.00,591.00,616.00,611.00,610.00
31920617569703557,20170531,594.00,592.00,1462,29194674,17337936551.00,588.00,608.00,599.00,590.00
31920617569703557,20170603,601.00,596.00,1145,17335972,10413330554.00,590.00,616.00,594.00,603.00
31920617569703557,20170606,604.00,601.00,1021,20501727,12384519951.00,590.00,613.00,601.00,601.00
31920617569703557,20170607,584.00,580.00,1374,28293151,16513488321.00,574.00,603.00,604.00,600.00
31920617569703557,20170610,570.00,558.00,1411,28358769,16176541066.00,557.00,599.00,584.00,599.00
31920617569703557,20170611,545.00,544.00,2160,39209596,21374506811.00,542.00,564.00,570.00,564.00
31920617569703557,20170612,538.00,530.00,1048,18363058,9883209100.00,528.00,555.00,545.00,540.00
31920617569703557,20170613,555.00,564.00,1506,29262723,16237865994.00,530.00,564.00,538.00,530.00
31920617569703557,20170614,579.00,582.00,1954,43519762,25177479247.00,565.00,582.00,555.00,569.00
31920617569703557,20170617,569.00,567.00,962,16776071,9550692538.00,560.00,586.00,579.00,586.00
31920617569703557,20170618,546.00,541.00,1110,19316957,10545159624.00,541.00,564.00,569.00,560.00
31920617569703557,20170619,539.00,538.00,747,12268946,6609831546.00,529.00,546.00,546.00,529.00
31920617569703557,20170620,541.00,535.00,723,11803834,6391095650.00,531.00,554.00,539.00,535.00
31920617569703557,20170621,534.00,534.00,636,10407208,5558022007.00,531.00,543.00,541.00,535.00
31920617569703557,20170624,535.00,535.00,485,7547234,4038640633.00,531.00,542.00,534.00,540.00
31920617569703557,20170625,536.00,539.00,731,15414089,8262365109.00,533.00,544.00,535.00,535.00
31920617569703557,20170628,547.00,541.00,625,11175657,6111398099.00,535.00,558.00,536.00,536.00
31920617569703557,20170701,539.00,537.00,678,11140180,6006830391.00,535.00,549.00,547.00,541.00
31920617569703557,20170702,528.00,528.00,666,11279698,5955234027.00,522.00,540.00,539.00,540.00
31920617569703557,20170703,541.00,538.00,883,17981873,9724290640.00,521.00,549.00,528.00,535.00
31920617569703557,20170704,534.00,529.00,636,11411174,6091076006.00,527.00,543.00,541.00,543.00
31920617569703557,20170705,524.00,522.00,985,22376026,11716880979.00,511.00,535.00,534.00,525.00
31920617569703557,20170708,526.00,521.00,790,16366916,8601169350.00,519.00,535.00,524.00,523.00
31920617569703557,20170709,522.00,520.00,821,15520922,8107652839.00,517.00,535.00,526.00,521.00
31920617569703557,20170710,542.00,548.00,1267,29901991,16206116824.00,515.00,548.00,522.00,521.00
31920617569703557,20170711,543.00,531.00,1244,23622376,12822205549.00,530.00,558.00,542.00,553.00
31920617569703557,20170712,531.00,526.00,872,17068018,9064624350.00,525.00,543.00,543.00,531.00
31920617569703557,20170715,528.00,523.00,999,19195349,10128594815.00,521.00,540.00,531.00,530.00
31920617569703557,20170716,527.00,521.00,1031,20479174,10782501113.00,518.00,534.00,528.00,527.00
31920617569703557,20170717,520.00,519.00,866,16256990,8459080548.00,517.00,530.00,527.00,529.00
31920617569703557,20170718,532.00,538.00,1241,18291699,9728197755.00,519.00,538.00,520.00,520.00
31920617569703557,20170719,538.00,538.00,1032,15118476,8132851906.00,531.00,545.00,532.00,540.00
31920617569703557,20170722,559.00,564.00,2127,46853308,26190438253.00,536.00,564.00,538.00,542.00
31920617569703557,20170723,570.00,570.00,2614,52219483,29760068946.00,559.00,585.00,559.00,579.00
31920617569703557,20170724,580.00,575.00,2343,44311196,25690075791.00,565.00,594.00,570.00,572.00
31920617569703557,20170725,562.00,554.00,1596,25301755,14226281403.00,552.00,580.00,580.00,580.00
31920617569703557,20170726,563.00,552.00,1315,27002102,15191880480.00,548.00,579.00,562.00,551.00
31920617569703557,20170729,547.00,540.00,947,14085022,7701959062.00,539.00,565.00,563.00,560.00
31920617569703557,20170730,540.00,537.00,786,13189271,7118377986.00,536.00,549.00,547.00,540.00
31920617569703557,20170731,545.00,543.00,741,11678776,6367777699.00,535.00,556.00,540.00,541.00
31920617569703557,20170801,542.00,540.00,709,12640775,6849035680.00,538.00,555.00,545.00,544.00
31920617569703557,20170802,532.00,530.00,1004,17144924,9121812914.00,526.00,541.00,542.00,539.00
31920617569703557,20170806,532.00,530.00,997,17149968,9122404849.00,528.00,545.00,532.00,528.00
31920617569703557,20170807,532.00,531.00,650,11325251,6021505418.00,528.00,538.00,532.00,537.00
31920617569703557,20170808,532.00,531.00,741,12689729,6747659179.00,527.00,540.00,532.00,531.00
31920617569703557,20170809,530.00,535.00,731,12123353,6430452552.00,528.00,537.00,532.00,537.00
31920617569703557,20170812,531.00,526.00,660,9422487,5000695791.00,526.00,538.00,530.00,530.00
31920617569703557,20170813,524.00,521.00,792,13191019,6907804220.00,521.00,532.00,531.00,528.00
31920617569703557,20170814,519.00,518.00,714,11878311,6161734040.00,517.00,528.00,524.00,528.00
31920617569703557,20170815,520.00,519.00,595,10419411,5413056577.00,518.00,525.00,519.00,519.00
31920617569703557,20170816,520.00,519.00,561,10346940,5376939944.00,517.00,527.00,520.00,521.00
31920617569703557,20170819,521.00,517.00,873,15980209,8318948389.00,515.00,530.00,520.00,520.00
31920617569703557,20170820,517.00,517.00,487,8113969,4196512541.00,515.00,520.00,521.00,518.00
31920617569703557,20170821,515.00,512.00,831,16442687,8469981737.00,512.00,522.00,517.00,517.00
31920617569703557,20170822,507.00,502.00,911,14475324,7344694173.00,502.00,518.00,515.00,518.00
31920617569703557,20170823,516.00,512.00,715,11984961,6183503384.00,504.00,528.00,507.00,509.00
31920617569703557,20170826,535.00,541.00,1887,35454922,18952415414.00,515.00,541.00,516.00,515.00
31920617569703557,20170827,531.00,527.00,1400,28281149,15008336743.00,520.00,544.00,535.00,543.00
31920617569703557,20170828,520.00,519.00,917,20269825,10543227893.00,515.00,527.00,531.00,525.00
31920617569703557,20170829,543.00,546.00,2119,56881060,30907160180.00,516.00,546.00,520.00,516.00
31920617569703557,20170830,545.00,531.00,1592,31575613,17215920832.00,525.00,565.00,543.00,557.00
31920617569703557,20170902,526.00,525.00,824,14968750,7869984153.00,520.00,542.00,545.00,534.00
31920617569703557,20170903,522.00,520.00,1139,21907746,11427794571.00,516.00,535.00,526.00,525.00
31920617569703557,20170904,522.00,517.00,496,8997763,4692966679.00,517.00,530.00,522.00,520.00
31920617569703557,20170905,518.00,517.00,987,19424496,10057866643.00,514.00,530.00,522.00,518.00
31920617569703557,20170906,516.00,516.00,672,14476234,7467857639.00,511.00,522.00,518.00,519.00
31920617569703557,20170910,509.00,508.00,815,14528912,7397480615.00,506.00,520.00,516.00,516.00
31920617569703557,20170911,496.00,495.00,1303,24043192,11931205513.00,490.00,510.00,509.00,506.00
31920617569703557,20170912,484.00,487.00,1801,31313512,15154084346.00,477.00,500.00,496.00,490.00
31920617569703557,20170913,484.00,487.00,0,0,0.00,0.00,0.00,484.00,0.00
31920617569703557,20170916,484.00,487.00,0,0,0.00,0.00,0.00,484.00,0.00
31920617569703557,20170917,484.00,487.00,0,0,0.00,0.00,0.00,484.00,0.00
31920617569703557,20170918,484.00,487.00,0,0,0.00,0.00,0.00,484.00,0.00
31920617569703557,20170919,484.00,487.00,0,0,0.00,0.00,0.00,484.00,0.00
31920617569703557,20170920,484.00,487.00,0,0,0.00,0.00,0.00,484.00,0.00
31920617569703557,20170923,484.00,487.00,0,0,0.00,0.00,0.00,484.00,0.00
31920617569703557,20170924,484.00,487.00,0,0,0.00,0.00,0.00,484.00,0.00
31920617569703557,20170925,484.00,487.00,0,0,0.00,0.00,0.00,484.00,0.00
31920617569703557,20170926,484.00,487.00,0,0,0.00,0.00,0.00,484.00,0.00
31920617569703557,20170927,484.00,487.00,0,0,0.00,0.00,0.00,484.00,0.00
31920617569703557,20171002,484.00,487.00,0,0,0.00,0.00,0.00,484.00,0.00
31920617569703557,20171003,484.00,487.00,0,0,0.00,0.00,0.00,484.00,0.00
31920617569703557,20171004,484.00,487.00,0,0,0.00,0.00,0.00,484.00,0.00
31920617569703557,20171007,484.00,487.00,0,0,0.00,0.00,0.00,484.00,0.00
31920617569703557,20171008,484.00,487.00,0,0,0.00,0.00,0.00,484.00,0.00
31920617569703557,20171009,484.00,487.00,0,0,0.00,0.00,0.00,484.00,0.00
31920617569703557,20171010,484.00,487.00,0,0,0.00,0.00,0.00,484.00,0.00
31920617569703557,20171011,484.00,487.00,0,0,0.00,0.00,0.00,484.00,0.00
31920617569703557,20171014,484.00,487.00,0,0,0.00,0.00,0.00,484.00,0.00
31920617569703557,20171015,484.00,487.00,0,0,0.00,0.00,0.00,484.00,0.00
31920617569703557,20171016,484.00,487.00,0,0,0.00,0.00,0.00,484.00,0.00
31920617569703557,20171017,484.00,487.00,0,0,0.00,0.00,0.00,484.00,0.00
31920617569703557,20171018,484.00,487.00,0,0,0.00,0.00,0.00,484.00,0.00
31920617569703557,20171021,484.00,487.00,0,0,0.00,0.00,0.00,484.00,0.00
31920617569703557,20171022,484.00,487.00,0,0,0.00,0.00,0.00,484.00,0.00
31920617569703557,20171023,484.00,487.00,0,0,0.00,0.00,0.00,484.00,0.00
31920617569703557,20171024,484.00,487.00,0,0,0.00,0.00,0.00,484.00,0.00
31920617569703557,20171025,484.00,487.00,0,0,0.00,0.00,0.00,484.00,0.00
31920617569703557,20171028,484.00,487.00,0,0,0.00,0.00,0.00,484.00,0.00
31920617569703557,20171029,484.00,487.00,0,0,0.00,0.00,0.00,484.00,0.00
31920617569703557,20171030,484.00,487.00,0,0,0.00,0.00,0.00,484.00,0.00
31920617569703557,20171031,484.00,487.00,0,0,0.00,0.00,0.00,484.00,0.00
31920617569703557,20171101,484.00,487.00,0,0,0.00,0.00,0.00,484.00,0.00
31920617569703557,20171104,484.00,487.00,0,0,0.00,0.00,0.00,484.00,0.00
31920617569703557,20171105,484.00,487.00,0,0,0.00,0.00,0.00,484.00,0.00
31920617569703557,20171106,484.00,487.00,0,0,0.00,0.00,0.00,484.00,0.00
31920617569703557,20171107,484.00,487.00,0,0,0.00,0.00,0.00,484.00,0.00
31920617569703557,20171108,484.00,487.00,0,0,0.00,0.00,0.00,484.00,0.00
31920617569703557,20171111,484.00,487.00,0,0,0.00,0.00,0.00,484.00,0.00
31920617569703557,20171112,484.00,487.00,0,0,0.00,0.00,0.00,484.00,0.00
31920617569703557,20171113,484.00,487.00,0,0,0.00,0.00,0.00,484.00,0.00
31920617569703557,20171114,484.00,487.00,0,0,0.00,0.00,0.00,484.00,0.00
31920617569703557,20171115,484.00,487.00,0,0,0.00,0.00,0.00,484.00,0.00
31920617569703557,20171118,484.00,487.00,0,0,0.00,0.00,0.00,484.00,0.00
31920617569703557,20171120,484.00,487.00,0,0,0.00,0.00,0.00,484.00,0.00
31920617569703557,20171121,484.00,487.00,0,0,0.00,0.00,0.00,484.00,0.00
31920617569703557,20171122,484.00,487.00,0,0,0.00,0.00,0.00,484.00,0.00
31920617569703557,20171125,484.00,487.00,0,0,0.00,0.00,0.00,484.00,0.00
31920617569703557,20171126,484.00,487.00,0,0,0.00,0.00,0.00,484.00,0.00
31920617569703557,20171128,484.00,487.00,0,0,0.00,0.00,0.00,484.00,0.00
31920617569703557,20171129,484.00,487.00,0,0,0.00,0.00,0.00,484.00,0.00
31920617569703557,20171202,484.00,487.00,0,0,0.00,0.00,0.00,484.00,0.00
31920617569703557,20171203,484.00,487.00,0,0,0.00,0.00,0.00,484.00,0.00
31920617569703557,20171204,484.00,487.00,0,0,0.00,0.00,0.00,484.00,0.00
31920617569703557,20171205,484.00,487.00,0,0,0.00,0.00,0.00,484.00,0.00
31920617569703557,20171209,484.00,487.00,0,0,0.00,0.00,0.00,484.00,0.00
31920617569703557,20171210,484.00,487.00,0,0,0.00,0.00,0.00,484.00,0.00
31920617569703557,20171211,484.00,487.00,0,0,0.00,0.00,0.00,484.00,0.00
31920617569703557,20171212,484.00,487.00,0,0,0.00,0.00,0.00,484.00,0.00
31920617569703557,20171213,484.00,487.00,0,0,0.00,0.00,0.00,484.00,0.00
31920617569703557,20171214,484.00,487.00,0,0,0.00,0.00,0.00,484.00,0.00
31920617569703557,20171215,484.00,487.00,0,0,0.00,0.00,0.00,484.00,0.00
31920617569703557,20171216,484.00,487.00,0,0,0.00,0.00,0.00,484.00,0.00
31920617569703557,20171217,484.00,487.00,0,0,0.00,0.00,0.00,484.00,0.00
31920617569703557,20171218,484.00,487.00,0,0,0.00,0.00,0.00,484.00,0.00
31920617569703557,20171219,484.00,487.00,0,0,0.00,0.00,0.00,484.00,0.00
31920617569703557,20171220,484.00,487.00,0,0,0.00,0.00,0.00,484.00,0.00
31920617569703557,20171223,484.00,487.00,0,0,0.00,0.00,0.00,484.00,0.00
31920617569703557,20171224,484.00,487.00,0,0,0.00,0.00,0.00,484.00,0.00
31920617569703557,20171225,484.00,487.00,0,0,0.00,0.00,0.00,484.00,0.00
31920617569703557,20171226,484.00,487.00,0,0,0.00,0.00,0.00,484.00,0.00
31920617569703557,20171227,484.00,487.00,0,0,0.00,0.00,0.00,484.00,0.00
31920617569703557,20171230,484.00,487.00,0,0,0.00,0.00,0.00,484.00,0.00
31920617569703557,20171231,484.00,487.00,0,0,0.00,0.00,0.00,484.00,0.00
31920617569703557,20180101,484.00,487.00,0,0,0.00,0.00,0.00,484.00,0.00
31920617569703557,20180102,484.00,487.00,0,0,0.00,0.00,0.00,484.00,0.00
31920617569703557,20180103,484.00,487.00,0,0,0.00,0.00,0.00,484.00,0.00
