33169213478785699,20110314,100.00,100.00,43,158550,158550000000.00,100.00,100.00,100.00,100.00
33169213478785699,20110315,100.00,100.00,12,6690,6690000000.00,100.00,100.00,100.00,100.00
33169213478785699,20110316,100.00,100.00,20,37450,37450000000.00,100.00,100.00,100.00,100.00
33169213478785699,20110319,100.00,100.00,58,297310,297310000000.00,100.00,100.00,100.00,100.00
33169213478785699,20110326,100.00,100.00,0,0,0.00,0.00,0.00,100.00,0.00
33169213478785699,20110327,100.00,100.00,1,4000,4000000000.00,100.00,100.00,100.00,100.00
33169213478785699,20110328,100.00,100.00,5,3720,3720000000.00,100.00,100.00,100.00,100.00
33169213478785699,20110329,100.00,100.00,14,18220,18220000000.00,100.00,100.00,100.00,100.00
33169213478785699,20110330,100.00,100.00,10,9100,9100000000.00,100.00,100.00,100.00,100.00
33169213478785699,20110403,100.00,100.00,8,3750,3750000000.00,100.00,100.00,100.00,100.00
33169213478785699,20110404,100.00,100.00,12,12670,12670000000.00,100.00,100.00,100.00,100.00
33169213478785699,20110405,100.00,100.00,19,13360,13360000000.00,100.00,100.00,100.00,100.00
33169213478785699,20110406,100.00,100.00,11,11460,11460000000.00,100.00,100.00,100.00,100.00
33169213478785699,20110409,100.00,100.00,16,4200,4200000000.00,100.00,100.00,100.00,100.00
33169213478785699,20110410,100.00,100.00,16,23040,23040000000.00,100.00,100.00,100.00,100.00
33169213478785699,20110411,100.00,100.00,5,2090,2090000000.00,100.00,100.00,100.00,100.00
33169213478785699,20110412,100.00,100.00,5,8410,8410000000.00,100.00,100.00,100.00,100.00
33169213478785699,20110413,100.00,100.00,22,76020,76020040000.00,100.00,100.01,100.00,100.00
33169213478785699,20110416,100.00,100.00,16,43690,43690000000.00,100.00,100.00,100.00,100.00
33169213478785699,20110417,100.00,100.00,12,6460,6460000000.00,100.00,100.00,100.00,100.00
33169213478785699,20110418,100.00,100.00,2,500,500000000.00,100.00,100.00,100.00,100.00
33169213478785699,20110419,100.00,100.00,4,12010,12010000000.00,100.00,100.00,100.00,100.00
33169213478785699,20110420,100.00,100.00,18,24020,24020000000.00,100.00,100.00,100.00,100.00
33169213478785699,20110423,100.00,100.00,47,178540,178540000000.00,100.00,100.00,100.00,100.00
33169213478785699,20110424,100.00,100.00,9,8030,8030000000.00,100.00,100.00,100.00,100.00
33169213478785699,20110425,100.00,100.00,14,11490,11490000000.00,100.00,100.00,100.00,100.00
33169213478785699,20110426,100.00,100.00,17,45130,45130000000.00,100.00,100.00,100.00,100.00
33169213478785699,20110427,100.00,100.00,37,85370,85370050000.00,100.00,100.01,100.00,100.00
33169213478785699,20110430,100.00,100.00,31,44160,44160000000.00,100.00,100.00,100.00,100.00
33169213478785699,20110501,100.00,100.00,36,18530,18530000000.00,100.00,100.00,100.00,100.00
33169213478785699,20110502,100.00,100.00,9,14510,14510000000.00,100.00,100.00,100.00,100.00
33169213478785699,20110503,100.00,100.00,26,35740,35740000000.00,100.00,100.00,100.00,100.00
33169213478785699,20110504,100.00,100.01,11,6920,6920027000.00,100.00,100.01,100.00,100.00
33169213478785699,20110508,100.02,100.01,11,3570,3570540000.00,100.00,105.00,100.00,100.00
33169213478785699,20110509,100.02,100.02,10,1280,1280195000.00,100.00,100.03,100.02,100.00
33169213478785699,20110510,100.62,100.04,12,820,825095000.00,100.00,104.00,100.02,100.00
33169213478785699,20110511,100.10,100.09,7,2130,2132147000.00,100.00,101.00,100.62,101.00
33169213478785699,20110514,100.00,100.00,3,2930,2930017000.00,100.00,100.01,100.10,100.01
33169213478785699,20110515,100.00,100.00,22,16730,16730018000.00,100.00,100.09,100.00,100.00
33169213478785699,20110516,100.03,100.00,13,4960,4961680000.00,100.00,100.80,100.00,100.00
33169213478785699,20110517,100.03,100.00,0,0,0.00,0.00,0.00,100.03,0.00
33169213478785699,20110518,100.04,100.05,2,1600,1600620000.00,100.02,100.05,100.03,100.02
33169213478785699,20110521,100.09,100.00,15,2490,2492224000.00,100.00,100.31,100.04,100.31
33169213478785699,20110522,100.03,100.03,6,790,790255000.00,100.03,100.09,100.09,100.09
33169213478785699,20110523,100.00,100.00,23,5790,5790172000.00,100.00,100.05,100.03,100.01
33169213478785699,20110524,100.03,100.04,5,2210,2210600000.00,100.00,100.04,100.00,100.00
33169213478785699,20110525,100.20,100.05,3,60,60123000.00,100.04,101.00,100.03,100.04
33169213478785699,20110528,100.10,100.13,11,2370,2372277000.00,100.01,100.13,100.20,100.02
33169213478785699,20110529,100.12,100.14,7,800,800927000.00,100.08,100.14,100.10,100.08
33169213478785699,20110530,100.09,100.09,6,530,530502000.00,100.06,100.10,100.12,100.10
33169213478785699,20110531,100.09,100.10,3,30,30028000.00,100.08,100.10,100.09,100.08
33169213478785699,20110601,100.25,100.23,5,3020,3027504000.00,100.22,100.28,100.09,100.22
33169213478785699,20110606,100.18,100.30,6,410,410730000.00,100.16,100.30,100.25,100.16
33169213478785699,20110607,100.92,100.95,9,7040,7104632000.00,100.31,101.03,100.18,100.33
33169213478785699,20110608,100.57,100.44,32,4560,4585986000.00,100.32,100.95,100.92,100.32
33169213478785699,20110611,100.14,100.03,41,14280,14300079000.00,100.00,101.00,100.57,100.50
33169213478785699,20110612,100.14,100.03,0,0,0.00,0.00,0.00,100.14,0.00
33169213478785699,20110613,100.14,100.03,0,0,0.00,0.00,0.00,100.14,0.00
33169213478785699,20110614,100.05,100.06,22,10470,10475365000.00,100.02,100.07,100.14,100.02
33169213478785699,20110615,100.10,100.10,2,170,170168000.00,100.09,100.10,100.05,100.09
33169213478785699,20110618,100.05,100.00,12,12820,12826496000.00,100.00,100.08,100.10,100.05
33169213478785699,20110619,100.03,100.02,5,1030,1030280000.00,100.02,100.05,100.05,100.03
33169213478785699,20110620,100.03,100.00,27,28170,28177608000.00,100.00,100.05,100.03,100.03
33169213478785699,20110621,100.03,100.03,12,2170,2170577000.00,100.01,100.04,100.03,100.01
33169213478785699,20110622,100.07,100.10,15,2490,2491850000.00,100.02,100.10,100.03,100.02
33169213478785699,20110625,100.10,100.11,9,4730,4734594000.00,100.05,100.11,100.07,100.05
33169213478785699,20110626,100.25,100.50,7,2060,2065146000.00,100.12,100.50,100.10,100.12
33169213478785699,20110627,100.11,100.08,19,3530,3533714000.00,100.08,100.30,100.25,100.30
33169213478785699,20110628,100.36,100.11,23,17270,17332448000.00,100.07,101.00,100.11,100.07
33169213478785699,20110629,100.93,101.00,10,2030,2048898000.00,100.60,101.00,100.36,100.99
33169213478785699,20110702,100.06,100.08,33,18300,18311357000.00,100.01,100.11,100.93,100.08
33169213478785699,20110703,100.93,100.99,14,3500,3532679000.00,100.11,101.00,100.06,101.00
33169213478785699,20110704,100.35,100.30,8,1890,1896565000.00,100.26,100.37,100.93,100.26
33169213478785699,20110705,100.53,100.43,5,780,784166000.00,100.43,101.00,100.35,100.99
33169213478785699,20110706,100.71,100.80,3,180,181278000.00,100.53,100.80,100.53,100.53
33169213478785699,20110709,100.60,100.52,8,2550,2565412000.00,100.51,100.92,100.71,100.90
33169213478785699,20110710,100.37,100.38,4,280,281039000.00,100.35,100.38,100.60,100.38
33169213478785699,20110711,100.14,100.35,11,4700,4706466000.00,100.08,100.35,100.37,100.22
33169213478785699,20110712,100.57,100.88,15,2330,2343271000.00,100.43,100.90,100.14,100.43
33169213478785699,20110713,100.67,100.70,20,2430,2446291000.00,100.50,100.86,100.57,100.57
33169213478785699,20110716,100.67,100.67,6,830,835559000.00,100.66,100.67,100.67,100.66
33169213478785699,20110718,100.30,100.50,14,4780,4794565000.00,100.14,100.80,100.67,100.75
33169213478785699,20110719,100.65,100.50,4,740,744838000.00,100.50,100.69,100.30,100.69
33169213478785699,20110720,100.30,100.30,2,100,100305000.00,100.30,100.31,100.65,100.31
33169213478785699,20110723,100.32,100.37,30,5780,5798619000.00,100.22,100.68,100.30,100.23
33169213478785699,20110724,100.27,100.36,5,810,812158000.00,100.15,100.36,100.32,100.16
33169213478785699,20110725,100.27,100.40,7,500,501328000.00,100.08,100.40,100.27,100.08
33169213478785699,20110726,100.11,100.20,8,690,690777000.00,100.08,100.20,100.27,100.11
33169213478785699,20110727,100.11,100.12,9,2940,2943135000.00,100.05,100.12,100.11,100.05
33169213478785699,20110730,100.26,100.19,7,780,781996000.00,100.19,100.29,100.11,100.20
33169213478785699,20110731,100.19,100.17,9,630,631174000.00,100.16,100.21,100.26,100.20
33169213478785699,20110801,100.18,100.20,8,990,991822000.00,100.13,100.20,100.19,100.20
33169213478785699,20110802,100.17,100.06,3,70,70116000.00,100.06,100.19,100.18,100.18
33169213478785699,20110803,100.11,100.08,15,3720,3723933000.00,100.03,100.30,100.17,100.03
33169213478785699,20110806,100.03,100.01,11,2550,2550675000.00,100.01,100.06,100.11,100.06
33169213478785699,20110807,100.01,100.01,24,8820,8821068000.00,100.00,100.07,100.03,100.00
33169213478785699,20110808,100.01,100.01,25,3950,3950241000.00,100.00,100.01,100.01,100.01
33169213478785699,20110809,100.00,100.01,18,17270,17270073000.00,100.00,100.01,100.01,100.00
33169213478785699,20110810,100.00,100.06,25,7490,7490031000.00,100.00,100.06,100.00,100.00
33169213478785699,20110813,100.01,100.01,22,5640,5640309000.00,100.00,100.06,100.00,100.01
33169213478785699,20110814,100.01,100.01,0,0,0.00,0.00,0.00,100.01,0.00
33169213478785699,20110815,100.00,100.00,23,3400,3400000000.00,100.00,100.00,100.01,100.00
33169213478785699,20110816,100.00,100.01,22,11810,11810005000.00,100.00,100.01,100.00,100.00
33169213478785699,20110817,100.01,100.00,8,1820,1820139000.00,100.00,100.01,100.00,100.01
33169213478785699,20110820,100.05,100.02,32,6830,6833218000.00,100.00,100.20,100.01,100.00
33169213478785699,20110821,100.03,100.09,20,2810,2810825000.00,100.00,100.09,100.05,100.00
33169213478785699,20110823,100.38,100.98,12,2260,2268535000.00,100.01,100.98,100.03,100.01
33169213478785699,20110824,100.01,100.90,6,3570,3570352000.00,100.00,100.90,100.38,100.02
33169213478785699,20110827,100.01,100.00,9,1940,1940271000.00,100.00,100.03,100.01,100.02
33169213478785699,20110828,100.01,100.00,4,960,960055000.00,100.00,100.01,100.01,100.01
33169213478785699,20110829,100.00,100.00,15,8350,8350015000.00,100.00,100.01,100.01,100.01
33169213478785699,20110830,100.00,100.01,22,6390,6390061000.00,100.00,100.01,100.00,100.00
33169213478785699,20110831,100.00,100.01,0,0,0.00,0.00,0.00,100.00,0.00
33169213478785699,20110903,100.00,100.00,18,2620,2620079000.00,100.00,100.01,100.00,100.00
33169213478785699,20110904,100.00,100.00,23,12200,12200058000.00,100.00,100.01,100.00,100.01
33169213478785699,20110905,100.01,100.01,16,2240,2240146000.00,100.00,100.01,100.00,100.01
33169213478785699,20110906,100.01,100.00,26,6850,6850814000.00,100.00,100.04,100.01,100.03
33169213478785699,20110907,100.00,100.00,10,670,670023000.00,100.00,100.01,100.01,100.00
33169213478785699,20110910,100.00,100.00,14,1330,1330038000.00,100.00,100.01,100.00,100.00
33169213478785699,20110911,100.00,100.00,23,11070,11070000000.00,100.00,100.00,100.00,100.00
33169213478785699,20110912,100.01,100.01,8,220,220029000.00,100.00,100.02,100.00,100.00
33169213478785699,20110913,100.01,100.01,0,0,0.00,0.00,0.00,100.01,0.00
33169213478785699,20110914,100.01,100.01,0,0,0.00,0.00,0.00,100.01,0.00
33169213478785699,20110917,100.03,100.03,10,1880,1880512000.00,100.01,100.03,100.01,100.01
33169213478785699,20110918,100.05,100.05,4,400,400196000.00,100.03,100.05,100.03,100.03
33169213478785699,20110919,100.04,100.05,14,2460,2460990000.00,100.03,100.08,100.05,100.08
33169213478785699,20110920,100.07,100.06,24,6430,6434194000.00,100.06,100.09,100.04,100.09
33169213478785699,20110921,100.06,100.09,8,330,330191000.00,100.03,100.09,100.07,100.03
33169213478785699,20110925,100.03,100.03,3,110,110033000.00,100.03,100.03,100.06,100.03
33169213478785699,20110926,100.12,100.12,4,60,60073000.00,100.11,100.13,100.03,100.11
33169213478785699,20110927,100.06,100.02,17,3000,3001910000.00,100.02,100.11,100.12,100.11
33169213478785699,20110928,100.09,100.09,8,2050,2051820000.00,100.04,100.10,100.06,100.04
33169213478785699,20111001,100.03,100.04,20,12010,12013908000.00,100.01,100.10,100.09,100.10
33169213478785699,20111002,100.04,100.05,14,1620,1620632000.00,100.02,100.06,100.03,100.05
33169213478785699,20111003,100.04,100.09,43,7360,7363074000.00,100.04,100.09,100.04,100.05
33169213478785699,20111004,100.29,100.07,4,210,210607000.00,100.07,100.30,100.04,100.30
33169213478785699,20111005,100.07,100.09,3,210,210144000.00,100.04,100.09,100.29,100.04
33169213478785699,20111008,100.03,100.07,11,710,710216000.00,100.01,100.07,100.07,100.04
33169213478785699,20111009,100.06,100.06,15,2290,2291442000.00,100.03,100.10,100.03,100.04
33169213478785699,20111010,100.10,100.09,9,730,730717000.00,100.08,100.18,100.06,100.08
33169213478785699,20111011,100.08,100.10,7,250,250199000.00,100.05,100.10,100.10,100.06
33169213478785699,20111012,100.29,100.50,11,1040,1043029000.00,100.06,100.50,100.08,100.07
33169213478785699,20111015,100.05,100.06,20,4370,4371983000.00,100.01,100.10,100.29,100.09
33169213478785699,20111016,100.23,100.19,11,580,581340000.00,100.02,100.40,100.05,100.30
33169213478785699,20111017,100.19,100.02,21,1840,1843481000.00,100.02,100.47,100.23,100.47
33169213478785699,20111018,100.00,100.00,12,4950,4950031000.00,100.00,100.01,100.19,100.01
33169213478785699,20111019,100.05,100.09,24,4590,4592288000.00,100.00,100.09,100.00,100.00
33169213478785699,20111022,100.09,100.11,8,1610,1611435000.00,100.01,100.12,100.05,100.01
33169213478785699,20111023,100.10,100.11,6,1360,1361362000.00,100.10,100.11,100.09,100.10
33169213478785699,20111024,100.13,100.16,8,1640,1642214000.00,100.13,100.17,100.10,100.14
33169213478785699,20111025,100.13,100.16,0,0,0.00,0.00,0.00,100.13,0.00
33169213478785699,20111026,100.15,100.15,1,10,10015000.00,100.15,100.15,100.13,100.15
33169213478785699,20111029,100.26,100.27,2,170,170447000.00,100.26,100.27,100.15,100.26
33169213478785699,20111030,100.27,100.27,5,930,932532000.00,100.27,100.28,100.26,100.27
33169213478785699,20111031,100.43,100.49,3,70,70299000.00,100.27,100.49,100.27,100.27
33169213478785699,20111101,100.16,100.10,8,1770,1772867000.00,100.10,100.30,100.43,100.30
33169213478785699,20111102,100.14,100.25,6,580,580827000.00,100.11,100.25,100.16,100.11
33169213478785699,20111105,100.28,100.30,2,80,80223000.00,100.13,100.30,100.14,100.13
33169213478785699,20111106,100.25,100.30,14,1040,1042650000.00,100.10,100.35,100.28,100.30
33169213478785699,20111108,100.11,100.10,5,670,670715000.00,100.10,100.11,100.25,100.11
33169213478785699,20111109,100.05,100.05,8,440,440223000.00,100.03,100.07,100.11,100.06
33169213478785699,20111112,100.07,100.07,9,890,890595000.00,100.05,100.07,100.05,100.05
33169213478785699,20111113,100.11,100.11,3,790,790864000.00,100.06,100.11,100.07,100.06
33169213478785699,20111114,100.11,100.11,0,0,0.00,0.00,0.00,100.11,0.00
33169213478785699,20111116,100.26,100.49,5,1380,1383641000.00,100.16,100.49,100.11,100.20
33169213478785699,20111119,100.18,100.29,9,420,420771000.00,100.09,100.29,100.26,100.09
33169213478785699,20111120,100.23,100.20,7,440,441033000.00,100.08,100.30,100.18,100.09
33169213478785699,20111121,100.22,100.21,5,770,771709000.00,100.20,100.27,100.23,100.27
33169213478785699,20111122,100.38,100.44,6,890,893340000.00,100.23,100.45,100.22,100.40
33169213478785699,20111123,100.23,100.22,7,1700,1703869000.00,100.18,100.30,100.38,100.30
33169213478785699,20111126,100.25,100.18,7,470,471153000.00,100.15,100.70,100.23,100.60
33169213478785699,20111127,100.21,100.25,3,140,140299000.00,100.16,100.25,100.25,100.16
33169213478785699,20111128,100.40,100.40,11,1360,1365504000.00,100.24,100.50,100.21,100.24
33169213478785699,20111129,100.48,100.25,9,1130,1135385000.00,100.25,100.50,100.40,100.50
33169213478785699,20111130,100.32,100.32,3,500,501620000.00,100.32,100.35,100.48,100.35
33169213478785699,20111203,100.41,100.32,4,520,522124000.00,100.25,100.69,100.32,100.69
33169213478785699,20111204,100.52,100.70,17,3830,3849910000.00,100.36,100.70,100.41,100.36
33169213478785699,20111207,100.25,100.15,5,100,100251000.00,100.15,100.40,100.52,100.40
33169213478785699,20111210,100.25,100.24,12,2400,2405992000.00,100.21,100.30,100.25,100.21
33169213478785699,20111211,100.20,100.22,11,1880,1883739000.00,100.19,100.22,100.25,100.22
33169213478785699,20111212,100.26,100.27,12,2060,2065450000.00,100.22,100.30,100.20,100.22
33169213478785699,20111213,100.26,100.27,0,0,0.00,0.00,0.00,100.26,0.00
33169213478785699,20111214,100.26,100.27,0,0,0.00,0.00,0.00,100.26,0.00
33169213478785699,20111217,100.36,100.36,7,850,853085000.00,100.13,100.39,100.26,100.13
33169213478785699,20111218,100.34,100.41,6,630,632125000.00,100.26,100.42,100.36,100.26
33169213478785699,20111219,100.08,100.00,18,16020,16032837000.00,100.00,100.42,100.34,100.40
33169213478785699,20111220,100.45,100.50,20,8900,8940384000.00,100.10,100.50,100.08,100.11
33169213478785699,20111221,100.96,100.50,7,2180,2200846000.00,100.43,101.00,100.45,100.43
33169213478785699,20111224,100.50,100.50,7,590,592975000.00,100.26,100.53,100.96,100.26
33169213478785699,20111225,100.23,100.30,9,22880,22932960000.00,100.05,100.30,100.50,100.12
33169213478785699,20111226,100.21,100.21,5,570,571212000.00,100.21,100.22,100.23,100.22
33169213478785699,20111227,100.11,100.05,12,3430,3433618000.00,100.05,100.21,100.21,100.21
33169213478785699,20111228,100.06,100.10,8,1670,1670933000.00,100.04,100.10,100.11,100.06
33169213478785699,20111231,100.23,100.24,25,5380,5392475000.00,100.10,100.25,100.06,100.11
33169213478785699,20120101,100.30,100.30,1,80,80240000.00,100.30,100.30,100.23,100.30
33169213478785699,20120102,100.42,100.60,3,180,180754000.00,100.39,100.60,100.30,100.39
33169213478785699,20120103,100.50,100.50,3,870,874313000.00,100.49,100.50,100.42,100.49
33169213478785699,20120104,100.40,100.50,5,3130,3142664000.00,100.28,100.50,100.50,100.28
33169213478785699,20120107,100.38,100.55,18,11230,11272398000.00,100.20,100.55,100.40,100.30
33169213478785699,20120108,100.29,100.11,14,7300,7320981000.00,100.11,100.37,100.38,100.22
33169213478785699,20120109,100.35,100.49,12,9000,9031626000.00,100.06,100.50,100.29,100.19
33169213478785699,20120110,100.28,100.50,8,2480,2487021000.00,100.06,100.50,100.35,100.07
33169213478785699,20120111,100.06,100.06,11,620,620346000.00,100.03,100.06,100.28,100.06
33169213478785699,20120115,100.05,100.06,21,6600,6603360000.00,100.02,100.06,100.06,100.06
33169213478785699,20120116,100.04,100.05,15,2890,2891023000.00,100.03,100.05,100.05,100.03
33169213478785699,20120117,100.01,100.00,10,1510,1510124000.00,100.00,100.02,100.04,100.02
33169213478785699,20120118,100.05,100.05,8,1060,1060539000.00,100.02,100.06,100.01,100.02
33169213478785699,20120121,100.29,100.40,3,200,200580000.00,100.04,100.40,100.05,100.04
33169213478785699,20120123,100.08,100.06,15,2970,2972457000.00,100.04,100.20,100.29,100.20
33169213478785699,20120125,100.00,100.00,14,2980,2980096000.00,100.00,100.05,100.08,100.05
33169213478785699,20120128,100.00,100.00,14,3050,3050000000.00,100.00,100.00,100.00,100.00
33169213478785699,20120129,100.00,100.00,0,0,0.00,0.00,0.00,100.00,0.00
33169213478785699,20120130,100.00,100.00,0,0,0.00,0.00,0.00,100.00,0.00
33169213478785699,20120131,100.00,100.00,0,0,0.00,0.00,0.00,100.00,0.00
33169213478785699,20120201,100.00,100.00,0,0,0.00,0.00,0.00,100.00,0.00
33169213478785699,20120204,100.00,100.00,0,0,0.00,0.00,0.00,100.00,0.00
33169213478785699,20120205,100.00,100.00,0,0,0.00,0.00,0.00,100.00,0.00
33169213478785699,20120206,100.00,100.00,0,0,0.00,0.00,0.00,100.00,0.00
33169213478785699,20120207,100.00,100.00,0,0,0.00,0.00,0.00,100.00,0.00
33169213478785699,20120208,100.00,100.00,0,0,0.00,0.00,0.00,100.00,0.00
33169213478785699,20120212,100.00,100.00,0,0,0.00,0.00,0.00,100.00,0.00
33169213478785699,20120213,100.00,100.00,87,106480,106480000000.00,100.00,100.00,100.00,100.00
33169213478785699,20120214,100.00,100.00,34,21670,21670000000.00,100.00,100.00,100.00,100.00
33169213478785699,20120215,100.00,100.00,17,10070,10070000000.00,100.00,100.00,100.00,100.00
33169213478785699,20120218,100.00,100.00,30,26580,26580000000.00,100.00,100.00,100.00,100.00
33169213478785699,20120219,100.00,100.00,9,780,780000000.00,100.00,100.00,100.00,100.00
33169213478785699,20120220,100.00,100.00,6,3620,3620000000.00,100.00,100.00,100.00,100.00
33169213478785699,20120221,100.00,100.00,6,1110,1110000000.00,100.00,100.00,100.00,100.00
33169213478785699,20120222,100.00,100.00,2,150,150000000.00,100.00,100.00,100.00,100.00
33169213478785699,20120225,100.00,100.01,9,38870,38870002000.00,100.00,100.01,100.00,100.00
33169213478785699,20120226,100.00,100.00,2,600,600000000.00,100.00,100.00,100.00,100.00
33169213478785699,20120227,100.00,100.00,0,0,0.00,0.00,0.00,100.00,0.00
33169213478785699,20120228,100.00,100.00,7,3590,3590000000.00,100.00,100.00,100.00,100.00
33169213478785699,20120229,100.00,100.00,1,200,200000000.00,100.00,100.00,100.00,100.00
33169213478785699,20120303,100.00,100.00,3,3060,3060000000.00,100.00,100.00,100.00,100.00
33169213478785699,20120304,100.00,100.00,3,160,160000000.00,100.00,100.00,100.00,100.00
33169213478785699,20120305,100.00,100.00,5,177630,177630000000.00,100.00,100.00,100.00,100.00
33169213478785699,20120306,100.00,100.00,13,100160,100160000000.00,100.00,100.00,100.00,100.00
33169213478785699,20120307,100.00,100.00,2,70,70000000.00,100.00,100.00,100.00,100.00
33169213478785699,20120310,100.00,100.00,5,17640,17640000000.00,100.00,100.00,100.00,100.00
33169213478785699,20120311,100.00,100.00,0,0,0.00,0.00,0.00,100.00,0.00
33169213478785699,20120312,100.00,100.00,0,0,0.00,0.00,0.00,100.00,0.00
33169213478785699,20120313,100.00,100.00,0,0,0.00,0.00,0.00,100.00,0.00
33169213478785699,20120314,100.00,100.00,0,0,0.00,0.00,0.00,100.00,0.00
33169213478785699,20120317,100.00,100.00,0,0,0.00,0.00,0.00,100.00,0.00
33169213478785699,20120318,100.00,100.00,0,0,0.00,0.00,0.00,100.00,0.00
33169213478785699,20120324,100.00,100.00,0,0,0.00,0.00,0.00,100.00,0.00
33169213478785699,20120325,100.00,100.00,0,0,0.00,0.00,0.00,100.00,0.00
33169213478785699,20120326,100.00,100.00,0,0,0.00,0.00,0.00,100.00,0.00
33169213478785699,20120327,100.00,100.00,0,0,0.00,0.00,0.00,100.00,0.00
33169213478785699,20120328,100.00,100.00,0,0,0.00,0.00,0.00,100.00,0.00
33169213478785699,20120402,100.00,100.00,0,0,0.00,0.00,0.00,100.00,0.00
33169213478785699,20120403,100.00,100.00,0,0,0.00,0.00,0.00,100.00,0.00
33169213478785699,20120404,100.00,100.00,0,0,0.00,0.00,0.00,100.00,0.00
33169213478785699,20120407,100.00,100.00,0,0,0.00,0.00,0.00,100.00,0.00
33169213478785699,20120408,100.00,100.00,0,0,0.00,0.00,0.00,100.00,0.00
33169213478785699,20120409,100.00,100.00,0,0,0.00,0.00,0.00,100.00,0.00
33169213478785699,20120410,100.00,100.00,0,0,0.00,0.00,0.00,100.00,0.00
33169213478785699,20120411,100.00,100.00,0,0,0.00,0.00,0.00,100.00,0.00
33169213478785699,20120414,100.00,100.00,0,0,0.00,0.00,0.00,100.00,0.00
33169213478785699,20120415,100.00,100.00,0,0,0.00,0.00,0.00,100.00,0.00
33169213478785699,20120416,100.00,100.00,0,0,0.00,0.00,0.00,100.00,0.00
33169213478785699,20120417,100.00,100.00,8,100460,100460000000.00,100.00,100.00,100.00,100.00
33169213478785699,20120418,100.00,100.00,3,70,70000000.00,100.00,100.00,100.00,100.00
33169213478785699,20120421,100.00,100.00,1,20,20000000.00,100.00,100.00,100.00,100.00
33169213478785699,20120422,100.00,100.00,1,40,40000000.00,100.00,100.00,100.00,100.00
33169213478785699,20120423,100.00,100.00,4,280,280000000.00,100.00,100.00,100.00,100.00
33169213478785699,20120424,100.00,100.00,0,0,0.00,0.00,0.00,100.00,0.00
33169213478785699,20120428,100.00,100.00,8,980,980000000.00,100.00,100.00,100.00,100.00
33169213478785699,20120429,100.00,100.00,3,770,770000000.00,100.00,100.00,100.00,100.00
33169213478785699,20120430,100.00,100.00,2,1900,1900000000.00,100.00,100.00,100.00,100.00
33169213478785699,20120501,100.00,100.00,5,1560,1560000000.00,100.00,100.00,100.00,100.00
33169213478785699,20120502,100.00,100.00,5,410,410000000.00,100.00,100.00,100.00,100.00
33169213478785699,20120505,100.00,100.00,1,20,20000000.00,100.00,100.00,100.00,100.00
33169213478785699,20120506,100.00,100.37,9,100050,100050037000.00,100.00,100.37,100.00,100.00
33169213478785699,20120507,100.00,100.02,4,290,290002000.00,100.00,100.02,100.00,100.00
33169213478785699,20120508,100.39,100.39,1,70,70273000.00,100.39,100.39,100.00,100.39
33169213478785699,20120509,100.10,100.10,1,10,10010000.00,100.10,100.10,100.39,100.10
33169213478785699,20120512,100.10,100.10,0,0,0.00,0.00,0.00,100.10,0.00
33169213478785699,20120513,100.10,100.10,0,0,0.00,0.00,0.00,100.10,0.00
33169213478785699,20120514,100.10,100.10,2,220,220220000.00,100.10,100.10,100.10,100.10
33169213478785699,20120515,100.07,100.07,2,30,30021000.00,100.07,100.07,100.10,100.07
33169213478785699,20120516,100.07,100.07,0,0,0.00,0.00,0.00,100.07,0.00
33169213478785699,20120519,100.05,100.10,61,148300,148381218000.00,100.01,100.19,100.07,100.10
33169213478785699,20120520,100.15,100.30,7,10410,10425830000.00,100.15,100.30,100.05,100.15
33169213478785699,20120521,100.15,100.30,0,0,0.00,0.00,0.00,100.15,0.00
33169213478785699,20120522,100.15,100.30,0,0,0.00,0.00,0.00,100.15,0.00
33169213478785699,20120523,100.02,100.01,6,7330,7331544000.00,100.01,100.06,100.15,100.06
33169213478785699,20120526,100.00,100.00,1,100,100000000.00,100.00,100.00,100.02,100.00
33169213478785699,20120527,100.01,100.01,7,1930,1930167000.00,100.00,100.04,100.00,100.01
33169213478785699,20120528,100.00,100.00,12,35350,35351022000.00,100.00,100.02,100.01,100.02
33169213478785699,20120529,100.82,101.00,2,100,100818000.00,100.09,101.00,100.00,100.09
33169213478785699,20120530,100.80,100.80,2,320,322559000.00,100.79,100.80,100.82,100.79
33169213478785699,20120602,100.40,100.40,2,140,140560000.00,100.40,100.40,100.80,100.40
33169213478785699,20120605,100.40,100.40,0,0,0.00,0.00,0.00,100.40,0.00
33169213478785699,20120606,100.40,100.40,0,0,0.00,0.00,0.00,100.40,0.00
33169213478785699,20120609,100.04,100.00,7,830,830350000.00,100.00,100.09,100.40,100.05
33169213478785699,20120610,100.10,102.00,24,2190,2192121000.00,100.01,102.00,100.04,100.01
33169213478785699,20120611,100.10,102.00,0,0,0.00,0.00,0.00,100.10,0.00
33169213478785699,20120612,100.10,102.00,0,0,0.00,0.00,0.00,100.10,0.00
33169213478785699,20120613,100.11,100.20,3,650,650700000.00,100.10,100.20,100.10,100.10
33169213478785699,20120616,100.03,100.03,1,20,20006000.00,100.03,100.03,100.11,100.03
33169213478785699,20120617,100.00,100.01,7,330,330011000.00,100.00,100.01,100.03,100.01
33169213478785699,20120619,100.00,100.00,62,13600,13600002000.00,100.00,100.01,100.00,100.00
33169213478785699,20120620,101.02,101.80,8,1690,1707165000.00,100.02,101.80,100.00,100.08
33169213478785699,20120623,100.00,100.00,10,8190,8190150000.00,100.00,100.01,101.02,100.01
33169213478785699,20120624,100.00,100.00,9,12700,12700130000.00,100.00,100.01,100.00,100.01
33169213478785699,20120625,100.00,100.00,11,15210,15210000000.00,100.00,100.00,100.00,100.00
33169213478785699,20120626,100.00,100.04,63,62750,62750209000.00,100.00,100.04,100.00,100.00
33169213478785699,20120627,100.03,100.07,2,220,220056000.00,100.00,100.07,100.00,100.00
33169213478785699,20120630,100.03,100.03,3,350,350106000.00,100.03,100.04,100.03,100.04
33169213478785699,20120701,100.07,100.07,3,520,520370000.00,100.07,100.10,100.03,100.10
33169213478785699,20120702,100.10,100.10,2,270,270270000.00,100.10,100.10,100.07,100.10
33169213478785699,20120703,100.11,100.15,8,1230,1231345000.00,100.10,100.15,100.10,100.10
33169213478785699,20120704,100.06,100.04,6,1120,1120658000.00,100.04,100.10,100.11,100.10
33169213478785699,20120707,100.04,100.03,5,360,360132000.00,100.03,100.06,100.06,100.03
33169213478785699,20120708,100.00,100.00,11,1260,1260000000.00,100.00,100.00,100.04,100.00
33169213478785699,20120709,100.02,100.01,3,1160,1160200000.00,100.01,100.02,100.00,100.01
33169213478785699,20120710,100.01,100.00,14,9850,9850530000.00,100.00,100.05,100.02,100.05
33169213478785699,20120711,100.00,100.00,24,4970,4970070000.00,100.00,100.01,100.01,100.00
33169213478785699,20120714,100.36,100.99,13,4120,4134779000.00,100.00,100.99,100.00,100.00
33169213478785699,20120715,100.01,100.00,9,1430,1430131000.00,100.00,100.02,100.36,100.01
33169213478785699,20120716,100.01,100.01,2,260,260025000.00,100.00,100.01,100.01,100.00
33169213478785699,20120717,100.02,100.03,3,120,120028000.00,100.01,100.03,100.01,100.01
33169213478785699,20120718,100.02,100.02,1,30,30006000.00,100.02,100.02,100.02,100.02
33169213478785699,20120721,100.11,100.88,13,1510,1511701000.00,100.00,100.88,100.02,100.02
33169213478785699,20120722,100.00,100.00,1,240,240000000.00,100.00,100.00,100.11,100.00
33169213478785699,20120723,100.02,100.02,6,420,420084000.00,100.02,100.02,100.00,100.02
33169213478785699,20120724,100.02,100.01,4,1100,1100214000.00,100.01,100.02,100.02,100.02
33169213478785699,20120725,100.02,100.02,6,2020,2020402000.00,100.01,100.02,100.02,100.02
33169213478785699,20120728,100.00,100.01,18,7440,7440114000.00,100.00,100.01,100.02,100.01
33169213478785699,20120729,100.01,100.01,7,580,580057000.00,100.00,100.01,100.00,100.01
33169213478785699,20120730,100.02,100.03,5,7040,7041677000.00,100.00,100.03,100.01,100.00
33169213478785699,20120731,100.00,100.00,9,17460,17460000000.00,100.00,100.00,100.02,100.00
33169213478785699,20120801,100.01,100.00,20,3450,3450197000.00,100.00,100.01,100.00,100.01
33169213478785699,20120804,100.00,100.01,17,2050,2050096000.00,100.00,100.01,100.01,100.00
33169213478785699,20120805,100.02,100.01,4,870,870157000.00,100.01,100.03,100.00,100.01
33169213478785699,20120806,100.01,100.01,2,120,120018000.00,100.01,100.02,100.02,100.02
33169213478785699,20120807,100.00,100.00,7,10050,10050015000.00,100.00,100.01,100.01,100.01
33169213478785699,20120808,100.00,100.00,2,130,130000000.00,100.00,100.00,100.00,100.00
33169213478785699,20120811,100.00,100.00,11,2300,2300000000.00,100.00,100.00,100.00,100.00
33169213478785699,20120812,100.00,100.00,8,600,600000000.00,100.00,100.00,100.00,100.00
33169213478785699,20120813,100.00,100.00,16,20260,20260000000.00,100.00,100.00,100.00,100.00
33169213478785699,20120814,100.00,100.00,13,17290,17290000000.00,100.00,100.00,100.00,100.00
33169213478785699,20120815,100.00,100.00,23,23800,23800000000.00,100.00,100.00,100.00,100.00
33169213478785699,20120818,100.00,100.00,6,1590,1590000000.00,100.00,100.00,100.00,100.00
33169213478785699,20120821,100.00,100.00,7,2730,2730000000.00,100.00,100.00,100.00,100.00
33169213478785699,20120822,100.00,100.00,4,1450,1450000000.00,100.00,100.00,100.00,100.00
33169213478785699,20120825,100.00,100.00,15,2450,2450000000.00,100.00,100.00,100.00,100.00
33169213478785699,20120826,100.00,100.00,1,90,90000000.00,100.00,100.00,100.00,100.00
33169213478785699,20120827,100.00,100.00,12,6040,6040155000.00,100.00,100.01,100.00,100.00
33169213478785699,20120902,100.00,100.00,11,2560,2560000000.00,100.00,100.00,100.00,100.00
33169213478785699,20120903,100.00,100.00,8,3120,3120000000.00,100.00,100.00,100.00,100.00
33169213478785699,20120904,100.00,100.00,9,1020,1020000000.00,100.00,100.00,100.00,100.00
33169213478785699,20120905,100.00,100.00,10,16440,16440000000.00,100.00,100.00,100.00,100.00
33169213478785699,20120908,100.00,100.00,15,9150,9150000000.00,100.00,100.00,100.00,100.00
33169213478785699,20120909,100.00,100.00,13,4970,4970000000.00,100.00,100.00,100.00,100.00
33169213478785699,20120910,100.00,100.00,7,890,890000000.00,100.00,100.00,100.00,100.00
33169213478785699,20120911,100.00,100.00,0,0,0.00,0.00,0.00,100.00,0.00
33169213478785699,20120915,100.00,100.00,15,42810,42810000000.00,100.00,100.00,100.00,100.00
33169213478785699,20120916,100.00,100.00,1,10,10000000.00,100.00,100.00,100.00,100.00
33169213478785699,20120917,100.00,100.00,6,1510,1510000000.00,100.00,100.00,100.00,100.00
33169213478785699,20120918,100.00,100.00,10,4770,4770000000.00,100.00,100.00,100.00,100.00
33169213478785699,20120919,100.00,100.00,16,4240,4240000000.00,100.00,100.00,100.00,100.00
33169213478785699,20120922,100.00,100.00,3,2620,2620000000.00,100.00,100.00,100.00,100.00
33169213478785699,20120923,100.00,100.00,5,5240,5240000000.00,100.00,100.00,100.00,100.00
33169213478785699,20120924,100.00,100.00,7,2820,2820000000.00,100.00,100.00,100.00,100.00
33169213478785699,20120925,100.00,100.00,4,710,710000000.00,100.00,100.00,100.00,100.00
33169213478785699,20120926,100.00,100.00,9,3810,3810000000.00,100.00,100.00,100.00,100.00
33169213478785699,20120929,100.00,100.00,20,5980,5980000000.00,100.00,100.00,100.00,100.00
33169213478785699,20120930,100.00,100.00,18,59040,59040000000.00,100.00,100.00,100.00,100.00
33169213478785699,20121001,100.00,100.00,10,15890,15890000000.00,100.00,100.00,100.00,100.00
33169213478785699,20121002,100.00,100.00,8,4320,4320000000.00,100.00,100.00,100.00,100.00
33169213478785699,20121003,100.00,100.00,3,580,580000000.00,100.00,100.00,100.00,100.00
33169213478785699,20121006,100.00,100.00,5,6000,6000000000.00,100.00,100.00,100.00,100.00
33169213478785699,20121007,100.00,100.00,9,3150,3150000000.00,100.00,100.00,100.00,100.00
33169213478785699,20121008,100.00,100.00,0,0,0.00,0.00,0.00,100.00,0.00
33169213478785699,20121009,100.00,100.00,5,3220,3220000000.00,100.00,100.00,100.00,100.00
33169213478785699,20121010,100.00,100.00,0,0,0.00,0.00,0.00,100.00,0.00
33169213478785699,20121013,100.00,100.00,2,330,330000000.00,100.00,100.00,100.00,100.00
33169213478785699,20121014,100.00,100.00,19,10240,10240000000.00,100.00,100.00,100.00,100.00
33169213478785699,20121015,100.00,100.00,2,240,240000000.00,100.00,100.00,100.00,100.00
33169213478785699,20121016,100.00,100.00,3,140,140000000.00,100.00,100.00,100.00,100.00
33169213478785699,20121017,100.00,100.00,6,2000,2000000000.00,100.00,100.00,100.00,100.00
33169213478785699,20121020,100.00,100.00,11,2930,2930000000.00,100.00,100.00,100.00,100.00
33169213478785699,20121021,100.00,100.00,5,800,800000000.00,100.00,100.00,100.00,100.00
33169213478785699,20121022,100.00,100.00,5,2080,2080000000.00,100.00,100.00,100.00,100.00
33169213478785699,20121023,100.00,100.00,12,1080,1080000000.00,100.00,100.00,100.00,100.00
33169213478785699,20121024,100.00,100.00,6,200,200000000.00,100.00,100.00,100.00,100.00
33169213478785699,20121027,100.00,100.00,9,5650,5650000000.00,100.00,100.00,100.00,100.00
33169213478785699,20121028,100.00,100.00,4,120,120000000.00,100.00,100.00,100.00,100.00
33169213478785699,20121029,100.00,100.00,2,80,80000000.00,100.00,100.00,100.00,100.00
33169213478785699,20121030,100.00,100.00,7,730,730000000.00,100.00,100.00,100.00,100.00
33169213478785699,20121031,100.00,100.00,10,4460,4460000000.00,100.00,100.00,100.00,100.00
33169213478785699,20121104,100.00,100.00,9,1040,1040000000.00,100.00,100.00,100.00,100.00
33169213478785699,20121105,100.00,100.00,4,490,490000000.00,100.00,100.00,100.00,100.00
33169213478785699,20121106,100.00,100.00,7,1260,1260000000.00,100.00,100.00,100.00,100.00
33169213478785699,20121107,100.00,100.00,1,2300,2300000000.00,100.00,100.00,100.00,100.00
33169213478785699,20121110,100.00,100.00,9,24970,24970000000.00,100.00,100.00,100.00,100.00
33169213478785699,20121111,100.00,100.00,6,4730,4730000000.00,100.00,100.00,100.00,100.00
33169213478785699,20121112,100.00,100.00,4,150,150000000.00,100.00,100.00,100.00,100.00
33169213478785699,20121113,100.00,100.00,1,100,100000000.00,100.00,100.00,100.00,100.00
33169213478785699,20121114,100.00,100.00,3,30,30000000.00,100.00,100.00,100.00,100.00
33169213478785699,20121117,100.00,100.00,13,700,700000000.00,100.00,100.00,100.00,100.00
33169213478785699,20121118,100.00,100.00,3,280,280000000.00,100.00,100.00,100.00,100.00
33169213478785699,20121119,100.00,100.00,0,0,0.00,0.00,0.00,100.00,0.00
33169213478785699,20121120,100.00,100.00,0,0,0.00,0.00,0.00,100.00,0.00
33169213478785699,20121121,100.01,100.01,2,70,70005000.00,100.00,100.01,100.00,100.00
33169213478785699,20121126,100.00,100.00,8,3520,3520000000.00,100.00,100.00,100.01,100.00
33169213478785699,20121127,100.00,100.00,1,250,250000000.00,100.00,100.00,100.00,100.00
33169213478785699,20121128,100.00,100.00,2,640,640000000.00,100.00,100.00,100.00,100.00
33169213478785699,20121201,100.34,100.34,1,50000,50170000000.00,100.34,100.34,100.00,100.34
33169213478785699,20121202,100.00,100.00,4,2740,2740000000.00,100.00,100.00,100.34,100.00
33169213478785699,20121203,100.00,100.00,3,5660,5660000000.00,100.00,100.00,100.00,100.00
33169213478785699,20121204,100.00,100.00,3,1410,1410000000.00,100.00,100.00,100.00,100.00
33169213478785699,20121205,100.00,100.00,2,2000,2000000000.00,100.00,100.00,100.00,100.00
33169213478785699,20121208,100.00,100.00,0,0,0.00,0.00,0.00,100.00,0.00
33169213478785699,20121209,100.00,100.00,6,50110,50110000000.00,100.00,100.00,100.00,100.00
33169213478785699,20121210,100.00,100.00,8,3940,3940000000.00,100.00,100.00,100.00,100.00
33169213478785699,20121211,100.00,100.00,4,150,150000000.00,100.00,100.00,100.00,100.00
33169213478785699,20121212,100.00,100.00,0,0,0.00,0.00,0.00,100.00,0.00
33169213478785699,20121215,100.00,100.00,1,40,40000000.00,100.00,100.00,100.00,100.00
33169213478785699,20121216,100.00,100.00,16,32110,32110148000.00,100.00,100.01,100.00,100.00
33169213478785699,20121217,100.00,100.00,1,20,20000000.00,100.00,100.00,100.00,100.00
33169213478785699,20121218,100.00,100.00,6,1140,1140000000.00,100.00,100.00,100.00,100.00
33169213478785699,20121219,100.00,100.00,4,1150,1150003000.00,100.00,100.01,100.00,100.00
33169213478785699,20121222,100.00,100.00,7,1100,1100000000.00,100.00,100.00,100.00,100.00
33169213478785699,20121223,100.00,100.00,1,80,80000000.00,100.00,100.00,100.00,100.00
33169213478785699,20121224,100.00,100.00,4,730,730000000.00,100.00,100.00,100.00,100.00
33169213478785699,20121225,100.00,100.00,0,0,0.00,0.00,0.00,100.00,0.00
33169213478785699,20121226,100.00,100.00,3,850,850016000.00,100.00,100.02,100.00,100.02
33169213478785699,20121229,100.00,100.00,7,4510,4510000000.00,100.00,100.00,100.00,100.00
33169213478785699,20121230,100.00,100.00,4,4170,4170000000.00,100.00,100.00,100.00,100.00
33169213478785699,20121231,100.00,100.00,1,40,40000000.00,100.00,100.00,100.00,100.00
33169213478785699,20130101,100.00,100.00,8,830,830000000.00,100.00,100.00,100.00,100.00
33169213478785699,20130102,100.00,100.00,7,72550,72550000000.00,100.00,100.00,100.00,100.00
33169213478785699,20130106,100.00,100.00,2,1020,1020000000.00,100.00,100.00,100.00,100.00
33169213478785699,20130107,100.00,100.00,1,20,20000000.00,100.00,100.00,100.00,100.00
33169213478785699,20130108,100.00,100.00,2,3990,3990000000.00,100.00,100.00,100.00,100.00
33169213478785699,20130109,100.00,100.00,0,0,0.00,0.00,0.00,100.00,0.00
33169213478785699,20130113,100.00,100.00,1,80,80000000.00,100.00,100.00,100.00,100.00
33169213478785699,20130114,100.00,100.00,2,2300,2300000000.00,100.00,100.00,100.00,100.00
33169213478785699,20130115,100.00,100.00,6,2660,2660000000.00,100.00,100.00,100.00,100.00
33169213478785699,20130116,100.00,100.00,3,4370,4370000000.00,100.00,100.00,100.00,100.00
33169213478785699,20130119,100.00,100.00,2,220,220000000.00,100.00,100.00,100.00,100.00
33169213478785699,20130120,100.00,100.00,6,4790,4790000000.00,100.00,100.00,100.00,100.00
33169213478785699,20130121,100.00,100.00,4,220,220000000.00,100.00,100.00,100.00,100.00
33169213478785699,20130122,100.00,100.00,1,40,40000000.00,100.00,100.00,100.00,100.00
33169213478785699,20130123,100.00,100.00,0,0,0.00,0.00,0.00,100.00,0.00
33169213478785699,20130126,100.00,100.00,7,2710,2710000000.00,100.00,100.00,100.00,100.00
33169213478785699,20130127,100.00,100.00,8,340,340000000.00,100.00,100.00,100.00,100.00
33169213478785699,20130128,100.00,100.00,0,0,0.00,0.00,0.00,100.00,0.00
33169213478785699,20130130,100.00,100.00,1,10,10000000.00,100.00,100.00,100.00,100.00
33169213478785699,20130202,100.00,100.00,2,170,170000000.00,100.00,100.00,100.00,100.00
33169213478785699,20130203,100.00,100.00,2,100,100000000.00,100.00,100.00,100.00,100.00
33169213478785699,20130204,100.00,100.00,2,230,230000000.00,100.00,100.00,100.00,100.00
33169213478785699,20130205,100.00,100.00,1,50,50000000.00,100.00,100.00,100.00,100.00
33169213478785699,20130206,100.00,100.00,4,680,680000000.00,100.00,100.00,100.00,100.00
33169213478785699,20130209,100.00,100.00,0,0,0.00,0.00,0.00,100.00,0.00
33169213478785699,20130211,100.00,100.00,3,3020,3020000000.00,100.00,100.00,100.00,100.00
33169213478785699,20130212,100.00,100.00,1,80,80000000.00,100.00,100.00,100.00,100.00
33169213478785699,20130213,100.00,100.00,1,40,40000000.00,100.00,100.00,100.00,100.00
33169213478785699,20130216,100.00,100.00,2,10220,10220000000.00,100.00,100.00,100.00,100.00
33169213478785699,20130217,100.00,100.00,1,90,90000000.00,100.00,100.00,100.00,100.00
33169213478785699,20130218,100.00,100.00,5,29700,29700000000.00,100.00,100.00,100.00,100.00
33169213478785699,20130219,100.00,100.00,1,700,700000000.00,100.00,100.00,100.00,100.00
33169213478785699,20130220,100.00,100.00,1,90,90000000.00,100.00,100.00,100.00,100.00
33169213478785699,20130223,100.00,100.00,1,30,30000000.00,100.00,100.00,100.00,100.00
33169213478785699,20130224,100.00,100.00,9,48900,48900000000.00,100.00,100.00,100.00,100.00
33169213478785699,20130225,100.00,100.00,1,11160,11160000000.00,100.00,100.00,100.00,100.00
33169213478785699,20130226,100.00,100.00,1,100,100000000.00,100.00,100.00,100.00,100.00
33169213478785699,20130227,100.00,100.00,1,120,120000000.00,100.00,100.00,100.00,100.00
33169213478785699,20130302,100.00,100.00,0,0,0.00,0.00,0.00,100.00,0.00
33169213478785699,20130303,100.00,100.00,5,12170,12170000000.00,100.00,100.00,100.00,100.00
33169213478785699,20130304,100.00,100.00,5,100060,100060000000.00,100.00,100.00,100.00,100.00
33169213478785699,20130305,100.00,100.00,3,150,150000000.00,100.00,100.00,100.00,100.00
33169213478785699,20130306,100.00,100.00,0,0,0.00,0.00,0.00,100.00,0.00
33169213478785699,20130309,100.00,100.00,1,60,60000000.00,100.00,100.00,100.00,100.00
33169213478785699,20130310,100.00,100.00,3,190,190000000.00,100.00,100.00,100.00,100.00
33169213478785699,20130311,100.21,105.00,4,2840,2846000000.00,100.00,105.00,100.00,100.00
33169213478785699,20130312,100.21,105.00,0,0,0.00,0.00,0.00,100.21,0.00
33169213478785699,20130313,100.21,105.00,0,0,0.00,0.00,0.00,100.21,0.00
33169213478785699,20130316,100.00,100.00,9,10260,10260000000.00,100.00,100.00,100.21,100.00
33169213478785699,20130317,100.00,100.00,15,40150,40150000000.00,100.00,100.00,100.00,100.00
33169213478785699,20130318,100.00,100.00,22,20810,20810000000.00,100.00,100.00,100.00,100.00
33169213478785699,20130325,100.00,100.00,9,1050,1050000000.00,100.00,100.00,100.00,100.00
33169213478785699,20130326,100.00,100.00,16,7160,7160000000.00,100.00,100.00,100.00,100.00
33169213478785699,20130327,100.00,100.00,13,4390,4390000000.00,100.00,100.00,100.00,100.00
33169213478785699,20130330,100.00,100.00,6,1110,1110000000.00,100.00,100.00,100.00,100.00
33169213478785699,20130331,100.01,100.03,4,630,630063000.00,100.00,100.03,100.00,100.00
33169213478785699,20130403,100.00,100.00,4,310,310004000.00,100.00,100.01,100.01,100.00
33169213478785699,20130406,100.00,100.00,4,510,510002000.00,100.00,100.01,100.00,100.01
33169213478785699,20130407,100.00,100.00,1,10,10000000.00,100.00,100.00,100.00,100.00
33169213478785699,20130408,100.00,100.00,4,230,230000000.00,100.00,100.00,100.00,100.00
33169213478785699,20130409,100.00,100.00,2,400,400000000.00,100.00,100.00,100.00,100.00
33169213478785699,20130410,100.00,100.00,4,400,400000000.00,100.00,100.00,100.00,100.00
33169213478785699,20130413,100.00,100.00,5,1230,1230000000.00,100.00,100.00,100.00,100.00
33169213478785699,20130415,100.00,100.00,6,2020,2020000000.00,100.00,100.00,100.00,100.00
33169213478785699,20130416,100.00,100.00,3,650,650000000.00,100.00,100.00,100.00,100.00
33169213478785699,20130417,100.00,100.00,13,13360,13360000000.00,100.00,100.00,100.00,100.00
33169213478785699,20130420,100.00,100.00,26,25110,25110000000.00,100.00,100.00,100.00,100.00
33169213478785699,20130421,100.00,100.00,5,15460,15460000000.00,100.00,100.00,100.00,100.00
33169213478785699,20130422,100.00,100.00,8,13120,13120000000.00,100.00,100.00,100.00,100.00
33169213478785699,20130423,100.00,100.00,5,5000,5000000000.00,100.00,100.00,100.00,100.00
33169213478785699,20130424,100.00,100.00,5,1550,1550000000.00,100.00,100.00,100.00,100.00
33169213478785699,20130427,100.00,100.00,12,7080,7080000000.00,100.00,100.00,100.00,100.00
33169213478785699,20130428,100.00,100.00,6,420,420000000.00,100.00,100.00,100.00,100.00
33169213478785699,20130429,100.00,100.00,4,260,260000000.00,100.00,100.00,100.00,100.00
33169213478785699,20130430,100.00,100.00,7,960,960000000.00,100.00,100.00,100.00,100.00
33169213478785699,20130501,100.00,100.00,2,40,40000000.00,100.00,100.00,100.00,100.00
33169213478785699,20130504,100.00,100.00,5,31130,31130000000.00,100.00,100.00,100.00,100.00
33169213478785699,20130505,100.00,100.00,2,5460,5460000000.00,100.00,100.00,100.00,100.00
33169213478785699,20130506,100.00,100.00,3,360,360000000.00,100.00,100.00,100.00,100.00
33169213478785699,20130507,100.00,100.00,24,10010,10010000000.00,100.00,100.00,100.00,100.00
33169213478785699,20130508,100.00,100.00,0,0,0.00,0.00,0.00,100.00,0.00
33169213478785699,20130511,100.00,100.00,4,1710,1710000000.00,100.00,100.00,100.00,100.00
33169213478785699,20130512,100.00,100.00,3,11400,11400000000.00,100.00,100.00,100.00,100.00
33169213478785699,20130513,100.00,100.00,5,2880,2880000000.00,100.00,100.00,100.00,100.00
33169213478785699,20130514,100.00,100.00,14,22810,22810000000.00,100.00,100.00,100.00,100.00
33169213478785699,20130515,100.00,100.00,43,19020,19020000000.00,100.00,100.00,100.00,100.00
33169213478785699,20130518,100.00,100.00,10,1030,1030000000.00,100.00,100.00,100.00,100.00
33169213478785699,20130519,100.00,100.00,5,3000,3000000000.00,100.00,100.00,100.00,100.00
33169213478785699,20130520,100.00,100.00,11,10020,10020000000.00,100.00,100.00,100.00,100.00
33169213478785699,20130521,100.00,100.00,6,18690,18690000000.00,100.00,100.00,100.00,100.00
33169213478785699,20130522,100.00,100.00,11,8650,8650000000.00,100.00,100.00,100.00,100.00
33169213478785699,20130525,100.00,100.00,7,32150,32150000000.00,100.00,100.00,100.00,100.00
33169213478785699,20130526,100.00,100.00,10,2970,2970000000.00,100.00,100.00,100.00,100.00
33169213478785699,20130527,100.00,100.00,11,10130,10130000000.00,100.00,100.00,100.00,100.00
33169213478785699,20130528,100.00,100.00,4,2120,2120000000.00,100.00,100.00,100.00,100.00
33169213478785699,20130529,100.00,100.00,6,5380,5380000000.00,100.00,100.00,100.00,100.00
33169213478785699,20130601,100.00,100.00,18,6480,6480000000.00,100.00,100.00,100.00,100.00
33169213478785699,20130602,100.00,100.00,7,830,830000000.00,100.00,100.00,100.00,100.00
33169213478785699,20130603,100.00,100.00,14,23100,23100000000.00,100.00,100.00,100.00,100.00
33169213478785699,20130608,100.00,100.00,8,9430,9430000000.00,100.00,100.00,100.00,100.00
33169213478785699,20130609,100.00,100.00,15,8040,8040000000.00,100.00,100.00,100.00,100.00
33169213478785699,20130610,100.00,100.00,10,3400,3400000000.00,100.00,100.00,100.00,100.00
33169213478785699,20130611,100.00,100.00,9,1910,1910000000.00,100.00,100.00,100.00,100.00
33169213478785699,20130612,100.00,100.00,0,0,0.00,0.00,0.00,100.00,0.00
33169213478785699,20130615,100.00,100.00,8,9410,9410000000.00,100.00,100.00,100.00,100.00
33169213478785699,20130616,100.00,100.00,5,1090,1090000000.00,100.00,100.00,100.00,100.00
33169213478785699,20130617,100.00,100.00,15,18050,18050000000.00,100.00,100.00,100.00,100.00
33169213478785699,20130618,100.00,100.00,14,7170,7170002000.00,100.00,100.01,100.00,100.00
33169213478785699,20130619,100.00,100.00,7,1900,1900000000.00,100.00,100.00,100.00,100.00
33169213478785699,20130622,100.00,100.00,6,2240,2240000000.00,100.00,100.00,100.00,100.00
33169213478785699,20130623,100.00,100.00,10,3540,3540000000.00,100.00,100.00,100.00,100.00
33169213478785699,20130625,100.00,100.00,15,13290,13290000000.00,100.00,100.00,100.00,100.00
33169213478785699,20130626,100.00,100.00,9,62350,62350000000.00,100.00,100.00,100.00,100.00
33169213478785699,20130629,100.00,100.00,4,2000,2000000000.00,100.00,100.00,100.00,100.00
33169213478785699,20130630,100.00,100.00,7,12000,12000000000.00,100.00,100.00,100.00,100.00
33169213478785699,20130701,100.00,100.00,9,17500,17500000000.00,100.00,100.00,100.00,100.00
33169213478785699,20130702,100.00,100.00,10,10890,10890000000.00,100.00,100.00,100.00,100.00
33169213478785699,20130703,100.00,100.00,5,12920,12920000000.00,100.00,100.00,100.00,100.00
33169213478785699,20130706,100.00,100.00,14,14590,14590000000.00,100.00,100.00,100.00,100.00
33169213478785699,20130707,100.00,100.00,27,88880,88880000000.00,100.00,100.00,100.00,100.00
33169213478785699,20130708,100.00,100.00,7,4040,4040000000.00,100.00,100.00,100.00,100.00
33169213478785699,20130709,100.00,100.00,12,1990,1990000000.00,100.00,100.00,100.00,100.00
33169213478785699,20130710,100.00,100.00,6,50710,50710000000.00,100.00,100.00,100.00,100.00
33169213478785699,20130713,100.00,100.00,7,33860,33860000000.00,100.00,100.00,100.00,100.00
33169213478785699,20130714,100.00,100.00,8,118000,118000000000.00,100.00,100.00,100.00,100.00
33169213478785699,20130715,100.00,100.00,2,120,120000000.00,100.00,100.00,100.00,100.00
33169213478785699,20130716,100.00,100.00,3,2070,2070000000.00,100.00,100.00,100.00,100.00
33169213478785699,20130717,100.00,100.00,7,2040,2040000000.00,100.00,100.00,100.00,100.00
33169213478785699,20130720,100.00,100.00,3,5020,5020000000.00,100.00,100.00,100.00,100.00
33169213478785699,20130721,100.00,100.00,3,1680,1680000000.00,100.00,100.00,100.00,100.00
33169213478785699,20130722,100.00,100.00,4,2000,2000000000.00,100.00,100.00,100.00,100.00
33169213478785699,20130723,100.00,100.00,8,10220,10220000000.00,100.00,100.00,100.00,100.00
33169213478785699,20130724,100.00,100.00,3,1620,1620000000.00,100.00,100.00,100.00,100.00
33169213478785699,20130727,100.00,100.00,6,2420,2420000000.00,100.00,100.00,100.00,100.00
33169213478785699,20130728,100.00,100.00,6,10110,10110000000.00,100.00,100.00,100.00,100.00
33169213478785699,20130729,100.00,100.00,4,830,830000000.00,100.00,100.00,100.00,100.00
33169213478785699,20130731,100.00,100.00,1,240,240000000.00,100.00,100.00,100.00,100.00
33169213478785699,20130803,100.00,100.00,3,1100,1100000000.00,100.00,100.00,100.00,100.00
33169213478785699,20130804,100.00,100.00,1,10000,10000000000.00,100.00,100.00,100.00,100.00
33169213478785699,20130805,100.00,100.00,5,7800,7800000000.00,100.00,100.00,100.00,100.00
33169213478785699,20130806,100.00,100.00,0,0,0.00,0.00,0.00,100.00,0.00
33169213478785699,20130807,100.00,100.00,0,0,0.00,0.00,0.00,100.00,0.00
33169213478785699,20130811,100.00,100.00,8,14570,14570000000.00,100.00,100.00,100.00,100.00
33169213478785699,20130812,100.00,100.00,3,970,970000000.00,100.00,100.00,100.00,100.00
33169213478785699,20130813,100.00,100.00,8,14790,14790000000.00,100.00,100.00,100.00,100.00
33169213478785699,20130814,100.00,100.00,10,2660,2660000000.00,100.00,100.00,100.00,100.00
33169213478785699,20130817,100.00,100.00,8,1750,1750000000.00,100.00,100.00,100.00,100.00
33169213478785699,20130818,100.00,100.00,3,1600,1600000000.00,100.00,100.00,100.00,100.00
33169213478785699,20130819,100.00,100.00,2,2030,2030000000.00,100.00,100.00,100.00,100.00
33169213478785699,20130820,100.00,100.00,10,3620,3620000000.00,100.00,100.00,100.00,100.00
33169213478785699,20130821,100.00,100.00,3,1830,1830000000.00,100.00,100.00,100.00,100.00
33169213478785699,20130824,100.00,100.00,6,6490,6490000000.00,100.00,100.00,100.00,100.00
33169213478785699,20130825,100.00,100.00,2,280,280000000.00,100.00,100.00,100.00,100.00
33169213478785699,20130826,100.00,100.00,6,1170,1170000000.00,100.00,100.00,100.00,100.00
33169213478785699,20130827,100.00,100.00,6,4650,4650000000.00,100.00,100.00,100.00,100.00
33169213478785699,20130828,100.00,100.00,3,8630,8630000000.00,100.00,100.00,100.00,100.00
33169213478785699,20130831,100.00,100.00,9,3900,3900000000.00,100.00,100.00,100.00,100.00
33169213478785699,20130901,100.00,100.00,6,25530,25530000000.00,100.00,100.00,100.00,100.00
33169213478785699,20130903,100.00,100.00,22,9950,9950000000.00,100.00,100.00,100.00,100.00
33169213478785699,20130904,100.00,100.00,19,12640,12640000000.00,100.00,100.00,100.00,100.00
33169213478785699,20130907,100.00,100.00,6,1010,1010000000.00,100.00,100.00,100.00,100.00
33169213478785699,20130908,100.00,100.00,6,540,540000000.00,100.00,100.00,100.00,100.00
33169213478785699,20130909,100.00,100.00,13,4010,4010000000.00,100.00,100.00,100.00,100.00
33169213478785699,20130910,100.00,100.00,23,7710,7710000000.00,100.00,100.00,100.00,100.00
33169213478785699,20130911,100.00,100.00,0,0,0.00,0.00,0.00,100.00,0.00
33169213478785699,20130914,100.00,100.00,0,0,0.00,0.00,0.00,100.00,0.00
33169213478785699,20130915,100.00,100.00,11,9360,9360000000.00,100.00,100.00,100.00,100.00
33169213478785699,20130916,100.00,100.00,16,11970,11970000000.00,100.00,100.00,100.00,100.00
33169213478785699,20130917,100.00,100.00,12,3270,3270000000.00,100.00,100.00,100.00,100.00
33169213478785699,20130918,100.00,100.00,19,44700,44700003000.00,100.00,100.01,100.00,100.00
33169213478785699,20130921,100.00,100.00,25,8650,8650000000.00,100.00,100.00,100.00,100.00
33169213478785699,20130922,100.00,100.00,14,3560,3560000000.00,100.00,100.00,100.00,100.00
33169213478785699,20130923,100.00,100.00,11,2270,2270000000.00,100.00,100.00,100.00,100.00
33169213478785699,20130924,100.00,100.00,3,7340,7340000000.00,100.00,100.00,100.00,100.00
33169213478785699,20130925,100.00,100.00,14,9240,9240000000.00,100.00,100.00,100.00,100.00
33169213478785699,20130928,100.00,100.00,12,25970,25970000000.00,100.00,100.00,100.00,100.00
33169213478785699,20130929,100.00,100.00,8,30000,30000000000.00,100.00,100.00,100.00,100.00
33169213478785699,20130930,100.00,100.00,11,28380,28380000000.00,100.00,100.00,100.00,100.00
33169213478785699,20131001,100.00,100.00,7,25320,25320000000.00,100.00,100.00,100.00,100.00
33169213478785699,20131002,100.00,100.00,12,41290,41290000000.00,100.00,100.00,100.00,100.00
33169213478785699,20131005,100.00,100.00,11,2050,2050000000.00,100.00,100.00,100.00,100.00
33169213478785699,20131006,100.00,100.00,17,140930,140930033000.00,100.00,100.01,100.00,100.00
33169213478785699,20131007,100.00,100.01,5,9550,9550001000.00,100.00,100.01,100.00,100.00
33169213478785699,20131008,100.00,100.00,4,3190,3190000000.00,100.00,100.00,100.00,100.00
33169213478785699,20131009,100.00,100.00,5,800,800006000.00,100.00,100.01,100.00,100.00
33169213478785699,20131012,101.19,100.00,25,83910,84910000000.00,100.00,101.25,100.00,100.00
33169213478785699,20131013,100.00,100.00,7,16420,16420000000.00,100.00,100.00,101.19,100.00
33169213478785699,20131014,100.00,100.00,7,4740,4740000000.00,100.00,100.00,100.00,100.00
33169213478785699,20131015,100.00,100.00,8,6530,6530000000.00,100.00,100.00,100.00,100.00
33169213478785699,20131019,100.00,100.01,5,2440,2440004000.00,100.00,100.01,100.00,100.00
33169213478785699,20131020,100.00,100.00,6,9660,9660000000.00,100.00,100.00,100.00,100.00
33169213478785699,20131021,100.00,100.00,8,14290,14290000000.00,100.00,100.00,100.00,100.00
33169213478785699,20131022,100.00,100.00,10,56160,56160000000.00,100.00,100.00,100.00,100.00
33169213478785699,20131023,100.00,100.00,17,83910,83910000000.00,100.00,100.00,100.00,100.00
33169213478785699,20131026,100.00,100.00,3,220,220000000.00,100.00,100.00,100.00,100.00
33169213478785699,20131027,100.00,100.00,16,13420,13420000000.00,100.00,100.00,100.00,100.00
33169213478785699,20131028,100.00,100.00,11,11590,11590000000.00,100.00,100.00,100.00,100.00
33169213478785699,20131029,100.00,100.00,14,21000,21000002000.00,100.00,100.01,100.00,100.00
33169213478785699,20131030,100.00,100.00,14,12000,12000000000.00,100.00,100.00,100.00,100.00
33169213478785699,20131102,100.00,100.00,7,2030,2030000000.00,100.00,100.00,100.00,100.00
33169213478785699,20131103,100.00,100.00,15,232210,232210000000.00,100.00,100.00,100.00,100.00
33169213478785699,20131104,100.00,100.00,10,2550,2550000000.00,100.00,100.00,100.00,100.00
33169213478785699,20131105,100.00,100.00,10,5170,5170000000.00,100.00,100.00,100.00,100.00
33169213478785699,20131106,100.00,100.00,7,920,920000000.00,100.00,100.00,100.00,100.00
33169213478785699,20131109,100.00,100.00,16,14410,14410000000.00,100.00,100.00,100.00,100.00
33169213478785699,20131110,100.00,100.00,7,3700,3700000000.00,100.00,100.00,100.00,100.00
33169213478785699,20131111,100.00,100.00,10,27070,27070000000.00,100.00,100.00,100.00,100.00
33169213478785699,20131112,100.00,100.00,6,9790,9790000000.00,100.00,100.00,100.00,100.00
33169213478785699,20131116,100.09,100.10,12,65510,65570000000.00,100.00,100.10,100.00,100.00
33169213478785699,20131117,100.00,100.00,7,5610,5610000000.00,100.00,100.00,100.09,100.00
33169213478785699,20131118,100.00,100.00,12,11400,11400000000.00,100.00,100.00,100.00,100.00
33169213478785699,20131119,100.00,100.00,10,7040,7040000000.00,100.00,100.00,100.00,100.00
33169213478785699,20131120,100.00,100.00,4,11490,11490000000.00,100.00,100.00,100.00,100.00
33169213478785699,20131123,100.00,100.00,10,6650,6650000000.00,100.00,100.00,100.00,100.00
33169213478785699,20131124,100.00,100.00,3,950,950000000.00,100.00,100.00,100.00,100.00
33169213478785699,20131125,100.00,100.00,6,25630,25630000000.00,100.00,100.00,100.00,100.00
33169213478785699,20131126,100.00,100.00,16,23420,23420000000.00,100.00,100.00,100.00,100.00
33169213478785699,20131127,100.00,100.00,4,3890,3890000000.00,100.00,100.00,100.00,100.00
33169213478785699,20131130,100.00,100.00,6,1260,1260000000.00,100.00,100.00,100.00,100.00
33169213478785699,20131201,100.00,100.00,12,6540,6540000000.00,100.00,100.00,100.00,100.00
33169213478785699,20131202,100.00,100.00,7,14960,14960000000.00,100.00,100.00,100.00,100.00
33169213478785699,20131203,100.00,100.00,5,3560,3560000000.00,100.00,100.00,100.00,100.00
33169213478785699,20131204,100.00,100.00,4,100660,100660000000.00,100.00,100.00,100.00,100.00
33169213478785699,20131207,100.00,100.00,5,9960,9960000000.00,100.00,100.00,100.00,100.00
33169213478785699,20131208,100.00,100.00,7,1630,1630000000.00,100.00,100.00,100.00,100.00
33169213478785699,20131209,100.00,100.00,4,460,460000000.00,100.00,100.00,100.00,100.00
33169213478785699,20131210,100.00,100.00,5,2180,2180000000.00,100.00,100.00,100.00,100.00
33169213478785699,20131211,100.00,100.00,0,0,0.00,0.00,0.00,100.00,0.00
33169213478785699,20131214,100.00,100.00,0,0,0.00,0.00,0.00,100.00,0.00
33169213478785699,20131215,100.00,100.00,10,3960,3960000000.00,100.00,100.00,100.00,100.00
33169213478785699,20131216,100.00,100.00,8,1580,1580000000.00,100.00,100.00,100.00,100.00
33169213478785699,20131217,100.00,100.00,5,930,930000000.00,100.00,100.00,100.00,100.00
33169213478785699,20131218,100.00,100.00,4,810,810000000.00,100.00,100.00,100.00,100.00
33169213478785699,20131221,100.00,100.00,11,26600,26600000000.00,100.00,100.00,100.00,100.00
33169213478785699,20131222,100.00,100.00,6,29000,29000000000.00,100.00,100.00,100.00,100.00
33169213478785699,20131224,100.00,100.00,9,9240,9240000000.00,100.00,100.00,100.00,100.00
33169213478785699,20131225,100.00,100.00,9,1880,1880000000.00,100.00,100.00,100.00,100.00
33169213478785699,20131228,100.00,100.00,7,4880,4880000000.00,100.00,100.00,100.00,100.00
33169213478785699,20131229,100.00,100.00,11,61610,61610000000.00,100.00,100.00,100.00,100.00
33169213478785699,20131230,100.00,100.00,3,220,220000000.00,100.00,100.00,100.00,100.00
33169213478785699,20140101,100.00,100.00,13,3870,3870000000.00,100.00,100.00,100.00,100.00
33169213478785699,20140104,100.00,100.00,3,1830,1830000000.00,100.00,100.00,100.00,100.00
33169213478785699,20140105,100.00,100.00,3,130,130000000.00,100.00,100.00,100.00,100.00
33169213478785699,20140106,100.00,100.00,6,3890,3890000000.00,100.00,100.00,100.00,100.00
33169213478785699,20140107,100.00,100.00,1,570,570000000.00,100.00,100.00,100.00,100.00
33169213478785699,20140108,100.00,100.00,3,180,180000000.00,100.00,100.00,100.00,100.00
33169213478785699,20140111,100.00,100.00,0,0,0.00,0.00,0.00,100.00,0.00
33169213478785699,20140112,100.00,100.00,2,4390,4390000000.00,100.00,100.00,100.00,100.00
33169213478785699,20140113,100.00,100.00,1,80,80000000.00,100.00,100.00,100.00,100.00
33169213478785699,20140114,100.00,100.00,1,50,50000000.00,100.00,100.00,100.00,100.00
33169213478785699,20140115,100.00,100.00,1,100,100000000.00,100.00,100.00,100.00,100.00
33169213478785699,20140118,100.00,100.00,3,80,80000000.00,100.00,100.00,100.00,100.00
33169213478785699,20140120,100.00,100.00,3,280,280000000.00,100.00,100.00,100.00,100.00
33169213478785699,20140121,100.00,100.00,4,740,740000000.00,100.00,100.00,100.00,100.00
33169213478785699,20140122,100.08,100.02,5,340,340256000.00,100.00,100.10,100.00,100.10
33169213478785699,20140125,100.00,100.01,6,1590,1590001000.00,100.00,100.01,100.08,100.00
33169213478785699,20140126,100.02,100.02,1,60,60012000.00,100.02,100.02,100.00,100.02
33169213478785699,20140127,100.00,100.00,3,5110,5110000000.00,100.00,100.00,100.02,100.00
33169213478785699,20140128,100.00,100.00,3,630,630000000.00,100.00,100.00,100.00,100.00
33169213478785699,20140129,100.00,100.00,0,0,0.00,0.00,0.00,100.00,0.00
33169213478785699,20140201,100.00,100.00,3,1780,1780000000.00,100.00,100.00,100.00,100.00
33169213478785699,20140202,100.00,100.00,2,80,80000000.00,100.00,100.00,100.00,100.00
33169213478785699,20140203,100.00,100.00,8,670,670010000.00,100.00,100.05,100.00,100.05
33169213478785699,20140204,100.00,100.00,4,590,590000000.00,100.00,100.00,100.00,100.00
33169213478785699,20140205,100.00,100.00,0,0,0.00,0.00,0.00,100.00,0.00
33169213478785699,20140208,100.00,100.00,17,2660,2660000000.00,100.00,100.00,100.00,100.00
33169213478785699,20140209,100.00,100.00,6,980,980000000.00,100.00,100.00,100.00,100.00
33169213478785699,20140210,100.00,100.00,5,1030,1030000000.00,100.00,100.00,100.00,100.00
33169213478785699,20140212,100.00,100.00,11,5080,5080032000.00,100.00,100.01,100.00,100.01
33169213478785699,20140215,100.00,100.00,7,1310,1310000000.00,100.00,100.00,100.00,100.00
33169213478785699,20140216,100.74,100.00,14,142460,143510480000.00,100.00,100.75,100.00,100.00
33169213478785699,20140217,100.00,100.00,2,100,100002000.00,100.00,100.01,100.74,100.01
33169213478785699,20140218,100.00,100.00,12,140880,140880000000.00,100.00,100.00,100.00,100.00
33169213478785699,20140219,100.00,100.00,4,750,750000000.00,100.00,100.00,100.00,100.00
33169213478785699,20140222,100.00,100.00,6,11990,11990000000.00,100.00,100.00,100.00,100.00
33169213478785699,20140223,100.00,100.00,6,990,990000000.00,100.00,100.00,100.00,100.00
33169213478785699,20140224,100.00,100.00,11,46640,46640000000.00,100.00,100.00,100.00,100.00
33169213478785699,20140225,100.00,100.00,9,31700,31700000000.00,100.00,100.00,100.00,100.00
33169213478785699,20140226,100.00,100.00,2,25010,25010000000.00,100.00,100.00,100.00,100.00
33169213478785699,20140301,100.00,100.00,12,27160,27160000000.00,100.00,100.00,100.00,100.00
33169213478785699,20140302,100.00,100.00,10,30540,30540000000.00,100.00,100.00,100.00,100.00
33169213478785699,20140303,100.00,100.00,12,143880,143880000000.00,100.00,100.00,100.00,100.00
33169213478785699,20140304,100.00,100.00,5,400,400000000.00,100.00,100.00,100.00,100.00
33169213478785699,20140305,100.00,100.00,14,3550,3550000000.00,100.00,100.00,100.00,100.00
33169213478785699,20140308,100.00,100.00,6,10260,10260000000.00,100.00,100.00,100.00,100.00
33169213478785699,20140309,100.00,100.00,5,3090,3090000000.00,100.00,100.00,100.00,100.00
33169213478785699,20140310,100.00,100.00,20,11250,11250000000.00,100.00,100.00,100.00,100.00
33169213478785699,20140311,100.00,100.00,10,2250,2250000000.00,100.00,100.00,100.00,100.00
33169213478785699,20140312,100.00,100.00,0,0,0.00,0.00,0.00,100.00,0.00
33169213478785699,20140315,100.00,100.00,5,2600,2600000000.00,100.00,100.00,100.00,100.00
33169213478785699,20140316,100.00,100.00,5,2740,2740000000.00,100.00,100.00,100.00,100.00
33169213478785699,20140317,100.00,100.00,7,160010,160010000000.00,100.00,100.00,100.00,100.00
33169213478785699,20140318,100.00,100.00,28,194480,194480000000.00,100.00,100.00,100.00,100.00
33169213478785699,20140319,100.00,100.00,16,3040,3040000000.00,100.00,100.00,100.00,100.00
33169213478785699,20140325,100.00,100.00,6,240,240000000.00,100.00,100.00,100.00,100.00
33169213478785699,20140326,100.00,100.00,18,17860,17860000000.00,100.00,100.00,100.00,100.00
33169213478785699,20140329,100.00,100.00,9,2300,2300000000.00,100.00,100.00,100.00,100.00
33169213478785699,20140330,100.00,100.00,3,420,420000000.00,100.00,100.00,100.00,100.00
33169213478785699,20140331,100.00,100.00,3,240,240000000.00,100.00,100.00,100.00,100.00
33169213478785699,20140405,100.00,100.00,5,5960,5960000000.00,100.00,100.00,100.00,100.00
33169213478785699,20140406,100.00,100.00,4,310,310000000.00,100.00,100.00,100.00,100.00
33169213478785699,20140407,100.00,100.00,9,2870,2870000000.00,100.00,100.00,100.00,100.00
33169213478785699,20140408,100.00,100.00,5,5370,5370000000.00,100.00,100.00,100.00,100.00
33169213478785699,20140409,100.00,100.00,3,160,160000000.00,100.00,100.00,100.00,100.00
33169213478785699,20140412,100.00,100.00,4,500,500000000.00,100.00,100.00,100.00,100.00
33169213478785699,20140413,100.00,100.00,13,14690,14690000000.00,100.00,100.00,100.00,100.00
33169213478785699,20140414,100.00,100.00,9,3150,3150000000.00,100.00,100.00,100.00,100.00
33169213478785699,20140415,100.00,100.00,6,10060,10060000000.00,100.00,100.00,100.00,100.00
33169213478785699,20140416,100.00,100.00,6,1550,1550000000.00,100.00,100.00,100.00,100.00
33169213478785699,20140419,100.00,100.00,10,4370,4370000000.00,100.00,100.00,100.00,100.00
33169213478785699,20140420,100.00,100.00,4,1730,1730000000.00,100.00,100.00,100.00,100.00
33169213478785699,20140421,100.00,100.00,5,850,850000000.00,100.00,100.00,100.00,100.00
33169213478785699,20140422,100.00,100.00,5,1060,1060000000.00,100.00,100.00,100.00,100.00
33169213478785699,20140423,100.00,100.00,3,820,820000000.00,100.00,100.00,100.00,100.00
33169213478785699,20140426,100.00,100.00,8,630,630000000.00,100.00,100.00,100.00,100.00
33169213478785699,20140427,100.00,100.00,9,2840,2840000000.00,100.00,100.00,100.00,100.00
33169213478785699,20140428,100.00,100.00,5,1430,1430000000.00,100.00,100.00,100.00,100.00
33169213478785699,20140429,100.00,100.00,4,1660,1660000000.00,100.00,100.00,100.00,100.00
33169213478785699,20140430,100.00,100.00,8,2740,2740015000.00,100.00,100.01,100.00,100.00
33169213478785699,20140503,100.00,100.00,6,10280,10280000000.00,100.00,100.00,100.00,100.00
33169213478785699,20140504,100.00,100.00,12,8400,8400000000.00,100.00,100.00,100.00,100.00
33169213478785699,20140505,100.00,100.00,5,490,490000000.00,100.00,100.00,100.00,100.00
33169213478785699,20140506,100.00,100.00,8,4520,4520000000.00,100.00,100.00,100.00,100.00
33169213478785699,20140507,100.00,100.00,5,510,510000000.00,100.00,100.00,100.00,100.00
33169213478785699,20140510,100.00,100.00,9,24960,24960000000.00,100.00,100.00,100.00,100.00
33169213478785699,20140511,100.00,100.00,6,2980,2980000000.00,100.00,100.00,100.00,100.00
33169213478785699,20140512,100.00,100.00,7,8050,8050000000.00,100.00,100.00,100.00,100.00
33169213478785699,20140514,100.00,100.00,6,16180,16180000000.00,100.00,100.00,100.00,100.00
33169213478785699,20140517,100.00,100.00,10,6810,6810000000.00,100.00,100.00,100.00,100.00
33169213478785699,20140518,100.00,100.00,7,3340,3340000000.00,100.00,100.00,100.00,100.00
33169213478785699,20140519,100.00,100.00,7,9710,9710000000.00,100.00,100.00,100.00,100.00
33169213478785699,20140520,100.00,100.00,2,200,200000000.00,100.00,100.00,100.00,100.00
33169213478785699,20140521,100.00,100.00,6,7040,7040000000.00,100.00,100.00,100.00,100.00
33169213478785699,20140524,100.00,100.00,10,2330,2330000000.00,100.00,100.00,100.00,100.00
33169213478785699,20140525,100.00,100.00,3,90,90000000.00,100.00,100.00,100.00,100.00
33169213478785699,20140526,100.00,100.00,7,5710,5710000000.00,100.00,100.00,100.00,100.00
33169213478785699,20140528,100.00,100.00,8,2440,2440000000.00,100.00,100.00,100.00,100.00
33169213478785699,20140531,100.00,100.00,11,3430,3430000000.00,100.00,100.00,100.00,100.00
33169213478785699,20140601,100.00,100.00,8,1490,1490000000.00,100.00,100.00,100.00,100.00
33169213478785699,20140602,100.00,100.00,4,950,950000000.00,100.00,100.00,100.00,100.00
33169213478785699,20140603,100.00,100.00,12,1910,1910000000.00,100.00,100.00,100.00,100.00
33169213478785699,20140607,100.00,100.00,4,80,80000000.00,100.00,100.00,100.00,100.00
33169213478785699,20140608,100.00,100.00,0,0,0.00,0.00,0.00,100.00,0.00
33169213478785699,20140609,100.00,100.00,6,1960,1960000000.00,100.00,100.00,100.00,100.00
33169213478785699,20140610,100.00,100.00,8,1730,1730000000.00,100.00,100.00,100.00,100.00
33169213478785699,20140611,100.00,100.00,0,0,0.00,0.00,0.00,100.00,0.00
33169213478785699,20140614,100.00,100.00,19,5450,5450000000.00,100.00,100.00,100.00,100.00
33169213478785699,20140615,100.00,100.00,17,2250,2250000000.00,100.00,100.00,100.00,100.00
33169213478785699,20140616,100.00,100.00,19,11540,11540000000.00,100.00,100.00,100.00,100.00
33169213478785699,20140617,100.00,100.00,18,7510,7510000000.00,100.00,100.00,100.00,100.00
33169213478785699,20140618,100.97,100.00,23,15300,15449000000.00,100.00,101.49,100.00,100.00
33169213478785699,20140621,100.00,100.00,3,1910,1910000000.00,100.00,100.00,100.97,100.00
33169213478785699,20140622,100.00,100.00,12,9500,9500000000.00,100.00,100.00,100.00,100.00
33169213478785699,20140623,100.00,100.00,21,1820,1820000000.00,100.00,100.00,100.00,100.00
33169213478785699,20140624,100.00,100.00,10,1990,1990000000.00,100.00,100.00,100.00,100.00
33169213478785699,20140625,100.00,100.00,13,1310,1310000000.00,100.00,100.00,100.00,100.00
33169213478785699,20140628,100.00,100.00,30,18610,18610000000.00,100.00,100.00,100.00,100.00
33169213478785699,20140629,100.96,100.00,26,249500,251900000000.00,100.00,102.00,100.00,100.00
33169213478785699,20140630,100.00,100.00,17,650,650000000.00,100.00,100.00,100.96,100.00
33169213478785699,20140701,100.00,100.00,11,550,550000000.00,100.00,100.00,100.00,100.00
33169213478785699,20140702,100.00,100.00,13,3220,3220000000.00,100.00,100.00,100.00,100.00
33169213478785699,20140705,100.00,100.00,11,4300,4300000000.00,100.00,100.00,100.00,100.00
33169213478785699,20140706,100.00,100.00,19,3430,3430000000.00,100.00,100.00,100.00,100.00
33169213478785699,20140707,100.00,100.00,17,2700,2700000000.00,100.00,100.00,100.00,100.00
33169213478785699,20140708,100.00,100.00,27,3380,3380000000.00,100.00,100.00,100.00,100.00
33169213478785699,20140709,100.00,100.00,8,5890,5890000000.00,100.00,100.00,100.00,100.00
33169213478785699,20140712,100.00,100.00,11,16470,16470000000.00,100.00,100.00,100.00,100.00
33169213478785699,20140713,100.00,100.00,25,3460,3460000000.00,100.00,100.00,100.00,100.00
33169213478785699,20140714,100.00,100.00,12,6350,6350000000.00,100.00,100.00,100.00,100.00
33169213478785699,20140715,100.00,100.00,3,110,110000000.00,100.00,100.00,100.00,100.00
33169213478785699,20140716,100.00,100.00,7,10000,10000000000.00,100.00,100.00,100.00,100.00
33169213478785699,20140720,1000000.00,100.00,16,4040,4040000000.00,100.00,100.00,100.00,100.00
33169213478785699,20140721,1000000.00,1000000.00,10,2150,2150000000.00,1000000.00,1000000.00,1000000.00,1000000.00
33169213478785699,20140722,1000000.00,1000000.00,5,290,290000000.00,1000000.00,1000000.00,1000000.00,1000000.00
33169213478785699,20140723,1000000.00,1000000.00,13,2980,2980000000.00,1000000.00,1000000.00,1000000.00,1000000.00
33169213478785699,20140726,1000000.00,1000000.00,8,650,650000000.00,1000000.00,1000000.00,1000000.00,1000000.00
33169213478785699,20140727,1000000.00,1000000.00,7,8140,8140000000.00,1000000.00,1000000.00,1000000.00,1000000.00
33169213478785699,20140728,1000000.00,1000000.00,4,2080,2080000000.00,1000000.00,1000000.00,1000000.00,1000000.00
33169213478785699,20140802,1000000.00,1000000.00,12,5370,5370000000.00,1000000.00,1000000.00,1000000.00,1000000.00
33169213478785699,20140803,1000000.00,1000000.00,7,5410,5410000000.00,1000000.00,1000000.00,1000000.00,1000000.00
33169213478785699,20140804,1000000.00,1000000.00,3,6370,6370000000.00,1000000.00,1000000.00,1000000.00,1000000.00
33169213478785699,20140805,1000000.00,1000000.00,9,2640,2640000000.00,1000000.00,1000000.00,1000000.00,1000000.00
33169213478785699,20140806,1000000.00,1000000.00,9,5110,5110000000.00,1000000.00,1000000.00,1000000.00,1000000.00
33169213478785699,20140809,1000000.00,1000000.00,7,2600,2600000000.00,1000000.00,1000000.00,1000000.00,1000000.00
33169213478785699,20140810,1000000.00,1000000.00,6,2960,2960000000.00,1000000.00,1000000.00,1000000.00,1000000.00
33169213478785699,20140811,1000000.00,1000000.00,0,0,0.00,0.00,0.00,1000000.00,0.00
33169213478785699,20140812,1000000.00,1000000.00,3,540,540000000.00,1000000.00,1000000.00,1000000.00,1000000.00
33169213478785699,20140813,1000000.00,1000000.00,2,100,100000000.00,1000000.00,1000000.00,1000000.00,1000000.00
33169213478785699,20140816,1000000.00,1000000.00,4,670,670000000.00,1000000.00,1000000.00,1000000.00,1000000.00
33169213478785699,20140817,1000000.00,1000000.00,4,500,500000000.00,1000000.00,1000000.00,1000000.00,1000000.00
33169213478785699,20140818,1000000.00,1000000.00,18,13000,13000000000.00,1000000.00,1000000.00,1000000.00,1000000.00
33169213478785699,20140819,1000000.00,1000000.00,10,490,490000000.00,1000000.00,1000000.00,1000000.00,1000000.00
33169213478785699,20140820,1000000.00,1000000.00,2,170,170000000.00,1000000.00,1000000.00,1000000.00,1000000.00
33169213478785699,20140823,1000000.00,1000000.00,6,2250,2250000000.00,1000000.00,1000000.00,1000000.00,1000000.00
33169213478785699,20140824,1000000.00,1000000.00,8,1070,1070000000.00,1000000.00,1000000.00,1000000.00,1000000.00
33169213478785699,20140825,1000000.00,1000000.00,17,118850,118850000000.00,1000000.00,1000000.00,1000000.00,1000000.00
33169213478785699,20140826,1000000.00,1000000.00,4,850,850000000.00,1000000.00,1000000.00,1000000.00,1000000.00
33169213478785699,20140827,1000000.00,1000000.00,13,3250,3250000000.00,1000000.00,1000000.00,1000000.00,1000000.00
33169213478785699,20140830,1000000.00,1000000.00,13,1090,1090000000.00,1000000.00,1000000.00,1000000.00,1000000.00
33169213478785699,20140831,1000000.00,1000000.00,13,3230,3230000000.00,1000000.00,1000000.00,1000000.00,1000000.00
33169213478785699,20140901,1000000.00,1000000.00,5,530,530000000.00,1000000.00,1000000.00,1000000.00,1000000.00
33169213478785699,20140902,1000000.00,1000000.00,8,670,670000000.00,1000000.00,1000000.00,1000000.00,1000000.00
33169213478785699,20140903,1000000.00,1000000.00,14,1710,1710000000.00,1000000.00,1000000.00,1000000.00,1000000.00
33169213478785699,20140906,1000000.00,1000000.00,13,2910,2910000000.00,1000000.00,1000000.00,1000000.00,1000000.00
33169213478785699,20140907,1000000.00,1000000.00,7,420,420000000.00,1000000.00,1000000.00,1000000.00,1000000.00
33169213478785699,20140908,1000000.00,1000000.00,9,3240,3240000000.00,1000000.00,1000000.00,1000000.00,1000000.00
33169213478785699,20140909,1000000.00,1000000.00,5,620,620000000.00,1000000.00,1000000.00,1000000.00,1000000.00
33169213478785699,20140910,1000000.00,1000000.00,7,1170,1170000000.00,1000000.00,1000000.00,1000000.00,1000000.00
33169213478785699,20140913,1000000.00,1000000.00,0,0,0.00,0.00,0.00,1000000.00,0.00
33169213478785699,20140914,1000000.00,1000000.00,0,0,0.00,0.00,0.00,1000000.00,0.00
33169213478785699,20140915,1000000.00,1000000.00,25,8800,8800000000.00,1000000.00,1000000.00,1000000.00,1000000.00
33169213478785699,20140916,1000000.00,1000000.00,10,15960,15960000000.00,1000000.00,1000000.00,1000000.00,1000000.00
33169213478785699,20140917,1000000.00,1000000.00,29,4870,4870000000.00,1000000.00,1000000.00,1000000.00,1000000.00
33169213478785699,20140920,1000000.00,1000000.00,8,2840,2840000000.00,1000000.00,1000000.00,1000000.00,1000000.00
33169213478785699,20140921,1000000.00,1000000.00,4,180,180000000.00,1000000.00,1000000.00,1000000.00,1000000.00
33169213478785699,20140922,1000000.00,1000000.00,1,600,600000000.00,1000000.00,1000000.00,1000000.00,1000000.00
33169213478785699,20140923,1000000.00,1000000.00,4,12830,12830000000.00,1000000.00,1000000.00,1000000.00,1000000.00
33169213478785699,20140924,1000000.00,1000000.00,6,7150,7150000000.00,1000000.00,1000000.00,1000000.00,1000000.00
33169213478785699,20140927,1000000.00,1000000.00,2,110,110000000.00,1000000.00,1000000.00,1000000.00,1000000.00
33169213478785699,20140928,1000000.00,1000000.00,4,80,80000000.00,1000000.00,1000000.00,1000000.00,1000000.00
33169213478785699,20140929,1000000.00,1000000.00,3,840,840000000.00,1000000.00,1000000.00,1000000.00,1000000.00
33169213478785699,20140930,1000000.00,1000000.00,5,3820,3820000000.00,1000000.00,1000000.00,1000000.00,1000000.00
33169213478785699,20141001,1000000.00,1000000.00,1,5000,5000000000.00,1000000.00,1000000.00,1000000.00,1000000.00
33169213478785699,20141004,1000000.00,1000000.00,6,5870,5870000000.00,1000000.00,1000000.00,1000000.00,1000000.00
33169213478785699,20141006,1000000.00,1000000.00,1,30,30000000.00,1000000.00,1000000.00,1000000.00,1000000.00
33169213478785699,20141007,1000000.00,1000000.00,3,5030,5030000000.00,1000000.00,1000000.00,1000000.00,1000000.00
33169213478785699,20141008,1000000.00,1000000.00,6,9260,9260000000.00,1000000.00,1000000.00,1000000.00,1000000.00
33169213478785699,20141011,1000000.00,1000000.00,7,9430,9430000000.00,1000000.00,1000000.00,1000000.00,1000000.00
33169213478785699,20141012,1000000.00,1000000.00,8,6080,6080000000.00,1000000.00,1000000.00,1000000.00,1000000.00
33169213478785699,20141014,1000000.00,1000000.00,3,1230,1230000000.00,1000000.00,1000000.00,1000000.00,1000000.00
33169213478785699,20141015,1000000.00,1000000.00,18,19180,19180000000.00,1000000.00,1000000.00,1000000.00,1000000.00
33169213478785699,20141018,1000000.00,1000000.00,11,11100,11100000000.00,1000000.00,1000000.00,1000000.00,1000000.00
33169213478785699,20141019,1000000.00,1000000.00,6,5860,5860000000.00,1000000.00,1000000.00,1000000.00,1000000.00
33169213478785699,20141020,1000000.00,1000000.00,7,10420,10420000000.00,1000000.00,1000000.00,1000000.00,1000000.00
33169213478785699,20141021,1000000.00,1000000.00,3,6240,6240000000.00,1000000.00,1000000.00,1000000.00,1000000.00
33169213478785699,20141022,1000000.00,1000000.00,7,6790,6790000000.00,1000000.00,1000000.00,1000000.00,1000000.00
33169213478785699,20141025,1000000.00,1000000.00,11,14220,14220000000.00,1000000.00,1000000.00,1000000.00,1000000.00
33169213478785699,20141026,1000000.00,1000000.00,4,330,330000000.00,1000000.00,1000000.00,1000000.00,1000000.00
33169213478785699,20141027,1000000.00,1000000.00,10,7150,7150000000.00,1000000.00,1000000.00,1000000.00,1000000.00
33169213478785699,20141028,1000000.00,1000000.00,7,6230,6230000000.00,1000000.00,1000000.00,1000000.00,1000000.00
33169213478785699,20141029,1000000.00,1000000.00,4,5290,5290000000.00,1000000.00,1000000.00,1000000.00,1000000.00
33169213478785699,20141101,1000000.00,1000000.00,5,5370,5370000000.00,1000000.00,1000000.00,1000000.00,1000000.00
33169213478785699,20141102,1000000.00,1000000.00,8,13910,13910000000.00,1000000.00,1000000.00,1000000.00,1000000.00
33169213478785699,20141105,1000000.00,1000000.00,8,6870,6870000000.00,1000000.00,1000000.00,1000000.00,1000000.00
33169213478785699,20141108,1000000.00,1000000.00,13,9540,9540000000.00,1000000.00,1000000.00,1000000.00,1000000.00
33169213478785699,20141109,1000000.00,1000000.00,3,1620,1620000000.00,1000000.00,1000000.00,1000000.00,1000000.00
33169213478785699,20141110,1000000.00,1000000.00,8,6490,6490000000.00,1000000.00,1000000.00,1000000.00,1000000.00
33169213478785699,20141111,1000000.00,1000000.00,5,6580,6580000000.00,1000000.00,1000000.00,1000000.00,1000000.00
33169213478785699,20141112,1000000.00,1000000.00,10,4230,4230000000.00,1000000.00,1000000.00,1000000.00,1000000.00
33169213478785699,20141115,1000000.00,1000000.00,17,5870,5870000000.00,1000000.00,1000000.00,1000000.00,1000000.00
33169213478785699,20141116,1000000.00,1000000.00,5,6970,6970000000.00,1000000.00,1000000.00,1000000.00,1000000.00
33169213478785699,20141117,1000000.00,1000000.00,5,5230,5230000000.00,1000000.00,1000000.00,1000000.00,1000000.00
33169213478785699,20141118,1000000.00,1000000.00,7,5600,5600000000.00,1000000.00,1000000.00,1000000.00,1000000.00
33169213478785699,20141119,1000000.00,1000000.00,4,5450,5450000000.00,1000000.00,1000000.00,1000000.00,1000000.00
33169213478785699,20141122,1000000.00,1000000.00,3,5540,5540000000.00,1000000.00,1000000.00,1000000.00,1000000.00
33169213478785699,20141123,1000000.00,1000000.00,10,5510,5510000000.00,1000000.00,1000000.00,1000000.00,1000000.00
33169213478785699,20141124,1000000.00,1000000.00,3,5210,5210000000.00,1000000.00,1000000.00,1000000.00,1000000.00
33169213478785699,20141125,1000000.00,1000000.00,4,105150,105150000000.00,1000000.00,1000000.00,1000000.00,1000000.00
33169213478785699,20141126,1000000.00,1000000.00,8,7130,7130000000.00,1000000.00,1000000.00,1000000.00,1000000.00
33169213478785699,20141129,1000000.00,1000000.00,6,10630,10630000000.00,1000000.00,1000000.00,1000000.00,1000000.00
33169213478785699,20141130,1000000.00,1000000.00,3,5090,5090000000.00,1000000.00,1000000.00,1000000.00,1000000.00
33169213478785699,20141201,1000000.00,1000000.00,1,5000,5000000000.00,1000000.00,1000000.00,1000000.00,1000000.00
33169213478785699,20141202,1000000.00,1000000.00,4,5000,5000000000.00,1000000.00,1000000.00,1000000.00,1000000.00
33169213478785699,20141203,1000000.00,1000000.00,3,5320,5320000000.00,1000000.00,1000000.00,1000000.00,1000000.00
33169213478785699,20141206,1000000.00,1000000.00,2,5110,5110000000.00,1000000.00,1000000.00,1000000.00,1000000.00
33169213478785699,20141207,1000000.00,1000000.00,5,5140,5140000000.00,1000000.00,1000000.00,1000000.00,1000000.00
33169213478785699,20141208,1000000.00,1000000.00,4,5300,5300000000.00,1000000.00,1000000.00,1000000.00,1000000.00
33169213478785699,20141209,1000000.00,1000000.00,5,6270,6270000000.00,1000000.00,1000000.00,1000000.00,1000000.00
33169213478785699,20141210,1000000.00,1000000.00,0,0,0.00,0.00,0.00,1000000.00,0.00
33169213478785699,20141214,1000000.00,1000000.00,0,0,0.00,0.00,0.00,1000000.00,0.00
33169213478785699,20141215,1000000.00,1000000.00,11,8540,8540000000.00,1000000.00,1000000.00,1000000.00,1000000.00
33169213478785699,20141216,1000000.00,1000000.00,5,5110,5110000000.00,1000000.00,1000000.00,1000000.00,1000000.00
33169213478785699,20141217,1000000.00,1000000.00,9,100130,100130000000.00,1000000.00,1000000.00,1000000.00,1000000.00
33169213478785699,20141220,1000000.00,1000000.00,2,5000,5000000000.00,1000000.00,1000000.00,1000000.00,1000000.00
33169213478785699,20141222,1000000.00,1000000.00,14,150340,150340000000.00,1000000.00,1000000.00,1000000.00,1000000.00
33169213478785699,20141224,1000000.00,1000000.00,4,300,300000000.00,1000000.00,1000000.00,1000000.00,1000000.00
33169213478785699,20141227,1000000.00,1000000.00,3,5410,5410000000.00,1000000.00,1000000.00,1000000.00,1000000.00
33169213478785699,20141228,1000000.00,1000000.00,7,7970,7970000000.00,1000000.00,1000000.00,1000000.00,1000000.00
33169213478785699,20141229,1000000.00,1000000.00,7,9370,9370000000.00,1000000.00,1000000.00,1000000.00,1000000.00
33169213478785699,20141230,1000000.00,1000000.00,8,3740,3740000000.00,1000000.00,1000000.00,1000000.00,1000000.00
33169213478785699,20141231,1000000.00,1000000.00,15,10120,10120000000.00,1000000.00,1000000.00,1000000.00,1000000.00
33169213478785699,20150103,1000000.00,1000000.00,5,2080,2080000000.00,1000000.00,1000000.00,1000000.00,1000000.00
33169213478785699,20150104,1001830.00,1000000.00,8,101660,101846001920.00,1000000.00,1001863.00,1000000.00,1000000.00
33169213478785699,20150105,1000000.00,1000000.00,5,1160,1160000000.00,1000000.00,1000000.00,1001830.00,1000000.00
33169213478785699,20150106,1000000.00,1000000.00,5,230,230000000.00,1000000.00,1000000.00,1000000.00,1000000.00
33169213478785699,20150107,1000000.00,1000000.00,0,0,0.00,0.00,0.00,1000000.00,0.00
33169213478785699,20150110,1000000.00,1000000.00,9,1820,1820000000.00,1000000.00,1000000.00,1000000.00,1000000.00
33169213478785699,20150111,1000000.00,1000000.00,2,140,140000000.00,1000000.00,1000000.00,1000000.00,1000000.00
33169213478785699,20150112,1000000.00,1000000.00,6,2680,2680000000.00,1000000.00,1000000.00,1000000.00,1000000.00
33169213478785699,20150113,1000000.00,1000000.00,9,2100,2100000000.00,1000000.00,1000000.00,1000000.00,1000000.00
33169213478785699,20150114,1000000.00,1000000.00,9,870,870000000.00,1000000.00,1000000.00,1000000.00,1000000.00
33169213478785699,20150117,1000000.00,1000000.00,3,530,530000000.00,1000000.00,1000000.00,1000000.00,1000000.00
33169213478785699,20150118,1000000.00,1000000.00,2,1120,1120000000.00,1000000.00,1000000.00,1000000.00,1000000.00
33169213478785699,20150119,1000000.00,1000000.00,3,990,990000000.00,1000000.00,1000000.00,1000000.00,1000000.00
33169213478785699,20150120,1000000.00,1000000.00,2,180,180000000.00,1000000.00,1000000.00,1000000.00,1000000.00
33169213478785699,20150121,1000000.00,1000000.00,3,290,290000000.00,1000000.00,1000000.00,1000000.00,1000000.00
33169213478785699,20150124,1000000.00,1000000.00,2,60,60000000.00,1000000.00,1000000.00,1000000.00,1000000.00
33169213478785699,20150125,1000000.00,1000000.00,2,70,70000000.00,1000000.00,1000000.00,1000000.00,1000000.00
33169213478785699,20150126,1000000.00,1000000.00,3,350,350000000.00,1000000.00,1000000.00,1000000.00,1000000.00
33169213478785699,20150127,1000000.00,1000000.00,8,580,580000000.00,1000000.00,1000000.00,1000000.00,1000000.00
33169213478785699,20150128,1000000.00,1000000.00,4,410,410000000.00,1000000.00,1000000.00,1000000.00,1000000.00
33169213478785699,20150131,1000000.00,1000000.00,4,930,930000000.00,1000000.00,1000000.00,1000000.00,1000000.00
33169213478785699,20150201,1000000.00,1000000.00,7,640,640000000.00,1000000.00,1000000.00,1000000.00,1000000.00
33169213478785699,20150202,1000000.00,1000000.00,6,320,320000000.00,1000000.00,1000000.00,1000000.00,1000000.00
33169213478785699,20150203,1000000.00,1000000.00,5,580,580000000.00,1000000.00,1000000.00,1000000.00,1000000.00
33169213478785699,20150204,1000000.00,1000000.00,1,300,300000000.00,1000000.00,1000000.00,1000000.00,1000000.00
33169213478785699,20150207,1000000.00,1000000.00,3,90,90000000.00,1000000.00,1000000.00,1000000.00,1000000.00
33169213478785699,20150208,1000000.00,1000000.00,2,300,300000000.00,1000000.00,1000000.00,1000000.00,1000000.00
33169213478785699,20150209,1000000.00,1000000.00,4,990,990000000.00,1000000.00,1000000.00,1000000.00,1000000.00
33169213478785699,20150210,1000000.00,1000000.00,8,580,580000000.00,1000000.00,1000000.00,1000000.00,1000000.00
33169213478785699,20150214,1000000.00,1000000.00,7,1320,1320000000.00,1000000.00,1000000.00,1000000.00,1000000.00
33169213478785699,20150215,1000000.00,1000000.00,5,900,900000000.00,1000000.00,1000000.00,1000000.00,1000000.00
33169213478785699,20150216,1000000.00,1000000.00,3,580,580000000.00,1000000.00,1000000.00,1000000.00,1000000.00
33169213478785699,20150217,1000000.00,1000000.00,3,200,200000000.00,1000000.00,1000000.00,1000000.00,1000000.00
33169213478785699,20150218,1000000.00,1000000.00,2,100,100000000.00,1000000.00,1000000.00,1000000.00,1000000.00
33169213478785699,20150221,1000000.00,1000000.00,11,21940,21940000000.00,1000000.00,1000000.00,1000000.00,1000000.00
33169213478785699,20150222,1000000.00,1000000.00,2,40,40000000.00,1000000.00,1000000.00,1000000.00,1000000.00
33169213478785699,20150223,1000000.00,1000000.00,2,60,60000000.00,1000000.00,1000000.00,1000000.00,1000000.00
33169213478785699,20150224,1000000.00,1000000.00,0,0,0.00,0.00,0.00,1000000.00,0.00
33169213478785699,20150225,1000000.00,1000000.00,4,660,660000000.00,1000000.00,1000000.00,1000000.00,1000000.00
33169213478785699,20150228,1000000.00,1000000.00,4,260,260000000.00,1000000.00,1000000.00,1000000.00,1000000.00
33169213478785699,20150301,1000000.00,1000000.00,2,90,90000000.00,1000000.00,1000000.00,1000000.00,1000000.00
33169213478785699,20150302,1000000.00,1000000.00,4,160,160000000.00,1000000.00,1000000.00,1000000.00,1000000.00
33169213478785699,20150303,1000000.00,1000000.00,3,1010,1010000000.00,1000000.00,1000000.00,1000000.00,1000000.00
33169213478785699,20150304,1000000.00,1000000.00,3,1030,1030000000.00,1000000.00,1000000.00,1000000.00,1000000.00
33169213478785699,20150307,1000000.00,1000000.00,5,110,110000000.00,1000000.00,1000000.00,1000000.00,1000000.00
33169213478785699,20150308,1000000.00,1000000.00,9,4410,4410000000.00,1000000.00,1000000.00,1000000.00,1000000.00
33169213478785699,20150309,1000000.00,1000000.00,40,115810,115810000000.00,1000000.00,1000000.00,1000000.00,1000000.00
33169213478785699,20150310,1000000.00,1000000.00,3,25400,25400000000.00,1000000.00,1000000.00,1000000.00,1000000.00
33169213478785699,20150311,1000000.00,1000000.00,0,0,0.00,0.00,0.00,1000000.00,0.00
33169213478785699,20150314,1000000.00,1000000.00,0,0,0.00,0.00,0.00,1000000.00,0.00
33169213478785699,20150315,1000000.00,1000000.00,0,0,0.00,0.00,0.00,1000000.00,0.00
33169213478785699,20150316,1000000.00,1000000.00,0,0,0.00,0.00,0.00,1000000.00,0.00
33169213478785699,20150317,1000000.00,1000000.00,0,0,0.00,0.00,0.00,1000000.00,0.00
33169213478785699,20150318,1000000.00,1000000.00,0,0,0.00,0.00,0.00,1000000.00,0.00
33169213478785699,20150325,1000000.00,1000000.00,0,0,0.00,0.00,0.00,1000000.00,0.00
33169213478785699,20150328,1000000.00,1000000.00,0,0,0.00,0.00,0.00,1000000.00,0.00
33169213478785699,20150329,1000000.00,1000000.00,0,0,0.00,0.00,0.00,1000000.00,0.00
33169213478785699,20150330,1000000.00,1000000.00,0,0,0.00,0.00,0.00,1000000.00,0.00
33169213478785699,20150331,1000000.00,1000000.00,0,0,0.00,0.00,0.00,1000000.00,0.00
33169213478785699,20150404,1000000.00,1000000.00,0,0,0.00,0.00,0.00,1000000.00,0.00
33169213478785699,20150405,1000000.00,1000000.00,0,0,0.00,0.00,0.00,1000000.00,0.00
33169213478785699,20150406,1000000.00,1000000.00,0,0,0.00,0.00,0.00,1000000.00,0.00
33169213478785699,20150407,1000000.00,1000000.00,0,0,0.00,0.00,0.00,1000000.00,0.00
33169213478785699,20150408,1000000.00,1000000.00,0,0,0.00,0.00,0.00,1000000.00,0.00
33169213478785699,20150411,1000000.00,1000000.00,0,0,0.00,0.00,0.00,1000000.00,0.00
33169213478785699,20150412,1000000.00,1000000.00,0,0,0.00,0.00,0.00,1000000.00,0.00
33169213478785699,20150413,1000000.00,1000000.00,0,0,0.00,0.00,0.00,1000000.00,0.00
33169213478785699,20150414,1000000.00,1000000.00,0,0,0.00,0.00,0.00,1000000.00,0.00
33169213478785699,20150415,1000000.00,1000000.00,0,0,0.00,0.00,0.00,1000000.00,0.00
33169213478785699,20150418,1000000.00,1000000.00,0,0,0.00,0.00,0.00,1000000.00,0.00
33169213478785699,20150419,1000000.00,1000000.00,0,0,0.00,0.00,0.00,1000000.00,0.00
33169213478785699,20150420,1000000.00,1000000.00,0,0,0.00,0.00,0.00,1000000.00,0.00
33169213478785699,20150421,1000000.00,1000000.00,0,0,0.00,0.00,0.00,1000000.00,0.00
33169213478785699,20150422,1000000.00,1000000.00,0,0,0.00,0.00,0.00,1000000.00,0.00
33169213478785699,20150425,1000000.00,1000000.00,0,0,0.00,0.00,0.00,1000000.00,0.00
33169213478785699,20150426,1000000.00,1000000.00,0,0,0.00,0.00,0.00,1000000.00,0.00
33169213478785699,20150427,1000000.00,1000000.00,0,0,0.00,0.00,0.00,1000000.00,0.00
33169213478785699,20150428,1000000.00,1000000.00,0,0,0.00,0.00,0.00,1000000.00,0.00
33169213478785699,20150429,1000000.00,1000000.00,0,0,0.00,0.00,0.00,1000000.00,0.00
33169213478785699,20150503,1000000.00,1000000.00,0,0,0.00,0.00,0.00,1000000.00,0.00
33169213478785699,20150504,1000000.00,1000000.00,0,0,0.00,0.00,0.00,1000000.00,0.00
33169213478785699,20150505,1000000.00,1000000.00,0,0,0.00,0.00,0.00,1000000.00,0.00
33169213478785699,20150506,1000000.00,1000000.00,0,0,0.00,0.00,0.00,1000000.00,0.00
33169213478785699,20150509,1000000.00,1000000.00,0,0,0.00,0.00,0.00,1000000.00,0.00
33169213478785699,20150510,1000000.00,1000000.00,0,0,0.00,0.00,0.00,1000000.00,0.00
33169213478785699,20150511,1000000.00,1000000.00,0,0,0.00,0.00,0.00,1000000.00,0.00
33169213478785699,20150512,1000000.00,1000000.00,0,0,0.00,0.00,0.00,1000000.00,0.00
33169213478785699,20150513,1000000.00,1000000.00,0,0,0.00,0.00,0.00,1000000.00,0.00
33169213478785699,20150517,1000000.00,1000000.00,0,0,0.00,0.00,0.00,1000000.00,0.00
33169213478785699,20150518,1000000.00,1000000.00,0,0,0.00,0.00,0.00,1000000.00,0.00
33169213478785699,20150519,1000000.00,1000000.00,0,0,0.00,0.00,0.00,1000000.00,0.00
33169213478785699,20150520,1000000.00,1000000.00,0,0,0.00,0.00,0.00,1000000.00,0.00
33169213478785699,20150523,1000000.00,1000000.00,0,0,0.00,0.00,0.00,1000000.00,0.00
33169213478785699,20150524,1000000.00,1000000.00,0,0,0.00,0.00,0.00,1000000.00,0.00
33169213478785699,20150525,1000000.00,1000000.00,0,0,0.00,0.00,0.00,1000000.00,0.00
33169213478785699,20150526,1000000.00,1000000.00,0,0,0.00,0.00,0.00,1000000.00,0.00
33169213478785699,20150527,1000000.00,1000000.00,0,0,0.00,0.00,0.00,1000000.00,0.00
33169213478785699,20150530,1000000.00,1000000.00,0,0,0.00,0.00,0.00,1000000.00,0.00
33169213478785699,20150531,1000000.00,1000000.00,0,0,0.00,0.00,0.00,1000000.00,0.00
33169213478785699,20150601,1000000.00,1000000.00,0,0,0.00,0.00,0.00,1000000.00,0.00
33169213478785699,20150602,1000000.00,1000000.00,0,0,0.00,0.00,0.00,1000000.00,0.00
33169213478785699,20150606,1000000.00,1000000.00,0,0,0.00,0.00,0.00,1000000.00,0.00
33169213478785699,20150607,1000000.00,1000000.00,0,0,0.00,0.00,0.00,1000000.00,0.00
33169213478785699,20150608,1000000.00,1000000.00,0,0,0.00,0.00,0.00,1000000.00,0.00
33169213478785699,20150609,1000000.00,1000000.00,0,0,0.00,0.00,0.00,1000000.00,0.00
33169213478785699,20150610,1000000.00,1000000.00,0,0,0.00,0.00,0.00,1000000.00,0.00
33169213478785699,20150613,1000000.00,1000000.00,0,0,0.00,0.00,0.00,1000000.00,0.00
33169213478785699,20150614,1000000.00,1000000.00,0,0,0.00,0.00,0.00,1000000.00,0.00
33169213478785699,20150615,1000000.00,1000000.00,0,0,0.00,0.00,0.00,1000000.00,0.00
33169213478785699,20150616,1000000.00,1000000.00,0,0,0.00,0.00,0.00,1000000.00,0.00
33169213478785699,20150617,1000000.00,1000000.00,0,0,0.00,0.00,0.00,1000000.00,0.00
33169213478785699,20150620,1000000.00,1000000.00,0,0,0.00,0.00,0.00,1000000.00,0.00
33169213478785699,20150621,1000000.00,1000000.00,0,0,0.00,0.00,0.00,1000000.00,0.00
33169213478785699,20150622,1000000.00,1000000.00,0,0,0.00,0.00,0.00,1000000.00,0.00
33169213478785699,20150623,1000000.00,1000000.00,0,0,0.00,0.00,0.00,1000000.00,0.00
33169213478785699,20150624,1000000.00,1000000.00,0,0,0.00,0.00,0.00,1000000.00,0.00
33169213478785699,20150627,1000000.00,1000000.00,0,0,0.00,0.00,0.00,1000000.00,0.00
33169213478785699,20150628,1000000.00,1000000.00,0,0,0.00,0.00,0.00,1000000.00,0.00
33169213478785699,20150629,1000000.00,1000000.00,0,0,0.00,0.00,0.00,1000000.00,0.00
33169213478785699,20150630,1000000.00,1000000.00,0,0,0.00,0.00,0.00,1000000.00,0.00
33169213478785699,20150701,1000000.00,1000000.00,0,0,0.00,0.00,0.00,1000000.00,0.00
33169213478785699,20150704,1000000.00,1000000.00,0,0,0.00,0.00,0.00,1000000.00,0.00
33169213478785699,20150705,1000000.00,1000000.00,0,0,0.00,0.00,0.00,1000000.00,0.00
33169213478785699,20150706,1000000.00,1000000.00,0,0,0.00,0.00,0.00,1000000.00,0.00
33169213478785699,20150707,1000000.00,1000000.00,0,0,0.00,0.00,0.00,1000000.00,0.00
33169213478785699,20150711,1000000.00,1000000.00,0,0,0.00,0.00,0.00,1000000.00,0.00
33169213478785699,20150712,1000000.00,1000000.00,0,0,0.00,0.00,0.00,1000000.00,0.00
33169213478785699,20150713,1000000.00,1000000.00,0,0,0.00,0.00,0.00,1000000.00,0.00
33169213478785699,20150714,1000000.00,1000000.00,0,0,0.00,0.00,0.00,1000000.00,0.00
33169213478785699,20150715,1000000.00,1000000.00,0,0,0.00,0.00,0.00,1000000.00,0.00
33169213478785699,20150719,1000000.00,1000000.00,0,0,0.00,0.00,0.00,1000000.00,0.00
33169213478785699,20150720,1000000.00,1000000.00,0,0,0.00,0.00,0.00,1000000.00,0.00
33169213478785699,20150721,1000000.00,1000000.00,0,0,0.00,0.00,0.00,1000000.00,0.00
33169213478785699,20150722,1000000.00,1000000.00,0,0,0.00,0.00,0.00,1000000.00,0.00
33169213478785699,20150725,1000000.00,1000000.00,0,0,0.00,0.00,0.00,1000000.00,0.00
33169213478785699,20150726,1000000.00,1000000.00,0,0,0.00,0.00,0.00,1000000.00,0.00
33169213478785699,20150727,1000000.00,1000000.00,0,0,0.00,0.00,0.00,1000000.00,0.00
33169213478785699,20150728,1000000.00,1000000.00,0,0,0.00,0.00,0.00,1000000.00,0.00
33169213478785699,20150729,1000000.00,1000000.00,0,0,0.00,0.00,0.00,1000000.00,0.00
33169213478785699,20150801,1000000.00,1000000.00,0,0,0.00,0.00,0.00,1000000.00,0.00
33169213478785699,20150802,1000000.00,1000000.00,0,0,0.00,0.00,0.00,1000000.00,0.00
33169213478785699,20150803,1000000.00,1000000.00,0,0,0.00,0.00,0.00,1000000.00,0.00
33169213478785699,20150804,1000000.00,1000000.00,0,0,0.00,0.00,0.00,1000000.00,0.00
33169213478785699,20150805,1000000.00,1000000.00,0,0,0.00,0.00,0.00,1000000.00,0.00
33169213478785699,20150808,1000000.00,1000000.00,0,0,0.00,0.00,0.00,1000000.00,0.00
33169213478785699,20150809,1000000.00,1000000.00,0,0,0.00,0.00,0.00,1000000.00,0.00
33169213478785699,20150810,1000000.00,1000000.00,0,0,0.00,0.00,0.00,1000000.00,0.00
33169213478785699,20150812,1000000.00,1000000.00,0,0,0.00,0.00,0.00,1000000.00,0.00
33169213478785699,20150815,1000000.00,1000000.00,0,0,0.00,0.00,0.00,1000000.00,0.00
33169213478785699,20150816,1000000.00,1000000.00,0,0,0.00,0.00,0.00,1000000.00,0.00
33169213478785699,20150817,1000000.00,1000000.00,0,0,0.00,0.00,0.00,1000000.00,0.00
33169213478785699,20150818,1000000.00,1000000.00,0,0,0.00,0.00,0.00,1000000.00,0.00
33169213478785699,20150819,1000000.00,1000000.00,0,0,0.00,0.00,0.00,1000000.00,0.00
33169213478785699,20150822,1000000.00,1000000.00,0,0,0.00,0.00,0.00,1000000.00,0.00
33169213478785699,20150823,1000000.00,1000000.00,0,0,0.00,0.00,0.00,1000000.00,0.00
33169213478785699,20150824,1000000.00,1000000.00,0,0,0.00,0.00,0.00,1000000.00,0.00
33169213478785699,20150825,1000000.00,1000000.00,0,0,0.00,0.00,0.00,1000000.00,0.00
33169213478785699,20150826,1000000.00,1000000.00,0,0,0.00,0.00,0.00,1000000.00,0.00
33169213478785699,20150829,1000000.00,1000000.00,0,0,0.00,0.00,0.00,1000000.00,0.00
33169213478785699,20150830,1000000.00,1000000.00,0,0,0.00,0.00,0.00,1000000.00,0.00
33169213478785699,20150831,1000000.00,1000000.00,0,0,0.00,0.00,0.00,1000000.00,0.00
33169213478785699,20150901,1000000.00,1000000.00,0,0,0.00,0.00,0.00,1000000.00,0.00
33169213478785699,20150902,1000000.00,1000000.00,0,0,0.00,0.00,0.00,1000000.00,0.00
33169213478785699,20150905,1000000.00,1000000.00,0,0,0.00,0.00,0.00,1000000.00,0.00
33169213478785699,20150906,1000000.00,1000000.00,0,0,0.00,0.00,0.00,1000000.00,0.00
33169213478785699,20150907,1000000.00,1000000.00,0,0,0.00,0.00,0.00,1000000.00,0.00
33169213478785699,20150908,1000000.00,1000000.00,0,0,0.00,0.00,0.00,1000000.00,0.00
33169213478785699,20150909,1000000.00,1000000.00,0,0,0.00,0.00,0.00,1000000.00,0.00
33169213478785699,20150912,1000000.00,1000000.00,0,0,0.00,0.00,0.00,1000000.00,0.00
33169213478785699,20150913,1000000.00,1000000.00,0,0,0.00,0.00,0.00,1000000.00,0.00
33169213478785699,20150914,1000000.00,1000000.00,0,0,0.00,0.00,0.00,1000000.00,0.00
33169213478785699,20150915,1000000.00,1000000.00,0,0,0.00,0.00,0.00,1000000.00,0.00
33169213478785699,20150916,1000000.00,1000000.00,0,0,0.00,0.00,0.00,1000000.00,0.00
33169213478785699,20150919,1000000.00,1000000.00,0,0,0.00,0.00,0.00,1000000.00,0.00
33169213478785699,20150920,1000000.00,1000000.00,0,0,0.00,0.00,0.00,1000000.00,0.00
33169213478785699,20150921,1000000.00,1000000.00,0,0,0.00,0.00,0.00,1000000.00,0.00
33169213478785699,20150922,1000000.00,1000000.00,0,0,0.00,0.00,0.00,1000000.00,0.00
33169213478785699,20150923,1000000.00,1000000.00,0,0,0.00,0.00,0.00,1000000.00,0.00
33169213478785699,20150926,1000000.00,1000000.00,0,0,0.00,0.00,0.00,1000000.00,0.00
33169213478785699,20150927,1000000.00,1000000.00,0,0,0.00,0.00,0.00,1000000.00,0.00
33169213478785699,20150928,1000000.00,1000000.00,0,0,0.00,0.00,0.00,1000000.00,0.00
33169213478785699,20150929,1000000.00,1000000.00,0,0,0.00,0.00,0.00,1000000.00,0.00
33169213478785699,20150930,1000000.00,1000000.00,0,0,0.00,0.00,0.00,1000000.00,0.00
33169213478785699,20151003,1000000.00,1000000.00,0,0,0.00,0.00,0.00,1000000.00,0.00
33169213478785699,20151004,1000000.00,1000000.00,0,0,0.00,0.00,0.00,1000000.00,0.00
33169213478785699,20151005,1000000.00,1000000.00,0,0,0.00,0.00,0.00,1000000.00,0.00
33169213478785699,20151006,1000000.00,1000000.00,0,0,0.00,0.00,0.00,1000000.00,0.00
33169213478785699,20151007,1000000.00,1000000.00,0,0,0.00,0.00,0.00,1000000.00,0.00
33169213478785699,20151010,1000000.00,1000000.00,0,0,0.00,0.00,0.00,1000000.00,0.00
33169213478785699,20151011,1000000.00,1000000.00,0,0,0.00,0.00,0.00,1000000.00,0.00
33169213478785699,20151012,1000000.00,1000000.00,0,0,0.00,0.00,0.00,1000000.00,0.00
33169213478785699,20151013,1000000.00,1000000.00,0,0,0.00,0.00,0.00,1000000.00,0.00
33169213478785699,20151014,1000000.00,1000000.00,0,0,0.00,0.00,0.00,1000000.00,0.00
33169213478785699,20151017,1000000.00,1000000.00,0,0,0.00,0.00,0.00,1000000.00,0.00
33169213478785699,20151018,1000000.00,1000000.00,0,0,0.00,0.00,0.00,1000000.00,0.00
33169213478785699,20151019,1000000.00,1000000.00,0,0,0.00,0.00,0.00,1000000.00,0.00
33169213478785699,20151020,1000000.00,1000000.00,0,0,0.00,0.00,0.00,1000000.00,0.00
33169213478785699,20151021,1000000.00,1000000.00,0,0,0.00,0.00,0.00,1000000.00,0.00
33169213478785699,20151025,1000000.00,1000000.00,0,0,0.00,0.00,0.00,1000000.00,0.00
33169213478785699,20151026,1000000.00,1000000.00,0,0,0.00,0.00,0.00,1000000.00,0.00
33169213478785699,20151027,1000000.00,1000000.00,0,0,0.00,0.00,0.00,1000000.00,0.00
33169213478785699,20151028,1000000.00,1000000.00,0,0,0.00,0.00,0.00,1000000.00,0.00
33169213478785699,20151031,1000000.00,1000000.00,0,0,0.00,0.00,0.00,1000000.00,0.00
33169213478785699,20151101,1000000.00,1000000.00,0,0,0.00,0.00,0.00,1000000.00,0.00
33169213478785699,20151102,1000000.00,1000000.00,0,0,0.00,0.00,0.00,1000000.00,0.00
33169213478785699,20151103,1000000.00,1000000.00,0,0,0.00,0.00,0.00,1000000.00,0.00
33169213478785699,20151104,1000000.00,1000000.00,0,0,0.00,0.00,0.00,1000000.00,0.00
33169213478785699,20151107,1000000.00,1000000.00,0,0,0.00,0.00,0.00,1000000.00,0.00
33169213478785699,20151108,1000000.00,1000000.00,0,0,0.00,0.00,0.00,1000000.00,0.00
33169213478785699,20151109,1000000.00,1000000.00,0,0,0.00,0.00,0.00,1000000.00,0.00
33169213478785699,20151110,1000000.00,1000000.00,0,0,0.00,0.00,0.00,1000000.00,0.00
33169213478785699,20151111,1000000.00,1000000.00,0,0,0.00,0.00,0.00,1000000.00,0.00
33169213478785699,20151114,1000000.00,1000000.00,0,0,0.00,0.00,0.00,1000000.00,0.00
33169213478785699,20151115,1000000.00,1000000.00,0,0,0.00,0.00,0.00,1000000.00,0.00
33169213478785699,20151116,1000000.00,1000000.00,0,0,0.00,0.00,0.00,1000000.00,0.00
33169213478785699,20151117,1000000.00,1000000.00,0,0,0.00,0.00,0.00,1000000.00,0.00
33169213478785699,20151118,1000000.00,1000000.00,0,0,0.00,0.00,0.00,1000000.00,0.00
33169213478785699,20151121,1000000.00,1000000.00,0,0,0.00,0.00,0.00,1000000.00,0.00
33169213478785699,20151122,1000000.00,1000000.00,0,0,0.00,0.00,0.00,1000000.00,0.00
33169213478785699,20151123,1000000.00,1000000.00,0,0,0.00,0.00,0.00,1000000.00,0.00
33169213478785699,20151124,1000000.00,1000000.00,0,0,0.00,0.00,0.00,1000000.00,0.00
33169213478785699,20151125,1000000.00,1000000.00,0,0,0.00,0.00,0.00,1000000.00,0.00
33169213478785699,20151128,1000000.00,1000000.00,0,0,0.00,0.00,0.00,1000000.00,0.00
33169213478785699,20151129,1000000.00,1000000.00,0,0,0.00,0.00,0.00,1000000.00,0.00
33169213478785699,20151130,1000000.00,1000000.00,0,0,0.00,0.00,0.00,1000000.00,0.00
33169213478785699,20151201,1000000.00,1000000.00,0,0,0.00,0.00,0.00,1000000.00,0.00
33169213478785699,20151205,1000000.00,1000000.00,0,0,0.00,0.00,0.00,1000000.00,0.00
33169213478785699,20151206,1000000.00,1000000.00,0,0,0.00,0.00,0.00,1000000.00,0.00
33169213478785699,20151207,1000000.00,1000000.00,0,0,0.00,0.00,0.00,1000000.00,0.00
33169213478785699,20151208,1000000.00,1000000.00,0,0,0.00,0.00,0.00,1000000.00,0.00
33169213478785699,20151209,1000000.00,1000000.00,0,0,0.00,0.00,0.00,1000000.00,0.00
33169213478785699,20151213,1000000.00,1000000.00,0,0,0.00,0.00,0.00,1000000.00,0.00
33169213478785699,20151214,1000000.00,1000000.00,0,0,0.00,0.00,0.00,1000000.00,0.00
33169213478785699,20151215,1000000.00,1000000.00,0,0,0.00,0.00,0.00,1000000.00,0.00
33169213478785699,20151216,1000000.00,1000000.00,0,0,0.00,0.00,0.00,1000000.00,0.00
33169213478785699,20151219,1000000.00,1000000.00,0,0,0.00,0.00,0.00,1000000.00,0.00
33169213478785699,20151220,1000000.00,1000000.00,0,0,0.00,0.00,0.00,1000000.00,0.00
33169213478785699,20151221,1000000.00,1000000.00,0,0,0.00,0.00,0.00,1000000.00,0.00
33169213478785699,20151222,1000000.00,1000000.00,0,0,0.00,0.00,0.00,1000000.00,0.00
33169213478785699,20151223,1000000.00,1000000.00,0,0,0.00,0.00,0.00,1000000.00,0.00
33169213478785699,20151226,1000000.00,1000000.00,0,0,0.00,0.00,0.00,1000000.00,0.00
33169213478785699,20151227,1000000.00,1000000.00,0,0,0.00,0.00,0.00,1000000.00,0.00
33169213478785699,20151228,1000000.00,1000000.00,0,0,0.00,0.00,0.00,1000000.00,0.00
33169213478785699,20151230,1000000.00,1000000.00,0,0,0.00,0.00,0.00,1000000.00,0.00
33169213478785699,20160102,1000000.00,1000000.00,0,0,0.00,0.00,0.00,1000000.00,0.00
33169213478785699,20160103,1000000.00,1000000.00,0,0,0.00,0.00,0.00,1000000.00,0.00
33169213478785699,20160104,1000000.00,1000000.00,0,0,0.00,0.00,0.00,1000000.00,0.00
33169213478785699,20160105,1000000.00,1000000.00,0,0,0.00,0.00,0.00,1000000.00,0.00
33169213478785699,20160106,1000000.00,1000000.00,0,0,0.00,0.00,0.00,1000000.00,0.00
33169213478785699,20160109,1000000.00,1000000.00,0,0,0.00,0.00,0.00,1000000.00,0.00
33169213478785699,20160110,1000000.00,1000000.00,0,0,0.00,0.00,0.00,1000000.00,0.00
33169213478785699,20160111,1000000.00,1000000.00,0,0,0.00,0.00,0.00,1000000.00,0.00
33169213478785699,20160112,1000000.00,1000000.00,0,0,0.00,0.00,0.00,1000000.00,0.00
33169213478785699,20160113,1000000.00,1000000.00,0,0,0.00,0.00,0.00,1000000.00,0.00
33169213478785699,20160116,1000000.00,1000000.00,0,0,0.00,0.00,0.00,1000000.00,0.00
33169213478785699,20160117,1000000.00,1000000.00,0,0,0.00,0.00,0.00,1000000.00,0.00
33169213478785699,20160118,1000000.00,1000000.00,0,0,0.00,0.00,0.00,1000000.00,0.00
33169213478785699,20160119,1000000.00,1000000.00,0,0,0.00,0.00,0.00,1000000.00,0.00
33169213478785699,20160120,1000000.00,1000000.00,0,0,0.00,0.00,0.00,1000000.00,0.00
33169213478785699,20160123,1000000.00,1000000.00,0,0,0.00,0.00,0.00,1000000.00,0.00
33169213478785699,20160124,1000000.00,1000000.00,0,0,0.00,0.00,0.00,1000000.00,0.00
33169213478785699,20160125,1000000.00,1000000.00,0,0,0.00,0.00,0.00,1000000.00,0.00
33169213478785699,20160126,1000000.00,1000000.00,0,0,0.00,0.00,0.00,1000000.00,0.00
33169213478785699,20160127,1000000.00,1000000.00,0,0,0.00,0.00,0.00,1000000.00,0.00
33169213478785699,20160130,1000000.00,1000000.00,0,0,0.00,0.00,0.00,1000000.00,0.00
33169213478785699,20160131,1000000.00,1000000.00,0,0,0.00,0.00,0.00,1000000.00,0.00
33169213478785699,20160201,1000000.00,1000000.00,0,0,0.00,0.00,0.00,1000000.00,0.00
33169213478785699,20160202,1000000.00,1000000.00,0,0,0.00,0.00,0.00,1000000.00,0.00
33169213478785699,20160203,1000000.00,1000000.00,0,0,0.00,0.00,0.00,1000000.00,0.00
33169213478785699,20160206,1000000.00,1000000.00,0,0,0.00,0.00,0.00,1000000.00,0.00
33169213478785699,20160207,1000000.00,1000000.00,0,0,0.00,0.00,0.00,1000000.00,0.00
33169213478785699,20160208,1000000.00,1000000.00,0,0,0.00,0.00,0.00,1000000.00,0.00
33169213478785699,20160209,1000000.00,1000000.00,0,0,0.00,0.00,0.00,1000000.00,0.00
33169213478785699,20160210,1000000.00,1000000.00,0,0,0.00,0.00,0.00,1000000.00,0.00
33169213478785699,20160213,1000000.00,1000000.00,0,0,0.00,0.00,0.00,1000000.00,0.00
33169213478785699,20160214,1000000.00,1000000.00,0,0,0.00,0.00,0.00,1000000.00,0.00
33169213478785699,20160215,1000000.00,1000000.00,0,0,0.00,0.00,0.00,1000000.00,0.00
33169213478785699,20160216,1000000.00,1000000.00,0,0,0.00,0.00,0.00,1000000.00,0.00
33169213478785699,20160217,1000000.00,1000000.00,0,0,0.00,0.00,0.00,1000000.00,0.00
33169213478785699,20160220,1000000.00,1000000.00,0,0,0.00,0.00,0.00,1000000.00,0.00
33169213478785699,20160221,1000000.00,1000000.00,0,0,0.00,0.00,0.00,1000000.00,0.00
33169213478785699,20160222,1000000.00,1000000.00,0,0,0.00,0.00,0.00,1000000.00,0.00
33169213478785699,20160223,1000000.00,1000000.00,0,0,0.00,0.00,0.00,1000000.00,0.00
33169213478785699,20160224,1000000.00,1000000.00,0,0,0.00,0.00,0.00,1000000.00,0.00
33169213478785699,20160227,1000000.00,1000000.00,0,0,0.00,0.00,0.00,1000000.00,0.00
33169213478785699,20160228,1000000.00,1000000.00,0,0,0.00,0.00,0.00,1000000.00,0.00
33169213478785699,20160229,1000000.00,1000000.00,0,0,0.00,0.00,0.00,1000000.00,0.00
33169213478785699,20160301,1000000.00,1000000.00,0,0,0.00,0.00,0.00,1000000.00,0.00
33169213478785699,20160302,1000000.00,1000000.00,0,0,0.00,0.00,0.00,1000000.00,0.00
33169213478785699,20160305,1000000.00,1000000.00,0,0,0.00,0.00,0.00,1000000.00,0.00
33169213478785699,20160306,1000000.00,1000000.00,0,0,0.00,0.00,0.00,1000000.00,0.00
33169213478785699,20160307,1000000.00,1000000.00,0,0,0.00,0.00,0.00,1000000.00,0.00
33169213478785699,20160308,1000000.00,1000000.00,0,0,0.00,0.00,0.00,1000000.00,0.00
33169213478785699,20160309,1000000.00,1000000.00,0,0,0.00,0.00,0.00,1000000.00,0.00
33169213478785699,20160312,1000000.00,1000000.00,0,0,0.00,0.00,0.00,1000000.00,0.00
33169213478785699,20160314,1000000.00,1000000.00,0,0,0.00,0.00,0.00,1000000.00,0.00
33169213478785699,20160315,1000000.00,1000000.00,0,0,0.00,0.00,0.00,1000000.00,0.00
33169213478785699,20160316,1000000.00,1000000.00,0,0,0.00,0.00,0.00,1000000.00,0.00
33169213478785699,20160326,1000000.00,1000000.00,0,0,0.00,0.00,0.00,1000000.00,0.00
33169213478785699,20160327,1000000.00,1000000.00,0,0,0.00,0.00,0.00,1000000.00,0.00
33169213478785699,20160328,1000000.00,1000000.00,0,0,0.00,0.00,0.00,1000000.00,0.00
33169213478785699,20160329,1000000.00,1000000.00,0,0,0.00,0.00,0.00,1000000.00,0.00
33169213478785699,20160330,1000000.00,1000000.00,0,0,0.00,0.00,0.00,1000000.00,0.00
33169213478785699,20160402,1000000.00,1000000.00,0,0,0.00,0.00,0.00,1000000.00,0.00
33169213478785699,20160403,1000000.00,1000000.00,0,0,0.00,0.00,0.00,1000000.00,0.00
33169213478785699,20160404,1000000.00,1000000.00,0,0,0.00,0.00,0.00,1000000.00,0.00
33169213478785699,20160405,1000000.00,1000000.00,0,0,0.00,0.00,0.00,1000000.00,0.00
33169213478785699,20160406,1000000.00,1000000.00,0,0,0.00,0.00,0.00,1000000.00,0.00
33169213478785699,20160409,1000000.00,1000000.00,0,0,0.00,0.00,0.00,1000000.00,0.00
33169213478785699,20160410,1000000.00,1000000.00,0,0,0.00,0.00,0.00,1000000.00,0.00
33169213478785699,20160411,1000000.00,1000000.00,0,0,0.00,0.00,0.00,1000000.00,0.00
33169213478785699,20160412,1000000.00,1000000.00,0,0,0.00,0.00,0.00,1000000.00,0.00
33169213478785699,20160413,1000000.00,1000000.00,0,0,0.00,0.00,0.00,1000000.00,0.00
33169213478785699,20160416,1000000.00,1000000.00,0,0,0.00,0.00,0.00,1000000.00,0.00
33169213478785699,20160417,1000000.00,1000000.00,0,0,0.00,0.00,0.00,1000000.00,0.00
33169213478785699,20160418,1000000.00,1000000.00,0,0,0.00,0.00,0.00,1000000.00,0.00
33169213478785699,20160419,1000000.00,1000000.00,0,0,0.00,0.00,0.00,1000000.00,0.00
33169213478785699,20160420,1000000.00,1000000.00,0,0,0.00,0.00,0.00,1000000.00,0.00
33169213478785699,20160423,1000000.00,1000000.00,0,0,0.00,0.00,0.00,1000000.00,0.00
33169213478785699,20160424,1000000.00,1000000.00,0,0,0.00,0.00,0.00,1000000.00,0.00
33169213478785699,20160425,1000000.00,1000000.00,0,0,0.00,0.00,0.00,1000000.00,0.00
33169213478785699,20160426,1000000.00,1000000.00,0,0,0.00,0.00,0.00,1000000.00,0.00
33169213478785699,20160427,1000000.00,1000000.00,0,0,0.00,0.00,0.00,1000000.00,0.00
33169213478785699,20160430,1000000.00,1000000.00,0,0,0.00,0.00,0.00,1000000.00,0.00
33169213478785699,20160501,1000000.00,1000000.00,0,0,0.00,0.00,0.00,1000000.00,0.00
33169213478785699,20160502,1000000.00,1000000.00,0,0,0.00,0.00,0.00,1000000.00,0.00
33169213478785699,20160503,1000000.00,1000000.00,0,0,0.00,0.00,0.00,1000000.00,0.00
33169213478785699,20160504,1000000.00,1000000.00,0,0,0.00,0.00,0.00,1000000.00,0.00
33169213478785699,20160507,1000000.00,1000000.00,0,0,0.00,0.00,0.00,1000000.00,0.00
33169213478785699,20160508,1000000.00,1000000.00,0,0,0.00,0.00,0.00,1000000.00,0.00
33169213478785699,20160509,1000000.00,1000000.00,0,0,0.00,0.00,0.00,1000000.00,0.00
33169213478785699,20160510,1000000.00,1000000.00,0,0,0.00,0.00,0.00,1000000.00,0.00
33169213478785699,20160511,1000000.00,1000000.00,0,0,0.00,0.00,0.00,1000000.00,0.00
33169213478785699,20160514,1000000.00,1000000.00,0,0,0.00,0.00,0.00,1000000.00,0.00
33169213478785699,20160515,1000000.00,1000000.00,0,0,0.00,0.00,0.00,1000000.00,0.00
