36597927530072864,20081206,800.00,800.00,0,0,0.00,0.00,0.00,800.00,0.00
36597927530072864,20081207,800.00,800.00,0,0,0.00,0.00,0.00,800.00,0.00
36597927530072864,20081208,800.00,800.00,0,0,0.00,0.00,0.00,800.00,0.00
36597927530072864,20081210,800.00,800.00,0,0,0.00,0.00,0.00,800.00,0.00
36597927530072864,20081213,800.00,800.00,0,0,0.00,0.00,0.00,800.00,0.00
36597927530072864,20081214,800.00,800.00,0,0,0.00,0.00,0.00,800.00,0.00
36597927530072864,20081215,800.00,800.00,0,0,0.00,0.00,0.00,800.00,0.00
36597927530072864,20081216,800.00,800.00,0,0,0.00,0.00,0.00,800.00,0.00
36597927530072864,20081220,800.00,800.00,0,0,0.00,0.00,0.00,800.00,0.00
36597927530072864,20081221,800.00,800.00,0,0,0.00,0.00,0.00,800.00,0.00
36597927530072864,20081222,800.00,800.00,0,0,0.00,0.00,0.00,800.00,0.00
36597927530072864,20081223,800.00,800.00,0,0,0.00,0.00,0.00,800.00,0.00
36597927530072864,20081224,800.00,800.00,0,0,0.00,0.00,0.00,800.00,0.00
36597927530072864,20081227,800.00,800.00,0,0,0.00,0.00,0.00,800.00,0.00
36597927530072864,20081228,800.00,800.00,0,0,0.00,0.00,0.00,800.00,0.00
36597927530072864,20081229,800.00,800.00,0,0,0.00,0.00,0.00,800.00,0.00
36597927530072864,20081230,800.00,800.00,0,0,0.00,0.00,0.00,800.00,0.00
36597927530072864,20081231,800.00,800.00,0,0,0.00,0.00,0.00,800.00,0.00
36597927530072864,20090103,800.00,800.00,0,0,0.00,0.00,0.00,800.00,0.00
36597927530072864,20090104,800.00,800.00,0,0,0.00,0.00,0.00,800.00,0.00
36597927530072864,20090105,800.00,800.00,0,0,0.00,0.00,0.00,800.00,0.00
36597927530072864,20090110,800.00,800.00,0,0,0.00,0.00,0.00,800.00,0.00
36597927530072864,20090111,800.00,800.00,0,0,0.00,0.00,0.00,800.00,0.00
36597927530072864,20090112,800.00,800.00,0,0,0.00,0.00,0.00,800.00,0.00
36597927530072864,20090113,800.00,800.00,0,0,0.00,0.00,0.00,800.00,0.00
36597927530072864,20090114,800.00,800.00,0,0,0.00,0.00,0.00,800.00,0.00
36597927530072864,20090117,800.00,800.00,0,0,0.00,0.00,0.00,800.00,0.00
36597927530072864,20090118,800.00,800.00,0,0,0.00,0.00,0.00,800.00,0.00
36597927530072864,20090119,800.00,800.00,0,0,0.00,0.00,0.00,800.00,0.00
36597927530072864,20090120,800.00,800.00,0,0,0.00,0.00,0.00,800.00,0.00
36597927530072864,20090121,800.00,800.00,0,0,0.00,0.00,0.00,800.00,0.00
36597927530072864,20090124,800.00,800.00,0,0,0.00,0.00,0.00,800.00,0.00
36597927530072864,20090125,800.00,800.00,0,0,0.00,0.00,0.00,800.00,0.00
36597927530072864,20090126,800.00,800.00,0,0,0.00,0.00,0.00,800.00,0.00
36597927530072864,20090127,800.00,800.00,0,0,0.00,0.00,0.00,800.00,0.00
36597927530072864,20090128,800.00,800.00,0,0,0.00,0.00,0.00,800.00,0.00
36597927530072864,20090131,800.00,800.00,0,0,0.00,0.00,0.00,800.00,0.00
36597927530072864,20090201,800.00,800.00,0,0,0.00,0.00,0.00,800.00,0.00
36597927530072864,20090202,800.00,800.00,0,0,0.00,0.00,0.00,800.00,0.00
36597927530072864,20090203,800.00,800.00,0,0,0.00,0.00,0.00,800.00,0.00
36597927530072864,20090204,800.00,800.00,0,0,0.00,0.00,0.00,800.00,0.00
36597927530072864,20090207,800.00,800.00,0,0,0.00,0.00,0.00,800.00,0.00
36597927530072864,20090208,800.00,800.00,0,0,0.00,0.00,0.00,800.00,0.00
36597927530072864,20090209,800.00,800.00,0,0,0.00,0.00,0.00,800.00,0.00
36597927530072864,20090211,800.00,800.00,0,0,0.00,0.00,0.00,800.00,0.00
36597927530072864,20090214,800.00,800.00,0,0,0.00,0.00,0.00,800.00,0.00
36597927530072864,20090215,800.00,800.00,0,0,0.00,0.00,0.00,800.00,0.00
36597927530072864,20090217,800.00,800.00,0,0,0.00,0.00,0.00,800.00,0.00
36597927530072864,20090218,800.00,800.00,0,0,0.00,0.00,0.00,800.00,0.00
36597927530072864,20090221,800.00,800.00,0,0,0.00,0.00,0.00,800.00,0.00
36597927530072864,20090222,800.00,800.00,0,0,0.00,0.00,0.00,800.00,0.00
36597927530072864,20090223,800.00,800.00,0,0,0.00,0.00,0.00,800.00,0.00
36597927530072864,20090225,800.00,800.00,0,0,0.00,0.00,0.00,800.00,0.00
36597927530072864,20090228,800.00,800.00,0,0,0.00,0.00,0.00,800.00,0.00
36597927530072864,20090301,800.00,800.00,0,0,0.00,0.00,0.00,800.00,0.00
36597927530072864,20090302,800.00,800.00,0,0,0.00,0.00,0.00,800.00,0.00
36597927530072864,20090303,800.00,800.00,0,0,0.00,0.00,0.00,800.00,0.00
36597927530072864,20090304,800.00,800.00,0,0,0.00,0.00,0.00,800.00,0.00
36597927530072864,20090307,800.00,800.00,0,0,0.00,0.00,0.00,800.00,0.00
36597927530072864,20090308,800.00,800.00,0,0,0.00,0.00,0.00,800.00,0.00
36597927530072864,20090309,800.00,800.00,0,0,0.00,0.00,0.00,800.00,0.00
36597927530072864,20090310,800.00,800.00,0,0,0.00,0.00,0.00,800.00,0.00
36597927530072864,20090311,800.00,800.00,0,0,0.00,0.00,0.00,800.00,0.00
36597927530072864,20090314,800.00,800.00,0,0,0.00,0.00,0.00,800.00,0.00
36597927530072864,20090316,800.00,800.00,0,0,0.00,0.00,0.00,800.00,0.00
36597927530072864,20090317,800.00,800.00,0,0,0.00,0.00,0.00,800.00,0.00
36597927530072864,20090318,800.00,800.00,0,0,0.00,0.00,0.00,800.00,0.00
36597927530072864,20090325,800.00,800.00,0,0,0.00,0.00,0.00,800.00,0.00
36597927530072864,20090328,800.00,800.00,0,0,0.00,0.00,0.00,800.00,0.00
36597927530072864,20090329,800.00,800.00,0,0,0.00,0.00,0.00,800.00,0.00
36597927530072864,20090330,800.00,800.00,0,0,0.00,0.00,0.00,800.00,0.00
36597927530072864,20090331,800.00,800.00,0,0,0.00,0.00,0.00,800.00,0.00
36597927530072864,20090404,800.00,800.00,0,0,0.00,0.00,0.00,800.00,0.00
36597927530072864,20090405,800.00,800.00,0,0,0.00,0.00,0.00,800.00,0.00
36597927530072864,20090406,800.00,800.00,0,0,0.00,0.00,0.00,800.00,0.00
36597927530072864,20090407,800.00,800.00,0,0,0.00,0.00,0.00,800.00,0.00
36597927530072864,20090408,800.00,800.00,0,0,0.00,0.00,0.00,800.00,0.00
36597927530072864,20090411,800.00,800.00,0,0,0.00,0.00,0.00,800.00,0.00
36597927530072864,20090412,800.00,800.00,0,0,0.00,0.00,0.00,800.00,0.00
36597927530072864,20090413,800.00,800.00,0,0,0.00,0.00,0.00,800.00,0.00
36597927530072864,20090414,800.00,800.00,0,0,0.00,0.00,0.00,800.00,0.00
36597927530072864,20090415,800.00,800.00,0,0,0.00,0.00,0.00,800.00,0.00
36597927530072864,20090418,800.00,800.00,0,0,0.00,0.00,0.00,800.00,0.00
36597927530072864,20090419,800.00,800.00,0,0,0.00,0.00,0.00,800.00,0.00
36597927530072864,20090420,800.00,800.00,0,0,0.00,0.00,0.00,800.00,0.00
36597927530072864,20090421,800.00,800.00,0,0,0.00,0.00,0.00,800.00,0.00
36597927530072864,20090422,800.00,800.00,0,0,0.00,0.00,0.00,800.00,0.00
36597927530072864,20090425,800.00,800.00,0,0,0.00,0.00,0.00,800.00,0.00
36597927530072864,20090426,800.00,800.00,0,0,0.00,0.00,0.00,800.00,0.00
36597927530072864,20090427,800.00,800.00,0,0,0.00,0.00,0.00,800.00,0.00
36597927530072864,20090428,800.00,800.00,0,0,0.00,0.00,0.00,800.00,0.00
36597927530072864,20090429,800.00,800.00,0,0,0.00,0.00,0.00,800.00,0.00
36597927530072864,20090502,800.00,800.00,0,0,0.00,0.00,0.00,800.00,0.00
36597927530072864,20090503,800.00,800.00,0,0,0.00,0.00,0.00,800.00,0.00
36597927530072864,20090504,800.00,800.00,0,0,0.00,0.00,0.00,800.00,0.00
36597927530072864,20090505,800.00,800.00,0,0,0.00,0.00,0.00,800.00,0.00
36597927530072864,20090506,800.00,800.00,0,0,0.00,0.00,0.00,800.00,0.00
36597927530072864,20090509,800.00,800.00,0,0,0.00,0.00,0.00,800.00,0.00
36597927530072864,20090510,800.00,800.00,0,0,0.00,0.00,0.00,800.00,0.00
36597927530072864,20090511,800.00,800.00,0,0,0.00,0.00,0.00,800.00,0.00
36597927530072864,20090512,800.00,800.00,0,0,0.00,0.00,0.00,800.00,0.00
36597927530072864,20090513,800.00,800.00,0,0,0.00,0.00,0.00,800.00,0.00
36597927530072864,20090516,800.00,800.00,0,0,0.00,0.00,0.00,800.00,0.00
36597927530072864,20090517,800.00,800.00,0,0,0.00,0.00,0.00,800.00,0.00
36597927530072864,20090518,800.00,800.00,0,0,0.00,0.00,0.00,800.00,0.00
36597927530072864,20090519,800.00,800.00,0,0,0.00,0.00,0.00,800.00,0.00
36597927530072864,20090520,800.00,800.00,0,0,0.00,0.00,0.00,800.00,0.00
36597927530072864,20090523,800.00,800.00,0,0,0.00,0.00,0.00,800.00,0.00
36597927530072864,20090524,800.00,800.00,0,0,0.00,0.00,0.00,800.00,0.00
36597927530072864,20090525,800.00,800.00,0,0,0.00,0.00,0.00,800.00,0.00
36597927530072864,20090526,800.00,800.00,0,0,0.00,0.00,0.00,800.00,0.00
36597927530072864,20090527,800.00,800.00,0,0,0.00,0.00,0.00,800.00,0.00
36597927530072864,20090530,800.00,800.00,0,0,0.00,0.00,0.00,800.00,0.00
36597927530072864,20090531,800.00,800.00,0,0,0.00,0.00,0.00,800.00,0.00
36597927530072864,20090601,800.00,800.00,0,0,0.00,0.00,0.00,800.00,0.00
36597927530072864,20090602,800.00,800.00,0,0,0.00,0.00,0.00,800.00,0.00
36597927530072864,20090603,800.00,800.00,0,0,0.00,0.00,0.00,800.00,0.00
36597927530072864,20090606,800.00,800.00,0,0,0.00,0.00,0.00,800.00,0.00
36597927530072864,20090607,800.00,800.00,0,0,0.00,0.00,0.00,800.00,0.00
36597927530072864,20090608,800.00,800.00,0,0,0.00,0.00,0.00,800.00,0.00
36597927530072864,20090609,800.00,800.00,0,0,0.00,0.00,0.00,800.00,0.00
36597927530072864,20090610,800.00,800.00,0,0,0.00,0.00,0.00,800.00,0.00
36597927530072864,20090613,800.00,800.00,0,0,0.00,0.00,0.00,800.00,0.00
36597927530072864,20090614,800.00,800.00,0,0,0.00,0.00,0.00,800.00,0.00
36597927530072864,20090615,800.00,800.00,0,0,0.00,0.00,0.00,800.00,0.00
36597927530072864,20090616,800.00,800.00,0,0,0.00,0.00,0.00,800.00,0.00
36597927530072864,20090617,800.00,800.00,0,0,0.00,0.00,0.00,800.00,0.00
36597927530072864,20090620,800.00,800.00,0,0,0.00,0.00,0.00,800.00,0.00
36597927530072864,20090621,800.00,800.00,0,0,0.00,0.00,0.00,800.00,0.00
36597927530072864,20090622,800.00,800.00,0,0,0.00,0.00,0.00,800.00,0.00
36597927530072864,20090623,800.00,800.00,0,0,0.00,0.00,0.00,800.00,0.00
36597927530072864,20090624,800.00,800.00,0,0,0.00,0.00,0.00,800.00,0.00
36597927530072864,20090627,800.00,800.00,0,0,0.00,0.00,0.00,800.00,0.00
36597927530072864,20090628,800.00,800.00,0,0,0.00,0.00,0.00,800.00,0.00
36597927530072864,20090629,800.00,800.00,0,0,0.00,0.00,0.00,800.00,0.00
36597927530072864,20090630,800.00,800.00,0,0,0.00,0.00,0.00,800.00,0.00
36597927530072864,20090701,800.00,800.00,0,0,0.00,0.00,0.00,800.00,0.00
36597927530072864,20090704,800.00,800.00,0,0,0.00,0.00,0.00,800.00,0.00
36597927530072864,20090705,800.00,800.00,0,0,0.00,0.00,0.00,800.00,0.00
36597927530072864,20090707,800.00,800.00,0,0,0.00,0.00,0.00,800.00,0.00
36597927530072864,20090711,800.00,800.00,0,0,0.00,0.00,0.00,800.00,0.00
36597927530072864,20090712,800.00,800.00,0,0,0.00,0.00,0.00,800.00,0.00
36597927530072864,20090713,800.00,800.00,0,0,0.00,0.00,0.00,800.00,0.00
36597927530072864,20090714,800.00,800.00,0,0,0.00,0.00,0.00,800.00,0.00
36597927530072864,20090715,800.00,800.00,0,0,0.00,0.00,0.00,800.00,0.00
36597927530072864,20090718,800.00,800.00,0,0,0.00,0.00,0.00,800.00,0.00
36597927530072864,20090719,800.00,800.00,0,0,0.00,0.00,0.00,800.00,0.00
36597927530072864,20090721,800.00,800.00,0,0,0.00,0.00,0.00,800.00,0.00
36597927530072864,20090722,800.00,800.00,0,0,0.00,0.00,0.00,800.00,0.00
36597927530072864,20090725,800.00,800.00,0,0,0.00,0.00,0.00,800.00,0.00
36597927530072864,20090726,800.00,800.00,0,0,0.00,0.00,0.00,800.00,0.00
36597927530072864,20090727,800.00,800.00,0,0,0.00,0.00,0.00,800.00,0.00
36597927530072864,20090728,800.00,800.00,0,0,0.00,0.00,0.00,800.00,0.00
36597927530072864,20090729,800.00,800.00,0,0,0.00,0.00,0.00,800.00,0.00
36597927530072864,20090801,800.00,800.00,0,0,0.00,0.00,0.00,800.00,0.00
36597927530072864,20090802,800.00,800.00,0,0,0.00,0.00,0.00,800.00,0.00
36597927530072864,20090803,800.00,800.00,0,0,0.00,0.00,0.00,800.00,0.00
36597927530072864,20090804,800.00,800.00,0,0,0.00,0.00,0.00,800.00,0.00
36597927530072864,20090805,800.00,800.00,0,0,0.00,0.00,0.00,800.00,0.00
36597927530072864,20090808,800.00,800.00,0,0,0.00,0.00,0.00,800.00,0.00
36597927530072864,20090809,800.00,800.00,0,0,0.00,0.00,0.00,800.00,0.00
36597927530072864,20090810,800.00,800.00,0,0,0.00,0.00,0.00,800.00,0.00
36597927530072864,20090811,800.00,800.00,0,0,0.00,0.00,0.00,800.00,0.00
36597927530072864,20090812,800.00,800.00,0,0,0.00,0.00,0.00,800.00,0.00
36597927530072864,20090815,800.00,800.00,0,0,0.00,0.00,0.00,800.00,0.00
36597927530072864,20090816,800.00,800.00,0,0,0.00,0.00,0.00,800.00,0.00
36597927530072864,20090817,800.00,800.00,0,0,0.00,0.00,0.00,800.00,0.00
36597927530072864,20090818,800.00,800.00,0,0,0.00,0.00,0.00,800.00,0.00
36597927530072864,20090819,800.00,800.00,0,0,0.00,0.00,0.00,800.00,0.00
36597927530072864,20090822,800.00,800.00,0,0,0.00,0.00,0.00,800.00,0.00
36597927530072864,20090823,800.00,800.00,0,0,0.00,0.00,0.00,800.00,0.00
36597927530072864,20090824,800.00,800.00,0,0,0.00,0.00,0.00,800.00,0.00
36597927530072864,20090825,800.00,800.00,0,0,0.00,0.00,0.00,800.00,0.00
36597927530072864,20090826,800.00,800.00,0,0,0.00,0.00,0.00,800.00,0.00
36597927530072864,20090829,800.00,800.00,0,0,0.00,0.00,0.00,800.00,0.00
36597927530072864,20090830,800.00,800.00,0,0,0.00,0.00,0.00,800.00,0.00
36597927530072864,20090831,800.00,800.00,0,0,0.00,0.00,0.00,800.00,0.00
36597927530072864,20090901,500.00,500.00,1,1529,764500.00,500.00,500.00,800.00,500.00
36597927530072864,20090902,500.00,500.00,0,0,0.00,0.00,0.00,500.00,0.00
36597927530072864,20090905,500.00,500.00,0,0,0.00,0.00,0.00,500.00,0.00
36597927530072864,20090906,500.00,500.00,0,0,0.00,0.00,0.00,500.00,0.00
36597927530072864,20090907,500.00,500.00,0,0,0.00,0.00,0.00,500.00,0.00
36597927530072864,20090908,500.00,500.00,0,0,0.00,0.00,0.00,500.00,0.00
36597927530072864,20090909,500.00,500.00,0,0,0.00,0.00,0.00,500.00,0.00
36597927530072864,20090912,500.00,500.00,0,0,0.00,0.00,0.00,500.00,0.00
36597927530072864,20090913,500.00,500.00,0,0,0.00,0.00,0.00,500.00,0.00
36597927530072864,20090914,500.00,500.00,0,0,0.00,0.00,0.00,500.00,0.00
36597927530072864,20090915,500.00,500.00,0,0,0.00,0.00,0.00,500.00,0.00
36597927530072864,20090916,500.00,500.00,0,0,0.00,0.00,0.00,500.00,0.00
36597927530072864,20090919,500.00,500.00,0,0,0.00,0.00,0.00,500.00,0.00
36597927530072864,20090920,500.00,500.00,0,0,0.00,0.00,0.00,500.00,0.00
36597927530072864,20090921,500.00,500.00,0,0,0.00,0.00,0.00,500.00,0.00
36597927530072864,20090922,500.00,500.00,0,0,0.00,0.00,0.00,500.00,0.00
36597927530072864,20090923,500.00,500.00,0,0,0.00,0.00,0.00,500.00,0.00
36597927530072864,20090926,500.00,500.00,0,0,0.00,0.00,0.00,500.00,0.00
36597927530072864,20090927,500.00,500.00,0,0,0.00,0.00,0.00,500.00,0.00
36597927530072864,20090928,500.00,500.00,0,0,0.00,0.00,0.00,500.00,0.00
36597927530072864,20090929,530.00,530.00,1,10000,5300000.00,530.00,530.00,500.00,530.00
36597927530072864,20090930,561.00,561.00,2,10000,5610000.00,561.00,561.00,530.00,561.00
36597927530072864,20091003,594.00,594.00,2,11528,6846104.00,593.00,594.00,561.00,593.00
36597927530072864,20091004,629.00,629.00,1,10000,6290000.00,629.00,629.00,594.00,629.00
36597927530072864,20091005,629.00,629.00,0,0,0.00,0.00,0.00,629.00,0.00
36597927530072864,20091006,629.00,629.00,0,0,0.00,0.00,0.00,629.00,0.00
36597927530072864,20091007,629.00,629.00,0,0,0.00,0.00,0.00,629.00,0.00
36597927530072864,20091010,629.00,629.00,0,0,0.00,0.00,0.00,629.00,0.00
36597927530072864,20091011,629.00,629.00,0,0,0.00,0.00,0.00,629.00,0.00
36597927530072864,20091012,629.00,629.00,0,0,0.00,0.00,0.00,629.00,0.00
36597927530072864,20091013,629.00,629.00,0,0,0.00,0.00,0.00,629.00,0.00
36597927530072864,20091017,629.00,629.00,0,0,0.00,0.00,0.00,629.00,0.00
36597927530072864,20091018,629.00,629.00,0,0,0.00,0.00,0.00,629.00,0.00
36597927530072864,20091019,629.00,629.00,0,0,0.00,0.00,0.00,629.00,0.00
36597927530072864,20091020,629.00,629.00,0,0,0.00,0.00,0.00,629.00,0.00
36597927530072864,20091021,629.00,629.00,0,0,0.00,0.00,0.00,629.00,0.00
36597927530072864,20091024,629.00,629.00,0,0,0.00,0.00,0.00,629.00,0.00
36597927530072864,20091025,629.00,629.00,0,0,0.00,0.00,0.00,629.00,0.00
36597927530072864,20091026,629.00,629.00,0,0,0.00,0.00,0.00,629.00,0.00
36597927530072864,20091027,629.00,629.00,0,0,0.00,0.00,0.00,629.00,0.00
36597927530072864,20091028,629.00,629.00,0,0,0.00,0.00,0.00,629.00,0.00
36597927530072864,20091031,629.00,629.00,0,0,0.00,0.00,0.00,629.00,0.00
36597927530072864,20091101,629.00,629.00,0,0,0.00,0.00,0.00,629.00,0.00
36597927530072864,20091102,629.00,629.00,0,0,0.00,0.00,0.00,629.00,0.00
36597927530072864,20091103,629.00,629.00,0,0,0.00,0.00,0.00,629.00,0.00
36597927530072864,20091104,629.00,629.00,0,0,0.00,0.00,0.00,629.00,0.00
36597927530072864,20091107,629.00,629.00,0,0,0.00,0.00,0.00,629.00,0.00
36597927530072864,20091108,629.00,629.00,0,0,0.00,0.00,0.00,629.00,0.00
36597927530072864,20091109,629.00,629.00,0,0,0.00,0.00,0.00,629.00,0.00
36597927530072864,20091110,629.00,629.00,0,0,0.00,0.00,0.00,629.00,0.00
36597927530072864,20091111,629.00,629.00,0,0,0.00,0.00,0.00,629.00,0.00
36597927530072864,20091114,629.00,629.00,0,0,0.00,0.00,0.00,629.00,0.00
36597927530072864,20091115,629.00,629.00,0,0,0.00,0.00,0.00,629.00,0.00
36597927530072864,20091116,590.00,590.00,1,10,5900.00,590.00,590.00,629.00,590.00
36597927530072864,20091117,590.00,590.00,0,0,0.00,0.00,0.00,590.00,0.00
36597927530072864,20091118,590.00,590.00,0,0,0.00,0.00,0.00,590.00,0.00
36597927530072864,20091121,590.00,590.00,0,0,0.00,0.00,0.00,590.00,0.00
36597927530072864,20091122,590.00,590.00,0,0,0.00,0.00,0.00,590.00,0.00
36597927530072864,20091123,590.00,590.00,0,0,0.00,0.00,0.00,590.00,0.00
36597927530072864,20091124,590.00,590.00,0,0,0.00,0.00,0.00,590.00,0.00
36597927530072864,20091125,590.00,590.00,0,0,0.00,0.00,0.00,590.00,0.00
36597927530072864,20091129,590.00,590.00,0,0,0.00,0.00,0.00,590.00,0.00
36597927530072864,20091130,590.00,590.00,0,0,0.00,0.00,0.00,590.00,0.00
36597927530072864,20091201,590.00,590.00,0,0,0.00,0.00,0.00,590.00,0.00
36597927530072864,20091202,590.00,590.00,0,0,0.00,0.00,0.00,590.00,0.00
36597927530072864,20091205,590.00,590.00,0,0,0.00,0.00,0.00,590.00,0.00
36597927530072864,20091207,590.00,590.00,0,0,0.00,0.00,0.00,590.00,0.00
36597927530072864,20091208,590.00,590.00,0,0,0.00,0.00,0.00,590.00,0.00
36597927530072864,20091209,590.00,590.00,0,0,0.00,0.00,0.00,590.00,0.00
36597927530072864,20091212,590.00,590.00,0,0,0.00,0.00,0.00,590.00,0.00
36597927530072864,20091213,590.00,590.00,0,0,0.00,0.00,0.00,590.00,0.00
36597927530072864,20091214,590.00,590.00,0,0,0.00,0.00,0.00,590.00,0.00
36597927530072864,20091215,590.00,590.00,0,0,0.00,0.00,0.00,590.00,0.00
36597927530072864,20091216,590.00,590.00,0,0,0.00,0.00,0.00,590.00,0.00
36597927530072864,20091219,590.00,590.00,0,0,0.00,0.00,0.00,590.00,0.00
36597927530072864,20091220,590.00,590.00,0,0,0.00,0.00,0.00,590.00,0.00
36597927530072864,20091221,590.00,590.00,0,0,0.00,0.00,0.00,590.00,0.00
36597927530072864,20091222,590.00,590.00,0,0,0.00,0.00,0.00,590.00,0.00
36597927530072864,20091223,590.00,590.00,0,0,0.00,0.00,0.00,590.00,0.00
36597927530072864,20091228,590.00,590.00,0,0,0.00,0.00,0.00,590.00,0.00
36597927530072864,20091229,590.00,590.00,0,0,0.00,0.00,0.00,590.00,0.00
36597927530072864,20091230,590.00,590.00,0,0,0.00,0.00,0.00,590.00,0.00
36597927530072864,20100102,590.00,590.00,0,0,0.00,0.00,0.00,590.00,0.00
36597927530072864,20100103,590.00,590.00,0,0,0.00,0.00,0.00,590.00,0.00
36597927530072864,20100104,590.00,590.00,0,0,0.00,0.00,0.00,590.00,0.00
36597927530072864,20100105,590.00,590.00,0,0,0.00,0.00,0.00,590.00,0.00
36597927530072864,20100106,590.00,590.00,0,0,0.00,0.00,0.00,590.00,0.00
36597927530072864,20100109,590.00,590.00,0,0,0.00,0.00,0.00,590.00,0.00
36597927530072864,20100110,590.00,590.00,0,0,0.00,0.00,0.00,590.00,0.00
36597927530072864,20100111,590.00,590.00,0,0,0.00,0.00,0.00,590.00,0.00
36597927530072864,20100112,590.00,590.00,0,0,0.00,0.00,0.00,590.00,0.00
36597927530072864,20100113,590.00,590.00,0,0,0.00,0.00,0.00,590.00,0.00
36597927530072864,20100116,590.00,590.00,0,0,0.00,0.00,0.00,590.00,0.00
36597927530072864,20100117,590.00,590.00,0,0,0.00,0.00,0.00,590.00,0.00
36597927530072864,20100118,590.00,590.00,0,0,0.00,0.00,0.00,590.00,0.00
36597927530072864,20100119,590.00,590.00,0,0,0.00,0.00,0.00,590.00,0.00
36597927530072864,20100120,590.00,590.00,0,0,0.00,0.00,0.00,590.00,0.00
36597927530072864,20100123,590.00,590.00,0,0,0.00,0.00,0.00,590.00,0.00
36597927530072864,20100124,590.00,590.00,0,0,0.00,0.00,0.00,590.00,0.00
36597927530072864,20100125,590.00,590.00,0,0,0.00,0.00,0.00,590.00,0.00
36597927530072864,20100126,590.00,590.00,0,0,0.00,0.00,0.00,590.00,0.00
36597927530072864,20100127,590.00,590.00,0,0,0.00,0.00,0.00,590.00,0.00
36597927530072864,20100130,590.00,590.00,0,0,0.00,0.00,0.00,590.00,0.00
36597927530072864,20100131,590.00,590.00,0,0,0.00,0.00,0.00,590.00,0.00
36597927530072864,20100201,590.00,590.00,0,0,0.00,0.00,0.00,590.00,0.00
36597927530072864,20100202,590.00,590.00,0,0,0.00,0.00,0.00,590.00,0.00
36597927530072864,20100203,590.00,590.00,0,0,0.00,0.00,0.00,590.00,0.00
36597927530072864,20100206,590.00,590.00,0,0,0.00,0.00,0.00,590.00,0.00
36597927530072864,20100207,590.00,590.00,0,0,0.00,0.00,0.00,590.00,0.00
36597927530072864,20100208,590.00,590.00,0,0,0.00,0.00,0.00,590.00,0.00
36597927530072864,20100209,590.00,590.00,0,0,0.00,0.00,0.00,590.00,0.00
36597927530072864,20100210,590.00,590.00,0,0,0.00,0.00,0.00,590.00,0.00
36597927530072864,20100214,590.00,590.00,0,0,0.00,0.00,0.00,590.00,0.00
36597927530072864,20100216,590.00,590.00,0,0,0.00,0.00,0.00,590.00,0.00
36597927530072864,20100217,590.00,590.00,0,0,0.00,0.00,0.00,590.00,0.00
36597927530072864,20100220,590.00,590.00,0,0,0.00,0.00,0.00,590.00,0.00
36597927530072864,20100221,590.00,590.00,0,0,0.00,0.00,0.00,590.00,0.00
36597927530072864,20100222,590.00,590.00,0,0,0.00,0.00,0.00,590.00,0.00
36597927530072864,20100223,590.00,590.00,0,0,0.00,0.00,0.00,590.00,0.00
36597927530072864,20100224,590.00,590.00,0,0,0.00,0.00,0.00,590.00,0.00
36597927530072864,20100227,590.00,590.00,0,0,0.00,0.00,0.00,590.00,0.00
36597927530072864,20100228,590.00,590.00,0,0,0.00,0.00,0.00,590.00,0.00
36597927530072864,20100301,590.00,590.00,0,0,0.00,0.00,0.00,590.00,0.00
36597927530072864,20100302,590.00,590.00,0,0,0.00,0.00,0.00,590.00,0.00
36597927530072864,20100303,590.00,590.00,0,0,0.00,0.00,0.00,590.00,0.00
36597927530072864,20100306,590.00,590.00,0,0,0.00,0.00,0.00,590.00,0.00
36597927530072864,20100307,590.00,590.00,0,0,0.00,0.00,0.00,590.00,0.00
36597927530072864,20100308,590.00,590.00,0,0,0.00,0.00,0.00,590.00,0.00
36597927530072864,20100309,590.00,590.00,0,0,0.00,0.00,0.00,590.00,0.00
36597927530072864,20100310,590.00,590.00,0,0,0.00,0.00,0.00,590.00,0.00
36597927530072864,20100313,590.00,590.00,0,0,0.00,0.00,0.00,590.00,0.00
36597927530072864,20100314,590.00,590.00,0,0,0.00,0.00,0.00,590.00,0.00
36597927530072864,20100315,590.00,590.00,0,0,0.00,0.00,0.00,590.00,0.00
36597927530072864,20100316,590.00,590.00,0,0,0.00,0.00,0.00,590.00,0.00
36597927530072864,20100317,590.00,590.00,0,0,0.00,0.00,0.00,590.00,0.00
36597927530072864,20100327,590.00,590.00,0,0,0.00,0.00,0.00,590.00,0.00
36597927530072864,20100328,590.00,590.00,0,0,0.00,0.00,0.00,590.00,0.00
36597927530072864,20100329,590.00,590.00,0,0,0.00,0.00,0.00,590.00,0.00
36597927530072864,20100330,590.00,590.00,0,0,0.00,0.00,0.00,590.00,0.00
36597927530072864,20100331,590.00,590.00,0,0,0.00,0.00,0.00,590.00,0.00
36597927530072864,20100403,590.00,590.00,0,0,0.00,0.00,0.00,590.00,0.00
36597927530072864,20100404,590.00,590.00,0,0,0.00,0.00,0.00,590.00,0.00
36597927530072864,20100405,590.00,590.00,0,0,0.00,0.00,0.00,590.00,0.00
36597927530072864,20100406,590.00,590.00,0,0,0.00,0.00,0.00,590.00,0.00
36597927530072864,20100407,590.00,590.00,0,0,0.00,0.00,0.00,590.00,0.00
36597927530072864,20100410,590.00,590.00,0,0,0.00,0.00,0.00,590.00,0.00
36597927530072864,20100411,590.00,590.00,0,0,0.00,0.00,0.00,590.00,0.00
36597927530072864,20100412,590.00,590.00,0,0,0.00,0.00,0.00,590.00,0.00
36597927530072864,20100413,590.00,590.00,0,0,0.00,0.00,0.00,590.00,0.00
36597927530072864,20100414,590.00,590.00,0,0,0.00,0.00,0.00,590.00,0.00
36597927530072864,20100417,590.00,590.00,0,0,0.00,0.00,0.00,590.00,0.00
36597927530072864,20100418,590.00,590.00,0,0,0.00,0.00,0.00,590.00,0.00
36597927530072864,20100419,590.00,590.00,0,0,0.00,0.00,0.00,590.00,0.00
36597927530072864,20100420,590.00,590.00,0,0,0.00,0.00,0.00,590.00,0.00
36597927530072864,20100421,590.00,590.00,0,0,0.00,0.00,0.00,590.00,0.00
36597927530072864,20100424,590.00,590.00,0,0,0.00,0.00,0.00,590.00,0.00
36597927530072864,20100425,590.00,590.00,0,0,0.00,0.00,0.00,590.00,0.00
36597927530072864,20100426,590.00,590.00,0,0,0.00,0.00,0.00,590.00,0.00
36597927530072864,20100427,590.00,590.00,0,0,0.00,0.00,0.00,590.00,0.00
36597927530072864,20100428,590.00,590.00,0,0,0.00,0.00,0.00,590.00,0.00
36597927530072864,20100501,590.00,590.00,0,0,0.00,0.00,0.00,590.00,0.00
36597927530072864,20100502,590.00,590.00,0,0,0.00,0.00,0.00,590.00,0.00
36597927530072864,20100503,590.00,590.00,0,0,0.00,0.00,0.00,590.00,0.00
36597927530072864,20100504,590.00,590.00,0,0,0.00,0.00,0.00,590.00,0.00
36597927530072864,20100505,590.00,590.00,0,0,0.00,0.00,0.00,590.00,0.00
36597927530072864,20100508,590.00,590.00,0,0,0.00,0.00,0.00,590.00,0.00
36597927530072864,20100509,590.00,590.00,0,0,0.00,0.00,0.00,590.00,0.00
36597927530072864,20100510,590.00,590.00,0,0,0.00,0.00,0.00,590.00,0.00
36597927530072864,20100511,590.00,590.00,0,0,0.00,0.00,0.00,590.00,0.00
36597927530072864,20100512,590.00,590.00,0,0,0.00,0.00,0.00,590.00,0.00
36597927530072864,20100515,590.00,590.00,0,0,0.00,0.00,0.00,590.00,0.00
36597927530072864,20100516,590.00,590.00,0,0,0.00,0.00,0.00,590.00,0.00
36597927530072864,20100518,590.00,590.00,0,0,0.00,0.00,0.00,590.00,0.00
36597927530072864,20100519,590.00,590.00,0,0,0.00,0.00,0.00,590.00,0.00
36597927530072864,20100522,590.00,590.00,0,0,0.00,0.00,0.00,590.00,0.00
36597927530072864,20100523,590.00,590.00,0,0,0.00,0.00,0.00,590.00,0.00
36597927530072864,20100524,590.00,590.00,0,0,0.00,0.00,0.00,590.00,0.00
36597927530072864,20100525,590.00,590.00,0,0,0.00,0.00,0.00,590.00,0.00
36597927530072864,20100526,590.00,590.00,0,0,0.00,0.00,0.00,590.00,0.00
36597927530072864,20100529,590.00,590.00,0,0,0.00,0.00,0.00,590.00,0.00
36597927530072864,20100530,590.00,590.00,0,0,0.00,0.00,0.00,590.00,0.00
36597927530072864,20100531,590.00,590.00,0,0,0.00,0.00,0.00,590.00,0.00
36597927530072864,20100601,590.00,590.00,0,0,0.00,0.00,0.00,590.00,0.00
36597927530072864,20100602,590.00,590.00,0,0,0.00,0.00,0.00,590.00,0.00
36597927530072864,20100606,590.00,590.00,0,0,0.00,0.00,0.00,590.00,0.00
36597927530072864,20100607,590.00,590.00,0,0,0.00,0.00,0.00,590.00,0.00
36597927530072864,20100608,590.00,590.00,0,0,0.00,0.00,0.00,590.00,0.00
36597927530072864,20100609,590.00,590.00,0,0,0.00,0.00,0.00,590.00,0.00
36597927530072864,20100612,590.00,590.00,0,0,0.00,0.00,0.00,590.00,0.00
36597927530072864,20100613,529.00,529.00,25,1225000,648025000.00,529.00,529.00,590.00,529.00
36597927530072864,20100614,529.00,529.00,24,1200000,634800000.00,529.00,529.00,529.00,529.00
36597927530072864,20100615,529.00,529.00,24,1200000,634800000.00,529.00,529.00,529.00,529.00
36597927530072864,20100616,529.00,529.00,14,556724,294506996.00,529.00,529.00,529.00,529.00
36597927530072864,20100619,529.00,529.00,0,0,0.00,0.00,0.00,529.00,0.00
36597927530072864,20100620,529.00,529.00,0,0,0.00,0.00,0.00,529.00,0.00
36597927530072864,20100621,529.00,529.00,0,0,0.00,0.00,0.00,529.00,0.00
36597927530072864,20100622,529.00,529.00,0,0,0.00,0.00,0.00,529.00,0.00
36597927530072864,20100623,529.00,529.00,0,0,0.00,0.00,0.00,529.00,0.00
36597927530072864,20100627,529.00,529.00,0,0,0.00,0.00,0.00,529.00,0.00
36597927530072864,20100628,529.00,529.00,0,0,0.00,0.00,0.00,529.00,0.00
36597927530072864,20100629,529.00,529.00,0,0,0.00,0.00,0.00,529.00,0.00
36597927530072864,20100630,529.00,529.00,0,0,0.00,0.00,0.00,529.00,0.00
36597927530072864,20100703,529.00,529.00,0,0,0.00,0.00,0.00,529.00,0.00
36597927530072864,20100704,529.00,529.00,0,0,0.00,0.00,0.00,529.00,0.00
36597927530072864,20100705,529.00,529.00,0,0,0.00,0.00,0.00,529.00,0.00
36597927530072864,20100706,529.00,529.00,0,0,0.00,0.00,0.00,529.00,0.00
36597927530072864,20100707,529.00,529.00,0,0,0.00,0.00,0.00,529.00,0.00
36597927530072864,20100711,529.00,529.00,0,0,0.00,0.00,0.00,529.00,0.00
36597927530072864,20100712,529.00,529.00,0,0,0.00,0.00,0.00,529.00,0.00
36597927530072864,20100713,529.00,529.00,0,0,0.00,0.00,0.00,529.00,0.00
36597927530072864,20100714,529.00,529.00,0,0,0.00,0.00,0.00,529.00,0.00
36597927530072864,20100717,529.00,529.00,0,0,0.00,0.00,0.00,529.00,0.00
36597927530072864,20100718,529.00,529.00,0,0,0.00,0.00,0.00,529.00,0.00
36597927530072864,20100719,529.00,529.00,0,0,0.00,0.00,0.00,529.00,0.00
36597927530072864,20100720,529.00,529.00,0,0,0.00,0.00,0.00,529.00,0.00
36597927530072864,20100721,529.00,529.00,0,0,0.00,0.00,0.00,529.00,0.00
36597927530072864,20100724,529.00,529.00,0,0,0.00,0.00,0.00,529.00,0.00
36597927530072864,20100725,529.00,529.00,0,0,0.00,0.00,0.00,529.00,0.00
36597927530072864,20100726,529.00,529.00,0,0,0.00,0.00,0.00,529.00,0.00
36597927530072864,20100728,529.00,529.00,0,0,0.00,0.00,0.00,529.00,0.00
36597927530072864,20100731,529.00,529.00,0,0,0.00,0.00,0.00,529.00,0.00
36597927530072864,20100801,529.00,529.00,0,0,0.00,0.00,0.00,529.00,0.00
36597927530072864,20100802,529.00,529.00,0,0,0.00,0.00,0.00,529.00,0.00
36597927530072864,20100803,529.00,529.00,0,0,0.00,0.00,0.00,529.00,0.00
36597927530072864,20100804,529.00,529.00,0,0,0.00,0.00,0.00,529.00,0.00
36597927530072864,20100807,529.00,529.00,0,0,0.00,0.00,0.00,529.00,0.00
36597927530072864,20100808,529.00,529.00,0,0,0.00,0.00,0.00,529.00,0.00
36597927530072864,20100809,529.00,529.00,0,0,0.00,0.00,0.00,529.00,0.00
36597927530072864,20100810,529.00,529.00,0,0,0.00,0.00,0.00,529.00,0.00
36597927530072864,20100811,529.00,529.00,0,0,0.00,0.00,0.00,529.00,0.00
36597927530072864,20100814,529.00,529.00,0,0,0.00,0.00,0.00,529.00,0.00
36597927530072864,20100815,529.00,529.00,0,0,0.00,0.00,0.00,529.00,0.00
36597927530072864,20100816,529.00,529.00,0,0,0.00,0.00,0.00,529.00,0.00
36597927530072864,20100817,529.00,529.00,0,0,0.00,0.00,0.00,529.00,0.00
36597927530072864,20100818,529.00,529.00,0,0,0.00,0.00,0.00,529.00,0.00
36597927530072864,20100821,529.00,529.00,0,0,0.00,0.00,0.00,529.00,0.00
36597927530072864,20100822,529.00,529.00,0,0,0.00,0.00,0.00,529.00,0.00
36597927530072864,20100823,529.00,529.00,0,0,0.00,0.00,0.00,529.00,0.00
36597927530072864,20100824,529.00,529.00,0,0,0.00,0.00,0.00,529.00,0.00
36597927530072864,20100825,529.00,529.00,0,0,0.00,0.00,0.00,529.00,0.00
36597927530072864,20100828,529.00,529.00,0,0,0.00,0.00,0.00,529.00,0.00
36597927530072864,20100829,529.00,529.00,0,0,0.00,0.00,0.00,529.00,0.00
36597927530072864,20100830,529.00,529.00,0,0,0.00,0.00,0.00,529.00,0.00
36597927530072864,20100831,529.00,529.00,0,0,0.00,0.00,0.00,529.00,0.00
36597927530072864,20100904,529.00,529.00,0,0,0.00,0.00,0.00,529.00,0.00
36597927530072864,20100905,529.00,529.00,0,0,0.00,0.00,0.00,529.00,0.00
36597927530072864,20100906,529.00,529.00,0,0,0.00,0.00,0.00,529.00,0.00
36597927530072864,20100907,529.00,529.00,0,0,0.00,0.00,0.00,529.00,0.00
36597927530072864,20100908,529.00,529.00,0,0,0.00,0.00,0.00,529.00,0.00
36597927530072864,20100912,529.00,529.00,0,0,0.00,0.00,0.00,529.00,0.00
36597927530072864,20100913,529.00,529.00,0,0,0.00,0.00,0.00,529.00,0.00
36597927530072864,20100914,529.00,529.00,0,0,0.00,0.00,0.00,529.00,0.00
36597927530072864,20100915,529.00,529.00,0,0,0.00,0.00,0.00,529.00,0.00
36597927530072864,20100918,529.00,529.00,0,0,0.00,0.00,0.00,529.00,0.00
36597927530072864,20100919,529.00,529.00,0,0,0.00,0.00,0.00,529.00,0.00
36597927530072864,20100920,529.00,529.00,0,0,0.00,0.00,0.00,529.00,0.00
36597927530072864,20100921,529.00,529.00,0,0,0.00,0.00,0.00,529.00,0.00
36597927530072864,20100922,529.00,529.00,0,0,0.00,0.00,0.00,529.00,0.00
36597927530072864,20100925,529.00,529.00,0,0,0.00,0.00,0.00,529.00,0.00
36597927530072864,20100926,529.00,529.00,0,0,0.00,0.00,0.00,529.00,0.00
36597927530072864,20100927,529.00,529.00,0,0,0.00,0.00,0.00,529.00,0.00
36597927530072864,20100928,529.00,529.00,0,0,0.00,0.00,0.00,529.00,0.00
36597927530072864,20100929,529.00,529.00,0,0,0.00,0.00,0.00,529.00,0.00
36597927530072864,20101002,529.00,529.00,0,0,0.00,0.00,0.00,529.00,0.00
36597927530072864,20101003,529.00,529.00,0,0,0.00,0.00,0.00,529.00,0.00
36597927530072864,20101005,529.00,529.00,0,0,0.00,0.00,0.00,529.00,0.00
36597927530072864,20101006,529.00,529.00,0,0,0.00,0.00,0.00,529.00,0.00
36597927530072864,20101009,529.00,529.00,0,0,0.00,0.00,0.00,529.00,0.00
36597927530072864,20101010,529.00,529.00,0,0,0.00,0.00,0.00,529.00,0.00
36597927530072864,20101011,529.00,529.00,0,0,0.00,0.00,0.00,529.00,0.00
36597927530072864,20101012,529.00,529.00,0,0,0.00,0.00,0.00,529.00,0.00
36597927530072864,20101013,529.00,529.00,0,0,0.00,0.00,0.00,529.00,0.00
36597927530072864,20101016,529.00,529.00,0,0,0.00,0.00,0.00,529.00,0.00
36597927530072864,20101017,529.00,529.00,0,0,0.00,0.00,0.00,529.00,0.00
36597927530072864,20101018,529.00,529.00,0,0,0.00,0.00,0.00,529.00,0.00
36597927530072864,20101019,529.00,529.00,0,0,0.00,0.00,0.00,529.00,0.00
36597927530072864,20101020,529.00,529.00,0,0,0.00,0.00,0.00,529.00,0.00
36597927530072864,20101023,529.00,529.00,0,0,0.00,0.00,0.00,529.00,0.00
36597927530072864,20101024,529.00,529.00,0,0,0.00,0.00,0.00,529.00,0.00
36597927530072864,20101025,529.00,529.00,0,0,0.00,0.00,0.00,529.00,0.00
36597927530072864,20101026,529.00,529.00,0,0,0.00,0.00,0.00,529.00,0.00
36597927530072864,20101027,529.00,529.00,0,0,0.00,0.00,0.00,529.00,0.00
36597927530072864,20101030,529.00,529.00,0,0,0.00,0.00,0.00,529.00,0.00
36597927530072864,20101031,529.00,529.00,0,0,0.00,0.00,0.00,529.00,0.00
36597927530072864,20101101,529.00,529.00,0,0,0.00,0.00,0.00,529.00,0.00
36597927530072864,20101102,529.00,529.00,0,0,0.00,0.00,0.00,529.00,0.00
36597927530072864,20101103,529.00,529.00,0,0,0.00,0.00,0.00,529.00,0.00
36597927530072864,20101106,529.00,529.00,0,0,0.00,0.00,0.00,529.00,0.00
36597927530072864,20101107,529.00,529.00,0,0,0.00,0.00,0.00,529.00,0.00
36597927530072864,20101108,529.00,529.00,0,0,0.00,0.00,0.00,529.00,0.00
36597927530072864,20101109,529.00,529.00,0,0,0.00,0.00,0.00,529.00,0.00
36597927530072864,20101110,529.00,529.00,0,0,0.00,0.00,0.00,529.00,0.00
36597927530072864,20101113,529.00,529.00,0,0,0.00,0.00,0.00,529.00,0.00
36597927530072864,20101114,529.00,529.00,0,0,0.00,0.00,0.00,529.00,0.00
36597927530072864,20101115,529.00,529.00,0,0,0.00,0.00,0.00,529.00,0.00
36597927530072864,20101116,529.00,529.00,0,0,0.00,0.00,0.00,529.00,0.00
36597927530072864,20101120,529.00,529.00,0,0,0.00,0.00,0.00,529.00,0.00
36597927530072864,20101121,529.00,529.00,0,0,0.00,0.00,0.00,529.00,0.00
36597927530072864,20101122,529.00,529.00,0,0,0.00,0.00,0.00,529.00,0.00
36597927530072864,20101123,529.00,529.00,0,0,0.00,0.00,0.00,529.00,0.00
36597927530072864,20101124,529.00,529.00,0,0,0.00,0.00,0.00,529.00,0.00
36597927530072864,20101127,529.00,529.00,0,0,0.00,0.00,0.00,529.00,0.00
36597927530072864,20101128,529.00,529.00,0,0,0.00,0.00,0.00,529.00,0.00
36597927530072864,20101129,529.00,529.00,0,0,0.00,0.00,0.00,529.00,0.00
36597927530072864,20101130,529.00,529.00,0,0,0.00,0.00,0.00,529.00,0.00
36597927530072864,20101201,529.00,529.00,0,0,0.00,0.00,0.00,529.00,0.00
36597927530072864,20101204,529.00,529.00,0,0,0.00,0.00,0.00,529.00,0.00
36597927530072864,20101205,529.00,529.00,0,0,0.00,0.00,0.00,529.00,0.00
36597927530072864,20101206,529.00,529.00,0,0,0.00,0.00,0.00,529.00,0.00
36597927530072864,20101207,529.00,529.00,0,0,0.00,0.00,0.00,529.00,0.00
36597927530072864,20101208,529.00,529.00,0,0,0.00,0.00,0.00,529.00,0.00
36597927530072864,20101211,529.00,529.00,0,0,0.00,0.00,0.00,529.00,0.00
36597927530072864,20101212,529.00,529.00,0,0,0.00,0.00,0.00,529.00,0.00
36597927530072864,20101213,529.00,529.00,0,0,0.00,0.00,0.00,529.00,0.00
36597927530072864,20101214,529.00,529.00,0,0,0.00,0.00,0.00,529.00,0.00
36597927530072864,20101218,529.00,529.00,0,0,0.00,0.00,0.00,529.00,0.00
36597927530072864,20101219,529.00,529.00,0,0,0.00,0.00,0.00,529.00,0.00
36597927530072864,20101220,529.00,529.00,0,0,0.00,0.00,0.00,529.00,0.00
36597927530072864,20101221,529.00,529.00,0,0,0.00,0.00,0.00,529.00,0.00
36597927530072864,20101222,529.00,529.00,0,0,0.00,0.00,0.00,529.00,0.00
36597927530072864,20101225,529.00,529.00,0,0,0.00,0.00,0.00,529.00,0.00
36597927530072864,20101226,529.00,529.00,0,0,0.00,0.00,0.00,529.00,0.00
36597927530072864,20101227,529.00,529.00,0,0,0.00,0.00,0.00,529.00,0.00
36597927530072864,20101228,529.00,529.00,0,0,0.00,0.00,0.00,529.00,0.00
36597927530072864,20101229,529.00,529.00,0,0,0.00,0.00,0.00,529.00,0.00
36597927530072864,20110101,529.00,529.00,0,0,0.00,0.00,0.00,529.00,0.00
36597927530072864,20110102,529.00,529.00,0,0,0.00,0.00,0.00,529.00,0.00
36597927530072864,20110103,529.00,529.00,0,0,0.00,0.00,0.00,529.00,0.00
36597927530072864,20110104,529.00,529.00,0,0,0.00,0.00,0.00,529.00,0.00
36597927530072864,20110105,529.00,529.00,0,0,0.00,0.00,0.00,529.00,0.00
36597927530072864,20110108,529.00,529.00,0,0,0.00,0.00,0.00,529.00,0.00
36597927530072864,20110109,529.00,529.00,0,0,0.00,0.00,0.00,529.00,0.00
36597927530072864,20110110,529.00,529.00,0,0,0.00,0.00,0.00,529.00,0.00
36597927530072864,20110111,529.00,529.00,0,0,0.00,0.00,0.00,529.00,0.00
36597927530072864,20110112,529.00,529.00,0,0,0.00,0.00,0.00,529.00,0.00
36597927530072864,20110115,529.00,529.00,0,0,0.00,0.00,0.00,529.00,0.00
36597927530072864,20110116,529.00,529.00,0,0,0.00,0.00,0.00,529.00,0.00
36597927530072864,20110117,529.00,529.00,0,0,0.00,0.00,0.00,529.00,0.00
36597927530072864,20110118,529.00,529.00,0,0,0.00,0.00,0.00,529.00,0.00
36597927530072864,20110119,529.00,529.00,0,0,0.00,0.00,0.00,529.00,0.00
36597927530072864,20110122,529.00,529.00,0,0,0.00,0.00,0.00,529.00,0.00
36597927530072864,20110123,529.00,529.00,0,0,0.00,0.00,0.00,529.00,0.00
36597927530072864,20110124,529.00,529.00,0,0,0.00,0.00,0.00,529.00,0.00
36597927530072864,20110126,529.00,529.00,0,0,0.00,0.00,0.00,529.00,0.00
36597927530072864,20110129,529.00,529.00,0,0,0.00,0.00,0.00,529.00,0.00
36597927530072864,20110130,529.00,529.00,0,0,0.00,0.00,0.00,529.00,0.00
36597927530072864,20110131,529.00,529.00,0,0,0.00,0.00,0.00,529.00,0.00
36597927530072864,20110201,529.00,529.00,0,0,0.00,0.00,0.00,529.00,0.00
36597927530072864,20110205,529.00,529.00,0,0,0.00,0.00,0.00,529.00,0.00
36597927530072864,20110206,529.00,529.00,0,0,0.00,0.00,0.00,529.00,0.00
36597927530072864,20110207,529.00,529.00,0,0,0.00,0.00,0.00,529.00,0.00
36597927530072864,20110208,529.00,529.00,0,0,0.00,0.00,0.00,529.00,0.00
36597927530072864,20110209,529.00,529.00,0,0,0.00,0.00,0.00,529.00,0.00
36597927530072864,20110212,529.00,529.00,0,0,0.00,0.00,0.00,529.00,0.00
36597927530072864,20110213,529.00,529.00,0,0,0.00,0.00,0.00,529.00,0.00
36597927530072864,20110214,529.00,529.00,0,0,0.00,0.00,0.00,529.00,0.00
36597927530072864,20110215,529.00,529.00,0,0,0.00,0.00,0.00,529.00,0.00
36597927530072864,20110216,529.00,529.00,0,0,0.00,0.00,0.00,529.00,0.00
36597927530072864,20110219,529.00,529.00,0,0,0.00,0.00,0.00,529.00,0.00
36597927530072864,20110220,529.00,529.00,0,0,0.00,0.00,0.00,529.00,0.00
36597927530072864,20110222,529.00,529.00,0,0,0.00,0.00,0.00,529.00,0.00
36597927530072864,20110223,529.00,529.00,0,0,0.00,0.00,0.00,529.00,0.00
36597927530072864,20110226,529.00,529.00,0,0,0.00,0.00,0.00,529.00,0.00
36597927530072864,20110227,529.00,529.00,0,0,0.00,0.00,0.00,529.00,0.00
36597927530072864,20110228,529.00,529.00,0,0,0.00,0.00,0.00,529.00,0.00
36597927530072864,20110301,529.00,529.00,0,0,0.00,0.00,0.00,529.00,0.00
36597927530072864,20110302,529.00,529.00,0,0,0.00,0.00,0.00,529.00,0.00
36597927530072864,20110305,529.00,529.00,0,0,0.00,0.00,0.00,529.00,0.00
36597927530072864,20110306,529.00,529.00,0,0,0.00,0.00,0.00,529.00,0.00
36597927530072864,20110307,529.00,529.00,0,0,0.00,0.00,0.00,529.00,0.00
36597927530072864,20110308,529.00,529.00,0,0,0.00,0.00,0.00,529.00,0.00
36597927530072864,20110309,529.00,529.00,0,0,0.00,0.00,0.00,529.00,0.00
36597927530072864,20110312,529.00,529.00,0,0,0.00,0.00,0.00,529.00,0.00
36597927530072864,20110313,529.00,529.00,0,0,0.00,0.00,0.00,529.00,0.00
36597927530072864,20110314,529.00,529.00,0,0,0.00,0.00,0.00,529.00,0.00
36597927530072864,20110315,529.00,529.00,0,0,0.00,0.00,0.00,529.00,0.00
36597927530072864,20110316,529.00,529.00,0,0,0.00,0.00,0.00,529.00,0.00
36597927530072864,20110319,529.00,529.00,0,0,0.00,0.00,0.00,529.00,0.00
36597927530072864,20110326,529.00,529.00,0,0,0.00,0.00,0.00,529.00,0.00
36597927530072864,20110327,529.00,529.00,0,0,0.00,0.00,0.00,529.00,0.00
36597927530072864,20110328,529.00,529.00,0,0,0.00,0.00,0.00,529.00,0.00
36597927530072864,20110329,529.00,529.00,0,0,0.00,0.00,0.00,529.00,0.00
36597927530072864,20110330,529.00,529.00,0,0,0.00,0.00,0.00,529.00,0.00
36597927530072864,20110403,529.00,529.00,0,0,0.00,0.00,0.00,529.00,0.00
36597927530072864,20110404,529.00,529.00,0,0,0.00,0.00,0.00,529.00,0.00
36597927530072864,20110405,529.00,529.00,0,0,0.00,0.00,0.00,529.00,0.00
36597927530072864,20110406,529.00,529.00,0,0,0.00,0.00,0.00,529.00,0.00
36597927530072864,20110409,529.00,529.00,0,0,0.00,0.00,0.00,529.00,0.00
36597927530072864,20110410,529.00,529.00,0,0,0.00,0.00,0.00,529.00,0.00
36597927530072864,20110411,529.00,529.00,0,0,0.00,0.00,0.00,529.00,0.00
36597927530072864,20110412,529.00,529.00,0,0,0.00,0.00,0.00,529.00,0.00
36597927530072864,20110413,529.00,529.00,0,0,0.00,0.00,0.00,529.00,0.00
36597927530072864,20110416,529.00,529.00,0,0,0.00,0.00,0.00,529.00,0.00
36597927530072864,20110417,529.00,529.00,0,0,0.00,0.00,0.00,529.00,0.00
36597927530072864,20110418,529.00,529.00,0,0,0.00,0.00,0.00,529.00,0.00
36597927530072864,20110419,529.00,529.00,0,0,0.00,0.00,0.00,529.00,0.00
36597927530072864,20110420,529.00,529.00,0,0,0.00,0.00,0.00,529.00,0.00
36597927530072864,20110423,529.00,529.00,0,0,0.00,0.00,0.00,529.00,0.00
36597927530072864,20110424,529.00,529.00,0,0,0.00,0.00,0.00,529.00,0.00
36597927530072864,20110425,529.00,529.00,0,0,0.00,0.00,0.00,529.00,0.00
36597927530072864,20110426,529.00,529.00,0,0,0.00,0.00,0.00,529.00,0.00
36597927530072864,20110427,529.00,529.00,0,0,0.00,0.00,0.00,529.00,0.00
36597927530072864,20110430,529.00,529.00,0,0,0.00,0.00,0.00,529.00,0.00
36597927530072864,20110501,529.00,529.00,0,0,0.00,0.00,0.00,529.00,0.00
36597927530072864,20110502,529.00,529.00,0,0,0.00,0.00,0.00,529.00,0.00
36597927530072864,20110503,529.00,529.00,0,0,0.00,0.00,0.00,529.00,0.00
36597927530072864,20110504,529.00,529.00,0,0,0.00,0.00,0.00,529.00,0.00
36597927530072864,20110508,529.00,529.00,0,0,0.00,0.00,0.00,529.00,0.00
36597927530072864,20110509,529.00,529.00,0,0,0.00,0.00,0.00,529.00,0.00
36597927530072864,20110510,529.00,529.00,0,0,0.00,0.00,0.00,529.00,0.00
36597927530072864,20110511,529.00,529.00,0,0,0.00,0.00,0.00,529.00,0.00
36597927530072864,20110514,529.00,529.00,0,0,0.00,0.00,0.00,529.00,0.00
36597927530072864,20110515,529.00,529.00,0,0,0.00,0.00,0.00,529.00,0.00
36597927530072864,20110516,529.00,529.00,0,0,0.00,0.00,0.00,529.00,0.00
36597927530072864,20110517,529.00,529.00,0,0,0.00,0.00,0.00,529.00,0.00
36597927530072864,20110518,529.00,529.00,0,0,0.00,0.00,0.00,529.00,0.00
36597927530072864,20110521,529.00,529.00,0,0,0.00,0.00,0.00,529.00,0.00
36597927530072864,20110522,529.00,529.00,0,0,0.00,0.00,0.00,529.00,0.00
36597927530072864,20110523,529.00,529.00,0,0,0.00,0.00,0.00,529.00,0.00
36597927530072864,20110524,529.00,529.00,0,0,0.00,0.00,0.00,529.00,0.00
36597927530072864,20110525,529.00,529.00,0,0,0.00,0.00,0.00,529.00,0.00
36597927530072864,20110528,529.00,529.00,0,0,0.00,0.00,0.00,529.00,0.00
36597927530072864,20110529,529.00,529.00,0,0,0.00,0.00,0.00,529.00,0.00
36597927530072864,20110530,529.00,529.00,0,0,0.00,0.00,0.00,529.00,0.00
36597927530072864,20110531,529.00,529.00,0,0,0.00,0.00,0.00,529.00,0.00
36597927530072864,20110601,529.00,529.00,0,0,0.00,0.00,0.00,529.00,0.00
36597927530072864,20110606,529.00,529.00,0,0,0.00,0.00,0.00,529.00,0.00
36597927530072864,20110607,529.00,529.00,0,0,0.00,0.00,0.00,529.00,0.00
36597927530072864,20110608,529.00,529.00,0,0,0.00,0.00,0.00,529.00,0.00
36597927530072864,20110611,529.00,529.00,0,0,0.00,0.00,0.00,529.00,0.00
36597927530072864,20110612,529.00,529.00,0,0,0.00,0.00,0.00,529.00,0.00
36597927530072864,20110613,529.00,529.00,0,0,0.00,0.00,0.00,529.00,0.00
36597927530072864,20110614,529.00,529.00,0,0,0.00,0.00,0.00,529.00,0.00
36597927530072864,20110615,529.00,529.00,0,0,0.00,0.00,0.00,529.00,0.00
36597927530072864,20110618,529.00,529.00,0,0,0.00,0.00,0.00,529.00,0.00
36597927530072864,20110619,529.00,529.00,0,0,0.00,0.00,0.00,529.00,0.00
36597927530072864,20110620,529.00,529.00,0,0,0.00,0.00,0.00,529.00,0.00
36597927530072864,20110621,529.00,529.00,0,0,0.00,0.00,0.00,529.00,0.00
36597927530072864,20110622,529.00,529.00,0,0,0.00,0.00,0.00,529.00,0.00
36597927530072864,20110625,529.00,529.00,0,0,0.00,0.00,0.00,529.00,0.00
36597927530072864,20110626,529.00,529.00,0,0,0.00,0.00,0.00,529.00,0.00
36597927530072864,20110627,529.00,529.00,0,0,0.00,0.00,0.00,529.00,0.00
36597927530072864,20110628,529.00,529.00,0,0,0.00,0.00,0.00,529.00,0.00
36597927530072864,20110629,529.00,529.00,0,0,0.00,0.00,0.00,529.00,0.00
36597927530072864,20110702,529.00,529.00,0,0,0.00,0.00,0.00,529.00,0.00
36597927530072864,20110703,529.00,529.00,0,0,0.00,0.00,0.00,529.00,0.00
36597927530072864,20110704,529.00,529.00,0,0,0.00,0.00,0.00,529.00,0.00
36597927530072864,20110705,529.00,529.00,0,0,0.00,0.00,0.00,529.00,0.00
36597927530072864,20110706,529.00,529.00,0,0,0.00,0.00,0.00,529.00,0.00
36597927530072864,20110709,529.00,529.00,0,0,0.00,0.00,0.00,529.00,0.00
36597927530072864,20110710,529.00,529.00,0,0,0.00,0.00,0.00,529.00,0.00
36597927530072864,20110711,529.00,529.00,0,0,0.00,0.00,0.00,529.00,0.00
36597927530072864,20110712,529.00,529.00,0,0,0.00,0.00,0.00,529.00,0.00
36597927530072864,20110713,529.00,529.00,0,0,0.00,0.00,0.00,529.00,0.00
36597927530072864,20110716,529.00,529.00,0,0,0.00,0.00,0.00,529.00,0.00
36597927530072864,20110718,529.00,529.00,0,0,0.00,0.00,0.00,529.00,0.00
36597927530072864,20110719,529.00,529.00,0,0,0.00,0.00,0.00,529.00,0.00
36597927530072864,20110720,529.00,529.00,0,0,0.00,0.00,0.00,529.00,0.00
36597927530072864,20110723,529.00,529.00,0,0,0.00,0.00,0.00,529.00,0.00
36597927530072864,20110724,529.00,529.00,0,0,0.00,0.00,0.00,529.00,0.00
36597927530072864,20110725,529.00,529.00,0,0,0.00,0.00,0.00,529.00,0.00
36597927530072864,20110726,529.00,529.00,0,0,0.00,0.00,0.00,529.00,0.00
36597927530072864,20110727,529.00,529.00,0,0,0.00,0.00,0.00,529.00,0.00
36597927530072864,20110730,529.00,529.00,0,0,0.00,0.00,0.00,529.00,0.00
36597927530072864,20110731,529.00,529.00,0,0,0.00,0.00,0.00,529.00,0.00
36597927530072864,20110801,529.00,529.00,0,0,0.00,0.00,0.00,529.00,0.00
36597927530072864,20110802,529.00,529.00,0,0,0.00,0.00,0.00,529.00,0.00
36597927530072864,20110803,529.00,529.00,0,0,0.00,0.00,0.00,529.00,0.00
36597927530072864,20110806,529.00,529.00,0,0,0.00,0.00,0.00,529.00,0.00
36597927530072864,20110807,529.00,529.00,0,0,0.00,0.00,0.00,529.00,0.00
36597927530072864,20110808,529.00,529.00,0,0,0.00,0.00,0.00,529.00,0.00
36597927530072864,20110809,529.00,529.00,0,0,0.00,0.00,0.00,529.00,0.00
36597927530072864,20110810,529.00,529.00,0,0,0.00,0.00,0.00,529.00,0.00
36597927530072864,20110813,529.00,529.00,0,0,0.00,0.00,0.00,529.00,0.00
36597927530072864,20110814,529.00,529.00,0,0,0.00,0.00,0.00,529.00,0.00
36597927530072864,20110815,529.00,529.00,0,0,0.00,0.00,0.00,529.00,0.00
36597927530072864,20110816,529.00,529.00,0,0,0.00,0.00,0.00,529.00,0.00
36597927530072864,20110817,529.00,529.00,0,0,0.00,0.00,0.00,529.00,0.00
36597927530072864,20110820,529.00,529.00,0,0,0.00,0.00,0.00,529.00,0.00
36597927530072864,20110821,529.00,529.00,0,0,0.00,0.00,0.00,529.00,0.00
36597927530072864,20110823,529.00,529.00,0,0,0.00,0.00,0.00,529.00,0.00
36597927530072864,20110824,529.00,529.00,0,0,0.00,0.00,0.00,529.00,0.00
36597927530072864,20110827,529.00,529.00,0,0,0.00,0.00,0.00,529.00,0.00
36597927530072864,20110828,529.00,529.00,0,0,0.00,0.00,0.00,529.00,0.00
36597927530072864,20110829,529.00,529.00,0,0,0.00,0.00,0.00,529.00,0.00
36597927530072864,20110830,529.00,529.00,0,0,0.00,0.00,0.00,529.00,0.00
36597927530072864,20110831,529.00,529.00,0,0,0.00,0.00,0.00,529.00,0.00
36597927530072864,20110903,529.00,529.00,0,0,0.00,0.00,0.00,529.00,0.00
36597927530072864,20110904,529.00,529.00,0,0,0.00,0.00,0.00,529.00,0.00
36597927530072864,20110905,529.00,529.00,0,0,0.00,0.00,0.00,529.00,0.00
36597927530072864,20110906,529.00,529.00,0,0,0.00,0.00,0.00,529.00,0.00
36597927530072864,20110907,529.00,529.00,0,0,0.00,0.00,0.00,529.00,0.00
36597927530072864,20110910,529.00,529.00,0,0,0.00,0.00,0.00,529.00,0.00
36597927530072864,20110911,529.00,529.00,0,0,0.00,0.00,0.00,529.00,0.00
36597927530072864,20110912,529.00,529.00,0,0,0.00,0.00,0.00,529.00,0.00
36597927530072864,20110913,529.00,529.00,0,0,0.00,0.00,0.00,529.00,0.00
36597927530072864,20110914,529.00,529.00,0,0,0.00,0.00,0.00,529.00,0.00
36597927530072864,20110917,529.00,529.00,0,0,0.00,0.00,0.00,529.00,0.00
36597927530072864,20110918,529.00,529.00,0,0,0.00,0.00,0.00,529.00,0.00
36597927530072864,20110919,529.00,529.00,0,0,0.00,0.00,0.00,529.00,0.00
36597927530072864,20110920,529.00,529.00,0,0,0.00,0.00,0.00,529.00,0.00
36597927530072864,20110921,529.00,529.00,0,0,0.00,0.00,0.00,529.00,0.00
36597927530072864,20110925,529.00,529.00,0,0,0.00,0.00,0.00,529.00,0.00
36597927530072864,20110926,529.00,529.00,0,0,0.00,0.00,0.00,529.00,0.00
36597927530072864,20110927,529.00,529.00,0,0,0.00,0.00,0.00,529.00,0.00
36597927530072864,20110928,529.00,529.00,0,0,0.00,0.00,0.00,529.00,0.00
36597927530072864,20111001,529.00,529.00,0,0,0.00,0.00,0.00,529.00,0.00
36597927530072864,20111002,529.00,529.00,0,0,0.00,0.00,0.00,529.00,0.00
36597927530072864,20111003,529.00,529.00,0,0,0.00,0.00,0.00,529.00,0.00
36597927530072864,20111004,529.00,529.00,0,0,0.00,0.00,0.00,529.00,0.00
36597927530072864,20111005,529.00,529.00,0,0,0.00,0.00,0.00,529.00,0.00
36597927530072864,20111008,529.00,529.00,0,0,0.00,0.00,0.00,529.00,0.00
36597927530072864,20111009,529.00,529.00,0,0,0.00,0.00,0.00,529.00,0.00
36597927530072864,20111010,529.00,529.00,0,0,0.00,0.00,0.00,529.00,0.00
36597927530072864,20111011,529.00,529.00,0,0,0.00,0.00,0.00,529.00,0.00
36597927530072864,20111012,529.00,529.00,0,0,0.00,0.00,0.00,529.00,0.00
36597927530072864,20111015,529.00,529.00,0,0,0.00,0.00,0.00,529.00,0.00
36597927530072864,20111016,529.00,529.00,0,0,0.00,0.00,0.00,529.00,0.00
36597927530072864,20111017,529.00,529.00,0,0,0.00,0.00,0.00,529.00,0.00
36597927530072864,20111018,529.00,529.00,0,0,0.00,0.00,0.00,529.00,0.00
36597927530072864,20111019,529.00,529.00,0,0,0.00,0.00,0.00,529.00,0.00
36597927530072864,20111022,529.00,529.00,0,0,0.00,0.00,0.00,529.00,0.00
36597927530072864,20111023,529.00,529.00,0,0,0.00,0.00,0.00,529.00,0.00
36597927530072864,20111024,529.00,529.00,0,0,0.00,0.00,0.00,529.00,0.00
36597927530072864,20111025,529.00,529.00,0,0,0.00,0.00,0.00,529.00,0.00
36597927530072864,20111026,529.00,529.00,0,0,0.00,0.00,0.00,529.00,0.00
36597927530072864,20111029,529.00,529.00,0,0,0.00,0.00,0.00,529.00,0.00
36597927530072864,20111030,529.00,529.00,0,0,0.00,0.00,0.00,529.00,0.00
36597927530072864,20111031,529.00,529.00,0,0,0.00,0.00,0.00,529.00,0.00
36597927530072864,20111101,529.00,529.00,0,0,0.00,0.00,0.00,529.00,0.00
36597927530072864,20111102,529.00,529.00,0,0,0.00,0.00,0.00,529.00,0.00
36597927530072864,20111105,529.00,529.00,0,0,0.00,0.00,0.00,529.00,0.00
36597927530072864,20111106,529.00,529.00,0,0,0.00,0.00,0.00,529.00,0.00
36597927530072864,20111108,529.00,529.00,0,0,0.00,0.00,0.00,529.00,0.00
36597927530072864,20111109,529.00,529.00,0,0,0.00,0.00,0.00,529.00,0.00
36597927530072864,20111112,529.00,529.00,0,0,0.00,0.00,0.00,529.00,0.00
36597927530072864,20111113,529.00,529.00,0,0,0.00,0.00,0.00,529.00,0.00
36597927530072864,20111114,529.00,529.00,0,0,0.00,0.00,0.00,529.00,0.00
36597927530072864,20111116,529.00,529.00,0,0,0.00,0.00,0.00,529.00,0.00
36597927530072864,20111119,529.00,529.00,0,0,0.00,0.00,0.00,529.00,0.00
36597927530072864,20111120,529.00,529.00,0,0,0.00,0.00,0.00,529.00,0.00
36597927530072864,20111121,529.00,529.00,0,0,0.00,0.00,0.00,529.00,0.00
36597927530072864,20111122,529.00,529.00,0,0,0.00,0.00,0.00,529.00,0.00
36597927530072864,20111123,529.00,529.00,0,0,0.00,0.00,0.00,529.00,0.00
36597927530072864,20111126,529.00,529.00,0,0,0.00,0.00,0.00,529.00,0.00
36597927530072864,20111127,529.00,529.00,0,0,0.00,0.00,0.00,529.00,0.00
36597927530072864,20111128,529.00,529.00,0,0,0.00,0.00,0.00,529.00,0.00
36597927530072864,20111129,529.00,529.00,0,0,0.00,0.00,0.00,529.00,0.00
36597927530072864,20111130,529.00,529.00,0,0,0.00,0.00,0.00,529.00,0.00
36597927530072864,20111203,529.00,529.00,0,0,0.00,0.00,0.00,529.00,0.00
36597927530072864,20111204,529.00,529.00,0,0,0.00,0.00,0.00,529.00,0.00
36597927530072864,20111207,529.00,529.00,0,0,0.00,0.00,0.00,529.00,0.00
36597927530072864,20111210,529.00,529.00,0,0,0.00,0.00,0.00,529.00,0.00
36597927530072864,20111211,529.00,529.00,0,0,0.00,0.00,0.00,529.00,0.00
36597927530072864,20111212,529.00,529.00,0,0,0.00,0.00,0.00,529.00,0.00
36597927530072864,20111213,529.00,529.00,0,0,0.00,0.00,0.00,529.00,0.00
36597927530072864,20111214,529.00,529.00,0,0,0.00,0.00,0.00,529.00,0.00
36597927530072864,20111217,529.00,529.00,0,0,0.00,0.00,0.00,529.00,0.00
36597927530072864,20111218,529.00,529.00,0,0,0.00,0.00,0.00,529.00,0.00
36597927530072864,20111219,529.00,529.00,0,0,0.00,0.00,0.00,529.00,0.00
36597927530072864,20111220,529.00,529.00,0,0,0.00,0.00,0.00,529.00,0.00
36597927530072864,20111221,529.00,529.00,0,0,0.00,0.00,0.00,529.00,0.00
36597927530072864,20111224,529.00,529.00,0,0,0.00,0.00,0.00,529.00,0.00
36597927530072864,20111225,529.00,529.00,0,0,0.00,0.00,0.00,529.00,0.00
36597927530072864,20111226,529.00,529.00,0,0,0.00,0.00,0.00,529.00,0.00
36597927530072864,20111227,529.00,529.00,0,0,0.00,0.00,0.00,529.00,0.00
36597927530072864,20111228,529.00,529.00,0,0,0.00,0.00,0.00,529.00,0.00
36597927530072864,20111231,529.00,529.00,0,0,0.00,0.00,0.00,529.00,0.00
36597927530072864,20120101,529.00,529.00,0,0,0.00,0.00,0.00,529.00,0.00
36597927530072864,20120102,529.00,529.00,0,0,0.00,0.00,0.00,529.00,0.00
36597927530072864,20120103,529.00,529.00,0,0,0.00,0.00,0.00,529.00,0.00
36597927530072864,20120104,529.00,529.00,0,0,0.00,0.00,0.00,529.00,0.00
36597927530072864,20120107,529.00,529.00,0,0,0.00,0.00,0.00,529.00,0.00
36597927530072864,20120108,529.00,529.00,0,0,0.00,0.00,0.00,529.00,0.00
36597927530072864,20120109,529.00,529.00,0,0,0.00,0.00,0.00,529.00,0.00
36597927530072864,20120110,529.00,529.00,0,0,0.00,0.00,0.00,529.00,0.00
36597927530072864,20120111,529.00,529.00,0,0,0.00,0.00,0.00,529.00,0.00
36597927530072864,20120115,529.00,529.00,0,0,0.00,0.00,0.00,529.00,0.00
36597927530072864,20120116,529.00,529.00,0,0,0.00,0.00,0.00,529.00,0.00
36597927530072864,20120117,529.00,529.00,0,0,0.00,0.00,0.00,529.00,0.00
36597927530072864,20120118,529.00,529.00,0,0,0.00,0.00,0.00,529.00,0.00
36597927530072864,20120121,529.00,529.00,0,0,0.00,0.00,0.00,529.00,0.00
36597927530072864,20120123,529.00,529.00,0,0,0.00,0.00,0.00,529.00,0.00
36597927530072864,20120125,529.00,529.00,0,0,0.00,0.00,0.00,529.00,0.00
36597927530072864,20120128,529.00,529.00,0,0,0.00,0.00,0.00,529.00,0.00
36597927530072864,20120129,529.00,529.00,0,0,0.00,0.00,0.00,529.00,0.00
36597927530072864,20120130,529.00,529.00,0,0,0.00,0.00,0.00,529.00,0.00
36597927530072864,20120131,529.00,529.00,0,0,0.00,0.00,0.00,529.00,0.00
36597927530072864,20120201,529.00,529.00,0,0,0.00,0.00,0.00,529.00,0.00
36597927530072864,20120204,529.00,529.00,0,0,0.00,0.00,0.00,529.00,0.00
36597927530072864,20120205,529.00,529.00,0,0,0.00,0.00,0.00,529.00,0.00
36597927530072864,20120206,529.00,529.00,0,0,0.00,0.00,0.00,529.00,0.00
36597927530072864,20120207,529.00,529.00,0,0,0.00,0.00,0.00,529.00,0.00
36597927530072864,20120208,529.00,529.00,0,0,0.00,0.00,0.00,529.00,0.00
36597927530072864,20120212,529.00,529.00,0,0,0.00,0.00,0.00,529.00,0.00
36597927530072864,20120213,529.00,529.00,0,0,0.00,0.00,0.00,529.00,0.00
36597927530072864,20120214,529.00,529.00,0,0,0.00,0.00,0.00,529.00,0.00
36597927530072864,20120215,529.00,529.00,0,0,0.00,0.00,0.00,529.00,0.00
36597927530072864,20120218,529.00,529.00,0,0,0.00,0.00,0.00,529.00,0.00
36597927530072864,20120219,529.00,529.00,0,0,0.00,0.00,0.00,529.00,0.00
36597927530072864,20120220,529.00,529.00,0,0,0.00,0.00,0.00,529.00,0.00
36597927530072864,20120221,529.00,529.00,0,0,0.00,0.00,0.00,529.00,0.00
36597927530072864,20120222,529.00,529.00,0,0,0.00,0.00,0.00,529.00,0.00
36597927530072864,20120225,529.00,529.00,0,0,0.00,0.00,0.00,529.00,0.00
36597927530072864,20120226,529.00,529.00,0,0,0.00,0.00,0.00,529.00,0.00
36597927530072864,20120227,529.00,529.00,0,0,0.00,0.00,0.00,529.00,0.00
36597927530072864,20120228,529.00,529.00,0,0,0.00,0.00,0.00,529.00,0.00
36597927530072864,20120229,529.00,529.00,0,0,0.00,0.00,0.00,529.00,0.00
36597927530072864,20120303,529.00,529.00,0,0,0.00,0.00,0.00,529.00,0.00
36597927530072864,20120304,529.00,529.00,0,0,0.00,0.00,0.00,529.00,0.00
36597927530072864,20120305,529.00,529.00,0,0,0.00,0.00,0.00,529.00,0.00
36597927530072864,20120306,529.00,529.00,0,0,0.00,0.00,0.00,529.00,0.00
36597927530072864,20120307,529.00,529.00,0,0,0.00,0.00,0.00,529.00,0.00
36597927530072864,20120310,529.00,529.00,0,0,0.00,0.00,0.00,529.00,0.00
36597927530072864,20120311,529.00,529.00,0,0,0.00,0.00,0.00,529.00,0.00
36597927530072864,20120312,529.00,529.00,0,0,0.00,0.00,0.00,529.00,0.00
36597927530072864,20120313,529.00,529.00,0,0,0.00,0.00,0.00,529.00,0.00
36597927530072864,20120314,529.00,529.00,0,0,0.00,0.00,0.00,529.00,0.00
36597927530072864,20120317,529.00,529.00,0,0,0.00,0.00,0.00,529.00,0.00
36597927530072864,20120318,529.00,529.00,0,0,0.00,0.00,0.00,529.00,0.00
36597927530072864,20120324,529.00,529.00,0,0,0.00,0.00,0.00,529.00,0.00
36597927530072864,20120325,529.00,529.00,0,0,0.00,0.00,0.00,529.00,0.00
36597927530072864,20120326,529.00,529.00,0,0,0.00,0.00,0.00,529.00,0.00
36597927530072864,20120327,529.00,529.00,0,0,0.00,0.00,0.00,529.00,0.00
36597927530072864,20120328,529.00,529.00,0,0,0.00,0.00,0.00,529.00,0.00
36597927530072864,20120402,529.00,529.00,0,0,0.00,0.00,0.00,529.00,0.00
36597927530072864,20120403,529.00,529.00,0,0,0.00,0.00,0.00,529.00,0.00
36597927530072864,20120404,529.00,529.00,0,0,0.00,0.00,0.00,529.00,0.00
36597927530072864,20120407,529.00,529.00,0,0,0.00,0.00,0.00,529.00,0.00
36597927530072864,20120408,529.00,529.00,0,0,0.00,0.00,0.00,529.00,0.00
36597927530072864,20120409,529.00,529.00,0,0,0.00,0.00,0.00,529.00,0.00
36597927530072864,20120410,529.00,529.00,0,0,0.00,0.00,0.00,529.00,0.00
36597927530072864,20120411,529.00,529.00,0,0,0.00,0.00,0.00,529.00,0.00
36597927530072864,20120414,529.00,529.00,0,0,0.00,0.00,0.00,529.00,0.00
36597927530072864,20120415,529.00,529.00,0,0,0.00,0.00,0.00,529.00,0.00
36597927530072864,20120416,529.00,529.00,0,0,0.00,0.00,0.00,529.00,0.00
36597927530072864,20120417,529.00,529.00,0,0,0.00,0.00,0.00,529.00,0.00
36597927530072864,20120418,529.00,529.00,0,0,0.00,0.00,0.00,529.00,0.00
36597927530072864,20120421,529.00,529.00,0,0,0.00,0.00,0.00,529.00,0.00
36597927530072864,20120422,529.00,529.00,0,0,0.00,0.00,0.00,529.00,0.00
36597927530072864,20120423,529.00,529.00,0,0,0.00,0.00,0.00,529.00,0.00
36597927530072864,20120424,529.00,529.00,0,0,0.00,0.00,0.00,529.00,0.00
36597927530072864,20120428,529.00,529.00,0,0,0.00,0.00,0.00,529.00,0.00
36597927530072864,20120429,529.00,529.00,0,0,0.00,0.00,0.00,529.00,0.00
36597927530072864,20120430,529.00,529.00,0,0,0.00,0.00,0.00,529.00,0.00
36597927530072864,20120501,529.00,529.00,0,0,0.00,0.00,0.00,529.00,0.00
36597927530072864,20120502,529.00,529.00,0,0,0.00,0.00,0.00,529.00,0.00
36597927530072864,20120505,529.00,529.00,0,0,0.00,0.00,0.00,529.00,0.00
36597927530072864,20120506,529.00,529.00,0,0,0.00,0.00,0.00,529.00,0.00
36597927530072864,20120507,529.00,529.00,0,0,0.00,0.00,0.00,529.00,0.00
36597927530072864,20120508,529.00,529.00,0,0,0.00,0.00,0.00,529.00,0.00
36597927530072864,20120509,529.00,529.00,0,0,0.00,0.00,0.00,529.00,0.00
36597927530072864,20120512,529.00,529.00,0,0,0.00,0.00,0.00,529.00,0.00
36597927530072864,20120513,529.00,529.00,0,0,0.00,0.00,0.00,529.00,0.00
36597927530072864,20120514,529.00,529.00,0,0,0.00,0.00,0.00,529.00,0.00
36597927530072864,20120515,529.00,529.00,0,0,0.00,0.00,0.00,529.00,0.00
36597927530072864,20120516,529.00,529.00,0,0,0.00,0.00,0.00,529.00,0.00
36597927530072864,20120519,529.00,529.00,0,0,0.00,0.00,0.00,529.00,0.00
36597927530072864,20120520,529.00,529.00,0,0,0.00,0.00,0.00,529.00,0.00
36597927530072864,20120521,529.00,529.00,0,0,0.00,0.00,0.00,529.00,0.00
36597927530072864,20120522,529.00,529.00,0,0,0.00,0.00,0.00,529.00,0.00
36597927530072864,20120523,529.00,529.00,0,0,0.00,0.00,0.00,529.00,0.00
36597927530072864,20120526,529.00,529.00,0,0,0.00,0.00,0.00,529.00,0.00
36597927530072864,20120527,529.00,529.00,0,0,0.00,0.00,0.00,529.00,0.00
36597927530072864,20120528,529.00,529.00,0,0,0.00,0.00,0.00,529.00,0.00
36597927530072864,20120529,529.00,529.00,0,0,0.00,0.00,0.00,529.00,0.00
36597927530072864,20120530,529.00,529.00,0,0,0.00,0.00,0.00,529.00,0.00
36597927530072864,20120602,529.00,529.00,0,0,0.00,0.00,0.00,529.00,0.00
36597927530072864,20120605,529.00,529.00,0,0,0.00,0.00,0.00,529.00,0.00
36597927530072864,20120606,529.00,529.00,0,0,0.00,0.00,0.00,529.00,0.00
36597927530072864,20120609,529.00,529.00,0,0,0.00,0.00,0.00,529.00,0.00
36597927530072864,20120610,529.00,529.00,0,0,0.00,0.00,0.00,529.00,0.00
36597927530072864,20120611,529.00,529.00,0,0,0.00,0.00,0.00,529.00,0.00
36597927530072864,20120612,529.00,529.00,0,0,0.00,0.00,0.00,529.00,0.00
36597927530072864,20120613,529.00,529.00,0,0,0.00,0.00,0.00,529.00,0.00
36597927530072864,20120616,529.00,529.00,0,0,0.00,0.00,0.00,529.00,0.00
36597927530072864,20120617,529.00,529.00,0,0,0.00,0.00,0.00,529.00,0.00
36597927530072864,20120619,529.00,529.00,0,0,0.00,0.00,0.00,529.00,0.00
36597927530072864,20120620,529.00,529.00,0,0,0.00,0.00,0.00,529.00,0.00
36597927530072864,20120623,529.00,529.00,0,0,0.00,0.00,0.00,529.00,0.00
36597927530072864,20120624,529.00,529.00,0,0,0.00,0.00,0.00,529.00,0.00
36597927530072864,20120625,529.00,529.00,0,0,0.00,0.00,0.00,529.00,0.00
36597927530072864,20120626,529.00,529.00,0,0,0.00,0.00,0.00,529.00,0.00
36597927530072864,20120627,529.00,529.00,0,0,0.00,0.00,0.00,529.00,0.00
36597927530072864,20120630,529.00,529.00,0,0,0.00,0.00,0.00,529.00,0.00
36597927530072864,20120701,529.00,529.00,0,0,0.00,0.00,0.00,529.00,0.00
36597927530072864,20120702,529.00,529.00,0,0,0.00,0.00,0.00,529.00,0.00
36597927530072864,20120703,529.00,529.00,0,0,0.00,0.00,0.00,529.00,0.00
36597927530072864,20120704,529.00,529.00,0,0,0.00,0.00,0.00,529.00,0.00
36597927530072864,20120707,529.00,529.00,0,0,0.00,0.00,0.00,529.00,0.00
36597927530072864,20120708,529.00,529.00,0,0,0.00,0.00,0.00,529.00,0.00
36597927530072864,20120709,529.00,529.00,0,0,0.00,0.00,0.00,529.00,0.00
36597927530072864,20120710,529.00,529.00,0,0,0.00,0.00,0.00,529.00,0.00
36597927530072864,20120711,529.00,529.00,0,0,0.00,0.00,0.00,529.00,0.00
36597927530072864,20120714,529.00,529.00,0,0,0.00,0.00,0.00,529.00,0.00
36597927530072864,20120715,529.00,529.00,0,0,0.00,0.00,0.00,529.00,0.00
36597927530072864,20120716,529.00,529.00,0,0,0.00,0.00,0.00,529.00,0.00
36597927530072864,20120717,529.00,529.00,0,0,0.00,0.00,0.00,529.00,0.00
36597927530072864,20120718,529.00,529.00,0,0,0.00,0.00,0.00,529.00,0.00
36597927530072864,20120721,529.00,529.00,0,0,0.00,0.00,0.00,529.00,0.00
36597927530072864,20120722,529.00,529.00,0,0,0.00,0.00,0.00,529.00,0.00
36597927530072864,20120723,529.00,529.00,0,0,0.00,0.00,0.00,529.00,0.00
36597927530072864,20120724,529.00,529.00,0,0,0.00,0.00,0.00,529.00,0.00
36597927530072864,20120725,529.00,529.00,0,0,0.00,0.00,0.00,529.00,0.00
36597927530072864,20120728,529.00,529.00,0,0,0.00,0.00,0.00,529.00,0.00
36597927530072864,20120729,529.00,529.00,0,0,0.00,0.00,0.00,529.00,0.00
36597927530072864,20120730,529.00,529.00,0,0,0.00,0.00,0.00,529.00,0.00
36597927530072864,20120731,529.00,529.00,0,0,0.00,0.00,0.00,529.00,0.00
36597927530072864,20120801,529.00,529.00,0,0,0.00,0.00,0.00,529.00,0.00
36597927530072864,20120804,529.00,529.00,0,0,0.00,0.00,0.00,529.00,0.00
36597927530072864,20120805,529.00,529.00,0,0,0.00,0.00,0.00,529.00,0.00
36597927530072864,20120806,529.00,529.00,0,0,0.00,0.00,0.00,529.00,0.00
36597927530072864,20120807,529.00,529.00,0,0,0.00,0.00,0.00,529.00,0.00
36597927530072864,20120808,529.00,529.00,0,0,0.00,0.00,0.00,529.00,0.00
36597927530072864,20120811,529.00,529.00,0,0,0.00,0.00,0.00,529.00,0.00
36597927530072864,20120812,529.00,529.00,0,0,0.00,0.00,0.00,529.00,0.00
36597927530072864,20120813,529.00,529.00,0,0,0.00,0.00,0.00,529.00,0.00
36597927530072864,20120814,529.00,529.00,0,0,0.00,0.00,0.00,529.00,0.00
36597927530072864,20120815,529.00,529.00,0,0,0.00,0.00,0.00,529.00,0.00
36597927530072864,20120818,529.00,529.00,0,0,0.00,0.00,0.00,529.00,0.00
36597927530072864,20120821,529.00,529.00,0,0,0.00,0.00,0.00,529.00,0.00
36597927530072864,20120822,529.00,529.00,0,0,0.00,0.00,0.00,529.00,0.00
36597927530072864,20120825,529.00,529.00,0,0,0.00,0.00,0.00,529.00,0.00
36597927530072864,20120826,529.00,529.00,0,0,0.00,0.00,0.00,529.00,0.00
36597927530072864,20120827,529.00,529.00,0,0,0.00,0.00,0.00,529.00,0.00
36597927530072864,20120902,529.00,529.00,0,0,0.00,0.00,0.00,529.00,0.00
36597927530072864,20120903,529.00,529.00,0,0,0.00,0.00,0.00,529.00,0.00
36597927530072864,20120904,529.00,529.00,0,0,0.00,0.00,0.00,529.00,0.00
36597927530072864,20120905,529.00,529.00,0,0,0.00,0.00,0.00,529.00,0.00
36597927530072864,20120908,529.00,529.00,0,0,0.00,0.00,0.00,529.00,0.00
36597927530072864,20120909,529.00,529.00,0,0,0.00,0.00,0.00,529.00,0.00
36597927530072864,20120910,529.00,529.00,0,0,0.00,0.00,0.00,529.00,0.00
36597927530072864,20120911,529.00,529.00,0,0,0.00,0.00,0.00,529.00,0.00
36597927530072864,20120915,529.00,529.00,0,0,0.00,0.00,0.00,529.00,0.00
36597927530072864,20120916,529.00,529.00,0,0,0.00,0.00,0.00,529.00,0.00
36597927530072864,20120917,529.00,529.00,0,0,0.00,0.00,0.00,529.00,0.00
36597927530072864,20120918,529.00,529.00,0,0,0.00,0.00,0.00,529.00,0.00
36597927530072864,20120919,529.00,529.00,0,0,0.00,0.00,0.00,529.00,0.00
36597927530072864,20120922,529.00,529.00,0,0,0.00,0.00,0.00,529.00,0.00
36597927530072864,20120923,529.00,529.00,0,0,0.00,0.00,0.00,529.00,0.00
36597927530072864,20120924,529.00,529.00,0,0,0.00,0.00,0.00,529.00,0.00
36597927530072864,20120925,529.00,529.00,0,0,0.00,0.00,0.00,529.00,0.00
36597927530072864,20120926,529.00,529.00,0,0,0.00,0.00,0.00,529.00,0.00
36597927530072864,20120929,529.00,529.00,0,0,0.00,0.00,0.00,529.00,0.00
36597927530072864,20120930,529.00,529.00,0,0,0.00,0.00,0.00,529.00,0.00
36597927530072864,20121001,529.00,529.00,0,0,0.00,0.00,0.00,529.00,0.00
36597927530072864,20121002,529.00,529.00,0,0,0.00,0.00,0.00,529.00,0.00
36597927530072864,20121003,529.00,529.00,0,0,0.00,0.00,0.00,529.00,0.00
36597927530072864,20121006,529.00,529.00,0,0,0.00,0.00,0.00,529.00,0.00
36597927530072864,20121007,529.00,529.00,0,0,0.00,0.00,0.00,529.00,0.00
36597927530072864,20121008,529.00,529.00,0,0,0.00,0.00,0.00,529.00,0.00
36597927530072864,20121009,529.00,529.00,0,0,0.00,0.00,0.00,529.00,0.00
36597927530072864,20121010,529.00,529.00,0,0,0.00,0.00,0.00,529.00,0.00
36597927530072864,20121013,529.00,529.00,0,0,0.00,0.00,0.00,529.00,0.00
36597927530072864,20121014,529.00,529.00,0,0,0.00,0.00,0.00,529.00,0.00
36597927530072864,20121015,529.00,529.00,0,0,0.00,0.00,0.00,529.00,0.00
36597927530072864,20121016,529.00,529.00,0,0,0.00,0.00,0.00,529.00,0.00
36597927530072864,20121017,529.00,529.00,0,0,0.00,0.00,0.00,529.00,0.00
36597927530072864,20121020,529.00,529.00,0,0,0.00,0.00,0.00,529.00,0.00
36597927530072864,20121021,529.00,529.00,0,0,0.00,0.00,0.00,529.00,0.00
36597927530072864,20121022,529.00,529.00,0,0,0.00,0.00,0.00,529.00,0.00
36597927530072864,20121023,529.00,529.00,0,0,0.00,0.00,0.00,529.00,0.00
36597927530072864,20121024,529.00,529.00,0,0,0.00,0.00,0.00,529.00,0.00
36597927530072864,20121027,529.00,529.00,0,0,0.00,0.00,0.00,529.00,0.00
36597927530072864,20121028,529.00,529.00,0,0,0.00,0.00,0.00,529.00,0.00
36597927530072864,20121029,529.00,529.00,0,0,0.00,0.00,0.00,529.00,0.00
36597927530072864,20121030,529.00,529.00,0,0,0.00,0.00,0.00,529.00,0.00
36597927530072864,20121031,529.00,529.00,0,0,0.00,0.00,0.00,529.00,0.00
36597927530072864,20121104,529.00,529.00,0,0,0.00,0.00,0.00,529.00,0.00
36597927530072864,20121105,529.00,529.00,0,0,0.00,0.00,0.00,529.00,0.00
36597927530072864,20121106,529.00,529.00,0,0,0.00,0.00,0.00,529.00,0.00
36597927530072864,20121107,529.00,529.00,0,0,0.00,0.00,0.00,529.00,0.00
36597927530072864,20121110,529.00,529.00,0,0,0.00,0.00,0.00,529.00,0.00
36597927530072864,20121111,529.00,529.00,0,0,0.00,0.00,0.00,529.00,0.00
36597927530072864,20121112,529.00,529.00,0,0,0.00,0.00,0.00,529.00,0.00
36597927530072864,20121113,529.00,529.00,0,0,0.00,0.00,0.00,529.00,0.00
36597927530072864,20121114,529.00,529.00,0,0,0.00,0.00,0.00,529.00,0.00
36597927530072864,20121117,529.00,529.00,0,0,0.00,0.00,0.00,529.00,0.00
36597927530072864,20121118,529.00,529.00,0,0,0.00,0.00,0.00,529.00,0.00
36597927530072864,20121119,529.00,529.00,0,0,0.00,0.00,0.00,529.00,0.00
36597927530072864,20121120,529.00,529.00,0,0,0.00,0.00,0.00,529.00,0.00
36597927530072864,20121121,529.00,529.00,0,0,0.00,0.00,0.00,529.00,0.00
36597927530072864,20121126,529.00,529.00,0,0,0.00,0.00,0.00,529.00,0.00
36597927530072864,20121127,529.00,529.00,0,0,0.00,0.00,0.00,529.00,0.00
36597927530072864,20121128,529.00,529.00,0,0,0.00,0.00,0.00,529.00,0.00
36597927530072864,20121201,529.00,529.00,0,0,0.00,0.00,0.00,529.00,0.00
36597927530072864,20121202,529.00,529.00,0,0,0.00,0.00,0.00,529.00,0.00
36597927530072864,20121203,529.00,529.00,0,0,0.00,0.00,0.00,529.00,0.00
36597927530072864,20121204,529.00,529.00,0,0,0.00,0.00,0.00,529.00,0.00
36597927530072864,20121205,529.00,529.00,0,0,0.00,0.00,0.00,529.00,0.00
36597927530072864,20121208,529.00,529.00,0,0,0.00,0.00,0.00,529.00,0.00
36597927530072864,20121209,529.00,529.00,0,0,0.00,0.00,0.00,529.00,0.00
36597927530072864,20121210,529.00,529.00,0,0,0.00,0.00,0.00,529.00,0.00
36597927530072864,20121211,529.00,529.00,0,0,0.00,0.00,0.00,529.00,0.00
36597927530072864,20121212,529.00,529.00,0,0,0.00,0.00,0.00,529.00,0.00
36597927530072864,20121215,529.00,529.00,0,0,0.00,0.00,0.00,529.00,0.00
36597927530072864,20121216,529.00,529.00,0,0,0.00,0.00,0.00,529.00,0.00
36597927530072864,20121217,529.00,529.00,0,0,0.00,0.00,0.00,529.00,0.00
36597927530072864,20121218,529.00,529.00,0,0,0.00,0.00,0.00,529.00,0.00
36597927530072864,20121219,529.00,529.00,0,0,0.00,0.00,0.00,529.00,0.00
36597927530072864,20121222,529.00,529.00,0,0,0.00,0.00,0.00,529.00,0.00
36597927530072864,20121223,529.00,529.00,0,0,0.00,0.00,0.00,529.00,0.00
36597927530072864,20121224,529.00,529.00,0,0,0.00,0.00,0.00,529.00,0.00
36597927530072864,20121225,529.00,529.00,0,0,0.00,0.00,0.00,529.00,0.00
36597927530072864,20121226,529.00,529.00,0,0,0.00,0.00,0.00,529.00,0.00
36597927530072864,20121229,529.00,529.00,0,0,0.00,0.00,0.00,529.00,0.00
36597927530072864,20121230,529.00,529.00,0,0,0.00,0.00,0.00,529.00,0.00
36597927530072864,20121231,529.00,529.00,0,0,0.00,0.00,0.00,529.00,0.00
36597927530072864,20130101,529.00,529.00,0,0,0.00,0.00,0.00,529.00,0.00
36597927530072864,20130102,529.00,529.00,0,0,0.00,0.00,0.00,529.00,0.00
36597927530072864,20130106,529.00,529.00,0,0,0.00,0.00,0.00,529.00,0.00
36597927530072864,20130107,529.00,529.00,0,0,0.00,0.00,0.00,529.00,0.00
36597927530072864,20130108,529.00,529.00,0,0,0.00,0.00,0.00,529.00,0.00
36597927530072864,20130109,529.00,529.00,0,0,0.00,0.00,0.00,529.00,0.00
36597927530072864,20130113,529.00,529.00,0,0,0.00,0.00,0.00,529.00,0.00
36597927530072864,20130114,529.00,529.00,0,0,0.00,0.00,0.00,529.00,0.00
36597927530072864,20130115,529.00,529.00,0,0,0.00,0.00,0.00,529.00,0.00
36597927530072864,20130116,529.00,529.00,0,0,0.00,0.00,0.00,529.00,0.00
36597927530072864,20130119,529.00,529.00,0,0,0.00,0.00,0.00,529.00,0.00
36597927530072864,20130120,529.00,529.00,0,0,0.00,0.00,0.00,529.00,0.00
36597927530072864,20130121,529.00,529.00,0,0,0.00,0.00,0.00,529.00,0.00
36597927530072864,20130122,529.00,529.00,0,0,0.00,0.00,0.00,529.00,0.00
36597927530072864,20130123,529.00,529.00,0,0,0.00,0.00,0.00,529.00,0.00
36597927530072864,20130126,529.00,529.00,0,0,0.00,0.00,0.00,529.00,0.00
36597927530072864,20130127,529.00,529.00,0,0,0.00,0.00,0.00,529.00,0.00
36597927530072864,20130128,529.00,529.00,0,0,0.00,0.00,0.00,529.00,0.00
36597927530072864,20130130,529.00,529.00,0,0,0.00,0.00,0.00,529.00,0.00
36597927530072864,20130202,529.00,529.00,0,0,0.00,0.00,0.00,529.00,0.00
36597927530072864,20130203,529.00,529.00,0,0,0.00,0.00,0.00,529.00,0.00
36597927530072864,20130204,529.00,529.00,0,0,0.00,0.00,0.00,529.00,0.00
36597927530072864,20130205,529.00,529.00,0,0,0.00,0.00,0.00,529.00,0.00
36597927530072864,20130206,529.00,529.00,0,0,0.00,0.00,0.00,529.00,0.00
36597927530072864,20130209,529.00,529.00,0,0,0.00,0.00,0.00,529.00,0.00
36597927530072864,20130211,529.00,529.00,0,0,0.00,0.00,0.00,529.00,0.00
36597927530072864,20130212,529.00,529.00,0,0,0.00,0.00,0.00,529.00,0.00
36597927530072864,20130213,529.00,529.00,0,0,0.00,0.00,0.00,529.00,0.00
36597927530072864,20130216,529.00,529.00,0,0,0.00,0.00,0.00,529.00,0.00
36597927530072864,20130217,529.00,529.00,0,0,0.00,0.00,0.00,529.00,0.00
36597927530072864,20130218,529.00,529.00,0,0,0.00,0.00,0.00,529.00,0.00
36597927530072864,20130219,529.00,529.00,0,0,0.00,0.00,0.00,529.00,0.00
36597927530072864,20130220,529.00,529.00,0,0,0.00,0.00,0.00,529.00,0.00
36597927530072864,20130223,529.00,529.00,0,0,0.00,0.00,0.00,529.00,0.00
36597927530072864,20130224,529.00,529.00,0,0,0.00,0.00,0.00,529.00,0.00
36597927530072864,20130225,529.00,529.00,0,0,0.00,0.00,0.00,529.00,0.00
36597927530072864,20130226,6017.00,6484.00,3,12502,75226163.00,6004.00,6484.00,529.00,6004.00
36597927530072864,20130227,6017.00,6484.00,0,0,0.00,0.00,0.00,6017.00,0.00
36597927530072864,20130302,6017.00,6484.00,0,0,0.00,0.00,0.00,6017.00,0.00
36597927530072864,20130303,6017.00,6484.00,0,0,0.00,0.00,0.00,6017.00,0.00
36597927530072864,20130304,6017.00,6484.00,0,0,0.00,0.00,0.00,6017.00,0.00
36597927530072864,20130305,6017.00,6484.00,0,0,0.00,0.00,0.00,6017.00,0.00
36597927530072864,20130306,6017.00,6484.00,0,0,0.00,0.00,0.00,6017.00,0.00
36597927530072864,20130309,6017.00,6484.00,0,0,0.00,0.00,0.00,6017.00,0.00
36597927530072864,20130310,6017.00,6484.00,0,0,0.00,0.00,0.00,6017.00,0.00
36597927530072864,20130311,6017.00,6484.00,0,0,0.00,0.00,0.00,6017.00,0.00
36597927530072864,20130312,6017.00,6484.00,0,0,0.00,0.00,0.00,6017.00,0.00
36597927530072864,20130313,6017.00,6484.00,0,0,0.00,0.00,0.00,6017.00,0.00
36597927530072864,20130316,6017.00,6484.00,0,0,0.00,0.00,0.00,6017.00,0.00
36597927530072864,20130317,6017.00,6484.00,0,0,0.00,0.00,0.00,6017.00,0.00
36597927530072864,20130318,6017.00,6484.00,0,0,0.00,0.00,0.00,6017.00,0.00
36597927530072864,20130325,6017.00,6484.00,0,0,0.00,0.00,0.00,6017.00,0.00
36597927530072864,20130326,6017.00,6484.00,0,0,0.00,0.00,0.00,6017.00,0.00
36597927530072864,20130327,6017.00,6484.00,0,0,0.00,0.00,0.00,6017.00,0.00
36597927530072864,20130330,6017.00,6484.00,0,0,0.00,0.00,0.00,6017.00,0.00
36597927530072864,20130331,6017.00,6484.00,0,0,0.00,0.00,0.00,6017.00,0.00
36597927530072864,20130403,6017.00,6484.00,0,0,0.00,0.00,0.00,6017.00,0.00
36597927530072864,20130406,6017.00,6484.00,0,0,0.00,0.00,0.00,6017.00,0.00
36597927530072864,20130407,6017.00,6484.00,0,0,0.00,0.00,0.00,6017.00,0.00
36597927530072864,20130408,6017.00,6484.00,0,0,0.00,0.00,0.00,6017.00,0.00
36597927530072864,20130409,6017.00,6484.00,0,0,0.00,0.00,0.00,6017.00,0.00
36597927530072864,20130410,6017.00,6484.00,0,0,0.00,0.00,0.00,6017.00,0.00
36597927530072864,20130413,6017.00,6484.00,0,0,0.00,0.00,0.00,6017.00,0.00
36597927530072864,20130415,6017.00,6484.00,0,0,0.00,0.00,0.00,6017.00,0.00
36597927530072864,20130416,6017.00,6484.00,0,0,0.00,0.00,0.00,6017.00,0.00
36597927530072864,20130417,6017.00,6484.00,0,0,0.00,0.00,0.00,6017.00,0.00
36597927530072864,20130420,6017.00,6484.00,0,0,0.00,0.00,0.00,6017.00,0.00
36597927530072864,20130421,6017.00,6484.00,0,0,0.00,0.00,0.00,6017.00,0.00
36597927530072864,20130422,6017.00,6484.00,0,0,0.00,0.00,0.00,6017.00,0.00
36597927530072864,20130423,6017.00,6484.00,0,0,0.00,0.00,0.00,6017.00,0.00
36597927530072864,20130424,6017.00,6484.00,0,0,0.00,0.00,0.00,6017.00,0.00
36597927530072864,20130427,6017.00,6484.00,0,0,0.00,0.00,0.00,6017.00,0.00
36597927530072864,20130428,6017.00,6484.00,0,0,0.00,0.00,0.00,6017.00,0.00
36597927530072864,20130429,6017.00,6484.00,0,0,0.00,0.00,0.00,6017.00,0.00
36597927530072864,20130430,6017.00,6484.00,0,0,0.00,0.00,0.00,6017.00,0.00
36597927530072864,20130501,6017.00,6484.00,0,0,0.00,0.00,0.00,6017.00,0.00
36597927530072864,20130504,6017.00,6484.00,0,0,0.00,0.00,0.00,6017.00,0.00
36597927530072864,20130505,6017.00,6484.00,0,0,0.00,0.00,0.00,6017.00,0.00
36597927530072864,20130506,6017.00,6484.00,0,0,0.00,0.00,0.00,6017.00,0.00
36597927530072864,20130507,6017.00,6484.00,0,0,0.00,0.00,0.00,6017.00,0.00
36597927530072864,20130508,6017.00,6484.00,0,0,0.00,0.00,0.00,6017.00,0.00
36597927530072864,20130511,6017.00,6484.00,0,0,0.00,0.00,0.00,6017.00,0.00
36597927530072864,20130512,6017.00,6484.00,0,0,0.00,0.00,0.00,6017.00,0.00
36597927530072864,20130513,6017.00,6484.00,0,0,0.00,0.00,0.00,6017.00,0.00
36597927530072864,20130514,6017.00,6484.00,0,0,0.00,0.00,0.00,6017.00,0.00
36597927530072864,20130515,6017.00,6484.00,0,0,0.00,0.00,0.00,6017.00,0.00
36597927530072864,20130518,6017.00,6484.00,0,0,0.00,0.00,0.00,6017.00,0.00
36597927530072864,20130519,6017.00,6484.00,0,0,0.00,0.00,0.00,6017.00,0.00
36597927530072864,20130520,6017.00,6484.00,0,0,0.00,0.00,0.00,6017.00,0.00
36597927530072864,20130521,6017.00,6484.00,0,0,0.00,0.00,0.00,6017.00,0.00
36597927530072864,20130522,6017.00,6484.00,0,0,0.00,0.00,0.00,6017.00,0.00
36597927530072864,20130525,6017.00,6484.00,0,0,0.00,0.00,0.00,6017.00,0.00
36597927530072864,20130526,6017.00,6484.00,0,0,0.00,0.00,0.00,6017.00,0.00
36597927530072864,20130527,6017.00,6484.00,0,0,0.00,0.00,0.00,6017.00,0.00
36597927530072864,20130528,6017.00,6484.00,0,0,0.00,0.00,0.00,6017.00,0.00
36597927530072864,20130529,6017.00,6484.00,0,0,0.00,0.00,0.00,6017.00,0.00
36597927530072864,20130601,6017.00,6484.00,0,0,0.00,0.00,0.00,6017.00,0.00
36597927530072864,20130602,6017.00,6484.00,0,0,0.00,0.00,0.00,6017.00,0.00
36597927530072864,20130603,6017.00,6484.00,0,0,0.00,0.00,0.00,6017.00,0.00
36597927530072864,20130608,6017.00,6484.00,0,0,0.00,0.00,0.00,6017.00,0.00
36597927530072864,20130609,6017.00,6484.00,0,0,0.00,0.00,0.00,6017.00,0.00
36597927530072864,20130610,6017.00,6484.00,0,0,0.00,0.00,0.00,6017.00,0.00
36597927530072864,20130611,6017.00,6484.00,0,0,0.00,0.00,0.00,6017.00,0.00
36597927530072864,20130612,6017.00,6484.00,0,0,0.00,0.00,0.00,6017.00,0.00
36597927530072864,20130615,6017.00,6484.00,0,0,0.00,0.00,0.00,6017.00,0.00
36597927530072864,20130616,6017.00,6484.00,0,0,0.00,0.00,0.00,6017.00,0.00
36597927530072864,20130617,6017.00,6484.00,0,0,0.00,0.00,0.00,6017.00,0.00
36597927530072864,20130618,6017.00,6484.00,0,0,0.00,0.00,0.00,6017.00,0.00
36597927530072864,20130619,6017.00,6484.00,0,0,0.00,0.00,0.00,6017.00,0.00
36597927530072864,20130622,6017.00,6484.00,0,0,0.00,0.00,0.00,6017.00,0.00
36597927530072864,20130623,6017.00,6484.00,0,0,0.00,0.00,0.00,6017.00,0.00
36597927530072864,20130625,6017.00,6484.00,0,0,0.00,0.00,0.00,6017.00,0.00
36597927530072864,20130626,6017.00,6484.00,0,0,0.00,0.00,0.00,6017.00,0.00
36597927530072864,20130629,6017.00,6484.00,0,0,0.00,0.00,0.00,6017.00,0.00
36597927530072864,20130630,6017.00,6484.00,0,0,0.00,0.00,0.00,6017.00,0.00
36597927530072864,20130701,6017.00,6484.00,0,0,0.00,0.00,0.00,6017.00,0.00
36597927530072864,20130702,6017.00,6484.00,0,0,0.00,0.00,0.00,6017.00,0.00
36597927530072864,20130703,6017.00,6484.00,0,0,0.00,0.00,0.00,6017.00,0.00
36597927530072864,20130706,6017.00,6484.00,0,0,0.00,0.00,0.00,6017.00,0.00
36597927530072864,20130707,6017.00,6484.00,0,0,0.00,0.00,0.00,6017.00,0.00
36597927530072864,20130708,6017.00,6484.00,0,0,0.00,0.00,0.00,6017.00,0.00
36597927530072864,20130709,6017.00,6484.00,0,0,0.00,0.00,0.00,6017.00,0.00
36597927530072864,20130710,6017.00,6484.00,0,0,0.00,0.00,0.00,6017.00,0.00
36597927530072864,20130713,6017.00,6484.00,0,0,0.00,0.00,0.00,6017.00,0.00
36597927530072864,20130714,6017.00,6484.00,0,0,0.00,0.00,0.00,6017.00,0.00
36597927530072864,20130715,6017.00,6484.00,0,0,0.00,0.00,0.00,6017.00,0.00
36597927530072864,20130716,6017.00,6484.00,0,0,0.00,0.00,0.00,6017.00,0.00
36597927530072864,20130717,6017.00,6484.00,0,0,0.00,0.00,0.00,6017.00,0.00
36597927530072864,20130720,6017.00,6484.00,0,0,0.00,0.00,0.00,6017.00,0.00
36597927530072864,20130721,6017.00,6484.00,0,0,0.00,0.00,0.00,6017.00,0.00
36597927530072864,20130722,6017.00,6484.00,0,0,0.00,0.00,0.00,6017.00,0.00
36597927530072864,20130723,6017.00,6484.00,0,0,0.00,0.00,0.00,6017.00,0.00
36597927530072864,20130724,6017.00,6484.00,0,0,0.00,0.00,0.00,6017.00,0.00
36597927530072864,20130727,6017.00,6484.00,0,0,0.00,0.00,0.00,6017.00,0.00
36597927530072864,20130728,6017.00,6484.00,0,0,0.00,0.00,0.00,6017.00,0.00
36597927530072864,20130729,6017.00,6484.00,0,0,0.00,0.00,0.00,6017.00,0.00
36597927530072864,20130731,6017.00,6484.00,0,0,0.00,0.00,0.00,6017.00,0.00
36597927530072864,20130803,6017.00,6484.00,0,0,0.00,0.00,0.00,6017.00,0.00
36597927530072864,20130804,12500.00,12500.00,15,270000,3375000000.00,12500.00,12500.00,6017.00,12500.00
36597927530072864,20130805,12500.00,12500.00,27,372224,4652800000.00,12500.00,12500.00,12500.00,12500.00
36597927530072864,20130806,12500.00,12500.00,0,0,0.00,0.00,0.00,12500.00,0.00
36597927530072864,20130807,12500.00,12500.00,0,0,0.00,0.00,0.00,12500.00,0.00
36597927530072864,20130811,12500.00,12500.00,0,0,0.00,0.00,0.00,12500.00,0.00
36597927530072864,20130812,12500.00,12500.00,0,0,0.00,0.00,0.00,12500.00,0.00
36597927530072864,20130813,12500.00,12500.00,0,0,0.00,0.00,0.00,12500.00,0.00
36597927530072864,20130814,12500.00,12500.00,0,0,0.00,0.00,0.00,12500.00,0.00
36597927530072864,20130817,12500.00,12500.00,0,0,0.00,0.00,0.00,12500.00,0.00
36597927530072864,20130818,12500.00,12500.00,0,0,0.00,0.00,0.00,12500.00,0.00
36597927530072864,20130819,12500.00,12500.00,0,0,0.00,0.00,0.00,12500.00,0.00
36597927530072864,20130820,12500.00,12500.00,0,0,0.00,0.00,0.00,12500.00,0.00
36597927530072864,20130821,12500.00,12500.00,0,0,0.00,0.00,0.00,12500.00,0.00
36597927530072864,20130824,12500.00,12500.00,0,0,0.00,0.00,0.00,12500.00,0.00
36597927530072864,20130825,12500.00,12500.00,0,0,0.00,0.00,0.00,12500.00,0.00
36597927530072864,20130826,12500.00,12500.00,0,0,0.00,0.00,0.00,12500.00,0.00
36597927530072864,20130827,12500.00,12500.00,0,0,0.00,0.00,0.00,12500.00,0.00
36597927530072864,20130828,12500.00,12500.00,0,0,0.00,0.00,0.00,12500.00,0.00
36597927530072864,20130831,12500.00,12500.00,0,0,0.00,0.00,0.00,12500.00,0.00
36597927530072864,20130901,12500.00,12500.00,0,0,0.00,0.00,0.00,12500.00,0.00
36597927530072864,20130903,12500.00,12500.00,0,0,0.00,0.00,0.00,12500.00,0.00
36597927530072864,20130904,12500.00,12500.00,0,0,0.00,0.00,0.00,12500.00,0.00
36597927530072864,20130907,12500.00,12500.00,0,0,0.00,0.00,0.00,12500.00,0.00
36597927530072864,20130908,12500.00,12500.00,0,0,0.00,0.00,0.00,12500.00,0.00
36597927530072864,20130909,12500.00,12500.00,0,0,0.00,0.00,0.00,12500.00,0.00
36597927530072864,20130910,12500.00,12500.00,0,0,0.00,0.00,0.00,12500.00,0.00
36597927530072864,20130911,12500.00,12500.00,0,0,0.00,0.00,0.00,12500.00,0.00
36597927530072864,20130914,12500.00,12500.00,0,0,0.00,0.00,0.00,12500.00,0.00
36597927530072864,20130915,12500.00,12500.00,0,0,0.00,0.00,0.00,12500.00,0.00
36597927530072864,20130916,12500.00,12500.00,0,0,0.00,0.00,0.00,12500.00,0.00
36597927530072864,20130917,12500.00,12500.00,0,0,0.00,0.00,0.00,12500.00,0.00
36597927530072864,20130918,12500.00,12500.00,0,0,0.00,0.00,0.00,12500.00,0.00
36597927530072864,20130921,12500.00,12500.00,0,0,0.00,0.00,0.00,12500.00,0.00
36597927530072864,20130922,12500.00,12500.00,0,0,0.00,0.00,0.00,12500.00,0.00
36597927530072864,20130923,12500.00,12500.00,0,0,0.00,0.00,0.00,12500.00,0.00
36597927530072864,20130924,12500.00,12500.00,0,0,0.00,0.00,0.00,12500.00,0.00
36597927530072864,20130925,12500.00,12500.00,0,0,0.00,0.00,0.00,12500.00,0.00
36597927530072864,20130928,12500.00,12500.00,0,0,0.00,0.00,0.00,12500.00,0.00
36597927530072864,20130929,12500.00,12500.00,0,0,0.00,0.00,0.00,12500.00,0.00
36597927530072864,20130930,12500.00,12500.00,0,0,0.00,0.00,0.00,12500.00,0.00
36597927530072864,20131001,12500.00,12500.00,0,0,0.00,0.00,0.00,12500.00,0.00
36597927530072864,20131002,12500.00,12500.00,0,0,0.00,0.00,0.00,12500.00,0.00
36597927530072864,20131005,12500.00,12500.00,0,0,0.00,0.00,0.00,12500.00,0.00
36597927530072864,20131006,12500.00,12500.00,0,0,0.00,0.00,0.00,12500.00,0.00
36597927530072864,20131007,12500.00,12500.00,0,0,0.00,0.00,0.00,12500.00,0.00
36597927530072864,20131008,12500.00,12500.00,0,0,0.00,0.00,0.00,12500.00,0.00
36597927530072864,20131009,12500.00,12500.00,0,0,0.00,0.00,0.00,12500.00,0.00
36597927530072864,20131012,12500.00,12500.00,0,0,0.00,0.00,0.00,12500.00,0.00
36597927530072864,20131013,12500.00,12500.00,0,0,0.00,0.00,0.00,12500.00,0.00
36597927530072864,20131014,12500.00,12500.00,0,0,0.00,0.00,0.00,12500.00,0.00
36597927530072864,20131015,12500.00,12500.00,0,0,0.00,0.00,0.00,12500.00,0.00
36597927530072864,20131019,12500.00,12500.00,0,0,0.00,0.00,0.00,12500.00,0.00
36597927530072864,20131020,12500.00,12500.00,0,0,0.00,0.00,0.00,12500.00,0.00
36597927530072864,20131021,12500.00,12500.00,0,0,0.00,0.00,0.00,12500.00,0.00
36597927530072864,20131022,12500.00,12500.00,0,0,0.00,0.00,0.00,12500.00,0.00
36597927530072864,20131023,12500.00,12500.00,0,0,0.00,0.00,0.00,12500.00,0.00
36597927530072864,20131026,12500.00,12500.00,0,0,0.00,0.00,0.00,12500.00,0.00
36597927530072864,20131027,12500.00,12500.00,0,0,0.00,0.00,0.00,12500.00,0.00
36597927530072864,20131028,12500.00,12500.00,0,0,0.00,0.00,0.00,12500.00,0.00
36597927530072864,20131029,12500.00,12500.00,0,0,0.00,0.00,0.00,12500.00,0.00
36597927530072864,20131030,12500.00,12500.00,0,0,0.00,0.00,0.00,12500.00,0.00
36597927530072864,20131102,12500.00,12500.00,0,0,0.00,0.00,0.00,12500.00,0.00
36597927530072864,20131103,12500.00,12500.00,0,0,0.00,0.00,0.00,12500.00,0.00
36597927530072864,20131104,12500.00,12500.00,0,0,0.00,0.00,0.00,12500.00,0.00
36597927530072864,20131105,12500.00,12500.00,0,0,0.00,0.00,0.00,12500.00,0.00
36597927530072864,20131106,12500.00,12500.00,0,0,0.00,0.00,0.00,12500.00,0.00
36597927530072864,20131109,12500.00,12500.00,0,0,0.00,0.00,0.00,12500.00,0.00
36597927530072864,20131110,12500.00,12500.00,0,0,0.00,0.00,0.00,12500.00,0.00
36597927530072864,20131111,12500.00,12500.00,0,0,0.00,0.00,0.00,12500.00,0.00
36597927530072864,20131112,12500.00,12500.00,0,0,0.00,0.00,0.00,12500.00,0.00
36597927530072864,20131116,12500.00,12500.00,0,0,0.00,0.00,0.00,12500.00,0.00
36597927530072864,20131117,12500.00,12500.00,0,0,0.00,0.00,0.00,12500.00,0.00
36597927530072864,20131118,12500.00,12500.00,0,0,0.00,0.00,0.00,12500.00,0.00
36597927530072864,20131119,12500.00,12500.00,0,0,0.00,0.00,0.00,12500.00,0.00
36597927530072864,20131120,12500.00,12500.00,0,0,0.00,0.00,0.00,12500.00,0.00
36597927530072864,20131123,12500.00,12500.00,0,0,0.00,0.00,0.00,12500.00,0.00
36597927530072864,20131124,12500.00,12500.00,0,0,0.00,0.00,0.00,12500.00,0.00
36597927530072864,20131125,12500.00,12500.00,0,0,0.00,0.00,0.00,12500.00,0.00
36597927530072864,20131126,12500.00,12500.00,0,0,0.00,0.00,0.00,12500.00,0.00
36597927530072864,20131127,12500.00,12500.00,0,0,0.00,0.00,0.00,12500.00,0.00
36597927530072864,20131130,12500.00,12500.00,0,0,0.00,0.00,0.00,12500.00,0.00
36597927530072864,20131201,12500.00,12500.00,0,0,0.00,0.00,0.00,12500.00,0.00
36597927530072864,20131202,12500.00,12500.00,0,0,0.00,0.00,0.00,12500.00,0.00
36597927530072864,20131203,12500.00,12500.00,0,0,0.00,0.00,0.00,12500.00,0.00
36597927530072864,20131204,12500.00,12500.00,0,0,0.00,0.00,0.00,12500.00,0.00
36597927530072864,20131207,12500.00,12500.00,0,0,0.00,0.00,0.00,12500.00,0.00
36597927530072864,20131208,12500.00,12500.00,0,0,0.00,0.00,0.00,12500.00,0.00
36597927530072864,20131209,12500.00,12500.00,0,0,0.00,0.00,0.00,12500.00,0.00
36597927530072864,20131210,12500.00,12500.00,0,0,0.00,0.00,0.00,12500.00,0.00
36597927530072864,20131211,12500.00,12500.00,0,0,0.00,0.00,0.00,12500.00,0.00
36597927530072864,20131214,12500.00,12500.00,0,0,0.00,0.00,0.00,12500.00,0.00
36597927530072864,20131215,12500.00,12500.00,0,0,0.00,0.00,0.00,12500.00,0.00
36597927530072864,20131216,12500.00,12500.00,0,0,0.00,0.00,0.00,12500.00,0.00
36597927530072864,20131217,12500.00,12500.00,0,0,0.00,0.00,0.00,12500.00,0.00
36597927530072864,20131218,12500.00,12500.00,0,0,0.00,0.00,0.00,12500.00,0.00
36597927530072864,20131221,12500.00,12500.00,0,0,0.00,0.00,0.00,12500.00,0.00
36597927530072864,20131222,12500.00,12500.00,0,0,0.00,0.00,0.00,12500.00,0.00
36597927530072864,20131224,12500.00,12500.00,0,0,0.00,0.00,0.00,12500.00,0.00
36597927530072864,20131225,12500.00,12500.00,0,0,0.00,0.00,0.00,12500.00,0.00
36597927530072864,20131228,12500.00,12500.00,0,0,0.00,0.00,0.00,12500.00,0.00
36597927530072864,20131229,12500.00,12500.00,0,0,0.00,0.00,0.00,12500.00,0.00
36597927530072864,20131230,12500.00,12500.00,0,0,0.00,0.00,0.00,12500.00,0.00
36597927530072864,20140101,12500.00,12500.00,0,0,0.00,0.00,0.00,12500.00,0.00
36597927530072864,20140104,12500.00,12500.00,0,0,0.00,0.00,0.00,12500.00,0.00
36597927530072864,20140105,12500.00,12500.00,0,0,0.00,0.00,0.00,12500.00,0.00
36597927530072864,20140106,12500.00,12500.00,0,0,0.00,0.00,0.00,12500.00,0.00
36597927530072864,20140107,12500.00,12500.00,0,0,0.00,0.00,0.00,12500.00,0.00
36597927530072864,20140108,12500.00,12500.00,0,0,0.00,0.00,0.00,12500.00,0.00
36597927530072864,20140111,12500.00,12500.00,0,0,0.00,0.00,0.00,12500.00,0.00
36597927530072864,20140112,12500.00,12500.00,0,0,0.00,0.00,0.00,12500.00,0.00
36597927530072864,20140113,12500.00,12500.00,0,0,0.00,0.00,0.00,12500.00,0.00
36597927530072864,20140114,12500.00,12500.00,0,0,0.00,0.00,0.00,12500.00,0.00
36597927530072864,20140115,12500.00,12500.00,0,0,0.00,0.00,0.00,12500.00,0.00
36597927530072864,20140118,12500.00,12500.00,0,0,0.00,0.00,0.00,12500.00,0.00
36597927530072864,20140120,12500.00,12500.00,0,0,0.00,0.00,0.00,12500.00,0.00
36597927530072864,20140121,12500.00,12500.00,0,0,0.00,0.00,0.00,12500.00,0.00
36597927530072864,20140122,12500.00,12500.00,0,0,0.00,0.00,0.00,12500.00,0.00
36597927530072864,20140125,12500.00,12500.00,0,0,0.00,0.00,0.00,12500.00,0.00
36597927530072864,20140126,12500.00,12500.00,0,0,0.00,0.00,0.00,12500.00,0.00
36597927530072864,20140127,12500.00,12500.00,0,0,0.00,0.00,0.00,12500.00,0.00
36597927530072864,20140128,12500.00,12500.00,0,0,0.00,0.00,0.00,12500.00,0.00
36597927530072864,20140129,12500.00,12500.00,0,0,0.00,0.00,0.00,12500.00,0.00
36597927530072864,20140201,12500.00,12500.00,0,0,0.00,0.00,0.00,12500.00,0.00
36597927530072864,20140202,12500.00,12500.00,0,0,0.00,0.00,0.00,12500.00,0.00
36597927530072864,20140203,12500.00,12500.00,0,0,0.00,0.00,0.00,12500.00,0.00
36597927530072864,20140204,12500.00,12500.00,0,0,0.00,0.00,0.00,12500.00,0.00
36597927530072864,20140205,12500.00,12500.00,0,0,0.00,0.00,0.00,12500.00,0.00
36597927530072864,20140208,12500.00,12500.00,0,0,0.00,0.00,0.00,12500.00,0.00
36597927530072864,20140209,12500.00,12500.00,0,0,0.00,0.00,0.00,12500.00,0.00
36597927530072864,20140210,12500.00,12500.00,0,0,0.00,0.00,0.00,12500.00,0.00
36597927530072864,20140212,12500.00,12500.00,0,0,0.00,0.00,0.00,12500.00,0.00
36597927530072864,20140215,12500.00,12500.00,0,0,0.00,0.00,0.00,12500.00,0.00
36597927530072864,20140216,12500.00,12500.00,0,0,0.00,0.00,0.00,12500.00,0.00
36597927530072864,20140217,12500.00,12500.00,0,0,0.00,0.00,0.00,12500.00,0.00
36597927530072864,20140218,12500.00,12500.00,0,0,0.00,0.00,0.00,12500.00,0.00
36597927530072864,20140219,12500.00,12500.00,0,0,0.00,0.00,0.00,12500.00,0.00
36597927530072864,20140222,12500.00,12500.00,0,0,0.00,0.00,0.00,12500.00,0.00
36597927530072864,20140223,12500.00,12500.00,0,0,0.00,0.00,0.00,12500.00,0.00
36597927530072864,20140224,12500.00,12500.00,0,0,0.00,0.00,0.00,12500.00,0.00
36597927530072864,20140225,12500.00,12500.00,0,0,0.00,0.00,0.00,12500.00,0.00
36597927530072864,20140226,12500.00,12500.00,0,0,0.00,0.00,0.00,12500.00,0.00
36597927530072864,20140301,12500.00,12500.00,0,0,0.00,0.00,0.00,12500.00,0.00
36597927530072864,20140302,12500.00,12500.00,0,0,0.00,0.00,0.00,12500.00,0.00
36597927530072864,20140303,12500.00,12500.00,0,0,0.00,0.00,0.00,12500.00,0.00
36597927530072864,20140304,12500.00,12500.00,0,0,0.00,0.00,0.00,12500.00,0.00
36597927530072864,20140305,12500.00,12500.00,0,0,0.00,0.00,0.00,12500.00,0.00
36597927530072864,20140308,12500.00,12500.00,0,0,0.00,0.00,0.00,12500.00,0.00
36597927530072864,20140309,12500.00,12500.00,0,0,0.00,0.00,0.00,12500.00,0.00
36597927530072864,20140310,12500.00,12500.00,0,0,0.00,0.00,0.00,12500.00,0.00
36597927530072864,20140311,12500.00,12500.00,0,0,0.00,0.00,0.00,12500.00,0.00
36597927530072864,20140312,12500.00,12500.00,0,0,0.00,0.00,0.00,12500.00,0.00
36597927530072864,20140315,12500.00,12500.00,0,0,0.00,0.00,0.00,12500.00,0.00
36597927530072864,20140316,12500.00,12500.00,0,0,0.00,0.00,0.00,12500.00,0.00
36597927530072864,20140317,12500.00,12500.00,0,0,0.00,0.00,0.00,12500.00,0.00
36597927530072864,20140318,12500.00,12500.00,0,0,0.00,0.00,0.00,12500.00,0.00
36597927530072864,20140319,12500.00,12500.00,0,0,0.00,0.00,0.00,12500.00,0.00
36597927530072864,20140325,12500.00,12500.00,0,0,0.00,0.00,0.00,12500.00,0.00
36597927530072864,20140326,12500.00,12500.00,0,0,0.00,0.00,0.00,12500.00,0.00
36597927530072864,20140329,12500.00,12500.00,0,0,0.00,0.00,0.00,12500.00,0.00
36597927530072864,20140330,12500.00,12500.00,0,0,0.00,0.00,0.00,12500.00,0.00
36597927530072864,20140331,12500.00,12500.00,0,0,0.00,0.00,0.00,12500.00,0.00
36597927530072864,20140405,12500.00,12500.00,0,0,0.00,0.00,0.00,12500.00,0.00
36597927530072864,20140406,12500.00,12500.00,0,0,0.00,0.00,0.00,12500.00,0.00
36597927530072864,20140407,12500.00,12500.00,0,0,0.00,0.00,0.00,12500.00,0.00
36597927530072864,20140408,12500.00,12500.00,0,0,0.00,0.00,0.00,12500.00,0.00
36597927530072864,20140409,12500.00,12500.00,0,0,0.00,0.00,0.00,12500.00,0.00
36597927530072864,20140412,12500.00,12500.00,0,0,0.00,0.00,0.00,12500.00,0.00
36597927530072864,20140413,12500.00,12500.00,0,0,0.00,0.00,0.00,12500.00,0.00
36597927530072864,20140414,12500.00,12500.00,0,0,0.00,0.00,0.00,12500.00,0.00
36597927530072864,20140415,12500.00,12500.00,0,0,0.00,0.00,0.00,12500.00,0.00
36597927530072864,20140416,12500.00,12500.00,0,0,0.00,0.00,0.00,12500.00,0.00
36597927530072864,20140419,12500.00,12500.00,0,0,0.00,0.00,0.00,12500.00,0.00
36597927530072864,20140420,12500.00,12500.00,0,0,0.00,0.00,0.00,12500.00,0.00
36597927530072864,20140421,12500.00,12500.00,0,0,0.00,0.00,0.00,12500.00,0.00
36597927530072864,20140422,12500.00,12500.00,0,0,0.00,0.00,0.00,12500.00,0.00
36597927530072864,20140423,12500.00,12500.00,0,0,0.00,0.00,0.00,12500.00,0.00
36597927530072864,20140426,12500.00,12500.00,0,0,0.00,0.00,0.00,12500.00,0.00
36597927530072864,20140427,12500.00,12500.00,0,0,0.00,0.00,0.00,12500.00,0.00
36597927530072864,20140428,12500.00,12500.00,0,0,0.00,0.00,0.00,12500.00,0.00
36597927530072864,20140429,12500.00,12500.00,0,0,0.00,0.00,0.00,12500.00,0.00
36597927530072864,20140430,12500.00,12500.00,0,0,0.00,0.00,0.00,12500.00,0.00
36597927530072864,20140503,12500.00,12500.00,0,0,0.00,0.00,0.00,12500.00,0.00
36597927530072864,20140504,12500.00,12500.00,0,0,0.00,0.00,0.00,12500.00,0.00
36597927530072864,20140505,12500.00,12500.00,0,0,0.00,0.00,0.00,12500.00,0.00
36597927530072864,20140506,12500.00,12500.00,0,0,0.00,0.00,0.00,12500.00,0.00
36597927530072864,20140507,12500.00,12500.00,0,0,0.00,0.00,0.00,12500.00,0.00
36597927530072864,20140510,12500.00,12500.00,0,0,0.00,0.00,0.00,12500.00,0.00
36597927530072864,20140511,12500.00,12500.00,0,0,0.00,0.00,0.00,12500.00,0.00
36597927530072864,20140512,12500.00,12500.00,0,0,0.00,0.00,0.00,12500.00,0.00
36597927530072864,20140514,12500.00,12500.00,0,0,0.00,0.00,0.00,12500.00,0.00
36597927530072864,20140517,12500.00,12500.00,0,0,0.00,0.00,0.00,12500.00,0.00
36597927530072864,20140518,12500.00,12500.00,0,0,0.00,0.00,0.00,12500.00,0.00
36597927530072864,20140519,12500.00,12500.00,0,0,0.00,0.00,0.00,12500.00,0.00
36597927530072864,20140520,12500.00,12500.00,0,0,0.00,0.00,0.00,12500.00,0.00
36597927530072864,20140521,12500.00,12500.00,0,0,0.00,0.00,0.00,12500.00,0.00
36597927530072864,20140524,12500.00,12500.00,0,0,0.00,0.00,0.00,12500.00,0.00
36597927530072864,20140525,12500.00,12500.00,0,0,0.00,0.00,0.00,12500.00,0.00
36597927530072864,20140526,12500.00,12500.00,0,0,0.00,0.00,0.00,12500.00,0.00
36597927530072864,20140528,12500.00,12500.00,0,0,0.00,0.00,0.00,12500.00,0.00
36597927530072864,20140531,12500.00,12500.00,0,0,0.00,0.00,0.00,12500.00,0.00
36597927530072864,20140601,12500.00,12500.00,0,0,0.00,0.00,0.00,12500.00,0.00
36597927530072864,20140602,12500.00,12500.00,0,0,0.00,0.00,0.00,12500.00,0.00
36597927530072864,20140603,12500.00,12500.00,0,0,0.00,0.00,0.00,12500.00,0.00
36597927530072864,20140607,12500.00,12500.00,0,0,0.00,0.00,0.00,12500.00,0.00
36597927530072864,20140608,12500.00,12500.00,0,0,0.00,0.00,0.00,12500.00,0.00
36597927530072864,20140609,12500.00,12500.00,0,0,0.00,0.00,0.00,12500.00,0.00
36597927530072864,20140610,12500.00,12500.00,0,0,0.00,0.00,0.00,12500.00,0.00
36597927530072864,20140611,12500.00,12500.00,0,0,0.00,0.00,0.00,12500.00,0.00
36597927530072864,20140614,12500.00,12500.00,0,0,0.00,0.00,0.00,12500.00,0.00
36597927530072864,20140615,12500.00,12500.00,0,0,0.00,0.00,0.00,12500.00,0.00
36597927530072864,20140616,12500.00,12500.00,0,0,0.00,0.00,0.00,12500.00,0.00
36597927530072864,20140617,12500.00,12500.00,0,0,0.00,0.00,0.00,12500.00,0.00
36597927530072864,20140618,12500.00,12500.00,0,0,0.00,0.00,0.00,12500.00,0.00
36597927530072864,20140621,12500.00,12500.00,0,0,0.00,0.00,0.00,12500.00,0.00
36597927530072864,20140622,12500.00,12500.00,0,0,0.00,0.00,0.00,12500.00,0.00
36597927530072864,20140623,12500.00,12500.00,0,0,0.00,0.00,0.00,12500.00,0.00
36597927530072864,20140624,12500.00,12500.00,0,0,0.00,0.00,0.00,12500.00,0.00
36597927530072864,20140625,12500.00,12500.00,0,0,0.00,0.00,0.00,12500.00,0.00
36597927530072864,20140628,12500.00,12500.00,0,0,0.00,0.00,0.00,12500.00,0.00
36597927530072864,20140629,12500.00,12500.00,0,0,0.00,0.00,0.00,12500.00,0.00
36597927530072864,20140630,12500.00,12500.00,0,0,0.00,0.00,0.00,12500.00,0.00
36597927530072864,20140701,12500.00,12500.00,0,0,0.00,0.00,0.00,12500.00,0.00
36597927530072864,20140702,12500.00,12500.00,0,0,0.00,0.00,0.00,12500.00,0.00
36597927530072864,20140705,12500.00,12500.00,0,0,0.00,0.00,0.00,12500.00,0.00
36597927530072864,20140706,12500.00,12500.00,0,0,0.00,0.00,0.00,12500.00,0.00
36597927530072864,20140707,12500.00,12500.00,0,0,0.00,0.00,0.00,12500.00,0.00
36597927530072864,20140708,12500.00,12500.00,0,0,0.00,0.00,0.00,12500.00,0.00
36597927530072864,20140709,12500.00,12500.00,0,0,0.00,0.00,0.00,12500.00,0.00
36597927530072864,20140712,12500.00,12500.00,0,0,0.00,0.00,0.00,12500.00,0.00
36597927530072864,20140713,12500.00,12500.00,0,0,0.00,0.00,0.00,12500.00,0.00
36597927530072864,20140714,12500.00,12500.00,0,0,0.00,0.00,0.00,12500.00,0.00
36597927530072864,20140715,12500.00,12500.00,0,0,0.00,0.00,0.00,12500.00,0.00
36597927530072864,20140716,12500.00,12500.00,0,0,0.00,0.00,0.00,12500.00,0.00
36597927530072864,20140720,12500.00,12500.00,0,0,0.00,0.00,0.00,12500.00,0.00
36597927530072864,20140721,12500.00,12500.00,0,0,0.00,0.00,0.00,12500.00,0.00
36597927530072864,20140722,12500.00,12500.00,0,0,0.00,0.00,0.00,12500.00,0.00
36597927530072864,20140723,12500.00,12500.00,0,0,0.00,0.00,0.00,12500.00,0.00
36597927530072864,20140726,12500.00,12500.00,0,0,0.00,0.00,0.00,12500.00,0.00
36597927530072864,20140727,12500.00,12500.00,0,0,0.00,0.00,0.00,12500.00,0.00
36597927530072864,20140728,12500.00,12500.00,0,0,0.00,0.00,0.00,12500.00,0.00
36597927530072864,20140802,12500.00,12500.00,0,0,0.00,0.00,0.00,12500.00,0.00
36597927530072864,20140803,12500.00,12500.00,0,0,0.00,0.00,0.00,12500.00,0.00
36597927530072864,20140804,12500.00,12500.00,0,0,0.00,0.00,0.00,12500.00,0.00
36597927530072864,20140805,12500.00,12500.00,0,0,0.00,0.00,0.00,12500.00,0.00
36597927530072864,20140806,12500.00,12500.00,0,0,0.00,0.00,0.00,12500.00,0.00
36597927530072864,20140809,12500.00,12500.00,0,0,0.00,0.00,0.00,12500.00,0.00
36597927530072864,20140810,12500.00,12500.00,0,0,0.00,0.00,0.00,12500.00,0.00
36597927530072864,20140811,12500.00,12500.00,0,0,0.00,0.00,0.00,12500.00,0.00
36597927530072864,20140812,12500.00,12500.00,0,0,0.00,0.00,0.00,12500.00,0.00
36597927530072864,20140813,12500.00,12500.00,0,0,0.00,0.00,0.00,12500.00,0.00
36597927530072864,20140816,12500.00,12500.00,0,0,0.00,0.00,0.00,12500.00,0.00
36597927530072864,20140817,12500.00,12500.00,0,0,0.00,0.00,0.00,12500.00,0.00
36597927530072864,20140818,12500.00,12500.00,0,0,0.00,0.00,0.00,12500.00,0.00
36597927530072864,20140819,12500.00,12500.00,0,0,0.00,0.00,0.00,12500.00,0.00
36597927530072864,20140820,12500.00,12500.00,0,0,0.00,0.00,0.00,12500.00,0.00
36597927530072864,20140823,12500.00,12500.00,0,0,0.00,0.00,0.00,12500.00,0.00
36597927530072864,20140824,12500.00,12500.00,0,0,0.00,0.00,0.00,12500.00,0.00
36597927530072864,20140825,12500.00,12500.00,0,0,0.00,0.00,0.00,12500.00,0.00
36597927530072864,20140826,12500.00,12500.00,0,0,0.00,0.00,0.00,12500.00,0.00
36597927530072864,20140827,12500.00,12500.00,0,0,0.00,0.00,0.00,12500.00,0.00
36597927530072864,20140830,12500.00,12500.00,0,0,0.00,0.00,0.00,12500.00,0.00
36597927530072864,20140831,12500.00,12500.00,0,0,0.00,0.00,0.00,12500.00,0.00
36597927530072864,20140901,12500.00,12500.00,0,0,0.00,0.00,0.00,12500.00,0.00
36597927530072864,20140902,12500.00,12500.00,0,0,0.00,0.00,0.00,12500.00,0.00
36597927530072864,20140903,12500.00,12500.00,0,0,0.00,0.00,0.00,12500.00,0.00
36597927530072864,20140906,12500.00,12500.00,0,0,0.00,0.00,0.00,12500.00,0.00
36597927530072864,20140907,12500.00,12500.00,0,0,0.00,0.00,0.00,12500.00,0.00
36597927530072864,20140908,12500.00,12500.00,0,0,0.00,0.00,0.00,12500.00,0.00
36597927530072864,20140909,12500.00,12500.00,0,0,0.00,0.00,0.00,12500.00,0.00
36597927530072864,20140910,12500.00,12500.00,0,0,0.00,0.00,0.00,12500.00,0.00
36597927530072864,20140913,12500.00,12500.00,0,0,0.00,0.00,0.00,12500.00,0.00
36597927530072864,20140914,12500.00,12500.00,0,0,0.00,0.00,0.00,12500.00,0.00
36597927530072864,20140915,12500.00,12500.00,0,0,0.00,0.00,0.00,12500.00,0.00
36597927530072864,20140916,12500.00,12500.00,0,0,0.00,0.00,0.00,12500.00,0.00
36597927530072864,20140917,12500.00,12500.00,0,0,0.00,0.00,0.00,12500.00,0.00
36597927530072864,20140920,12500.00,12500.00,0,0,0.00,0.00,0.00,12500.00,0.00
36597927530072864,20140921,12500.00,12500.00,0,0,0.00,0.00,0.00,12500.00,0.00
36597927530072864,20140922,12500.00,12500.00,0,0,0.00,0.00,0.00,12500.00,0.00
36597927530072864,20140923,12500.00,12500.00,0,0,0.00,0.00,0.00,12500.00,0.00
36597927530072864,20140924,12500.00,12500.00,0,0,0.00,0.00,0.00,12500.00,0.00
36597927530072864,20140927,12500.00,12500.00,0,0,0.00,0.00,0.00,12500.00,0.00
36597927530072864,20140928,12500.00,12500.00,0,0,0.00,0.00,0.00,12500.00,0.00
36597927530072864,20140929,12500.00,12500.00,0,0,0.00,0.00,0.00,12500.00,0.00
36597927530072864,20140930,12500.00,12500.00,0,0,0.00,0.00,0.00,12500.00,0.00
36597927530072864,20141001,12500.00,12500.00,0,0,0.00,0.00,0.00,12500.00,0.00
36597927530072864,20141004,12500.00,12500.00,0,0,0.00,0.00,0.00,12500.00,0.00
36597927530072864,20141006,12500.00,12500.00,0,0,0.00,0.00,0.00,12500.00,0.00
36597927530072864,20141007,12500.00,12500.00,0,0,0.00,0.00,0.00,12500.00,0.00
36597927530072864,20141008,12500.00,12500.00,0,0,0.00,0.00,0.00,12500.00,0.00
36597927530072864,20141011,12500.00,12500.00,0,0,0.00,0.00,0.00,12500.00,0.00
36597927530072864,20141012,12500.00,12500.00,0,0,0.00,0.00,0.00,12500.00,0.00
36597927530072864,20141014,12500.00,12500.00,0,0,0.00,0.00,0.00,12500.00,0.00
36597927530072864,20141015,12500.00,12500.00,0,0,0.00,0.00,0.00,12500.00,0.00
36597927530072864,20141018,12500.00,12500.00,0,0,0.00,0.00,0.00,12500.00,0.00
36597927530072864,20141019,12500.00,12500.00,0,0,0.00,0.00,0.00,12500.00,0.00
36597927530072864,20141020,12500.00,12500.00,0,0,0.00,0.00,0.00,12500.00,0.00
36597927530072864,20141021,12500.00,12500.00,0,0,0.00,0.00,0.00,12500.00,0.00
36597927530072864,20141022,12500.00,12500.00,0,0,0.00,0.00,0.00,12500.00,0.00
36597927530072864,20141025,12500.00,12500.00,0,0,0.00,0.00,0.00,12500.00,0.00
36597927530072864,20141026,12500.00,12500.00,0,0,0.00,0.00,0.00,12500.00,0.00
36597927530072864,20141027,12500.00,12500.00,0,0,0.00,0.00,0.00,12500.00,0.00
36597927530072864,20141028,12500.00,12500.00,0,0,0.00,0.00,0.00,12500.00,0.00
36597927530072864,20141029,12500.00,12500.00,0,0,0.00,0.00,0.00,12500.00,0.00
36597927530072864,20141101,12500.00,12500.00,0,0,0.00,0.00,0.00,12500.00,0.00
36597927530072864,20141102,12500.00,12500.00,0,0,0.00,0.00,0.00,12500.00,0.00
36597927530072864,20141105,12500.00,12500.00,0,0,0.00,0.00,0.00,12500.00,0.00
36597927530072864,20141108,12500.00,12500.00,0,0,0.00,0.00,0.00,12500.00,0.00
36597927530072864,20141109,12500.00,12500.00,0,0,0.00,0.00,0.00,12500.00,0.00
36597927530072864,20141110,12500.00,12500.00,0,0,0.00,0.00,0.00,12500.00,0.00
36597927530072864,20141111,12500.00,12500.00,0,0,0.00,0.00,0.00,12500.00,0.00
36597927530072864,20141112,12500.00,12500.00,0,0,0.00,0.00,0.00,12500.00,0.00
36597927530072864,20141115,12500.00,12500.00,0,0,0.00,0.00,0.00,12500.00,0.00
36597927530072864,20141116,12500.00,12500.00,0,0,0.00,0.00,0.00,12500.00,0.00
36597927530072864,20141117,12500.00,12500.00,0,0,0.00,0.00,0.00,12500.00,0.00
36597927530072864,20141118,12500.00,12500.00,0,0,0.00,0.00,0.00,12500.00,0.00
36597927530072864,20141119,12500.00,12500.00,0,0,0.00,0.00,0.00,12500.00,0.00
36597927530072864,20141122,12500.00,12500.00,0,0,0.00,0.00,0.00,12500.00,0.00
36597927530072864,20141123,12500.00,12500.00,0,0,0.00,0.00,0.00,12500.00,0.00
36597927530072864,20141124,12500.00,12500.00,0,0,0.00,0.00,0.00,12500.00,0.00
36597927530072864,20141125,12500.00,12500.00,0,0,0.00,0.00,0.00,12500.00,0.00
36597927530072864,20141126,12500.00,12500.00,0,0,0.00,0.00,0.00,12500.00,0.00
36597927530072864,20141129,12500.00,12500.00,0,0,0.00,0.00,0.00,12500.00,0.00
36597927530072864,20141130,12500.00,12500.00,0,0,0.00,0.00,0.00,12500.00,0.00
36597927530072864,20141201,12500.00,12500.00,0,0,0.00,0.00,0.00,12500.00,0.00
36597927530072864,20141202,12500.00,12500.00,0,0,0.00,0.00,0.00,12500.00,0.00
36597927530072864,20141203,12500.00,12500.00,0,0,0.00,0.00,0.00,12500.00,0.00
36597927530072864,20141206,12500.00,12500.00,0,0,0.00,0.00,0.00,12500.00,0.00
36597927530072864,20141207,12500.00,12500.00,0,0,0.00,0.00,0.00,12500.00,0.00
36597927530072864,20141208,12500.00,12500.00,0,0,0.00,0.00,0.00,12500.00,0.00
36597927530072864,20141209,12500.00,12500.00,0,0,0.00,0.00,0.00,12500.00,0.00
36597927530072864,20141210,12500.00,12500.00,0,0,0.00,0.00,0.00,12500.00,0.00
36597927530072864,20141214,12500.00,12500.00,0,0,0.00,0.00,0.00,12500.00,0.00
36597927530072864,20141215,12500.00,12500.00,0,0,0.00,0.00,0.00,12500.00,0.00
36597927530072864,20141216,12500.00,12500.00,0,0,0.00,0.00,0.00,12500.00,0.00
36597927530072864,20141217,12500.00,12500.00,0,0,0.00,0.00,0.00,12500.00,0.00
36597927530072864,20141220,12500.00,12500.00,0,0,0.00,0.00,0.00,12500.00,0.00
36597927530072864,20141222,12500.00,12500.00,0,0,0.00,0.00,0.00,12500.00,0.00
36597927530072864,20141224,12500.00,12500.00,0,0,0.00,0.00,0.00,12500.00,0.00
36597927530072864,20141227,12500.00,12500.00,0,0,0.00,0.00,0.00,12500.00,0.00
36597927530072864,20141228,12500.00,12500.00,0,0,0.00,0.00,0.00,12500.00,0.00
36597927530072864,20141229,12500.00,12500.00,0,0,0.00,0.00,0.00,12500.00,0.00
36597927530072864,20141230,12500.00,12500.00,0,0,0.00,0.00,0.00,12500.00,0.00
36597927530072864,20141231,12500.00,12500.00,0,0,0.00,0.00,0.00,12500.00,0.00
36597927530072864,20150103,12500.00,12500.00,0,0,0.00,0.00,0.00,12500.00,0.00
36597927530072864,20150104,12500.00,12500.00,0,0,0.00,0.00,0.00,12500.00,0.00
36597927530072864,20150105,12500.00,12500.00,0,0,0.00,0.00,0.00,12500.00,0.00
36597927530072864,20150106,12500.00,12500.00,0,0,0.00,0.00,0.00,12500.00,0.00
36597927530072864,20150107,12500.00,12500.00,0,0,0.00,0.00,0.00,12500.00,0.00
36597927530072864,20150110,12500.00,12500.00,0,0,0.00,0.00,0.00,12500.00,0.00
36597927530072864,20150111,12500.00,12500.00,0,0,0.00,0.00,0.00,12500.00,0.00
36597927530072864,20150112,12500.00,12500.00,0,0,0.00,0.00,0.00,12500.00,0.00
36597927530072864,20150113,12500.00,12500.00,0,0,0.00,0.00,0.00,12500.00,0.00
36597927530072864,20150114,12500.00,12500.00,0,0,0.00,0.00,0.00,12500.00,0.00
36597927530072864,20150117,12500.00,12500.00,0,0,0.00,0.00,0.00,12500.00,0.00
36597927530072864,20150118,12500.00,12500.00,0,0,0.00,0.00,0.00,12500.00,0.00
36597927530072864,20150119,12500.00,12500.00,0,0,0.00,0.00,0.00,12500.00,0.00
36597927530072864,20150120,12500.00,12500.00,0,0,0.00,0.00,0.00,12500.00,0.00
36597927530072864,20150121,12500.00,12500.00,0,0,0.00,0.00,0.00,12500.00,0.00
36597927530072864,20150124,12500.00,12500.00,0,0,0.00,0.00,0.00,12500.00,0.00
36597927530072864,20150125,12500.00,12500.00,0,0,0.00,0.00,0.00,12500.00,0.00
36597927530072864,20150126,12500.00,12500.00,0,0,0.00,0.00,0.00,12500.00,0.00
36597927530072864,20150127,12500.00,12500.00,0,0,0.00,0.00,0.00,12500.00,0.00
36597927530072864,20150128,12500.00,12500.00,0,0,0.00,0.00,0.00,12500.00,0.00
36597927530072864,20150131,12500.00,12500.00,0,0,0.00,0.00,0.00,12500.00,0.00
36597927530072864,20150201,12500.00,12500.00,0,0,0.00,0.00,0.00,12500.00,0.00
36597927530072864,20150202,12500.00,12500.00,0,0,0.00,0.00,0.00,12500.00,0.00
36597927530072864,20150203,12500.00,12500.00,0,0,0.00,0.00,0.00,12500.00,0.00
36597927530072864,20150204,12500.00,12500.00,0,0,0.00,0.00,0.00,12500.00,0.00
36597927530072864,20150207,12500.00,12500.00,0,0,0.00,0.00,0.00,12500.00,0.00
36597927530072864,20150208,12500.00,12500.00,0,0,0.00,0.00,0.00,12500.00,0.00
36597927530072864,20150209,12500.00,12500.00,0,0,0.00,0.00,0.00,12500.00,0.00
36597927530072864,20150210,12500.00,12500.00,0,0,0.00,0.00,0.00,12500.00,0.00
36597927530072864,20150214,12500.00,12500.00,0,0,0.00,0.00,0.00,12500.00,0.00
36597927530072864,20150215,12500.00,12500.00,0,0,0.00,0.00,0.00,12500.00,0.00
36597927530072864,20150216,12500.00,12500.00,0,0,0.00,0.00,0.00,12500.00,0.00
36597927530072864,20150217,12500.00,12500.00,0,0,0.00,0.00,0.00,12500.00,0.00
36597927530072864,20150218,12500.00,12500.00,0,0,0.00,0.00,0.00,12500.00,0.00
36597927530072864,20150221,12500.00,12500.00,0,0,0.00,0.00,0.00,12500.00,0.00
36597927530072864,20150222,12500.00,12500.00,0,0,0.00,0.00,0.00,12500.00,0.00
36597927530072864,20150223,12500.00,12500.00,0,0,0.00,0.00,0.00,12500.00,0.00
36597927530072864,20150224,12500.00,12500.00,0,0,0.00,0.00,0.00,12500.00,0.00
36597927530072864,20150225,12500.00,12500.00,0,0,0.00,0.00,0.00,12500.00,0.00
36597927530072864,20150228,12500.00,12500.00,0,0,0.00,0.00,0.00,12500.00,0.00
36597927530072864,20150301,12500.00,12500.00,0,0,0.00,0.00,0.00,12500.00,0.00
36597927530072864,20150302,12500.00,12500.00,0,0,0.00,0.00,0.00,12500.00,0.00
36597927530072864,20150303,12500.00,12500.00,0,0,0.00,0.00,0.00,12500.00,0.00
36597927530072864,20150304,12500.00,12500.00,0,0,0.00,0.00,0.00,12500.00,0.00
36597927530072864,20150307,12500.00,12500.00,0,0,0.00,0.00,0.00,12500.00,0.00
36597927530072864,20150308,12500.00,12500.00,0,0,0.00,0.00,0.00,12500.00,0.00
36597927530072864,20150309,12500.00,12500.00,0,0,0.00,0.00,0.00,12500.00,0.00
36597927530072864,20150310,12500.00,12500.00,0,0,0.00,0.00,0.00,12500.00,0.00
36597927530072864,20150311,12500.00,12500.00,0,0,0.00,0.00,0.00,12500.00,0.00
36597927530072864,20150314,12500.00,12500.00,0,0,0.00,0.00,0.00,12500.00,0.00
36597927530072864,20150315,12500.00,12500.00,0,0,0.00,0.00,0.00,12500.00,0.00
36597927530072864,20150316,12500.00,12500.00,0,0,0.00,0.00,0.00,12500.00,0.00
36597927530072864,20150317,12500.00,12500.00,0,0,0.00,0.00,0.00,12500.00,0.00
36597927530072864,20150318,12500.00,12500.00,0,0,0.00,0.00,0.00,12500.00,0.00
36597927530072864,20150325,12500.00,12500.00,0,0,0.00,0.00,0.00,12500.00,0.00
36597927530072864,20150328,12500.00,12500.00,0,0,0.00,0.00,0.00,12500.00,0.00
36597927530072864,20150329,12500.00,12500.00,0,0,0.00,0.00,0.00,12500.00,0.00
36597927530072864,20150330,12500.00,12500.00,0,0,0.00,0.00,0.00,12500.00,0.00
36597927530072864,20150331,12500.00,12500.00,0,0,0.00,0.00,0.00,12500.00,0.00
36597927530072864,20150404,12500.00,12500.00,0,0,0.00,0.00,0.00,12500.00,0.00
36597927530072864,20150405,12500.00,12500.00,0,0,0.00,0.00,0.00,12500.00,0.00
36597927530072864,20150406,12500.00,12500.00,0,0,0.00,0.00,0.00,12500.00,0.00
36597927530072864,20150407,12500.00,12500.00,0,0,0.00,0.00,0.00,12500.00,0.00
36597927530072864,20150408,12500.00,12500.00,0,0,0.00,0.00,0.00,12500.00,0.00
36597927530072864,20150411,12500.00,12500.00,0,0,0.00,0.00,0.00,12500.00,0.00
36597927530072864,20150412,12500.00,12500.00,0,0,0.00,0.00,0.00,12500.00,0.00
36597927530072864,20150413,12500.00,12500.00,0,0,0.00,0.00,0.00,12500.00,0.00
36597927530072864,20150414,12500.00,12500.00,0,0,0.00,0.00,0.00,12500.00,0.00
36597927530072864,20150415,12500.00,12500.00,0,0,0.00,0.00,0.00,12500.00,0.00
36597927530072864,20150418,12500.00,12500.00,0,0,0.00,0.00,0.00,12500.00,0.00
36597927530072864,20150419,12500.00,12500.00,0,0,0.00,0.00,0.00,12500.00,0.00
36597927530072864,20150420,12500.00,12500.00,0,0,0.00,0.00,0.00,12500.00,0.00
36597927530072864,20150421,12500.00,12500.00,0,0,0.00,0.00,0.00,12500.00,0.00
36597927530072864,20150422,12500.00,12500.00,0,0,0.00,0.00,0.00,12500.00,0.00
36597927530072864,20150425,12500.00,12500.00,0,0,0.00,0.00,0.00,12500.00,0.00
36597927530072864,20150426,12500.00,12500.00,0,0,0.00,0.00,0.00,12500.00,0.00
36597927530072864,20150427,12500.00,12500.00,0,0,0.00,0.00,0.00,12500.00,0.00
36597927530072864,20150428,12500.00,12500.00,0,0,0.00,0.00,0.00,12500.00,0.00
36597927530072864,20150429,12500.00,12500.00,0,0,0.00,0.00,0.00,12500.00,0.00
36597927530072864,20150503,12500.00,12500.00,0,0,0.00,0.00,0.00,12500.00,0.00
36597927530072864,20150504,12500.00,12500.00,0,0,0.00,0.00,0.00,12500.00,0.00
36597927530072864,20150505,12500.00,12500.00,0,0,0.00,0.00,0.00,12500.00,0.00
36597927530072864,20150506,12500.00,12500.00,0,0,0.00,0.00,0.00,12500.00,0.00
36597927530072864,20150509,12500.00,12500.00,0,0,0.00,0.00,0.00,12500.00,0.00
36597927530072864,20150510,12500.00,12500.00,0,0,0.00,0.00,0.00,12500.00,0.00
36597927530072864,20150511,12500.00,12500.00,0,0,0.00,0.00,0.00,12500.00,0.00
36597927530072864,20150512,12500.00,12500.00,0,0,0.00,0.00,0.00,12500.00,0.00
36597927530072864,20150513,12500.00,12500.00,0,0,0.00,0.00,0.00,12500.00,0.00
36597927530072864,20150517,12500.00,12500.00,0,0,0.00,0.00,0.00,12500.00,0.00
36597927530072864,20150518,12500.00,12500.00,0,0,0.00,0.00,0.00,12500.00,0.00
36597927530072864,20150519,12500.00,12500.00,0,0,0.00,0.00,0.00,12500.00,0.00
36597927530072864,20150520,12500.00,12500.00,0,0,0.00,0.00,0.00,12500.00,0.00
36597927530072864,20150523,12500.00,12500.00,0,0,0.00,0.00,0.00,12500.00,0.00
36597927530072864,20150524,12500.00,12500.00,0,0,0.00,0.00,0.00,12500.00,0.00
36597927530072864,20150525,12500.00,12500.00,0,0,0.00,0.00,0.00,12500.00,0.00
36597927530072864,20150526,12500.00,12500.00,0,0,0.00,0.00,0.00,12500.00,0.00
36597927530072864,20150527,12500.00,12500.00,0,0,0.00,0.00,0.00,12500.00,0.00
36597927530072864,20150530,12500.00,12500.00,0,0,0.00,0.00,0.00,12500.00,0.00
36597927530072864,20150531,12500.00,12500.00,0,0,0.00,0.00,0.00,12500.00,0.00
36597927530072864,20150601,12500.00,12500.00,0,0,0.00,0.00,0.00,12500.00,0.00
36597927530072864,20150602,12500.00,12500.00,0,0,0.00,0.00,0.00,12500.00,0.00
36597927530072864,20150606,12500.00,12500.00,0,0,0.00,0.00,0.00,12500.00,0.00
36597927530072864,20150607,12500.00,12500.00,0,0,0.00,0.00,0.00,12500.00,0.00
36597927530072864,20150608,12500.00,12500.00,0,0,0.00,0.00,0.00,12500.00,0.00
36597927530072864,20150609,12500.00,12500.00,0,0,0.00,0.00,0.00,12500.00,0.00
36597927530072864,20150610,12500.00,12500.00,0,0,0.00,0.00,0.00,12500.00,0.00
36597927530072864,20150613,12500.00,12500.00,0,0,0.00,0.00,0.00,12500.00,0.00
36597927530072864,20150614,12500.00,12500.00,0,0,0.00,0.00,0.00,12500.00,0.00
36597927530072864,20150615,12500.00,12500.00,0,0,0.00,0.00,0.00,12500.00,0.00
36597927530072864,20150616,12500.00,12500.00,0,0,0.00,0.00,0.00,12500.00,0.00
36597927530072864,20150617,12500.00,12500.00,0,0,0.00,0.00,0.00,12500.00,0.00
36597927530072864,20150620,12500.00,12500.00,0,0,0.00,0.00,0.00,12500.00,0.00
36597927530072864,20150621,12500.00,12500.00,0,0,0.00,0.00,0.00,12500.00,0.00
36597927530072864,20150622,12500.00,12500.00,0,0,0.00,0.00,0.00,12500.00,0.00
36597927530072864,20150623,12500.00,12500.00,0,0,0.00,0.00,0.00,12500.00,0.00
36597927530072864,20150624,12500.00,12500.00,0,0,0.00,0.00,0.00,12500.00,0.00
36597927530072864,20150627,12500.00,12500.00,0,0,0.00,0.00,0.00,12500.00,0.00
36597927530072864,20150628,12500.00,12500.00,0,0,0.00,0.00,0.00,12500.00,0.00
36597927530072864,20150629,12500.00,12500.00,0,0,0.00,0.00,0.00,12500.00,0.00
36597927530072864,20150630,12500.00,12500.00,0,0,0.00,0.00,0.00,12500.00,0.00
36597927530072864,20150701,12500.00,12500.00,0,0,0.00,0.00,0.00,12500.00,0.00
36597927530072864,20150704,12500.00,12500.00,0,0,0.00,0.00,0.00,12500.00,0.00
36597927530072864,20150705,12500.00,12500.00,0,0,0.00,0.00,0.00,12500.00,0.00
36597927530072864,20150706,12500.00,12500.00,0,0,0.00,0.00,0.00,12500.00,0.00
36597927530072864,20150707,12500.00,12500.00,0,0,0.00,0.00,0.00,12500.00,0.00
36597927530072864,20150711,12500.00,12500.00,0,0,0.00,0.00,0.00,12500.00,0.00
36597927530072864,20150712,12500.00,12500.00,0,0,0.00,0.00,0.00,12500.00,0.00
36597927530072864,20150713,12500.00,12500.00,0,0,0.00,0.00,0.00,12500.00,0.00
36597927530072864,20150714,12500.00,12500.00,0,0,0.00,0.00,0.00,12500.00,0.00
36597927530072864,20150715,12500.00,12500.00,0,0,0.00,0.00,0.00,12500.00,0.00
36597927530072864,20150719,12500.00,12500.00,0,0,0.00,0.00,0.00,12500.00,0.00
36597927530072864,20150720,12500.00,12500.00,0,0,0.00,0.00,0.00,12500.00,0.00
36597927530072864,20150721,12500.00,12500.00,0,0,0.00,0.00,0.00,12500.00,0.00
36597927530072864,20150722,12500.00,12500.00,0,0,0.00,0.00,0.00,12500.00,0.00
36597927530072864,20150725,12500.00,12500.00,0,0,0.00,0.00,0.00,12500.00,0.00
36597927530072864,20150726,12500.00,12500.00,0,0,0.00,0.00,0.00,12500.00,0.00
36597927530072864,20150727,12500.00,12500.00,0,0,0.00,0.00,0.00,12500.00,0.00
36597927530072864,20150728,12500.00,12500.00,0,0,0.00,0.00,0.00,12500.00,0.00
36597927530072864,20150729,12500.00,12500.00,0,0,0.00,0.00,0.00,12500.00,0.00
36597927530072864,20150801,12500.00,12500.00,0,0,0.00,0.00,0.00,12500.00,0.00
36597927530072864,20150802,12500.00,12500.00,0,0,0.00,0.00,0.00,12500.00,0.00
36597927530072864,20150803,12500.00,12500.00,0,0,0.00,0.00,0.00,12500.00,0.00
36597927530072864,20150804,12500.00,12500.00,0,0,0.00,0.00,0.00,12500.00,0.00
36597927530072864,20150805,12500.00,12500.00,0,0,0.00,0.00,0.00,12500.00,0.00
36597927530072864,20150808,12500.00,12500.00,0,0,0.00,0.00,0.00,12500.00,0.00
36597927530072864,20150809,12500.00,12500.00,0,0,0.00,0.00,0.00,12500.00,0.00
36597927530072864,20150810,12500.00,12500.00,0,0,0.00,0.00,0.00,12500.00,0.00
36597927530072864,20150812,12500.00,12500.00,0,0,0.00,0.00,0.00,12500.00,0.00
36597927530072864,20150815,12500.00,12500.00,0,0,0.00,0.00,0.00,12500.00,0.00
36597927530072864,20150816,12500.00,12500.00,0,0,0.00,0.00,0.00,12500.00,0.00
36597927530072864,20150817,12500.00,12500.00,0,0,0.00,0.00,0.00,12500.00,0.00
36597927530072864,20150818,12500.00,12500.00,0,0,0.00,0.00,0.00,12500.00,0.00
36597927530072864,20150819,12500.00,12500.00,0,0,0.00,0.00,0.00,12500.00,0.00
36597927530072864,20150822,12500.00,12500.00,0,0,0.00,0.00,0.00,12500.00,0.00
36597927530072864,20150823,12500.00,12500.00,0,0,0.00,0.00,0.00,12500.00,0.00
36597927530072864,20150824,12500.00,12500.00,0,0,0.00,0.00,0.00,12500.00,0.00
36597927530072864,20150825,12500.00,12500.00,0,0,0.00,0.00,0.00,12500.00,0.00
36597927530072864,20150826,12500.00,12500.00,0,0,0.00,0.00,0.00,12500.00,0.00
36597927530072864,20150829,12500.00,12500.00,0,0,0.00,0.00,0.00,12500.00,0.00
36597927530072864,20150830,12500.00,12500.00,0,0,0.00,0.00,0.00,12500.00,0.00
36597927530072864,20150831,12500.00,12500.00,0,0,0.00,0.00,0.00,12500.00,0.00
36597927530072864,20150901,12500.00,12500.00,0,0,0.00,0.00,0.00,12500.00,0.00
36597927530072864,20150902,12500.00,12500.00,0,0,0.00,0.00,0.00,12500.00,0.00
36597927530072864,20150905,12500.00,12500.00,0,0,0.00,0.00,0.00,12500.00,0.00
36597927530072864,20150906,12500.00,12500.00,0,0,0.00,0.00,0.00,12500.00,0.00
36597927530072864,20150907,12500.00,12500.00,0,0,0.00,0.00,0.00,12500.00,0.00
36597927530072864,20150908,12500.00,12500.00,0,0,0.00,0.00,0.00,12500.00,0.00
36597927530072864,20150909,12500.00,12500.00,0,0,0.00,0.00,0.00,12500.00,0.00
36597927530072864,20150912,12500.00,12500.00,0,0,0.00,0.00,0.00,12500.00,0.00
36597927530072864,20150913,12500.00,12500.00,0,0,0.00,0.00,0.00,12500.00,0.00
36597927530072864,20150914,12500.00,12500.00,0,0,0.00,0.00,0.00,12500.00,0.00
36597927530072864,20150915,12500.00,12500.00,0,0,0.00,0.00,0.00,12500.00,0.00
36597927530072864,20150916,12500.00,12500.00,0,0,0.00,0.00,0.00,12500.00,0.00
36597927530072864,20150919,12500.00,12500.00,0,0,0.00,0.00,0.00,12500.00,0.00
36597927530072864,20150920,12500.00,12500.00,0,0,0.00,0.00,0.00,12500.00,0.00
36597927530072864,20150921,12500.00,12500.00,0,0,0.00,0.00,0.00,12500.00,0.00
36597927530072864,20150922,12500.00,12500.00,0,0,0.00,0.00,0.00,12500.00,0.00
36597927530072864,20150923,12500.00,12500.00,0,0,0.00,0.00,0.00,12500.00,0.00
36597927530072864,20150926,12500.00,12500.00,0,0,0.00,0.00,0.00,12500.00,0.00
36597927530072864,20150927,12500.00,12500.00,0,0,0.00,0.00,0.00,12500.00,0.00
36597927530072864,20150928,12500.00,12500.00,0,0,0.00,0.00,0.00,12500.00,0.00
36597927530072864,20150929,12500.00,12500.00,0,0,0.00,0.00,0.00,12500.00,0.00
36597927530072864,20150930,12500.00,12500.00,0,0,0.00,0.00,0.00,12500.00,0.00
36597927530072864,20151003,12500.00,12500.00,0,0,0.00,0.00,0.00,12500.00,0.00
36597927530072864,20151004,12500.00,12500.00,0,0,0.00,0.00,0.00,12500.00,0.00
36597927530072864,20151005,12500.00,12500.00,0,0,0.00,0.00,0.00,12500.00,0.00
36597927530072864,20151006,12500.00,12500.00,0,0,0.00,0.00,0.00,12500.00,0.00
36597927530072864,20151007,12500.00,12500.00,0,0,0.00,0.00,0.00,12500.00,0.00
36597927530072864,20151010,12500.00,12500.00,0,0,0.00,0.00,0.00,12500.00,0.00
36597927530072864,20151011,12500.00,12500.00,0,0,0.00,0.00,0.00,12500.00,0.00
36597927530072864,20151012,12500.00,12500.00,0,0,0.00,0.00,0.00,12500.00,0.00
36597927530072864,20151013,12500.00,12500.00,0,0,0.00,0.00,0.00,12500.00,0.00
36597927530072864,20151014,12500.00,12500.00,0,0,0.00,0.00,0.00,12500.00,0.00
36597927530072864,20151017,12500.00,12500.00,0,0,0.00,0.00,0.00,12500.00,0.00
36597927530072864,20151018,12500.00,12500.00,0,0,0.00,0.00,0.00,12500.00,0.00
36597927530072864,20151019,12500.00,12500.00,0,0,0.00,0.00,0.00,12500.00,0.00
36597927530072864,20151020,12500.00,12500.00,0,0,0.00,0.00,0.00,12500.00,0.00
36597927530072864,20151021,12500.00,12500.00,0,0,0.00,0.00,0.00,12500.00,0.00
36597927530072864,20151025,12500.00,12500.00,0,0,0.00,0.00,0.00,12500.00,0.00
36597927530072864,20151026,12500.00,12500.00,0,0,0.00,0.00,0.00,12500.00,0.00
36597927530072864,20151027,12500.00,12500.00,0,0,0.00,0.00,0.00,12500.00,0.00
36597927530072864,20151028,12500.00,12500.00,0,0,0.00,0.00,0.00,12500.00,0.00
36597927530072864,20151031,12500.00,12500.00,0,0,0.00,0.00,0.00,12500.00,0.00
36597927530072864,20151101,12500.00,12500.00,0,0,0.00,0.00,0.00,12500.00,0.00
36597927530072864,20151102,12500.00,12500.00,0,0,0.00,0.00,0.00,12500.00,0.00
36597927530072864,20151103,12500.00,12500.00,0,0,0.00,0.00,0.00,12500.00,0.00
36597927530072864,20151104,12500.00,12500.00,0,0,0.00,0.00,0.00,12500.00,0.00
36597927530072864,20151107,12500.00,12500.00,0,0,0.00,0.00,0.00,12500.00,0.00
36597927530072864,20151108,12500.00,12500.00,0,0,0.00,0.00,0.00,12500.00,0.00
36597927530072864,20151109,12500.00,12500.00,0,0,0.00,0.00,0.00,12500.00,0.00
36597927530072864,20151110,12500.00,12500.00,0,0,0.00,0.00,0.00,12500.00,0.00
36597927530072864,20151111,12500.00,12500.00,0,0,0.00,0.00,0.00,12500.00,0.00
36597927530072864,20151114,12500.00,12500.00,0,0,0.00,0.00,0.00,12500.00,0.00
36597927530072864,20151115,12500.00,12500.00,0,0,0.00,0.00,0.00,12500.00,0.00
36597927530072864,20151116,12500.00,12500.00,0,0,0.00,0.00,0.00,12500.00,0.00
36597927530072864,20151117,12500.00,12500.00,0,0,0.00,0.00,0.00,12500.00,0.00
36597927530072864,20151118,12500.00,12500.00,0,0,0.00,0.00,0.00,12500.00,0.00
36597927530072864,20151121,12500.00,12500.00,0,0,0.00,0.00,0.00,12500.00,0.00
36597927530072864,20151122,12500.00,12500.00,0,0,0.00,0.00,0.00,12500.00,0.00
36597927530072864,20151123,12500.00,12500.00,0,0,0.00,0.00,0.00,12500.00,0.00
36597927530072864,20151124,12500.00,12500.00,0,0,0.00,0.00,0.00,12500.00,0.00
36597927530072864,20151125,12500.00,12500.00,0,0,0.00,0.00,0.00,12500.00,0.00
36597927530072864,20151128,12500.00,12500.00,0,0,0.00,0.00,0.00,12500.00,0.00
36597927530072864,20151129,12500.00,12500.00,0,0,0.00,0.00,0.00,12500.00,0.00
36597927530072864,20151130,12500.00,12500.00,0,0,0.00,0.00,0.00,12500.00,0.00
36597927530072864,20151201,12500.00,12500.00,0,0,0.00,0.00,0.00,12500.00,0.00
36597927530072864,20151205,12500.00,12500.00,0,0,0.00,0.00,0.00,12500.00,0.00
36597927530072864,20151206,12500.00,12500.00,0,0,0.00,0.00,0.00,12500.00,0.00
36597927530072864,20151207,12500.00,12500.00,0,0,0.00,0.00,0.00,12500.00,0.00
36597927530072864,20151208,12500.00,12500.00,0,0,0.00,0.00,0.00,12500.00,0.00
36597927530072864,20151209,12500.00,12500.00,0,0,0.00,0.00,0.00,12500.00,0.00
36597927530072864,20151213,12500.00,12500.00,0,0,0.00,0.00,0.00,12500.00,0.00
36597927530072864,20151214,12500.00,12500.00,0,0,0.00,0.00,0.00,12500.00,0.00
36597927530072864,20151215,12500.00,12500.00,0,0,0.00,0.00,0.00,12500.00,0.00
36597927530072864,20151216,12500.00,12500.00,0,0,0.00,0.00,0.00,12500.00,0.00
36597927530072864,20151219,12500.00,12500.00,0,0,0.00,0.00,0.00,12500.00,0.00
36597927530072864,20151220,12500.00,12500.00,0,0,0.00,0.00,0.00,12500.00,0.00
36597927530072864,20151221,12500.00,12500.00,0,0,0.00,0.00,0.00,12500.00,0.00
36597927530072864,20151222,12500.00,12500.00,0,0,0.00,0.00,0.00,12500.00,0.00
36597927530072864,20151223,12500.00,12500.00,0,0,0.00,0.00,0.00,12500.00,0.00
36597927530072864,20151226,12500.00,12500.00,0,0,0.00,0.00,0.00,12500.00,0.00
36597927530072864,20151227,12500.00,12500.00,0,0,0.00,0.00,0.00,12500.00,0.00
36597927530072864,20151228,12500.00,12500.00,0,0,0.00,0.00,0.00,12500.00,0.00
36597927530072864,20151230,12500.00,12500.00,0,0,0.00,0.00,0.00,12500.00,0.00
36597927530072864,20160102,12500.00,12500.00,0,0,0.00,0.00,0.00,12500.00,0.00
36597927530072864,20160103,12500.00,12500.00,0,0,0.00,0.00,0.00,12500.00,0.00
36597927530072864,20160104,12500.00,12500.00,0,0,0.00,0.00,0.00,12500.00,0.00
36597927530072864,20160105,12500.00,12500.00,0,0,0.00,0.00,0.00,12500.00,0.00
36597927530072864,20160106,12500.00,12500.00,0,0,0.00,0.00,0.00,12500.00,0.00
36597927530072864,20160109,12500.00,12500.00,0,0,0.00,0.00,0.00,12500.00,0.00
36597927530072864,20160110,12500.00,12500.00,0,0,0.00,0.00,0.00,12500.00,0.00
36597927530072864,20160111,12500.00,12500.00,0,0,0.00,0.00,0.00,12500.00,0.00
36597927530072864,20160112,12500.00,12500.00,0,0,0.00,0.00,0.00,12500.00,0.00
36597927530072864,20160113,12500.00,12500.00,0,0,0.00,0.00,0.00,12500.00,0.00
36597927530072864,20160116,12500.00,12500.00,0,0,0.00,0.00,0.00,12500.00,0.00
36597927530072864,20160117,12500.00,12500.00,0,0,0.00,0.00,0.00,12500.00,0.00
36597927530072864,20160118,12500.00,12500.00,0,0,0.00,0.00,0.00,12500.00,0.00
36597927530072864,20160119,12500.00,12500.00,0,0,0.00,0.00,0.00,12500.00,0.00
36597927530072864,20160120,12500.00,12500.00,0,0,0.00,0.00,0.00,12500.00,0.00
36597927530072864,20160123,12500.00,12500.00,0,0,0.00,0.00,0.00,12500.00,0.00
36597927530072864,20160124,12500.00,12500.00,0,0,0.00,0.00,0.00,12500.00,0.00
36597927530072864,20160125,12500.00,12500.00,0,0,0.00,0.00,0.00,12500.00,0.00
36597927530072864,20160126,12500.00,12500.00,0,0,0.00,0.00,0.00,12500.00,0.00
36597927530072864,20160127,12500.00,12500.00,0,0,0.00,0.00,0.00,12500.00,0.00
36597927530072864,20160130,12500.00,12500.00,0,0,0.00,0.00,0.00,12500.00,0.00
36597927530072864,20160131,12500.00,12500.00,0,0,0.00,0.00,0.00,12500.00,0.00
36597927530072864,20160201,12500.00,12500.00,0,0,0.00,0.00,0.00,12500.00,0.00
36597927530072864,20160202,12500.00,12500.00,0,0,0.00,0.00,0.00,12500.00,0.00
36597927530072864,20160203,12500.00,12500.00,0,0,0.00,0.00,0.00,12500.00,0.00
36597927530072864,20160206,12500.00,12500.00,0,0,0.00,0.00,0.00,12500.00,0.00
36597927530072864,20160207,12500.00,12500.00,0,0,0.00,0.00,0.00,12500.00,0.00
36597927530072864,20160208,12500.00,12500.00,0,0,0.00,0.00,0.00,12500.00,0.00
36597927530072864,20160209,12500.00,12500.00,0,0,0.00,0.00,0.00,12500.00,0.00
36597927530072864,20160210,12500.00,12500.00,0,0,0.00,0.00,0.00,12500.00,0.00
36597927530072864,20160213,12500.00,12500.00,0,0,0.00,0.00,0.00,12500.00,0.00
36597927530072864,20160214,12500.00,12500.00,0,0,0.00,0.00,0.00,12500.00,0.00
36597927530072864,20160215,12500.00,12500.00,0,0,0.00,0.00,0.00,12500.00,0.00
36597927530072864,20160216,12500.00,12500.00,0,0,0.00,0.00,0.00,12500.00,0.00
36597927530072864,20160217,12500.00,12500.00,0,0,0.00,0.00,0.00,12500.00,0.00
36597927530072864,20160220,12500.00,12500.00,0,0,0.00,0.00,0.00,12500.00,0.00
36597927530072864,20160221,12500.00,12500.00,0,0,0.00,0.00,0.00,12500.00,0.00
36597927530072864,20160222,12500.00,12500.00,0,0,0.00,0.00,0.00,12500.00,0.00
36597927530072864,20160223,12500.00,12500.00,0,0,0.00,0.00,0.00,12500.00,0.00
36597927530072864,20160224,12500.00,12500.00,0,0,0.00,0.00,0.00,12500.00,0.00
36597927530072864,20160227,12500.00,12500.00,0,0,0.00,0.00,0.00,12500.00,0.00
36597927530072864,20160228,12500.00,12500.00,0,0,0.00,0.00,0.00,12500.00,0.00
36597927530072864,20160229,12500.00,12500.00,0,0,0.00,0.00,0.00,12500.00,0.00
36597927530072864,20160301,12500.00,12500.00,0,0,0.00,0.00,0.00,12500.00,0.00
36597927530072864,20160302,12500.00,12500.00,0,0,0.00,0.00,0.00,12500.00,0.00
36597927530072864,20160305,12500.00,12500.00,0,0,0.00,0.00,0.00,12500.00,0.00
36597927530072864,20160306,12500.00,12500.00,0,0,0.00,0.00,0.00,12500.00,0.00
36597927530072864,20160307,12500.00,12500.00,0,0,0.00,0.00,0.00,12500.00,0.00
36597927530072864,20160308,12500.00,12500.00,0,0,0.00,0.00,0.00,12500.00,0.00
36597927530072864,20160309,12500.00,12500.00,0,0,0.00,0.00,0.00,12500.00,0.00
36597927530072864,20160312,12500.00,12500.00,0,0,0.00,0.00,0.00,12500.00,0.00
36597927530072864,20160314,12500.00,12500.00,0,0,0.00,0.00,0.00,12500.00,0.00
36597927530072864,20160315,12500.00,12500.00,0,0,0.00,0.00,0.00,12500.00,0.00
36597927530072864,20160316,12500.00,12500.00,0,0,0.00,0.00,0.00,12500.00,0.00
36597927530072864,20160326,12500.00,12500.00,0,0,0.00,0.00,0.00,12500.00,0.00
36597927530072864,20160327,12500.00,12500.00,0,0,0.00,0.00,0.00,12500.00,0.00
36597927530072864,20160328,12500.00,12500.00,0,0,0.00,0.00,0.00,12500.00,0.00
36597927530072864,20160329,12500.00,12500.00,0,0,0.00,0.00,0.00,12500.00,0.00
36597927530072864,20160330,12500.00,12500.00,0,0,0.00,0.00,0.00,12500.00,0.00
36597927530072864,20160402,12500.00,12500.00,0,0,0.00,0.00,0.00,12500.00,0.00
36597927530072864,20160403,12500.00,12500.00,0,0,0.00,0.00,0.00,12500.00,0.00
36597927530072864,20160404,12500.00,12500.00,0,0,0.00,0.00,0.00,12500.00,0.00
36597927530072864,20160405,12500.00,12500.00,0,0,0.00,0.00,0.00,12500.00,0.00
36597927530072864,20160406,12500.00,12500.00,0,0,0.00,0.00,0.00,12500.00,0.00
36597927530072864,20160409,12500.00,12500.00,0,0,0.00,0.00,0.00,12500.00,0.00
36597927530072864,20160410,12500.00,12500.00,0,0,0.00,0.00,0.00,12500.00,0.00
36597927530072864,20160411,12500.00,12500.00,0,0,0.00,0.00,0.00,12500.00,0.00
36597927530072864,20160412,12500.00,12500.00,0,0,0.00,0.00,0.00,12500.00,0.00
36597927530072864,20160413,12500.00,12500.00,0,0,0.00,0.00,0.00,12500.00,0.00
36597927530072864,20160416,12500.00,12500.00,0,0,0.00,0.00,0.00,12500.00,0.00
36597927530072864,20160417,12500.00,12500.00,0,0,0.00,0.00,0.00,12500.00,0.00
36597927530072864,20160418,12500.00,12500.00,0,0,0.00,0.00,0.00,12500.00,0.00
36597927530072864,20160419,12500.00,12500.00,0,0,0.00,0.00,0.00,12500.00,0.00
36597927530072864,20160420,12500.00,12500.00,0,0,0.00,0.00,0.00,12500.00,0.00
36597927530072864,20160423,12500.00,12500.00,0,0,0.00,0.00,0.00,12500.00,0.00
36597927530072864,20160424,12500.00,12500.00,0,0,0.00,0.00,0.00,12500.00,0.00
36597927530072864,20160425,12500.00,12500.00,0,0,0.00,0.00,0.00,12500.00,0.00
36597927530072864,20160426,12500.00,12500.00,0,0,0.00,0.00,0.00,12500.00,0.00
36597927530072864,20160427,12500.00,12500.00,0,0,0.00,0.00,0.00,12500.00,0.00
36597927530072864,20160430,12500.00,12500.00,0,0,0.00,0.00,0.00,12500.00,0.00
36597927530072864,20160501,12500.00,12500.00,0,0,0.00,0.00,0.00,12500.00,0.00
36597927530072864,20160502,12500.00,12500.00,0,0,0.00,0.00,0.00,12500.00,0.00
36597927530072864,20160503,12500.00,12500.00,0,0,0.00,0.00,0.00,12500.00,0.00
36597927530072864,20160504,12500.00,12500.00,0,0,0.00,0.00,0.00,12500.00,0.00
36597927530072864,20160507,12500.00,12500.00,0,0,0.00,0.00,0.00,12500.00,0.00
36597927530072864,20160508,12500.00,12500.00,0,0,0.00,0.00,0.00,12500.00,0.00
36597927530072864,20160509,12500.00,12500.00,0,0,0.00,0.00,0.00,12500.00,0.00
36597927530072864,20160510,12500.00,12500.00,0,0,0.00,0.00,0.00,12500.00,0.00
36597927530072864,20160511,12500.00,12500.00,0,0,0.00,0.00,0.00,12500.00,0.00
36597927530072864,20160514,12500.00,12500.00,0,0,0.00,0.00,0.00,12500.00,0.00
36597927530072864,20160515,12500.00,12500.00,0,0,0.00,0.00,0.00,12500.00,0.00
36597927530072864,20160516,12500.00,12500.00,0,0,0.00,0.00,0.00,12500.00,0.00
36597927530072864,20160517,12500.00,12500.00,0,0,0.00,0.00,0.00,12500.00,0.00
36597927530072864,20160518,12500.00,12500.00,0,0,0.00,0.00,0.00,12500.00,0.00
36597927530072864,20160521,12500.00,12500.00,0,0,0.00,0.00,0.00,12500.00,0.00
36597927530072864,20160523,12500.00,12500.00,0,0,0.00,0.00,0.00,12500.00,0.00
36597927530072864,20160524,12500.00,12500.00,0,0,0.00,0.00,0.00,12500.00,0.00
36597927530072864,20160525,12500.00,12500.00,0,0,0.00,0.00,0.00,12500.00,0.00
36597927530072864,20160528,12500.00,12500.00,0,0,0.00,0.00,0.00,12500.00,0.00
36597927530072864,20160529,12500.00,12500.00,0,0,0.00,0.00,0.00,12500.00,0.00
36597927530072864,20160530,12500.00,12500.00,0,0,0.00,0.00,0.00,12500.00,0.00
36597927530072864,20160531,12500.00,12500.00,0,0,0.00,0.00,0.00,12500.00,0.00
36597927530072864,20160601,12500.00,12500.00,0,0,0.00,0.00,0.00,12500.00,0.00
36597927530072864,20160605,12500.00,12500.00,0,0,0.00,0.00,0.00,12500.00,0.00
36597927530072864,20160606,12500.00,12500.00,0,0,0.00,0.00,0.00,12500.00,0.00
36597927530072864,20160607,12500.00,12500.00,0,0,0.00,0.00,0.00,12500.00,0.00
36597927530072864,20160608,12500.00,12500.00,0,0,0.00,0.00,0.00,12500.00,0.00
36597927530072864,20160611,12500.00,12500.00,0,0,0.00,0.00,0.00,12500.00,0.00
36597927530072864,20160612,12500.00,12500.00,0,0,0.00,0.00,0.00,12500.00,0.00
36597927530072864,20160613,12500.00,12500.00,0,0,0.00,0.00,0.00,12500.00,0.00
36597927530072864,20160614,12500.00,12500.00,0,0,0.00,0.00,0.00,12500.00,0.00
36597927530072864,20160615,12500.00,12500.00,0,0,0.00,0.00,0.00,12500.00,0.00
36597927530072864,20160618,12500.00,12500.00,0,0,0.00,0.00,0.00,12500.00,0.00
36597927530072864,20160619,12500.00,12500.00,0,0,0.00,0.00,0.00,12500.00,0.00
36597927530072864,20160620,12500.00,12500.00,0,0,0.00,0.00,0.00,12500.00,0.00
36597927530072864,20160621,12500.00,12500.00,0,0,0.00,0.00,0.00,12500.00,0.00
36597927530072864,20160622,12500.00,12500.00,0,0,0.00,0.00,0.00,12500.00,0.00
36597927530072864,20160625,12500.00,12500.00,0,0,0.00,0.00,0.00,12500.00,0.00
36597927530072864,20160626,12500.00,12500.00,0,0,0.00,0.00,0.00,12500.00,0.00
36597927530072864,20160628,12500.00,12500.00,0,0,0.00,0.00,0.00,12500.00,0.00
36597927530072864,20160629,12500.00,12500.00,0,0,0.00,0.00,0.00,12500.00,0.00
36597927530072864,20160702,12500.00,12500.00,0,0,0.00,0.00,0.00,12500.00,0.00
36597927530072864,20160703,12500.00,12500.00,0,0,0.00,0.00,0.00,12500.00,0.00
36597927530072864,20160704,12500.00,12500.00,0,0,0.00,0.00,0.00,12500.00,0.00
36597927530072864,20160705,12500.00,12500.00,0,0,0.00,0.00,0.00,12500.00,0.00
36597927530072864,20160709,12500.00,12500.00,0,0,0.00,0.00,0.00,12500.00,0.00
36597927530072864,20160710,12500.00,12500.00,0,0,0.00,0.00,0.00,12500.00,0.00
36597927530072864,20160711,12500.00,12500.00,0,0,0.00,0.00,0.00,12500.00,0.00
36597927530072864,20160712,12500.00,12500.00,0,0,0.00,0.00,0.00,12500.00,0.00
36597927530072864,20160713,12500.00,12500.00,0,0,0.00,0.00,0.00,12500.00,0.00
36597927530072864,20160716,12500.00,12500.00,0,0,0.00,0.00,0.00,12500.00,0.00
36597927530072864,20160717,12500.00,12500.00,0,0,0.00,0.00,0.00,12500.00,0.00
36597927530072864,20160718,12500.00,12500.00,0,0,0.00,0.00,0.00,12500.00,0.00
36597927530072864,20160719,12500.00,12500.00,0,0,0.00,0.00,0.00,12500.00,0.00
36597927530072864,20160720,12500.00,12500.00,0,0,0.00,0.00,0.00,12500.00,0.00
36597927530072864,20160723,12500.00,12500.00,0,0,0.00,0.00,0.00,12500.00,0.00
36597927530072864,20160724,12500.00,12500.00,0,0,0.00,0.00,0.00,12500.00,0.00
36597927530072864,20160725,12500.00,12500.00,0,0,0.00,0.00,0.00,12500.00,0.00
36597927530072864,20160726,12500.00,12500.00,0,0,0.00,0.00,0.00,12500.00,0.00
36597927530072864,20160727,12500.00,12500.00,0,0,0.00,0.00,0.00,12500.00,0.00
36597927530072864,20160731,12500.00,12500.00,0,0,0.00,0.00,0.00,12500.00,0.00
36597927530072864,20160801,12500.00,12500.00,0,0,0.00,0.00,0.00,12500.00,0.00
36597927530072864,20160802,12500.00,12500.00,0,0,0.00,0.00,0.00,12500.00,0.00
36597927530072864,20160803,12500.00,12500.00,0,0,0.00,0.00,0.00,12500.00,0.00
36597927530072864,20160806,12500.00,12500.00,0,0,0.00,0.00,0.00,12500.00,0.00
36597927530072864,20160807,12500.00,12500.00,0,0,0.00,0.00,0.00,12500.00,0.00
36597927530072864,20160808,12500.00,12500.00,0,0,0.00,0.00,0.00,12500.00,0.00
36597927530072864,20160809,12500.00,12500.00,0,0,0.00,0.00,0.00,12500.00,0.00
36597927530072864,20160810,12500.00,12500.00,0,0,0.00,0.00,0.00,12500.00,0.00
36597927530072864,20160813,12500.00,12500.00,0,0,0.00,0.00,0.00,12500.00,0.00
36597927530072864,20160814,12500.00,12500.00,0,0,0.00,0.00,0.00,12500.00,0.00
36597927530072864,20160815,12500.00,12500.00,0,0,0.00,0.00,0.00,12500.00,0.00
36597927530072864,20160816,12500.00,12500.00,0,0,0.00,0.00,0.00,12500.00,0.00
36597927530072864,20160817,12500.00,12500.00,0,0,0.00,0.00,0.00,12500.00,0.00
36597927530072864,20160820,12500.00,12500.00,0,0,0.00,0.00,0.00,12500.00,0.00
36597927530072864,20160821,12500.00,12500.00,0,0,0.00,0.00,0.00,12500.00,0.00
36597927530072864,20160822,12500.00,12500.00,0,0,0.00,0.00,0.00,12500.00,0.00
36597927530072864,20160823,12500.00,12500.00,0,0,0.00,0.00,0.00,12500.00,0.00
36597927530072864,20160824,12500.00,12500.00,0,0,0.00,0.00,0.00,12500.00,0.00
36597927530072864,20160827,12500.00,12500.00,0,0,0.00,0.00,0.00,12500.00,0.00
36597927530072864,20160828,12500.00,12500.00,0,0,0.00,0.00,0.00,12500.00,0.00
36597927530072864,20160829,12500.00,12500.00,0,0,0.00,0.00,0.00,12500.00,0.00
36597927530072864,20160830,12500.00,12500.00,0,0,0.00,0.00,0.00,12500.00,0.00
36597927530072864,20160831,12500.00,12500.00,0,0,0.00,0.00,0.00,12500.00,0.00
36597927530072864,20160903,12500.00,12500.00,0,0,0.00,0.00,0.00,12500.00,0.00
36597927530072864,20160904,12500.00,12500.00,0,0,0.00,0.00,0.00,12500.00,0.00
36597927530072864,20160905,12500.00,12500.00,0,0,0.00,0.00,0.00,12500.00,0.00
36597927530072864,20160906,12500.00,12500.00,0,0,0.00,0.00,0.00,12500.00,0.00
36597927530072864,20160907,12500.00,12500.00,0,0,0.00,0.00,0.00,12500.00,0.00
36597927530072864,20160910,12500.00,12500.00,0,0,0.00,0.00,0.00,12500.00,0.00
36597927530072864,20160911,12500.00,12500.00,0,0,0.00,0.00,0.00,12500.00,0.00
36597927530072864,20160913,12500.00,12500.00,0,0,0.00,0.00,0.00,12500.00,0.00
36597927530072864,20160914,12500.00,12500.00,0,0,0.00,0.00,0.00,12500.00,0.00
36597927530072864,20160917,12500.00,12500.00,0,0,0.00,0.00,0.00,12500.00,0.00
36597927530072864,20160918,12500.00,12500.00,0,0,0.00,0.00,0.00,12500.00,0.00
36597927530072864,20160919,12500.00,12500.00,0,0,0.00,0.00,0.00,12500.00,0.00
36597927530072864,20160921,12500.00,12500.00,0,0,0.00,0.00,0.00,12500.00,0.00
36597927530072864,20160924,12500.00,12500.00,0,0,0.00,0.00,0.00,12500.00,0.00
36597927530072864,20160925,12500.00,12500.00,0,0,0.00,0.00,0.00,12500.00,0.00
36597927530072864,20160926,12500.00,12500.00,0,0,0.00,0.00,0.00,12500.00,0.00
36597927530072864,20160927,12500.00,12500.00,0,0,0.00,0.00,0.00,12500.00,0.00
36597927530072864,20160928,12500.00,12500.00,0,0,0.00,0.00,0.00,12500.00,0.00
36597927530072864,20161001,12500.00,12500.00,0,0,0.00,0.00,0.00,12500.00,0.00
36597927530072864,20161002,12500.00,12500.00,0,0,0.00,0.00,0.00,12500.00,0.00
36597927530072864,20161003,12500.00,12500.00,0,0,0.00,0.00,0.00,12500.00,0.00
36597927530072864,20161004,12500.00,12500.00,0,0,0.00,0.00,0.00,12500.00,0.00
36597927530072864,20161005,12500.00,12500.00,0,0,0.00,0.00,0.00,12500.00,0.00
36597927530072864,20161008,12500.00,12500.00,0,0,0.00,0.00,0.00,12500.00,0.00
36597927530072864,20161009,12500.00,12500.00,0,0,0.00,0.00,0.00,12500.00,0.00
36597927530072864,20161010,12500.00,12500.00,0,0,0.00,0.00,0.00,12500.00,0.00
36597927530072864,20161012,12500.00,12500.00,0,0,0.00,0.00,0.00,12500.00,0.00
36597927530072864,20161015,12500.00,12500.00,0,0,0.00,0.00,0.00,12500.00,0.00
36597927530072864,20161016,12500.00,12500.00,0,0,0.00,0.00,0.00,12500.00,0.00
36597927530072864,20161017,12500.00,12500.00,0,0,0.00,0.00,0.00,12500.00,0.00
36597927530072864,20161018,12500.00,12500.00,0,0,0.00,0.00,0.00,12500.00,0.00
36597927530072864,20161019,12500.00,12500.00,0,0,0.00,0.00,0.00,12500.00,0.00
36597927530072864,20161022,12500.00,12500.00,0,0,0.00,0.00,0.00,12500.00,0.00
36597927530072864,20161023,12500.00,12500.00,0,0,0.00,0.00,0.00,12500.00,0.00
36597927530072864,20161024,12500.00,12500.00,0,0,0.00,0.00,0.00,12500.00,0.00
36597927530072864,20161025,12500.00,12500.00,0,0,0.00,0.00,0.00,12500.00,0.00
36597927530072864,20161026,12500.00,12500.00,0,0,0.00,0.00,0.00,12500.00,0.00
36597927530072864,20161027,12500.00,12500.00,0,0,0.00,0.00,0.00,12500.00,0.00
36597927530072864,20161028,12500.00,12500.00,0,0,0.00,0.00,0.00,12500.00,0.00
36597927530072864,20161029,12500.00,12500.00,0,0,0.00,0.00,0.00,12500.00,0.00
36597927530072864,20161030,12500.00,12500.00,0,0,0.00,0.00,0.00,12500.00,0.00
36597927530072864,20161031,12500.00,12500.00,0,0,0.00,0.00,0.00,12500.00,0.00
36597927530072864,20161101,12500.00,12500.00,0,0,0.00,0.00,0.00,12500.00,0.00
36597927530072864,20161102,12500.00,12500.00,0,0,0.00,0.00,0.00,12500.00,0.00
36597927530072864,20161105,12500.00,12500.00,0,0,0.00,0.00,0.00,12500.00,0.00
36597927530072864,20161106,12500.00,12500.00,0,0,0.00,0.00,0.00,12500.00,0.00
36597927530072864,20161107,12500.00,12500.00,0,0,0.00,0.00,0.00,12500.00,0.00
36597927530072864,20161108,12500.00,12500.00,0,0,0.00,0.00,0.00,12500.00,0.00
36597927530072864,20161109,12500.00,12500.00,0,0,0.00,0.00,0.00,12500.00,0.00
36597927530072864,20161112,12500.00,12500.00,0,0,0.00,0.00,0.00,12500.00,0.00
36597927530072864,20161113,12500.00,12500.00,0,0,0.00,0.00,0.00,12500.00,0.00
36597927530072864,20161114,12500.00,12500.00,0,0,0.00,0.00,0.00,12500.00,0.00
36597927530072864,20161115,12500.00,12500.00,0,0,0.00,0.00,0.00,12500.00,0.00
36597927530072864,20161116,12500.00,12500.00,0,0,0.00,0.00,0.00,12500.00,0.00
36597927530072864,20161119,12500.00,12500.00,0,0,0.00,0.00,0.00,12500.00,0.00
36597927530072864,20161121,12500.00,12500.00,0,0,0.00,0.00,0.00,12500.00,0.00
36597927530072864,20161122,12500.00,12500.00,0,0,0.00,0.00,0.00,12500.00,0.00
36597927530072864,20161123,12500.00,12500.00,0,0,0.00,0.00,0.00,12500.00,0.00
36597927530072864,20161126,12500.00,12500.00,0,0,0.00,0.00,0.00,12500.00,0.00
36597927530072864,20161127,12500.00,12500.00,0,0,0.00,0.00,0.00,12500.00,0.00
36597927530072864,20161129,12500.00,12500.00,0,0,0.00,0.00,0.00,12500.00,0.00
36597927530072864,20161203,12500.00,12500.00,0,0,0.00,0.00,0.00,12500.00,0.00
36597927530072864,20161204,12500.00,12500.00,0,0,0.00,0.00,0.00,12500.00,0.00
36597927530072864,20161205,12500.00,12500.00,0,0,0.00,0.00,0.00,12500.00,0.00
36597927530072864,20161206,12500.00,12500.00,0,0,0.00,0.00,0.00,12500.00,0.00
36597927530072864,20161207,12500.00,12500.00,0,0,0.00,0.00,0.00,12500.00,0.00
36597927530072864,20161210,12500.00,12500.00,0,0,0.00,0.00,0.00,12500.00,0.00
36597927530072864,20161211,12500.00,12500.00,0,0,0.00,0.00,0.00,12500.00,0.00
36597927530072864,20161212,12500.00,12500.00,0,0,0.00,0.00,0.00,12500.00,0.00
36597927530072864,20161213,12500.00,12500.00,0,0,0.00,0.00,0.00,12500.00,0.00
36597927530072864,20161214,12500.00,12500.00,0,0,0.00,0.00,0.00,12500.00,0.00
36597927530072864,20161218,12500.00,12500.00,0,0,0.00,0.00,0.00,12500.00,0.00
36597927530072864,20161219,12500.00,12500.00,0,0,0.00,0.00,0.00,12500.00,0.00
36597927530072864,20161220,12500.00,12500.00,0,0,0.00,0.00,0.00,12500.00,0.00
36597927530072864,20161221,12500.00,12500.00,0,0,0.00,0.00,0.00,12500.00,0.00
36597927530072864,20161224,12500.00,12500.00,0,0,0.00,0.00,0.00,12500.00,0.00
36597927530072864,20161225,12500.00,12500.00,0,0,0.00,0.00,0.00,12500.00,0.00
36597927530072864,20161226,12500.00,12500.00,0,0,0.00,0.00,0.00,12500.00,0.00
36597927530072864,20161227,12500.00,12500.00,0,0,0.00,0.00,0.00,12500.00,0.00
36597927530072864,20161228,12500.00,12500.00,0,0,0.00,0.00,0.00,12500.00,0.00
36597927530072864,20161231,12500.00,12500.00,0,0,0.00,0.00,0.00,12500.00,0.00
36597927530072864,20170101,12500.00,12500.00,0,0,0.00,0.00,0.00,12500.00,0.00
36597927530072864,20170102,12500.00,12500.00,0,0,0.00,0.00,0.00,12500.00,0.00
36597927530072864,20170103,12500.00,12500.00,0,0,0.00,0.00,0.00,12500.00,0.00
36597927530072864,20170104,12500.00,12500.00,0,0,0.00,0.00,0.00,12500.00,0.00
36597927530072864,20170107,12500.00,12500.00,0,0,0.00,0.00,0.00,12500.00,0.00
36597927530072864,20170108,12500.00,12500.00,0,0,0.00,0.00,0.00,12500.00,0.00
36597927530072864,20170109,12500.00,12500.00,0,0,0.00,0.00,0.00,12500.00,0.00
36597927530072864,20170111,12500.00,12500.00,0,0,0.00,0.00,0.00,12500.00,0.00
36597927530072864,20170114,12500.00,12500.00,0,0,0.00,0.00,0.00,12500.00,0.00
36597927530072864,20170115,12500.00,12500.00,0,0,0.00,0.00,0.00,12500.00,0.00
36597927530072864,20170116,12500.00,12500.00,0,0,0.00,0.00,0.00,12500.00,0.00
36597927530072864,20170117,12500.00,12500.00,0,0,0.00,0.00,0.00,12500.00,0.00
36597927530072864,20170118,12500.00,12500.00,0,0,0.00,0.00,0.00,12500.00,0.00
36597927530072864,20170121,12500.00,12500.00,0,0,0.00,0.00,0.00,12500.00,0.00
36597927530072864,20170122,12500.00,12500.00,0,0,0.00,0.00,0.00,12500.00,0.00
36597927530072864,20170123,12500.00,12500.00,0,0,0.00,0.00,0.00,12500.00,0.00
36597927530072864,20170124,12500.00,12500.00,0,0,0.00,0.00,0.00,12500.00,0.00
36597927530072864,20170125,12500.00,12500.00,0,0,0.00,0.00,0.00,12500.00,0.00
36597927530072864,20170128,12500.00,12500.00,0,0,0.00,0.00,0.00,12500.00,0.00
36597927530072864,20170129,12500.00,12500.00,0,0,0.00,0.00,0.00,12500.00,0.00
36597927530072864,20170130,12500.00,12500.00,0,0,0.00,0.00,0.00,12500.00,0.00
36597927530072864,20170131,12500.00,12500.00,0,0,0.00,0.00,0.00,12500.00,0.00
36597927530072864,20170201,12500.00,12500.00,0,0,0.00,0.00,0.00,12500.00,0.00
36597927530072864,20170204,12500.00,12500.00,0,0,0.00,0.00,0.00,12500.00,0.00
36597927530072864,20170205,12500.00,12500.00,0,0,0.00,0.00,0.00,12500.00,0.00
36597927530072864,20170206,12500.00,12500.00,0,0,0.00,0.00,0.00,12500.00,0.00
36597927530072864,20170207,12500.00,12500.00,0,0,0.00,0.00,0.00,12500.00,0.00
36597927530072864,20170208,12500.00,12500.00,0,0,0.00,0.00,0.00,12500.00,0.00
36597927530072864,20170211,12500.00,12500.00,0,0,0.00,0.00,0.00,12500.00,0.00
36597927530072864,20170212,12500.00,12500.00,0,0,0.00,0.00,0.00,12500.00,0.00
36597927530072864,20170213,12500.00,12500.00,0,0,0.00,0.00,0.00,12500.00,0.00
36597927530072864,20170214,12500.00,12500.00,0,0,0.00,0.00,0.00,12500.00,0.00
36597927530072864,20170215,12500.00,12500.00,0,0,0.00,0.00,0.00,12500.00,0.00
36597927530072864,20170218,12500.00,12500.00,0,0,0.00,0.00,0.00,12500.00,0.00
36597927530072864,20170219,12500.00,12500.00,0,0,0.00,0.00,0.00,12500.00,0.00
36597927530072864,20170220,12500.00,12500.00,0,0,0.00,0.00,0.00,12500.00,0.00
36597927530072864,20170221,12500.00,12500.00,0,0,0.00,0.00,0.00,12500.00,0.00
36597927530072864,20170222,12500.00,12500.00,0,0,0.00,0.00,0.00,12500.00,0.00
36597927530072864,20170225,12500.00,12500.00,0,0,0.00,0.00,0.00,12500.00,0.00
36597927530072864,20170226,12500.00,12500.00,0,0,0.00,0.00,0.00,12500.00,0.00
36597927530072864,20170227,12500.00,12500.00,0,0,0.00,0.00,0.00,12500.00,0.00
36597927530072864,20170228,12500.00,12500.00,0,0,0.00,0.00,0.00,12500.00,0.00
36597927530072864,20170301,12500.00,12500.00,0,0,0.00,0.00,0.00,12500.00,0.00
36597927530072864,20170304,12500.00,12500.00,0,0,0.00,0.00,0.00,12500.00,0.00
36597927530072864,20170305,12500.00,12500.00,0,0,0.00,0.00,0.00,12500.00,0.00
36597927530072864,20170306,12500.00,12500.00,0,0,0.00,0.00,0.00,12500.00,0.00
36597927530072864,20170307,12500.00,12500.00,0,0,0.00,0.00,0.00,12500.00,0.00
36597927530072864,20170308,12500.00,12500.00,0,0,0.00,0.00,0.00,12500.00,0.00
36597927530072864,20170311,12500.00,12500.00,0,0,0.00,0.00,0.00,12500.00,0.00
36597927530072864,20170312,12500.00,12500.00,0,0,0.00,0.00,0.00,12500.00,0.00
36597927530072864,20170313,12500.00,12500.00,0,0,0.00,0.00,0.00,12500.00,0.00
36597927530072864,20170314,12500.00,12500.00,0,0,0.00,0.00,0.00,12500.00,0.00
36597927530072864,20170315,12500.00,12500.00,0,0,0.00,0.00,0.00,12500.00,0.00
36597927530072864,20170318,12500.00,12500.00,0,0,0.00,0.00,0.00,12500.00,0.00
36597927530072864,20170325,12500.00,12500.00,0,0,0.00,0.00,0.00,12500.00,0.00
36597927530072864,20170326,12500.00,12500.00,0,0,0.00,0.00,0.00,12500.00,0.00
36597927530072864,20170327,12500.00,12500.00,0,0,0.00,0.00,0.00,12500.00,0.00
36597927530072864,20170328,12500.00,12500.00,0,0,0.00,0.00,0.00,12500.00,0.00
36597927530072864,20170329,12500.00,12500.00,0,0,0.00,0.00,0.00,12500.00,0.00
36597927530072864,20170403,12500.00,12500.00,0,0,0.00,0.00,0.00,12500.00,0.00
36597927530072864,20170404,12500.00,12500.00,0,0,0.00,0.00,0.00,12500.00,0.00
36597927530072864,20170405,12500.00,12500.00,0,0,0.00,0.00,0.00,12500.00,0.00
36597927530072864,20170408,12500.00,12500.00,0,0,0.00,0.00,0.00,12500.00,0.00
36597927530072864,20170409,12500.00,12500.00,0,0,0.00,0.00,0.00,12500.00,0.00
36597927530072864,20170410,12500.00,12500.00,0,0,0.00,0.00,0.00,12500.00,0.00
36597927530072864,20170412,12500.00,12500.00,0,0,0.00,0.00,0.00,12500.00,0.00
36597927530072864,20170415,12500.00,12500.00,0,0,0.00,0.00,0.00,12500.00,0.00
36597927530072864,20170416,12500.00,12500.00,0,0,0.00,0.00,0.00,12500.00,0.00
36597927530072864,20170417,12500.00,12500.00,0,0,0.00,0.00,0.00,12500.00,0.00
36597927530072864,20170418,12500.00,12500.00,0,0,0.00,0.00,0.00,12500.00,0.00
36597927530072864,20170419,12500.00,12500.00,0,0,0.00,0.00,0.00,12500.00,0.00
36597927530072864,20170422,12500.00,12500.00,0,0,0.00,0.00,0.00,12500.00,0.00
36597927530072864,20170423,12500.00,12500.00,0,0,0.00,0.00,0.00,12500.00,0.00
36597927530072864,20170424,12500.00,12500.00,0,0,0.00,0.00,0.00,12500.00,0.00
36597927530072864,20170426,12500.00,12500.00,0,0,0.00,0.00,0.00,12500.00,0.00
36597927530072864,20170429,12500.00,12500.00,0,0,0.00,0.00,0.00,12500.00,0.00
36597927530072864,20170430,12500.00,12500.00,0,0,0.00,0.00,0.00,12500.00,0.00
36597927530072864,20170501,12500.00,12500.00,0,0,0.00,0.00,0.00,12500.00,0.00
36597927530072864,20170502,12500.00,12500.00,0,0,0.00,0.00,0.00,12500.00,0.00
36597927530072864,20170503,12500.00,12500.00,0,0,0.00,0.00,0.00,12500.00,0.00
36597927530072864,20170506,12500.00,12500.00,0,0,0.00,0.00,0.00,12500.00,0.00
36597927530072864,20170507,12500.00,12500.00,0,0,0.00,0.00,0.00,12500.00,0.00
36597927530072864,20170508,12500.00,12500.00,0,0,0.00,0.00,0.00,12500.00,0.00
36597927530072864,20170509,12500.00,12500.00,0,0,0.00,0.00,0.00,12500.00,0.00
36597927530072864,20170510,12500.00,12500.00,0,0,0.00,0.00,0.00,12500.00,0.00
36597927530072864,20170513,12500.00,12500.00,0,0,0.00,0.00,0.00,12500.00,0.00
36597927530072864,20170514,12500.00,12500.00,0,0,0.00,0.00,0.00,12500.00,0.00
36597927530072864,20170515,12500.00,12500.00,0,0,0.00,0.00,0.00,12500.00,0.00
36597927530072864,20170516,12500.00,12500.00,0,0,0.00,0.00,0.00,12500.00,0.00
36597927530072864,20170517,12500.00,12500.00,0,0,0.00,0.00,0.00,12500.00,0.00
36597927530072864,20170520,12500.00,12500.00,0,0,0.00,0.00,0.00,12500.00,0.00
36597927530072864,20170521,12500.00,12500.00,0,0,0.00,0.00,0.00,12500.00,0.00
36597927530072864,20170522,12500.00,12500.00,0,0,0.00,0.00,0.00,12500.00,0.00
36597927530072864,20170523,12500.00,12500.00,0,0,0.00,0.00,0.00,12500.00,0.00
36597927530072864,20170524,12500.00,12500.00,0,0,0.00,0.00,0.00,12500.00,0.00
36597927530072864,20170527,12500.00,12500.00,0,0,0.00,0.00,0.00,12500.00,0.00
36597927530072864,20170528,12500.00,12500.00,0,0,0.00,0.00,0.00,12500.00,0.00
36597927530072864,20170529,12500.00,12500.00,0,0,0.00,0.00,0.00,12500.00,0.00
36597927530072864,20170530,12500.00,12500.00,0,0,0.00,0.00,0.00,12500.00,0.00
36597927530072864,20170531,12500.00,12500.00,0,0,0.00,0.00,0.00,12500.00,0.00
36597927530072864,20170603,12500.00,12500.00,0,0,0.00,0.00,0.00,12500.00,0.00
36597927530072864,20170606,12500.00,12500.00,0,0,0.00,0.00,0.00,12500.00,0.00
36597927530072864,20170607,12500.00,12500.00,0,0,0.00,0.00,0.00,12500.00,0.00
36597927530072864,20170610,12500.00,12500.00,0,0,0.00,0.00,0.00,12500.00,0.00
36597927530072864,20170611,12500.00,12500.00,0,0,0.00,0.00,0.00,12500.00,0.00
36597927530072864,20170612,12500.00,12500.00,0,0,0.00,0.00,0.00,12500.00,0.00
36597927530072864,20170613,12500.00,12500.00,0,0,0.00,0.00,0.00,12500.00,0.00
36597927530072864,20170614,12500.00,12500.00,0,0,0.00,0.00,0.00,12500.00,0.00
36597927530072864,20170617,12500.00,12500.00,0,0,0.00,0.00,0.00,12500.00,0.00
36597927530072864,20170618,12500.00,12500.00,0,0,0.00,0.00,0.00,12500.00,0.00
36597927530072864,20170619,12500.00,12500.00,0,0,0.00,0.00,0.00,12500.00,0.00
36597927530072864,20170620,12500.00,12500.00,0,0,0.00,0.00,0.00,12500.00,0.00
36597927530072864,20170621,12500.00,12500.00,0,0,0.00,0.00,0.00,12500.00,0.00
36597927530072864,20170624,12500.00,12500.00,0,0,0.00,0.00,0.00,12500.00,0.00
36597927530072864,20170625,12500.00,12500.00,0,0,0.00,0.00,0.00,12500.00,0.00
36597927530072864,20170628,12500.00,12500.00,0,0,0.00,0.00,0.00,12500.00,0.00
36597927530072864,20170701,12500.00,12500.00,0,0,0.00,0.00,0.00,12500.00,0.00
36597927530072864,20170702,12500.00,12500.00,0,0,0.00,0.00,0.00,12500.00,0.00
36597927530072864,20170703,12500.00,12500.00,0,0,0.00,0.00,0.00,12500.00,0.00
36597927530072864,20170704,12500.00,12500.00,0,0,0.00,0.00,0.00,12500.00,0.00
36597927530072864,20170705,12500.00,12500.00,0,0,0.00,0.00,0.00,12500.00,0.00
36597927530072864,20170708,12500.00,12500.00,0,0,0.00,0.00,0.00,12500.00,0.00
36597927530072864,20170709,12500.00,12500.00,0,0,0.00,0.00,0.00,12500.00,0.00
36597927530072864,20170710,12500.00,12500.00,0,0,0.00,0.00,0.00,12500.00,0.00
36597927530072864,20170711,12500.00,12500.00,0,0,0.00,0.00,0.00,12500.00,0.00
36597927530072864,20170712,12500.00,12500.00,0,0,0.00,0.00,0.00,12500.00,0.00
36597927530072864,20170715,12500.00,12500.00,0,0,0.00,0.00,0.00,12500.00,0.00
36597927530072864,20170716,12500.00,12500.00,0,0,0.00,0.00,0.00,12500.00,0.00
36597927530072864,20170717,12500.00,12500.00,0,0,0.00,0.00,0.00,12500.00,0.00
36597927530072864,20170718,12500.00,12500.00,0,0,0.00,0.00,0.00,12500.00,0.00
36597927530072864,20170719,12500.00,12500.00,0,0,0.00,0.00,0.00,12500.00,0.00
36597927530072864,20170722,12500.00,12500.00,0,0,0.00,0.00,0.00,12500.00,0.00
36597927530072864,20170723,12500.00,12500.00,0,0,0.00,0.00,0.00,12500.00,0.00
36597927530072864,20170724,12500.00,12500.00,0,0,0.00,0.00,0.00,12500.00,0.00
36597927530072864,20170725,12500.00,12500.00,0,0,0.00,0.00,0.00,12500.00,0.00
36597927530072864,20170726,12500.00,12500.00,0,0,0.00,0.00,0.00,12500.00,0.00
36597927530072864,20170729,12500.00,12500.00,0,0,0.00,0.00,0.00,12500.00,0.00
36597927530072864,20170730,12500.00,12500.00,0,0,0.00,0.00,0.00,12500.00,0.00
36597927530072864,20170731,12500.00,12500.00,0,0,0.00,0.00,0.00,12500.00,0.00
36597927530072864,20170801,12500.00,12500.00,0,0,0.00,0.00,0.00,12500.00,0.00
36597927530072864,20170802,12500.00,12500.00,0,0,0.00,0.00,0.00,12500.00,0.00
36597927530072864,20170806,12500.00,12500.00,0,0,0.00,0.00,0.00,12500.00,0.00
36597927530072864,20170807,12500.00,12500.00,0,0,0.00,0.00,0.00,12500.00,0.00
36597927530072864,20170808,12500.00,12500.00,0,0,0.00,0.00,0.00,12500.00,0.00
36597927530072864,20170809,12500.00,12500.00,0,0,0.00,0.00,0.00,12500.00,0.00
36597927530072864,20170812,12500.00,12500.00,0,0,0.00,0.00,0.00,12500.00,0.00
36597927530072864,20170813,12500.00,12500.00,0,0,0.00,0.00,0.00,12500.00,0.00
36597927530072864,20170814,12500.00,12500.00,0,0,0.00,0.00,0.00,12500.00,0.00
36597927530072864,20170815,12500.00,12500.00,0,0,0.00,0.00,0.00,12500.00,0.00
36597927530072864,20170816,12500.00,12500.00,0,0,0.00,0.00,0.00,12500.00,0.00
36597927530072864,20170819,12500.00,12500.00,0,0,0.00,0.00,0.00,12500.00,0.00
36597927530072864,20170820,12500.00,12500.00,0,0,0.00,0.00,0.00,12500.00,0.00
36597927530072864,20170821,12500.00,12500.00,0,0,0.00,0.00,0.00,12500.00,0.00
36597927530072864,20170822,12500.00,12500.00,0,0,0.00,0.00,0.00,12500.00,0.00
36597927530072864,20170823,12500.00,12500.00,0,0,0.00,0.00,0.00,12500.00,0.00
36597927530072864,20170826,12500.00,12500.00,0,0,0.00,0.00,0.00,12500.00,0.00
36597927530072864,20170827,12500.00,12500.00,0,0,0.00,0.00,0.00,12500.00,0.00
36597927530072864,20170828,12500.00,12500.00,0,0,0.00,0.00,0.00,12500.00,0.00
36597927530072864,20170829,12500.00,12500.00,0,0,0.00,0.00,0.00,12500.00,0.00
36597927530072864,20170830,12500.00,12500.00,0,0,0.00,0.00,0.00,12500.00,0.00
36597927530072864,20170902,12500.00,12500.00,0,0,0.00,0.00,0.00,12500.00,0.00
36597927530072864,20170903,12500.00,12500.00,0,0,0.00,0.00,0.00,12500.00,0.00
36597927530072864,20170904,12500.00,12500.00,0,0,0.00,0.00,0.00,12500.00,0.00
36597927530072864,20170905,12500.00,12500.00,0,0,0.00,0.00,0.00,12500.00,0.00
36597927530072864,20170906,12500.00,12500.00,0,0,0.00,0.00,0.00,12500.00,0.00
36597927530072864,20170910,12500.00,12500.00,0,0,0.00,0.00,0.00,12500.00,0.00
36597927530072864,20170911,12500.00,12500.00,0,0,0.00,0.00,0.00,12500.00,0.00
36597927530072864,20170912,12500.00,12500.00,0,0,0.00,0.00,0.00,12500.00,0.00
36597927530072864,20170913,12500.00,12500.00,0,0,0.00,0.00,0.00,12500.00,0.00
36597927530072864,20170916,12500.00,12500.00,0,0,0.00,0.00,0.00,12500.00,0.00
36597927530072864,20170917,12500.00,12500.00,0,0,0.00,0.00,0.00,12500.00,0.00
36597927530072864,20170918,12500.00,12500.00,0,0,0.00,0.00,0.00,12500.00,0.00
36597927530072864,20170919,12500.00,12500.00,0,0,0.00,0.00,0.00,12500.00,0.00
36597927530072864,20170920,12500.00,12500.00,0,0,0.00,0.00,0.00,12500.00,0.00
36597927530072864,20170923,12500.00,12500.00,0,0,0.00,0.00,0.00,12500.00,0.00
36597927530072864,20170924,12500.00,12500.00,0,0,0.00,0.00,0.00,12500.00,0.00
36597927530072864,20170925,12500.00,12500.00,0,0,0.00,0.00,0.00,12500.00,0.00
36597927530072864,20170926,12500.00,12500.00,0,0,0.00,0.00,0.00,12500.00,0.00
36597927530072864,20170927,12500.00,12500.00,0,0,0.00,0.00,0.00,12500.00,0.00
36597927530072864,20171002,12500.00,12500.00,0,0,0.00,0.00,0.00,12500.00,0.00
36597927530072864,20171003,12500.00,12500.00,0,0,0.00,0.00,0.00,12500.00,0.00
36597927530072864,20171004,12500.00,12500.00,0,0,0.00,0.00,0.00,12500.00,0.00
36597927530072864,20171007,12500.00,12500.00,0,0,0.00,0.00,0.00,12500.00,0.00
36597927530072864,20171008,12500.00,12500.00,0,0,0.00,0.00,0.00,12500.00,0.00
36597927530072864,20171009,12500.00,12500.00,0,0,0.00,0.00,0.00,12500.00,0.00
36597927530072864,20171010,12500.00,12500.00,0,0,0.00,0.00,0.00,12500.00,0.00
36597927530072864,20171011,12500.00,12500.00,0,0,0.00,0.00,0.00,12500.00,0.00
36597927530072864,20171014,12500.00,12500.00,0,0,0.00,0.00,0.00,12500.00,0.00
36597927530072864,20171015,12500.00,12500.00,0,0,0.00,0.00,0.00,12500.00,0.00
36597927530072864,20171016,12500.00,12500.00,0,0,0.00,0.00,0.00,12500.00,0.00
36597927530072864,20171017,12500.00,12500.00,0,0,0.00,0.00,0.00,12500.00,0.00
36597927530072864,20171018,12500.00,12500.00,0,0,0.00,0.00,0.00,12500.00,0.00
36597927530072864,20171021,12500.00,12500.00,0,0,0.00,0.00,0.00,12500.00,0.00
36597927530072864,20171022,12500.00,12500.00,0,0,0.00,0.00,0.00,12500.00,0.00
36597927530072864,20171023,12500.00,12500.00,0,0,0.00,0.00,0.00,12500.00,0.00
36597927530072864,20171024,12500.00,12500.00,0,0,0.00,0.00,0.00,12500.00,0.00
36597927530072864,20171025,12500.00,12500.00,0,0,0.00,0.00,0.00,12500.00,0.00
36597927530072864,20171028,12500.00,12500.00,0,0,0.00,0.00,0.00,12500.00,0.00
36597927530072864,20171029,12500.00,12500.00,0,0,0.00,0.00,0.00,12500.00,0.00
36597927530072864,20171030,12500.00,12500.00,0,0,0.00,0.00,0.00,12500.00,0.00
36597927530072864,20171031,12500.00,12500.00,0,0,0.00,0.00,0.00,12500.00,0.00
36597927530072864,20171101,12500.00,12500.00,0,0,0.00,0.00,0.00,12500.00,0.00
36597927530072864,20171104,12500.00,12500.00,0,0,0.00,0.00,0.00,12500.00,0.00
36597927530072864,20171105,12500.00,12500.00,0,0,0.00,0.00,0.00,12500.00,0.00
36597927530072864,20171106,12500.00,12500.00,0,0,0.00,0.00,0.00,12500.00,0.00
36597927530072864,20171107,12500.00,12500.00,0,0,0.00,0.00,0.00,12500.00,0.00
36597927530072864,20171108,12500.00,12500.00,0,0,0.00,0.00,0.00,12500.00,0.00
36597927530072864,20171111,12500.00,12500.00,0,0,0.00,0.00,0.00,12500.00,0.00
36597927530072864,20171112,12500.00,12500.00,0,0,0.00,0.00,0.00,12500.00,0.00
36597927530072864,20171113,12500.00,12500.00,0,0,0.00,0.00,0.00,12500.00,0.00
36597927530072864,20171114,12500.00,12500.00,0,0,0.00,0.00,0.00,12500.00,0.00
36597927530072864,20171115,12500.00,12500.00,0,0,0.00,0.00,0.00,12500.00,0.00
36597927530072864,20171118,12500.00,12500.00,0,0,0.00,0.00,0.00,12500.00,0.00
