37272387813342140,20121126,1000.00,1000.00,0,0,0.00,0.00,0.00,1000.00,0.00
37272387813342140,20121127,1000.00,1000.00,0,0,0.00,0.00,0.00,1000.00,0.00
37272387813342140,20121128,1000.00,1000.00,0,0,0.00,0.00,0.00,1000.00,0.00
37272387813342140,20121201,1000.00,1000.00,0,0,0.00,0.00,0.00,1000.00,0.00
37272387813342140,20121202,1000.00,1000.00,0,0,0.00,0.00,0.00,1000.00,0.00
37272387813342140,20121203,1000.00,1000.00,0,0,0.00,0.00,0.00,1000.00,0.00
37272387813342140,20121204,1000.00,1000.00,0,0,0.00,0.00,0.00,1000.00,0.00
37272387813342140,20121205,1000.00,1000.00,0,0,0.00,0.00,0.00,1000.00,0.00
37272387813342140,20121208,1000.00,1000.00,0,0,0.00,0.00,0.00,1000.00,0.00
37272387813342140,20121209,1000.00,1000.00,0,0,0.00,0.00,0.00,1000.00,0.00
37272387813342140,20121210,1000.00,1000.00,0,0,0.00,0.00,0.00,1000.00,0.00
37272387813342140,20121211,1000.00,1000.00,0,0,0.00,0.00,0.00,1000.00,0.00
37272387813342140,20121212,1000.00,1000.00,0,0,0.00,0.00,0.00,1000.00,0.00
37272387813342140,20121215,1000.00,1000.00,0,0,0.00,0.00,0.00,1000.00,0.00
37272387813342140,20121216,1000.00,1000.00,0,0,0.00,0.00,0.00,1000.00,0.00
37272387813342140,20121217,1000.00,1000.00,0,0,0.00,0.00,0.00,1000.00,0.00
37272387813342140,20121218,1000.00,1000.00,0,0,0.00,0.00,0.00,1000.00,0.00
37272387813342140,20121219,1000.00,1000.00,0,0,0.00,0.00,0.00,1000.00,0.00
37272387813342140,20121222,1000.00,1000.00,0,0,0.00,0.00,0.00,1000.00,0.00
37272387813342140,20121223,1000.00,1000.00,0,0,0.00,0.00,0.00,1000.00,0.00
37272387813342140,20121224,1000.00,1000.00,0,0,0.00,0.00,0.00,1000.00,0.00
37272387813342140,20121225,1000.00,1000.00,0,0,0.00,0.00,0.00,1000.00,0.00
37272387813342140,20121226,1000.00,1000.00,0,0,0.00,0.00,0.00,1000.00,0.00
37272387813342140,20121229,1000.00,1000.00,0,0,0.00,0.00,0.00,1000.00,0.00
37272387813342140,20121230,1000.00,1000.00,0,0,0.00,0.00,0.00,1000.00,0.00
37272387813342140,20121231,1000.00,1000.00,0,0,0.00,0.00,0.00,1000.00,0.00
37272387813342140,20130101,1000.00,1000.00,0,0,0.00,0.00,0.00,1000.00,0.00
37272387813342140,20130102,1000.00,1000.00,0,0,0.00,0.00,0.00,1000.00,0.00
37272387813342140,20130106,1000.00,1000.00,0,0,0.00,0.00,0.00,1000.00,0.00
37272387813342140,20130107,1000.00,1000.00,0,0,0.00,0.00,0.00,1000.00,0.00
37272387813342140,20130108,1000.00,1000.00,0,0,0.00,0.00,0.00,1000.00,0.00
37272387813342140,20130109,1000.00,1000.00,0,0,0.00,0.00,0.00,1000.00,0.00
37272387813342140,20130113,1000.00,1000.00,0,0,0.00,0.00,0.00,1000.00,0.00
37272387813342140,20130114,1000.00,1000.00,0,0,0.00,0.00,0.00,1000.00,0.00
37272387813342140,20130115,1000.00,1000.00,0,0,0.00,0.00,0.00,1000.00,0.00
37272387813342140,20130116,1000.00,1000.00,0,0,0.00,0.00,0.00,1000.00,0.00
37272387813342140,20130119,1000.00,1000.00,0,0,0.00,0.00,0.00,1000.00,0.00
37272387813342140,20130120,1000.00,1000.00,0,0,0.00,0.00,0.00,1000.00,0.00
37272387813342140,20130121,1000.00,1000.00,0,0,0.00,0.00,0.00,1000.00,0.00
37272387813342140,20130122,1000.00,1000.00,0,0,0.00,0.00,0.00,1000.00,0.00
37272387813342140,20130123,1000.00,1000.00,0,0,0.00,0.00,0.00,1000.00,0.00
37272387813342140,20130126,1000.00,1000.00,0,0,0.00,0.00,0.00,1000.00,0.00
37272387813342140,20130127,1000.00,1000.00,0,0,0.00,0.00,0.00,1000.00,0.00
37272387813342140,20130128,1000.00,1000.00,0,0,0.00,0.00,0.00,1000.00,0.00
37272387813342140,20130130,1000.00,1000.00,0,0,0.00,0.00,0.00,1000.00,0.00
37272387813342140,20130202,1000.00,1000.00,0,0,0.00,0.00,0.00,1000.00,0.00
37272387813342140,20130203,1000.00,1000.00,0,0,0.00,0.00,0.00,1000.00,0.00
37272387813342140,20130204,1000.00,1000.00,0,0,0.00,0.00,0.00,1000.00,0.00
37272387813342140,20130205,1000.00,1000.00,0,0,0.00,0.00,0.00,1000.00,0.00
37272387813342140,20130206,1000.00,1000.00,0,0,0.00,0.00,0.00,1000.00,0.00
37272387813342140,20130209,1000.00,1000.00,0,0,0.00,0.00,0.00,1000.00,0.00
37272387813342140,20130211,1000.00,1000.00,0,0,0.00,0.00,0.00,1000.00,0.00
37272387813342140,20130212,1000.00,1000.00,0,0,0.00,0.00,0.00,1000.00,0.00
37272387813342140,20130213,1000.00,1000.00,0,0,0.00,0.00,0.00,1000.00,0.00
37272387813342140,20130216,1000.00,1000.00,0,0,0.00,0.00,0.00,1000.00,0.00
37272387813342140,20130217,1000.00,1000.00,0,0,0.00,0.00,0.00,1000.00,0.00
37272387813342140,20130218,1000.00,1000.00,0,0,0.00,0.00,0.00,1000.00,0.00
37272387813342140,20130219,1000.00,1000.00,0,0,0.00,0.00,0.00,1000.00,0.00
37272387813342140,20130220,1000.00,1000.00,0,0,0.00,0.00,0.00,1000.00,0.00
37272387813342140,20130223,1000.00,1000.00,0,0,0.00,0.00,0.00,1000.00,0.00
37272387813342140,20130224,1000.00,1000.00,0,0,0.00,0.00,0.00,1000.00,0.00
37272387813342140,20130225,1000.00,1000.00,0,0,0.00,0.00,0.00,1000.00,0.00
37272387813342140,20130226,1000.00,1000.00,0,0,0.00,0.00,0.00,1000.00,0.00
37272387813342140,20130227,1000.00,1000.00,0,0,0.00,0.00,0.00,1000.00,0.00
37272387813342140,20130302,1000.00,1000.00,0,0,0.00,0.00,0.00,1000.00,0.00
37272387813342140,20130303,1000.00,1000.00,0,0,0.00,0.00,0.00,1000.00,0.00
37272387813342140,20130304,1000.00,1000.00,0,0,0.00,0.00,0.00,1000.00,0.00
37272387813342140,20130305,1000.00,1000.00,0,0,0.00,0.00,0.00,1000.00,0.00
37272387813342140,20130306,1000.00,1000.00,0,0,0.00,0.00,0.00,1000.00,0.00
37272387813342140,20130309,1000.00,1000.00,0,0,0.00,0.00,0.00,1000.00,0.00
37272387813342140,20130310,1000.00,1000.00,0,0,0.00,0.00,0.00,1000.00,0.00
37272387813342140,20130311,1000.00,1000.00,0,0,0.00,0.00,0.00,1000.00,0.00
37272387813342140,20130312,1000.00,1000.00,0,0,0.00,0.00,0.00,1000.00,0.00
37272387813342140,20130313,1000.00,1000.00,0,0,0.00,0.00,0.00,1000.00,0.00
37272387813342140,20130316,1000.00,1000.00,0,0,0.00,0.00,0.00,1000.00,0.00
37272387813342140,20130317,1000.00,1000.00,0,0,0.00,0.00,0.00,1000.00,0.00
37272387813342140,20130318,1000.00,1000.00,0,0,0.00,0.00,0.00,1000.00,0.00
37272387813342140,20130325,1000.00,1000.00,0,0,0.00,0.00,0.00,1000.00,0.00
37272387813342140,20130326,1000.00,1000.00,0,0,0.00,0.00,0.00,1000.00,0.00
37272387813342140,20130327,1000.00,1000.00,0,0,0.00,0.00,0.00,1000.00,0.00
37272387813342140,20130330,1000.00,1000.00,0,0,0.00,0.00,0.00,1000.00,0.00
37272387813342140,20130331,1000.00,1000.00,0,0,0.00,0.00,0.00,1000.00,0.00
37272387813342140,20130403,1000.00,1000.00,0,0,0.00,0.00,0.00,1000.00,0.00
37272387813342140,20130406,1000.00,1000.00,0,0,0.00,0.00,0.00,1000.00,0.00
37272387813342140,20130407,1000.00,1000.00,0,0,0.00,0.00,0.00,1000.00,0.00
37272387813342140,20130408,1000.00,1000.00,0,0,0.00,0.00,0.00,1000.00,0.00
37272387813342140,20130409,1000.00,1000.00,0,0,0.00,0.00,0.00,1000.00,0.00
37272387813342140,20130410,1000.00,1000.00,0,0,0.00,0.00,0.00,1000.00,0.00
37272387813342140,20130413,1000.00,1000.00,0,0,0.00,0.00,0.00,1000.00,0.00
37272387813342140,20130415,1000.00,1000.00,0,0,0.00,0.00,0.00,1000.00,0.00
37272387813342140,20130416,1000.00,1000.00,0,0,0.00,0.00,0.00,1000.00,0.00
37272387813342140,20130417,1000.00,1000.00,0,0,0.00,0.00,0.00,1000.00,0.00
37272387813342140,20130420,1000.00,1000.00,0,0,0.00,0.00,0.00,1000.00,0.00
37272387813342140,20130421,1000.00,1000.00,0,0,0.00,0.00,0.00,1000.00,0.00
37272387813342140,20130422,1000.00,1000.00,0,0,0.00,0.00,0.00,1000.00,0.00
37272387813342140,20130423,1000.00,1000.00,0,0,0.00,0.00,0.00,1000.00,0.00
37272387813342140,20130424,1000.00,1000.00,0,0,0.00,0.00,0.00,1000.00,0.00
37272387813342140,20130427,1000.00,1000.00,0,0,0.00,0.00,0.00,1000.00,0.00
37272387813342140,20130428,1000.00,1000.00,0,0,0.00,0.00,0.00,1000.00,0.00
37272387813342140,20130429,1000.00,1000.00,0,0,0.00,0.00,0.00,1000.00,0.00
37272387813342140,20130430,1000.00,1000.00,0,0,0.00,0.00,0.00,1000.00,0.00
37272387813342140,20130501,1000.00,1000.00,0,0,0.00,0.00,0.00,1000.00,0.00
37272387813342140,20130504,1000.00,1000.00,0,0,0.00,0.00,0.00,1000.00,0.00
37272387813342140,20130505,1000.00,1000.00,0,0,0.00,0.00,0.00,1000.00,0.00
37272387813342140,20130506,1000.00,1000.00,0,0,0.00,0.00,0.00,1000.00,0.00
37272387813342140,20130507,1000.00,1000.00,0,0,0.00,0.00,0.00,1000.00,0.00
37272387813342140,20130508,1000.00,1000.00,0,0,0.00,0.00,0.00,1000.00,0.00
37272387813342140,20130511,1000.00,1000.00,0,0,0.00,0.00,0.00,1000.00,0.00
37272387813342140,20130512,1000.00,1000.00,0,0,0.00,0.00,0.00,1000.00,0.00
37272387813342140,20130513,1000.00,1000.00,0,0,0.00,0.00,0.00,1000.00,0.00
37272387813342140,20130514,1000.00,1000.00,0,0,0.00,0.00,0.00,1000.00,0.00
37272387813342140,20130515,1000.00,1000.00,0,0,0.00,0.00,0.00,1000.00,0.00
37272387813342140,20130518,1000.00,1000.00,0,0,0.00,0.00,0.00,1000.00,0.00
37272387813342140,20130519,1000.00,1000.00,0,0,0.00,0.00,0.00,1000.00,0.00
37272387813342140,20130520,1000.00,1000.00,0,0,0.00,0.00,0.00,1000.00,0.00
37272387813342140,20130521,1000.00,1000.00,0,0,0.00,0.00,0.00,1000.00,0.00
37272387813342140,20130522,1000.00,1000.00,0,0,0.00,0.00,0.00,1000.00,0.00
37272387813342140,20130525,1000.00,1000.00,0,0,0.00,0.00,0.00,1000.00,0.00
37272387813342140,20130526,1000.00,1000.00,0,0,0.00,0.00,0.00,1000.00,0.00
37272387813342140,20130527,1000.00,1000.00,0,0,0.00,0.00,0.00,1000.00,0.00
37272387813342140,20130528,1000.00,1000.00,0,0,0.00,0.00,0.00,1000.00,0.00
37272387813342140,20130529,1000.00,1000.00,0,0,0.00,0.00,0.00,1000.00,0.00
37272387813342140,20130601,1000.00,1000.00,0,0,0.00,0.00,0.00,1000.00,0.00
37272387813342140,20130602,1000.00,1000.00,0,0,0.00,0.00,0.00,1000.00,0.00
37272387813342140,20130603,1000.00,1000.00,0,0,0.00,0.00,0.00,1000.00,0.00
37272387813342140,20130608,1000.00,1000.00,0,0,0.00,0.00,0.00,1000.00,0.00
37272387813342140,20130609,1000.00,1000.00,0,0,0.00,0.00,0.00,1000.00,0.00
37272387813342140,20130610,1000.00,1000.00,0,0,0.00,0.00,0.00,1000.00,0.00
37272387813342140,20130611,1000.00,1000.00,0,0,0.00,0.00,0.00,1000.00,0.00
37272387813342140,20130612,1000.00,1000.00,0,0,0.00,0.00,0.00,1000.00,0.00
37272387813342140,20130615,1000.00,1000.00,0,0,0.00,0.00,0.00,1000.00,0.00
37272387813342140,20130616,1000.00,1000.00,0,0,0.00,0.00,0.00,1000.00,0.00
37272387813342140,20130617,1000.00,1000.00,0,0,0.00,0.00,0.00,1000.00,0.00
37272387813342140,20130618,1000.00,1000.00,0,0,0.00,0.00,0.00,1000.00,0.00
37272387813342140,20130619,1000.00,1000.00,0,0,0.00,0.00,0.00,1000.00,0.00
37272387813342140,20130622,1000.00,1000.00,0,0,0.00,0.00,0.00,1000.00,0.00
37272387813342140,20130623,1000.00,1000.00,0,0,0.00,0.00,0.00,1000.00,0.00
37272387813342140,20130625,1000.00,1000.00,0,0,0.00,0.00,0.00,1000.00,0.00
37272387813342140,20130626,1000.00,1000.00,0,0,0.00,0.00,0.00,1000.00,0.00
37272387813342140,20130629,1000.00,1000.00,0,0,0.00,0.00,0.00,1000.00,0.00
37272387813342140,20130630,1000.00,1000.00,0,0,0.00,0.00,0.00,1000.00,0.00
37272387813342140,20130701,1000.00,1000.00,0,0,0.00,0.00,0.00,1000.00,0.00
37272387813342140,20130702,1000.00,1000.00,0,0,0.00,0.00,0.00,1000.00,0.00
37272387813342140,20130703,1000.00,1000.00,0,0,0.00,0.00,0.00,1000.00,0.00
37272387813342140,20130706,1000.00,1000.00,0,0,0.00,0.00,0.00,1000.00,0.00
37272387813342140,20130707,1000.00,1000.00,0,0,0.00,0.00,0.00,1000.00,0.00
37272387813342140,20130708,1000.00,1000.00,0,0,0.00,0.00,0.00,1000.00,0.00
37272387813342140,20130709,1000.00,1000.00,0,0,0.00,0.00,0.00,1000.00,0.00
37272387813342140,20130710,1000.00,1000.00,0,0,0.00,0.00,0.00,1000.00,0.00
37272387813342140,20130713,1000.00,1000.00,0,0,0.00,0.00,0.00,1000.00,0.00
37272387813342140,20130714,1000.00,1000.00,0,0,0.00,0.00,0.00,1000.00,0.00
37272387813342140,20130715,1000.00,1000.00,0,0,0.00,0.00,0.00,1000.00,0.00
37272387813342140,20130716,1000.00,1000.00,0,0,0.00,0.00,0.00,1000.00,0.00
37272387813342140,20130717,1000.00,1000.00,0,0,0.00,0.00,0.00,1000.00,0.00
37272387813342140,20130720,1000.00,1000.00,0,0,0.00,0.00,0.00,1000.00,0.00
37272387813342140,20130721,1000.00,1000.00,0,0,0.00,0.00,0.00,1000.00,0.00
37272387813342140,20130722,1000.00,1000.00,0,0,0.00,0.00,0.00,1000.00,0.00
37272387813342140,20130723,1000.00,1000.00,0,0,0.00,0.00,0.00,1000.00,0.00
37272387813342140,20130724,1000.00,1000.00,0,0,0.00,0.00,0.00,1000.00,0.00
37272387813342140,20130727,1000.00,1000.00,0,0,0.00,0.00,0.00,1000.00,0.00
37272387813342140,20130728,1000.00,1000.00,0,0,0.00,0.00,0.00,1000.00,0.00
37272387813342140,20130729,1000.00,1000.00,0,0,0.00,0.00,0.00,1000.00,0.00
37272387813342140,20130731,1000.00,1000.00,0,0,0.00,0.00,0.00,1000.00,0.00
37272387813342140,20130803,1000.00,1000.00,0,0,0.00,0.00,0.00,1000.00,0.00
37272387813342140,20130804,1000.00,1000.00,0,0,0.00,0.00,0.00,1000.00,0.00
37272387813342140,20130805,1000.00,1000.00,0,0,0.00,0.00,0.00,1000.00,0.00
37272387813342140,20130806,1000.00,1000.00,0,0,0.00,0.00,0.00,1000.00,0.00
37272387813342140,20130807,1000.00,1000.00,0,0,0.00,0.00,0.00,1000.00,0.00
37272387813342140,20130810,1000.00,1000.00,0,0,0.00,0.00,0.00,1000.00,0.00
37272387813342140,20130811,1000.00,1000.00,0,0,0.00,0.00,0.00,1000.00,0.00
37272387813342140,20130812,1000.00,1000.00,0,0,0.00,0.00,0.00,1000.00,0.00
37272387813342140,20130813,1000.00,1000.00,0,0,0.00,0.00,0.00,1000.00,0.00
37272387813342140,20130814,1000.00,1000.00,0,0,0.00,0.00,0.00,1000.00,0.00
37272387813342140,20130817,1000.00,1000.00,0,0,0.00,0.00,0.00,1000.00,0.00
37272387813342140,20130818,1000.00,1000.00,0,0,0.00,0.00,0.00,1000.00,0.00
37272387813342140,20130819,1000.00,1000.00,0,0,0.00,0.00,0.00,1000.00,0.00
37272387813342140,20130820,1000.00,1000.00,0,0,0.00,0.00,0.00,1000.00,0.00
37272387813342140,20130821,1000.00,1000.00,0,0,0.00,0.00,0.00,1000.00,0.00
37272387813342140,20130824,1000.00,1000.00,0,0,0.00,0.00,0.00,1000.00,0.00
37272387813342140,20130825,1000.00,1000.00,0,0,0.00,0.00,0.00,1000.00,0.00
37272387813342140,20130826,1000.00,1000.00,0,0,0.00,0.00,0.00,1000.00,0.00
37272387813342140,20130827,1000.00,1000.00,0,0,0.00,0.00,0.00,1000.00,0.00
37272387813342140,20130828,1000.00,1000.00,0,0,0.00,0.00,0.00,1000.00,0.00
37272387813342140,20130831,1000.00,1000.00,0,0,0.00,0.00,0.00,1000.00,0.00
37272387813342140,20130901,1000.00,1000.00,0,0,0.00,0.00,0.00,1000.00,0.00
37272387813342140,20130903,1000.00,1000.00,0,0,0.00,0.00,0.00,1000.00,0.00
37272387813342140,20130904,1000.00,1000.00,0,0,0.00,0.00,0.00,1000.00,0.00
37272387813342140,20130907,1000.00,1000.00,0,0,0.00,0.00,0.00,1000.00,0.00
37272387813342140,20130908,1000.00,1000.00,0,0,0.00,0.00,0.00,1000.00,0.00
37272387813342140,20130909,1000.00,1000.00,0,0,0.00,0.00,0.00,1000.00,0.00
37272387813342140,20130910,1000.00,1000.00,0,0,0.00,0.00,0.00,1000.00,0.00
37272387813342140,20130911,1000.00,1000.00,0,0,0.00,0.00,0.00,1000.00,0.00
37272387813342140,20130914,1000.00,1000.00,0,0,0.00,0.00,0.00,1000.00,0.00
37272387813342140,20130915,1000.00,1000.00,0,0,0.00,0.00,0.00,1000.00,0.00
37272387813342140,20130916,1000.00,1000.00,0,0,0.00,0.00,0.00,1000.00,0.00
37272387813342140,20130917,1000.00,1000.00,0,0,0.00,0.00,0.00,1000.00,0.00
37272387813342140,20130918,1000.00,1000.00,0,0,0.00,0.00,0.00,1000.00,0.00
37272387813342140,20130921,1000.00,1000.00,0,0,0.00,0.00,0.00,1000.00,0.00
37272387813342140,20130922,1000.00,1000.00,0,0,0.00,0.00,0.00,1000.00,0.00
37272387813342140,20130923,1000.00,1000.00,0,0,0.00,0.00,0.00,1000.00,0.00
37272387813342140,20130924,1000.00,1000.00,0,0,0.00,0.00,0.00,1000.00,0.00
37272387813342140,20130925,1000.00,1000.00,0,0,0.00,0.00,0.00,1000.00,0.00
37272387813342140,20130928,1000.00,1000.00,0,0,0.00,0.00,0.00,1000.00,0.00
37272387813342140,20130929,1000.00,1000.00,0,0,0.00,0.00,0.00,1000.00,0.00
37272387813342140,20130930,1000.00,1000.00,0,0,0.00,0.00,0.00,1000.00,0.00
37272387813342140,20131001,1000.00,1000.00,0,0,0.00,0.00,0.00,1000.00,0.00
37272387813342140,20131002,1000.00,1000.00,0,0,0.00,0.00,0.00,1000.00,0.00
37272387813342140,20131005,1000.00,1000.00,0,0,0.00,0.00,0.00,1000.00,0.00
37272387813342140,20131006,1000.00,1000.00,0,0,0.00,0.00,0.00,1000.00,0.00
37272387813342140,20131007,1000.00,1000.00,0,0,0.00,0.00,0.00,1000.00,0.00
37272387813342140,20131008,1000.00,1000.00,0,0,0.00,0.00,0.00,1000.00,0.00
37272387813342140,20131009,1000.00,1000.00,0,0,0.00,0.00,0.00,1000.00,0.00
37272387813342140,20131012,1000.00,1000.00,0,0,0.00,0.00,0.00,1000.00,0.00
37272387813342140,20131013,1000.00,1000.00,0,0,0.00,0.00,0.00,1000.00,0.00
37272387813342140,20131014,1000.00,1000.00,0,0,0.00,0.00,0.00,1000.00,0.00
37272387813342140,20131015,1000.00,1000.00,0,0,0.00,0.00,0.00,1000.00,0.00
37272387813342140,20131019,1000.00,1000.00,0,0,0.00,0.00,0.00,1000.00,0.00
37272387813342140,20131020,1000.00,1000.00,0,0,0.00,0.00,0.00,1000.00,0.00
37272387813342140,20131021,1000.00,1000.00,0,0,0.00,0.00,0.00,1000.00,0.00
37272387813342140,20131022,1000.00,1000.00,0,0,0.00,0.00,0.00,1000.00,0.00
37272387813342140,20131023,1000.00,1000.00,0,0,0.00,0.00,0.00,1000.00,0.00
37272387813342140,20131026,1000.00,1000.00,0,0,0.00,0.00,0.00,1000.00,0.00
37272387813342140,20131027,1000.00,1000.00,0,0,0.00,0.00,0.00,1000.00,0.00
37272387813342140,20131028,1000.00,1000.00,0,0,0.00,0.00,0.00,1000.00,0.00
37272387813342140,20131029,1000.00,1000.00,0,0,0.00,0.00,0.00,1000.00,0.00
37272387813342140,20131030,1000.00,1000.00,0,0,0.00,0.00,0.00,1000.00,0.00
37272387813342140,20131102,1000.00,1000.00,0,0,0.00,0.00,0.00,1000.00,0.00
37272387813342140,20131103,1000.00,1000.00,0,0,0.00,0.00,0.00,1000.00,0.00
37272387813342140,20131104,1000.00,1000.00,0,0,0.00,0.00,0.00,1000.00,0.00
37272387813342140,20131105,1000.00,1000.00,0,0,0.00,0.00,0.00,1000.00,0.00
37272387813342140,20131106,1000.00,1000.00,0,0,0.00,0.00,0.00,1000.00,0.00
37272387813342140,20131109,1000.00,1000.00,0,0,0.00,0.00,0.00,1000.00,0.00
37272387813342140,20131110,1000.00,1000.00,0,0,0.00,0.00,0.00,1000.00,0.00
37272387813342140,20131111,1000.00,1000.00,0,0,0.00,0.00,0.00,1000.00,0.00
37272387813342140,20131112,1000.00,1000.00,0,0,0.00,0.00,0.00,1000.00,0.00
37272387813342140,20131116,1000.00,1000.00,0,0,0.00,0.00,0.00,1000.00,0.00
37272387813342140,20131117,1000.00,1000.00,0,0,0.00,0.00,0.00,1000.00,0.00
37272387813342140,20131118,1000.00,1000.00,0,0,0.00,0.00,0.00,1000.00,0.00
37272387813342140,20131119,1000.00,1000.00,0,0,0.00,0.00,0.00,1000.00,0.00
37272387813342140,20131120,1000.00,1000.00,0,0,0.00,0.00,0.00,1000.00,0.00
37272387813342140,20131123,1000.00,1000.00,0,0,0.00,0.00,0.00,1000.00,0.00
37272387813342140,20131124,1000.00,1000.00,0,0,0.00,0.00,0.00,1000.00,0.00
37272387813342140,20131125,1000.00,1000.00,0,0,0.00,0.00,0.00,1000.00,0.00
37272387813342140,20131126,1000.00,1000.00,0,0,0.00,0.00,0.00,1000.00,0.00
37272387813342140,20131127,1000.00,1000.00,0,0,0.00,0.00,0.00,1000.00,0.00
37272387813342140,20131130,1000.00,1000.00,0,0,0.00,0.00,0.00,1000.00,0.00
37272387813342140,20131201,1000.00,1000.00,0,0,0.00,0.00,0.00,1000.00,0.00
37272387813342140,20131202,1000.00,1000.00,0,0,0.00,0.00,0.00,1000.00,0.00
37272387813342140,20131203,1000.00,1000.00,0,0,0.00,0.00,0.00,1000.00,0.00
37272387813342140,20131204,1000.00,1000.00,0,0,0.00,0.00,0.00,1000.00,0.00
37272387813342140,20131207,1000.00,1000.00,0,0,0.00,0.00,0.00,1000.00,0.00
37272387813342140,20131208,1000.00,1000.00,0,0,0.00,0.00,0.00,1000.00,0.00
37272387813342140,20131209,1000.00,1000.00,0,0,0.00,0.00,0.00,1000.00,0.00
37272387813342140,20131210,1000.00,1000.00,0,0,0.00,0.00,0.00,1000.00,0.00
37272387813342140,20131211,1000.00,1000.00,0,0,0.00,0.00,0.00,1000.00,0.00
37272387813342140,20131214,1000.00,1000.00,0,0,0.00,0.00,0.00,1000.00,0.00
37272387813342140,20131215,1000.00,1000.00,0,0,0.00,0.00,0.00,1000.00,0.00
37272387813342140,20131216,1000.00,1000.00,0,0,0.00,0.00,0.00,1000.00,0.00
37272387813342140,20131217,1000.00,1000.00,0,0,0.00,0.00,0.00,1000.00,0.00
37272387813342140,20131218,1000.00,1000.00,0,0,0.00,0.00,0.00,1000.00,0.00
37272387813342140,20131221,1000.00,1000.00,0,0,0.00,0.00,0.00,1000.00,0.00
37272387813342140,20131222,1000.00,1000.00,0,0,0.00,0.00,0.00,1000.00,0.00
37272387813342140,20131224,1000.00,1000.00,0,0,0.00,0.00,0.00,1000.00,0.00
37272387813342140,20131225,1000.00,1000.00,0,0,0.00,0.00,0.00,1000.00,0.00
37272387813342140,20131228,1000.00,1000.00,0,0,0.00,0.00,0.00,1000.00,0.00
37272387813342140,20131229,1000.00,1000.00,0,0,0.00,0.00,0.00,1000.00,0.00
37272387813342140,20131230,1000.00,1000.00,0,0,0.00,0.00,0.00,1000.00,0.00
37272387813342140,20140101,1000.00,1000.00,0,0,0.00,0.00,0.00,1000.00,0.00
37272387813342140,20140104,1000.00,1000.00,0,0,0.00,0.00,0.00,1000.00,0.00
37272387813342140,20140105,1000.00,1000.00,0,0,0.00,0.00,0.00,1000.00,0.00
37272387813342140,20140106,1000.00,1000.00,0,0,0.00,0.00,0.00,1000.00,0.00
37272387813342140,20140107,1000.00,1000.00,0,0,0.00,0.00,0.00,1000.00,0.00
37272387813342140,20140108,1000.00,1000.00,0,0,0.00,0.00,0.00,1000.00,0.00
37272387813342140,20140111,1000.00,1000.00,0,0,0.00,0.00,0.00,1000.00,0.00
37272387813342140,20140112,1000.00,1000.00,0,0,0.00,0.00,0.00,1000.00,0.00
37272387813342140,20140113,1000.00,1000.00,0,0,0.00,0.00,0.00,1000.00,0.00
37272387813342140,20140114,1000.00,1000.00,0,0,0.00,0.00,0.00,1000.00,0.00
37272387813342140,20140115,1000.00,1000.00,0,0,0.00,0.00,0.00,1000.00,0.00
37272387813342140,20140118,1000.00,1000.00,0,0,0.00,0.00,0.00,1000.00,0.00
37272387813342140,20140120,1000.00,1000.00,0,0,0.00,0.00,0.00,1000.00,0.00
37272387813342140,20140121,1000.00,1000.00,0,0,0.00,0.00,0.00,1000.00,0.00
37272387813342140,20140122,1000.00,1000.00,0,0,0.00,0.00,0.00,1000.00,0.00
37272387813342140,20140125,1000.00,1000.00,0,0,0.00,0.00,0.00,1000.00,0.00
37272387813342140,20140126,1000.00,1000.00,0,0,0.00,0.00,0.00,1000.00,0.00
37272387813342140,20140127,1000.00,1000.00,0,0,0.00,0.00,0.00,1000.00,0.00
37272387813342140,20140128,1000.00,1000.00,0,0,0.00,0.00,0.00,1000.00,0.00
37272387813342140,20140129,1000.00,1000.00,0,0,0.00,0.00,0.00,1000.00,0.00
37272387813342140,20140201,1000.00,1000.00,0,0,0.00,0.00,0.00,1000.00,0.00
37272387813342140,20140202,1000.00,1000.00,0,0,0.00,0.00,0.00,1000.00,0.00
37272387813342140,20140203,1000.00,1000.00,0,0,0.00,0.00,0.00,1000.00,0.00
37272387813342140,20140204,1000.00,1000.00,0,0,0.00,0.00,0.00,1000.00,0.00
37272387813342140,20140205,1000.00,1000.00,0,0,0.00,0.00,0.00,1000.00,0.00
37272387813342140,20140208,4000.00,4000.00,1,300000,1200000000.00,4000.00,4000.00,1000.00,4000.00
37272387813342140,20140209,4000.00,4000.00,0,0,0.00,0.00,0.00,4000.00,0.00
37272387813342140,20140210,4000.00,4000.00,0,0,0.00,0.00,0.00,4000.00,0.00
37272387813342140,20140212,4000.00,4000.00,0,0,0.00,0.00,0.00,4000.00,0.00
37272387813342140,20140215,4000.00,4000.00,0,0,0.00,0.00,0.00,4000.00,0.00
37272387813342140,20140216,4000.00,4000.00,0,0,0.00,0.00,0.00,4000.00,0.00
37272387813342140,20140217,4000.00,4000.00,0,0,0.00,0.00,0.00,4000.00,0.00
37272387813342140,20140218,4000.00,4000.00,0,0,0.00,0.00,0.00,4000.00,0.00
37272387813342140,20140219,4000.00,4000.00,0,0,0.00,0.00,0.00,4000.00,0.00
37272387813342140,20140222,4000.00,4000.00,0,0,0.00,0.00,0.00,4000.00,0.00
37272387813342140,20140223,4000.00,4000.00,0,0,0.00,0.00,0.00,4000.00,0.00
37272387813342140,20140224,4000.00,4000.00,0,0,0.00,0.00,0.00,4000.00,0.00
37272387813342140,20140225,4000.00,4000.00,0,0,0.00,0.00,0.00,4000.00,0.00
37272387813342140,20140226,4000.00,4000.00,0,0,0.00,0.00,0.00,4000.00,0.00
37272387813342140,20140301,4000.00,4000.00,0,0,0.00,0.00,0.00,4000.00,0.00
37272387813342140,20140302,4000.00,4000.00,0,0,0.00,0.00,0.00,4000.00,0.00
37272387813342140,20140303,4000.00,4000.00,0,0,0.00,0.00,0.00,4000.00,0.00
37272387813342140,20140304,4000.00,4000.00,0,0,0.00,0.00,0.00,4000.00,0.00
37272387813342140,20140305,4000.00,4000.00,0,0,0.00,0.00,0.00,4000.00,0.00
37272387813342140,20140308,4000.00,4000.00,0,0,0.00,0.00,0.00,4000.00,0.00
37272387813342140,20140309,4000.00,4000.00,0,0,0.00,0.00,0.00,4000.00,0.00
37272387813342140,20140310,4000.00,4000.00,0,0,0.00,0.00,0.00,4000.00,0.00
37272387813342140,20140311,1000.00,1000.00,1,250000,250000000.00,1000.00,1000.00,4000.00,1000.00
37272387813342140,20140312,1000.00,1000.00,0,0,0.00,0.00,0.00,1000.00,0.00
37272387813342140,20140315,1000.00,1000.00,0,0,0.00,0.00,0.00,1000.00,0.00
37272387813342140,20140316,1000.00,1000.00,0,0,0.00,0.00,0.00,1000.00,0.00
37272387813342140,20140317,1000.00,1000.00,0,0,0.00,0.00,0.00,1000.00,0.00
37272387813342140,20140318,1000.00,1000.00,0,0,0.00,0.00,0.00,1000.00,0.00
37272387813342140,20140319,1000.00,1000.00,0,0,0.00,0.00,0.00,1000.00,0.00
37272387813342140,20140325,1000.00,1000.00,0,0,0.00,0.00,0.00,1000.00,0.00
37272387813342140,20140326,1000.00,1000.00,0,0,0.00,0.00,0.00,1000.00,0.00
37272387813342140,20140329,1000.00,1000.00,0,0,0.00,0.00,0.00,1000.00,0.00
37272387813342140,20140330,1000.00,1000.00,0,0,0.00,0.00,0.00,1000.00,0.00
37272387813342140,20140331,1000.00,1000.00,0,0,0.00,0.00,0.00,1000.00,0.00
37272387813342140,20140405,1000.00,1000.00,0,0,0.00,0.00,0.00,1000.00,0.00
37272387813342140,20140406,1000.00,1000.00,0,0,0.00,0.00,0.00,1000.00,0.00
37272387813342140,20140407,1000.00,1000.00,0,0,0.00,0.00,0.00,1000.00,0.00
37272387813342140,20140408,1000.00,1000.00,0,0,0.00,0.00,0.00,1000.00,0.00
37272387813342140,20140409,1000.00,1000.00,0,0,0.00,0.00,0.00,1000.00,0.00
37272387813342140,20140412,1000.00,1000.00,0,0,0.00,0.00,0.00,1000.00,0.00
37272387813342140,20140413,1000.00,1000.00,0,0,0.00,0.00,0.00,1000.00,0.00
37272387813342140,20140414,1000.00,1000.00,0,0,0.00,0.00,0.00,1000.00,0.00
37272387813342140,20140415,1000.00,1000.00,0,0,0.00,0.00,0.00,1000.00,0.00
37272387813342140,20140416,19500.00,19500.00,1,2000,39000000.00,19500.00,19500.00,1000.00,19500.00
37272387813342140,20140419,19500.00,19500.00,0,0,0.00,0.00,0.00,19500.00,0.00
37272387813342140,20140420,19500.00,19500.00,0,0,0.00,0.00,0.00,19500.00,0.00
37272387813342140,20140421,19500.00,19500.00,0,0,0.00,0.00,0.00,19500.00,0.00
37272387813342140,20140422,19500.00,19500.00,0,0,0.00,0.00,0.00,19500.00,0.00
37272387813342140,20140423,19500.00,19500.00,0,0,0.00,0.00,0.00,19500.00,0.00
37272387813342140,20140426,19500.00,19500.00,0,0,0.00,0.00,0.00,19500.00,0.00
37272387813342140,20140427,19500.00,19500.00,0,0,0.00,0.00,0.00,19500.00,0.00
37272387813342140,20140428,19500.00,19500.00,0,0,0.00,0.00,0.00,19500.00,0.00
37272387813342140,20140429,19500.00,19500.00,0,0,0.00,0.00,0.00,19500.00,0.00
37272387813342140,20140430,19500.00,19500.00,0,0,0.00,0.00,0.00,19500.00,0.00
37272387813342140,20140503,19500.00,19500.00,0,0,0.00,0.00,0.00,19500.00,0.00
37272387813342140,20140504,19500.00,19500.00,0,0,0.00,0.00,0.00,19500.00,0.00
37272387813342140,20140505,19500.00,19500.00,0,0,0.00,0.00,0.00,19500.00,0.00
37272387813342140,20140506,19500.00,19500.00,0,0,0.00,0.00,0.00,19500.00,0.00
37272387813342140,20140507,19500.00,19500.00,0,0,0.00,0.00,0.00,19500.00,0.00
37272387813342140,20140510,19500.00,19500.00,0,0,0.00,0.00,0.00,19500.00,0.00
37272387813342140,20140511,19500.00,19500.00,0,0,0.00,0.00,0.00,19500.00,0.00
37272387813342140,20140512,19500.00,19500.00,0,0,0.00,0.00,0.00,19500.00,0.00
37272387813342140,20140514,19500.00,19500.00,0,0,0.00,0.00,0.00,19500.00,0.00
37272387813342140,20140517,19500.00,19500.00,0,0,0.00,0.00,0.00,19500.00,0.00
37272387813342140,20140518,19500.00,19500.00,0,0,0.00,0.00,0.00,19500.00,0.00
37272387813342140,20140519,19500.00,19500.00,0,0,0.00,0.00,0.00,19500.00,0.00
37272387813342140,20140520,19500.00,19500.00,0,0,0.00,0.00,0.00,19500.00,0.00
37272387813342140,20140521,19500.00,19500.00,0,0,0.00,0.00,0.00,19500.00,0.00
37272387813342140,20140524,19500.00,19500.00,0,0,0.00,0.00,0.00,19500.00,0.00
37272387813342140,20140525,19500.00,19500.00,0,0,0.00,0.00,0.00,19500.00,0.00
37272387813342140,20140526,19500.00,19500.00,2,30500,594750000.00,19500.00,19500.00,19500.00,19500.00
37272387813342140,20140528,19500.00,19500.00,0,0,0.00,0.00,0.00,19500.00,0.00
37272387813342140,20140531,19500.00,19500.00,0,0,0.00,0.00,0.00,19500.00,0.00
37272387813342140,20140601,19500.00,19500.00,0,0,0.00,0.00,0.00,19500.00,0.00
37272387813342140,20140602,19500.00,19500.00,0,0,0.00,0.00,0.00,19500.00,0.00
37272387813342140,20140603,19500.00,19500.00,0,0,0.00,0.00,0.00,19500.00,0.00
37272387813342140,20140607,19500.00,19500.00,0,0,0.00,0.00,0.00,19500.00,0.00
37272387813342140,20140608,19500.00,19500.00,0,0,0.00,0.00,0.00,19500.00,0.00
37272387813342140,20140609,19500.00,19500.00,0,0,0.00,0.00,0.00,19500.00,0.00
37272387813342140,20140610,19500.00,19500.00,0,0,0.00,0.00,0.00,19500.00,0.00
37272387813342140,20140611,19500.00,19500.00,0,0,0.00,0.00,0.00,19500.00,0.00
37272387813342140,20140614,19500.00,19500.00,0,0,0.00,0.00,0.00,19500.00,0.00
37272387813342140,20140615,19500.00,19500.00,0,0,0.00,0.00,0.00,19500.00,0.00
37272387813342140,20140616,19500.00,19500.00,0,0,0.00,0.00,0.00,19500.00,0.00
37272387813342140,20140617,19500.00,19500.00,0,0,0.00,0.00,0.00,19500.00,0.00
37272387813342140,20140618,19500.00,19500.00,1,1000,19500000.00,19500.00,19500.00,19500.00,19500.00
37272387813342140,20140621,19500.00,19500.00,0,0,0.00,0.00,0.00,19500.00,0.00
37272387813342140,20140622,19500.00,19500.00,0,0,0.00,0.00,0.00,19500.00,0.00
37272387813342140,20140623,19500.00,19500.00,0,0,0.00,0.00,0.00,19500.00,0.00
37272387813342140,20140624,19500.00,19500.00,0,0,0.00,0.00,0.00,19500.00,0.00
37272387813342140,20140625,19500.00,19500.00,0,0,0.00,0.00,0.00,19500.00,0.00
37272387813342140,20140628,19500.00,19500.00,0,0,0.00,0.00,0.00,19500.00,0.00
37272387813342140,20140629,19500.00,19500.00,0,0,0.00,0.00,0.00,19500.00,0.00
37272387813342140,20140630,19500.00,19500.00,0,0,0.00,0.00,0.00,19500.00,0.00
37272387813342140,20140701,19400.00,19500.00,0,0,0.00,0.00,0.00,19400.00,0.00
37272387813342140,20140702,19400.00,19500.00,0,0,0.00,0.00,0.00,19400.00,0.00
37272387813342140,20140705,19400.00,19500.00,0,0,0.00,0.00,0.00,19400.00,0.00
37272387813342140,20140706,19400.00,19500.00,0,0,0.00,0.00,0.00,19400.00,0.00
37272387813342140,20140707,19400.00,19500.00,0,0,0.00,0.00,0.00,19400.00,0.00
37272387813342140,20140708,19400.00,19500.00,0,0,0.00,0.00,0.00,19400.00,0.00
37272387813342140,20140709,19400.00,19500.00,0,0,0.00,0.00,0.00,19400.00,0.00
37272387813342140,20140712,7133.00,19500.00,0,0,0.00,0.00,0.00,7133.00,0.00
37272387813342140,20140713,7133.00,19500.00,0,0,0.00,0.00,0.00,7133.00,0.00
37272387813342140,20140714,7133.00,19500.00,0,0,0.00,0.00,0.00,7133.00,0.00
37272387813342140,20140715,7133.00,19500.00,0,0,0.00,0.00,0.00,7133.00,0.00
37272387813342140,20140716,7133.00,19500.00,0,0,0.00,0.00,0.00,7133.00,0.00
37272387813342140,20140720,7133.00,19500.00,0,0,0.00,0.00,0.00,7133.00,0.00
37272387813342140,20140721,7133.00,19500.00,0,0,0.00,0.00,0.00,7133.00,0.00
37272387813342140,20140722,7133.00,19500.00,0,0,0.00,0.00,0.00,7133.00,0.00
37272387813342140,20140723,7133.00,19500.00,0,0,0.00,0.00,0.00,7133.00,0.00
37272387813342140,20140726,7133.00,19500.00,0,0,0.00,0.00,0.00,7133.00,0.00
37272387813342140,20140727,7133.00,19500.00,0,0,0.00,0.00,0.00,7133.00,0.00
37272387813342140,20140728,7133.00,19500.00,0,0,0.00,0.00,0.00,7133.00,0.00
37272387813342140,20140802,7133.00,19500.00,0,0,0.00,0.00,0.00,7133.00,0.00
37272387813342140,20140803,7133.00,19500.00,0,0,0.00,0.00,0.00,7133.00,0.00
37272387813342140,20140804,7133.00,19500.00,0,0,0.00,0.00,0.00,7133.00,0.00
37272387813342140,20140805,7133.00,19500.00,0,0,0.00,0.00,0.00,7133.00,0.00
37272387813342140,20140806,7133.00,19500.00,0,0,0.00,0.00,0.00,7133.00,0.00
37272387813342140,20140809,7133.00,19500.00,0,0,0.00,0.00,0.00,7133.00,0.00
37272387813342140,20140810,7133.00,19500.00,0,0,0.00,0.00,0.00,7133.00,0.00
37272387813342140,20140811,7133.00,19500.00,0,0,0.00,0.00,0.00,7133.00,0.00
37272387813342140,20140812,7133.00,19500.00,0,0,0.00,0.00,0.00,7133.00,0.00
37272387813342140,20140813,7133.00,19500.00,0,0,0.00,0.00,0.00,7133.00,0.00
37272387813342140,20140816,7133.00,19500.00,0,0,0.00,0.00,0.00,7133.00,0.00
37272387813342140,20140817,7133.00,19500.00,0,0,0.00,0.00,0.00,7133.00,0.00
37272387813342140,20140818,7133.00,19500.00,0,0,0.00,0.00,0.00,7133.00,0.00
37272387813342140,20140819,7133.00,19500.00,0,0,0.00,0.00,0.00,7133.00,0.00
37272387813342140,20140820,7133.00,19500.00,0,0,0.00,0.00,0.00,7133.00,0.00
37272387813342140,20140823,7133.00,19500.00,0,0,0.00,0.00,0.00,7133.00,0.00
37272387813342140,20140824,7133.00,19500.00,0,0,0.00,0.00,0.00,7133.00,0.00
37272387813342140,20140825,7133.00,19500.00,0,0,0.00,0.00,0.00,7133.00,0.00
37272387813342140,20140826,7133.00,19500.00,0,0,0.00,0.00,0.00,7133.00,0.00
37272387813342140,20140827,7133.00,19500.00,0,0,0.00,0.00,0.00,7133.00,0.00
37272387813342140,20140830,7133.00,19500.00,0,0,0.00,0.00,0.00,7133.00,0.00
37272387813342140,20140831,7133.00,19500.00,0,0,0.00,0.00,0.00,7133.00,0.00
37272387813342140,20140901,7133.00,19500.00,0,0,0.00,0.00,0.00,7133.00,0.00
37272387813342140,20140902,7133.00,19500.00,0,0,0.00,0.00,0.00,7133.00,0.00
37272387813342140,20140903,7133.00,19500.00,0,0,0.00,0.00,0.00,7133.00,0.00
37272387813342140,20140906,7133.00,19500.00,0,0,0.00,0.00,0.00,7133.00,0.00
37272387813342140,20140907,7133.00,19500.00,0,0,0.00,0.00,0.00,7133.00,0.00
37272387813342140,20140908,7133.00,19500.00,0,0,0.00,0.00,0.00,7133.00,0.00
37272387813342140,20140909,7133.00,19500.00,0,0,0.00,0.00,0.00,7133.00,0.00
37272387813342140,20140910,7133.00,19500.00,0,0,0.00,0.00,0.00,7133.00,0.00
37272387813342140,20140913,7133.00,19500.00,0,0,0.00,0.00,0.00,7133.00,0.00
37272387813342140,20140914,7133.00,19500.00,0,0,0.00,0.00,0.00,7133.00,0.00
37272387813342140,20140915,7133.00,19500.00,0,0,0.00,0.00,0.00,7133.00,0.00
37272387813342140,20140916,7133.00,19500.00,0,0,0.00,0.00,0.00,7133.00,0.00
37272387813342140,20140917,7133.00,19500.00,0,0,0.00,0.00,0.00,7133.00,0.00
37272387813342140,20140920,7133.00,19500.00,0,0,0.00,0.00,0.00,7133.00,0.00
37272387813342140,20140921,7133.00,19500.00,0,0,0.00,0.00,0.00,7133.00,0.00
37272387813342140,20140922,7133.00,19500.00,0,0,0.00,0.00,0.00,7133.00,0.00
37272387813342140,20140923,7133.00,19500.00,0,0,0.00,0.00,0.00,7133.00,0.00
37272387813342140,20140924,7133.00,19500.00,0,0,0.00,0.00,0.00,7133.00,0.00
37272387813342140,20140927,7133.00,19500.00,0,0,0.00,0.00,0.00,7133.00,0.00
37272387813342140,20140928,7133.00,19500.00,0,0,0.00,0.00,0.00,7133.00,0.00
37272387813342140,20140929,7133.00,19500.00,0,0,0.00,0.00,0.00,7133.00,0.00
37272387813342140,20140930,7133.00,19500.00,0,0,0.00,0.00,0.00,7133.00,0.00
37272387813342140,20141001,7900.00,7900.00,1,225000,1777500000.00,7900.00,7900.00,7133.00,7900.00
37272387813342140,20141004,7900.00,7900.00,0,0,0.00,0.00,0.00,7900.00,0.00
37272387813342140,20141006,7900.00,7900.00,0,0,0.00,0.00,0.00,7900.00,0.00
37272387813342140,20141007,7900.00,7900.00,0,0,0.00,0.00,0.00,7900.00,0.00
37272387813342140,20141008,7900.00,7900.00,0,0,0.00,0.00,0.00,7900.00,0.00
37272387813342140,20141011,7900.00,7900.00,0,0,0.00,0.00,0.00,7900.00,0.00
37272387813342140,20141012,7900.00,7900.00,0,0,0.00,0.00,0.00,7900.00,0.00
37272387813342140,20141014,7900.00,7900.00,0,0,0.00,0.00,0.00,7900.00,0.00
37272387813342140,20141015,7900.00,7900.00,0,0,0.00,0.00,0.00,7900.00,0.00
37272387813342140,20141018,7900.00,7900.00,0,0,0.00,0.00,0.00,7900.00,0.00
37272387813342140,20141019,7900.00,7900.00,0,0,0.00,0.00,0.00,7900.00,0.00
37272387813342140,20141020,7900.00,7900.00,0,0,0.00,0.00,0.00,7900.00,0.00
37272387813342140,20141021,7900.00,7900.00,0,0,0.00,0.00,0.00,7900.00,0.00
37272387813342140,20141022,7900.00,7900.00,0,0,0.00,0.00,0.00,7900.00,0.00
37272387813342140,20141025,7900.00,7900.00,0,0,0.00,0.00,0.00,7900.00,0.00
37272387813342140,20141026,7900.00,7900.00,0,0,0.00,0.00,0.00,7900.00,0.00
37272387813342140,20141027,7900.00,7900.00,0,0,0.00,0.00,0.00,7900.00,0.00
37272387813342140,20141028,7900.00,7900.00,0,0,0.00,0.00,0.00,7900.00,0.00
37272387813342140,20141029,7900.00,7900.00,0,0,0.00,0.00,0.00,7900.00,0.00
37272387813342140,20141101,7900.00,7900.00,0,0,0.00,0.00,0.00,7900.00,0.00
37272387813342140,20141102,7900.00,7900.00,0,0,0.00,0.00,0.00,7900.00,0.00
37272387813342140,20141105,7900.00,7900.00,0,0,0.00,0.00,0.00,7900.00,0.00
37272387813342140,20141108,7900.00,7900.00,0,0,0.00,0.00,0.00,7900.00,0.00
37272387813342140,20141109,7900.00,7900.00,0,0,0.00,0.00,0.00,7900.00,0.00
37272387813342140,20141110,7900.00,7900.00,0,0,0.00,0.00,0.00,7900.00,0.00
37272387813342140,20141111,7900.00,7900.00,0,0,0.00,0.00,0.00,7900.00,0.00
37272387813342140,20141112,7900.00,7900.00,0,0,0.00,0.00,0.00,7900.00,0.00
37272387813342140,20141115,7900.00,7900.00,0,0,0.00,0.00,0.00,7900.00,0.00
37272387813342140,20141116,7900.00,7900.00,0,0,0.00,0.00,0.00,7900.00,0.00
37272387813342140,20141117,7900.00,7900.00,0,0,0.00,0.00,0.00,7900.00,0.00
37272387813342140,20141118,7900.00,7900.00,0,0,0.00,0.00,0.00,7900.00,0.00
37272387813342140,20141119,7900.00,7900.00,0,0,0.00,0.00,0.00,7900.00,0.00
37272387813342140,20141122,7900.00,7900.00,0,0,0.00,0.00,0.00,7900.00,0.00
37272387813342140,20141123,7900.00,7900.00,0,0,0.00,0.00,0.00,7900.00,0.00
37272387813342140,20141124,7900.00,7900.00,0,0,0.00,0.00,0.00,7900.00,0.00
37272387813342140,20141125,7900.00,7900.00,0,0,0.00,0.00,0.00,7900.00,0.00
37272387813342140,20141126,7900.00,7900.00,0,0,0.00,0.00,0.00,7900.00,0.00
37272387813342140,20141129,7900.00,7900.00,0,0,0.00,0.00,0.00,7900.00,0.00
37272387813342140,20141130,7900.00,7900.00,0,0,0.00,0.00,0.00,7900.00,0.00
37272387813342140,20141201,7900.00,7900.00,0,0,0.00,0.00,0.00,7900.00,0.00
37272387813342140,20141202,7900.00,7900.00,0,0,0.00,0.00,0.00,7900.00,0.00
37272387813342140,20141203,7900.00,7900.00,0,0,0.00,0.00,0.00,7900.00,0.00
37272387813342140,20141206,7900.00,7900.00,0,0,0.00,0.00,0.00,7900.00,0.00
37272387813342140,20141207,7900.00,7900.00,0,0,0.00,0.00,0.00,7900.00,0.00
37272387813342140,20141208,7900.00,7900.00,0,0,0.00,0.00,0.00,7900.00,0.00
37272387813342140,20141209,7900.00,7900.00,0,0,0.00,0.00,0.00,7900.00,0.00
37272387813342140,20141210,7900.00,7900.00,0,0,0.00,0.00,0.00,7900.00,0.00
37272387813342140,20141214,7900.00,7900.00,0,0,0.00,0.00,0.00,7900.00,0.00
37272387813342140,20141215,7900.00,7900.00,0,0,0.00,0.00,0.00,7900.00,0.00
37272387813342140,20141216,7900.00,7900.00,0,0,0.00,0.00,0.00,7900.00,0.00
37272387813342140,20141217,7900.00,7900.00,0,0,0.00,0.00,0.00,7900.00,0.00
37272387813342140,20141220,7900.00,7900.00,0,0,0.00,0.00,0.00,7900.00,0.00
37272387813342140,20141222,7900.00,7900.00,0,0,0.00,0.00,0.00,7900.00,0.00
37272387813342140,20141224,7900.00,7900.00,0,0,0.00,0.00,0.00,7900.00,0.00
37272387813342140,20141227,7900.00,7900.00,0,0,0.00,0.00,0.00,7900.00,0.00
37272387813342140,20141228,7900.00,7900.00,0,0,0.00,0.00,0.00,7900.00,0.00
37272387813342140,20141229,7900.00,7900.00,0,0,0.00,0.00,0.00,7900.00,0.00
37272387813342140,20141230,7900.00,7900.00,0,0,0.00,0.00,0.00,7900.00,0.00
37272387813342140,20141231,7900.00,7900.00,0,0,0.00,0.00,0.00,7900.00,0.00
37272387813342140,20150103,7900.00,7900.00,0,0,0.00,0.00,0.00,7900.00,0.00
37272387813342140,20150104,7900.00,7900.00,0,0,0.00,0.00,0.00,7900.00,0.00
37272387813342140,20150105,7900.00,7900.00,0,0,0.00,0.00,0.00,7900.00,0.00
37272387813342140,20150106,7900.00,7900.00,0,0,0.00,0.00,0.00,7900.00,0.00
37272387813342140,20150107,7900.00,7900.00,0,0,0.00,0.00,0.00,7900.00,0.00
37272387813342140,20150110,7900.00,7900.00,0,0,0.00,0.00,0.00,7900.00,0.00
37272387813342140,20150111,7900.00,7900.00,0,0,0.00,0.00,0.00,7900.00,0.00
37272387813342140,20150112,7900.00,7900.00,0,0,0.00,0.00,0.00,7900.00,0.00
37272387813342140,20150113,7900.00,7900.00,0,0,0.00,0.00,0.00,7900.00,0.00
37272387813342140,20150114,7900.00,7900.00,0,0,0.00,0.00,0.00,7900.00,0.00
37272387813342140,20150117,7900.00,7900.00,0,0,0.00,0.00,0.00,7900.00,0.00
37272387813342140,20150118,7900.00,7900.00,0,0,0.00,0.00,0.00,7900.00,0.00
37272387813342140,20150119,7900.00,7900.00,0,0,0.00,0.00,0.00,7900.00,0.00
37272387813342140,20150120,7900.00,7900.00,0,0,0.00,0.00,0.00,7900.00,0.00
37272387813342140,20150121,7900.00,7900.00,0,0,0.00,0.00,0.00,7900.00,0.00
37272387813342140,20150124,7900.00,7900.00,0,0,0.00,0.00,0.00,7900.00,0.00
37272387813342140,20150125,7900.00,7900.00,0,0,0.00,0.00,0.00,7900.00,0.00
37272387813342140,20150126,7900.00,7900.00,0,0,0.00,0.00,0.00,7900.00,0.00
37272387813342140,20150127,7900.00,7900.00,0,0,0.00,0.00,0.00,7900.00,0.00
37272387813342140,20150128,7900.00,7900.00,0,0,0.00,0.00,0.00,7900.00,0.00
37272387813342140,20150131,7900.00,7900.00,0,0,0.00,0.00,0.00,7900.00,0.00
37272387813342140,20150201,7900.00,7900.00,0,0,0.00,0.00,0.00,7900.00,0.00
37272387813342140,20150202,7900.00,7900.00,0,0,0.00,0.00,0.00,7900.00,0.00
37272387813342140,20150203,7900.00,7900.00,0,0,0.00,0.00,0.00,7900.00,0.00
37272387813342140,20150204,7900.00,7900.00,0,0,0.00,0.00,0.00,7900.00,0.00
37272387813342140,20150207,7900.00,7900.00,0,0,0.00,0.00,0.00,7900.00,0.00
37272387813342140,20150208,7900.00,7900.00,0,0,0.00,0.00,0.00,7900.00,0.00
37272387813342140,20150209,7900.00,7900.00,0,0,0.00,0.00,0.00,7900.00,0.00
37272387813342140,20150210,7900.00,7900.00,0,0,0.00,0.00,0.00,7900.00,0.00
37272387813342140,20150214,7900.00,7900.00,0,0,0.00,0.00,0.00,7900.00,0.00
37272387813342140,20150215,7900.00,7900.00,0,0,0.00,0.00,0.00,7900.00,0.00
37272387813342140,20150216,7900.00,7900.00,0,0,0.00,0.00,0.00,7900.00,0.00
37272387813342140,20150217,7900.00,7900.00,0,0,0.00,0.00,0.00,7900.00,0.00
37272387813342140,20150218,7900.00,7900.00,0,0,0.00,0.00,0.00,7900.00,0.00
37272387813342140,20150221,7900.00,7900.00,0,0,0.00,0.00,0.00,7900.00,0.00
37272387813342140,20150222,7900.00,7900.00,0,0,0.00,0.00,0.00,7900.00,0.00
37272387813342140,20150223,7900.00,7900.00,0,0,0.00,0.00,0.00,7900.00,0.00
37272387813342140,20150224,7900.00,7900.00,0,0,0.00,0.00,0.00,7900.00,0.00
37272387813342140,20150225,7900.00,7900.00,0,0,0.00,0.00,0.00,7900.00,0.00
37272387813342140,20150228,7900.00,7900.00,0,0,0.00,0.00,0.00,7900.00,0.00
37272387813342140,20150301,7900.00,7900.00,0,0,0.00,0.00,0.00,7900.00,0.00
37272387813342140,20150302,7900.00,7900.00,0,0,0.00,0.00,0.00,7900.00,0.00
37272387813342140,20150303,7900.00,7900.00,0,0,0.00,0.00,0.00,7900.00,0.00
37272387813342140,20150304,7900.00,7900.00,0,0,0.00,0.00,0.00,7900.00,0.00
37272387813342140,20150307,7900.00,7900.00,0,0,0.00,0.00,0.00,7900.00,0.00
37272387813342140,20150308,7900.00,7900.00,0,0,0.00,0.00,0.00,7900.00,0.00
37272387813342140,20150309,7900.00,7900.00,0,0,0.00,0.00,0.00,7900.00,0.00
37272387813342140,20150310,7900.00,7900.00,0,0,0.00,0.00,0.00,7900.00,0.00
37272387813342140,20150311,7900.00,7900.00,0,0,0.00,0.00,0.00,7900.00,0.00
37272387813342140,20150314,7900.00,7900.00,0,0,0.00,0.00,0.00,7900.00,0.00
37272387813342140,20150315,7900.00,7900.00,0,0,0.00,0.00,0.00,7900.00,0.00
37272387813342140,20150316,7900.00,7900.00,0,0,0.00,0.00,0.00,7900.00,0.00
37272387813342140,20150317,7900.00,7900.00,0,0,0.00,0.00,0.00,7900.00,0.00
37272387813342140,20150318,7900.00,7900.00,0,0,0.00,0.00,0.00,7900.00,0.00
37272387813342140,20150325,7900.00,7900.00,0,0,0.00,0.00,0.00,7900.00,0.00
37272387813342140,20150328,7900.00,7900.00,0,0,0.00,0.00,0.00,7900.00,0.00
37272387813342140,20150329,7900.00,7900.00,0,0,0.00,0.00,0.00,7900.00,0.00
37272387813342140,20150330,7900.00,7900.00,0,0,0.00,0.00,0.00,7900.00,0.00
37272387813342140,20150331,7900.00,7900.00,0,0,0.00,0.00,0.00,7900.00,0.00
37272387813342140,20150404,7900.00,7900.00,0,0,0.00,0.00,0.00,7900.00,0.00
37272387813342140,20150405,7900.00,7900.00,0,0,0.00,0.00,0.00,7900.00,0.00
37272387813342140,20150406,7900.00,7900.00,0,0,0.00,0.00,0.00,7900.00,0.00
37272387813342140,20150407,7900.00,7900.00,0,0,0.00,0.00,0.00,7900.00,0.00
37272387813342140,20150408,7900.00,7900.00,0,0,0.00,0.00,0.00,7900.00,0.00
37272387813342140,20150411,7900.00,7900.00,0,0,0.00,0.00,0.00,7900.00,0.00
37272387813342140,20150412,7900.00,7900.00,0,0,0.00,0.00,0.00,7900.00,0.00
37272387813342140,20150413,7900.00,7900.00,0,0,0.00,0.00,0.00,7900.00,0.00
37272387813342140,20150414,7900.00,7900.00,0,0,0.00,0.00,0.00,7900.00,0.00
37272387813342140,20150415,7900.00,7900.00,0,0,0.00,0.00,0.00,7900.00,0.00
37272387813342140,20150418,10000.00,10000.00,2,626000,6260000000.00,10000.00,10000.00,7900.00,10000.00
37272387813342140,20150419,10000.00,10000.00,0,0,0.00,0.00,0.00,10000.00,0.00
37272387813342140,20150420,10000.00,10000.00,0,0,0.00,0.00,0.00,10000.00,0.00
37272387813342140,20150421,10000.00,10000.00,0,0,0.00,0.00,0.00,10000.00,0.00
37272387813342140,20150422,10000.00,10000.00,0,0,0.00,0.00,0.00,10000.00,0.00
37272387813342140,20150425,10000.00,10000.00,0,0,0.00,0.00,0.00,10000.00,0.00
37272387813342140,20150426,10000.00,10000.00,0,0,0.00,0.00,0.00,10000.00,0.00
37272387813342140,20150427,10000.00,10000.00,0,0,0.00,0.00,0.00,10000.00,0.00
37272387813342140,20150428,10000.00,10000.00,0,0,0.00,0.00,0.00,10000.00,0.00
37272387813342140,20150429,10000.00,10000.00,0,0,0.00,0.00,0.00,10000.00,0.00
37272387813342140,20150503,10000.00,10000.00,0,0,0.00,0.00,0.00,10000.00,0.00
37272387813342140,20150504,10000.00,10000.00,0,0,0.00,0.00,0.00,10000.00,0.00
37272387813342140,20150505,10000.00,10000.00,0,0,0.00,0.00,0.00,10000.00,0.00
37272387813342140,20150506,10000.00,10000.00,0,0,0.00,0.00,0.00,10000.00,0.00
37272387813342140,20150509,10000.00,10000.00,0,0,0.00,0.00,0.00,10000.00,0.00
37272387813342140,20150510,10000.00,10000.00,0,0,0.00,0.00,0.00,10000.00,0.00
37272387813342140,20150511,10000.00,10000.00,0,0,0.00,0.00,0.00,10000.00,0.00
37272387813342140,20150512,10000.00,10000.00,0,0,0.00,0.00,0.00,10000.00,0.00
37272387813342140,20150513,10000.00,10000.00,0,0,0.00,0.00,0.00,10000.00,0.00
37272387813342140,20150517,15000.00,15000.00,2,1252000,18780000000.00,15000.00,15000.00,10000.00,15000.00
37272387813342140,20150518,15000.00,15000.00,0,0,0.00,0.00,0.00,15000.00,0.00
37272387813342140,20150519,15000.00,15000.00,0,0,0.00,0.00,0.00,15000.00,0.00
37272387813342140,20150520,15000.00,15000.00,0,0,0.00,0.00,0.00,15000.00,0.00
37272387813342140,20150523,15000.00,15000.00,0,0,0.00,0.00,0.00,15000.00,0.00
37272387813342140,20150524,15000.00,15000.00,0,0,0.00,0.00,0.00,15000.00,0.00
37272387813342140,20150525,15000.00,15000.00,0,0,0.00,0.00,0.00,15000.00,0.00
37272387813342140,20150526,15000.00,15000.00,0,0,0.00,0.00,0.00,15000.00,0.00
37272387813342140,20150527,15000.00,15000.00,0,0,0.00,0.00,0.00,15000.00,0.00
37272387813342140,20150530,15000.00,15000.00,0,0,0.00,0.00,0.00,15000.00,0.00
37272387813342140,20150531,15000.00,15000.00,0,0,0.00,0.00,0.00,15000.00,0.00
37272387813342140,20150601,15000.00,15000.00,0,0,0.00,0.00,0.00,15000.00,0.00
37272387813342140,20150602,15000.00,15000.00,0,0,0.00,0.00,0.00,15000.00,0.00
37272387813342140,20150606,15000.00,15000.00,0,0,0.00,0.00,0.00,15000.00,0.00
37272387813342140,20150607,15000.00,15000.00,0,0,0.00,0.00,0.00,15000.00,0.00
37272387813342140,20150608,15000.00,15000.00,0,0,0.00,0.00,0.00,15000.00,0.00
37272387813342140,20150609,15000.00,15000.00,0,0,0.00,0.00,0.00,15000.00,0.00
37272387813342140,20150610,15000.00,15000.00,0,0,0.00,0.00,0.00,15000.00,0.00
37272387813342140,20150613,15000.00,15000.00,0,0,0.00,0.00,0.00,15000.00,0.00
37272387813342140,20150614,15000.00,15000.00,0,0,0.00,0.00,0.00,15000.00,0.00
37272387813342140,20150615,15000.00,15000.00,0,0,0.00,0.00,0.00,15000.00,0.00
37272387813342140,20150616,15000.00,15000.00,0,0,0.00,0.00,0.00,15000.00,0.00
37272387813342140,20150617,15000.00,15000.00,0,0,0.00,0.00,0.00,15000.00,0.00
37272387813342140,20150620,14843.00,15000.00,0,0,0.00,0.00,0.00,14843.00,0.00
37272387813342140,20150621,14900.00,15000.00,0,0,0.00,0.00,0.00,14900.00,0.00
37272387813342140,20150622,14900.00,15000.00,0,0,0.00,0.00,0.00,14900.00,0.00
37272387813342140,20150623,14900.00,15000.00,0,0,0.00,0.00,0.00,14900.00,0.00
37272387813342140,20150624,14900.00,15000.00,0,0,0.00,0.00,0.00,14900.00,0.00
37272387813342140,20150627,14900.00,15000.00,0,0,0.00,0.00,0.00,14900.00,0.00
37272387813342140,20150628,14900.00,15000.00,0,0,0.00,0.00,0.00,14900.00,0.00
37272387813342140,20150629,14900.00,15000.00,0,0,0.00,0.00,0.00,14900.00,0.00
37272387813342140,20150630,14900.00,15000.00,0,0,0.00,0.00,0.00,14900.00,0.00
37272387813342140,20150701,14900.00,15000.00,0,0,0.00,0.00,0.00,14900.00,0.00
37272387813342140,20150704,14900.00,15000.00,0,0,0.00,0.00,0.00,14900.00,0.00
37272387813342140,20150705,14900.00,15000.00,0,0,0.00,0.00,0.00,14900.00,0.00
37272387813342140,20150706,14900.00,15000.00,0,0,0.00,0.00,0.00,14900.00,0.00
37272387813342140,20150707,14900.00,15000.00,0,0,0.00,0.00,0.00,14900.00,0.00
37272387813342140,20150711,14900.00,15000.00,0,0,0.00,0.00,0.00,14900.00,0.00
37272387813342140,20150712,14900.00,15000.00,0,0,0.00,0.00,0.00,14900.00,0.00
37272387813342140,20150713,14900.00,15000.00,0,0,0.00,0.00,0.00,14900.00,0.00
37272387813342140,20150714,14900.00,15000.00,0,0,0.00,0.00,0.00,14900.00,0.00
37272387813342140,20150715,14900.00,15000.00,0,0,0.00,0.00,0.00,14900.00,0.00
37272387813342140,20150719,14900.00,15000.00,0,0,0.00,0.00,0.00,14900.00,0.00
37272387813342140,20150720,14900.00,15000.00,0,0,0.00,0.00,0.00,14900.00,0.00
37272387813342140,20150721,14900.00,15000.00,0,0,0.00,0.00,0.00,14900.00,0.00
37272387813342140,20150722,14900.00,15000.00,0,0,0.00,0.00,0.00,14900.00,0.00
37272387813342140,20150725,14900.00,15000.00,0,0,0.00,0.00,0.00,14900.00,0.00
37272387813342140,20150726,14900.00,15000.00,0,0,0.00,0.00,0.00,14900.00,0.00
37272387813342140,20150727,14900.00,15000.00,0,0,0.00,0.00,0.00,14900.00,0.00
37272387813342140,20150728,14900.00,15000.00,0,0,0.00,0.00,0.00,14900.00,0.00
37272387813342140,20150729,14900.00,15000.00,0,0,0.00,0.00,0.00,14900.00,0.00
37272387813342140,20150801,14900.00,15000.00,0,0,0.00,0.00,0.00,14900.00,0.00
37272387813342140,20150802,14900.00,15000.00,0,0,0.00,0.00,0.00,14900.00,0.00
37272387813342140,20150803,14900.00,15000.00,0,0,0.00,0.00,0.00,14900.00,0.00
37272387813342140,20150804,14900.00,15000.00,0,0,0.00,0.00,0.00,14900.00,0.00
37272387813342140,20150805,14900.00,15000.00,0,0,0.00,0.00,0.00,14900.00,0.00
37272387813342140,20150808,14900.00,15000.00,0,0,0.00,0.00,0.00,14900.00,0.00
37272387813342140,20150809,14900.00,15000.00,0,0,0.00,0.00,0.00,14900.00,0.00
37272387813342140,20150810,14900.00,15000.00,0,0,0.00,0.00,0.00,14900.00,0.00
37272387813342140,20150812,14900.00,15000.00,0,0,0.00,0.00,0.00,14900.00,0.00
37272387813342140,20150815,14900.00,15000.00,0,0,0.00,0.00,0.00,14900.00,0.00
37272387813342140,20150816,14900.00,15000.00,0,0,0.00,0.00,0.00,14900.00,0.00
37272387813342140,20150817,14900.00,15000.00,0,0,0.00,0.00,0.00,14900.00,0.00
37272387813342140,20150818,14900.00,15000.00,0,0,0.00,0.00,0.00,14900.00,0.00
37272387813342140,20150819,14900.00,15000.00,0,0,0.00,0.00,0.00,14900.00,0.00
37272387813342140,20150822,14900.00,15000.00,0,0,0.00,0.00,0.00,14900.00,0.00
37272387813342140,20150823,14900.00,15000.00,0,0,0.00,0.00,0.00,14900.00,0.00
37272387813342140,20150824,14900.00,15000.00,0,0,0.00,0.00,0.00,14900.00,0.00
37272387813342140,20150825,14900.00,15000.00,0,0,0.00,0.00,0.00,14900.00,0.00
37272387813342140,20150826,14900.00,15000.00,0,0,0.00,0.00,0.00,14900.00,0.00
37272387813342140,20150829,14900.00,15000.00,0,0,0.00,0.00,0.00,14900.00,0.00
37272387813342140,20150830,14900.00,15000.00,0,0,0.00,0.00,0.00,14900.00,0.00
37272387813342140,20150831,14900.00,15000.00,0,0,0.00,0.00,0.00,14900.00,0.00
37272387813342140,20150901,14900.00,15000.00,0,0,0.00,0.00,0.00,14900.00,0.00
37272387813342140,20150902,14900.00,15000.00,0,0,0.00,0.00,0.00,14900.00,0.00
37272387813342140,20150905,14900.00,15000.00,0,0,0.00,0.00,0.00,14900.00,0.00
37272387813342140,20150906,14900.00,15000.00,0,0,0.00,0.00,0.00,14900.00,0.00
37272387813342140,20150907,14900.00,15000.00,0,0,0.00,0.00,0.00,14900.00,0.00
37272387813342140,20150908,14900.00,15000.00,0,0,0.00,0.00,0.00,14900.00,0.00
37272387813342140,20150909,14900.00,15000.00,0,0,0.00,0.00,0.00,14900.00,0.00
37272387813342140,20150912,14900.00,15000.00,0,0,0.00,0.00,0.00,14900.00,0.00
37272387813342140,20150913,14900.00,15000.00,0,0,0.00,0.00,0.00,14900.00,0.00
37272387813342140,20150914,14900.00,15000.00,0,0,0.00,0.00,0.00,14900.00,0.00
37272387813342140,20150915,14900.00,15000.00,0,0,0.00,0.00,0.00,14900.00,0.00
37272387813342140,20150916,14900.00,15000.00,0,0,0.00,0.00,0.00,14900.00,0.00
37272387813342140,20150919,14900.00,15000.00,0,0,0.00,0.00,0.00,14900.00,0.00
37272387813342140,20150920,14900.00,15000.00,0,0,0.00,0.00,0.00,14900.00,0.00
37272387813342140,20150921,14900.00,15000.00,0,0,0.00,0.00,0.00,14900.00,0.00
37272387813342140,20150922,14900.00,15000.00,0,0,0.00,0.00,0.00,14900.00,0.00
37272387813342140,20150923,14900.00,15000.00,0,0,0.00,0.00,0.00,14900.00,0.00
37272387813342140,20150926,14900.00,15000.00,0,0,0.00,0.00,0.00,14900.00,0.00
37272387813342140,20150927,14900.00,15000.00,0,0,0.00,0.00,0.00,14900.00,0.00
37272387813342140,20150928,14900.00,15000.00,0,0,0.00,0.00,0.00,14900.00,0.00
37272387813342140,20150929,14900.00,15000.00,0,0,0.00,0.00,0.00,14900.00,0.00
37272387813342140,20150930,14900.00,15000.00,0,0,0.00,0.00,0.00,14900.00,0.00
37272387813342140,20151003,14900.00,15000.00,0,0,0.00,0.00,0.00,14900.00,0.00
37272387813342140,20151004,14900.00,15000.00,0,0,0.00,0.00,0.00,14900.00,0.00
37272387813342140,20151005,14900.00,15000.00,0,0,0.00,0.00,0.00,14900.00,0.00
37272387813342140,20151006,14900.00,15000.00,0,0,0.00,0.00,0.00,14900.00,0.00
37272387813342140,20151007,14900.00,14900.00,1,100000,1490000000.00,14900.00,14900.00,14900.00,14900.00
37272387813342140,20151010,14900.00,14900.00,0,0,0.00,0.00,0.00,14900.00,0.00
37272387813342140,20151011,14900.00,14900.00,0,0,0.00,0.00,0.00,14900.00,0.00
37272387813342140,20151012,14900.00,14900.00,0,0,0.00,0.00,0.00,14900.00,0.00
37272387813342140,20151013,14900.00,14900.00,0,0,0.00,0.00,0.00,14900.00,0.00
37272387813342140,20151014,14900.00,14900.00,0,0,0.00,0.00,0.00,14900.00,0.00
37272387813342140,20151017,14900.00,14900.00,0,0,0.00,0.00,0.00,14900.00,0.00
37272387813342140,20151018,14900.00,14900.00,0,0,0.00,0.00,0.00,14900.00,0.00
37272387813342140,20151019,14900.00,14900.00,0,0,0.00,0.00,0.00,14900.00,0.00
37272387813342140,20151020,14900.00,14900.00,0,0,0.00,0.00,0.00,14900.00,0.00
37272387813342140,20151021,14900.00,14900.00,0,0,0.00,0.00,0.00,14900.00,0.00
37272387813342140,20151025,14900.00,14900.00,0,0,0.00,0.00,0.00,14900.00,0.00
37272387813342140,20151026,14900.00,14900.00,0,0,0.00,0.00,0.00,14900.00,0.00
37272387813342140,20151027,14900.00,14900.00,0,0,0.00,0.00,0.00,14900.00,0.00
37272387813342140,20151028,14900.00,14900.00,0,0,0.00,0.00,0.00,14900.00,0.00
37272387813342140,20151031,14900.00,14900.00,0,0,0.00,0.00,0.00,14900.00,0.00
37272387813342140,20151101,14900.00,14900.00,1,50000,745000000.00,14900.00,14900.00,14900.00,14900.00
37272387813342140,20151102,14900.00,14900.00,0,0,0.00,0.00,0.00,14900.00,0.00
37272387813342140,20151103,14900.00,14900.00,0,0,0.00,0.00,0.00,14900.00,0.00
37272387813342140,20151104,14900.00,14900.00,0,0,0.00,0.00,0.00,14900.00,0.00
37272387813342140,20151107,14900.00,14900.00,0,0,0.00,0.00,0.00,14900.00,0.00
37272387813342140,20151108,14900.00,14900.00,0,0,0.00,0.00,0.00,14900.00,0.00
37272387813342140,20151109,14900.00,14900.00,0,0,0.00,0.00,0.00,14900.00,0.00
37272387813342140,20151110,14900.00,14900.00,0,0,0.00,0.00,0.00,14900.00,0.00
37272387813342140,20151111,14900.00,14900.00,0,0,0.00,0.00,0.00,14900.00,0.00
37272387813342140,20151114,14900.00,14900.00,0,0,0.00,0.00,0.00,14900.00,0.00
37272387813342140,20151115,14900.00,14900.00,0,0,0.00,0.00,0.00,14900.00,0.00
37272387813342140,20151116,14900.00,14900.00,0,0,0.00,0.00,0.00,14900.00,0.00
37272387813342140,20151117,14900.00,14900.00,0,0,0.00,0.00,0.00,14900.00,0.00
37272387813342140,20151118,14900.00,14900.00,0,0,0.00,0.00,0.00,14900.00,0.00
37272387813342140,20151121,14900.00,14900.00,0,0,0.00,0.00,0.00,14900.00,0.00
37272387813342140,20151122,14900.00,14900.00,0,0,0.00,0.00,0.00,14900.00,0.00
37272387813342140,20151123,14900.00,14900.00,0,0,0.00,0.00,0.00,14900.00,0.00
37272387813342140,20151124,14900.00,14900.00,0,0,0.00,0.00,0.00,14900.00,0.00
37272387813342140,20151125,14900.00,14900.00,0,0,0.00,0.00,0.00,14900.00,0.00
37272387813342140,20151128,14900.00,14900.00,0,0,0.00,0.00,0.00,14900.00,0.00
37272387813342140,20151129,14900.00,14900.00,0,0,0.00,0.00,0.00,14900.00,0.00
37272387813342140,20151130,14900.00,14900.00,0,0,0.00,0.00,0.00,14900.00,0.00
37272387813342140,20151201,14900.00,14900.00,0,0,0.00,0.00,0.00,14900.00,0.00
37272387813342140,20151205,14900.00,14900.00,0,0,0.00,0.00,0.00,14900.00,0.00
37272387813342140,20151206,14900.00,14900.00,0,0,0.00,0.00,0.00,14900.00,0.00
37272387813342140,20151207,14900.00,14900.00,0,0,0.00,0.00,0.00,14900.00,0.00
37272387813342140,20151208,14900.00,14900.00,0,0,0.00,0.00,0.00,14900.00,0.00
37272387813342140,20151209,14900.00,14900.00,0,0,0.00,0.00,0.00,14900.00,0.00
37272387813342140,20151213,14900.00,14900.00,0,0,0.00,0.00,0.00,14900.00,0.00
37272387813342140,20151214,14900.00,14900.00,0,0,0.00,0.00,0.00,14900.00,0.00
37272387813342140,20151215,14900.00,14900.00,0,0,0.00,0.00,0.00,14900.00,0.00
37272387813342140,20151216,14900.00,14900.00,0,0,0.00,0.00,0.00,14900.00,0.00
37272387813342140,20151219,14900.00,14900.00,0,0,0.00,0.00,0.00,14900.00,0.00
37272387813342140,20151220,14900.00,14900.00,0,0,0.00,0.00,0.00,14900.00,0.00
37272387813342140,20151221,14900.00,14900.00,0,0,0.00,0.00,0.00,14900.00,0.00
37272387813342140,20151222,14900.00,14900.00,0,0,0.00,0.00,0.00,14900.00,0.00
37272387813342140,20151223,14900.00,14900.00,0,0,0.00,0.00,0.00,14900.00,0.00
37272387813342140,20151226,14900.00,14900.00,0,0,0.00,0.00,0.00,14900.00,0.00
37272387813342140,20151227,14900.00,14900.00,0,0,0.00,0.00,0.00,14900.00,0.00
37272387813342140,20151228,14900.00,14900.00,0,0,0.00,0.00,0.00,14900.00,0.00
37272387813342140,20151230,14900.00,14900.00,0,0,0.00,0.00,0.00,14900.00,0.00
37272387813342140,20160102,14900.00,14900.00,0,0,0.00,0.00,0.00,14900.00,0.00
37272387813342140,20160103,14900.00,14900.00,0,0,0.00,0.00,0.00,14900.00,0.00
37272387813342140,20160104,14900.00,14900.00,0,0,0.00,0.00,0.00,14900.00,0.00
37272387813342140,20160105,14900.00,14900.00,0,0,0.00,0.00,0.00,14900.00,0.00
37272387813342140,20160106,14900.00,14900.00,0,0,0.00,0.00,0.00,14900.00,0.00
37272387813342140,20160109,14900.00,14900.00,0,0,0.00,0.00,0.00,14900.00,0.00
37272387813342140,20160110,14900.00,14900.00,0,0,0.00,0.00,0.00,14900.00,0.00
37272387813342140,20160111,14900.00,14900.00,0,0,0.00,0.00,0.00,14900.00,0.00
37272387813342140,20160112,14900.00,14900.00,0,0,0.00,0.00,0.00,14900.00,0.00
37272387813342140,20160113,14900.00,14900.00,0,0,0.00,0.00,0.00,14900.00,0.00
37272387813342140,20160116,14900.00,14900.00,0,0,0.00,0.00,0.00,14900.00,0.00
37272387813342140,20160117,14900.00,14900.00,0,0,0.00,0.00,0.00,14900.00,0.00
37272387813342140,20160118,14900.00,14900.00,0,0,0.00,0.00,0.00,14900.00,0.00
37272387813342140,20160119,14900.00,14900.00,0,0,0.00,0.00,0.00,14900.00,0.00
37272387813342140,20160120,14900.00,14900.00,0,0,0.00,0.00,0.00,14900.00,0.00
37272387813342140,20160123,14900.00,14900.00,0,0,0.00,0.00,0.00,14900.00,0.00
37272387813342140,20160124,14900.00,14900.00,0,0,0.00,0.00,0.00,14900.00,0.00
37272387813342140,20160125,14900.00,14900.00,0,0,0.00,0.00,0.00,14900.00,0.00
37272387813342140,20160126,14900.00,14900.00,0,0,0.00,0.00,0.00,14900.00,0.00
37272387813342140,20160127,14900.00,14900.00,0,0,0.00,0.00,0.00,14900.00,0.00
37272387813342140,20160130,14900.00,14900.00,0,0,0.00,0.00,0.00,14900.00,0.00
37272387813342140,20160131,14900.00,14900.00,0,0,0.00,0.00,0.00,14900.00,0.00
37272387813342140,20160201,14900.00,14900.00,0,0,0.00,0.00,0.00,14900.00,0.00
37272387813342140,20160202,14900.00,14900.00,0,0,0.00,0.00,0.00,14900.00,0.00
37272387813342140,20160203,14900.00,14900.00,0,0,0.00,0.00,0.00,14900.00,0.00
37272387813342140,20160206,14900.00,14900.00,0,0,0.00,0.00,0.00,14900.00,0.00
37272387813342140,20160207,14900.00,14900.00,0,0,0.00,0.00,0.00,14900.00,0.00
37272387813342140,20160208,14900.00,14900.00,0,0,0.00,0.00,0.00,14900.00,0.00
37272387813342140,20160209,14900.00,14900.00,0,0,0.00,0.00,0.00,14900.00,0.00
37272387813342140,20160210,14900.00,14900.00,0,0,0.00,0.00,0.00,14900.00,0.00
37272387813342140,20160213,14900.00,14900.00,0,0,0.00,0.00,0.00,14900.00,0.00
37272387813342140,20160214,14900.00,14900.00,0,0,0.00,0.00,0.00,14900.00,0.00
37272387813342140,20160215,14900.00,14900.00,0,0,0.00,0.00,0.00,14900.00,0.00
37272387813342140,20160216,14900.00,14900.00,0,0,0.00,0.00,0.00,14900.00,0.00
37272387813342140,20160217,14900.00,14900.00,0,0,0.00,0.00,0.00,14900.00,0.00
37272387813342140,20160220,14900.00,14900.00,0,0,0.00,0.00,0.00,14900.00,0.00
37272387813342140,20160221,14900.00,14900.00,0,0,0.00,0.00,0.00,14900.00,0.00
37272387813342140,20160222,14900.00,14900.00,0,0,0.00,0.00,0.00,14900.00,0.00
37272387813342140,20160223,14900.00,14900.00,0,0,0.00,0.00,0.00,14900.00,0.00
37272387813342140,20160224,14900.00,14900.00,0,0,0.00,0.00,0.00,14900.00,0.00
37272387813342140,20160227,14900.00,14900.00,0,0,0.00,0.00,0.00,14900.00,0.00
37272387813342140,20160228,14900.00,14900.00,0,0,0.00,0.00,0.00,14900.00,0.00
37272387813342140,20160229,14900.00,14900.00,0,0,0.00,0.00,0.00,14900.00,0.00
37272387813342140,20160301,14900.00,14900.00,0,0,0.00,0.00,0.00,14900.00,0.00
37272387813342140,20160302,14900.00,14900.00,0,0,0.00,0.00,0.00,14900.00,0.00
37272387813342140,20160305,14900.00,14900.00,0,0,0.00,0.00,0.00,14900.00,0.00
37272387813342140,20160306,14900.00,14900.00,0,0,0.00,0.00,0.00,14900.00,0.00
37272387813342140,20160307,14900.00,14900.00,0,0,0.00,0.00,0.00,14900.00,0.00
37272387813342140,20160308,14900.00,14900.00,0,0,0.00,0.00,0.00,14900.00,0.00
37272387813342140,20160309,14900.00,14900.00,0,0,0.00,0.00,0.00,14900.00,0.00
37272387813342140,20160312,14900.00,14900.00,0,0,0.00,0.00,0.00,14900.00,0.00
37272387813342140,20160314,14900.00,14900.00,0,0,0.00,0.00,0.00,14900.00,0.00
37272387813342140,20160315,14900.00,14900.00,0,0,0.00,0.00,0.00,14900.00,0.00
37272387813342140,20160316,7700.00,7700.00,1,579000,4458300000.00,7700.00,7700.00,14900.00,7700.00
37272387813342140,20160326,7700.00,7700.00,0,0,0.00,0.00,0.00,7700.00,0.00
37272387813342140,20160327,7700.00,7700.00,0,0,0.00,0.00,0.00,7700.00,0.00
37272387813342140,20160328,7700.00,7700.00,0,0,0.00,0.00,0.00,7700.00,0.00
37272387813342140,20160329,7700.00,7700.00,0,0,0.00,0.00,0.00,7700.00,0.00
37272387813342140,20160330,7700.00,7700.00,0,0,0.00,0.00,0.00,7700.00,0.00
37272387813342140,20160402,7700.00,7700.00,0,0,0.00,0.00,0.00,7700.00,0.00
37272387813342140,20160403,7700.00,7700.00,0,0,0.00,0.00,0.00,7700.00,0.00
37272387813342140,20160404,7700.00,7700.00,0,0,0.00,0.00,0.00,7700.00,0.00
37272387813342140,20160405,7700.00,7700.00,0,0,0.00,0.00,0.00,7700.00,0.00
37272387813342140,20160406,7700.00,7700.00,0,0,0.00,0.00,0.00,7700.00,0.00
37272387813342140,20160409,7700.00,7700.00,0,0,0.00,0.00,0.00,7700.00,0.00
37272387813342140,20160410,7700.00,7700.00,0,0,0.00,0.00,0.00,7700.00,0.00
37272387813342140,20160411,7700.00,7700.00,0,0,0.00,0.00,0.00,7700.00,0.00
37272387813342140,20160412,7700.00,7700.00,0,0,0.00,0.00,0.00,7700.00,0.00
37272387813342140,20160413,7700.00,7700.00,0,0,0.00,0.00,0.00,7700.00,0.00
37272387813342140,20160416,7700.00,7700.00,0,0,0.00,0.00,0.00,7700.00,0.00
37272387813342140,20160417,7700.00,7700.00,0,0,0.00,0.00,0.00,7700.00,0.00
37272387813342140,20160418,7700.00,7700.00,0,0,0.00,0.00,0.00,7700.00,0.00
37272387813342140,20160419,7700.00,7700.00,0,0,0.00,0.00,0.00,7700.00,0.00
37272387813342140,20160420,7700.00,7700.00,0,0,0.00,0.00,0.00,7700.00,0.00
37272387813342140,20160423,7700.00,7700.00,0,0,0.00,0.00,0.00,7700.00,0.00
37272387813342140,20160424,7700.00,7700.00,0,0,0.00,0.00,0.00,7700.00,0.00
37272387813342140,20160425,7700.00,7700.00,0,0,0.00,0.00,0.00,7700.00,0.00
37272387813342140,20160426,7700.00,7700.00,0,0,0.00,0.00,0.00,7700.00,0.00
37272387813342140,20160427,7700.00,7700.00,0,0,0.00,0.00,0.00,7700.00,0.00
37272387813342140,20160430,7700.00,7700.00,0,0,0.00,0.00,0.00,7700.00,0.00
37272387813342140,20160501,7700.00,7700.00,0,0,0.00,0.00,0.00,7700.00,0.00
37272387813342140,20160502,7700.00,7700.00,0,0,0.00,0.00,0.00,7700.00,0.00
37272387813342140,20160503,7700.00,7700.00,0,0,0.00,0.00,0.00,7700.00,0.00
37272387813342140,20160504,7700.00,7700.00,0,0,0.00,0.00,0.00,7700.00,0.00
37272387813342140,20160507,7700.00,7700.00,0,0,0.00,0.00,0.00,7700.00,0.00
37272387813342140,20160508,7700.00,7700.00,0,0,0.00,0.00,0.00,7700.00,0.00
37272387813342140,20160509,7700.00,7700.00,0,0,0.00,0.00,0.00,7700.00,0.00
37272387813342140,20160510,7700.00,7700.00,0,0,0.00,0.00,0.00,7700.00,0.00
37272387813342140,20160511,7700.00,7700.00,0,0,0.00,0.00,0.00,7700.00,0.00
37272387813342140,20160514,7700.00,7700.00,0,0,0.00,0.00,0.00,7700.00,0.00
37272387813342140,20160515,7700.00,7700.00,0,0,0.00,0.00,0.00,7700.00,0.00
37272387813342140,20160516,7700.00,7700.00,0,0,0.00,0.00,0.00,7700.00,0.00
37272387813342140,20160517,7700.00,7700.00,0,0,0.00,0.00,0.00,7700.00,0.00
37272387813342140,20160518,7700.00,7700.00,0,0,0.00,0.00,0.00,7700.00,0.00
37272387813342140,20160521,7700.00,7700.00,0,0,0.00,0.00,0.00,7700.00,0.00
37272387813342140,20160523,7700.00,7700.00,0,0,0.00,0.00,0.00,7700.00,0.00
37272387813342140,20160524,7700.00,7700.00,0,0,0.00,0.00,0.00,7700.00,0.00
37272387813342140,20160525,7700.00,7700.00,0,0,0.00,0.00,0.00,7700.00,0.00
37272387813342140,20160528,7700.00,7700.00,0,0,0.00,0.00,0.00,7700.00,0.00
37272387813342140,20160529,7700.00,7700.00,0,0,0.00,0.00,0.00,7700.00,0.00
37272387813342140,20160530,7700.00,7700.00,0,0,0.00,0.00,0.00,7700.00,0.00
37272387813342140,20160531,7700.00,7700.00,0,0,0.00,0.00,0.00,7700.00,0.00
37272387813342140,20160601,7700.00,7700.00,0,0,0.00,0.00,0.00,7700.00,0.00
37272387813342140,20160605,7700.00,7700.00,0,0,0.00,0.00,0.00,7700.00,0.00
37272387813342140,20160606,7700.00,7700.00,0,0,0.00,0.00,0.00,7700.00,0.00
37272387813342140,20160607,7600.00,7700.00,0,0,0.00,0.00,0.00,7600.00,0.00
37272387813342140,20160608,7600.00,7700.00,0,0,0.00,0.00,0.00,7600.00,0.00
37272387813342140,20160611,7600.00,7700.00,0,0,0.00,0.00,0.00,7600.00,0.00
37272387813342140,20160612,7600.00,7700.00,0,0,0.00,0.00,0.00,7600.00,0.00
37272387813342140,20160613,7600.00,7700.00,0,0,0.00,0.00,0.00,7600.00,0.00
37272387813342140,20160614,7600.00,7700.00,0,0,0.00,0.00,0.00,7600.00,0.00
37272387813342140,20160615,7600.00,7700.00,0,0,0.00,0.00,0.00,7600.00,0.00
37272387813342140,20160618,7600.00,7700.00,0,0,0.00,0.00,0.00,7600.00,0.00
37272387813342140,20160619,7600.00,7700.00,0,0,0.00,0.00,0.00,7600.00,0.00
37272387813342140,20160620,7600.00,7700.00,0,0,0.00,0.00,0.00,7600.00,0.00
37272387813342140,20160621,7600.00,7700.00,0,0,0.00,0.00,0.00,7600.00,0.00
37272387813342140,20160622,7600.00,7700.00,0,0,0.00,0.00,0.00,7600.00,0.00
37272387813342140,20160625,7600.00,7700.00,0,0,0.00,0.00,0.00,7600.00,0.00
37272387813342140,20160626,7600.00,7700.00,0,0,0.00,0.00,0.00,7600.00,0.00
37272387813342140,20160628,7600.00,7700.00,0,0,0.00,0.00,0.00,7600.00,0.00
37272387813342140,20160629,7600.00,7700.00,0,0,0.00,0.00,0.00,7600.00,0.00
37272387813342140,20160702,7600.00,7700.00,0,0,0.00,0.00,0.00,7600.00,0.00
37272387813342140,20160703,7600.00,7700.00,0,0,0.00,0.00,0.00,7600.00,0.00
37272387813342140,20160704,7600.00,7700.00,0,0,0.00,0.00,0.00,7600.00,0.00
37272387813342140,20160705,7600.00,7700.00,0,0,0.00,0.00,0.00,7600.00,0.00
37272387813342140,20160709,7600.00,7700.00,0,0,0.00,0.00,0.00,7600.00,0.00
37272387813342140,20160710,7600.00,7700.00,0,0,0.00,0.00,0.00,7600.00,0.00
37272387813342140,20160711,7600.00,7700.00,0,0,0.00,0.00,0.00,7600.00,0.00
37272387813342140,20160712,7600.00,7700.00,0,0,0.00,0.00,0.00,7600.00,0.00
37272387813342140,20160713,7600.00,7700.00,0,0,0.00,0.00,0.00,7600.00,0.00
37272387813342140,20160716,7600.00,7700.00,0,0,0.00,0.00,0.00,7600.00,0.00
37272387813342140,20160717,7600.00,7700.00,0,0,0.00,0.00,0.00,7600.00,0.00
37272387813342140,20160718,7600.00,7700.00,0,0,0.00,0.00,0.00,7600.00,0.00
37272387813342140,20160719,7600.00,7700.00,0,0,0.00,0.00,0.00,7600.00,0.00
37272387813342140,20160720,7600.00,7700.00,0,0,0.00,0.00,0.00,7600.00,0.00
37272387813342140,20160723,7600.00,7700.00,0,0,0.00,0.00,0.00,7600.00,0.00
37272387813342140,20160724,7600.00,7700.00,0,0,0.00,0.00,0.00,7600.00,0.00
37272387813342140,20160725,7600.00,7700.00,0,0,0.00,0.00,0.00,7600.00,0.00
37272387813342140,20160726,7600.00,7700.00,0,0,0.00,0.00,0.00,7600.00,0.00
37272387813342140,20160727,7600.00,7700.00,0,0,0.00,0.00,0.00,7600.00,0.00
37272387813342140,20160731,7600.00,7700.00,0,0,0.00,0.00,0.00,7600.00,0.00
37272387813342140,20160801,7600.00,7700.00,0,0,0.00,0.00,0.00,7600.00,0.00
37272387813342140,20160802,7600.00,7700.00,0,0,0.00,0.00,0.00,7600.00,0.00
37272387813342140,20160803,7600.00,7700.00,0,0,0.00,0.00,0.00,7600.00,0.00
37272387813342140,20160806,7600.00,7700.00,0,0,0.00,0.00,0.00,7600.00,0.00
37272387813342140,20160807,7600.00,7700.00,0,0,0.00,0.00,0.00,7600.00,0.00
37272387813342140,20160808,7600.00,7700.00,0,0,0.00,0.00,0.00,7600.00,0.00
37272387813342140,20160809,7600.00,7700.00,0,0,0.00,0.00,0.00,7600.00,0.00
37272387813342140,20160810,7600.00,7700.00,0,0,0.00,0.00,0.00,7600.00,0.00
37272387813342140,20160813,7600.00,7700.00,0,0,0.00,0.00,0.00,7600.00,0.00
37272387813342140,20160814,7600.00,7700.00,0,0,0.00,0.00,0.00,7600.00,0.00
37272387813342140,20160815,7600.00,7600.00,1,750000,5700000000.00,7600.00,7600.00,7600.00,7600.00
37272387813342140,20160816,7600.00,7600.00,0,0,0.00,0.00,0.00,7600.00,0.00
37272387813342140,20160817,7600.00,7600.00,0,0,0.00,0.00,0.00,7600.00,0.00
37272387813342140,20160820,7600.00,7600.00,0,0,0.00,0.00,0.00,7600.00,0.00
37272387813342140,20160821,7600.00,7600.00,0,0,0.00,0.00,0.00,7600.00,0.00
37272387813342140,20160822,7600.00,7600.00,0,0,0.00,0.00,0.00,7600.00,0.00
37272387813342140,20160823,7600.00,7600.00,0,0,0.00,0.00,0.00,7600.00,0.00
37272387813342140,20160824,7600.00,7600.00,0,0,0.00,0.00,0.00,7600.00,0.00
37272387813342140,20160827,7600.00,7600.00,0,0,0.00,0.00,0.00,7600.00,0.00
37272387813342140,20160828,7600.00,7600.00,0,0,0.00,0.00,0.00,7600.00,0.00
37272387813342140,20160829,7600.00,7600.00,0,0,0.00,0.00,0.00,7600.00,0.00
37272387813342140,20160830,7600.00,7600.00,0,0,0.00,0.00,0.00,7600.00,0.00
37272387813342140,20160831,7600.00,7600.00,0,0,0.00,0.00,0.00,7600.00,0.00
37272387813342140,20160903,7600.00,7600.00,0,0,0.00,0.00,0.00,7600.00,0.00
37272387813342140,20160904,7600.00,7600.00,0,0,0.00,0.00,0.00,7600.00,0.00
37272387813342140,20160905,7600.00,7600.00,0,0,0.00,0.00,0.00,7600.00,0.00
37272387813342140,20160906,7600.00,7600.00,0,0,0.00,0.00,0.00,7600.00,0.00
37272387813342140,20160907,7600.00,7600.00,0,0,0.00,0.00,0.00,7600.00,0.00
37272387813342140,20160910,7600.00,7600.00,0,0,0.00,0.00,0.00,7600.00,0.00
37272387813342140,20160911,7600.00,7600.00,0,0,0.00,0.00,0.00,7600.00,0.00
37272387813342140,20160913,7600.00,7600.00,0,0,0.00,0.00,0.00,7600.00,0.00
37272387813342140,20160914,7600.00,7600.00,0,0,0.00,0.00,0.00,7600.00,0.00
37272387813342140,20160917,7600.00,7600.00,0,0,0.00,0.00,0.00,7600.00,0.00
37272387813342140,20160918,7600.00,7600.00,0,0,0.00,0.00,0.00,7600.00,0.00
37272387813342140,20160919,7600.00,7600.00,0,0,0.00,0.00,0.00,7600.00,0.00
37272387813342140,20160921,7600.00,7600.00,0,0,0.00,0.00,0.00,7600.00,0.00
37272387813342140,20160924,7600.00,7600.00,0,0,0.00,0.00,0.00,7600.00,0.00
37272387813342140,20160925,7600.00,7600.00,0,0,0.00,0.00,0.00,7600.00,0.00
37272387813342140,20160926,7600.00,7600.00,0,0,0.00,0.00,0.00,7600.00,0.00
37272387813342140,20160927,7600.00,7600.00,0,0,0.00,0.00,0.00,7600.00,0.00
37272387813342140,20160928,7600.00,7600.00,0,0,0.00,0.00,0.00,7600.00,0.00
37272387813342140,20161001,7600.00,7600.00,0,0,0.00,0.00,0.00,7600.00,0.00
37272387813342140,20161002,7600.00,7600.00,0,0,0.00,0.00,0.00,7600.00,0.00
37272387813342140,20161003,7600.00,7600.00,0,0,0.00,0.00,0.00,7600.00,0.00
37272387813342140,20161004,7600.00,7600.00,0,0,0.00,0.00,0.00,7600.00,0.00
37272387813342140,20161005,7600.00,7600.00,0,0,0.00,0.00,0.00,7600.00,0.00
37272387813342140,20161008,7600.00,7600.00,0,0,0.00,0.00,0.00,7600.00,0.00
37272387813342140,20161009,7600.00,7600.00,0,0,0.00,0.00,0.00,7600.00,0.00
37272387813342140,20161010,7600.00,7600.00,0,0,0.00,0.00,0.00,7600.00,0.00
37272387813342140,20161012,7600.00,7600.00,0,0,0.00,0.00,0.00,7600.00,0.00
37272387813342140,20161015,7600.00,7600.00,0,0,0.00,0.00,0.00,7600.00,0.00
37272387813342140,20161016,7600.00,7600.00,0,0,0.00,0.00,0.00,7600.00,0.00
37272387813342140,20161017,7600.00,7600.00,0,0,0.00,0.00,0.00,7600.00,0.00
37272387813342140,20161018,7600.00,7600.00,0,0,0.00,0.00,0.00,7600.00,0.00
37272387813342140,20161019,7600.00,7600.00,0,0,0.00,0.00,0.00,7600.00,0.00
37272387813342140,20161022,7600.00,7600.00,0,0,0.00,0.00,0.00,7600.00,0.00
37272387813342140,20161023,7600.00,7600.00,0,0,0.00,0.00,0.00,7600.00,0.00
37272387813342140,20161024,7600.00,7600.00,0,0,0.00,0.00,0.00,7600.00,0.00
37272387813342140,20161025,7600.00,7600.00,0,0,0.00,0.00,0.00,7600.00,0.00
37272387813342140,20161026,7600.00,7600.00,0,0,0.00,0.00,0.00,7600.00,0.00
37272387813342140,20161027,7600.00,7600.00,0,0,0.00,0.00,0.00,7600.00,0.00
37272387813342140,20161028,7600.00,7600.00,0,0,0.00,0.00,0.00,7600.00,0.00
37272387813342140,20161029,7600.00,7600.00,0,0,0.00,0.00,0.00,7600.00,0.00
37272387813342140,20161030,7600.00,7600.00,0,0,0.00,0.00,0.00,7600.00,0.00
37272387813342140,20161031,7600.00,7600.00,0,0,0.00,0.00,0.00,7600.00,0.00
37272387813342140,20161101,7600.00,7600.00,0,0,0.00,0.00,0.00,7600.00,0.00
37272387813342140,20161102,7600.00,7600.00,0,0,0.00,0.00,0.00,7600.00,0.00
37272387813342140,20161105,7600.00,7600.00,0,0,0.00,0.00,0.00,7600.00,0.00
37272387813342140,20161106,7600.00,7600.00,0,0,0.00,0.00,0.00,7600.00,0.00
37272387813342140,20161107,7600.00,7600.00,0,0,0.00,0.00,0.00,7600.00,0.00
37272387813342140,20161108,7600.00,7600.00,0,0,0.00,0.00,0.00,7600.00,0.00
37272387813342140,20161109,7600.00,7600.00,0,0,0.00,0.00,0.00,7600.00,0.00
37272387813342140,20161112,7600.00,7600.00,0,0,0.00,0.00,0.00,7600.00,0.00
37272387813342140,20161113,7600.00,7600.00,0,0,0.00,0.00,0.00,7600.00,0.00
37272387813342140,20161114,7600.00,7600.00,0,0,0.00,0.00,0.00,7600.00,0.00
37272387813342140,20161115,7600.00,7600.00,0,0,0.00,0.00,0.00,7600.00,0.00
37272387813342140,20161116,7600.00,7600.00,0,0,0.00,0.00,0.00,7600.00,0.00
37272387813342140,20161119,7600.00,7600.00,0,0,0.00,0.00,0.00,7600.00,0.00
37272387813342140,20161121,7600.00,7600.00,0,0,0.00,0.00,0.00,7600.00,0.00
37272387813342140,20161122,7600.00,7600.00,0,0,0.00,0.00,0.00,7600.00,0.00
37272387813342140,20161123,7600.00,7600.00,0,0,0.00,0.00,0.00,7600.00,0.00
37272387813342140,20161126,7600.00,7600.00,0,0,0.00,0.00,0.00,7600.00,0.00
37272387813342140,20161127,7600.00,7600.00,0,0,0.00,0.00,0.00,7600.00,0.00
37272387813342140,20161129,7600.00,7600.00,0,0,0.00,0.00,0.00,7600.00,0.00
37272387813342140,20161203,7600.00,7600.00,0,0,0.00,0.00,0.00,7600.00,0.00
37272387813342140,20161204,7600.00,7600.00,0,0,0.00,0.00,0.00,7600.00,0.00
37272387813342140,20161205,7600.00,7600.00,0,0,0.00,0.00,0.00,7600.00,0.00
37272387813342140,20161206,7600.00,7600.00,0,0,0.00,0.00,0.00,7600.00,0.00
37272387813342140,20161207,7600.00,7600.00,0,0,0.00,0.00,0.00,7600.00,0.00
37272387813342140,20161210,7600.00,7600.00,0,0,0.00,0.00,0.00,7600.00,0.00
37272387813342140,20161211,7600.00,7600.00,0,0,0.00,0.00,0.00,7600.00,0.00
37272387813342140,20161212,7600.00,7600.00,0,0,0.00,0.00,0.00,7600.00,0.00
37272387813342140,20161213,7600.00,7600.00,0,0,0.00,0.00,0.00,7600.00,0.00
37272387813342140,20161214,7600.00,7600.00,0,0,0.00,0.00,0.00,7600.00,0.00
37272387813342140,20161218,7600.00,7600.00,0,0,0.00,0.00,0.00,7600.00,0.00
37272387813342140,20161219,7600.00,7600.00,0,0,0.00,0.00,0.00,7600.00,0.00
37272387813342140,20161220,7600.00,7600.00,0,0,0.00,0.00,0.00,7600.00,0.00
37272387813342140,20161221,7600.00,7600.00,0,0,0.00,0.00,0.00,7600.00,0.00
37272387813342140,20161224,7600.00,7600.00,0,0,0.00,0.00,0.00,7600.00,0.00
37272387813342140,20161225,7600.00,7600.00,0,0,0.00,0.00,0.00,7600.00,0.00
37272387813342140,20161226,7600.00,7600.00,0,0,0.00,0.00,0.00,7600.00,0.00
37272387813342140,20161227,7600.00,7600.00,0,0,0.00,0.00,0.00,7600.00,0.00
37272387813342140,20161228,7600.00,7600.00,0,0,0.00,0.00,0.00,7600.00,0.00
37272387813342140,20161231,7600.00,7600.00,0,0,0.00,0.00,0.00,7600.00,0.00
37272387813342140,20170101,7600.00,7600.00,0,0,0.00,0.00,0.00,7600.00,0.00
37272387813342140,20170102,7600.00,7600.00,0,0,0.00,0.00,0.00,7600.00,0.00
37272387813342140,20170103,7600.00,7600.00,0,0,0.00,0.00,0.00,7600.00,0.00
37272387813342140,20170104,7600.00,7600.00,0,0,0.00,0.00,0.00,7600.00,0.00
37272387813342140,20170107,7600.00,7600.00,0,0,0.00,0.00,0.00,7600.00,0.00
37272387813342140,20170108,7600.00,7600.00,0,0,0.00,0.00,0.00,7600.00,0.00
37272387813342140,20170109,7600.00,7600.00,0,0,0.00,0.00,0.00,7600.00,0.00
37272387813342140,20170111,7600.00,7600.00,0,0,0.00,0.00,0.00,7600.00,0.00
37272387813342140,20170114,7600.00,7600.00,0,0,0.00,0.00,0.00,7600.00,0.00
37272387813342140,20170115,7600.00,7600.00,0,0,0.00,0.00,0.00,7600.00,0.00
37272387813342140,20170116,7600.00,7600.00,0,0,0.00,0.00,0.00,7600.00,0.00
37272387813342140,20170117,7600.00,7600.00,0,0,0.00,0.00,0.00,7600.00,0.00
37272387813342140,20170118,7600.00,7600.00,0,0,0.00,0.00,0.00,7600.00,0.00
37272387813342140,20170121,7600.00,7600.00,0,0,0.00,0.00,0.00,7600.00,0.00
37272387813342140,20170122,7600.00,7600.00,0,0,0.00,0.00,0.00,7600.00,0.00
37272387813342140,20170123,7600.00,7600.00,0,0,0.00,0.00,0.00,7600.00,0.00
37272387813342140,20170124,7600.00,7600.00,0,0,0.00,0.00,0.00,7600.00,0.00
37272387813342140,20170125,7600.00,7600.00,0,0,0.00,0.00,0.00,7600.00,0.00
37272387813342140,20170128,7600.00,7600.00,0,0,0.00,0.00,0.00,7600.00,0.00
37272387813342140,20170129,7600.00,7600.00,0,0,0.00,0.00,0.00,7600.00,0.00
37272387813342140,20170130,7600.00,7600.00,0,0,0.00,0.00,0.00,7600.00,0.00
37272387813342140,20170131,7600.00,7600.00,0,0,0.00,0.00,0.00,7600.00,0.00
37272387813342140,20170201,7600.00,7600.00,0,0,0.00,0.00,0.00,7600.00,0.00
37272387813342140,20170204,7600.00,7600.00,0,0,0.00,0.00,0.00,7600.00,0.00
37272387813342140,20170205,7600.00,7600.00,0,0,0.00,0.00,0.00,7600.00,0.00
37272387813342140,20170206,7600.00,7600.00,0,0,0.00,0.00,0.00,7600.00,0.00
37272387813342140,20170207,7600.00,7600.00,0,0,0.00,0.00,0.00,7600.00,0.00
37272387813342140,20170208,7600.00,7600.00,0,0,0.00,0.00,0.00,7600.00,0.00
37272387813342140,20170211,7600.00,7600.00,0,0,0.00,0.00,0.00,7600.00,0.00
37272387813342140,20170212,7600.00,7600.00,0,0,0.00,0.00,0.00,7600.00,0.00
37272387813342140,20170213,7600.00,7600.00,0,0,0.00,0.00,0.00,7600.00,0.00
37272387813342140,20170214,7600.00,7600.00,0,0,0.00,0.00,0.00,7600.00,0.00
37272387813342140,20170215,7600.00,7600.00,0,0,0.00,0.00,0.00,7600.00,0.00
37272387813342140,20170218,7600.00,7600.00,0,0,0.00,0.00,0.00,7600.00,0.00
37272387813342140,20170219,7600.00,7600.00,0,0,0.00,0.00,0.00,7600.00,0.00
37272387813342140,20170220,7600.00,7600.00,0,0,0.00,0.00,0.00,7600.00,0.00
37272387813342140,20170221,7600.00,7600.00,0,0,0.00,0.00,0.00,7600.00,0.00
37272387813342140,20170222,7600.00,7600.00,0,0,0.00,0.00,0.00,7600.00,0.00
37272387813342140,20170225,7600.00,7600.00,0,0,0.00,0.00,0.00,7600.00,0.00
37272387813342140,20170226,7600.00,7600.00,0,0,0.00,0.00,0.00,7600.00,0.00
37272387813342140,20170227,7600.00,7600.00,0,0,0.00,0.00,0.00,7600.00,0.00
37272387813342140,20170228,7600.00,7600.00,0,0,0.00,0.00,0.00,7600.00,0.00
37272387813342140,20170301,7600.00,7600.00,0,0,0.00,0.00,0.00,7600.00,0.00
37272387813342140,20170304,7600.00,7600.00,0,0,0.00,0.00,0.00,7600.00,0.00
37272387813342140,20170305,7600.00,7600.00,0,0,0.00,0.00,0.00,7600.00,0.00
37272387813342140,20170306,7600.00,7600.00,0,0,0.00,0.00,0.00,7600.00,0.00
37272387813342140,20170307,7600.00,7600.00,0,0,0.00,0.00,0.00,7600.00,0.00
37272387813342140,20170308,7600.00,7600.00,0,0,0.00,0.00,0.00,7600.00,0.00
37272387813342140,20170311,7600.00,7600.00,0,0,0.00,0.00,0.00,7600.00,0.00
37272387813342140,20170312,7600.00,7600.00,0,0,0.00,0.00,0.00,7600.00,0.00
37272387813342140,20170313,7600.00,7600.00,0,0,0.00,0.00,0.00,7600.00,0.00
37272387813342140,20170314,7600.00,7600.00,0,0,0.00,0.00,0.00,7600.00,0.00
37272387813342140,20170315,7600.00,7600.00,0,0,0.00,0.00,0.00,7600.00,0.00
37272387813342140,20170318,7600.00,7600.00,0,0,0.00,0.00,0.00,7600.00,0.00
37272387813342140,20170325,7600.00,7600.00,0,0,0.00,0.00,0.00,7600.00,0.00
37272387813342140,20170326,7600.00,7600.00,0,0,0.00,0.00,0.00,7600.00,0.00
37272387813342140,20170327,7600.00,7600.00,0,0,0.00,0.00,0.00,7600.00,0.00
37272387813342140,20170328,7600.00,7600.00,0,0,0.00,0.00,0.00,7600.00,0.00
37272387813342140,20170329,7600.00,7600.00,0,0,0.00,0.00,0.00,7600.00,0.00
37272387813342140,20170403,7600.00,7600.00,0,0,0.00,0.00,0.00,7600.00,0.00
37272387813342140,20170404,7600.00,7600.00,0,0,0.00,0.00,0.00,7600.00,0.00
37272387813342140,20170405,7600.00,7600.00,0,0,0.00,0.00,0.00,7600.00,0.00
37272387813342140,20170408,7600.00,7600.00,0,0,0.00,0.00,0.00,7600.00,0.00
37272387813342140,20170409,7600.00,7600.00,0,0,0.00,0.00,0.00,7600.00,0.00
37272387813342140,20170410,7600.00,7600.00,0,0,0.00,0.00,0.00,7600.00,0.00
37272387813342140,20170412,7600.00,7600.00,0,0,0.00,0.00,0.00,7600.00,0.00
37272387813342140,20170415,7600.00,7600.00,0,0,0.00,0.00,0.00,7600.00,0.00
37272387813342140,20170416,7600.00,7600.00,0,0,0.00,0.00,0.00,7600.00,0.00
37272387813342140,20170417,7600.00,7600.00,0,0,0.00,0.00,0.00,7600.00,0.00
37272387813342140,20170418,7600.00,7600.00,0,0,0.00,0.00,0.00,7600.00,0.00
37272387813342140,20170419,7600.00,7600.00,0,0,0.00,0.00,0.00,7600.00,0.00
37272387813342140,20170422,7600.00,7600.00,0,0,0.00,0.00,0.00,7600.00,0.00
37272387813342140,20170423,7600.00,7600.00,0,0,0.00,0.00,0.00,7600.00,0.00
37272387813342140,20170424,7600.00,7600.00,0,0,0.00,0.00,0.00,7600.00,0.00
37272387813342140,20170426,7600.00,7600.00,0,0,0.00,0.00,0.00,7600.00,0.00
37272387813342140,20170429,7600.00,7600.00,0,0,0.00,0.00,0.00,7600.00,0.00
37272387813342140,20170430,7600.00,7600.00,0,0,0.00,0.00,0.00,7600.00,0.00
37272387813342140,20170501,7600.00,7600.00,0,0,0.00,0.00,0.00,7600.00,0.00
37272387813342140,20170502,7600.00,7600.00,0,0,0.00,0.00,0.00,7600.00,0.00
37272387813342140,20170503,7600.00,7600.00,0,0,0.00,0.00,0.00,7600.00,0.00
37272387813342140,20170506,7600.00,7600.00,0,0,0.00,0.00,0.00,7600.00,0.00
37272387813342140,20170507,7600.00,7600.00,0,0,0.00,0.00,0.00,7600.00,0.00
37272387813342140,20170508,7600.00,7600.00,0,0,0.00,0.00,0.00,7600.00,0.00
37272387813342140,20170509,7600.00,7600.00,0,0,0.00,0.00,0.00,7600.00,0.00
37272387813342140,20170510,7600.00,7600.00,0,0,0.00,0.00,0.00,7600.00,0.00
37272387813342140,20170513,7600.00,7600.00,0,0,0.00,0.00,0.00,7600.00,0.00
37272387813342140,20170514,7600.00,7600.00,0,0,0.00,0.00,0.00,7600.00,0.00
37272387813342140,20170515,7600.00,7600.00,0,0,0.00,0.00,0.00,7600.00,0.00
37272387813342140,20170516,7600.00,7600.00,0,0,0.00,0.00,0.00,7600.00,0.00
37272387813342140,20170517,7600.00,7600.00,0,0,0.00,0.00,0.00,7600.00,0.00
37272387813342140,20170520,7600.00,7600.00,0,0,0.00,0.00,0.00,7600.00,0.00
37272387813342140,20170521,7600.00,7600.00,0,0,0.00,0.00,0.00,7600.00,0.00
37272387813342140,20170522,7600.00,7600.00,0,0,0.00,0.00,0.00,7600.00,0.00
37272387813342140,20170523,7600.00,7600.00,0,0,0.00,0.00,0.00,7600.00,0.00
37272387813342140,20170524,7600.00,7600.00,0,0,0.00,0.00,0.00,7600.00,0.00
37272387813342140,20170527,7600.00,7600.00,0,0,0.00,0.00,0.00,7600.00,0.00
37272387813342140,20170528,7600.00,7600.00,0,0,0.00,0.00,0.00,7600.00,0.00
37272387813342140,20170529,7600.00,7600.00,0,0,0.00,0.00,0.00,7600.00,0.00
37272387813342140,20170530,7600.00,7600.00,0,0,0.00,0.00,0.00,7600.00,0.00
37272387813342140,20170531,7600.00,7600.00,0,0,0.00,0.00,0.00,7600.00,0.00
37272387813342140,20170603,7600.00,7600.00,0,0,0.00,0.00,0.00,7600.00,0.00
37272387813342140,20170606,7600.00,7600.00,0,0,0.00,0.00,0.00,7600.00,0.00
37272387813342140,20170607,7600.00,7600.00,0,0,0.00,0.00,0.00,7600.00,0.00
37272387813342140,20170610,7600.00,7600.00,0,0,0.00,0.00,0.00,7600.00,0.00
37272387813342140,20170611,7600.00,7600.00,0,0,0.00,0.00,0.00,7600.00,0.00
37272387813342140,20170612,7600.00,7600.00,0,0,0.00,0.00,0.00,7600.00,0.00
37272387813342140,20170613,7600.00,7600.00,0,0,0.00,0.00,0.00,7600.00,0.00
37272387813342140,20170614,7600.00,7600.00,0,0,0.00,0.00,0.00,7600.00,0.00
37272387813342140,20170617,7600.00,7600.00,0,0,0.00,0.00,0.00,7600.00,0.00
37272387813342140,20170618,7600.00,7600.00,0,0,0.00,0.00,0.00,7600.00,0.00
37272387813342140,20170619,7600.00,7600.00,0,0,0.00,0.00,0.00,7600.00,0.00
37272387813342140,20170620,7600.00,7600.00,0,0,0.00,0.00,0.00,7600.00,0.00
37272387813342140,20170621,7600.00,7600.00,0,0,0.00,0.00,0.00,7600.00,0.00
37272387813342140,20170624,7600.00,7600.00,0,0,0.00,0.00,0.00,7600.00,0.00
37272387813342140,20170625,7600.00,7600.00,0,0,0.00,0.00,0.00,7600.00,0.00
37272387813342140,20170628,7600.00,7600.00,0,0,0.00,0.00,0.00,7600.00,0.00
37272387813342140,20170701,7600.00,7600.00,0,0,0.00,0.00,0.00,7600.00,0.00
37272387813342140,20170702,7600.00,7600.00,0,0,0.00,0.00,0.00,7600.00,0.00
37272387813342140,20170703,7600.00,7600.00,0,0,0.00,0.00,0.00,7600.00,0.00
37272387813342140,20170704,7600.00,7600.00,0,0,0.00,0.00,0.00,7600.00,0.00
37272387813342140,20170705,7600.00,7600.00,0,0,0.00,0.00,0.00,7600.00,0.00
37272387813342140,20170708,7600.00,7600.00,0,0,0.00,0.00,0.00,7600.00,0.00
37272387813342140,20170709,7600.00,7600.00,0,0,0.00,0.00,0.00,7600.00,0.00
37272387813342140,20170710,7600.00,7600.00,0,0,0.00,0.00,0.00,7600.00,0.00
37272387813342140,20170711,7600.00,7600.00,0,0,0.00,0.00,0.00,7600.00,0.00
37272387813342140,20170712,7600.00,7600.00,0,0,0.00,0.00,0.00,7600.00,0.00
37272387813342140,20170715,7600.00,7600.00,0,0,0.00,0.00,0.00,7600.00,0.00
37272387813342140,20170716,7600.00,7600.00,0,0,0.00,0.00,0.00,7600.00,0.00
37272387813342140,20170717,7450.00,7600.00,0,0,0.00,0.00,0.00,7450.00,0.00
37272387813342140,20170718,7450.00,7600.00,0,0,0.00,0.00,0.00,7450.00,0.00
37272387813342140,20170719,7450.00,7600.00,0,0,0.00,0.00,0.00,7450.00,0.00
37272387813342140,20170722,7450.00,7600.00,0,0,0.00,0.00,0.00,7450.00,0.00
37272387813342140,20170723,7450.00,7600.00,0,0,0.00,0.00,0.00,7450.00,0.00
37272387813342140,20170724,7450.00,7600.00,0,0,0.00,0.00,0.00,7450.00,0.00
37272387813342140,20170725,7450.00,7600.00,0,0,0.00,0.00,0.00,7450.00,0.00
37272387813342140,20170726,7450.00,7600.00,0,0,0.00,0.00,0.00,7450.00,0.00
37272387813342140,20170729,7450.00,7600.00,0,0,0.00,0.00,0.00,7450.00,0.00
37272387813342140,20170730,7450.00,7600.00,0,0,0.00,0.00,0.00,7450.00,0.00
37272387813342140,20170731,7450.00,7600.00,0,0,0.00,0.00,0.00,7450.00,0.00
37272387813342140,20170801,7450.00,7600.00,0,0,0.00,0.00,0.00,7450.00,0.00
37272387813342140,20170802,7450.00,7600.00,0,0,0.00,0.00,0.00,7450.00,0.00
37272387813342140,20170806,7450.00,7600.00,0,0,0.00,0.00,0.00,7450.00,0.00
37272387813342140,20170807,7450.00,7600.00,0,0,0.00,0.00,0.00,7450.00,0.00
37272387813342140,20170808,7450.00,7600.00,0,0,0.00,0.00,0.00,7450.00,0.00
37272387813342140,20170809,7450.00,7600.00,0,0,0.00,0.00,0.00,7450.00,0.00
37272387813342140,20170812,7450.00,7600.00,0,0,0.00,0.00,0.00,7450.00,0.00
37272387813342140,20170813,7450.00,7600.00,0,0,0.00,0.00,0.00,7450.00,0.00
37272387813342140,20170814,7450.00,7600.00,0,0,0.00,0.00,0.00,7450.00,0.00
37272387813342140,20170815,7450.00,7600.00,0,0,0.00,0.00,0.00,7450.00,0.00
37272387813342140,20170816,7450.00,7600.00,0,0,0.00,0.00,0.00,7450.00,0.00
37272387813342140,20170819,7450.00,7600.00,0,0,0.00,0.00,0.00,7450.00,0.00
37272387813342140,20170820,7450.00,7600.00,0,0,0.00,0.00,0.00,7450.00,0.00
37272387813342140,20170821,7450.00,7600.00,0,0,0.00,0.00,0.00,7450.00,0.00
37272387813342140,20170822,7450.00,7600.00,0,0,0.00,0.00,0.00,7450.00,0.00
37272387813342140,20170823,7450.00,7600.00,0,0,0.00,0.00,0.00,7450.00,0.00
37272387813342140,20170826,7450.00,7600.00,0,0,0.00,0.00,0.00,7450.00,0.00
37272387813342140,20170827,7450.00,7600.00,0,0,0.00,0.00,0.00,7450.00,0.00
37272387813342140,20170828,7450.00,7600.00,0,0,0.00,0.00,0.00,7450.00,0.00
37272387813342140,20170829,7450.00,7600.00,0,0,0.00,0.00,0.00,7450.00,0.00
37272387813342140,20170830,7450.00,7600.00,0,0,0.00,0.00,0.00,7450.00,0.00
37272387813342140,20170902,7450.00,7600.00,0,0,0.00,0.00,0.00,7450.00,0.00
37272387813342140,20170903,7450.00,7600.00,0,0,0.00,0.00,0.00,7450.00,0.00
37272387813342140,20170904,7450.00,7600.00,0,0,0.00,0.00,0.00,7450.00,0.00
37272387813342140,20170905,7450.00,7600.00,0,0,0.00,0.00,0.00,7450.00,0.00
37272387813342140,20170906,7450.00,7600.00,0,0,0.00,0.00,0.00,7450.00,0.00
37272387813342140,20170910,7450.00,7600.00,0,0,0.00,0.00,0.00,7450.00,0.00
37272387813342140,20170911,7450.00,7600.00,0,0,0.00,0.00,0.00,7450.00,0.00
37272387813342140,20170912,7450.00,7600.00,0,0,0.00,0.00,0.00,7450.00,0.00
37272387813342140,20170913,7450.00,7600.00,0,0,0.00,0.00,0.00,7450.00,0.00
37272387813342140,20170916,7450.00,7600.00,0,0,0.00,0.00,0.00,7450.00,0.00
37272387813342140,20170917,7450.00,7600.00,0,0,0.00,0.00,0.00,7450.00,0.00
37272387813342140,20170918,7450.00,7600.00,0,0,0.00,0.00,0.00,7450.00,0.00
37272387813342140,20170919,7450.00,7600.00,0,0,0.00,0.00,0.00,7450.00,0.00
37272387813342140,20170920,7450.00,7600.00,0,0,0.00,0.00,0.00,7450.00,0.00
37272387813342140,20170923,7450.00,7600.00,0,0,0.00,0.00,0.00,7450.00,0.00
37272387813342140,20170924,7450.00,7600.00,0,0,0.00,0.00,0.00,7450.00,0.00
37272387813342140,20170925,7450.00,7600.00,0,0,0.00,0.00,0.00,7450.00,0.00
37272387813342140,20170926,7450.00,7600.00,0,0,0.00,0.00,0.00,7450.00,0.00
37272387813342140,20170927,7450.00,7600.00,0,0,0.00,0.00,0.00,7450.00,0.00
37272387813342140,20171002,7450.00,7600.00,0,0,0.00,0.00,0.00,7450.00,0.00
37272387813342140,20171003,7450.00,7600.00,0,0,0.00,0.00,0.00,7450.00,0.00
37272387813342140,20171004,7450.00,7600.00,0,0,0.00,0.00,0.00,7450.00,0.00
37272387813342140,20171007,7450.00,7600.00,0,0,0.00,0.00,0.00,7450.00,0.00
37272387813342140,20171008,7450.00,7600.00,0,0,0.00,0.00,0.00,7450.00,0.00
37272387813342140,20171009,7450.00,7600.00,0,0,0.00,0.00,0.00,7450.00,0.00
37272387813342140,20171010,7450.00,7600.00,0,0,0.00,0.00,0.00,7450.00,0.00
37272387813342140,20171011,7450.00,7600.00,0,0,0.00,0.00,0.00,7450.00,0.00
37272387813342140,20171014,7450.00,7600.00,0,0,0.00,0.00,0.00,7450.00,0.00
37272387813342140,20171015,7450.00,7600.00,0,0,0.00,0.00,0.00,7450.00,0.00
37272387813342140,20171016,7450.00,7600.00,0,0,0.00,0.00,0.00,7450.00,0.00
37272387813342140,20171017,7450.00,7600.00,0,0,0.00,0.00,0.00,7450.00,0.00
37272387813342140,20171018,7450.00,7600.00,0,0,0.00,0.00,0.00,7450.00,0.00
37272387813342140,20171021,7450.00,7600.00,0,0,0.00,0.00,0.00,7450.00,0.00
37272387813342140,20171022,7450.00,7600.00,0,0,0.00,0.00,0.00,7450.00,0.00
37272387813342140,20171023,7450.00,7600.00,0,0,0.00,0.00,0.00,7450.00,0.00
37272387813342140,20171024,7450.00,7600.00,0,0,0.00,0.00,0.00,7450.00,0.00
37272387813342140,20171025,7450.00,7600.00,0,0,0.00,0.00,0.00,7450.00,0.00
37272387813342140,20171028,7450.00,7600.00,0,0,0.00,0.00,0.00,7450.00,0.00
37272387813342140,20171029,7450.00,7600.00,0,0,0.00,0.00,0.00,7450.00,0.00
37272387813342140,20171030,7450.00,7600.00,0,0,0.00,0.00,0.00,7450.00,0.00
37272387813342140,20171031,7450.00,7600.00,0,0,0.00,0.00,0.00,7450.00,0.00
37272387813342140,20171101,7450.00,7600.00,0,0,0.00,0.00,0.00,7450.00,0.00
37272387813342140,20171104,7450.00,7600.00,0,0,0.00,0.00,0.00,7450.00,0.00
37272387813342140,20171105,7450.00,7600.00,0,0,0.00,0.00,0.00,7450.00,0.00
37272387813342140,20171106,7450.00,7600.00,0,0,0.00,0.00,0.00,7450.00,0.00
37272387813342140,20171107,7450.00,7600.00,0,0,0.00,0.00,0.00,7450.00,0.00
37272387813342140,20171108,7450.00,7600.00,0,0,0.00,0.00,0.00,7450.00,0.00
37272387813342140,20171111,7450.00,7600.00,0,0,0.00,0.00,0.00,7450.00,0.00
37272387813342140,20171112,7450.00,7600.00,0,0,0.00,0.00,0.00,7450.00,0.00
37272387813342140,20171113,7450.00,7600.00,0,0,0.00,0.00,0.00,7450.00,0.00
37272387813342140,20171114,7450.00,7600.00,0,0,0.00,0.00,0.00,7450.00,0.00
37272387813342140,20171115,7450.00,7600.00,0,0,0.00,0.00,0.00,7450.00,0.00
37272387813342140,20171118,7450.00,7600.00,0,0,0.00,0.00,0.00,7450.00,0.00
37272387813342140,20171120,7450.00,7600.00,0,0,0.00,0.00,0.00,7450.00,0.00
37272387813342140,20171121,7450.00,7600.00,0,0,0.00,0.00,0.00,7450.00,0.00
37272387813342140,20171122,7450.00,7600.00,0,0,0.00,0.00,0.00,7450.00,0.00
37272387813342140,20171125,7450.00,7600.00,0,0,0.00,0.00,0.00,7450.00,0.00
37272387813342140,20171126,7450.00,7600.00,0,0,0.00,0.00,0.00,7450.00,0.00
37272387813342140,20171128,7450.00,7600.00,0,0,0.00,0.00,0.00,7450.00,0.00
37272387813342140,20171129,7450.00,7600.00,0,0,0.00,0.00,0.00,7450.00,0.00
37272387813342140,20171202,7450.00,7600.00,0,0,0.00,0.00,0.00,7450.00,0.00
37272387813342140,20171203,7450.00,7600.00,0,0,0.00,0.00,0.00,7450.00,0.00
37272387813342140,20171204,7450.00,7600.00,0,0,0.00,0.00,0.00,7450.00,0.00
37272387813342140,20171205,7450.00,7600.00,0,0,0.00,0.00,0.00,7450.00,0.00
37272387813342140,20171209,7450.00,7600.00,0,0,0.00,0.00,0.00,7450.00,0.00
37272387813342140,20171210,7450.00,7600.00,0,0,0.00,0.00,0.00,7450.00,0.00
37272387813342140,20171211,7450.00,7600.00,0,0,0.00,0.00,0.00,7450.00,0.00
37272387813342140,20171212,7450.00,7600.00,0,0,0.00,0.00,0.00,7450.00,0.00
37272387813342140,20171213,7450.00,7600.00,0,0,0.00,0.00,0.00,7450.00,0.00
37272387813342140,20171214,7450.00,7600.00,0,0,0.00,0.00,0.00,7450.00,0.00
37272387813342140,20171215,7450.00,7600.00,0,0,0.00,0.00,0.00,7450.00,0.00
37272387813342140,20171216,7450.00,7600.00,0,0,0.00,0.00,0.00,7450.00,0.00
37272387813342140,20171217,7450.00,7600.00,0,0,0.00,0.00,0.00,7450.00,0.00
37272387813342140,20171218,7450.00,7600.00,0,0,0.00,0.00,0.00,7450.00,0.00
37272387813342140,20171219,7450.00,7600.00,0,0,0.00,0.00,0.00,7450.00,0.00
37272387813342140,20171220,7450.00,7600.00,0,0,0.00,0.00,0.00,7450.00,0.00
37272387813342140,20171223,7450.00,7600.00,0,0,0.00,0.00,0.00,7450.00,0.00
37272387813342140,20171224,7450.00,7600.00,0,0,0.00,0.00,0.00,7450.00,0.00
37272387813342140,20171225,7450.00,7600.00,0,0,0.00,0.00,0.00,7450.00,0.00
37272387813342140,20171226,7450.00,7600.00,0,0,0.00,0.00,0.00,7450.00,0.00
37272387813342140,20171227,7450.00,7600.00,0,0,0.00,0.00,0.00,7450.00,0.00
37272387813342140,20171230,7450.00,7600.00,0,0,0.00,0.00,0.00,7450.00,0.00
37272387813342140,20171231,7450.00,7600.00,0,0,0.00,0.00,0.00,7450.00,0.00
37272387813342140,20180101,7450.00,7600.00,0,0,0.00,0.00,0.00,7450.00,0.00
37272387813342140,20180102,7450.00,7600.00,0,0,0.00,0.00,0.00,7450.00,0.00
37272387813342140,20180103,7450.00,7600.00,0,0,0.00,0.00,0.00,7450.00,0.00
37272387813342140,20180106,7450.00,7600.00,0,0,0.00,0.00,0.00,7450.00,0.00
37272387813342140,20180107,7450.00,7600.00,0,0,0.00,0.00,0.00,7450.00,0.00
37272387813342140,20180108,7450.00,7600.00,0,0,0.00,0.00,0.00,7450.00,0.00
37272387813342140,20180109,7450.00,7600.00,0,0,0.00,0.00,0.00,7450.00,0.00
37272387813342140,20180110,7450.00,7600.00,0,0,0.00,0.00,0.00,7450.00,0.00
37272387813342140,20180113,7450.00,7600.00,0,0,0.00,0.00,0.00,7450.00,0.00
37272387813342140,20180114,7450.00,7600.00,0,0,0.00,0.00,0.00,7450.00,0.00
37272387813342140,20180115,7450.00,7600.00,0,0,0.00,0.00,0.00,7450.00,0.00
37272387813342140,20180116,7450.00,7600.00,0,0,0.00,0.00,0.00,7450.00,0.00
37272387813342140,20180117,7450.00,7600.00,0,0,0.00,0.00,0.00,7450.00,0.00
37272387813342140,20180120,7450.00,7600.00,0,0,0.00,0.00,0.00,7450.00,0.00
37272387813342140,20180121,7450.00,7600.00,0,0,0.00,0.00,0.00,7450.00,0.00
37272387813342140,20180122,7450.00,7600.00,0,0,0.00,0.00,0.00,7450.00,0.00
37272387813342140,20180123,7450.00,7600.00,0,0,0.00,0.00,0.00,7450.00,0.00
37272387813342140,20180124,7450.00,7600.00,0,0,0.00,0.00,0.00,7450.00,0.00
37272387813342140,20180127,7450.00,7600.00,0,0,0.00,0.00,0.00,7450.00,0.00
37272387813342140,20180128,7450.00,7600.00,0,0,0.00,0.00,0.00,7450.00,0.00
37272387813342140,20180129,7450.00,7600.00,0,0,0.00,0.00,0.00,7450.00,0.00
37272387813342140,20180130,7450.00,7600.00,0,0,0.00,0.00,0.00,7450.00,0.00
37272387813342140,20180131,7450.00,7600.00,0,0,0.00,0.00,0.00,7450.00,0.00
37272387813342140,20180203,7450.00,7600.00,0,0,0.00,0.00,0.00,7450.00,0.00
37272387813342140,20180204,7450.00,7600.00,0,0,0.00,0.00,0.00,7450.00,0.00
37272387813342140,20180205,7450.00,7600.00,0,0,0.00,0.00,0.00,7450.00,0.00
37272387813342140,20180206,7450.00,7600.00,0,0,0.00,0.00,0.00,7450.00,0.00
37272387813342140,20180207,7450.00,7600.00,0,0,0.00,0.00,0.00,7450.00,0.00
37272387813342140,20180210,7450.00,7600.00,0,0,0.00,0.00,0.00,7450.00,0.00
37272387813342140,20180212,7450.00,7600.00,0,0,0.00,0.00,0.00,7450.00,0.00
37272387813342140,20180213,7450.00,7600.00,0,0,0.00,0.00,0.00,7450.00,0.00
37272387813342140,20180214,7450.00,7600.00,0,0,0.00,0.00,0.00,7450.00,0.00
37272387813342140,20180217,7450.00,7600.00,0,0,0.00,0.00,0.00,7450.00,0.00
37272387813342140,20180218,7450.00,7600.00,0,0,0.00,0.00,0.00,7450.00,0.00
37272387813342140,20180219,7450.00,7600.00,0,0,0.00,0.00,0.00,7450.00,0.00
37272387813342140,20180221,7450.00,7600.00,0,0,0.00,0.00,0.00,7450.00,0.00
37272387813342140,20180224,7450.00,7600.00,0,0,0.00,0.00,0.00,7450.00,0.00
37272387813342140,20180225,7450.00,7600.00,0,0,0.00,0.00,0.00,7450.00,0.00
37272387813342140,20180226,7450.00,7600.00,0,0,0.00,0.00,0.00,7450.00,0.00
37272387813342140,20180227,7450.00,7600.00,0,0,0.00,0.00,0.00,7450.00,0.00
37272387813342140,20180228,7450.00,7600.00,0,0,0.00,0.00,0.00,7450.00,0.00
37272387813342140,20180303,7450.00,7600.00,0,0,0.00,0.00,0.00,7450.00,0.00
37272387813342140,20180304,7450.00,7600.00,0,0,0.00,0.00,0.00,7450.00,0.00
37272387813342140,20180305,7450.00,7600.00,0,0,0.00,0.00,0.00,7450.00,0.00
37272387813342140,20180306,7450.00,7600.00,0,0,0.00,0.00,0.00,7450.00,0.00
37272387813342140,20180307,7450.00,7600.00,0,0,0.00,0.00,0.00,7450.00,0.00
37272387813342140,20180310,7450.00,7600.00,0,0,0.00,0.00,0.00,7450.00,0.00
37272387813342140,20180311,7450.00,7600.00,0,0,0.00,0.00,0.00,7450.00,0.00
37272387813342140,20180312,7450.00,7600.00,0,0,0.00,0.00,0.00,7450.00,0.00
37272387813342140,20180313,7450.00,7600.00,0,0,0.00,0.00,0.00,7450.00,0.00
37272387813342140,20180314,7450.00,7600.00,0,0,0.00,0.00,0.00,7450.00,0.00
37272387813342140,20180317,7450.00,7600.00,0,0,0.00,0.00,0.00,7450.00,0.00
37272387813342140,20180318,7450.00,7600.00,0,0,0.00,0.00,0.00,7450.00,0.00
37272387813342140,20180319,7450.00,7600.00,0,0,0.00,0.00,0.00,7450.00,0.00
37272387813342140,20180325,7450.00,7600.00,0,0,0.00,0.00,0.00,7450.00,0.00
37272387813342140,20180326,7450.00,7600.00,0,0,0.00,0.00,0.00,7450.00,0.00
37272387813342140,20180327,7450.00,7600.00,0,0,0.00,0.00,0.00,7450.00,0.00
37272387813342140,20180328,7450.00,7600.00,0,0,0.00,0.00,0.00,7450.00,0.00
37272387813342140,20180403,7450.00,7600.00,0,0,0.00,0.00,0.00,7450.00,0.00
37272387813342140,20180404,7450.00,7600.00,0,0,0.00,0.00,0.00,7450.00,0.00
37272387813342140,20180407,7450.00,7600.00,0,0,0.00,0.00,0.00,7450.00,0.00
37272387813342140,20180408,7450.00,7600.00,0,0,0.00,0.00,0.00,7450.00,0.00
37272387813342140,20180409,7450.00,7600.00,0,0,0.00,0.00,0.00,7450.00,0.00
37272387813342140,20180410,7000.00,7000.00,15,750000,5250000000.00,7000.00,7000.00,7450.00,7000.00
37272387813342140,20180411,7000.00,7000.00,0,0,0.00,0.00,0.00,7000.00,0.00
37272387813342140,20180415,7000.00,7000.00,0,0,0.00,0.00,0.00,7000.00,0.00
37272387813342140,20180416,7000.00,7000.00,0,0,0.00,0.00,0.00,7000.00,0.00
37272387813342140,20180417,7000.00,7000.00,0,0,0.00,0.00,0.00,7000.00,0.00
37272387813342140,20180418,7000.00,7000.00,0,0,0.00,0.00,0.00,7000.00,0.00
37272387813342140,20180421,7000.00,7000.00,0,0,0.00,0.00,0.00,7000.00,0.00
37272387813342140,20180422,7000.00,7000.00,0,0,0.00,0.00,0.00,7000.00,0.00
37272387813342140,20180423,7000.00,7000.00,0,0,0.00,0.00,0.00,7000.00,0.00
37272387813342140,20180424,7000.00,7000.00,0,0,0.00,0.00,0.00,7000.00,0.00
37272387813342140,20180425,7000.00,7000.00,0,0,0.00,0.00,0.00,7000.00,0.00
37272387813342140,20180428,7000.00,7000.00,0,0,0.00,0.00,0.00,7000.00,0.00
37272387813342140,20180429,7000.00,7000.00,0,0,0.00,0.00,0.00,7000.00,0.00
37272387813342140,20180430,7000.00,7000.00,0,0,0.00,0.00,0.00,7000.00,0.00
37272387813342140,20180501,7000.00,7000.00,0,0,0.00,0.00,0.00,7000.00,0.00
37272387813342140,20180505,7000.00,7000.00,0,0,0.00,0.00,0.00,7000.00,0.00
37272387813342140,20180506,6705.00,6705.00,84,4134000,27718470000.00,6705.00,6705.00,7000.00,6705.00
37272387813342140,20180507,6705.00,6705.00,0,0,0.00,0.00,0.00,6705.00,0.00
37272387813342140,20180508,6705.00,6705.00,0,0,0.00,0.00,0.00,6705.00,0.00
37272387813342140,20180509,6705.00,6705.00,0,0,0.00,0.00,0.00,6705.00,0.00
37272387813342140,20180512,6705.00,6705.00,0,0,0.00,0.00,0.00,6705.00,0.00
37272387813342140,20180513,6705.00,6705.00,0,0,0.00,0.00,0.00,6705.00,0.00
37272387813342140,20180514,6705.00,6705.00,0,0,0.00,0.00,0.00,6705.00,0.00
37272387813342140,20180515,6705.00,6705.00,0,0,0.00,0.00,0.00,6705.00,0.00
37272387813342140,20180516,6705.00,6705.00,0,0,0.00,0.00,0.00,6705.00,0.00
37272387813342140,20180519,6705.00,6705.00,0,0,0.00,0.00,0.00,6705.00,0.00
37272387813342140,20180520,6705.00,6705.00,0,0,0.00,0.00,0.00,6705.00,0.00
37272387813342140,20180521,6705.00,6705.00,0,0,0.00,0.00,0.00,6705.00,0.00
37272387813342140,20180522,6705.00,6705.00,0,0,0.00,0.00,0.00,6705.00,0.00
37272387813342140,20180523,6705.00,6705.00,0,0,0.00,0.00,0.00,6705.00,0.00
37272387813342140,20180526,6705.00,6705.00,0,0,0.00,0.00,0.00,6705.00,0.00
37272387813342140,20180527,6705.00,6705.00,0,0,0.00,0.00,0.00,6705.00,0.00
37272387813342140,20180528,6705.00,6705.00,0,0,0.00,0.00,0.00,6705.00,0.00
37272387813342140,20180529,6705.00,6705.00,0,0,0.00,0.00,0.00,6705.00,0.00
37272387813342140,20180530,6705.00,6705.00,0,0,0.00,0.00,0.00,6705.00,0.00
37272387813342140,20180602,6705.00,6705.00,0,0,0.00,0.00,0.00,6705.00,0.00
37272387813342140,20180603,6705.00,6705.00,0,0,0.00,0.00,0.00,6705.00,0.00
37272387813342140,20180609,6705.00,6705.00,0,0,0.00,0.00,0.00,6705.00,0.00
37272387813342140,20180610,6705.00,6705.00,0,0,0.00,0.00,0.00,6705.00,0.00
37272387813342140,20180611,6705.00,6705.00,0,0,0.00,0.00,0.00,6705.00,0.00
37272387813342140,20180612,6705.00,6705.00,0,0,0.00,0.00,0.00,6705.00,0.00
37272387813342140,20180613,6705.00,6705.00,0,0,0.00,0.00,0.00,6705.00,0.00
37272387813342140,20180617,6705.00,6705.00,0,0,0.00,0.00,0.00,6705.00,0.00
37272387813342140,20180618,6705.00,6705.00,0,0,0.00,0.00,0.00,6705.00,0.00
37272387813342140,20180619,6705.00,6705.00,0,0,0.00,0.00,0.00,6705.00,0.00
37272387813342140,20180620,6705.00,6705.00,0,0,0.00,0.00,0.00,6705.00,0.00
37272387813342140,20180623,6705.00,6705.00,0,0,0.00,0.00,0.00,6705.00,0.00
37272387813342140,20180624,6705.00,6705.00,0,0,0.00,0.00,0.00,6705.00,0.00
37272387813342140,20180625,6705.00,6705.00,0,0,0.00,0.00,0.00,6705.00,0.00
37272387813342140,20180626,6705.00,6705.00,0,0,0.00,0.00,0.00,6705.00,0.00
37272387813342140,20180627,6705.00,6705.00,0,0,0.00,0.00,0.00,6705.00,0.00
37272387813342140,20180630,6705.00,6705.00,0,0,0.00,0.00,0.00,6705.00,0.00
37272387813342140,20180701,6705.00,6705.00,0,0,0.00,0.00,0.00,6705.00,0.00
37272387813342140,20180702,6705.00,6705.00,0,0,0.00,0.00,0.00,6705.00,0.00
37272387813342140,20180703,6705.00,6705.00,0,0,0.00,0.00,0.00,6705.00,0.00
37272387813342140,20180704,6705.00,6705.00,0,0,0.00,0.00,0.00,6705.00,0.00
37272387813342140,20180707,6705.00,6705.00,0,0,0.00,0.00,0.00,6705.00,0.00
37272387813342140,20180708,6605.00,6705.00,0,0,0.00,0.00,0.00,6605.00,0.00
37272387813342140,20180710,6605.00,6705.00,0,0,0.00,0.00,0.00,6605.00,0.00
37272387813342140,20180711,6605.00,6705.00,0,0,0.00,0.00,0.00,6605.00,0.00
37272387813342140,20180714,6605.00,6705.00,0,0,0.00,0.00,0.00,6605.00,0.00
37272387813342140,20180715,6605.00,6705.00,0,0,0.00,0.00,0.00,6605.00,0.00
37272387813342140,20180716,6605.00,6705.00,0,0,0.00,0.00,0.00,6605.00,0.00
37272387813342140,20180717,6605.00,6705.00,0,0,0.00,0.00,0.00,6605.00,0.00
37272387813342140,20180718,6605.00,6705.00,0,0,0.00,0.00,0.00,6605.00,0.00
37272387813342140,20180721,6605.00,6705.00,0,0,0.00,0.00,0.00,6605.00,0.00
37272387813342140,20180722,6605.00,6705.00,0,0,0.00,0.00,0.00,6605.00,0.00
37272387813342140,20180723,6605.00,6705.00,0,0,0.00,0.00,0.00,6605.00,0.00
37272387813342140,20180724,6605.00,6705.00,0,0,0.00,0.00,0.00,6605.00,0.00
37272387813342140,20180725,6605.00,6705.00,0,0,0.00,0.00,0.00,6605.00,0.00
37272387813342140,20180726,6605.00,6705.00,0,0,0.00,0.00,0.00,6605.00,0.00
37272387813342140,20180727,6605.00,6705.00,0,0,0.00,0.00,0.00,6605.00,0.00
37272387813342140,20180728,6605.00,6705.00,0,0,0.00,0.00,0.00,6605.00,0.00
37272387813342140,20180729,6605.00,6705.00,0,0,0.00,0.00,0.00,6605.00,0.00
37272387813342140,20180730,6605.00,6705.00,0,0,0.00,0.00,0.00,6605.00,0.00
37272387813342140,20180731,6605.00,6705.00,0,0,0.00,0.00,0.00,6605.00,0.00
37272387813342140,20180801,6605.00,6705.00,0,0,0.00,0.00,0.00,6605.00,0.00
37272387813342140,20180804,6605.00,6705.00,0,0,0.00,0.00,0.00,6605.00,0.00
37272387813342140,20180805,6605.00,6705.00,0,0,0.00,0.00,0.00,6605.00,0.00
37272387813342140,20180806,6605.00,6705.00,0,0,0.00,0.00,0.00,6605.00,0.00
37272387813342140,20180807,6605.00,6705.00,0,0,0.00,0.00,0.00,6605.00,0.00
37272387813342140,20180808,6605.00,6705.00,0,0,0.00,0.00,0.00,6605.00,0.00
37272387813342140,20180811,6605.00,6705.00,0,0,0.00,0.00,0.00,6605.00,0.00
37272387813342140,20180812,6605.00,6705.00,0,0,0.00,0.00,0.00,6605.00,0.00
37272387813342140,20180813,6605.00,6705.00,0,0,0.00,0.00,0.00,6605.00,0.00
37272387813342140,20180814,6605.00,6705.00,0,0,0.00,0.00,0.00,6605.00,0.00
37272387813342140,20180815,6605.00,6705.00,0,0,0.00,0.00,0.00,6605.00,0.00
37272387813342140,20180818,6605.00,6705.00,0,0,0.00,0.00,0.00,6605.00,0.00
37272387813342140,20180819,6605.00,6705.00,0,0,0.00,0.00,0.00,6605.00,0.00
37272387813342140,20180820,6605.00,6705.00,0,0,0.00,0.00,0.00,6605.00,0.00
37272387813342140,20180821,6605.00,6705.00,0,0,0.00,0.00,0.00,6605.00,0.00
37272387813342140,20180825,6605.00,6705.00,0,0,0.00,0.00,0.00,6605.00,0.00
37272387813342140,20180826,6605.00,6705.00,0,0,0.00,0.00,0.00,6605.00,0.00
37272387813342140,20180827,6605.00,6705.00,0,0,0.00,0.00,0.00,6605.00,0.00
37272387813342140,20180828,6605.00,6705.00,0,0,0.00,0.00,0.00,6605.00,0.00
37272387813342140,20180829,6605.00,6705.00,0,0,0.00,0.00,0.00,6605.00,0.00
37272387813342140,20180901,6605.00,6705.00,0,0,0.00,0.00,0.00,6605.00,0.00
37272387813342140,20180902,6605.00,6705.00,0,0,0.00,0.00,0.00,6605.00,0.00
37272387813342140,20180903,6605.00,6705.00,0,0,0.00,0.00,0.00,6605.00,0.00
37272387813342140,20180904,6605.00,6705.00,0,0,0.00,0.00,0.00,6605.00,0.00
37272387813342140,20180905,6605.00,6705.00,0,0,0.00,0.00,0.00,6605.00,0.00
37272387813342140,20180908,6605.00,6705.00,0,0,0.00,0.00,0.00,6605.00,0.00
37272387813342140,20180909,6605.00,6705.00,0,0,0.00,0.00,0.00,6605.00,0.00
37272387813342140,20180910,6605.00,6705.00,0,0,0.00,0.00,0.00,6605.00,0.00
37272387813342140,20180911,6605.00,6705.00,0,0,0.00,0.00,0.00,6605.00,0.00
37272387813342140,20180912,6605.00,6705.00,0,0,0.00,0.00,0.00,6605.00,0.00
37272387813342140,20180915,6605.00,6705.00,0,0,0.00,0.00,0.00,6605.00,0.00
37272387813342140,20180916,6605.00,6705.00,0,0,0.00,0.00,0.00,6605.00,0.00
37272387813342140,20180917,6605.00,6705.00,0,0,0.00,0.00,0.00,6605.00,0.00
37272387813342140,20180918,6605.00,6705.00,0,0,0.00,0.00,0.00,6605.00,0.00
37272387813342140,20180922,6605.00,6705.00,0,0,0.00,0.00,0.00,6605.00,0.00
37272387813342140,20180923,6605.00,6705.00,0,0,0.00,0.00,0.00,6605.00,0.00
37272387813342140,20180924,6605.00,6705.00,0,0,0.00,0.00,0.00,6605.00,0.00
37272387813342140,20180925,6605.00,6705.00,0,0,0.00,0.00,0.00,6605.00,0.00
37272387813342140,20180926,6605.00,6705.00,0,0,0.00,0.00,0.00,6605.00,0.00
37272387813342140,20180929,6605.00,6705.00,0,0,0.00,0.00,0.00,6605.00,0.00
37272387813342140,20180930,6605.00,6705.00,0,0,0.00,0.00,0.00,6605.00,0.00
37272387813342140,20181001,6605.00,6705.00,0,0,0.00,0.00,0.00,6605.00,0.00
37272387813342140,20181002,6605.00,6705.00,0,0,0.00,0.00,0.00,6605.00,0.00
37272387813342140,20181003,6605.00,6705.00,0,0,0.00,0.00,0.00,6605.00,0.00
37272387813342140,20181006,6605.00,6705.00,0,0,0.00,0.00,0.00,6605.00,0.00
37272387813342140,20181007,6605.00,6705.00,0,0,0.00,0.00,0.00,6605.00,0.00
37272387813342140,20181008,6605.00,6705.00,0,0,0.00,0.00,0.00,6605.00,0.00
37272387813342140,20181009,6605.00,6705.00,0,0,0.00,0.00,0.00,6605.00,0.00
37272387813342140,20181010,6605.00,6705.00,0,0,0.00,0.00,0.00,6605.00,0.00
37272387813342140,20181013,6605.00,6705.00,0,0,0.00,0.00,0.00,6605.00,0.00
37272387813342140,20181014,6605.00,6705.00,0,0,0.00,0.00,0.00,6605.00,0.00
37272387813342140,20181015,6605.00,6705.00,0,0,0.00,0.00,0.00,6605.00,0.00
37272387813342140,20181016,6605.00,6705.00,0,0,0.00,0.00,0.00,6605.00,0.00
37272387813342140,20181017,6605.00,6705.00,0,0,0.00,0.00,0.00,6605.00,0.00
37272387813342140,20181020,6605.00,6705.00,0,0,0.00,0.00,0.00,6605.00,0.00
37272387813342140,20181021,6605.00,6705.00,0,0,0.00,0.00,0.00,6605.00,0.00
37272387813342140,20181022,6605.00,6705.00,0,0,0.00,0.00,0.00,6605.00,0.00
37272387813342140,20181023,6605.00,6705.00,0,0,0.00,0.00,0.00,6605.00,0.00
37272387813342140,20181024,6605.00,6705.00,0,0,0.00,0.00,0.00,6605.00,0.00
37272387813342140,20181027,6605.00,6705.00,0,0,0.00,0.00,0.00,6605.00,0.00
37272387813342140,20181028,6605.00,6705.00,0,0,0.00,0.00,0.00,6605.00,0.00
37272387813342140,20181029,6605.00,6705.00,0,0,0.00,0.00,0.00,6605.00,0.00
37272387813342140,20181031,6605.00,6705.00,0,0,0.00,0.00,0.00,6605.00,0.00
37272387813342140,20181103,6605.00,6705.00,0,0,0.00,0.00,0.00,6605.00,0.00
37272387813342140,20181104,6605.00,6705.00,0,0,0.00,0.00,0.00,6605.00,0.00
37272387813342140,20181105,6605.00,6705.00,0,0,0.00,0.00,0.00,6605.00,0.00
37272387813342140,20181106,6605.00,6705.00,0,0,0.00,0.00,0.00,6605.00,0.00
37272387813342140,20181110,6605.00,6705.00,0,0,0.00,0.00,0.00,6605.00,0.00
37272387813342140,20181111,6605.00,6705.00,0,0,0.00,0.00,0.00,6605.00,0.00
37272387813342140,20181112,6605.00,6705.00,0,0,0.00,0.00,0.00,6605.00,0.00
37272387813342140,20181113,6605.00,6705.00,0,0,0.00,0.00,0.00,6605.00,0.00
37272387813342140,20181114,6605.00,6705.00,0,0,0.00,0.00,0.00,6605.00,0.00
37272387813342140,20181117,6605.00,6705.00,0,0,0.00,0.00,0.00,6605.00,0.00
37272387813342140,20181118,6605.00,6705.00,0,0,0.00,0.00,0.00,6605.00,0.00
37272387813342140,20181119,6605.00,6705.00,0,0,0.00,0.00,0.00,6605.00,0.00
37272387813342140,20181120,6605.00,6705.00,0,0,0.00,0.00,0.00,6605.00,0.00
37272387813342140,20181121,6605.00,6705.00,0,0,0.00,0.00,0.00,6605.00,0.00
37272387813342140,20181124,6605.00,6705.00,0,0,0.00,0.00,0.00,6605.00,0.00
37272387813342140,20181126,6605.00,6705.00,0,0,0.00,0.00,0.00,6605.00,0.00
37272387813342140,20181127,6605.00,6705.00,0,0,0.00,0.00,0.00,6605.00,0.00
37272387813342140,20181128,6605.00,6705.00,0,0,0.00,0.00,0.00,6605.00,0.00
37272387813342140,20181201,6605.00,6705.00,0,0,0.00,0.00,0.00,6605.00,0.00
37272387813342140,20181202,6605.00,6705.00,0,0,0.00,0.00,0.00,6605.00,0.00
37272387813342140,20181203,6605.00,6705.00,0,0,0.00,0.00,0.00,6605.00,0.00
37272387813342140,20181204,6605.00,6705.00,0,0,0.00,0.00,0.00,6605.00,0.00
37272387813342140,20181205,6605.00,6705.00,0,0,0.00,0.00,0.00,6605.00,0.00
37272387813342140,20181208,6605.00,6705.00,0,0,0.00,0.00,0.00,6605.00,0.00
37272387813342140,20181209,6605.00,6705.00,0,0,0.00,0.00,0.00,6605.00,0.00
37272387813342140,20181210,6605.00,6705.00,0,0,0.00,0.00,0.00,6605.00,0.00
37272387813342140,20181211,6605.00,6705.00,0,0,0.00,0.00,0.00,6605.00,0.00
37272387813342140,20181212,6605.00,6705.00,0,0,0.00,0.00,0.00,6605.00,0.00
37272387813342140,20181215,6605.00,6705.00,0,0,0.00,0.00,0.00,6605.00,0.00
37272387813342140,20181216,6605.00,6705.00,0,0,0.00,0.00,0.00,6605.00,0.00
37272387813342140,20181217,6605.00,6705.00,0,0,0.00,0.00,0.00,6605.00,0.00
37272387813342140,20181218,6605.00,6705.00,0,0,0.00,0.00,0.00,6605.00,0.00
37272387813342140,20181219,6605.00,6705.00,0,0,0.00,0.00,0.00,6605.00,0.00
37272387813342140,20181222,6605.00,6705.00,0,0,0.00,0.00,0.00,6605.00,0.00
37272387813342140,20181223,6605.00,6705.00,0,0,0.00,0.00,0.00,6605.00,0.00
37272387813342140,20181224,6605.00,6705.00,0,0,0.00,0.00,0.00,6605.00,0.00
37272387813342140,20181225,6605.00,6705.00,0,0,0.00,0.00,0.00,6605.00,0.00
37272387813342140,20181226,6605.00,6705.00,0,0,0.00,0.00,0.00,6605.00,0.00
37272387813342140,20181229,6605.00,6705.00,0,0,0.00,0.00,0.00,6605.00,0.00
37272387813342140,20181230,6605.00,6705.00,0,0,0.00,0.00,0.00,6605.00,0.00
37272387813342140,20181231,6605.00,6705.00,0,0,0.00,0.00,0.00,6605.00,0.00
37272387813342140,20190101,6605.00,6705.00,0,0,0.00,0.00,0.00,6605.00,0.00
37272387813342140,20190102,6605.00,6705.00,0,0,0.00,0.00,0.00,6605.00,0.00
37272387813342140,20190105,6605.00,6705.00,0,0,0.00,0.00,0.00,6605.00,0.00
37272387813342140,20190106,6605.00,6705.00,0,0,0.00,0.00,0.00,6605.00,0.00
37272387813342140,20190107,6605.00,6705.00,0,0,0.00,0.00,0.00,6605.00,0.00
37272387813342140,20190108,6605.00,6705.00,0,0,0.00,0.00,0.00,6605.00,0.00
37272387813342140,20190109,6605.00,6705.00,0,0,0.00,0.00,0.00,6605.00,0.00
37272387813342140,20190112,6605.00,6705.00,0,0,0.00,0.00,0.00,6605.00,0.00
37272387813342140,20190113,6605.00,6705.00,0,0,0.00,0.00,0.00,6605.00,0.00
37272387813342140,20190114,6605.00,6705.00,0,0,0.00,0.00,0.00,6605.00,0.00
37272387813342140,20190115,6605.00,6705.00,0,0,0.00,0.00,0.00,6605.00,0.00
37272387813342140,20190116,6605.00,6705.00,0,0,0.00,0.00,0.00,6605.00,0.00
37272387813342140,20190119,6605.00,6705.00,0,0,0.00,0.00,0.00,6605.00,0.00
37272387813342140,20190120,6605.00,6705.00,0,0,0.00,0.00,0.00,6605.00,0.00
37272387813342140,20190121,6605.00,6705.00,0,0,0.00,0.00,0.00,6605.00,0.00
37272387813342140,20190122,6605.00,6705.00,0,0,0.00,0.00,0.00,6605.00,0.00
37272387813342140,20190123,6605.00,6705.00,0,0,0.00,0.00,0.00,6605.00,0.00
37272387813342140,20190126,6605.00,6705.00,0,0,0.00,0.00,0.00,6605.00,0.00
37272387813342140,20190127,6605.00,6705.00,0,0,0.00,0.00,0.00,6605.00,0.00
37272387813342140,20190128,6605.00,6705.00,0,0,0.00,0.00,0.00,6605.00,0.00
37272387813342140,20190129,6605.00,6705.00,0,0,0.00,0.00,0.00,6605.00,0.00
37272387813342140,20190130,6605.00,6705.00,0,0,0.00,0.00,0.00,6605.00,0.00
37272387813342140,20190202,6605.00,6705.00,0,0,0.00,0.00,0.00,6605.00,0.00
37272387813342140,20190203,6605.00,6705.00,0,0,0.00,0.00,0.00,6605.00,0.00
37272387813342140,20190204,6605.00,6705.00,0,0,0.00,0.00,0.00,6605.00,0.00
37272387813342140,20190205,6605.00,6705.00,0,0,0.00,0.00,0.00,6605.00,0.00
37272387813342140,20190206,6605.00,6705.00,0,0,0.00,0.00,0.00,6605.00,0.00
37272387813342140,20190210,6605.00,6705.00,0,0,0.00,0.00,0.00,6605.00,0.00
37272387813342140,20190212,6605.00,6705.00,0,0,0.00,0.00,0.00,6605.00,0.00
37272387813342140,20190213,6605.00,6705.00,0,0,0.00,0.00,0.00,6605.00,0.00
37272387813342140,20190216,6605.00,6705.00,0,0,0.00,0.00,0.00,6605.00,0.00
37272387813342140,20190217,6605.00,6705.00,0,0,0.00,0.00,0.00,6605.00,0.00
37272387813342140,20190218,6605.00,6705.00,0,0,0.00,0.00,0.00,6605.00,0.00
37272387813342140,20190219,6605.00,6705.00,0,0,0.00,0.00,0.00,6605.00,0.00
37272387813342140,20190220,6605.00,6705.00,0,0,0.00,0.00,0.00,6605.00,0.00
37272387813342140,20190223,6605.00,6705.00,0,0,0.00,0.00,0.00,6605.00,0.00
37272387813342140,20190224,6605.00,6705.00,0,0,0.00,0.00,0.00,6605.00,0.00
37272387813342140,20190225,6605.00,6705.00,0,0,0.00,0.00,0.00,6605.00,0.00
37272387813342140,20190226,6605.00,6705.00,0,0,0.00,0.00,0.00,6605.00,0.00
37272387813342140,20190227,6605.00,6705.00,0,0,0.00,0.00,0.00,6605.00,0.00
37272387813342140,20190302,6605.00,6705.00,0,0,0.00,0.00,0.00,6605.00,0.00
37272387813342140,20190303,6605.00,6705.00,0,0,0.00,0.00,0.00,6605.00,0.00
37272387813342140,20190304,6605.00,6705.00,0,0,0.00,0.00,0.00,6605.00,0.00
37272387813342140,20190305,6605.00,6705.00,0,0,0.00,0.00,0.00,6605.00,0.00
37272387813342140,20190306,6605.00,6705.00,0,0,0.00,0.00,0.00,6605.00,0.00
37272387813342140,20190309,6605.00,6705.00,0,0,0.00,0.00,0.00,6605.00,0.00
37272387813342140,20190310,6605.00,6705.00,0,0,0.00,0.00,0.00,6605.00,0.00
37272387813342140,20190311,6605.00,6705.00,0,0,0.00,0.00,0.00,6605.00,0.00
37272387813342140,20190312,6605.00,6705.00,0,0,0.00,0.00,0.00,6605.00,0.00
37272387813342140,20190313,6605.00,6705.00,0,0,0.00,0.00,0.00,6605.00,0.00
37272387813342140,20190316,6605.00,6705.00,0,0,0.00,0.00,0.00,6605.00,0.00
37272387813342140,20190317,6605.00,6705.00,0,0,0.00,0.00,0.00,6605.00,0.00
37272387813342140,20190318,6605.00,6705.00,0,0,0.00,0.00,0.00,6605.00,0.00
37272387813342140,20190319,6605.00,6705.00,0,0,0.00,0.00,0.00,6605.00,0.00
37272387813342140,20190325,6605.00,6705.00,0,0,0.00,0.00,0.00,6605.00,0.00
37272387813342140,20190326,6605.00,6705.00,0,0,0.00,0.00,0.00,6605.00,0.00
37272387813342140,20190327,6605.00,6705.00,0,0,0.00,0.00,0.00,6605.00,0.00
37272387813342140,20190330,6605.00,6705.00,0,0,0.00,0.00,0.00,6605.00,0.00
37272387813342140,20190331,6605.00,6705.00,0,0,0.00,0.00,0.00,6605.00,0.00
37272387813342140,20190406,6605.00,6705.00,0,0,0.00,0.00,0.00,6605.00,0.00
37272387813342140,20190407,6605.00,6705.00,0,0,0.00,0.00,0.00,6605.00,0.00
37272387813342140,20190408,6605.00,6705.00,0,0,0.00,0.00,0.00,6605.00,0.00
37272387813342140,20190409,6605.00,6705.00,0,0,0.00,0.00,0.00,6605.00,0.00
37272387813342140,20190410,6605.00,6705.00,0,0,0.00,0.00,0.00,6605.00,0.00
37272387813342140,20190413,6605.00,6705.00,0,0,0.00,0.00,0.00,6605.00,0.00
37272387813342140,20190414,6605.00,6705.00,0,0,0.00,0.00,0.00,6605.00,0.00
37272387813342140,20190415,6605.00,6705.00,0,0,0.00,0.00,0.00,6605.00,0.00
37272387813342140,20190416,6605.00,6705.00,0,0,0.00,0.00,0.00,6605.00,0.00
37272387813342140,20190417,6605.00,6705.00,0,0,0.00,0.00,0.00,6605.00,0.00
37272387813342140,20190420,6605.00,6705.00,0,0,0.00,0.00,0.00,6605.00,0.00
37272387813342140,20190422,6605.00,6705.00,0,0,0.00,0.00,0.00,6605.00,0.00
37272387813342140,20190423,6605.00,6705.00,0,0,0.00,0.00,0.00,6605.00,0.00
37272387813342140,20190424,6605.00,6705.00,0,0,0.00,0.00,0.00,6605.00,0.00
37272387813342140,20190427,6605.00,6705.00,0,0,0.00,0.00,0.00,6605.00,0.00
37272387813342140,20190428,6605.00,6705.00,0,0,0.00,0.00,0.00,6605.00,0.00
37272387813342140,20190429,6605.00,6705.00,0,0,0.00,0.00,0.00,6605.00,0.00
37272387813342140,20190430,6605.00,6705.00,0,0,0.00,0.00,0.00,6605.00,0.00
37272387813342140,20190501,6605.00,6705.00,0,0,0.00,0.00,0.00,6605.00,0.00
37272387813342140,20190504,6605.00,6705.00,0,0,0.00,0.00,0.00,6605.00,0.00
37272387813342140,20190505,6605.00,6705.00,0,0,0.00,0.00,0.00,6605.00,0.00
37272387813342140,20190506,6605.00,6705.00,0,0,0.00,0.00,0.00,6605.00,0.00
37272387813342140,20190507,6605.00,6705.00,0,0,0.00,0.00,0.00,6605.00,0.00
37272387813342140,20190508,6605.00,6705.00,0,0,0.00,0.00,0.00,6605.00,0.00
37272387813342140,20190511,6562.00,6662.00,0,0,0.00,0.00,0.00,6562.00,0.00
37272387813342140,20190512,6562.00,6662.00,0,0,0.00,0.00,0.00,6562.00,0.00
37272387813342140,20190513,6562.00,6662.00,0,0,0.00,0.00,0.00,6562.00,0.00
37272387813342140,20190514,6562.00,6662.00,0,0,0.00,0.00,0.00,6562.00,0.00
37272387813342140,20190515,6562.00,6662.00,0,0,0.00,0.00,0.00,6562.00,0.00
37272387813342140,20190518,6562.00,6662.00,0,0,0.00,0.00,0.00,6562.00,0.00
37272387813342140,20190519,6562.00,6662.00,0,0,0.00,0.00,0.00,6562.00,0.00
37272387813342140,20190520,6562.00,6662.00,0,0,0.00,0.00,0.00,6562.00,0.00
37272387813342140,20190521,6562.00,6662.00,0,0,0.00,0.00,0.00,6562.00,0.00
37272387813342140,20190522,6562.00,6662.00,0,0,0.00,0.00,0.00,6562.00,0.00
37272387813342140,20190525,6562.00,6662.00,0,0,0.00,0.00,0.00,6562.00,0.00
37272387813342140,20190526,6562.00,6662.00,0,0,0.00,0.00,0.00,6562.00,0.00
37272387813342140,20190528,6562.00,6662.00,0,0,0.00,0.00,0.00,6562.00,0.00
37272387813342140,20190529,6562.00,6662.00,0,0,0.00,0.00,0.00,6562.00,0.00
37272387813342140,20190601,6562.00,6662.00,0,0,0.00,0.00,0.00,6562.00,0.00
37272387813342140,20190602,6562.00,6662.00,0,0,0.00,0.00,0.00,6562.00,0.00
37272387813342140,20190603,6562.00,6662.00,0,0,0.00,0.00,0.00,6562.00,0.00
37272387813342140,20190608,6562.00,6662.00,0,0,0.00,0.00,0.00,6562.00,0.00
37272387813342140,20190609,6562.00,6662.00,0,0,0.00,0.00,0.00,6562.00,0.00
37272387813342140,20190610,6562.00,6662.00,0,0,0.00,0.00,0.00,6562.00,0.00
37272387813342140,20190611,6562.00,6662.00,0,0,0.00,0.00,0.00,6562.00,0.00
37272387813342140,20190612,6562.00,6662.00,0,0,0.00,0.00,0.00,6562.00,0.00
37272387813342140,20190615,6562.00,6662.00,0,0,0.00,0.00,0.00,6562.00,0.00
37272387813342140,20190616,6562.00,6662.00,0,0,0.00,0.00,0.00,6562.00,0.00
37272387813342140,20190617,6562.00,6662.00,0,0,0.00,0.00,0.00,6562.00,0.00
37272387813342140,20190618,6562.00,6662.00,0,0,0.00,0.00,0.00,6562.00,0.00
37272387813342140,20190619,6562.00,6662.00,0,0,0.00,0.00,0.00,6562.00,0.00
37272387813342140,20190622,6562.00,6662.00,0,0,0.00,0.00,0.00,6562.00,0.00
37272387813342140,20190623,6562.00,6662.00,0,0,0.00,0.00,0.00,6562.00,0.00
37272387813342140,20190624,6562.00,6662.00,0,0,0.00,0.00,0.00,6562.00,0.00
37272387813342140,20190625,6562.00,6662.00,0,0,0.00,0.00,0.00,6562.00,0.00
37272387813342140,20190626,6562.00,6662.00,0,0,0.00,0.00,0.00,6562.00,0.00
37272387813342140,20190630,6562.00,6662.00,0,0,0.00,0.00,0.00,6562.00,0.00
37272387813342140,20190701,6562.00,6662.00,0,0,0.00,0.00,0.00,6562.00,0.00
37272387813342140,20190702,6562.00,6662.00,0,0,0.00,0.00,0.00,6562.00,0.00
37272387813342140,20190703,6562.00,6662.00,0,0,0.00,0.00,0.00,6562.00,0.00
37272387813342140,20190706,6562.00,6662.00,0,0,0.00,0.00,0.00,6562.00,0.00
37272387813342140,20190707,6562.00,6662.00,0,0,0.00,0.00,0.00,6562.00,0.00
37272387813342140,20190708,6562.00,6662.00,0,0,0.00,0.00,0.00,6562.00,0.00
37272387813342140,20190709,6562.00,6662.00,0,0,0.00,0.00,0.00,6562.00,0.00
37272387813342140,20190710,6562.00,6662.00,0,0,0.00,0.00,0.00,6562.00,0.00
37272387813342140,20190713,6562.00,6662.00,0,0,0.00,0.00,0.00,6562.00,0.00
37272387813342140,20190714,6562.00,6662.00,0,0,0.00,0.00,0.00,6562.00,0.00
37272387813342140,20190715,6562.00,6662.00,0,0,0.00,0.00,0.00,6562.00,0.00
37272387813342140,20190716,6562.00,6662.00,0,0,0.00,0.00,0.00,6562.00,0.00
37272387813342140,20190717,6562.00,6662.00,0,0,0.00,0.00,0.00,6562.00,0.00
37272387813342140,20190720,6562.00,6662.00,0,0,0.00,0.00,0.00,6562.00,0.00
37272387813342140,20190721,6562.00,6662.00,0,0,0.00,0.00,0.00,6562.00,0.00
37272387813342140,20190722,6562.00,6662.00,0,0,0.00,0.00,0.00,6562.00,0.00
37272387813342140,20190723,6562.00,6662.00,0,0,0.00,0.00,0.00,6562.00,0.00
37272387813342140,20190724,6562.00,6662.00,0,0,0.00,0.00,0.00,6562.00,0.00
37272387813342140,20190727,6562.00,6662.00,0,0,0.00,0.00,0.00,6562.00,0.00
37272387813342140,20190728,6562.00,6662.00,0,0,0.00,0.00,0.00,6562.00,0.00
37272387813342140,20190729,6562.00,6662.00,0,0,0.00,0.00,0.00,6562.00,0.00
37272387813342140,20190730,6562.00,6662.00,0,0,0.00,0.00,0.00,6562.00,0.00
37272387813342140,20190731,6562.00,6662.00,0,0,0.00,0.00,0.00,6562.00,0.00
37272387813342140,20190803,6562.00,6662.00,0,0,0.00,0.00,0.00,6562.00,0.00
37272387813342140,20190804,6562.00,6662.00,0,0,0.00,0.00,0.00,6562.00,0.00
37272387813342140,20190805,6562.00,6662.00,0,0,0.00,0.00,0.00,6562.00,0.00
37272387813342140,20190806,6562.00,6662.00,0,0,0.00,0.00,0.00,6562.00,0.00
37272387813342140,20190807,6562.00,6662.00,0,0,0.00,0.00,0.00,6562.00,0.00
37272387813342140,20190810,6562.00,6662.00,0,0,0.00,0.00,0.00,6562.00,0.00
37272387813342140,20190811,6562.00,6662.00,0,0,0.00,0.00,0.00,6562.00,0.00
37272387813342140,20190813,6562.00,6662.00,0,0,0.00,0.00,0.00,6562.00,0.00
37272387813342140,20190814,6562.00,6662.00,0,0,0.00,0.00,0.00,6562.00,0.00
37272387813342140,20190817,6562.00,6662.00,0,0,0.00,0.00,0.00,6562.00,0.00
37272387813342140,20190818,6562.00,6662.00,0,0,0.00,0.00,0.00,6562.00,0.00
37272387813342140,20190819,6562.00,6662.00,0,0,0.00,0.00,0.00,6562.00,0.00
37272387813342140,20190821,6562.00,6662.00,0,0,0.00,0.00,0.00,6562.00,0.00
37272387813342140,20190824,6562.00,6662.00,0,0,0.00,0.00,0.00,6562.00,0.00
37272387813342140,20190825,6562.00,6662.00,0,0,0.00,0.00,0.00,6562.00,0.00
37272387813342140,20190826,6562.00,6662.00,0,0,0.00,0.00,0.00,6562.00,0.00
37272387813342140,20190827,6562.00,6662.00,0,0,0.00,0.00,0.00,6562.00,0.00
37272387813342140,20190828,6562.00,6662.00,0,0,0.00,0.00,0.00,6562.00,0.00
37272387813342140,20190831,6562.00,6662.00,0,0,0.00,0.00,0.00,6562.00,0.00
37272387813342140,20190901,6562.00,6662.00,0,0,0.00,0.00,0.00,6562.00,0.00
37272387813342140,20190902,6562.00,6662.00,0,0,0.00,0.00,0.00,6562.00,0.00
37272387813342140,20190903,6562.00,6662.00,0,0,0.00,0.00,0.00,6562.00,0.00
37272387813342140,20190904,6562.00,6662.00,0,0,0.00,0.00,0.00,6562.00,0.00
37272387813342140,20190907,6562.00,6662.00,0,0,0.00,0.00,0.00,6562.00,0.00
37272387813342140,20190908,6562.00,6662.00,0,0,0.00,0.00,0.00,6562.00,0.00
37272387813342140,20190911,6562.00,6662.00,0,0,0.00,0.00,0.00,6562.00,0.00
37272387813342140,20190914,6562.00,6662.00,0,0,0.00,0.00,0.00,6562.00,0.00
37272387813342140,20190915,6562.00,6662.00,0,0,0.00,0.00,0.00,6562.00,0.00
37272387813342140,20190916,6562.00,6662.00,0,0,0.00,0.00,0.00,6562.00,0.00
37272387813342140,20190917,6562.00,6662.00,0,0,0.00,0.00,0.00,6562.00,0.00
37272387813342140,20190918,6562.00,6662.00,0,0,0.00,0.00,0.00,6562.00,0.00
37272387813342140,20190921,6562.00,6662.00,0,0,0.00,0.00,0.00,6562.00,0.00
37272387813342140,20190922,6562.00,6662.00,0,0,0.00,0.00,0.00,6562.00,0.00
37272387813342140,20190923,6562.00,6662.00,0,0,0.00,0.00,0.00,6562.00,0.00
37272387813342140,20190924,6562.00,6662.00,0,0,0.00,0.00,0.00,6562.00,0.00
37272387813342140,20190925,6562.00,6662.00,0,0,0.00,0.00,0.00,6562.00,0.00
37272387813342140,20190928,6562.00,6662.00,0,0,0.00,0.00,0.00,6562.00,0.00
37272387813342140,20190929,6562.00,6662.00,0,0,0.00,0.00,0.00,6562.00,0.00
37272387813342140,20190930,6562.00,6662.00,0,0,0.00,0.00,0.00,6562.00,0.00
37272387813342140,20191001,6562.00,6662.00,0,0,0.00,0.00,0.00,6562.00,0.00
37272387813342140,20191002,6562.00,6662.00,0,0,0.00,0.00,0.00,6562.00,0.00
37272387813342140,20191005,6562.00,6662.00,0,0,0.00,0.00,0.00,6562.00,0.00
37272387813342140,20191006,6562.00,6662.00,0,0,0.00,0.00,0.00,6562.00,0.00
37272387813342140,20191007,6562.00,6662.00,0,0,0.00,0.00,0.00,6562.00,0.00
37272387813342140,20191008,6562.00,6662.00,0,0,0.00,0.00,0.00,6562.00,0.00
37272387813342140,20191009,6562.00,6662.00,0,0,0.00,0.00,0.00,6562.00,0.00
37272387813342140,20191012,6562.00,6662.00,0,0,0.00,0.00,0.00,6562.00,0.00
37272387813342140,20191013,6562.00,6662.00,0,0,0.00,0.00,0.00,6562.00,0.00
37272387813342140,20191014,6562.00,6662.00,0,0,0.00,0.00,0.00,6562.00,0.00
37272387813342140,20191015,6562.00,6662.00,0,0,0.00,0.00,0.00,6562.00,0.00
37272387813342140,20191016,6562.00,6662.00,0,0,0.00,0.00,0.00,6562.00,0.00
37272387813342140,20191020,6562.00,6662.00,0,0,0.00,0.00,0.00,6562.00,0.00
37272387813342140,20191021,6562.00,6662.00,0,0,0.00,0.00,0.00,6562.00,0.00
37272387813342140,20191022,6562.00,6662.00,0,0,0.00,0.00,0.00,6562.00,0.00
37272387813342140,20191023,6562.00,6662.00,0,0,0.00,0.00,0.00,6562.00,0.00
37272387813342140,20191026,6562.00,6662.00,0,0,0.00,0.00,0.00,6562.00,0.00
37272387813342140,20191028,6562.00,6662.00,0,0,0.00,0.00,0.00,6562.00,0.00
37272387813342140,20191030,6562.00,6662.00,0,0,0.00,0.00,0.00,6562.00,0.00
37272387813342140,20191102,6562.00,6662.00,0,0,0.00,0.00,0.00,6562.00,0.00
37272387813342140,20191103,6562.00,6662.00,0,0,0.00,0.00,0.00,6562.00,0.00
37272387813342140,20191104,6562.00,6662.00,0,0,0.00,0.00,0.00,6562.00,0.00
37272387813342140,20191105,6562.00,6662.00,0,0,0.00,0.00,0.00,6562.00,0.00
37272387813342140,20191109,6562.00,6662.00,0,0,0.00,0.00,0.00,6562.00,0.00
37272387813342140,20191110,6562.00,6662.00,0,0,0.00,0.00,0.00,6562.00,0.00
37272387813342140,20191111,6562.00,6662.00,0,0,0.00,0.00,0.00,6562.00,0.00
37272387813342140,20191112,6562.00,6662.00,0,0,0.00,0.00,0.00,6562.00,0.00
37272387813342140,20191113,6562.00,6662.00,0,0,0.00,0.00,0.00,6562.00,0.00
37272387813342140,20191116,6562.00,6662.00,0,0,0.00,0.00,0.00,6562.00,0.00
37272387813342140,20191117,6562.00,6662.00,0,0,0.00,0.00,0.00,6562.00,0.00
37272387813342140,20191118,6562.00,6662.00,0,0,0.00,0.00,0.00,6562.00,0.00
37272387813342140,20191119,6562.00,6662.00,0,0,0.00,0.00,0.00,6562.00,0.00
37272387813342140,20191120,6562.00,6662.00,0,0,0.00,0.00,0.00,6562.00,0.00
37272387813342140,20191123,6562.00,6662.00,0,0,0.00,0.00,0.00,6562.00,0.00
37272387813342140,20191124,6562.00,6662.00,0,0,0.00,0.00,0.00,6562.00,0.00
37272387813342140,20191125,6562.00,6662.00,0,0,0.00,0.00,0.00,6562.00,0.00
37272387813342140,20191126,6562.00,6662.00,0,0,0.00,0.00,0.00,6562.00,0.00
37272387813342140,20191127,6562.00,6662.00,0,0,0.00,0.00,0.00,6562.00,0.00
37272387813342140,20191130,6562.00,6662.00,0,0,0.00,0.00,0.00,6562.00,0.00
37272387813342140,20191201,6562.00,6662.00,0,0,0.00,0.00,0.00,6562.00,0.00
37272387813342140,20191202,6562.00,6662.00,0,0,0.00,0.00,0.00,6562.00,0.00
37272387813342140,20191203,6562.00,6662.00,0,0,0.00,0.00,0.00,6562.00,0.00
37272387813342140,20191204,6562.00,6662.00,0,0,0.00,0.00,0.00,6562.00,0.00
37272387813342140,20191207,6562.00,6662.00,0,0,0.00,0.00,0.00,6562.00,0.00
37272387813342140,20191208,6562.00,6662.00,0,0,0.00,0.00,0.00,6562.00,0.00
37272387813342140,20191209,6562.00,6662.00,0,0,0.00,0.00,0.00,6562.00,0.00
37272387813342140,20191210,6562.00,6662.00,0,0,0.00,0.00,0.00,6562.00,0.00
37272387813342140,20191211,6562.00,6662.00,0,0,0.00,0.00,0.00,6562.00,0.00
37272387813342140,20191214,6562.00,6662.00,0,0,0.00,0.00,0.00,6562.00,0.00
37272387813342140,20191215,6562.00,6662.00,0,0,0.00,0.00,0.00,6562.00,0.00
37272387813342140,20191216,6562.00,6662.00,0,0,0.00,0.00,0.00,6562.00,0.00
37272387813342140,20191217,6562.00,6662.00,0,0,0.00,0.00,0.00,6562.00,0.00
37272387813342140,20191218,6562.00,6662.00,0,0,0.00,0.00,0.00,6562.00,0.00
37272387813342140,20191221,6562.00,6662.00,0,0,0.00,0.00,0.00,6562.00,0.00
37272387813342140,20191222,6562.00,6662.00,0,0,0.00,0.00,0.00,6562.00,0.00
37272387813342140,20191223,6562.00,6662.00,0,0,0.00,0.00,0.00,6562.00,0.00
37272387813342140,20191224,6562.00,6662.00,0,0,0.00,0.00,0.00,6562.00,0.00
37272387813342140,20191225,6562.00,6662.00,0,0,0.00,0.00,0.00,6562.00,0.00
37272387813342140,20191228,6562.00,6662.00,0,0,0.00,0.00,0.00,6562.00,0.00
37272387813342140,20191229,6562.00,6662.00,0,0,0.00,0.00,0.00,6562.00,0.00
37272387813342140,20191230,6562.00,6662.00,0,0,0.00,0.00,0.00,6562.00,0.00
37272387813342140,20191231,6562.00,6662.00,0,0,0.00,0.00,0.00,6562.00,0.00
37272387813342140,20200101,6562.00,6662.00,0,0,0.00,0.00,0.00,6562.00,0.00
37272387813342140,20200104,6562.00,6662.00,0,0,0.00,0.00,0.00,6562.00,0.00
37272387813342140,20200105,6562.00,6662.00,0,0,0.00,0.00,0.00,6562.00,0.00
37272387813342140,20200107,6562.00,6662.00,0,0,0.00,0.00,0.00,6562.00,0.00
37272387813342140,20200108,6562.00,6662.00,0,0,0.00,0.00,0.00,6562.00,0.00
37272387813342140,20200111,6562.00,6662.00,0,0,0.00,0.00,0.00,6562.00,0.00
37272387813342140,20200112,6562.00,6662.00,0,0,0.00,0.00,0.00,6562.00,0.00
37272387813342140,20200113,6562.00,6662.00,0,0,0.00,0.00,0.00,6562.00,0.00
37272387813342140,20200114,6562.00,6662.00,0,0,0.00,0.00,0.00,6562.00,0.00
37272387813342140,20200115,6562.00,6662.00,0,0,0.00,0.00,0.00,6562.00,0.00
37272387813342140,20200118,6562.00,6662.00,0,0,0.00,0.00,0.00,6562.00,0.00
37272387813342140,20200119,6562.00,6662.00,0,0,0.00,0.00,0.00,6562.00,0.00
37272387813342140,20200120,6562.00,6662.00,0,0,0.00,0.00,0.00,6562.00,0.00
37272387813342140,20200121,6562.00,6662.00,0,0,0.00,0.00,0.00,6562.00,0.00
37272387813342140,20200122,6562.00,6662.00,0,0,0.00,0.00,0.00,6562.00,0.00
37272387813342140,20200125,6562.00,6662.00,0,0,0.00,0.00,0.00,6562.00,0.00
37272387813342140,20200126,6562.00,6662.00,0,0,0.00,0.00,0.00,6562.00,0.00
37272387813342140,20200127,6562.00,6662.00,0,0,0.00,0.00,0.00,6562.00,0.00
37272387813342140,20200128,6562.00,6662.00,0,0,0.00,0.00,0.00,6562.00,0.00
37272387813342140,20200201,6562.00,6662.00,0,0,0.00,0.00,0.00,6562.00,0.00
37272387813342140,20200202,6562.00,6662.00,0,0,0.00,0.00,0.00,6562.00,0.00
37272387813342140,20200203,6562.00,6662.00,0,0,0.00,0.00,0.00,6562.00,0.00
37272387813342140,20200204,6562.00,6662.00,0,0,0.00,0.00,0.00,6562.00,0.00
37272387813342140,20200205,6562.00,6662.00,0,0,0.00,0.00,0.00,6562.00,0.00
37272387813342140,20200208,6562.00,6662.00,0,0,0.00,0.00,0.00,6562.00,0.00
37272387813342140,20200209,6562.00,6662.00,0,0,0.00,0.00,0.00,6562.00,0.00
37272387813342140,20200210,6562.00,6662.00,0,0,0.00,0.00,0.00,6562.00,0.00
37272387813342140,20200212,6562.00,6662.00,0,0,0.00,0.00,0.00,6562.00,0.00
37272387813342140,20200215,6562.00,6662.00,0,0,0.00,0.00,0.00,6562.00,0.00
37272387813342140,20200216,6562.00,6662.00,0,0,0.00,0.00,0.00,6562.00,0.00
37272387813342140,20200217,6562.00,6662.00,0,0,0.00,0.00,0.00,6562.00,0.00
37272387813342140,20200218,6562.00,6662.00,0,0,0.00,0.00,0.00,6562.00,0.00
37272387813342140,20200219,6562.00,6662.00,0,0,0.00,0.00,0.00,6562.00,0.00
37272387813342140,20200222,6562.00,6662.00,0,0,0.00,0.00,0.00,6562.00,0.00
37272387813342140,20200223,6562.00,6662.00,0,0,0.00,0.00,0.00,6562.00,0.00
37272387813342140,20200224,6562.00,6662.00,0,0,0.00,0.00,0.00,6562.00,0.00
37272387813342140,20200225,6562.00,6662.00,0,0,0.00,0.00,0.00,6562.00,0.00
37272387813342140,20200226,6562.00,6662.00,0,0,0.00,0.00,0.00,6562.00,0.00
37272387813342140,20200229,6562.00,6662.00,0,0,0.00,0.00,0.00,6562.00,0.00
37272387813342140,20200301,6562.00,6662.00,0,0,0.00,0.00,0.00,6562.00,0.00
37272387813342140,20200302,6562.00,6662.00,0,0,0.00,0.00,0.00,6562.00,0.00
37272387813342140,20200303,6562.00,6662.00,0,0,0.00,0.00,0.00,6562.00,0.00
37272387813342140,20200304,6562.00,6662.00,0,0,0.00,0.00,0.00,6562.00,0.00
37272387813342140,20200307,6562.00,6662.00,0,0,0.00,0.00,0.00,6562.00,0.00
37272387813342140,20200309,6562.00,6662.00,0,0,0.00,0.00,0.00,6562.00,0.00
37272387813342140,20200310,6562.00,6662.00,0,0,0.00,0.00,0.00,6562.00,0.00
37272387813342140,20200311,6562.00,6662.00,0,0,0.00,0.00,0.00,6562.00,0.00
37272387813342140,20200314,6562.00,6662.00,0,0,0.00,0.00,0.00,6562.00,0.00
37272387813342140,20200315,6562.00,6662.00,0,0,0.00,0.00,0.00,6562.00,0.00
37272387813342140,20200316,6562.00,6662.00,0,0,0.00,0.00,0.00,6562.00,0.00
37272387813342140,20200317,6562.00,6662.00,0,0,0.00,0.00,0.00,6562.00,0.00
37272387813342140,20200318,6562.00,6662.00,0,0,0.00,0.00,0.00,6562.00,0.00
37272387813342140,20200324,6562.00,6662.00,0,0,0.00,0.00,0.00,6562.00,0.00
37272387813342140,20200325,6562.00,6662.00,0,0,0.00,0.00,0.00,6562.00,0.00
37272387813342140,20200328,6562.00,6662.00,0,0,0.00,0.00,0.00,6562.00,0.00
37272387813342140,20200329,6562.00,6662.00,0,0,0.00,0.00,0.00,6562.00,0.00
37272387813342140,20200330,6562.00,6662.00,0,0,0.00,0.00,0.00,6562.00,0.00
37272387813342140,20200404,6562.00,6662.00,0,0,0.00,0.00,0.00,6562.00,0.00
37272387813342140,20200405,6562.00,6662.00,0,0,0.00,0.00,0.00,6562.00,0.00
37272387813342140,20200406,6562.00,6662.00,0,0,0.00,0.00,0.00,6562.00,0.00
37272387813342140,20200407,6562.00,6662.00,0,0,0.00,0.00,0.00,6562.00,0.00
37272387813342140,20200408,6562.00,6662.00,0,0,0.00,0.00,0.00,6562.00,0.00
37272387813342140,20200411,6562.00,6662.00,0,0,0.00,0.00,0.00,6562.00,0.00
37272387813342140,20200412,6562.00,6662.00,0,0,0.00,0.00,0.00,6562.00,0.00
37272387813342140,20200413,6562.00,6662.00,0,0,0.00,0.00,0.00,6562.00,0.00
37272387813342140,20200414,6562.00,6662.00,0,0,0.00,0.00,0.00,6562.00,0.00
37272387813342140,20200415,6562.00,6662.00,0,0,0.00,0.00,0.00,6562.00,0.00
37272387813342140,20200418,6562.00,6662.00,0,0,0.00,0.00,0.00,6562.00,0.00
37272387813342140,20200419,6562.00,6662.00,0,0,0.00,0.00,0.00,6562.00,0.00
37272387813342140,20200420,6562.00,6662.00,0,0,0.00,0.00,0.00,6562.00,0.00
37272387813342140,20200421,6562.00,6662.00,0,0,0.00,0.00,0.00,6562.00,0.00
37272387813342140,20200422,6562.00,6662.00,0,0,0.00,0.00,0.00,6562.00,0.00
37272387813342140,20200425,6562.00,6662.00,0,0,0.00,0.00,0.00,6562.00,0.00
37272387813342140,20200426,6562.00,6662.00,0,0,0.00,0.00,0.00,6562.00,0.00
37272387813342140,20200427,6562.00,6662.00,0,0,0.00,0.00,0.00,6562.00,0.00
37272387813342140,20200428,6562.00,6662.00,0,0,0.00,0.00,0.00,6562.00,0.00
37272387813342140,20200429,6562.00,6662.00,0,0,0.00,0.00,0.00,6562.00,0.00
37272387813342140,20200502,6562.00,6662.00,0,0,0.00,0.00,0.00,6562.00,0.00
37272387813342140,20200503,6562.00,6662.00,0,0,0.00,0.00,0.00,6562.00,0.00
37272387813342140,20200504,6562.00,6662.00,0,0,0.00,0.00,0.00,6562.00,0.00
37272387813342140,20200505,6562.00,6662.00,0,0,0.00,0.00,0.00,6562.00,0.00
37272387813342140,20200506,6562.00,6662.00,0,0,0.00,0.00,0.00,6562.00,0.00
37272387813342140,20200509,6562.00,6662.00,0,0,0.00,0.00,0.00,6562.00,0.00
37272387813342140,20200510,6562.00,6662.00,0,0,0.00,0.00,0.00,6562.00,0.00
37272387813342140,20200511,6562.00,6662.00,0,0,0.00,0.00,0.00,6562.00,0.00
37272387813342140,20200512,6562.00,6662.00,0,0,0.00,0.00,0.00,6562.00,0.00
37272387813342140,20200513,6562.00,6662.00,0,0,0.00,0.00,0.00,6562.00,0.00
37272387813342140,20200516,6562.00,6662.00,0,0,0.00,0.00,0.00,6562.00,0.00
37272387813342140,20200517,6562.00,6662.00,0,0,0.00,0.00,0.00,6562.00,0.00
37272387813342140,20200518,6562.00,6662.00,0,0,0.00,0.00,0.00,6562.00,0.00
37272387813342140,20200519,6562.00,6662.00,0,0,0.00,0.00,0.00,6562.00,0.00
37272387813342140,20200520,6562.00,6662.00,0,0,0.00,0.00,0.00,6562.00,0.00
37272387813342140,20200523,6562.00,6662.00,0,0,0.00,0.00,0.00,6562.00,0.00
37272387813342140,20200526,6562.00,6662.00,0,0,0.00,0.00,0.00,6562.00,0.00
37272387813342140,20200527,6562.00,6662.00,0,0,0.00,0.00,0.00,6562.00,0.00
37272387813342140,20200530,6562.00,6662.00,0,0,0.00,0.00,0.00,6562.00,0.00
37272387813342140,20200531,6562.00,6662.00,0,0,0.00,0.00,0.00,6562.00,0.00
37272387813342140,20200601,6562.00,6662.00,0,0,0.00,0.00,0.00,6562.00,0.00
37272387813342140,20200602,6562.00,6662.00,0,0,0.00,0.00,0.00,6562.00,0.00
37272387813342140,20200606,6562.00,6662.00,0,0,0.00,0.00,0.00,6562.00,0.00
37272387813342140,20200607,6562.00,6662.00,0,0,0.00,0.00,0.00,6562.00,0.00
37272387813342140,20200608,6562.00,6662.00,0,0,0.00,0.00,0.00,6562.00,0.00
37272387813342140,20200609,6562.00,6662.00,0,0,0.00,0.00,0.00,6562.00,0.00
37272387813342140,20200610,6562.00,6662.00,0,0,0.00,0.00,0.00,6562.00,0.00
37272387813342140,20200613,6562.00,6662.00,0,0,0.00,0.00,0.00,6562.00,0.00
37272387813342140,20200614,6562.00,6662.00,0,0,0.00,0.00,0.00,6562.00,0.00
37272387813342140,20200615,6562.00,6662.00,0,0,0.00,0.00,0.00,6562.00,0.00
37272387813342140,20200616,6562.00,6662.00,0,0,0.00,0.00,0.00,6562.00,0.00
