38417665293111458,20010327,1605.00,1605.00,1,1500,2407500.00,1605.00,1605.00,1605.00,1605.00
38417665293111458,20010328,1605.00,1605.00,6,701,1125105.00,1605.00,1605.00,1605.00,1605.00
38417665293111458,20010409,1610.00,1610.00,2,1027,1653470.00,1610.00,1610.00,1605.00,1610.00
38417665293111458,20010410,1680.00,1680.00,2,1000,1648430.00,1610.00,1680.00,1610.00,1610.00
38417665293111458,20010418,1660.00,1660.00,2,346,574360.00,1660.00,1660.00,1680.00,1660.00
38417665293111458,20010421,1696.00,1696.00,11,11234,18804616.00,1648.00,1696.00,1660.00,1648.00
38417665293111458,20010424,1695.00,1695.00,3,2089,3540944.00,1695.00,1696.00,1696.00,1695.00
38417665293111458,20010425,1612.00,1612.00,3,2391,3854292.00,1612.00,1612.00,1695.00,1612.00
38417665293111458,20010428,1692.00,1692.00,2,5871,9933732.00,1692.00,1692.00,1612.00,1692.00
38417665293111458,20010429,1690.00,1690.00,3,1814,3065660.00,1690.00,1690.00,1692.00,1690.00
38417665293111458,20010430,1640.00,1640.00,3,776,1296140.00,1640.00,1687.00,1690.00,1687.00
38417665293111458,20010501,1640.00,1640.00,6,4234,6948860.00,1640.00,1650.00,1640.00,1650.00
38417665293111458,20010502,1600.00,1600.00,9,8205,13125657.00,1598.00,1600.00,1640.00,1599.00
38417665293111458,20010506,1600.00,1600.00,13,9844,15750400.00,1600.00,1600.00,1600.00,1600.00
38417665293111458,20010507,1600.00,1600.00,6,16778,26906800.00,1600.00,1610.00,1600.00,1600.00
38417665293111458,20010508,1600.00,1600.00,2,3047,4875200.00,1600.00,1600.00,1600.00,1600.00
38417665293111458,20010509,1610.00,1610.00,1,5000,8050000.00,1610.00,1610.00,1600.00,1610.00
38417665293111458,20010512,1620.00,1620.00,7,9064,14683680.00,1620.00,1620.00,1610.00,1620.00
38417665293111458,20010513,1622.00,1622.00,11,17933,29151576.00,1619.00,1640.00,1620.00,1620.00
38417665293111458,20010515,1703.00,1703.00,29,79248,134531419.00,1660.00,1703.00,1622.00,1687.00
38417665293111458,20010516,1788.00,1788.00,7,17400,31111200.00,1788.00,1788.00,1703.00,1788.00
38417665293111458,20010519,1877.00,1877.00,6,4843,8846184.00,1788.00,1877.00,1788.00,1788.00
38417665293111458,20010520,1970.00,1970.00,8,7109,13437793.00,1877.00,1970.00,1877.00,1878.00
38417665293111458,20010521,2050.00,2050.00,6,5860,11632750.00,1969.00,2050.00,1970.00,1969.00
38417665293111458,20010523,2150.00,2150.00,28,32942,68435600.00,2050.00,2150.00,2050.00,2050.00
38417665293111458,20010526,2200.00,2200.00,2,5000,11000000.00,2200.00,2200.00,2150.00,2200.00
38417665293111458,20010527,2111.00,2111.00,25,18866,40154018.00,2111.00,2200.00,2200.00,2200.00
38417665293111458,20010528,2111.00,2111.00,14,30514,61895054.00,2006.00,2111.00,2111.00,2006.00
38417665293111458,20010529,2090.00,2090.00,1,1660,3469400.00,2090.00,2090.00,2111.00,2090.00
38417665293111458,20010530,2090.00,2090.00,1,1950,4075500.00,2090.00,2090.00,2090.00,2090.00
38417665293111458,20010602,2080.00,2080.00,2,1961,4005680.00,2000.00,2080.00,2090.00,2000.00
38417665293111458,20010603,2000.00,2000.00,1,813,1626000.00,2000.00,2000.00,2080.00,2000.00
38417665293111458,20010606,2078.00,2078.00,5,8610,17838090.00,2069.00,2078.00,2000.00,2070.00
38417665293111458,20010609,2070.00,2070.00,23,20100,41134000.00,2012.00,2076.00,2078.00,2068.00
38417665293111458,20010611,2070.00,2070.00,4,6070,12504900.00,2050.00,2070.00,2070.00,2070.00
38417665293111458,20010612,2076.00,2076.00,7,8300,17211820.00,2070.00,2076.00,2070.00,2070.00
38417665293111458,20010613,2000.00,2000.00,6,15769,31539200.00,2000.00,2012.00,2076.00,2000.00
38417665293111458,20010616,2000.00,2000.00,7,3490,6981240.00,2000.00,2001.00,2000.00,2000.00
38417665293111458,20010617,2000.00,2000.00,1,236,472000.00,2000.00,2000.00,2000.00,2000.00
38417665293111458,20010620,1910.00,1910.00,2,800,1528000.00,1910.00,1910.00,2000.00,1910.00
38417665293111458,20010623,2005.00,2005.00,14,20754,41149240.00,1912.00,2005.00,1910.00,1912.00
38417665293111458,20010624,2049.00,2049.00,91,370084,758666897.00,2049.00,2050.00,2005.00,2049.00
38417665293111458,20010625,2039.00,2039.00,1,450,917550.00,2039.00,2039.00,2049.00,2039.00
38417665293111458,20010626,2100.00,2100.00,6,8687,17779930.00,2039.00,2100.00,2039.00,2040.00
38417665293111458,20010627,2100.00,2100.00,5,12001,25211500.00,2100.00,2105.00,2100.00,2105.00
38417665293111458,20010630,2100.00,2100.00,11,8910,18701280.00,2098.00,2100.00,2100.00,2099.00
38417665293111458,20010701,2100.00,2100.00,4,2000,4199720.00,2099.00,2100.00,2100.00,2099.00
38417665293111458,20010702,2100.00,2100.00,2,448,940800.00,2100.00,2100.00,2100.00,2100.00
38417665293111458,20010703,2100.00,2100.00,1,192,403200.00,2100.00,2100.00,2100.00,2100.00
38417665293111458,20010707,2150.00,2150.00,16,20000,42993504.00,2149.00,2150.00,2100.00,2149.00
38417665293111458,20010708,2204.00,2204.00,11,30000,66117086.00,2199.00,2205.00,2150.00,2199.00
38417665293111458,20010711,2150.00,2150.00,5,5000,10750000.00,2150.00,2150.00,2204.00,2150.00
38417665293111458,20010714,2080.00,2080.00,9,17395,36481900.00,2080.00,2100.00,2150.00,2100.00
38417665293111458,20010715,2050.00,2050.00,4,4620,9489600.00,2050.00,2080.00,2080.00,2080.00
38417665293111458,20010716,2000.00,2000.00,2,1594,3188000.00,2000.00,2000.00,2050.00,2000.00
38417665293111458,20010805,1750.00,1750.00,2,1000,1750000.00,1750.00,1750.00,2000.00,1750.00
38417665293111458,20010806,1750.00,1750.00,7,10104,17682000.00,1750.00,1750.00,1750.00,1750.00
38417665293111458,20010807,1781.00,1781.00,3,5500,9707420.00,1751.00,1783.00,1750.00,1783.00
38417665293111458,20010808,1790.00,1790.00,1,6000,10740000.00,1790.00,1790.00,1781.00,1790.00
38417665293111458,20010811,1830.00,1830.00,2,2655,4852450.00,1790.00,1830.00,1790.00,1790.00
38417665293111458,20010812,1850.00,1850.00,5,12127,22474950.00,1850.00,1860.00,1830.00,1850.00
38417665293111458,20010813,1940.00,1940.00,8,9464,18180728.00,1900.00,1940.00,1850.00,1900.00
38417665293111458,20010814,2037.00,2037.00,9,10210,20796270.00,2035.00,2037.00,1940.00,2035.00
38417665293111458,20010815,2138.00,2138.00,4,6000,12828000.00,2138.00,2138.00,2037.00,2138.00
38417665293111458,20010818,2244.00,2244.00,4,4500,9807500.00,2161.00,2244.00,2138.00,2161.00
38417665293111458,20010819,2292.00,2292.00,10,13266,29819404.00,2244.00,2292.00,2244.00,2245.00
38417665293111458,20010820,2200.00,2200.00,8,10538,23187296.00,2200.00,2244.00,2292.00,2244.00
38417665293111458,20010821,2139.00,2139.00,8,6675,14333803.00,2139.00,2150.00,2200.00,2140.00
38417665293111458,20010825,2060.00,2060.00,8,10870,22434830.00,2060.00,2109.00,2139.00,2109.00
38417665293111458,20010826,2058.00,2058.00,1,318,654444.00,2058.00,2058.00,2060.00,2058.00
38417665293111458,20010902,2150.00,2150.00,11,16000,33811162.00,2045.00,2150.00,2058.00,2045.00
38417665293111458,20010908,2144.00,2144.00,4,33000,70782000.00,2144.00,2145.00,2150.00,2145.00
38417665293111458,20010910,2037.00,2037.00,5,4371,8959227.00,2037.00,2100.00,2144.00,2100.00
38417665293111458,20010911,2033.00,2033.00,1,2599,5283767.00,2033.00,2033.00,2037.00,2033.00
38417665293111458,20010912,1950.00,1950.00,3,5000,9750000.00,1950.00,1950.00,2033.00,1950.00
38417665293111458,20010923,1939.00,1939.00,1,102,197778.00,1939.00,1939.00,1950.00,1939.00
38417665293111458,20010925,1850.00,1850.00,4,6793,12609499.00,1843.00,1899.00,1939.00,1899.00
38417665293111458,20010926,1843.00,1843.00,1,207,381501.00,1843.00,1843.00,1850.00,1843.00
38417665293111458,20010929,1834.00,1834.00,1,500,917000.00,1834.00,1834.00,1843.00,1834.00
38417665293111458,20011003,1830.00,1830.00,12,23600,43168295.00,1822.00,1833.00,1834.00,1822.00
38417665293111458,20011006,1828.00,1828.00,11,14200,25957649.00,1827.00,1829.00,1830.00,1829.00
38417665293111458,20011007,1900.00,1900.00,12,52332,99347786.00,1828.00,1900.00,1828.00,1828.00
38417665293111458,20011009,1899.00,1899.00,30,66000,125342000.00,1899.00,1900.00,1900.00,1900.00
38417665293111458,20011010,1897.00,1897.00,1,4700,8915900.00,1897.00,1897.00,1899.00,1897.00
38417665293111458,20011016,1888.00,1888.00,2,1280,2417340.00,1888.00,1889.00,1897.00,1889.00
38417665293111458,20011017,1802.00,1802.00,4,7139,12864478.00,1802.00,1802.00,1888.00,1802.00
38417665293111458,20011020,1805.00,1805.00,1,205,370025.00,1805.00,1805.00,1802.00,1805.00
38417665293111458,20011021,1811.00,1811.00,1,457,827627.00,1811.00,1811.00,1805.00,1811.00
38417665293111458,20011022,1900.00,1900.00,7,14376,27179685.00,1850.00,1900.00,1811.00,1850.00
38417665293111458,20011024,1900.00,1900.00,5,4320,8208000.00,1900.00,1900.00,1900.00,1900.00
38417665293111458,20011027,1930.00,1930.00,2,1300,2479000.00,1900.00,1930.00,1900.00,1900.00
38417665293111458,20011028,1900.00,1900.00,5,4443,8441700.00,1900.00,1900.00,1930.00,1900.00
38417665293111458,20011029,1929.00,1929.00,4,4240,8178960.00,1929.00,1929.00,1900.00,1929.00
38417665293111458,20011030,1970.00,1970.00,3,2450,4826500.00,1970.00,1970.00,1929.00,1970.00
38417665293111458,20011031,1969.00,1969.00,3,1700,3348150.00,1969.00,1970.00,1970.00,1969.00
38417665293111458,20011104,1966.00,1966.00,1,12,23592.00,1966.00,1966.00,1969.00,1966.00
38417665293111458,20011107,1900.00,1900.00,2,2076,3947060.00,1900.00,1935.00,1966.00,1935.00
38417665293111458,20011110,1900.00,1900.00,5,9000,17102000.00,1900.00,1901.00,1900.00,1900.00
38417665293111458,20011111,1930.00,1930.00,8,12820,24456226.00,1900.00,1930.00,1900.00,1900.00
38417665293111458,20011112,2000.00,2000.00,10,26619,52659080.00,1949.00,2000.00,1930.00,1949.00
38417665293111458,20011113,2100.00,2100.00,16,26777,56053600.00,2000.00,2100.00,2000.00,2000.00
38417665293111458,20011114,2205.00,2205.00,14,17171,37780014.00,2117.00,2205.00,2100.00,2117.00
38417665293111458,20011117,2299.00,2299.00,5,4700,10526300.00,2206.00,2299.00,2205.00,2299.00
38417665293111458,20011118,2336.00,2336.00,6,4200,9684700.00,2299.00,2336.00,2299.00,2300.00
38417665293111458,20011120,2220.00,2220.00,3,1692,3756240.00,2220.00,2220.00,2336.00,2220.00
38417665293111458,20011121,2120.00,2120.00,4,4308,9135960.00,2120.00,2121.00,2220.00,2121.00
38417665293111458,20011127,2120.00,2120.00,10,8569,18165472.00,2119.00,2120.00,2120.00,2119.00
38417665293111458,20011128,2120.00,2120.00,1,431,913720.00,2120.00,2120.00,2120.00,2120.00
38417665293111458,20011208,2200.00,2200.00,24,36095,76040900.00,2015.00,2200.00,2120.00,2114.00
38417665293111458,20011209,2301.00,2301.00,39,45979,105786469.00,2299.00,2310.00,2200.00,2301.00
38417665293111458,20011210,2250.00,2250.00,8,7790,17873790.00,2250.00,2301.00,2301.00,2301.00
38417665293111458,20011211,2250.00,2250.00,7,20000,45457565.00,2250.00,2300.00,2250.00,2294.00
38417665293111458,20011212,2250.00,2250.00,60,4974637,13639680140.00,2190.00,2750.00,2250.00,2190.00
38417665293111458,20011217,2250.00,2250.00,1,882,1984500.00,2250.00,2250.00,2250.00,2250.00
38417665293111458,20011222,2243.00,2243.00,1,100,224300.00,2243.00,2243.00,2250.00,2243.00
38417665293111458,20011223,2230.00,2230.00,2,846,1886840.00,2230.00,2243.00,2243.00,2243.00
38417665293111458,20011225,2230.00,2230.00,1,1100,2453000.00,2230.00,2230.00,2230.00,2230.00
38417665293111458,20020105,2197.00,2197.00,2,1000,2197000.00,2197.00,2197.00,2230.00,2197.00
38417665293111458,20020108,2100.00,2100.00,3,4000,8400000.00,2100.00,2100.00,2197.00,2100.00
38417665293111458,20020112,2100.00,2100.00,2,1600,3360000.00,2100.00,2100.00,2100.00,2100.00
38417665293111458,20020113,2100.00,2100.00,1,100,210000.00,2100.00,2100.00,2100.00,2100.00
38417665293111458,20020114,2088.00,2088.00,1,900,1879200.00,2088.00,2088.00,2100.00,2088.00
38417665293111458,20020120,2000.00,2000.00,2,2000,4000000.00,2000.00,2000.00,2088.00,2000.00
38417665293111458,20020126,2000.00,2000.00,2,1056,2112000.00,2000.00,2000.00,2000.00,2000.00
38417665293111458,20020128,1980.00,1980.00,7,11169,22278000.00,1980.00,2000.00,2000.00,2000.00
38417665293111458,20020129,1940.00,1940.00,5,16664,32564800.00,1940.00,1980.00,1980.00,1950.00
38417665293111458,20020130,1940.00,1940.00,6,15941,30891921.00,1931.00,1941.00,1940.00,1941.00
38417665293111458,20020202,1950.00,1950.00,5,5000,9750000.00,1950.00,1950.00,1940.00,1950.00
38417665293111458,20020203,1950.00,1950.00,4,11510,22443160.00,1949.00,1950.00,1950.00,1950.00
38417665293111458,20020205,1901.00,1901.00,1,500,950500.00,1901.00,1901.00,1950.00,1901.00
38417665293111458,20020206,1900.00,1900.00,1,5000,9500000.00,1900.00,1900.00,1901.00,1900.00
38417665293111458,20020209,1891.00,1891.00,3,15000,28355000.00,1890.00,1891.00,1900.00,1890.00
38417665293111458,20020212,1900.00,1900.00,3,5817,11019581.00,1891.00,1900.00,1891.00,1891.00
38417665293111458,20020213,1950.00,1950.00,10,13501,26310140.00,1948.00,1950.00,1900.00,1948.00
38417665293111458,20020218,1950.00,1950.00,1,152,296400.00,1950.00,1950.00,1950.00,1950.00
38417665293111458,20020227,1986.00,1986.00,7,21220,42142920.00,1985.00,1987.00,1950.00,1986.00
38417665293111458,20020302,1995.00,1995.00,1,4371,8720145.00,1995.00,1995.00,1986.00,1995.00
38417665293111458,20020306,1990.00,1990.00,10,21240,42394540.00,1990.00,2000.00,1995.00,1998.00
38417665293111458,20020309,2000.00,2000.00,10,29840,59564500.00,1990.00,2000.00,1990.00,1990.00
38417665293111458,20020310,2000.00,2000.00,3,19340,38680000.00,2000.00,2000.00,2000.00,2000.00
38417665293111458,20020312,2019.00,2019.00,7,15522,31112400.00,2000.00,2019.00,2000.00,2019.00
38417665293111458,20020313,2000.00,2000.00,3,10524,21238000.00,2000.00,2019.00,2019.00,2019.00
38417665293111458,20020316,2000.00,2000.00,1,60,120000.00,2000.00,2000.00,2000.00,2000.00
38417665293111458,20020317,2000.00,2000.00,10,4595,9190000.00,2000.00,2000.00,2000.00,2000.00
38417665293111458,20020318,2000.00,2000.00,1,500,1000000.00,2000.00,2000.00,2000.00,2000.00
38417665293111458,20020327,2040.00,2040.00,14,7980,16125280.00,2000.00,2040.00,2000.00,2000.00
38417665293111458,20020407,2039.00,2039.00,1,100,203900.00,2039.00,2039.00,2040.00,2039.00
38417665293111458,20020409,2000.00,2000.00,1,2000,4000000.00,2000.00,2000.00,2039.00,2000.00
38417665293111458,20020410,2000.00,2000.00,4,7250,14500000.00,2000.00,2000.00,2000.00,2000.00
38417665293111458,20020413,2000.00,2000.00,2,2750,5500000.00,2000.00,2000.00,2000.00,2000.00
38417665293111458,20020414,2000.00,2000.00,2,3000,6000000.00,2000.00,2000.00,2000.00,2000.00
38417665293111458,20020415,2000.00,2000.00,5,13400,26800000.00,2000.00,2000.00,2000.00,2000.00
38417665293111458,20020417,2000.00,2000.00,1,77,154000.00,2000.00,2000.00,2000.00,2000.00
38417665293111458,20020420,2000.00,2000.00,1,854,1708000.00,2000.00,2000.00,2000.00,2000.00
38417665293111458,20020429,2100.00,2100.00,1,1000,2100000.00,2100.00,2100.00,2000.00,2100.00
38417665293111458,20020505,2205.00,2205.00,1,1247,2749635.00,2205.00,2205.00,2100.00,2205.00
38417665293111458,20020506,2315.00,2315.00,2,1882,4356830.00,2315.00,2315.00,2205.00,2315.00
38417665293111458,20020507,2398.00,2398.00,11,9495,22045144.00,2315.00,2398.00,2315.00,2315.00
38417665293111458,20020512,2401.00,2401.00,2,1176,2823576.00,2401.00,2401.00,2398.00,2401.00
38417665293111458,20020515,2500.00,2500.00,7,9925,24804878.00,2412.00,2500.00,2401.00,2412.00
38417665293111458,20020520,2590.00,2590.00,4,2034,5265634.00,2532.00,2590.00,2500.00,2532.00
38417665293111458,20020521,2600.00,2600.00,11,11047,28694130.00,2590.00,2600.00,2590.00,2590.00
38417665293111458,20020522,2600.00,2600.00,3,9797,25472200.00,2600.00,2600.00,2600.00,2600.00
38417665293111458,20020525,2600.00,2600.00,1,203,527800.00,2600.00,2600.00,2600.00,2600.00
38417665293111458,20020601,2550.00,2550.00,1,525,1338750.00,2550.00,2550.00,2600.00,2550.00
38417665293111458,20020602,2486.00,2486.00,8,17675,44177700.00,2486.00,2500.00,2550.00,2500.00
38417665293111458,20020603,2500.00,2500.00,4,2011,5027500.00,2500.00,2500.00,2486.00,2500.00
38417665293111458,20020608,2486.00,2486.00,1,3000,7458000.00,2486.00,2486.00,2500.00,2486.00
38417665293111458,20020610,2450.00,2450.00,4,5000,12296800.00,2450.00,2486.00,2486.00,2486.00
38417665293111458,20020611,2410.00,2410.00,2,1400,3374000.00,2410.00,2410.00,2450.00,2410.00
38417665293111458,20020615,2410.00,2410.00,3,1018,2453380.00,2410.00,2410.00,2410.00,2410.00
38417665293111458,20020616,2410.00,2410.00,1,404,973640.00,2410.00,2410.00,2410.00,2410.00
38417665293111458,20020618,2410.00,2410.00,6,10000,24100000.00,2410.00,2410.00,2410.00,2410.00
38417665293111458,20020619,2403.00,2403.00,8,10179,24492692.00,2402.00,2410.00,2410.00,2402.00
38417665293111458,20020623,2300.00,2300.00,4,2900,6670000.00,2300.00,2300.00,2403.00,2300.00
38417665293111458,20020624,2300.00,2300.00,8,39069,89858700.00,2300.00,2300.00,2300.00,2300.00
38417665293111458,20020625,2300.00,2300.00,2,20000,46000000.00,2300.00,2300.00,2300.00,2300.00
38417665293111458,20020626,2300.00,2300.00,17,132226,304119800.00,2300.00,2300.00,2300.00,2300.00
38417665293111458,20020629,2300.00,2300.00,2,8078,18579400.00,2300.00,2300.00,2300.00,2300.00
38417665293111458,20020702,2330.00,2330.00,7,13844,32111446.00,2291.00,2330.00,2300.00,2291.00
38417665293111458,20020703,2330.00,2330.00,1,115,267950.00,2330.00,2330.00,2330.00,2330.00
38417665293111458,20020706,2330.00,2330.00,2,1847,4303510.00,2330.00,2330.00,2330.00,2330.00
38417665293111458,20020710,2329.00,2329.00,5,3000,6986443.00,2328.00,2329.00,2330.00,2328.00
38417665293111458,20020714,2300.00,2300.00,7,8975,20640000.00,2299.00,2300.00,2329.00,2299.00
38417665293111458,20020715,2297.00,2297.00,2,2000,4594000.00,2297.00,2297.00,2300.00,2297.00
38417665293111458,20020728,2100.00,2100.00,1,5000,10500000.00,2100.00,2100.00,2297.00,2100.00
38417665293111458,20020729,2100.00,2100.00,1,960,2016000.00,2100.00,2100.00,2100.00,2100.00
38417665293111458,20020731,2100.00,2100.00,5,10855,22795500.00,2100.00,2100.00,2100.00,2100.00
38417665293111458,20020803,2001.00,2001.00,1,375,750375.00,2001.00,2001.00,2100.00,2001.00
38417665293111458,20020804,2001.00,2001.00,1,4625,9254625.00,2001.00,2001.00,2001.00,2001.00
38417665293111458,20020805,2001.00,2001.00,2,2297,4596297.00,2001.00,2001.00,2001.00,2001.00
38417665293111458,20020806,2001.00,2001.00,1,2703,5408703.00,2001.00,2001.00,2001.00,2001.00
38417665293111458,20020831,1985.00,1985.00,3,4200,8337000.00,1985.00,1985.00,2001.00,1985.00
38417665293111458,20020901,1993.00,1993.00,11,6000,11892447.00,1980.00,1993.00,1985.00,1980.00
38417665293111458,20020908,1991.00,1991.00,1,1051,2092541.00,1991.00,1991.00,1993.00,1991.00
38417665293111458,20020909,1980.00,1980.00,1,6862,13586760.00,1980.00,1980.00,1991.00,1980.00
38417665293111458,20020929,1970.00,1970.00,1,500,985000.00,1970.00,1970.00,1980.00,1970.00
38417665293111458,20020930,1970.00,1970.00,1,1912,3766640.00,1970.00,1970.00,1970.00,1970.00
38417665293111458,20021001,1970.00,1970.00,1,214,421580.00,1970.00,1970.00,1970.00,1970.00
38417665293111458,20021002,1971.00,1971.00,1,374,737154.00,1971.00,1971.00,1970.00,1971.00
38417665293111458,20021104,1873.00,1873.00,1,500,936500.00,1873.00,1873.00,1971.00,1873.00
38417665293111458,20021105,1780.00,1780.00,2,500,890000.00,1780.00,1780.00,1873.00,1780.00
38417665293111458,20021106,1779.00,1779.00,5,1138,2023853.00,1777.00,1779.00,1780.00,1777.00
38417665293111458,20021111,1779.00,1779.00,13,46553,82781236.00,1712.00,1779.00,1779.00,1712.00
38417665293111458,20021112,1790.00,1790.00,6,21400,38087000.00,1779.00,1790.00,1779.00,1780.00
38417665293111458,20021113,1873.00,1873.00,1,158,295934.00,1873.00,1873.00,1790.00,1873.00
38417665293111458,20021116,1960.00,1960.00,2,2418,4705422.00,1879.00,1960.00,1873.00,1879.00
38417665293111458,20021117,1993.00,1993.00,6,18320,36136743.00,1960.00,1993.00,1960.00,1960.00
38417665293111458,20021118,1990.00,1990.00,1,1138,2264620.00,1990.00,1990.00,1993.00,1990.00
38417665293111458,20021120,2001.00,2001.00,1,1597,3195597.00,2001.00,2001.00,1990.00,2001.00
38417665293111458,20021123,2052.00,2052.00,1,140,287280.00,2052.00,2052.00,2001.00,2052.00
38417665293111458,20021125,2052.00,2052.00,2,1987,4077324.00,2052.00,2052.00,2052.00,2052.00
38417665293111458,20021130,2150.00,2150.00,2,6000,12750000.00,2100.00,2150.00,2052.00,2100.00
38417665293111458,20021201,2250.00,2250.00,1,4000,9000000.00,2250.00,2250.00,2150.00,2250.00
38417665293111458,20021202,2156.00,2156.00,6,11556,25883651.00,2156.00,2260.00,2250.00,2260.00
38417665293111458,20021208,2167.00,2167.00,1,500,1083500.00,2167.00,2167.00,2156.00,2167.00
38417665293111458,20021210,2171.00,2171.00,4,4575,9932735.00,2171.00,2173.00,2167.00,2173.00
38417665293111458,20021211,2172.00,2172.00,1,3000,6516000.00,2172.00,2172.00,2171.00,2172.00
38417665293111458,20021216,2280.00,2280.00,1,1000,2280000.00,2280.00,2280.00,2172.00,2280.00
38417665293111458,20021218,2394.00,2394.00,1,1000,2394000.00,2394.00,2394.00,2280.00,2394.00
38417665293111458,20021221,2513.00,2513.00,1,1000,2513000.00,2513.00,2513.00,2394.00,2513.00
38417665293111458,20021222,2638.00,2638.00,16,51907,136930666.00,2638.00,2638.00,2513.00,2638.00
38417665293111458,20021223,2638.00,2638.00,2,6028,15901864.00,2638.00,2638.00,2638.00,2638.00
38417665293111458,20021224,2638.00,2638.00,1,644,1698872.00,2638.00,2638.00,2638.00,2638.00
38417665293111458,20021225,2610.00,2610.00,2,1380,3601800.00,2610.00,2610.00,2638.00,2610.00
38417665293111458,20021228,2609.00,2609.00,1,1966,5129294.00,2609.00,2609.00,2610.00,2609.00
38417665293111458,20021231,2600.00,2600.00,1,780,2028000.00,2600.00,2600.00,2609.00,2600.00
38417665293111458,20030104,2580.00,2580.00,3,1540,3971537.00,2578.00,2580.00,2600.00,2578.00
38417665293111458,20030106,2480.00,2480.00,1,1000,2480000.00,2480.00,2480.00,2580.00,2480.00
38417665293111458,20030111,2600.00,2600.00,9,17104,42310367.00,2437.00,2600.00,2480.00,2437.00
38417665293111458,20030112,2730.00,2730.00,3,2615,7138950.00,2730.00,2730.00,2600.00,2730.00
38417665293111458,20030113,2650.00,2650.00,2,5500,14970000.00,2650.00,2729.00,2730.00,2729.00
38417665293111458,20030115,2518.00,2518.00,2,3000,7554000.00,2518.00,2518.00,2650.00,2518.00
38417665293111458,20030118,2402.00,2402.00,2,3000,7322000.00,2402.00,2518.00,2518.00,2518.00
38417665293111458,20030120,2356.00,2356.00,2,1184,2789504.00,2356.00,2356.00,2402.00,2356.00
38417665293111458,20030121,2356.00,2356.00,2,3816,8990496.00,2356.00,2356.00,2356.00,2356.00
38417665293111458,20030122,2239.00,2239.00,2,18000,40302000.00,2239.00,2239.00,2356.00,2239.00
38417665293111458,20030126,2130.00,2130.00,1,3000,6390000.00,2130.00,2130.00,2239.00,2130.00
38417665293111458,20030128,2210.00,2210.00,3,20995,44917340.00,2132.00,2210.00,2130.00,2132.00
38417665293111458,20030129,2210.00,2210.00,3,4830,11004300.00,2210.00,2320.00,2210.00,2320.00
38417665293111458,20030201,2400.00,2400.00,4,3960,9403200.00,2320.00,2400.00,2210.00,2320.00
38417665293111458,20030202,2500.00,2500.00,2,1500,3749500.00,2499.00,2500.00,2400.00,2499.00
38417665293111458,20030204,2610.00,2610.00,9,20298,51172799.00,2499.00,2610.00,2500.00,2499.00
38417665293111458,20030205,2610.00,2610.00,6,23277,60690491.00,2600.00,2610.00,2610.00,2608.00
38417665293111458,20030520,1310.00,1310.00,3,15000,25520000.00,1200.00,2594.00,2610.00,2594.00
38417665293111458,20030521,1375.00,1375.00,1,100,137500.00,1375.00,1375.00,1310.00,1375.00
38417665293111458,20030524,1443.00,1443.00,1,509,734487.00,1443.00,1443.00,1375.00,1443.00
38417665293111458,20030525,1515.00,1515.00,1,500,757500.00,1515.00,1515.00,1443.00,1515.00
38417665293111458,20030527,1590.00,1590.00,4,3000,4770000.00,1590.00,1590.00,1515.00,1590.00
38417665293111458,20030528,1669.00,1669.00,13,26260,43827940.00,1669.00,1669.00,1590.00,1669.00
38417665293111458,20030531,1752.00,1752.00,14,33932,59448864.00,1752.00,1752.00,1669.00,1752.00
38417665293111458,20030601,1839.00,1839.00,2,3000,5464017.00,1752.00,1839.00,1752.00,1752.00
38417665293111458,20030602,1839.00,1839.00,3,8718,16032402.00,1839.00,1839.00,1839.00,1839.00
38417665293111458,20030607,1748.00,1748.00,3,6000,10488000.00,1748.00,1748.00,1839.00,1748.00
38417665293111458,20030609,1720.00,1720.00,1,2580,4437600.00,1720.00,1720.00,1748.00,1720.00
38417665293111458,20030611,1636.00,1636.00,7,18909,30931785.00,1634.00,1637.00,1720.00,1637.00
38417665293111458,20030614,1636.00,1636.00,6,12282,20093352.00,1636.00,1636.00,1636.00,1636.00
38417665293111458,20030617,1555.00,1555.00,1,10000,15550000.00,1555.00,1555.00,1636.00,1555.00
38417665293111458,20030618,1632.00,1632.00,1,10000,16320000.00,1632.00,1632.00,1555.00,1632.00
38417665293111458,20030621,1632.00,1632.00,1,1000,1632000.00,1632.00,1632.00,1632.00,1632.00
38417665293111458,20030623,1600.00,1600.00,3,4280,6880760.00,1600.00,1617.00,1632.00,1614.00
38417665293111458,20030624,1520.00,1520.00,7,16500,25239263.00,1520.00,1599.00,1600.00,1560.00
38417665293111458,20030625,1520.00,1520.00,7,13952,21204803.00,1519.00,1520.00,1520.00,1520.00
38417665293111458,20030628,1520.00,1520.00,1,5000,7600000.00,1520.00,1520.00,1520.00,1520.00
38417665293111458,20030629,1516.00,1516.00,5,14270,21630268.00,1515.00,1516.00,1520.00,1515.00
38417665293111458,20030630,1441.00,1441.00,2,5230,7536430.00,1441.00,1441.00,1516.00,1441.00
38417665293111458,20030701,1441.00,1441.00,1,634,913594.00,1441.00,1441.00,1441.00,1441.00
38417665293111458,20030702,1444.00,1444.00,3,1598,2308208.00,1444.00,1445.00,1441.00,1445.00
38417665293111458,20030705,1447.00,1447.00,7,33000,47752026.00,1446.00,1448.00,1444.00,1447.00
38417665293111458,20030706,1448.00,1448.00,30,126686,183481893.00,1447.00,1452.00,1447.00,1449.00
38417665293111458,20030707,1460.00,1460.00,5,27994,40658819.00,1449.00,1460.00,1448.00,1449.00
38417665293111458,20030708,1461.00,1461.00,24,86920,126985674.00,1448.00,1461.00,1460.00,1461.00
38417665293111458,20030712,1465.00,1465.00,2,13468,19701396.00,1461.00,1465.00,1461.00,1461.00
38417665293111458,20030713,1465.00,1465.00,1,5000,7325000.00,1465.00,1465.00,1465.00,1465.00
38417665293111458,20030823,1404.00,1404.00,4,5100,7162904.00,1400.00,1629.00,1465.00,1629.00
38417665293111458,20030901,1404.00,1404.00,1,98,137592.00,1404.00,1404.00,1404.00,1404.00
38417665293111458,20030909,1404.00,1404.00,1,812,1140048.00,1404.00,1404.00,1404.00,1404.00
38417665293111458,20030916,1404.00,1404.00,3,601,843804.00,1404.00,1404.00,1404.00,1404.00
38417665293111458,20030928,1404.00,1404.00,2,1628,2285712.00,1404.00,1404.00,1404.00,1404.00
38417665293111458,20030929,1404.00,1404.00,8,18372,25794288.00,1404.00,1404.00,1404.00,1404.00
38417665293111458,20030930,1404.00,1404.00,1,4628,6497712.00,1404.00,1404.00,1404.00,1404.00
38417665293111458,20031004,1404.00,1404.00,1,372,522288.00,1404.00,1404.00,1404.00,1404.00
38417665293111458,20031005,1404.00,1404.00,1,9628,13517712.00,1404.00,1404.00,1404.00,1404.00
38417665293111458,20031019,1404.00,1404.00,1,502,704808.00,1404.00,1404.00,1404.00,1404.00
38417665293111458,20031021,1404.00,1404.00,1,500,702000.00,1404.00,1404.00,1404.00,1404.00
38417665293111458,20031102,1404.00,1404.00,1,2700,3790800.00,1404.00,1404.00,1404.00,1404.00
38417665293111458,20031108,1404.00,1404.00,1,134,188136.00,1404.00,1404.00,1404.00,1404.00
38417665293111458,20031111,1404.00,1404.00,2,362,508600.00,1404.00,1405.00,1404.00,1405.00
38417665293111458,20031119,1404.00,1404.00,2,1061,1494899.00,1404.00,1409.00,1404.00,1409.00
38417665293111458,20031123,1404.00,1404.00,2,190,267840.00,1404.00,1410.00,1404.00,1410.00
38417665293111458,20031201,1404.00,1404.00,2,315,447445.00,1404.00,1421.00,1404.00,1421.00
38417665293111458,20031207,1405.00,1405.00,2,298,426178.00,1405.00,1431.00,1404.00,1431.00
38417665293111458,20031213,1426.00,1426.00,4,4077,5865620.00,1426.00,1441.00,1405.00,1440.00
38417665293111458,20031215,1436.00,1436.00,3,2610,3791860.00,1436.00,1453.00,1426.00,1453.00
38417665293111458,20031223,1475.00,1475.00,1,10000,14750000.00,1475.00,1475.00,1436.00,1475.00
38417665293111458,20031230,1475.00,1475.00,2,110,165050.00,1475.00,1503.00,1475.00,1503.00
38417665293111458,20031231,1512.00,1512.00,3,3279,5075532.00,1512.00,1548.00,1475.00,1548.00
38417665293111458,20040107,1512.00,1512.00,2,325,494865.00,1512.00,1523.00,1512.00,1523.00
38417665293111458,20040110,1587.00,1587.00,7,18057,28656459.00,1587.00,1587.00,1512.00,1587.00
38417665293111458,20040111,1666.00,1666.00,12,110190,183576540.00,1666.00,1666.00,1587.00,1666.00
38417665293111458,20040112,1666.00,1666.00,2,810,1349460.00,1666.00,1666.00,1666.00,1666.00
38417665293111458,20040113,1666.00,1666.00,2,119,198363.00,1666.00,1667.00,1666.00,1667.00
38417665293111458,20040403,1666.00,1666.00,1,5000,8330000.00,1666.00,1666.00,1666.00,1666.00
38417665293111458,20040407,1666.00,1666.00,1,553,921298.00,1666.00,1666.00,1666.00,1666.00
38417665293111458,20040413,1666.00,1666.00,1,5000,8330000.00,1666.00,1666.00,1666.00,1666.00
38417665293111458,20040414,1666.00,1666.00,5,195109,325051594.00,1666.00,1666.00,1666.00,1666.00
38417665293111458,20040421,1666.00,1666.00,1,3000,4998000.00,1666.00,1666.00,1666.00,1666.00
38417665293111458,20040424,1666.00,1666.00,2,506,842996.00,1666.00,1666.00,1666.00,1666.00
38417665293111458,20040425,1666.00,1666.00,2,3178,5294548.00,1666.00,1666.00,1666.00,1666.00
38417665293111458,20040426,1666.00,1666.00,1,1700,2832200.00,1666.00,1666.00,1666.00,1666.00
38417665293111458,20040501,1665.00,1665.00,6,5600,9328177.00,1665.00,1666.00,1666.00,1665.00
38417665293111458,20040503,1665.00,1665.00,2,2310,3848450.00,1665.00,1666.00,1665.00,1666.00
38417665293111458,20040526,1665.00,1665.00,4,986,1641690.00,1665.00,1665.00,1665.00,1665.00
38417665293111458,20040615,1683.00,1683.00,2,1870,3268110.00,1683.00,1748.00,1665.00,1748.00
38417665293111458,20040616,1767.00,1767.00,4,8400,14842800.00,1767.00,1767.00,1683.00,1767.00
38417665293111458,20040620,1769.00,1769.00,2,250,462890.00,1769.00,1855.00,1767.00,1855.00
38417665293111458,20040621,1856.00,1856.00,27,107122,198917228.00,1855.00,1857.00,1769.00,1857.00
38417665293111458,20040623,1948.00,1948.00,5,41500,80842000.00,1948.00,1948.00,1856.00,1948.00
38417665293111458,20040630,1959.00,1959.00,2,1010,2064590.00,1959.00,2045.00,1948.00,2045.00
38417665293111458,20040703,2007.00,2007.00,5,4210,8655270.00,2007.00,2056.00,1959.00,2056.00
38417665293111458,20040704,2105.00,2105.00,22,37928,79873814.00,2105.00,2107.00,2007.00,2107.00
38417665293111458,20040705,2210.00,2210.00,10,13400,29614000.00,2210.00,2210.00,2105.00,2210.00
38417665293111458,20040706,2320.00,2320.00,7,9787,22705840.00,2320.00,2320.00,2210.00,2320.00
38417665293111458,20040707,2436.00,2436.00,5,9338,22747368.00,2436.00,2436.00,2320.00,2436.00
38417665293111458,20040710,2557.00,2557.00,5,11137,28477309.00,2557.00,2557.00,2436.00,2557.00
38417665293111458,20040711,2684.00,2684.00,4,8948,24016432.00,2684.00,2684.00,2557.00,2684.00
38417665293111458,20040712,2684.00,2684.00,5,16808,45112672.00,2684.00,2684.00,2684.00,2684.00
38417665293111458,20040801,2684.00,2684.00,2,1190,3193960.00,2684.00,2684.00,2684.00,2684.00
38417665293111458,20040802,2684.00,2684.00,2,750,2015960.00,2684.00,2688.00,2684.00,2688.00
38417665293111458,20040804,2682.00,2682.00,2,3760,10076820.00,2680.00,2682.00,2684.00,2680.00
38417665293111458,20040829,2681.00,2681.00,2,20,52290.00,2548.00,2681.00,2682.00,2548.00
38417665293111458,20040925,2547.00,2547.00,1,500,1273500.00,2547.00,2547.00,2681.00,2547.00
38417665293111458,20041024,2539.00,2539.00,2,510,1235390.00,2420.00,2539.00,2547.00,2420.00
38417665293111458,20041027,2531.00,2531.00,3,510,1231810.00,2413.00,2531.00,2539.00,2413.00
38417665293111458,20041101,2517.00,2517.00,2,890,2141570.00,2405.00,2517.00,2531.00,2405.00
38417665293111458,20041113,2489.00,2489.00,2,2010,4828890.00,2402.00,2489.00,2517.00,2402.00
38417665293111458,20041221,2391.00,2391.00,30,59108,141382385.00,2365.00,2547.00,2489.00,2365.00
38417665293111458,20041222,2457.00,2457.00,2,4724,11856710.00,2457.00,2510.00,2391.00,2510.00
38417665293111458,20041225,2579.00,2579.00,7,14044,36219476.00,2579.00,2579.00,2457.00,2579.00
38417665293111458,20041227,2647.00,2647.00,4,5657,15166083.00,2579.00,2707.00,2579.00,2707.00
38417665293111458,20041228,2767.00,2767.00,11,23010,63680670.00,2647.00,2779.00,2647.00,2647.00
38417665293111458,20041229,2887.00,2887.00,9,7324,21276040.00,2887.00,2905.00,2767.00,2905.00
38417665293111458,20050101,2905.00,2905.00,7,11147,32392035.00,2900.00,2950.00,2887.00,2905.00
38417665293111458,20050102,2852.00,2852.00,6,4811,13542736.00,2800.00,2879.00,2905.00,2800.00
38417665293111458,20050104,2840.00,2840.00,3,1520,4236800.00,2787.00,2840.00,2852.00,2790.00
38417665293111458,20050115,2824.00,2824.00,2,929,2507702.00,2698.00,2824.00,2840.00,2698.00
38417665293111458,20050201,2824.00,2824.00,2,20,55070.00,2683.00,2824.00,2824.00,2683.00
38417665293111458,20050227,2824.00,2824.00,2,20,55070.00,2683.00,2824.00,2824.00,2683.00
38417665293111458,20050412,2683.00,2683.00,1,500,1341500.00,2683.00,2683.00,2824.00,2683.00
38417665293111458,20050413,2549.00,2549.00,1,500,1274500.00,2549.00,2549.00,2683.00,2549.00
38417665293111458,20050416,2422.00,2422.00,2,500,1211000.00,2422.00,2422.00,2549.00,2422.00
38417665293111458,20050418,2301.00,2301.00,2,500,1150500.00,2301.00,2301.00,2422.00,2301.00
38417665293111458,20050423,2186.00,2186.00,1,500,1093000.00,2186.00,2186.00,2301.00,2186.00
38417665293111458,20050504,2077.00,2077.00,1,1000,2077000.00,2077.00,2077.00,2186.00,2077.00
38417665293111458,20050514,1974.00,1974.00,2,1000,1974000.00,1974.00,1974.00,2077.00,1974.00
38417665293111458,20050515,1876.00,1876.00,10,10533,19759908.00,1876.00,1876.00,1974.00,1876.00
38417665293111458,20050517,1798.00,1798.00,12,28541,51332025.00,1784.00,1957.00,1876.00,1801.00
38417665293111458,20050518,1851.00,1851.00,6,5453,10251420.00,1851.00,1887.00,1798.00,1887.00
38417665293111458,20050521,1850.00,1850.00,5,4858,8990300.00,1850.00,1851.00,1851.00,1850.00
38417665293111458,20050522,1854.00,1854.00,5,19010,35260540.00,1850.00,1942.00,1850.00,1942.00
38417665293111458,20050524,1854.00,1854.00,2,110,208040.00,1854.00,1895.00,1854.00,1895.00
38417665293111458,20050525,1864.00,1864.00,2,1035,2007140.00,1864.00,1940.00,1854.00,1940.00
38417665293111458,20050528,1916.00,1916.00,14,13350,25589299.00,1865.00,1954.00,1864.00,1865.00
38417665293111458,20050529,1984.00,1984.00,3,6040,12146170.00,1984.00,2011.00,1916.00,2011.00
38417665293111458,20050530,1984.00,1984.00,2,120,241050.00,1984.00,2011.00,1984.00,2011.00
38417665293111458,20050531,2019.00,2019.00,6,8979,18129635.00,2011.00,2025.00,1984.00,2013.00
38417665293111458,20050601,2042.00,2042.00,5,5014,10319600.00,2010.00,2119.00,2019.00,2010.00
38417665293111458,20050607,2040.00,2040.00,4,7123,14536552.00,2000.00,2144.00,2042.00,2000.00
38417665293111458,20050608,2038.00,2038.00,3,662,1335960.00,2011.00,2040.00,2040.00,2011.00
38417665293111458,20050611,2084.00,2084.00,5,7450,15582104.00,2037.00,2139.00,2038.00,2037.00
38417665293111458,20050612,2084.00,2084.00,1,152,316768.00,2084.00,2084.00,2084.00,2084.00
38417665293111458,20050613,2084.00,2084.00,2,5095,10617980.00,2084.00,2084.00,2084.00,2084.00
38417665293111458,20050615,2097.00,2097.00,3,7022,14747050.00,2097.00,2101.00,2084.00,2100.00
38417665293111458,20050620,2100.00,2100.00,4,6280,13203882.00,2100.00,2103.00,2097.00,2103.00
38417665293111458,20050705,2100.00,2100.00,1,810,1701000.00,2100.00,2100.00,2100.00,2100.00
38417665293111458,20050709,2105.00,2105.00,3,5020,10592050.00,2100.00,2110.00,2100.00,2100.00
38417665293111458,20050807,2105.00,2105.00,1,1000,2105000.00,2105.00,2105.00,2105.00,2105.00
38417665293111458,20051116,2000.00,2000.00,2,5000,10000000.00,2000.00,2000.00,2105.00,2000.00
38417665293111458,20051119,1960.00,1960.00,11,25000,49000000.00,1960.00,1960.00,2000.00,1960.00
38417665293111458,20051120,1993.00,1993.00,10,15296,30496930.00,1960.00,2000.00,1960.00,1960.00
38417665293111458,20060301,1993.00,1993.00,7,10864,21651977.00,1993.00,1994.00,1993.00,1993.00
38417665293111458,20060409,1992.00,1992.00,2,210,417320.00,1987.00,1992.00,1993.00,1987.00
38417665293111458,20070523,1400.00,1400.00,3,3235,4529000.00,1400.00,1400.00,1992.00,1400.00
38417665293111458,20070526,1386.00,1386.00,3,4198,5759796.00,1372.00,1386.00,1400.00,1372.00
38417665293111458,20070527,1386.00,1386.00,2,70,95400.00,1359.00,1386.00,1386.00,1359.00
38417665293111458,20070529,1386.00,1386.00,9,360,498360.00,1384.00,1386.00,1386.00,1385.00
38417665293111458,20070602,1386.00,1386.00,2,3660,5069110.00,1385.00,1386.00,1386.00,1385.00
38417665293111458,20070606,1382.00,1382.00,2,5985,8265295.00,1381.00,1382.00,1386.00,1381.00
38417665293111458,20070611,1382.00,1382.00,4,4500,6219000.00,1382.00,1382.00,1382.00,1382.00
38417665293111458,20070612,1383.00,1383.00,4,18951,26220292.00,1382.00,1385.00,1382.00,1382.00
38417665293111458,20070617,1383.00,1383.00,1,1000,1383000.00,1383.00,1383.00,1383.00,1383.00
38417665293111458,20070702,1383.00,1383.00,2,1500,2074550.00,1383.00,1384.00,1383.00,1384.00
38417665293111458,20070703,1383.00,1383.00,5,11510,15919330.00,1383.00,1384.00,1383.00,1383.00
38417665293111458,20070704,1383.00,1383.00,1,3750,5186250.00,1383.00,1383.00,1383.00,1383.00
38417665293111458,20070718,1332.00,1332.00,2,3733,4972356.00,1332.00,1332.00,1383.00,1332.00
38417665293111458,20070722,1332.00,1332.00,5,21314,28390248.00,1332.00,1332.00,1332.00,1332.00
38417665293111458,20070723,1332.00,1332.00,7,34184,45533088.00,1332.00,1332.00,1332.00,1332.00
38417665293111458,20070729,1332.00,1332.00,1,2250,2997000.00,1332.00,1332.00,1332.00,1332.00
38417665293111458,20070804,1332.00,1332.00,1,1193,1589076.00,1332.00,1332.00,1332.00,1332.00
38417665293111458,20070806,1332.00,1332.00,2,60,79930.00,1332.00,1333.00,1332.00,1333.00
38417665293111458,20070807,1332.00,1332.00,1,2000,2664000.00,1332.00,1332.00,1332.00,1332.00
38417665293111458,20070815,1332.00,1332.00,2,2375,3163500.00,1332.00,1332.00,1332.00,1332.00
38417665293111458,20070819,1332.00,1332.00,2,2973,3960036.00,1332.00,1332.00,1332.00,1332.00
38417665293111458,20070828,1332.00,1332.00,2,150,199910.00,1332.00,1333.00,1332.00,1333.00
38417665293111458,20070909,1332.00,1332.00,1,114,151848.00,1332.00,1332.00,1332.00,1332.00
38417665293111458,20071113,1332.00,1332.00,1,10000,13320000.00,1332.00,1332.00,1332.00,1332.00
38417665293111458,20071119,1332.00,1332.00,2,10000,13320000.00,1332.00,1332.00,1332.00,1332.00
38417665293111458,20071121,1332.00,1332.00,1,5000,6660000.00,1332.00,1332.00,1332.00,1332.00
38417665293111458,20071125,1332.00,1332.00,1,2500,3330000.00,1332.00,1332.00,1332.00,1332.00
38417665293111458,20071209,1332.00,1332.00,1,2500,3330000.00,1332.00,1332.00,1332.00,1332.00
38417665293111458,20071211,1332.00,1332.00,1,1500,1998000.00,1332.00,1332.00,1332.00,1332.00
38417665293111458,20071217,1332.00,1332.00,1,2000,2664000.00,1332.00,1332.00,1332.00,1332.00
38417665293111458,20071224,1332.00,1332.00,1,1500,1998000.00,1332.00,1332.00,1332.00,1332.00
38417665293111458,20071226,1332.00,1332.00,1,1500,1998000.00,1332.00,1332.00,1332.00,1332.00
38417665293111458,20071230,1332.00,1332.00,1,3000,3996000.00,1332.00,1332.00,1332.00,1332.00
38417665293111458,20080101,1332.00,1332.00,3,15500,20646000.00,1332.00,1332.00,1332.00,1332.00
38417665293111458,20080102,1332.00,1332.00,1,4500,5994000.00,1332.00,1332.00,1332.00,1332.00
38417665293111458,20080113,1333.00,1333.00,2,5010,6683330.00,1333.00,1334.00,1332.00,1334.00
38417665293111458,20080116,1335.00,1335.00,1,6500,8677500.00,1335.00,1335.00,1333.00,1335.00
38417665293111458,20080202,1335.00,1335.00,1,2550,3404250.00,1335.00,1335.00,1335.00,1335.00
38417665293111458,20080203,1335.00,1335.00,2,1540,2058960.00,1335.00,1337.00,1335.00,1337.00
38417665293111458,20080210,1335.00,1335.00,2,35,46775.00,1335.00,1337.00,1335.00,1337.00
38417665293111458,20080223,1335.00,1335.00,2,510,681850.00,1335.00,1337.00,1335.00,1337.00
38417665293111458,20080309,1356.00,1356.00,1,2000,2712000.00,1356.00,1356.00,1335.00,1356.00
38417665293111458,20080310,1383.00,1383.00,8,51552,71296416.00,1383.00,1383.00,1356.00,1383.00
38417665293111458,20080311,1410.00,1410.00,2,20000,28200000.00,1410.00,1410.00,1383.00,1410.00
38417665293111458,20080329,1411.00,1411.00,2,406,583558.00,1411.00,1438.00,1410.00,1438.00
38417665293111458,20080408,1439.00,1439.00,1,50,71950.00,1439.00,1439.00,1411.00,1439.00
38417665293111458,20080409,1467.00,1467.00,1,100,146700.00,1467.00,1467.00,1439.00,1467.00
38417665293111458,20080412,1496.00,1496.00,1,100,149600.00,1496.00,1496.00,1467.00,1496.00
38417665293111458,20080413,1525.00,1525.00,1,100,152500.00,1525.00,1525.00,1496.00,1525.00
38417665293111458,20080420,1555.00,1555.00,1,50,77750.00,1555.00,1555.00,1525.00,1555.00
38417665293111458,20080421,1586.00,1586.00,1,50,79300.00,1586.00,1586.00,1555.00,1586.00
38417665293111458,20080422,1617.00,1617.00,1,50,80850.00,1617.00,1617.00,1586.00,1617.00
38417665293111458,20080423,1649.00,1649.00,1,100,164900.00,1649.00,1649.00,1617.00,1649.00
38417665293111458,20080426,1681.00,1681.00,1,50,84050.00,1681.00,1681.00,1649.00,1681.00
38417665293111458,20080427,1692.00,1692.00,4,2930,5021800.00,1692.00,1714.00,1681.00,1714.00
38417665293111458,20080428,1725.00,1725.00,1,50,86250.00,1725.00,1725.00,1692.00,1725.00
38417665293111458,20080429,1759.00,1759.00,1,50,87950.00,1759.00,1759.00,1725.00,1759.00
38417665293111458,20080430,1794.00,1794.00,1,50,89700.00,1794.00,1794.00,1759.00,1794.00
38417665293111458,20080503,1829.00,1829.00,1,50,91450.00,1829.00,1829.00,1794.00,1829.00
38417665293111458,20080504,1865.00,1865.00,2,13060,24356900.00,1865.00,1865.00,1829.00,1865.00
38417665293111458,20080505,1900.00,1900.00,5,10000,19004474.00,1900.00,1902.00,1865.00,1902.00
38417665293111458,20080506,1905.00,1905.00,12,25546,48690310.00,1901.00,1911.00,1900.00,1910.00
38417665293111458,20080510,1905.00,1905.00,3,302,573850.00,1900.00,1905.00,1905.00,1900.00
38417665293111458,20080511,1928.00,1928.00,2,5010,9734280.00,1928.00,1943.00,1905.00,1943.00
38417665293111458,20080512,1900.00,1900.00,6,18820,35758000.00,1900.00,1900.00,1928.00,1900.00
38417665293111458,20080513,1900.00,1900.00,2,6925,13157500.00,1900.00,1900.00,1900.00,1900.00
38417665293111458,20080526,1890.00,1890.00,2,1602,2962508.00,1849.00,1890.00,1900.00,1849.00
38417665293111458,20080531,1834.00,1834.00,4,8500,15589000.00,1834.00,1834.00,1890.00,1834.00
38417665293111458,20080802,1236.00,1236.00,7,25657,31714460.00,1013.00,1310.00,1834.00,1200.00
38417665293111458,20080806,1273.00,1273.00,8,45286,57649078.00,1273.00,1273.00,1236.00,1273.00
38417665293111458,20080831,1275.00,1275.00,2,464,607944.00,1275.00,1311.00,1273.00,1311.00
38417665293111458,20080906,1313.00,1313.00,1,9813,12884469.00,1313.00,1313.00,1275.00,1313.00
38417665293111458,20080928,1314.00,1314.00,2,226,305172.00,1314.00,1352.00,1313.00,1352.00
38417665293111458,20081004,1307.00,1307.00,7,3203,4148720.00,1275.00,1307.00,1314.00,1275.00
38417665293111458,20081028,1310.00,1310.00,7,26000,34060540.00,1310.00,1346.00,1307.00,1346.00
38417665293111458,20081104,1310.00,1310.00,2,5915,7748650.00,1310.00,1310.00,1310.00,1310.00
38417665293111458,20081105,1325.00,1325.00,3,3346,4513514.00,1325.00,1349.00,1310.00,1349.00
38417665293111458,20081110,1333.00,1333.00,2,1674,2283026.00,1333.00,1364.00,1325.00,1364.00
38417665293111458,20081112,1360.00,1360.00,6,40459,55024240.00,1360.00,1360.00,1333.00,1360.00
38417665293111458,20081115,1360.00,1360.00,1,1257,1709520.00,1360.00,1360.00,1360.00,1360.00
38417665293111458,20081123,1374.00,1374.00,2,3010,4213740.00,1374.00,1400.00,1360.00,1400.00
38417665293111458,20081206,1374.00,1374.00,0,0,0.00,0.00,0.00,1374.00,0.00
38417665293111458,20081207,1374.00,1374.00,0,0,0.00,0.00,0.00,1374.00,0.00
38417665293111458,20081208,1374.00,1374.00,0,0,0.00,0.00,0.00,1374.00,0.00
38417665293111458,20081210,1375.00,1375.00,1,5000,6875000.00,1375.00,1375.00,1374.00,1375.00
38417665293111458,20081213,1375.00,1375.00,0,0,0.00,0.00,0.00,1375.00,0.00
38417665293111458,20081214,1375.00,1375.00,0,0,0.00,0.00,0.00,1375.00,0.00
38417665293111458,20081215,1375.00,1375.00,0,0,0.00,0.00,0.00,1375.00,0.00
38417665293111458,20081216,1375.00,1375.00,0,0,0.00,0.00,0.00,1375.00,0.00
38417665293111458,20081220,1365.00,1334.00,2,2036,2716024.00,1334.00,1334.00,1375.00,1334.00
38417665293111458,20081221,1365.00,1334.00,0,0,0.00,0.00,0.00,1365.00,0.00
38417665293111458,20081222,1365.00,1365.00,1,5000,6825000.00,1365.00,1365.00,1365.00,1365.00
38417665293111458,20081223,1365.00,1365.00,0,0,0.00,0.00,0.00,1365.00,0.00
38417665293111458,20081224,1365.00,1365.00,0,0,0.00,0.00,0.00,1365.00,0.00
38417665293111458,20081227,1365.00,1365.00,0,0,0.00,0.00,0.00,1365.00,0.00
38417665293111458,20081228,1365.00,1365.00,0,0,0.00,0.00,0.00,1365.00,0.00
38417665293111458,20081229,1365.00,1365.00,0,0,0.00,0.00,0.00,1365.00,0.00
38417665293111458,20081230,1365.00,1365.00,0,0,0.00,0.00,0.00,1365.00,0.00
38417665293111458,20081231,1365.00,1365.00,0,0,0.00,0.00,0.00,1365.00,0.00
38417665293111458,20090103,1365.00,1365.00,0,0,0.00,0.00,0.00,1365.00,0.00
38417665293111458,20090104,1365.00,1365.00,0,0,0.00,0.00,0.00,1365.00,0.00
38417665293111458,20090105,1365.00,1365.00,0,0,0.00,0.00,0.00,1365.00,0.00
38417665293111458,20090110,1365.00,1365.00,0,0,0.00,0.00,0.00,1365.00,0.00
38417665293111458,20090111,1365.00,1365.00,0,0,0.00,0.00,0.00,1365.00,0.00
38417665293111458,20090112,1365.00,1365.00,0,0,0.00,0.00,0.00,1365.00,0.00
38417665293111458,20090113,1365.00,1365.00,0,0,0.00,0.00,0.00,1365.00,0.00
38417665293111458,20090114,1365.00,1365.00,0,0,0.00,0.00,0.00,1365.00,0.00
38417665293111458,20090117,1365.00,1365.00,0,0,0.00,0.00,0.00,1365.00,0.00
38417665293111458,20090118,1365.00,1365.00,1,2309,3151785.00,1365.00,1365.00,1365.00,1365.00
38417665293111458,20090119,1365.00,1365.00,1,1700,2320500.00,1365.00,1365.00,1365.00,1365.00
38417665293111458,20090120,1365.00,1365.00,0,0,0.00,0.00,0.00,1365.00,0.00
38417665293111458,20090121,1365.00,1365.00,0,0,0.00,0.00,0.00,1365.00,0.00
38417665293111458,20090124,1365.00,1365.00,0,0,0.00,0.00,0.00,1365.00,0.00
38417665293111458,20090125,1365.00,1365.00,0,0,0.00,0.00,0.00,1365.00,0.00
38417665293111458,20090126,1365.00,1365.00,0,0,0.00,0.00,0.00,1365.00,0.00
38417665293111458,20090127,1365.00,1365.00,0,0,0.00,0.00,0.00,1365.00,0.00
38417665293111458,20090128,1365.00,1365.00,0,0,0.00,0.00,0.00,1365.00,0.00
38417665293111458,20090131,1365.00,1365.00,0,0,0.00,0.00,0.00,1365.00,0.00
38417665293111458,20090201,1365.00,1365.00,0,0,0.00,0.00,0.00,1365.00,0.00
38417665293111458,20090202,1365.00,1365.00,0,0,0.00,0.00,0.00,1365.00,0.00
38417665293111458,20090203,1365.00,1365.00,0,0,0.00,0.00,0.00,1365.00,0.00
38417665293111458,20090204,1365.00,1365.00,1,100,136500.00,1365.00,1365.00,1365.00,1365.00
38417665293111458,20090207,1365.00,1365.00,0,0,0.00,0.00,0.00,1365.00,0.00
38417665293111458,20090208,1365.00,1365.00,0,0,0.00,0.00,0.00,1365.00,0.00
38417665293111458,20090209,1365.00,1365.00,0,0,0.00,0.00,0.00,1365.00,0.00
38417665293111458,20090211,1365.00,1365.00,0,0,0.00,0.00,0.00,1365.00,0.00
38417665293111458,20090214,1365.00,1365.00,0,0,0.00,0.00,0.00,1365.00,0.00
38417665293111458,20090215,1365.00,1365.00,0,0,0.00,0.00,0.00,1365.00,0.00
38417665293111458,20090217,1365.00,1365.00,0,0,0.00,0.00,0.00,1365.00,0.00
38417665293111458,20090218,1365.00,1365.00,0,0,0.00,0.00,0.00,1365.00,0.00
38417665293111458,20090221,1365.00,1365.00,0,0,0.00,0.00,0.00,1365.00,0.00
38417665293111458,20090222,1365.00,1365.00,0,0,0.00,0.00,0.00,1365.00,0.00
38417665293111458,20090223,1365.00,1365.00,0,0,0.00,0.00,0.00,1365.00,0.00
38417665293111458,20090225,1365.00,1365.00,0,0,0.00,0.00,0.00,1365.00,0.00
38417665293111458,20090228,1365.00,1365.00,0,0,0.00,0.00,0.00,1365.00,0.00
38417665293111458,20090301,1365.00,1365.00,0,0,0.00,0.00,0.00,1365.00,0.00
38417665293111458,20090302,1365.00,1365.00,0,0,0.00,0.00,0.00,1365.00,0.00
38417665293111458,20090303,1365.00,1365.00,0,0,0.00,0.00,0.00,1365.00,0.00
38417665293111458,20090304,1365.00,1365.00,0,0,0.00,0.00,0.00,1365.00,0.00
38417665293111458,20090307,1365.00,1365.00,0,0,0.00,0.00,0.00,1365.00,0.00
38417665293111458,20090308,1365.00,1365.00,0,0,0.00,0.00,0.00,1365.00,0.00
38417665293111458,20090309,1365.00,1365.00,0,0,0.00,0.00,0.00,1365.00,0.00
38417665293111458,20090310,1365.00,1365.00,0,0,0.00,0.00,0.00,1365.00,0.00
38417665293111458,20090311,1365.00,1365.00,0,0,0.00,0.00,0.00,1365.00,0.00
38417665293111458,20090314,1365.00,1365.00,0,0,0.00,0.00,0.00,1365.00,0.00
38417665293111458,20090316,1365.00,1365.00,1,6000,8190000.00,1365.00,1365.00,1365.00,1365.00
38417665293111458,20090317,1365.00,1365.00,0,0,0.00,0.00,0.00,1365.00,0.00
38417665293111458,20090318,1365.00,1365.00,0,0,0.00,0.00,0.00,1365.00,0.00
38417665293111458,20090325,1365.00,1365.00,0,0,0.00,0.00,0.00,1365.00,0.00
38417665293111458,20090328,1365.00,1365.00,0,0,0.00,0.00,0.00,1365.00,0.00
38417665293111458,20090329,1365.00,1365.00,0,0,0.00,0.00,0.00,1365.00,0.00
38417665293111458,20090330,1365.00,1365.00,0,0,0.00,0.00,0.00,1365.00,0.00
38417665293111458,20090331,1365.00,1365.00,0,0,0.00,0.00,0.00,1365.00,0.00
38417665293111458,20090404,1365.00,1365.00,0,0,0.00,0.00,0.00,1365.00,0.00
38417665293111458,20090405,1365.00,1365.00,0,0,0.00,0.00,0.00,1365.00,0.00
38417665293111458,20090406,1365.00,1365.00,0,0,0.00,0.00,0.00,1365.00,0.00
38417665293111458,20090407,1365.00,1365.00,0,0,0.00,0.00,0.00,1365.00,0.00
38417665293111458,20090408,1365.00,1365.00,0,0,0.00,0.00,0.00,1365.00,0.00
38417665293111458,20090411,1365.00,1365.00,0,0,0.00,0.00,0.00,1365.00,0.00
38417665293111458,20090412,1365.00,1365.00,0,0,0.00,0.00,0.00,1365.00,0.00
38417665293111458,20090413,1365.00,1365.00,0,0,0.00,0.00,0.00,1365.00,0.00
38417665293111458,20090414,1365.00,1365.00,0,0,0.00,0.00,0.00,1365.00,0.00
38417665293111458,20090415,1365.00,1365.00,0,0,0.00,0.00,0.00,1365.00,0.00
38417665293111458,20090418,1365.00,1365.00,0,0,0.00,0.00,0.00,1365.00,0.00
38417665293111458,20090419,1365.00,1365.00,0,0,0.00,0.00,0.00,1365.00,0.00
38417665293111458,20090420,1365.00,1365.00,0,0,0.00,0.00,0.00,1365.00,0.00
38417665293111458,20090421,1365.00,1365.00,0,0,0.00,0.00,0.00,1365.00,0.00
38417665293111458,20090422,1365.00,1365.00,0,0,0.00,0.00,0.00,1365.00,0.00
38417665293111458,20090425,1365.00,1365.00,0,0,0.00,0.00,0.00,1365.00,0.00
38417665293111458,20090426,1365.00,1365.00,0,0,0.00,0.00,0.00,1365.00,0.00
38417665293111458,20090427,1365.00,1365.00,0,0,0.00,0.00,0.00,1365.00,0.00
38417665293111458,20090428,1365.00,1365.00,0,0,0.00,0.00,0.00,1365.00,0.00
38417665293111458,20090429,1365.00,1365.00,0,0,0.00,0.00,0.00,1365.00,0.00
38417665293111458,20090502,1365.00,1365.00,0,0,0.00,0.00,0.00,1365.00,0.00
38417665293111458,20090503,1365.00,1365.00,0,0,0.00,0.00,0.00,1365.00,0.00
38417665293111458,20090504,1365.00,1365.00,0,0,0.00,0.00,0.00,1365.00,0.00
38417665293111458,20090505,1365.00,1365.00,0,0,0.00,0.00,0.00,1365.00,0.00
38417665293111458,20090506,1365.00,1365.00,0,0,0.00,0.00,0.00,1365.00,0.00
38417665293111458,20090509,1365.00,1365.00,0,0,0.00,0.00,0.00,1365.00,0.00
38417665293111458,20090510,1365.00,1365.00,0,0,0.00,0.00,0.00,1365.00,0.00
38417665293111458,20090511,1365.00,1365.00,0,0,0.00,0.00,0.00,1365.00,0.00
38417665293111458,20090512,1365.00,1365.00,0,0,0.00,0.00,0.00,1365.00,0.00
38417665293111458,20090513,1365.00,1365.00,0,0,0.00,0.00,0.00,1365.00,0.00
38417665293111458,20090516,1365.00,1365.00,0,0,0.00,0.00,0.00,1365.00,0.00
38417665293111458,20090517,1365.00,1365.00,0,0,0.00,0.00,0.00,1365.00,0.00
38417665293111458,20090518,1365.00,1365.00,0,0,0.00,0.00,0.00,1365.00,0.00
38417665293111458,20090519,1365.00,1365.00,0,0,0.00,0.00,0.00,1365.00,0.00
38417665293111458,20090520,1365.00,1365.00,0,0,0.00,0.00,0.00,1365.00,0.00
38417665293111458,20090523,1365.00,1365.00,0,0,0.00,0.00,0.00,1365.00,0.00
38417665293111458,20090524,1365.00,1365.00,0,0,0.00,0.00,0.00,1365.00,0.00
38417665293111458,20090525,1365.00,1365.00,0,0,0.00,0.00,0.00,1365.00,0.00
38417665293111458,20090526,1365.00,1365.00,0,0,0.00,0.00,0.00,1365.00,0.00
38417665293111458,20090527,1365.00,1365.00,0,0,0.00,0.00,0.00,1365.00,0.00
38417665293111458,20090530,1365.00,1365.00,0,0,0.00,0.00,0.00,1365.00,0.00
38417665293111458,20090531,1365.00,1365.00,0,0,0.00,0.00,0.00,1365.00,0.00
38417665293111458,20090601,1365.00,1365.00,0,0,0.00,0.00,0.00,1365.00,0.00
38417665293111458,20090602,1365.00,1365.00,0,0,0.00,0.00,0.00,1365.00,0.00
38417665293111458,20090603,1365.00,1365.00,0,0,0.00,0.00,0.00,1365.00,0.00
38417665293111458,20090606,1365.00,1365.00,0,0,0.00,0.00,0.00,1365.00,0.00
38417665293111458,20090607,1365.00,1365.00,0,0,0.00,0.00,0.00,1365.00,0.00
38417665293111458,20090608,1300.00,1365.00,0,0,0.00,0.00,0.00,1300.00,0.00
38417665293111458,20090609,1300.00,1365.00,0,0,0.00,0.00,0.00,1300.00,0.00
38417665293111458,20090610,1300.00,1365.00,0,0,0.00,0.00,0.00,1300.00,0.00
38417665293111458,20090613,1300.00,1365.00,0,0,0.00,0.00,0.00,1300.00,0.00
38417665293111458,20090614,1300.00,1365.00,0,0,0.00,0.00,0.00,1300.00,0.00
38417665293111458,20090615,1300.00,1365.00,0,0,0.00,0.00,0.00,1300.00,0.00
38417665293111458,20090616,1300.00,1365.00,0,0,0.00,0.00,0.00,1300.00,0.00
38417665293111458,20090617,1300.00,1365.00,0,0,0.00,0.00,0.00,1300.00,0.00
38417665293111458,20090620,1300.00,1365.00,0,0,0.00,0.00,0.00,1300.00,0.00
38417665293111458,20090621,1300.00,1365.00,0,0,0.00,0.00,0.00,1300.00,0.00
38417665293111458,20090622,1300.00,1365.00,0,0,0.00,0.00,0.00,1300.00,0.00
38417665293111458,20090623,1300.00,1365.00,0,0,0.00,0.00,0.00,1300.00,0.00
38417665293111458,20090624,1300.00,1365.00,0,0,0.00,0.00,0.00,1300.00,0.00
38417665293111458,20090627,1300.00,1365.00,0,0,0.00,0.00,0.00,1300.00,0.00
38417665293111458,20090628,1300.00,1365.00,0,0,0.00,0.00,0.00,1300.00,0.00
38417665293111458,20090629,1300.00,1365.00,0,0,0.00,0.00,0.00,1300.00,0.00
38417665293111458,20090630,1300.00,1300.00,0,0,0.00,0.00,0.00,1300.00,1300.00
38417665293111458,20090701,1300.00,1300.00,0,0,0.00,0.00,0.00,1300.00,0.00
38417665293111458,20090704,1300.00,1300.00,0,0,0.00,0.00,0.00,1300.00,0.00
38417665293111458,20090705,1300.00,1300.00,0,0,0.00,0.00,0.00,1300.00,0.00
38417665293111458,20090707,1300.00,1300.00,0,0,0.00,0.00,0.00,1300.00,2100.00
38417665293111458,20090711,1300.00,1300.00,0,0,0.00,0.00,0.00,1300.00,2200.00
38417665293111458,20090712,1300.00,1300.00,0,0,0.00,0.00,0.00,1300.00,0.00
38417665293111458,20090713,1300.00,1300.00,0,0,0.00,0.00,0.00,1300.00,0.00
38417665293111458,20090714,1300.00,1300.00,0,0,0.00,0.00,0.00,1300.00,0.00
38417665293111458,20090715,1300.00,1300.00,0,0,0.00,0.00,0.00,1300.00,0.00
38417665293111458,20090718,1300.00,1300.00,0,0,0.00,0.00,0.00,1300.00,0.00
38417665293111458,20090719,1300.00,1300.00,0,0,0.00,0.00,0.00,1300.00,0.00
38417665293111458,20090721,1128.00,1300.00,0,0,0.00,0.00,0.00,1128.00,0.00
38417665293111458,20090722,1128.00,1300.00,0,0,0.00,0.00,0.00,1128.00,0.00
38417665293111458,20090725,1128.00,1300.00,0,0,0.00,0.00,0.00,1128.00,0.00
38417665293111458,20090726,1128.00,1300.00,0,0,0.00,0.00,0.00,1128.00,0.00
38417665293111458,20090727,1128.00,1300.00,0,0,0.00,0.00,0.00,1128.00,0.00
38417665293111458,20090728,1128.00,1300.00,0,0,0.00,0.00,0.00,1128.00,0.00
38417665293111458,20090729,1128.00,1300.00,0,0,0.00,0.00,0.00,1128.00,0.00
38417665293111458,20090801,1128.00,1300.00,0,0,0.00,0.00,0.00,1128.00,0.00
38417665293111458,20090802,1128.00,1300.00,0,0,0.00,0.00,0.00,1128.00,0.00
38417665293111458,20090803,1128.00,1300.00,0,0,0.00,0.00,0.00,1128.00,0.00
38417665293111458,20090804,1128.00,1300.00,0,0,0.00,0.00,0.00,1128.00,0.00
38417665293111458,20090805,1128.00,1300.00,0,0,0.00,0.00,0.00,1128.00,0.00
38417665293111458,20090808,1128.00,1300.00,0,0,0.00,0.00,0.00,1128.00,0.00
38417665293111458,20090809,1128.00,1300.00,0,0,0.00,0.00,0.00,1128.00,0.00
38417665293111458,20090810,1128.00,1128.00,0,0,0.00,0.00,0.00,1128.00,1750.00
38417665293111458,20090811,1128.00,1128.00,0,0,0.00,0.00,0.00,1128.00,0.00
38417665293111458,20090812,1128.00,1128.00,0,0,0.00,0.00,0.00,1128.00,1700.00
38417665293111458,20090815,1128.00,1128.00,0,0,0.00,0.00,0.00,1128.00,1750.00
38417665293111458,20090816,1128.00,1128.00,0,0,0.00,0.00,0.00,1128.00,1698.00
38417665293111458,20090817,1359.00,1310.00,3,3997,5431706.00,1300.00,1498.00,1128.00,1300.00
38417665293111458,20090818,1369.00,1399.00,3,2000,2798000.00,1399.00,1399.00,1359.00,1399.00
38417665293111458,20090819,1369.00,1399.00,0,0,0.00,0.00,0.00,1369.00,0.00
38417665293111458,20090822,1369.00,1399.00,0,0,0.00,0.00,0.00,1369.00,0.00
38417665293111458,20090823,1369.00,1399.00,0,0,0.00,0.00,0.00,1369.00,0.00
38417665293111458,20090824,1369.00,1399.00,0,0,0.00,0.00,0.00,1369.00,0.00
38417665293111458,20090825,1369.00,1399.00,0,0,0.00,0.00,0.00,1369.00,0.00
38417665293111458,20090826,1369.00,1399.00,0,0,0.00,0.00,0.00,1369.00,0.00
38417665293111458,20090829,1369.00,1399.00,0,0,0.00,0.00,0.00,1369.00,0.00
38417665293111458,20090830,1369.00,1399.00,0,0,0.00,0.00,0.00,1369.00,0.00
38417665293111458,20090831,1369.00,1399.00,0,0,0.00,0.00,0.00,1369.00,0.00
38417665293111458,20090901,1369.00,1399.00,0,0,0.00,0.00,0.00,1369.00,0.00
38417665293111458,20090902,1369.00,1399.00,0,0,0.00,0.00,0.00,1369.00,0.00
38417665293111458,20090905,1369.00,1399.00,0,0,0.00,0.00,0.00,1369.00,0.00
38417665293111458,20090906,1369.00,1399.00,0,0,0.00,0.00,0.00,1369.00,0.00
38417665293111458,20090907,1369.00,1399.00,0,0,0.00,0.00,0.00,1369.00,0.00
38417665293111458,20090908,1369.00,1399.00,0,0,0.00,0.00,0.00,1369.00,0.00
38417665293111458,20090909,1369.00,1399.00,0,0,0.00,0.00,0.00,1369.00,0.00
38417665293111458,20090912,1369.00,1399.00,0,0,0.00,0.00,0.00,1369.00,0.00
38417665293111458,20090913,1369.00,1399.00,0,0,0.00,0.00,0.00,1369.00,0.00
38417665293111458,20090914,1369.00,1399.00,0,0,0.00,0.00,0.00,1369.00,0.00
38417665293111458,20090915,1369.00,1399.00,0,0,0.00,0.00,0.00,1369.00,0.00
38417665293111458,20090916,1369.00,1399.00,0,0,0.00,0.00,0.00,1369.00,0.00
38417665293111458,20090919,1369.00,1399.00,0,0,0.00,0.00,0.00,1369.00,0.00
38417665293111458,20090920,1369.00,1399.00,0,0,0.00,0.00,0.00,1369.00,0.00
38417665293111458,20090921,1369.00,1399.00,0,0,0.00,0.00,0.00,1369.00,0.00
38417665293111458,20090922,1369.00,1399.00,0,0,0.00,0.00,0.00,1369.00,0.00
38417665293111458,20090923,1369.00,1399.00,0,0,0.00,0.00,0.00,1369.00,0.00
38417665293111458,20090926,1369.00,1399.00,0,0,0.00,0.00,0.00,1369.00,0.00
38417665293111458,20090927,1369.00,1399.00,0,0,0.00,0.00,0.00,1369.00,0.00
38417665293111458,20090928,1369.00,1399.00,0,0,0.00,0.00,0.00,1369.00,0.00
38417665293111458,20090929,1410.00,1410.00,2,10000,14100000.00,1410.00,1410.00,1369.00,1410.00
38417665293111458,20090930,1440.00,1452.00,3,5997,8707644.00,1452.00,1452.00,1410.00,1452.00
38417665293111458,20091003,1471.00,1483.00,2,6000,8898000.00,1483.00,1483.00,1440.00,1483.00
38417665293111458,20091004,1497.00,1515.00,1,5000,7575000.00,1515.00,1515.00,1471.00,1515.00
38417665293111458,20091005,1497.00,1515.00,0,0,0.00,0.00,0.00,1497.00,0.00
38417665293111458,20091006,1497.00,1515.00,0,0,0.00,0.00,0.00,1497.00,0.00
38417665293111458,20091007,1497.00,1515.00,0,0,0.00,0.00,0.00,1497.00,0.00
38417665293111458,20091010,1497.00,1515.00,0,0,0.00,0.00,0.00,1497.00,0.00
38417665293111458,20091011,1497.00,1515.00,0,0,0.00,0.00,0.00,1497.00,0.00
38417665293111458,20091012,1497.00,1515.00,0,0,0.00,0.00,0.00,1497.00,0.00
38417665293111458,20091013,1516.00,1541.00,1,3650,5624650.00,1541.00,1541.00,1497.00,1541.00
38417665293111458,20091017,1516.00,1541.00,0,0,0.00,0.00,0.00,1516.00,0.00
38417665293111458,20091018,1516.00,1541.00,0,0,0.00,0.00,0.00,1516.00,0.00
38417665293111458,20091019,1516.00,1541.00,0,0,0.00,0.00,0.00,1516.00,0.00
38417665293111458,20091020,1543.00,1561.00,1,5000,7805000.00,1561.00,1561.00,1516.00,1561.00
38417665293111458,20091021,1543.00,1561.00,0,0,0.00,0.00,0.00,1543.00,0.00
38417665293111458,20091024,1580.00,1589.00,3,6759,10740051.00,1589.00,1589.00,1543.00,1589.00
38417665293111458,20091025,1617.00,1627.00,1,6659,10834193.00,1627.00,1627.00,1580.00,1627.00
38417665293111458,20091026,1646.00,1665.00,1,5000,8325000.00,1665.00,1665.00,1617.00,1665.00
38417665293111458,20091027,1693.00,1695.00,1,8000,13560000.00,1695.00,1695.00,1646.00,1695.00
38417665293111458,20091028,1741.00,1743.00,1,8000,13944000.00,1743.00,1743.00,1693.00,1743.00
38417665293111458,20091031,1791.00,1793.00,2,8000,14344000.00,1793.00,1793.00,1741.00,1793.00
38417665293111458,20091101,1823.00,1844.00,2,5000,9220000.00,1844.00,1844.00,1791.00,1844.00
38417665293111458,20091102,1817.00,1793.00,1,1747,3132371.00,1793.00,1793.00,1823.00,1793.00
38417665293111458,20091103,1811.00,1793.00,1,2253,4039629.00,1793.00,1793.00,1817.00,1793.00
38417665293111458,20091104,1811.00,1793.00,0,0,0.00,0.00,0.00,1811.00,0.00
38417665293111458,20091107,1811.00,1793.00,0,0,0.00,0.00,0.00,1811.00,0.00
38417665293111458,20091108,1811.00,1793.00,0,0,0.00,0.00,0.00,1811.00,0.00
38417665293111458,20091109,1811.00,1793.00,0,0,0.00,0.00,0.00,1811.00,0.00
38417665293111458,20091110,1811.00,1793.00,0,0,0.00,0.00,0.00,1811.00,0.00
38417665293111458,20091111,1811.00,1793.00,0,0,0.00,0.00,0.00,1811.00,0.00
38417665293111458,20091114,1811.00,1793.00,0,0,0.00,0.00,0.00,1811.00,0.00
38417665293111458,20091115,1811.00,1793.00,0,0,0.00,0.00,0.00,1811.00,0.00
38417665293111458,20091116,1811.00,1793.00,0,0,0.00,0.00,0.00,1811.00,0.00
38417665293111458,20091117,1811.00,1793.00,0,0,0.00,0.00,0.00,1811.00,0.00
38417665293111458,20091118,1811.00,1793.00,0,0,0.00,0.00,0.00,1811.00,0.00
38417665293111458,20091121,1811.00,1793.00,0,0,0.00,0.00,0.00,1811.00,0.00
38417665293111458,20091122,1811.00,1793.00,0,0,0.00,0.00,0.00,1811.00,0.00
38417665293111458,20091123,1811.00,1793.00,0,0,0.00,0.00,0.00,1811.00,0.00
38417665293111458,20091124,1811.00,1793.00,0,0,0.00,0.00,0.00,1811.00,0.00
38417665293111458,20091125,1811.00,1793.00,0,0,0.00,0.00,0.00,1811.00,0.00
38417665293111458,20091129,1811.00,1793.00,0,0,0.00,0.00,0.00,1811.00,0.00
38417665293111458,20091130,1811.00,1793.00,0,0,0.00,0.00,0.00,1811.00,0.00
38417665293111458,20091201,1811.00,1793.00,0,0,0.00,0.00,0.00,1811.00,0.00
38417665293111458,20091202,1811.00,1793.00,0,0,0.00,0.00,0.00,1811.00,0.00
38417665293111458,20091205,1811.00,1793.00,0,0,0.00,0.00,0.00,1811.00,0.00
38417665293111458,20091207,1811.00,1793.00,0,0,0.00,0.00,0.00,1811.00,0.00
38417665293111458,20091208,1811.00,1793.00,0,0,0.00,0.00,0.00,1811.00,0.00
38417665293111458,20091209,1811.00,1793.00,0,0,0.00,0.00,0.00,1811.00,0.00
38417665293111458,20091212,1811.00,1793.00,0,0,0.00,0.00,0.00,1811.00,0.00
38417665293111458,20091213,1811.00,1793.00,0,0,0.00,0.00,0.00,1811.00,0.00
38417665293111458,20091214,1811.00,1793.00,0,0,0.00,0.00,0.00,1811.00,0.00
38417665293111458,20091215,1811.00,1793.00,0,0,0.00,0.00,0.00,1811.00,0.00
38417665293111458,20091216,1811.00,1793.00,0,0,0.00,0.00,0.00,1811.00,0.00
38417665293111458,20091219,1811.00,1793.00,0,0,0.00,0.00,0.00,1811.00,0.00
38417665293111458,20091220,1811.00,1793.00,0,0,0.00,0.00,0.00,1811.00,0.00
38417665293111458,20091221,1811.00,1793.00,0,0,0.00,0.00,0.00,1811.00,0.00
38417665293111458,20091222,1811.00,1793.00,0,0,0.00,0.00,0.00,1811.00,0.00
38417665293111458,20091223,1811.00,1793.00,0,0,0.00,0.00,0.00,1811.00,0.00
38417665293111458,20091228,1811.00,1793.00,0,0,0.00,0.00,0.00,1811.00,0.00
38417665293111458,20091229,1811.00,1793.00,0,0,0.00,0.00,0.00,1811.00,0.00
38417665293111458,20091230,1811.00,1793.00,0,0,0.00,0.00,0.00,1811.00,0.00
38417665293111458,20100102,1811.00,1793.00,0,0,0.00,0.00,0.00,1811.00,0.00
38417665293111458,20100103,1811.00,1793.00,0,0,0.00,0.00,0.00,1811.00,0.00
38417665293111458,20100104,1811.00,1793.00,0,0,0.00,0.00,0.00,1811.00,0.00
38417665293111458,20100105,1811.00,1793.00,0,0,0.00,0.00,0.00,1811.00,0.00
38417665293111458,20100106,1811.00,1793.00,0,0,0.00,0.00,0.00,1811.00,0.00
38417665293111458,20100109,1811.00,1793.00,0,0,0.00,0.00,0.00,1811.00,0.00
38417665293111458,20100110,1811.00,1793.00,0,0,0.00,0.00,0.00,1811.00,0.00
38417665293111458,20100111,1811.00,1793.00,0,0,0.00,0.00,0.00,1811.00,0.00
38417665293111458,20100112,1811.00,1793.00,0,0,0.00,0.00,0.00,1811.00,0.00
38417665293111458,20100113,1811.00,1793.00,0,0,0.00,0.00,0.00,1811.00,0.00
38417665293111458,20100116,1811.00,1793.00,0,0,0.00,0.00,0.00,1811.00,0.00
38417665293111458,20100117,1811.00,1793.00,0,0,0.00,0.00,0.00,1811.00,0.00
38417665293111458,20100118,1811.00,1793.00,0,0,0.00,0.00,0.00,1811.00,0.00
38417665293111458,20100119,1811.00,1793.00,0,0,0.00,0.00,0.00,1811.00,0.00
38417665293111458,20100120,1811.00,1793.00,0,0,0.00,0.00,0.00,1811.00,0.00
38417665293111458,20100123,1811.00,1793.00,0,0,0.00,0.00,0.00,1811.00,0.00
38417665293111458,20100124,1811.00,1793.00,0,0,0.00,0.00,0.00,1811.00,0.00
38417665293111458,20100125,1811.00,1793.00,0,0,0.00,0.00,0.00,1811.00,0.00
38417665293111458,20100126,1811.00,1793.00,0,0,0.00,0.00,0.00,1811.00,0.00
38417665293111458,20100127,1811.00,1811.00,0,0,0.00,0.00,0.00,1811.00,739.00
38417665293111458,20100130,1811.00,1811.00,0,0,0.00,0.00,0.00,1811.00,0.00
38417665293111458,20100131,1811.00,1811.00,0,0,0.00,0.00,0.00,1811.00,1745.00
38417665293111458,20100201,1811.00,1811.00,0,0,0.00,0.00,0.00,1811.00,0.00
38417665293111458,20100202,1811.00,1811.00,0,0,0.00,0.00,0.00,1811.00,0.00
38417665293111458,20100203,1811.00,1811.00,0,0,0.00,0.00,0.00,1811.00,0.00
38417665293111458,20100206,1811.00,1811.00,0,0,0.00,0.00,0.00,1811.00,0.00
38417665293111458,20100207,1811.00,1811.00,0,0,0.00,0.00,0.00,1811.00,0.00
38417665293111458,20100208,1811.00,1811.00,0,0,0.00,0.00,0.00,1811.00,0.00
38417665293111458,20100209,1811.00,1811.00,0,0,0.00,0.00,0.00,1811.00,0.00
38417665293111458,20100210,1811.00,1811.00,0,0,0.00,0.00,0.00,1811.00,766.00
38417665293111458,20100214,1730.00,1729.00,2,2476,4282480.00,1729.00,1730.00,1811.00,1730.00
38417665293111458,20100216,1730.00,1729.00,0,0,0.00,0.00,0.00,1730.00,0.00
38417665293111458,20100217,1730.00,1729.00,0,0,0.00,0.00,0.00,1730.00,0.00
38417665293111458,20100220,1730.00,1729.00,0,0,0.00,0.00,0.00,1730.00,0.00
38417665293111458,20100221,1730.00,1729.00,0,0,0.00,0.00,0.00,1730.00,0.00
38417665293111458,20100222,1730.00,1729.00,0,0,0.00,0.00,0.00,1730.00,0.00
38417665293111458,20100223,1730.00,1729.00,0,0,0.00,0.00,0.00,1730.00,0.00
38417665293111458,20100224,1730.00,1729.00,0,0,0.00,0.00,0.00,1730.00,0.00
38417665293111458,20100227,1730.00,1729.00,0,0,0.00,0.00,0.00,1730.00,0.00
38417665293111458,20100228,1730.00,1729.00,0,0,0.00,0.00,0.00,1730.00,0.00
38417665293111458,20100301,1730.00,1729.00,0,0,0.00,0.00,0.00,1730.00,0.00
38417665293111458,20100302,1730.00,1729.00,0,0,0.00,0.00,0.00,1730.00,0.00
38417665293111458,20100303,1730.00,1729.00,0,0,0.00,0.00,0.00,1730.00,0.00
38417665293111458,20100306,1730.00,1729.00,0,0,0.00,0.00,0.00,1730.00,0.00
38417665293111458,20100307,1730.00,1729.00,0,0,0.00,0.00,0.00,1730.00,0.00
38417665293111458,20100308,1730.00,1729.00,0,0,0.00,0.00,0.00,1730.00,0.00
38417665293111458,20100309,1730.00,1729.00,0,0,0.00,0.00,0.00,1730.00,0.00
38417665293111458,20100310,1730.00,1729.00,0,0,0.00,0.00,0.00,1730.00,0.00
38417665293111458,20100313,1730.00,1729.00,0,0,0.00,0.00,0.00,1730.00,0.00
38417665293111458,20100314,1730.00,1729.00,0,0,0.00,0.00,0.00,1730.00,0.00
38417665293111458,20100315,1730.00,1729.00,0,0,0.00,0.00,0.00,1730.00,0.00
38417665293111458,20100316,1730.00,1729.00,0,0,0.00,0.00,0.00,1730.00,0.00
38417665293111458,20100317,1730.00,1729.00,0,0,0.00,0.00,0.00,1730.00,0.00
38417665293111458,20100327,1730.00,1729.00,0,0,0.00,0.00,0.00,1730.00,0.00
38417665293111458,20100328,1730.00,1729.00,0,0,0.00,0.00,0.00,1730.00,0.00
38417665293111458,20100329,1730.00,1729.00,0,0,0.00,0.00,0.00,1730.00,0.00
38417665293111458,20100330,1730.00,1729.00,0,0,0.00,0.00,0.00,1730.00,0.00
38417665293111458,20100331,1730.00,1729.00,0,0,0.00,0.00,0.00,1730.00,0.00
38417665293111458,20100403,1730.00,1729.00,0,0,0.00,0.00,0.00,1730.00,0.00
38417665293111458,20100404,1730.00,1729.00,0,0,0.00,0.00,0.00,1730.00,0.00
38417665293111458,20100405,1730.00,1729.00,0,0,0.00,0.00,0.00,1730.00,0.00
38417665293111458,20100406,1475.00,1450.00,15,60000,88506887.00,1400.00,1670.00,1730.00,1580.00
38417665293111458,20100407,1526.00,1526.00,8,31100,47457500.00,1525.00,1526.00,1475.00,1525.00
38417665293111458,20100410,1539.00,1579.00,1,2000,3158000.00,1579.00,1579.00,1526.00,1579.00
38417665293111458,20100411,1564.00,1592.00,1,4000,6368000.00,1592.00,1592.00,1539.00,1592.00
38417665293111458,20100412,1614.00,1592.00,7,19964,32220502.00,1592.00,1618.00,1564.00,1618.00
38417665293111458,20100413,1627.00,1670.00,2,1885,3147950.00,1670.00,1670.00,1614.00,1670.00
38417665293111458,20100414,1627.00,1670.00,0,0,0.00,0.00,0.00,1627.00,0.00
38417665293111458,20100417,1627.00,1670.00,0,0,0.00,0.00,0.00,1627.00,0.00
38417665293111458,20100418,1627.00,1670.00,0,0,0.00,0.00,0.00,1627.00,0.00
38417665293111458,20100419,1627.00,1670.00,0,0,0.00,0.00,0.00,1627.00,0.00
38417665293111458,20100420,1627.00,1670.00,0,0,0.00,0.00,0.00,1627.00,0.00
38417665293111458,20100421,1627.00,1670.00,0,0,0.00,0.00,0.00,1627.00,0.00
38417665293111458,20100424,1627.00,1670.00,0,0,0.00,0.00,0.00,1627.00,0.00
38417665293111458,20100425,1627.00,1670.00,0,0,0.00,0.00,0.00,1627.00,0.00
38417665293111458,20100426,1627.00,1670.00,0,0,0.00,0.00,0.00,1627.00,0.00
38417665293111458,20100427,1627.00,1670.00,0,0,0.00,0.00,0.00,1627.00,0.00
38417665293111458,20100428,1627.00,1670.00,0,0,0.00,0.00,0.00,1627.00,0.00
38417665293111458,20100501,1627.00,1670.00,0,0,0.00,0.00,0.00,1627.00,0.00
38417665293111458,20100502,1627.00,1670.00,0,0,0.00,0.00,0.00,1627.00,0.00
38417665293111458,20100503,1627.00,1670.00,0,0,0.00,0.00,0.00,1627.00,0.00
38417665293111458,20100504,1627.00,1670.00,0,0,0.00,0.00,0.00,1627.00,0.00
38417665293111458,20100505,1627.00,1670.00,0,0,0.00,0.00,0.00,1627.00,0.00
38417665293111458,20100508,1627.00,1670.00,0,0,0.00,0.00,0.00,1627.00,0.00
38417665293111458,20100509,1594.00,1571.00,1,5000,7855000.00,1571.00,1571.00,1627.00,1571.00
38417665293111458,20100510,1594.00,1571.00,0,0,0.00,0.00,0.00,1594.00,0.00
38417665293111458,20100511,1587.00,1539.00,1,1000,1539000.00,1539.00,1539.00,1594.00,1539.00
38417665293111458,20100512,1532.00,1532.00,1,10000,15320000.00,1532.00,1532.00,1587.00,1532.00
38417665293111458,20100515,1532.00,1532.00,0,0,0.00,0.00,0.00,1532.00,0.00
38417665293111458,20100516,1532.00,1532.00,0,0,0.00,0.00,0.00,1532.00,0.00
38417665293111458,20100518,1526.00,1479.00,1,1000,1479000.00,1479.00,1479.00,1532.00,1479.00
38417665293111458,20100519,1526.00,1479.00,0,0,0.00,0.00,0.00,1526.00,0.00
38417665293111458,20100522,1526.00,1479.00,0,0,0.00,0.00,0.00,1526.00,0.00
38417665293111458,20100523,1526.00,1479.00,0,0,0.00,0.00,0.00,1526.00,0.00
38417665293111458,20100524,1526.00,1479.00,0,0,0.00,0.00,0.00,1526.00,0.00
38417665293111458,20100525,1526.00,1479.00,0,0,0.00,0.00,0.00,1526.00,0.00
38417665293111458,20100526,1526.00,1479.00,0,0,0.00,0.00,0.00,1526.00,0.00
38417665293111458,20100529,1526.00,1479.00,0,0,0.00,0.00,0.00,1526.00,0.00
38417665293111458,20100530,1526.00,1479.00,0,0,0.00,0.00,0.00,1526.00,0.00
38417665293111458,20100531,1526.00,1479.00,0,0,0.00,0.00,0.00,1526.00,0.00
38417665293111458,20100601,1526.00,1479.00,0,0,0.00,0.00,0.00,1526.00,0.00
38417665293111458,20100602,1526.00,1479.00,0,0,0.00,0.00,0.00,1526.00,0.00
38417665293111458,20100606,1529.00,1571.00,1,500,785500.00,1571.00,1571.00,1526.00,1571.00
38417665293111458,20100607,1529.00,1571.00,0,0,0.00,0.00,0.00,1529.00,0.00
38417665293111458,20100608,1529.00,1571.00,0,0,0.00,0.00,0.00,1529.00,0.00
38417665293111458,20100609,1529.00,1571.00,0,0,0.00,0.00,0.00,1529.00,0.00
38417665293111458,20100612,1529.00,1571.00,0,0,0.00,0.00,0.00,1529.00,0.00
38417665293111458,20100613,1529.00,1571.00,0,0,0.00,0.00,0.00,1529.00,0.00
38417665293111458,20100614,1529.00,1571.00,0,0,0.00,0.00,0.00,1529.00,0.00
38417665293111458,20100615,1529.00,1571.00,0,0,0.00,0.00,0.00,1529.00,0.00
38417665293111458,20100616,1529.00,1571.00,0,0,0.00,0.00,0.00,1529.00,0.00
38417665293111458,20100619,1529.00,1571.00,0,0,0.00,0.00,0.00,1529.00,0.00
38417665293111458,20100620,1529.00,1571.00,0,0,0.00,0.00,0.00,1529.00,0.00
38417665293111458,20100621,1529.00,1571.00,0,0,0.00,0.00,0.00,1529.00,0.00
38417665293111458,20100622,1529.00,1571.00,0,0,0.00,0.00,0.00,1529.00,0.00
38417665293111458,20100623,1529.00,1571.00,0,0,0.00,0.00,0.00,1529.00,0.00
38417665293111458,20100627,1529.00,1571.00,0,0,0.00,0.00,0.00,1529.00,0.00
38417665293111458,20100628,1529.00,1571.00,0,0,0.00,0.00,0.00,1529.00,0.00
38417665293111458,20100629,1529.00,1571.00,0,0,0.00,0.00,0.00,1529.00,0.00
38417665293111458,20100630,1529.00,1571.00,0,0,0.00,0.00,0.00,1529.00,0.00
38417665293111458,20100703,1529.00,1571.00,0,0,0.00,0.00,0.00,1529.00,0.00
38417665293111458,20100704,1529.00,1571.00,0,0,0.00,0.00,0.00,1529.00,0.00
38417665293111458,20100705,1529.00,1571.00,0,0,0.00,0.00,0.00,1529.00,0.00
38417665293111458,20100706,1529.00,1468.00,1,10,14680.00,1468.00,1468.00,1529.00,1468.00
38417665293111458,20100707,1529.00,1468.00,0,0,0.00,0.00,0.00,1529.00,0.00
38417665293111458,20100711,1529.00,1468.00,0,0,0.00,0.00,0.00,1529.00,0.00
38417665293111458,20100712,1529.00,1468.00,0,0,0.00,0.00,0.00,1529.00,0.00
38417665293111458,20100713,1529.00,1468.00,0,0,0.00,0.00,0.00,1529.00,0.00
38417665293111458,20100714,1529.00,1468.00,0,0,0.00,0.00,0.00,1529.00,0.00
38417665293111458,20100717,1529.00,1468.00,0,0,0.00,0.00,0.00,1529.00,0.00
38417665293111458,20100718,1529.00,1468.00,0,0,0.00,0.00,0.00,1529.00,0.00
38417665293111458,20100719,1529.00,1468.00,0,0,0.00,0.00,0.00,1529.00,0.00
38417665293111458,20100720,1529.00,1468.00,0,0,0.00,0.00,0.00,1529.00,0.00
38417665293111458,20100721,1529.00,1468.00,0,0,0.00,0.00,0.00,1529.00,0.00
38417665293111458,20100724,1529.00,1468.00,0,0,0.00,0.00,0.00,1529.00,0.00
38417665293111458,20100725,1379.00,1379.00,0,0,0.00,0.00,0.00,1379.00,1700.00
38417665293111458,20100726,1379.00,1379.00,0,0,0.00,0.00,0.00,1379.00,0.00
38417665293111458,20100728,1379.00,1379.00,0,0,0.00,0.00,0.00,1379.00,0.00
38417665293111458,20100731,1379.00,1379.00,0,0,0.00,0.00,0.00,1379.00,0.00
38417665293111458,20100801,1379.00,1379.00,0,0,0.00,0.00,0.00,1379.00,0.00
38417665293111458,20100802,1379.00,1379.00,0,0,0.00,0.00,0.00,1379.00,0.00
38417665293111458,20100803,1379.00,1379.00,0,0,0.00,0.00,0.00,1379.00,0.00
38417665293111458,20100804,1379.00,1379.00,0,0,0.00,0.00,0.00,1379.00,0.00
38417665293111458,20100807,1379.00,1379.00,0,0,0.00,0.00,0.00,1379.00,0.00
38417665293111458,20100808,1379.00,1379.00,0,0,0.00,0.00,0.00,1379.00,0.00
38417665293111458,20100809,1324.00,1324.00,12,38431,50882644.00,1324.00,1324.00,1379.00,1324.00
38417665293111458,20100810,1345.00,1376.00,3,8133,11180769.00,1370.00,1376.00,1324.00,1370.00
38417665293111458,20100811,1345.00,1376.00,0,0,0.00,0.00,0.00,1345.00,0.00
38417665293111458,20100814,1345.00,1376.00,0,0,0.00,0.00,0.00,1345.00,0.00
38417665293111458,20100815,1345.00,1376.00,0,0,0.00,0.00,0.00,1345.00,0.00
38417665293111458,20100816,1345.00,1376.00,0,0,0.00,0.00,0.00,1345.00,0.00
38417665293111458,20100817,1345.00,1376.00,0,0,0.00,0.00,0.00,1345.00,0.00
38417665293111458,20100818,1352.00,1390.00,1,3125,4343750.00,1390.00,1390.00,1345.00,1390.00
38417665293111458,20100821,1352.00,1390.00,0,0,0.00,0.00,0.00,1352.00,0.00
38417665293111458,20100822,1352.00,1390.00,0,0,0.00,0.00,0.00,1352.00,0.00
38417665293111458,20100823,1352.00,1390.00,0,0,0.00,0.00,0.00,1352.00,0.00
38417665293111458,20100824,1352.00,1352.00,1,907,1226264.00,1352.00,1352.00,1352.00,1352.00
38417665293111458,20100825,1352.00,1352.00,0,0,0.00,0.00,0.00,1352.00,0.00
38417665293111458,20100828,1352.00,1352.00,0,0,0.00,0.00,0.00,1352.00,0.00
38417665293111458,20100829,1352.00,1352.00,0,0,0.00,0.00,0.00,1352.00,0.00
38417665293111458,20100830,1352.00,1352.00,0,0,0.00,0.00,0.00,1352.00,0.00
38417665293111458,20100831,1352.00,1352.00,0,0,0.00,0.00,0.00,1352.00,0.00
38417665293111458,20100904,1352.00,1352.00,0,0,0.00,0.00,0.00,1352.00,0.00
38417665293111458,20100905,1352.00,1352.00,0,0,0.00,0.00,0.00,1352.00,0.00
38417665293111458,20100906,1352.00,1352.00,0,0,0.00,0.00,0.00,1352.00,0.00
38417665293111458,20100907,1352.00,1352.00,0,0,0.00,0.00,0.00,1352.00,0.00
38417665293111458,20100908,1352.00,1352.00,0,0,0.00,0.00,0.00,1352.00,0.00
38417665293111458,20100912,1352.00,1352.00,0,0,0.00,0.00,0.00,1352.00,0.00
38417665293111458,20100913,1352.00,1352.00,0,0,0.00,0.00,0.00,1352.00,0.00
38417665293111458,20100914,1352.00,1352.00,0,0,0.00,0.00,0.00,1352.00,0.00
38417665293111458,20100915,1352.00,1352.00,0,0,0.00,0.00,0.00,1352.00,0.00
38417665293111458,20100918,1352.00,1352.00,0,0,0.00,0.00,0.00,1352.00,0.00
38417665293111458,20100919,1352.00,1352.00,0,0,0.00,0.00,0.00,1352.00,0.00
38417665293111458,20100920,1352.00,1352.00,0,0,0.00,0.00,0.00,1352.00,0.00
38417665293111458,20100921,1352.00,1352.00,0,0,0.00,0.00,0.00,1352.00,0.00
38417665293111458,20100922,1352.00,1352.00,0,0,0.00,0.00,0.00,1352.00,0.00
38417665293111458,20100925,1352.00,1352.00,0,0,0.00,0.00,0.00,1352.00,0.00
38417665293111458,20100926,1352.00,1352.00,0,0,0.00,0.00,0.00,1352.00,0.00
38417665293111458,20100927,1352.00,1352.00,0,0,0.00,0.00,0.00,1352.00,0.00
38417665293111458,20100928,1352.00,1352.00,0,0,0.00,0.00,0.00,1352.00,0.00
38417665293111458,20100929,1352.00,1352.00,0,0,0.00,0.00,0.00,1352.00,0.00
38417665293111458,20101002,1352.00,1352.00,0,0,0.00,0.00,0.00,1352.00,0.00
38417665293111458,20101003,1352.00,1352.00,0,0,0.00,0.00,0.00,1352.00,0.00
38417665293111458,20101005,1352.00,1352.00,0,0,0.00,0.00,0.00,1352.00,0.00
38417665293111458,20101006,1352.00,1352.00,0,0,0.00,0.00,0.00,1352.00,0.00
38417665293111458,20101009,1352.00,1352.00,0,0,0.00,0.00,0.00,1352.00,0.00
38417665293111458,20101010,1352.00,1352.00,0,0,0.00,0.00,0.00,1352.00,0.00
38417665293111458,20101011,1352.00,1352.00,0,0,0.00,0.00,0.00,1352.00,0.00
38417665293111458,20101012,1352.00,1352.00,0,0,0.00,0.00,0.00,1352.00,0.00
38417665293111458,20101013,1352.00,1352.00,0,0,0.00,0.00,0.00,1352.00,0.00
38417665293111458,20101016,1352.00,1352.00,0,0,0.00,0.00,0.00,1352.00,0.00
38417665293111458,20101017,1333.00,1298.00,2,6734,8740732.00,1298.00,1298.00,1352.00,1298.00
38417665293111458,20101018,1335.00,1386.00,2,2383,3224836.00,1300.00,1386.00,1333.00,1300.00
38417665293111458,20101019,1350.00,1388.00,2,5551,7704788.00,1388.00,1388.00,1335.00,1388.00
38417665293111458,20101020,1357.00,1404.00,2,2500,3506000.00,1400.00,1404.00,1350.00,1400.00
38417665293111458,20101023,1377.00,1410.00,3,7409,10446690.00,1410.00,1410.00,1357.00,1410.00
38417665293111458,20101024,1377.00,1410.00,0,0,0.00,0.00,0.00,1377.00,0.00
38417665293111458,20101025,1377.00,1410.00,0,0,0.00,0.00,0.00,1377.00,0.00
38417665293111458,20101026,1390.00,1432.00,1,4600,6587200.00,1432.00,1432.00,1377.00,1432.00
38417665293111458,20101027,1390.00,1432.00,0,0,0.00,0.00,0.00,1390.00,0.00
38417665293111458,20101030,1390.00,1432.00,0,0,0.00,0.00,0.00,1390.00,0.00
38417665293111458,20101031,1390.00,1432.00,0,0,0.00,0.00,0.00,1390.00,0.00
38417665293111458,20101101,1390.00,1432.00,0,0,0.00,0.00,0.00,1390.00,0.00
38417665293111458,20101102,1390.00,1432.00,0,0,0.00,0.00,0.00,1390.00,0.00
38417665293111458,20101103,1388.00,1335.00,1,705,941175.00,1335.00,1335.00,1390.00,1335.00
38417665293111458,20101106,1388.00,1335.00,0,0,0.00,0.00,0.00,1388.00,0.00
38417665293111458,20101107,1391.00,1392.00,2,16000,22272000.00,1392.00,1392.00,1388.00,1392.00
38417665293111458,20101108,1391.00,1392.00,0,0,0.00,0.00,0.00,1391.00,0.00
38417665293111458,20101109,1391.00,1392.00,0,0,0.00,0.00,0.00,1391.00,0.00
38417665293111458,20101110,1391.00,1392.00,0,0,0.00,0.00,0.00,1391.00,0.00
38417665293111458,20101113,1391.00,1392.00,0,0,0.00,0.00,0.00,1391.00,0.00
38417665293111458,20101114,1391.00,1392.00,0,0,0.00,0.00,0.00,1391.00,0.00
38417665293111458,20101115,1391.00,1392.00,0,0,0.00,0.00,0.00,1391.00,0.00
38417665293111458,20101116,1391.00,1391.00,2,10000,13910000.00,1391.00,1391.00,1391.00,1391.00
38417665293111458,20101120,1391.00,1391.00,7,33500,46598500.00,1391.00,1391.00,1391.00,1391.00
38417665293111458,20101121,1391.00,1391.00,1,10000,13910000.00,1391.00,1391.00,1391.00,1391.00
38417665293111458,20101122,1391.00,1391.00,0,0,0.00,0.00,0.00,1391.00,0.00
38417665293111458,20101123,1391.00,1391.00,0,0,0.00,0.00,0.00,1391.00,0.00
38417665293111458,20101124,1391.00,1391.00,0,0,0.00,0.00,0.00,1391.00,0.00
38417665293111458,20101127,1391.00,1391.00,0,0,0.00,0.00,0.00,1391.00,0.00
38417665293111458,20101128,1391.00,1391.00,0,0,0.00,0.00,0.00,1391.00,0.00
38417665293111458,20101129,1391.00,1391.00,0,0,0.00,0.00,0.00,1391.00,0.00
38417665293111458,20101130,1391.00,1391.00,0,0,0.00,0.00,0.00,1391.00,0.00
38417665293111458,20101201,1391.00,1391.00,0,0,0.00,0.00,0.00,1391.00,0.00
38417665293111458,20101204,1391.00,1391.00,0,0,0.00,0.00,0.00,1391.00,0.00
38417665293111458,20101205,1391.00,1391.00,0,0,0.00,0.00,0.00,1391.00,0.00
38417665293111458,20101206,1391.00,1391.00,0,0,0.00,0.00,0.00,1391.00,0.00
38417665293111458,20101207,1391.00,1391.00,0,0,0.00,0.00,0.00,1391.00,0.00
38417665293111458,20101208,1391.00,1391.00,0,0,0.00,0.00,0.00,1391.00,0.00
38417665293111458,20101211,1391.00,1391.00,0,0,0.00,0.00,0.00,1391.00,0.00
38417665293111458,20101212,1391.00,1391.00,0,0,0.00,0.00,0.00,1391.00,0.00
38417665293111458,20101213,1391.00,1391.00,0,0,0.00,0.00,0.00,1391.00,0.00
38417665293111458,20101214,1391.00,1391.00,0,0,0.00,0.00,0.00,1391.00,0.00
38417665293111458,20101218,1391.00,1391.00,0,0,0.00,0.00,0.00,1391.00,0.00
38417665293111458,20101219,1391.00,1391.00,0,0,0.00,0.00,0.00,1391.00,0.00
38417665293111458,20101220,1391.00,1391.00,0,0,0.00,0.00,0.00,1391.00,0.00
38417665293111458,20101221,1391.00,1391.00,0,0,0.00,0.00,0.00,1391.00,0.00
38417665293111458,20101222,1391.00,1391.00,0,0,0.00,0.00,0.00,1391.00,0.00
38417665293111458,20101225,1391.00,1391.00,0,0,0.00,0.00,0.00,1391.00,0.00
38417665293111458,20101226,1391.00,1391.00,0,0,0.00,0.00,0.00,1391.00,0.00
38417665293111458,20101227,1391.00,1391.00,0,0,0.00,0.00,0.00,1391.00,0.00
38417665293111458,20101228,1391.00,1391.00,0,0,0.00,0.00,0.00,1391.00,0.00
38417665293111458,20101229,1391.00,1391.00,0,0,0.00,0.00,0.00,1391.00,0.00
38417665293111458,20110101,1391.00,1391.00,0,0,0.00,0.00,0.00,1391.00,0.00
38417665293111458,20110102,1391.00,1391.00,0,0,0.00,0.00,0.00,1391.00,0.00
38417665293111458,20110103,1391.00,1391.00,0,0,0.00,0.00,0.00,1391.00,0.00
38417665293111458,20110104,1391.00,1391.00,0,0,0.00,0.00,0.00,1391.00,0.00
38417665293111458,20110105,1391.00,1391.00,0,0,0.00,0.00,0.00,1391.00,0.00
38417665293111458,20110108,1391.00,1391.00,0,0,0.00,0.00,0.00,1391.00,0.00
38417665293111458,20110109,1391.00,1391.00,0,0,0.00,0.00,0.00,1391.00,0.00
38417665293111458,20110110,1391.00,1391.00,0,0,0.00,0.00,0.00,1391.00,0.00
38417665293111458,20110111,1391.00,1391.00,0,0,0.00,0.00,0.00,1391.00,0.00
38417665293111458,20110112,1391.00,1391.00,0,0,0.00,0.00,0.00,1391.00,0.00
38417665293111458,20110115,1391.00,1391.00,0,0,0.00,0.00,0.00,1391.00,0.00
38417665293111458,20110116,1391.00,1391.00,0,0,0.00,0.00,0.00,1391.00,0.00
38417665293111458,20110117,1391.00,1391.00,0,0,0.00,0.00,0.00,1391.00,0.00
38417665293111458,20110118,1391.00,1391.00,0,0,0.00,0.00,0.00,1391.00,0.00
38417665293111458,20110119,1391.00,1391.00,0,0,0.00,0.00,0.00,1391.00,0.00
38417665293111458,20110122,1391.00,1391.00,0,0,0.00,0.00,0.00,1391.00,0.00
38417665293111458,20110123,1391.00,1391.00,0,0,0.00,0.00,0.00,1391.00,0.00
38417665293111458,20110124,1367.00,1336.00,3,8556,11430816.00,1336.00,1336.00,1391.00,1336.00
38417665293111458,20110126,1367.00,1336.00,0,0,0.00,0.00,0.00,1367.00,0.00
38417665293111458,20110129,1367.00,1336.00,0,0,0.00,0.00,0.00,1367.00,0.00
38417665293111458,20110130,1367.00,1336.00,0,0,0.00,0.00,0.00,1367.00,0.00
38417665293111458,20110131,1367.00,1336.00,0,0,0.00,0.00,0.00,1367.00,0.00
38417665293111458,20110201,1367.00,1336.00,0,0,0.00,0.00,0.00,1367.00,0.00
38417665293111458,20110205,1367.00,1336.00,0,0,0.00,0.00,0.00,1367.00,0.00
38417665293111458,20110206,1367.00,1336.00,0,0,0.00,0.00,0.00,1367.00,0.00
38417665293111458,20110207,1367.00,1336.00,0,0,0.00,0.00,0.00,1367.00,0.00
38417665293111458,20110208,1367.00,1336.00,0,0,0.00,0.00,0.00,1367.00,0.00
38417665293111458,20110209,1367.00,1336.00,0,0,0.00,0.00,0.00,1367.00,0.00
38417665293111458,20110212,1367.00,1336.00,0,0,0.00,0.00,0.00,1367.00,0.00
38417665293111458,20110213,1367.00,1336.00,0,0,0.00,0.00,0.00,1367.00,0.00
38417665293111458,20110214,1367.00,1336.00,0,0,0.00,0.00,0.00,1367.00,0.00
38417665293111458,20110215,1367.00,1336.00,0,0,0.00,0.00,0.00,1367.00,0.00
38417665293111458,20110216,1367.00,1336.00,0,0,0.00,0.00,0.00,1367.00,0.00
38417665293111458,20110219,1367.00,1336.00,0,0,0.00,0.00,0.00,1367.00,0.00
38417665293111458,20110220,1367.00,1336.00,0,0,0.00,0.00,0.00,1367.00,0.00
38417665293111458,20110222,1367.00,1336.00,0,0,0.00,0.00,0.00,1367.00,0.00
38417665293111458,20110223,1367.00,1336.00,0,0,0.00,0.00,0.00,1367.00,0.00
38417665293111458,20110226,1367.00,1336.00,0,0,0.00,0.00,0.00,1367.00,0.00
38417665293111458,20110227,1367.00,1336.00,0,0,0.00,0.00,0.00,1367.00,0.00
38417665293111458,20110228,1367.00,1336.00,0,0,0.00,0.00,0.00,1367.00,0.00
38417665293111458,20110301,1367.00,1336.00,0,0,0.00,0.00,0.00,1367.00,0.00
38417665293111458,20110302,1370.00,1370.00,1,20000,27400000.00,1370.00,1370.00,1367.00,1370.00
38417665293111458,20110305,1370.00,1370.00,0,0,0.00,0.00,0.00,1370.00,0.00
38417665293111458,20110306,1370.00,1370.00,0,0,0.00,0.00,0.00,1370.00,0.00
38417665293111458,20110307,1370.00,1370.00,0,0,0.00,0.00,0.00,1370.00,0.00
38417665293111458,20110308,1370.00,1370.00,0,0,0.00,0.00,0.00,1370.00,0.00
38417665293111458,20110309,1370.00,1370.00,0,0,0.00,0.00,0.00,1370.00,0.00
38417665293111458,20110312,1370.00,1370.00,0,0,0.00,0.00,0.00,1370.00,0.00
38417665293111458,20110313,1370.00,1370.00,0,0,0.00,0.00,0.00,1370.00,0.00
38417665293111458,20110314,1370.00,1370.00,0,0,0.00,0.00,0.00,1370.00,0.00
38417665293111458,20110315,1370.00,1370.00,0,0,0.00,0.00,0.00,1370.00,0.00
38417665293111458,20110316,1370.00,1370.00,0,0,0.00,0.00,0.00,1370.00,0.00
38417665293111458,20110319,1370.00,1370.00,0,0,0.00,0.00,0.00,1370.00,0.00
38417665293111458,20110326,1370.00,1370.00,0,0,0.00,0.00,0.00,1370.00,0.00
38417665293111458,20110327,1370.00,1370.00,0,0,0.00,0.00,0.00,1370.00,0.00
38417665293111458,20110328,1370.00,1370.00,0,0,0.00,0.00,0.00,1370.00,0.00
38417665293111458,20110329,1370.00,1370.00,0,0,0.00,0.00,0.00,1370.00,0.00
38417665293111458,20110330,1370.00,1370.00,0,0,0.00,0.00,0.00,1370.00,0.00
38417665293111458,20110403,1370.00,1370.00,0,0,0.00,0.00,0.00,1370.00,0.00
38417665293111458,20110404,1370.00,1370.00,0,0,0.00,0.00,0.00,1370.00,0.00
38417665293111458,20110405,1370.00,1370.00,0,0,0.00,0.00,0.00,1370.00,0.00
38417665293111458,20110406,1370.00,1370.00,0,0,0.00,0.00,0.00,1370.00,0.00
38417665293111458,20110409,1370.00,1370.00,2,3954,5416585.00,1369.00,1370.00,1370.00,1369.00
38417665293111458,20110410,1385.00,1400.00,1,10000,14000000.00,1400.00,1400.00,1370.00,1400.00
38417665293111458,20110411,1388.00,1400.00,2,4000,5600000.00,1400.00,1400.00,1385.00,1400.00
38417665293111458,20110412,1388.00,1400.00,0,0,0.00,0.00,0.00,1388.00,0.00
38417665293111458,20110413,1388.00,1400.00,0,0,0.00,0.00,0.00,1388.00,0.00
38417665293111458,20110416,1388.00,1400.00,1,355,497000.00,1400.00,1400.00,1388.00,1400.00
38417665293111458,20110417,1388.00,1400.00,0,0,0.00,0.00,0.00,1388.00,0.00
38417665293111458,20110418,1389.00,1400.00,1,2132,2984800.00,1400.00,1400.00,1388.00,1400.00
38417665293111458,20110419,1389.00,1400.00,0,0,0.00,0.00,0.00,1389.00,0.00
38417665293111458,20110420,1389.00,1400.00,0,0,0.00,0.00,0.00,1389.00,0.00
38417665293111458,20110423,1389.00,1400.00,0,0,0.00,0.00,0.00,1389.00,0.00
38417665293111458,20110424,1395.00,1400.00,1,10000,14000000.00,1400.00,1400.00,1389.00,1400.00
38417665293111458,20110425,1395.00,1400.00,0,0,0.00,0.00,0.00,1395.00,0.00
38417665293111458,20110426,1395.00,1400.00,0,0,0.00,0.00,0.00,1395.00,0.00
38417665293111458,20110427,1395.00,1400.00,0,0,0.00,0.00,0.00,1395.00,0.00
38417665293111458,20110430,1395.00,1400.00,0,0,0.00,0.00,0.00,1395.00,0.00
38417665293111458,20110501,1395.00,1400.00,0,0,0.00,0.00,0.00,1395.00,0.00
38417665293111458,20110502,1395.00,1400.00,0,0,0.00,0.00,0.00,1395.00,0.00
38417665293111458,20110503,1395.00,1400.00,0,0,0.00,0.00,0.00,1395.00,0.00
38417665293111458,20110504,1395.00,1400.00,0,0,0.00,0.00,0.00,1395.00,0.00
38417665293111458,20110508,1395.00,1400.00,0,0,0.00,0.00,0.00,1395.00,0.00
38417665293111458,20110509,1395.00,1400.00,0,0,0.00,0.00,0.00,1395.00,0.00
38417665293111458,20110510,1395.00,1400.00,0,0,0.00,0.00,0.00,1395.00,0.00
38417665293111458,20110511,1395.00,1400.00,0,0,0.00,0.00,0.00,1395.00,0.00
38417665293111458,20110514,1395.00,1400.00,0,0,0.00,0.00,0.00,1395.00,0.00
38417665293111458,20110515,1395.00,1400.00,0,0,0.00,0.00,0.00,1395.00,0.00
38417665293111458,20110516,1395.00,1400.00,0,0,0.00,0.00,0.00,1395.00,0.00
38417665293111458,20110517,1395.00,1400.00,0,0,0.00,0.00,0.00,1395.00,0.00
38417665293111458,20110518,1395.00,1400.00,0,0,0.00,0.00,0.00,1395.00,0.00
38417665293111458,20110521,1395.00,1400.00,0,0,0.00,0.00,0.00,1395.00,0.00
38417665293111458,20110522,1395.00,1400.00,0,0,0.00,0.00,0.00,1395.00,0.00
38417665293111458,20110523,1395.00,1400.00,0,0,0.00,0.00,0.00,1395.00,0.00
38417665293111458,20110524,1395.00,1400.00,0,0,0.00,0.00,0.00,1395.00,0.00
38417665293111458,20110525,1395.00,1400.00,0,0,0.00,0.00,0.00,1395.00,0.00
38417665293111458,20110528,1395.00,1450.00,2,9,13050.00,1450.00,1450.00,1395.00,1450.00
38417665293111458,20110529,1395.00,1450.00,0,0,0.00,0.00,0.00,1395.00,0.00
38417665293111458,20110530,1395.00,1450.00,0,0,0.00,0.00,0.00,1395.00,0.00
38417665293111458,20110531,1395.00,1450.00,0,0,0.00,0.00,0.00,1395.00,0.00
38417665293111458,20110601,1395.00,1450.00,0,0,0.00,0.00,0.00,1395.00,0.00
38417665293111458,20110606,1395.00,1450.00,0,0,0.00,0.00,0.00,1395.00,0.00
38417665293111458,20110607,1395.00,1450.00,0,0,0.00,0.00,0.00,1395.00,0.00
38417665293111458,20110608,1395.00,1450.00,0,0,0.00,0.00,0.00,1395.00,0.00
38417665293111458,20110611,1395.00,1450.00,0,0,0.00,0.00,0.00,1395.00,0.00
38417665293111458,20110612,1395.00,1450.00,0,0,0.00,0.00,0.00,1395.00,0.00
38417665293111458,20110613,1395.00,1450.00,0,0,0.00,0.00,0.00,1395.00,0.00
38417665293111458,20110614,1395.00,1450.00,0,0,0.00,0.00,0.00,1395.00,0.00
38417665293111458,20110615,1395.00,1450.00,0,0,0.00,0.00,0.00,1395.00,0.00
38417665293111458,20110618,1395.00,1450.00,0,0,0.00,0.00,0.00,1395.00,0.00
38417665293111458,20110619,1395.00,1450.00,0,0,0.00,0.00,0.00,1395.00,0.00
38417665293111458,20110620,1395.00,1450.00,0,0,0.00,0.00,0.00,1395.00,0.00
38417665293111458,20110621,1395.00,1450.00,0,0,0.00,0.00,0.00,1395.00,0.00
38417665293111458,20110622,1395.00,1450.00,0,0,0.00,0.00,0.00,1395.00,0.00
38417665293111458,20110625,1395.00,1450.00,0,0,0.00,0.00,0.00,1395.00,0.00
38417665293111458,20110626,1395.00,1450.00,0,0,0.00,0.00,0.00,1395.00,0.00
38417665293111458,20110627,1395.00,1450.00,0,0,0.00,0.00,0.00,1395.00,0.00
38417665293111458,20110628,1395.00,1450.00,0,0,0.00,0.00,0.00,1395.00,0.00
38417665293111458,20110629,1395.00,1450.00,0,0,0.00,0.00,0.00,1395.00,0.00
38417665293111458,20110702,1395.00,1450.00,0,0,0.00,0.00,0.00,1395.00,0.00
38417665293111458,20110703,1395.00,1450.00,0,0,0.00,0.00,0.00,1395.00,0.00
38417665293111458,20110704,1398.00,1450.00,4,1650,2351000.00,1340.00,1450.00,1395.00,1340.00
38417665293111458,20110705,1398.00,1450.00,0,0,0.00,0.00,0.00,1398.00,0.00
38417665293111458,20110706,1373.00,1343.00,1,8991,12074913.00,1343.00,1343.00,1398.00,1343.00
38417665293111458,20110709,1373.00,1343.00,0,0,0.00,0.00,0.00,1373.00,0.00
38417665293111458,20110710,1373.00,1343.00,0,0,0.00,0.00,0.00,1373.00,0.00
38417665293111458,20110711,1373.00,1343.00,0,0,0.00,0.00,0.00,1373.00,0.00
38417665293111458,20110712,1373.00,1343.00,0,0,0.00,0.00,0.00,1373.00,0.00
38417665293111458,20110713,1373.00,1343.00,0,0,0.00,0.00,0.00,1373.00,0.00
38417665293111458,20110716,1373.00,1343.00,0,0,0.00,0.00,0.00,1373.00,0.00
38417665293111458,20110718,1373.00,1343.00,0,0,0.00,0.00,0.00,1373.00,0.00
38417665293111458,20110719,1373.00,1343.00,0,0,0.00,0.00,0.00,1373.00,0.00
38417665293111458,20110720,1203.00,1343.00,0,0,0.00,0.00,0.00,1203.00,0.00
38417665293111458,20110723,1203.00,1343.00,0,0,0.00,0.00,0.00,1203.00,0.00
38417665293111458,20110724,1203.00,1343.00,0,0,0.00,0.00,0.00,1203.00,0.00
38417665293111458,20110725,1203.00,1343.00,0,0,0.00,0.00,0.00,1203.00,0.00
38417665293111458,20110726,1203.00,1343.00,0,0,0.00,0.00,0.00,1203.00,0.00
38417665293111458,20110727,1203.00,1343.00,0,0,0.00,0.00,0.00,1203.00,0.00
38417665293111458,20110730,1203.00,1343.00,0,0,0.00,0.00,0.00,1203.00,0.00
38417665293111458,20110731,1203.00,1343.00,0,0,0.00,0.00,0.00,1203.00,0.00
38417665293111458,20110801,1203.00,1343.00,0,0,0.00,0.00,0.00,1203.00,0.00
38417665293111458,20110802,1203.00,1343.00,0,0,0.00,0.00,0.00,1203.00,0.00
38417665293111458,20110803,1203.00,1343.00,0,0,0.00,0.00,0.00,1203.00,0.00
38417665293111458,20110806,4547.00,4680.00,11,55790,253652160.00,4500.00,4680.00,1203.00,4500.00
38417665293111458,20110807,4559.00,4728.00,2,1268,5995104.00,4728.00,4728.00,4547.00,4728.00
38417665293111458,20110808,4617.00,4741.00,4,6296,29849336.00,4741.00,4741.00,4559.00,4741.00
38417665293111458,20110809,4668.00,4801.00,3,5452,26175052.00,4801.00,4801.00,4617.00,4801.00
38417665293111458,20110810,4685.00,4854.00,2,1840,8931360.00,4854.00,4854.00,4668.00,4854.00
38417665293111458,20110813,4780.00,4872.00,3,10000,48720000.00,4872.00,4872.00,4685.00,4872.00
38417665293111458,20110814,4899.00,4971.00,6,12250,60894750.00,4971.00,4971.00,4780.00,4971.00
38417665293111458,20110815,4958.00,5094.00,3,5900,30054600.00,5094.00,5094.00,4899.00,5094.00
38417665293111458,20110816,5011.00,5156.00,2,5200,26811200.00,5156.00,5156.00,4958.00,5156.00
38417665293111458,20110817,5086.00,5211.00,5,7310,38092410.00,5211.00,5211.00,5011.00,5211.00
38417665293111458,20110820,5278.00,5280.00,9,24588,129777024.00,5215.00,5285.00,5086.00,5285.00
38417665293111458,20110821,5373.00,5489.00,12,8823,48429447.00,5489.00,5489.00,5278.00,5489.00
38417665293111458,20110823,5513.00,5587.00,9,12823,71642101.00,5587.00,5587.00,5373.00,5587.00
38417665293111458,20110824,5733.00,5733.00,13,20932,120003156.00,5733.00,5733.00,5513.00,5733.00
38417665293111458,20110827,5757.00,5962.00,3,2076,12377112.00,5962.00,5962.00,5733.00,5962.00
38417665293111458,20110828,5769.00,5987.00,1,1000,5987000.00,5987.00,5987.00,5757.00,5987.00
38417665293111458,20110829,5919.00,5999.00,6,12807,76829193.00,5999.00,5999.00,5769.00,5999.00
38417665293111458,20110830,6039.00,6155.00,2,10000,61550000.00,6155.00,6155.00,5919.00,6155.00
38417665293111458,20110831,6039.00,6155.00,0,0,0.00,0.00,0.00,6039.00,0.00
38417665293111458,20110903,6280.00,6280.00,29,45141,283485480.00,6280.00,6280.00,6039.00,6280.00
38417665293111458,20110904,6391.00,6531.00,3,8695,56787045.00,6531.00,6531.00,6280.00,6531.00
38417665293111458,20110905,6443.00,6646.00,3,4020,26716920.00,6646.00,6646.00,6391.00,6646.00
38417665293111458,20110906,6475.00,6700.00,3,2442,16361400.00,6700.00,6700.00,6443.00,6700.00
38417665293111458,20110907,6518.00,6734.00,2,3257,21932638.00,6734.00,6734.00,6475.00,6734.00
38417665293111458,20110910,6577.00,6778.00,3,4470,30297660.00,6778.00,6778.00,6518.00,6778.00
38417665293111458,20110911,6671.00,6840.00,1,7000,47880000.00,6840.00,6840.00,6577.00,6840.00
38417665293111458,20110912,6682.00,6937.00,1,816,5660592.00,6937.00,6937.00,6671.00,6937.00
38417665293111458,20110913,6716.00,6949.00,3,2500,17372500.00,6949.00,6949.00,6682.00,6949.00
38417665293111458,20110914,6725.00,6984.00,1,636,4441824.00,6984.00,6984.00,6716.00,6984.00
38417665293111458,20110917,6725.00,6984.00,0,0,0.00,0.00,0.00,6725.00,0.00
38417665293111458,20110918,6728.00,6994.00,1,198,1384812.00,6994.00,6994.00,6725.00,6994.00
38417665293111458,20110919,6911.00,6997.00,12,13311,93137067.00,6997.00,6997.00,6728.00,6997.00
38417665293111458,20110920,6950.00,7187.00,4,2780,19979860.00,7187.00,7187.00,6911.00,7187.00
38417665293111458,20110921,6951.00,7228.00,2,101,730028.00,7228.00,7228.00,6950.00,7228.00
38417665293111458,20110925,6978.00,7229.00,6,1895,13698955.00,7229.00,7229.00,6951.00,7229.00
38417665293111458,20110926,6992.00,7257.00,1,1000,7257000.00,7257.00,7257.00,6978.00,7257.00
38417665293111458,20110927,7056.00,7271.00,2,4525,32901275.00,7271.00,7271.00,6992.00,7271.00
38417665293111458,20110928,7112.00,7338.00,2,3904,28647552.00,7338.00,7338.00,7056.00,7338.00
38417665293111458,20111001,7167.00,7396.00,4,3800,28104800.00,7396.00,7396.00,7112.00,7396.00
38417665293111458,20111002,7247.00,7453.00,3,5500,40991500.00,7453.00,7453.00,7167.00,7453.00
38417665293111458,20111003,7254.00,7536.00,2,500,3768000.00,7536.00,7536.00,7247.00,7536.00
38417665293111458,20111004,7336.00,7544.00,3,5550,41869200.00,7544.00,7544.00,7254.00,7544.00
38417665293111458,20111005,7343.00,7629.00,2,500,3814500.00,7629.00,7629.00,7336.00,7629.00
38417665293111458,20111008,7362.00,7636.00,5,1297,9903892.00,7636.00,7636.00,7343.00,7636.00
38417665293111458,20111009,7382.00,7656.00,1,1332,10197792.00,7656.00,7656.00,7362.00,7656.00
38417665293111458,20111010,7505.00,7677.00,2,8174,62751798.00,7677.00,7677.00,7382.00,7677.00
38417665293111458,20111011,7505.00,7677.00,0,0,0.00,0.00,0.00,7505.00,0.00
38417665293111458,20111012,7505.00,7677.00,0,0,0.00,0.00,0.00,7505.00,0.00
38417665293111458,20111015,7637.00,7805.00,5,8653,67536665.00,7805.00,7805.00,7505.00,7805.00
38417665293111458,20111016,7941.00,7941.00,22,20753,164807439.00,7940.00,7942.00,7637.00,7941.00
38417665293111458,20111017,8258.00,8258.00,13,29032,239746256.00,8258.00,8258.00,7941.00,8258.00
38417665293111458,20111018,8439.00,8588.00,5,10742,92252296.00,8588.00,8588.00,8258.00,8588.00
38417665293111458,20111019,8525.00,8776.00,2,5000,43880000.00,8776.00,8776.00,8439.00,8776.00
38417665293111458,20111022,8525.00,8776.00,0,0,0.00,0.00,0.00,8525.00,0.00
38417665293111458,20111023,8598.00,8866.00,2,4223,37441118.00,8866.00,8866.00,8525.00,8866.00
38417665293111458,20111024,8598.00,8941.00,1,1,8941.00,8941.00,8941.00,8598.00,8941.00
38417665293111458,20111025,8621.00,8941.00,1,1317,11775297.00,8941.00,8941.00,8598.00,8941.00
38417665293111458,20111026,8636.00,8965.00,1,874,7835410.00,8965.00,8965.00,8621.00,8965.00
38417665293111458,20111029,8696.00,8981.00,3,3419,30706039.00,8981.00,8981.00,8636.00,8981.00
38417665293111458,20111030,8698.00,9043.00,2,101,913343.00,9043.00,9043.00,8696.00,9043.00
38417665293111458,20111031,9045.00,9045.00,19,43407,392616315.00,9045.00,9045.00,8698.00,9045.00
38417665293111458,20111101,9371.00,9406.00,33,18343,172302696.00,9001.00,9406.00,9045.00,9406.00
38417665293111458,20111102,9522.00,9700.00,16,8080,78668020.00,9700.00,9745.00,9371.00,9745.00
38417665293111458,20111105,9803.00,9300.00,21,24775,242870773.00,9300.00,9902.00,9522.00,9870.00
38417665293111458,20111106,9738.00,9450.00,4,3700,34987700.00,9411.00,9589.00,9803.00,9411.00
38417665293111458,20111108,9713.00,9349.00,2,1244,11630156.00,9349.00,9349.00,9738.00,9349.00
38417665293111458,20111109,9422.00,9325.00,11,14699,137068175.00,9325.00,9325.00,9713.00,9325.00
38417665293111458,20111112,9374.00,9046.00,4,2500,22615000.00,9046.00,9046.00,9422.00,9046.00
38417665293111458,20111113,9374.00,9046.00,0,0,0.00,0.00,0.00,9374.00,0.00
38417665293111458,20111114,9355.00,9000.00,1,1000,9000000.00,9000.00,9000.00,9374.00,9000.00
38417665293111458,20111116,9325.00,8981.00,2,1579,14180999.00,8981.00,8981.00,9355.00,8981.00
38417665293111458,20111119,9325.00,8981.00,0,0,0.00,0.00,0.00,9325.00,0.00
38417665293111458,20111120,9323.00,8952.00,1,85,760920.00,8952.00,8952.00,9325.00,8952.00
38417665293111458,20111121,9323.00,8952.00,0,0,0.00,0.00,0.00,9323.00,0.00
38417665293111458,20111122,9323.00,8952.00,0,0,0.00,0.00,0.00,9323.00,0.00
38417665293111458,20111123,9323.00,8952.00,0,0,0.00,0.00,0.00,9323.00,0.00
38417665293111458,20111126,9323.00,8952.00,0,0,0.00,0.00,0.00,9323.00,0.00
38417665293111458,20111127,9323.00,8952.00,0,0,0.00,0.00,0.00,9323.00,0.00
38417665293111458,20111128,9323.00,8952.00,0,0,0.00,0.00,0.00,9323.00,0.00
38417665293111458,20111129,9323.00,8952.00,0,0,0.00,0.00,0.00,9323.00,0.00
38417665293111458,20111130,9323.00,8952.00,0,0,0.00,0.00,0.00,9323.00,0.00
38417665293111458,20111203,9323.00,8952.00,0,0,0.00,0.00,0.00,9323.00,0.00
38417665293111458,20111204,9323.00,8952.00,0,0,0.00,0.00,0.00,9323.00,0.00
38417665293111458,20111207,8275.00,8270.00,17,23633,195571128.00,8235.00,8578.00,9323.00,8578.00
38417665293111458,20111210,7995.00,7944.00,32,17726,141191770.00,7944.00,8269.00,8275.00,7944.00
38417665293111458,20111211,7962.00,7676.00,2,2000,15352000.00,7676.00,7676.00,7995.00,7676.00
38417665293111458,20111212,7812.00,7644.00,10,9216,70447104.00,7644.00,7644.00,7962.00,7644.00
38417665293111458,20111213,7810.00,7500.00,1,117,877500.00,7500.00,7500.00,7812.00,7500.00
38417665293111458,20111214,7762.00,7498.00,1,3000,22494000.00,7498.00,7498.00,7810.00,7498.00
38417665293111458,20111217,7602.00,7452.00,3,10110,75339720.00,7452.00,7452.00,7762.00,7452.00
38417665293111458,20111218,7389.00,7906.00,24,84425,623806058.00,7298.00,7906.00,7602.00,7298.00
38417665293111458,20111219,7451.00,7684.00,4,4090,31427560.00,7684.00,7684.00,7389.00,7684.00
38417665293111458,20111220,7451.00,7684.00,0,0,0.00,0.00,0.00,7451.00,0.00
38417665293111458,20111221,7739.00,7749.00,4,18916,146580084.00,7749.00,7749.00,7451.00,7749.00
38417665293111458,20111224,7956.00,8048.00,16,22544,179366210.00,7937.00,8048.00,7739.00,7990.00
38417665293111458,20111225,7865.00,7638.00,8,7090,54633340.00,7638.00,8010.00,7956.00,8010.00
38417665293111458,20111226,7809.00,7551.00,5,3500,26428500.00,7551.00,7551.00,7865.00,7551.00
38417665293111458,20111227,7793.00,7497.00,1,1000,7497000.00,7497.00,7497.00,7809.00,7497.00
38417665293111458,20111228,7773.00,7800.00,6,8331,64522129.00,7482.00,8100.00,7793.00,7482.00
38417665293111458,20111231,7575.00,7480.00,18,13481,100906126.00,7472.00,7800.00,7773.00,7500.00
38417665293111458,20120101,7299.00,7272.00,9,40500,295606600.00,7272.00,7493.00,7575.00,7493.00
38417665293111458,20120102,7009.00,7008.00,11,31982,224153856.00,7008.00,7010.00,7299.00,7010.00
38417665293111458,20120103,7189.00,7289.00,8,12620,91987180.00,7289.00,7289.00,7009.00,7289.00
38417665293111458,20120104,7442.00,7476.00,9,17290,129260040.00,7476.00,7476.00,7189.00,7476.00
38417665293111458,20120107,7455.00,7734.00,3,958,7383927.00,7547.00,7734.00,7442.00,7547.00
38417665293111458,20120108,7463.00,7753.00,1,500,3876500.00,7753.00,7753.00,7455.00,7753.00
38417665293111458,20120109,7470.00,7752.00,1,500,3876000.00,7752.00,7752.00,7463.00,7752.00
38417665293111458,20120110,7473.00,7734.00,2,250,1934000.00,7734.00,7739.00,7470.00,7739.00
38417665293111458,20120111,7427.00,7175.00,2,3000,21525000.00,7175.00,7175.00,7473.00,7175.00
38417665293111458,20120115,7427.00,7175.00,0,0,0.00,0.00,0.00,7427.00,0.00
38417665293111458,20120116,7427.00,7175.00,0,0,0.00,0.00,0.00,7427.00,0.00
38417665293111458,20120117,7427.00,7175.00,0,0,0.00,0.00,0.00,7427.00,0.00
38417665293111458,20120118,7427.00,7175.00,0,0,0.00,0.00,0.00,7427.00,0.00
38417665293111458,20120121,7160.00,7151.00,6,33118,237109976.00,7140.00,7427.00,7427.00,7140.00
38417665293111458,20120123,7271.00,7446.00,11,85909,624683454.00,7000.00,7446.00,7160.00,7445.00
38417665293111458,20120125,7272.00,7561.00,1,100,756100.00,7561.00,7561.00,7271.00,7561.00
38417665293111458,20120128,7230.00,7002.00,2,2920,20407440.00,6982.00,7002.00,7272.00,6982.00
38417665293111458,20120129,7230.00,7206.00,2,822,5941672.00,7206.00,7337.00,7230.00,7337.00
38417665293111458,20120130,7220.00,7202.00,3,7035,50666070.00,7202.00,7202.00,7230.00,7202.00
38417665293111458,20120131,7218.00,7200.00,2,1550,11160000.00,7200.00,7200.00,7220.00,7200.00
38417665293111458,20120201,7186.00,7000.00,3,2919,20433000.00,7000.00,7000.00,7218.00,7000.00
38417665293111458,20120204,7118.00,6899.00,5,5159,35732788.00,6899.00,7001.00,7186.00,7001.00
38417665293111458,20120205,7127.00,7390.00,1,673,4973470.00,7390.00,7390.00,7118.00,7390.00
38417665293111458,20120206,7127.00,7390.00,0,0,0.00,0.00,0.00,7127.00,0.00
38417665293111458,20120207,7127.00,7390.00,0,0,0.00,0.00,0.00,7127.00,0.00
38417665293111458,20120208,7127.00,7390.00,0,0,0.00,0.00,0.00,7127.00,0.00
38417665293111458,20120212,7115.00,6900.00,1,1000,6900000.00,6900.00,6900.00,7127.00,6900.00
38417665293111458,20120213,7097.00,6900.00,3,2200,15300000.00,6900.00,7000.00,7115.00,7000.00
38417665293111458,20120214,7097.00,6900.00,0,0,0.00,0.00,0.00,7097.00,0.00
38417665293111458,20120215,7097.00,6900.00,0,0,0.00,0.00,0.00,7097.00,0.00
38417665293111458,20120218,7097.00,6900.00,0,0,0.00,0.00,0.00,7097.00,0.00
38417665293111458,20120219,7097.00,6900.00,0,0,0.00,0.00,0.00,7097.00,0.00
38417665293111458,20120220,7097.00,6900.00,0,0,0.00,0.00,0.00,7097.00,0.00
38417665293111458,20120221,7097.00,6900.00,0,0,0.00,0.00,0.00,7097.00,0.00
38417665293111458,20120222,7301.00,7300.00,7,30999,226312700.00,7300.00,7302.00,7097.00,7300.00
38417665293111458,20120225,7301.00,7300.00,0,0,0.00,0.00,0.00,7301.00,0.00
38417665293111458,20120226,7178.00,7009.00,6,8272,57978448.00,7009.00,7009.00,7301.00,7009.00
38417665293111458,20120227,7132.00,7000.00,5,5038,35266000.00,7000.00,7000.00,7178.00,7000.00
38417665293111458,20120228,7132.00,7000.00,0,0,0.00,0.00,0.00,7132.00,0.00
38417665293111458,20120229,7068.00,7000.00,4,9566,66962072.00,7000.00,7001.00,7132.00,7000.00
38417665293111458,20120303,7179.00,7350.00,6,10713,77890500.00,7001.00,7350.00,7068.00,7001.00
38417665293111458,20120304,7179.00,7350.00,0,0,0.00,0.00,0.00,7179.00,0.00
38417665293111458,20120305,7267.00,7466.00,2,6000,44796000.00,7466.00,7466.00,7179.00,7466.00
38417665293111458,20120306,7320.00,7557.00,2,3549,26819793.00,7557.00,7557.00,7267.00,7557.00
38417665293111458,20120307,7320.00,7557.00,0,0,0.00,0.00,0.00,7320.00,0.00
38417665293111458,20120310,7320.00,7557.00,0,0,0.00,0.00,0.00,7320.00,0.00
38417665293111458,20120311,7320.00,7557.00,0,0,0.00,0.00,0.00,7320.00,0.00
38417665293111458,20120312,7320.00,7320.00,2,6437,47118840.00,7320.00,7320.00,7320.00,7320.00
38417665293111458,20120313,7320.00,7320.00,0,0,0.00,0.00,0.00,7320.00,0.00
38417665293111458,20120314,7320.00,7320.00,0,0,0.00,0.00,0.00,7320.00,0.00
38417665293111458,20120317,7394.00,7612.00,1,5000,38060000.00,7612.00,7612.00,7320.00,7612.00
38417665293111458,20120318,7394.00,7612.00,0,0,0.00,0.00,0.00,7394.00,0.00
38417665293111458,20120324,7394.00,7612.00,0,0,0.00,0.00,0.00,7394.00,0.00
38417665293111458,20120325,7394.00,7612.00,0,0,0.00,0.00,0.00,7394.00,0.00
38417665293111458,20120326,7394.00,7612.00,0,0,0.00,0.00,0.00,7394.00,0.00
38417665293111458,20120327,7390.00,7320.00,1,1041,7620120.00,7320.00,7320.00,7394.00,7320.00
38417665293111458,20120328,7405.00,7685.00,1,1000,7685000.00,7685.00,7685.00,7390.00,7685.00
38417665293111458,20120402,7425.00,7701.00,2,1294,9964800.00,7700.00,7701.00,7405.00,7700.00
38417665293111458,20120403,7425.00,7701.00,0,0,0.00,0.00,0.00,7425.00,0.00
38417665293111458,20120404,7425.00,7701.00,0,0,0.00,0.00,0.00,7425.00,0.00
38417665293111458,20120407,7377.00,7330.00,2,10000,73300000.00,7330.00,7330.00,7425.00,7330.00
38417665293111458,20120408,7377.00,7330.00,0,0,0.00,0.00,0.00,7377.00,0.00
38417665293111458,20120409,7359.00,7250.00,1,2756,19981000.00,7250.00,7250.00,7377.00,7250.00
38417665293111458,20120410,7359.00,7250.00,0,0,0.00,0.00,0.00,7359.00,0.00
38417665293111458,20120411,7359.00,7250.00,0,0,0.00,0.00,0.00,7359.00,0.00
38417665293111458,20120414,7359.00,7250.00,0,0,0.00,0.00,0.00,7359.00,0.00
38417665293111458,20120415,7359.00,7250.00,0,0,0.00,0.00,0.00,7359.00,0.00
38417665293111458,20120416,7359.00,7250.00,0,0,0.00,0.00,0.00,7359.00,0.00
38417665293111458,20120417,7359.00,7250.00,0,0,0.00,0.00,0.00,7359.00,0.00
38417665293111458,20120418,7342.00,7065.00,5,1106,7813890.00,7065.00,7065.00,7359.00,7065.00
38417665293111458,20120421,7339.00,7049.00,2,169,1191281.00,7049.00,7049.00,7342.00,7049.00
38417665293111458,20120422,7315.00,7046.00,4,1613,11365198.00,7046.00,7046.00,7339.00,7046.00
38417665293111458,20120423,7311.00,7023.00,2,300,2106900.00,7023.00,7023.00,7315.00,7023.00
38417665293111458,20120424,7309.00,7019.00,2,154,1080926.00,7019.00,7019.00,7311.00,7019.00
38417665293111458,20120428,7304.00,7017.00,3,346,2427882.00,7017.00,7017.00,7309.00,7017.00
38417665293111458,20120429,7301.00,7012.00,1,200,1402400.00,7012.00,7012.00,7304.00,7012.00
38417665293111458,20120430,7294.00,7009.00,1,500,3504500.00,7009.00,7009.00,7301.00,7009.00
38417665293111458,20120501,7290.00,7003.00,2,250,1750750.00,7003.00,7003.00,7294.00,7003.00
38417665293111458,20120502,7290.00,7003.00,0,0,0.00,0.00,0.00,7290.00,0.00
38417665293111458,20120505,7290.00,7003.00,0,0,0.00,0.00,0.00,7290.00,0.00
38417665293111458,20120506,7286.00,6999.00,1,250,1749750.00,6999.00,6999.00,7290.00,6999.00
38417665293111458,20120507,7285.00,6995.00,1,70,489650.00,6995.00,6995.00,7286.00,6995.00
38417665293111458,20120508,7244.00,6994.00,5,2767,19352398.00,6994.00,6994.00,7285.00,6994.00
38417665293111458,20120509,7244.00,6994.00,0,0,0.00,0.00,0.00,7244.00,0.00
38417665293111458,20120512,7244.00,6994.00,0,0,0.00,0.00,0.00,7244.00,0.00
38417665293111458,20120513,7244.00,6994.00,0,0,0.00,0.00,0.00,7244.00,0.00
38417665293111458,20120514,7244.00,6994.00,0,0,0.00,0.00,0.00,7244.00,0.00
38417665293111458,20120515,7244.00,6994.00,0,0,0.00,0.00,0.00,7244.00,0.00
38417665293111458,20120516,7244.00,7247.00,1,686,4971442.00,7247.00,7247.00,7244.00,7247.00
38417665293111458,20120519,7244.00,7247.00,0,0,0.00,0.00,0.00,7244.00,0.00
38417665293111458,20120520,7244.00,7247.00,0,0,0.00,0.00,0.00,7244.00,0.00
38417665293111458,20120521,7244.00,7247.00,0,0,0.00,0.00,0.00,7244.00,0.00
38417665293111458,20120522,7244.00,7247.00,0,0,0.00,0.00,0.00,7244.00,0.00
38417665293111458,20120523,7244.00,7247.00,0,0,0.00,0.00,0.00,7244.00,0.00
38417665293111458,20120526,7244.00,7247.00,0,0,0.00,0.00,0.00,7244.00,0.00
38417665293111458,20120527,7244.00,7247.00,0,0,0.00,0.00,0.00,7244.00,0.00
38417665293111458,20120528,7244.00,7247.00,0,0,0.00,0.00,0.00,7244.00,0.00
38417665293111458,20120529,7244.00,7247.00,0,0,0.00,0.00,0.00,7244.00,0.00
38417665293111458,20120530,7244.00,7247.00,0,0,0.00,0.00,0.00,7244.00,0.00
38417665293111458,20120602,7244.00,7247.00,0,0,0.00,0.00,0.00,7244.00,0.00
38417665293111458,20120605,7244.00,7247.00,0,0,0.00,0.00,0.00,7244.00,0.00
38417665293111458,20120606,7244.00,7247.00,0,0,0.00,0.00,0.00,7244.00,0.00
38417665293111458,20120609,7244.00,7247.00,0,0,0.00,0.00,0.00,7244.00,0.00
38417665293111458,20120610,7244.00,7247.00,0,0,0.00,0.00,0.00,7244.00,0.00
38417665293111458,20120611,7244.00,7247.00,0,0,0.00,0.00,0.00,7244.00,0.00
38417665293111458,20120612,7244.00,7247.00,0,0,0.00,0.00,0.00,7244.00,0.00
38417665293111458,20120613,7244.00,7247.00,0,0,0.00,0.00,0.00,7244.00,0.00
38417665293111458,20120616,7244.00,7247.00,0,0,0.00,0.00,0.00,7244.00,0.00
38417665293111458,20120617,7244.00,7247.00,0,0,0.00,0.00,0.00,7244.00,0.00
38417665293111458,20120619,7244.00,7247.00,0,0,0.00,0.00,0.00,7244.00,0.00
38417665293111458,20120620,7244.00,7247.00,0,0,0.00,0.00,0.00,7244.00,0.00
38417665293111458,20120623,7244.00,7247.00,0,0,0.00,0.00,0.00,7244.00,0.00
38417665293111458,20120624,7244.00,7247.00,0,0,0.00,0.00,0.00,7244.00,0.00
38417665293111458,20120625,7244.00,7247.00,0,0,0.00,0.00,0.00,7244.00,0.00
38417665293111458,20120626,7222.00,6955.00,5,1526,10613575.00,6955.00,7200.00,7244.00,7200.00
38417665293111458,20120627,7222.00,6955.00,0,0,0.00,0.00,0.00,7222.00,0.00
38417665293111458,20120630,7222.00,6955.00,0,0,0.00,0.00,0.00,7222.00,0.00
38417665293111458,20120701,6632.00,6955.00,0,0,0.00,0.00,0.00,6632.00,0.00
38417665293111458,20120702,6632.00,6955.00,0,0,0.00,0.00,0.00,6632.00,0.00
38417665293111458,20120703,6632.00,6955.00,0,0,0.00,0.00,0.00,6632.00,0.00
38417665293111458,20120704,6631.00,6367.00,4,111,710477.00,6367.00,6401.00,6632.00,6401.00
38417665293111458,20120707,6631.00,6367.00,0,0,0.00,0.00,0.00,6631.00,0.00
38417665293111458,20120708,6366.00,6366.00,5,26385,167966910.00,6366.00,6366.00,6631.00,6366.00
38417665293111458,20120709,6366.00,6366.00,0,0,0.00,0.00,0.00,6366.00,0.00
38417665293111458,20120710,6366.00,6366.00,0,0,0.00,0.00,0.00,6366.00,0.00
38417665293111458,20120711,6366.00,6366.00,3,13548,86246568.00,6366.00,6366.00,6366.00,6366.00
38417665293111458,20120714,6496.00,6620.00,1,10000,66200000.00,6620.00,6620.00,6366.00,6620.00
38417665293111458,20120715,6496.00,6620.00,0,0,0.00,0.00,0.00,6496.00,0.00
38417665293111458,20120716,6496.00,6620.00,0,0,0.00,0.00,0.00,6496.00,0.00
38417665293111458,20120717,6496.00,6620.00,0,0,0.00,0.00,0.00,6496.00,0.00
38417665293111458,20120718,6496.00,6620.00,0,0,0.00,0.00,0.00,6496.00,0.00
38417665293111458,20120721,6496.00,6620.00,0,0,0.00,0.00,0.00,6496.00,0.00
38417665293111458,20120722,6481.00,6237.00,3,1100,6860700.00,6237.00,6237.00,6496.00,6237.00
38417665293111458,20120723,6481.00,6237.00,0,0,0.00,0.00,0.00,6481.00,0.00
38417665293111458,20120724,6480.00,6450.00,1,702,4527900.00,6450.00,6450.00,6481.00,6450.00
38417665293111458,20120725,6480.00,6450.00,0,0,0.00,0.00,0.00,6480.00,0.00
38417665293111458,20120728,6480.00,6480.00,1,4000,25920000.00,6480.00,6480.00,6480.00,6480.00
38417665293111458,20120729,6480.00,6480.00,0,0,0.00,0.00,0.00,6480.00,0.00
38417665293111458,20120730,6480.00,6480.00,0,0,0.00,0.00,0.00,6480.00,0.00
38417665293111458,20120731,6480.00,6480.00,0,0,0.00,0.00,0.00,6480.00,0.00
38417665293111458,20120801,6480.00,6480.00,1,1500,9720000.00,6480.00,6480.00,6480.00,6480.00
38417665293111458,20120804,6480.00,6480.00,0,0,0.00,0.00,0.00,6480.00,0.00
38417665293111458,20120805,6480.00,6480.00,0,0,0.00,0.00,0.00,6480.00,0.00
38417665293111458,20120806,6480.00,6480.00,0,0,0.00,0.00,0.00,6480.00,0.00
38417665293111458,20120807,6480.00,6480.00,0,0,0.00,0.00,0.00,6480.00,0.00
38417665293111458,20120808,6480.00,6480.00,0,0,0.00,0.00,0.00,6480.00,0.00
38417665293111458,20120811,6480.00,6480.00,0,0,0.00,0.00,0.00,6480.00,0.00
38417665293111458,20120812,6480.00,6480.00,0,0,0.00,0.00,0.00,6480.00,0.00
38417665293111458,20120813,6480.00,6480.00,0,0,0.00,0.00,0.00,6480.00,0.00
38417665293111458,20120814,6480.00,6480.00,0,0,0.00,0.00,0.00,6480.00,0.00
38417665293111458,20120815,6480.00,6480.00,0,0,0.00,0.00,0.00,6480.00,0.00
38417665293111458,20120818,6480.00,6480.00,0,0,0.00,0.00,0.00,6480.00,0.00
38417665293111458,20120821,6480.00,6480.00,0,0,0.00,0.00,0.00,6480.00,0.00
38417665293111458,20120822,6480.00,6480.00,0,0,0.00,0.00,0.00,6480.00,0.00
38417665293111458,20120825,6480.00,6480.00,0,0,0.00,0.00,0.00,6480.00,0.00
38417665293111458,20120826,6480.00,6480.00,0,0,0.00,0.00,0.00,6480.00,0.00
38417665293111458,20120827,6480.00,6480.00,0,0,0.00,0.00,0.00,6480.00,0.00
38417665293111458,20120902,6480.00,6480.00,0,0,0.00,0.00,0.00,6480.00,0.00
38417665293111458,20120903,6480.00,6480.00,0,0,0.00,0.00,0.00,6480.00,0.00
38417665293111458,20120904,6474.00,6444.00,1,3087,19892628.00,6444.00,6444.00,6480.00,6444.00
38417665293111458,20120905,6474.00,6444.00,0,0,0.00,0.00,0.00,6474.00,0.00
38417665293111458,20120908,6474.00,6444.00,0,0,0.00,0.00,0.00,6474.00,0.00
38417665293111458,20120909,6474.00,6444.00,0,0,0.00,0.00,0.00,6474.00,0.00
38417665293111458,20120910,6474.00,6444.00,0,0,0.00,0.00,0.00,6474.00,0.00
38417665293111458,20120911,6474.00,6444.00,0,0,0.00,0.00,0.00,6474.00,0.00
38417665293111458,20120915,6474.00,6444.00,0,0,0.00,0.00,0.00,6474.00,0.00
38417665293111458,20120916,6474.00,6444.00,0,0,0.00,0.00,0.00,6474.00,0.00
38417665293111458,20120917,6474.00,6444.00,0,0,0.00,0.00,0.00,6474.00,0.00
38417665293111458,20120918,6474.00,6444.00,0,0,0.00,0.00,0.00,6474.00,0.00
38417665293111458,20120919,6474.00,6444.00,0,0,0.00,0.00,0.00,6474.00,0.00
38417665293111458,20120922,6474.00,6444.00,0,0,0.00,0.00,0.00,6474.00,0.00
38417665293111458,20120923,6474.00,6444.00,0,0,0.00,0.00,0.00,6474.00,0.00
38417665293111458,20120924,6474.00,6444.00,0,0,0.00,0.00,0.00,6474.00,0.00
38417665293111458,20120925,6464.00,6217.00,1,775,4818175.00,6217.00,6217.00,6474.00,6217.00
38417665293111458,20120926,6405.00,6722.00,12,8179,51716668.00,6316.00,6722.00,6464.00,6317.00
38417665293111458,20120929,6422.00,6661.00,3,1335,8892435.00,6661.00,6661.00,6405.00,6661.00
38417665293111458,20120930,6422.00,6661.00,0,0,0.00,0.00,0.00,6422.00,0.00
38417665293111458,20121001,6414.00,6166.00,2,589,3631774.00,6166.00,6166.00,6422.00,6166.00
38417665293111458,20121002,6413.00,6158.00,1,81,498798.00,6158.00,6158.00,6414.00,6158.00
38417665293111458,20121003,6400.00,6157.00,2,1012,6230884.00,6157.00,6157.00,6413.00,6157.00
38417665293111458,20121006,6398.00,6157.00,1,192,1182144.00,6157.00,6157.00,6400.00,6157.00
38417665293111458,20121007,6398.00,6157.00,0,0,0.00,0.00,0.00,6398.00,0.00
38417665293111458,20121008,6389.00,6143.00,1,711,4367673.00,6143.00,6143.00,6398.00,6143.00
38417665293111458,20121009,6349.00,6134.00,3,3087,18935658.00,6134.00,6134.00,6389.00,6134.00
38417665293111458,20121010,6349.00,6134.00,0,0,0.00,0.00,0.00,6349.00,0.00
38417665293111458,20121013,6349.00,6134.00,0,0,0.00,0.00,0.00,6349.00,0.00
38417665293111458,20121014,6367.00,6602.00,4,1374,9070028.00,6600.00,6602.00,6349.00,6600.00
38417665293111458,20121015,6365.00,6600.00,5,2981,18944100.00,6113.00,6600.00,6367.00,6113.00
38417665293111458,20121016,6428.00,6619.00,6,4847,32082293.00,6619.00,6619.00,6365.00,6619.00
38417665293111458,20121017,6685.00,6685.00,7,20141,134642585.00,6685.00,6685.00,6428.00,6685.00
38417665293111458,20121020,6930.00,6952.00,3,18000,125136000.00,6952.00,6952.00,6685.00,6952.00
38417665293111458,20121021,6958.00,7207.00,2,2000,14414000.00,7207.00,7207.00,6930.00,7207.00
38417665293111458,20121022,7218.00,7236.00,3,18337,132686532.00,7236.00,7236.00,6958.00,7236.00
38417665293111458,20121023,7506.00,7506.00,17,28095,210881070.00,7506.00,7506.00,7218.00,7506.00
38417665293111458,20121024,7506.00,7506.00,0,0,0.00,0.00,0.00,7506.00,0.00
38417665293111458,20121027,7506.00,7506.00,0,0,0.00,0.00,0.00,7506.00,0.00
38417665293111458,20121028,7806.00,7806.00,11,28685,223915110.00,7806.00,7806.00,7506.00,7806.00
38417665293111458,20121029,7806.00,7806.00,0,0,0.00,0.00,0.00,7806.00,0.00
38417665293111458,20121030,7806.00,7806.00,0,0,0.00,0.00,0.00,7806.00,0.00
38417665293111458,20121031,7806.00,7806.00,0,0,0.00,0.00,0.00,7806.00,0.00
38417665293111458,20121104,7806.00,7806.00,0,0,0.00,0.00,0.00,7806.00,0.00
38417665293111458,20121105,7806.00,7806.00,0,0,0.00,0.00,0.00,7806.00,0.00
38417665293111458,20121106,7806.00,7806.00,0,0,0.00,0.00,0.00,7806.00,0.00
38417665293111458,20121107,7806.00,7806.00,0,0,0.00,0.00,0.00,7806.00,0.00
38417665293111458,20121110,7806.00,7806.00,0,0,0.00,0.00,0.00,7806.00,0.00
38417665293111458,20121111,7806.00,7806.00,0,0,0.00,0.00,0.00,7806.00,0.00
38417665293111458,20121112,7806.00,7806.00,0,0,0.00,0.00,0.00,7806.00,0.00
38417665293111458,20121113,7806.00,7806.00,0,0,0.00,0.00,0.00,7806.00,0.00
38417665293111458,20121114,7806.00,7806.00,0,0,0.00,0.00,0.00,7806.00,0.00
38417665293111458,20121117,7806.00,7806.00,0,0,0.00,0.00,0.00,7806.00,0.00
38417665293111458,20121118,7806.00,7806.00,0,0,0.00,0.00,0.00,7806.00,0.00
38417665293111458,20121119,7806.00,7806.00,0,0,0.00,0.00,0.00,7806.00,0.00
38417665293111458,20121120,7806.00,7806.00,0,0,0.00,0.00,0.00,7806.00,0.00
38417665293111458,20121121,7806.00,7806.00,0,0,0.00,0.00,0.00,7806.00,0.00
38417665293111458,20121126,7560.00,7494.00,24,91602,692475436.00,7494.00,8118.00,7806.00,8118.00
38417665293111458,20121127,7351.00,7258.00,9,24922,183190740.00,7258.00,7400.00,7560.00,7400.00
38417665293111458,20121128,7351.00,7258.00,0,0,0.00,0.00,0.00,7351.00,0.00
38417665293111458,20121201,7373.00,7543.00,3,2209,16662278.00,7542.00,7543.00,7351.00,7542.00
38417665293111458,20121202,7374.00,7600.00,1,55,418000.00,7600.00,7600.00,7373.00,7600.00
38417665293111458,20121203,7370.00,7080.00,2,240,1699200.00,7080.00,7080.00,7374.00,7080.00
38417665293111458,20121204,7370.00,7076.00,1,4,28304.00,7076.00,7076.00,7370.00,7076.00
38417665293111458,20121205,7369.00,7076.00,2,50,353800.00,7076.00,7076.00,7370.00,7076.00
38417665293111458,20121208,7369.00,7076.00,0,0,0.00,0.00,0.00,7369.00,0.00
38417665293111458,20121209,7369.00,7076.00,0,0,0.00,0.00,0.00,7369.00,0.00
38417665293111458,20121210,7141.00,7663.00,51,150559,1075080449.00,7075.00,7663.00,7369.00,7075.00
38417665293111458,20121211,7141.00,7663.00,0,0,0.00,0.00,0.00,7141.00,0.00
38417665293111458,20121212,7141.00,7663.00,0,0,0.00,0.00,0.00,7141.00,0.00
38417665293111458,20121215,7141.00,7663.00,0,0,0.00,0.00,0.00,7141.00,0.00
38417665293111458,20121216,7141.00,7663.00,0,0,0.00,0.00,0.00,7141.00,0.00
38417665293111458,20121217,6015.00,7663.00,0,0,0.00,0.00,0.00,6015.00,0.00
38417665293111458,20121218,6015.00,7663.00,0,0,0.00,0.00,0.00,6015.00,0.00
38417665293111458,20121219,6015.00,7663.00,0,0,0.00,0.00,0.00,6015.00,0.00
38417665293111458,20121222,6015.00,7663.00,0,0,0.00,0.00,0.00,6015.00,0.00
38417665293111458,20121223,6015.00,7663.00,0,0,0.00,0.00,0.00,6015.00,0.00
38417665293111458,20121224,6034.00,6255.00,4,1514,9470070.00,6255.00,6255.00,6015.00,6255.00
38417665293111458,20121225,6034.00,6255.00,0,0,0.00,0.00,0.00,6034.00,0.00
38417665293111458,20121226,6048.00,6275.00,4,1150,7216250.00,6275.00,6275.00,6034.00,6275.00
38417665293111458,20121229,6289.00,6289.00,1,10,62890.00,6289.00,6289.00,6048.00,6289.00
38417665293111458,20121230,6292.00,6540.00,1,228,1491120.00,6540.00,6540.00,6289.00,6540.00
38417665293111458,20121231,6389.00,6543.00,1,7602,49739886.00,6543.00,6543.00,6292.00,6543.00
38417665293111458,20130101,6491.00,6644.00,7,7840,52088960.00,6644.00,6644.00,6389.00,6644.00
38417665293111458,20130102,6511.00,6750.00,1,1500,10125000.00,6750.00,6750.00,6491.00,6750.00
38417665293111458,20130106,6531.00,6771.00,1,1500,10156500.00,6771.00,6771.00,6511.00,6771.00
38417665293111458,20130107,6788.00,6792.00,27,73466,498681486.00,6771.00,6792.00,6531.00,6792.00
38417665293111458,20130108,6782.00,6517.00,28,38204,259117944.00,6517.00,7059.00,6788.00,7050.00
38417665293111458,20130109,6541.00,6511.00,11,23352,152746982.00,6511.00,6600.00,6782.00,6600.00
38417665293111458,20130113,6280.00,6280.00,30,20910,131319000.00,6280.00,6500.00,6541.00,6500.00
38417665293111458,20130114,6437.00,6531.00,3,12248,79991688.00,6531.00,6531.00,6280.00,6531.00
38417665293111458,20130115,6437.00,6531.00,0,0,0.00,0.00,0.00,6437.00,0.00
38417665293111458,20130116,6444.00,6694.00,4,500,3347000.00,6694.00,6694.00,6437.00,6694.00
38417665293111458,20130119,6510.00,6701.00,4,5010,33572010.00,6701.00,6701.00,6444.00,6701.00
38417665293111458,20130120,6510.00,6701.00,0,0,0.00,0.00,0.00,6510.00,0.00
38417665293111458,20130121,6510.00,6701.00,0,0,0.00,0.00,0.00,6510.00,0.00
38417665293111458,20130122,6510.00,6701.00,0,0,0.00,0.00,0.00,6510.00,0.00
38417665293111458,20130123,6510.00,6701.00,0,0,0.00,0.00,0.00,6510.00,0.00
38417665293111458,20130126,6511.00,6770.00,1,100,677000.00,6770.00,6770.00,6510.00,6770.00
38417665293111458,20130127,6685.00,6771.00,6,13150,89038650.00,6771.00,6771.00,6511.00,6771.00
38417665293111458,20130128,6952.00,6952.00,17,24600,171007500.00,6949.00,6952.00,6685.00,6952.00
38417665293111458,20130130,7125.00,7230.00,7,12220,88350600.00,7230.00,7230.00,6952.00,7230.00
38417665293111458,20130202,7410.00,7410.00,41,61271,454002776.00,7408.00,7410.00,7125.00,7410.00
38417665293111458,20130203,7412.00,7400.00,21,43869,325149453.00,7390.00,7706.00,7410.00,7500.00
38417665293111458,20130204,7116.00,7116.00,23,21715,154529620.00,7116.00,7300.00,7412.00,7116.00
38417665293111458,20130205,7335.00,7399.00,15,27940,204928160.00,7203.00,7400.00,7116.00,7398.00
38417665293111458,20130206,7321.00,7200.00,7,3285,23814040.00,7200.00,7400.00,7335.00,7335.00
38417665293111458,20130209,7272.00,7030.00,9,3410,23999831.00,7029.00,7385.00,7321.00,7385.00
38417665293111458,20130211,7224.00,7000.00,4,4526,31976560.00,7000.00,7560.00,7272.00,7560.00
38417665293111458,20130212,6936.00,6936.00,14,36433,252699288.00,6936.00,6936.00,7224.00,6936.00
38417665293111458,20130213,6688.00,6660.00,12,38132,255019918.00,6659.00,6751.00,6936.00,6751.00
38417665293111458,20130216,6688.00,6660.00,0,0,0.00,0.00,0.00,6688.00,0.00
38417665293111458,20130217,6688.00,6660.00,0,0,0.00,0.00,0.00,6688.00,0.00
38417665293111458,20130218,6698.00,6700.00,23,33118,221812500.00,6501.00,6701.00,6688.00,6501.00
38417665293111458,20130219,6698.00,6700.00,0,0,0.00,0.00,0.00,6698.00,0.00
38417665293111458,20130220,6698.00,6700.00,0,0,0.00,0.00,0.00,6698.00,0.00
38417665293111458,20130223,8082.00,8320.00,20,84835,685620665.00,8000.00,8320.00,6698.00,8000.00
38417665293111458,20130224,8320.00,8405.00,11,14435,121326175.00,8405.00,8405.00,8082.00,8405.00
38417665293111458,20130225,8652.00,8652.00,5,22579,195353508.00,8652.00,8652.00,8320.00,8652.00
38417665293111458,20130226,8786.00,8998.00,3,7579,68195842.00,8998.00,8998.00,8652.00,8998.00
38417665293111458,20130227,9137.00,9137.00,7,20616,188368392.00,9137.00,9137.00,8786.00,9137.00
38417665293111458,20130302,9502.00,9502.00,4,19805,188187110.00,9502.00,9502.00,9137.00,9502.00
38417665293111458,20130303,9521.00,9882.00,3,1000,9882000.00,9882.00,9882.00,9502.00,9882.00
38417665293111458,20130304,9865.00,9901.00,10,17724,175485324.00,9901.00,9901.00,9521.00,9901.00
38417665293111458,20130305,10109.00,9471.00,85,163015,1647997611.00,9471.00,10259.00,9865.00,10259.00
38417665293111458,20130306,10109.00,9471.00,0,0,0.00,0.00,0.00,10109.00,0.00
38417665293111458,20130309,10109.00,9471.00,0,0,0.00,0.00,0.00,10109.00,0.00
38417665293111458,20130310,10118.00,9705.00,39,92248,933355082.00,9705.00,10512.00,10109.00,9705.00
38417665293111458,20130311,10118.00,9705.00,0,0,0.00,0.00,0.00,10118.00,0.00
38417665293111458,20130312,10118.00,9705.00,0,0,0.00,0.00,0.00,10118.00,0.00
38417665293111458,20130313,10118.00,9705.00,0,0,0.00,0.00,0.00,10118.00,0.00
38417665293111458,20130316,10118.00,9705.00,0,0,0.00,0.00,0.00,10118.00,0.00
38417665293111458,20130317,10118.00,9705.00,0,0,0.00,0.00,0.00,10118.00,0.00
38417665293111458,20130318,10118.00,9705.00,0,0,0.00,0.00,0.00,10118.00,0.00
38417665293111458,20130325,10639.00,10662.00,52,54234,576985080.00,10252.00,10662.00,10118.00,10252.00
38417665293111458,20130326,10225.00,10214.00,29,59786,611305560.00,10214.00,11000.00,10639.00,11000.00
38417665293111458,20130327,9940.00,9820.00,48,14849,146242864.00,9816.00,10298.00,10225.00,10214.00
38417665293111458,20130330,9546.00,9543.00,33,58046,554081460.00,9543.00,10200.00,9940.00,10200.00
38417665293111458,20130331,9454.00,9500.00,9,6717,62315905.00,9165.00,9500.00,9546.00,9171.00
38417665293111458,20130403,9470.00,9450.00,7,10139,96160543.00,9181.00,9700.00,9454.00,9181.00
38417665293111458,20130406,9479.00,9650.00,1,950,9167500.00,9650.00,9650.00,9470.00,9650.00
38417665293111458,20130407,9719.00,9857.00,26,16688,162883683.00,9500.00,9858.00,9479.00,9501.00
38417665293111458,20130408,9717.00,9550.00,4,430,4144500.00,9550.00,9650.00,9719.00,9650.00
38417665293111458,20130409,9522.00,9329.00,20,15000,141936004.00,9329.00,9850.00,9717.00,9850.00
38417665293111458,20130410,9186.00,9143.00,30,22444,206165256.00,9142.00,9800.00,9522.00,9800.00
38417665293111458,20130413,9175.00,9000.00,12,13718,125804770.00,9000.00,9201.00,9186.00,9201.00
38417665293111458,20130415,9144.00,8808.00,7,3254,29252592.00,8808.00,9000.00,9175.00,9000.00
38417665293111458,20130416,9106.00,8804.00,6,2184,19224163.00,8801.00,8808.00,9144.00,8808.00
38417665293111458,20130417,9083.00,9010.00,6,2717,24283060.00,8801.00,9010.00,9106.00,9000.00
38417665293111458,20130420,8847.00,8720.00,9,13952,122103436.00,8720.00,8800.00,9083.00,8800.00
38417665293111458,20130421,8509.00,8720.00,19,28411,241739514.00,8494.00,8720.00,8847.00,8494.00
38417665293111458,20130422,8694.00,8848.00,10,10718,94832864.00,8848.00,8848.00,8509.00,8848.00
38417665293111458,20130423,8781.00,9041.00,9,5287,47673494.00,8990.00,9041.00,8694.00,8990.00
38417665293111458,20130424,9068.00,9132.00,10,16008,146185056.00,9132.00,9132.00,8781.00,9132.00
38417665293111458,20130427,9298.00,9430.00,22,12454,117441220.00,9430.00,9430.00,9068.00,9430.00
38417665293111458,20130428,9639.00,9500.00,19,18900,182413288.00,9434.00,9669.00,9298.00,9553.00
38417665293111458,20130429,9787.00,9998.00,25,8312,83014058.00,9832.00,10024.00,9639.00,10024.00
38417665293111458,20130430,9779.00,9396.00,10,2378,23111668.00,9396.00,10000.00,9787.00,10000.00
38417665293111458,20130501,9500.00,9388.00,19,13996,131394972.00,9388.00,9396.00,9779.00,9396.00
38417665293111458,20130504,9351.00,9120.00,13,7699,70214880.00,9120.00,9120.00,9500.00,9120.00
38417665293111458,20130505,8977.00,8977.00,9,26526,238133902.00,8977.00,8978.00,9351.00,8977.00
38417665293111458,20130506,9013.00,8733.00,5,2777,25625663.00,8733.00,9335.00,8977.00,9199.00
38417665293111458,20130507,9092.00,9320.00,12,8989,82565426.00,8738.00,9350.00,9013.00,8739.00
38417665293111458,20130508,9347.00,9095.00,20,16777,157532474.00,9095.00,9450.00,9092.00,9450.00
38417665293111458,20130511,9320.00,8990.00,8,2214,20172365.00,8974.00,9400.00,9347.00,9400.00
38417665293111458,20130512,9154.00,8948.00,13,8786,78640699.00,8948.00,8960.00,9320.00,8949.00
38417665293111458,20130513,9090.00,8788.00,5,3408,29949504.00,8788.00,8788.00,9154.00,8788.00
38417665293111458,20130514,9090.00,8788.00,0,0,0.00,0.00,0.00,9090.00,0.00
38417665293111458,20130515,8904.00,8727.00,11,10906,95497528.00,8727.00,8800.00,9090.00,8727.00
38417665293111458,20130518,8837.00,8548.00,5,4000,34298000.00,8548.00,8601.00,8904.00,8601.00
38417665293111458,20130519,8830.00,8548.00,2,500,4274000.00,8548.00,8548.00,8837.00,8548.00
38417665293111458,20130520,8912.00,9183.00,17,16865,150532116.00,8500.00,9183.00,8830.00,8500.00
38417665293111458,20130521,9171.00,9268.00,13,14282,132365576.00,9268.00,9268.00,8912.00,9268.00
38417665293111458,20130522,9530.00,9537.00,34,37911,361291106.00,8806.00,9537.00,9171.00,9537.00
38417665293111458,20130525,9910.00,9911.00,17,20692,205055350.00,9880.00,9911.00,9530.00,9880.00
38417665293111458,20130526,9943.00,10140.00,27,26743,265901975.00,9516.00,10305.00,9910.00,10305.00
38417665293111458,20130527,10035.00,9783.00,11,10449,105697787.00,9783.00,10250.00,9943.00,10250.00
38417665293111458,20130528,9979.00,9815.00,15,23205,231571528.00,9660.00,10100.00,10035.00,9899.00
38417665293111458,20130529,9670.00,9580.00,32,29484,285111610.00,9580.00,9845.00,9979.00,9621.00
38417665293111458,20130601,10005.00,10000.00,35,44043,440628491.00,9900.00,10056.00,9670.00,9979.00
38417665293111458,20130602,10405.00,10405.00,12,37261,387700705.00,10405.00,10405.00,10005.00,10405.00
38417665293111458,20130603,10446.00,10821.00,2,1944,21036024.00,10821.00,10821.00,10405.00,10821.00
38417665293111458,20130608,10863.00,10863.00,7,33843,367636509.00,10863.00,10863.00,10446.00,10863.00
38417665293111458,20130609,10930.00,11297.00,3,3040,34342880.00,11297.00,11297.00,10863.00,11297.00
38417665293111458,20130610,10979.00,11367.00,2,2202,25030134.00,11367.00,11367.00,10930.00,11367.00
38417665293111458,20130611,10999.00,11418.00,1,904,10321872.00,11418.00,11418.00,10979.00,11418.00
38417665293111458,20130612,10999.00,11418.00,0,0,0.00,0.00,0.00,10999.00,0.00
38417665293111458,20130615,11003.00,11438.00,1,200,2287600.00,11438.00,11438.00,10999.00,11438.00
38417665293111458,20130616,11004.00,11443.00,1,45,514935.00,11443.00,11443.00,11003.00,11443.00
38417665293111458,20130617,11005.00,11444.00,1,45,514980.00,11444.00,11444.00,11004.00,11444.00
38417665293111458,20130618,11020.00,11445.00,2,650,7439250.00,11445.00,11445.00,11005.00,11445.00
38417665293111458,20130619,11460.00,11460.00,4,37643,431388780.00,11460.00,11460.00,11020.00,11460.00
38417665293111458,20130622,11767.00,11918.00,2,13140,156602520.00,11918.00,11918.00,11460.00,11918.00
38417665293111458,20130623,11779.00,12237.00,1,500,6118500.00,12237.00,12237.00,11767.00,12237.00
38417665293111458,20130625,11779.00,12237.00,0,0,0.00,0.00,0.00,11779.00,0.00
38417665293111458,20130626,11825.00,12250.00,2,1929,23630250.00,12250.00,12250.00,11779.00,12250.00
38417665293111458,20130629,12066.00,12298.00,3,10000,122980000.00,12298.00,12298.00,11825.00,12298.00
38417665293111458,20130630,12091.00,12548.00,1,1000,12548000.00,12548.00,12548.00,12066.00,12548.00
38417665293111458,20130701,12141.00,12574.00,4,2025,25462350.00,12574.00,12574.00,12091.00,12574.00
38417665293111458,20130702,12520.00,12626.00,8,15304,193228304.00,12626.00,12626.00,12141.00,12626.00
38417665293111458,20130703,12520.00,12626.00,0,0,0.00,0.00,0.00,12520.00,0.00
38417665293111458,20130706,12520.00,12626.00,0,0,0.00,0.00,0.00,12520.00,0.00
38417665293111458,20130707,12520.00,12626.00,0,0,0.00,0.00,0.00,12520.00,0.00
38417665293111458,20130708,12520.00,12626.00,0,0,0.00,0.00,0.00,12520.00,0.00
38417665293111458,20130709,12520.00,12626.00,0,0,0.00,0.00,0.00,12520.00,0.00
38417665293111458,20130710,12520.00,12626.00,0,0,0.00,0.00,0.00,12520.00,0.00
38417665293111458,20130713,12520.00,12626.00,0,0,0.00,0.00,0.00,12520.00,0.00
38417665293111458,20130714,12520.00,12626.00,0,0,0.00,0.00,0.00,12520.00,0.00
38417665293111458,20130715,12520.00,12626.00,0,0,0.00,0.00,0.00,12520.00,0.00
38417665293111458,20130716,12520.00,12626.00,0,0,0.00,0.00,0.00,12520.00,0.00
38417665293111458,20130717,12520.00,12626.00,0,0,0.00,0.00,0.00,12520.00,0.00
38417665293111458,20130720,12520.00,12626.00,0,0,0.00,0.00,0.00,12520.00,0.00
38417665293111458,20130721,12520.00,12626.00,0,0,0.00,0.00,0.00,12520.00,0.00
38417665293111458,20130722,12520.00,12626.00,0,0,0.00,0.00,0.00,12520.00,0.00
38417665293111458,20130723,12520.00,12626.00,0,0,0.00,0.00,0.00,12520.00,0.00
38417665293111458,20130724,12520.00,12626.00,0,0,0.00,0.00,0.00,12520.00,0.00
38417665293111458,20130727,12585.00,13020.00,3,2539,33057780.00,13020.00,13020.00,12520.00,13020.00
38417665293111458,20130728,12599.00,13088.00,2,530,6936640.00,13088.00,13088.00,12585.00,13088.00
38417665293111458,20130729,12623.00,13102.00,4,935,12250370.00,13102.00,13102.00,12599.00,13102.00
38417665293111458,20130731,12624.00,13127.00,1,50,656350.00,13127.00,13127.00,12623.00,13127.00
38417665293111458,20130803,12804.00,13128.00,8,7000,91896000.00,13128.00,13128.00,12624.00,13128.00
38417665293111458,20130804,13052.00,13316.00,4,9490,126368840.00,13316.00,13316.00,12804.00,13316.00
38417665293111458,20130805,13521.00,13574.00,6,17619,239160306.00,13574.00,13574.00,13052.00,13574.00
38417665293111458,20130806,13524.00,14061.00,1,119,1673259.00,14061.00,14061.00,13521.00,14061.00
38417665293111458,20130807,13607.00,14064.00,4,3669,51600816.00,14064.00,14064.00,13524.00,14064.00
38417665293111458,20130811,13607.00,14064.00,0,0,0.00,0.00,0.00,13607.00,0.00
38417665293111458,20130812,13746.00,14151.00,4,6147,86986197.00,14151.00,14151.00,13607.00,14151.00
38417665293111458,20130813,13750.00,14295.00,1,162,2315790.00,14295.00,14295.00,13746.00,14295.00
38417665293111458,20130814,13752.00,14300.00,2,101,1444300.00,14300.00,14300.00,13750.00,14300.00
38417665293111458,20130817,13805.00,14302.00,3,2316,33123432.00,14302.00,14302.00,13752.00,14302.00
38417665293111458,20130818,14243.00,14357.00,4,19045,273429065.00,14357.00,14357.00,13805.00,14357.00
38417665293111458,20130819,14331.00,14812.00,4,3705,54878460.00,14812.00,14812.00,14243.00,14812.00
38417665293111458,20130820,14379.00,14904.00,1,2000,29808000.00,14904.00,14904.00,14331.00,14904.00
38417665293111458,20130821,14386.00,14954.00,1,300,4486200.00,14954.00,14954.00,14379.00,14954.00
38417665293111458,20130824,14387.00,14961.00,1,50,748050.00,14961.00,14961.00,14386.00,14961.00
38417665293111458,20130825,14402.00,14962.00,1,615,9201630.00,14962.00,14962.00,14387.00,14962.00
38417665293111458,20130826,14427.00,14978.00,3,1040,15577120.00,14978.00,14978.00,14402.00,14978.00
38417665293111458,20130827,15003.00,15000.00,38,84082,1261475088.00,14994.00,15004.00,14427.00,15004.00
38417665293111458,20130828,15302.00,15603.00,38,53001,811035496.00,14403.00,15603.00,15003.00,14800.00
38417665293111458,20130831,15363.00,15914.00,3,2380,37875320.00,15914.00,15914.00,15302.00,15914.00
38417665293111458,20130901,15506.00,15977.00,4,5600,89471200.00,15977.00,15977.00,15363.00,15977.00
38417665293111458,20130903,15636.00,16126.00,5,5035,81194410.00,16126.00,16126.00,15506.00,16126.00
38417665293111458,20130904,16261.00,16261.00,9,28109,457080449.00,16261.00,16261.00,15636.00,16261.00
38417665293111458,20130907,16889.00,16911.00,16,23205,392419755.00,16911.00,16911.00,16261.00,16911.00
38417665293111458,20130908,16889.00,17564.00,1,5,87820.00,17564.00,17564.00,16889.00,17564.00
38417665293111458,20130909,16890.00,17564.00,1,50,878200.00,17564.00,17564.00,16889.00,17564.00
38417665293111458,20130910,17069.00,17565.00,3,6380,112064700.00,17565.00,17565.00,16890.00,17565.00
38417665293111458,20130911,17070.00,17751.00,1,20,355020.00,17751.00,17751.00,17069.00,17751.00
38417665293111458,20130914,17570.00,17752.00,8,17596,312364192.00,17752.00,17752.00,17070.00,17752.00
38417665293111458,20130915,17601.00,18272.00,2,1058,19331776.00,18272.00,18272.00,17570.00,18272.00
38417665293111458,20130916,17831.00,18305.00,4,7829,143309845.00,18305.00,18305.00,17601.00,18305.00
38417665293111458,20130917,17843.00,18544.00,2,417,7732848.00,18544.00,18544.00,17831.00,18544.00
38417665293111458,20130918,17850.00,18556.00,1,221,4100876.00,18556.00,18556.00,17843.00,18556.00
38417665293111458,20130921,17934.00,18564.00,3,2837,52666068.00,18564.00,18564.00,17850.00,18564.00
38417665293111458,20130922,18065.00,18651.00,3,4375,81598125.00,18651.00,18651.00,17934.00,18651.00
38417665293111458,20130923,18127.00,18787.00,3,2053,38569711.00,18787.00,18787.00,18065.00,18787.00
38417665293111458,20130924,18130.00,18852.00,1,100,1885200.00,18852.00,18852.00,18127.00,18852.00
38417665293111458,20130925,18160.00,18855.00,1,1000,18855000.00,18855.00,18855.00,18130.00,18855.00
38417665293111458,20130928,18279.00,18886.00,3,3933,74278638.00,18886.00,18886.00,18160.00,18886.00
38417665293111458,20130929,18367.00,19010.00,3,2887,54881870.00,19010.00,19010.00,18279.00,19010.00
38417665293111458,20130930,18391.00,19101.00,3,785,14994285.00,19101.00,19101.00,18367.00,19101.00
38417665293111458,20131001,18491.00,19126.00,4,3274,62618524.00,19126.00,19126.00,18391.00,19126.00
38417665293111458,20131002,18731.00,19230.00,9,7787,149744010.00,19230.00,19230.00,18491.00,19230.00
38417665293111458,20131005,18794.00,19480.00,5,2016,39271680.00,19480.00,19480.00,18731.00,19480.00
38417665293111458,20131006,18861.00,19545.00,6,2150,42021750.00,19545.00,19545.00,18794.00,19545.00
38417665293111458,20131007,18861.00,19545.00,0,0,0.00,0.00,0.00,18861.00,0.00
38417665293111458,20131008,18861.00,19545.00,0,0,0.00,0.00,0.00,18861.00,0.00
38417665293111458,20131009,19040.00,19615.00,6,5705,111903575.00,19615.00,19615.00,18861.00,19615.00
38417665293111458,20131012,19054.00,19801.00,2,441,8732241.00,19801.00,19801.00,19040.00,19801.00
38417665293111458,20131013,19054.00,19801.00,0,0,0.00,0.00,0.00,19054.00,0.00
38417665293111458,20131014,19128.00,19816.00,2,2336,46290176.00,19816.00,19816.00,19054.00,19816.00
38417665293111458,20131015,19198.00,19893.00,2,2184,43446312.00,19893.00,19893.00,19128.00,19893.00
38417665293111458,20131019,19249.00,19965.00,2,1600,31944000.00,19965.00,19965.00,19198.00,19965.00
38417665293111458,20131020,19295.00,20018.00,2,1437,28765866.00,20018.00,20018.00,19249.00,20018.00
38417665293111458,20131021,19327.00,20066.00,1,1000,20066000.00,20066.00,20066.00,19295.00,20066.00
38417665293111458,20131022,19344.00,20100.00,1,525,10552500.00,20100.00,20100.00,19327.00,20100.00
38417665293111458,20131023,19398.00,20117.00,2,1666,33514922.00,20117.00,20117.00,19344.00,20117.00
38417665293111458,20131026,19444.00,20173.00,2,1417,28585141.00,20173.00,20173.00,19398.00,20173.00
38417665293111458,20131027,19463.00,20221.00,1,588,11889948.00,20221.00,20221.00,19444.00,20221.00
38417665293111458,20131028,19528.00,20241.00,2,2007,40623687.00,20241.00,20241.00,19463.00,20241.00
38417665293111458,20131029,19528.00,20241.00,0,0,0.00,0.00,0.00,19528.00,0.00
38417665293111458,20131030,19561.00,20309.00,1,1000,20309000.00,20309.00,20309.00,19528.00,20309.00
38417665293111458,20131102,19623.00,20343.00,3,1891,38468613.00,20343.00,20343.00,19561.00,20343.00
38417665293111458,20131103,19623.00,20343.00,0,0,0.00,0.00,0.00,19623.00,0.00
38417665293111458,20131104,19643.00,20407.00,1,607,12387049.00,20407.00,20407.00,19623.00,20407.00
38417665293111458,20131105,19643.00,20407.00,0,0,0.00,0.00,0.00,19643.00,0.00
38417665293111458,20131106,19699.00,20428.00,2,1715,35034020.00,20428.00,20428.00,19643.00,20428.00
38417665293111458,20131109,19967.00,20486.00,3,8184,167657424.00,20486.00,20486.00,19699.00,20486.00
38417665293111458,20131110,19969.00,20765.00,1,50,1038250.00,20765.00,20765.00,19967.00,20765.00
38417665293111458,20131111,19969.00,20765.00,0,0,0.00,0.00,0.00,19969.00,0.00
38417665293111458,20131112,19986.00,20767.00,2,510,10591170.00,20767.00,20767.00,19969.00,20767.00
38417665293111458,20131116,19986.00,20785.00,1,5,103925.00,20785.00,20785.00,19986.00,20785.00
38417665293111458,20131117,19986.00,20785.00,0,0,0.00,0.00,0.00,19986.00,0.00
38417665293111458,20131118,20058.00,20785.00,4,2151,44708535.00,20785.00,20785.00,19986.00,20785.00
38417665293111458,20131119,20266.00,20860.00,7,6220,129749200.00,20860.00,20860.00,20058.00,20860.00
38417665293111458,20131120,20354.00,21076.00,4,2614,55092664.00,21076.00,21076.00,20266.00,21076.00
38417665293111458,20131123,20359.00,21168.00,2,151,3196368.00,21168.00,21168.00,20354.00,21168.00
38417665293111458,20131124,20375.00,21173.00,1,466,9866618.00,21173.00,21173.00,20359.00,21173.00
38417665293111458,20131125,20375.00,21173.00,0,0,0.00,0.00,0.00,20375.00,0.00
38417665293111458,20131126,20378.00,21190.00,1,100,2119000.00,21190.00,21190.00,20375.00,21190.00
38417665293111458,20131127,20509.00,21193.00,1,3852,81635436.00,21193.00,21193.00,20378.00,21193.00
38417665293111458,20131130,20509.00,21193.00,0,0,0.00,0.00,0.00,20509.00,0.00
38417665293111458,20131201,20526.00,21329.00,1,500,10664500.00,21329.00,21329.00,20509.00,21329.00
38417665293111458,20131202,20598.00,21347.00,1,2094,44700618.00,21347.00,21347.00,20526.00,21347.00
38417665293111458,20131203,20598.00,21421.00,1,5,107105.00,21421.00,21421.00,20598.00,21421.00
38417665293111458,20131204,21011.00,21421.00,12,12036,257823156.00,21421.00,21421.00,20598.00,21421.00
38417665293111458,20131207,21046.00,21851.00,1,1000,21851000.00,21851.00,21851.00,21011.00,21851.00
38417665293111458,20131208,21050.00,21887.00,1,100,2188700.00,21887.00,21887.00,21046.00,21887.00
38417665293111458,20131209,21119.00,21892.00,2,1958,42864536.00,21892.00,21892.00,21050.00,21892.00
38417665293111458,20131210,21156.00,21963.00,1,1046,22973298.00,21963.00,21963.00,21119.00,21963.00
38417665293111458,20131211,21170.00,22002.00,3,400,8800800.00,22002.00,22002.00,21156.00,22002.00
38417665293111458,20131214,21174.00,22016.00,1,100,2201600.00,22016.00,22016.00,21170.00,22016.00
38417665293111458,20131215,21174.00,22016.00,0,0,0.00,0.00,0.00,21174.00,0.00
38417665293111458,20131216,21174.00,22016.00,0,0,0.00,0.00,0.00,21174.00,0.00
38417665293111458,20131217,21174.00,22016.00,0,0,0.00,0.00,0.00,21174.00,0.00
38417665293111458,20131218,20274.00,22016.00,0,0,0.00,0.00,0.00,20274.00,0.00
38417665293111458,20131221,20274.00,22016.00,0,0,0.00,0.00,0.00,20274.00,0.00
38417665293111458,20131222,20339.00,21084.00,4,1916,40396944.00,21084.00,21084.00,20274.00,21084.00
38417665293111458,20131224,20407.00,21152.00,1,2000,42304000.00,21152.00,21152.00,20339.00,21152.00
38417665293111458,20131225,20554.00,21223.00,3,4315,91577245.00,21223.00,21223.00,20407.00,21223.00
38417665293111458,20131228,21376.00,21376.00,5,36516,780566016.00,21376.00,21376.00,20554.00,21376.00
38417665293111458,20131229,21401.00,22231.00,2,698,15517238.00,22231.00,22231.00,21376.00,22231.00
38417665293111458,20131230,21475.00,22257.00,7,2066,45982962.00,22257.00,22257.00,21401.00,22257.00
38417665293111458,20140101,21794.00,22334.00,5,8900,198772600.00,22334.00,22334.00,21475.00,22334.00
38417665293111458,20140104,21940.00,22665.00,4,4010,90886650.00,22665.00,22665.00,21794.00,22665.00
38417665293111458,20140105,22817.00,22817.00,5,61010,1392065170.00,22817.00,22817.00,21940.00,22817.00
38417665293111458,20140106,23235.00,23729.00,4,11010,261256290.00,23729.00,23729.00,22817.00,23729.00
38417665293111458,20140107,23235.00,24164.00,1,10,241640.00,24164.00,24164.00,23235.00,24164.00
38417665293111458,20140108,23645.00,24164.00,5,10585,255775940.00,24164.00,24164.00,23235.00,24164.00
38417665293111458,20140111,24039.00,24590.00,2,10010,246145900.00,24590.00,24590.00,23645.00,24590.00
38417665293111458,20140112,24039.00,25000.00,1,10,250000.00,25000.00,25000.00,24039.00,25000.00
38417665293111458,20140113,24039.00,25000.00,0,0,0.00,0.00,0.00,24039.00,0.00
38417665293111458,20140114,24060.00,25000.00,2,530,13250000.00,25000.00,25000.00,24039.00,25000.00
38417665293111458,20140115,24061.00,25022.00,1,20,500440.00,25022.00,25022.00,24060.00,25022.00
38417665293111458,20140118,24221.00,25023.00,2,4000,100092000.00,25023.00,25023.00,24061.00,25023.00
38417665293111458,20140120,24646.00,25189.00,4,10531,265265359.00,25189.00,25189.00,24221.00,25189.00
38417665293111458,20140121,24658.00,25631.00,1,285,7304835.00,25631.00,25631.00,24646.00,25631.00
38417665293111458,20140122,25156.00,25644.00,7,12126,310959144.00,25644.00,25644.00,24658.00,25644.00
38417665293111458,20140125,25333.00,26162.00,6,4222,110455964.00,26162.00,26162.00,25156.00,26162.00
38417665293111458,20140126,25544.00,26346.00,9,5007,131914422.00,26346.00,26346.00,25333.00,26346.00
38417665293111458,20140127,26537.00,26565.00,60,177562,4711905690.00,25645.00,26565.00,25544.00,26565.00
38417665293111458,20140128,27007.00,27598.00,9,10640,293642720.00,27598.00,27598.00,26537.00,27598.00
38417665293111458,20140129,27156.00,28087.00,3,3305,92827535.00,28087.00,28087.00,27007.00,28087.00
38417665293111458,20140201,27530.00,28242.00,4,8272,233617824.00,28242.00,28242.00,27156.00,28242.00
38417665293111458,20140202,28623.00,28631.00,198,340981,9759895253.00,28242.00,28631.00,27530.00,28631.00
38417665293111458,20140203,29482.00,29767.00,94,103041,3037821737.00,28706.00,29767.00,28623.00,29000.00
38417665293111458,20140204,30659.00,30661.00,72,117746,3609997918.00,30550.00,30661.00,29482.00,30661.00
38417665293111458,20140205,31057.00,31885.00,28,7784,248192840.00,31885.00,31885.00,30659.00,31885.00
38417665293111458,20140208,32069.00,32299.00,286,244265,7833408319.00,29966.00,32299.00,31057.00,32299.00
38417665293111458,20140209,33133.00,33351.00,112,88731,2939968225.00,32069.00,33351.00,32069.00,33199.00
38417665293111458,20140210,34458.00,34458.00,66,78151,2692927158.00,34458.00,34458.00,33133.00,34458.00
38417665293111458,20140212,35236.00,33080.00,437,263190,9273735700.00,33080.00,35836.00,34458.00,34800.00
38417665293111458,20140215,35227.00,33827.00,3,160,5412320.00,33827.00,33827.00,35236.00,33827.00
38417665293111458,20140216,35131.00,33818.00,12,1633,55224794.00,33818.00,33818.00,35227.00,33818.00
38417665293111458,20140217,34944.00,33726.00,6,3190,107585940.00,33726.00,33726.00,35131.00,33726.00
38417665293111458,20140218,34942.00,33547.00,1,30,1006410.00,33547.00,33547.00,34944.00,33547.00
38417665293111458,20140219,34940.00,33545.00,1,32,1073440.00,33545.00,33545.00,34942.00,33545.00
38417665293111458,20140222,34940.00,33545.00,0,0,0.00,0.00,0.00,34940.00,0.00
38417665293111458,20140223,34940.00,33545.00,0,0,0.00,0.00,0.00,34940.00,0.00
38417665293111458,20140224,34940.00,33545.00,0,0,0.00,0.00,0.00,34940.00,0.00
38417665293111458,20140225,34940.00,33545.00,0,0,0.00,0.00,0.00,34940.00,0.00
38417665293111458,20140226,34940.00,33545.00,0,0,0.00,0.00,0.00,34940.00,0.00
38417665293111458,20140301,34940.00,33545.00,0,0,0.00,0.00,0.00,34940.00,0.00
38417665293111458,20140302,34940.00,33545.00,0,0,0.00,0.00,0.00,34940.00,0.00
38417665293111458,20140303,34940.00,33545.00,0,0,0.00,0.00,0.00,34940.00,0.00
38417665293111458,20140304,34938.00,33543.00,1,30,1006290.00,33543.00,33543.00,34940.00,33543.00
38417665293111458,20140305,34929.00,33541.00,2,146,4896986.00,33541.00,33541.00,34938.00,33541.00
38417665293111458,20140308,34927.00,33532.00,1,29,972428.00,33532.00,33532.00,34929.00,33532.00
38417665293111458,20140309,34913.00,33530.00,2,232,7778960.00,33530.00,33530.00,34927.00,33530.00
38417665293111458,20140310,34911.00,33517.00,1,30,1005510.00,33517.00,33517.00,34913.00,33517.00
38417665293111458,20140311,34911.00,33517.00,0,0,0.00,0.00,0.00,34911.00,0.00
38417665293111458,20140312,34910.00,33515.00,3,17,569755.00,33515.00,33515.00,34911.00,33515.00
38417665293111458,20140315,34907.00,33514.00,2,60,2010840.00,33514.00,33514.00,34910.00,33514.00
38417665293111458,20140316,34905.00,33511.00,1,32,1072352.00,33511.00,33511.00,34907.00,33511.00
38417665293111458,20140317,34903.00,33509.00,1,32,1072288.00,33509.00,33509.00,34905.00,33509.00
38417665293111458,20140318,34902.00,33507.00,2,10,335070.00,33507.00,33507.00,34903.00,33507.00
38417665293111458,20140319,34902.00,33507.00,0,0,0.00,0.00,0.00,34902.00,0.00
38417665293111458,20140325,34900.00,33506.00,1,32,1072192.00,33506.00,33506.00,34902.00,33506.00
38417665293111458,20140326,34670.00,33504.00,5,3952,132407808.00,33504.00,33504.00,34900.00,33504.00
38417665293111458,20140329,33284.00,33284.00,18,50000,1664200000.00,33284.00,33284.00,34670.00,33284.00
38417665293111458,20140330,32726.00,31953.00,3,10062,321511086.00,31953.00,31953.00,33284.00,31953.00
38417665293111458,20140331,32724.00,31417.00,1,33,1036761.00,31417.00,31417.00,32726.00,31417.00
38417665293111458,20140405,32722.00,31416.00,1,34,1068144.00,31416.00,31416.00,32724.00,31416.00
38417665293111458,20140406,32720.00,31414.00,1,34,1068076.00,31414.00,31414.00,32722.00,31414.00
38417665293111458,20140407,32720.00,31414.00,0,0,0.00,0.00,0.00,32720.00,0.00
38417665293111458,20140408,32718.00,31412.00,1,34,1068008.00,31412.00,31412.00,32720.00,31412.00
38417665293111458,20140409,32703.00,31410.00,2,274,8606340.00,31410.00,31410.00,32718.00,31410.00
38417665293111458,20140412,32701.00,31395.00,1,34,1067430.00,31395.00,31395.00,32703.00,31395.00
38417665293111458,20140413,32699.00,31393.00,1,34,1067362.00,31393.00,31393.00,32701.00,31393.00
38417665293111458,20140414,32698.00,31392.00,2,10,313920.00,31392.00,31392.00,32699.00,31392.00
38417665293111458,20140415,32696.00,31391.00,1,34,1067294.00,31391.00,31391.00,32698.00,31391.00
38417665293111458,20140416,32696.00,31391.00,0,0,0.00,0.00,0.00,32696.00,0.00
38417665293111458,20140419,32694.00,31389.00,1,34,1067226.00,31389.00,31389.00,32696.00,31389.00
38417665293111458,20140420,32685.00,31387.00,1,158,4959146.00,31387.00,31387.00,32694.00,31387.00
38417665293111458,20140421,32629.00,31378.00,3,1034,32444852.00,31378.00,31378.00,32685.00,31378.00
38417665293111458,20140422,32627.00,31324.00,1,34,1065016.00,31324.00,31324.00,32629.00,31324.00
38417665293111458,20140423,32492.00,31322.00,7,2482,77741204.00,31322.00,31322.00,32627.00,31322.00
38417665293111458,20140426,32490.00,31193.00,1,35,1091755.00,31193.00,31193.00,32492.00,31193.00
38417665293111458,20140427,32488.00,31191.00,1,34,1060494.00,31191.00,31191.00,32490.00,31191.00
38417665293111458,20140428,32486.00,31189.00,1,35,1091615.00,31189.00,31189.00,32488.00,31189.00
38417665293111458,20140429,32484.00,31187.00,1,35,1091545.00,31187.00,31187.00,32486.00,31187.00
38417665293111458,20140430,32480.00,31185.00,1,67,2089395.00,31185.00,31185.00,32484.00,31185.00
38417665293111458,20140503,32480.00,31185.00,0,0,0.00,0.00,0.00,32480.00,0.00
38417665293111458,20140504,32478.00,31181.00,2,35,1091335.00,31181.00,31181.00,32480.00,31181.00
38417665293111458,20140505,32478.00,31181.00,0,0,0.00,0.00,0.00,32478.00,0.00
38417665293111458,20140506,32478.00,31181.00,0,0,0.00,0.00,0.00,32478.00,0.00
38417665293111458,20140507,32476.00,31179.00,1,32,997728.00,31179.00,31179.00,32478.00,31179.00
38417665293111458,20140510,32476.00,31179.00,0,0,0.00,0.00,0.00,32476.00,0.00
38417665293111458,20140511,32446.00,31177.00,3,550,17147350.00,31177.00,31177.00,32476.00,31177.00
38417665293111458,20140512,32445.00,31149.00,5,10,311490.00,31149.00,31149.00,32446.00,31149.00
38417665293111458,20140514,32442.00,31148.00,1,63,1962324.00,31148.00,31148.00,32445.00,31148.00
38417665293111458,20140517,32440.00,31145.00,1,35,1090075.00,31145.00,31145.00,32442.00,31145.00
38417665293111458,20140518,31737.00,31143.00,4,13000,404859000.00,31143.00,31143.00,32440.00,31143.00
38417665293111458,20140519,31731.00,30468.00,3,105,3199140.00,30468.00,30468.00,31737.00,30468.00
38417665293111458,20140520,31729.00,30462.00,1,35,1066170.00,30462.00,30462.00,31731.00,30462.00
38417665293111458,20140521,31727.00,30460.00,1,35,1066100.00,30460.00,30460.00,31729.00,30460.00
38417665293111458,20140524,31727.00,30460.00,0,0,0.00,0.00,0.00,31727.00,0.00
38417665293111458,20140525,31726.00,30458.00,1,10,304580.00,30458.00,30458.00,31727.00,30458.00
38417665293111458,20140526,31726.00,30458.00,0,0,0.00,0.00,0.00,31726.00,0.00
38417665293111458,20140528,31726.00,30458.00,0,0,0.00,0.00,0.00,31726.00,0.00
38417665293111458,20140531,31726.00,30458.00,0,0,0.00,0.00,0.00,31726.00,0.00
38417665293111458,20140601,31719.00,30457.00,1,130,3959410.00,30457.00,30457.00,31726.00,30457.00
38417665293111458,20140602,31664.00,30451.00,3,1035,31516785.00,30451.00,30451.00,31719.00,30451.00
38417665293111458,20140603,31652.00,30398.00,5,229,6961142.00,30398.00,30398.00,31664.00,30398.00
38417665293111458,20140607,31331.00,30386.00,6,6093,185141898.00,30386.00,30386.00,31652.00,30386.00
38417665293111458,20140608,31247.00,30078.00,6,1617,48636126.00,30078.00,30078.00,31331.00,30078.00
38417665293111458,20140609,31245.00,29998.00,1,36,1079928.00,29998.00,29998.00,31247.00,29998.00
38417665293111458,20140610,31243.00,29996.00,1,36,1079856.00,29996.00,29996.00,31245.00,29996.00
38417665293111458,20140611,31229.00,29994.00,4,263,7888422.00,29994.00,29994.00,31243.00,29994.00
38417665293111458,20140614,31227.00,29980.00,1,36,1079280.00,29980.00,29980.00,31229.00,29980.00
38417665293111458,20140615,31227.00,29980.00,0,0,0.00,0.00,0.00,31227.00,0.00
38417665293111458,20140616,31218.00,29978.00,7,168,5036304.00,29978.00,29978.00,31227.00,29978.00
38417665293111458,20140617,31218.00,29978.00,0,0,0.00,0.00,0.00,31218.00,0.00
38417665293111458,20140618,31218.00,29978.00,0,0,0.00,0.00,0.00,31218.00,0.00
38417665293111458,20140621,31218.00,29978.00,0,0,0.00,0.00,0.00,31218.00,0.00
38417665293111458,20140622,29718.00,29978.00,0,0,0.00,0.00,0.00,29718.00,0.00
38417665293111458,20140623,29718.00,29978.00,0,0,0.00,0.00,0.00,29718.00,0.00
38417665293111458,20140624,29717.00,28530.00,3,20,570600.00,28530.00,28530.00,29718.00,28530.00
38417665293111458,20140625,29715.00,28529.00,1,38,1084102.00,28529.00,28529.00,29717.00,28529.00
38417665293111458,20140628,29715.00,28529.00,0,0,0.00,0.00,0.00,29715.00,0.00
38417665293111458,20140629,29711.00,28527.00,2,76,2168052.00,28527.00,28527.00,29715.00,28527.00
38417665293111458,20140630,29709.00,28523.00,1,38,1083874.00,28523.00,28523.00,29711.00,28523.00
38417665293111458,20140701,29703.00,28521.00,3,114,3251394.00,28521.00,28521.00,29709.00,28521.00
38417665293111458,20140702,29688.00,28515.00,4,309,8811135.00,28515.00,28515.00,29703.00,28515.00
38417665293111458,20140705,29669.00,28501.00,2,387,11029887.00,28501.00,28501.00,29688.00,28501.00
38417665293111458,20140706,29667.00,28483.00,1,38,1082354.00,28483.00,28483.00,29669.00,28483.00
38417665293111458,20140707,29665.00,28481.00,1,38,1082278.00,28481.00,28481.00,29667.00,28481.00
38417665293111458,20140708,29664.00,28479.00,1,15,427185.00,28479.00,28479.00,29665.00,28479.00
38417665293111458,20140709,29662.00,28478.00,1,38,1082164.00,28478.00,28478.00,29664.00,28478.00
38417665293111458,20140712,29662.00,28478.00,0,0,0.00,0.00,0.00,29662.00,0.00
38417665293111458,20140713,29660.00,28476.00,1,38,1082088.00,28476.00,28476.00,29662.00,28476.00
38417665293111458,20140714,29658.00,28474.00,1,38,1082012.00,28474.00,28474.00,29660.00,28474.00
38417665293111458,20140715,29656.00,28472.00,1,38,1081936.00,28472.00,28472.00,29658.00,28472.00
38417665293111458,20140716,29654.00,28470.00,1,38,1081860.00,28470.00,28470.00,29656.00,28470.00
38417665293111458,20140720,28468.00,28468.00,1,38,1081784.00,28468.00,28468.00,29654.00,28468.00
38417665293111458,20140721,28466.00,27330.00,1,38,1038540.00,27330.00,27330.00,28468.00,27330.00
38417665293111458,20140722,28456.00,27328.00,3,215,5875520.00,27328.00,27328.00,28466.00,27328.00
38417665293111458,20140723,28452.00,27318.00,2,78,2130804.00,27318.00,27318.00,28456.00,27318.00
38417665293111458,20140726,28450.00,27314.00,1,40,1092560.00,27314.00,27314.00,28452.00,27314.00
38417665293111458,20140727,28448.00,27312.00,1,39,1065168.00,27312.00,27312.00,28450.00,27312.00
38417665293111458,20140728,28444.00,27311.00,2,80,2184880.00,27311.00,27311.00,28448.00,27311.00
38417665293111458,20140802,28442.00,27307.00,1,37,1010359.00,27307.00,27307.00,28444.00,27307.00
38417665293111458,20140803,28440.00,27305.00,1,36,982980.00,27305.00,27305.00,28442.00,27305.00
38417665293111458,20140804,28438.00,27303.00,1,37,1010211.00,27303.00,27303.00,28440.00,27303.00
38417665293111458,20140805,28434.00,27301.00,2,77,2102177.00,27301.00,27301.00,28438.00,27301.00
38417665293111458,20140806,28432.00,27297.00,1,39,1064583.00,27297.00,27297.00,28434.00,27297.00
38417665293111458,20140809,28430.00,27295.00,1,39,1064505.00,27295.00,27295.00,28432.00,27295.00
38417665293111458,20140810,28428.00,27293.00,1,40,1091720.00,27293.00,27293.00,28430.00,27293.00
38417665293111458,20140811,28426.00,27291.00,1,40,1091640.00,27291.00,27291.00,28428.00,27291.00
38417665293111458,20140812,28426.00,27291.00,0,0,0.00,0.00,0.00,28426.00,0.00
38417665293111458,20140813,28424.00,27289.00,1,40,1091560.00,27289.00,27289.00,28426.00,27289.00
38417665293111458,20140816,28422.00,27288.00,1,40,1091520.00,27288.00,27288.00,28424.00,27288.00
38417665293111458,20140817,28420.00,27286.00,1,39,1064154.00,27286.00,27286.00,28422.00,27286.00
38417665293111458,20140818,28418.00,27284.00,1,40,1091360.00,27284.00,27284.00,28420.00,27284.00
38417665293111458,20140819,28416.00,27282.00,1,50,1364100.00,27282.00,27282.00,28418.00,27282.00
38417665293111458,20140820,28414.00,27280.00,1,49,1336720.00,27280.00,27280.00,28416.00,27280.00
38417665293111458,20140823,28409.00,27278.00,1,100,2727800.00,27278.00,27278.00,28414.00,27278.00
38417665293111458,20140824,28403.00,27273.00,2,128,3490944.00,27273.00,27273.00,28409.00,27273.00
38417665293111458,20140825,28403.00,27273.00,0,0,0.00,0.00,0.00,28403.00,0.00
38417665293111458,20140826,28401.00,27267.00,1,40,1090680.00,27267.00,27267.00,28403.00,27267.00
38417665293111458,20140827,28401.00,27267.00,0,0,0.00,0.00,0.00,28401.00,0.00
38417665293111458,20140830,28399.00,27265.00,1,40,1090600.00,27265.00,27265.00,28401.00,27265.00
38417665293111458,20140831,28397.00,27264.00,1,52,1417728.00,27264.00,27264.00,28399.00,27264.00
38417665293111458,20140901,28397.00,27264.00,0,0,0.00,0.00,0.00,28397.00,0.00
38417665293111458,20140902,25426.00,25081.00,3,121,3076601.00,25081.00,26126.00,28397.00,26126.00
38417665293111458,20140903,25299.00,24409.00,1,3000,73227000.00,24409.00,24409.00,25426.00,24409.00
38417665293111458,20140906,25299.00,24409.00,0,0,0.00,0.00,0.00,25299.00,0.00
38417665293111458,20140907,25299.00,24409.00,0,0,0.00,0.00,0.00,25299.00,0.00
38417665293111458,20140908,25299.00,24409.00,0,0,0.00,0.00,0.00,25299.00,0.00
38417665293111458,20140909,25299.00,24409.00,0,0,0.00,0.00,0.00,25299.00,0.00
38417665293111458,20140910,25299.00,24409.00,0,0,0.00,0.00,0.00,25299.00,0.00
38417665293111458,20140913,25299.00,24409.00,0,0,0.00,0.00,0.00,25299.00,0.00
38417665293111458,20140914,25299.00,24409.00,0,0,0.00,0.00,0.00,25299.00,0.00
38417665293111458,20140915,25299.00,24409.00,0,0,0.00,0.00,0.00,25299.00,0.00
38417665293111458,20140916,25299.00,24409.00,0,0,0.00,0.00,0.00,25299.00,0.00
38417665293111458,20140917,25297.00,24288.00,1,43,1044384.00,24288.00,24288.00,25299.00,24288.00
38417665293111458,20140920,25297.00,24288.00,0,0,0.00,0.00,0.00,25297.00,0.00
38417665293111458,20140921,25297.00,24288.00,0,0,0.00,0.00,0.00,25297.00,0.00
38417665293111458,20140922,25297.00,24288.00,0,0,0.00,0.00,0.00,25297.00,0.00
38417665293111458,20140923,25296.00,24286.00,2,20,485720.00,24286.00,24286.00,25297.00,24286.00
38417665293111458,20140924,25294.00,24285.00,1,43,1044255.00,24285.00,24285.00,25296.00,24285.00
38417665293111458,20140927,25292.00,24283.00,1,41,995603.00,24283.00,24283.00,25294.00,24283.00
38417665293111458,20140928,25290.00,24281.00,1,43,1044083.00,24281.00,24281.00,25292.00,24281.00
38417665293111458,20140929,25288.00,24279.00,1,43,1043997.00,24279.00,24279.00,25290.00,24279.00
38417665293111458,20140930,25285.00,24277.00,1,61,1480897.00,24277.00,24277.00,25288.00,24277.00
38417665293111458,20141001,25264.00,24274.00,3,497,12064178.00,24274.00,24274.00,25285.00,24274.00
38417665293111458,20141004,25262.00,24254.00,1,43,1042922.00,24254.00,24254.00,25264.00,24254.00
38417665293111458,20141006,25259.00,24252.00,1,60,1455120.00,24252.00,24252.00,25262.00,24252.00
38417665293111458,20141007,25257.00,24249.00,1,43,1042707.00,24249.00,24249.00,25259.00,24249.00
38417665293111458,20141008,25250.00,24247.00,1,157,3806779.00,24247.00,24247.00,25257.00,24247.00
38417665293111458,20141011,25245.00,24240.00,2,116,2811840.00,24240.00,24240.00,25250.00,24240.00
38417665293111458,20141012,25238.00,24236.00,1,158,3829288.00,24236.00,24236.00,25245.00,24236.00
38417665293111458,20141014,25238.00,24236.00,0,0,0.00,0.00,0.00,25238.00,0.00
38417665293111458,20141015,25235.00,24229.00,1,77,1865633.00,24229.00,24229.00,25238.00,24229.00
38417665293111458,20141018,25136.00,24226.00,2,2351,56955326.00,24226.00,24226.00,25235.00,24226.00
38417665293111458,20141019,25133.00,24131.00,2,83,2002873.00,24131.00,24131.00,25136.00,24131.00
38417665293111458,20141020,24988.00,24128.00,8,3473,83796544.00,24128.00,24128.00,25133.00,24128.00
38417665293111458,20141021,24986.00,23989.00,1,41,983549.00,23989.00,23989.00,24988.00,23989.00
38417665293111458,20141022,22074.00,22069.00,114,107231,2367022958.00,22069.00,22988.00,24986.00,22988.00
38417665293111458,20141025,22048.00,21192.00,3,714,15131088.00,21192.00,21192.00,22074.00,21192.00
38417665293111458,20141026,22044.00,21167.00,2,100,2116700.00,21167.00,21167.00,22048.00,21167.00
38417665293111458,20141027,22040.00,21163.00,1,117,2476071.00,21163.00,21163.00,22044.00,21163.00
38417665293111458,20141028,22039.00,21159.00,5,20,423180.00,21159.00,21159.00,22040.00,21159.00
38417665293111458,20141029,22034.00,21158.00,2,145,3067910.00,21158.00,21158.00,22039.00,21158.00
38417665293111458,20141101,22008.00,21153.00,5,718,15187854.00,21153.00,21153.00,22034.00,21153.00
38417665293111458,20141102,21958.00,21128.00,4,1352,28565056.00,21128.00,21128.00,22008.00,21128.00
38417665293111458,20141105,21946.00,21080.00,2,336,7082880.00,21080.00,21080.00,21958.00,21080.00
38417665293111458,20141108,21925.00,21069.00,4,564,11882916.00,21069.00,21069.00,21946.00,21069.00
38417665293111458,20141109,21918.00,21048.00,2,186,3914928.00,21048.00,21048.00,21925.00,21048.00
38417665293111458,20141110,21914.00,21042.00,2,99,2083158.00,21042.00,21042.00,21918.00,21042.00
38417665293111458,20141111,21646.00,22790.00,255,492513,10660862551.00,21038.00,22790.00,21914.00,21038.00
38417665293111458,20141112,22362.00,22511.00,28,19867,447226037.00,22511.00,22511.00,21646.00,22511.00
38417665293111458,20141115,23256.00,23256.00,21,28219,656261064.00,23256.00,23256.00,22362.00,23256.00
38417665293111458,20141116,23751.00,24183.00,167,245134,5822134372.00,22326.00,24186.00,23256.00,24186.00
38417665293111458,20141117,23406.00,22801.00,125,138000,3230068498.00,22801.00,24600.00,23751.00,24600.00
38417665293111458,20141118,22593.00,22470.00,74,94509,2135283202.00,22470.00,23600.00,23406.00,22470.00
38417665293111458,20141119,21773.00,21690.00,54,59289,1290912082.00,21690.00,22290.00,22593.00,21690.00
38417665293111458,20141122,20976.00,20904.00,93,90331,1894758237.00,20903.00,21765.00,21773.00,20903.00
38417665293111458,20141123,20640.00,20137.00,44,59725,1232698388.00,20137.00,21815.00,20976.00,21000.00
38417665293111458,20141124,19994.00,19815.00,110,64953,1298679750.00,19815.00,21150.00,20640.00,20090.00
38417665293111458,20141125,19835.00,19195.00,20,4764,91444980.00,19195.00,19195.00,19994.00,19195.00
38417665293111458,20141126,19075.00,19042.00,54,27919,532542906.00,19042.00,19195.00,19835.00,19042.00
38417665293111458,20141129,18598.00,18312.00,61,30500,567245626.00,18312.00,19838.00,19075.00,19838.00
38417665293111458,20141130,18282.00,17855.00,25,10575,189088725.00,17855.00,18000.00,18598.00,17855.00
38417665293111458,20141201,18170.00,17551.00,19,3895,68508769.00,17551.00,18949.00,18282.00,18949.00
38417665293111458,20141202,18049.00,17444.00,14,4016,70061417.00,17444.00,17551.00,18170.00,17551.00
38417665293111458,20141203,18049.00,17444.00,0,0,0.00,0.00,0.00,18049.00,0.00
38417665293111458,20141206,18049.00,17444.00,0,0,0.00,0.00,0.00,18049.00,0.00
38417665293111458,20141207,18049.00,17444.00,0,0,0.00,0.00,0.00,18049.00,0.00
38417665293111458,20141208,18049.00,17444.00,0,0,0.00,0.00,0.00,18049.00,0.00
38417665293111458,20141209,18049.00,17444.00,0,0,0.00,0.00,0.00,18049.00,0.00
38417665293111458,20141210,18045.00,17328.00,3,119,2062032.00,17328.00,17328.00,18049.00,17328.00
38417665293111458,20141214,18043.00,17324.00,1,60,1039440.00,17324.00,17324.00,18045.00,17324.00
38417665293111458,20141215,18041.00,17322.00,1,60,1039320.00,17322.00,17322.00,18043.00,17322.00
38417665293111458,20141216,18041.00,17322.00,0,0,0.00,0.00,0.00,18041.00,0.00
38417665293111458,20141217,18041.00,17322.00,0,0,0.00,0.00,0.00,18041.00,0.00
38417665293111458,20141220,18039.00,17320.00,1,60,1039200.00,17320.00,17320.00,18041.00,17320.00
38417665293111458,20141222,17992.00,17318.00,6,1552,26877536.00,17318.00,17318.00,18039.00,17318.00
38417665293111458,20141224,17988.00,17273.00,1,120,2072760.00,17273.00,17273.00,17992.00,17273.00
38417665293111458,20141227,17988.00,17273.00,0,0,0.00,0.00,0.00,17988.00,0.00
38417665293111458,20141228,17988.00,17273.00,0,0,0.00,0.00,0.00,17988.00,0.00
38417665293111458,20141229,17984.00,17269.00,2,120,2072280.00,17269.00,17269.00,17988.00,17269.00
38417665293111458,20141230,17984.00,17269.00,0,0,0.00,0.00,0.00,17984.00,0.00
38417665293111458,20141231,17982.00,17265.00,1,60,1035900.00,17265.00,17265.00,17984.00,17265.00
38417665293111458,20150103,17982.00,17265.00,0,0,0.00,0.00,0.00,17982.00,0.00
38417665293111458,20150104,17982.00,17265.00,0,0,0.00,0.00,0.00,17982.00,0.00
38417665293111458,20150105,17979.00,17263.00,1,100,1726300.00,17263.00,17263.00,17982.00,17263.00
38417665293111458,20150106,17979.00,17263.00,0,0,0.00,0.00,0.00,17979.00,0.00
38417665293111458,20150107,17975.00,17260.00,2,120,2071200.00,17260.00,17260.00,17979.00,17260.00
38417665293111458,20150110,17966.00,17256.00,1,288,4969728.00,17256.00,17256.00,17975.00,17256.00
38417665293111458,20150111,17957.00,17248.00,2,288,4967424.00,17248.00,17248.00,17966.00,17248.00
38417665293111458,20150112,17955.00,17239.00,1,63,1086057.00,17239.00,17239.00,17957.00,17239.00
38417665293111458,20150113,17955.00,17239.00,0,0,0.00,0.00,0.00,17955.00,0.00
38417665293111458,20150114,17955.00,17239.00,0,0,0.00,0.00,0.00,17955.00,0.00
38417665293111458,20150117,17955.00,17239.00,0,0,0.00,0.00,0.00,17955.00,0.00
38417665293111458,20150118,17953.00,17237.00,1,55,948035.00,17237.00,17237.00,17955.00,17237.00
38417665293111458,20150119,17953.00,17237.00,0,0,0.00,0.00,0.00,17953.00,0.00
38417665293111458,20150120,17953.00,17237.00,0,0,0.00,0.00,0.00,17953.00,0.00
38417665293111458,20150121,17953.00,17237.00,0,0,0.00,0.00,0.00,17953.00,0.00
38417665293111458,20150124,17953.00,17237.00,0,0,0.00,0.00,0.00,17953.00,0.00
38417665293111458,20150125,17951.00,17235.00,1,55,947925.00,17235.00,17235.00,17953.00,17235.00
38417665293111458,20150126,17951.00,17235.00,0,0,0.00,0.00,0.00,17951.00,0.00
38417665293111458,20150127,17949.00,17233.00,1,60,1033980.00,17233.00,17233.00,17951.00,17233.00
38417665293111458,20150128,17949.00,17233.00,0,0,0.00,0.00,0.00,17949.00,0.00
38417665293111458,20150131,17949.00,17233.00,0,0,0.00,0.00,0.00,17949.00,0.00
38417665293111458,20150201,17949.00,17233.00,0,0,0.00,0.00,0.00,17949.00,0.00
38417665293111458,20150202,17949.00,17233.00,0,0,0.00,0.00,0.00,17949.00,0.00
38417665293111458,20150203,17949.00,17233.00,0,0,0.00,0.00,0.00,17949.00,0.00
38417665293111458,20150204,17949.00,17233.00,0,0,0.00,0.00,0.00,17949.00,0.00
38417665293111458,20150207,17947.00,17232.00,1,66,1137312.00,17232.00,17232.00,17949.00,17232.00
38417665293111458,20150208,17947.00,17232.00,0,0,0.00,0.00,0.00,17947.00,0.00
38417665293111458,20150209,17947.00,17232.00,0,0,0.00,0.00,0.00,17947.00,0.00
38417665293111458,20150210,17945.00,17230.00,1,60,1033800.00,17230.00,17230.00,17947.00,17230.00
38417665293111458,20150214,17945.00,17230.00,0,0,0.00,0.00,0.00,17945.00,0.00
38417665293111458,20150215,17945.00,17230.00,0,0,0.00,0.00,0.00,17945.00,0.00
38417665293111458,20150216,17943.00,17228.00,1,59,1016452.00,17228.00,17228.00,17945.00,17228.00
38417665293111458,20150217,17943.00,17228.00,0,0,0.00,0.00,0.00,17943.00,0.00
38417665293111458,20150218,17943.00,17228.00,0,0,0.00,0.00,0.00,17943.00,0.00
38417665293111458,20150221,17943.00,17228.00,0,0,0.00,0.00,0.00,17943.00,0.00
38417665293111458,20150222,17943.00,17228.00,0,0,0.00,0.00,0.00,17943.00,0.00
38417665293111458,20150223,17943.00,17228.00,0,0,0.00,0.00,0.00,17943.00,0.00
38417665293111458,20150224,17943.00,17228.00,0,0,0.00,0.00,0.00,17943.00,0.00
38417665293111458,20150225,17943.00,17228.00,0,0,0.00,0.00,0.00,17943.00,0.00
38417665293111458,20150228,17943.00,17228.00,0,0,0.00,0.00,0.00,17943.00,0.00
38417665293111458,20150301,17943.00,17228.00,0,0,0.00,0.00,0.00,17943.00,0.00
38417665293111458,20150302,17943.00,17228.00,0,0,0.00,0.00,0.00,17943.00,0.00
38417665293111458,20150303,17943.00,17228.00,0,0,0.00,0.00,0.00,17943.00,0.00
38417665293111458,20150304,17943.00,17228.00,0,0,0.00,0.00,0.00,17943.00,0.00
38417665293111458,20150307,17943.00,17228.00,0,0,0.00,0.00,0.00,17943.00,0.00
38417665293111458,20150308,17943.00,17228.00,0,0,0.00,0.00,0.00,17943.00,0.00
38417665293111458,20150309,17943.00,17228.00,0,0,0.00,0.00,0.00,17943.00,0.00
38417665293111458,20150310,17943.00,17228.00,0,0,0.00,0.00,0.00,17943.00,0.00
38417665293111458,20150311,17943.00,17228.00,0,0,0.00,0.00,0.00,17943.00,0.00
38417665293111458,20150314,17943.00,17228.00,0,0,0.00,0.00,0.00,17943.00,0.00
38417665293111458,20150315,17943.00,17228.00,0,0,0.00,0.00,0.00,17943.00,0.00
38417665293111458,20150316,17943.00,17228.00,0,0,0.00,0.00,0.00,17943.00,0.00
38417665293111458,20150317,17943.00,17228.00,0,0,0.00,0.00,0.00,17943.00,0.00
38417665293111458,20150318,17943.00,17228.00,0,0,0.00,0.00,0.00,17943.00,0.00
38417665293111458,20150325,17943.00,17228.00,0,0,0.00,0.00,0.00,17943.00,0.00
38417665293111458,20150328,17943.00,17228.00,0,0,0.00,0.00,0.00,17943.00,0.00
38417665293111458,20150329,17943.00,17228.00,0,0,0.00,0.00,0.00,17943.00,0.00
38417665293111458,20150330,17943.00,17228.00,0,0,0.00,0.00,0.00,17943.00,0.00
38417665293111458,20150331,17943.00,17228.00,0,0,0.00,0.00,0.00,17943.00,0.00
38417665293111458,20150404,17488.00,17560.00,491,504105,8815583031.00,17226.00,18000.00,17943.00,17226.00
38417665293111458,20150405,16928.00,16789.00,105,40751,689823411.00,16789.00,17839.00,17488.00,17000.00
38417665293111458,20150406,16889.00,16251.00,2,1613,26212863.00,16251.00,16251.00,16928.00,16251.00
38417665293111458,20150407,16881.00,16214.00,2,335,5431690.00,16214.00,16214.00,16889.00,16214.00
38417665293111458,20150408,16846.00,16206.00,2,1450,23498700.00,16206.00,16206.00,16881.00,16206.00
38417665293111458,20150411,16808.00,16173.00,2,1667,26960391.00,16173.00,16173.00,16846.00,16173.00
38417665293111458,20150412,16808.00,16173.00,0,0,0.00,0.00,0.00,16808.00,0.00
38417665293111458,20150413,16136.00,16136.00,1,142,2291312.00,16136.00,16136.00,16808.00,16136.00
38417665293111458,20150414,16136.00,16136.00,0,0,0.00,0.00,0.00,16136.00,0.00
38417665293111458,20150415,16136.00,16136.00,0,0,0.00,0.00,0.00,16136.00,0.00
38417665293111458,20150418,16107.00,15491.00,5,1400,21687400.00,15491.00,15491.00,16136.00,15491.00
38417665293111458,20150419,16103.00,15463.00,2,200,3092600.00,15463.00,15463.00,16107.00,15463.00
38417665293111458,20150420,16103.00,15463.00,0,0,0.00,0.00,0.00,16103.00,0.00
38417665293111458,20150421,16103.00,15463.00,0,0,0.00,0.00,0.00,16103.00,0.00
38417665293111458,20150422,16102.00,15459.00,1,61,942999.00,15459.00,15459.00,16103.00,15459.00
38417665293111458,20150425,16102.00,15459.00,0,0,0.00,0.00,0.00,16102.00,0.00
38417665293111458,20150426,16102.00,15459.00,0,0,0.00,0.00,0.00,16102.00,0.00
38417665293111458,20150427,16102.00,15459.00,0,0,0.00,0.00,0.00,16102.00,0.00
38417665293111458,20150428,16102.00,15459.00,0,0,0.00,0.00,0.00,16102.00,0.00
38417665293111458,20150429,16102.00,15459.00,0,0,0.00,0.00,0.00,16102.00,0.00
38417665293111458,20150503,16102.00,15459.00,0,0,0.00,0.00,0.00,16102.00,0.00
38417665293111458,20150504,16102.00,15459.00,0,0,0.00,0.00,0.00,16102.00,0.00
38417665293111458,20150505,16102.00,15459.00,0,0,0.00,0.00,0.00,16102.00,0.00
38417665293111458,20150506,16102.00,15459.00,0,0,0.00,0.00,0.00,16102.00,0.00
38417665293111458,20150509,16102.00,15459.00,0,0,0.00,0.00,0.00,16102.00,0.00
38417665293111458,20150510,16102.00,15459.00,0,0,0.00,0.00,0.00,16102.00,0.00
38417665293111458,20150511,15458.00,15458.00,1,65,1004770.00,15458.00,15458.00,16102.00,15458.00
38417665293111458,20150512,15452.00,14840.00,2,300,4452000.00,14840.00,14840.00,15458.00,14840.00
38417665293111458,20150513,15452.00,14840.00,0,0,0.00,0.00,0.00,15452.00,0.00
38417665293111458,20150517,15452.00,14840.00,0,0,0.00,0.00,0.00,15452.00,0.00
38417665293111458,20150518,15452.00,14840.00,0,0,0.00,0.00,0.00,15452.00,0.00
38417665293111458,20150519,15452.00,14840.00,0,0,0.00,0.00,0.00,15452.00,0.00
38417665293111458,20150520,15452.00,14840.00,0,0,0.00,0.00,0.00,15452.00,0.00
38417665293111458,20150523,15452.00,14840.00,0,0,0.00,0.00,0.00,15452.00,0.00
38417665293111458,20150524,15452.00,14840.00,0,0,0.00,0.00,0.00,15452.00,0.00
38417665293111458,20150525,10348.00,10501.00,36,59723,618029111.00,10001.00,10501.00,15452.00,10001.00
38417665293111458,20150526,10755.00,10865.00,42,38054,413456710.00,10865.00,10865.00,10348.00,10865.00
38417665293111458,20150527,10788.00,11292.00,9,2934,33130728.00,11292.00,11292.00,10755.00,11292.00
38417665293111458,20150530,10952.00,11327.00,21,14137,160129799.00,11327.00,11327.00,10788.00,11327.00
38417665293111458,20150531,11379.00,11499.00,15,36179,416022321.00,11499.00,11499.00,10952.00,11499.00
38417665293111458,20150601,11454.00,11947.00,12,6098,72852806.00,11947.00,11947.00,11379.00,11947.00
38417665293111458,20150602,11463.00,12026.00,3,721,8670746.00,12026.00,12026.00,11454.00,12026.00
38417665293111458,20150606,11528.00,12036.00,10,4922,59241192.00,12036.00,12036.00,11463.00,12036.00
38417665293111458,20150607,11600.00,12104.00,13,5469,66196776.00,12104.00,12104.00,11528.00,12104.00
38417665293111458,20150608,11670.00,12180.00,10,5266,64139880.00,12180.00,12180.00,11600.00,12180.00
38417665293111458,20150609,11491.00,11087.00,89,90463,1039543082.00,11087.00,12253.00,11670.00,12253.00
38417665293111458,20150610,11476.00,10917.00,4,1149,12543633.00,10917.00,10917.00,11491.00,10917.00
38417665293111458,20150613,11205.00,10903.00,12,20643,225071575.00,10903.00,10905.00,11476.00,10903.00
38417665293111458,20150614,10809.00,10810.00,68,71972,777978038.00,10645.00,11400.00,11205.00,10645.00
38417665293111458,20150615,11067.00,10840.00,41,24274,273620561.00,10810.00,11349.00,10809.00,10810.00
38417665293111458,20150616,11413.00,11620.00,29,27338,317612418.00,11142.00,11620.00,11067.00,11620.00
38417665293111458,20150617,11372.00,11000.00,19,8395,94004363.00,11000.00,11949.00,11413.00,11900.00
38417665293111458,20150620,11285.00,10804.00,10,6794,73427856.00,10804.00,11000.00,11372.00,11000.00
38417665293111458,20150621,11167.00,10721.00,17,9197,98601217.00,10721.00,10723.00,11285.00,10721.00
38417665293111458,20150622,10666.00,10609.00,56,40062,425364192.00,10609.00,10804.00,11167.00,10700.00
38417665293111458,20150623,10520.00,10141.00,43,21944,227615444.00,10140.00,10605.00,10666.00,10605.00
38417665293111458,20150624,10400.00,9994.00,16,11436,115012716.00,9994.00,10115.00,10520.00,10060.00
38417665293111458,20150627,10198.00,10297.00,22,19333,191339733.00,9880.00,10300.00,10400.00,9880.00
38417665293111458,20150628,10194.00,9750.00,5,1251,12574005.00,9750.00,10498.00,10198.00,10498.00
38417665293111458,20150629,9857.00,9989.00,36,32127,311298105.00,9685.00,10000.00,10194.00,9700.00
38417665293111458,20150630,9880.00,10199.00,25,7566,75684497.00,9370.00,10199.00,9857.00,9370.00
38417665293111458,20150701,9888.00,9611.00,11,1784,18026076.00,9610.00,10349.00,9880.00,10348.00
38417665293111458,20150704,9730.00,9394.00,21,16528,155441650.00,9394.00,10140.00,9888.00,10140.00
38417665293111458,20150705,9464.00,9244.00,41,28120,260153280.00,9244.00,9350.00,9730.00,9350.00
38417665293111458,20150706,9184.00,8991.00,36,30457,274078237.00,8991.00,9499.00,9464.00,9499.00
38417665293111458,20150707,8731.00,8725.00,50,66309,578918020.00,8725.00,8850.00,9184.00,8725.00
38417665293111458,20150711,8668.00,8310.00,19,8584,71326321.00,8300.00,8995.00,8731.00,8725.00
38417665293111458,20150712,8668.00,8310.00,0,0,0.00,0.00,0.00,8668.00,0.00
38417665293111458,20150713,8668.00,8310.00,0,0,0.00,0.00,0.00,8668.00,0.00
38417665293111458,20150714,8668.00,8310.00,0,0,0.00,0.00,0.00,8668.00,0.00
38417665293111458,20150715,8668.00,8310.00,0,0,0.00,0.00,0.00,8668.00,0.00
38417665293111458,20150719,8667.00,8310.00,0,0,0.00,0.00,0.00,8667.00,0.00
38417665293111458,20150720,8667.00,8310.00,0,0,0.00,0.00,0.00,8667.00,0.00
38417665293111458,20150721,8667.00,8310.00,0,0,0.00,0.00,0.00,8667.00,0.00
38417665293111458,20150722,8663.00,8234.00,3,511,4207574.00,8234.00,8234.00,8667.00,8234.00
38417665293111458,20150725,8663.00,8234.00,0,0,0.00,0.00,0.00,8663.00,0.00
38417665293111458,20150726,8663.00,8234.00,0,0,0.00,0.00,0.00,8663.00,0.00
38417665293111458,20150727,8661.00,8230.00,2,241,1983430.00,8230.00,8230.00,8663.00,8230.00
38417665293111458,20150728,8661.00,8230.00,0,0,0.00,0.00,0.00,8661.00,0.00
38417665293111458,20150729,8634.00,8228.00,3,3550,29209400.00,8228.00,8228.00,8661.00,8228.00
38417665293111458,20150801,8634.00,8203.00,1,67,549601.00,8203.00,8203.00,8634.00,8203.00
38417665293111458,20150802,8634.00,8203.00,0,0,0.00,0.00,0.00,8634.00,0.00
38417665293111458,20150803,8626.00,8203.00,2,1121,9195563.00,8203.00,8203.00,8634.00,8203.00
38417665293111458,20150804,8626.00,8203.00,0,0,0.00,0.00,0.00,8626.00,0.00
38417665293111458,20150805,8626.00,8203.00,0,0,0.00,0.00,0.00,8626.00,0.00
38417665293111458,20150808,8607.00,8195.00,3,2615,21429925.00,8195.00,8195.00,8626.00,8195.00
38417665293111458,20150809,8607.00,8195.00,0,0,0.00,0.00,0.00,8607.00,0.00
38417665293111458,20150810,8602.00,8177.00,2,731,5977387.00,8177.00,8177.00,8607.00,8177.00
38417665293111458,20150812,8602.00,8177.00,0,0,0.00,0.00,0.00,8602.00,0.00
38417665293111458,20150815,8602.00,8177.00,0,0,0.00,0.00,0.00,8602.00,0.00
38417665293111458,20150816,8602.00,8177.00,0,0,0.00,0.00,0.00,8602.00,0.00
38417665293111458,20150817,8602.00,8177.00,0,0,0.00,0.00,0.00,8602.00,0.00
38417665293111458,20150818,8564.00,8172.00,4,5112,41775264.00,8172.00,8172.00,8602.00,8172.00
38417665293111458,20150819,8564.00,8172.00,0,0,0.00,0.00,0.00,8564.00,0.00
38417665293111458,20150822,8564.00,8172.00,0,0,0.00,0.00,0.00,8564.00,0.00
38417665293111458,20150823,8563.00,8136.00,1,113,919368.00,8136.00,8136.00,8564.00,8136.00
38417665293111458,20150824,8563.00,8136.00,0,0,0.00,0.00,0.00,8563.00,0.00
38417665293111458,20150825,8563.00,8136.00,0,0,0.00,0.00,0.00,8563.00,0.00
38417665293111458,20150826,8563.00,8136.00,0,0,0.00,0.00,0.00,8563.00,0.00
38417665293111458,20150829,8563.00,8136.00,0,0,0.00,0.00,0.00,8563.00,0.00
38417665293111458,20150830,8563.00,8136.00,0,0,0.00,0.00,0.00,8563.00,0.00
38417665293111458,20150831,8562.00,8135.00,1,122,992470.00,8135.00,8135.00,8563.00,8135.00
38417665293111458,20150901,8562.00,8135.00,0,0,0.00,0.00,0.00,8562.00,0.00
38417665293111458,20150902,8562.00,8135.00,0,0,0.00,0.00,0.00,8562.00,0.00
38417665293111458,20150905,8562.00,8135.00,0,0,0.00,0.00,0.00,8562.00,0.00
38417665293111458,20150906,8562.00,8135.00,0,0,0.00,0.00,0.00,8562.00,0.00
38417665293111458,20150907,8562.00,8135.00,0,0,0.00,0.00,0.00,8562.00,0.00
38417665293111458,20150908,8562.00,8135.00,0,0,0.00,0.00,0.00,8562.00,0.00
38417665293111458,20150909,8559.00,8134.00,2,430,3497620.00,8134.00,8134.00,8562.00,8134.00
38417665293111458,20150912,8559.00,8134.00,0,0,0.00,0.00,0.00,8559.00,0.00
38417665293111458,20150913,8559.00,8134.00,0,0,0.00,0.00,0.00,8559.00,0.00
38417665293111458,20150914,8559.00,8134.00,0,0,0.00,0.00,0.00,8559.00,0.00
38417665293111458,20150915,8559.00,8134.00,0,0,0.00,0.00,0.00,8559.00,0.00
38417665293111458,20150916,8559.00,8134.00,0,0,0.00,0.00,0.00,8559.00,0.00
38417665293111458,20150919,8559.00,8134.00,0,0,0.00,0.00,0.00,8559.00,0.00
38417665293111458,20150920,8558.00,8132.00,1,130,1057160.00,8132.00,8132.00,8559.00,8132.00
38417665293111458,20150921,8558.00,8132.00,0,0,0.00,0.00,0.00,8558.00,0.00
38417665293111458,20150922,8558.00,8132.00,0,0,0.00,0.00,0.00,8558.00,0.00
38417665293111458,20150923,8558.00,8132.00,0,0,0.00,0.00,0.00,8558.00,0.00
38417665293111458,20150926,8557.00,8131.00,1,114,926934.00,8131.00,8131.00,8558.00,8131.00
38417665293111458,20150927,8557.00,8131.00,0,0,0.00,0.00,0.00,8557.00,0.00
38417665293111458,20150928,8557.00,8131.00,0,0,0.00,0.00,0.00,8557.00,0.00
38417665293111458,20150929,8557.00,8131.00,0,0,0.00,0.00,0.00,8557.00,0.00
38417665293111458,20150930,8557.00,8131.00,0,0,0.00,0.00,0.00,8557.00,0.00
38417665293111458,20151003,8557.00,8131.00,0,0,0.00,0.00,0.00,8557.00,0.00
38417665293111458,20151004,8557.00,8131.00,0,0,0.00,0.00,0.00,8557.00,0.00
38417665293111458,20151005,8557.00,8131.00,0,0,0.00,0.00,0.00,8557.00,0.00
38417665293111458,20151006,8557.00,8131.00,0,0,0.00,0.00,0.00,8557.00,0.00
38417665293111458,20151007,8557.00,8131.00,0,0,0.00,0.00,0.00,8557.00,0.00
38417665293111458,20151010,8546.00,8130.00,6,1507,12251910.00,8130.00,8130.00,8557.00,8130.00
38417665293111458,20151011,8546.00,8130.00,0,0,0.00,0.00,0.00,8546.00,0.00
38417665293111458,20151012,8546.00,8130.00,0,0,0.00,0.00,0.00,8546.00,0.00
38417665293111458,20151013,8546.00,8130.00,0,0,0.00,0.00,0.00,8546.00,0.00
38417665293111458,20151014,8546.00,8130.00,0,0,0.00,0.00,0.00,8546.00,0.00
38417665293111458,20151017,8536.00,8119.00,3,1334,10830746.00,8119.00,8119.00,8546.00,8119.00
38417665293111458,20151018,8517.00,8110.00,3,2563,20785930.00,8110.00,8110.00,8536.00,8110.00
38417665293111458,20151019,8517.00,8110.00,0,0,0.00,0.00,0.00,8517.00,0.00
38417665293111458,20151020,8517.00,8110.00,0,0,0.00,0.00,0.00,8517.00,0.00
38417665293111458,20151021,8517.00,8110.00,0,0,0.00,0.00,0.00,8517.00,0.00
38417665293111458,20151025,8517.00,8110.00,0,0,0.00,0.00,0.00,8517.00,0.00
38417665293111458,20151026,8517.00,8110.00,0,0,0.00,0.00,0.00,8517.00,0.00
38417665293111458,20151027,8517.00,8110.00,0,0,0.00,0.00,0.00,8517.00,0.00
38417665293111458,20151028,8517.00,8110.00,0,0,0.00,0.00,0.00,8517.00,0.00
38417665293111458,20151031,8517.00,8110.00,0,0,0.00,0.00,0.00,8517.00,0.00
38417665293111458,20151101,8517.00,8110.00,0,0,0.00,0.00,0.00,8517.00,0.00
38417665293111458,20151102,8517.00,8110.00,0,0,0.00,0.00,0.00,8517.00,0.00
38417665293111458,20151103,8515.00,8092.00,1,340,2751280.00,8092.00,8092.00,8517.00,8092.00
38417665293111458,20151104,8515.00,8092.00,0,0,0.00,0.00,0.00,8515.00,0.00
38417665293111458,20151107,8515.00,8092.00,0,0,0.00,0.00,0.00,8515.00,0.00
38417665293111458,20151108,8515.00,8092.00,0,0,0.00,0.00,0.00,8515.00,0.00
38417665293111458,20151109,8515.00,8092.00,0,0,0.00,0.00,0.00,8515.00,0.00
38417665293111458,20151110,8515.00,8092.00,0,0,0.00,0.00,0.00,8515.00,0.00
38417665293111458,20151111,8515.00,8092.00,0,0,0.00,0.00,0.00,8515.00,0.00
38417665293111458,20151114,8515.00,8092.00,0,0,0.00,0.00,0.00,8515.00,0.00
38417665293111458,20151115,8515.00,8092.00,0,0,0.00,0.00,0.00,8515.00,0.00
38417665293111458,20151116,8515.00,8092.00,0,0,0.00,0.00,0.00,8515.00,0.00
38417665293111458,20151117,8515.00,8092.00,0,0,0.00,0.00,0.00,8515.00,0.00
38417665293111458,20151118,8515.00,8092.00,0,0,0.00,0.00,0.00,8515.00,0.00
38417665293111458,20151121,8515.00,8092.00,0,0,0.00,0.00,0.00,8515.00,0.00
38417665293111458,20151122,8515.00,8092.00,0,0,0.00,0.00,0.00,8515.00,0.00
38417665293111458,20151123,8515.00,8092.00,0,0,0.00,0.00,0.00,8515.00,0.00
38417665293111458,20151124,8515.00,8092.00,0,0,0.00,0.00,0.00,8515.00,0.00
38417665293111458,20151125,8515.00,8092.00,0,0,0.00,0.00,0.00,8515.00,0.00
38417665293111458,20151128,8515.00,8092.00,0,0,0.00,0.00,0.00,8515.00,0.00
38417665293111458,20151129,8515.00,8092.00,0,0,0.00,0.00,0.00,8515.00,0.00
38417665293111458,20151130,8515.00,8092.00,0,0,0.00,0.00,0.00,8515.00,0.00
38417665293111458,20151201,8515.00,8092.00,0,0,0.00,0.00,0.00,8515.00,0.00
38417665293111458,20151205,8515.00,8092.00,0,0,0.00,0.00,0.00,8515.00,0.00
38417665293111458,20151206,8515.00,8092.00,0,0,0.00,0.00,0.00,8515.00,0.00
38417665293111458,20151207,8515.00,8092.00,0,0,0.00,0.00,0.00,8515.00,0.00
38417665293111458,20151208,8515.00,8092.00,0,0,0.00,0.00,0.00,8515.00,0.00
38417665293111458,20151209,8515.00,8092.00,0,0,0.00,0.00,0.00,8515.00,0.00
38417665293111458,20151213,8515.00,8092.00,0,0,0.00,0.00,0.00,8515.00,0.00
38417665293111458,20151214,8515.00,8092.00,0,0,0.00,0.00,0.00,8515.00,0.00
38417665293111458,20151215,8515.00,8092.00,0,0,0.00,0.00,0.00,8515.00,0.00
38417665293111458,20151216,8515.00,8092.00,0,0,0.00,0.00,0.00,8515.00,0.00
38417665293111458,20151219,8515.00,8092.00,0,0,0.00,0.00,0.00,8515.00,0.00
38417665293111458,20151220,8515.00,8092.00,0,0,0.00,0.00,0.00,8515.00,0.00
38417665293111458,20151221,8515.00,8092.00,0,0,0.00,0.00,0.00,8515.00,0.00
38417665293111458,20151222,8515.00,8092.00,0,0,0.00,0.00,0.00,8515.00,0.00
38417665293111458,20151223,8515.00,8092.00,0,0,0.00,0.00,0.00,8515.00,0.00
38417665293111458,20151226,8515.00,8092.00,0,0,0.00,0.00,0.00,8515.00,0.00
38417665293111458,20151227,8515.00,8092.00,0,0,0.00,0.00,0.00,8515.00,0.00
38417665293111458,20151228,8515.00,8092.00,0,0,0.00,0.00,0.00,8515.00,0.00
38417665293111458,20151230,8515.00,8092.00,0,0,0.00,0.00,0.00,8515.00,0.00
38417665293111458,20160102,8515.00,8092.00,0,0,0.00,0.00,0.00,8515.00,0.00
38417665293111458,20160103,8515.00,8092.00,0,0,0.00,0.00,0.00,8515.00,0.00
38417665293111458,20160104,8515.00,8092.00,0,0,0.00,0.00,0.00,8515.00,0.00
38417665293111458,20160105,8515.00,8092.00,0,0,0.00,0.00,0.00,8515.00,0.00
38417665293111458,20160106,8515.00,8092.00,0,0,0.00,0.00,0.00,8515.00,0.00
38417665293111458,20160109,8515.00,8092.00,0,0,0.00,0.00,0.00,8515.00,0.00
38417665293111458,20160110,8515.00,8092.00,0,0,0.00,0.00,0.00,8515.00,0.00
38417665293111458,20160111,8515.00,8092.00,0,0,0.00,0.00,0.00,8515.00,0.00
38417665293111458,20160112,8515.00,8092.00,0,0,0.00,0.00,0.00,8515.00,0.00
38417665293111458,20160113,8515.00,8092.00,0,0,0.00,0.00,0.00,8515.00,0.00
38417665293111458,20160116,8515.00,8092.00,0,0,0.00,0.00,0.00,8515.00,0.00
38417665293111458,20160117,8515.00,8092.00,0,0,0.00,0.00,0.00,8515.00,0.00
38417665293111458,20160118,8515.00,8092.00,0,0,0.00,0.00,0.00,8515.00,0.00
38417665293111458,20160119,8515.00,8092.00,0,0,0.00,0.00,0.00,8515.00,0.00
38417665293111458,20160120,8515.00,8092.00,0,0,0.00,0.00,0.00,8515.00,0.00
38417665293111458,20160123,8515.00,8092.00,0,0,0.00,0.00,0.00,8515.00,0.00
38417665293111458,20160124,8515.00,8092.00,0,0,0.00,0.00,0.00,8515.00,0.00
38417665293111458,20160125,8515.00,8092.00,0,0,0.00,0.00,0.00,8515.00,0.00
38417665293111458,20160126,8515.00,8092.00,0,0,0.00,0.00,0.00,8515.00,0.00
38417665293111458,20160127,8515.00,8092.00,0,0,0.00,0.00,0.00,8515.00,0.00
38417665293111458,20160130,8515.00,8092.00,0,0,0.00,0.00,0.00,8515.00,0.00
38417665293111458,20160131,8515.00,8092.00,0,0,0.00,0.00,0.00,8515.00,0.00
38417665293111458,20160201,8515.00,8092.00,0,0,0.00,0.00,0.00,8515.00,0.00
38417665293111458,20160202,8515.00,8092.00,0,0,0.00,0.00,0.00,8515.00,0.00
38417665293111458,20160203,8515.00,8092.00,0,0,0.00,0.00,0.00,8515.00,0.00
38417665293111458,20160206,8515.00,8092.00,0,0,0.00,0.00,0.00,8515.00,0.00
38417665293111458,20160207,8515.00,8092.00,0,0,0.00,0.00,0.00,8515.00,0.00
38417665293111458,20160208,8515.00,8092.00,0,0,0.00,0.00,0.00,8515.00,0.00
38417665293111458,20160209,8515.00,8092.00,0,0,0.00,0.00,0.00,8515.00,0.00
38417665293111458,20160210,8515.00,8092.00,0,0,0.00,0.00,0.00,8515.00,0.00
38417665293111458,20160213,8515.00,8092.00,0,0,0.00,0.00,0.00,8515.00,0.00
38417665293111458,20160214,8515.00,8092.00,0,0,0.00,0.00,0.00,8515.00,0.00
38417665293111458,20160215,8515.00,8092.00,0,0,0.00,0.00,0.00,8515.00,0.00
38417665293111458,20160216,8515.00,8092.00,0,0,0.00,0.00,0.00,8515.00,0.00
38417665293111458,20160217,8515.00,8092.00,0,0,0.00,0.00,0.00,8515.00,0.00
38417665293111458,20160220,8515.00,8092.00,0,0,0.00,0.00,0.00,8515.00,0.00
38417665293111458,20160221,8515.00,8092.00,0,0,0.00,0.00,0.00,8515.00,0.00
38417665293111458,20160222,8515.00,8092.00,0,0,0.00,0.00,0.00,8515.00,0.00
38417665293111458,20160223,8515.00,8092.00,0,0,0.00,0.00,0.00,8515.00,0.00
38417665293111458,20160224,8515.00,8092.00,0,0,0.00,0.00,0.00,8515.00,0.00
38417665293111458,20160227,8515.00,8092.00,0,0,0.00,0.00,0.00,8515.00,0.00
38417665293111458,20160228,8515.00,8092.00,0,0,0.00,0.00,0.00,8515.00,0.00
38417665293111458,20160229,8515.00,8092.00,0,0,0.00,0.00,0.00,8515.00,0.00
38417665293111458,20160301,8515.00,8092.00,0,0,0.00,0.00,0.00,8515.00,0.00
38417665293111458,20160302,8515.00,8092.00,0,0,0.00,0.00,0.00,8515.00,0.00
38417665293111458,20160305,8515.00,8092.00,0,0,0.00,0.00,0.00,8515.00,0.00
38417665293111458,20160306,8515.00,8092.00,0,0,0.00,0.00,0.00,8515.00,0.00
38417665293111458,20160307,8515.00,8092.00,0,0,0.00,0.00,0.00,8515.00,0.00
38417665293111458,20160308,8515.00,8092.00,0,0,0.00,0.00,0.00,8515.00,0.00
38417665293111458,20160309,8515.00,8092.00,0,0,0.00,0.00,0.00,8515.00,0.00
38417665293111458,20160312,8515.00,8092.00,0,0,0.00,0.00,0.00,8515.00,0.00
38417665293111458,20160314,8515.00,8092.00,0,0,0.00,0.00,0.00,8515.00,0.00
38417665293111458,20160315,8515.00,8092.00,0,0,0.00,0.00,0.00,8515.00,0.00
38417665293111458,20160316,8515.00,8092.00,0,0,0.00,0.00,0.00,8515.00,0.00
38417665293111458,20160326,8515.00,8092.00,0,0,0.00,0.00,0.00,8515.00,0.00
38417665293111458,20160327,8515.00,8092.00,0,0,0.00,0.00,0.00,8515.00,0.00
38417665293111458,20160328,8515.00,8092.00,0,0,0.00,0.00,0.00,8515.00,0.00
38417665293111458,20160329,8515.00,8092.00,0,0,0.00,0.00,0.00,8515.00,0.00
38417665293111458,20160330,8515.00,8092.00,0,0,0.00,0.00,0.00,8515.00,0.00
38417665293111458,20160402,8515.00,8092.00,0,0,0.00,0.00,0.00,8515.00,0.00
38417665293111458,20160403,8515.00,8092.00,0,0,0.00,0.00,0.00,8515.00,0.00
38417665293111458,20160404,8515.00,8092.00,0,0,0.00,0.00,0.00,8515.00,0.00
38417665293111458,20160405,8515.00,8092.00,0,0,0.00,0.00,0.00,8515.00,0.00
38417665293111458,20160406,8515.00,8092.00,0,0,0.00,0.00,0.00,8515.00,0.00
38417665293111458,20160409,8515.00,8092.00,0,0,0.00,0.00,0.00,8515.00,0.00
38417665293111458,20160410,8515.00,8092.00,0,0,0.00,0.00,0.00,8515.00,0.00
38417665293111458,20160411,8515.00,8092.00,0,0,0.00,0.00,0.00,8515.00,0.00
38417665293111458,20160412,8515.00,8092.00,0,0,0.00,0.00,0.00,8515.00,0.00
38417665293111458,20160413,8515.00,8092.00,0,0,0.00,0.00,0.00,8515.00,0.00
38417665293111458,20160416,8515.00,8092.00,0,0,0.00,0.00,0.00,8515.00,0.00
38417665293111458,20160417,8515.00,8092.00,0,0,0.00,0.00,0.00,8515.00,0.00
38417665293111458,20160418,8515.00,8092.00,0,0,0.00,0.00,0.00,8515.00,0.00
38417665293111458,20160419,8515.00,8092.00,0,0,0.00,0.00,0.00,8515.00,0.00
38417665293111458,20160420,8515.00,8092.00,0,0,0.00,0.00,0.00,8515.00,0.00
38417665293111458,20160423,8515.00,8092.00,0,0,0.00,0.00,0.00,8515.00,0.00
38417665293111458,20160424,8515.00,8092.00,0,0,0.00,0.00,0.00,8515.00,0.00
38417665293111458,20160425,8515.00,8092.00,0,0,0.00,0.00,0.00,8515.00,0.00
38417665293111458,20160426,8515.00,8092.00,0,0,0.00,0.00,0.00,8515.00,0.00
38417665293111458,20160427,8515.00,8092.00,0,0,0.00,0.00,0.00,8515.00,0.00
38417665293111458,20160430,8515.00,8092.00,0,0,0.00,0.00,0.00,8515.00,0.00
38417665293111458,20160501,8515.00,8092.00,0,0,0.00,0.00,0.00,8515.00,0.00
38417665293111458,20160502,8515.00,8092.00,0,0,0.00,0.00,0.00,8515.00,0.00
38417665293111458,20160503,8515.00,8092.00,0,0,0.00,0.00,0.00,8515.00,0.00
38417665293111458,20160504,8515.00,8092.00,0,0,0.00,0.00,0.00,8515.00,0.00
38417665293111458,20160507,8515.00,8092.00,0,0,0.00,0.00,0.00,8515.00,0.00
38417665293111458,20160508,8515.00,8092.00,0,0,0.00,0.00,0.00,8515.00,0.00
38417665293111458,20160509,8515.00,8092.00,0,0,0.00,0.00,0.00,8515.00,0.00
38417665293111458,20160510,8515.00,8092.00,0,0,0.00,0.00,0.00,8515.00,0.00
38417665293111458,20160511,8515.00,8092.00,0,0,0.00,0.00,0.00,8515.00,0.00
38417665293111458,20160514,8515.00,8092.00,0,0,0.00,0.00,0.00,8515.00,0.00
38417665293111458,20160515,8515.00,8092.00,0,0,0.00,0.00,0.00,8515.00,0.00
38417665293111458,20160516,8515.00,8092.00,0,0,0.00,0.00,0.00,8515.00,0.00
38417665293111458,20160517,8515.00,8092.00,0,0,0.00,0.00,0.00,8515.00,0.00
38417665293111458,20160518,8515.00,8092.00,0,0,0.00,0.00,0.00,8515.00,0.00
38417665293111458,20160521,8515.00,8092.00,0,0,0.00,0.00,0.00,8515.00,0.00
38417665293111458,20160523,8515.00,8092.00,0,0,0.00,0.00,0.00,8515.00,0.00
38417665293111458,20160524,8515.00,8092.00,0,0,0.00,0.00,0.00,8515.00,0.00
38417665293111458,20160525,8515.00,8092.00,0,0,0.00,0.00,0.00,8515.00,0.00
38417665293111458,20160528,8515.00,8092.00,0,0,0.00,0.00,0.00,8515.00,0.00
38417665293111458,20160529,8515.00,8092.00,0,0,0.00,0.00,0.00,8515.00,0.00
38417665293111458,20160530,8515.00,8092.00,0,0,0.00,0.00,0.00,8515.00,0.00
38417665293111458,20160531,8515.00,8092.00,0,0,0.00,0.00,0.00,8515.00,0.00
38417665293111458,20160601,8515.00,8092.00,0,0,0.00,0.00,0.00,8515.00,0.00
38417665293111458,20160605,8515.00,8092.00,0,0,0.00,0.00,0.00,8515.00,0.00
38417665293111458,20160606,8515.00,8092.00,0,0,0.00,0.00,0.00,8515.00,0.00
38417665293111458,20160607,8515.00,8092.00,0,0,0.00,0.00,0.00,8515.00,0.00
38417665293111458,20160608,8515.00,8092.00,0,0,0.00,0.00,0.00,8515.00,0.00
38417665293111458,20160611,8515.00,8092.00,0,0,0.00,0.00,0.00,8515.00,0.00
38417665293111458,20160612,8515.00,8092.00,0,0,0.00,0.00,0.00,8515.00,0.00
38417665293111458,20160613,8515.00,8092.00,0,0,0.00,0.00,0.00,8515.00,0.00
38417665293111458,20160614,8515.00,8092.00,0,0,0.00,0.00,0.00,8515.00,0.00
38417665293111458,20160615,8515.00,8092.00,0,0,0.00,0.00,0.00,8515.00,0.00
38417665293111458,20160618,8515.00,8092.00,0,0,0.00,0.00,0.00,8515.00,0.00
38417665293111458,20160619,8515.00,8092.00,0,0,0.00,0.00,0.00,8515.00,0.00
38417665293111458,20160620,8515.00,8092.00,0,0,0.00,0.00,0.00,8515.00,0.00
38417665293111458,20160621,8515.00,8092.00,0,0,0.00,0.00,0.00,8515.00,0.00
38417665293111458,20160622,8515.00,8092.00,0,0,0.00,0.00,0.00,8515.00,0.00
38417665293111458,20160625,8515.00,8092.00,0,0,0.00,0.00,0.00,8515.00,0.00
38417665293111458,20160626,8515.00,8092.00,0,0,0.00,0.00,0.00,8515.00,0.00
38417665293111458,20160628,8515.00,8092.00,0,0,0.00,0.00,0.00,8515.00,0.00
38417665293111458,20160629,8515.00,8092.00,0,0,0.00,0.00,0.00,8515.00,0.00
38417665293111458,20160702,8515.00,8092.00,0,0,0.00,0.00,0.00,8515.00,0.00
38417665293111458,20160703,8515.00,8092.00,0,0,0.00,0.00,0.00,8515.00,0.00
38417665293111458,20160704,8515.00,8092.00,0,0,0.00,0.00,0.00,8515.00,0.00
38417665293111458,20160705,8515.00,8092.00,0,0,0.00,0.00,0.00,8515.00,0.00
38417665293111458,20160709,8515.00,8092.00,0,0,0.00,0.00,0.00,8515.00,0.00
38417665293111458,20160710,8515.00,8092.00,0,0,0.00,0.00,0.00,8515.00,0.00
38417665293111458,20160711,8515.00,8092.00,0,0,0.00,0.00,0.00,8515.00,0.00
38417665293111458,20160712,8515.00,8092.00,0,0,0.00,0.00,0.00,8515.00,0.00
38417665293111458,20160713,8515.00,8092.00,0,0,0.00,0.00,0.00,8515.00,0.00
38417665293111458,20160716,8515.00,8092.00,0,0,0.00,0.00,0.00,8515.00,0.00
38417665293111458,20160717,8515.00,8092.00,0,0,0.00,0.00,0.00,8515.00,0.00
38417665293111458,20160718,8515.00,8092.00,0,0,0.00,0.00,0.00,8515.00,0.00
38417665293111458,20160719,8515.00,8092.00,0,0,0.00,0.00,0.00,8515.00,0.00
38417665293111458,20160720,8515.00,8092.00,0,0,0.00,0.00,0.00,8515.00,0.00
38417665293111458,20160723,8515.00,8092.00,0,0,0.00,0.00,0.00,8515.00,0.00
38417665293111458,20160724,8515.00,8092.00,0,0,0.00,0.00,0.00,8515.00,0.00
38417665293111458,20160725,8515.00,8092.00,0,0,0.00,0.00,0.00,8515.00,0.00
38417665293111458,20160726,8515.00,8092.00,0,0,0.00,0.00,0.00,8515.00,0.00
38417665293111458,20160727,8515.00,8092.00,0,0,0.00,0.00,0.00,8515.00,0.00
38417665293111458,20160731,8515.00,8092.00,0,0,0.00,0.00,0.00,8515.00,0.00
38417665293111458,20160801,8515.00,8092.00,0,0,0.00,0.00,0.00,8515.00,0.00
38417665293111458,20160802,8515.00,8092.00,0,0,0.00,0.00,0.00,8515.00,0.00
38417665293111458,20160803,8515.00,8092.00,0,0,0.00,0.00,0.00,8515.00,0.00
38417665293111458,20160806,8515.00,8092.00,0,0,0.00,0.00,0.00,8515.00,0.00
38417665293111458,20160807,8515.00,8092.00,0,0,0.00,0.00,0.00,8515.00,0.00
38417665293111458,20160808,8515.00,8092.00,0,0,0.00,0.00,0.00,8515.00,0.00
38417665293111458,20160809,8515.00,8092.00,0,0,0.00,0.00,0.00,8515.00,0.00
38417665293111458,20160810,8515.00,8092.00,0,0,0.00,0.00,0.00,8515.00,0.00
38417665293111458,20160813,8515.00,8092.00,0,0,0.00,0.00,0.00,8515.00,0.00
38417665293111458,20160814,8515.00,8092.00,0,0,0.00,0.00,0.00,8515.00,0.00
38417665293111458,20160815,8515.00,8092.00,0,0,0.00,0.00,0.00,8515.00,0.00
38417665293111458,20160816,8515.00,8092.00,0,0,0.00,0.00,0.00,8515.00,0.00
38417665293111458,20160817,8506.00,8090.00,2,1200,9708000.00,8090.00,8090.00,8515.00,8090.00
38417665293111458,20160820,8485.00,8081.00,4,2955,23879355.00,8081.00,8081.00,8506.00,8081.00
38417665293111458,20160821,8485.00,8061.00,1,1,8061.00,8061.00,8061.00,8485.00,8061.00
38417665293111458,20160822,8485.00,8061.00,0,0,0.00,0.00,0.00,8485.00,0.00
38417665293111458,20160823,8485.00,8061.00,0,0,0.00,0.00,0.00,8485.00,0.00
38417665293111458,20160824,8485.00,8061.00,0,0,0.00,0.00,0.00,8485.00,0.00
38417665293111458,20160827,8484.00,8061.00,1,150,1209150.00,8061.00,8061.00,8485.00,8061.00
38417665293111458,20160828,8483.00,8060.00,1,200,1612000.00,8060.00,8060.00,8484.00,8060.00
38417665293111458,20160829,8483.00,8060.00,0,0,0.00,0.00,0.00,8483.00,0.00
38417665293111458,20160830,8483.00,8060.00,0,0,0.00,0.00,0.00,8483.00,0.00
38417665293111458,20160831,8483.00,8060.00,0,0,0.00,0.00,0.00,8483.00,0.00
38417665293111458,20160903,8482.00,8059.00,1,150,1208850.00,8059.00,8059.00,8483.00,8059.00
38417665293111458,20160904,8481.00,8058.00,1,120,966960.00,8058.00,8058.00,8482.00,8058.00
38417665293111458,20160905,8481.00,8058.00,0,0,0.00,0.00,0.00,8481.00,0.00
38417665293111458,20160906,8481.00,8058.00,0,0,0.00,0.00,0.00,8481.00,0.00
38417665293111458,20160907,8481.00,8058.00,0,0,0.00,0.00,0.00,8481.00,0.00
38417665293111458,20160910,8481.00,8058.00,0,0,0.00,0.00,0.00,8481.00,0.00
38417665293111458,20160911,8481.00,8058.00,0,0,0.00,0.00,0.00,8481.00,0.00
38417665293111458,20160913,8481.00,8058.00,0,0,0.00,0.00,0.00,8481.00,0.00
38417665293111458,20160914,8481.00,8058.00,0,0,0.00,0.00,0.00,8481.00,0.00
38417665293111458,20160917,8481.00,8058.00,0,0,0.00,0.00,0.00,8481.00,0.00
38417665293111458,20160918,8481.00,8058.00,0,0,0.00,0.00,0.00,8481.00,0.00
38417665293111458,20160919,8481.00,8058.00,0,0,0.00,0.00,0.00,8481.00,0.00
38417665293111458,20160921,8481.00,8058.00,0,0,0.00,0.00,0.00,8481.00,0.00
38417665293111458,20160924,8481.00,8058.00,0,0,0.00,0.00,0.00,8481.00,0.00
38417665293111458,20160925,8481.00,8058.00,0,0,0.00,0.00,0.00,8481.00,0.00
38417665293111458,20160926,8481.00,8058.00,0,0,0.00,0.00,0.00,8481.00,0.00
38417665293111458,20160927,8481.00,8058.00,0,0,0.00,0.00,0.00,8481.00,0.00
38417665293111458,20160928,8481.00,8058.00,0,0,0.00,0.00,0.00,8481.00,0.00
38417665293111458,20161001,8481.00,8058.00,0,0,0.00,0.00,0.00,8481.00,0.00
38417665293111458,20161002,8481.00,8058.00,0,0,0.00,0.00,0.00,8481.00,0.00
38417665293111458,20161003,8481.00,8058.00,0,0,0.00,0.00,0.00,8481.00,0.00
38417665293111458,20161004,8477.00,8057.00,1,500,4028500.00,8057.00,8057.00,8481.00,8057.00
38417665293111458,20161005,8477.00,8057.00,0,0,0.00,0.00,0.00,8477.00,0.00
38417665293111458,20161008,8476.00,8054.00,1,130,1047020.00,8054.00,8054.00,8477.00,8054.00
38417665293111458,20161009,8476.00,8054.00,0,0,0.00,0.00,0.00,8476.00,0.00
38417665293111458,20161010,8476.00,8054.00,0,0,0.00,0.00,0.00,8476.00,0.00
38417665293111458,20161012,8476.00,8054.00,0,0,0.00,0.00,0.00,8476.00,0.00
38417665293111458,20161015,8476.00,8054.00,0,0,0.00,0.00,0.00,8476.00,0.00
38417665293111458,20161016,8476.00,8054.00,0,0,0.00,0.00,0.00,8476.00,0.00
38417665293111458,20161017,8472.00,8053.00,1,500,4026500.00,8053.00,8053.00,8476.00,8053.00
38417665293111458,20161018,8472.00,8053.00,0,0,0.00,0.00,0.00,8472.00,0.00
38417665293111458,20161019,8472.00,8053.00,0,0,0.00,0.00,0.00,8472.00,0.00
38417665293111458,20161022,8472.00,8053.00,0,0,0.00,0.00,0.00,8472.00,0.00
38417665293111458,20161023,8469.00,8049.00,2,474,3815226.00,8049.00,8049.00,8472.00,8049.00
38417665293111458,20161024,8469.00,8049.00,0,0,0.00,0.00,0.00,8469.00,0.00
38417665293111458,20161025,8469.00,8049.00,0,0,0.00,0.00,0.00,8469.00,0.00
38417665293111458,20161026,8468.00,8046.00,1,140,1126440.00,8046.00,8046.00,8469.00,8046.00
38417665293111458,20161027,8468.00,8046.00,0,0,0.00,8046.00,8046.00,8468.00,8046.00
38417665293111458,20161028,8468.00,8046.00,0,0,0.00,8046.00,8046.00,8468.00,8046.00
38417665293111458,20161029,8468.00,8046.00,0,0,0.00,0.00,0.00,8468.00,8046.00
38417665293111458,20161030,8468.00,8046.00,0,0,0.00,0.00,0.00,8468.00,8046.00
38417665293111458,20161031,8270.00,8045.00,14,27619,222194855.00,8045.00,8045.00,8468.00,8045.00
38417665293111458,20161101,8270.00,7857.00,1,10,78570.00,7857.00,7857.00,8270.00,7857.00
38417665293111458,20161102,8270.00,7857.00,0,0,0.00,7857.00,7857.00,8270.00,7857.00
38417665293111458,20161105,8270.00,7857.00,0,0,0.00,7857.00,7857.00,8270.00,7857.00
38417665293111458,20161106,8211.00,7857.00,19,8617,67703769.00,7857.00,7857.00,8270.00,7857.00
38417665293111458,20161107,8197.00,7801.00,5,2027,15812627.00,7801.00,7801.00,8211.00,7801.00
38417665293111458,20161108,7945.00,8045.00,26,37960,295946173.00,7788.00,8045.00,8197.00,7788.00
38417665293111458,20161109,7755.00,7548.00,13,29700,224464130.00,7548.00,7650.00,7945.00,7643.00
38417665293111458,20161112,7558.00,7368.00,37,32954,242827426.00,7368.00,7385.00,7755.00,7369.00
38417665293111458,20161113,7599.00,7300.00,35,20222,155462185.00,7300.00,7935.00,7558.00,7935.00
38417665293111458,20161114,7550.00,7499.00,16,9644,70116144.00,7250.00,7499.00,7599.00,7256.00
38417665293111458,20161115,7637.00,7927.00,14,15672,123913854.00,7500.00,7927.00,7550.00,7500.00
38417665293111458,20161116,7720.00,8018.00,13,14002,112268036.00,8018.00,8018.00,7637.00,8018.00
38417665293111458,20161119,7746.00,8106.00,8,4363,35366478.00,8106.00,8106.00,7720.00,8106.00
38417665293111458,20161121,7770.00,8133.00,5,4079,33174507.00,8133.00,8133.00,7746.00,8133.00
38417665293111458,20161122,7785.00,8158.00,5,2455,20027890.00,8158.00,8158.00,7770.00,8158.00
38417665293111458,20161123,7825.00,8174.00,11,6656,54406144.00,8174.00,8174.00,7785.00,8174.00
38417665293111458,20161126,7825.00,8216.00,1,1,8216.00,8216.00,8216.00,7825.00,8216.00
38417665293111458,20161127,7861.00,8216.00,1,5946,48852336.00,8216.00,8216.00,7825.00,8216.00
38417665293111458,20161129,7865.00,8254.00,2,648,5348592.00,8254.00,8254.00,7861.00,8254.00
38417665293111458,20161203,7900.00,8258.00,9,5590,46162220.00,8258.00,8258.00,7865.00,8258.00
38417665293111458,20161204,7970.00,8295.00,3,11196,92870820.00,8295.00,8295.00,7900.00,8295.00
38417665293111458,20161205,7973.00,8368.00,2,415,3472720.00,8368.00,8368.00,7970.00,8368.00
38417665293111458,20161206,7973.00,8371.00,1,10,83710.00,8371.00,8371.00,7973.00,8371.00
38417665293111458,20161207,8080.00,8371.00,3,17045,142683695.00,8371.00,8371.00,7973.00,8371.00
38417665293111458,20161210,8192.00,8484.00,16,17092,145008528.00,8484.00,8484.00,8080.00,8484.00
38417665293111458,20161211,8487.00,8601.00,40,44707,384511000.00,8599.00,8601.00,8192.00,8601.00
38417665293111458,20161212,8793.00,8911.00,42,45289,403315017.00,8555.00,8911.00,8487.00,8885.00
38417665293111458,20161213,8866.00,9232.00,26,10356,95606592.00,9232.00,9232.00,8793.00,9232.00
38417665293111458,20161214,8904.00,9309.00,4,5326,49579734.00,9309.00,9309.00,8866.00,9309.00
38417665293111458,20161218,8909.00,9349.00,2,613,5730937.00,9349.00,9349.00,8904.00,9349.00
38417665293111458,20161219,8990.00,9354.00,4,10204,95448216.00,9354.00,9354.00,8909.00,9354.00
38417665293111458,20161220,9048.00,9439.00,4,7258,68508262.00,9439.00,9439.00,8990.00,9439.00
38417665293111458,20161221,9048.00,9439.00,0,0,0.00,9439.00,9439.00,9048.00,9439.00
38417665293111458,20161224,9052.00,9500.00,2,463,4398500.00,9500.00,9500.00,9048.00,9500.00
38417665293111458,20161225,9097.00,9504.00,4,5481,52091424.00,9504.00,9504.00,9052.00,9504.00
38417665293111458,20161226,9097.00,9551.00,2,54,515754.00,9551.00,9551.00,9097.00,9551.00
38417665293111458,20161227,9097.00,9551.00,0,0,0.00,9551.00,9551.00,9097.00,9551.00
38417665293111458,20161228,9227.00,9551.00,18,15816,151058616.00,9551.00,9551.00,9097.00,9551.00
38417665293111458,20161231,9555.00,9688.00,16,38525,373230200.00,9688.00,9688.00,9227.00,9688.00
38417665293111458,20170101,9615.00,10032.00,3,6839,68608848.00,10032.00,10032.00,9555.00,10032.00
38417665293111458,20170102,9661.00,10095.00,4,5201,52504095.00,10095.00,10095.00,9615.00,10095.00
38417665293111458,20170103,9664.00,10144.00,4,331,3357664.00,10144.00,10144.00,9661.00,10144.00
38417665293111458,20170104,9665.00,10147.00,1,120,1217640.00,10147.00,10147.00,9664.00,10147.00
38417665293111458,20170107,9730.00,10148.00,3,7000,71036000.00,10148.00,10148.00,9665.00,10148.00
38417665293111458,20170108,9829.00,10216.00,9,10529,107564264.00,10216.00,10216.00,9730.00,10216.00
38417665293111458,20170109,9829.00,10320.00,1,1,10320.00,10320.00,10320.00,9829.00,10320.00
38417665293111458,20170111,9831.00,10320.00,3,238,2456160.00,10320.00,10320.00,9829.00,10320.00
38417665293111458,20170114,9836.00,10322.00,2,545,5625490.00,10322.00,10322.00,9831.00,10322.00
38417665293111458,20170115,10327.00,10327.00,38,61090,630876430.00,10327.00,10327.00,9836.00,10327.00
38417665293111458,20170116,10687.00,10843.00,66,51492,550289747.00,10327.00,10843.00,10327.00,10830.00
38417665293111458,20170117,10760.00,11221.00,6,6969,78199149.00,11221.00,11221.00,10687.00,11221.00
38417665293111458,20170118,10763.00,11298.00,1,330,3728340.00,11298.00,11298.00,10760.00,11298.00
38417665293111458,20170121,10763.00,11298.00,0,0,0.00,11298.00,11298.00,10763.00,11298.00
38417665293111458,20170122,10763.00,11298.00,0,0,0.00,11298.00,11298.00,10763.00,11298.00
38417665293111458,20170123,10763.00,11298.00,0,0,0.00,11298.00,11298.00,10763.00,11298.00
38417665293111458,20170124,10763.00,11298.00,0,0,0.00,11298.00,11298.00,10763.00,11298.00
38417665293111458,20170125,10763.00,11298.00,0,0,0.00,11298.00,11298.00,10763.00,11298.00
38417665293111458,20170128,10763.00,11298.00,0,0,0.00,11298.00,11298.00,10763.00,11298.00
38417665293111458,20170129,10763.00,11298.00,0,0,0.00,11298.00,11298.00,10763.00,11298.00
38417665293111458,20170130,10763.00,11298.00,0,0,0.00,11298.00,11298.00,10763.00,11298.00
38417665293111458,20170131,10763.00,11298.00,0,0,0.00,11298.00,11298.00,10763.00,11298.00
38417665293111458,20170201,10763.00,11298.00,0,0,0.00,11298.00,11298.00,10763.00,11298.00
38417665293111458,20170204,10763.00,11298.00,0,0,0.00,11298.00,11298.00,10763.00,11298.00
38417665293111458,20170205,10763.00,11298.00,0,0,0.00,11298.00,11298.00,10763.00,11298.00
38417665293111458,20170206,10763.00,11298.00,0,0,0.00,11298.00,11298.00,10763.00,11298.00
38417665293111458,20170207,10763.00,11298.00,0,0,0.00,11298.00,11298.00,10763.00,11298.00
38417665293111458,20170208,10763.00,11298.00,0,0,0.00,11298.00,11298.00,10763.00,11298.00
38417665293111458,20170211,10763.00,11298.00,0,0,0.00,11298.00,11298.00,10763.00,11298.00
38417665293111458,20170212,10763.00,11298.00,0,0,0.00,11298.00,11298.00,10763.00,11298.00
38417665293111458,20170213,10763.00,11298.00,0,0,0.00,11298.00,11298.00,10763.00,11298.00
38417665293111458,20170214,10763.00,11298.00,0,0,0.00,11298.00,11298.00,10763.00,11298.00
38417665293111458,20170215,10763.00,11298.00,0,0,0.00,11298.00,11298.00,10763.00,11298.00
38417665293111458,20170218,10763.00,11298.00,0,0,0.00,11298.00,11298.00,10763.00,11298.00
38417665293111458,20170219,10763.00,11298.00,0,0,0.00,11298.00,11298.00,10763.00,11298.00
38417665293111458,20170220,10763.00,11298.00,0,0,0.00,11298.00,11298.00,10763.00,11298.00
38417665293111458,20170221,10763.00,11298.00,0,0,0.00,11298.00,11298.00,10763.00,11298.00
38417665293111458,20170222,10763.00,11298.00,0,0,0.00,0.00,0.00,10763.00,0.00
38417665293111458,20170225,10763.00,11298.00,0,0,0.00,0.00,0.00,10763.00,0.00
38417665293111458,20170226,10763.00,11298.00,0,0,0.00,0.00,0.00,10763.00,0.00
38417665293111458,20170227,10763.00,11298.00,0,0,0.00,11298.00,11298.00,10763.00,11298.00
38417665293111458,20170228,10763.00,11298.00,0,0,0.00,11298.00,11298.00,10763.00,11298.00
38417665293111458,20170301,10763.00,11298.00,0,0,0.00,11298.00,11298.00,10763.00,11298.00
38417665293111458,20170304,10763.00,11298.00,0,0,0.00,0.00,0.00,10763.00,0.00
38417665293111458,20170305,10763.00,11298.00,0,0,0.00,0.00,0.00,10763.00,0.00
38417665293111458,20170306,10763.00,11298.00,0,0,0.00,11298.00,11298.00,10763.00,11298.00
38417665293111458,20170307,10763.00,11298.00,0,0,0.00,11298.00,11298.00,10763.00,11298.00
38417665293111458,20170308,10763.00,11298.00,0,0,0.00,11298.00,11298.00,10763.00,11298.00
38417665293111458,20170311,10763.00,11298.00,0,0,0.00,11298.00,11298.00,10763.00,11298.00
38417665293111458,20170312,10763.00,11298.00,0,0,0.00,11298.00,11298.00,10763.00,11298.00
38417665293111458,20170313,10763.00,11298.00,0,0,0.00,11298.00,11298.00,10763.00,11298.00
38417665293111458,20170314,10763.00,11298.00,0,0,0.00,11298.00,11298.00,10763.00,11298.00
38417665293111458,20170315,10763.00,11298.00,0,0,0.00,11298.00,11298.00,10763.00,11298.00
38417665293111458,20170318,10763.00,11298.00,0,0,0.00,11298.00,11298.00,10763.00,11298.00
38417665293111458,20170325,10763.00,11298.00,0,0,0.00,0.00,0.00,10763.00,0.00
38417665293111458,20170326,10763.00,11298.00,0,0,0.00,0.00,0.00,10763.00,0.00
38417665293111458,20170327,10763.00,11298.00,0,0,0.00,11298.00,11298.00,10763.00,11298.00
38417665293111458,20170328,10763.00,11298.00,0,0,0.00,11298.00,11298.00,10763.00,11298.00
38417665293111458,20170329,10763.00,11298.00,0,0,0.00,11298.00,11298.00,10763.00,11298.00
38417665293111458,20170403,10763.00,11298.00,0,0,0.00,11298.00,11298.00,10763.00,11298.00
38417665293111458,20170404,10763.00,11298.00,0,0,0.00,11298.00,11298.00,10763.00,11298.00
38417665293111458,20170405,10763.00,11298.00,0,0,0.00,11298.00,11298.00,10763.00,11298.00
38417665293111458,20170408,10763.00,11298.00,0,0,0.00,11298.00,11298.00,10763.00,11298.00
38417665293111458,20170409,10763.00,11298.00,0,0,0.00,0.00,0.00,10763.00,0.00
38417665293111458,20170410,10763.00,11298.00,0,0,0.00,0.00,0.00,10763.00,0.00
38417665293111458,20170412,10763.00,11298.00,0,0,0.00,0.00,0.00,10763.00,0.00
38417665293111458,20170415,10763.00,11298.00,0,0,0.00,0.00,0.00,10763.00,0.00
38417665293111458,20170416,10763.00,11298.00,0,0,0.00,0.00,0.00,10763.00,0.00
38417665293111458,20170417,10763.00,11298.00,0,0,0.00,0.00,0.00,10763.00,0.00
38417665293111458,20170418,10763.00,11298.00,0,0,0.00,0.00,0.00,10763.00,0.00
38417665293111458,20170419,10763.00,11298.00,0,0,0.00,0.00,0.00,10763.00,0.00
38417665293111458,20170422,10763.00,11298.00,0,0,0.00,0.00,0.00,10763.00,0.00
38417665293111458,20170423,10763.00,11298.00,0,0,0.00,0.00,0.00,10763.00,0.00
38417665293111458,20170424,10763.00,11298.00,0,0,0.00,0.00,0.00,10763.00,0.00
38417665293111458,20170426,10763.00,11298.00,0,0,0.00,0.00,0.00,10763.00,0.00
38417665293111458,20170429,10763.00,11298.00,0,0,0.00,0.00,0.00,10763.00,0.00
38417665293111458,20170430,10763.00,11298.00,0,0,0.00,0.00,0.00,10763.00,0.00
38417665293111458,20170501,10763.00,11298.00,0,0,0.00,0.00,0.00,10763.00,0.00
38417665293111458,20170502,10763.00,11298.00,0,0,0.00,0.00,0.00,10763.00,0.00
38417665293111458,20170503,10763.00,11298.00,0,0,0.00,0.00,0.00,10763.00,0.00
38417665293111458,20170506,10763.00,11298.00,0,0,0.00,0.00,0.00,10763.00,0.00
38417665293111458,20170507,10763.00,11298.00,0,0,0.00,0.00,0.00,10763.00,0.00
38417665293111458,20170508,10763.00,11298.00,0,0,0.00,0.00,0.00,10763.00,0.00
38417665293111458,20170509,10763.00,11298.00,0,0,0.00,0.00,0.00,10763.00,0.00
38417665293111458,20170510,10763.00,11298.00,0,0,0.00,0.00,0.00,10763.00,0.00
38417665293111458,20170513,10763.00,11298.00,0,0,0.00,0.00,0.00,10763.00,0.00
38417665293111458,20170514,10763.00,11298.00,0,0,0.00,0.00,0.00,10763.00,0.00
38417665293111458,20170515,10763.00,11298.00,0,0,0.00,0.00,0.00,10763.00,0.00
38417665293111458,20170516,10763.00,11298.00,0,0,0.00,0.00,0.00,10763.00,0.00
38417665293111458,20170517,10763.00,11298.00,0,0,0.00,0.00,0.00,10763.00,0.00
38417665293111458,20170520,10763.00,11298.00,0,0,0.00,0.00,0.00,10763.00,0.00
38417665293111458,20170521,10763.00,11298.00,0,0,0.00,0.00,0.00,10763.00,0.00
38417665293111458,20170522,10763.00,11298.00,0,0,0.00,0.00,0.00,10763.00,0.00
38417665293111458,20170523,10763.00,11298.00,0,0,0.00,0.00,0.00,10763.00,0.00
38417665293111458,20170524,10763.00,11298.00,0,0,0.00,0.00,0.00,10763.00,0.00
38417665293111458,20170527,10527.00,10225.00,14,20400,208590000.00,10225.00,10225.00,10763.00,10225.00
38417665293111458,20170528,10516.00,10001.00,1,1000,10001000.00,10001.00,10001.00,10527.00,10001.00
38417665293111458,20170529,10403.00,9991.00,2,10000,99910000.00,9991.00,9991.00,10516.00,9991.00
38417665293111458,20170530,10403.00,9991.00,0,0,0.00,0.00,0.00,10403.00,0.00
38417665293111458,20170531,10403.00,9991.00,0,0,0.00,0.00,0.00,10403.00,0.00
38417665293111458,20170603,10403.00,9991.00,0,0,0.00,0.00,0.00,10403.00,0.00
38417665293111458,20170606,10403.00,9991.00,0,0,0.00,0.00,0.00,10403.00,0.00
38417665293111458,20170607,10401.00,9883.00,2,213,2105079.00,9883.00,9883.00,10403.00,9883.00
38417665293111458,20170610,10401.00,9883.00,0,0,0.00,0.00,0.00,10401.00,0.00
38417665293111458,20170611,10401.00,9883.00,0,0,0.00,0.00,0.00,10401.00,0.00
38417665293111458,20170612,10401.00,9883.00,0,0,0.00,0.00,0.00,10401.00,0.00
38417665293111458,20170613,10401.00,9883.00,0,0,0.00,0.00,0.00,10401.00,0.00
38417665293111458,20170614,10401.00,9883.00,0,0,0.00,0.00,0.00,10401.00,0.00
38417665293111458,20170617,10401.00,9883.00,0,0,0.00,0.00,0.00,10401.00,0.00
38417665293111458,20170618,10401.00,9883.00,0,0,0.00,0.00,0.00,10401.00,0.00
38417665293111458,20170619,10401.00,9883.00,0,0,0.00,0.00,0.00,10401.00,0.00
38417665293111458,20170620,10401.00,9883.00,0,0,0.00,0.00,0.00,10401.00,0.00
38417665293111458,20170621,10401.00,9883.00,0,0,0.00,0.00,0.00,10401.00,0.00
38417665293111458,20170624,10401.00,9883.00,0,0,0.00,0.00,0.00,10401.00,0.00
38417665293111458,20170625,10399.00,9881.00,1,145,1432745.00,9881.00,9881.00,10401.00,9881.00
38417665293111458,20170628,10398.00,9880.00,2,104,1027520.00,9880.00,9880.00,10399.00,9880.00
38417665293111458,20170701,10398.00,9880.00,0,0,0.00,0.00,0.00,10398.00,0.00
38417665293111458,20170702,10398.00,9879.00,1,10,98790.00,9879.00,9879.00,10398.00,9879.00
38417665293111458,20170703,10398.00,9879.00,0,0,0.00,0.00,0.00,10398.00,0.00
38417665293111458,20170704,10353.00,9879.00,2,4185,41343615.00,9879.00,9879.00,10398.00,9879.00
38417665293111458,20170705,10353.00,9879.00,0,0,0.00,0.00,0.00,10353.00,0.00
38417665293111458,20170708,10353.00,9879.00,0,0,0.00,0.00,0.00,10353.00,0.00
38417665293111458,20170709,10353.00,9879.00,0,0,0.00,0.00,0.00,10353.00,0.00
38417665293111458,20170710,10353.00,9879.00,0,0,0.00,0.00,0.00,10353.00,0.00
38417665293111458,20170711,10353.00,9879.00,0,0,0.00,0.00,0.00,10353.00,0.00
38417665293111458,20170712,10353.00,9879.00,0,0,0.00,0.00,0.00,10353.00,0.00
38417665293111458,20170715,10353.00,9879.00,0,0,0.00,0.00,0.00,10353.00,0.00
38417665293111458,20170716,10353.00,9879.00,0,0,0.00,0.00,0.00,10353.00,0.00
38417665293111458,20170717,10353.00,9879.00,0,0,0.00,0.00,0.00,10353.00,0.00
38417665293111458,20170718,10353.00,9879.00,0,0,0.00,0.00,0.00,10353.00,0.00
38417665293111458,20170719,10353.00,9879.00,0,0,0.00,0.00,0.00,10353.00,0.00
38417665293111458,20170722,10353.00,9879.00,0,0,0.00,0.00,0.00,10353.00,0.00
38417665293111458,20170723,10353.00,9879.00,0,0,0.00,0.00,0.00,10353.00,0.00
38417665293111458,20170724,10353.00,9879.00,0,0,0.00,0.00,0.00,10353.00,0.00
38417665293111458,20170725,10353.00,9879.00,0,0,0.00,0.00,0.00,10353.00,0.00
38417665293111458,20170726,10353.00,9879.00,0,0,0.00,0.00,0.00,10353.00,0.00
38417665293111458,20170729,10353.00,9879.00,0,0,0.00,0.00,0.00,10353.00,0.00
38417665293111458,20170730,10353.00,9879.00,0,0,0.00,0.00,0.00,10353.00,0.00
38417665293111458,20170731,10353.00,9879.00,0,0,0.00,0.00,0.00,10353.00,0.00
38417665293111458,20170801,10353.00,9879.00,0,0,0.00,0.00,0.00,10353.00,0.00
38417665293111458,20170802,10353.00,9879.00,0,0,0.00,0.00,0.00,10353.00,0.00
38417665293111458,20170806,10353.00,9879.00,0,0,0.00,0.00,0.00,10353.00,0.00
38417665293111458,20170807,10353.00,9879.00,0,0,0.00,0.00,0.00,10353.00,0.00
38417665293111458,20170808,10353.00,9879.00,0,0,0.00,0.00,0.00,10353.00,0.00
38417665293111458,20170809,10353.00,9879.00,0,0,0.00,0.00,0.00,10353.00,0.00
38417665293111458,20170812,10353.00,9879.00,0,0,0.00,0.00,0.00,10353.00,0.00
38417665293111458,20170813,10353.00,9879.00,0,0,0.00,0.00,0.00,10353.00,0.00
38417665293111458,20170814,10353.00,9879.00,0,0,0.00,0.00,0.00,10353.00,0.00
38417665293111458,20170815,10353.00,9879.00,0,0,0.00,0.00,0.00,10353.00,0.00
38417665293111458,20170816,10353.00,9879.00,0,0,0.00,0.00,0.00,10353.00,0.00
38417665293111458,20170819,10353.00,9879.00,0,0,0.00,0.00,0.00,10353.00,0.00
38417665293111458,20170820,10353.00,9879.00,0,0,0.00,0.00,0.00,10353.00,0.00
38417665293111458,20170821,10353.00,9879.00,0,0,0.00,0.00,0.00,10353.00,0.00
38417665293111458,20170822,10353.00,9879.00,0,0,0.00,0.00,0.00,10353.00,0.00
38417665293111458,20170823,10353.00,9879.00,0,0,0.00,0.00,0.00,10353.00,0.00
38417665293111458,20170826,10353.00,9879.00,0,0,0.00,0.00,0.00,10353.00,0.00
38417665293111458,20170827,10353.00,9879.00,0,0,0.00,0.00,0.00,10353.00,0.00
38417665293111458,20170828,10353.00,9879.00,0,0,0.00,0.00,0.00,10353.00,0.00
38417665293111458,20170829,10353.00,9879.00,0,0,0.00,0.00,0.00,10353.00,0.00
38417665293111458,20170830,10353.00,9879.00,0,0,0.00,0.00,0.00,10353.00,0.00
38417665293111458,20170902,10353.00,9879.00,0,0,0.00,0.00,0.00,10353.00,0.00
38417665293111458,20170903,10353.00,9879.00,0,0,0.00,0.00,0.00,10353.00,0.00
38417665293111458,20170904,10353.00,9879.00,0,0,0.00,0.00,0.00,10353.00,0.00
38417665293111458,20170905,10353.00,9879.00,0,0,0.00,0.00,0.00,10353.00,0.00
38417665293111458,20170906,10353.00,9879.00,0,0,0.00,0.00,0.00,10353.00,0.00
38417665293111458,20170910,10353.00,9879.00,0,0,0.00,0.00,0.00,10353.00,0.00
38417665293111458,20170911,10353.00,9879.00,0,0,0.00,0.00,0.00,10353.00,0.00
38417665293111458,20170912,10353.00,9879.00,0,0,0.00,0.00,0.00,10353.00,0.00
38417665293111458,20170913,10353.00,9879.00,0,0,0.00,0.00,0.00,10353.00,0.00
38417665293111458,20170916,10353.00,9879.00,0,0,0.00,0.00,0.00,10353.00,0.00
38417665293111458,20170917,10353.00,9879.00,0,0,0.00,0.00,0.00,10353.00,0.00
38417665293111458,20170918,10353.00,9879.00,0,0,0.00,0.00,0.00,10353.00,0.00
38417665293111458,20170919,10353.00,9879.00,0,0,0.00,0.00,0.00,10353.00,0.00
38417665293111458,20170920,10353.00,9879.00,0,0,0.00,0.00,0.00,10353.00,0.00
38417665293111458,20170923,10353.00,9879.00,0,0,0.00,0.00,0.00,10353.00,0.00
38417665293111458,20170924,10353.00,9879.00,0,0,0.00,0.00,0.00,10353.00,0.00
38417665293111458,20170925,10353.00,9879.00,0,0,0.00,0.00,0.00,10353.00,0.00
38417665293111458,20170926,10353.00,9879.00,0,0,0.00,0.00,0.00,10353.00,0.00
38417665293111458,20170927,10353.00,9879.00,0,0,0.00,0.00,0.00,10353.00,0.00
38417665293111458,20171002,10353.00,9879.00,0,0,0.00,0.00,0.00,10353.00,0.00
38417665293111458,20171003,10353.00,9879.00,0,0,0.00,0.00,0.00,10353.00,0.00
38417665293111458,20171004,10353.00,9879.00,0,0,0.00,0.00,0.00,10353.00,0.00
38417665293111458,20171007,10353.00,9879.00,0,0,0.00,0.00,0.00,10353.00,0.00
38417665293111458,20171008,10353.00,9879.00,0,0,0.00,0.00,0.00,10353.00,0.00
38417665293111458,20171009,10353.00,9879.00,0,0,0.00,0.00,0.00,10353.00,0.00
38417665293111458,20171010,10353.00,9879.00,0,0,0.00,0.00,0.00,10353.00,0.00
38417665293111458,20171011,10353.00,9879.00,0,0,0.00,0.00,0.00,10353.00,0.00
38417665293111458,20171014,10353.00,9879.00,0,0,0.00,0.00,0.00,10353.00,0.00
38417665293111458,20171015,10353.00,9879.00,0,0,0.00,0.00,0.00,10353.00,0.00
38417665293111458,20171016,10353.00,9879.00,0,0,0.00,0.00,0.00,10353.00,0.00
38417665293111458,20171017,10353.00,9879.00,0,0,0.00,0.00,0.00,10353.00,0.00
38417665293111458,20171018,10353.00,9879.00,0,0,0.00,0.00,0.00,10353.00,0.00
38417665293111458,20171021,10353.00,9879.00,0,0,0.00,0.00,0.00,10353.00,0.00
38417665293111458,20171022,10353.00,9879.00,0,0,0.00,0.00,0.00,10353.00,0.00
38417665293111458,20171023,10353.00,9879.00,0,0,0.00,0.00,0.00,10353.00,0.00
38417665293111458,20171024,10353.00,9879.00,0,0,0.00,0.00,0.00,10353.00,0.00
38417665293111458,20171025,10353.00,9879.00,0,0,0.00,0.00,0.00,10353.00,0.00
38417665293111458,20171028,10353.00,9879.00,0,0,0.00,0.00,0.00,10353.00,0.00
38417665293111458,20171029,10353.00,9879.00,0,0,0.00,0.00,0.00,10353.00,0.00
38417665293111458,20171030,10353.00,9879.00,0,0,0.00,0.00,0.00,10353.00,0.00
38417665293111458,20171031,10353.00,9879.00,0,0,0.00,0.00,0.00,10353.00,0.00
38417665293111458,20171101,10353.00,9879.00,0,0,0.00,0.00,0.00,10353.00,0.00
38417665293111458,20171104,10353.00,9879.00,0,0,0.00,0.00,0.00,10353.00,0.00
38417665293111458,20171105,10353.00,9879.00,0,0,0.00,0.00,0.00,10353.00,0.00
38417665293111458,20171106,10353.00,9879.00,0,0,0.00,0.00,0.00,10353.00,0.00
38417665293111458,20171107,10353.00,9879.00,0,0,0.00,0.00,0.00,10353.00,0.00
38417665293111458,20171108,10353.00,9879.00,0,0,0.00,0.00,0.00,10353.00,0.00
38417665293111458,20171111,10353.00,9879.00,0,0,0.00,0.00,0.00,10353.00,0.00
38417665293111458,20171112,10353.00,9879.00,0,0,0.00,0.00,0.00,10353.00,0.00
38417665293111458,20171113,10353.00,9879.00,0,0,0.00,0.00,0.00,10353.00,0.00
38417665293111458,20171114,10353.00,9879.00,0,0,0.00,0.00,0.00,10353.00,0.00
38417665293111458,20171115,10353.00,9879.00,0,0,0.00,0.00,0.00,10353.00,0.00
38417665293111458,20171118,10353.00,9879.00,0,0,0.00,0.00,0.00,10353.00,0.00
