45709267601703167,20010325,8700.00,8700.00,5,5977,52338864.00,8700.00,8770.00,8770.00,8770.00
45709267601703167,20010326,8700.00,8700.00,12,7990,69513000.00,8700.00,8700.00,8700.00,8700.00
45709267601703167,20010327,8651.00,8651.00,13,4400,38061000.00,8650.00,8651.00,8700.00,8651.00
45709267601703167,20010328,8650.00,8650.00,17,7365,63818200.00,8650.00,8700.00,8651.00,8652.00
45709267601703167,20010331,8650.00,8650.00,4,1380,11937000.00,8650.00,8650.00,8650.00,8650.00
45709267601703167,20010403,8500.00,8500.00,3,1250,10675000.00,8500.00,8550.00,8650.00,8550.00
45709267601703167,20010407,8360.00,8360.00,15,5990,50126380.00,8350.00,8381.00,8500.00,8380.00
45709267601703167,20010408,8770.00,8770.00,19,13275,113311490.00,8350.00,8770.00,8360.00,8360.00
45709267601703167,20010409,8770.00,8770.00,11,3392,29740616.00,8602.00,8770.00,8770.00,8602.00
45709267601703167,20010410,9050.00,9050.00,12,12382,111898350.00,8900.00,9050.00,8770.00,8900.00
45709267601703167,20010411,9100.00,9100.00,14,10670,97069675.00,9050.00,9100.00,9050.00,9100.00
45709267601703167,20010414,9152.00,9152.00,32,20422,186510770.00,9100.00,9200.00,9100.00,9150.00
45709267601703167,20010415,9350.00,9350.00,16,9231,86201494.00,9151.00,9350.00,9152.00,9151.00
45709267601703167,20010416,9810.00,9810.00,23,14375,137018907.00,9350.00,9810.00,9350.00,9451.00
45709267601703167,20010417,10300.00,10300.00,46,31924,328668300.00,9810.00,10300.00,9810.00,10300.00
45709267601703167,20010418,10815.00,10815.00,34,30287,326573365.00,10300.00,10815.00,10300.00,10800.00
45709267601703167,20010421,10749.00,10749.00,38,32746,361016286.00,10749.00,11101.00,10815.00,11101.00
45709267601703167,20010422,10478.00,10478.00,4,2650,27812800.00,10478.00,10500.00,10749.00,10500.00
45709267601703167,20010423,10000.00,10000.00,39,17577,175876896.00,9999.00,10380.00,10478.00,10000.00
45709267601703167,20010424,9995.00,9995.00,4,1405,14047399.00,9995.00,9999.00,10000.00,9999.00
45709267601703167,20010425,9900.00,9900.00,28,13898,137727023.00,9900.00,9986.00,9995.00,9986.00
45709267601703167,20010428,9802.00,9802.00,19,11413,111886898.00,9800.00,9900.00,9900.00,9802.00
45709267601703167,20010429,9710.00,9710.00,13,6893,67261858.00,9710.00,9797.00,9802.00,9710.00
45709267601703167,20010430,9499.00,9499.00,16,8792,83678992.00,9230.00,9697.00,9710.00,9498.00
45709267601703167,20010501,9450.00,9450.00,13,5645,53490102.00,9450.00,9495.00,9499.00,9495.00
45709267601703167,20010502,9360.00,9360.00,39,23486,220039677.00,9344.00,9449.00,9450.00,9400.00
45709267601703167,20010505,9699.00,9699.00,4,980,9363913.00,9490.00,9699.00,9360.00,9490.00
45709267601703167,20010506,9770.00,9770.00,25,12037,120656698.00,9702.00,10170.00,9699.00,9899.00
45709267601703167,20010507,10021.00,10021.00,44,25647,258994893.00,9789.00,10170.00,9770.00,9790.00
45709267601703167,20010508,10101.00,10101.00,9,1414,14297583.00,10035.00,10380.00,10021.00,10037.00
45709267601703167,20010509,10203.00,10203.00,29,12012,123330341.00,10112.00,10450.00,10101.00,10450.00
45709267601703167,20010512,10231.00,10231.00,43,27655,285853728.00,10216.00,10450.00,10203.00,10216.00
45709267601703167,20010513,10300.00,10300.00,65,42066,432131636.00,10250.00,10350.00,10231.00,10300.00
45709267601703167,20010515,10200.00,10200.00,20,13568,139030552.00,10190.00,10289.00,10300.00,10280.00
45709267601703167,20010516,10000.00,10000.00,11,4346,43636685.00,10000.00,10147.00,10200.00,10147.00
45709267601703167,20010519,9580.00,9580.00,22,12845,125574800.00,9550.00,9998.00,10000.00,9850.00
45709267601703167,20010520,9604.00,9604.00,20,9671,93866204.00,9603.00,9750.00,9580.00,9700.00
45709267601703167,20010521,9800.00,9800.00,7,5029,49021400.00,9700.00,9800.00,9604.00,9710.00
45709267601703167,20010523,9799.00,9799.00,46,31704,309270965.00,9701.00,9850.00,9800.00,9804.00
45709267601703167,20010526,9795.00,9795.00,11,10600,103821159.00,9789.00,9800.00,9799.00,9799.00
45709267601703167,20010527,9607.00,9607.00,21,11241,108085562.00,9606.00,9768.00,9795.00,9768.00
45709267601703167,20010528,9600.00,9600.00,25,16934,162960640.00,9600.00,9765.00,9607.00,9600.00
45709267601703167,20010529,9550.00,9550.00,24,10878,104197486.00,9550.00,9603.00,9600.00,9603.00
45709267601703167,20010530,9501.00,9501.00,11,4900,46573355.00,9500.00,9511.00,9550.00,9510.00
45709267601703167,20010602,9380.00,9380.00,16,14900,140429700.00,9380.00,9500.00,9501.00,9500.00
45709267601703167,20010603,9390.00,9390.00,26,15627,145855880.00,9298.00,9400.00,9380.00,9347.00
45709267601703167,20010606,9490.00,9490.00,20,8206,77451970.00,9390.00,9500.00,9390.00,9390.00
45709267601703167,20010609,9450.00,9450.00,11,7301,68939400.00,9400.00,9450.00,9490.00,9450.00
45709267601703167,20010611,9300.00,9300.00,18,7152,66605590.00,9300.00,9450.00,9450.00,9450.00
45709267601703167,20010612,9196.00,9196.00,14,12758,118372172.00,9196.00,9300.00,9300.00,9300.00
45709267601703167,20010613,9098.00,9098.00,21,12062,109588771.00,9001.00,9187.00,9196.00,9187.00
45709267601703167,20010616,9000.00,9000.00,16,8215,74074670.00,9000.00,9098.00,9098.00,9000.00
45709267601703167,20010617,8990.00,8990.00,21,9450,81901997.00,8550.00,8990.00,9000.00,8990.00
45709267601703167,20010620,8490.00,8490.00,9,3440,29223750.00,8400.00,8799.00,8990.00,8799.00
45709267601703167,20010623,8400.00,8400.00,21,8075,68184180.00,8400.00,8500.00,8490.00,8496.00
45709267601703167,20010624,8400.00,8400.00,43,39941,335111613.00,8367.00,8400.00,8400.00,8390.00
45709267601703167,20010625,8250.00,8250.00,19,23220,192274297.00,8250.00,8399.00,8400.00,8399.00
45709267601703167,20010626,8099.00,8099.00,24,22221,179562200.00,8000.00,8201.00,8250.00,8200.00
45709267601703167,20010627,7960.00,7960.00,35,33463,266316272.00,7950.00,8000.00,8099.00,8000.00
45709267601703167,20010630,7960.00,7960.00,19,20751,165127500.00,7900.00,7963.00,7960.00,7960.00
45709267601703167,20010701,7999.00,7999.00,28,28847,228162672.00,7900.00,7999.00,7960.00,7900.00
45709267601703167,20010702,7990.00,7990.00,42,42372,332289909.00,7810.00,7990.00,7999.00,7899.00
45709267601703167,20010703,7989.00,7989.00,12,10310,82370655.00,7987.00,7990.00,7990.00,7990.00
45709267601703167,20010704,7897.00,7897.00,9,4750,37688250.00,7897.00,7987.00,7989.00,7980.00
45709267601703167,20010707,7700.00,7700.00,8,4238,32889561.00,7700.00,7860.00,7897.00,7860.00
45709267601703167,20010708,7654.00,7654.00,10,7337,55273741.00,7500.00,7675.00,7700.00,7675.00
45709267601703167,20010709,7300.00,7300.00,16,13488,100005264.00,7300.00,7500.00,7654.00,7500.00
45709267601703167,20010710,7130.00,7130.00,72,42795,301908103.00,7000.00,7286.00,7300.00,7139.00
45709267601703167,20010711,7130.00,7130.00,47,40576,285960844.00,7005.00,7130.00,7130.00,7128.00
45709267601703167,20010714,7004.00,7004.00,45,44353,311307142.00,7001.00,7140.00,7130.00,7002.00
45709267601703167,20010715,7101.00,7101.00,34,28790,202639302.00,7004.00,7190.00,7004.00,7004.00
45709267601703167,20010716,7231.00,7231.00,23,11169,79778581.00,7100.00,7231.00,7101.00,7106.00
45709267601703167,20010812,6900.00,6900.00,9,7720,52781980.00,5051.00,6999.00,7231.00,5051.00
45709267601703167,20010813,6555.00,6555.00,6,2150,14093250.00,6555.00,6555.00,6900.00,6555.00
45709267601703167,20010814,6228.00,6228.00,10,6400,40346200.00,6228.00,6552.00,6555.00,6228.00
45709267601703167,20010815,5917.00,5917.00,14,6767,40123339.00,5917.00,6000.00,6228.00,5917.00
45709267601703167,20010818,5625.00,5625.00,13,6796,38233500.00,5622.00,5630.00,5917.00,5626.00
45709267601703167,20010819,5800.00,5800.00,28,17569,99835464.00,5600.00,5800.00,5625.00,5640.00
45709267601703167,20010820,5799.00,5799.00,23,13402,77627558.00,5787.00,5799.00,5800.00,5799.00
45709267601703167,20010821,5910.00,5910.00,18,9188,54265324.00,5802.00,5917.00,5799.00,5900.00
45709267601703167,20010822,6000.00,6000.00,13,8486,50436519.00,5910.00,6000.00,5910.00,5910.00
45709267601703167,20010825,6000.00,6000.00,16,6073,36448546.00,6000.00,6004.00,6000.00,6000.00
45709267601703167,20010826,5900.00,5900.00,6,3212,19009835.00,5900.00,5999.00,6000.00,5999.00
45709267601703167,20010827,5900.00,5900.00,8,3672,21467830.00,5811.00,5900.00,5900.00,5812.00
45709267601703167,20010828,5800.00,5800.00,7,4339,25464700.00,5800.00,5900.00,5900.00,5900.00
45709267601703167,20010829,5700.00,5700.00,9,5170,29718580.00,5700.00,5800.00,5800.00,5799.00
45709267601703167,20010901,5740.00,5740.00,4,3773,21597140.00,5700.00,5750.00,5700.00,5750.00
45709267601703167,20010902,5726.00,5726.00,6,1712,9807359.00,5726.00,5730.00,5740.00,5729.00
45709267601703167,20010903,5600.00,5600.00,9,6250,35030250.00,5600.00,5709.00,5726.00,5709.00
45709267601703167,20010908,5360.00,5360.00,15,11598,62088634.00,5349.00,5360.00,5600.00,5350.00
45709267601703167,20010909,5400.00,5400.00,17,19254,103361505.00,5352.00,5400.00,5360.00,5365.00
45709267601703167,20010910,5350.00,5350.00,5,3924,21094500.00,5350.00,5400.00,5400.00,5400.00
45709267601703167,20010911,5344.00,5344.00,7,5698,30485700.00,5344.00,5351.00,5350.00,5351.00
45709267601703167,20010912,5200.00,5200.00,3,2000,10538000.00,5200.00,5338.00,5344.00,5338.00
45709267601703167,20010917,4940.00,4940.00,6,5296,26162240.00,4940.00,4940.00,5200.00,4940.00
45709267601703167,20010918,4929.00,4929.00,7,3004,14821400.00,4929.00,4940.00,4940.00,4940.00
45709267601703167,20010919,5100.00,5100.00,29,39905,197098880.00,4925.00,5100.00,4929.00,4933.00
45709267601703167,20010922,5355.00,5355.00,7,5709,30289755.00,5170.00,5355.00,5100.00,5355.00
45709267601703167,20010923,5366.00,5366.00,14,18458,99362566.00,5366.00,5401.00,5355.00,5390.00
45709267601703167,20010924,5290.00,5290.00,6,3650,19397250.00,5290.00,5365.00,5366.00,5360.00
45709267601703167,20010925,5026.00,5026.00,7,10796,54916016.00,5026.00,5201.00,5290.00,5196.00
45709267601703167,20010926,5000.00,5000.00,20,24748,123260596.00,4950.00,5000.00,5026.00,5000.00
45709267601703167,20010929,4949.00,4949.00,10,12349,61288076.00,4949.00,4999.00,5000.00,4999.00
45709267601703167,20010930,4950.00,4950.00,20,22790,112483550.00,4901.00,4950.00,4949.00,4950.00
45709267601703167,20011002,4900.00,4900.00,15,16833,82775610.00,4900.00,4950.00,4950.00,4950.00
45709267601703167,20011003,5050.00,5050.00,26,26689,132328725.00,4900.00,5145.00,4900.00,4900.00
45709267601703167,20011006,5048.00,5048.00,20,19879,100402710.00,5047.00,5054.00,5050.00,5050.00
45709267601703167,20011007,4951.00,4951.00,68,234534,1156960994.00,4900.00,5000.00,5048.00,4951.00
45709267601703167,20011008,5050.00,5050.00,18,18698,93825750.00,4932.00,5070.00,4951.00,5048.00
45709267601703167,20011009,4940.00,4940.00,14,15874,79317356.00,4940.00,5050.00,5050.00,5050.00
45709267601703167,20011010,4900.00,4900.00,12,10009,49054998.00,4900.00,4940.00,4940.00,4900.00
45709267601703167,20011013,4952.00,4952.00,15,13903,68853997.00,4900.00,4956.00,4900.00,4900.00
45709267601703167,20011014,5100.00,5100.00,11,11362,56715400.00,4950.00,5100.00,4952.00,4950.00
45709267601703167,20011017,5200.00,5200.00,19,21347,111815614.00,5200.00,5250.00,5100.00,5250.00
45709267601703167,20020608,1002.00,1002.00,8,12175,12181000.00,1000.00,1002.00,5200.00,1000.00
45709267601703167,20020609,1052.00,1052.00,1,578,608056.00,1052.00,1052.00,1002.00,1052.00
45709267601703167,20020610,1104.00,1104.00,1,368,406272.00,1104.00,1104.00,1052.00,1104.00
45709267601703167,20020611,1159.00,1159.00,2,565,654835.00,1159.00,1159.00,1104.00,1159.00
45709267601703167,20020612,1216.00,1216.00,1,500,608000.00,1216.00,1216.00,1159.00,1216.00
45709267601703167,20020615,1276.00,1276.00,3,10000,12760000.00,1276.00,1276.00,1216.00,1276.00
45709267601703167,20020617,1307.00,1307.00,2,1050,1372350.00,1307.00,1307.00,1276.00,1307.00
45709267601703167,20020622,1339.00,1339.00,1,500,669500.00,1339.00,1339.00,1307.00,1339.00
45709267601703167,20020626,1372.00,1372.00,1,200,274400.00,1372.00,1372.00,1339.00,1372.00
45709267601703167,20020630,1440.00,1440.00,1,1000,1440000.00,1440.00,1440.00,1372.00,1440.00
45709267601703167,20020701,1512.00,1512.00,1,1000,1512000.00,1512.00,1512.00,1440.00,1512.00
45709267601703167,20020702,1549.00,1549.00,15,21300,32993700.00,1549.00,1549.00,1512.00,1549.00
45709267601703167,20020805,1001.00,1001.00,4,4250,4252250.00,1000.00,1001.00,1549.00,1000.00
45709267601703167,20020807,1011.00,1011.00,41,275155,278181705.00,1011.00,1011.00,1001.00,1011.00
45709267601703167,20020810,1021.00,1021.00,5,32017,32689357.00,1021.00,1021.00,1011.00,1021.00
45709267601703167,20020813,1031.00,1031.00,2,9103,9385193.00,1031.00,1031.00,1021.00,1031.00
45709267601703167,20020814,1041.00,1041.00,1,1000,1041000.00,1041.00,1041.00,1031.00,1041.00
45709267601703167,20020817,1051.00,1051.00,1,530,557030.00,1051.00,1051.00,1041.00,1051.00
45709267601703167,20020818,1061.00,1061.00,1,500,530500.00,1061.00,1061.00,1051.00,1061.00
45709267601703167,20020820,1071.00,1071.00,1,1000,1071000.00,1071.00,1071.00,1061.00,1071.00
45709267601703167,20020821,1081.00,1081.00,1,295,318895.00,1081.00,1081.00,1071.00,1081.00
45709267601703167,20020827,1081.00,1081.00,4,3250,3486250.00,1027.00,1081.00,1081.00,1027.00
45709267601703167,20020828,1031.00,1031.00,1,1000,1031000.00,1031.00,1031.00,1081.00,1031.00
45709267601703167,20020901,1035.00,1035.00,1,345,357075.00,1035.00,1035.00,1031.00,1035.00
45709267601703167,20020902,1037.00,1037.00,1,500,518500.00,1037.00,1037.00,1035.00,1037.00
45709267601703167,20020903,1038.00,1038.00,6,6200,6435600.00,1038.00,1038.00,1037.00,1038.00
45709267601703167,20020904,1042.00,1042.00,2,1714,1782346.00,1039.00,1042.00,1038.00,1039.00
45709267601703167,20020907,1057.00,1057.00,1,401,423857.00,1057.00,1057.00,1042.00,1057.00
45709267601703167,20020908,1109.00,1109.00,1,500,554500.00,1109.00,1109.00,1057.00,1109.00
45709267601703167,20020909,1164.00,1164.00,1,620,721680.00,1164.00,1164.00,1109.00,1164.00
45709267601703167,20020910,1222.00,1222.00,2,933,1140126.00,1222.00,1222.00,1164.00,1222.00
45709267601703167,20020915,1283.00,1283.00,1,1000,1283000.00,1283.00,1283.00,1222.00,1283.00
45709267601703167,20020917,1347.00,1347.00,16,22212,29919564.00,1347.00,1347.00,1283.00,1347.00
45709267601703167,20020918,1370.00,1370.00,65,2211436,6783263750.00,1350.00,3100.00,1347.00,1350.00
45709267601703167,20020922,1438.00,1438.00,2,623,895874.00,1438.00,1438.00,1370.00,1438.00
45709267601703167,20020928,1509.00,1509.00,1,750,1131750.00,1509.00,1509.00,1438.00,1509.00
45709267601703167,20020929,1584.00,1584.00,2,1500,2376000.00,1584.00,1584.00,1509.00,1584.00
45709267601703167,20021014,1663.00,1663.00,1,150,249450.00,1663.00,1663.00,1584.00,1663.00
45709267601703167,20021110,1746.00,1746.00,1,1000,1746000.00,1746.00,1746.00,1663.00,1746.00
45709267601703167,20021111,1833.00,1833.00,1,500,916500.00,1833.00,1833.00,1746.00,1833.00
45709267601703167,20021113,1924.00,1924.00,1,3950,7599800.00,1924.00,1924.00,1833.00,1924.00
45709267601703167,20021117,2020.00,2020.00,1,5000,10100000.00,2020.00,2020.00,1924.00,2020.00
45709267601703167,20021120,2121.00,2121.00,1,2710,5747910.00,2121.00,2121.00,2020.00,2121.00
45709267601703167,20021201,2227.00,2227.00,2,1000,2227000.00,2227.00,2227.00,2121.00,2227.00
45709267601703167,20021204,2338.00,2338.00,1,1600,3740800.00,2338.00,2338.00,2227.00,2338.00
45709267601703167,20021210,2454.00,2454.00,2,1000,2454000.00,2454.00,2454.00,2338.00,2454.00
45709267601703167,20021211,2576.00,2576.00,2,1500,3864000.00,2576.00,2576.00,2454.00,2576.00
45709267601703167,20021214,2704.00,2704.00,2,1000,2704000.00,2704.00,2704.00,2576.00,2704.00
45709267601703167,20021215,2839.00,2839.00,2,1000,2839000.00,2839.00,2839.00,2704.00,2839.00
45709267601703167,20021216,2980.00,2980.00,9,45000,134100000.00,2980.00,2980.00,2839.00,2980.00
45709267601703167,20021217,3129.00,3129.00,4,30000,93870000.00,3129.00,3129.00,2980.00,3129.00
45709267601703167,20021221,3285.00,3285.00,2,1172,3850020.00,3285.00,3285.00,3129.00,3285.00
45709267601703167,20021222,3449.00,3449.00,4,2500,8622500.00,3449.00,3449.00,3285.00,3449.00
45709267601703167,20021223,3610.00,3610.00,36,49607,179296051.00,3595.00,3621.00,3449.00,3615.00
45709267601703167,20021224,3790.00,3790.00,15,21754,80570610.00,3600.00,3790.00,3610.00,3600.00
45709267601703167,20021225,3900.00,3900.00,3,2114,8158900.00,3790.00,3900.00,3790.00,3790.00
45709267601703167,20030223,3705.00,3705.00,20,84000,327389952.00,3705.00,3900.00,3900.00,3897.00
45709267601703167,20030224,3520.00,3520.00,2,500,1760000.00,3520.00,3520.00,3705.00,3520.00
45709267601703167,20030302,3344.00,3344.00,3,500,1672000.00,3344.00,3344.00,3520.00,3344.00
45709267601703167,20030303,3177.00,3177.00,1,500,1588500.00,3177.00,3177.00,3344.00,3177.00
45709267601703167,20030310,3019.00,3019.00,1,100,301900.00,3019.00,3019.00,3177.00,3019.00
45709267601703167,20030311,2869.00,2869.00,2,700,2008300.00,2869.00,2869.00,3019.00,2869.00
45709267601703167,20030312,2726.00,2726.00,1,100,272600.00,2726.00,2726.00,2869.00,2726.00
45709267601703167,20030316,2590.00,2590.00,1,100,259000.00,2590.00,2590.00,2726.00,2590.00
45709267601703167,20030317,2461.00,2461.00,6,5122,12605242.00,2461.00,2461.00,2590.00,2461.00
45709267601703167,20030319,2338.00,2338.00,1,100,233800.00,2338.00,2338.00,2461.00,2338.00
45709267601703167,20030405,2222.00,2222.00,1,400,888800.00,2222.00,2222.00,2338.00,2222.00
45709267601703167,20030406,2111.00,2111.00,3,150,316650.00,2111.00,2111.00,2222.00,2111.00
45709267601703167,20030408,2110.00,2110.00,1,3000,6330000.00,2110.00,2110.00,2111.00,2110.00
45709267601703167,20030412,2005.00,2005.00,1,1000,2005000.00,2005.00,2005.00,2110.00,2005.00
45709267601703167,20030414,1905.00,1905.00,1,1000,1905000.00,1905.00,1905.00,2005.00,1905.00
45709267601703167,20030416,1810.00,1810.00,1,548,991880.00,1810.00,1810.00,1905.00,1810.00
45709267601703167,20030419,1720.00,1720.00,1,1500,2580000.00,1720.00,1720.00,1810.00,1720.00
45709267601703167,20030420,1634.00,1634.00,13,14176,23163584.00,1634.00,1634.00,1720.00,1634.00
45709267601703167,20030421,1634.00,1634.00,8,7074,11558916.00,1634.00,1634.00,1634.00,1634.00
45709267601703167,20030422,1646.00,1646.00,4,10450,17210150.00,1637.00,1648.00,1634.00,1637.00
45709267601703167,20030426,1728.00,1728.00,7,7854,13550592.00,1648.00,1728.00,1646.00,1728.00
45709267601703167,20030427,1810.00,1810.00,3,3905,7048050.00,1760.00,1810.00,1728.00,1760.00
45709267601703167,20030430,1900.00,1900.00,2,1000,1900000.00,1900.00,1900.00,1810.00,1900.00
45709267601703167,20030503,1995.00,1995.00,4,3750,7481250.00,1995.00,1995.00,1900.00,1995.00
45709267601703167,20030504,2094.00,2094.00,5,3000,6282000.00,2094.00,2094.00,1995.00,2094.00
45709267601703167,20030506,2198.00,2198.00,2,3500,7693000.00,2198.00,2198.00,2094.00,2198.00
45709267601703167,20030507,2198.00,2198.00,9,19800,45460600.00,2198.00,2307.00,2198.00,2307.00
45709267601703167,20030510,2190.00,2190.00,7,3453,7565670.00,2190.00,2198.00,2198.00,2198.00
45709267601703167,20030520,2190.00,2190.00,2,399,838258.00,2089.00,2190.00,2190.00,2089.00
45709267601703167,20030531,2081.00,2081.00,2,500,1040500.00,2081.00,2081.00,2190.00,2081.00
45709267601703167,20030601,1977.00,1977.00,1,500,988500.00,1977.00,1977.00,2081.00,1977.00
45709267601703167,20030602,1879.00,1879.00,7,10500,19729500.00,1879.00,1879.00,1977.00,1879.00
45709267601703167,20030603,1879.00,1879.00,8,10564,19849756.00,1879.00,1879.00,1879.00,1879.00
45709267601703167,20030607,1879.00,1879.00,1,370,695230.00,1879.00,1879.00,1879.00,1879.00
45709267601703167,20030609,1786.00,1786.00,1,500,893000.00,1786.00,1786.00,1879.00,1786.00
45709267601703167,20030610,1697.00,1697.00,17,39300,66692100.00,1697.00,1697.00,1786.00,1697.00
45709267601703167,20030614,1700.00,1700.00,1,600,1020000.00,1700.00,1700.00,1697.00,1700.00
45709267601703167,20030615,1699.00,1699.00,4,19070,32417200.00,1699.00,1700.00,1700.00,1700.00
45709267601703167,20030616,1617.00,1617.00,5,7350,12133950.00,1617.00,1699.00,1699.00,1699.00
45709267601703167,20030618,1617.00,1617.00,1,860,1390620.00,1617.00,1617.00,1617.00,1617.00
45709267601703167,20030621,1619.00,1619.00,3,6500,10523500.00,1619.00,1619.00,1617.00,1619.00
45709267601703167,20030622,1630.00,1630.00,3,619,1008970.00,1630.00,1630.00,1619.00,1630.00
45709267601703167,20030624,1619.00,1619.00,1,2000,3238000.00,1619.00,1619.00,1630.00,1619.00
45709267601703167,20030625,1619.00,1619.00,1,482,780358.00,1619.00,1619.00,1619.00,1619.00
45709267601703167,20030629,1620.00,1620.00,1,65,105300.00,1620.00,1620.00,1619.00,1620.00
45709267601703167,20030630,1618.00,1618.00,3,19453,31499342.00,1618.00,1620.00,1620.00,1619.00
45709267601703167,20030701,1618.00,1618.00,4,9548,14749664.00,1539.00,1618.00,1618.00,1618.00
45709267601703167,20030705,1698.00,1698.00,7,4406,7481388.00,1698.00,1698.00,1618.00,1698.00
45709267601703167,20030708,1782.00,1782.00,2,1648,2936736.00,1782.00,1782.00,1698.00,1782.00
45709267601703167,20030709,1871.00,1871.00,4,7150,12945300.00,1783.00,1871.00,1782.00,1783.00
45709267601703167,20030713,1964.00,1964.00,4,6760,13276640.00,1964.00,1964.00,1871.00,1964.00
45709267601703167,20030714,2062.00,2062.00,14,22901,45915952.00,1900.00,2062.00,1964.00,1900.00
45709267601703167,20030809,2200.00,2200.00,1,1000,2200000.00,2200.00,2200.00,2062.00,2200.00
45709267601703167,20030810,2200.00,2200.00,8,49892,109762400.00,2200.00,2200.00,2200.00,2200.00
45709267601703167,20030811,2200.00,2200.00,2,3750,8250000.00,2200.00,2200.00,2200.00,2200.00
45709267601703167,20030812,2200.00,2200.00,1,2000,4400000.00,2200.00,2200.00,2200.00,2200.00
45709267601703167,20030818,2200.00,2200.00,2,2305,5071000.00,2200.00,2200.00,2200.00,2200.00
45709267601703167,20030820,2310.00,2310.00,2,8042,18577020.00,2310.00,2310.00,2200.00,2310.00
45709267601703167,20030823,2310.00,2310.00,2,2000,4849885.00,2310.00,2425.00,2310.00,2425.00
45709267601703167,20030824,2310.00,2310.00,3,6800,16489885.00,2310.00,2425.00,2310.00,2425.00
45709267601703167,20030825,2310.00,2310.00,2,4514,10946335.00,2310.00,2425.00,2310.00,2425.00
45709267601703167,20030830,2310.00,2310.00,2,1446,3506435.00,2310.00,2425.00,2310.00,2425.00
45709267601703167,20030831,2310.00,2310.00,6,1105010,5149149135.00,2310.00,4670.00,2310.00,2425.00
45709267601703167,20030901,2425.00,2425.00,13,46150,111913750.00,2425.00,2425.00,2310.00,2425.00
45709267601703167,20030902,2425.00,2425.00,2,400,1018279.00,2425.00,2546.00,2425.00,2546.00
45709267601703167,20030907,2425.00,2425.00,2,5010,12754250.00,2425.00,2546.00,2425.00,2546.00
45709267601703167,20030915,2425.00,2425.00,5,3144,8003414.00,2425.00,2546.00,2425.00,2546.00
45709267601703167,20030916,2459.00,2459.00,2,1050,2672430.00,2459.00,2546.00,2425.00,2546.00
45709267601703167,20030917,2581.00,2581.00,4,3662,9451622.00,2581.00,2581.00,2459.00,2581.00
45709267601703167,20030921,2581.00,2581.00,1,1000,2581000.00,2581.00,2581.00,2581.00,2581.00
45709267601703167,20030922,2581.00,2581.00,3,3705,9562605.00,2581.00,2581.00,2581.00,2581.00
45709267601703167,20030923,2581.00,2581.00,2,110,284210.00,2581.00,2584.00,2581.00,2584.00
45709267601703167,20030927,2585.00,2585.00,1,4021,10394285.00,2585.00,2585.00,2581.00,2585.00
45709267601703167,20030928,2600.00,2600.00,1,4000,10400000.00,2600.00,2600.00,2585.00,2600.00
45709267601703167,20030929,2643.00,2643.00,31,94335,249379955.00,2600.00,2730.00,2600.00,2630.00
45709267601703167,20030930,2746.00,2746.00,9,28910,79408160.00,2644.00,2775.00,2643.00,2644.00
45709267601703167,20031001,2883.00,2883.00,1,4000,11532000.00,2883.00,2883.00,2746.00,2883.00
45709267601703167,20031004,3024.00,3024.00,6,10310,31181640.00,2938.00,3027.00,2883.00,3027.00
45709267601703167,20031005,3144.00,3144.00,7,15934,50105216.00,3010.00,3175.00,3024.00,3174.00
45709267601703167,20031007,3233.00,3233.00,5,4010,12965830.00,3183.00,3250.00,3144.00,3183.00
45709267601703167,20031008,3300.00,3300.00,7,6402,21130600.00,3300.00,3304.00,3233.00,3300.00
45709267601703167,20031029,3715.00,3715.00,7,19984,74256412.00,3506.00,4000.00,3300.00,3800.00
45709267601703167,20031101,3868.00,3868.00,5,4306,16658280.00,3700.00,3900.00,3715.00,3900.00
45709267601703167,20031102,3970.00,3970.00,20,30925,122775600.00,3900.00,4030.00,3868.00,3900.00
45709267601703167,20031103,4075.00,4075.00,9,21810,88882750.00,4030.00,4090.00,3970.00,4030.00
45709267601703167,20031104,4083.00,4083.00,2,1760,7201830.00,4083.00,4092.00,4075.00,4092.00
45709267601703167,20031105,4142.00,4142.00,24,46583,192962332.00,4080.00,4180.00,4083.00,4180.00
45709267601703167,20031108,4122.00,4122.00,6,1103510,5151469585.00,4052.00,4670.00,4142.00,4150.00
45709267601703167,20031109,4040.00,4040.00,25,42100,170097871.00,4000.00,4062.00,4122.00,4052.00
45709267601703167,20031110,4033.00,4033.00,4,610,2441740.00,4000.00,4047.00,4040.00,4000.00
45709267601703167,20031115,3977.00,3977.00,2,1021,3916955.00,3835.00,3977.00,4033.00,3835.00
45709267601703167,20031117,3964.00,3964.00,3,4250,16847000.00,3964.00,3964.00,3977.00,3964.00
45709267601703167,20031118,3963.00,3963.00,2,110,434530.00,3949.00,3963.00,3964.00,3949.00
45709267601703167,20031119,3957.00,3957.00,3,1028,4055580.00,3945.00,3957.00,3963.00,3945.00
45709267601703167,20031122,3760.00,3760.00,13,28525,107254000.00,3760.00,3760.00,3957.00,3760.00
45709267601703167,20031213,3642.00,3642.00,41,55465,202026780.00,3572.00,3872.00,3760.00,3572.00
45709267601703167,20031214,3824.00,3824.00,2,10000,38240000.00,3824.00,3824.00,3642.00,3824.00
45709267601703167,20031215,3995.00,3995.00,15,25615,102349273.00,3823.00,4015.00,3824.00,3823.00
45709267601703167,20031216,4118.00,4118.00,9,11200,46127118.00,4012.00,4194.00,3995.00,4012.00
45709267601703167,20031222,4060.00,4060.00,2,1024,4008382.00,3913.00,4060.00,4118.00,3913.00
45709267601703167,20031228,4045.00,4045.00,2,274,1058698.00,3857.00,4045.00,4060.00,3857.00
45709267601703167,20031229,4039.00,4039.00,4,112,432376.00,3843.00,4039.00,4045.00,3843.00
45709267601703167,20031231,3838.00,3838.00,2,5000,19190000.00,3838.00,3838.00,4039.00,3838.00
45709267601703167,20040104,3836.00,3836.00,2,910,3487160.00,3832.00,3836.00,3838.00,3832.00
45709267601703167,20040105,3674.00,3674.00,8,12050,44281500.00,3645.00,3821.00,3836.00,3821.00
45709267601703167,20040110,3491.00,3491.00,5,10025,35000500.00,3491.00,3620.00,3674.00,3620.00
45709267601703167,20040111,3504.00,3504.00,16,13010,45589538.00,3487.00,3625.00,3491.00,3487.00
45709267601703167,20040112,3504.00,3504.00,1,28,98112.00,3504.00,3504.00,3504.00,3504.00
45709267601703167,20040113,3503.00,3503.00,2,35,122530.00,3500.00,3503.00,3504.00,3500.00
45709267601703167,20040114,3502.00,3502.00,2,30,105040.00,3501.00,3502.00,3503.00,3501.00
45709267601703167,20040118,3485.00,3485.00,9,11010,38373920.00,3400.00,3497.00,3502.00,3400.00
45709267601703167,20040119,3517.00,3517.00,9,5010,17625026.00,3493.00,3623.00,3485.00,3493.00
45709267601703167,20040121,3668.00,3668.00,11,29170,107013467.00,3619.00,3692.00,3517.00,3619.00
45709267601703167,20040125,3485.00,3485.00,2,6500,22652500.00,3485.00,3485.00,3668.00,3485.00
45709267601703167,20040127,3312.00,3312.00,7,11560,38287165.00,3312.00,3313.00,3485.00,3313.00
45709267601703167,20040203,3477.00,3477.00,4,18000,62586000.00,3477.00,3477.00,3312.00,3477.00
45709267601703167,20040204,3478.00,3478.00,3,1046,3641720.00,3477.00,3485.00,3477.00,3477.00
45709267601703167,20040207,3544.00,3544.00,3,1400,5110330.00,3544.00,3651.00,3478.00,3651.00
45709267601703167,20040208,3691.00,3691.00,2,3010,11199910.00,3691.00,3721.00,3544.00,3721.00
45709267601703167,20040215,3875.00,3875.00,9,13801,53478875.00,3875.00,3875.00,3691.00,3875.00
45709267601703167,20040216,3682.00,3682.00,6,7768,28606776.00,3682.00,3683.00,3875.00,3683.00
45709267601703167,20040218,3682.00,3682.00,5,3360,12371520.00,3682.00,3682.00,3682.00,3682.00
45709267601703167,20040221,3500.00,3500.00,2,7000,24500000.00,3500.00,3500.00,3682.00,3500.00
45709267601703167,20040222,3455.00,3455.00,4,1498,5083990.00,3380.00,3455.00,3500.00,3400.00
45709267601703167,20040223,3433.00,3433.00,3,1741,5937040.00,3410.00,3433.00,3455.00,3410.00
45709267601703167,20040224,3402.00,3402.00,4,5632,19164042.00,3401.00,3433.00,3433.00,3401.00
45709267601703167,20040225,3472.00,3472.00,2,1510,5392720.00,3472.00,3572.00,3402.00,3572.00
45709267601703167,20040229,3643.00,3643.00,4,3760,13698680.00,3639.00,3645.00,3472.00,3639.00
45709267601703167,20040303,3729.00,3729.00,4,2605,9802420.00,3554.00,3825.00,3643.00,3554.00
45709267601703167,20040306,3893.00,3893.00,10,18407,71674775.00,3857.00,3915.00,3729.00,3857.00
45709267601703167,20040307,4079.00,4079.00,5,7115,29026290.00,4000.00,4087.00,3893.00,4000.00
45709267601703167,20040308,4282.00,4282.00,2,4000,17128000.00,4282.00,4282.00,4079.00,4282.00
45709267601703167,20040309,4489.00,4489.00,13,44955,201834060.00,4282.00,4496.00,4282.00,4496.00
45709267601703167,20040310,4695.00,4695.00,8,40407,189712011.00,4350.00,4713.00,4489.00,4350.00
45709267601703167,20040313,4690.00,4690.00,1,3000,14070000.00,4690.00,4690.00,4695.00,4690.00
45709267601703167,20040314,4637.00,4637.00,2,1002,4510370.00,4500.00,4637.00,4690.00,4500.00
45709267601703167,20040316,4625.00,4625.00,2,231,1029700.00,4450.00,4625.00,4637.00,4450.00
45709267601703167,20040328,4624.00,4624.00,2,20,90700.00,4446.00,4624.00,4625.00,4446.00
45709267601703167,20040406,4621.00,4621.00,4,62,274646.00,4393.00,4621.00,4624.00,4393.00
45709267601703167,20040413,4610.00,4610.00,3,220,968000.00,4390.00,4610.00,4621.00,4390.00
45709267601703167,20040414,4609.00,4609.00,3,20,89890.00,4380.00,4609.00,4610.00,4380.00
45709267601703167,20040426,4608.00,4608.00,2,21,94249.00,4379.00,4608.00,4609.00,4379.00
45709267601703167,20040503,4604.00,4604.00,2,77,339366.00,4378.00,4604.00,4608.00,4378.00
45709267601703167,20040515,4561.00,4561.00,2,890,3894730.00,4374.00,4561.00,4604.00,4374.00
45709267601703167,20040518,4530.00,4530.00,3,649,2814087.00,4333.00,4530.00,4561.00,4333.00
45709267601703167,20040519,4357.00,4357.00,5,3665,15774690.00,4304.00,4357.00,4530.00,4304.00
45709267601703167,20040523,4248.00,4248.00,3,2410,9978480.00,4140.00,4248.00,4357.00,4140.00
45709267601703167,20040524,4037.00,4037.00,10,9715,39211190.00,4036.00,4037.00,4248.00,4036.00
45709267601703167,20040525,4024.00,4024.00,7,4277,17208947.00,3841.00,4036.00,4037.00,4035.00
45709267601703167,20040526,4023.00,4023.00,2,20,80110.00,3988.00,4023.00,4024.00,3988.00
45709267601703167,20040531,4012.00,4012.00,2,960,3811620.00,3970.00,4012.00,4023.00,3970.00
45709267601703167,20040626,4012.00,4012.00,2,30,116360.00,3812.00,4012.00,4012.00,3812.00
45709267601703167,20040627,4012.00,4012.00,2,20,78240.00,3812.00,4012.00,4012.00,3812.00
45709267601703167,20040629,4002.00,4002.00,2,231,882472.00,3812.00,4002.00,4012.00,3812.00
45709267601703167,20040816,3762.00,3762.00,1,4250,15988500.00,3762.00,3762.00,4002.00,3762.00
45709267601703167,20040818,3736.00,3736.00,3,5322,19886304.00,3736.00,3737.00,3762.00,3736.00
45709267601703167,20040829,3725.00,3725.00,2,290,1031250.00,3550.00,3725.00,3736.00,3550.00
45709267601703167,20040918,3539.00,3539.00,3,5889,20841171.00,3539.00,3539.00,3725.00,3539.00
45709267601703167,20040926,3363.00,3363.00,1,1000,3363000.00,3363.00,3363.00,3539.00,3363.00
45709267601703167,20041002,3195.00,3195.00,1,200,639000.00,3195.00,3195.00,3363.00,3195.00
45709267601703167,20041024,3036.00,3036.00,1,500,1518000.00,3036.00,3036.00,3195.00,3036.00
45709267601703167,20041026,2885.00,2885.00,9,5334,15388590.00,2885.00,2885.00,3036.00,2885.00
45709267601703167,20041027,2741.00,2741.00,6,13310,36482710.00,2741.00,2741.00,2885.00,2741.00
45709267601703167,20041030,2826.00,2826.00,5,3086,8723162.00,2741.00,2878.00,2741.00,2741.00
45709267601703167,20041101,2826.00,2826.00,2,401,1133226.00,2826.00,2826.00,2826.00,2826.00
45709267601703167,20041102,2877.00,2877.00,2,1879,5406383.00,2877.00,2878.00,2826.00,2878.00
45709267601703167,20041107,2734.00,2734.00,3,20010,54707340.00,2734.00,2734.00,2877.00,2734.00
45709267601703167,20041108,2870.00,2870.00,2,296,849520.00,2870.00,2870.00,2734.00,2870.00
45709267601703167,20041109,2873.00,2873.00,4,3879,11144550.00,2870.00,2876.00,2870.00,2870.00
45709267601703167,20041110,2876.00,2876.00,3,1697,4881572.00,2876.00,2878.00,2873.00,2876.00
45709267601703167,20041113,2878.00,2878.00,6,2000,5757514.00,2878.00,2880.00,2876.00,2880.00
45709267601703167,20041115,2881.00,2881.00,3,2030,5848773.00,2881.00,2882.00,2878.00,2881.00
45709267601703167,20041116,2881.00,2881.00,1,1369,3944089.00,2881.00,2881.00,2881.00,2881.00
45709267601703167,20041117,2893.00,2893.00,3,1032,2986417.00,2892.00,2895.00,2881.00,2892.00
45709267601703167,20041123,2901.00,2901.00,2,2000,5802000.00,2901.00,2901.00,2893.00,2901.00
45709267601703167,20041124,2901.00,2901.00,2,7280,21122680.00,2901.00,2902.00,2901.00,2902.00
45709267601703167,20041201,2897.00,2897.00,9,25775,74694395.00,2896.00,2900.00,2901.00,2896.00
45709267601703167,20050130,2900.00,2900.00,2,1000,2900000.00,2900.00,2900.00,2897.00,2900.00
45709267601703167,20050202,2896.00,2896.00,2,3010,8713960.00,2895.00,2896.00,2900.00,2895.00
45709267601703167,20050206,2895.00,2895.00,1,171,495045.00,2895.00,2895.00,2896.00,2895.00
45709267601703167,20050601,2847.00,2847.00,3,1600,4402560.00,2751.00,2847.00,2895.00,2751.00
45709267601703167,20051113,1446.00,1446.00,3,3640,5264330.00,1445.00,1449.00,2847.00,1445.00
45709267601703167,20060114,1374.00,1374.00,1,600,824400.00,1374.00,1374.00,1446.00,1374.00
45709267601703167,20060115,1306.00,1306.00,2,1194,1559364.00,1306.00,1306.00,1374.00,1306.00
45709267601703167,20060116,1241.00,1241.00,1,500,620500.00,1241.00,1241.00,1306.00,1241.00
45709267601703167,20060118,1183.00,1183.00,16,36284,42951576.00,1179.00,1290.00,1241.00,1179.00
45709267601703167,20060121,1185.00,1185.00,4,630,780030.00,1185.00,1239.00,1183.00,1239.00
45709267601703167,20060122,1185.00,1185.00,2,110,134850.00,1185.00,1230.00,1185.00,1230.00
45709267601703167,20060123,1166.00,1166.00,5,3826,4308476.00,1126.00,1166.00,1185.00,1126.00
45709267601703167,20060124,1149.00,1149.00,5,3586,3987516.00,1110.00,1211.00,1166.00,1110.00
45709267601703167,20060128,1139.00,1139.00,3,2110,2315090.00,1092.00,1197.00,1149.00,1197.00
45709267601703167,20060129,1139.00,1139.00,2,110,130290.00,1139.00,1189.00,1139.00,1189.00
45709267601703167,20060201,1134.00,1134.00,2,929,1006617.00,1083.00,1134.00,1139.00,1083.00
45709267601703167,20081013,587.00,587.00,16,85212,50028460.00,500.00,623.00,1134.00,500.00
45709267601703167,20081014,584.00,584.00,51,272601,159313330.00,570.00,604.00,587.00,581.00
45709267601703167,20081015,601.00,601.00,4,12580,7560580.00,601.00,601.00,584.00,601.00
45709267601703167,20081019,603.00,603.00,3,1510,934530.00,603.00,619.00,601.00,619.00
45709267601703167,20081020,618.00,618.00,3,10010,6216180.00,618.00,621.00,603.00,621.00
45709267601703167,20081021,628.00,628.00,4,7010,4458280.00,628.00,636.00,618.00,636.00
45709267601703167,20081022,640.00,640.00,3,7804,5041324.00,640.00,646.00,628.00,646.00
45709267601703167,20081027,659.00,659.00,2,12500,8237500.00,659.00,659.00,640.00,659.00
45709267601703167,20081101,678.00,678.00,12,34917,23673726.00,678.00,678.00,659.00,678.00
45709267601703167,20081102,681.00,681.00,11,27954,19042636.00,678.00,698.00,678.00,678.00
45709267601703167,20081103,700.00,700.00,9,17699,12400829.00,665.00,701.00,681.00,665.00
45709267601703167,20081105,716.00,716.00,6,9301,6705971.00,716.00,721.00,700.00,721.00
45709267601703167,20081108,723.00,723.00,13,64719,46846078.00,722.00,735.00,716.00,722.00
45709267601703167,20081109,738.00,738.00,2,8310,6182580.00,738.00,744.00,723.00,744.00
45709267601703167,20081116,739.00,739.00,2,617,468710.00,739.00,760.00,738.00,760.00
45709267601703167,20081122,745.00,745.00,2,3510,2670950.00,745.00,761.00,739.00,761.00
45709267601703167,20081123,763.00,763.00,5,10010,7677630.00,763.00,767.00,745.00,767.00
45709267601703167,20081124,781.00,781.00,2,10010,7857810.00,781.00,785.00,763.00,785.00
45709267601703167,20081130,786.00,786.00,2,2510,2017860.00,786.00,804.00,781.00,804.00
45709267601703167,20081201,805.00,805.00,5,13760,11081550.00,804.00,809.00,786.00,804.00
45709267601703167,20081202,829.00,829.00,11,45737,37915973.00,829.00,829.00,805.00,829.00
45709267601703167,20081206,829.00,829.00,0,0,0.00,0.00,0.00,829.00,0.00
45709267601703167,20081207,829.00,829.00,0,0,0.00,0.00,0.00,829.00,0.00
45709267601703167,20081208,838.00,853.00,2,4267,3639751.00,853.00,853.00,829.00,853.00
45709267601703167,20081210,838.00,853.00,0,0,0.00,0.00,0.00,838.00,0.00
45709267601703167,20081213,863.00,863.00,4,20000,17260000.00,863.00,863.00,838.00,863.00
45709267601703167,20081214,868.00,888.00,1,2451,2176488.00,888.00,888.00,863.00,888.00
45709267601703167,20081215,868.00,888.00,0,0,0.00,0.00,0.00,868.00,0.00
45709267601703167,20081216,868.00,888.00,0,0,0.00,0.00,0.00,868.00,0.00
45709267601703167,20081220,894.00,894.00,4,11880,10620720.00,894.00,894.00,868.00,894.00
45709267601703167,20081221,894.00,894.00,0,0,0.00,0.00,0.00,894.00,0.00
45709267601703167,20081222,905.00,920.00,1,5300,4876000.00,920.00,920.00,894.00,920.00
45709267601703167,20081223,905.00,920.00,0,0,0.00,0.00,0.00,905.00,0.00
45709267601703167,20081224,905.00,920.00,0,0,0.00,0.00,0.00,905.00,0.00
45709267601703167,20081227,905.00,920.00,0,0,0.00,0.00,0.00,905.00,0.00
45709267601703167,20081228,888.00,878.00,3,7800,6856800.00,878.00,881.00,905.00,881.00
45709267601703167,20081229,888.00,878.00,0,0,0.00,0.00,0.00,888.00,0.00
45709267601703167,20081230,888.00,878.00,0,0,0.00,0.00,0.00,888.00,0.00
45709267601703167,20081231,888.00,878.00,0,0,0.00,0.00,0.00,888.00,0.00
45709267601703167,20090103,888.00,878.00,0,0,0.00,0.00,0.00,888.00,0.00
45709267601703167,20090104,888.00,878.00,0,0,0.00,0.00,0.00,888.00,0.00
45709267601703167,20090105,888.00,888.00,4,24000,21312000.00,888.00,888.00,888.00,888.00
45709267601703167,20090110,888.00,888.00,0,0,0.00,0.00,0.00,888.00,0.00
45709267601703167,20090111,888.00,888.00,0,0,0.00,0.00,0.00,888.00,0.00
45709267601703167,20090112,888.00,888.00,0,0,0.00,0.00,0.00,888.00,0.00
45709267601703167,20090113,888.00,888.00,0,0,0.00,0.00,0.00,888.00,0.00
45709267601703167,20090114,888.00,888.00,0,0,0.00,0.00,0.00,888.00,0.00
45709267601703167,20090117,888.00,888.00,0,0,0.00,0.00,0.00,888.00,0.00
45709267601703167,20090118,888.00,888.00,0,0,0.00,0.00,0.00,888.00,0.00
45709267601703167,20090119,888.00,888.00,0,0,0.00,0.00,0.00,888.00,0.00
45709267601703167,20090120,888.00,888.00,0,0,0.00,0.00,0.00,888.00,0.00
45709267601703167,20090121,888.00,888.00,0,0,0.00,0.00,0.00,888.00,0.00
45709267601703167,20090124,888.00,888.00,0,0,0.00,0.00,0.00,888.00,0.00
45709267601703167,20090125,888.00,888.00,0,0,0.00,0.00,0.00,888.00,0.00
45709267601703167,20090126,888.00,888.00,0,0,0.00,0.00,0.00,888.00,0.00
45709267601703167,20090127,888.00,888.00,0,0,0.00,0.00,0.00,888.00,0.00
45709267601703167,20090128,888.00,888.00,0,0,0.00,0.00,0.00,888.00,0.00
45709267601703167,20090131,888.00,888.00,0,0,0.00,0.00,0.00,888.00,0.00
45709267601703167,20090201,888.00,888.00,0,0,0.00,0.00,0.00,888.00,0.00
45709267601703167,20090202,862.00,862.00,11,55180,47565160.00,862.00,862.00,888.00,862.00
45709267601703167,20090203,862.00,862.00,0,0,0.00,0.00,0.00,862.00,0.00
45709267601703167,20090204,862.00,862.00,0,0,0.00,0.00,0.00,862.00,0.00
45709267601703167,20090207,862.00,862.00,0,0,0.00,0.00,0.00,862.00,0.00
45709267601703167,20090208,862.00,862.00,0,0,0.00,0.00,0.00,862.00,0.00
45709267601703167,20090209,862.00,862.00,0,0,0.00,0.00,0.00,862.00,0.00
45709267601703167,20090211,862.00,862.00,0,0,0.00,0.00,0.00,862.00,0.00
45709267601703167,20090214,862.00,862.00,0,0,0.00,0.00,0.00,862.00,0.00
45709267601703167,20090215,862.00,862.00,0,0,0.00,0.00,0.00,862.00,0.00
45709267601703167,20090217,862.00,862.00,0,0,0.00,0.00,0.00,862.00,0.00
45709267601703167,20090218,862.00,862.00,0,0,0.00,0.00,0.00,862.00,0.00
45709267601703167,20090221,862.00,862.00,0,0,0.00,0.00,0.00,862.00,0.00
45709267601703167,20090222,862.00,862.00,0,0,0.00,0.00,0.00,862.00,0.00
45709267601703167,20090223,837.00,837.00,2,7924,6632388.00,837.00,837.00,862.00,837.00
45709267601703167,20090225,837.00,837.00,0,0,0.00,0.00,0.00,837.00,0.00
45709267601703167,20090228,837.00,837.00,0,0,0.00,0.00,0.00,837.00,0.00
45709267601703167,20090301,837.00,837.00,0,0,0.00,0.00,0.00,837.00,0.00
45709267601703167,20090302,837.00,837.00,0,0,0.00,0.00,0.00,837.00,0.00
45709267601703167,20090303,837.00,837.00,0,0,0.00,0.00,0.00,837.00,0.00
45709267601703167,20090304,837.00,837.00,0,0,0.00,0.00,0.00,837.00,0.00
45709267601703167,20090307,837.00,837.00,0,0,0.00,0.00,0.00,837.00,0.00
45709267601703167,20090308,837.00,837.00,0,0,0.00,0.00,0.00,837.00,0.00
45709267601703167,20090309,837.00,837.00,0,0,0.00,0.00,0.00,837.00,0.00
45709267601703167,20090310,837.00,837.00,0,0,0.00,0.00,0.00,837.00,0.00
45709267601703167,20090311,837.00,837.00,0,0,0.00,0.00,0.00,837.00,0.00
45709267601703167,20090314,837.00,837.00,0,0,0.00,0.00,0.00,837.00,0.00
45709267601703167,20090316,780.00,780.00,1,4296,3350880.00,780.00,780.00,837.00,780.00
45709267601703167,20090317,780.00,780.00,0,0,0.00,0.00,0.00,780.00,0.00
45709267601703167,20090318,780.00,780.00,0,0,0.00,0.00,0.00,780.00,0.00
45709267601703167,20090325,780.00,780.00,0,0,0.00,0.00,0.00,780.00,0.00
45709267601703167,20090328,780.00,780.00,0,0,0.00,0.00,0.00,780.00,0.00
45709267601703167,20090329,780.00,780.00,0,0,0.00,0.00,0.00,780.00,0.00
45709267601703167,20090330,780.00,780.00,0,0,0.00,0.00,0.00,780.00,0.00
45709267601703167,20090331,780.00,780.00,0,0,0.00,0.00,0.00,780.00,0.00
45709267601703167,20090404,780.00,780.00,0,0,0.00,0.00,0.00,780.00,0.00
45709267601703167,20090405,780.00,780.00,0,0,0.00,0.00,0.00,780.00,0.00
45709267601703167,20090406,780.00,780.00,0,0,0.00,0.00,0.00,780.00,0.00
45709267601703167,20090407,780.00,780.00,0,0,0.00,0.00,0.00,780.00,0.00
45709267601703167,20090408,780.00,780.00,0,0,0.00,0.00,0.00,780.00,0.00
45709267601703167,20090411,780.00,780.00,0,0,0.00,0.00,0.00,780.00,0.00
45709267601703167,20090412,780.00,780.00,0,0,0.00,0.00,0.00,780.00,0.00
45709267601703167,20090413,780.00,780.00,0,0,0.00,0.00,0.00,780.00,0.00
45709267601703167,20090414,780.00,780.00,0,0,0.00,0.00,0.00,780.00,0.00
45709267601703167,20090415,780.00,780.00,0,0,0.00,0.00,0.00,780.00,0.00
45709267601703167,20090418,780.00,780.00,0,0,0.00,0.00,0.00,780.00,0.00
45709267601703167,20090419,780.00,780.00,0,0,0.00,0.00,0.00,780.00,0.00
45709267601703167,20090420,780.00,780.00,0,0,0.00,0.00,0.00,780.00,0.00
45709267601703167,20090421,780.00,780.00,0,0,0.00,0.00,0.00,780.00,0.00
45709267601703167,20090422,780.00,780.00,0,0,0.00,0.00,0.00,780.00,0.00
45709267601703167,20090425,780.00,780.00,0,0,0.00,0.00,0.00,780.00,0.00
45709267601703167,20090426,780.00,780.00,0,0,0.00,0.00,0.00,780.00,0.00
45709267601703167,20090427,780.00,780.00,0,0,0.00,0.00,0.00,780.00,0.00
45709267601703167,20090428,780.00,780.00,0,0,0.00,0.00,0.00,780.00,0.00
45709267601703167,20090429,780.00,780.00,0,0,0.00,0.00,0.00,780.00,0.00
45709267601703167,20090502,780.00,780.00,0,0,0.00,0.00,0.00,780.00,0.00
45709267601703167,20090503,780.00,780.00,0,0,0.00,0.00,0.00,780.00,0.00
45709267601703167,20090504,780.00,780.00,0,0,0.00,0.00,0.00,780.00,0.00
45709267601703167,20090505,780.00,780.00,0,0,0.00,0.00,0.00,780.00,0.00
45709267601703167,20090506,780.00,780.00,0,0,0.00,0.00,0.00,780.00,0.00
45709267601703167,20090509,780.00,780.00,0,0,0.00,0.00,0.00,780.00,0.00
45709267601703167,20090510,780.00,780.00,0,0,0.00,0.00,0.00,780.00,0.00
45709267601703167,20090511,780.00,780.00,0,0,0.00,0.00,0.00,780.00,0.00
45709267601703167,20090512,780.00,780.00,0,0,0.00,0.00,0.00,780.00,0.00
45709267601703167,20090513,780.00,780.00,0,0,0.00,0.00,0.00,780.00,0.00
45709267601703167,20090516,780.00,780.00,0,0,0.00,0.00,0.00,780.00,0.00
45709267601703167,20090517,780.00,780.00,0,0,0.00,0.00,0.00,780.00,0.00
45709267601703167,20090518,780.00,780.00,0,0,0.00,0.00,0.00,780.00,0.00
45709267601703167,20090519,780.00,780.00,0,0,0.00,0.00,0.00,780.00,0.00
45709267601703167,20090520,780.00,780.00,0,0,0.00,0.00,0.00,780.00,0.00
45709267601703167,20090523,780.00,780.00,0,0,0.00,0.00,0.00,780.00,0.00
45709267601703167,20090524,780.00,780.00,0,0,0.00,0.00,0.00,780.00,0.00
45709267601703167,20090525,780.00,780.00,0,0,0.00,0.00,0.00,780.00,0.00
45709267601703167,20090526,780.00,780.00,0,0,0.00,0.00,0.00,780.00,0.00
45709267601703167,20090527,780.00,780.00,0,0,0.00,0.00,0.00,780.00,0.00
45709267601703167,20090530,780.00,780.00,0,0,0.00,0.00,0.00,780.00,0.00
45709267601703167,20090531,780.00,780.00,0,0,0.00,0.00,0.00,780.00,0.00
45709267601703167,20090601,780.00,780.00,0,0,0.00,0.00,0.00,780.00,0.00
45709267601703167,20090602,780.00,780.00,0,0,0.00,0.00,0.00,780.00,0.00
45709267601703167,20090603,757.00,757.00,1,1292,978044.00,757.00,757.00,780.00,757.00
45709267601703167,20090606,757.00,757.00,0,0,0.00,0.00,0.00,757.00,0.00
45709267601703167,20090607,757.00,757.00,0,0,0.00,0.00,0.00,757.00,0.00
45709267601703167,20090608,757.00,757.00,0,0,0.00,0.00,0.00,757.00,0.00
45709267601703167,20090609,755.00,735.00,1,991,728385.00,735.00,735.00,757.00,735.00
45709267601703167,20090610,755.00,735.00,0,0,0.00,0.00,0.00,755.00,0.00
45709267601703167,20090613,755.00,735.00,0,0,0.00,0.00,0.00,755.00,0.00
45709267601703167,20090614,755.00,735.00,0,0,0.00,0.00,0.00,755.00,0.00
45709267601703167,20090615,753.00,733.00,1,994,728602.00,733.00,733.00,755.00,733.00
45709267601703167,20090616,753.00,733.00,0,0,0.00,0.00,0.00,753.00,0.00
45709267601703167,20090617,751.00,731.00,1,996,728076.00,731.00,731.00,753.00,731.00
45709267601703167,20090620,749.00,729.00,1,985,718065.00,729.00,729.00,751.00,729.00
45709267601703167,20090621,749.00,729.00,0,0,0.00,0.00,0.00,749.00,0.00
45709267601703167,20090622,749.00,729.00,0,0,0.00,0.00,0.00,749.00,0.00
45709267601703167,20090623,749.00,729.00,0,0,0.00,0.00,0.00,749.00,0.00
45709267601703167,20090624,749.00,729.00,0,0,0.00,0.00,0.00,749.00,0.00
45709267601703167,20090627,749.00,729.00,0,0,0.00,0.00,0.00,749.00,0.00
45709267601703167,20090628,749.00,729.00,0,0,0.00,0.00,0.00,749.00,0.00
45709267601703167,20090629,749.00,729.00,0,0,0.00,0.00,0.00,749.00,0.00
45709267601703167,20090630,749.00,729.00,0,0,0.00,0.00,0.00,749.00,0.00
45709267601703167,20090701,749.00,729.00,0,0,0.00,0.00,0.00,749.00,0.00
45709267601703167,20090704,749.00,729.00,0,0,0.00,0.00,0.00,749.00,0.00
45709267601703167,20090705,749.00,729.00,0,0,0.00,0.00,0.00,749.00,0.00
45709267601703167,20090707,727.00,727.00,1,100,72700.00,727.00,727.00,749.00,727.00
45709267601703167,20090711,706.00,706.00,1,100,70600.00,706.00,706.00,727.00,706.00
45709267601703167,20090712,706.00,706.00,0,0,0.00,0.00,0.00,706.00,0.00
45709267601703167,20090713,516.00,501.00,3,11506,5941506.00,501.00,560.00,706.00,560.00
45709267601703167,20090714,501.00,501.00,6,19706,9872706.00,501.00,501.00,516.00,501.00
45709267601703167,20090715,504.00,500.00,9,20709,10428496.00,488.00,516.00,501.00,488.00
45709267601703167,20090718,504.00,500.00,0,0,0.00,0.00,0.00,504.00,0.00
45709267601703167,20090719,504.00,500.00,0,0,0.00,0.00,0.00,504.00,0.00
45709267601703167,20090721,504.00,500.00,0,0,0.00,0.00,0.00,504.00,0.00
45709267601703167,20090722,504.00,500.00,0,0,0.00,0.00,0.00,504.00,0.00
45709267601703167,20090725,504.00,500.00,0,0,0.00,0.00,0.00,504.00,0.00
45709267601703167,20090726,504.00,500.00,0,0,0.00,0.00,0.00,504.00,0.00
45709267601703167,20090727,504.00,500.00,0,0,0.00,0.00,0.00,504.00,0.00
45709267601703167,20090728,504.00,500.00,0,0,0.00,0.00,0.00,504.00,0.00
45709267601703167,20090729,504.00,500.00,0,0,0.00,0.00,0.00,504.00,0.00
45709267601703167,20090801,504.00,500.00,0,0,0.00,0.00,0.00,504.00,0.00
45709267601703167,20090802,504.00,500.00,0,0,0.00,0.00,0.00,504.00,0.00
45709267601703167,20090803,504.00,500.00,0,0,0.00,0.00,0.00,504.00,0.00
45709267601703167,20090804,504.00,500.00,0,0,0.00,0.00,0.00,504.00,0.00
45709267601703167,20090805,504.00,504.00,0,0,0.00,0.00,0.00,504.00,489.00
45709267601703167,20090808,504.00,504.00,0,0,0.00,0.00,0.00,504.00,0.00
45709267601703167,20090809,504.00,504.00,0,0,0.00,0.00,0.00,504.00,0.00
45709267601703167,20090810,504.00,504.00,0,0,0.00,0.00,0.00,504.00,0.00
45709267601703167,20090811,504.00,504.00,0,0,0.00,0.00,0.00,504.00,0.00
45709267601703167,20090812,504.00,504.00,0,0,0.00,0.00,0.00,504.00,0.00
45709267601703167,20090815,504.00,504.00,0,0,0.00,0.00,0.00,504.00,551.00
45709267601703167,20090816,504.00,504.00,0,0,0.00,0.00,0.00,504.00,0.00
45709267601703167,20090817,672.00,727.00,4,7168,4819197.00,600.00,727.00,504.00,600.00
45709267601703167,20090818,692.00,692.00,16,16873,11676116.00,692.00,692.00,672.00,692.00
45709267601703167,20090819,692.00,692.00,0,0,0.00,0.00,0.00,692.00,0.00
45709267601703167,20090822,692.00,692.00,0,0,0.00,0.00,0.00,692.00,0.00
45709267601703167,20090823,692.00,692.00,0,0,0.00,0.00,0.00,692.00,0.00
45709267601703167,20090824,692.00,692.00,0,0,0.00,0.00,0.00,692.00,0.00
45709267601703167,20090825,692.00,692.00,0,0,0.00,0.00,0.00,692.00,0.00
45709267601703167,20090826,692.00,692.00,0,0,0.00,0.00,0.00,692.00,0.00
45709267601703167,20090829,690.00,672.00,1,1458,979776.00,672.00,672.00,692.00,672.00
45709267601703167,20090830,690.00,672.00,0,0,0.00,0.00,0.00,690.00,0.00
45709267601703167,20090831,690.00,672.00,0,0,0.00,0.00,0.00,690.00,0.00
45709267601703167,20090901,676.00,670.00,1,8110,5433700.00,670.00,670.00,690.00,670.00
45709267601703167,20090902,676.00,670.00,0,0,0.00,0.00,0.00,676.00,0.00
45709267601703167,20090905,676.00,670.00,0,0,0.00,0.00,0.00,676.00,0.00
45709267601703167,20090906,676.00,670.00,0,0,0.00,0.00,0.00,676.00,0.00
45709267601703167,20090907,676.00,670.00,0,0,0.00,0.00,0.00,676.00,0.00
45709267601703167,20090908,676.00,670.00,0,0,0.00,0.00,0.00,676.00,0.00
45709267601703167,20090909,676.00,670.00,0,0,0.00,0.00,0.00,676.00,0.00
45709267601703167,20090912,676.00,670.00,0,0,0.00,0.00,0.00,676.00,0.00
45709267601703167,20090913,676.00,670.00,0,0,0.00,0.00,0.00,676.00,0.00
45709267601703167,20090914,676.00,670.00,0,0,0.00,0.00,0.00,676.00,0.00
45709267601703167,20090915,676.00,670.00,0,0,0.00,0.00,0.00,676.00,0.00
45709267601703167,20090916,676.00,670.00,0,0,0.00,0.00,0.00,676.00,0.00
45709267601703167,20090919,675.00,656.00,1,715,469040.00,656.00,656.00,676.00,656.00
45709267601703167,20090920,675.00,656.00,0,0,0.00,0.00,0.00,675.00,0.00
45709267601703167,20090921,656.00,656.00,8,29604,19415722.00,655.00,656.00,675.00,655.00
45709267601703167,20090922,656.00,656.00,0,0,0.00,0.00,0.00,656.00,0.00
45709267601703167,20090923,656.00,656.00,0,0,0.00,0.00,0.00,656.00,0.00
45709267601703167,20090926,656.00,656.00,0,0,0.00,0.00,0.00,656.00,0.00
45709267601703167,20090927,656.00,656.00,0,0,0.00,0.00,0.00,656.00,0.00
45709267601703167,20090928,656.00,656.00,0,0,0.00,0.00,0.00,656.00,0.00
45709267601703167,20090929,656.00,656.00,0,0,0.00,0.00,0.00,656.00,0.00
45709267601703167,20090930,656.00,656.00,0,0,0.00,0.00,0.00,656.00,0.00
45709267601703167,20091003,656.00,656.00,0,0,0.00,0.00,0.00,656.00,0.00
45709267601703167,20091004,656.00,656.00,0,0,0.00,0.00,0.00,656.00,0.00
45709267601703167,20091005,640.00,637.00,3,13000,8319000.00,637.00,675.00,656.00,675.00
45709267601703167,20091006,636.00,621.00,1,2525,1568025.00,621.00,621.00,640.00,621.00
45709267601703167,20091007,620.00,617.00,3,21535,13347095.00,617.00,620.00,636.00,620.00
45709267601703167,20091010,620.00,617.00,3,5022,3108174.00,617.00,620.00,620.00,620.00
45709267601703167,20091011,630.00,638.00,2,11280,7116640.00,630.00,638.00,620.00,630.00
45709267601703167,20091012,648.00,648.00,4,12000,7776000.00,648.00,648.00,630.00,648.00
45709267601703167,20091013,667.00,667.00,14,59945,39983315.00,667.00,667.00,648.00,667.00
45709267601703167,20091017,680.00,687.00,6,19817,13468803.00,675.00,687.00,667.00,675.00
45709267601703167,20091018,697.00,700.00,2,10000,7000000.00,700.00,700.00,680.00,700.00
45709267601703167,20091019,717.00,717.00,2,17694,12686598.00,717.00,717.00,697.00,717.00
45709267601703167,20091020,738.00,738.00,4,16000,11808000.00,738.00,738.00,717.00,738.00
45709267601703167,20091021,738.00,738.00,0,0,0.00,0.00,0.00,738.00,0.00
45709267601703167,20091024,757.00,760.00,3,10117,7688920.00,760.00,760.00,738.00,760.00
45709267601703167,20091025,776.00,779.00,17,10180,7930220.00,779.00,779.00,757.00,779.00
45709267601703167,20091026,799.00,799.00,2,12000,9588000.00,799.00,799.00,776.00,799.00
45709267601703167,20091027,822.00,822.00,3,14541,11952702.00,822.00,822.00,799.00,822.00
45709267601703167,20091028,846.00,846.00,14,47447,40140162.00,846.00,846.00,822.00,846.00
45709267601703167,20091031,870.00,859.00,10,36098,31393706.00,859.00,871.00,846.00,871.00
45709267601703167,20091101,860.00,859.00,20,75123,64618348.00,858.00,870.00,870.00,870.00
45709267601703167,20091102,859.00,859.00,3,7388,6346292.00,859.00,859.00,860.00,859.00
45709267601703167,20091103,859.00,858.00,1,1026,880308.00,858.00,858.00,859.00,858.00
45709267601703167,20091104,859.00,858.00,0,0,0.00,0.00,0.00,859.00,0.00
45709267601703167,20091107,859.00,858.00,0,0,0.00,0.00,0.00,859.00,0.00
45709267601703167,20091108,829.00,829.00,1,23993,19890197.00,829.00,829.00,859.00,829.00
45709267601703167,20091109,812.00,800.00,1,6851,5480800.00,800.00,800.00,829.00,800.00
45709267601703167,20091110,812.00,800.00,0,0,0.00,0.00,0.00,812.00,0.00
45709267601703167,20091111,812.00,800.00,0,0,0.00,0.00,0.00,812.00,0.00
45709267601703167,20091114,812.00,800.00,0,0,0.00,0.00,0.00,812.00,0.00
45709267601703167,20091115,784.00,784.00,5,13956,10941504.00,784.00,784.00,812.00,784.00
45709267601703167,20091116,784.00,784.00,0,0,0.00,0.00,0.00,784.00,0.00
45709267601703167,20091117,757.00,757.00,3,13300,10068100.00,757.00,757.00,784.00,757.00
45709267601703167,20091118,760.00,770.00,1,3230,2487100.00,770.00,770.00,757.00,770.00
45709267601703167,20091121,761.00,757.00,4,4170,3184690.00,757.00,768.00,760.00,760.00
45709267601703167,20091122,761.00,757.00,0,0,0.00,0.00,0.00,761.00,0.00
45709267601703167,20091123,758.00,735.00,2,1360,999600.00,735.00,735.00,761.00,735.00
45709267601703167,20091124,758.00,735.00,0,0,0.00,0.00,0.00,758.00,0.00
45709267601703167,20091125,758.00,735.00,0,0,0.00,0.00,0.00,758.00,0.00
45709267601703167,20091129,758.00,735.00,0,0,0.00,0.00,0.00,758.00,0.00
45709267601703167,20091130,758.00,735.00,0,0,0.00,0.00,0.00,758.00,0.00
45709267601703167,20091201,758.00,735.00,0,0,0.00,0.00,0.00,758.00,0.00
45709267601703167,20091202,758.00,735.00,0,0,0.00,0.00,0.00,758.00,0.00
45709267601703167,20091205,758.00,735.00,0,0,0.00,0.00,0.00,758.00,0.00
45709267601703167,20091207,758.00,735.00,0,0,0.00,0.00,0.00,758.00,0.00
45709267601703167,20091208,758.00,735.00,0,0,0.00,0.00,0.00,758.00,0.00
45709267601703167,20091209,758.00,735.00,0,0,0.00,0.00,0.00,758.00,0.00
45709267601703167,20091212,758.00,735.00,0,0,0.00,0.00,0.00,758.00,0.00
45709267601703167,20091213,758.00,735.00,0,0,0.00,0.00,0.00,758.00,0.00
45709267601703167,20091214,758.00,735.00,0,0,0.00,0.00,0.00,758.00,0.00
45709267601703167,20091215,758.00,735.00,0,0,0.00,0.00,0.00,758.00,0.00
45709267601703167,20091216,758.00,735.00,0,0,0.00,0.00,0.00,758.00,0.00
45709267601703167,20091219,758.00,735.00,0,0,0.00,0.00,0.00,758.00,0.00
45709267601703167,20091220,758.00,735.00,0,0,0.00,0.00,0.00,758.00,0.00
45709267601703167,20091221,758.00,735.00,0,0,0.00,0.00,0.00,758.00,0.00
45709267601703167,20091222,758.00,735.00,0,0,0.00,0.00,0.00,758.00,0.00
45709267601703167,20091223,758.00,735.00,0,0,0.00,0.00,0.00,758.00,0.00
45709267601703167,20091228,758.00,735.00,0,0,0.00,0.00,0.00,758.00,0.00
45709267601703167,20091229,758.00,735.00,0,0,0.00,0.00,0.00,758.00,0.00
45709267601703167,20091230,758.00,735.00,0,0,0.00,0.00,0.00,758.00,0.00
45709267601703167,20100102,758.00,735.00,0,0,0.00,0.00,0.00,758.00,0.00
45709267601703167,20100103,758.00,735.00,0,0,0.00,0.00,0.00,758.00,0.00
45709267601703167,20100104,758.00,735.00,0,0,0.00,0.00,0.00,758.00,0.00
45709267601703167,20100105,758.00,735.00,0,0,0.00,0.00,0.00,758.00,0.00
45709267601703167,20100106,758.00,735.00,0,0,0.00,0.00,0.00,758.00,0.00
45709267601703167,20100109,758.00,735.00,0,0,0.00,0.00,0.00,758.00,0.00
45709267601703167,20100110,758.00,735.00,0,0,0.00,0.00,0.00,758.00,0.00
45709267601703167,20100111,758.00,735.00,0,0,0.00,0.00,0.00,758.00,0.00
45709267601703167,20100112,758.00,735.00,0,0,0.00,0.00,0.00,758.00,0.00
45709267601703167,20100113,758.00,735.00,0,0,0.00,0.00,0.00,758.00,0.00
45709267601703167,20100116,758.00,735.00,0,0,0.00,0.00,0.00,758.00,0.00
45709267601703167,20100117,758.00,735.00,0,0,0.00,0.00,0.00,758.00,0.00
45709267601703167,20100118,758.00,735.00,0,0,0.00,0.00,0.00,758.00,0.00
45709267601703167,20100119,758.00,735.00,0,0,0.00,0.00,0.00,758.00,0.00
45709267601703167,20100120,758.00,735.00,0,0,0.00,0.00,0.00,758.00,0.00
45709267601703167,20100123,758.00,735.00,0,0,0.00,0.00,0.00,758.00,0.00
45709267601703167,20100124,758.00,735.00,0,0,0.00,0.00,0.00,758.00,0.00
45709267601703167,20100125,758.00,735.00,0,0,0.00,0.00,0.00,758.00,0.00
45709267601703167,20100126,758.00,735.00,0,0,0.00,0.00,0.00,758.00,0.00
45709267601703167,20100127,758.00,735.00,0,0,0.00,0.00,0.00,758.00,0.00
45709267601703167,20100130,758.00,735.00,0,0,0.00,0.00,0.00,758.00,0.00
45709267601703167,20100131,758.00,735.00,0,0,0.00,0.00,0.00,758.00,0.00
45709267601703167,20100201,758.00,735.00,0,0,0.00,0.00,0.00,758.00,0.00
45709267601703167,20100202,758.00,735.00,0,0,0.00,0.00,0.00,758.00,0.00
45709267601703167,20100203,758.00,735.00,0,0,0.00,0.00,0.00,758.00,0.00
45709267601703167,20100206,758.00,735.00,0,0,0.00,0.00,0.00,758.00,0.00
45709267601703167,20100207,758.00,735.00,0,0,0.00,0.00,0.00,758.00,0.00
45709267601703167,20100208,758.00,735.00,0,0,0.00,0.00,0.00,758.00,0.00
45709267601703167,20100209,758.00,735.00,0,0,0.00,0.00,0.00,758.00,0.00
45709267601703167,20100210,758.00,735.00,0,0,0.00,0.00,0.00,758.00,0.00
45709267601703167,20100214,758.00,735.00,0,0,0.00,0.00,0.00,758.00,0.00
45709267601703167,20100216,758.00,735.00,0,0,0.00,0.00,0.00,758.00,0.00
45709267601703167,20100217,758.00,735.00,0,0,0.00,0.00,0.00,758.00,0.00
45709267601703167,20100220,758.00,735.00,0,0,0.00,0.00,0.00,758.00,0.00
45709267601703167,20100221,758.00,735.00,0,0,0.00,0.00,0.00,758.00,0.00
45709267601703167,20100222,758.00,735.00,0,0,0.00,0.00,0.00,758.00,0.00
45709267601703167,20100223,758.00,735.00,0,0,0.00,0.00,0.00,758.00,0.00
45709267601703167,20100224,758.00,735.00,0,0,0.00,0.00,0.00,758.00,0.00
45709267601703167,20100227,758.00,735.00,0,0,0.00,0.00,0.00,758.00,0.00
45709267601703167,20100228,758.00,735.00,0,0,0.00,0.00,0.00,758.00,0.00
45709267601703167,20100301,758.00,735.00,0,0,0.00,0.00,0.00,758.00,0.00
45709267601703167,20100302,758.00,735.00,0,0,0.00,0.00,0.00,758.00,0.00
45709267601703167,20100303,758.00,735.00,0,0,0.00,0.00,0.00,758.00,0.00
45709267601703167,20100306,758.00,735.00,0,0,0.00,0.00,0.00,758.00,0.00
45709267601703167,20100307,758.00,735.00,0,0,0.00,0.00,0.00,758.00,0.00
45709267601703167,20100308,758.00,735.00,0,0,0.00,0.00,0.00,758.00,0.00
45709267601703167,20100309,758.00,735.00,0,0,0.00,0.00,0.00,758.00,0.00
45709267601703167,20100310,758.00,735.00,0,0,0.00,0.00,0.00,758.00,0.00
45709267601703167,20100313,758.00,735.00,0,0,0.00,0.00,0.00,758.00,0.00
45709267601703167,20100314,758.00,735.00,0,0,0.00,0.00,0.00,758.00,0.00
45709267601703167,20100315,758.00,735.00,0,0,0.00,0.00,0.00,758.00,0.00
45709267601703167,20100316,758.00,735.00,0,0,0.00,0.00,0.00,758.00,0.00
45709267601703167,20100317,758.00,735.00,0,0,0.00,0.00,0.00,758.00,0.00
45709267601703167,20100327,758.00,735.00,0,0,0.00,0.00,0.00,758.00,0.00
45709267601703167,20100328,758.00,735.00,0,0,0.00,0.00,0.00,758.00,0.00
45709267601703167,20100329,758.00,735.00,0,0,0.00,0.00,0.00,758.00,0.00
45709267601703167,20100330,758.00,735.00,0,0,0.00,0.00,0.00,758.00,0.00
45709267601703167,20100331,758.00,735.00,0,0,0.00,0.00,0.00,758.00,0.00
45709267601703167,20100403,758.00,735.00,0,0,0.00,0.00,0.00,758.00,0.00
45709267601703167,20100404,758.00,735.00,0,0,0.00,0.00,0.00,758.00,0.00
45709267601703167,20100405,758.00,735.00,0,0,0.00,0.00,0.00,758.00,0.00
45709267601703167,20100406,758.00,735.00,0,0,0.00,0.00,0.00,758.00,0.00
45709267601703167,20100407,758.00,735.00,0,0,0.00,0.00,0.00,758.00,0.00
45709267601703167,20100410,758.00,735.00,0,0,0.00,0.00,0.00,758.00,0.00
45709267601703167,20100411,758.00,735.00,0,0,0.00,0.00,0.00,758.00,0.00
45709267601703167,20100412,758.00,735.00,0,0,0.00,0.00,0.00,758.00,0.00
45709267601703167,20100413,758.00,735.00,0,0,0.00,0.00,0.00,758.00,0.00
45709267601703167,20100414,758.00,735.00,0,0,0.00,0.00,0.00,758.00,0.00
45709267601703167,20100417,758.00,735.00,0,0,0.00,0.00,0.00,758.00,0.00
45709267601703167,20100418,758.00,735.00,0,0,0.00,0.00,0.00,758.00,0.00
45709267601703167,20100419,758.00,735.00,0,0,0.00,0.00,0.00,758.00,0.00
45709267601703167,20100420,758.00,735.00,0,0,0.00,0.00,0.00,758.00,0.00
45709267601703167,20100421,758.00,735.00,0,0,0.00,0.00,0.00,758.00,0.00
45709267601703167,20100424,758.00,735.00,0,0,0.00,0.00,0.00,758.00,0.00
45709267601703167,20100425,758.00,735.00,0,0,0.00,0.00,0.00,758.00,0.00
45709267601703167,20100426,758.00,735.00,0,0,0.00,0.00,0.00,758.00,0.00
45709267601703167,20100427,689.00,679.00,4,12835,8846345.00,679.00,727.00,758.00,679.00
45709267601703167,20100428,665.00,665.00,5,19962,13274730.00,665.00,665.00,689.00,665.00
45709267601703167,20100501,665.00,665.00,0,0,0.00,0.00,0.00,665.00,0.00
45709267601703167,20100502,665.00,665.00,0,0,0.00,0.00,0.00,665.00,0.00
45709267601703167,20100503,665.00,665.00,0,0,0.00,0.00,0.00,665.00,0.00
45709267601703167,20100504,665.00,665.00,0,0,0.00,0.00,0.00,665.00,0.00
45709267601703167,20100505,665.00,665.00,0,0,0.00,0.00,0.00,665.00,0.00
45709267601703167,20100508,665.00,642.00,2,60,38520.00,642.00,642.00,665.00,642.00
45709267601703167,20100509,642.00,642.00,17,77422,49704924.00,642.00,642.00,665.00,642.00
45709267601703167,20100510,638.00,620.00,2,2263,1403060.00,620.00,620.00,642.00,620.00
45709267601703167,20100511,643.00,660.00,7,70650,45416000.00,640.00,660.00,638.00,640.00
45709267601703167,20100512,649.00,665.00,7,31840,20673480.00,640.00,665.00,643.00,641.00
45709267601703167,20100515,671.00,671.00,2,13268,8902828.00,671.00,671.00,649.00,671.00
45709267601703167,20100516,694.00,694.00,6,65000,45110000.00,694.00,694.00,671.00,694.00
45709267601703167,20100518,718.00,718.00,2,12000,8616000.00,718.00,718.00,694.00,718.00
45709267601703167,20100519,731.00,741.00,6,26224,19167779.00,700.00,741.00,718.00,728.00
45709267601703167,20100522,756.00,756.00,12,72174,54563544.00,756.00,756.00,731.00,756.00
45709267601703167,20100523,738.00,730.00,3,8493,6199890.00,730.00,730.00,756.00,730.00
45709267601703167,20100524,722.00,713.00,1,7597,5416661.00,713.00,713.00,738.00,713.00
45709267601703167,20100525,700.00,697.00,4,49392,34565277.00,697.00,700.00,722.00,700.00
45709267601703167,20100526,689.00,676.00,3,7959,5442423.00,676.00,697.00,700.00,697.00
45709267601703167,20100529,689.00,676.00,0,0,0.00,0.00,0.00,689.00,0.00
45709267601703167,20100530,691.00,695.00,1,5000,3475000.00,695.00,695.00,689.00,695.00
45709267601703167,20100531,714.00,715.00,4,11834,8451310.00,714.00,715.00,691.00,715.00
45709267601703167,20100601,714.00,715.00,0,0,0.00,0.00,0.00,714.00,0.00
45709267601703167,20100602,698.00,690.00,3,15000,10472040.00,690.00,700.00,714.00,700.00
45709267601703167,20100606,698.00,690.00,0,0,0.00,0.00,0.00,698.00,0.00
45709267601703167,20100607,693.00,690.00,1,8000,5520000.00,690.00,690.00,698.00,690.00
45709267601703167,20100608,669.00,669.00,1,20000,13380000.00,669.00,669.00,693.00,669.00
45709267601703167,20100609,665.00,646.00,1,2000,1292000.00,646.00,646.00,669.00,646.00
45709267601703167,20100612,665.00,646.00,0,0,0.00,0.00,0.00,665.00,0.00
45709267601703167,20100613,670.00,670.00,3,21597,14469990.00,670.00,670.00,665.00,670.00
45709267601703167,20100614,680.00,680.00,2,30000,20400000.00,680.00,680.00,670.00,680.00
45709267601703167,20100615,676.00,700.00,3,27541,18615175.00,675.00,700.00,680.00,675.00
45709267601703167,20100616,676.00,700.00,0,0,0.00,0.00,0.00,676.00,0.00
45709267601703167,20100619,676.00,700.00,0,0,0.00,0.00,0.00,676.00,0.00
45709267601703167,20100620,671.00,660.00,2,4055,2676300.00,660.00,660.00,676.00,660.00
45709267601703167,20100621,671.00,660.00,0,0,0.00,0.00,0.00,671.00,0.00
45709267601703167,20100622,671.00,660.00,0,0,0.00,0.00,0.00,671.00,0.00
45709267601703167,20100623,671.00,660.00,0,0,0.00,0.00,0.00,671.00,0.00
45709267601703167,20100627,671.00,660.00,0,0,0.00,0.00,0.00,671.00,0.00
45709267601703167,20100628,671.00,660.00,0,0,0.00,0.00,0.00,671.00,0.00
45709267601703167,20100629,671.00,660.00,0,0,0.00,0.00,0.00,671.00,0.00
45709267601703167,20100630,653.00,645.00,1,8358,5390910.00,645.00,645.00,671.00,645.00
45709267601703167,20100703,652.00,640.00,1,982,628480.00,640.00,640.00,653.00,640.00
45709267601703167,20100704,657.00,660.00,1,6903,4555980.00,660.00,660.00,652.00,660.00
45709267601703167,20100705,649.00,640.00,2,5452,3490280.00,640.00,641.00,657.00,641.00
45709267601703167,20100706,659.00,660.00,4,22832,15035120.00,640.00,660.00,649.00,640.00
45709267601703167,20100707,657.00,640.00,1,1000,640000.00,640.00,640.00,659.00,640.00
45709267601703167,20100711,657.00,640.00,0,0,0.00,0.00,0.00,657.00,0.00
45709267601703167,20100712,657.00,640.00,0,0,0.00,0.00,0.00,657.00,0.00
45709267601703167,20100713,660.00,683.00,2,1500,1018380.00,675.00,683.00,657.00,675.00
45709267601703167,20100714,660.00,683.00,0,0,0.00,0.00,0.00,660.00,0.00
45709267601703167,20100717,660.00,683.00,0,0,0.00,0.00,0.00,660.00,0.00
45709267601703167,20100718,660.00,683.00,0,0,0.00,0.00,0.00,660.00,0.00
45709267601703167,20100719,660.00,683.00,0,0,0.00,0.00,0.00,660.00,0.00
45709267601703167,20100720,660.00,683.00,0,0,0.00,0.00,0.00,660.00,0.00
45709267601703167,20100721,660.00,683.00,0,0,0.00,0.00,0.00,660.00,0.00
45709267601703167,20100724,660.00,683.00,0,0,0.00,0.00,0.00,660.00,0.00
45709267601703167,20100725,660.00,683.00,0,0,0.00,0.00,0.00,660.00,0.00
45709267601703167,20100726,660.00,683.00,0,0,0.00,0.00,0.00,660.00,0.00
45709267601703167,20100728,660.00,683.00,0,0,0.00,0.00,0.00,660.00,0.00
45709267601703167,20100731,660.00,683.00,0,0,0.00,0.00,0.00,660.00,0.00
45709267601703167,20100801,660.00,683.00,0,0,0.00,0.00,0.00,660.00,0.00
45709267601703167,20100802,660.00,683.00,0,0,0.00,0.00,0.00,660.00,0.00
45709267601703167,20100803,660.00,683.00,0,0,0.00,0.00,0.00,660.00,0.00
45709267601703167,20100804,660.00,683.00,0,0,0.00,0.00,0.00,660.00,0.00
45709267601703167,20100807,647.00,640.00,2,14736,9528400.00,640.00,650.00,660.00,650.00
45709267601703167,20100808,647.00,640.00,0,0,0.00,0.00,0.00,647.00,0.00
45709267601703167,20100809,647.00,640.00,0,0,0.00,0.00,0.00,647.00,0.00
45709267601703167,20100810,647.00,640.00,0,0,0.00,0.00,0.00,647.00,0.00
45709267601703167,20100811,647.00,640.00,0,0,0.00,0.00,0.00,647.00,0.00
45709267601703167,20100814,647.00,640.00,0,0,0.00,0.00,0.00,647.00,0.00
45709267601703167,20100815,647.00,640.00,0,0,0.00,0.00,0.00,647.00,0.00
45709267601703167,20100816,647.00,640.00,0,0,0.00,0.00,0.00,647.00,0.00
45709267601703167,20100817,647.00,640.00,0,0,0.00,0.00,0.00,647.00,0.00
45709267601703167,20100818,647.00,640.00,0,0,0.00,0.00,0.00,647.00,0.00
45709267601703167,20100821,647.00,640.00,0,0,0.00,0.00,0.00,647.00,0.00
45709267601703167,20100822,647.00,640.00,0,0,0.00,0.00,0.00,647.00,0.00
45709267601703167,20100823,622.00,622.00,5,56596,35202712.00,622.00,622.00,647.00,622.00
45709267601703167,20100824,625.00,646.00,18,72499,45309711.00,620.00,646.00,622.00,620.00
45709267601703167,20100825,649.00,649.00,4,24915,16169835.00,649.00,649.00,625.00,649.00
45709267601703167,20100828,649.00,649.00,0,0,0.00,0.00,0.00,649.00,0.00
45709267601703167,20100829,649.00,649.00,0,0,0.00,0.00,0.00,649.00,0.00
45709267601703167,20100830,674.00,674.00,4,97000,65378000.00,674.00,674.00,649.00,674.00
45709267601703167,20100831,700.00,700.00,5,97000,67900000.00,700.00,700.00,674.00,700.00
45709267601703167,20100904,719.00,728.00,2,8024,5841472.00,728.00,728.00,700.00,728.00
45709267601703167,20100905,730.00,747.00,3,4750,3548250.00,747.00,747.00,719.00,747.00
45709267601703167,20100906,744.00,759.00,1,6000,4554000.00,759.00,759.00,730.00,759.00
45709267601703167,20100907,773.00,773.00,3,15169,11725637.00,773.00,773.00,744.00,773.00
45709267601703167,20100908,803.00,803.00,15,113514,91145742.00,802.00,803.00,773.00,803.00
45709267601703167,20100912,803.00,803.00,0,0,0.00,0.00,0.00,803.00,0.00
45709267601703167,20100913,834.00,835.00,7,23235,19374810.00,830.00,835.00,803.00,835.00
45709267601703167,20100914,867.00,867.00,6,21990,19065330.00,867.00,867.00,834.00,867.00
45709267601703167,20100915,901.00,901.00,2,13344,12022944.00,901.00,901.00,867.00,901.00
45709267601703167,20100918,901.00,901.00,0,0,0.00,0.00,0.00,901.00,0.00
45709267601703167,20100919,919.00,937.00,2,6028,5648236.00,937.00,937.00,901.00,937.00
45709267601703167,20100920,919.00,937.00,0,0,0.00,0.00,0.00,919.00,0.00
45709267601703167,20100921,919.00,937.00,0,0,0.00,0.00,0.00,919.00,0.00
45709267601703167,20100922,922.00,955.00,1,1000,955000.00,955.00,955.00,919.00,955.00
45709267601703167,20100925,922.00,955.00,0,0,0.00,0.00,0.00,922.00,0.00
45709267601703167,20100926,946.00,958.00,2,7999,7663042.00,958.00,958.00,922.00,958.00
45709267601703167,20100927,946.00,958.00,0,0,0.00,0.00,0.00,946.00,0.00
45709267601703167,20100928,961.00,983.00,1,5000,4915000.00,983.00,983.00,946.00,983.00
45709267601703167,20100929,999.00,999.00,1,13477,13463523.00,999.00,999.00,961.00,999.00
45709267601703167,20101002,1008.00,1038.00,1,2796,2902248.00,1038.00,1038.00,999.00,1038.00
45709267601703167,20101003,1048.00,1048.00,4,22017,23073816.00,1048.00,1048.00,1008.00,1048.00
45709267601703167,20101005,1064.00,1089.00,1,4670,5085630.00,1089.00,1089.00,1048.00,1089.00
45709267601703167,20101006,1072.00,1106.00,3,2359,2609054.00,1106.00,1106.00,1064.00,1106.00
45709267601703167,20101009,1072.00,1106.00,0,0,0.00,0.00,0.00,1072.00,0.00
45709267601703167,20101010,1114.00,1114.00,2,19751,22002614.00,1114.00,1114.00,1072.00,1114.00
45709267601703167,20101011,1152.00,1158.00,2,10353,11988774.00,1158.00,1158.00,1114.00,1158.00
45709267601703167,20101012,1198.00,1198.00,4,21256,25464688.00,1198.00,1198.00,1152.00,1198.00
45709267601703167,20101013,1245.00,1239.00,17,212718,264809838.00,1239.00,1245.00,1198.00,1245.00
45709267601703167,20101016,1196.00,1196.00,3,38678,46258888.00,1196.00,1196.00,1245.00,1196.00
45709267601703167,20101017,1149.00,1149.00,10,82000,94218000.00,1149.00,1149.00,1196.00,1149.00
45709267601703167,20101018,1116.00,1194.00,8,13025,14531020.00,1104.00,1194.00,1149.00,1104.00
45709267601703167,20101019,1099.00,1072.00,2,4830,5191760.00,1072.00,1100.00,1116.00,1100.00
45709267601703167,20101020,1063.00,1056.00,2,10000,10560000.00,1056.00,1056.00,1099.00,1056.00
45709267601703167,20101023,1060.00,1060.00,6,25019,26520140.00,1060.00,1060.00,1063.00,1060.00
45709267601703167,20101024,1060.00,1060.00,0,0,0.00,0.00,0.00,1060.00,0.00
45709267601703167,20101025,1060.00,1060.00,0,0,0.00,0.00,0.00,1060.00,0.00
45709267601703167,20101026,1060.00,1060.00,0,0,0.00,0.00,0.00,1060.00,0.00
45709267601703167,20101027,1060.00,1060.00,0,0,0.00,0.00,0.00,1060.00,0.00
45709267601703167,20101030,1060.00,1060.00,0,0,0.00,0.00,0.00,1060.00,0.00
45709267601703167,20101031,1051.00,1018.00,1,2436,2479848.00,1018.00,1018.00,1060.00,1018.00
45709267601703167,20101101,1051.00,1018.00,0,0,0.00,0.00,0.00,1051.00,0.00
45709267601703167,20101102,1050.00,1047.00,1,1500,1570500.00,1047.00,1047.00,1051.00,1047.00
45709267601703167,20101103,1050.00,1047.00,0,0,0.00,0.00,0.00,1050.00,0.00
45709267601703167,20101106,1050.00,1047.00,0,0,0.00,0.00,0.00,1050.00,0.00
45709267601703167,20101107,1050.00,1047.00,0,0,0.00,0.00,0.00,1050.00,0.00
45709267601703167,20101108,1050.00,1047.00,0,0,0.00,0.00,0.00,1050.00,0.00
45709267601703167,20101109,1050.00,1047.00,0,0,0.00,0.00,0.00,1050.00,0.00
45709267601703167,20101110,1050.00,1047.00,0,0,0.00,0.00,0.00,1050.00,0.00
45709267601703167,20101113,1050.00,1047.00,0,0,0.00,0.00,0.00,1050.00,0.00
45709267601703167,20101114,1050.00,1047.00,0,0,0.00,0.00,0.00,1050.00,0.00
45709267601703167,20101115,1008.00,1008.00,7,46429,46800432.00,1008.00,1008.00,1050.00,1008.00
45709267601703167,20101116,1008.00,1008.00,0,0,0.00,0.00,0.00,1008.00,0.00
45709267601703167,20101120,1008.00,1008.00,0,0,0.00,0.00,0.00,1008.00,0.00
45709267601703167,20101121,1008.00,1008.00,0,0,0.00,0.00,0.00,1008.00,0.00
45709267601703167,20101122,1005.00,968.00,1,1000,968000.00,968.00,968.00,1008.00,968.00
45709267601703167,20101123,1005.00,968.00,0,0,0.00,0.00,0.00,1005.00,0.00
45709267601703167,20101124,1005.00,968.00,0,0,0.00,0.00,0.00,1005.00,0.00
45709267601703167,20101127,1005.00,968.00,0,0,0.00,0.00,0.00,1005.00,0.00
45709267601703167,20101128,1005.00,968.00,0,0,0.00,0.00,0.00,1005.00,0.00
45709267601703167,20101129,1005.00,968.00,0,0,0.00,0.00,0.00,1005.00,0.00
45709267601703167,20101130,1005.00,968.00,0,0,0.00,0.00,0.00,1005.00,0.00
45709267601703167,20101201,1005.00,968.00,0,0,0.00,0.00,0.00,1005.00,0.00
45709267601703167,20101204,1005.00,968.00,0,0,0.00,0.00,0.00,1005.00,0.00
45709267601703167,20101205,1005.00,968.00,0,0,0.00,0.00,0.00,1005.00,0.00
45709267601703167,20101206,1005.00,968.00,0,0,0.00,0.00,0.00,1005.00,0.00
45709267601703167,20101207,1005.00,968.00,0,0,0.00,0.00,0.00,1005.00,0.00
45709267601703167,20101208,1005.00,968.00,0,0,0.00,0.00,0.00,1005.00,0.00
45709267601703167,20101211,1005.00,968.00,0,0,0.00,0.00,0.00,1005.00,0.00
45709267601703167,20101212,1004.00,965.00,1,220,212300.00,965.00,965.00,1005.00,965.00
45709267601703167,20101213,1004.00,965.00,0,0,0.00,0.00,0.00,1004.00,0.00
45709267601703167,20101214,1004.00,965.00,0,0,0.00,0.00,0.00,1004.00,0.00
45709267601703167,20101218,1004.00,965.00,0,0,0.00,0.00,0.00,1004.00,0.00
45709267601703167,20101219,1004.00,965.00,0,0,0.00,0.00,0.00,1004.00,0.00
45709267601703167,20101220,1004.00,965.00,0,0,0.00,0.00,0.00,1004.00,0.00
45709267601703167,20101221,1004.00,965.00,0,0,0.00,0.00,0.00,1004.00,0.00
45709267601703167,20101222,1004.00,965.00,0,0,0.00,0.00,0.00,1004.00,0.00
45709267601703167,20101225,1004.00,965.00,0,0,0.00,0.00,0.00,1004.00,0.00
45709267601703167,20101226,1004.00,965.00,0,0,0.00,0.00,0.00,1004.00,0.00
45709267601703167,20101227,1004.00,965.00,0,0,0.00,0.00,0.00,1004.00,0.00
45709267601703167,20101228,1004.00,965.00,0,0,0.00,0.00,0.00,1004.00,0.00
45709267601703167,20101229,1004.00,965.00,0,0,0.00,0.00,0.00,1004.00,0.00
45709267601703167,20110101,1004.00,965.00,0,0,0.00,0.00,0.00,1004.00,0.00
45709267601703167,20110102,1004.00,965.00,0,0,0.00,0.00,0.00,1004.00,0.00
45709267601703167,20110103,1004.00,965.00,0,0,0.00,0.00,0.00,1004.00,0.00
45709267601703167,20110104,1004.00,965.00,0,0,0.00,0.00,0.00,1004.00,0.00
45709267601703167,20110105,1004.00,965.00,0,0,0.00,0.00,0.00,1004.00,0.00
45709267601703167,20110108,1004.00,965.00,0,0,0.00,0.00,0.00,1004.00,0.00
45709267601703167,20110109,1004.00,965.00,0,0,0.00,0.00,0.00,1004.00,0.00
45709267601703167,20110110,1004.00,965.00,0,0,0.00,0.00,0.00,1004.00,0.00
45709267601703167,20110111,1004.00,965.00,0,0,0.00,0.00,0.00,1004.00,0.00
45709267601703167,20110112,1004.00,965.00,0,0,0.00,0.00,0.00,1004.00,0.00
45709267601703167,20110115,1004.00,965.00,0,0,0.00,0.00,0.00,1004.00,0.00
45709267601703167,20110116,1004.00,965.00,0,0,0.00,0.00,0.00,1004.00,0.00
45709267601703167,20110117,1004.00,965.00,0,0,0.00,0.00,0.00,1004.00,0.00
45709267601703167,20110118,1004.00,965.00,0,0,0.00,0.00,0.00,1004.00,0.00
45709267601703167,20110119,1004.00,965.00,0,0,0.00,0.00,0.00,1004.00,0.00
45709267601703167,20110122,900.00,900.00,2,6632,5968800.00,900.00,900.00,1004.00,900.00
45709267601703167,20110123,900.00,900.00,0,0,0.00,0.00,0.00,900.00,0.00
45709267601703167,20110124,900.00,900.00,0,0,0.00,0.00,0.00,900.00,0.00
45709267601703167,20110126,900.00,900.00,0,0,0.00,0.00,0.00,900.00,0.00
45709267601703167,20110129,897.00,864.00,1,1132,978048.00,864.00,864.00,900.00,864.00
45709267601703167,20110130,862.00,862.00,2,12000,10344000.00,862.00,862.00,897.00,862.00
45709267601703167,20110131,862.00,862.00,0,0,0.00,0.00,0.00,862.00,0.00
45709267601703167,20110201,828.00,828.00,3,12000,9936000.00,828.00,828.00,862.00,828.00
45709267601703167,20110205,828.00,828.00,0,0,0.00,0.00,0.00,828.00,0.00
45709267601703167,20110206,828.00,830.00,1,1156,959480.00,830.00,830.00,828.00,830.00
45709267601703167,20110207,800.00,800.00,6,17864,14291200.00,800.00,800.00,828.00,800.00
45709267601703167,20110208,803.00,830.00,1,1152,956160.00,830.00,830.00,800.00,830.00
45709267601703167,20110209,803.00,830.00,0,0,0.00,0.00,0.00,803.00,0.00
45709267601703167,20110212,810.00,835.00,1,2800,2338000.00,835.00,835.00,803.00,835.00
45709267601703167,20110213,841.00,842.00,11,27122,22797870.00,835.00,842.00,810.00,842.00
45709267601703167,20110214,836.00,809.00,1,1728,1397952.00,809.00,809.00,841.00,809.00
45709267601703167,20110215,817.00,810.00,6,14258,11652312.00,803.00,864.00,836.00,803.00
45709267601703167,20110216,817.00,810.00,0,0,0.00,0.00,0.00,817.00,0.00
45709267601703167,20110219,817.00,810.00,0,0,0.00,0.00,0.00,817.00,0.00
45709267601703167,20110220,817.00,810.00,0,0,0.00,0.00,0.00,817.00,0.00
45709267601703167,20110222,817.00,810.00,0,0,0.00,0.00,0.00,817.00,0.00
45709267601703167,20110223,817.00,810.00,0,0,0.00,0.00,0.00,817.00,0.00
45709267601703167,20110226,817.00,810.00,0,0,0.00,0.00,0.00,817.00,0.00
45709267601703167,20110227,817.00,810.00,0,0,0.00,0.00,0.00,817.00,0.00
45709267601703167,20110228,796.00,785.00,3,7867,6175595.00,785.00,785.00,817.00,785.00
45709267601703167,20110301,796.00,785.00,0,0,0.00,0.00,0.00,796.00,0.00
45709267601703167,20110302,796.00,800.00,1,1250,1000000.00,800.00,800.00,796.00,800.00
45709267601703167,20110305,796.00,800.00,0,0,0.00,0.00,0.00,796.00,0.00
45709267601703167,20110306,796.00,800.00,0,0,0.00,0.00,0.00,796.00,0.00
45709267601703167,20110307,796.00,800.00,0,0,0.00,0.00,0.00,796.00,0.00
45709267601703167,20110308,796.00,800.00,0,0,0.00,0.00,0.00,796.00,0.00
45709267601703167,20110309,796.00,800.00,0,0,0.00,0.00,0.00,796.00,0.00
45709267601703167,20110312,796.00,800.00,0,0,0.00,0.00,0.00,796.00,0.00
45709267601703167,20110313,796.00,800.00,0,0,0.00,0.00,0.00,796.00,0.00
45709267601703167,20110314,770.00,765.00,3,10000,7650000.00,765.00,765.00,796.00,765.00
45709267601703167,20110315,770.00,765.00,0,0,0.00,0.00,0.00,770.00,0.00
45709267601703167,20110316,770.00,765.00,0,0,0.00,0.00,0.00,770.00,0.00
45709267601703167,20110319,770.00,765.00,0,0,0.00,0.00,0.00,770.00,0.00
45709267601703167,20110326,770.00,765.00,0,0,0.00,0.00,0.00,770.00,0.00
45709267601703167,20110327,770.00,765.00,0,0,0.00,0.00,0.00,770.00,0.00
45709267601703167,20110328,770.00,765.00,0,0,0.00,0.00,0.00,770.00,0.00
45709267601703167,20110329,770.00,765.00,0,0,0.00,0.00,0.00,770.00,0.00
45709267601703167,20110330,757.00,740.00,1,5367,3971580.00,740.00,740.00,770.00,740.00
45709267601703167,20110403,757.00,740.00,0,0,0.00,0.00,0.00,757.00,0.00
45709267601703167,20110404,748.00,727.00,1,3448,2506696.00,727.00,727.00,757.00,727.00
45709267601703167,20110405,748.00,727.00,0,0,0.00,0.00,0.00,748.00,0.00
45709267601703167,20110406,720.00,720.00,6,56978,40995682.00,719.00,720.00,748.00,719.00
45709267601703167,20110409,720.00,720.00,0,0,0.00,0.00,0.00,720.00,0.00
45709267601703167,20110410,694.00,700.00,13,37443,25991356.00,692.00,700.00,720.00,692.00
45709267601703167,20110411,694.00,700.00,0,0,0.00,0.00,0.00,694.00,0.00
45709267601703167,20110412,694.00,700.00,0,0,0.00,0.00,0.00,694.00,0.00
45709267601703167,20110413,712.00,721.00,2,8000,5768000.00,721.00,721.00,694.00,721.00
45709267601703167,20110416,712.00,721.00,0,0,0.00,0.00,0.00,712.00,0.00
45709267601703167,20110417,740.00,740.00,2,12000,8880000.00,740.00,740.00,712.00,740.00
45709267601703167,20110418,763.00,750.00,4,17657,13473380.00,740.00,769.00,740.00,740.00
45709267601703167,20110419,788.00,793.00,6,10000,7930000.00,793.00,793.00,763.00,793.00
45709267601703167,20110420,814.00,819.00,1,10000,8190000.00,819.00,819.00,788.00,819.00
45709267601703167,20110423,814.00,819.00,0,0,0.00,0.00,0.00,814.00,0.00
45709267601703167,20110424,817.00,846.00,1,1000,846000.00,846.00,846.00,814.00,846.00
45709267601703167,20110425,839.00,785.00,8,23915,20056435.00,785.00,849.00,817.00,849.00
45709267601703167,20110426,839.00,785.00,0,0,0.00,0.00,0.00,839.00,0.00
45709267601703167,20110427,839.00,785.00,0,0,0.00,0.00,0.00,839.00,0.00
45709267601703167,20110430,839.00,785.00,0,0,0.00,0.00,0.00,839.00,0.00
45709267601703167,20110501,839.00,785.00,0,0,0.00,0.00,0.00,839.00,0.00
45709267601703167,20110502,835.00,806.00,2,1500,1209000.00,806.00,806.00,839.00,806.00
45709267601703167,20110503,835.00,806.00,0,0,0.00,0.00,0.00,835.00,0.00
45709267601703167,20110504,835.00,806.00,0,0,0.00,0.00,0.00,835.00,0.00
45709267601703167,20110508,835.00,806.00,0,0,0.00,0.00,0.00,835.00,0.00
45709267601703167,20110509,835.00,806.00,0,0,0.00,0.00,0.00,835.00,0.00
45709267601703167,20110510,835.00,806.00,0,0,0.00,0.00,0.00,835.00,0.00
45709267601703167,20110511,835.00,806.00,0,0,0.00,0.00,0.00,835.00,0.00
45709267601703167,20110514,835.00,806.00,0,0,0.00,0.00,0.00,835.00,0.00
45709267601703167,20110515,835.00,806.00,0,0,0.00,0.00,0.00,835.00,0.00
45709267601703167,20110516,835.00,806.00,0,0,0.00,0.00,0.00,835.00,0.00
45709267601703167,20110517,835.00,806.00,0,0,0.00,0.00,0.00,835.00,0.00
45709267601703167,20110518,835.00,806.00,0,0,0.00,0.00,0.00,835.00,0.00
45709267601703167,20110521,835.00,806.00,0,0,0.00,0.00,0.00,835.00,0.00
45709267601703167,20110522,835.00,806.00,0,0,0.00,0.00,0.00,835.00,0.00
45709267601703167,20110523,835.00,806.00,0,0,0.00,0.00,0.00,835.00,0.00
45709267601703167,20110524,835.00,806.00,0,0,0.00,0.00,0.00,835.00,0.00
45709267601703167,20110525,835.00,806.00,0,0,0.00,0.00,0.00,835.00,0.00
45709267601703167,20110528,826.00,802.00,1,3101,2487002.00,802.00,802.00,835.00,802.00
45709267601703167,20110529,825.00,793.00,1,420,333060.00,793.00,793.00,826.00,793.00
45709267601703167,20110530,825.00,793.00,0,0,0.00,0.00,0.00,825.00,0.00
45709267601703167,20110531,825.00,793.00,0,0,0.00,0.00,0.00,825.00,0.00
45709267601703167,20110601,825.00,793.00,0,0,0.00,0.00,0.00,825.00,0.00
45709267601703167,20110606,825.00,793.00,0,0,0.00,0.00,0.00,825.00,0.00
45709267601703167,20110607,825.00,793.00,0,0,0.00,0.00,0.00,825.00,0.00
45709267601703167,20110608,825.00,793.00,0,0,0.00,0.00,0.00,825.00,0.00
45709267601703167,20110611,825.00,793.00,0,0,0.00,0.00,0.00,825.00,0.00
45709267601703167,20110612,825.00,793.00,0,0,0.00,0.00,0.00,825.00,0.00
45709267601703167,20110613,825.00,793.00,0,0,0.00,0.00,0.00,825.00,0.00
45709267601703167,20110614,825.00,793.00,0,0,0.00,0.00,0.00,825.00,0.00
45709267601703167,20110615,825.00,793.00,0,0,0.00,0.00,0.00,825.00,0.00
45709267601703167,20110618,825.00,793.00,0,0,0.00,0.00,0.00,825.00,0.00
45709267601703167,20110619,825.00,793.00,0,0,0.00,0.00,0.00,825.00,0.00
45709267601703167,20110620,825.00,793.00,0,0,0.00,0.00,0.00,825.00,0.00
45709267601703167,20110621,825.00,793.00,0,0,0.00,0.00,0.00,825.00,0.00
45709267601703167,20110622,825.00,793.00,0,0,0.00,0.00,0.00,825.00,0.00
45709267601703167,20110625,825.00,793.00,0,0,0.00,0.00,0.00,825.00,0.00
45709267601703167,20110626,825.00,793.00,0,0,0.00,0.00,0.00,825.00,0.00
45709267601703167,20110627,825.00,793.00,0,0,0.00,0.00,0.00,825.00,0.00
45709267601703167,20110628,825.00,793.00,0,0,0.00,0.00,0.00,825.00,0.00
45709267601703167,20110629,825.00,793.00,0,0,0.00,0.00,0.00,825.00,0.00
45709267601703167,20110702,825.00,793.00,0,0,0.00,0.00,0.00,825.00,0.00
45709267601703167,20110703,825.00,793.00,0,0,0.00,0.00,0.00,825.00,0.00
45709267601703167,20110704,825.00,793.00,0,0,0.00,0.00,0.00,825.00,0.00
45709267601703167,20110705,825.00,793.00,0,0,0.00,0.00,0.00,825.00,0.00
45709267601703167,20110706,825.00,793.00,0,0,0.00,0.00,0.00,825.00,0.00
45709267601703167,20110709,825.00,793.00,0,0,0.00,0.00,0.00,825.00,0.00
45709267601703167,20110710,825.00,793.00,0,0,0.00,0.00,0.00,825.00,0.00
45709267601703167,20110711,825.00,793.00,0,0,0.00,0.00,0.00,825.00,0.00
45709267601703167,20110712,825.00,793.00,0,0,0.00,0.00,0.00,825.00,0.00
45709267601703167,20110713,825.00,793.00,0,0,0.00,0.00,0.00,825.00,0.00
45709267601703167,20110716,825.00,793.00,0,0,0.00,0.00,0.00,825.00,0.00
45709267601703167,20110718,825.00,793.00,0,0,0.00,0.00,0.00,825.00,0.00
45709267601703167,20110719,825.00,793.00,0,0,0.00,0.00,0.00,825.00,0.00
45709267601703167,20110720,825.00,793.00,0,0,0.00,0.00,0.00,825.00,0.00
45709267601703167,20110723,825.00,793.00,0,0,0.00,0.00,0.00,825.00,0.00
45709267601703167,20110724,825.00,793.00,0,0,0.00,0.00,0.00,825.00,0.00
45709267601703167,20110725,825.00,793.00,0,0,0.00,0.00,0.00,825.00,0.00
45709267601703167,20110726,825.00,793.00,0,0,0.00,0.00,0.00,825.00,0.00
45709267601703167,20110727,825.00,793.00,0,0,0.00,0.00,0.00,825.00,0.00
45709267601703167,20110730,825.00,793.00,0,0,0.00,0.00,0.00,825.00,0.00
45709267601703167,20110731,825.00,793.00,0,0,0.00,0.00,0.00,825.00,0.00
45709267601703167,20110801,825.00,793.00,0,0,0.00,0.00,0.00,825.00,0.00
45709267601703167,20110802,824.00,792.00,1,500,396000.00,792.00,792.00,825.00,792.00
45709267601703167,20110803,824.00,792.00,0,0,0.00,0.00,0.00,824.00,0.00
45709267601703167,20110806,824.00,792.00,0,0,0.00,0.00,0.00,824.00,0.00
45709267601703167,20110807,824.00,792.00,0,0,0.00,0.00,0.00,824.00,0.00
45709267601703167,20110808,821.00,792.00,1,1000,792000.00,792.00,792.00,824.00,792.00
45709267601703167,20110809,821.00,792.00,0,0,0.00,0.00,0.00,821.00,0.00
45709267601703167,20110810,821.00,792.00,0,0,0.00,0.00,0.00,821.00,0.00
45709267601703167,20110813,821.00,792.00,0,0,0.00,0.00,0.00,821.00,0.00
45709267601703167,20110814,821.00,792.00,0,0,0.00,0.00,0.00,821.00,0.00
45709267601703167,20110815,821.00,792.00,0,0,0.00,0.00,0.00,821.00,0.00
45709267601703167,20110816,821.00,792.00,0,0,0.00,0.00,0.00,821.00,0.00
45709267601703167,20110817,821.00,792.00,0,0,0.00,0.00,0.00,821.00,0.00
45709267601703167,20110820,821.00,792.00,0,0,0.00,0.00,0.00,821.00,0.00
45709267601703167,20110821,821.00,792.00,0,0,0.00,0.00,0.00,821.00,0.00
45709267601703167,20110823,821.00,792.00,0,0,0.00,0.00,0.00,821.00,0.00
45709267601703167,20110824,821.00,792.00,0,0,0.00,0.00,0.00,821.00,0.00
45709267601703167,20110827,789.00,789.00,1,12000,9468000.00,789.00,789.00,821.00,789.00
45709267601703167,20110828,789.00,789.00,0,0,0.00,0.00,0.00,789.00,0.00
45709267601703167,20110829,789.00,789.00,0,0,0.00,0.00,0.00,789.00,0.00
45709267601703167,20110830,789.00,789.00,0,0,0.00,0.00,0.00,789.00,0.00
45709267601703167,20110831,789.00,789.00,0,0,0.00,0.00,0.00,789.00,0.00
45709267601703167,20110903,789.00,789.00,0,0,0.00,0.00,0.00,789.00,0.00
45709267601703167,20110904,789.00,789.00,0,0,0.00,0.00,0.00,789.00,0.00
45709267601703167,20110905,758.00,758.00,1,12000,9096000.00,758.00,758.00,789.00,758.00
45709267601703167,20110906,737.00,765.00,21,131044,96571692.00,728.00,765.00,758.00,728.00
45709267601703167,20110907,757.00,766.00,6,66498,50313070.00,754.00,766.00,737.00,754.00
45709267601703167,20110910,767.00,787.00,5,30000,23010000.00,727.00,787.00,757.00,727.00
45709267601703167,20110911,775.00,789.00,3,4700,3706300.00,787.00,789.00,767.00,787.00
45709267601703167,20110912,799.00,806.00,4,30405,24298806.00,790.00,806.00,775.00,790.00
45709267601703167,20110913,804.00,768.00,22,169974,136629796.00,768.00,830.00,799.00,800.00
45709267601703167,20110914,833.00,833.00,5,65887,54875651.00,773.00,834.00,804.00,773.00
45709267601703167,20110917,846.00,820.00,4,14168,11989848.00,800.00,866.00,833.00,866.00
45709267601703167,20110918,841.00,813.00,1,1935,1573155.00,813.00,813.00,846.00,813.00
45709267601703167,20110919,841.00,808.00,1,10,8080.00,808.00,808.00,841.00,808.00
45709267601703167,20110920,841.00,808.00,0,0,0.00,0.00,0.00,841.00,0.00
45709267601703167,20110921,841.00,808.00,0,0,0.00,0.00,0.00,841.00,0.00
45709267601703167,20110925,841.00,808.00,0,0,0.00,0.00,0.00,841.00,0.00
45709267601703167,20110926,841.00,808.00,0,0,0.00,0.00,0.00,841.00,0.00
45709267601703167,20110927,841.00,808.00,1,60,48480.00,808.00,808.00,841.00,808.00
45709267601703167,20110928,841.00,808.00,0,0,0.00,0.00,0.00,841.00,0.00
45709267601703167,20111001,833.00,808.00,1,3000,2424000.00,808.00,808.00,841.00,808.00
45709267601703167,20111002,825.00,800.00,1,3000,2400000.00,800.00,800.00,833.00,800.00
45709267601703167,20111003,822.00,792.00,1,1000,792000.00,792.00,792.00,825.00,792.00
45709267601703167,20111004,822.00,792.00,0,0,0.00,0.00,0.00,822.00,0.00
45709267601703167,20111005,809.00,790.00,2,5000,3950000.00,790.00,790.00,822.00,790.00
45709267601703167,20111008,809.00,790.00,0,0,0.00,0.00,0.00,809.00,0.00
45709267601703167,20111009,809.00,777.00,1,10,7770.00,777.00,777.00,809.00,777.00
45709267601703167,20111010,809.00,777.00,1,10,7770.00,777.00,777.00,809.00,777.00
45709267601703167,20111011,806.00,777.00,1,1000,777000.00,777.00,777.00,809.00,777.00
45709267601703167,20111012,806.00,777.00,0,0,0.00,0.00,0.00,806.00,0.00
45709267601703167,20111015,806.00,774.00,1,10,7740.00,774.00,774.00,806.00,774.00
45709267601703167,20111016,804.00,774.00,2,565,437310.00,774.00,774.00,806.00,774.00
45709267601703167,20111017,804.00,774.00,0,0,0.00,0.00,0.00,804.00,0.00
45709267601703167,20111018,804.00,774.00,0,0,0.00,0.00,0.00,804.00,0.00
45709267601703167,20111019,804.00,774.00,0,0,0.00,0.00,0.00,804.00,0.00
45709267601703167,20111022,804.00,774.00,0,0,0.00,0.00,0.00,804.00,0.00
45709267601703167,20111023,804.00,774.00,0,0,0.00,0.00,0.00,804.00,0.00
45709267601703167,20111024,804.00,774.00,0,0,0.00,0.00,0.00,804.00,0.00
45709267601703167,20111025,804.00,774.00,0,0,0.00,0.00,0.00,804.00,0.00
45709267601703167,20111026,804.00,774.00,0,0,0.00,0.00,0.00,804.00,0.00
45709267601703167,20111029,804.00,774.00,0,0,0.00,0.00,0.00,804.00,0.00
45709267601703167,20111030,804.00,774.00,0,0,0.00,0.00,0.00,804.00,0.00
45709267601703167,20111031,804.00,774.00,0,0,0.00,0.00,0.00,804.00,0.00
45709267601703167,20111101,799.00,772.00,1,1930,1489960.00,772.00,772.00,804.00,772.00
45709267601703167,20111102,796.00,768.00,2,1341,1029888.00,768.00,768.00,799.00,768.00
45709267601703167,20111105,796.00,768.00,0,0,0.00,0.00,0.00,796.00,0.00
45709267601703167,20111106,796.00,768.00,0,0,0.00,0.00,0.00,796.00,0.00
45709267601703167,20111108,796.00,768.00,0,0,0.00,0.00,0.00,796.00,0.00
45709267601703167,20111109,796.00,768.00,0,0,0.00,0.00,0.00,796.00,0.00
45709267601703167,20111112,796.00,768.00,0,0,0.00,0.00,0.00,796.00,0.00
45709267601703167,20111113,796.00,768.00,0,0,0.00,0.00,0.00,796.00,0.00
45709267601703167,20111114,796.00,768.00,0,0,0.00,0.00,0.00,796.00,0.00
45709267601703167,20111116,796.00,768.00,0,0,0.00,0.00,0.00,796.00,0.00
45709267601703167,20111119,796.00,768.00,0,0,0.00,0.00,0.00,796.00,0.00
45709267601703167,20111120,796.00,768.00,0,0,0.00,0.00,0.00,796.00,0.00
45709267601703167,20111121,796.00,768.00,0,0,0.00,0.00,0.00,796.00,0.00
45709267601703167,20111122,796.00,768.00,0,0,0.00,0.00,0.00,796.00,0.00
45709267601703167,20111123,796.00,768.00,0,0,0.00,0.00,0.00,796.00,0.00
45709267601703167,20111126,796.00,768.00,0,0,0.00,0.00,0.00,796.00,0.00
45709267601703167,20111127,796.00,768.00,0,0,0.00,0.00,0.00,796.00,0.00
45709267601703167,20111128,796.00,768.00,0,0,0.00,0.00,0.00,796.00,0.00
45709267601703167,20111129,796.00,768.00,0,0,0.00,0.00,0.00,796.00,0.00
45709267601703167,20111130,796.00,768.00,0,0,0.00,0.00,0.00,796.00,0.00
45709267601703167,20111203,796.00,768.00,0,0,0.00,0.00,0.00,796.00,0.00
45709267601703167,20111204,796.00,768.00,0,0,0.00,0.00,0.00,796.00,0.00
45709267601703167,20111207,796.00,768.00,0,0,0.00,0.00,0.00,796.00,0.00
45709267601703167,20111210,796.00,768.00,0,0,0.00,0.00,0.00,796.00,0.00
45709267601703167,20111211,796.00,768.00,0,0,0.00,0.00,0.00,796.00,0.00
45709267601703167,20111212,796.00,768.00,0,0,0.00,0.00,0.00,796.00,0.00
45709267601703167,20111213,796.00,768.00,0,0,0.00,0.00,0.00,796.00,0.00
45709267601703167,20111214,796.00,768.00,0,0,0.00,0.00,0.00,796.00,0.00
45709267601703167,20111217,796.00,768.00,0,0,0.00,0.00,0.00,796.00,0.00
45709267601703167,20111218,705.00,704.00,7,23770,16747710.00,704.00,733.00,796.00,733.00
45709267601703167,20111219,686.00,677.00,2,8090,5476930.00,677.00,677.00,705.00,677.00
45709267601703167,20111220,686.00,677.00,0,0,0.00,0.00,0.00,686.00,0.00
45709267601703167,20111221,686.00,677.00,0,0,0.00,0.00,0.00,686.00,0.00
45709267601703167,20111224,686.00,677.00,0,0,0.00,0.00,0.00,686.00,0.00
45709267601703167,20111225,686.00,677.00,0,0,0.00,0.00,0.00,686.00,0.00
45709267601703167,20111226,684.00,659.00,1,970,639230.00,659.00,659.00,686.00,659.00
45709267601703167,20111227,684.00,659.00,0,0,0.00,0.00,0.00,684.00,0.00
45709267601703167,20111228,671.00,657.00,2,5838,3835566.00,657.00,657.00,684.00,657.00
45709267601703167,20111231,671.00,657.00,0,0,0.00,0.00,0.00,671.00,0.00
45709267601703167,20120101,670.00,645.00,1,528,340560.00,645.00,645.00,671.00,645.00
45709267601703167,20120102,670.00,645.00,0,0,0.00,0.00,0.00,670.00,0.00
45709267601703167,20120103,644.00,644.00,3,12772,8225168.00,644.00,644.00,670.00,644.00
45709267601703167,20120104,644.00,644.00,0,0,0.00,0.00,0.00,644.00,0.00
45709267601703167,20120107,619.00,619.00,4,14500,8975500.00,619.00,619.00,644.00,619.00
45709267601703167,20120108,599.00,595.00,2,10000,5950000.00,595.00,595.00,619.00,595.00
45709267601703167,20120109,576.00,576.00,9,21127,12169152.00,576.00,576.00,599.00,576.00
45709267601703167,20120110,553.00,553.00,3,20000,11060000.00,553.00,553.00,576.00,553.00
45709267601703167,20120111,531.00,531.00,3,17093,9076383.00,531.00,531.00,553.00,531.00
45709267601703167,20120115,513.00,510.00,1,10000,5100000.00,510.00,510.00,531.00,510.00
45709267601703167,20120116,493.00,493.00,3,17000,8381000.00,493.00,493.00,513.00,493.00
45709267601703167,20120117,474.00,474.00,3,12000,5688000.00,474.00,474.00,493.00,474.00
45709267601703167,20120118,466.00,492.00,27,209477,97577112.00,456.00,492.00,474.00,456.00
45709267601703167,20120121,466.00,492.00,0,0,0.00,0.00,0.00,466.00,0.00
45709267601703167,20120123,484.00,484.00,3,13136,6357824.00,484.00,484.00,466.00,484.00
45709267601703167,20120125,486.00,503.00,1,1000,503000.00,503.00,503.00,484.00,503.00
45709267601703167,20120128,502.00,505.00,1,9900,4999500.00,505.00,505.00,486.00,505.00
45709267601703167,20120129,522.00,522.00,21,138590,72343980.00,522.00,522.00,502.00,522.00
45709267601703167,20120130,542.00,542.00,10,15596,8453032.00,542.00,542.00,522.00,542.00
45709267601703167,20120131,563.00,563.00,11,47596,26780952.00,562.00,563.00,542.00,562.00
45709267601703167,20120201,572.00,585.00,1,5000,2925000.00,585.00,585.00,563.00,585.00
45709267601703167,20120204,586.00,594.00,3,7867,4672998.00,594.00,594.00,572.00,594.00
45709267601703167,20120205,609.00,609.00,6,24950,15194550.00,609.00,609.00,586.00,609.00
45709267601703167,20120206,612.00,585.00,12,32557,19927943.00,585.00,629.00,609.00,629.00
45709267601703167,20120207,612.00,585.00,0,0,0.00,0.00,0.00,612.00,0.00
45709267601703167,20120208,611.00,636.00,14,70325,42982316.00,588.00,636.00,612.00,588.00
45709267601703167,20120212,613.00,635.00,2,1080,685800.00,635.00,635.00,611.00,635.00
45709267601703167,20120213,637.00,637.00,7,13000,8281000.00,637.00,637.00,613.00,637.00
45709267601703167,20120214,662.00,662.00,9,12000,7944000.00,662.00,662.00,637.00,662.00
45709267601703167,20120215,688.00,688.00,2,12000,8256000.00,688.00,688.00,662.00,688.00
45709267601703167,20120218,693.00,715.00,3,2361,1688115.00,715.00,715.00,688.00,715.00
45709267601703167,20120219,718.00,720.00,6,29500,21180000.00,715.00,720.00,693.00,715.00
45709267601703167,20120220,730.00,745.00,4,5331,3973595.00,745.00,746.00,718.00,746.00
45709267601703167,20120221,735.00,740.00,28,96248,70736007.00,701.00,759.00,730.00,731.00
45709267601703167,20120222,754.00,764.00,16,68556,51696416.00,740.00,764.00,735.00,740.00
45709267601703167,20120225,754.00,764.00,0,0,0.00,0.00,0.00,754.00,0.00
45709267601703167,20120226,784.00,784.00,5,14000,10976000.00,784.00,784.00,754.00,784.00
45709267601703167,20120227,814.00,815.00,4,12000,9768645.00,800.00,815.00,784.00,800.00
45709267601703167,20120228,817.00,783.00,2,2995,2471085.00,783.00,846.00,814.00,846.00
45709267601703167,20120229,814.00,785.00,1,1000,785000.00,785.00,785.00,817.00,785.00
45709267601703167,20120303,814.00,785.00,0,0,0.00,0.00,0.00,814.00,0.00
45709267601703167,20120304,782.00,782.00,6,16100,12591800.00,782.00,798.00,814.00,782.00
45709267601703167,20120305,784.00,813.00,1,700,569100.00,813.00,813.00,782.00,813.00
45709267601703167,20120306,784.00,810.00,1,45,36450.00,810.00,810.00,784.00,810.00
45709267601703167,20120307,784.00,810.00,0,0,0.00,0.00,0.00,784.00,0.00
45709267601703167,20120310,784.00,804.00,1,100,80400.00,804.00,804.00,784.00,804.00
45709267601703167,20120311,784.00,804.00,0,0,0.00,0.00,0.00,784.00,0.00
45709267601703167,20120312,802.00,808.00,6,10120,8155297.00,800.00,808.00,784.00,808.00
45709267601703167,20120313,802.00,815.00,1,100,81500.00,815.00,815.00,802.00,815.00
45709267601703167,20120314,789.00,770.00,2,4915,3784550.00,770.00,770.00,802.00,770.00
45709267601703167,20120317,789.00,814.00,1,50,40700.00,814.00,814.00,789.00,814.00
45709267601703167,20120318,789.00,814.00,0,0,0.00,0.00,0.00,789.00,0.00
45709267601703167,20120324,758.00,758.00,4,37872,28706976.00,758.00,758.00,789.00,758.00
45709267601703167,20120325,729.00,728.00,9,29631,21613279.00,728.00,788.00,758.00,788.00
45709267601703167,20120326,729.00,728.00,0,0,0.00,0.00,0.00,729.00,0.00
45709267601703167,20120327,729.00,728.00,1,3248,2364544.00,728.00,728.00,729.00,728.00
45709267601703167,20120328,749.00,757.00,4,30770,23052780.00,714.00,757.00,729.00,714.00
45709267601703167,20120402,778.00,778.00,5,12000,9336000.00,778.00,778.00,749.00,778.00
45709267601703167,20120403,775.00,747.00,1,995,743265.00,747.00,747.00,778.00,747.00
45709267601703167,20120404,775.00,747.00,0,0,0.00,0.00,0.00,775.00,0.00
45709267601703167,20120407,775.00,790.00,1,150,118500.00,790.00,790.00,775.00,790.00
45709267601703167,20120408,775.00,790.00,0,0,0.00,0.00,0.00,775.00,0.00
45709267601703167,20120409,775.00,790.00,0,0,0.00,0.00,0.00,775.00,0.00
45709267601703167,20120410,775.00,790.00,0,0,0.00,0.00,0.00,775.00,0.00
45709267601703167,20120411,775.00,790.00,0,0,0.00,0.00,0.00,775.00,0.00
45709267601703167,20120414,775.00,779.00,1,50,38950.00,779.00,779.00,775.00,779.00
45709267601703167,20120415,775.00,779.00,0,0,0.00,0.00,0.00,775.00,0.00
45709267601703167,20120416,775.00,779.00,0,0,0.00,0.00,0.00,775.00,0.00
45709267601703167,20120417,775.00,779.00,0,0,0.00,0.00,0.00,775.00,0.00
45709267601703167,20120418,775.00,779.00,0,0,0.00,0.00,0.00,775.00,0.00
45709267601703167,20120421,775.00,779.00,0,0,0.00,0.00,0.00,775.00,0.00
45709267601703167,20120422,775.00,779.00,0,0,0.00,0.00,0.00,775.00,0.00
45709267601703167,20120423,775.00,779.00,0,0,0.00,0.00,0.00,775.00,0.00
45709267601703167,20120424,775.00,779.00,0,0,0.00,0.00,0.00,775.00,0.00
45709267601703167,20120428,775.00,779.00,0,0,0.00,0.00,0.00,775.00,0.00
45709267601703167,20120429,775.00,779.00,0,0,0.00,0.00,0.00,775.00,0.00
45709267601703167,20120430,775.00,779.00,0,0,0.00,0.00,0.00,775.00,0.00
45709267601703167,20120501,775.00,779.00,0,0,0.00,0.00,0.00,775.00,0.00
45709267601703167,20120502,775.00,779.00,0,0,0.00,0.00,0.00,775.00,0.00
45709267601703167,20120505,775.00,779.00,0,0,0.00,0.00,0.00,775.00,0.00
45709267601703167,20120506,775.00,779.00,0,0,0.00,0.00,0.00,775.00,0.00
45709267601703167,20120507,775.00,779.00,0,0,0.00,0.00,0.00,775.00,0.00
45709267601703167,20120508,775.00,744.00,1,100,74400.00,744.00,744.00,775.00,744.00
45709267601703167,20120509,775.00,744.00,0,0,0.00,0.00,0.00,775.00,0.00
45709267601703167,20120512,775.00,744.00,0,0,0.00,0.00,0.00,775.00,0.00
45709267601703167,20120513,775.00,744.00,0,0,0.00,0.00,0.00,775.00,0.00
45709267601703167,20120514,744.00,744.00,5,12000,8928000.00,744.00,744.00,775.00,744.00
45709267601703167,20120515,744.00,744.00,0,0,0.00,0.00,0.00,744.00,0.00
45709267601703167,20120516,744.00,744.00,0,0,0.00,0.00,0.00,744.00,0.00
45709267601703167,20120519,744.00,744.00,0,0,0.00,0.00,0.00,744.00,0.00
45709267601703167,20120520,720.00,715.00,1,10000,7150000.00,715.00,715.00,744.00,715.00
45709267601703167,20120521,720.00,715.00,0,0,0.00,0.00,0.00,720.00,0.00
45709267601703167,20120522,720.00,715.00,0,0,0.00,0.00,0.00,720.00,0.00
45709267601703167,20120523,720.00,715.00,0,0,0.00,0.00,0.00,720.00,0.00
45709267601703167,20120526,720.00,715.00,0,0,0.00,0.00,0.00,720.00,0.00
45709267601703167,20120527,720.00,715.00,0,0,0.00,0.00,0.00,720.00,0.00
45709267601703167,20120528,720.00,715.00,0,0,0.00,0.00,0.00,720.00,0.00
45709267601703167,20120529,720.00,715.00,0,0,0.00,0.00,0.00,720.00,0.00
45709267601703167,20120530,720.00,715.00,0,0,0.00,0.00,0.00,720.00,0.00
45709267601703167,20120602,720.00,715.00,0,0,0.00,0.00,0.00,720.00,0.00
45709267601703167,20120605,720.00,715.00,0,0,0.00,0.00,0.00,720.00,0.00
45709267601703167,20120606,720.00,715.00,0,0,0.00,0.00,0.00,720.00,0.00
45709267601703167,20120609,720.00,715.00,0,0,0.00,0.00,0.00,720.00,0.00
45709267601703167,20120610,720.00,715.00,0,0,0.00,0.00,0.00,720.00,0.00
45709267601703167,20120611,720.00,715.00,0,0,0.00,0.00,0.00,720.00,0.00
45709267601703167,20120612,720.00,715.00,0,0,0.00,0.00,0.00,720.00,0.00
45709267601703167,20120613,720.00,715.00,0,0,0.00,0.00,0.00,720.00,0.00
45709267601703167,20120616,720.00,715.00,0,0,0.00,0.00,0.00,720.00,0.00
45709267601703167,20120617,720.00,715.00,0,0,0.00,0.00,0.00,720.00,0.00
45709267601703167,20120619,720.00,715.00,0,0,0.00,0.00,0.00,720.00,0.00
45709267601703167,20120620,720.00,715.00,0,0,0.00,0.00,0.00,720.00,0.00
45709267601703167,20120623,720.00,715.00,0,0,0.00,0.00,0.00,720.00,0.00
45709267601703167,20120624,720.00,715.00,0,0,0.00,0.00,0.00,720.00,0.00
45709267601703167,20120625,720.00,715.00,0,0,0.00,0.00,0.00,720.00,0.00
45709267601703167,20120626,720.00,715.00,0,0,0.00,0.00,0.00,720.00,0.00
45709267601703167,20120627,720.00,715.00,0,0,0.00,0.00,0.00,720.00,0.00
45709267601703167,20120630,720.00,715.00,0,0,0.00,0.00,0.00,720.00,0.00
45709267601703167,20120701,720.00,715.00,0,0,0.00,0.00,0.00,720.00,0.00
45709267601703167,20120702,720.00,715.00,0,0,0.00,0.00,0.00,720.00,0.00
45709267601703167,20120703,720.00,715.00,0,0,0.00,0.00,0.00,720.00,0.00
45709267601703167,20120704,720.00,715.00,0,0,0.00,0.00,0.00,720.00,0.00
45709267601703167,20120707,720.00,715.00,0,0,0.00,0.00,0.00,720.00,0.00
45709267601703167,20120708,720.00,715.00,0,0,0.00,0.00,0.00,720.00,0.00
45709267601703167,20120709,720.00,715.00,0,0,0.00,0.00,0.00,720.00,0.00
45709267601703167,20120710,720.00,715.00,0,0,0.00,0.00,0.00,720.00,0.00
45709267601703167,20120711,720.00,715.00,0,0,0.00,0.00,0.00,720.00,0.00
45709267601703167,20120714,720.00,715.00,0,0,0.00,0.00,0.00,720.00,0.00
45709267601703167,20120715,720.00,715.00,0,0,0.00,0.00,0.00,720.00,0.00
45709267601703167,20120716,720.00,715.00,0,0,0.00,0.00,0.00,720.00,0.00
45709267601703167,20120717,720.00,715.00,0,0,0.00,0.00,0.00,720.00,0.00
45709267601703167,20120718,720.00,715.00,0,0,0.00,0.00,0.00,720.00,0.00
45709267601703167,20120721,720.00,715.00,0,0,0.00,0.00,0.00,720.00,0.00
45709267601703167,20120722,720.00,715.00,0,0,0.00,0.00,0.00,720.00,0.00
45709267601703167,20120723,720.00,715.00,0,0,0.00,0.00,0.00,720.00,0.00
45709267601703167,20120724,720.00,715.00,0,0,0.00,0.00,0.00,720.00,0.00
45709267601703167,20120725,720.00,715.00,0,0,0.00,0.00,0.00,720.00,0.00
45709267601703167,20120728,720.00,715.00,0,0,0.00,0.00,0.00,720.00,0.00
45709267601703167,20120729,720.00,715.00,0,0,0.00,0.00,0.00,720.00,0.00
45709267601703167,20120730,720.00,715.00,0,0,0.00,0.00,0.00,720.00,0.00
45709267601703167,20120731,720.00,715.00,0,0,0.00,0.00,0.00,720.00,0.00
45709267601703167,20120801,720.00,715.00,0,0,0.00,0.00,0.00,720.00,0.00
45709267601703167,20120804,720.00,715.00,0,0,0.00,0.00,0.00,720.00,0.00
45709267601703167,20120805,720.00,715.00,0,0,0.00,0.00,0.00,720.00,0.00
45709267601703167,20120806,720.00,715.00,0,0,0.00,0.00,0.00,720.00,0.00
45709267601703167,20120807,720.00,715.00,0,0,0.00,0.00,0.00,720.00,0.00
45709267601703167,20120808,720.00,715.00,0,0,0.00,0.00,0.00,720.00,0.00
45709267601703167,20120811,720.00,715.00,0,0,0.00,0.00,0.00,720.00,0.00
45709267601703167,20120812,720.00,715.00,0,0,0.00,0.00,0.00,720.00,0.00
45709267601703167,20120813,720.00,715.00,0,0,0.00,0.00,0.00,720.00,0.00
45709267601703167,20120814,720.00,715.00,0,0,0.00,0.00,0.00,720.00,0.00
45709267601703167,20120815,720.00,715.00,0,0,0.00,0.00,0.00,720.00,0.00
45709267601703167,20120818,720.00,715.00,0,0,0.00,0.00,0.00,720.00,0.00
45709267601703167,20120821,720.00,715.00,0,0,0.00,0.00,0.00,720.00,0.00
45709267601703167,20120822,720.00,715.00,0,0,0.00,0.00,0.00,720.00,0.00
45709267601703167,20120825,720.00,715.00,0,0,0.00,0.00,0.00,720.00,0.00
45709267601703167,20120826,720.00,715.00,0,0,0.00,0.00,0.00,720.00,0.00
45709267601703167,20120827,720.00,715.00,0,0,0.00,0.00,0.00,720.00,0.00
45709267601703167,20120902,720.00,715.00,0,0,0.00,0.00,0.00,720.00,0.00
45709267601703167,20120903,720.00,715.00,0,0,0.00,0.00,0.00,720.00,0.00
45709267601703167,20120904,720.00,715.00,0,0,0.00,0.00,0.00,720.00,0.00
45709267601703167,20120905,720.00,715.00,0,0,0.00,0.00,0.00,720.00,0.00
45709267601703167,20120908,720.00,715.00,0,0,0.00,0.00,0.00,720.00,0.00
45709267601703167,20120909,720.00,715.00,0,0,0.00,0.00,0.00,720.00,0.00
45709267601703167,20120910,720.00,715.00,0,0,0.00,0.00,0.00,720.00,0.00
45709267601703167,20120911,720.00,715.00,0,0,0.00,0.00,0.00,720.00,0.00
45709267601703167,20120915,720.00,715.00,0,0,0.00,0.00,0.00,720.00,0.00
45709267601703167,20120916,720.00,715.00,0,0,0.00,0.00,0.00,720.00,0.00
45709267601703167,20120917,720.00,715.00,0,0,0.00,0.00,0.00,720.00,0.00
45709267601703167,20120918,720.00,715.00,0,0,0.00,0.00,0.00,720.00,0.00
45709267601703167,20120919,720.00,715.00,0,0,0.00,0.00,0.00,720.00,0.00
