46772701938567445,20150919,1000.00,1000.00,0,0,0.00,0.00,0.00,1000.00,0.00
46772701938567445,20150920,1000.00,1000.00,0,0,0.00,0.00,0.00,1000.00,0.00
46772701938567445,20150921,1000.00,1000.00,0,0,0.00,0.00,0.00,1000.00,0.00
46772701938567445,20150922,1000.00,1000.00,0,0,0.00,0.00,0.00,1000.00,0.00
46772701938567445,20150923,1000.00,1000.00,0,0,0.00,0.00,0.00,1000.00,0.00
46772701938567445,20150926,1000.00,1000.00,0,0,0.00,0.00,0.00,1000.00,0.00
46772701938567445,20150927,1000.00,1000.00,0,0,0.00,0.00,0.00,1000.00,0.00
46772701938567445,20150928,1000.00,1000.00,0,0,0.00,0.00,0.00,1000.00,0.00
46772701938567445,20150929,1000.00,1000.00,0,0,0.00,0.00,0.00,1000.00,0.00
46772701938567445,20150930,1000.00,1000.00,0,0,0.00,0.00,0.00,1000.00,0.00
46772701938567445,20151003,1000.00,1000.00,0,0,0.00,0.00,0.00,1000.00,0.00
46772701938567445,20151004,1000.00,1000.00,0,0,0.00,0.00,0.00,1000.00,0.00
46772701938567445,20151005,1000.00,1000.00,0,0,0.00,0.00,0.00,1000.00,0.00
46772701938567445,20151006,1000.00,1000.00,0,0,0.00,0.00,0.00,1000.00,0.00
46772701938567445,20151007,1000.00,1000.00,0,0,0.00,0.00,0.00,1000.00,0.00
46772701938567445,20151010,1000.00,1000.00,0,0,0.00,0.00,0.00,1000.00,0.00
46772701938567445,20151011,1000.00,1000.00,0,0,0.00,0.00,0.00,1000.00,0.00
46772701938567445,20151012,1000.00,1000.00,0,0,0.00,0.00,0.00,1000.00,0.00
46772701938567445,20151013,1000.00,1000.00,0,0,0.00,0.00,0.00,1000.00,0.00
46772701938567445,20151014,1000.00,1000.00,0,0,0.00,0.00,0.00,1000.00,0.00
46772701938567445,20151017,1000.00,1000.00,0,0,0.00,0.00,0.00,1000.00,0.00
46772701938567445,20151018,1000.00,1000.00,0,0,0.00,0.00,0.00,1000.00,0.00
46772701938567445,20151019,1000.00,1000.00,0,0,0.00,0.00,0.00,1000.00,0.00
46772701938567445,20151020,1000.00,1000.00,0,0,0.00,0.00,0.00,1000.00,0.00
46772701938567445,20151021,1000.00,1000.00,0,0,0.00,0.00,0.00,1000.00,0.00
46772701938567445,20151025,1000.00,1000.00,0,0,0.00,0.00,0.00,1000.00,0.00
46772701938567445,20151026,1000.00,1000.00,0,0,0.00,0.00,0.00,1000.00,0.00
46772701938567445,20151027,1000.00,1000.00,0,0,0.00,0.00,0.00,1000.00,0.00
46772701938567445,20151028,1000.00,1000.00,0,0,0.00,0.00,0.00,1000.00,0.00
46772701938567445,20151031,1000.00,1000.00,0,0,0.00,0.00,0.00,1000.00,0.00
46772701938567445,20151101,1000.00,1000.00,0,0,0.00,0.00,0.00,1000.00,0.00
46772701938567445,20151102,1000.00,1000.00,0,0,0.00,0.00,0.00,1000.00,0.00
46772701938567445,20151103,1000.00,1000.00,0,0,0.00,0.00,0.00,1000.00,0.00
46772701938567445,20151104,1000.00,1000.00,0,0,0.00,0.00,0.00,1000.00,0.00
46772701938567445,20151107,1000.00,1000.00,0,0,0.00,0.00,0.00,1000.00,0.00
46772701938567445,20151108,1000.00,1000.00,0,0,0.00,0.00,0.00,1000.00,0.00
46772701938567445,20151109,1000.00,1000.00,0,0,0.00,0.00,0.00,1000.00,0.00
46772701938567445,20151110,1000.00,1000.00,0,0,0.00,0.00,0.00,1000.00,0.00
46772701938567445,20151111,1000.00,1000.00,0,0,0.00,0.00,0.00,1000.00,0.00
46772701938567445,20151114,1000.00,1000.00,0,0,0.00,0.00,0.00,1000.00,0.00
46772701938567445,20151115,1000.00,1000.00,0,0,0.00,0.00,0.00,1000.00,0.00
46772701938567445,20151116,1000.00,1000.00,0,0,0.00,0.00,0.00,1000.00,0.00
46772701938567445,20151117,1000.00,1000.00,0,0,0.00,0.00,0.00,1000.00,0.00
46772701938567445,20151118,1000.00,1000.00,0,0,0.00,0.00,0.00,1000.00,0.00
46772701938567445,20151121,1000.00,1000.00,0,0,0.00,0.00,0.00,1000.00,0.00
46772701938567445,20151122,1000.00,1000.00,0,0,0.00,0.00,0.00,1000.00,0.00
46772701938567445,20151123,1000.00,1000.00,0,0,0.00,0.00,0.00,1000.00,0.00
46772701938567445,20151124,1000.00,1000.00,0,0,0.00,0.00,0.00,1000.00,0.00
46772701938567445,20151125,1000.00,1000.00,0,0,0.00,0.00,0.00,1000.00,0.00
46772701938567445,20151128,1000.00,1000.00,0,0,0.00,0.00,0.00,1000.00,0.00
46772701938567445,20151129,1000.00,1000.00,0,0,0.00,0.00,0.00,1000.00,0.00
46772701938567445,20151130,1000.00,1000.00,0,0,0.00,0.00,0.00,1000.00,0.00
46772701938567445,20151201,1000.00,1000.00,0,0,0.00,0.00,0.00,1000.00,0.00
46772701938567445,20151205,1000.00,1000.00,0,0,0.00,0.00,0.00,1000.00,0.00
46772701938567445,20151206,1000.00,1000.00,0,0,0.00,0.00,0.00,1000.00,0.00
46772701938567445,20151207,1000.00,1000.00,0,0,0.00,0.00,0.00,1000.00,0.00
46772701938567445,20151208,1000.00,1000.00,0,0,0.00,0.00,0.00,1000.00,0.00
46772701938567445,20151209,1000.00,1000.00,0,0,0.00,0.00,0.00,1000.00,0.00
46772701938567445,20151213,1000.00,1000.00,0,0,0.00,0.00,0.00,1000.00,0.00
46772701938567445,20151214,1000.00,1000.00,0,0,0.00,0.00,0.00,1000.00,0.00
46772701938567445,20151215,1000.00,1000.00,0,0,0.00,0.00,0.00,1000.00,0.00
46772701938567445,20151216,1000.00,1000.00,0,0,0.00,0.00,0.00,1000.00,0.00
46772701938567445,20151219,1000.00,1000.00,0,0,0.00,0.00,0.00,1000.00,0.00
46772701938567445,20151220,1000.00,1000.00,0,0,0.00,0.00,0.00,1000.00,0.00
46772701938567445,20151221,1000.00,1000.00,0,0,0.00,0.00,0.00,1000.00,0.00
46772701938567445,20151222,1000.00,1000.00,0,0,0.00,0.00,0.00,1000.00,0.00
46772701938567445,20151223,1000.00,1000.00,0,0,0.00,0.00,0.00,1000.00,0.00
46772701938567445,20151226,1000.00,1000.00,0,0,0.00,0.00,0.00,1000.00,0.00
46772701938567445,20151227,1000.00,1000.00,0,0,0.00,0.00,0.00,1000.00,0.00
46772701938567445,20151228,1000.00,1000.00,0,0,0.00,0.00,0.00,1000.00,0.00
46772701938567445,20151230,1000.00,1000.00,0,0,0.00,0.00,0.00,1000.00,0.00
46772701938567445,20160102,1000.00,1000.00,0,0,0.00,0.00,0.00,1000.00,0.00
46772701938567445,20160103,1000.00,1000.00,0,0,0.00,0.00,0.00,1000.00,0.00
46772701938567445,20160104,1000.00,1000.00,0,0,0.00,0.00,0.00,1000.00,0.00
46772701938567445,20160105,1000.00,1000.00,0,0,0.00,0.00,0.00,1000.00,0.00
46772701938567445,20160106,1000.00,1000.00,0,0,0.00,0.00,0.00,1000.00,0.00
46772701938567445,20160109,1000.00,1000.00,0,0,0.00,0.00,0.00,1000.00,0.00
46772701938567445,20160110,1000.00,1000.00,0,0,0.00,0.00,0.00,1000.00,0.00
46772701938567445,20160111,1000.00,1000.00,0,0,0.00,0.00,0.00,1000.00,0.00
46772701938567445,20160112,1000.00,1000.00,0,0,0.00,0.00,0.00,1000.00,0.00
46772701938567445,20160113,1650.00,1650.00,12036,155000000,255750000000.00,1650.00,1650.00,1000.00,1650.00
46772701938567445,20160116,1732.00,1732.00,205,565464,979383648.00,1732.00,1732.00,1650.00,1732.00
46772701938567445,20160117,1817.00,1818.00,16095,85914186,156101880402.00,1770.00,1818.00,1732.00,1818.00
46772701938567445,20160118,1809.00,1818.00,8713,38770612,70145901409.00,1770.00,1845.00,1817.00,1809.00
46772701938567445,20160119,1809.00,1818.00,0,0,0.00,0.00,0.00,1809.00,0.00
46772701938567445,20160120,1809.00,1818.00,0,0,0.00,0.00,0.00,1809.00,0.00
46772701938567445,20160123,1809.00,1818.00,0,0,0.00,0.00,0.00,1809.00,0.00
46772701938567445,20160124,1809.00,1818.00,0,0,0.00,0.00,0.00,1809.00,0.00
46772701938567445,20160125,1809.00,1818.00,0,0,0.00,0.00,0.00,1809.00,0.00
46772701938567445,20160126,1809.00,1818.00,0,0,0.00,0.00,0.00,1809.00,0.00
46772701938567445,20160127,1809.00,1818.00,0,0,0.00,0.00,0.00,1809.00,0.00
46772701938567445,20160130,1809.00,1818.00,0,0,0.00,0.00,0.00,1809.00,0.00
46772701938567445,20160131,1735.00,1735.00,3189,32058478,55633317760.00,1696.00,1765.00,1609.00,1765.00
46772701938567445,20160201,1796.00,1821.00,1803,15561908,27942015636.00,1742.00,1821.00,1735.00,1766.00
46772701938567445,20160202,1882.00,1885.00,2510,33228212,62540165268.00,1821.00,1885.00,1796.00,1885.00
46772701938567445,20160203,1915.00,1900.00,1906,17489455,33491809671.00,1823.00,1976.00,1882.00,1890.00
46772701938567445,20160206,1940.00,1914.00,903,7057890,13690556354.00,1909.00,1975.00,1915.00,1910.00
46772701938567445,20160207,1912.00,1899.00,1776,16490114,31525638714.00,1881.00,1960.00,1940.00,1923.00
46772701938567445,20160208,1868.00,1817.00,1498,10317581,19269312919.00,1817.00,1900.00,1912.00,1880.00
46772701938567445,20160209,1865.00,1800.00,1815,15879735,29619922130.00,1789.00,1940.00,1868.00,1851.00
46772701938567445,20160210,1804.00,1779.00,852,8139191,14679564638.00,1777.00,1861.00,1865.00,1839.00
46772701938567445,20160213,1729.00,1731.00,894,6982025,12072249500.00,1714.00,1780.00,1804.00,1769.00
46772701938567445,20160214,1741.00,1750.00,531,4823010,8398591363.00,1715.00,1772.00,1729.00,1735.00
46772701938567445,20160215,1758.00,1758.00,511,4435636,7796062141.00,1740.00,1790.00,1741.00,1740.00
46772701938567445,20160216,1746.00,1750.00,637,6184050,10795562095.00,1731.00,1760.00,1758.00,1741.00
46772701938567445,20160217,1753.00,1744.00,596,4832185,8471812969.00,1730.00,1817.00,1746.00,1750.00
46772701938567445,20160220,1749.00,1740.00,432,4228734,7395213551.00,1737.00,1784.00,1753.00,1759.00
46772701938567445,20160221,1745.00,1726.00,304,2519561,4396349236.00,1726.00,1779.00,1749.00,1774.00
46772701938567445,20160222,1745.00,1750.00,282,2465005,4300363099.00,1725.00,1760.00,1745.00,1730.00
46772701938567445,20160223,1725.00,1702.00,467,5211163,8987379543.00,1698.00,1750.00,1745.00,1750.00
46772701938567445,20160224,1717.00,1727.00,182,798062,1370402738.00,1700.00,1733.00,1725.00,1701.00
46772701938567445,20160227,1726.00,1706.00,203,1205448,2081195039.00,1705.00,1751.00,1717.00,1730.00
46772701938567445,20160228,1703.00,1690.00,518,3566626,6073940327.00,1682.00,1740.00,1726.00,1713.00
46772701938567445,20160229,1679.00,1670.00,292,1783895,2994683717.00,1660.00,1691.00,1703.00,1690.00
46772701938567445,20160301,1673.00,1675.00,245,1609830,2693274267.00,1661.00,1688.00,1679.00,1681.00
46772701938567445,20160302,1660.00,1642.00,271,2169774,3601166181.00,1641.00,1680.00,1673.00,1680.00
46772701938567445,20160305,1731.00,1737.00,488,5401609,9350821570.00,1670.00,1743.00,1660.00,1685.00
46772701938567445,20160306,1689.00,1700.00,231,2497007,4218089813.00,1670.00,1750.00,1731.00,1750.00
46772701938567445,20160307,1669.00,1653.00,241,1908437,3185149325.00,1650.00,1720.00,1689.00,1672.00
46772701938567445,20160308,1633.00,1620.00,340,2828476,4618485907.00,1604.00,1687.00,1669.00,1652.00
46772701938567445,20160309,1609.00,1612.00,196,1344610,2163459374.00,1601.00,1650.00,1633.00,1650.00
46772701938567445,20160312,1611.00,1611.00,247,2094105,3373888032.00,1604.00,1620.00,1609.00,1606.00
46772701938567445,20160314,1611.00,1605.00,288,2440275,3930804127.00,1600.00,1650.00,1611.00,1649.00
46772701938567445,20160315,1598.00,1593.00,259,2294040,3664814826.00,1577.00,1645.00,1611.00,1645.00
46772701938567445,20160316,1540.00,1557.00,371,3007759,4632060373.00,1519.00,1594.00,1598.00,1583.00
46772701938567445,20160326,1568.00,1580.00,140,897792,1407369038.00,1521.00,1614.00,1540.00,1525.00
46772701938567445,20160327,1576.00,1578.00,67,623137,982015835.00,1559.00,1594.00,1568.00,1581.00
46772701938567445,20160328,1572.00,1567.00,72,555034,872316937.00,1566.00,1617.00,1576.00,1577.00
46772701938567445,20160329,1560.00,1568.00,119,1123578,1753092211.00,1530.00,1596.00,1572.00,1595.00
46772701938567445,20160330,1578.00,1585.00,129,1045801,1650383561.00,1542.00,1590.00,1560.00,1575.00
46772701938567445,20160402,1599.00,1571.00,238,2052328,3281300384.00,1504.00,1656.00,1578.00,1585.00
46772701938567445,20160403,1554.00,1555.00,131,1145897,1780475396.00,1540.00,1573.00,1599.00,1571.00
46772701938567445,20160404,1577.00,1599.00,91,640996,1010609952.00,1532.00,1610.00,1554.00,1540.00
46772701938567445,20160405,1627.00,1650.00,251,1823158,2965377517.00,1557.00,1654.00,1577.00,1557.00
46772701938567445,20160406,1704.00,1691.00,638,7640857,13021590542.00,1621.00,1708.00,1627.00,1650.00
46772701938567445,20160409,1728.00,1671.00,322,2615665,4520692714.00,1656.00,1760.00,1704.00,1697.00
46772701938567445,20160410,1650.00,1643.00,279,3001079,4951673338.00,1642.00,1681.00,1728.00,1655.00
46772701938567445,20160411,1728.00,1732.00,467,6017683,10399906535.00,1656.00,1732.00,1650.00,1660.00
46772701938567445,20160412,1729.00,1686.00,234,2113911,3655384847.00,1682.00,1788.00,1728.00,1748.00
46772701938567445,20160413,1650.00,1650.00,138,1565560,2582903303.00,1643.00,1719.00,1729.00,1719.00
46772701938567445,20160416,1573.00,1573.00,281,3774900,5938781882.00,1568.00,1626.00,1650.00,1624.00
46772701938567445,20160417,1602.00,1600.00,120,848796,1359554170.00,1540.00,1629.00,1573.00,1551.00
46772701938567445,20160418,1617.00,1626.00,115,974614,1575490906.00,1600.00,1650.00,1602.00,1611.00
46772701938567445,20160419,1604.00,1603.00,51,469581,753223697.00,1578.00,1640.00,1617.00,1578.00
46772701938567445,20160420,1598.00,1600.00,63,436196,697183519.00,1582.00,1630.00,1604.00,1630.00
46772701938567445,20160423,1588.00,1611.00,83,955794,1518229291.00,1562.00,1635.00,1598.00,1635.00
46772701938567445,20160424,1639.00,1635.00,113,831768,1363514683.00,1602.00,1650.00,1588.00,1623.00
46772701938567445,20160425,1621.00,1629.00,163,1326059,2149943867.00,1593.00,1674.00,1639.00,1650.00
46772701938567445,20160426,1629.00,1630.00,133,1767385,2878726281.00,1601.00,1650.00,1621.00,1601.00
46772701938567445,20160427,1625.00,1616.00,77,459332,746449859.00,1611.00,1648.00,1629.00,1648.00
46772701938567445,20160430,1604.00,1605.00,65,576865,925366122.00,1571.00,1645.00,1625.00,1601.00
46772701938567445,20160501,1647.00,1627.00,204,1604525,2642858941.00,1593.00,1675.00,1604.00,1593.00
46772701938567445,20160502,1651.00,1621.00,116,734900,1212953010.00,1619.00,1684.00,1647.00,1675.00
46772701938567445,20160503,1604.00,1594.00,84,540311,866634216.00,1594.00,1642.00,1651.00,1606.00
46772701938567445,20160504,1582.00,1580.00,81,666240,1054044061.00,1575.00,1592.00,1604.00,1592.00
46772701938567445,20160507,1571.00,1553.00,45,470225,738505477.00,1553.00,1585.00,1582.00,1581.00
46772701938567445,20160508,1541.00,1533.00,94,394949,608662274.00,1530.00,1551.00,1571.00,1551.00
46772701938567445,20160509,1605.00,1580.00,49,262922,422062470.00,1555.00,1618.00,1541.00,1555.00
46772701938567445,20160510,1549.00,1558.00,70,752744,1166099120.00,1535.00,1606.00,1605.00,1600.00
46772701938567445,20160511,1534.00,1540.00,79,941558,1444253049.00,1529.00,1557.00,1549.00,1540.00
46772701938567445,20160514,1546.00,1549.00,66,531597,821762315.00,1534.00,1597.00,1534.00,1559.00
46772701938567445,20160515,1552.00,1525.00,104,547969,850409826.00,1525.00,1589.00,1546.00,1541.00
46772701938567445,20160516,1542.00,1540.00,56,636450,981672895.00,1535.00,1551.00,1552.00,1540.00
46772701938567445,20160517,1582.00,1610.00,190,969962,1533995925.00,1530.00,1615.00,1542.00,1531.00
46772701938567445,20160518,1593.00,1600.00,75,464912,740659487.00,1580.00,1613.00,1582.00,1612.00
46772701938567445,20160521,1556.00,1561.00,77,851803,1324997302.00,1541.00,1608.00,1593.00,1608.00
46772701938567445,20160523,1560.00,1560.00,53,652273,1017250158.00,1545.00,1597.00,1556.00,1595.00
46772701938567445,20160524,1557.00,1535.00,71,469384,730626048.00,1531.00,1577.00,1560.00,1551.00
46772701938567445,20160525,1552.00,1565.00,76,646885,1003901713.00,1542.00,1565.00,1557.00,1542.00
46772701938567445,20160528,1549.00,1548.00,62,470420,728666295.00,1540.00,1552.00,1552.00,1540.00
46772701938567445,20160529,1547.00,1539.00,136,1886265,2918861043.00,1536.00,1565.00,1549.00,1560.00
46772701938567445,20160530,1539.00,1540.00,60,654061,1006912738.00,1535.00,1549.00,1547.00,1538.00
46772701938567445,20160531,1540.00,1539.00,56,471579,726287906.00,1536.00,1550.00,1539.00,1536.00
46772701938567445,20160601,1534.00,1533.00,78,621846,954053253.00,1521.00,1545.00,1540.00,1540.00
46772701938567445,20160605,1516.00,1518.00,141,881359,1335959641.00,1501.00,1530.00,1534.00,1525.00
46772701938567445,20160606,1521.00,1520.00,75,594066,903766006.00,1511.00,1554.00,1516.00,1516.00
46772701938567445,20160607,1517.00,1510.00,64,578453,877252123.00,1507.00,1528.00,1521.00,1528.00
46772701938567445,20160608,1504.00,1518.00,109,754044,1134123575.00,1500.00,1518.00,1517.00,1508.00
46772701938567445,20160611,1499.00,1495.00,69,781669,1171919060.00,1492.00,1510.00,1504.00,1506.00
46772701938567445,20160612,1487.00,1490.00,36,134927,200575834.00,1471.00,1500.00,1499.00,1471.00
46772701938567445,20160613,1491.00,1500.00,100,1178708,1757291523.00,1450.00,1527.00,1487.00,1500.00
46772701938567445,20160614,1458.00,1450.00,85,972197,1417811676.00,1450.00,1500.00,1491.00,1452.00
46772701938567445,20160615,1480.00,1460.00,37,197126,291673648.00,1456.00,1497.00,1458.00,1494.00
46772701938567445,20160618,1480.00,1471.00,102,1203118,1780364332.00,1457.00,1497.00,1480.00,1496.00
46772701938567445,20160619,1457.00,1457.00,36,81337,118541489.00,1454.00,1485.00,1480.00,1485.00
46772701938567445,20160620,1448.00,1440.00,83,668387,967797140.00,1426.00,1461.00,1457.00,1431.00
46772701938567445,20160621,1454.00,1450.00,12,64200,93321869.00,1449.00,1486.00,1448.00,1451.00
46772701938567445,20160622,1523.00,1526.00,75,1066819,1624763527.00,1451.00,1526.00,1454.00,1451.00
46772701938567445,20160625,1480.00,1479.00,40,231630,342867549.00,1475.00,1510.00,1523.00,1475.00
46772701938567445,20160626,1497.00,1490.00,24,87313,130728839.00,1490.00,1509.00,1480.00,1509.00
46772701938567445,20160628,1506.00,1498.00,23,131084,197439284.00,1483.00,1515.00,1497.00,1509.00
46772701938567445,20160629,1510.00,1500.00,25,154778,233711086.00,1500.00,1539.00,1506.00,1536.00
46772701938567445,20160702,1471.00,1476.00,11,61301,90155568.00,1462.00,1523.00,1510.00,1523.00
46772701938567445,20160703,1479.00,1481.00,44,249287,368782954.00,1470.00,1520.00,1471.00,1510.00
46772701938567445,20160704,1464.00,1470.00,13,61231,89668658.00,1456.00,1480.00,1479.00,1479.00
46772701938567445,20160705,1533.00,1537.00,42,410459,629066345.00,1509.00,1537.00,1464.00,1509.00
46772701938567445,20160709,1539.00,1536.00,111,1332664,2051612376.00,1500.00,1579.00,1533.00,1537.00
46772701938567445,20160710,1480.00,1481.00,53,185311,274244219.00,1463.00,1539.00,1539.00,1539.00
46772701938567445,20160711,1475.00,1467.00,27,252031,371853986.00,1467.00,1519.00,1480.00,1519.00
46772701938567445,20160712,1459.00,1451.00,52,445454,649937185.00,1442.00,1510.00,1475.00,1461.00
46772701938567445,20160713,1430.00,1426.00,147,1836217,2626047643.00,1420.00,1444.00,1459.00,1431.00
46772701938567445,20160716,1408.00,1410.00,42,228317,321572113.00,1403.00,1412.00,1430.00,1406.00
46772701938567445,20160717,1428.00,1435.00,17,64419,91983025.00,1401.00,1435.00,1408.00,1401.00
46772701938567445,20160718,1489.00,1465.00,67,438658,652954807.00,1433.00,1499.00,1428.00,1449.00
46772701938567445,20160719,1465.00,1454.00,15,87604,128301049.00,1452.00,1513.00,1489.00,1459.00
46772701938567445,20160720,1506.00,1477.00,51,217906,328120007.00,1477.00,1520.00,1465.00,1508.00
46772701938567445,20160723,1472.00,1466.00,12,29949,44086772.00,1461.00,1496.00,1506.00,1477.00
46772701938567445,20160724,1527.00,1537.00,195,1065424,1627363869.00,1450.00,1541.00,1472.00,1463.00
46772701938567445,20160725,1570.00,1580.00,143,748844,1175792030.00,1510.00,1600.00,1527.00,1568.00
46772701938567445,20160726,1580.00,1576.00,172,1363525,2154270689.00,1533.00,1608.00,1570.00,1592.00
46772701938567445,20160727,1537.00,1521.00,36,174621,268338032.00,1520.00,1576.00,1580.00,1576.00
46772701938567445,20160731,1512.00,1511.00,31,135113,204304843.00,1510.00,1514.00,1537.00,1513.00
46772701938567445,20160801,1488.00,1471.00,21,89437,133068405.00,1470.00,1499.00,1512.00,1490.00
46772701938567445,20160802,1501.00,1518.00,35,117317,176147381.00,1481.00,1518.00,1488.00,1495.00
46772701938567445,20160803,1493.00,1497.00,8,55401,82692651.00,1484.00,1540.00,1501.00,1518.00
46772701938567445,20160806,1490.00,1518.00,19,78061,116322752.00,1474.00,1527.00,1493.00,1496.00
46772701938567445,20160807,1523.00,1525.00,51,224514,341868371.00,1509.00,1543.00,1490.00,1509.00
46772701938567445,20160808,1499.00,1498.00,21,117486,176102500.00,1490.00,1541.00,1523.00,1541.00
46772701938567445,20160809,1490.00,1500.00,44,267261,398330627.00,1481.00,1529.00,1499.00,1481.00
46772701938567445,20160810,1466.00,1476.00,68,673351,987014441.00,1430.00,1509.00,1490.00,1500.00
46772701938567445,20160813,1464.00,1460.00,23,55665,81494310.00,1450.00,1500.00,1466.00,1450.00
46772701938567445,20160814,1470.00,1471.00,40,163180,239846092.00,1461.00,1490.00,1464.00,1461.00
46772701938567445,20160815,1449.00,1442.00,70,534107,773875036.00,1437.00,1461.00,1470.00,1460.00
46772701938567445,20160816,1473.00,1448.00,125,648842,955579660.00,1438.00,1499.00,1449.00,1438.00
46772701938567445,20160817,1473.00,1448.00,0,0,0.00,0.00,0.00,1473.00,0.00
46772701938567445,20160820,1473.00,1448.00,0,0,0.00,0.00,0.00,1473.00,0.00
46772701938567445,20160821,1473.00,1448.00,0,0,0.00,0.00,0.00,1473.00,0.00
46772701938567445,20160822,1473.00,1448.00,0,0,0.00,0.00,0.00,1473.00,0.00
46772701938567445,20160823,1473.00,1448.00,0,0,0.00,0.00,0.00,1473.00,0.00
46772701938567445,20160824,1473.00,1448.00,0,0,0.00,0.00,0.00,1473.00,0.00
46772701938567445,20160827,1499.00,1500.00,17,73043,109509926.00,1477.00,1510.00,1473.00,1510.00
46772701938567445,20160828,1456.00,1453.00,36,161094,234522948.00,1444.00,1499.00,1499.00,1499.00
46772701938567445,20160829,1472.00,1451.00,57,204350,300775234.00,1442.00,1489.00,1456.00,1484.00
46772701938567445,20160830,1453.00,1469.00,32,137479,199812912.00,1450.00,1488.00,1472.00,1488.00
46772701938567445,20160831,1443.00,1450.00,61,308557,445142167.00,1430.00,1489.00,1453.00,1451.00
46772701938567445,20160903,1435.00,1431.00,19,45707,65580169.00,1430.00,1470.00,1443.00,1439.00
46772701938567445,20160904,1434.00,1445.00,31,47780,68495496.00,1430.00,1445.00,1435.00,1430.00
46772701938567445,20160905,1427.00,1413.00,65,276783,395021706.00,1413.00,1450.00,1434.00,1436.00
46772701938567445,20160906,1424.00,1421.00,75,229520,326801853.00,1419.00,1431.00,1427.00,1431.00
46772701938567445,20160907,1450.00,1450.00,42,191213,277275599.00,1425.00,1468.00,1424.00,1427.00
46772701938567445,20160910,1485.00,1507.00,139,817854,1214205522.00,1430.00,1519.00,1450.00,1468.00
46772701938567445,20160911,1558.00,1559.00,302,2457427,3828553517.00,1529.00,1559.00,1485.00,1543.00
46772701938567445,20160913,1631.00,1635.00,587,6142349,10020430681.00,1564.00,1635.00,1558.00,1587.00
46772701938567445,20160914,1604.00,1670.00,176,1037326,1663699865.00,1575.00,1670.00,1631.00,1639.00
46772701938567445,20160917,1671.00,1684.00,564,5340789,8922467451.00,1580.00,1684.00,1604.00,1659.00
46772701938567445,20160918,1686.00,1690.00,95,542621,914660127.00,1648.00,1707.00,1671.00,1648.00
46772701938567445,20160919,1691.00,1623.00,240,1593949,2695544358.00,1610.00,1724.00,1686.00,1689.00
46772701938567445,20160921,1681.00,1679.00,158,835059,1403702154.00,1611.00,1700.00,1691.00,1670.00
46772701938567445,20160924,1667.00,1668.00,131,1311879,2186726259.00,1620.00,1694.00,1681.00,1623.00
46772701938567445,20160925,1613.00,1671.00,66,566272,913499800.00,1587.00,1671.00,1667.00,1631.00
46772701938567445,20160926,1605.00,1600.00,149,848586,1361797568.00,1552.00,1650.00,1613.00,1645.00
46772701938567445,20160927,1588.00,1600.00,80,484625,769350914.00,1568.00,1640.00,1605.00,1640.00
46772701938567445,20160928,1600.00,1620.00,77,495573,792793837.00,1559.00,1639.00,1588.00,1559.00
46772701938567445,20161001,1604.00,1628.00,22,138984,222936196.00,1581.00,1638.00,1600.00,1638.00
46772701938567445,20161002,1608.00,1623.00,48,526557,846758471.00,1581.00,1629.00,1604.00,1610.00
46772701938567445,20161003,1635.00,1612.00,125,980256,1602236234.00,1600.00,1670.00,1608.00,1600.00
46772701938567445,20161004,1576.00,1607.00,119,1272712,2005764799.00,1554.00,1676.00,1635.00,1676.00
46772701938567445,20161005,1576.00,1607.00,0,0,0.00,0.00,0.00,1576.00,0.00
46772701938567445,20161008,1576.00,1607.00,0,0,0.00,0.00,0.00,1576.00,0.00
46772701938567445,20161009,1576.00,1607.00,0,0,0.00,0.00,0.00,1576.00,0.00
46772701938567445,20161010,1576.00,1607.00,0,0,0.00,0.00,0.00,1576.00,0.00
46772701938567445,20161012,1576.00,1607.00,0,0,0.00,0.00,0.00,1576.00,0.00
46772701938567445,20161015,1576.00,1607.00,0,0,0.00,0.00,0.00,1576.00,0.00
46772701938567445,20161016,1576.00,1607.00,0,0,0.00,0.00,0.00,1576.00,0.00
46772701938567445,20161017,1576.00,1607.00,0,0,0.00,0.00,0.00,1576.00,0.00
46772701938567445,20161018,1576.00,1607.00,0,0,0.00,0.00,0.00,1576.00,0.00
46772701938567445,20161019,1576.00,1607.00,0,0,0.00,0.00,0.00,1576.00,0.00
46772701938567445,20161022,1576.00,1607.00,0,0,0.00,0.00,0.00,1576.00,0.00
46772701938567445,20161023,1576.00,1607.00,0,0,0.00,0.00,0.00,1576.00,0.00
46772701938567445,20161024,1576.00,1607.00,0,0,0.00,0.00,0.00,1576.00,0.00
46772701938567445,20161025,1576.00,1607.00,0,0,0.00,0.00,0.00,1576.00,0.00
46772701938567445,20161026,1419.00,1607.00,0,0,0.00,0.00,0.00,1419.00,0.00
46772701938567445,20161027,1419.00,1607.00,0,0,0.00,0.00,0.00,1419.00,0.00
46772701938567445,20161028,1419.00,1607.00,0,0,0.00,0.00,0.00,1419.00,0.00
46772701938567445,20161029,1419.00,1607.00,0,0,0.00,0.00,0.00,1419.00,0.00
46772701938567445,20161030,1419.00,1607.00,0,0,0.00,0.00,0.00,1419.00,0.00
46772701938567445,20161031,1419.00,1607.00,0,0,0.00,0.00,0.00,1419.00,0.00
46772701938567445,20161101,1419.00,1607.00,0,0,0.00,0.00,0.00,1419.00,0.00
46772701938567445,20161102,1419.00,1607.00,0,0,0.00,0.00,0.00,1419.00,0.00
46772701938567445,20161105,1419.00,1607.00,0,0,0.00,0.00,0.00,1419.00,0.00
46772701938567445,20161106,1461.00,1453.00,75,1000306,1461203696.00,1406.00,1533.00,1419.00,1533.00
46772701938567445,20161107,1415.00,1409.00,82,411194,581982099.00,1403.00,1462.00,1461.00,1413.00
46772701938567445,20161108,1475.00,1485.00,178,1816616,2678932361.00,1416.00,1485.00,1415.00,1433.00
46772701938567445,20161109,1500.00,1540.00,181,1427284,2141319282.00,1440.00,1547.00,1475.00,1440.00
46772701938567445,20161112,1507.00,1500.00,345,3179500,4790015882.00,1499.00,1555.00,1500.00,1530.00
46772701938567445,20161113,1487.00,1500.00,35,136066,202301111.00,1460.00,1550.00,1507.00,1550.00
46772701938567445,20161114,1490.00,1500.00,53,224866,335069754.00,1437.00,1525.00,1487.00,1485.00
46772701938567445,20161115,1485.00,1481.00,66,434826,645915779.00,1476.00,1510.00,1490.00,1476.00
46772701938567445,20161116,1478.00,1470.00,152,1885835,2786699052.00,1465.00,1507.00,1485.00,1499.00
46772701938567445,20161119,1485.00,1485.00,56,1994504,2961845440.00,1485.00,1492.00,1478.00,1492.00
46772701938567445,20161121,1479.00,1498.00,33,96813,143232372.00,1450.00,1508.00,1485.00,1450.00
46772701938567445,20161122,1462.00,1460.00,18,161167,235641015.00,1460.00,1490.00,1479.00,1490.00
46772701938567445,20161123,1456.00,1485.00,65,357168,520182776.00,1420.00,1495.00,1462.00,1450.00
46772701938567445,20161126,1465.00,1460.00,48,356165,521942272.00,1435.00,1481.00,1456.00,1470.00
46772701938567445,20161127,1453.00,1450.00,91,1058574,1538430361.00,1445.00,1482.00,1465.00,1475.00
46772701938567445,20161129,1448.00,1442.00,7,16193,23440724.00,1442.00,1467.00,1453.00,1455.00
46772701938567445,20161203,1416.00,1419.00,45,188211,266488291.00,1386.00,1440.00,1448.00,1440.00
46772701938567445,20161204,1452.00,1468.00,108,689180,1000534598.00,1391.00,1474.00,1416.00,1410.00
46772701938567445,20161205,1496.00,1485.00,58,454725,680126043.00,1452.00,1500.00,1452.00,1452.00
46772701938567445,20161206,1493.00,1458.00,107,687663,1026500554.00,1441.00,1500.00,1496.00,1489.00
46772701938567445,20161207,1541.00,1567.00,1614,22632408,34868234096.00,1452.00,1567.00,1493.00,1480.00
46772701938567445,20161210,1510.00,1486.00,41,460043,694660734.00,1486.00,1558.00,1541.00,1537.00
46772701938567445,20161211,1457.00,1499.00,19,192390,280219280.00,1450.00,1499.00,1510.00,1471.00
46772701938567445,20161212,1491.00,1475.00,20,100733,150209318.00,1461.00,1517.00,1457.00,1461.00
46772701938567445,20161213,1473.00,1450.00,29,248981,366796197.00,1450.00,1517.00,1491.00,1491.00
46772701938567445,20161214,1433.00,1434.00,42,248013,355459808.00,1411.00,1471.00,1473.00,1459.00
46772701938567445,20161218,1458.00,1468.00,4,6086,8870808.00,1431.00,1478.00,1433.00,1478.00
46772701938567445,20161219,1392.00,1424.00,231,3349249,4663817570.00,1386.00,1447.00,1458.00,1410.00
46772701938567445,20161220,1415.00,1402.00,38,311426,440768723.00,1402.00,1433.00,1392.00,1433.00
46772701938567445,20161221,1416.00,1430.00,86,550557,779367705.00,1391.00,1440.00,1415.00,1440.00
46772701938567445,20161224,1410.00,1436.00,35,224803,316924416.00,1393.00,1437.00,1416.00,1403.00
46772701938567445,20161225,1428.00,1435.00,64,1096985,1566407147.00,1390.00,1466.00,1410.00,1466.00
46772701938567445,20161226,1404.00,1429.00,67,836437,1174423522.00,1360.00,1452.00,1428.00,1452.00
46772701938567445,20161227,1409.00,1429.00,21,144833,204083710.00,1400.00,1430.00,1404.00,1400.00
46772701938567445,20161228,1412.00,1428.00,19,110800,156472516.00,1400.00,1440.00,1409.00,1440.00
46772701938567445,20161231,1419.00,1400.00,11,71503,101456684.00,1400.00,1428.00,1412.00,1420.00
46772701938567445,20170101,1421.00,1434.00,15,64766,92017644.00,1410.00,1439.00,1419.00,1439.00
46772701938567445,20170102,1403.00,1430.00,18,133034,186671785.00,1400.00,1430.00,1421.00,1400.00
46772701938567445,20170103,1400.00,1410.00,17,37911,53087480.00,1390.00,1429.00,1403.00,1400.00
46772701938567445,20170104,1430.00,1434.00,31,126118,180288474.00,1410.00,1446.00,1400.00,1446.00
46772701938567445,20170107,1408.00,1405.00,21,135175,190284370.00,1374.00,1447.00,1430.00,1447.00
46772701938567445,20170108,1403.00,1405.00,14,27951,39210421.00,1391.00,1420.00,1408.00,1420.00
46772701938567445,20170109,1416.00,1400.00,33,249077,352687577.00,1392.00,1434.00,1403.00,1400.00
46772701938567445,20170111,1404.00,1413.00,28,204709,287510444.00,1390.00,1434.00,1416.00,1417.00
46772701938567445,20170114,1401.00,1400.00,20,146707,205595300.00,1397.00,1403.00,1404.00,1397.00
46772701938567445,20170115,1369.00,1400.00,40,221663,303369172.00,1362.00,1428.00,1401.00,1428.00
46772701938567445,20170116,1377.00,1360.00,25,178642,246056657.00,1359.00,1419.00,1369.00,1406.00
46772701938567445,20170117,1392.00,1439.00,91,683955,951799323.00,1323.00,1440.00,1377.00,1324.00
46772701938567445,20170118,1392.00,1439.00,0,0,0.00,0.00,0.00,1392.00,0.00
46772701938567445,20170121,1192.00,1439.00,0,0,0.00,0.00,0.00,1392.00,0.00
46772701938567445,20170122,1192.00,1439.00,0,0,0.00,0.00,0.00,1192.00,0.00
46772701938567445,20170123,1194.00,1250.00,5,12000,16073000.00,1250.00,1348.00,1192.00,1347.00
46772701938567445,20170124,1208.00,1240.00,44,252811,313044273.00,1220.00,1329.00,1194.00,1329.00
46772701938567445,20170125,1208.00,1210.00,4,21940,26547400.00,1210.00,1210.00,1208.00,1210.00
46772701938567445,20170128,1216.00,1274.00,23,114786,144869296.00,1191.00,1274.00,1208.00,1191.00
46772701938567445,20170129,1234.00,1300.00,33,173480,225342368.00,1290.00,1300.00,1216.00,1290.00
46772701938567445,20170130,1259.00,1271.00,23,282506,369308900.00,1270.00,1326.00,1234.00,1326.00
46772701938567445,20170131,1299.00,1302.00,18,112458,146044433.00,1268.00,1315.00,1259.00,1315.00
46772701938567445,20170201,1299.00,1270.00,4,33965,44130500.00,1270.00,1300.00,1299.00,1300.00
46772701938567445,20170204,1247.00,1235.00,64,133200,166062750.00,1235.00,1289.00,1299.00,1235.00
46772701938567445,20170205,1253.00,1279.00,25,93153,116735361.00,1203.00,1299.00,1247.00,1204.00
46772701938567445,20170206,1216.00,1210.00,13,57549,69999490.00,1210.00,1279.00,1253.00,1279.00
46772701938567445,20170207,1202.00,1202.00,7,36665,44059365.00,1200.00,1204.00,1216.00,1200.00
46772701938567445,20170208,1229.00,1222.00,35,185685,228236706.00,1161.00,1262.00,1202.00,1201.00
46772701938567445,20170211,1230.00,1196.00,10,60900,74901177.00,1173.00,1244.00,1229.00,1196.00
46772701938567445,20170212,1215.00,1200.00,25,97967,119074266.00,1177.00,1251.00,1230.00,1246.00
46772701938567445,20170213,1231.00,1240.00,9,58980,72608961.00,1181.00,1240.00,1215.00,1232.00
46772701938567445,20170214,1224.00,1202.00,10,66000,80768282.00,1172.00,1238.00,1231.00,1172.00
46772701938567445,20170215,1245.00,1206.00,5,52000,64765120.00,1206.00,1248.00,1224.00,1246.00
46772701938567445,20170218,1239.00,1200.00,16,63364,78532969.00,1197.00,1248.00,1245.00,1247.00
46772701938567445,20170219,1233.00,1210.00,28,136236,167986381.00,1210.00,1273.00,1239.00,1248.00
46772701938567445,20170220,1204.00,1192.00,11,88006,105926260.00,1192.00,1210.00,1233.00,1210.00
46772701938567445,20170221,1210.00,1196.00,7,5917,7162006.00,1195.00,1250.00,1204.00,1250.00
46772701938567445,20170222,1208.00,1200.00,5,5541,6693943.00,1200.00,1229.00,1210.00,1200.00
46772701938567445,20170225,1191.00,1189.00,3,9500,11317500.00,1189.00,1192.00,1208.00,1192.00
46772701938567445,20170226,1157.00,1190.00,37,257239,297537110.00,1141.00,1198.00,1191.00,1189.00
46772701938567445,20170227,1155.00,1155.00,13,82912,95767136.00,1151.00,1193.00,1157.00,1193.00
46772701938567445,20170228,1176.00,1152.00,43,368304,432954197.00,1152.00,1212.00,1155.00,1192.00
46772701938567445,20170301,1200.00,1204.00,26,302100,362543571.00,1160.00,1210.00,1176.00,1160.00
46772701938567445,20170304,1213.00,1200.00,7,65000,78873000.00,1195.00,1220.00,1200.00,1200.00
46772701938567445,20170305,1166.00,1166.00,3,3013,3513158.00,1166.00,1166.00,1213.00,1166.00
46772701938567445,20170306,1200.00,1198.00,7,51900,62259260.00,1198.00,1200.00,1166.00,1200.00
46772701938567445,20170307,1154.00,1155.00,4,21000,24231000.00,1150.00,1200.00,1200.00,1200.00
46772701938567445,20170308,1139.00,1150.00,20,138995,158312695.00,1132.00,1150.00,1154.00,1150.00
46772701938567445,20170311,1188.00,1194.00,16,91008,108105652.00,1139.00,1194.00,1139.00,1139.00
46772701938567445,20170312,1241.00,1247.00,74,588529,730573495.00,1194.00,1247.00,1188.00,1194.00
46772701938567445,20170313,1245.00,1252.00,26,95050,118303979.00,1234.00,1252.00,1241.00,1247.00
46772701938567445,20170314,1266.00,1270.00,19,276387,349852703.00,1247.00,1270.00,1245.00,1247.00
46772701938567445,20170315,1282.00,1310.00,32,173350,222308028.00,1211.00,1314.00,1266.00,1273.00
46772701938567445,20170318,1313.00,1318.00,9,50500,66324450.00,1300.00,1318.00,1282.00,1304.00
46772701938567445,20170325,1249.00,1248.00,29,210800,263203100.00,1248.00,1315.00,1313.00,1315.00
46772701938567445,20170326,1239.00,1283.00,49,301704,373881659.00,1200.00,1285.00,1249.00,1211.00
46772701938567445,20170327,1258.00,1280.00,14,69707,87713341.00,1210.00,1280.00,1239.00,1210.00
46772701938567445,20170328,1278.00,1297.00,120,1107001,1415028840.00,1210.00,1297.00,1258.00,1213.00
46772701938567445,20170329,1235.00,1233.00,6,10048,12410757.00,1232.00,1236.00,1278.00,1232.00
46772701938567445,20170403,1267.00,1233.00,15,28159,35676987.00,1201.00,1287.00,1235.00,1202.00
46772701938567445,20170404,1273.00,1236.00,9,27220,34652920.00,1236.00,1280.00,1267.00,1280.00
46772701938567445,20170405,1260.00,1231.00,11,23601,29730281.00,1231.00,1278.00,1273.00,1241.00
46772701938567445,20170408,1254.00,1245.00,12,56799,71242964.00,1236.00,1269.00,1260.00,1269.00
46772701938567445,20170409,1239.00,1240.00,35,273375,338817309.00,1230.00,1279.00,1254.00,1230.00
46772701938567445,20170410,1240.00,1233.00,14,102100,126582510.00,1232.00,1279.00,1239.00,1279.00
46772701938567445,20170412,1239.00,1255.00,40,401475,497321509.00,1230.00,1269.00,1240.00,1269.00
46772701938567445,20170415,1254.00,1250.00,26,118315,148422789.00,1240.00,1269.00,1239.00,1240.00
46772701938567445,20170416,1232.00,1259.00,15,76769,94609413.00,1219.00,1267.00,1254.00,1267.00
46772701938567445,20170417,1258.00,1263.00,20,96968,121993413.00,1230.00,1263.00,1232.00,1260.00
46772701938567445,20170418,1237.00,1241.00,37,292158,361428064.00,1226.00,1277.00,1258.00,1262.00
46772701938567445,20170419,1245.00,1258.00,6,6808,8474456.00,1231.00,1278.00,1237.00,1278.00
46772701938567445,20170422,1260.00,1273.00,18,68311,86070907.00,1229.00,1273.00,1245.00,1250.00
46772701938567445,20170423,1237.00,1229.00,12,38726,47887138.00,1229.00,1278.00,1260.00,1278.00
46772701938567445,20170424,1258.00,1269.00,33,168996,212524846.00,1226.00,1270.00,1237.00,1234.00
46772701938567445,20170426,1280.00,1258.00,45,367797,470625193.00,1231.00,1310.00,1258.00,1231.00
46772701938567445,20170429,1333.00,1344.00,179,1972615,2629504770.00,1285.00,1344.00,1280.00,1310.00
46772701938567445,20170430,1397.00,1380.00,257,2728612,3810808255.00,1359.00,1399.00,1333.00,1359.00
46772701938567445,20170501,1433.00,1447.00,76,592975,849673830.00,1352.00,1459.00,1397.00,1459.00
46772701938567445,20170502,1406.00,1430.00,109,829854,1166932420.00,1366.00,1458.00,1433.00,1366.00
46772701938567445,20170503,1429.00,1440.00,43,293026,418652507.00,1387.00,1443.00,1406.00,1443.00
46772701938567445,20170506,1433.00,1443.00,74,541276,775556889.00,1364.00,1449.00,1429.00,1364.00
46772701938567445,20170507,1396.00,1390.00,54,406884,568030587.00,1362.00,1440.00,1433.00,1400.00
46772701938567445,20170508,1335.00,1332.00,19,62487,83433654.00,1327.00,1390.00,1396.00,1390.00
46772701938567445,20170509,1321.00,1350.00,4,4743,6265489.00,1277.00,1354.00,1335.00,1277.00
46772701938567445,20170510,1324.00,1300.00,8,12822,16972855.00,1290.00,1387.00,1321.00,1350.00
46772701938567445,20170513,1267.00,1338.00,17,54124,68560890.00,1261.00,1338.00,1324.00,1261.00
46772701938567445,20170514,1293.00,1286.00,4,6763,8742962.00,1286.00,1325.00,1267.00,1319.00
46772701938567445,20170515,1333.00,1274.00,9,15930,21227051.00,1274.00,1343.00,1293.00,1342.00
46772701938567445,20170516,1300.00,1320.00,10,7460,9699627.00,1279.00,1338.00,1333.00,1338.00
46772701938567445,20170517,1315.00,1320.00,9,8115,10671380.00,1301.00,1320.00,1300.00,1310.00
46772701938567445,20170520,1283.00,1279.00,46,159299,204335010.00,1250.00,1344.00,1315.00,1344.00
46772701938567445,20170521,1271.00,1259.00,30,138271,175716040.00,1256.00,1300.00,1283.00,1260.00
46772701938567445,20170522,1254.00,1257.00,28,133259,167123539.00,1251.00,1287.00,1271.00,1251.00
46772701938567445,20170523,1258.00,1268.00,33,149619,188285551.00,1249.00,1280.00,1254.00,1249.00
46772701938567445,20170524,1289.00,1290.00,18,144800,186647754.00,1257.00,1299.00,1258.00,1297.00
46772701938567445,20170527,1279.00,1257.00,15,87146,111477626.00,1256.00,1289.00,1289.00,1289.00
46772701938567445,20170528,1261.00,1290.00,38,298494,376422227.00,1222.00,1290.00,1279.00,1258.00
46772701938567445,20170529,1289.00,1251.00,12,54350,70049901.00,1250.00,1290.00,1261.00,1290.00
46772701938567445,20170530,1229.00,1234.00,19,48344,59430896.00,1225.00,1250.00,1289.00,1250.00
46772701938567445,20170531,1227.00,1262.00,16,71832,88160538.00,1201.00,1269.00,1229.00,1214.00
46772701938567445,20170603,1210.00,1210.00,9,77646,93918449.00,1209.00,1210.00,1227.00,1210.00
46772701938567445,20170606,1266.00,1250.00,53,306639,388126616.00,1240.00,1270.00,1210.00,1268.00
46772701938567445,20170607,1220.00,1204.00,36,164326,200467938.00,1203.00,1289.00,1266.00,1288.00
46772701938567445,20170610,1203.00,1202.00,30,193679,232902959.00,1200.00,1258.00,1220.00,1258.00
46772701938567445,20170611,1201.00,1195.00,13,54230,65113730.00,1195.00,1249.00,1203.00,1249.00
46772701938567445,20170612,1208.00,1220.00,7,16964,20485160.00,1190.00,1233.00,1201.00,1233.00
46772701938567445,20170613,1231.00,1234.00,12,103079,126871141.00,1175.00,1234.00,1208.00,1175.00
46772701938567445,20170614,1213.00,1190.00,16,163210,197952753.00,1172.00,1234.00,1231.00,1190.00
46772701938567445,20170617,1186.00,1190.00,12,36710,43520380.00,1178.00,1190.00,1213.00,1190.00
46772701938567445,20170618,1186.00,1186.00,0,0,0.00,0.00,0.00,1186.00,1186.00
46772701938567445,20170619,1194.00,1181.00,3,3709,4428329.00,1181.00,1229.00,1186.00,1229.00
46772701938567445,20170620,1170.00,1207.00,3,7412,8672744.00,1162.00,1207.00,1194.00,1162.00
46772701938567445,20170621,1215.00,1228.00,25,201000,244227137.00,1200.00,1228.00,1170.00,1220.00
46772701938567445,20170624,1172.00,1172.00,11,45446,53245060.00,1160.00,1200.00,1215.00,1160.00
46772701938567445,20170625,1162.00,1162.00,24,132457,153922034.00,1162.00,1163.00,1172.00,1162.00
46772701938567445,20170628,1164.00,1196.00,6,10174,11838550.00,1156.00,1196.00,1162.00,1159.00
46772701938567445,20170701,1177.00,1170.00,5,4318,5081060.00,1170.00,1199.00,1164.00,1199.00
46772701938567445,20170702,1158.00,1154.00,12,16521,19136144.00,1152.00,1197.00,1177.00,1157.00
46772701938567445,20170703,1161.00,1159.00,12,37936,44034979.00,1159.00,1191.00,1158.00,1191.00
46772701938567445,20170704,1163.00,1152.00,10,17616,20484170.00,1152.00,1190.00,1161.00,1168.00
46772701938567445,20170705,1141.00,1122.00,27,149322,170409706.00,1122.00,1178.00,1163.00,1150.00
46772701938567445,20170708,1138.00,1134.00,5,7087,8067658.00,1133.00,1170.00,1141.00,1170.00
46772701938567445,20170709,1163.00,1166.00,67,1134897,1319483149.00,1150.00,1166.00,1138.00,1163.00
46772701938567445,20170710,1142.00,1138.00,31,108320,123677012.00,1131.00,1186.00,1163.00,1186.00
46772701938567445,20170711,1138.00,1135.00,15,41193,46864445.00,1135.00,1140.00,1142.00,1135.00
46772701938567445,20170712,1120.00,1116.00,37,186313,208589671.00,1111.00,1150.00,1138.00,1131.00
46772701938567445,20170715,1130.00,1142.00,26,42500,48044036.00,1116.00,1156.00,1120.00,1116.00
46772701938567445,20170716,1141.00,1140.00,6,20826,23766795.00,1120.00,1147.00,1130.00,1120.00
46772701938567445,20170717,1116.00,1114.00,31,113320,126427978.00,1112.00,1121.00,1141.00,1113.00
46772701938567445,20170718,1121.00,1130.00,14,18886,21172018.00,1113.00,1137.00,1116.00,1114.00
46772701938567445,20170719,1136.00,1150.00,27,119545,135788915.00,1121.00,1159.00,1121.00,1121.00
46772701938567445,20170722,1188.00,1185.00,44,366321,435050284.00,1150.00,1192.00,1136.00,1150.00
46772701938567445,20170723,1204.00,1201.00,22,105636,127157571.00,1192.00,1216.00,1188.00,1192.00
46772701938567445,20170724,1185.00,1184.00,5,23411,27747091.00,1181.00,1214.00,1204.00,1214.00
46772701938567445,20170725,1187.00,1207.00,19,41097,48801910.00,1145.00,1207.00,1185.00,1173.00
46772701938567445,20170726,1151.00,1150.00,39,226467,260636846.00,1149.00,1213.00,1187.00,1207.00
46772701938567445,20170729,1145.00,1136.00,19,122197,139907917.00,1133.00,1187.00,1151.00,1178.00
46772701938567445,20170730,1124.00,1112.00,62,436358,490553563.00,1112.00,1138.00,1145.00,1135.00
46772701938567445,20170731,1135.00,1158.00,10,12135,13769527.00,1120.00,1159.00,1124.00,1120.00
46772701938567445,20170801,1131.00,1156.00,10,25720,29082589.00,1120.00,1160.00,1135.00,1160.00
46772701938567445,20170802,1155.00,1155.00,2,6279,7253124.00,1155.00,1156.00,1131.00,1156.00
46772701938567445,20170806,1145.00,1142.00,21,68381,78271093.00,1140.00,1150.00,1155.00,1150.00
46772701938567445,20170807,1145.00,1142.00,0,0,0.00,0.00,0.00,1145.00,0.00
46772701938567445,20170808,1145.00,1142.00,0,0,0.00,0.00,0.00,1145.00,0.00
46772701938567445,20170809,1145.00,1142.00,0,0,0.00,0.00,0.00,1145.00,0.00
46772701938567445,20170812,1145.00,1142.00,0,0,0.00,0.00,0.00,1145.00,0.00
46772701938567445,20170813,1145.00,1142.00,0,0,0.00,0.00,0.00,1145.00,0.00
46772701938567445,20170814,1145.00,1142.00,0,0,0.00,0.00,0.00,1145.00,0.00
46772701938567445,20170815,1145.00,1142.00,0,0,0.00,0.00,0.00,1145.00,0.00
46772701938567445,20170816,1145.00,1142.00,0,0,0.00,0.00,0.00,1145.00,0.00
46772701938567445,20170819,1145.00,1142.00,0,0,0.00,0.00,0.00,1145.00,0.00
46772701938567445,20170820,1145.00,1142.00,0,0,0.00,0.00,0.00,1145.00,0.00
46772701938567445,20170821,1147.00,1180.00,20,94967,110614372.00,1148.00,1180.00,1145.00,1148.00
46772701938567445,20170822,1147.00,1180.00,0,0,0.00,0.00,0.00,1147.00,0.00
46772701938567445,20170823,1147.00,1180.00,0,0,0.00,0.00,0.00,1147.00,0.00
46772701938567445,20170826,1147.00,1180.00,0,0,0.00,0.00,0.00,1147.00,0.00
46772701938567445,20170827,1147.00,1180.00,0,0,0.00,0.00,0.00,1147.00,0.00
46772701938567445,20170828,1147.00,1180.00,0,0,0.00,0.00,0.00,1147.00,0.00
46772701938567445,20170829,1147.00,1180.00,0,0,0.00,0.00,0.00,1147.00,0.00
46772701938567445,20170830,1147.00,1180.00,0,0,0.00,0.00,0.00,1147.00,0.00
46772701938567445,20170902,1119.00,1180.00,0,0,0.00,0.00,0.00,1119.00,0.00
46772701938567445,20170903,1119.00,1180.00,0,0,0.00,0.00,0.00,1119.00,0.00
46772701938567445,20170904,1119.00,1180.00,0,0,0.00,0.00,0.00,1119.00,0.00
46772701938567445,20170905,1119.00,1180.00,0,0,0.00,0.00,0.00,1119.00,0.00
46772701938567445,20170906,1119.00,1180.00,0,0,0.00,0.00,0.00,1119.00,0.00
46772701938567445,20170910,1129.00,1180.00,28,210627,245444160.00,1160.00,1180.00,1119.00,1165.00
46772701938567445,20170911,1132.00,1165.00,41,154661,177807435.00,1120.00,1180.00,1129.00,1180.00
46772701938567445,20170912,1160.00,1180.00,62,480515,571775097.00,1142.00,1240.00,1132.00,1150.00
46772701938567445,20170913,1160.00,1180.00,0,0,0.00,0.00,0.00,1160.00,0.00
46772701938567445,20170916,1160.00,1180.00,0,0,0.00,0.00,0.00,1160.00,0.00
46772701938567445,20170917,1160.00,1180.00,0,0,0.00,0.00,0.00,1160.00,0.00
46772701938567445,20170918,1160.00,1180.00,0,0,0.00,0.00,0.00,1160.00,0.00
46772701938567445,20170919,1160.00,1180.00,0,0,0.00,0.00,0.00,1160.00,0.00
46772701938567445,20170920,1160.00,1180.00,0,0,0.00,0.00,0.00,1160.00,0.00
46772701938567445,20170923,1160.00,1180.00,0,0,0.00,0.00,0.00,1160.00,0.00
46772701938567445,20170924,1137.00,1126.00,26,170432,193774920.00,1122.00,1197.00,1160.00,1197.00
46772701938567445,20170925,1129.00,1130.00,15,60095,67832859.00,1126.00,1131.00,1137.00,1131.00
46772701938567445,20170926,1178.00,1180.00,142,1656129,1950194996.00,1112.00,1185.00,1129.00,1126.00
46772701938567445,20170927,1195.00,1156.00,74,1573699,1880068577.00,1152.00,1199.00,1178.00,1199.00
46772701938567445,20171002,1142.00,1136.00,16,94628,108031966.00,1136.00,1150.00,1195.00,1141.00
46772701938567445,20171003,1129.00,1120.00,41,415897,469647700.00,1120.00,1159.00,1142.00,1121.00
46772701938567445,20171004,1117.00,1117.00,20,135453,151322633.00,1110.00,1157.00,1129.00,1110.00
46772701938567445,20171007,1112.00,1102.00,41,354635,394467182.00,1101.00,1120.00,1117.00,1113.00
46772701938567445,20171008,1100.00,1100.00,32,242500,266788812.00,1085.00,1119.00,1112.00,1118.00
46772701938567445,20171009,1103.00,1100.00,3,8815,9724663.00,1100.00,1110.00,1100.00,1109.00
46772701938567445,20171010,1080.00,1119.00,24,315609,340841796.00,1072.00,1120.00,1103.00,1073.00
46772701938567445,20171011,1088.00,1119.00,129,1479359,1610079830.00,1080.00,1119.00,1080.00,1110.00
46772701938567445,20171014,1119.00,1120.00,6,8000,8951036.00,1101.00,1135.00,1088.00,1111.00
46772701938567445,20171015,1127.00,1111.00,14,39478,44486831.00,1094.00,1140.00,1119.00,1094.00
46772701938567445,20171016,1135.00,1175.00,52,152116,172578089.00,1122.00,1180.00,1127.00,1163.00
46772701938567445,20171017,1127.00,1144.00,13,42024,47368578.00,1122.00,1174.00,1135.00,1174.00
46772701938567445,20171018,1095.00,1101.00,37,277930,304295986.00,1090.00,1145.00,1127.00,1095.00
46772701938567445,20171021,1146.00,1140.00,24,80500,92230174.00,1111.00,1149.00,1095.00,1144.00
46772701938567445,20171022,1124.00,1115.00,6,56000,62950000.00,1115.00,1147.00,1146.00,1147.00
46772701938567445,20171023,1124.00,1120.00,12,27961,31439231.00,1112.00,1165.00,1124.00,1140.00
46772701938567445,20171024,1112.00,1125.00,8,35679,39674609.00,1110.00,1129.00,1124.00,1129.00
46772701938567445,20171025,1124.00,1128.00,17,81788,91944720.00,1114.00,1128.00,1112.00,1114.00
46772701938567445,20171028,1138.00,1145.00,2,4026,4582068.00,1118.00,1145.00,1124.00,1118.00
46772701938567445,20171029,1126.00,1139.00,41,220690,248547420.00,1090.00,1140.00,1138.00,1121.00
46772701938567445,20171030,1126.00,1124.00,36,463889,522544180.00,1101.00,1149.00,1126.00,1101.00
46772701938567445,20171031,1125.00,1121.00,13,125386,141035608.00,1094.00,1140.00,1126.00,1094.00
46772701938567445,20171101,1126.00,1116.00,37,260396,293134719.00,1112.00,1150.00,1125.00,1113.00
46772701938567445,20171104,1147.00,1159.00,42,221632,254219964.00,1140.00,1165.00,1126.00,1148.00
46772701938567445,20171105,1158.00,1158.00,50,263715,305474802.00,1150.00,1179.00,1147.00,1169.00
46772701938567445,20171106,1174.00,1163.00,21,85864,100825875.00,1163.00,1180.00,1158.00,1180.00
46772701938567445,20171107,1169.00,1162.00,27,115057,134450571.00,1151.00,1179.00,1174.00,1169.00
46772701938567445,20171108,1167.00,1166.00,53,500801,584413812.00,1151.00,1188.00,1169.00,1151.00
46772701938567445,20171111,1184.00,1190.00,28,65979,78143117.00,1159.00,1195.00,1167.00,1159.00
46772701938567445,20171112,1160.00,1156.00,35,249232,289081306.00,1155.00,1188.00,1184.00,1188.00
46772701938567445,20171113,1160.00,1178.00,18,85961,99731636.00,1156.00,1181.00,1160.00,1181.00
46772701938567445,20171114,1163.00,1166.00,8,43642,50771572.00,1155.00,1189.00,1160.00,1159.00
46772701938567445,20171115,1183.00,1161.00,13,79396,93937591.00,1161.00,1192.00,1163.00,1186.00
46772701938567445,20171118,1166.00,1166.00,3,10000,11664000.00,1166.00,1170.00,1183.00,1170.00
46772701938567445,20171120,1166.00,1173.00,33,378374,441175280.00,1150.00,1177.00,1166.00,1166.00
46772701938567445,20171121,1160.00,1175.00,8,19182,22251057.00,1158.00,1179.00,1166.00,1159.00
46772701938567445,20171122,1167.00,1161.00,11,31693,36998314.00,1160.00,1180.00,1160.00,1179.00
46772701938567445,20171125,1160.00,1156.00,13,70921,82301965.00,1156.00,1179.00,1167.00,1179.00
46772701938567445,20171126,1141.00,1140.00,8,34506,39354940.00,1102.00,1176.00,1160.00,1102.00
46772701938567445,20171128,1163.00,1144.00,22,61756,71846081.00,1144.00,1167.00,1141.00,1167.00
46772701938567445,20171129,1125.00,1137.00,12,26687,30021077.00,1120.00,1160.00,1163.00,1121.00
46772701938567445,20171202,1130.00,1130.00,2,6813,7698654.00,1121.00,1130.00,1125.00,1121.00
46772701938567445,20171203,1139.00,1145.00,18,32154,36608828.00,1130.00,1153.00,1130.00,1130.00
46772701938567445,20171204,1142.00,1151.00,4,2827,3229550.00,1122.00,1155.00,1139.00,1155.00
46772701938567445,20171205,1147.00,1126.00,12,66237,76000255.00,1123.00,1158.00,1142.00,1151.00
46772701938567445,20171209,1145.00,1133.00,20,16365,18737445.00,1132.00,1153.00,1147.00,1132.00
46772701938567445,20171210,1148.00,1145.00,31,369396,424092516.00,1130.00,1167.00,1145.00,1132.00
46772701938567445,20171211,1154.00,1160.00,20,143587,165769103.00,1132.00,1161.00,1148.00,1156.00
46772701938567445,20171212,1150.00,1141.00,12,37359,42975199.00,1141.00,1178.00,1154.00,1177.00
46772701938567445,20171213,1159.00,1161.00,41,441569,511712625.00,1140.00,1174.00,1150.00,1174.00
46772701938567445,20171214,1159.00,1161.00,0,0,0.00,0.00,0.00,1159.00,0.00
46772701938567445,20171215,1159.00,1161.00,0,0,0.00,0.00,0.00,1159.00,0.00
46772701938567445,20171216,1175.00,1164.00,28,92896,109177094.00,1164.00,1185.00,1159.00,1180.00
46772701938567445,20171217,1185.00,1190.00,28,268069,317561094.00,1151.00,1190.00,1175.00,1180.00
46772701938567445,20171218,1204.00,1209.00,50,328550,395451422.00,1190.00,1209.00,1185.00,1195.00
46772701938567445,20171219,1202.00,1210.00,25,65098,78224833.00,1176.00,1215.00,1204.00,1190.00
46772701938567445,20171220,1185.00,1151.00,46,173903,206000061.00,1149.00,1210.00,1202.00,1209.00
46772701938567445,20171223,1177.00,1165.00,3,3720,4379797.00,1156.00,1217.00,1185.00,1156.00
46772701938567445,20171224,1181.00,1174.00,12,17471,20633213.00,1165.00,1214.00,1177.00,1165.00
46772701938567445,20171225,1125.00,1159.00,34,454096,511042223.00,1122.00,1206.00,1181.00,1206.00
46772701938567445,20171226,1177.00,1151.00,12,116971,137663321.00,1133.00,1181.00,1125.00,1133.00
46772701938567445,20171227,1177.00,1151.00,0,0,0.00,0.00,0.00,1177.00,0.00
46772701938567445,20171230,1131.00,1130.00,22,335620,379562977.00,1130.00,1197.00,1177.00,1197.00
46772701938567445,20171231,1147.00,1187.00,61,395577,453801659.00,1100.00,1187.00,1131.00,1176.00
46772701938567445,20180101,1177.00,1190.00,25,120147,141452950.00,1120.00,1190.00,1147.00,1120.00
46772701938567445,20180102,1172.00,1140.00,91,1075529,1260257616.00,1119.00,1204.00,1177.00,1187.00
46772701938567445,20180103,1193.00,1195.00,26,101418,121025881.00,1152.00,1200.00,1172.00,1198.00
46772701938567445,20180106,1172.00,1156.00,10,32221,37766911.00,1156.00,1199.00,1193.00,1197.00
46772701938567445,20180107,1193.00,1193.00,2,8000,9544000.00,1193.00,1193.00,1172.00,1193.00
46772701938567445,20180108,1136.00,1140.00,35,365391,415223275.00,1134.00,1189.00,1193.00,1137.00
46772701938567445,20180109,1151.00,1166.00,18,72326,83236618.00,1142.00,1180.00,1136.00,1180.00
46772701938567445,20180110,1156.00,1153.00,3,14343,16579479.00,1153.00,1190.00,1151.00,1190.00
46772701938567445,20180113,1184.00,1162.00,10,64348,76167340.00,1162.00,1213.00,1156.00,1213.00
46772701938567445,20180114,1167.00,1160.00,10,32418,37833664.00,1160.00,1212.00,1184.00,1212.00
46772701938567445,20180115,1189.00,1180.00,41,515996,613327543.00,1180.00,1196.00,1167.00,1196.00
46772701938567445,20180116,1217.00,1218.00,87,603424,734333753.00,1195.00,1243.00,1189.00,1200.00
46772701938567445,20180117,1217.00,1218.00,0,0,0.00,0.00,0.00,1217.00,0.00
46772701938567445,20180120,1217.00,1218.00,0,0,0.00,0.00,0.00,1217.00,0.00
46772701938567445,20180121,1217.00,1218.00,0,0,0.00,0.00,0.00,1217.00,0.00
46772701938567445,20180122,1217.00,1218.00,0,0,0.00,0.00,0.00,1217.00,0.00
46772701938567445,20180123,1217.00,1218.00,0,0,0.00,0.00,0.00,1217.00,0.00
46772701938567445,20180124,1217.00,1218.00,0,0,0.00,0.00,0.00,1217.00,0.00
46772701938567445,20180127,1057.00,1057.00,45,1013000,1070741000.00,1057.00,1057.00,1007.00,1057.00
46772701938567445,20180128,1102.00,1109.00,58,469631,517349129.00,1050.00,1109.00,1057.00,1109.00
46772701938567445,20180129,1138.00,1130.00,31,146676,166861465.00,1105.00,1155.00,1102.00,1105.00
46772701938567445,20180130,1128.00,1090.00,36,82458,92982124.00,1085.00,1150.00,1138.00,1105.00
46772701938567445,20180131,1097.00,1094.00,23,83079,91138829.00,1087.00,1144.00,1128.00,1144.00
46772701938567445,20180203,1097.00,1095.00,12,42778,46918663.00,1095.00,1130.00,1097.00,1095.00
46772701938567445,20180204,1095.00,1100.00,4,17000,18623000.00,1083.00,1125.00,1097.00,1125.00
46772701938567445,20180205,1126.00,1116.00,22,99037,111543170.00,1116.00,1137.00,1095.00,1119.00
46772701938567445,20180206,1112.00,1118.00,10,30568,33991984.00,1086.00,1120.00,1126.00,1120.00
46772701938567445,20180207,1091.00,1108.00,6,9903,10805700.00,1077.00,1110.00,1112.00,1077.00
46772701938567445,20180210,1072.00,1051.00,13,110006,117920030.00,1041.00,1083.00,1091.00,1083.00
46772701938567445,20180212,1072.00,1072.00,0,0,0.00,0.00,0.00,1072.00,1072.00
46772701938567445,20180213,1062.00,1062.00,12,66348,70441860.00,1047.00,1104.00,1072.00,1104.00
46772701938567445,20180214,1062.00,1062.00,0,0,0.00,0.00,0.00,1062.00,1062.00
46772701938567445,20180217,1045.00,1030.00,47,305237,318956981.00,1030.00,1086.00,1062.00,1084.00
46772701938567445,20180218,1036.00,1028.00,26,176507,182783655.00,1025.00,1069.00,1045.00,1069.00
46772701938567445,20180219,1069.00,1068.00,8,9603,10264004.00,1068.00,1072.00,1036.00,1072.00
46772701938567445,20180221,1065.00,1065.00,2,1953,2079945.00,1065.00,1065.00,1069.00,1065.00
46772701938567445,20180224,1048.00,1050.00,10,25730,26973159.00,1030.00,1080.00,1065.00,1080.00
46772701938567445,20180225,1031.00,1030.00,30,153555,158262200.00,1028.00,1075.00,1048.00,1075.00
46772701938567445,20180226,1030.00,1029.00,12,58063,59810137.00,1027.00,1060.00,1031.00,1060.00
46772701938567445,20180227,1047.00,1074.00,25,88176,92323073.00,1028.00,1074.00,1030.00,1049.00
46772701938567445,20180228,1031.00,1045.00,31,497589,512897370.00,1030.00,1070.00,1047.00,1070.00
46772701938567445,20180303,1029.00,1046.00,18,70393,72445649.00,1025.00,1048.00,1031.00,1028.00
46772701938567445,20180304,1026.00,1025.00,23,225000,230746000.00,1025.00,1055.00,1029.00,1025.00
46772701938567445,20180305,1021.00,1010.00,38,518351,529434809.00,1010.00,1040.00,1026.00,1040.00
46772701938567445,20180306,1011.00,1010.00,61,1018424,1029778455.00,1010.00,1048.00,1021.00,1040.00
46772701938567445,20180307,1000.00,1000.00,35,366484,366605160.00,1000.00,1057.00,1011.00,1006.00
46772701938567445,20180310,1000.00,1000.00,19,200533,200618368.00,997.00,1038.00,1000.00,1038.00
46772701938567445,20180311,1002.00,1000.00,7,8302,8322200.00,1000.00,1014.00,1000.00,1000.00
46772701938567445,20180312,1000.00,1001.00,17,213863,213968113.00,1000.00,1024.00,1002.00,1024.00
46772701938567445,20180313,1050.00,1050.00,73,1020913,1071614033.00,1045.00,1050.00,1000.00,1048.00
46772701938567445,20180314,1091.00,1052.00,45,384527,419373334.00,1052.00,1102.00,1050.00,1064.00
46772701938567445,20180317,1091.00,1070.00,55,1219635,1330399114.00,1070.00,1091.00,1091.00,1091.00
46772701938567445,20180318,1131.00,1144.00,17,100000,113118933.00,1091.00,1144.00,1091.00,1091.00
46772701938567445,20180319,1133.00,1130.00,18,215215,243764410.00,1093.00,1140.00,1131.00,1127.00
46772701938567445,20180325,1094.00,1139.00,5,18350,20080101.00,1086.00,1139.00,1133.00,1133.00
46772701938567445,20180326,1079.00,1072.00,13,185000,199703000.00,1072.00,1139.00,1094.00,1089.00
46772701938567445,20180327,1081.00,1080.00,5,18050,19507700.00,1051.00,1126.00,1079.00,1051.00
46772701938567445,20180328,1080.00,1078.00,4,102900,111180200.00,1078.00,1081.00,1081.00,1080.00
46772701938567445,20180403,1082.00,1080.00,9,66149,71568199.00,1080.00,1110.00,1080.00,1107.00
46772701938567445,20180404,1079.00,1080.00,2,5452,5884121.00,1079.00,1080.00,1082.00,1079.00
46772701938567445,20180407,1061.00,1037.00,14,123016,130499584.00,1037.00,1082.00,1079.00,1082.00
46772701938567445,20180408,1014.00,1014.00,178,4391961,4452362152.00,1008.00,1077.00,1061.00,1077.00
46772701938567445,20180409,1057.00,1059.00,6,20000,21140796.00,1055.00,1059.00,1014.00,1055.00
46772701938567445,20180410,1047.00,1056.00,10,16617,17406273.00,1012.00,1056.00,1057.00,1056.00
46772701938567445,20180411,1051.00,1055.00,3,3935,4135945.00,1047.00,1055.00,1047.00,1047.00
46772701938567445,20180415,1067.00,1060.00,4,3950,4216000.00,1013.00,1098.00,1051.00,1098.00
46772701938567445,20180416,1040.00,1082.00,12,86000,89442927.00,1014.00,1082.00,1067.00,1060.00
46772701938567445,20180417,1036.00,1020.00,6,73925,76601500.00,1020.00,1062.00,1040.00,1062.00
46772701938567445,20180418,1027.00,1010.00,4,60634,62259900.00,1010.00,1030.00,1036.00,1030.00
46772701938567445,20180421,1022.00,1050.00,11,106000,108341000.00,1020.00,1050.00,1027.00,1050.00
46772701938567445,20180422,1021.00,1020.00,14,187627,191480341.00,1020.00,1050.00,1022.00,1022.00
46772701938567445,20180423,1064.00,1072.00,22,173776,184897657.00,1021.00,1072.00,1021.00,1021.00
46772701938567445,20180424,1061.00,1050.00,7,106000,112512000.00,1050.00,1100.00,1064.00,1060.00
46772701938567445,20180425,1037.00,1030.00,8,23477,24342787.00,1030.00,1079.00,1061.00,1079.00
46772701938567445,20180428,1043.00,1050.00,6,5549,5787975.00,1025.00,1051.00,1037.00,1051.00
46772701938567445,20180429,1050.00,1049.00,2,2000,2100000.00,1049.00,1051.00,1043.00,1051.00
46772701938567445,20180430,1050.00,1050.00,0,0,0.00,0.00,0.00,1050.00,1050.00
46772701938567445,20180501,1030.00,1030.00,2,4000,4120000.00,1030.00,1030.00,1050.00,1030.00
46772701938567445,20180505,1033.00,1020.00,3,11160,11533200.00,1020.00,1050.00,1030.00,1020.00
46772701938567445,20180506,1015.00,1016.00,9,45695,46383576.00,1010.00,1040.00,1033.00,1010.00
46772701938567445,20180507,1012.00,1003.00,9,103000,104189700.00,1003.00,1039.00,1015.00,1039.00
46772701938567445,20180508,1020.00,1033.00,5,15250,15560550.00,1008.00,1037.00,1012.00,1037.00
46772701938567445,20180509,1020.00,1033.00,0,0,0.00,0.00,0.00,1020.00,0.00
46772701938567445,20180512,1021.00,1039.00,5,10495,10719957.00,1007.00,1039.00,1020.00,1007.00
46772701938567445,20180513,1052.00,1059.00,3,7857,8263423.00,1039.00,1059.00,1021.00,1039.00
46772701938567445,20180514,1053.00,1050.00,8,29275,30814930.00,1050.00,1060.00,1052.00,1060.00
46772701938567445,20180515,1011.00,1005.00,18,240233,242833775.00,1001.00,1090.00,1053.00,1060.00
46772701938567445,20180516,1045.00,1045.00,9,15113,15790484.00,1040.00,1047.00,1011.00,1047.00
46772701938567445,20180519,1034.00,1028.00,13,59251,61237789.00,1017.00,1050.00,1045.00,1047.00
46772701938567445,20180520,1045.00,1048.00,8,47171,49289924.00,1023.00,1050.00,1034.00,1050.00
46772701938567445,20180521,1032.00,1040.00,8,38400,39647000.00,1030.00,1048.00,1045.00,1030.00
46772701938567445,20180522,1046.00,1046.00,1,1129,1180934.00,1046.00,1046.00,1032.00,1046.00
46772701938567445,20180523,1026.00,1025.00,16,115030,118062332.00,1025.00,1044.00,1046.00,1044.00
46772701938567445,20180526,1036.00,1040.00,27,462886,479636552.00,1025.00,1049.00,1026.00,1048.00
46772701938567445,20180527,1021.00,1020.00,23,351001,358420505.00,1020.00,1040.00,1036.00,1040.00
46772701938567445,20180528,1025.00,1042.00,23,239177,245054386.00,1020.00,1044.00,1021.00,1044.00
46772701938567445,20180529,1023.00,1023.00,5,10360,10600280.00,1023.00,1025.00,1025.00,1025.00
46772701938567445,20180530,1036.00,1040.00,4,3941,4082136.00,1016.00,1043.00,1023.00,1016.00
46772701938567445,20180602,1032.00,1037.00,15,103776,107143509.00,1030.00,1037.00,1036.00,1030.00
46772701938567445,20180603,1030.00,1037.00,18,29532,30428062.00,1015.00,1037.00,1032.00,1015.00
46772701938567445,20180609,1014.00,1006.00,47,687291,697201647.00,1002.00,1020.00,1030.00,1020.00
46772701938567445,20180610,1028.00,1028.00,2,1001,1029011.00,1011.00,1028.00,1014.00,1011.00
46772701938567445,20180611,1011.00,1011.00,30,695388,702876111.00,1010.00,1029.00,1028.00,1029.00
46772701938567445,20180612,1012.00,1011.00,11,51021,51641716.00,1008.00,1028.00,1011.00,1028.00
46772701938567445,20180613,1018.00,1029.00,23,203314,206948206.00,1006.00,1029.00,1012.00,1009.00
46772701938567445,20180617,1038.00,1050.00,64,559814,581052419.00,1029.00,1050.00,1018.00,1029.00
46772701938567445,20180618,1045.00,1040.00,27,272787,284937239.00,1030.00,1050.00,1038.00,1050.00
46772701938567445,20180619,1015.00,1030.00,109,1988609,2018101294.00,1005.00,1030.00,1045.00,1026.00
46772701938567445,20180620,1033.00,1043.00,8,22230,22960960.00,1016.00,1045.00,1015.00,1040.00
46772701938567445,20180623,1024.00,1044.00,11,107333,109926998.00,1010.00,1044.00,1033.00,1010.00
46772701938567445,20180624,1012.00,1030.00,142,2400323,2429842066.00,1009.00,1045.00,1024.00,1045.00
46772701938567445,20180625,1018.00,1015.00,29,248272,252692740.00,1013.00,1042.00,1012.00,1013.00
46772701938567445,20180626,1009.00,1032.00,32,448902,453048500.00,1008.00,1032.00,1018.00,1015.00
46772701938567445,20180627,1037.00,1050.00,52,329671,341986519.00,1009.00,1050.00,1009.00,1039.00
46772701938567445,20180630,1023.00,1014.00,9,60500,61863500.00,1013.00,1039.00,1037.00,1039.00
46772701938567445,20180701,1011.00,1009.00,35,513470,519273770.00,1009.00,1039.00,1023.00,1039.00
46772701938567445,20180702,1003.00,1000.00,151,2919487,2928142878.00,1000.00,1020.00,1011.00,1010.00
46772701938567445,20180703,1001.00,1002.00,106,1890689,1892255574.00,998.00,1020.00,1003.00,1020.00
46772701938567445,20180704,1000.00,1001.00,74,1665774,1666379910.00,1000.00,1020.00,1001.00,1001.00
46772701938567445,20180707,1000.00,1015.00,82,1505285,1505396179.00,1000.00,1021.00,1000.00,1021.00
46772701938567445,20180708,1000.00,1000.00,63,1098997,1099398632.00,1000.00,1015.00,1000.00,1000.00
46772701938567445,20180710,1000.00,1000.00,37,757182,757147924.00,997.00,1022.00,1000.00,1022.00
46772701938567445,20180711,1000.00,1000.00,32,501726,501746450.00,999.00,1001.00,1000.00,999.00
46772701938567445,20180714,1000.00,1010.00,2,35885,35893850.00,1000.00,1010.00,1000.00,1000.00
46772701938567445,20180715,1000.00,1017.00,19,247175,247193000.00,1000.00,1017.00,1000.00,1000.00
46772701938567445,20180716,1017.00,1017.00,8,60956,61971109.00,1013.00,1017.00,1000.00,1013.00
46772701938567445,20180717,1001.00,1001.00,82,1219638,1220340015.00,1000.00,1001.00,1017.00,1000.00
46772701938567445,20180718,1000.00,993.00,27,311090,311027982.00,993.00,1002.00,1001.00,1000.00
46772701938567445,20180721,1001.00,1001.00,8,79289,79334402.00,1000.00,1002.00,1000.00,1000.00
46772701938567445,20180722,998.00,1001.00,13,67362,67216524.00,997.00,1001.00,1001.00,1000.00
46772701938567445,20180723,999.00,1000.00,17,154531,154321300.00,995.00,1016.00,998.00,1016.00
46772701938567445,20180724,1004.00,1000.00,20,484960,486892800.00,995.00,1013.00,999.00,1013.00
46772701938567445,20180725,999.00,1000.00,71,1389987,1388028485.00,995.00,1014.00,1004.00,1000.00
46772701938567445,20180726,999.00,1000.00,0,0,0.00,0.00,0.00,999.00,0.00
46772701938567445,20180727,999.00,1000.00,0,0,0.00,0.00,0.00,999.00,0.00
46772701938567445,20180728,1002.00,1008.00,12,113557,113818321.00,1000.00,1020.00,999.00,1020.00
46772701938567445,20180729,1005.00,996.00,26,257333,258563248.00,995.00,1009.00,1002.00,1008.00
46772701938567445,20180730,973.00,955.00,76,649803,632519292.00,955.00,1008.00,1005.00,1008.00
46772701938567445,20180731,1000.00,999.00,22,101013,101007509.00,961.00,1001.00,973.00,1001.00
46772701938567445,20180801,996.00,1000.00,20,76617,76316055.00,955.00,1000.00,1000.00,1000.00
46772701938567445,20180804,997.00,1000.00,14,69213,69030700.00,983.00,1010.00,996.00,1010.00
46772701938567445,20180805,953.00,965.00,123,1060656,1010508130.00,948.00,1000.00,997.00,1000.00
46772701938567445,20180806,975.00,978.00,14,60085,58603150.00,951.00,979.00,953.00,979.00
46772701938567445,20180807,980.00,972.00,16,132371,129778580.00,972.00,995.00,975.00,995.00
46772701938567445,20180808,1022.00,1029.00,99,1789865,1829151640.00,971.00,1029.00,980.00,980.00
46772701938567445,20180811,1038.00,1010.00,57,723585,751146924.00,1010.00,1072.00,1022.00,1046.00
46772701938567445,20180812,1002.00,1018.00,38,533786,534939183.00,991.00,1029.00,1038.00,1010.00
46772701938567445,20180813,1007.00,1016.00,7,16707,16822388.00,987.00,1036.00,1002.00,1036.00
46772701938567445,20180814,984.00,989.00,43,304314,299595891.00,980.00,1029.00,1007.00,990.00
46772701938567445,20180815,998.00,1015.00,23,101389,101163328.00,990.00,1017.00,984.00,1000.00
46772701938567445,20180818,1001.00,1018.00,46,956943,957699737.00,995.00,1030.00,998.00,1010.00
46772701938567445,20180819,1003.00,1000.00,76,1192086,1195581584.00,1000.00,1029.00,1001.00,1020.00
46772701938567445,20180820,1002.00,995.00,35,139800,140041364.00,994.00,1029.00,1003.00,1029.00
46772701938567445,20180821,999.00,1000.00,47,260669,260497400.00,996.00,1020.00,1002.00,1020.00
46772701938567445,20180825,1003.00,1018.00,210,2338054,2346085050.00,998.00,1019.00,999.00,1014.00
46772701938567445,20180826,1003.00,1010.00,159,1645522,1651238364.00,1000.00,1019.00,1003.00,1018.00
46772701938567445,20180827,1009.00,1000.00,148,1188419,1199208138.00,999.00,1030.00,1003.00,1012.00
46772701938567445,20180828,1000.00,994.00,85,1164686,1164115881.00,993.00,1015.00,1009.00,1005.00
46772701938567445,20180829,1010.00,1023.00,157,1836143,1853700256.00,998.00,1048.00,1000.00,1016.00
46772701938567445,20180901,1060.00,1060.00,226,4748811,5033739660.00,1060.00,1060.00,1010.00,1060.00
46772701938567445,20180902,1113.00,1113.00,882,19855638,22099205094.00,1111.00,1113.00,1060.00,1113.00
46772701938567445,20180903,1168.00,1168.00,230,5868182,6854036576.00,1168.00,1168.00,1113.00,1168.00
46772701938567445,20180904,1226.00,1172.00,242,7889375,9671293750.00,1172.00,1226.00,1168.00,1226.00
46772701938567445,20180905,1251.00,1250.00,708,11846053,14821893663.00,1210.00,1270.00,1226.00,1210.00
46772701938567445,20180908,1237.00,1225.00,488,7169075,8866428639.00,1193.00,1270.00,1251.00,1250.00
46772701938567445,20180909,1213.00,1210.00,538,6527546,7915012179.00,1195.00,1247.00,1237.00,1235.00
46772701938567445,20180910,1245.00,1240.00,693,9181279,11434696241.00,1200.00,1255.00,1213.00,1202.00
46772701938567445,20180911,1269.00,1270.00,514,8048192,10213543420.00,1256.00,1282.00,1245.00,1260.00
46772701938567445,20180912,1307.00,1332.00,180,2641464,3452201797.00,1251.00,1332.00,1269.00,1251.00
46772701938567445,20180915,1330.00,1302.00,208,2406996,3200529939.00,1280.00,1369.00,1307.00,1368.00
46772701938567445,20180916,1279.00,1327.00,324,4520054,5780900061.00,1264.00,1330.00,1330.00,1270.00
46772701938567445,20180917,1336.00,1342.00,563,10371885,13859951834.00,1295.00,1342.00,1279.00,1320.00
46772701938567445,20180918,1395.00,1401.00,320,4261698,5944397713.00,1356.00,1402.00,1336.00,1401.00
46772701938567445,20180922,1395.00,1390.00,194,1490561,2079343591.00,1361.00,1440.00,1395.00,1440.00
46772701938567445,20180923,1433.00,1383.00,336,3939781,5646502837.00,1380.00,1464.00,1395.00,1386.00
46772701938567445,20180924,1476.00,1504.00,318,4850156,7157637711.00,1382.00,1504.00,1433.00,1406.00
46772701938567445,20180925,1549.00,1549.00,1075,19634750,30410685005.00,1537.00,1549.00,1476.00,1549.00
46772701938567445,20180926,1604.00,1600.00,463,7475165,11991875616.00,1540.00,1626.00,1549.00,1626.00
46772701938567445,20180929,1600.00,1612.00,540,5601920,8962785832.00,1555.00,1630.00,1604.00,1630.00
46772701938567445,20180930,1674.00,1680.00,1090,16559970,27724591994.00,1600.00,1680.00,1600.00,1630.00
46772701938567445,20181001,1637.00,1640.00,746,8432026,13800219122.00,1591.00,1752.00,1674.00,1738.00
46772701938567445,20181002,1591.00,1556.00,198,2187275,3480097888.00,1556.00,1689.00,1637.00,1689.00
46772701938567445,20181003,1519.00,1549.00,454,6521613,9904209466.00,1512.00,1600.00,1591.00,1512.00
46772701938567445,20181006,1471.00,1444.00,468,6911130,10168709476.00,1444.00,1594.00,1519.00,1541.00
46772701938567445,20181007,1398.00,1398.00,43,315879,441598842.00,1398.00,1398.00,1471.00,1398.00
46772701938567445,20181008,1329.00,1329.00,192,4009778,5328994962.00,1329.00,1329.00,1398.00,1329.00
46772701938567445,20181009,1373.00,1355.00,408,7466409,10252353959.00,1310.00,1395.00,1329.00,1310.00
46772701938567445,20181010,1328.00,1312.00,183,2179228,2893972072.00,1312.00,1360.00,1373.00,1355.00
46772701938567445,20181013,1262.00,1262.00,178,2648798,3341780064.00,1208.00,1328.00,1328.00,1305.00
46772701938567445,20181014,1316.00,1300.00,267,3472630,4570723040.00,1241.00,1325.00,1262.00,1241.00
46772701938567445,20181015,1381.00,1381.00,320,4860775,6711178165.00,1344.00,1381.00,1316.00,1381.00
46772701938567445,20181016,1383.00,1378.00,181,2556208,3535837222.00,1347.00,1444.00,1381.00,1444.00
46772701938567445,20181017,1449.00,1452.00,586,10261900,14870217348.00,1370.00,1452.00,1383.00,1400.00
46772701938567445,20181020,1521.00,1521.00,6,96128,146210688.00,1521.00,1521.00,1449.00,1521.00
46772701938567445,20181021,1560.00,1549.00,275,4546971,7094230548.00,1502.00,1600.00,1521.00,1547.00
46772701938567445,20181022,1485.00,1500.00,420,4951549,7351862554.00,1482.00,1550.00,1560.00,1501.00
46772701938567445,20181023,1437.00,1460.00,146,1205855,1733253872.00,1415.00,1499.00,1485.00,1434.00
46772701938567445,20181024,1468.00,1508.00,305,4079732,5990598215.00,1392.00,1508.00,1437.00,1490.00
46772701938567445,20181027,1454.00,1480.00,192,2405947,3498511846.00,1420.00,1505.00,1468.00,1505.00
46772701938567445,20181028,1512.00,1510.00,207,2324444,3513449406.00,1446.00,1526.00,1454.00,1446.00
46772701938567445,20181029,1512.00,1500.00,127,1122664,1697815983.00,1493.00,1549.00,1512.00,1533.00
46772701938567445,20181031,1479.00,1470.00,132,1340588,1983004978.00,1451.00,1541.00,1512.00,1459.00
46772701938567445,20181103,1452.00,1459.00,82,1110930,1613534832.00,1432.00,1499.00,1479.00,1487.00
46772701938567445,20181104,1420.00,1430.00,98,1231203,1748662284.00,1391.00,1464.00,1452.00,1440.00
46772701938567445,20181105,1452.00,1470.00,43,317454,460883336.00,1431.00,1484.00,1420.00,1431.00
46772701938567445,20181106,1436.00,1460.00,106,529725,760628111.00,1415.00,1467.00,1452.00,1467.00
46772701938567445,20181110,1415.00,1400.00,108,903713,1279061563.00,1371.00,1485.00,1436.00,1448.00
46772701938567445,20181111,1403.00,1419.00,77,982894,1379362513.00,1391.00,1420.00,1415.00,1392.00
46772701938567445,20181112,1401.00,1418.00,393,4413922,6182616435.00,1391.00,1433.00,1403.00,1402.00
46772701938567445,20181113,1433.00,1430.00,106,1249362,1789995666.00,1412.00,1454.00,1401.00,1442.00
46772701938567445,20181114,1418.00,1401.00,34,249306,353559447.00,1395.00,1450.00,1433.00,1395.00
46772701938567445,20181117,1398.00,1400.00,104,862070,1205537684.00,1381.00,1412.00,1418.00,1391.00
46772701938567445,20181118,1358.00,1385.00,78,803275,1090778222.00,1336.00,1400.00,1398.00,1400.00
46772701938567445,20181119,1403.00,1404.00,46,242266,339848944.00,1388.00,1415.00,1358.00,1410.00
46772701938567445,20181120,1412.00,1425.00,66,691763,976541867.00,1377.00,1425.00,1403.00,1410.00
46772701938567445,20181121,1413.00,1420.00,128,2233795,3155896345.00,1388.00,1439.00,1412.00,1438.00
46772701938567445,20181124,1413.00,1420.00,0,0,0.00,0.00,0.00,1413.00,0.00
46772701938567445,20181126,1413.00,1420.00,0,0,0.00,0.00,0.00,1413.00,0.00
46772701938567445,20181127,1413.00,1420.00,0,0,0.00,0.00,0.00,1413.00,0.00
46772701938567445,20181128,1413.00,1420.00,0,0,0.00,0.00,0.00,1413.00,0.00
46772701938567445,20181201,1413.00,1420.00,0,0,0.00,0.00,0.00,1413.00,0.00
46772701938567445,20181202,1413.00,1420.00,0,0,0.00,0.00,0.00,1413.00,0.00
46772701938567445,20181203,1413.00,1420.00,0,0,0.00,0.00,0.00,1413.00,0.00
46772701938567445,20181204,1413.00,1420.00,0,0,0.00,0.00,0.00,1413.00,0.00
46772701938567445,20181205,1413.00,1420.00,0,0,0.00,0.00,0.00,1413.00,0.00
46772701938567445,20181208,1413.00,1420.00,0,0,0.00,0.00,0.00,1413.00,0.00
46772701938567445,20181209,1413.00,1420.00,0,0,0.00,0.00,0.00,1413.00,0.00
46772701938567445,20181210,1428.00,1400.00,81,953741,1362057749.00,1382.00,1478.00,1413.00,1403.00
46772701938567445,20181211,1428.00,1400.00,0,0,0.00,0.00,0.00,1428.00,0.00
46772701938567445,20181212,1364.00,1360.00,144,1259094,1717804021.00,1357.00,1398.00,1428.00,1398.00
46772701938567445,20181215,1307.00,1310.00,182,1814869,2371148223.00,1296.00,1357.00,1364.00,1350.00
46772701938567445,20181216,1269.00,1300.00,118,1164602,1478452363.00,1256.00,1330.00,1307.00,1296.00
46772701938567445,20181217,1275.00,1268.00,67,653052,832354629.00,1260.00,1301.00,1269.00,1301.00
46772701938567445,20181218,1266.00,1261.00,48,483882,612694932.00,1260.00,1286.00,1275.00,1286.00
46772701938567445,20181219,1249.00,1268.00,96,1033830,1290802336.00,1220.00,1308.00,1266.00,1270.00
46772701938567445,20181222,1228.00,1220.00,100,579331,711260962.00,1211.00,1260.00,1249.00,1237.00
46772701938567445,20181223,1271.00,1270.00,64,662880,842605658.00,1253.00,1286.00,1228.00,1253.00
46772701938567445,20181224,1254.00,1253.00,56,344315,431622440.00,1231.00,1274.00,1271.00,1260.00
46772701938567445,20181225,1252.00,1240.00,26,258925,324195794.00,1240.00,1271.00,1254.00,1265.00
46772701938567445,20181226,1251.00,1260.00,37,359782,450041645.00,1241.00,1269.00,1252.00,1241.00
46772701938567445,20181229,1257.00,1265.00,41,216251,271769615.00,1226.00,1270.00,1251.00,1226.00
46772701938567445,20181230,1282.00,1280.00,94,748538,959298661.00,1260.00,1288.00,1257.00,1260.00
46772701938567445,20181231,1268.00,1270.00,59,559506,709606215.00,1258.00,1310.00,1282.00,1310.00
46772701938567445,20190101,1278.00,1280.00,44,576611,737102940.00,1270.00,1290.00,1268.00,1290.00
46772701938567445,20190102,1297.00,1283.00,106,1048860,1360484991.00,1283.00,1304.00,1278.00,1295.00
46772701938567445,20190105,1311.00,1329.00,120,824915,1081781792.00,1300.00,1330.00,1297.00,1300.00
46772701938567445,20190106,1302.00,1320.00,134,4405227,5734215043.00,1300.00,1338.00,1311.00,1337.00
46772701938567445,20190107,1332.00,1330.00,58,334152,444927974.00,1320.00,1340.00,1302.00,1340.00
46772701938567445,20190108,1364.00,1360.00,261,3832397,5227180891.00,1333.00,1390.00,1332.00,1333.00
46772701938567445,20190109,1348.00,1361.00,322,4210807,5674200469.00,1338.00,1405.00,1364.00,1395.00
46772701938567445,20190112,1352.00,1337.00,227,1851598,2502944157.00,1337.00,1366.00,1348.00,1350.00
46772701938567445,20190113,1341.00,1354.00,185,1599548,2144675509.00,1325.00,1365.00,1352.00,1350.00
46772701938567445,20190114,1374.00,1379.00,144,1174254,1613823798.00,1355.00,1388.00,1341.00,1355.00
46772701938567445,20190115,1412.00,1431.00,461,4558934,6439443643.00,1378.00,1434.00,1374.00,1381.00
46772701938567445,20190116,1412.00,1431.00,0,0,0.00,0.00,0.00,1412.00,0.00
46772701938567445,20190119,1412.00,1431.00,0,0,0.00,0.00,0.00,1412.00,0.00
46772701938567445,20190120,1412.00,1431.00,0,0,0.00,0.00,0.00,1412.00,0.00
46772701938567445,20190121,1412.00,1431.00,0,0,0.00,0.00,0.00,1412.00,0.00
46772701938567445,20190122,1412.00,1431.00,0,0,0.00,0.00,0.00,1412.00,0.00
46772701938567445,20190123,1412.00,1431.00,0,0,0.00,0.00,0.00,1412.00,0.00
46772701938567445,20190126,1412.00,1431.00,0,0,0.00,0.00,0.00,1412.00,0.00
46772701938567445,20190127,1112.00,1131.00,0,0,0.00,0.00,0.00,1112.00,0.00
46772701938567445,20190128,1131.00,1125.00,173,1492816,1688544864.00,1101.00,1151.00,1093.00,1151.00
46772701938567445,20190129,1131.00,1130.00,183,1537159,1738084629.00,1110.00,1147.00,1131.00,1130.00
46772701938567445,20190130,1113.00,1116.00,213,1252023,1393607400.00,1095.00,1140.00,1131.00,1140.00
46772701938567445,20190202,1157.00,1168.00,372,4708217,5445656988.00,1125.00,1168.00,1113.00,1125.00
46772701938567445,20190203,1144.00,1149.00,187,1614032,1845994395.00,1125.00,1184.00,1157.00,1184.00
46772701938567445,20190204,1142.00,1126.00,178,1767640,2017898421.00,1120.00,1180.00,1144.00,1158.00
46772701938567445,20190205,1135.00,1146.00,97,907804,1030290688.00,1112.00,1149.00,1142.00,1121.00
46772701938567445,20190206,1158.00,1162.00,527,2314964,2680630744.00,1145.00,1185.00,1135.00,1145.00
46772701938567445,20190210,1163.00,1154.00,123,1330794,1547833902.00,1148.00,1179.00,1158.00,1160.00
46772701938567445,20190212,1151.00,1150.00,80,633859,729445046.00,1146.00,1174.00,1163.00,1174.00
46772701938567445,20190213,1129.00,1125.00,92,523850,591666159.00,1122.00,1141.00,1151.00,1137.00
46772701938567445,20190216,1130.00,1129.00,58,523940,592235027.00,1120.00,1138.00,1129.00,1129.00
46772701938567445,20190217,1120.00,1106.00,70,658972,737962687.00,1106.00,1129.00,1130.00,1122.00
46772701938567445,20190218,1104.00,1096.00,112,1364353,1506812787.00,1081.00,1125.00,1120.00,1106.00
46772701938567445,20190219,1095.00,1094.00,54,549872,601894589.00,1082.00,1115.00,1104.00,1105.00
46772701938567445,20190220,1098.00,1106.00,77,786888,863939892.00,1086.00,1120.00,1095.00,1120.00
46772701938567445,20190223,1109.00,1110.00,100,930157,1031225098.00,1100.00,1125.00,1098.00,1115.00
46772701938567445,20190224,1107.00,1120.00,114,1629379,1802936751.00,1100.00,1128.00,1109.00,1128.00
46772701938567445,20190225,1115.00,1120.00,61,546328,609291475.00,1097.00,1127.00,1107.00,1100.00
46772701938567445,20190226,1117.00,1120.00,80,904023,1009492522.00,1111.00,1120.00,1115.00,1115.00
46772701938567445,20190227,1109.00,1113.00,128,1031905,1143956314.00,1096.00,1119.00,1117.00,1097.00
46772701938567445,20190302,1102.00,1104.00,79,752234,829009739.00,1097.00,1119.00,1109.00,1101.00
46772701938567445,20190303,1120.00,1124.00,69,780083,873418830.00,1116.00,1124.00,1102.00,1119.00
46772701938567445,20190304,1136.00,1140.00,103,1086614,1233947933.00,1110.00,1143.00,1120.00,1129.00
46772701938567445,20190305,1128.00,1122.00,46,310956,350868435.00,1122.00,1139.00,1136.00,1130.00
46772701938567445,20190306,1142.00,1149.00,52,351429,401312312.00,1115.00,1149.00,1128.00,1115.00
46772701938567445,20190309,1119.00,1141.00,15,80723,90356431.00,1117.00,1148.00,1142.00,1120.00
46772701938567445,20190310,1137.00,1130.00,101,1384712,1574615098.00,1119.00,1146.00,1119.00,1126.00
46772701938567445,20190311,1124.00,1126.00,87,1473003,1655870959.00,1120.00,1130.00,1137.00,1123.00
46772701938567445,20190312,1127.00,1140.00,45,596750,672821308.00,1114.00,1140.00,1124.00,1114.00
46772701938567445,20190313,1134.00,1119.00,92,1391662,1577495666.00,1117.00,1150.00,1127.00,1145.00
46772701938567445,20190316,1156.00,1171.00,84,803198,928896301.00,1128.00,1171.00,1134.00,1140.00
46772701938567445,20190317,1208.00,1213.00,521,9589744,11586709903.00,1170.00,1213.00,1156.00,1171.00
46772701938567445,20190318,1215.00,1198.00,173,1708768,2076301108.00,1190.00,1255.00,1208.00,1218.00
46772701938567445,20190319,1205.00,1201.00,107,945292,1139230288.00,1197.00,1240.00,1215.00,1198.00
46772701938567445,20190325,1203.00,1202.00,20,144961,174338983.00,1183.00,1219.00,1205.00,1183.00
46772701938567445,20190326,1217.00,1218.00,50,219519,267217626.00,1192.00,1239.00,1203.00,1202.00
46772701938567445,20190327,1206.00,1221.00,88,684921,825793673.00,1195.00,1223.00,1217.00,1209.00
46772701938567445,20190330,1224.00,1229.00,91,692384,847430821.00,1202.00,1239.00,1206.00,1238.00
46772701938567445,20190331,1212.00,1194.00,222,2526986,3062584507.00,1194.00,1265.00,1224.00,1245.00
46772701938567445,20190406,1201.00,1200.00,247,3673042,4412890035.00,1190.00,1232.00,1212.00,1212.00
46772701938567445,20190407,1211.00,1230.00,305,5526963,6694432638.00,1200.00,1248.00,1201.00,1203.00
46772701938567445,20190408,1237.00,1231.00,215,2583271,3194393387.00,1212.00,1247.00,1211.00,1241.00
46772701938567445,20190409,1236.00,1220.00,365,6341296,7839236878.00,1200.00,1269.00,1237.00,1206.00
46772701938567445,20190410,1239.00,1254.00,243,3422613,4241754598.00,1225.00,1264.00,1236.00,1243.00
46772701938567445,20190413,1238.00,1259.00,253,3509376,4345635476.00,1230.00,1262.00,1239.00,1260.00
46772701938567445,20190414,1261.00,1280.00,292,3358410,4235940640.00,1228.00,1295.00,1238.00,1241.00
46772701938567445,20190415,1316.00,1314.00,194,1800399,2370099485.00,1285.00,1324.00,1261.00,1285.00
46772701938567445,20190416,1289.00,1270.00,97,732091,943938948.00,1268.00,1322.00,1316.00,1322.00
46772701938567445,20190417,1261.00,1275.00,157,1990953,2510261217.00,1255.00,1281.00,1289.00,1266.00
46772701938567445,20190420,1306.00,1324.00,295,3543598,4626309808.00,1256.00,1324.00,1261.00,1294.00
46772701938567445,20190422,1309.00,1265.00,362,4239088,5549561748.00,1255.00,1360.00,1306.00,1360.00
46772701938567445,20190423,1281.00,1299.00,103,559145,715995480.00,1270.00,1299.00,1309.00,1275.00
46772701938567445,20190424,1285.00,1280.00,119,955886,1228552387.00,1274.00,1306.00,1281.00,1277.00
46772701938567445,20190427,1297.00,1287.00,104,628445,814825117.00,1281.00,1331.00,1285.00,1331.00
46772701938567445,20190428,1333.00,1361.00,329,3450984,4598912504.00,1270.00,1361.00,1297.00,1296.00
46772701938567445,20190429,1382.00,1380.00,133,1066365,1473461355.00,1335.00,1399.00,1333.00,1335.00
46772701938567445,20190430,1392.00,1389.00,46,585496,814946650.00,1353.00,1443.00,1382.00,1401.00
46772701938567445,20190501,1368.00,1380.00,144,966527,1322501262.00,1340.00,1390.00,1392.00,1390.00
46772701938567445,20190504,1413.00,1425.00,317,3376819,4773036007.00,1362.00,1436.00,1368.00,1399.00
46772701938567445,20190505,1385.00,1393.00,228,2808663,3890030598.00,1343.00,1434.00,1413.00,1434.00
46772701938567445,20190506,1344.00,1346.00,196,1991152,2676006897.00,1319.00,1401.00,1385.00,1400.00
46772701938567445,20190507,1280.00,1277.00,174,2146562,2748414393.00,1277.00,1370.00,1344.00,1370.00
46772701938567445,20190508,1317.00,1342.00,182,2544027,3349244886.00,1220.00,1344.00,1280.00,1220.00
46772701938567445,20190511,1322.00,1299.00,173,1938818,2563898289.00,1262.00,1382.00,1317.00,1340.00
46772701938567445,20190512,1260.00,1260.00,110,1126309,1419169133.00,1256.00,1303.00,1322.00,1303.00
46772701938567445,20190513,1300.00,1300.00,34,83544,108613412.00,1262.00,1319.00,1260.00,1262.00
46772701938567445,20190514,1333.00,1334.00,153,1577000,2102324249.00,1298.00,1360.00,1300.00,1310.00
46772701938567445,20190515,1293.00,1280.00,137,1366562,1766285527.00,1280.00,1330.00,1333.00,1306.00
46772701938567445,20190518,1319.00,1327.00,158,1484572,1958078755.00,1297.00,1350.00,1293.00,1340.00
46772701938567445,20190519,1383.00,1384.00,465,8584887,11876909418.00,1348.00,1384.00,1319.00,1380.00
46772701938567445,20190520,1345.00,1334.00,156,1467136,1973132223.00,1314.00,1430.00,1383.00,1430.00
46772701938567445,20190521,1355.00,1350.00,133,1508126,2043882863.00,1321.00,1400.00,1345.00,1400.00
46772701938567445,20190522,1346.00,1330.00,151,1648744,2218389618.00,1323.00,1397.00,1355.00,1397.00
46772701938567445,20190525,1350.00,1335.00,55,467334,630954289.00,1326.00,1397.00,1346.00,1370.00
46772701938567445,20190526,1350.00,1374.00,117,723664,976756771.00,1325.00,1377.00,1350.00,1377.00
46772701938567445,20190528,1391.00,1360.00,371,2809919,3908421668.00,1358.00,1417.00,1350.00,1358.00
46772701938567445,20190529,1394.00,1360.00,332,3039205,4236400395.00,1360.00,1430.00,1391.00,1360.00
46772701938567445,20190601,1365.00,1360.00,163,1243962,1698265724.00,1334.00,1420.00,1394.00,1419.00
46772701938567445,20190602,1375.00,1370.00,194,1768580,2431247064.00,1335.00,1391.00,1365.00,1340.00
46772701938567445,20190603,1377.00,1360.00,138,1621905,2233114745.00,1348.00,1392.00,1375.00,1376.00
46772701938567445,20190608,1375.00,1404.00,438,4897066,6732796879.00,1348.00,1405.00,1377.00,1396.00
46772701938567445,20190609,1441.00,1443.00,484,6575362,9472053760.00,1410.00,1443.00,1375.00,1425.00
46772701938567445,20190610,1511.00,1513.00,949,12232341,18479430448.00,1452.00,1513.00,1441.00,1457.00
46772701938567445,20190611,1504.00,1530.00,539,5521283,8302416795.00,1460.00,1550.00,1511.00,1550.00
46772701938567445,20190612,1577.00,1579.00,1321,19889750,31360993750.00,1536.00,1579.00,1504.00,1568.00
46772701938567445,20190615,1652.00,1655.00,489,6537479,10801646602.00,1590.00,1655.00,1577.00,1590.00
46772701938567445,20190616,1648.00,1590.00,884,8206140,13520759950.00,1572.00,1727.00,1652.00,1690.00
46772701938567445,20190617,1572.00,1566.00,296,3178361,4995869462.00,1566.00,1650.00,1648.00,1650.00
46772701938567445,20190618,1575.00,1531.00,468,4005479,6308230634.00,1520.00,1630.00,1572.00,1530.00
46772701938567445,20190619,1539.00,1561.00,500,4552118,7004046260.00,1497.00,1600.00,1575.00,1597.00
46772701938567445,20190622,1552.00,1580.00,256,1994473,3094970784.00,1510.00,1587.00,1539.00,1585.00
46772701938567445,20190623,1597.00,1613.00,278,1905851,3043115164.00,1570.00,1619.00,1552.00,1571.00
46772701938567445,20190624,1604.00,1595.00,302,2332166,3741223591.00,1580.00,1640.00,1597.00,1622.00
46772701938567445,20190625,1575.00,1570.00,299,2659448,4188604367.00,1550.00,1608.00,1604.00,1560.00
46772701938567445,20190626,1573.00,1572.00,308,2980562,4689090437.00,1546.00,1608.00,1575.00,1608.00
46772701938567445,20190630,1593.00,1596.00,265,1680346,2677270022.00,1549.00,1620.00,1573.00,1600.00
46772701938567445,20190701,1558.00,1579.00,277,2423628,3776344264.00,1521.00,1609.00,1593.00,1609.00
46772701938567445,20190702,1582.00,1635.00,239,2292219,3625592246.00,1550.00,1635.00,1558.00,1609.00
46772701938567445,20190703,1659.00,1661.00,440,5603592,9294085551.00,1601.00,1661.00,1582.00,1630.00
46772701938567445,20190706,1656.00,1662.00,269,2177557,3605744212.00,1611.00,1684.00,1659.00,1684.00
46772701938567445,20190707,1637.00,1630.00,264,1431502,2343467538.00,1621.00,1688.00,1656.00,1688.00
46772701938567445,20190708,1710.00,1718.00,615,10265174,17549261087.00,1621.00,1718.00,1637.00,1639.00
46772701938567445,20190709,1795.00,1795.00,111,1441665,2587788675.00,1795.00,1795.00,1710.00,1795.00
46772701938567445,20190710,1878.00,1879.00,965,12859844,24145615281.00,1811.00,1884.00,1795.00,1884.00
46772701938567445,20190713,1797.00,1798.00,559,5627480,10110793453.00,1785.00,1910.00,1878.00,1910.00
46772701938567445,20190714,1784.00,1800.00,473,3938036,7027345536.00,1720.00,1820.00,1797.00,1820.00
46772701938567445,20190715,1782.00,1760.00,181,1709733,3046173454.00,1760.00,1801.00,1784.00,1800.00
46772701938567445,20190716,1696.00,1693.00,209,2249867,3815248641.00,1693.00,1751.00,1782.00,1751.00
46772701938567445,20190717,1669.00,1684.00,270,2345934,3914495654.00,1625.00,1750.00,1696.00,1666.00
46772701938567445,20190720,1636.00,1628.00,131,823159,1346917881.00,1610.00,1730.00,1669.00,1618.00
46772701938567445,20190721,1647.00,1626.00,151,1155681,1903293160.00,1606.00,1671.00,1636.00,1606.00
46772701938567445,20190722,1631.00,1645.00,162,1419090,2313951422.00,1610.00,1663.00,1647.00,1661.00
46772701938567445,20190723,1588.00,1601.00,160,1138219,1807415976.00,1551.00,1659.00,1631.00,1659.00
46772701938567445,20190724,1612.00,1611.00,111,743323,1198209351.00,1590.00,1649.00,1588.00,1649.00
46772701938567445,20190727,1611.00,1614.00,133,740882,1193597880.00,1590.00,1647.00,1612.00,1643.00
46772701938567445,20190728,1574.00,1584.00,221,1595329,2511127958.00,1558.00,1637.00,1611.00,1611.00
46772701938567445,20190729,1586.00,1585.00,100,754660,1197212944.00,1565.00,1600.00,1574.00,1580.00
46772701938567445,20190730,1573.00,1574.00,161,1444984,2273068150.00,1566.00,1600.00,1586.00,1600.00
46772701938567445,20190731,1635.00,1649.00,352,2970699,4858227920.00,1560.00,1651.00,1573.00,1565.00
46772701938567445,20190803,1657.00,1650.00,225,1342155,2224466824.00,1630.00,1699.00,1635.00,1637.00
46772701938567445,20190804,1651.00,1645.00,167,1336800,2207714471.00,1625.00,1696.00,1657.00,1696.00
46772701938567445,20190805,1705.00,1733.00,493,6344757,10816967318.00,1628.00,1733.00,1651.00,1637.00
46772701938567445,20190806,1654.00,1653.00,421,3845810,6361663680.00,1620.00,1760.00,1705.00,1760.00
46772701938567445,20190807,1633.00,1656.00,207,1862363,3042006816.00,1610.00,1664.00,1654.00,1664.00
46772701938567445,20190810,1696.00,1714.00,337,3736816,6339115521.00,1661.00,1714.00,1633.00,1690.00
46772701938567445,20190811,1776.00,1780.00,634,7985722,14185814832.00,1714.00,1780.00,1696.00,1720.00
46772701938567445,20190813,1864.00,1864.00,58,408145,760782280.00,1864.00,1864.00,1776.00,1864.00
46772701938567445,20190814,1957.00,1957.00,103,740491,1449140887.00,1957.00,1957.00,1864.00,1957.00
46772701938567445,20190817,2054.00,2054.00,192,3399381,6982328574.00,2054.00,2054.00,1957.00,2054.00
46772701938567445,20190818,2156.00,2156.00,1053,18279533,39410332148.00,2149.00,2156.00,2054.00,2156.00
46772701938567445,20190819,2263.00,2263.00,804,16428323,37176394949.00,2245.00,2263.00,2156.00,2263.00
46772701938567445,20190821,2331.00,2376.00,1111,12883666,30026349837.00,2151.00,2376.00,2263.00,2375.00
46772701938567445,20190824,2430.00,2392.00,25,387571,941721530.00,2392.00,2430.00,2331.00,2430.00
46772701938567445,20190825,2430.00,2392.00,0,0,0.00,0.00,0.00,2430.00,0.00
46772701938567445,20190826,2674.00,2678.00,391,5495472,14695943688.00,2424.00,2678.00,2430.00,2551.00
46772701938567445,20190827,2778.00,2807.00,1434,17829158,49528790566.00,2686.00,2807.00,2674.00,2790.00
46772701938567445,20190828,2830.00,2916.00,708,7198161,20368179062.00,2681.00,2916.00,2778.00,2721.00
46772701938567445,20190831,2710.00,2720.00,284,3387403,9178440987.00,2689.00,2870.00,2830.00,2690.00
46772701938567445,20190901,2799.00,2845.00,372,3289695,9206270999.00,2580.00,2845.00,2710.00,2711.00
46772701938567445,20190902,2818.00,2780.00,360,2518264,7095324138.00,2667.00,2929.00,2799.00,2870.00
46772701938567445,20190903,2764.00,2770.00,295,2070778,5724162867.00,2700.00,2818.00,2818.00,2818.00
46772701938567445,20190904,2893.00,2902.00,157,1866627,5400503042.00,2796.00,2902.00,2764.00,2800.00
46772701938567445,20190907,3022.00,3037.00,185,1875296,5666561169.00,2970.00,3037.00,2893.00,3000.00
46772701938567445,20190908,3173.00,3173.00,453,7981634,25324067642.00,3105.00,3173.00,3022.00,3173.00
46772701938567445,20190911,3325.00,3331.00,668,6179755,20546562154.00,3181.00,3331.00,3173.00,3328.00
46772701938567445,20190914,3485.00,3491.00,246,3095671,10788373048.00,3444.00,3491.00,3325.00,3489.00
46772701938567445,20190915,3324.00,3314.00,1108,13060853,43420137010.00,3311.00,3600.00,3485.00,3600.00
46772701938567445,20190916,3187.00,3163.00,1263,17501433,55769324694.00,3158.00,3408.00,3324.00,3236.00
46772701938567445,20190917,3033.00,3028.00,606,7202614,21846407471.00,3028.00,3163.00,3187.00,3163.00
46772701938567445,20190918,2940.00,2997.00,290,2096465,6164609936.00,2882.00,3040.00,3033.00,2923.00
46772701938567445,20190921,3083.00,3087.00,378,4124154,12716789626.00,3004.00,3087.00,2940.00,3004.00
46772701938567445,20190922,3228.00,3237.00,249,2298017,7418225160.00,3152.00,3237.00,3083.00,3177.00
46772701938567445,20190923,3388.00,3389.00,956,19522407,66149598893.00,3351.00,3389.00,3228.00,3379.00
46772701938567445,20190924,3484.00,3557.00,812,6667229,23230644721.00,3261.00,3557.00,3388.00,3399.00
46772701938567445,20190925,3650.00,3658.00,364,3188218,11637736859.00,3500.00,3658.00,3484.00,3550.00
46772701938567445,20190928,3804.00,3743.00,508,3896854,14823200910.00,3660.00,3832.00,3650.00,3660.00
46772701938567445,20190929,3742.00,3830.00,406,4690734,17552703509.00,3680.00,3830.00,3804.00,3808.00
46772701938567445,20190930,3926.00,3929.00,430,3657303,14358067389.00,3800.00,3929.00,3742.00,3820.00
46772701938567445,20191001,3998.00,4065.00,506,6234409,24927036242.00,3852.00,4099.00,3926.00,4089.00
46772701938567445,20191002,4118.00,4170.00,668,9064714,37327047653.00,3874.00,4197.00,3998.00,4005.00
46772701938567445,20191005,3961.00,3913.00,598,6717413,26607961787.00,3913.00,4295.00,4118.00,4295.00
46772701938567445,20191006,3763.00,3763.00,312,3570890,13437381538.00,3763.00,3830.00,3961.00,3763.00
46772701938567445,20191007,3635.00,3644.00,339,2881247,10472138119.00,3575.00,3875.00,3763.00,3730.00
46772701938567445,20191008,3511.00,3659.00,581,8208683,28821611108.00,3454.00,3685.00,3635.00,3580.00
46772701938567445,20191009,3680.00,3686.00,497,4813510,17714860244.00,3560.00,3686.00,3511.00,3560.00
46772701938567445,20191012,3780.00,3796.00,368,4646338,17564862912.00,3630.00,3839.00,3680.00,3839.00
46772701938567445,20191013,3620.00,3591.00,364,3593573,13007426676.00,3591.00,3859.00,3780.00,3859.00
46772701938567445,20191014,3580.00,3758.00,343,4164197,14907128161.00,3439.00,3758.00,3620.00,3728.00
46772701938567445,20191015,3504.00,3599.00,289,4036025,14143875155.00,3401.00,3730.00,3580.00,3730.00
46772701938567445,20191016,3514.00,3500.00,136,1310778,4606384038.00,3360.00,3600.00,3504.00,3448.00
46772701938567445,20191020,3364.00,3339.00,148,1308728,4402388093.00,3339.00,3500.00,3514.00,3401.00
46772701938567445,20191021,3499.00,3532.00,377,3596428,12583895499.00,3215.00,3532.00,3364.00,3265.00
46772701938567445,20191022,3631.00,3670.00,158,1178678,4280050107.00,3500.00,3673.00,3499.00,3673.00
46772701938567445,20191023,3727.00,3792.00,205,968383,3608686083.00,3570.00,3800.00,3631.00,3689.00
46772701938567445,20191026,3759.00,3790.00,169,753280,2831710375.00,3733.00,3810.00,3727.00,3777.00
46772701938567445,20191028,3785.00,3859.00,134,912984,3455416442.00,3693.00,3859.00,3759.00,3811.00
46772701938567445,20191030,3861.00,3889.00,179,1517965,5860349917.00,3771.00,3900.00,3785.00,3860.00
46772701938567445,20191102,3879.00,3930.00,335,2958956,11478238876.00,3772.00,3950.00,3861.00,3772.00
46772701938567445,20191103,3857.00,3799.00,193,1491723,5753402242.00,3780.00,3930.00,3879.00,3930.00
46772701938567445,20191104,3841.00,3771.00,216,1804564,6931613494.00,3763.00,3879.00,3857.00,3879.00
46772701938567445,20191105,3800.00,3761.00,58,465004,1767001248.00,3701.00,3854.00,3841.00,3701.00
46772701938567445,20191109,3726.00,3743.00,127,1343699,5006050804.00,3670.00,3850.00,3800.00,3727.00
46772701938567445,20191110,3624.00,3648.00,161,1755572,6362405929.00,3560.00,3800.00,3726.00,3800.00
46772701938567445,20191111,3748.00,3790.00,125,610215,2287230549.00,3686.00,3799.00,3624.00,3799.00
46772701938567445,20191112,3745.00,3779.00,55,299027,1119869724.00,3700.00,3799.00,3748.00,3799.00
46772701938567445,20191113,3734.00,3740.00,160,1142316,4265703373.00,3656.00,3800.00,3745.00,3800.00
46772701938567445,20191116,3673.00,3570.00,63,302391,1110827211.00,3570.00,3750.00,3734.00,3720.00
46772701938567445,20191117,3581.00,3595.00,107,663131,2374863909.00,3490.00,3770.00,3673.00,3554.00
46772701938567445,20191118,3580.00,3688.00,104,779620,2790996513.00,3436.00,3750.00,3581.00,3750.00
46772701938567445,20191119,3599.00,3679.00,76,352539,1268627338.00,3529.00,3700.00,3580.00,3606.00
46772701938567445,20191120,3634.00,3670.00,78,291413,1059020269.00,3600.00,3700.00,3599.00,3640.00
46772701938567445,20191123,3721.00,3680.00,46,95578,355671223.00,3673.00,3798.00,3634.00,3759.00
46772701938567445,20191124,3623.00,3592.00,71,465285,1685726213.00,3550.00,3796.00,3721.00,3680.00
46772701938567445,20191125,3622.00,3610.00,155,1000955,3625602053.00,3550.00,3700.00,3623.00,3600.00
46772701938567445,20191126,3798.00,3800.00,442,4448532,16897139170.00,3694.00,3803.00,3622.00,3694.00
46772701938567445,20191127,3841.00,3820.00,370,2844820,10925641226.00,3760.00,3899.00,3798.00,3815.00
46772701938567445,20191130,3994.00,4000.00,529,3654539,14597939820.00,3950.00,4032.00,3841.00,3980.00
46772701938567445,20191201,4058.00,4000.00,334,1471912,5972866131.00,3949.00,4140.00,3994.00,4100.00
46772701938567445,20191202,3881.00,3856.00,482,2511430,9747031459.00,3856.00,4000.00,4058.00,3999.00
46772701938567445,20191203,3856.00,3876.00,208,1119223,4315878652.00,3715.00,3998.00,3881.00,3856.00
46772701938567445,20191204,3878.00,3890.00,244,1120332,4344355669.00,3752.00,4000.00,3856.00,3760.00
46772701938567445,20191207,3998.00,3987.00,283,1393268,5570486228.00,3850.00,4049.00,3878.00,4049.00
46772701938567445,20191208,3969.00,4001.00,306,1694440,6724831730.00,3900.00,4040.00,3998.00,3998.00
46772701938567445,20191209,4156.00,4166.00,718,6504264,27031504430.00,3915.00,4167.00,3969.00,3915.00
46772701938567445,20191210,4236.00,4180.00,399,2375227,10060497997.00,4102.00,4344.00,4156.00,4239.00
46772701938567445,20191211,4119.00,4132.00,239,929479,3828168484.00,4025.00,4319.00,4236.00,4319.00
46772701938567445,20191214,4098.00,4083.00,307,1450665,5945038928.00,4025.00,4300.00,4119.00,4300.00
46772701938567445,20191215,3959.00,3950.00,427,2495627,9880764979.00,3894.00,4115.00,4098.00,4100.00
46772701938567445,20191216,3956.00,3905.00,309,1431443,5662607650.00,3855.00,4019.00,3959.00,3998.00
46772701938567445,20191217,4019.00,4100.00,533,4443321,17855666693.00,3833.00,4149.00,3956.00,3958.00
46772701938567445,20191218,4043.00,4001.00,394,2161128,8736631209.00,3979.00,4189.00,4019.00,4189.00
46772701938567445,20191221,3912.00,3900.00,505,3492377,13661067506.00,3841.00,4039.00,4043.00,4039.00
46772701938567445,20191222,3877.00,3902.00,323,1564983,6067637895.00,3819.00,3949.00,3912.00,3949.00
46772701938567445,20191223,3787.00,3766.00,697,3121984,11823277900.00,3684.00,3902.00,3877.00,3901.00
46772701938567445,20191224,3775.00,3864.00,443,2001175,7554452015.00,3700.00,3875.00,3787.00,3820.00
46772701938567445,20191225,3943.00,3963.00,781,6933175,27337168458.00,3800.00,3963.00,3775.00,3960.00
46772701938567445,20191228,4114.00,4099.00,1021,7075471,29106436829.00,4000.00,4140.00,3943.00,4024.00
46772701938567445,20191229,4116.00,4160.00,597,3733917,15369554427.00,3980.00,4160.00,4114.00,4126.00
46772701938567445,20191230,4091.00,4100.00,584,2879739,11781835619.00,3998.00,4240.00,4116.00,4240.00
46772701938567445,20191231,4181.00,4178.00,1096,5904914,24688418182.00,3985.00,4295.00,4091.00,4295.00
46772701938567445,20200101,4343.00,4390.00,958,12182277,52903732876.00,4186.00,4390.00,4181.00,4250.00
46772701938567445,20200104,4126.00,4126.00,68,689880,2846444880.00,4126.00,4126.00,4343.00,4126.00
46772701938567445,20200105,3998.00,3950.00,630,4750542,18993675908.00,3920.00,4297.00,4126.00,3920.00
46772701938567445,20200107,3848.00,3799.00,272,1711563,6585580481.00,3799.00,4070.00,3998.00,3871.00
46772701938567445,20200108,3772.00,3772.00,167,2390054,9015283688.00,3772.00,3772.00,3848.00,3772.00
46772701938567445,20200111,3847.00,3847.00,365,6097635,23457601778.00,3813.00,3847.00,3772.00,3847.00
46772701938567445,20200112,4027.00,4030.00,785,7721477,31095308826.00,3960.00,4039.00,3847.00,4039.00
46772701938567445,20200113,4062.00,4051.00,698,4163213,16909489721.00,4020.00,4158.00,4027.00,4158.00
46772701938567445,20200114,3913.00,4025.00,1160,7439041,29112497527.00,3859.00,4080.00,4062.00,4023.00
46772701938567445,20200115,4016.00,4017.00,991,4723394,18968149600.00,3950.00,4077.00,3913.00,4077.00
46772701938567445,20200118,4016.00,4017.00,0,0,0.00,0.00,0.00,4016.00,0.00
46772701938567445,20200119,4016.00,4017.00,0,0,0.00,0.00,0.00,4016.00,0.00
46772701938567445,20200120,4001.00,4001.00,11,29584,118365584.00,4001.00,4001.00,4016.00,4001.00
46772701938567445,20200121,3901.00,3854.00,685,3424849,13360930306.00,3850.00,4100.00,4001.00,4054.00
46772701938567445,20200122,3875.00,3900.00,620,3322173,12872178110.00,3780.00,3929.00,3901.00,3874.00
46772701938567445,20200125,4052.00,4029.00,1957,14054904,56957063807.00,3950.00,4068.00,3875.00,4060.00
46772701938567445,20200126,4215.00,4200.00,1270,9302877,39210619352.00,4100.00,4253.00,4052.00,4252.00
46772701938567445,20200127,4213.00,4200.00,847,3336057,14054291027.00,4075.00,4278.00,4215.00,4215.00
46772701938567445,20200128,4352.00,4293.00,1204,6982057,30383963349.00,4230.00,4400.00,4213.00,4230.00
46772701938567445,20200201,4352.00,4293.00,0,0,0.00,0.00,0.00,4352.00,0.00
46772701938567445,20200202,4352.00,4293.00,0,0,0.00,0.00,0.00,4352.00,0.00
46772701938567445,20200203,4352.00,4293.00,0,0,0.00,0.00,0.00,4352.00,0.00
46772701938567445,20200204,4352.00,4293.00,0,0,0.00,0.00,0.00,4352.00,0.00
46772701938567445,20200205,4646.00,4713.00,945,10582847,49170336612.00,4324.00,4713.00,4307.00,4489.00
46772701938567445,20200208,4815.00,4855.00,1817,15374687,74031275611.00,4614.00,4878.00,4646.00,4878.00
46772701938567445,20200209,4646.00,4648.00,1130,4588530,21317597763.00,4575.00,4990.00,4815.00,4990.00
46772701938567445,20200210,4696.00,4646.00,1204,8752445,41101156544.00,4442.00,4878.00,4646.00,4865.00
46772701938567445,20200212,4846.00,4826.00,1083,7393374,35828582951.00,4770.00,4930.00,4696.00,4930.00
46772701938567445,20200215,5019.00,4999.00,1610,12641321,63441575567.00,4963.00,5088.00,4846.00,5088.00
46772701938567445,20200216,5006.00,4970.00,1306,7854542,39317258217.00,4850.00,5255.00,5019.00,5255.00
46772701938567445,20200217,4836.00,4800.00,1262,6837930,33070612128.00,4756.00,5076.00,5006.00,5076.00
46772701938567445,20200218,4636.00,4600.00,903,4803875,22269832728.00,4595.00,4847.00,4836.00,4808.00
46772701938567445,20200219,4830.00,4867.00,2692,23414897,113100967878.00,4462.00,4867.00,4636.00,4626.00
46772701938567445,20200222,5028.00,5071.00,1870,13322288,66979893419.00,4589.00,5071.00,4830.00,4589.00
46772701938567445,20200223,5062.00,4989.00,3486,20551312,104039510253.00,4970.00,5275.00,5028.00,5275.00
46772701938567445,20200224,4947.00,4950.00,2045,8839236,43726871613.00,4850.00,5149.00,5062.00,5149.00
46772701938567445,20200225,5085.00,5145.00,1765,8317836,42293124079.00,4860.00,5190.00,4947.00,4879.00
46772701938567445,20200226,5068.00,4960.00,1616,7913344,40108764655.00,4900.00,5272.00,5085.00,5194.00
46772701938567445,20200229,4823.00,4815.00,1106,7263595,35032155385.00,4815.00,4948.00,5068.00,4948.00
46772701938567445,20200301,4853.00,4730.00,1224,5502370,26703664876.00,4701.00,4950.00,4823.00,4950.00
46772701938567445,20200302,4942.00,5000.00,2668,13701172,67705239373.00,4733.00,5090.00,4853.00,4925.00
46772701938567445,20200303,5189.00,5189.00,1917,18348120,95208181833.00,5188.00,5189.00,4942.00,5189.00
46772701938567445,20200304,5445.00,5448.00,1761,22293720,121380445454.00,5249.00,5448.00,5189.00,5440.00
46772701938567445,20200307,5507.00,5380.00,1672,9866680,54334075554.00,5173.00,5717.00,5445.00,5450.00
46772701938567445,20200309,5251.00,5232.00,978,8719513,45670139628.00,5232.00,5380.00,5507.00,5232.00
46772701938567445,20200310,5084.00,4989.00,777,6214258,31093733275.00,4989.00,5137.00,5251.00,4992.00
46772701938567445,20200311,4921.00,4830.00,1591,7829546,38309825462.00,4830.00,5080.00,5084.00,4989.00
46772701938567445,20200314,4921.00,4830.00,0,0,0.00,0.00,0.00,4921.00,0.00
46772701938567445,20200315,4921.00,4830.00,0,0,0.00,0.00,0.00,4921.00,0.00
46772701938567445,20200316,4474.00,4391.00,0,0,0.00,0.00,0.00,4474.00,0.00
46772701938567445,20200317,4474.00,4391.00,0,0,0.00,0.00,0.00,4474.00,0.00
46772701938567445,20200318,4503.00,4601.00,711,4846160,22009512860.00,4251.00,4697.00,4474.00,4697.00
46772701938567445,20200324,4447.00,4398.00,1126,5072214,22221790470.00,4278.00,4500.00,4503.00,4433.00
46772701938567445,20200325,4449.00,4497.00,1939,9813428,43662461050.00,4300.00,4598.00,4447.00,4400.00
46772701938567445,20200328,4596.00,4671.00,1068,8263813,38413768569.00,4540.00,4671.00,4449.00,4640.00
46772701938567445,20200329,4789.00,4825.00,1876,10492135,50390547234.00,4657.00,4825.00,4596.00,4825.00
46772701938567445,20200330,4923.00,5028.00,1471,7250259,36225749575.00,4825.00,5028.00,4789.00,5001.00
46772701938567445,20200404,5111.00,5169.00,1328,8062340,41604762604.00,5051.00,5169.00,4923.00,5169.00
46772701938567445,20200405,5128.00,5170.00,1743,7528129,38645786245.00,4888.00,5366.00,5111.00,5160.00
46772701938567445,20200406,5042.00,5110.00,1458,7692861,38579562568.00,4880.00,5200.00,5128.00,5128.00
46772701938567445,20200407,5096.00,5232.00,1656,9723793,49571023231.00,4925.00,5250.00,5042.00,5000.00
46772701938567445,20200408,5286.00,5350.00,629,7620966,40764325205.00,5251.00,5350.00,5096.00,5350.00
46772701938567445,20200411,5481.00,5550.00,1256,12555419,68820021340.00,5201.00,5550.00,5286.00,5525.00
46772701938567445,20200412,5692.00,5755.00,715,7539751,43323195811.00,5556.00,5755.00,5481.00,5754.00
46772701938567445,20200413,5972.00,5976.00,851,18752309,111992025463.00,5852.00,5976.00,5692.00,5974.00
46772701938567445,20200414,6260.00,6270.00,1582,23365448,146276413509.00,6000.00,6270.00,5972.00,6270.00
46772701938567445,20200415,6379.00,6255.00,2748,21386846,136426842131.00,6070.00,6573.00,6260.00,6573.00
46772701938567445,20200418,6494.00,6697.00,4409,28749130,186708825913.00,6061.00,6697.00,6379.00,6390.00
46772701938567445,20200419,6681.00,6769.00,1463,9059684,60525351799.00,6550.00,6817.00,6494.00,6817.00
46772701938567445,20200420,6681.00,6769.00,0,0,0.00,0.00,0.00,6681.00,0.00
46772701938567445,20200421,6647.00,6620.00,645,4383043,29017745815.00,6412.00,7015.00,6681.00,7015.00
46772701938567445,20200422,6733.00,6979.00,2398,20367238,137123550028.00,6315.00,6979.00,6647.00,6600.00
46772701938567445,20200425,6935.00,7069.00,397,4453680,31483063920.00,7069.00,7069.00,6733.00,7069.00
46772701938567445,20200426,7276.00,7281.00,1628,21007217,152857546911.00,7069.00,7281.00,6935.00,7281.00
46772701938567445,20200427,7514.00,7639.00,293,4866451,37174819189.00,7639.00,7639.00,7276.00,7639.00
46772701938567445,20200428,7887.00,7889.00,1754,17308997,136521508050.00,7789.00,7889.00,7514.00,7889.00
46772701938567445,20200429,8082.00,8280.00,7789,63210888,510866029478.00,7714.00,8281.00,7887.00,8150.00
46772701938567445,20200502,8474.00,8486.00,1167,7162524,60697656865.00,8330.00,8486.00,8082.00,8486.00
46772701938567445,20200503,8889.00,8880.00,3434,27647913,245774590094.00,8720.00,8897.00,8474.00,8897.00
46772701938567445,20200504,8694.00,8660.00,5198,28693255,249453920941.00,8445.00,9199.00,8889.00,8445.00
46772701938567445,20200505,8358.00,8260.00,2573,18048231,150850045193.00,8260.00,8970.00,8694.00,8970.00
46772701938567445,20200506,8013.00,8100.00,3039,26791487,214672467098.00,7941.00,8340.00,8358.00,7941.00
46772701938567445,20200509,8412.00,8413.00,2596,32481709,273234163835.00,8100.00,8413.00,8013.00,8413.00
46772701938567445,20200510,8500.00,8488.00,5796,36343414,308912606702.00,7992.00,8832.00,8412.00,8832.00
46772701938567445,20200511,8105.00,8075.00,1790,7475012,60587633004.00,8075.00,8400.00,8500.00,8400.00
46772701938567445,20200512,7888.00,7700.00,705,3350211,25796624700.00,7700.00,7700.00,8105.00,7700.00
46772701938567445,20200513,7546.00,7494.00,3071,19830317,149632637246.00,7494.00,7888.00,7888.00,7494.00
46772701938567445,20200516,7289.00,7169.00,663,4581889,32874856567.00,7169.00,7400.00,7546.00,7169.00
46772701938567445,20200517,6939.00,6925.00,1691,9800037,68001211132.00,6925.00,7160.00,7289.00,6925.00
46772701938567445,20200518,7192.00,7285.00,2330,16950887,121912204382.00,6939.00,7285.00,6939.00,7100.00
46772701938567445,20200519,7385.00,7218.00,2720,15295663,112963797768.00,7000.00,7551.00,7192.00,7548.00
46772701938567445,20200520,7107.00,7016.00,1019,5205305,36595938366.00,7016.00,7200.00,7385.00,7140.00
46772701938567445,20200523,6863.00,6752.00,1165,5636557,38343875695.00,6752.00,7100.00,7107.00,6781.00
46772701938567445,20200526,6533.00,6530.00,1570,14937895,97586747811.00,6520.00,6750.00,6863.00,6520.00
46772701938567445,20200527,6541.00,6668.00,1753,9072125,59344301366.00,6305.00,6800.00,6533.00,6490.00
46772701938567445,20200530,6740.00,6867.00,1899,9440704,63630998298.00,6590.00,6867.00,6541.00,6848.00
46772701938567445,20200531,6486.00,6403.00,1503,8441062,54746635347.00,6403.00,6999.00,6740.00,6999.00
46772701938567445,20200601,6452.00,6380.00,1514,9454455,61003085829.00,6264.00,6700.00,6486.00,6306.00
46772701938567445,20200602,6693.00,6774.00,1800,17645038,118106155095.00,6500.00,6774.00,6452.00,6639.00
46772701938567445,20200606,7022.00,7027.00,1245,14697319,103198771687.00,6900.00,7027.00,6693.00,7027.00
46772701938567445,20200607,7373.00,7335.00,1187,11912292,87828728009.00,7300.00,7373.00,7022.00,7373.00
46772701938567445,20200608,7381.00,7420.00,2954,24901665,183802787797.00,7033.00,7690.00,7373.00,7349.00
46772701938567445,20200609,7382.00,7340.00,1934,12100942,89332955067.00,7180.00,7599.00,7381.00,7599.00
46772701938567445,20200610,7494.00,7499.00,2324,14669917,109929779874.00,7360.00,7710.00,7382.00,7360.00
46772701938567445,20200613,7803.00,7868.00,2850,18295060,142753198641.00,7600.00,7868.00,7494.00,7850.00
46772701938567445,20200614,7622.00,7500.00,3092,13722246,104587019452.00,7413.00,8120.00,7803.00,8120.00
46772701938567445,20200615,7924.00,8003.00,2899,31424362,248991805298.00,7300.00,8003.00,7622.00,7780.00
46772701938567445,20200616,8309.00,8320.00,657,6479496,53909406720.00,8320.00,8320.00,7924.00,8320.00
46772701938567445,20200620,8624.00,8374.00,6182,33684362,290499315082.00,8320.00,8724.00,8309.00,8724.00
46772701938567445,20200621,8202.00,8193.00,1879,8216328,67388092523.00,8193.00,8300.00,8624.00,8300.00
46772701938567445,20200622,7923.00,8073.00,4821,36614024,290082106393.00,7792.00,8390.00,8202.00,7792.00
46772701938567445,20200623,8021.00,7691.00,5185,29560883,237096956452.00,7627.00,8287.00,7923.00,8287.00
46772701938567445,20200624,7743.00,7705.00,2429,13061039,101134002117.00,7622.00,8000.00,8021.00,7635.00
46772701938567445,20200627,8130.00,8130.00,1403,21970505,178620205650.00,8130.00,8130.00,7743.00,8130.00
46772701938567445,20200628,8536.00,8536.00,574,6574155,56116987080.00,8536.00,8536.00,8130.00,8536.00
46772701938567445,20200629,8813.00,8962.00,641,4192719,37575147678.00,8962.00,8962.00,8536.00,8962.00
46772701938567445,20200630,9191.00,9253.00,679,5554590,51396621270.00,9253.00,9253.00,8813.00,9253.00
46772701938567445,20200701,9466.00,9650.00,528,3872546,37370068900.00,9650.00,9650.00,9191.00,9650.00
46772701938567445,20200704,9908.00,9939.00,3953,53561449,530689001448.00,9100.00,9939.00,9466.00,9939.00
46772701938567445,20200705,10183.00,10403.00,2376,24984174,254422711605.00,9600.00,10403.00,9908.00,9939.00
46772701938567445,20200706,10692.00,10692.00,970,9403870,100546178040.00,10692.00,10692.00,10183.00,10692.00
46772701938567445,20200707,10259.00,10158.00,7705,60940559,625172350102.00,10158.00,10890.00,10692.00,10600.00
46772701938567445,20200708,9783.00,9747.00,4051,37104016,363000844387.00,9747.00,10200.00,10259.00,9900.00
46772701938567445,20200711,9306.00,9294.00,3522,34878784,324591272369.00,9294.00,9670.00,9783.00,9294.00
46772701938567445,20200712,9703.00,9550.00,5991,65422067,634766564242.00,9430.00,9771.00,9306.00,9620.00
46772701938567445,20200713,9434.00,9400.00,4160,25544389,240974581377.00,9218.00,9990.00,9703.00,9218.00
46772701938567445,20200714,9816.00,9719.00,5463,45317764,444829775354.00,9300.00,9905.00,9434.00,9300.00
46772701938567445,20200715,9493.00,9390.00,4588,26594207,252461497556.00,9326.00,9980.00,9816.00,9400.00
46772701938567445,20200718,9875.00,9967.00,4389,28700238,283420884934.00,9340.00,9967.00,9493.00,9340.00
46772701938567445,20200719,9821.00,9580.00,5839,30792873,302420137641.00,9512.00,10360.00,9875.00,10360.00
46772701938567445,20200720,9606.00,9330.00,5495,25265191,242710024190.00,9330.00,10050.00,9821.00,9605.00
46772701938567445,20200721,9160.00,9126.00,4434,26192722,239917946991.00,9126.00,9490.00,9606.00,9330.00
46772701938567445,20200722,9119.00,9160.00,2980,14551775,132702561503.00,8810.00,9430.00,9160.00,9126.00
46772701938567445,20200725,9235.00,9170.00,3425,14351415,132540925599.00,9015.00,9538.00,9119.00,9210.00
46772701938567445,20200726,8907.00,9200.00,3069,15963951,142185595253.00,8805.00,9300.00,9235.00,9300.00
46772701938567445,20200727,9167.00,9352.00,2974,20843868,191073696546.00,8522.00,9352.00,8907.00,9200.00
46772701938567445,20200728,9616.00,9625.00,3482,23238660,223470393528.00,9400.00,9625.00,9167.00,9625.00
46772701938567445,20200729,9909.00,10096.00,3746,26684740,264420019008.00,9200.00,10096.00,9616.00,9900.00
46772701938567445,20200801,10297.00,10404.00,3983,20825490,214447477098.00,10000.00,10404.00,9909.00,10404.00
46772701938567445,20200802,10742.00,10811.00,2756,15062989,161806486945.00,10297.00,10811.00,10297.00,10799.00
46772701938567445,20200803,10960.00,11279.00,3433,27253154,298694136530.00,10251.00,11279.00,10742.00,11279.00
46772701938567445,20200804,10763.00,10412.00,2880,20498620,220621048523.00,10412.00,11500.00,10960.00,11500.00
46772701938567445,20200805,10281.00,10225.00,862,4556327,46608776360.00,10225.00,10400.00,10763.00,10225.00
46772701938567445,20200809,9904.00,9767.00,505,3567244,34841272148.00,9767.00,9767.00,10281.00,9767.00
46772701938567445,20200810,9794.00,9409.00,230,1078427,10146919643.00,9409.00,9409.00,9904.00,9409.00
46772701938567445,20200811,9701.00,9305.00,146,920712,8567225160.00,9305.00,9305.00,9794.00,9305.00
46772701938567445,20200812,9242.00,9300.00,3595,30017818,277429650874.00,9216.00,9650.00,9701.00,9216.00
46772701938567445,20200815,9235.00,9588.00,3371,19477603,179871512693.00,8780.00,9699.00,9242.00,9000.00
46772701938567445,20200816,9568.00,9696.00,4749,23947279,229127204854.00,9000.00,9696.00,9235.00,9660.00
46772701938567445,20200817,9582.00,9640.00,2651,11147336,106817489690.00,9140.00,9931.00,9568.00,9890.00
46772701938567445,20200818,9460.00,9340.00,2692,14462389,136808646296.00,9103.00,10000.00,9582.00,9800.00
46772701938567445,20200819,9177.00,8987.00,567,3487620,31459371822.00,8987.00,9200.00,9460.00,9050.00
46772701938567445,20200822,8752.00,8719.00,765,5677606,49692248514.00,8719.00,9360.00,9177.00,8722.00
46772701938567445,20200823,8696.00,8315.00,110,694575,5775391125.00,8315.00,8315.00,8752.00,8315.00
46772701938567445,20200824,8650.00,8262.00,66,578601,4780401462.00,8262.00,8262.00,8696.00,8262.00
46772701938567445,20200825,8296.00,8500.00,2108,13716835,113788975458.00,8218.00,8600.00,8650.00,8218.00
46772701938567445,20200826,8669.00,8710.00,1008,6362634,55154712036.00,8360.00,8710.00,8296.00,8400.00
46772701938567445,20200831,8526.00,8700.00,1616,12435705,106030094385.00,8236.00,9102.00,8669.00,9102.00
46772701938567445,20200901,8166.00,8300.00,1233,6441969,52606275298.00,8100.00,8521.00,8526.00,8521.00
46772701938567445,20200902,8372.00,8574.00,2292,12580929,105330003200.00,7760.00,8574.00,8166.00,7760.00
46772701938567445,20200905,8604.00,8790.00,1825,8854421,76182825437.00,8210.00,8790.00,8372.00,8680.00
46772701938567445,20200906,8897.00,8900.00,2113,10059600,89495489531.00,8600.00,9034.00,8604.00,9000.00
46772701938567445,20200907,8897.00,8900.00,0,0,0.00,0.00,0.00,8897.00,0.00
46772701938567445,20200908,8897.00,8900.00,0,0,0.00,0.00,0.00,8897.00,0.00
46772701938567445,20200909,8897.00,8900.00,0,0,0.00,0.00,0.00,8897.00,0.00
46772701938567445,20200912,8897.00,8900.00,0,0,0.00,0.00,0.00,8897.00,0.00
46772701938567445,20200913,7528.00,7531.00,0,0,0.00,0.00,0.00,7528.00,0.00
46772701938567445,20200914,7528.00,7531.00,0,0,0.00,0.00,0.00,7528.00,0.00
46772701938567445,20200915,7528.00,7531.00,0,0,0.00,0.00,0.00,7528.00,0.00
46772701938567445,20200916,7548.00,7600.00,217,1259947,9617802800.00,7600.00,8000.00,7528.00,8000.00
46772701938567445,20200919,7470.00,7850.00,2011,10031510,74936976792.00,7171.00,7870.00,7548.00,7171.00
46772701938567445,20200920,7442.00,7580.00,1726,5448533,40515264855.00,7197.00,7833.00,7470.00,7833.00
46772701938567445,20200921,7301.00,7550.00,994,5778329,42070351261.00,7070.00,7600.00,7442.00,7210.00
46772701938567445,20200922,7572.00,7666.00,1212,6457781,48941215368.00,7320.00,7666.00,7301.00,7530.00
46772701938567445,20200923,7947.00,7950.00,1519,9582654,76156590009.00,7801.00,7950.00,7572.00,7950.00
46772701938567445,20200926,7999.00,8190.00,1260,8637633,69089034023.00,7630.00,8330.00,7947.00,8330.00
46772701938567445,20200927,7780.00,8100.00,1039,8198642,63786134270.00,7610.00,8120.00,7999.00,7700.00
46772701938567445,20200928,7400.00,7450.00,755,8131316,60172554648.00,7391.00,7599.00,7780.00,7410.00
46772701938567445,20200929,7378.00,7770.00,1156,6415817,47335936633.00,7030.00,7770.00,7400.00,7030.00
46772701938567445,20200930,7563.00,7746.00,751,4003936,30707768633.00,7384.00,7746.00,7378.00,7739.00
46772701938567445,20201003,7727.00,7941.00,736,3599106,28307549848.00,7572.00,7941.00,7563.00,7910.00
46772701938567445,20201004,7914.00,7990.00,1144,6314522,50025687220.00,7820.00,8070.00,7727.00,7832.00
46772701938567445,20201005,8127.00,8309.00,1513,8850488,71930660341.00,7650.00,8309.00,7914.00,7916.00
46772701938567445,20201006,8192.00,8510.00,256,1130700,9615638508.00,8280.00,8533.00,8127.00,8307.00
46772701938567445,20201007,8566.00,8601.00,1421,7398916,63378760243.00,8388.00,8601.00,8192.00,8550.00
46772701938567445,20201010,8867.00,8994.00,1668,7878083,69854704974.00,8600.00,8994.00,8566.00,8700.00
46772701938567445,20201011,9088.00,9200.00,1651,10119310,91964011638.00,8870.00,9270.00,8867.00,8999.00
46772701938567445,20201012,9025.00,8999.00,1629,10813994,97593955063.00,8700.00,9270.00,9088.00,8900.00
46772701938567445,20201013,8702.00,8574.00,930,5417164,47007268347.00,8574.00,9025.00,9025.00,9025.00
46772701938567445,20201014,8573.00,8267.00,250,1730183,14303422861.00,8267.00,8267.00,8702.00,8267.00
46772701938567445,20201018,8562.00,8145.00,37,149203,1215258435.00,8145.00,8145.00,8573.00,8145.00
46772701938567445,20201019,8560.00,8134.00,15,24882,202390188.00,8134.00,8134.00,8562.00,8134.00
46772701938567445,20201020,8544.00,8132.00,25,217117,1765595444.00,8132.00,8132.00,8560.00,8132.00
46772701938567445,20201021,8362.00,8117.00,585,3695023,30511020649.00,8117.00,8900.00,8544.00,8117.00
46772701938567445,20201024,8360.00,7944.00,11,24033,190918152.00,7944.00,7944.00,8362.00,7944.00
46772701938567445,20201026,8356.00,7942.00,9,54512,432934304.00,7942.00,7942.00,8360.00,7942.00
46772701938567445,20201027,8355.00,7939.00,3,21316,169227724.00,7939.00,7939.00,8356.00,7939.00
46772701938567445,20201028,8350.00,7938.00,24,76760,609320880.00,7938.00,7938.00,8355.00,7938.00
46772701938567445,20201031,8073.00,7933.00,933,4616335,36885328988.00,7933.00,8300.00,8350.00,7933.00
46772701938567445,20201101,8070.00,7670.00,22,45134,346177780.00,7670.00,7670.00,8073.00,7670.00
46772701938567445,20201102,8065.00,7667.00,16,77977,597849659.00,7667.00,7667.00,8070.00,7667.00
46772701938567445,20201104,7960.00,7662.00,253,1561053,11961252325.00,7662.00,7685.00,8065.00,7662.00
46772701938567445,20201107,7959.00,7562.00,14,16848,127404576.00,7562.00,7562.00,7960.00,7562.00
46772701938567445,20201108,7957.00,7562.00,9,27381,207055122.00,7562.00,7562.00,7959.00,7562.00
46772701938567445,20201109,7955.00,7560.00,16,35947,271759320.00,7560.00,7560.00,7957.00,7560.00
46772701938567445,20201110,7952.00,7558.00,13,48725,368263550.00,7558.00,7558.00,7955.00,7558.00
46772701938567445,20201111,7850.00,7555.00,97,1614662,12198771410.00,7555.00,7555.00,7952.00,7555.00
46772701938567445,20201114,7553.00,7470.00,2163,16532652,124865508652.00,7458.00,7840.00,7850.00,7458.00
46772701938567445,20201115,7343.00,7176.00,719,4537702,32938475158.00,7176.00,7630.00,7553.00,7493.00
46772701938567445,20201116,7017.00,6976.00,794,5831652,40744581269.00,6976.00,7133.00,7343.00,6976.00
46772701938567445,20201117,6847.00,6790.00,1685,11901038,81487808810.00,6667.00,7190.00,7017.00,6751.00
46772701938567445,20201118,6618.00,6550.00,1563,10810858,71541957548.00,6505.00,6800.00,6847.00,6800.00
46772701938567445,20201121,6444.00,6300.00,1376,10292869,66329779905.00,6288.00,6778.00,6618.00,6500.00
46772701938567445,20201122,6334.00,6246.00,666,3986297,24855940742.00,6122.00,6440.00,6444.00,6300.00
46772701938567445,20201123,6246.00,6110.00,981,6426932,40042014842.00,6052.00,6490.00,6334.00,6125.00
46772701938567445,20201124,6053.00,6099.00,1088,10067896,60944357421.00,5934.00,6350.00,6246.00,6280.00
46772701938567445,20201125,6216.00,6300.00,1151,6790730,42333824196.00,6024.00,6345.00,6053.00,6024.00
46772701938567445,20201128,6389.00,6497.00,1299,7158274,45887580473.00,6104.00,6520.00,6216.00,6104.00
46772701938567445,20201129,6602.00,6708.00,1396,8477986,55974403968.00,6400.00,6708.00,6389.00,6620.00
46772701938567445,20201130,6656.00,6620.00,1024,5301494,35438650546.00,6570.00,6849.00,6602.00,6800.00
46772701938567445,20201201,6753.00,6986.00,1924,14575381,98428983685.00,6324.00,6986.00,6656.00,6590.00
46772701938567445,20201202,6891.00,6843.00,1103,6643211,45969462888.00,6770.00,7080.00,6753.00,6980.00
46772701938567445,20201205,6888.00,6910.00,1138,7316938,50395813603.00,6601.00,7040.00,6891.00,6620.00
46772701938567445,20201206,6870.00,6800.00,1479,6698135,46007554547.00,6730.00,7040.00,6888.00,7010.00
46772701938567445,20201207,7177.00,7213.00,1497,24643447,176860807853.00,6710.00,7213.00,6870.00,6899.00
46772701938567445,20201208,7535.00,7535.00,474,8764480,66039892570.00,7321.00,7535.00,7177.00,7535.00
46772701938567445,20201209,7726.00,7911.00,347,3688322,29178315342.00,7911.00,7911.00,7535.00,7911.00
46772701938567445,20201212,8110.00,8112.00,2111,44733586,362791325557.00,7911.00,8112.00,7726.00,8112.00
46772701938567445,20201213,7980.00,7803.00,2151,15205480,121334673187.00,7705.00,8280.00,8110.00,8180.00
46772701938567445,20201214,7620.00,7581.00,1011,17053977,129954294927.00,7581.00,7980.00,7980.00,7980.00
46772701938567445,20201215,7344.00,7239.00,234,4740618,34339520687.00,7239.00,7490.00,7620.00,7240.00
46772701938567445,20201216,7059.00,7065.00,1153,10628560,75031428617.00,6977.00,7450.00,7344.00,6977.00
46772701938567445,20201219,7240.00,7190.00,1169,20902596,151341729390.00,6800.00,7350.00,7059.00,7340.00
46772701938567445,20201220,7190.00,7100.00,750,3436045,24519923972.00,6921.00,7431.00,7240.00,7399.00
46772701938567445,20201221,7440.00,7549.00,1325,10767417,80110488036.00,6860.00,7549.00,7190.00,7023.00
46772701938567445,20201222,7492.00,7598.00,838,5087015,38215091508.00,7251.00,7750.00,7440.00,7750.00
46772701938567445,20201223,7446.00,7410.00,1273,5568417,41392074917.00,7230.00,7650.00,7492.00,7600.00
46772701938567445,20201226,7397.00,7440.00,2170,10696183,79119742673.00,7170.00,7630.00,7446.00,7630.00
46772701938567445,20201227,7278.00,7140.00,1260,6340490,46101416110.00,7097.00,7477.00,7397.00,7477.00
46772701938567445,20201228,7011.00,7020.00,1715,14670405,102854583187.00,6915.00,7390.00,7278.00,7140.00
46772701938567445,20201229,6779.00,6780.00,979,5269155,35381716091.00,6661.00,7020.00,7011.00,7020.00
46772701938567445,20201230,6496.00,6441.00,1016,9143660,59397139497.00,6441.00,6705.00,6779.00,6661.00
46772701938567445,20210102,6767.00,6820.00,1967,18193403,123113442898.00,6200.00,6820.00,6496.00,6200.00
46772701938567445,20210103,6713.00,6540.00,2090,12584549,84483593758.00,6460.00,7100.00,6767.00,7100.00
46772701938567445,20210104,6685.00,6800.00,1872,16772164,112121055830.00,6410.00,6900.00,6713.00,6500.00
46772701938567445,20210105,6791.00,6720.00,1308,6737275,45857400325.00,6550.00,6969.00,6685.00,6550.00
46772701938567445,20210106,6483.00,6595.00,1374,13673322,88638716778.00,6452.00,6855.00,6791.00,6855.00
46772701938567445,20210109,6517.00,6550.00,1319,20052363,130672216265.00,6260.00,6728.00,6483.00,6700.00
46772701938567445,20210110,6593.00,6650.00,817,5868675,38830450829.00,6450.00,6740.00,6517.00,6734.00
46772701938567445,20210111,6672.00,6760.00,1320,10150205,67720557048.00,6410.00,6898.00,6593.00,6700.00
46772701938567445,20210112,6993.00,7005.00,2704,45064032,315139963640.00,6672.00,7005.00,6672.00,6672.00
46772701938567445,20210113,6723.00,6644.00,1588,18128414,121878899813.00,6644.00,7100.00,6993.00,7000.00
46772701938567445,20210116,6396.00,6400.00,613,8891173,56863502615.00,6387.00,6718.00,6723.00,6644.00
46772701938567445,20210118,6396.00,6400.00,0,0,0.00,0.00,0.00,6396.00,0.00
46772701938567445,20210119,6396.00,6400.00,0,0,0.00,0.00,0.00,6396.00,0.00
46772701938567445,20210120,6396.00,6400.00,0,0,0.00,0.00,0.00,6396.00,0.00
46772701938567445,20210123,6263.00,6330.00,582,6966044,43939566555.00,6050.00,6332.00,6031.00,6332.00
46772701938567445,20210124,6083.00,5950.00,1167,9936260,60444488495.00,5950.00,6499.00,6263.00,6499.00
46772701938567445,20210125,5816.00,5779.00,902,7992538,46406460302.00,5779.00,5940.00,6083.00,5779.00
46772701938567445,20210126,5606.00,5526.00,592,6385313,35396069896.00,5526.00,5800.00,5816.00,5570.00
46772701938567445,20210127,5480.00,5606.00,811,7496243,40978791550.00,5326.00,5650.00,5606.00,5330.00
46772701938567445,20210130,5532.00,5690.00,625,3274906,18422117585.00,5550.00,5750.00,5480.00,5600.00
46772701938567445,20210131,5505.00,5341.00,544,2757732,15007859519.00,5300.00,5759.00,5532.00,5759.00
46772701938567445,20210201,5235.00,5230.00,639,11035694,57777345064.00,5230.00,5490.00,5505.00,5490.00
46772701938567445,20210202,5123.00,5239.00,645,6558519,33314200351.00,4975.00,5240.00,5235.00,5220.00
46772701938567445,20210203,5133.00,5174.00,699,3790338,19506267399.00,5000.00,5350.00,5123.00,5320.00
46772701938567445,20210206,5101.00,5100.00,602,4156518,21022629905.00,4975.00,5299.00,5133.00,5299.00
46772701938567445,20210207,5210.00,5340.00,744,4874039,25926705779.00,5100.00,5356.00,5101.00,5100.00
46772701938567445,20210208,5233.00,5319.00,547,5044164,26507587532.00,5120.00,5419.00,5210.00,5400.00
46772701938567445,20210209,5332.00,5494.00,677,6503583,34995370590.00,5191.00,5494.00,5233.00,5233.00
46772701938567445,20210213,5419.00,5420.00,1133,8555285,46430439808.00,5300.00,5651.00,5332.00,5651.00
46772701938567445,20210214,5352.00,5311.00,508,6215819,33052408590.00,5311.00,5499.00,5419.00,5402.00
46772701938567445,20210215,5283.00,5245.00,406,6170289,32371726733.00,5245.00,5370.00,5352.00,5245.00
46772701938567445,20210216,5198.00,5282.00,661,12011365,62436269171.00,5178.00,5350.00,5283.00,5178.00
46772701938567445,20210217,5227.00,5298.00,546,3540622,18675188201.00,5210.00,5386.00,5198.00,5300.00
46772701938567445,20210220,5217.00,5196.00,458,3220763,16735450837.00,5125.00,5380.00,5227.00,5379.00
46772701938567445,20210221,5181.00,5113.00,372,3560636,18233756670.00,5113.00,5196.00,5217.00,5196.00
46772701938567445,20210222,5163.00,5078.00,195,1698848,8628048087.00,5078.00,5160.00,5181.00,5078.00
46772701938567445,20210223,5131.00,5060.00,344,2974564,15052596634.00,5060.00,5090.00,5163.00,5060.00
46772701938567445,20210224,5111.00,5029.00,192,2044330,10293614870.00,5029.00,5129.00,5131.00,5061.00
46772701938567445,20210227,5100.00,5009.00,49,1043737,5228348633.00,5009.00,5099.00,5111.00,5009.00
46772701938567445,20210228,5100.00,4998.00,9,17290,86415420.00,4998.00,4998.00,5100.00,4998.00
46772701938567445,20210301,5090.00,4998.00,34,930465,4650464070.00,4998.00,4998.00,5100.00,4998.00
46772701938567445,20210302,5056.00,4989.00,211,3334276,16636300229.00,4989.00,5050.00,5090.00,4989.00
46772701938567445,20210303,5052.00,4955.00,37,377868,1872335940.00,4955.00,4955.00,5056.00,4955.00
46772701938567445,20210306,5051.00,4951.00,15,130172,644481572.00,4951.00,4951.00,5052.00,4951.00
46772701938567445,20210307,5047.00,4950.00,21,425023,2103863850.00,4950.00,4950.00,5051.00,4950.00
46772701938567445,20210308,5005.00,4947.00,380,4244371,21004320540.00,4947.00,5000.00,5047.00,4947.00
46772701938567445,20210309,4989.00,4905.00,437,2728581,13498325700.00,4905.00,5120.00,5005.00,4905.00
46772701938567445,20210310,4987.00,4890.00,48,173505,848443662.00,4890.00,4891.00,4989.00,4890.00
46772701938567445,20210313,4954.00,4888.00,203,3324962,16253876217.00,4888.00,4950.00,4987.00,4888.00
46772701938567445,20210314,4934.00,4855.00,342,2306338,11221234889.00,4855.00,4980.00,4954.00,4860.00
46772701938567445,20210315,4917.00,4836.00,202,1770248,8564782689.00,4836.00,4890.00,4934.00,4839.00
46772701938567445,20210316,4912.00,4945.00,502,1902882,9305983437.00,4819.00,4990.00,4917.00,4820.00
46772701938567445,20210317,4914.00,4881.00,294,795994,3928302103.00,4850.00,5100.00,4912.00,4850.00
46772701938567445,20210327,4928.00,5030.00,326,1355384,6803314950.00,4830.00,5140.00,4914.00,4880.00
46772701938567445,20210328,4940.00,5061.00,259,1138997,5732133096.00,4967.00,5130.00,4928.00,5130.00
46772701938567445,20210330,4948.00,5000.00,281,1279581,6399574406.00,4921.00,5130.00,4940.00,4921.00
46772701938567445,20210331,4944.00,4920.00,245,920491,4518907895.00,4865.00,5040.00,4948.00,5040.00
46772701938567445,20210403,4936.00,4848.00,191,906458,4405562665.00,4846.00,4949.00,4944.00,4861.00
46772701938567445,20210404,4928.00,4838.00,94,781607,3781909315.00,4838.00,4889.00,4936.00,4838.00
46772701938567445,20210405,4920.00,4840.00,145,863913,4175908938.00,4830.00,4927.00,4928.00,4927.00
46772701938567445,20210406,4911.00,4822.00,131,969896,4678910122.00,4822.00,4920.00,4920.00,4850.00
46772701938567445,20210407,4895.00,4813.00,199,1759215,8482166550.00,4813.00,4899.00,4911.00,4813.00
46772701938567445,20210410,4885.00,4798.00,123,1095367,5259427329.00,4798.00,4880.00,4895.00,4798.00
46772701938567445,20210411,4881.00,4788.00,45,374832,1794695616.00,4788.00,4788.00,4885.00,4788.00
46772701938567445,20210412,4875.00,4784.00,56,646667,3093654928.00,4784.00,4784.00,4881.00,4784.00
46772701938567445,20210413,4866.00,4778.00,290,2911524,14101810646.00,4778.00,4980.00,4875.00,4778.00
46772701938567445,20210414,4865.00,4769.00,36,130945,624486705.00,4769.00,4770.00,4866.00,4769.00
46772701938567445,20210417,4859.00,4768.00,81,672279,3205454221.00,4768.00,4849.00,4865.00,4768.00
46772701938567445,20210418,4855.00,4762.00,31,403202,1920047924.00,4762.00,4762.00,4859.00,4762.00
46772701938567445,20210419,4842.00,4758.00,111,1416165,6738322105.00,4758.00,4839.00,4855.00,4758.00
46772701938567445,20210420,4831.00,4746.00,148,1246027,5915970298.00,4746.00,4809.00,4842.00,4760.00
46772701938567445,20210421,4813.00,4687.00,55,1281995,6008710565.00,4687.00,4687.00,4831.00,4687.00
46772701938567445,20210424,4811.00,4669.00,12,132107,616807583.00,4669.00,4669.00,4813.00,4669.00
46772701938567445,20210425,4811.00,4667.00,3,3700,17267900.00,4667.00,4667.00,4811.00,4667.00
46772701938567445,20210426,4809.00,4667.00,14,152607,712216869.00,4667.00,4667.00,4811.00,4667.00
46772701938567445,20210427,4796.00,4665.00,156,959581,4476540344.00,4665.00,4700.00,4809.00,4665.00
46772701938567445,20210428,4775.00,4653.00,164,1511566,7035366034.00,4653.00,4877.00,4796.00,4653.00
46772701938567445,20210501,4763.00,4632.00,71,895082,4149053405.00,4632.00,4717.00,4775.00,4632.00
46772701938567445,20210502,4758.00,4621.00,62,361944,1672556424.00,4621.00,4632.00,4763.00,4621.00
46772701938567445,20210503,4754.00,4616.00,74,281716,1300401056.00,4616.00,4616.00,4758.00,4616.00
46772701938567445,20210505,4748.00,4612.00,45,475368,2192627616.00,4612.00,4620.00,4754.00,4612.00
46772701938567445,20210508,4747.00,4606.00,14,51770,238452620.00,4606.00,4606.00,4748.00,4606.00
46772701938567445,20210509,4747.00,4605.00,3,13414,61771470.00,4605.00,4605.00,4747.00,4605.00
46772701938567445,20210510,4745.00,4605.00,18,122155,562523775.00,4605.00,4605.00,4747.00,4605.00
46772701938567445,20210511,4729.00,4710.00,240,1421126,6570611394.00,4603.00,4786.00,4745.00,4603.00
46772701938567445,20210512,4709.00,4588.00,190,1540750,7077459288.00,4588.00,4717.00,4729.00,4591.00
46772701938567445,20210515,4632.00,4496.00,144,1078735,4835484239.00,4474.00,4685.00,4709.00,4474.00
46772701938567445,20210516,4598.00,4403.00,128,512266,2264339870.00,4401.00,4499.00,4632.00,4402.00
46772701938567445,20210517,4558.00,4369.00,99,553496,2418552866.00,4369.00,4450.00,4598.00,4370.00
46772701938567445,20210518,4493.00,4352.00,124,1065795,4651277141.00,4331.00,4470.00,4558.00,4331.00
46772701938567445,20210519,4465.00,4269.00,62,403002,1720659296.00,4269.00,4320.00,4493.00,4272.00
46772701938567445,20210522,4456.00,4242.00,10,130930,555405060.00,4242.00,4242.00,4465.00,4242.00
46772701938567445,20210523,4454.00,4234.00,10,35257,149278138.00,4234.00,4234.00,4456.00,4234.00
46772701938567445,20210524,4453.00,4232.00,2,14877,62959464.00,4232.00,4232.00,4454.00,4232.00
46772701938567445,20210525,4378.00,4231.00,73,1133201,4794649670.00,4231.00,4234.00,4453.00,4231.00
46772701938567445,20210526,4253.00,4181.00,222,1961301,8166610319.00,4160.00,4349.00,4378.00,4160.00
46772701938567445,20210529,4281.00,4398.00,279,1084118,4709858821.00,4130.00,4465.00,4253.00,4351.00
46772701938567445,20210530,4286.00,4250.00,185,1034993,4449208708.00,4240.00,4423.00,4281.00,4240.00
46772701938567445,20210531,4244.00,4130.00,106,784458,3213949112.00,4072.00,4280.00,4286.00,4140.00
46772701938567445,20210601,4230.00,4070.00,85,330610,1353858014.00,4067.00,4176.00,4244.00,4160.00
46772701938567445,20210602,4414.00,4441.00,341,4938993,21800114208.00,4090.00,4441.00,4230.00,4090.00
46772701938567445,20210607,4461.00,4540.00,265,1622900,7321943031.00,4423.00,4619.00,4414.00,4599.00
46772701938567445,20210608,4414.00,4389.00,264,1594481,6954901948.00,4284.00,4629.00,4461.00,4390.00
46772701938567445,20210609,4408.00,4301.00,123,596782,2612189626.00,4291.00,4439.00,4414.00,4291.00
46772701938567445,20210612,4382.00,4290.00,123,697886,2987384367.00,4202.00,4380.00,4408.00,4277.00
46772701938567445,20210613,4379.00,4280.00,47,130933,563350233.00,4250.00,4390.00,4382.00,4250.00
46772701938567445,20210614,4352.00,4230.00,124,774183,3299000543.00,4209.00,4400.00,4379.00,4400.00
46772701938567445,20210615,4263.00,4135.00,153,1576020,6555690438.00,4135.00,4256.00,4352.00,4200.00
46772701938567445,20210616,4241.00,4062.00,119,399476,1627085137.00,4052.00,4120.00,4263.00,4068.00
46772701938567445,20210619,4219.00,4101.00,108,518205,2120800256.00,4060.00,4179.00,4241.00,4060.00
46772701938567445,20210620,4184.00,4098.00,165,808026,3284259705.00,4010.00,4175.00,4219.00,4175.00
46772701938567445,20210621,4163.00,4200.00,245,2115876,8777374374.00,4035.00,4250.00,4184.00,4100.00
46772701938567445,20210622,4220.00,4360.00,342,1783521,7625159330.00,4121.00,4368.00,4163.00,4121.00
46772701938567445,20210623,4338.00,4400.00,313,2818445,12310140361.00,4223.00,4430.00,4220.00,4371.00
46772701938567445,20210626,4384.00,4440.00,464,2379762,10482029606.00,4274.00,4540.00,4338.00,4274.00
46772701938567445,20210627,4392.00,4440.00,186,1022347,4508253800.00,4330.00,4479.00,4384.00,4340.00
46772701938567445,20210628,4400.00,4439.00,201,1163759,5137333787.00,4281.00,4478.00,4392.00,4281.00
46772701938567445,20210629,4593.00,4620.00,453,7934602,36441985575.00,4310.00,4620.00,4400.00,4310.00
46772701938567445,20210630,4716.00,4740.00,332,2595386,12346208030.00,4640.00,4796.00,4593.00,4720.00
46772701938567445,20210703,4693.00,4551.00,174,767861,3547037659.00,4536.00,4716.00,4716.00,4650.00
46772701938567445,20210704,4668.00,4640.00,135,726804,3329800608.00,4510.00,4700.00,4693.00,4510.00
46772701938567445,20210705,4626.00,4600.00,262,1668626,7656987646.00,4515.00,4670.00,4668.00,4670.00
46772701938567445,20210706,4638.00,4677.00,149,948117,4424437040.00,4540.00,4790.00,4626.00,4587.00
46772701938567445,20210707,4651.00,4700.00,173,688699,3235706852.00,4550.00,4817.00,4638.00,4550.00
46772701938567445,20210710,4673.00,4800.00,217,1327630,6247218670.00,4628.00,4800.00,4651.00,4799.00
46772701938567445,20210711,4773.00,4880.00,227,1749570,8498246245.00,4677.00,4904.00,4673.00,4679.00
46772701938567445,20210712,4820.00,4819.00,177,1172362,5746335116.00,4800.00,5000.00,4773.00,4951.00
46772701938567445,20210713,4824.00,4812.00,109,585256,2834977107.00,4739.00,4930.00,4820.00,4811.00
46772701938567445,20210714,4898.00,5019.00,350,2065262,10203038505.00,4742.00,5019.00,4824.00,4742.00
46772701938567445,20210717,4926.00,4945.00,210,1172204,5828598737.00,4801.00,5040.00,4898.00,5020.00
46772701938567445,20210718,4962.00,5070.00,209,2323961,11559271516.00,4815.00,5090.00,4926.00,4815.00
46772701938567445,20210719,5122.00,5210.00,310,3208033,16431577807.00,4933.00,5210.00,4962.00,5109.00
46772701938567445,20210726,5064.00,4980.00,438,2304715,11634693643.00,4866.00,5349.00,5122.00,5300.00
46772701938567445,20210727,5053.00,5030.00,290,1472624,7423881930.00,4850.00,5240.00,5064.00,4871.00
46772701938567445,20210728,5004.00,4993.00,223,1284318,6346463993.00,4850.00,5087.00,5053.00,4900.00
46772701938567445,20210731,4998.00,4980.00,293,2078419,10381543865.00,4903.00,5110.00,5004.00,5110.00
46772701938567445,20210801,5017.00,5060.00,324,1525354,7681260339.00,4930.00,5180.00,4998.00,4950.00
46772701938567445,20210802,5017.00,4988.00,284,1102896,5532720023.00,4980.00,5090.00,5017.00,4980.00
