49800628721358056,20140426,1000.00,1000.00,0,0,0.00,0.00,0.00,1000.00,0.00
49800628721358056,20140427,1000.00,1000.00,0,0,0.00,0.00,0.00,1000.00,0.00
49800628721358056,20140428,1000.00,1000.00,0,0,0.00,0.00,0.00,1000.00,0.00
49800628721358056,20140429,1000.00,1000.00,0,0,0.00,0.00,0.00,1000.00,0.00
49800628721358056,20140430,1000.00,1000.00,0,0,0.00,0.00,0.00,1000.00,0.00
49800628721358056,20140503,1000.00,1000.00,0,0,0.00,0.00,0.00,1000.00,0.00
49800628721358056,20140504,1000.00,1000.00,0,0,0.00,0.00,0.00,1000.00,0.00
49800628721358056,20140505,1000.00,1000.00,0,0,0.00,0.00,0.00,1000.00,0.00
49800628721358056,20140506,1000.00,1000.00,0,0,0.00,0.00,0.00,1000.00,0.00
49800628721358056,20140507,1000.00,1000.00,0,0,0.00,0.00,0.00,1000.00,0.00
49800628721358056,20140510,1000.00,1000.00,0,0,0.00,0.00,0.00,1000.00,0.00
49800628721358056,20140511,1000.00,1000.00,0,0,0.00,0.00,0.00,1000.00,0.00
49800628721358056,20140512,1000.00,1000.00,0,0,0.00,0.00,0.00,1000.00,0.00
49800628721358056,20140514,1000.00,1000.00,0,0,0.00,0.00,0.00,1000.00,0.00
49800628721358056,20140517,1000.00,1000.00,0,0,0.00,0.00,0.00,1000.00,0.00
49800628721358056,20140518,1000.00,1000.00,0,0,0.00,0.00,0.00,1000.00,0.00
49800628721358056,20140519,1000.00,1000.00,0,0,0.00,0.00,0.00,1000.00,0.00
49800628721358056,20140520,1000.00,1000.00,0,0,0.00,0.00,0.00,1000.00,0.00
49800628721358056,20140521,1000.00,1000.00,0,0,0.00,0.00,0.00,1000.00,0.00
49800628721358056,20140524,1000.00,1000.00,0,0,0.00,0.00,0.00,1000.00,0.00
49800628721358056,20140525,1000.00,1000.00,0,0,0.00,0.00,0.00,1000.00,0.00
49800628721358056,20140526,1000.00,1000.00,0,0,0.00,0.00,0.00,1000.00,0.00
49800628721358056,20140528,1000.00,1000.00,0,0,0.00,0.00,0.00,1000.00,0.00
49800628721358056,20140531,1000.00,1000.00,0,0,0.00,0.00,0.00,1000.00,0.00
49800628721358056,20140601,1000.00,1000.00,0,0,0.00,0.00,0.00,1000.00,0.00
49800628721358056,20140602,1000.00,1000.00,0,0,0.00,0.00,0.00,1000.00,0.00
49800628721358056,20140603,1000.00,1000.00,0,0,0.00,0.00,0.00,1000.00,0.00
49800628721358056,20140607,1000.00,1000.00,0,0,0.00,0.00,0.00,1000.00,0.00
49800628721358056,20140608,1000.00,1000.00,0,0,0.00,0.00,0.00,1000.00,0.00
49800628721358056,20140609,1000.00,1000.00,0,0,0.00,0.00,0.00,1000.00,0.00
49800628721358056,20140610,1000.00,1000.00,0,0,0.00,0.00,0.00,1000.00,0.00
49800628721358056,20140611,1000.00,1000.00,0,0,0.00,0.00,0.00,1000.00,0.00
49800628721358056,20140614,1000.00,1000.00,0,0,0.00,0.00,0.00,1000.00,0.00
49800628721358056,20140615,1000.00,1000.00,0,0,0.00,0.00,0.00,1000.00,0.00
49800628721358056,20140616,1000.00,1000.00,0,0,0.00,0.00,0.00,1000.00,0.00
49800628721358056,20140617,1000.00,1000.00,0,0,0.00,0.00,0.00,1000.00,0.00
49800628721358056,20140618,1000.00,1000.00,0,0,0.00,0.00,0.00,1000.00,0.00
49800628721358056,20140621,1000.00,1000.00,0,0,0.00,0.00,0.00,1000.00,0.00
49800628721358056,20140622,1000.00,1000.00,0,0,0.00,0.00,0.00,1000.00,0.00
49800628721358056,20140623,1000.00,1000.00,0,0,0.00,0.00,0.00,1000.00,0.00
49800628721358056,20140624,1000.00,1000.00,0,0,0.00,0.00,0.00,1000.00,0.00
49800628721358056,20140625,1000.00,1000.00,0,0,0.00,0.00,0.00,1000.00,0.00
49800628721358056,20140628,1000.00,1000.00,0,0,0.00,0.00,0.00,1000.00,0.00
49800628721358056,20140629,1000.00,1000.00,0,0,0.00,0.00,0.00,1000.00,0.00
49800628721358056,20140630,1000.00,1000.00,0,0,0.00,0.00,0.00,1000.00,0.00
49800628721358056,20140701,1000.00,1000.00,0,0,0.00,0.00,0.00,1000.00,0.00
49800628721358056,20140702,1000.00,1000.00,0,0,0.00,0.00,0.00,1000.00,0.00
49800628721358056,20140705,1000.00,1000.00,0,0,0.00,0.00,0.00,1000.00,0.00
49800628721358056,20140706,1000.00,1000.00,0,0,0.00,0.00,0.00,1000.00,0.00
49800628721358056,20140707,1000.00,1000.00,0,0,0.00,0.00,0.00,1000.00,0.00
49800628721358056,20140708,1000.00,1000.00,0,0,0.00,0.00,0.00,1000.00,0.00
49800628721358056,20140709,1000.00,1000.00,0,0,0.00,0.00,0.00,1000.00,0.00
49800628721358056,20140712,1000.00,1000.00,0,0,0.00,0.00,0.00,1000.00,0.00
49800628721358056,20140713,1000.00,1000.00,0,0,0.00,0.00,0.00,1000.00,0.00
49800628721358056,20140714,1000.00,1000.00,0,0,0.00,0.00,0.00,1000.00,0.00
49800628721358056,20140715,1000.00,1000.00,0,0,0.00,0.00,0.00,1000.00,0.00
49800628721358056,20140716,1000.00,1000.00,0,0,0.00,0.00,0.00,1000.00,0.00
49800628721358056,20140720,1000.00,1000.00,0,0,0.00,0.00,0.00,1000.00,0.00
49800628721358056,20140721,1000.00,1000.00,0,0,0.00,0.00,0.00,1000.00,0.00
49800628721358056,20140722,1000.00,1000.00,0,0,0.00,0.00,0.00,1000.00,0.00
49800628721358056,20140723,1000.00,1000.00,0,0,0.00,0.00,0.00,1000.00,0.00
49800628721358056,20140726,1000.00,1000.00,0,0,0.00,0.00,0.00,1000.00,0.00
49800628721358056,20140727,1000.00,1000.00,0,0,0.00,0.00,0.00,1000.00,0.00
49800628721358056,20140728,1000.00,1000.00,0,0,0.00,0.00,0.00,1000.00,0.00
49800628721358056,20140802,1000.00,1000.00,0,0,0.00,0.00,0.00,1000.00,0.00
49800628721358056,20140803,1000.00,1000.00,0,0,0.00,0.00,0.00,1000.00,0.00
49800628721358056,20140804,1000.00,1000.00,0,0,0.00,0.00,0.00,1000.00,0.00
49800628721358056,20140805,1000.00,1000.00,0,0,0.00,0.00,0.00,1000.00,0.00
49800628721358056,20140806,1000.00,1000.00,0,0,0.00,0.00,0.00,1000.00,0.00
49800628721358056,20140809,1000.00,1000.00,0,0,0.00,0.00,0.00,1000.00,0.00
49800628721358056,20140810,1000.00,1000.00,0,0,0.00,0.00,0.00,1000.00,0.00
49800628721358056,20140811,1000.00,1000.00,0,0,0.00,0.00,0.00,1000.00,0.00
49800628721358056,20140812,1000.00,1000.00,0,0,0.00,0.00,0.00,1000.00,0.00
49800628721358056,20140813,1000.00,1000.00,0,0,0.00,0.00,0.00,1000.00,0.00
49800628721358056,20140816,1000.00,1000.00,0,0,0.00,0.00,0.00,1000.00,0.00
49800628721358056,20140817,1000.00,1000.00,0,0,0.00,0.00,0.00,1000.00,0.00
49800628721358056,20140818,1000.00,1000.00,0,0,0.00,0.00,0.00,1000.00,0.00
49800628721358056,20140819,1000.00,1000.00,0,0,0.00,0.00,0.00,1000.00,0.00
49800628721358056,20140820,1000.00,1000.00,0,0,0.00,0.00,0.00,1000.00,0.00
49800628721358056,20140823,1000.00,1000.00,0,0,0.00,0.00,0.00,1000.00,0.00
49800628721358056,20140824,1000.00,1000.00,0,0,0.00,0.00,0.00,1000.00,0.00
49800628721358056,20140825,1000.00,1000.00,0,0,0.00,0.00,0.00,1000.00,0.00
49800628721358056,20140826,1000.00,1000.00,0,0,0.00,0.00,0.00,1000.00,0.00
49800628721358056,20140827,1000.00,1000.00,0,0,0.00,0.00,0.00,1000.00,0.00
49800628721358056,20140830,1000.00,1000.00,0,0,0.00,0.00,0.00,1000.00,0.00
49800628721358056,20140831,1000.00,1000.00,0,0,0.00,0.00,0.00,1000.00,0.00
49800628721358056,20140901,1000.00,1000.00,0,0,0.00,0.00,0.00,1000.00,0.00
49800628721358056,20140902,1000.00,1000.00,0,0,0.00,0.00,0.00,1000.00,0.00
49800628721358056,20140903,1000.00,1000.00,0,0,0.00,0.00,0.00,1000.00,0.00
49800628721358056,20140906,1000.00,1000.00,0,0,0.00,0.00,0.00,1000.00,0.00
49800628721358056,20140907,1000.00,1000.00,0,0,0.00,0.00,0.00,1000.00,0.00
49800628721358056,20140908,1000.00,1000.00,0,0,0.00,0.00,0.00,1000.00,0.00
49800628721358056,20140909,1000.00,1000.00,0,0,0.00,0.00,0.00,1000.00,0.00
49800628721358056,20140910,1000.00,1000.00,0,0,0.00,0.00,0.00,1000.00,0.00
49800628721358056,20140913,1000.00,1000.00,0,0,0.00,0.00,0.00,1000.00,0.00
49800628721358056,20140914,1000.00,1000.00,0,0,0.00,0.00,0.00,1000.00,0.00
49800628721358056,20140915,1000.00,1000.00,0,0,0.00,0.00,0.00,1000.00,0.00
49800628721358056,20140916,1000.00,1000.00,0,0,0.00,0.00,0.00,1000.00,0.00
49800628721358056,20140917,1000.00,1000.00,0,0,0.00,0.00,0.00,1000.00,0.00
49800628721358056,20140920,1000.00,1000.00,0,0,0.00,0.00,0.00,1000.00,0.00
49800628721358056,20140921,1000.00,1000.00,0,0,0.00,0.00,0.00,1000.00,0.00
49800628721358056,20140922,1000.00,1000.00,0,0,0.00,0.00,0.00,1000.00,0.00
49800628721358056,20140923,1000.00,1000.00,0,0,0.00,0.00,0.00,1000.00,0.00
49800628721358056,20140924,1000.00,1000.00,0,0,0.00,0.00,0.00,1000.00,0.00
49800628721358056,20140927,1000.00,1000.00,0,0,0.00,0.00,0.00,1000.00,0.00
49800628721358056,20140928,1000.00,1000.00,0,0,0.00,0.00,0.00,1000.00,0.00
49800628721358056,20140929,1000.00,1000.00,0,0,0.00,0.00,0.00,1000.00,0.00
49800628721358056,20140930,1000.00,1000.00,0,0,0.00,0.00,0.00,1000.00,0.00
49800628721358056,20141001,1000.00,1000.00,0,0,0.00,0.00,0.00,1000.00,0.00
49800628721358056,20141004,1000.00,1000.00,0,0,0.00,0.00,0.00,1000.00,0.00
49800628721358056,20141006,1000.00,1000.00,0,0,0.00,0.00,0.00,1000.00,0.00
49800628721358056,20141007,1000.00,1000.00,0,0,0.00,0.00,0.00,1000.00,0.00
49800628721358056,20141008,1000.00,1000.00,0,0,0.00,0.00,0.00,1000.00,0.00
49800628721358056,20141011,1000.00,1000.00,0,0,0.00,0.00,0.00,1000.00,0.00
49800628721358056,20141012,1000.00,1000.00,0,0,0.00,0.00,0.00,1000.00,0.00
49800628721358056,20141014,1000.00,1000.00,0,0,0.00,0.00,0.00,1000.00,0.00
49800628721358056,20141015,1000.00,1000.00,0,0,0.00,0.00,0.00,1000.00,0.00
49800628721358056,20141018,1000.00,1000.00,0,0,0.00,0.00,0.00,1000.00,0.00
49800628721358056,20141019,1000.00,1000.00,0,0,0.00,0.00,0.00,1000.00,0.00
49800628721358056,20141020,1000.00,1000.00,0,0,0.00,0.00,0.00,1000.00,0.00
49800628721358056,20141021,1000.00,1000.00,0,0,0.00,0.00,0.00,1000.00,0.00
49800628721358056,20141022,1000.00,1000.00,0,0,0.00,0.00,0.00,1000.00,0.00
49800628721358056,20141025,1000.00,1000.00,0,0,0.00,0.00,0.00,1000.00,0.00
49800628721358056,20141026,1000.00,1000.00,0,0,0.00,0.00,0.00,1000.00,0.00
49800628721358056,20141027,1000.00,1000.00,0,0,0.00,0.00,0.00,1000.00,0.00
49800628721358056,20141028,1000.00,1000.00,0,0,0.00,0.00,0.00,1000.00,0.00
49800628721358056,20141029,1000.00,1000.00,0,0,0.00,0.00,0.00,1000.00,0.00
49800628721358056,20141101,1000.00,1000.00,0,0,0.00,0.00,0.00,1000.00,0.00
49800628721358056,20141102,1000.00,1000.00,0,0,0.00,0.00,0.00,1000.00,0.00
49800628721358056,20141105,1000.00,1000.00,0,0,0.00,0.00,0.00,1000.00,0.00
49800628721358056,20141108,1000.00,1000.00,0,0,0.00,0.00,0.00,1000.00,0.00
49800628721358056,20141109,1000.00,1000.00,0,0,0.00,0.00,0.00,1000.00,0.00
49800628721358056,20141110,1000.00,1000.00,0,0,0.00,0.00,0.00,1000.00,0.00
49800628721358056,20141111,1000.00,1000.00,0,0,0.00,0.00,0.00,1000.00,0.00
49800628721358056,20141112,1000.00,1000.00,0,0,0.00,0.00,0.00,1000.00,0.00
49800628721358056,20141115,1000.00,1000.00,0,0,0.00,0.00,0.00,1000.00,0.00
49800628721358056,20141116,1000.00,1000.00,0,0,0.00,0.00,0.00,1000.00,0.00
49800628721358056,20141117,1000.00,1000.00,0,0,0.00,0.00,0.00,1000.00,0.00
49800628721358056,20141118,1000.00,1000.00,0,0,0.00,0.00,0.00,1000.00,0.00
49800628721358056,20141119,1000.00,1000.00,0,0,0.00,0.00,0.00,1000.00,0.00
49800628721358056,20141122,1000.00,1000.00,0,0,0.00,0.00,0.00,1000.00,0.00
49800628721358056,20141123,1000.00,1000.00,0,0,0.00,0.00,0.00,1000.00,0.00
49800628721358056,20141124,1000.00,1000.00,0,0,0.00,0.00,0.00,1000.00,0.00
49800628721358056,20141125,1000.00,1000.00,0,0,0.00,0.00,0.00,1000.00,0.00
49800628721358056,20141126,1000.00,1000.00,0,0,0.00,0.00,0.00,1000.00,0.00
49800628721358056,20141129,1000.00,1000.00,0,0,0.00,0.00,0.00,1000.00,0.00
49800628721358056,20141130,1000.00,1000.00,0,0,0.00,0.00,0.00,1000.00,0.00
49800628721358056,20141201,1000.00,1000.00,0,0,0.00,0.00,0.00,1000.00,0.00
49800628721358056,20141202,1000.00,1000.00,0,0,0.00,0.00,0.00,1000.00,0.00
49800628721358056,20141203,1000.00,1000.00,0,0,0.00,0.00,0.00,1000.00,0.00
49800628721358056,20141206,1000.00,1000.00,0,0,0.00,0.00,0.00,1000.00,0.00
49800628721358056,20141207,1000.00,1000.00,0,0,0.00,0.00,0.00,1000.00,0.00
49800628721358056,20141208,1000.00,1000.00,0,0,0.00,0.00,0.00,1000.00,0.00
49800628721358056,20141209,1000.00,1000.00,0,0,0.00,0.00,0.00,1000.00,0.00
49800628721358056,20141210,1000.00,1000.00,0,0,0.00,0.00,0.00,1000.00,0.00
49800628721358056,20141214,1000.00,1000.00,0,0,0.00,0.00,0.00,1000.00,0.00
49800628721358056,20141215,1000.00,1000.00,0,0,0.00,0.00,0.00,1000.00,0.00
49800628721358056,20141216,1000.00,1000.00,0,0,0.00,0.00,0.00,1000.00,0.00
49800628721358056,20141217,1000.00,1000.00,0,0,0.00,0.00,0.00,1000.00,0.00
49800628721358056,20141220,1000.00,1000.00,0,0,0.00,0.00,0.00,1000.00,0.00
49800628721358056,20141222,1000.00,1000.00,0,0,0.00,0.00,0.00,1000.00,0.00
49800628721358056,20141224,1000.00,1000.00,0,0,0.00,0.00,0.00,1000.00,0.00
49800628721358056,20141227,1000.00,1000.00,0,0,0.00,0.00,0.00,1000.00,0.00
49800628721358056,20141228,1000.00,1000.00,0,0,0.00,0.00,0.00,1000.00,0.00
49800628721358056,20141229,1000.00,1000.00,0,0,0.00,0.00,0.00,1000.00,0.00
49800628721358056,20141230,1000.00,1000.00,0,0,0.00,0.00,0.00,1000.00,0.00
49800628721358056,20141231,1000.00,1000.00,0,0,0.00,0.00,0.00,1000.00,0.00
49800628721358056,20150103,1000.00,1000.00,0,0,0.00,0.00,0.00,1000.00,0.00
49800628721358056,20150104,1000.00,1000.00,0,0,0.00,0.00,0.00,1000.00,0.00
49800628721358056,20150105,1000.00,1000.00,0,0,0.00,0.00,0.00,1000.00,0.00
49800628721358056,20150106,1000.00,1000.00,0,0,0.00,0.00,0.00,1000.00,0.00
49800628721358056,20150107,1000.00,1000.00,0,0,0.00,0.00,0.00,1000.00,0.00
49800628721358056,20150110,1000.00,1000.00,0,0,0.00,0.00,0.00,1000.00,0.00
49800628721358056,20150111,1000.00,1000.00,0,0,0.00,0.00,0.00,1000.00,0.00
49800628721358056,20150112,1000.00,1000.00,0,0,0.00,0.00,0.00,1000.00,0.00
49800628721358056,20150113,1000.00,1000.00,0,0,0.00,0.00,0.00,1000.00,0.00
49800628721358056,20150114,1000.00,1000.00,0,0,0.00,0.00,0.00,1000.00,0.00
49800628721358056,20150117,1000.00,1000.00,0,0,0.00,0.00,0.00,1000.00,0.00
49800628721358056,20150118,1000.00,1000.00,0,0,0.00,0.00,0.00,1000.00,0.00
49800628721358056,20150119,1000.00,1000.00,0,0,0.00,0.00,0.00,1000.00,0.00
49800628721358056,20150120,1000.00,1000.00,0,0,0.00,0.00,0.00,1000.00,0.00
49800628721358056,20150121,1000.00,1000.00,0,0,0.00,0.00,0.00,1000.00,0.00
49800628721358056,20150124,1000.00,1000.00,0,0,0.00,0.00,0.00,1000.00,0.00
49800628721358056,20150125,1000.00,1000.00,0,0,0.00,0.00,0.00,1000.00,0.00
49800628721358056,20150126,1000.00,1000.00,0,0,0.00,0.00,0.00,1000.00,0.00
49800628721358056,20150127,1000.00,1000.00,0,0,0.00,0.00,0.00,1000.00,0.00
49800628721358056,20150128,1000.00,1000.00,0,0,0.00,0.00,0.00,1000.00,0.00
49800628721358056,20150131,1000.00,1000.00,0,0,0.00,0.00,0.00,1000.00,0.00
49800628721358056,20150201,1000.00,1000.00,0,0,0.00,0.00,0.00,1000.00,0.00
49800628721358056,20150202,1000.00,1000.00,0,0,0.00,0.00,0.00,1000.00,0.00
49800628721358056,20150203,1000.00,1000.00,0,0,0.00,0.00,0.00,1000.00,0.00
49800628721358056,20150204,1000.00,1000.00,0,0,0.00,0.00,0.00,1000.00,0.00
49800628721358056,20150207,1000.00,1000.00,0,0,0.00,0.00,0.00,1000.00,0.00
49800628721358056,20150208,1000.00,1000.00,0,0,0.00,0.00,0.00,1000.00,0.00
49800628721358056,20150209,1000.00,1000.00,0,0,0.00,0.00,0.00,1000.00,0.00
49800628721358056,20150210,1000.00,1000.00,0,0,0.00,0.00,0.00,1000.00,0.00
49800628721358056,20150214,1000.00,1000.00,0,0,0.00,0.00,0.00,1000.00,0.00
49800628721358056,20150215,1000.00,1000.00,0,0,0.00,0.00,0.00,1000.00,0.00
49800628721358056,20150216,1000.00,1000.00,0,0,0.00,0.00,0.00,1000.00,0.00
49800628721358056,20150217,1000.00,1000.00,0,0,0.00,0.00,0.00,1000.00,0.00
49800628721358056,20150218,1000.00,1000.00,0,0,0.00,0.00,0.00,1000.00,0.00
49800628721358056,20150221,1000.00,1000.00,0,0,0.00,0.00,0.00,1000.00,0.00
49800628721358056,20150222,1000.00,1000.00,0,0,0.00,0.00,0.00,1000.00,0.00
49800628721358056,20150223,1000.00,1000.00,0,0,0.00,0.00,0.00,1000.00,0.00
49800628721358056,20150224,1000.00,1000.00,0,0,0.00,0.00,0.00,1000.00,0.00
49800628721358056,20150225,1000.00,1000.00,0,0,0.00,0.00,0.00,1000.00,0.00
49800628721358056,20150228,1000.00,1000.00,0,0,0.00,0.00,0.00,1000.00,0.00
49800628721358056,20150301,1000.00,1000.00,0,0,0.00,0.00,0.00,1000.00,0.00
49800628721358056,20150302,1000.00,1000.00,0,0,0.00,0.00,0.00,1000.00,0.00
49800628721358056,20150303,1000.00,1000.00,0,0,0.00,0.00,0.00,1000.00,0.00
49800628721358056,20150304,1000.00,1000.00,0,0,0.00,0.00,0.00,1000.00,0.00
49800628721358056,20150307,1000.00,1000.00,0,0,0.00,0.00,0.00,1000.00,0.00
49800628721358056,20150308,1000.00,1000.00,0,0,0.00,0.00,0.00,1000.00,0.00
49800628721358056,20150309,1000.00,1000.00,0,0,0.00,0.00,0.00,1000.00,0.00
49800628721358056,20150310,1000.00,1000.00,0,0,0.00,0.00,0.00,1000.00,0.00
49800628721358056,20150311,1000.00,1000.00,0,0,0.00,0.00,0.00,1000.00,0.00
49800628721358056,20150314,1000.00,1000.00,0,0,0.00,0.00,0.00,1000.00,0.00
49800628721358056,20150315,1000.00,1000.00,0,0,0.00,0.00,0.00,1000.00,0.00
49800628721358056,20150316,1000.00,1000.00,0,0,0.00,0.00,0.00,1000.00,0.00
49800628721358056,20150317,1000.00,1000.00,0,0,0.00,0.00,0.00,1000.00,0.00
49800628721358056,20150318,1000.00,1000.00,0,0,0.00,0.00,0.00,1000.00,0.00
49800628721358056,20150325,1000.00,1000.00,0,0,0.00,0.00,0.00,1000.00,0.00
49800628721358056,20150328,1000.00,1000.00,0,0,0.00,0.00,0.00,1000.00,0.00
49800628721358056,20150329,1000.00,1000.00,0,0,0.00,0.00,0.00,1000.00,0.00
49800628721358056,20150330,1000.00,1000.00,0,0,0.00,0.00,0.00,1000.00,0.00
49800628721358056,20150331,1000.00,1000.00,0,0,0.00,0.00,0.00,1000.00,0.00
49800628721358056,20150404,1000.00,1000.00,0,0,0.00,0.00,0.00,1000.00,0.00
49800628721358056,20150405,1000.00,1000.00,0,0,0.00,0.00,0.00,1000.00,0.00
49800628721358056,20150406,1000.00,1000.00,0,0,0.00,0.00,0.00,1000.00,0.00
49800628721358056,20150407,1000.00,1000.00,0,0,0.00,0.00,0.00,1000.00,0.00
49800628721358056,20150408,1000.00,1000.00,0,0,0.00,0.00,0.00,1000.00,0.00
49800628721358056,20150411,1000.00,1000.00,0,0,0.00,0.00,0.00,1000.00,0.00
49800628721358056,20150412,1000.00,1000.00,0,0,0.00,0.00,0.00,1000.00,0.00
49800628721358056,20150413,1000.00,1000.00,0,0,0.00,0.00,0.00,1000.00,0.00
49800628721358056,20150414,1000.00,1000.00,0,0,0.00,0.00,0.00,1000.00,0.00
49800628721358056,20150415,1000.00,1000.00,0,0,0.00,0.00,0.00,1000.00,0.00
49800628721358056,20150418,1000.00,1000.00,0,0,0.00,0.00,0.00,1000.00,0.00
49800628721358056,20150419,1000.00,1000.00,0,0,0.00,0.00,0.00,1000.00,0.00
49800628721358056,20150420,1000.00,1000.00,0,0,0.00,0.00,0.00,1000.00,0.00
49800628721358056,20150421,1000.00,1000.00,0,0,0.00,0.00,0.00,1000.00,0.00
49800628721358056,20150422,1000.00,1000.00,0,0,0.00,0.00,0.00,1000.00,0.00
49800628721358056,20150425,1000.00,1000.00,0,0,0.00,0.00,0.00,1000.00,0.00
49800628721358056,20150426,1000.00,1000.00,0,0,0.00,0.00,0.00,1000.00,0.00
49800628721358056,20150427,1000.00,1000.00,0,0,0.00,0.00,0.00,1000.00,0.00
49800628721358056,20150428,1000.00,1000.00,0,0,0.00,0.00,0.00,1000.00,0.00
49800628721358056,20150429,1000.00,1000.00,0,0,0.00,0.00,0.00,1000.00,0.00
49800628721358056,20150503,1000.00,1000.00,0,0,0.00,0.00,0.00,1000.00,0.00
49800628721358056,20150504,1000.00,1000.00,0,0,0.00,0.00,0.00,1000.00,0.00
49800628721358056,20150505,1000.00,1000.00,0,0,0.00,0.00,0.00,1000.00,0.00
49800628721358056,20150506,1000.00,1000.00,0,0,0.00,0.00,0.00,1000.00,0.00
49800628721358056,20150509,1000.00,1000.00,0,0,0.00,0.00,0.00,1000.00,0.00
49800628721358056,20150510,1000.00,1000.00,0,0,0.00,0.00,0.00,1000.00,0.00
49800628721358056,20150511,1000.00,1000.00,0,0,0.00,0.00,0.00,1000.00,0.00
49800628721358056,20150512,1000.00,1000.00,0,0,0.00,0.00,0.00,1000.00,0.00
49800628721358056,20150513,1000.00,1000.00,0,0,0.00,0.00,0.00,1000.00,0.00
49800628721358056,20150517,1000.00,1000.00,0,0,0.00,0.00,0.00,1000.00,0.00
49800628721358056,20150518,1000.00,1000.00,0,0,0.00,0.00,0.00,1000.00,0.00
49800628721358056,20150519,1000.00,1000.00,0,0,0.00,0.00,0.00,1000.00,0.00
49800628721358056,20150520,1000.00,1000.00,0,0,0.00,0.00,0.00,1000.00,0.00
49800628721358056,20150523,1000.00,1000.00,0,0,0.00,0.00,0.00,1000.00,0.00
49800628721358056,20150524,1000.00,1000.00,0,0,0.00,0.00,0.00,1000.00,0.00
49800628721358056,20150525,1000.00,1000.00,0,0,0.00,0.00,0.00,1000.00,0.00
49800628721358056,20150526,1000.00,1000.00,0,0,0.00,0.00,0.00,1000.00,0.00
49800628721358056,20150527,1000.00,1000.00,0,0,0.00,0.00,0.00,1000.00,0.00
49800628721358056,20150530,1000.00,1000.00,0,0,0.00,0.00,0.00,1000.00,0.00
49800628721358056,20150531,1000.00,1000.00,0,0,0.00,0.00,0.00,1000.00,0.00
49800628721358056,20150601,1000.00,1000.00,0,0,0.00,0.00,0.00,1000.00,0.00
49800628721358056,20150602,1000.00,1000.00,0,0,0.00,0.00,0.00,1000.00,0.00
49800628721358056,20150606,1000.00,1000.00,0,0,0.00,0.00,0.00,1000.00,0.00
49800628721358056,20150607,1000.00,1000.00,0,0,0.00,0.00,0.00,1000.00,0.00
49800628721358056,20150608,1000.00,1000.00,0,0,0.00,0.00,0.00,1000.00,0.00
49800628721358056,20150609,1000.00,1000.00,0,0,0.00,0.00,0.00,1000.00,0.00
49800628721358056,20150610,1000.00,1000.00,0,0,0.00,0.00,0.00,1000.00,0.00
49800628721358056,20150613,1000.00,1000.00,0,0,0.00,0.00,0.00,1000.00,0.00
49800628721358056,20150614,1000.00,1000.00,0,0,0.00,0.00,0.00,1000.00,0.00
49800628721358056,20150615,1000.00,1000.00,0,0,0.00,0.00,0.00,1000.00,0.00
49800628721358056,20150616,1000.00,1000.00,0,0,0.00,0.00,0.00,1000.00,0.00
49800628721358056,20150617,1000.00,1000.00,0,0,0.00,0.00,0.00,1000.00,0.00
49800628721358056,20150620,1000.00,1000.00,0,0,0.00,0.00,0.00,1000.00,0.00
49800628721358056,20150621,1000.00,1000.00,0,0,0.00,0.00,0.00,1000.00,0.00
49800628721358056,20150622,1000.00,1000.00,0,0,0.00,0.00,0.00,1000.00,0.00
49800628721358056,20150623,1000.00,1000.00,0,0,0.00,0.00,0.00,1000.00,0.00
49800628721358056,20150624,1000.00,1000.00,0,0,0.00,0.00,0.00,1000.00,0.00
49800628721358056,20150627,1000.00,1000.00,0,0,0.00,0.00,0.00,1000.00,0.00
49800628721358056,20150628,1000.00,1000.00,0,0,0.00,0.00,0.00,1000.00,0.00
49800628721358056,20150629,1000.00,1000.00,0,0,0.00,0.00,0.00,1000.00,0.00
49800628721358056,20150630,1000.00,1000.00,0,0,0.00,0.00,0.00,1000.00,0.00
49800628721358056,20150701,1000.00,1000.00,0,0,0.00,0.00,0.00,1000.00,0.00
49800628721358056,20150704,1000.00,1000.00,0,0,0.00,0.00,0.00,1000.00,0.00
49800628721358056,20150705,1000.00,1000.00,0,0,0.00,0.00,0.00,1000.00,0.00
49800628721358056,20150706,1000.00,1000.00,0,0,0.00,0.00,0.00,1000.00,0.00
49800628721358056,20150707,1000.00,1000.00,0,0,0.00,0.00,0.00,1000.00,0.00
49800628721358056,20150711,1000.00,1000.00,0,0,0.00,0.00,0.00,1000.00,0.00
49800628721358056,20150712,1000.00,1000.00,0,0,0.00,0.00,0.00,1000.00,0.00
49800628721358056,20150713,1000.00,1000.00,0,0,0.00,0.00,0.00,1000.00,0.00
49800628721358056,20150714,1000.00,1000.00,0,0,0.00,0.00,0.00,1000.00,0.00
49800628721358056,20150715,1000.00,1000.00,0,0,0.00,0.00,0.00,1000.00,0.00
49800628721358056,20150719,1000.00,1000.00,0,0,0.00,0.00,0.00,1000.00,0.00
49800628721358056,20150720,1000.00,1000.00,0,0,0.00,0.00,0.00,1000.00,0.00
49800628721358056,20150721,1000.00,1000.00,0,0,0.00,0.00,0.00,1000.00,0.00
49800628721358056,20150722,1000.00,1000.00,0,0,0.00,0.00,0.00,1000.00,0.00
49800628721358056,20150725,1000.00,1000.00,0,0,0.00,0.00,0.00,1000.00,0.00
49800628721358056,20150726,1000.00,1000.00,0,0,0.00,0.00,0.00,1000.00,0.00
49800628721358056,20150727,1000.00,1000.00,0,0,0.00,0.00,0.00,1000.00,0.00
49800628721358056,20150728,1000.00,1000.00,0,0,0.00,0.00,0.00,1000.00,0.00
49800628721358056,20150729,1000.00,1000.00,0,0,0.00,0.00,0.00,1000.00,0.00
49800628721358056,20150801,1000.00,1000.00,0,0,0.00,0.00,0.00,1000.00,0.00
49800628721358056,20150802,1000.00,1000.00,0,0,0.00,0.00,0.00,1000.00,0.00
49800628721358056,20150803,1000.00,1000.00,0,0,0.00,0.00,0.00,1000.00,0.00
49800628721358056,20150804,1000.00,1000.00,0,0,0.00,0.00,0.00,1000.00,0.00
49800628721358056,20150805,1000.00,1000.00,0,0,0.00,0.00,0.00,1000.00,0.00
49800628721358056,20150808,1000.00,1000.00,0,0,0.00,0.00,0.00,1000.00,0.00
49800628721358056,20150809,1000.00,1000.00,0,0,0.00,0.00,0.00,1000.00,0.00
49800628721358056,20150810,1000.00,1000.00,0,0,0.00,0.00,0.00,1000.00,0.00
49800628721358056,20150812,1000.00,1000.00,0,0,0.00,0.00,0.00,1000.00,0.00
49800628721358056,20150815,1000.00,1000.00,0,0,0.00,0.00,0.00,1000.00,0.00
49800628721358056,20150816,1000.00,1000.00,0,0,0.00,0.00,0.00,1000.00,0.00
49800628721358056,20150817,1000.00,1000.00,0,0,0.00,0.00,0.00,1000.00,0.00
49800628721358056,20150818,1000.00,1000.00,0,0,0.00,0.00,0.00,1000.00,0.00
49800628721358056,20150819,1000.00,1000.00,0,0,0.00,0.00,0.00,1000.00,0.00
49800628721358056,20150822,1000.00,1000.00,0,0,0.00,0.00,0.00,1000.00,0.00
49800628721358056,20150823,1000.00,1000.00,0,0,0.00,0.00,0.00,1000.00,0.00
49800628721358056,20150824,1000.00,1000.00,0,0,0.00,0.00,0.00,1000.00,0.00
49800628721358056,20150825,1000.00,1000.00,0,0,0.00,0.00,0.00,1000.00,0.00
49800628721358056,20150826,1000.00,1000.00,0,0,0.00,0.00,0.00,1000.00,0.00
49800628721358056,20150829,1000.00,1000.00,0,0,0.00,0.00,0.00,1000.00,0.00
49800628721358056,20150830,1000.00,1000.00,0,0,0.00,0.00,0.00,1000.00,0.00
49800628721358056,20150831,1000.00,1000.00,0,0,0.00,0.00,0.00,1000.00,0.00
49800628721358056,20150901,1000.00,1000.00,0,0,0.00,0.00,0.00,1000.00,0.00
49800628721358056,20150902,1000.00,1000.00,0,0,0.00,0.00,0.00,1000.00,0.00
49800628721358056,20150905,1000.00,1000.00,0,0,0.00,0.00,0.00,1000.00,0.00
49800628721358056,20150906,1000.00,1000.00,0,0,0.00,0.00,0.00,1000.00,0.00
49800628721358056,20150907,1000.00,1000.00,0,0,0.00,0.00,0.00,1000.00,0.00
49800628721358056,20150908,1000.00,1000.00,0,0,0.00,0.00,0.00,1000.00,0.00
49800628721358056,20150909,1000.00,1000.00,0,0,0.00,0.00,0.00,1000.00,0.00
49800628721358056,20150912,1000.00,1000.00,0,0,0.00,0.00,0.00,1000.00,0.00
49800628721358056,20150913,1000.00,1000.00,0,0,0.00,0.00,0.00,1000.00,0.00
49800628721358056,20150914,1000.00,1000.00,0,0,0.00,0.00,0.00,1000.00,0.00
49800628721358056,20150915,1000.00,1000.00,0,0,0.00,0.00,0.00,1000.00,0.00
49800628721358056,20150916,1000.00,1000.00,0,0,0.00,0.00,0.00,1000.00,0.00
49800628721358056,20150919,1000.00,1000.00,0,0,0.00,0.00,0.00,1000.00,0.00
49800628721358056,20150920,1000.00,1000.00,0,0,0.00,0.00,0.00,1000.00,0.00
49800628721358056,20150921,1000.00,1000.00,0,0,0.00,0.00,0.00,1000.00,0.00
49800628721358056,20150922,1000.00,1000.00,0,0,0.00,0.00,0.00,1000.00,0.00
49800628721358056,20150923,1000.00,1000.00,0,0,0.00,0.00,0.00,1000.00,0.00
49800628721358056,20150926,1000.00,1000.00,0,0,0.00,0.00,0.00,1000.00,0.00
49800628721358056,20150927,1000.00,1000.00,0,0,0.00,0.00,0.00,1000.00,0.00
49800628721358056,20150928,1000.00,1000.00,0,0,0.00,0.00,0.00,1000.00,0.00
49800628721358056,20150929,1000.00,1000.00,0,0,0.00,0.00,0.00,1000.00,0.00
49800628721358056,20150930,1000.00,1000.00,0,0,0.00,0.00,0.00,1000.00,0.00
49800628721358056,20151003,1000.00,1000.00,0,0,0.00,0.00,0.00,1000.00,0.00
49800628721358056,20151004,1000.00,1000.00,0,0,0.00,0.00,0.00,1000.00,0.00
49800628721358056,20151005,1000.00,1000.00,0,0,0.00,0.00,0.00,1000.00,0.00
49800628721358056,20151006,1000.00,1000.00,0,0,0.00,0.00,0.00,1000.00,0.00
49800628721358056,20151007,1000.00,1000.00,0,0,0.00,0.00,0.00,1000.00,0.00
49800628721358056,20151010,1000.00,1000.00,0,0,0.00,0.00,0.00,1000.00,0.00
49800628721358056,20151011,1000.00,1000.00,0,0,0.00,0.00,0.00,1000.00,0.00
49800628721358056,20151012,1000.00,1000.00,0,0,0.00,0.00,0.00,1000.00,0.00
49800628721358056,20151013,1000.00,1000.00,0,0,0.00,0.00,0.00,1000.00,0.00
49800628721358056,20151014,1000.00,1000.00,0,0,0.00,0.00,0.00,1000.00,0.00
49800628721358056,20151017,1000.00,1000.00,0,0,0.00,0.00,0.00,1000.00,0.00
49800628721358056,20151018,1000.00,1000.00,0,0,0.00,0.00,0.00,1000.00,0.00
49800628721358056,20151019,1000.00,1000.00,0,0,0.00,0.00,0.00,1000.00,0.00
49800628721358056,20151020,1000.00,1000.00,0,0,0.00,0.00,0.00,1000.00,0.00
49800628721358056,20151021,1000.00,1000.00,0,0,0.00,0.00,0.00,1000.00,0.00
49800628721358056,20151025,1000.00,1000.00,0,0,0.00,0.00,0.00,1000.00,0.00
49800628721358056,20151026,1000.00,1000.00,0,0,0.00,0.00,0.00,1000.00,0.00
49800628721358056,20151027,1000.00,1000.00,0,0,0.00,0.00,0.00,1000.00,0.00
49800628721358056,20151028,1000.00,1000.00,0,0,0.00,0.00,0.00,1000.00,0.00
49800628721358056,20151031,1000.00,1000.00,0,0,0.00,0.00,0.00,1000.00,0.00
49800628721358056,20151101,1000.00,1000.00,0,0,0.00,0.00,0.00,1000.00,0.00
49800628721358056,20151102,1000.00,1000.00,0,0,0.00,0.00,0.00,1000.00,0.00
49800628721358056,20151103,1000.00,1000.00,0,0,0.00,0.00,0.00,1000.00,0.00
49800628721358056,20151104,1000.00,1000.00,0,0,0.00,0.00,0.00,1000.00,0.00
49800628721358056,20151107,1000.00,1000.00,0,0,0.00,0.00,0.00,1000.00,0.00
49800628721358056,20151108,1000.00,1000.00,0,0,0.00,0.00,0.00,1000.00,0.00
49800628721358056,20151109,1000.00,1000.00,0,0,0.00,0.00,0.00,1000.00,0.00
49800628721358056,20151110,1000.00,1000.00,0,0,0.00,0.00,0.00,1000.00,0.00
49800628721358056,20151111,1000.00,1000.00,0,0,0.00,0.00,0.00,1000.00,0.00
49800628721358056,20151114,1000.00,1000.00,0,0,0.00,0.00,0.00,1000.00,0.00
49800628721358056,20151115,1000.00,1000.00,0,0,0.00,0.00,0.00,1000.00,0.00
49800628721358056,20151116,1000.00,1000.00,0,0,0.00,0.00,0.00,1000.00,0.00
49800628721358056,20151117,1000.00,1000.00,0,0,0.00,0.00,0.00,1000.00,0.00
49800628721358056,20151118,1000.00,1000.00,0,0,0.00,0.00,0.00,1000.00,0.00
49800628721358056,20151121,1000.00,1000.00,0,0,0.00,0.00,0.00,1000.00,0.00
49800628721358056,20151122,1000.00,1000.00,0,0,0.00,0.00,0.00,1000.00,0.00
49800628721358056,20151123,1000.00,1000.00,0,0,0.00,0.00,0.00,1000.00,0.00
49800628721358056,20151124,1000.00,1000.00,0,0,0.00,0.00,0.00,1000.00,0.00
49800628721358056,20151125,1000.00,1000.00,0,0,0.00,0.00,0.00,1000.00,0.00
49800628721358056,20151128,1000.00,1000.00,0,0,0.00,0.00,0.00,1000.00,0.00
49800628721358056,20151129,1000.00,1000.00,0,0,0.00,0.00,0.00,1000.00,0.00
49800628721358056,20151130,1000.00,1000.00,0,0,0.00,0.00,0.00,1000.00,0.00
49800628721358056,20151201,1000.00,1000.00,0,0,0.00,0.00,0.00,1000.00,0.00
49800628721358056,20151205,1000.00,1000.00,0,0,0.00,0.00,0.00,1000.00,0.00
49800628721358056,20151206,1000.00,1000.00,0,0,0.00,0.00,0.00,1000.00,0.00
49800628721358056,20151207,1000.00,1000.00,0,0,0.00,0.00,0.00,1000.00,0.00
49800628721358056,20151208,1000.00,1000.00,0,0,0.00,0.00,0.00,1000.00,0.00
49800628721358056,20151209,1000.00,1000.00,0,0,0.00,0.00,0.00,1000.00,0.00
49800628721358056,20151213,1000.00,1000.00,0,0,0.00,0.00,0.00,1000.00,0.00
49800628721358056,20151214,1000.00,1000.00,0,0,0.00,0.00,0.00,1000.00,0.00
49800628721358056,20151215,1000.00,1000.00,0,0,0.00,0.00,0.00,1000.00,0.00
49800628721358056,20151216,1000.00,1000.00,0,0,0.00,0.00,0.00,1000.00,0.00
49800628721358056,20151219,1000.00,1000.00,0,0,0.00,0.00,0.00,1000.00,0.00
49800628721358056,20151220,1000.00,1000.00,0,0,0.00,0.00,0.00,1000.00,0.00
49800628721358056,20151221,1000.00,1000.00,0,0,0.00,0.00,0.00,1000.00,0.00
49800628721358056,20151222,1000.00,1000.00,0,0,0.00,0.00,0.00,1000.00,0.00
49800628721358056,20151223,1000.00,1000.00,0,0,0.00,0.00,0.00,1000.00,0.00
49800628721358056,20151226,1000.00,1000.00,0,0,0.00,0.00,0.00,1000.00,0.00
49800628721358056,20151227,1000.00,1000.00,0,0,0.00,0.00,0.00,1000.00,0.00
49800628721358056,20151228,1000.00,1000.00,0,0,0.00,0.00,0.00,1000.00,0.00
49800628721358056,20151230,1000.00,1000.00,0,0,0.00,0.00,0.00,1000.00,0.00
49800628721358056,20160102,1000.00,1000.00,0,0,0.00,0.00,0.00,1000.00,0.00
49800628721358056,20160103,1000.00,1000.00,0,0,0.00,0.00,0.00,1000.00,0.00
49800628721358056,20160104,1000.00,1000.00,0,0,0.00,0.00,0.00,1000.00,0.00
49800628721358056,20160105,1000.00,1000.00,0,0,0.00,0.00,0.00,1000.00,0.00
49800628721358056,20160106,1000.00,1000.00,0,0,0.00,0.00,0.00,1000.00,0.00
49800628721358056,20160109,1000.00,1000.00,0,0,0.00,0.00,0.00,1000.00,0.00
49800628721358056,20160110,1000.00,1000.00,0,0,0.00,0.00,0.00,1000.00,0.00
49800628721358056,20160111,1000.00,1000.00,0,0,0.00,0.00,0.00,1000.00,0.00
49800628721358056,20160112,1000.00,1000.00,0,0,0.00,0.00,0.00,1000.00,0.00
49800628721358056,20160113,1000.00,1000.00,0,0,0.00,0.00,0.00,1000.00,0.00
49800628721358056,20160116,1000.00,1000.00,0,0,0.00,0.00,0.00,1000.00,0.00
49800628721358056,20160117,1000.00,1000.00,0,0,0.00,0.00,0.00,1000.00,0.00
49800628721358056,20160118,1000.00,1000.00,0,0,0.00,0.00,0.00,1000.00,0.00
49800628721358056,20160119,1000.00,1000.00,0,0,0.00,0.00,0.00,1000.00,0.00
49800628721358056,20160120,1000.00,1000.00,0,0,0.00,0.00,0.00,1000.00,0.00
49800628721358056,20160123,1000.00,1000.00,0,0,0.00,0.00,0.00,1000.00,0.00
49800628721358056,20160124,1000.00,1000.00,0,0,0.00,0.00,0.00,1000.00,0.00
49800628721358056,20160125,1000.00,1000.00,0,0,0.00,0.00,0.00,1000.00,0.00
49800628721358056,20160126,1000.00,1000.00,0,0,0.00,0.00,0.00,1000.00,0.00
49800628721358056,20160127,1000.00,1000.00,0,0,0.00,0.00,0.00,1000.00,0.00
49800628721358056,20160130,1000.00,1000.00,0,0,0.00,0.00,0.00,1000.00,0.00
49800628721358056,20160131,1000.00,1000.00,0,0,0.00,0.00,0.00,1000.00,0.00
49800628721358056,20160201,1000.00,1000.00,0,0,0.00,0.00,0.00,1000.00,0.00
49800628721358056,20160202,1000.00,1000.00,0,0,0.00,0.00,0.00,1000.00,0.00
49800628721358056,20160203,1000.00,1000.00,0,0,0.00,0.00,0.00,1000.00,0.00
49800628721358056,20160206,1000.00,1000.00,0,0,0.00,0.00,0.00,1000.00,0.00
49800628721358056,20160207,1000.00,1000.00,0,0,0.00,0.00,0.00,1000.00,0.00
49800628721358056,20160208,1000.00,1000.00,0,0,0.00,0.00,0.00,1000.00,0.00
49800628721358056,20160209,1000.00,1000.00,0,0,0.00,0.00,0.00,1000.00,0.00
49800628721358056,20160210,1000.00,1000.00,0,0,0.00,0.00,0.00,1000.00,0.00
49800628721358056,20160213,1000.00,1000.00,0,0,0.00,0.00,0.00,1000.00,0.00
49800628721358056,20160214,1000.00,1000.00,0,0,0.00,0.00,0.00,1000.00,0.00
49800628721358056,20160215,1000.00,1000.00,0,0,0.00,0.00,0.00,1000.00,0.00
49800628721358056,20160216,1000.00,1000.00,0,0,0.00,0.00,0.00,1000.00,0.00
49800628721358056,20160217,1000.00,1000.00,0,0,0.00,0.00,0.00,1000.00,0.00
49800628721358056,20160220,1000.00,1000.00,0,0,0.00,0.00,0.00,1000.00,0.00
49800628721358056,20160221,1000.00,1000.00,0,0,0.00,0.00,0.00,1000.00,0.00
49800628721358056,20160222,1000.00,1000.00,0,0,0.00,0.00,0.00,1000.00,0.00
49800628721358056,20160223,1000.00,1000.00,0,0,0.00,0.00,0.00,1000.00,0.00
49800628721358056,20160224,1000.00,1000.00,0,0,0.00,0.00,0.00,1000.00,0.00
49800628721358056,20160227,1000.00,1000.00,0,0,0.00,0.00,0.00,1000.00,0.00
49800628721358056,20160228,1000.00,1000.00,0,0,0.00,0.00,0.00,1000.00,0.00
49800628721358056,20160229,1000.00,1000.00,0,0,0.00,0.00,0.00,1000.00,0.00
49800628721358056,20160301,1000.00,1000.00,0,0,0.00,0.00,0.00,1000.00,0.00
49800628721358056,20160302,1000.00,1000.00,0,0,0.00,0.00,0.00,1000.00,0.00
49800628721358056,20160305,1000.00,1000.00,0,0,0.00,0.00,0.00,1000.00,0.00
49800628721358056,20160306,1000.00,1000.00,0,0,0.00,0.00,0.00,1000.00,0.00
49800628721358056,20160307,1000.00,1000.00,0,0,0.00,0.00,0.00,1000.00,0.00
49800628721358056,20160308,1000.00,1000.00,0,0,0.00,0.00,0.00,1000.00,0.00
49800628721358056,20160309,1000.00,1000.00,0,0,0.00,0.00,0.00,1000.00,0.00
49800628721358056,20160312,1000.00,1000.00,0,0,0.00,0.00,0.00,1000.00,0.00
49800628721358056,20160314,1000.00,1000.00,0,0,0.00,0.00,0.00,1000.00,0.00
49800628721358056,20160315,1000.00,1000.00,0,0,0.00,0.00,0.00,1000.00,0.00
49800628721358056,20160316,1000.00,1000.00,0,0,0.00,0.00,0.00,1000.00,0.00
49800628721358056,20160326,1000.00,1000.00,0,0,0.00,0.00,0.00,1000.00,0.00
49800628721358056,20160327,1000.00,1000.00,0,0,0.00,0.00,0.00,1000.00,0.00
49800628721358056,20160328,1000.00,1000.00,0,0,0.00,0.00,0.00,1000.00,0.00
49800628721358056,20160329,1000.00,1000.00,0,0,0.00,0.00,0.00,1000.00,0.00
49800628721358056,20160330,1000.00,1000.00,0,0,0.00,0.00,0.00,1000.00,0.00
49800628721358056,20160402,1000.00,1000.00,0,0,0.00,0.00,0.00,1000.00,0.00
49800628721358056,20160403,1000.00,1000.00,0,0,0.00,0.00,0.00,1000.00,0.00
49800628721358056,20160404,1000.00,1000.00,0,0,0.00,0.00,0.00,1000.00,0.00
49800628721358056,20160405,1000.00,1000.00,0,0,0.00,0.00,0.00,1000.00,0.00
49800628721358056,20160406,1000.00,1000.00,0,0,0.00,0.00,0.00,1000.00,0.00
49800628721358056,20160409,1000.00,1000.00,0,0,0.00,0.00,0.00,1000.00,0.00
49800628721358056,20160410,1000.00,1000.00,0,0,0.00,0.00,0.00,1000.00,0.00
49800628721358056,20160411,1000.00,1000.00,0,0,0.00,0.00,0.00,1000.00,0.00
49800628721358056,20160412,1000.00,1000.00,0,0,0.00,0.00,0.00,1000.00,0.00
49800628721358056,20160413,1000.00,1000.00,0,0,0.00,0.00,0.00,1000.00,0.00
49800628721358056,20160416,1000.00,1000.00,0,0,0.00,0.00,0.00,1000.00,0.00
49800628721358056,20160417,1000.00,1000.00,0,0,0.00,0.00,0.00,1000.00,0.00
49800628721358056,20160418,1000.00,1000.00,0,0,0.00,0.00,0.00,1000.00,0.00
49800628721358056,20160419,1000.00,1000.00,0,0,0.00,0.00,0.00,1000.00,0.00
49800628721358056,20160420,1000.00,1000.00,0,0,0.00,0.00,0.00,1000.00,0.00
49800628721358056,20160423,1000.00,1000.00,0,0,0.00,0.00,0.00,1000.00,0.00
49800628721358056,20160424,1000.00,1000.00,0,0,0.00,0.00,0.00,1000.00,0.00
49800628721358056,20160425,1000.00,1000.00,0,0,0.00,0.00,0.00,1000.00,0.00
49800628721358056,20160426,1000.00,1000.00,0,0,0.00,0.00,0.00,1000.00,0.00
49800628721358056,20160427,1000.00,1000.00,0,0,0.00,0.00,0.00,1000.00,0.00
49800628721358056,20160430,1000.00,1000.00,0,0,0.00,0.00,0.00,1000.00,0.00
49800628721358056,20160501,1000.00,1000.00,0,0,0.00,0.00,0.00,1000.00,0.00
49800628721358056,20160502,1000.00,1000.00,0,0,0.00,0.00,0.00,1000.00,0.00
49800628721358056,20160503,1000.00,1000.00,0,0,0.00,0.00,0.00,1000.00,0.00
49800628721358056,20160504,1000.00,1000.00,0,0,0.00,0.00,0.00,1000.00,0.00
49800628721358056,20160507,1000.00,1000.00,0,0,0.00,0.00,0.00,1000.00,0.00
49800628721358056,20160508,1000.00,1000.00,0,0,0.00,0.00,0.00,1000.00,0.00
49800628721358056,20160509,1000.00,1000.00,0,0,0.00,0.00,0.00,1000.00,0.00
49800628721358056,20160510,1000.00,1000.00,0,0,0.00,0.00,0.00,1000.00,0.00
49800628721358056,20160511,1000.00,1000.00,0,0,0.00,0.00,0.00,1000.00,0.00
49800628721358056,20160514,1000.00,1000.00,0,0,0.00,0.00,0.00,1000.00,0.00
49800628721358056,20160515,1000.00,1000.00,0,0,0.00,0.00,0.00,1000.00,0.00
49800628721358056,20160516,1000.00,1000.00,0,0,0.00,0.00,0.00,1000.00,0.00
49800628721358056,20160517,1000.00,1000.00,0,0,0.00,0.00,0.00,1000.00,0.00
49800628721358056,20160518,1000.00,1000.00,0,0,0.00,0.00,0.00,1000.00,0.00
49800628721358056,20160521,1000.00,1000.00,0,0,0.00,0.00,0.00,1000.00,0.00
49800628721358056,20160523,1000.00,1000.00,0,0,0.00,0.00,0.00,1000.00,0.00
49800628721358056,20160524,1000.00,1000.00,0,0,0.00,0.00,0.00,1000.00,0.00
49800628721358056,20160525,1000.00,1000.00,0,0,0.00,0.00,0.00,1000.00,0.00
49800628721358056,20160528,1000.00,1000.00,0,0,0.00,0.00,0.00,1000.00,0.00
49800628721358056,20160529,1000.00,1000.00,0,0,0.00,0.00,0.00,1000.00,0.00
49800628721358056,20160530,1000.00,1000.00,0,0,0.00,0.00,0.00,1000.00,0.00
49800628721358056,20160531,1000.00,1000.00,0,0,0.00,0.00,0.00,1000.00,0.00
49800628721358056,20160601,1000.00,1000.00,0,0,0.00,0.00,0.00,1000.00,0.00
49800628721358056,20160605,1000.00,1000.00,0,0,0.00,0.00,0.00,1000.00,0.00
49800628721358056,20160606,1000.00,1000.00,0,0,0.00,0.00,0.00,1000.00,0.00
49800628721358056,20160607,1000.00,1000.00,0,0,0.00,0.00,0.00,1000.00,0.00
49800628721358056,20160608,1000.00,1000.00,0,0,0.00,0.00,0.00,1000.00,0.00
49800628721358056,20160611,1000.00,1000.00,0,0,0.00,0.00,0.00,1000.00,0.00
49800628721358056,20160612,1000.00,1000.00,0,0,0.00,0.00,0.00,1000.00,0.00
49800628721358056,20160613,1000.00,1000.00,0,0,0.00,0.00,0.00,1000.00,0.00
49800628721358056,20160614,1000.00,1000.00,0,0,0.00,0.00,0.00,1000.00,0.00
49800628721358056,20160615,1000.00,1000.00,0,0,0.00,0.00,0.00,1000.00,0.00
49800628721358056,20160618,1000.00,1000.00,0,0,0.00,0.00,0.00,1000.00,0.00
49800628721358056,20160619,1000.00,1000.00,0,0,0.00,0.00,0.00,1000.00,0.00
49800628721358056,20160620,1000.00,1000.00,0,0,0.00,0.00,0.00,1000.00,0.00
49800628721358056,20160621,1000.00,1000.00,0,0,0.00,0.00,0.00,1000.00,0.00
49800628721358056,20160622,1000.00,1000.00,0,0,0.00,0.00,0.00,1000.00,0.00
49800628721358056,20160625,1000.00,1000.00,0,0,0.00,0.00,0.00,1000.00,0.00
49800628721358056,20160626,1000.00,1000.00,0,0,0.00,0.00,0.00,1000.00,0.00
49800628721358056,20160628,1000.00,1000.00,0,0,0.00,0.00,0.00,1000.00,0.00
49800628721358056,20160629,1000.00,1000.00,0,0,0.00,0.00,0.00,1000.00,0.00
49800628721358056,20160702,1000.00,1000.00,0,0,0.00,0.00,0.00,1000.00,0.00
49800628721358056,20160703,1000.00,1000.00,0,0,0.00,0.00,0.00,1000.00,0.00
49800628721358056,20160704,1000.00,1000.00,0,0,0.00,0.00,0.00,1000.00,0.00
49800628721358056,20160705,1000.00,1000.00,0,0,0.00,0.00,0.00,1000.00,0.00
49800628721358056,20160709,1000.00,1000.00,0,0,0.00,0.00,0.00,1000.00,0.00
49800628721358056,20160710,1000.00,1000.00,0,0,0.00,0.00,0.00,1000.00,0.00
49800628721358056,20160711,1000.00,1000.00,0,0,0.00,0.00,0.00,1000.00,0.00
49800628721358056,20160712,1000.00,1000.00,0,0,0.00,0.00,0.00,1000.00,0.00
49800628721358056,20160713,1000.00,1000.00,0,0,0.00,0.00,0.00,1000.00,0.00
49800628721358056,20160716,1000.00,1000.00,0,0,0.00,0.00,0.00,1000.00,0.00
49800628721358056,20160717,1000.00,1000.00,0,0,0.00,0.00,0.00,1000.00,0.00
49800628721358056,20160718,1000.00,1000.00,0,0,0.00,0.00,0.00,1000.00,0.00
49800628721358056,20160719,1000.00,1000.00,0,0,0.00,0.00,0.00,1000.00,0.00
49800628721358056,20160720,1000.00,1000.00,0,0,0.00,0.00,0.00,1000.00,0.00
49800628721358056,20160723,1000.00,1000.00,0,0,0.00,0.00,0.00,1000.00,0.00
49800628721358056,20160724,1000.00,1000.00,0,0,0.00,0.00,0.00,1000.00,0.00
49800628721358056,20160725,1000.00,1000.00,0,0,0.00,0.00,0.00,1000.00,0.00
49800628721358056,20160726,1000.00,1000.00,0,0,0.00,0.00,0.00,1000.00,0.00
49800628721358056,20160727,1000.00,1000.00,0,0,0.00,0.00,0.00,1000.00,0.00
49800628721358056,20160731,1000.00,1000.00,0,0,0.00,0.00,0.00,1000.00,0.00
49800628721358056,20160801,1000.00,1000.00,0,0,0.00,0.00,0.00,1000.00,0.00
49800628721358056,20160802,1000.00,1000.00,0,0,0.00,0.00,0.00,1000.00,0.00
49800628721358056,20160803,1000.00,1000.00,0,0,0.00,0.00,0.00,1000.00,0.00
49800628721358056,20160806,1000.00,1000.00,0,0,0.00,0.00,0.00,1000.00,0.00
49800628721358056,20160807,1000.00,1000.00,0,0,0.00,0.00,0.00,1000.00,0.00
49800628721358056,20160808,1000.00,1000.00,0,0,0.00,0.00,0.00,1000.00,0.00
49800628721358056,20160809,1000.00,1000.00,0,0,0.00,0.00,0.00,1000.00,0.00
49800628721358056,20160810,1000.00,1000.00,0,0,0.00,0.00,0.00,1000.00,0.00
49800628721358056,20160813,1000.00,1000.00,0,0,0.00,0.00,0.00,1000.00,0.00
49800628721358056,20160814,1000.00,1000.00,0,0,0.00,0.00,0.00,1000.00,0.00
49800628721358056,20160815,1000.00,1000.00,0,0,0.00,0.00,0.00,1000.00,0.00
49800628721358056,20160816,1000.00,1000.00,0,0,0.00,0.00,0.00,1000.00,0.00
49800628721358056,20160817,1000.00,1000.00,0,0,0.00,0.00,0.00,1000.00,0.00
49800628721358056,20160820,1000.00,1000.00,0,0,0.00,0.00,0.00,1000.00,0.00
49800628721358056,20160821,1000.00,1000.00,0,0,0.00,0.00,0.00,1000.00,0.00
49800628721358056,20160822,1000.00,1000.00,0,0,0.00,0.00,0.00,1000.00,0.00
49800628721358056,20160823,1000.00,1000.00,0,0,0.00,0.00,0.00,1000.00,0.00
49800628721358056,20160824,1000.00,1000.00,0,0,0.00,0.00,0.00,1000.00,0.00
49800628721358056,20160827,1000.00,1000.00,0,0,0.00,0.00,0.00,1000.00,0.00
49800628721358056,20160828,1000.00,1000.00,0,0,0.00,0.00,0.00,1000.00,0.00
49800628721358056,20160829,1000.00,1000.00,0,0,0.00,0.00,0.00,1000.00,0.00
49800628721358056,20160830,1000.00,1000.00,0,0,0.00,0.00,0.00,1000.00,0.00
49800628721358056,20160831,1000.00,1000.00,0,0,0.00,0.00,0.00,1000.00,0.00
49800628721358056,20160903,1000.00,1000.00,0,0,0.00,0.00,0.00,1000.00,0.00
49800628721358056,20160904,1000.00,1000.00,0,0,0.00,0.00,0.00,1000.00,0.00
49800628721358056,20160905,1000.00,1000.00,0,0,0.00,0.00,0.00,1000.00,0.00
49800628721358056,20160906,1000.00,1000.00,0,0,0.00,0.00,0.00,1000.00,0.00
49800628721358056,20160907,1000.00,1000.00,0,0,0.00,0.00,0.00,1000.00,0.00
49800628721358056,20160910,1000.00,1000.00,0,0,0.00,0.00,0.00,1000.00,0.00
49800628721358056,20160911,1000.00,1000.00,0,0,0.00,0.00,0.00,1000.00,0.00
49800628721358056,20160913,1000.00,1000.00,0,0,0.00,0.00,0.00,1000.00,0.00
49800628721358056,20160914,1000.00,1000.00,0,0,0.00,0.00,0.00,1000.00,0.00
49800628721358056,20160917,1000.00,1000.00,0,0,0.00,0.00,0.00,1000.00,0.00
49800628721358056,20160918,1000.00,1000.00,0,0,0.00,0.00,0.00,1000.00,0.00
49800628721358056,20160919,1000.00,1000.00,0,0,0.00,0.00,0.00,1000.00,0.00
49800628721358056,20160921,1000.00,1000.00,0,0,0.00,0.00,0.00,1000.00,0.00
49800628721358056,20160924,1000.00,1000.00,0,0,0.00,0.00,0.00,1000.00,0.00
49800628721358056,20160925,1000.00,1000.00,0,0,0.00,0.00,0.00,1000.00,0.00
49800628721358056,20160926,1000.00,1000.00,0,0,0.00,0.00,0.00,1000.00,0.00
49800628721358056,20160927,1000.00,1000.00,0,0,0.00,0.00,0.00,1000.00,0.00
49800628721358056,20160928,1000.00,1000.00,0,0,0.00,0.00,0.00,1000.00,0.00
49800628721358056,20161001,1000.00,1000.00,0,0,0.00,0.00,0.00,1000.00,0.00
49800628721358056,20161002,1000.00,1000.00,0,0,0.00,0.00,0.00,1000.00,0.00
49800628721358056,20161003,1000.00,1000.00,0,0,0.00,0.00,0.00,1000.00,0.00
49800628721358056,20161004,1000.00,1000.00,0,0,0.00,0.00,0.00,1000.00,0.00
49800628721358056,20161005,1000.00,1000.00,0,0,0.00,0.00,0.00,1000.00,0.00
49800628721358056,20161008,1000.00,1000.00,0,0,0.00,0.00,0.00,1000.00,0.00
49800628721358056,20161009,1000.00,1000.00,0,0,0.00,0.00,0.00,1000.00,0.00
49800628721358056,20161010,1000.00,1000.00,0,0,0.00,0.00,0.00,1000.00,0.00
49800628721358056,20161012,1000.00,1000.00,0,0,0.00,0.00,0.00,1000.00,0.00
49800628721358056,20161015,1000.00,1000.00,0,0,0.00,0.00,0.00,1000.00,0.00
49800628721358056,20161016,1000.00,1000.00,0,0,0.00,0.00,0.00,1000.00,0.00
49800628721358056,20161017,1000.00,1000.00,0,0,0.00,0.00,0.00,1000.00,0.00
49800628721358056,20161018,1000.00,1000.00,0,0,0.00,0.00,0.00,1000.00,0.00
49800628721358056,20161019,1000.00,1000.00,0,0,0.00,0.00,0.00,1000.00,0.00
49800628721358056,20161022,1000.00,1000.00,0,0,0.00,0.00,0.00,1000.00,0.00
49800628721358056,20161023,1000.00,1000.00,0,0,0.00,0.00,0.00,1000.00,0.00
49800628721358056,20161024,1000.00,1000.00,0,0,0.00,0.00,0.00,1000.00,0.00
49800628721358056,20161025,1000.00,1000.00,0,0,0.00,0.00,0.00,1000.00,0.00
49800628721358056,20161026,1000.00,1000.00,0,0,0.00,0.00,0.00,1000.00,0.00
49800628721358056,20161027,1000.00,1000.00,0,0,0.00,0.00,0.00,1000.00,0.00
49800628721358056,20161028,1000.00,1000.00,0,0,0.00,0.00,0.00,1000.00,0.00
49800628721358056,20161029,1000.00,1000.00,0,0,0.00,0.00,0.00,1000.00,0.00
49800628721358056,20161030,1000.00,1000.00,0,0,0.00,0.00,0.00,1000.00,0.00
49800628721358056,20161031,1000.00,1000.00,0,0,0.00,0.00,0.00,1000.00,0.00
49800628721358056,20161101,1000.00,1000.00,0,0,0.00,0.00,0.00,1000.00,0.00
49800628721358056,20161102,1000.00,1000.00,0,0,0.00,0.00,0.00,1000.00,0.00
49800628721358056,20161105,1000.00,1000.00,0,0,0.00,0.00,0.00,1000.00,0.00
49800628721358056,20161106,1000.00,1000.00,0,0,0.00,0.00,0.00,1000.00,0.00
49800628721358056,20161107,1000.00,1000.00,0,0,0.00,0.00,0.00,1000.00,0.00
49800628721358056,20161108,1000.00,1000.00,0,0,0.00,0.00,0.00,1000.00,0.00
49800628721358056,20161109,1000.00,1000.00,0,0,0.00,0.00,0.00,1000.00,0.00
49800628721358056,20161112,1000.00,1000.00,0,0,0.00,0.00,0.00,1000.00,0.00
49800628721358056,20161113,1000.00,1000.00,0,0,0.00,0.00,0.00,1000.00,0.00
49800628721358056,20161114,1000.00,1000.00,0,0,0.00,0.00,0.00,1000.00,0.00
49800628721358056,20161115,1000.00,1000.00,0,0,0.00,0.00,0.00,1000.00,0.00
49800628721358056,20161116,1000.00,1000.00,0,0,0.00,0.00,0.00,1000.00,0.00
49800628721358056,20161119,1000.00,1000.00,0,0,0.00,0.00,0.00,1000.00,0.00
49800628721358056,20161121,1000.00,1000.00,0,0,0.00,0.00,0.00,1000.00,0.00
49800628721358056,20161122,1000.00,1000.00,0,0,0.00,0.00,0.00,1000.00,0.00
49800628721358056,20161123,1000.00,1000.00,0,0,0.00,0.00,0.00,1000.00,0.00
49800628721358056,20161126,1000.00,1000.00,0,0,0.00,0.00,0.00,1000.00,0.00
49800628721358056,20161127,1000.00,1000.00,0,0,0.00,0.00,0.00,1000.00,0.00
49800628721358056,20161129,1000.00,1000.00,0,0,0.00,0.00,0.00,1000.00,0.00
49800628721358056,20161203,1000.00,1000.00,0,0,0.00,0.00,0.00,1000.00,0.00
49800628721358056,20161204,1000.00,1000.00,0,0,0.00,0.00,0.00,1000.00,0.00
49800628721358056,20161205,1000.00,1000.00,0,0,0.00,0.00,0.00,1000.00,0.00
49800628721358056,20161206,1000.00,1000.00,0,0,0.00,0.00,0.00,1000.00,0.00
49800628721358056,20161207,1000.00,1000.00,0,0,0.00,0.00,0.00,1000.00,0.00
49800628721358056,20161210,1000.00,1000.00,0,0,0.00,0.00,0.00,1000.00,0.00
49800628721358056,20161211,1000.00,1000.00,0,0,0.00,0.00,0.00,1000.00,0.00
49800628721358056,20161212,1000.00,1000.00,0,0,0.00,0.00,0.00,1000.00,0.00
49800628721358056,20161213,1000.00,1000.00,0,0,0.00,0.00,0.00,1000.00,0.00
49800628721358056,20161214,1000.00,1000.00,0,0,0.00,0.00,0.00,1000.00,0.00
49800628721358056,20161218,1000.00,1000.00,0,0,0.00,0.00,0.00,1000.00,0.00
49800628721358056,20161219,1000.00,1000.00,0,0,0.00,0.00,0.00,1000.00,0.00
49800628721358056,20161220,1000.00,1000.00,0,0,0.00,0.00,0.00,1000.00,0.00
49800628721358056,20161221,1000.00,1000.00,0,0,0.00,0.00,0.00,1000.00,0.00
49800628721358056,20161224,1000.00,1000.00,0,0,0.00,0.00,0.00,1000.00,0.00
49800628721358056,20161225,1000.00,1000.00,0,0,0.00,0.00,0.00,1000.00,0.00
49800628721358056,20161226,1000.00,1000.00,0,0,0.00,0.00,0.00,1000.00,0.00
49800628721358056,20161227,1000.00,1000.00,0,0,0.00,0.00,0.00,1000.00,0.00
49800628721358056,20161228,1000.00,1000.00,0,0,0.00,0.00,0.00,1000.00,0.00
49800628721358056,20161231,1000.00,1000.00,0,0,0.00,0.00,0.00,1000.00,0.00
49800628721358056,20170101,1000.00,1000.00,0,0,0.00,0.00,0.00,1000.00,0.00
49800628721358056,20170102,1000.00,1000.00,0,0,0.00,0.00,0.00,1000.00,0.00
49800628721358056,20170103,1000.00,1000.00,0,0,0.00,0.00,0.00,1000.00,0.00
49800628721358056,20170104,1000.00,1000.00,0,0,0.00,0.00,0.00,1000.00,0.00
49800628721358056,20170107,1000.00,1000.00,0,0,0.00,0.00,0.00,1000.00,0.00
49800628721358056,20170108,1000.00,1000.00,0,0,0.00,0.00,0.00,1000.00,0.00
49800628721358056,20170109,1000.00,1000.00,0,0,0.00,0.00,0.00,1000.00,0.00
49800628721358056,20170111,1000.00,1000.00,0,0,0.00,0.00,0.00,1000.00,0.00
49800628721358056,20170114,1000.00,1000.00,0,0,0.00,0.00,0.00,1000.00,0.00
49800628721358056,20170115,1000.00,1000.00,0,0,0.00,0.00,0.00,1000.00,0.00
49800628721358056,20170116,1000.00,1000.00,0,0,0.00,0.00,0.00,1000.00,0.00
49800628721358056,20170117,1000.00,1000.00,0,0,0.00,0.00,0.00,1000.00,0.00
49800628721358056,20170118,1000.00,1000.00,0,0,0.00,0.00,0.00,1000.00,0.00
49800628721358056,20170121,1000.00,1000.00,0,0,0.00,0.00,0.00,1000.00,0.00
49800628721358056,20170122,1000.00,1000.00,0,0,0.00,0.00,0.00,1000.00,0.00
49800628721358056,20170123,1000.00,1000.00,0,0,0.00,0.00,0.00,1000.00,0.00
49800628721358056,20170124,1000.00,1000.00,0,0,0.00,0.00,0.00,1000.00,0.00
49800628721358056,20170125,1000.00,1000.00,0,0,0.00,0.00,0.00,1000.00,0.00
49800628721358056,20170128,1000.00,1000.00,0,0,0.00,0.00,0.00,1000.00,0.00
49800628721358056,20170129,1000.00,1000.00,0,0,0.00,0.00,0.00,1000.00,0.00
49800628721358056,20170130,1000.00,1000.00,0,0,0.00,0.00,0.00,1000.00,0.00
49800628721358056,20170131,1000.00,1000.00,0,0,0.00,0.00,0.00,1000.00,0.00
49800628721358056,20170201,1000.00,1000.00,0,0,0.00,0.00,0.00,1000.00,0.00
49800628721358056,20170204,1000.00,1000.00,0,0,0.00,0.00,0.00,1000.00,0.00
49800628721358056,20170205,1000.00,1000.00,0,0,0.00,0.00,0.00,1000.00,0.00
49800628721358056,20170206,1000.00,1000.00,0,0,0.00,0.00,0.00,1000.00,0.00
49800628721358056,20170207,1000.00,1000.00,0,0,0.00,0.00,0.00,1000.00,0.00
49800628721358056,20170208,1000.00,1000.00,0,0,0.00,0.00,0.00,1000.00,0.00
49800628721358056,20170211,1000.00,1000.00,0,0,0.00,0.00,0.00,1000.00,0.00
49800628721358056,20170212,1000.00,1000.00,0,0,0.00,0.00,0.00,1000.00,0.00
49800628721358056,20170213,1000.00,1000.00,0,0,0.00,0.00,0.00,1000.00,0.00
49800628721358056,20170214,1000.00,1000.00,0,0,0.00,0.00,0.00,1000.00,0.00
49800628721358056,20170215,1000.00,1000.00,0,0,0.00,0.00,0.00,1000.00,0.00
49800628721358056,20170218,1000.00,1000.00,0,0,0.00,0.00,0.00,1000.00,0.00
49800628721358056,20170219,1000.00,1000.00,0,0,0.00,0.00,0.00,1000.00,0.00
49800628721358056,20170220,1000.00,1000.00,0,0,0.00,0.00,0.00,1000.00,0.00
49800628721358056,20170221,1000.00,1000.00,0,0,0.00,0.00,0.00,1000.00,0.00
49800628721358056,20170222,1000.00,1000.00,0,0,0.00,0.00,0.00,1000.00,0.00
49800628721358056,20170225,1000.00,1000.00,0,0,0.00,0.00,0.00,1000.00,0.00
49800628721358056,20170226,1000.00,1000.00,0,0,0.00,0.00,0.00,1000.00,0.00
49800628721358056,20170227,1000.00,1000.00,0,0,0.00,0.00,0.00,1000.00,0.00
49800628721358056,20170228,1000.00,1000.00,0,0,0.00,0.00,0.00,1000.00,0.00
49800628721358056,20170301,1000.00,1000.00,0,0,0.00,0.00,0.00,1000.00,0.00
49800628721358056,20170304,1000.00,1000.00,0,0,0.00,0.00,0.00,1000.00,0.00
49800628721358056,20170305,1000.00,1000.00,0,0,0.00,0.00,0.00,1000.00,0.00
49800628721358056,20170306,1000.00,1000.00,0,0,0.00,0.00,0.00,1000.00,0.00
49800628721358056,20170307,1000.00,1000.00,0,0,0.00,0.00,0.00,1000.00,0.00
49800628721358056,20170308,1000.00,1000.00,0,0,0.00,0.00,0.00,1000.00,0.00
49800628721358056,20170311,1000.00,1000.00,0,0,0.00,0.00,0.00,1000.00,0.00
49800628721358056,20170312,1000.00,1000.00,0,0,0.00,0.00,0.00,1000.00,0.00
49800628721358056,20170313,1000.00,1000.00,0,0,0.00,0.00,0.00,1000.00,0.00
49800628721358056,20170314,1000.00,1000.00,0,0,0.00,0.00,0.00,1000.00,0.00
49800628721358056,20170315,1000.00,1000.00,0,0,0.00,0.00,0.00,1000.00,0.00
49800628721358056,20170318,1000.00,1000.00,0,0,0.00,0.00,0.00,1000.00,0.00
49800628721358056,20170325,1000.00,1000.00,0,0,0.00,0.00,0.00,1000.00,0.00
49800628721358056,20170326,1000.00,1000.00,0,0,0.00,0.00,0.00,1000.00,0.00
49800628721358056,20170327,1000.00,1000.00,0,0,0.00,0.00,0.00,1000.00,0.00
49800628721358056,20170328,1000.00,1000.00,0,0,0.00,0.00,0.00,1000.00,0.00
49800628721358056,20170329,1000.00,1000.00,0,0,0.00,0.00,0.00,1000.00,0.00
49800628721358056,20170403,1000.00,1000.00,0,0,0.00,0.00,0.00,1000.00,0.00
49800628721358056,20170404,1000.00,1000.00,0,0,0.00,0.00,0.00,1000.00,0.00
49800628721358056,20170405,1000.00,1000.00,0,0,0.00,0.00,0.00,1000.00,0.00
49800628721358056,20170408,1000.00,1000.00,0,0,0.00,0.00,0.00,1000.00,0.00
49800628721358056,20170409,1000.00,1000.00,0,0,0.00,0.00,0.00,1000.00,0.00
49800628721358056,20170410,1000.00,1000.00,0,0,0.00,0.00,0.00,1000.00,0.00
49800628721358056,20170412,1000.00,1000.00,0,0,0.00,0.00,0.00,1000.00,0.00
49800628721358056,20170415,1000.00,1000.00,0,0,0.00,0.00,0.00,1000.00,0.00
49800628721358056,20170416,1000.00,1000.00,0,0,0.00,0.00,0.00,1000.00,0.00
49800628721358056,20170417,1000.00,1000.00,0,0,0.00,0.00,0.00,1000.00,0.00
49800628721358056,20170418,1000.00,1000.00,0,0,0.00,0.00,0.00,1000.00,0.00
49800628721358056,20170419,1000.00,1000.00,0,0,0.00,0.00,0.00,1000.00,0.00
49800628721358056,20170422,1000.00,1000.00,0,0,0.00,0.00,0.00,1000.00,0.00
49800628721358056,20170423,1000.00,1000.00,0,0,0.00,0.00,0.00,1000.00,0.00
49800628721358056,20170424,1000.00,1000.00,0,0,0.00,0.00,0.00,1000.00,0.00
49800628721358056,20170426,1000.00,1000.00,0,0,0.00,0.00,0.00,1000.00,0.00
49800628721358056,20170429,1000.00,1000.00,0,0,0.00,0.00,0.00,1000.00,0.00
49800628721358056,20170430,1000.00,1000.00,0,0,0.00,0.00,0.00,1000.00,0.00
49800628721358056,20170501,1000.00,1000.00,0,0,0.00,0.00,0.00,1000.00,0.00
49800628721358056,20170502,1000.00,1000.00,0,0,0.00,0.00,0.00,1000.00,0.00
49800628721358056,20170503,1000.00,1000.00,0,0,0.00,0.00,0.00,1000.00,0.00
49800628721358056,20170506,1000.00,1000.00,0,0,0.00,0.00,0.00,1000.00,0.00
49800628721358056,20170507,1000.00,1000.00,0,0,0.00,0.00,0.00,1000.00,0.00
49800628721358056,20170508,1000.00,1000.00,0,0,0.00,0.00,0.00,1000.00,0.00
49800628721358056,20170509,1000.00,1000.00,0,0,0.00,0.00,0.00,1000.00,0.00
49800628721358056,20170510,1000.00,1000.00,0,0,0.00,0.00,0.00,1000.00,0.00
49800628721358056,20170513,1000.00,1000.00,0,0,0.00,0.00,0.00,1000.00,0.00
49800628721358056,20170514,1000.00,1000.00,0,0,0.00,0.00,0.00,1000.00,0.00
49800628721358056,20170515,1000.00,1000.00,0,0,0.00,0.00,0.00,1000.00,0.00
49800628721358056,20170516,1000.00,1000.00,0,0,0.00,0.00,0.00,1000.00,0.00
49800628721358056,20170517,1000.00,1000.00,0,0,0.00,0.00,0.00,1000.00,0.00
49800628721358056,20170520,1000.00,1000.00,0,0,0.00,0.00,0.00,1000.00,0.00
49800628721358056,20170521,1000.00,1000.00,0,0,0.00,0.00,0.00,1000.00,0.00
49800628721358056,20170522,1000.00,1000.00,0,0,0.00,0.00,0.00,1000.00,0.00
49800628721358056,20170523,1000.00,1000.00,0,0,0.00,0.00,0.00,1000.00,0.00
49800628721358056,20170524,1000.00,1000.00,0,0,0.00,0.00,0.00,1000.00,0.00
49800628721358056,20170527,1000.00,1000.00,0,0,0.00,0.00,0.00,1000.00,0.00
49800628721358056,20170528,1000.00,1000.00,0,0,0.00,0.00,0.00,1000.00,0.00
49800628721358056,20170529,1000.00,1000.00,0,0,0.00,0.00,0.00,1000.00,0.00
49800628721358056,20170530,1000.00,1000.00,0,0,0.00,0.00,0.00,1000.00,0.00
49800628721358056,20170531,1000.00,1000.00,0,0,0.00,0.00,0.00,1000.00,0.00
49800628721358056,20170603,1000.00,1000.00,0,0,0.00,0.00,0.00,1000.00,0.00
49800628721358056,20170606,1000.00,1000.00,0,0,0.00,0.00,0.00,1000.00,0.00
49800628721358056,20170607,1000.00,1000.00,0,0,0.00,0.00,0.00,1000.00,0.00
49800628721358056,20170610,1000.00,1000.00,0,0,0.00,0.00,0.00,1000.00,0.00
49800628721358056,20170611,1000.00,1000.00,0,0,0.00,0.00,0.00,1000.00,0.00
49800628721358056,20170612,1000.00,1000.00,0,0,0.00,0.00,0.00,1000.00,0.00
49800628721358056,20170613,1000.00,1000.00,0,0,0.00,0.00,0.00,1000.00,0.00
49800628721358056,20170614,1000.00,1000.00,0,0,0.00,0.00,0.00,1000.00,0.00
49800628721358056,20170617,1000.00,1000.00,0,0,0.00,0.00,0.00,1000.00,0.00
49800628721358056,20170618,1000.00,1000.00,0,0,0.00,0.00,0.00,1000.00,0.00
49800628721358056,20170619,1000.00,1000.00,0,0,0.00,0.00,0.00,1000.00,0.00
49800628721358056,20170620,1000.00,1000.00,0,0,0.00,0.00,0.00,1000.00,0.00
49800628721358056,20170621,1000.00,1000.00,0,0,0.00,0.00,0.00,1000.00,0.00
49800628721358056,20170624,1000.00,1000.00,0,0,0.00,0.00,0.00,1000.00,0.00
49800628721358056,20170625,1000.00,1000.00,0,0,0.00,0.00,0.00,1000.00,0.00
49800628721358056,20170628,1000.00,1000.00,0,0,0.00,0.00,0.00,1000.00,0.00
49800628721358056,20170701,1000.00,1000.00,0,0,0.00,0.00,0.00,1000.00,0.00
49800628721358056,20170702,1000.00,1000.00,0,0,0.00,0.00,0.00,1000.00,0.00
49800628721358056,20170703,1000.00,1000.00,0,0,0.00,0.00,0.00,1000.00,0.00
49800628721358056,20170704,1000.00,1000.00,0,0,0.00,0.00,0.00,1000.00,0.00
49800628721358056,20170705,1000.00,1000.00,0,0,0.00,0.00,0.00,1000.00,0.00
49800628721358056,20170708,1000.00,1000.00,0,0,0.00,0.00,0.00,1000.00,0.00
49800628721358056,20170709,1000.00,1000.00,0,0,0.00,0.00,0.00,1000.00,0.00
49800628721358056,20170710,1000.00,1000.00,0,0,0.00,0.00,0.00,1000.00,0.00
49800628721358056,20170711,1000.00,1000.00,0,0,0.00,0.00,0.00,1000.00,0.00
49800628721358056,20170712,1000.00,1000.00,0,0,0.00,0.00,0.00,1000.00,0.00
49800628721358056,20170715,1000.00,1000.00,0,0,0.00,0.00,0.00,1000.00,0.00
49800628721358056,20170716,1000.00,1000.00,0,0,0.00,0.00,0.00,1000.00,0.00
49800628721358056,20170717,1000.00,1000.00,0,0,0.00,0.00,0.00,1000.00,0.00
49800628721358056,20170718,1000.00,1000.00,0,0,0.00,0.00,0.00,1000.00,0.00
49800628721358056,20170719,1000.00,1000.00,0,0,0.00,0.00,0.00,1000.00,0.00
49800628721358056,20170722,1000.00,1000.00,0,0,0.00,0.00,0.00,1000.00,0.00
49800628721358056,20170723,1000.00,1000.00,0,0,0.00,0.00,0.00,1000.00,0.00
49800628721358056,20170724,1000.00,1000.00,0,0,0.00,0.00,0.00,1000.00,0.00
49800628721358056,20170725,1000.00,1000.00,0,0,0.00,0.00,0.00,1000.00,0.00
49800628721358056,20170726,1000.00,1000.00,0,0,0.00,0.00,0.00,1000.00,0.00
49800628721358056,20170729,1000.00,1000.00,0,0,0.00,0.00,0.00,1000.00,0.00
49800628721358056,20170730,1000.00,1000.00,0,0,0.00,0.00,0.00,1000.00,0.00
49800628721358056,20170731,1000.00,1000.00,0,0,0.00,0.00,0.00,1000.00,0.00
49800628721358056,20170801,1000.00,1000.00,0,0,0.00,0.00,0.00,1000.00,0.00
49800628721358056,20170802,1000.00,1000.00,0,0,0.00,0.00,0.00,1000.00,0.00
49800628721358056,20170806,1000.00,1000.00,0,0,0.00,0.00,0.00,1000.00,0.00
49800628721358056,20170807,1000.00,1000.00,0,0,0.00,0.00,0.00,1000.00,0.00
49800628721358056,20170808,1000.00,1000.00,0,0,0.00,0.00,0.00,1000.00,0.00
49800628721358056,20170809,1000.00,1000.00,0,0,0.00,0.00,0.00,1000.00,0.00
49800628721358056,20170812,1000.00,1000.00,0,0,0.00,0.00,0.00,1000.00,0.00
49800628721358056,20170813,1000.00,1000.00,0,0,0.00,0.00,0.00,1000.00,0.00
49800628721358056,20170814,1000.00,1000.00,0,0,0.00,0.00,0.00,1000.00,0.00
49800628721358056,20170815,1000.00,1000.00,0,0,0.00,0.00,0.00,1000.00,0.00
49800628721358056,20170816,1000.00,1000.00,0,0,0.00,0.00,0.00,1000.00,0.00
49800628721358056,20170819,1000.00,1000.00,0,0,0.00,0.00,0.00,1000.00,0.00
49800628721358056,20170820,1000.00,1000.00,0,0,0.00,0.00,0.00,1000.00,0.00
49800628721358056,20170821,1000.00,1000.00,0,0,0.00,0.00,0.00,1000.00,0.00
49800628721358056,20170822,1000.00,1000.00,0,0,0.00,0.00,0.00,1000.00,0.00
49800628721358056,20170823,1000.00,1000.00,0,0,0.00,0.00,0.00,1000.00,0.00
49800628721358056,20170826,1000.00,1000.00,0,0,0.00,0.00,0.00,1000.00,0.00
49800628721358056,20170827,1000.00,1000.00,0,0,0.00,0.00,0.00,1000.00,0.00
49800628721358056,20170828,1000.00,1000.00,0,0,0.00,0.00,0.00,1000.00,0.00
49800628721358056,20170829,1000.00,1000.00,0,0,0.00,0.00,0.00,1000.00,0.00
49800628721358056,20170830,1000.00,1000.00,0,0,0.00,0.00,0.00,1000.00,0.00
49800628721358056,20170902,1000.00,1000.00,0,0,0.00,0.00,0.00,1000.00,0.00
49800628721358056,20170903,1000.00,1000.00,0,0,0.00,0.00,0.00,1000.00,0.00
49800628721358056,20170904,1000.00,1000.00,0,0,0.00,0.00,0.00,1000.00,0.00
49800628721358056,20170905,1000.00,1000.00,0,0,0.00,0.00,0.00,1000.00,0.00
49800628721358056,20170906,1000.00,1000.00,0,0,0.00,0.00,0.00,1000.00,0.00
49800628721358056,20170910,1000.00,1000.00,0,0,0.00,0.00,0.00,1000.00,0.00
49800628721358056,20170911,1000.00,1000.00,0,0,0.00,0.00,0.00,1000.00,0.00
49800628721358056,20170912,1000.00,1000.00,0,0,0.00,0.00,0.00,1000.00,0.00
49800628721358056,20170913,1000.00,1000.00,0,0,0.00,0.00,0.00,1000.00,0.00
49800628721358056,20170916,1000.00,1000.00,0,0,0.00,0.00,0.00,1000.00,0.00
49800628721358056,20170917,1000.00,1000.00,0,0,0.00,0.00,0.00,1000.00,0.00
49800628721358056,20170918,1000.00,1000.00,0,0,0.00,0.00,0.00,1000.00,0.00
49800628721358056,20170919,1000.00,1000.00,0,0,0.00,0.00,0.00,1000.00,0.00
49800628721358056,20170920,1000.00,1000.00,0,0,0.00,0.00,0.00,1000.00,0.00
49800628721358056,20170923,1000.00,1000.00,0,0,0.00,0.00,0.00,1000.00,0.00
49800628721358056,20170924,1000.00,1000.00,0,0,0.00,0.00,0.00,1000.00,0.00
49800628721358056,20170925,1000.00,1000.00,0,0,0.00,0.00,0.00,1000.00,0.00
49800628721358056,20170926,1000.00,1000.00,0,0,0.00,0.00,0.00,1000.00,0.00
49800628721358056,20170927,1000.00,1000.00,0,0,0.00,0.00,0.00,1000.00,0.00
49800628721358056,20171002,1000.00,1000.00,0,0,0.00,0.00,0.00,1000.00,0.00
49800628721358056,20171003,1000.00,1000.00,0,0,0.00,0.00,0.00,1000.00,0.00
49800628721358056,20171004,1000.00,1000.00,0,0,0.00,0.00,0.00,1000.00,0.00
49800628721358056,20171007,1000.00,1000.00,0,0,0.00,0.00,0.00,1000.00,0.00
49800628721358056,20171008,1000.00,1000.00,0,0,0.00,0.00,0.00,1000.00,0.00
49800628721358056,20171009,1000.00,1000.00,0,0,0.00,0.00,0.00,1000.00,0.00
49800628721358056,20171010,1000.00,1000.00,0,0,0.00,0.00,0.00,1000.00,0.00
49800628721358056,20171011,1000.00,1000.00,0,0,0.00,0.00,0.00,1000.00,0.00
49800628721358056,20171014,1000.00,1000.00,0,0,0.00,0.00,0.00,1000.00,0.00
49800628721358056,20171015,1000.00,1000.00,0,0,0.00,0.00,0.00,1000.00,0.00
49800628721358056,20171016,1000.00,1000.00,0,0,0.00,0.00,0.00,1000.00,0.00
49800628721358056,20171017,1000.00,1000.00,0,0,0.00,0.00,0.00,1000.00,0.00
49800628721358056,20171018,1000.00,1000.00,0,0,0.00,0.00,0.00,1000.00,0.00
49800628721358056,20171021,1000.00,1000.00,0,0,0.00,0.00,0.00,1000.00,0.00
49800628721358056,20171022,1000.00,1000.00,0,0,0.00,0.00,0.00,1000.00,0.00
49800628721358056,20171023,1000.00,1000.00,0,0,0.00,0.00,0.00,1000.00,0.00
49800628721358056,20171024,1000.00,1000.00,0,0,0.00,0.00,0.00,1000.00,0.00
49800628721358056,20171025,1000.00,1000.00,0,0,0.00,0.00,0.00,1000.00,0.00
49800628721358056,20171028,1000.00,1000.00,0,0,0.00,0.00,0.00,1000.00,0.00
49800628721358056,20171029,1000.00,1000.00,0,0,0.00,0.00,0.00,1000.00,0.00
49800628721358056,20171030,1000.00,1000.00,0,0,0.00,0.00,0.00,1000.00,0.00
49800628721358056,20171031,1000.00,1000.00,0,0,0.00,0.00,0.00,1000.00,0.00
49800628721358056,20171101,1000.00,1000.00,0,0,0.00,0.00,0.00,1000.00,0.00
49800628721358056,20171104,1000.00,1000.00,0,0,0.00,0.00,0.00,1000.00,0.00
49800628721358056,20171105,1000.00,1000.00,0,0,0.00,0.00,0.00,1000.00,0.00
49800628721358056,20171106,1000.00,1000.00,0,0,0.00,0.00,0.00,1000.00,0.00
49800628721358056,20171107,1000.00,1000.00,0,0,0.00,0.00,0.00,1000.00,0.00
49800628721358056,20171108,1000.00,1000.00,0,0,0.00,0.00,0.00,1000.00,0.00
49800628721358056,20171111,1000.00,1000.00,0,0,0.00,0.00,0.00,1000.00,0.00
49800628721358056,20171112,1000.00,1000.00,0,0,0.00,0.00,0.00,1000.00,0.00
49800628721358056,20171113,1000.00,1000.00,0,0,0.00,0.00,0.00,1000.00,0.00
49800628721358056,20171114,1000.00,1000.00,0,0,0.00,0.00,0.00,1000.00,0.00
49800628721358056,20171115,1000.00,1000.00,0,0,0.00,0.00,0.00,1000.00,0.00
49800628721358056,20171118,1000.00,1000.00,0,0,0.00,0.00,0.00,1000.00,0.00
49800628721358056,20171120,1000.00,1000.00,0,0,0.00,0.00,0.00,1000.00,0.00
49800628721358056,20171121,1000.00,1000.00,0,0,0.00,0.00,0.00,1000.00,0.00
49800628721358056,20171122,1000.00,1000.00,0,0,0.00,0.00,0.00,1000.00,0.00
49800628721358056,20171125,1000.00,1000.00,0,0,0.00,0.00,0.00,1000.00,0.00
49800628721358056,20171126,1000.00,1000.00,0,0,0.00,0.00,0.00,1000.00,0.00
49800628721358056,20171128,1000.00,1000.00,0,0,0.00,0.00,0.00,1000.00,0.00
49800628721358056,20171129,1000.00,1000.00,0,0,0.00,0.00,0.00,1000.00,0.00
49800628721358056,20171202,1000.00,1000.00,0,0,0.00,0.00,0.00,1000.00,0.00
49800628721358056,20171203,1000.00,1000.00,0,0,0.00,0.00,0.00,1000.00,0.00
49800628721358056,20171204,1000.00,1000.00,0,0,0.00,0.00,0.00,1000.00,0.00
49800628721358056,20171205,1000.00,1000.00,0,0,0.00,0.00,0.00,1000.00,0.00
49800628721358056,20171209,1000.00,1000.00,0,0,0.00,0.00,0.00,1000.00,0.00
49800628721358056,20171210,1000.00,1000.00,0,0,0.00,0.00,0.00,1000.00,0.00
49800628721358056,20171211,1000.00,1000.00,0,0,0.00,0.00,0.00,1000.00,0.00
49800628721358056,20171212,1000.00,1000.00,0,0,0.00,0.00,0.00,1000.00,0.00
49800628721358056,20171213,1000.00,1000.00,0,0,0.00,0.00,0.00,1000.00,0.00
49800628721358056,20171214,1000.00,1000.00,0,0,0.00,0.00,0.00,1000.00,0.00
49800628721358056,20171215,1000.00,1000.00,0,0,0.00,0.00,0.00,1000.00,0.00
49800628721358056,20171216,1000.00,1000.00,0,0,0.00,0.00,0.00,1000.00,0.00
49800628721358056,20171217,1000.00,1000.00,0,0,0.00,0.00,0.00,1000.00,0.00
49800628721358056,20171218,1000.00,1000.00,0,0,0.00,0.00,0.00,1000.00,0.00
49800628721358056,20171219,1000.00,1000.00,0,0,0.00,0.00,0.00,1000.00,0.00
49800628721358056,20171220,1000.00,1000.00,0,0,0.00,0.00,0.00,1000.00,0.00
49800628721358056,20171223,1000.00,1000.00,0,0,0.00,0.00,0.00,1000.00,0.00
49800628721358056,20171224,1000.00,1000.00,0,0,0.00,0.00,0.00,1000.00,0.00
49800628721358056,20171225,1000.00,1000.00,0,0,0.00,0.00,0.00,1000.00,0.00
49800628721358056,20171226,1000.00,1000.00,0,0,0.00,0.00,0.00,1000.00,0.00
49800628721358056,20171227,1000.00,1000.00,0,0,0.00,0.00,0.00,1000.00,0.00
49800628721358056,20171230,1000.00,1000.00,0,0,0.00,0.00,0.00,1000.00,0.00
49800628721358056,20171231,1000.00,1000.00,0,0,0.00,0.00,0.00,1000.00,0.00
49800628721358056,20180101,1000.00,1000.00,0,0,0.00,0.00,0.00,1000.00,0.00
49800628721358056,20180102,1000.00,1000.00,0,0,0.00,0.00,0.00,1000.00,0.00
49800628721358056,20180103,1000.00,1000.00,0,0,0.00,0.00,0.00,1000.00,0.00
49800628721358056,20180106,1000.00,1000.00,0,0,0.00,0.00,0.00,1000.00,0.00
49800628721358056,20180107,1000.00,1000.00,0,0,0.00,0.00,0.00,1000.00,0.00
49800628721358056,20180108,1000.00,1000.00,0,0,0.00,0.00,0.00,1000.00,0.00
49800628721358056,20180109,1000.00,1000.00,0,0,0.00,0.00,0.00,1000.00,0.00
49800628721358056,20180110,1000.00,1000.00,0,0,0.00,0.00,0.00,1000.00,0.00
49800628721358056,20180113,1000.00,1000.00,0,0,0.00,0.00,0.00,1000.00,0.00
49800628721358056,20180114,1000.00,1000.00,0,0,0.00,0.00,0.00,1000.00,0.00
49800628721358056,20180115,1000.00,1000.00,0,0,0.00,0.00,0.00,1000.00,0.00
49800628721358056,20180116,1000.00,1000.00,0,0,0.00,0.00,0.00,1000.00,0.00
49800628721358056,20180117,1000.00,1000.00,0,0,0.00,0.00,0.00,1000.00,0.00
49800628721358056,20180120,1000.00,1000.00,0,0,0.00,0.00,0.00,1000.00,0.00
49800628721358056,20180121,1000.00,1000.00,0,0,0.00,0.00,0.00,1000.00,0.00
49800628721358056,20180122,1000.00,1000.00,0,0,0.00,0.00,0.00,1000.00,0.00
49800628721358056,20180123,1000.00,1000.00,0,0,0.00,0.00,0.00,1000.00,0.00
49800628721358056,20180124,1000.00,1000.00,0,0,0.00,0.00,0.00,1000.00,0.00
49800628721358056,20180127,1000.00,1000.00,0,0,0.00,0.00,0.00,1000.00,0.00
49800628721358056,20180128,1000.00,1000.00,0,0,0.00,0.00,0.00,1000.00,0.00
49800628721358056,20180129,1000.00,1000.00,0,0,0.00,0.00,0.00,1000.00,0.00
49800628721358056,20180130,1000.00,1000.00,0,0,0.00,0.00,0.00,1000.00,0.00
49800628721358056,20180131,1000.00,1000.00,0,0,0.00,0.00,0.00,1000.00,0.00
49800628721358056,20180203,1000.00,1000.00,0,0,0.00,0.00,0.00,1000.00,0.00
49800628721358056,20180204,1000.00,1000.00,0,0,0.00,0.00,0.00,1000.00,0.00
49800628721358056,20180205,1000.00,1000.00,0,0,0.00,0.00,0.00,1000.00,0.00
49800628721358056,20180206,1000.00,1000.00,0,0,0.00,0.00,0.00,1000.00,0.00
49800628721358056,20180207,1000.00,1000.00,0,0,0.00,0.00,0.00,1000.00,0.00
49800628721358056,20180210,1000.00,1000.00,0,0,0.00,0.00,0.00,1000.00,0.00
49800628721358056,20180212,1000.00,1000.00,0,0,0.00,0.00,0.00,1000.00,0.00
49800628721358056,20180213,1000.00,1000.00,0,0,0.00,0.00,0.00,1000.00,0.00
49800628721358056,20180214,1000.00,1000.00,0,0,0.00,0.00,0.00,1000.00,0.00
49800628721358056,20180217,1000.00,1000.00,0,0,0.00,0.00,0.00,1000.00,0.00
49800628721358056,20180218,1000.00,1000.00,0,0,0.00,0.00,0.00,1000.00,0.00
49800628721358056,20180219,1000.00,1000.00,0,0,0.00,0.00,0.00,1000.00,0.00
49800628721358056,20180221,1000.00,1000.00,0,0,0.00,0.00,0.00,1000.00,0.00
49800628721358056,20180224,1000.00,1000.00,0,0,0.00,0.00,0.00,1000.00,0.00
49800628721358056,20180225,1000.00,1000.00,0,0,0.00,0.00,0.00,1000.00,0.00
49800628721358056,20180226,1000.00,1000.00,0,0,0.00,0.00,0.00,1000.00,0.00
49800628721358056,20180227,1000.00,1000.00,0,0,0.00,0.00,0.00,1000.00,0.00
49800628721358056,20180228,1000.00,1000.00,0,0,0.00,0.00,0.00,1000.00,0.00
49800628721358056,20180303,1000.00,1000.00,0,0,0.00,0.00,0.00,1000.00,0.00
49800628721358056,20180304,1000.00,1000.00,0,0,0.00,0.00,0.00,1000.00,0.00
49800628721358056,20180305,1000.00,1000.00,0,0,0.00,0.00,0.00,1000.00,0.00
49800628721358056,20180306,1000.00,1000.00,0,0,0.00,0.00,0.00,1000.00,0.00
49800628721358056,20180307,1000.00,1000.00,0,0,0.00,0.00,0.00,1000.00,0.00
49800628721358056,20180310,1000.00,1000.00,0,0,0.00,0.00,0.00,1000.00,0.00
49800628721358056,20180311,1000.00,1000.00,0,0,0.00,0.00,0.00,1000.00,0.00
49800628721358056,20180312,1000.00,1000.00,0,0,0.00,0.00,0.00,1000.00,0.00
49800628721358056,20180313,1000.00,1000.00,0,0,0.00,0.00,0.00,1000.00,0.00
49800628721358056,20180314,1000.00,1000.00,0,0,0.00,0.00,0.00,1000.00,0.00
49800628721358056,20180317,1000.00,1000.00,0,0,0.00,0.00,0.00,1000.00,0.00
49800628721358056,20180318,1000.00,1000.00,0,0,0.00,0.00,0.00,1000.00,0.00
49800628721358056,20180319,1000.00,1000.00,0,0,0.00,0.00,0.00,1000.00,0.00
49800628721358056,20180325,1000.00,1000.00,0,0,0.00,0.00,0.00,1000.00,0.00
49800628721358056,20180326,1000.00,1000.00,0,0,0.00,0.00,0.00,1000.00,0.00
49800628721358056,20180327,1000.00,1000.00,0,0,0.00,0.00,0.00,1000.00,0.00
49800628721358056,20180328,1000.00,1000.00,0,0,0.00,0.00,0.00,1000.00,0.00
49800628721358056,20180403,1000.00,1000.00,0,0,0.00,0.00,0.00,1000.00,0.00
49800628721358056,20180404,1000.00,1000.00,0,0,0.00,0.00,0.00,1000.00,0.00
49800628721358056,20180407,1000.00,1000.00,0,0,0.00,0.00,0.00,1000.00,0.00
49800628721358056,20180408,1000.00,1000.00,0,0,0.00,0.00,0.00,1000.00,0.00
49800628721358056,20180409,1000.00,1000.00,0,0,0.00,0.00,0.00,1000.00,0.00
49800628721358056,20180410,1000.00,1000.00,0,0,0.00,0.00,0.00,1000.00,0.00
49800628721358056,20180411,1000.00,1000.00,0,0,0.00,0.00,0.00,1000.00,0.00
49800628721358056,20180415,1000.00,1000.00,0,0,0.00,0.00,0.00,1000.00,0.00
49800628721358056,20180416,1000.00,1000.00,0,0,0.00,0.00,0.00,1000.00,0.00
49800628721358056,20180417,1000.00,1000.00,0,0,0.00,0.00,0.00,1000.00,0.00
49800628721358056,20180418,1000.00,1000.00,0,0,0.00,0.00,0.00,1000.00,0.00
49800628721358056,20180421,1000.00,1000.00,0,0,0.00,0.00,0.00,1000.00,0.00
49800628721358056,20180422,1000.00,1000.00,0,0,0.00,0.00,0.00,1000.00,0.00
49800628721358056,20180423,1000.00,1000.00,0,0,0.00,0.00,0.00,1000.00,0.00
49800628721358056,20180424,1000.00,1000.00,0,0,0.00,0.00,0.00,1000.00,0.00
49800628721358056,20180425,1000.00,1000.00,0,0,0.00,0.00,0.00,1000.00,0.00
49800628721358056,20180428,1000.00,1000.00,0,0,0.00,0.00,0.00,1000.00,0.00
49800628721358056,20180429,1000.00,1000.00,0,0,0.00,0.00,0.00,1000.00,0.00
49800628721358056,20180430,1000.00,1000.00,0,0,0.00,0.00,0.00,1000.00,0.00
49800628721358056,20180501,1000.00,1000.00,0,0,0.00,0.00,0.00,1000.00,0.00
49800628721358056,20180505,1000.00,1000.00,0,0,0.00,0.00,0.00,1000.00,0.00
49800628721358056,20180506,1000.00,1000.00,0,0,0.00,0.00,0.00,1000.00,0.00
49800628721358056,20180507,1000.00,1000.00,0,0,0.00,0.00,0.00,1000.00,0.00
49800628721358056,20180508,1000.00,1000.00,0,0,0.00,0.00,0.00,1000.00,0.00
49800628721358056,20180509,1000.00,1000.00,0,0,0.00,0.00,0.00,1000.00,0.00
49800628721358056,20180512,1000.00,1000.00,0,0,0.00,0.00,0.00,1000.00,0.00
49800628721358056,20180513,1000.00,1000.00,0,0,0.00,0.00,0.00,1000.00,0.00
49800628721358056,20180514,1000.00,1000.00,0,0,0.00,0.00,0.00,1000.00,0.00
49800628721358056,20180515,1000.00,1000.00,0,0,0.00,0.00,0.00,1000.00,0.00
49800628721358056,20180516,1000.00,1000.00,0,0,0.00,0.00,0.00,1000.00,0.00
49800628721358056,20180519,1000.00,1000.00,0,0,0.00,0.00,0.00,1000.00,0.00
49800628721358056,20180520,1000.00,1000.00,0,0,0.00,0.00,0.00,1000.00,0.00
49800628721358056,20180521,1000.00,1000.00,0,0,0.00,0.00,0.00,1000.00,0.00
49800628721358056,20180522,1000.00,1000.00,0,0,0.00,0.00,0.00,1000.00,0.00
49800628721358056,20180523,1000.00,1000.00,0,0,0.00,0.00,0.00,1000.00,0.00
49800628721358056,20180526,1000.00,1000.00,0,0,0.00,0.00,0.00,1000.00,0.00
49800628721358056,20180527,1000.00,1000.00,0,0,0.00,0.00,0.00,1000.00,0.00
49800628721358056,20180528,1000.00,1000.00,0,0,0.00,0.00,0.00,1000.00,0.00
49800628721358056,20180529,1000.00,1000.00,0,0,0.00,0.00,0.00,1000.00,0.00
49800628721358056,20180530,1000.00,1000.00,0,0,0.00,0.00,0.00,1000.00,0.00
49800628721358056,20180602,1000.00,1000.00,0,0,0.00,0.00,0.00,1000.00,0.00
49800628721358056,20180603,1000.00,1000.00,0,0,0.00,0.00,0.00,1000.00,0.00
49800628721358056,20180609,1000.00,1000.00,0,0,0.00,0.00,0.00,1000.00,0.00
49800628721358056,20180610,1000.00,1000.00,0,0,0.00,0.00,0.00,1000.00,0.00
49800628721358056,20180611,1000.00,1000.00,0,0,0.00,0.00,0.00,1000.00,0.00
49800628721358056,20180612,1000.00,1000.00,0,0,0.00,0.00,0.00,1000.00,0.00
49800628721358056,20180613,1000.00,1000.00,0,0,0.00,0.00,0.00,1000.00,0.00
49800628721358056,20180617,1000.00,1000.00,0,0,0.00,0.00,0.00,1000.00,0.00
49800628721358056,20180618,1000.00,1000.00,0,0,0.00,0.00,0.00,1000.00,0.00
49800628721358056,20180619,1000.00,1000.00,0,0,0.00,0.00,0.00,1000.00,0.00
49800628721358056,20180620,1000.00,1000.00,0,0,0.00,0.00,0.00,1000.00,0.00
49800628721358056,20180623,1000.00,1000.00,0,0,0.00,0.00,0.00,1000.00,0.00
49800628721358056,20180624,1000.00,1000.00,0,0,0.00,0.00,0.00,1000.00,0.00
49800628721358056,20180625,1000.00,1000.00,0,0,0.00,0.00,0.00,1000.00,0.00
49800628721358056,20180626,1000.00,1000.00,0,0,0.00,0.00,0.00,1000.00,0.00
49800628721358056,20180627,1000.00,1000.00,0,0,0.00,0.00,0.00,1000.00,0.00
49800628721358056,20180630,1000.00,1000.00,0,0,0.00,0.00,0.00,1000.00,0.00
49800628721358056,20180701,1000.00,1000.00,0,0,0.00,0.00,0.00,1000.00,0.00
49800628721358056,20180702,1000.00,1000.00,0,0,0.00,0.00,0.00,1000.00,0.00
49800628721358056,20180703,1000.00,1000.00,0,0,0.00,0.00,0.00,1000.00,0.00
49800628721358056,20180704,1000.00,1000.00,0,0,0.00,0.00,0.00,1000.00,0.00
49800628721358056,20180707,1000.00,1000.00,0,0,0.00,0.00,0.00,1000.00,0.00
49800628721358056,20180708,1000.00,1000.00,0,0,0.00,0.00,0.00,1000.00,0.00
49800628721358056,20180710,1000.00,1000.00,0,0,0.00,0.00,0.00,1000.00,0.00
49800628721358056,20180711,1000.00,1000.00,0,0,0.00,0.00,0.00,1000.00,0.00
49800628721358056,20180714,1000.00,1000.00,0,0,0.00,0.00,0.00,1000.00,0.00
49800628721358056,20180715,1000.00,1000.00,0,0,0.00,0.00,0.00,1000.00,0.00
49800628721358056,20180716,1000.00,1000.00,0,0,0.00,0.00,0.00,1000.00,0.00
49800628721358056,20180717,1000.00,1000.00,0,0,0.00,0.00,0.00,1000.00,0.00
49800628721358056,20180718,1000.00,1000.00,0,0,0.00,0.00,0.00,1000.00,0.00
49800628721358056,20180721,1000.00,1000.00,0,0,0.00,0.00,0.00,1000.00,0.00
49800628721358056,20180722,1000.00,1000.00,0,0,0.00,0.00,0.00,1000.00,0.00
49800628721358056,20180723,1000.00,1000.00,0,0,0.00,0.00,0.00,1000.00,0.00
49800628721358056,20180724,1000.00,1000.00,0,0,0.00,0.00,0.00,1000.00,0.00
49800628721358056,20180725,1000.00,1000.00,0,0,0.00,0.00,0.00,1000.00,0.00
49800628721358056,20180726,1000.00,1000.00,0,0,0.00,0.00,0.00,1000.00,0.00
49800628721358056,20180727,1000.00,1000.00,0,0,0.00,0.00,0.00,1000.00,0.00
49800628721358056,20180728,1000.00,1000.00,0,0,0.00,0.00,0.00,1000.00,0.00
49800628721358056,20180729,1000.00,1000.00,0,0,0.00,0.00,0.00,1000.00,0.00
49800628721358056,20180730,1000.00,1000.00,0,0,0.00,0.00,0.00,1000.00,0.00
49800628721358056,20180731,1000.00,1000.00,0,0,0.00,0.00,0.00,1000.00,0.00
49800628721358056,20180801,1000.00,1000.00,0,0,0.00,0.00,0.00,1000.00,0.00
49800628721358056,20180804,1000.00,1000.00,0,0,0.00,0.00,0.00,1000.00,0.00
49800628721358056,20180805,1000.00,1000.00,0,0,0.00,0.00,0.00,1000.00,0.00
49800628721358056,20180806,1000.00,1000.00,0,0,0.00,0.00,0.00,1000.00,0.00
49800628721358056,20180807,1000.00,1000.00,0,0,0.00,0.00,0.00,1000.00,0.00
49800628721358056,20180808,1000.00,1000.00,0,0,0.00,0.00,0.00,1000.00,0.00
49800628721358056,20180811,1000.00,1000.00,0,0,0.00,0.00,0.00,1000.00,0.00
49800628721358056,20180812,1000.00,1000.00,0,0,0.00,0.00,0.00,1000.00,0.00
49800628721358056,20180813,1000.00,1000.00,0,0,0.00,0.00,0.00,1000.00,0.00
49800628721358056,20180814,1000.00,1000.00,0,0,0.00,0.00,0.00,1000.00,0.00
49800628721358056,20180815,1000.00,1000.00,0,0,0.00,0.00,0.00,1000.00,0.00
49800628721358056,20180818,1000.00,1000.00,0,0,0.00,0.00,0.00,1000.00,0.00
49800628721358056,20180819,1000.00,1000.00,0,0,0.00,0.00,0.00,1000.00,0.00
49800628721358056,20180820,1000.00,1000.00,0,0,0.00,0.00,0.00,1000.00,0.00
49800628721358056,20180821,1000.00,1000.00,0,0,0.00,0.00,0.00,1000.00,0.00
49800628721358056,20180825,1000.00,1000.00,0,0,0.00,0.00,0.00,1000.00,0.00
49800628721358056,20180826,1000.00,1000.00,0,0,0.00,0.00,0.00,1000.00,0.00
49800628721358056,20180827,1000.00,1000.00,0,0,0.00,0.00,0.00,1000.00,0.00
49800628721358056,20180828,1000.00,1000.00,0,0,0.00,0.00,0.00,1000.00,0.00
49800628721358056,20180829,1000.00,1000.00,0,0,0.00,0.00,0.00,1000.00,0.00
49800628721358056,20180901,1000.00,1000.00,0,0,0.00,0.00,0.00,1000.00,0.00
49800628721358056,20180902,1000.00,1000.00,0,0,0.00,0.00,0.00,1000.00,0.00
49800628721358056,20180903,1000.00,1000.00,0,0,0.00,0.00,0.00,1000.00,0.00
49800628721358056,20180904,1000.00,1000.00,0,0,0.00,0.00,0.00,1000.00,0.00
49800628721358056,20180905,1000.00,1000.00,0,0,0.00,0.00,0.00,1000.00,0.00
49800628721358056,20180908,1000.00,1000.00,0,0,0.00,0.00,0.00,1000.00,0.00
49800628721358056,20180909,1000.00,1000.00,0,0,0.00,0.00,0.00,1000.00,0.00
49800628721358056,20180910,1000.00,1000.00,0,0,0.00,0.00,0.00,1000.00,0.00
49800628721358056,20180911,1000.00,1000.00,0,0,0.00,0.00,0.00,1000.00,0.00
49800628721358056,20180912,1000.00,1000.00,0,0,0.00,0.00,0.00,1000.00,0.00
49800628721358056,20180915,1000.00,1000.00,0,0,0.00,0.00,0.00,1000.00,0.00
49800628721358056,20180916,1000.00,1000.00,0,0,0.00,0.00,0.00,1000.00,0.00
49800628721358056,20180917,1000.00,1000.00,0,0,0.00,0.00,0.00,1000.00,0.00
49800628721358056,20180918,1000.00,1000.00,0,0,0.00,0.00,0.00,1000.00,0.00
49800628721358056,20180922,1000.00,1000.00,0,0,0.00,0.00,0.00,1000.00,0.00
49800628721358056,20180923,1000.00,1000.00,0,0,0.00,0.00,0.00,1000.00,0.00
49800628721358056,20180924,1000.00,1000.00,0,0,0.00,0.00,0.00,1000.00,0.00
49800628721358056,20180925,1000.00,1000.00,0,0,0.00,0.00,0.00,1000.00,0.00
49800628721358056,20180926,1000.00,1000.00,0,0,0.00,0.00,0.00,1000.00,0.00
49800628721358056,20180929,1000.00,1000.00,0,0,0.00,0.00,0.00,1000.00,0.00
49800628721358056,20180930,1000.00,1000.00,0,0,0.00,0.00,0.00,1000.00,0.00
49800628721358056,20181001,1000.00,1000.00,0,0,0.00,0.00,0.00,1000.00,0.00
49800628721358056,20181002,1000.00,1000.00,0,0,0.00,0.00,0.00,1000.00,0.00
49800628721358056,20181003,1000.00,1000.00,0,0,0.00,0.00,0.00,1000.00,0.00
49800628721358056,20181006,1000.00,1000.00,0,0,0.00,0.00,0.00,1000.00,0.00
49800628721358056,20181007,1000.00,1000.00,0,0,0.00,0.00,0.00,1000.00,0.00
49800628721358056,20181008,1000.00,1000.00,0,0,0.00,0.00,0.00,1000.00,0.00
49800628721358056,20181009,1000.00,1000.00,0,0,0.00,0.00,0.00,1000.00,0.00
49800628721358056,20181010,1000.00,1000.00,0,0,0.00,0.00,0.00,1000.00,0.00
49800628721358056,20181013,1000.00,1000.00,0,0,0.00,0.00,0.00,1000.00,0.00
49800628721358056,20181014,1000.00,1000.00,0,0,0.00,0.00,0.00,1000.00,0.00
49800628721358056,20181015,1000.00,1000.00,0,0,0.00,0.00,0.00,1000.00,0.00
49800628721358056,20181016,1000.00,1000.00,0,0,0.00,0.00,0.00,1000.00,0.00
49800628721358056,20181017,1000.00,1000.00,0,0,0.00,0.00,0.00,1000.00,0.00
49800628721358056,20181020,1000.00,1000.00,0,0,0.00,0.00,0.00,1000.00,0.00
49800628721358056,20181021,1000.00,1000.00,0,0,0.00,0.00,0.00,1000.00,0.00
49800628721358056,20181022,1000.00,1000.00,0,0,0.00,0.00,0.00,1000.00,0.00
49800628721358056,20181023,1000.00,1000.00,0,0,0.00,0.00,0.00,1000.00,0.00
49800628721358056,20181024,1000.00,1000.00,0,0,0.00,0.00,0.00,1000.00,0.00
49800628721358056,20181027,1000.00,1000.00,0,0,0.00,0.00,0.00,1000.00,0.00
49800628721358056,20181028,1000.00,1000.00,0,0,0.00,0.00,0.00,1000.00,0.00
49800628721358056,20181029,1000.00,1000.00,0,0,0.00,0.00,0.00,1000.00,0.00
49800628721358056,20181031,1000.00,1000.00,0,0,0.00,0.00,0.00,1000.00,0.00
49800628721358056,20181103,1000.00,1000.00,0,0,0.00,0.00,0.00,1000.00,0.00
49800628721358056,20181104,1000.00,1000.00,0,0,0.00,0.00,0.00,1000.00,0.00
49800628721358056,20181105,1000.00,1000.00,0,0,0.00,0.00,0.00,1000.00,0.00
49800628721358056,20181106,1000.00,1000.00,0,0,0.00,0.00,0.00,1000.00,0.00
49800628721358056,20181110,1000.00,1000.00,0,0,0.00,0.00,0.00,1000.00,0.00
49800628721358056,20181111,1000.00,1000.00,0,0,0.00,0.00,0.00,1000.00,0.00
49800628721358056,20181112,1000.00,1000.00,0,0,0.00,0.00,0.00,1000.00,0.00
49800628721358056,20181113,1000.00,1000.00,0,0,0.00,0.00,0.00,1000.00,0.00
49800628721358056,20181114,1000.00,1000.00,0,0,0.00,0.00,0.00,1000.00,0.00
49800628721358056,20181117,1000.00,1000.00,0,0,0.00,0.00,0.00,1000.00,0.00
49800628721358056,20181118,1000.00,1000.00,0,0,0.00,0.00,0.00,1000.00,0.00
49800628721358056,20181119,1000.00,1000.00,0,0,0.00,0.00,0.00,1000.00,0.00
49800628721358056,20181120,1000.00,1000.00,0,0,0.00,0.00,0.00,1000.00,0.00
49800628721358056,20181121,1000.00,1000.00,0,0,0.00,0.00,0.00,1000.00,0.00
49800628721358056,20181124,1000.00,1000.00,0,0,0.00,0.00,0.00,1000.00,0.00
49800628721358056,20181126,1000.00,1000.00,0,0,0.00,0.00,0.00,1000.00,0.00
49800628721358056,20181127,1000.00,1000.00,0,0,0.00,0.00,0.00,1000.00,0.00
49800628721358056,20181128,1000.00,1000.00,0,0,0.00,0.00,0.00,1000.00,0.00
49800628721358056,20181201,1000.00,1000.00,0,0,0.00,0.00,0.00,1000.00,0.00
49800628721358056,20181202,1000.00,1000.00,0,0,0.00,0.00,0.00,1000.00,0.00
49800628721358056,20181203,1000.00,1000.00,0,0,0.00,0.00,0.00,1000.00,0.00
49800628721358056,20181204,1000.00,1000.00,0,0,0.00,0.00,0.00,1000.00,0.00
49800628721358056,20181205,1000.00,1000.00,0,0,0.00,0.00,0.00,1000.00,0.00
49800628721358056,20181208,1000.00,1000.00,0,0,0.00,0.00,0.00,1000.00,0.00
49800628721358056,20181209,1000.00,1000.00,0,0,0.00,0.00,0.00,1000.00,0.00
49800628721358056,20181210,1000.00,1000.00,0,0,0.00,0.00,0.00,1000.00,0.00
49800628721358056,20181211,1000.00,1000.00,0,0,0.00,0.00,0.00,1000.00,0.00
49800628721358056,20181212,1000.00,1000.00,0,0,0.00,0.00,0.00,1000.00,0.00
49800628721358056,20181215,1000.00,1000.00,0,0,0.00,0.00,0.00,1000.00,0.00
49800628721358056,20181216,1000.00,1000.00,0,0,0.00,0.00,0.00,1000.00,0.00
49800628721358056,20181217,1000.00,1000.00,0,0,0.00,0.00,0.00,1000.00,0.00
49800628721358056,20181218,1000.00,1000.00,0,0,0.00,0.00,0.00,1000.00,0.00
49800628721358056,20181219,1000.00,1000.00,0,0,0.00,0.00,0.00,1000.00,0.00
49800628721358056,20181222,1000.00,1000.00,0,0,0.00,0.00,0.00,1000.00,0.00
49800628721358056,20181223,1000.00,1000.00,0,0,0.00,0.00,0.00,1000.00,0.00
49800628721358056,20181224,1000.00,1000.00,0,0,0.00,0.00,0.00,1000.00,0.00
49800628721358056,20181225,1000.00,1000.00,0,0,0.00,0.00,0.00,1000.00,0.00
49800628721358056,20181226,1000.00,1000.00,0,0,0.00,0.00,0.00,1000.00,0.00
49800628721358056,20181229,1000.00,1000.00,0,0,0.00,0.00,0.00,1000.00,0.00
49800628721358056,20181230,1000.00,1000.00,0,0,0.00,0.00,0.00,1000.00,0.00
49800628721358056,20181231,1000.00,1000.00,0,0,0.00,0.00,0.00,1000.00,0.00
49800628721358056,20190101,1000.00,1000.00,0,0,0.00,0.00,0.00,1000.00,0.00
49800628721358056,20190102,1000.00,1000.00,0,0,0.00,0.00,0.00,1000.00,0.00
49800628721358056,20190105,1000.00,1000.00,0,0,0.00,0.00,0.00,1000.00,0.00
49800628721358056,20190106,1000.00,1000.00,0,0,0.00,0.00,0.00,1000.00,0.00
49800628721358056,20190107,1000.00,1000.00,0,0,0.00,0.00,0.00,1000.00,0.00
49800628721358056,20190108,1000.00,1000.00,0,0,0.00,0.00,0.00,1000.00,0.00
49800628721358056,20190109,1000.00,1000.00,0,0,0.00,0.00,0.00,1000.00,0.00
49800628721358056,20190112,1000.00,1000.00,0,0,0.00,0.00,0.00,1000.00,0.00
49800628721358056,20190113,1000.00,1000.00,0,0,0.00,0.00,0.00,1000.00,0.00
49800628721358056,20190114,1000.00,1000.00,0,0,0.00,0.00,0.00,1000.00,0.00
49800628721358056,20190115,1000.00,1000.00,0,0,0.00,0.00,0.00,1000.00,0.00
49800628721358056,20190116,1000.00,1000.00,0,0,0.00,0.00,0.00,1000.00,0.00
49800628721358056,20190119,1000.00,1000.00,0,0,0.00,0.00,0.00,1000.00,0.00
49800628721358056,20190120,1000.00,1000.00,0,0,0.00,0.00,0.00,1000.00,0.00
49800628721358056,20190121,1000.00,1000.00,0,0,0.00,0.00,0.00,1000.00,0.00
49800628721358056,20190122,1000.00,1000.00,0,0,0.00,0.00,0.00,1000.00,0.00
49800628721358056,20190123,1000.00,1000.00,0,0,0.00,0.00,0.00,1000.00,0.00
49800628721358056,20190126,1000.00,1000.00,0,0,0.00,0.00,0.00,1000.00,0.00
49800628721358056,20190127,1000.00,1000.00,0,0,0.00,0.00,0.00,1000.00,0.00
49800628721358056,20190128,1000.00,1000.00,0,0,0.00,0.00,0.00,1000.00,0.00
49800628721358056,20190129,1000.00,1000.00,0,0,0.00,0.00,0.00,1000.00,0.00
49800628721358056,20190130,1000.00,1000.00,0,0,0.00,0.00,0.00,1000.00,0.00
49800628721358056,20190202,1000.00,1000.00,0,0,0.00,0.00,0.00,1000.00,0.00
49800628721358056,20190203,1000.00,1000.00,0,0,0.00,0.00,0.00,1000.00,0.00
49800628721358056,20190204,1000.00,1000.00,0,0,0.00,0.00,0.00,1000.00,0.00
49800628721358056,20190205,1000.00,1000.00,0,0,0.00,0.00,0.00,1000.00,0.00
49800628721358056,20190206,1000.00,1000.00,0,0,0.00,0.00,0.00,1000.00,0.00
49800628721358056,20190210,1000.00,1000.00,0,0,0.00,0.00,0.00,1000.00,0.00
49800628721358056,20190212,1000.00,1000.00,0,0,0.00,0.00,0.00,1000.00,0.00
49800628721358056,20190213,1000.00,1000.00,0,0,0.00,0.00,0.00,1000.00,0.00
49800628721358056,20190216,1000.00,1000.00,0,0,0.00,0.00,0.00,1000.00,0.00
49800628721358056,20190217,1000.00,1000.00,0,0,0.00,0.00,0.00,1000.00,0.00
49800628721358056,20190218,1000.00,1000.00,0,0,0.00,0.00,0.00,1000.00,0.00
49800628721358056,20190219,1000.00,1000.00,0,0,0.00,0.00,0.00,1000.00,0.00
49800628721358056,20190220,1000.00,1000.00,0,0,0.00,0.00,0.00,1000.00,0.00
49800628721358056,20190223,1000.00,1000.00,0,0,0.00,0.00,0.00,1000.00,0.00
49800628721358056,20190224,1000.00,1000.00,0,0,0.00,0.00,0.00,1000.00,0.00
49800628721358056,20190225,1000.00,1000.00,0,0,0.00,0.00,0.00,1000.00,0.00
49800628721358056,20190226,1000.00,1000.00,0,0,0.00,0.00,0.00,1000.00,0.00
49800628721358056,20190227,1000.00,1000.00,0,0,0.00,0.00,0.00,1000.00,0.00
49800628721358056,20190302,1000.00,1000.00,0,0,0.00,0.00,0.00,1000.00,0.00
49800628721358056,20190303,1000.00,1000.00,0,0,0.00,0.00,0.00,1000.00,0.00
49800628721358056,20190304,1000.00,1000.00,0,0,0.00,0.00,0.00,1000.00,0.00
49800628721358056,20190305,1000.00,1000.00,0,0,0.00,0.00,0.00,1000.00,0.00
49800628721358056,20190306,1000.00,1000.00,0,0,0.00,0.00,0.00,1000.00,0.00
49800628721358056,20190309,1000.00,1000.00,0,0,0.00,0.00,0.00,1000.00,0.00
49800628721358056,20190310,1000.00,1000.00,0,0,0.00,0.00,0.00,1000.00,0.00
49800628721358056,20190311,1000.00,1000.00,0,0,0.00,0.00,0.00,1000.00,0.00
49800628721358056,20190312,1000.00,1000.00,0,0,0.00,0.00,0.00,1000.00,0.00
49800628721358056,20190313,1000.00,1000.00,0,0,0.00,0.00,0.00,1000.00,0.00
49800628721358056,20190316,1000.00,1000.00,0,0,0.00,0.00,0.00,1000.00,0.00
49800628721358056,20190317,1000.00,1000.00,0,0,0.00,0.00,0.00,1000.00,0.00
49800628721358056,20190318,1000.00,1000.00,0,0,0.00,0.00,0.00,1000.00,0.00
49800628721358056,20190319,1000.00,1000.00,0,0,0.00,0.00,0.00,1000.00,0.00
49800628721358056,20190325,1000.00,1000.00,0,0,0.00,0.00,0.00,1000.00,0.00
49800628721358056,20190326,1000.00,1000.00,0,0,0.00,0.00,0.00,1000.00,0.00
49800628721358056,20190327,1000.00,1000.00,0,0,0.00,0.00,0.00,1000.00,0.00
49800628721358056,20190330,1000.00,1000.00,0,0,0.00,0.00,0.00,1000.00,0.00
49800628721358056,20190331,1000.00,1000.00,0,0,0.00,0.00,0.00,1000.00,0.00
49800628721358056,20190406,1000.00,1000.00,0,0,0.00,0.00,0.00,1000.00,0.00
49800628721358056,20190407,1000.00,1000.00,0,0,0.00,0.00,0.00,1000.00,0.00
49800628721358056,20190408,1000.00,1000.00,0,0,0.00,0.00,0.00,1000.00,0.00
49800628721358056,20190409,1000.00,1000.00,0,0,0.00,0.00,0.00,1000.00,0.00
49800628721358056,20190410,1000.00,1000.00,0,0,0.00,0.00,0.00,1000.00,0.00
49800628721358056,20190413,1000.00,1000.00,0,0,0.00,0.00,0.00,1000.00,0.00
49800628721358056,20190414,1000.00,1000.00,0,0,0.00,0.00,0.00,1000.00,0.00
49800628721358056,20190415,1000.00,1000.00,0,0,0.00,0.00,0.00,1000.00,0.00
49800628721358056,20190416,1000.00,1000.00,0,0,0.00,0.00,0.00,1000.00,0.00
49800628721358056,20190417,1000.00,1000.00,0,0,0.00,0.00,0.00,1000.00,0.00
49800628721358056,20190420,1000.00,1000.00,0,0,0.00,0.00,0.00,1000.00,0.00
49800628721358056,20190422,1000.00,1000.00,0,0,0.00,0.00,0.00,1000.00,0.00
49800628721358056,20190423,1000.00,1000.00,0,0,0.00,0.00,0.00,1000.00,0.00
49800628721358056,20190424,1000.00,1000.00,0,0,0.00,0.00,0.00,1000.00,0.00
49800628721358056,20190427,1000.00,1000.00,0,0,0.00,0.00,0.00,1000.00,0.00
49800628721358056,20190428,1000.00,1000.00,0,0,0.00,0.00,0.00,1000.00,0.00
49800628721358056,20190429,1000.00,1000.00,0,0,0.00,0.00,0.00,1000.00,0.00
49800628721358056,20190430,1000.00,1000.00,0,0,0.00,0.00,0.00,1000.00,0.00
49800628721358056,20190501,1000.00,1000.00,0,0,0.00,0.00,0.00,1000.00,0.00
49800628721358056,20190504,1000.00,1000.00,0,0,0.00,0.00,0.00,1000.00,0.00
49800628721358056,20190505,1000.00,1000.00,0,0,0.00,0.00,0.00,1000.00,0.00
49800628721358056,20190506,1000.00,1000.00,0,0,0.00,0.00,0.00,1000.00,0.00
49800628721358056,20190507,1000.00,1000.00,0,0,0.00,0.00,0.00,1000.00,0.00
49800628721358056,20190508,1000.00,1000.00,0,0,0.00,0.00,0.00,1000.00,0.00
49800628721358056,20190511,1000.00,1000.00,0,0,0.00,0.00,0.00,1000.00,0.00
49800628721358056,20190512,1000.00,1000.00,0,0,0.00,0.00,0.00,1000.00,0.00
49800628721358056,20190513,1000.00,1000.00,0,0,0.00,0.00,0.00,1000.00,0.00
49800628721358056,20190514,1000.00,1000.00,0,0,0.00,0.00,0.00,1000.00,0.00
49800628721358056,20190515,1000.00,1000.00,0,0,0.00,0.00,0.00,1000.00,0.00
49800628721358056,20190518,1000.00,1000.00,0,0,0.00,0.00,0.00,1000.00,0.00
49800628721358056,20190519,1000.00,1000.00,0,0,0.00,0.00,0.00,1000.00,0.00
49800628721358056,20190520,1000.00,1000.00,0,0,0.00,0.00,0.00,1000.00,0.00
49800628721358056,20190521,1000.00,1000.00,0,0,0.00,0.00,0.00,1000.00,0.00
49800628721358056,20190522,1000.00,1000.00,0,0,0.00,0.00,0.00,1000.00,0.00
49800628721358056,20190525,1000.00,1000.00,0,0,0.00,0.00,0.00,1000.00,0.00
49800628721358056,20190526,1000.00,1000.00,0,0,0.00,0.00,0.00,1000.00,0.00
49800628721358056,20190528,1000.00,1000.00,0,0,0.00,0.00,0.00,1000.00,0.00
49800628721358056,20190529,1000.00,1000.00,0,0,0.00,0.00,0.00,1000.00,0.00
49800628721358056,20190601,1000.00,1000.00,0,0,0.00,0.00,0.00,1000.00,0.00
49800628721358056,20190602,1000.00,1000.00,0,0,0.00,0.00,0.00,1000.00,0.00
49800628721358056,20190603,1000.00,1000.00,0,0,0.00,0.00,0.00,1000.00,0.00
49800628721358056,20190608,1000.00,1000.00,0,0,0.00,0.00,0.00,1000.00,0.00
49800628721358056,20190609,1000.00,1000.00,0,0,0.00,0.00,0.00,1000.00,0.00
49800628721358056,20190610,1000.00,1000.00,0,0,0.00,0.00,0.00,1000.00,0.00
49800628721358056,20190611,1000.00,1000.00,0,0,0.00,0.00,0.00,1000.00,0.00
49800628721358056,20190612,1000.00,1000.00,0,0,0.00,0.00,0.00,1000.00,0.00
49800628721358056,20190615,1000.00,1000.00,0,0,0.00,0.00,0.00,1000.00,0.00
49800628721358056,20190616,1000.00,1000.00,0,0,0.00,0.00,0.00,1000.00,0.00
49800628721358056,20190617,1000.00,1000.00,0,0,0.00,0.00,0.00,1000.00,0.00
49800628721358056,20190618,1000.00,1000.00,0,0,0.00,0.00,0.00,1000.00,0.00
49800628721358056,20190619,1000.00,1000.00,0,0,0.00,0.00,0.00,1000.00,0.00
49800628721358056,20190622,1000.00,1000.00,0,0,0.00,0.00,0.00,1000.00,0.00
49800628721358056,20190623,1000.00,1000.00,0,0,0.00,0.00,0.00,1000.00,0.00
49800628721358056,20190624,1000.00,1000.00,0,0,0.00,0.00,0.00,1000.00,0.00
49800628721358056,20190625,1000.00,1000.00,0,0,0.00,0.00,0.00,1000.00,0.00
49800628721358056,20190626,1000.00,1000.00,0,0,0.00,0.00,0.00,1000.00,0.00
49800628721358056,20190630,1000.00,1000.00,0,0,0.00,0.00,0.00,1000.00,0.00
49800628721358056,20190701,1000.00,1000.00,0,0,0.00,0.00,0.00,1000.00,0.00
49800628721358056,20190702,1000.00,1000.00,0,0,0.00,0.00,0.00,1000.00,0.00
49800628721358056,20190703,1000.00,1000.00,0,0,0.00,0.00,0.00,1000.00,0.00
49800628721358056,20190706,1000.00,1000.00,0,0,0.00,0.00,0.00,1000.00,0.00
49800628721358056,20190707,1000.00,1000.00,0,0,0.00,0.00,0.00,1000.00,0.00
49800628721358056,20190708,1000.00,1000.00,0,0,0.00,0.00,0.00,1000.00,0.00
49800628721358056,20190709,1000.00,1000.00,0,0,0.00,0.00,0.00,1000.00,0.00
49800628721358056,20190710,1000.00,1000.00,0,0,0.00,0.00,0.00,1000.00,0.00
49800628721358056,20190713,1000.00,1000.00,0,0,0.00,0.00,0.00,1000.00,0.00
49800628721358056,20190714,1000.00,1000.00,0,0,0.00,0.00,0.00,1000.00,0.00
49800628721358056,20190715,1000.00,1000.00,0,0,0.00,0.00,0.00,1000.00,0.00
49800628721358056,20190716,1000.00,1000.00,0,0,0.00,0.00,0.00,1000.00,0.00
49800628721358056,20190717,1000.00,1000.00,0,0,0.00,0.00,0.00,1000.00,0.00
49800628721358056,20190720,1000.00,1000.00,0,0,0.00,0.00,0.00,1000.00,0.00
49800628721358056,20190721,1000.00,1000.00,0,0,0.00,0.00,0.00,1000.00,0.00
49800628721358056,20190722,1000.00,1000.00,0,0,0.00,0.00,0.00,1000.00,0.00
49800628721358056,20190723,1000.00,1000.00,0,0,0.00,0.00,0.00,1000.00,0.00
49800628721358056,20190724,1000.00,1000.00,0,0,0.00,0.00,0.00,1000.00,0.00
49800628721358056,20190727,1000.00,1000.00,0,0,0.00,0.00,0.00,1000.00,0.00
49800628721358056,20190728,1000.00,1000.00,0,0,0.00,0.00,0.00,1000.00,0.00
49800628721358056,20190729,1000.00,1000.00,0,0,0.00,0.00,0.00,1000.00,0.00
49800628721358056,20190730,1000.00,1000.00,0,0,0.00,0.00,0.00,1000.00,0.00
49800628721358056,20190731,1000.00,1000.00,0,0,0.00,0.00,0.00,1000.00,0.00
49800628721358056,20190803,1000.00,1000.00,0,0,0.00,0.00,0.00,1000.00,0.00
49800628721358056,20190804,1000.00,1000.00,0,0,0.00,0.00,0.00,1000.00,0.00
49800628721358056,20190805,1000.00,1000.00,0,0,0.00,0.00,0.00,1000.00,0.00
49800628721358056,20190806,1000.00,1000.00,0,0,0.00,0.00,0.00,1000.00,0.00
49800628721358056,20190807,1000.00,1000.00,0,0,0.00,0.00,0.00,1000.00,0.00
49800628721358056,20190810,1000.00,1000.00,0,0,0.00,0.00,0.00,1000.00,0.00
49800628721358056,20190811,1000.00,1000.00,0,0,0.00,0.00,0.00,1000.00,0.00
49800628721358056,20190813,1000.00,1000.00,0,0,0.00,0.00,0.00,1000.00,0.00
49800628721358056,20190814,1000.00,1000.00,0,0,0.00,0.00,0.00,1000.00,0.00
49800628721358056,20190817,1000.00,1000.00,0,0,0.00,0.00,0.00,1000.00,0.00
49800628721358056,20190818,1000.00,1000.00,0,0,0.00,0.00,0.00,1000.00,0.00
49800628721358056,20190819,1000.00,1000.00,0,0,0.00,0.00,0.00,1000.00,0.00
49800628721358056,20190821,1000.00,1000.00,0,0,0.00,0.00,0.00,1000.00,0.00
49800628721358056,20190824,1000.00,1000.00,0,0,0.00,0.00,0.00,1000.00,0.00
49800628721358056,20190825,1000.00,1000.00,0,0,0.00,0.00,0.00,1000.00,0.00
49800628721358056,20190826,1000.00,1000.00,0,0,0.00,0.00,0.00,1000.00,0.00
49800628721358056,20190827,1000.00,1000.00,0,0,0.00,0.00,0.00,1000.00,0.00
49800628721358056,20190828,1000.00,1000.00,0,0,0.00,0.00,0.00,1000.00,0.00
49800628721358056,20190831,1000.00,1000.00,0,0,0.00,0.00,0.00,1000.00,0.00
49800628721358056,20190901,1000.00,1000.00,0,0,0.00,0.00,0.00,1000.00,0.00
49800628721358056,20190902,1000.00,1000.00,0,0,0.00,0.00,0.00,1000.00,0.00
49800628721358056,20190903,1000.00,1000.00,0,0,0.00,0.00,0.00,1000.00,0.00
49800628721358056,20190904,1000.00,1000.00,0,0,0.00,0.00,0.00,1000.00,0.00
49800628721358056,20190907,1000.00,1000.00,0,0,0.00,0.00,0.00,1000.00,0.00
49800628721358056,20190908,1000.00,1000.00,0,0,0.00,0.00,0.00,1000.00,0.00
49800628721358056,20190911,1000.00,1000.00,0,0,0.00,0.00,0.00,1000.00,0.00
49800628721358056,20190914,1000.00,1000.00,0,0,0.00,0.00,0.00,1000.00,0.00
49800628721358056,20190915,1000.00,1000.00,0,0,0.00,0.00,0.00,1000.00,0.00
49800628721358056,20190916,1000.00,1000.00,0,0,0.00,0.00,0.00,1000.00,0.00
49800628721358056,20190917,1000.00,1000.00,0,0,0.00,0.00,0.00,1000.00,0.00
49800628721358056,20190918,1000.00,1000.00,0,0,0.00,0.00,0.00,1000.00,0.00
49800628721358056,20190921,1000.00,1000.00,0,0,0.00,0.00,0.00,1000.00,0.00
49800628721358056,20190922,1000.00,1000.00,0,0,0.00,0.00,0.00,1000.00,0.00
49800628721358056,20190923,1000.00,1000.00,0,0,0.00,0.00,0.00,1000.00,0.00
49800628721358056,20190924,1000.00,1000.00,0,0,0.00,0.00,0.00,1000.00,0.00
49800628721358056,20190925,1000.00,1000.00,0,0,0.00,0.00,0.00,1000.00,0.00
49800628721358056,20190928,1000.00,1000.00,0,0,0.00,0.00,0.00,1000.00,0.00
49800628721358056,20190929,1000.00,1000.00,0,0,0.00,0.00,0.00,1000.00,0.00
49800628721358056,20190930,1000.00,1000.00,0,0,0.00,0.00,0.00,1000.00,0.00
49800628721358056,20191001,1000.00,1000.00,0,0,0.00,0.00,0.00,1000.00,0.00
49800628721358056,20191002,1000.00,1000.00,0,0,0.00,0.00,0.00,1000.00,0.00
49800628721358056,20191005,1000.00,1000.00,0,0,0.00,0.00,0.00,1000.00,0.00
49800628721358056,20191006,1000.00,1000.00,0,0,0.00,0.00,0.00,1000.00,0.00
49800628721358056,20191007,1000.00,1000.00,0,0,0.00,0.00,0.00,1000.00,0.00
49800628721358056,20191008,1000.00,1000.00,0,0,0.00,0.00,0.00,1000.00,0.00
49800628721358056,20191009,1000.00,1000.00,0,0,0.00,0.00,0.00,1000.00,0.00
49800628721358056,20191012,1000.00,1000.00,0,0,0.00,0.00,0.00,1000.00,0.00
49800628721358056,20191013,1000.00,1000.00,0,0,0.00,0.00,0.00,1000.00,0.00
49800628721358056,20191014,1000.00,1000.00,0,0,0.00,0.00,0.00,1000.00,0.00
49800628721358056,20191015,1000.00,1000.00,0,0,0.00,0.00,0.00,1000.00,0.00
49800628721358056,20191016,1000.00,1000.00,0,0,0.00,0.00,0.00,1000.00,0.00
49800628721358056,20191020,1000.00,1000.00,0,0,0.00,0.00,0.00,1000.00,0.00
49800628721358056,20191021,1000.00,1000.00,0,0,0.00,0.00,0.00,1000.00,0.00
49800628721358056,20191022,1000.00,1000.00,0,0,0.00,0.00,0.00,1000.00,0.00
49800628721358056,20191023,1000.00,1000.00,0,0,0.00,0.00,0.00,1000.00,0.00
49800628721358056,20191026,1000.00,1000.00,0,0,0.00,0.00,0.00,1000.00,0.00
49800628721358056,20191028,1000.00,1000.00,0,0,0.00,0.00,0.00,1000.00,0.00
49800628721358056,20191030,1000.00,1000.00,0,0,0.00,0.00,0.00,1000.00,0.00
49800628721358056,20191102,1000.00,1000.00,0,0,0.00,0.00,0.00,1000.00,0.00
49800628721358056,20191103,1000.00,1000.00,0,0,0.00,0.00,0.00,1000.00,0.00
49800628721358056,20191104,1000.00,1000.00,0,0,0.00,0.00,0.00,1000.00,0.00
49800628721358056,20191105,1000.00,1000.00,0,0,0.00,0.00,0.00,1000.00,0.00
49800628721358056,20191109,1000.00,1000.00,0,0,0.00,0.00,0.00,1000.00,0.00
49800628721358056,20191110,1000.00,1000.00,0,0,0.00,0.00,0.00,1000.00,0.00
49800628721358056,20191111,1000.00,1000.00,0,0,0.00,0.00,0.00,1000.00,0.00
49800628721358056,20191112,1000.00,1000.00,0,0,0.00,0.00,0.00,1000.00,0.00
49800628721358056,20191113,1000.00,1000.00,0,0,0.00,0.00,0.00,1000.00,0.00
49800628721358056,20191116,1000.00,1000.00,0,0,0.00,0.00,0.00,1000.00,0.00
49800628721358056,20191117,1000.00,1000.00,0,0,0.00,0.00,0.00,1000.00,0.00
49800628721358056,20191118,1000.00,1000.00,0,0,0.00,0.00,0.00,1000.00,0.00
49800628721358056,20191119,1000.00,1000.00,0,0,0.00,0.00,0.00,1000.00,0.00
49800628721358056,20191120,1000.00,1000.00,0,0,0.00,0.00,0.00,1000.00,0.00
49800628721358056,20191123,1000.00,1000.00,0,0,0.00,0.00,0.00,1000.00,0.00
49800628721358056,20191124,1000.00,1000.00,0,0,0.00,0.00,0.00,1000.00,0.00
49800628721358056,20191125,1000.00,1000.00,0,0,0.00,0.00,0.00,1000.00,0.00
49800628721358056,20191126,1000.00,1000.00,0,0,0.00,0.00,0.00,1000.00,0.00
49800628721358056,20191127,1000.00,1000.00,0,0,0.00,0.00,0.00,1000.00,0.00
49800628721358056,20191130,1000.00,1000.00,0,0,0.00,0.00,0.00,1000.00,0.00
49800628721358056,20191201,1000.00,1000.00,0,0,0.00,0.00,0.00,1000.00,0.00
49800628721358056,20191202,1000.00,1000.00,0,0,0.00,0.00,0.00,1000.00,0.00
49800628721358056,20191203,1000.00,1000.00,0,0,0.00,0.00,0.00,1000.00,0.00
49800628721358056,20191204,1000.00,1000.00,0,0,0.00,0.00,0.00,1000.00,0.00
49800628721358056,20191207,1000.00,1000.00,0,0,0.00,0.00,0.00,1000.00,0.00
49800628721358056,20191208,1000.00,1000.00,0,0,0.00,0.00,0.00,1000.00,0.00
49800628721358056,20191209,1000.00,1000.00,0,0,0.00,0.00,0.00,1000.00,0.00
49800628721358056,20191210,1000.00,1000.00,0,0,0.00,0.00,0.00,1000.00,0.00
49800628721358056,20191211,1000.00,1000.00,0,0,0.00,0.00,0.00,1000.00,0.00
49800628721358056,20191214,1000.00,1000.00,0,0,0.00,0.00,0.00,1000.00,0.00
49800628721358056,20191215,1000.00,1000.00,0,0,0.00,0.00,0.00,1000.00,0.00
49800628721358056,20191216,1000.00,1000.00,0,0,0.00,0.00,0.00,1000.00,0.00
49800628721358056,20191217,1000.00,1000.00,0,0,0.00,0.00,0.00,1000.00,0.00
49800628721358056,20191218,1000.00,1000.00,0,0,0.00,0.00,0.00,1000.00,0.00
49800628721358056,20191221,1000.00,1000.00,0,0,0.00,0.00,0.00,1000.00,0.00
49800628721358056,20191222,1000.00,1000.00,0,0,0.00,0.00,0.00,1000.00,0.00
49800628721358056,20191223,1000.00,1000.00,0,0,0.00,0.00,0.00,1000.00,0.00
49800628721358056,20191224,1000.00,1000.00,0,0,0.00,0.00,0.00,1000.00,0.00
49800628721358056,20191225,1000.00,1000.00,0,0,0.00,0.00,0.00,1000.00,0.00
49800628721358056,20191228,1000.00,1000.00,0,0,0.00,0.00,0.00,1000.00,0.00
49800628721358056,20191229,1000.00,1000.00,0,0,0.00,0.00,0.00,1000.00,0.00
49800628721358056,20191230,1000.00,1000.00,0,0,0.00,0.00,0.00,1000.00,0.00
49800628721358056,20191231,1000.00,1000.00,0,0,0.00,0.00,0.00,1000.00,0.00
49800628721358056,20200101,1000.00,1000.00,0,0,0.00,0.00,0.00,1000.00,0.00
49800628721358056,20200104,1000.00,1000.00,0,0,0.00,0.00,0.00,1000.00,0.00
49800628721358056,20200105,1000.00,1000.00,0,0,0.00,0.00,0.00,1000.00,0.00
49800628721358056,20200107,1000.00,1000.00,0,0,0.00,0.00,0.00,1000.00,0.00
49800628721358056,20200108,1000.00,1000.00,0,0,0.00,0.00,0.00,1000.00,0.00
49800628721358056,20200111,1000.00,1000.00,0,0,0.00,0.00,0.00,1000.00,0.00
49800628721358056,20200112,1000.00,1000.00,0,0,0.00,0.00,0.00,1000.00,0.00
49800628721358056,20200113,1000.00,1000.00,0,0,0.00,0.00,0.00,1000.00,0.00
49800628721358056,20200114,1000.00,1000.00,0,0,0.00,0.00,0.00,1000.00,0.00
49800628721358056,20200115,1000.00,1000.00,0,0,0.00,0.00,0.00,1000.00,0.00
49800628721358056,20200118,1000.00,1000.00,0,0,0.00,0.00,0.00,1000.00,0.00
49800628721358056,20200119,1000.00,1000.00,0,0,0.00,0.00,0.00,1000.00,0.00
49800628721358056,20200120,1000.00,1000.00,0,0,0.00,0.00,0.00,1000.00,0.00
49800628721358056,20200121,1000.00,1000.00,0,0,0.00,0.00,0.00,1000.00,0.00
49800628721358056,20200122,1000.00,1000.00,0,0,0.00,0.00,0.00,1000.00,0.00
49800628721358056,20200125,1000.00,1000.00,0,0,0.00,0.00,0.00,1000.00,0.00
49800628721358056,20200126,1000.00,1000.00,0,0,0.00,0.00,0.00,1000.00,0.00
49800628721358056,20200127,1000.00,1000.00,0,0,0.00,0.00,0.00,1000.00,0.00
49800628721358056,20200128,1000.00,1000.00,0,0,0.00,0.00,0.00,1000.00,0.00
49800628721358056,20200201,1000.00,1000.00,0,0,0.00,0.00,0.00,1000.00,0.00
49800628721358056,20200202,1000.00,1000.00,0,0,0.00,0.00,0.00,1000.00,0.00
49800628721358056,20200203,1000.00,1000.00,0,0,0.00,0.00,0.00,1000.00,0.00
49800628721358056,20200204,1000.00,1000.00,0,0,0.00,0.00,0.00,1000.00,0.00
49800628721358056,20200205,1000.00,1000.00,0,0,0.00,0.00,0.00,1000.00,0.00
49800628721358056,20200208,1000.00,1000.00,0,0,0.00,0.00,0.00,1000.00,0.00
49800628721358056,20200209,1000.00,1000.00,0,0,0.00,0.00,0.00,1000.00,0.00
49800628721358056,20200210,1000.00,1000.00,0,0,0.00,0.00,0.00,1000.00,0.00
49800628721358056,20200212,1000.00,1000.00,0,0,0.00,0.00,0.00,1000.00,0.00
49800628721358056,20200215,1000.00,1000.00,0,0,0.00,0.00,0.00,1000.00,0.00
49800628721358056,20200216,1000.00,1000.00,0,0,0.00,0.00,0.00,1000.00,0.00
49800628721358056,20200217,1000.00,1000.00,0,0,0.00,0.00,0.00,1000.00,0.00
49800628721358056,20200218,1000.00,1000.00,0,0,0.00,0.00,0.00,1000.00,0.00
49800628721358056,20200219,1000.00,1000.00,0,0,0.00,0.00,0.00,1000.00,0.00
49800628721358056,20200222,1000.00,1000.00,0,0,0.00,0.00,0.00,1000.00,0.00
49800628721358056,20200223,1000.00,1000.00,0,0,0.00,0.00,0.00,1000.00,0.00
49800628721358056,20200224,1000.00,1000.00,0,0,0.00,0.00,0.00,1000.00,0.00
49800628721358056,20200225,1000.00,1000.00,0,0,0.00,0.00,0.00,1000.00,0.00
49800628721358056,20200226,1000.00,1000.00,0,0,0.00,0.00,0.00,1000.00,0.00
49800628721358056,20200229,1000.00,1000.00,0,0,0.00,0.00,0.00,1000.00,0.00
49800628721358056,20200301,1000.00,1000.00,0,0,0.00,0.00,0.00,1000.00,0.00
49800628721358056,20200302,1000.00,1000.00,0,0,0.00,0.00,0.00,1000.00,0.00
49800628721358056,20200303,1000.00,1000.00,0,0,0.00,0.00,0.00,1000.00,0.00
49800628721358056,20200304,1000.00,1000.00,0,0,0.00,0.00,0.00,1000.00,0.00
49800628721358056,20200307,1000.00,1000.00,0,0,0.00,0.00,0.00,1000.00,0.00
49800628721358056,20200309,1000.00,1000.00,0,0,0.00,0.00,0.00,1000.00,0.00
49800628721358056,20200310,1000.00,1000.00,0,0,0.00,0.00,0.00,1000.00,0.00
49800628721358056,20200311,1000.00,1000.00,0,0,0.00,0.00,0.00,1000.00,0.00
49800628721358056,20200314,1000.00,1000.00,0,0,0.00,0.00,0.00,1000.00,0.00
49800628721358056,20200315,1000.00,1000.00,0,0,0.00,0.00,0.00,1000.00,0.00
49800628721358056,20200316,1000.00,1000.00,0,0,0.00,0.00,0.00,1000.00,0.00
49800628721358056,20200317,1000.00,1000.00,0,0,0.00,0.00,0.00,1000.00,0.00
49800628721358056,20200318,1000.00,1000.00,0,0,0.00,0.00,0.00,1000.00,0.00
49800628721358056,20200324,1000.00,1000.00,0,0,0.00,0.00,0.00,1000.00,0.00
49800628721358056,20200325,1000.00,1000.00,0,0,0.00,0.00,0.00,1000.00,0.00
49800628721358056,20200328,1000.00,1000.00,0,0,0.00,0.00,0.00,1000.00,0.00
49800628721358056,20200329,1000.00,1000.00,0,0,0.00,0.00,0.00,1000.00,0.00
49800628721358056,20200330,1000.00,1000.00,0,0,0.00,0.00,0.00,1000.00,0.00
49800628721358056,20200404,1000.00,1000.00,0,0,0.00,0.00,0.00,1000.00,0.00
49800628721358056,20200405,1000.00,1000.00,0,0,0.00,0.00,0.00,1000.00,0.00
49800628721358056,20200406,1000.00,1000.00,0,0,0.00,0.00,0.00,1000.00,0.00
49800628721358056,20200407,1000.00,1000.00,0,0,0.00,0.00,0.00,1000.00,0.00
49800628721358056,20200408,1000.00,1000.00,0,0,0.00,0.00,0.00,1000.00,0.00
49800628721358056,20200411,1000.00,1000.00,0,0,0.00,0.00,0.00,1000.00,0.00
49800628721358056,20200412,1000.00,1000.00,0,0,0.00,0.00,0.00,1000.00,0.00
49800628721358056,20200413,1000.00,1000.00,0,0,0.00,0.00,0.00,1000.00,0.00
49800628721358056,20200414,1000.00,1000.00,0,0,0.00,0.00,0.00,1000.00,0.00
49800628721358056,20200415,1000.00,1000.00,0,0,0.00,0.00,0.00,1000.00,0.00
49800628721358056,20200418,1000.00,1000.00,0,0,0.00,0.00,0.00,1000.00,0.00
49800628721358056,20200419,1000.00,1000.00,0,0,0.00,0.00,0.00,1000.00,0.00
49800628721358056,20200420,1000.00,1000.00,0,0,0.00,0.00,0.00,1000.00,0.00
49800628721358056,20200421,1000.00,1000.00,0,0,0.00,0.00,0.00,1000.00,0.00
49800628721358056,20200422,1000.00,1000.00,0,0,0.00,0.00,0.00,1000.00,0.00
49800628721358056,20200425,1000.00,1000.00,0,0,0.00,0.00,0.00,1000.00,0.00
49800628721358056,20200426,1000.00,1000.00,0,0,0.00,0.00,0.00,1000.00,0.00
49800628721358056,20200427,1000.00,1000.00,0,0,0.00,0.00,0.00,1000.00,0.00
49800628721358056,20200428,1000.00,1000.00,0,0,0.00,0.00,0.00,1000.00,0.00
49800628721358056,20200429,1000.00,1000.00,0,0,0.00,0.00,0.00,1000.00,0.00
49800628721358056,20200502,1000.00,1000.00,0,0,0.00,0.00,0.00,1000.00,0.00
49800628721358056,20200503,1000.00,1000.00,0,0,0.00,0.00,0.00,1000.00,0.00
49800628721358056,20200504,1000.00,1000.00,0,0,0.00,0.00,0.00,1000.00,0.00
49800628721358056,20200505,1000.00,1000.00,0,0,0.00,0.00,0.00,1000.00,0.00
49800628721358056,20200506,1000.00,1000.00,0,0,0.00,0.00,0.00,1000.00,0.00
49800628721358056,20200509,1000.00,1000.00,0,0,0.00,0.00,0.00,1000.00,0.00
49800628721358056,20200510,1000.00,1000.00,0,0,0.00,0.00,0.00,1000.00,0.00
49800628721358056,20200511,1000.00,1000.00,0,0,0.00,0.00,0.00,1000.00,0.00
49800628721358056,20200512,1000.00,1000.00,0,0,0.00,0.00,0.00,1000.00,0.00
49800628721358056,20200513,1000.00,1000.00,0,0,0.00,0.00,0.00,1000.00,0.00
49800628721358056,20200516,1000.00,1000.00,0,0,0.00,0.00,0.00,1000.00,0.00
49800628721358056,20200517,1000.00,1000.00,0,0,0.00,0.00,0.00,1000.00,0.00
49800628721358056,20200518,1000.00,1000.00,0,0,0.00,0.00,0.00,1000.00,0.00
49800628721358056,20200519,1000.00,1000.00,0,0,0.00,0.00,0.00,1000.00,0.00
49800628721358056,20200520,1000.00,1000.00,0,0,0.00,0.00,0.00,1000.00,0.00
49800628721358056,20200523,1000.00,1000.00,0,0,0.00,0.00,0.00,1000.00,0.00
49800628721358056,20200526,1000.00,1000.00,0,0,0.00,0.00,0.00,1000.00,0.00
49800628721358056,20200527,1000.00,1000.00,0,0,0.00,0.00,0.00,1000.00,0.00
49800628721358056,20200530,1000.00,1000.00,0,0,0.00,0.00,0.00,1000.00,0.00
49800628721358056,20200531,1000.00,1000.00,0,0,0.00,0.00,0.00,1000.00,0.00
49800628721358056,20200601,1000.00,1000.00,0,0,0.00,0.00,0.00,1000.00,0.00
49800628721358056,20200602,1000.00,1000.00,0,0,0.00,0.00,0.00,1000.00,0.00
49800628721358056,20200606,1000.00,1000.00,0,0,0.00,0.00,0.00,1000.00,0.00
49800628721358056,20200607,1000.00,1000.00,0,0,0.00,0.00,0.00,1000.00,0.00
49800628721358056,20200608,1000.00,1000.00,0,0,0.00,0.00,0.00,1000.00,0.00
49800628721358056,20200609,1000.00,1000.00,0,0,0.00,0.00,0.00,1000.00,0.00
49800628721358056,20200610,1000.00,1000.00,0,0,0.00,0.00,0.00,1000.00,0.00
49800628721358056,20200613,1000.00,1000.00,0,0,0.00,0.00,0.00,1000.00,0.00
49800628721358056,20200614,1000.00,1000.00,0,0,0.00,0.00,0.00,1000.00,0.00
49800628721358056,20200615,1000.00,1000.00,0,0,0.00,0.00,0.00,1000.00,0.00
49800628721358056,20200616,1000.00,1000.00,0,0,0.00,0.00,0.00,1000.00,0.00
49800628721358056,20200620,1000.00,1000.00,0,0,0.00,0.00,0.00,1000.00,0.00
49800628721358056,20200621,1000.00,1000.00,0,0,0.00,0.00,0.00,1000.00,0.00
49800628721358056,20200622,1000.00,1000.00,0,0,0.00,0.00,0.00,1000.00,0.00
49800628721358056,20200623,1000.00,1000.00,0,0,0.00,0.00,0.00,1000.00,0.00
49800628721358056,20200624,1000.00,1000.00,0,0,0.00,0.00,0.00,1000.00,0.00
49800628721358056,20200627,1000.00,1000.00,0,0,0.00,0.00,0.00,1000.00,0.00
49800628721358056,20200628,1000.00,1000.00,0,0,0.00,0.00,0.00,1000.00,0.00
49800628721358056,20200629,1000.00,1000.00,0,0,0.00,0.00,0.00,1000.00,0.00
49800628721358056,20200630,1000.00,1000.00,0,0,0.00,0.00,0.00,1000.00,0.00
49800628721358056,20200701,1000.00,1000.00,0,0,0.00,0.00,0.00,1000.00,0.00
49800628721358056,20200704,1000.00,1000.00,0,0,0.00,0.00,0.00,1000.00,0.00
49800628721358056,20200705,1000.00,1000.00,0,0,0.00,0.00,0.00,1000.00,0.00
49800628721358056,20200706,1000.00,1000.00,0,0,0.00,0.00,0.00,1000.00,0.00
49800628721358056,20200707,1000.00,1000.00,0,0,0.00,0.00,0.00,1000.00,0.00
49800628721358056,20200708,1000.00,1000.00,0,0,0.00,0.00,0.00,1000.00,0.00
49800628721358056,20200711,1000.00,1000.00,0,0,0.00,0.00,0.00,1000.00,0.00
49800628721358056,20200712,1000.00,1000.00,0,0,0.00,0.00,0.00,1000.00,0.00
49800628721358056,20200713,1000.00,1000.00,0,0,0.00,0.00,0.00,1000.00,0.00
49800628721358056,20200714,1000.00,1000.00,0,0,0.00,0.00,0.00,1000.00,0.00
49800628721358056,20200715,1000.00,1000.00,0,0,0.00,0.00,0.00,1000.00,0.00
49800628721358056,20200718,1000.00,1000.00,0,0,0.00,0.00,0.00,1000.00,0.00
49800628721358056,20200719,1000.00,1000.00,0,0,0.00,0.00,0.00,1000.00,0.00
49800628721358056,20200720,1000.00,1000.00,0,0,0.00,0.00,0.00,1000.00,0.00
49800628721358056,20200721,1000.00,1000.00,0,0,0.00,0.00,0.00,1000.00,0.00
49800628721358056,20200722,1000.00,1000.00,0,0,0.00,0.00,0.00,1000.00,0.00
49800628721358056,20200725,1000.00,1000.00,0,0,0.00,0.00,0.00,1000.00,0.00
49800628721358056,20200726,1000.00,1000.00,0,0,0.00,0.00,0.00,1000.00,0.00
49800628721358056,20200727,1000.00,1000.00,0,0,0.00,0.00,0.00,1000.00,0.00
49800628721358056,20200728,1000.00,1000.00,0,0,0.00,0.00,0.00,1000.00,0.00
49800628721358056,20200729,1000.00,1000.00,0,0,0.00,0.00,0.00,1000.00,0.00
49800628721358056,20200801,1000.00,1000.00,0,0,0.00,0.00,0.00,1000.00,0.00
49800628721358056,20200802,1000.00,1000.00,0,0,0.00,0.00,0.00,1000.00,0.00
49800628721358056,20200803,1000.00,1000.00,0,0,0.00,0.00,0.00,1000.00,0.00
49800628721358056,20200804,1000.00,1000.00,0,0,0.00,0.00,0.00,1000.00,0.00
49800628721358056,20200805,1000.00,1000.00,0,0,0.00,0.00,0.00,1000.00,0.00
49800628721358056,20200809,1000.00,1000.00,0,0,0.00,0.00,0.00,1000.00,0.00
49800628721358056,20200810,1000.00,1000.00,0,0,0.00,0.00,0.00,1000.00,0.00
49800628721358056,20200811,1000.00,1000.00,0,0,0.00,0.00,0.00,1000.00,0.00
49800628721358056,20200812,1000.00,1000.00,0,0,0.00,0.00,0.00,1000.00,0.00
49800628721358056,20200815,1000.00,1000.00,0,0,0.00,0.00,0.00,1000.00,0.00
49800628721358056,20200816,1000.00,1000.00,0,0,0.00,0.00,0.00,1000.00,0.00
49800628721358056,20200817,1000.00,1000.00,0,0,0.00,0.00,0.00,1000.00,0.00
49800628721358056,20200818,1000.00,1000.00,0,0,0.00,0.00,0.00,1000.00,0.00
49800628721358056,20200819,1000.00,1000.00,0,0,0.00,0.00,0.00,1000.00,0.00
49800628721358056,20200822,1000.00,1000.00,0,0,0.00,0.00,0.00,1000.00,0.00
49800628721358056,20200823,1000.00,1000.00,0,0,0.00,0.00,0.00,1000.00,0.00
