51459202425114449,20150215,1000.00,1000.00,0,0,0.00,0.00,0.00,1000.00,0.00
51459202425114449,20150216,1000.00,1000.00,0,0,0.00,0.00,0.00,1000.00,0.00
51459202425114449,20150217,1000.00,1000.00,0,0,0.00,0.00,0.00,1000.00,0.00
51459202425114449,20150218,1000.00,1000.00,0,0,0.00,0.00,0.00,1000.00,0.00
51459202425114449,20150221,1000.00,1000.00,0,0,0.00,0.00,0.00,1000.00,0.00
51459202425114449,20150222,1000.00,1000.00,0,0,0.00,0.00,0.00,1000.00,0.00
51459202425114449,20150223,1000.00,1000.00,0,0,0.00,0.00,0.00,1000.00,0.00
51459202425114449,20150224,1000.00,1000.00,0,0,0.00,0.00,0.00,1000.00,0.00
51459202425114449,20150225,1000.00,1000.00,0,0,0.00,0.00,0.00,1000.00,0.00
51459202425114449,20150228,1000.00,1000.00,0,0,0.00,0.00,0.00,1000.00,0.00
51459202425114449,20150301,1000.00,1000.00,0,0,0.00,0.00,0.00,1000.00,0.00
51459202425114449,20150302,1000.00,1000.00,0,0,0.00,0.00,0.00,1000.00,0.00
51459202425114449,20150303,1000.00,1000.00,0,0,0.00,0.00,0.00,1000.00,0.00
51459202425114449,20150304,1000.00,1000.00,0,0,0.00,0.00,0.00,1000.00,0.00
51459202425114449,20150307,1000.00,1000.00,0,0,0.00,0.00,0.00,1000.00,0.00
51459202425114449,20150308,1000.00,1000.00,0,0,0.00,0.00,0.00,1000.00,0.00
51459202425114449,20150309,1000.00,1000.00,0,0,0.00,0.00,0.00,1000.00,0.00
51459202425114449,20150310,1000.00,1000.00,0,0,0.00,0.00,0.00,1000.00,0.00
51459202425114449,20150311,1000.00,1000.00,0,0,0.00,0.00,0.00,1000.00,0.00
51459202425114449,20150314,1000.00,1000.00,0,0,0.00,0.00,0.00,1000.00,0.00
51459202425114449,20150315,1000.00,1000.00,0,0,0.00,0.00,0.00,1000.00,0.00
51459202425114449,20150316,1000.00,1000.00,0,0,0.00,0.00,0.00,1000.00,0.00
51459202425114449,20150317,1000.00,1000.00,0,0,0.00,0.00,0.00,1000.00,0.00
51459202425114449,20150318,1925.00,2000.00,15,1242300,2391560000.00,1700.00,2000.00,1000.00,1700.00
51459202425114449,20150325,1865.00,1700.00,9,355000,662117000.00,1700.00,2000.00,1925.00,1720.00
51459202425114449,20150328,1865.00,1700.00,0,0,0.00,0.00,0.00,1865.00,0.00
51459202425114449,20150329,1865.00,1700.00,0,0,0.00,0.00,0.00,1865.00,0.00
51459202425114449,20150330,1865.00,1700.00,0,0,0.00,0.00,0.00,1865.00,0.00
51459202425114449,20150331,1865.00,1700.00,0,0,0.00,0.00,0.00,1865.00,0.00
51459202425114449,20150404,1865.00,1700.00,0,0,0.00,0.00,0.00,1865.00,0.00
51459202425114449,20150405,1902.00,1890.00,5,140000,266310000.00,1500.00,1999.00,1865.00,1999.00
51459202425114449,20150406,1902.00,1890.00,0,0,0.00,0.00,0.00,1902.00,0.00
51459202425114449,20150407,1902.00,1890.00,0,0,0.00,0.00,0.00,1902.00,0.00
51459202425114449,20150408,1902.00,1890.00,0,0,0.00,0.00,0.00,1902.00,0.00
51459202425114449,20150411,1902.00,1890.00,0,0,0.00,0.00,0.00,1902.00,0.00
51459202425114449,20150412,1902.00,1890.00,0,0,0.00,0.00,0.00,1902.00,0.00
51459202425114449,20150413,1902.00,1890.00,0,0,0.00,0.00,0.00,1902.00,0.00
51459202425114449,20150414,1902.00,1890.00,0,0,0.00,0.00,0.00,1902.00,0.00
51459202425114449,20150415,1902.00,1890.00,0,0,0.00,0.00,0.00,1902.00,0.00
51459202425114449,20150418,1800.00,1800.00,2,534,961200.00,1800.00,1800.00,1902.00,1800.00
51459202425114449,20150419,1800.00,1800.00,0,0,0.00,0.00,0.00,1800.00,0.00
51459202425114449,20150420,1800.00,1800.00,0,0,0.00,0.00,0.00,1800.00,0.00
51459202425114449,20150421,1800.00,1800.00,0,0,0.00,0.00,0.00,1800.00,0.00
51459202425114449,20150422,1890.00,1890.00,1,466,880740.00,1890.00,1890.00,1800.00,1890.00
51459202425114449,20150425,1890.00,1890.00,0,0,0.00,0.00,0.00,1890.00,0.00
51459202425114449,20150426,1890.00,1890.00,0,0,0.00,0.00,0.00,1890.00,0.00
51459202425114449,20150427,1502.00,1500.00,5,2050000,3078500000.00,1500.00,1504.00,1890.00,1500.00
51459202425114449,20150428,1504.00,1900.00,6,320000,481380267.00,1250.00,1900.00,1502.00,1250.00
51459202425114449,20150429,1850.00,1850.00,1,100000,185000000.00,1850.00,1850.00,1504.00,1850.00
51459202425114449,20150503,1866.00,1899.00,2,30000,55990000.00,1850.00,1899.00,1850.00,1850.00
51459202425114449,20150504,1756.00,1750.00,5,134400,235994100.00,1750.00,1900.00,1866.00,1750.00
51459202425114449,20150505,1750.00,1750.00,1,218,381500.00,1750.00,1750.00,1756.00,1750.00
51459202425114449,20150506,1791.00,1900.00,5,30000,53728100.00,1650.00,1900.00,1750.00,1650.00
51459202425114449,20150509,1791.00,1900.00,0,0,0.00,0.00,0.00,1791.00,0.00
51459202425114449,20150510,1750.00,1750.00,2,697,1219750.00,1750.00,1750.00,1791.00,1750.00
51459202425114449,20150511,1795.00,1800.00,3,15385,27618150.00,1750.00,1800.00,1750.00,1750.00
51459202425114449,20150512,1750.00,1750.00,1,491,859250.00,1750.00,1750.00,1795.00,1750.00
51459202425114449,20150513,1850.00,1850.00,1,35010,64768500.00,1850.00,1850.00,1750.00,1850.00
51459202425114449,20150517,1850.00,1850.00,0,0,0.00,0.00,0.00,1850.00,0.00
51459202425114449,20150518,1750.00,1750.00,1,153,267750.00,1750.00,1750.00,1850.00,1750.00
51459202425114449,20150519,1850.00,1850.00,3,31000,57342470.00,1840.00,1850.00,1750.00,1840.00
51459202425114449,20150520,1850.00,1850.00,1,15000,27750000.00,1850.00,1850.00,1850.00,1850.00
51459202425114449,20150523,1850.00,1850.00,3,50087,92652250.00,1750.00,1850.00,1850.00,1850.00
51459202425114449,20150524,1850.00,1850.00,1,34753,64293050.00,1850.00,1850.00,1850.00,1850.00
51459202425114449,20150525,1850.00,1850.00,0,0,0.00,0.00,0.00,1850.00,0.00
51459202425114449,20150526,2121.00,2150.00,5,17456,37030400.00,2100.00,2150.00,1850.00,2100.00
51459202425114449,20150527,2121.00,2150.00,0,0,0.00,0.00,0.00,2121.00,0.00
51459202425114449,20150530,2552.00,2552.00,1,4522,11540144.00,2552.00,2552.00,2121.00,2552.00
51459202425114449,20150531,2648.00,2650.00,8,1550000,4103661798.00,2640.00,2685.00,2552.00,2681.00
51459202425114449,20150601,2648.00,2650.00,0,0,0.00,0.00,0.00,2648.00,0.00
51459202425114449,20150602,2648.00,2650.00,0,0,0.00,0.00,0.00,2648.00,0.00
51459202425114449,20150606,2648.00,2650.00,0,0,0.00,0.00,0.00,2648.00,0.00
51459202425114449,20150607,2704.00,3000.00,6,152514,412387800.00,2700.00,3000.00,2648.00,2700.00
51459202425114449,20150608,2800.00,2800.00,2,400000,1120000000.00,2800.00,2800.00,2704.00,2800.00
51459202425114449,20150609,2850.00,2850.00,2,500000,1425000000.00,2850.00,2850.00,2800.00,2850.00
51459202425114449,20150610,2850.00,2850.00,2,500000,1425000000.00,2850.00,2850.00,2850.00,2850.00
51459202425114449,20150613,2850.00,2860.00,3,536986,1530585100.00,2850.00,2860.00,2850.00,2850.00
51459202425114449,20150614,2850.00,2850.00,1,231822,660692700.00,2850.00,2850.00,2850.00,2850.00
51459202425114449,20150615,2850.00,2850.00,1,119,339150.00,2850.00,2850.00,2850.00,2850.00
51459202425114449,20150616,2850.00,2850.00,0,0,0.00,0.00,0.00,2850.00,0.00
51459202425114449,20150617,2850.00,2850.00,0,0,0.00,0.00,0.00,2850.00,0.00
51459202425114449,20150620,2850.00,2850.00,0,0,0.00,0.00,0.00,2850.00,0.00
51459202425114449,20150621,2850.00,2850.00,0,0,0.00,0.00,0.00,2850.00,0.00
51459202425114449,20150622,2850.00,2850.00,0,0,0.00,0.00,0.00,2850.00,0.00
51459202425114449,20150623,2850.00,2850.00,0,0,0.00,0.00,0.00,2850.00,0.00
51459202425114449,20150624,2850.00,2850.00,0,0,0.00,0.00,0.00,2850.00,0.00
51459202425114449,20150627,2305.00,2300.00,2,9000,20744000.00,2300.00,2310.00,2850.00,2310.00
51459202425114449,20150628,2207.00,2200.00,3,5400,11920000.00,2200.00,2300.00,2305.00,2200.00
51459202425114449,20150629,2207.00,2200.00,0,0,0.00,0.00,0.00,2207.00,0.00
51459202425114449,20150630,2250.00,2250.00,1,87,195750.00,2250.00,2250.00,2207.00,2250.00
51459202425114449,20150701,2250.00,2250.00,0,0,0.00,0.00,0.00,2250.00,0.00
51459202425114449,20150704,2250.00,2250.00,0,0,0.00,0.00,0.00,2250.00,0.00
51459202425114449,20150705,2300.00,2300.00,1,13,29900.00,2300.00,2300.00,2250.00,2300.00
51459202425114449,20150706,2300.00,2300.00,0,0,0.00,0.00,0.00,2300.00,0.00
51459202425114449,20150707,2300.00,2300.00,0,0,0.00,0.00,0.00,2300.00,0.00
51459202425114449,20150711,2300.00,2300.00,0,0,0.00,0.00,0.00,2300.00,0.00
51459202425114449,20150712,2300.00,2300.00,0,0,0.00,0.00,0.00,2300.00,0.00
51459202425114449,20150713,2100.00,2300.00,0,0,0.00,0.00,0.00,2100.00,0.00
51459202425114449,20150714,2100.00,2300.00,0,0,0.00,0.00,0.00,2100.00,0.00
51459202425114449,20150715,2100.00,2300.00,0,0,0.00,0.00,0.00,2100.00,0.00
51459202425114449,20150719,2100.00,2300.00,0,0,0.00,0.00,0.00,2100.00,0.00
51459202425114449,20150720,2100.00,2300.00,0,0,0.00,0.00,0.00,2100.00,0.00
51459202425114449,20150721,2100.00,2300.00,0,0,0.00,0.00,0.00,2100.00,0.00
51459202425114449,20150722,2100.00,2300.00,0,0,0.00,0.00,0.00,2100.00,0.00
51459202425114449,20150725,2100.00,2300.00,0,0,0.00,0.00,0.00,2100.00,0.00
51459202425114449,20150726,2100.00,2300.00,0,0,0.00,0.00,0.00,2100.00,0.00
51459202425114449,20150727,2100.00,2300.00,0,0,0.00,0.00,0.00,2100.00,0.00
51459202425114449,20150728,2100.00,2300.00,0,0,0.00,0.00,0.00,2100.00,0.00
51459202425114449,20150729,2100.00,2300.00,0,0,0.00,0.00,0.00,2100.00,0.00
51459202425114449,20150801,2100.00,2300.00,0,0,0.00,0.00,0.00,2100.00,0.00
51459202425114449,20150802,2100.00,2300.00,0,0,0.00,0.00,0.00,2100.00,0.00
51459202425114449,20150803,2100.00,2300.00,0,0,0.00,0.00,0.00,2100.00,0.00
51459202425114449,20150804,2100.00,2300.00,0,0,0.00,0.00,0.00,2100.00,0.00
51459202425114449,20150805,2100.00,2300.00,0,0,0.00,0.00,0.00,2100.00,0.00
51459202425114449,20150808,2100.00,2300.00,0,0,0.00,0.00,0.00,2100.00,0.00
51459202425114449,20150809,2100.00,2300.00,0,0,0.00,0.00,0.00,2100.00,0.00
51459202425114449,20150810,2100.00,2300.00,0,0,0.00,0.00,0.00,2100.00,0.00
51459202425114449,20150812,2100.00,2300.00,0,0,0.00,0.00,0.00,2100.00,0.00
51459202425114449,20150815,2100.00,2300.00,0,0,0.00,0.00,0.00,2100.00,0.00
51459202425114449,20150816,2100.00,2300.00,0,0,0.00,0.00,0.00,2100.00,0.00
51459202425114449,20150817,2100.00,2300.00,0,0,0.00,0.00,0.00,2100.00,0.00
51459202425114449,20150818,2100.00,2300.00,0,0,0.00,0.00,0.00,2100.00,0.00
51459202425114449,20150819,2100.00,2300.00,0,0,0.00,0.00,0.00,2100.00,0.00
51459202425114449,20150822,2100.00,2300.00,0,0,0.00,0.00,0.00,2100.00,0.00
51459202425114449,20150823,2100.00,2300.00,0,0,0.00,0.00,0.00,2100.00,0.00
51459202425114449,20150824,1972.00,2000.00,2,2476,4883200.00,1900.00,2000.00,2100.00,1900.00
51459202425114449,20150825,1972.00,2000.00,0,0,0.00,0.00,0.00,1972.00,0.00
51459202425114449,20150826,1972.00,2000.00,0,0,0.00,0.00,0.00,1972.00,0.00
51459202425114449,20150829,1972.00,2000.00,0,0,0.00,0.00,0.00,1972.00,0.00
51459202425114449,20150830,1972.00,2000.00,0,0,0.00,0.00,0.00,1972.00,0.00
51459202425114449,20150831,1972.00,2000.00,0,0,0.00,0.00,0.00,1972.00,0.00
51459202425114449,20150901,1972.00,2000.00,0,0,0.00,0.00,0.00,1972.00,0.00
51459202425114449,20150902,1972.00,2000.00,0,0,0.00,0.00,0.00,1972.00,0.00
51459202425114449,20150905,1972.00,2000.00,0,0,0.00,0.00,0.00,1972.00,0.00
51459202425114449,20150906,1972.00,2000.00,0,0,0.00,0.00,0.00,1972.00,0.00
51459202425114449,20150907,1972.00,2000.00,0,0,0.00,0.00,0.00,1972.00,0.00
51459202425114449,20150908,1968.00,1968.00,1,8290,16314720.00,1968.00,1968.00,1972.00,1968.00
51459202425114449,20150909,1968.00,1968.00,0,0,0.00,0.00,0.00,1968.00,0.00
51459202425114449,20150912,1968.00,1968.00,0,0,0.00,0.00,0.00,1968.00,0.00
51459202425114449,20150913,1968.00,1968.00,0,0,0.00,0.00,0.00,1968.00,0.00
51459202425114449,20150914,1968.00,1968.00,0,0,0.00,0.00,0.00,1968.00,0.00
51459202425114449,20150915,1968.00,1968.00,0,0,0.00,0.00,0.00,1968.00,0.00
51459202425114449,20150916,1968.00,1968.00,0,0,0.00,0.00,0.00,1968.00,0.00
51459202425114449,20150919,1968.00,1968.00,0,0,0.00,0.00,0.00,1968.00,0.00
51459202425114449,20150920,1968.00,1968.00,0,0,0.00,0.00,0.00,1968.00,0.00
51459202425114449,20150921,1968.00,1968.00,0,0,0.00,0.00,0.00,1968.00,0.00
51459202425114449,20150922,1968.00,1968.00,0,0,0.00,0.00,0.00,1968.00,0.00
51459202425114449,20150923,1968.00,1968.00,0,0,0.00,0.00,0.00,1968.00,0.00
51459202425114449,20150926,1968.00,1968.00,0,0,0.00,0.00,0.00,1968.00,0.00
51459202425114449,20150927,1968.00,1968.00,0,0,0.00,0.00,0.00,1968.00,0.00
51459202425114449,20150928,1968.00,1968.00,0,0,0.00,0.00,0.00,1968.00,0.00
51459202425114449,20150929,1968.00,1968.00,0,0,0.00,0.00,0.00,1968.00,0.00
51459202425114449,20150930,1968.00,1968.00,0,0,0.00,0.00,0.00,1968.00,0.00
51459202425114449,20151003,1968.00,1968.00,0,0,0.00,0.00,0.00,1968.00,0.00
51459202425114449,20151004,1968.00,1968.00,0,0,0.00,0.00,0.00,1968.00,0.00
51459202425114449,20151005,1968.00,1968.00,0,0,0.00,0.00,0.00,1968.00,0.00
51459202425114449,20151006,1968.00,1968.00,0,0,0.00,0.00,0.00,1968.00,0.00
51459202425114449,20151007,1968.00,1968.00,0,0,0.00,0.00,0.00,1968.00,0.00
51459202425114449,20151010,1968.00,1968.00,0,0,0.00,0.00,0.00,1968.00,0.00
51459202425114449,20151011,1968.00,1968.00,0,0,0.00,0.00,0.00,1968.00,0.00
51459202425114449,20151012,1968.00,1968.00,0,0,0.00,0.00,0.00,1968.00,0.00
51459202425114449,20151013,1968.00,1968.00,0,0,0.00,0.00,0.00,1968.00,0.00
51459202425114449,20151014,1968.00,1968.00,0,0,0.00,0.00,0.00,1968.00,0.00
51459202425114449,20151017,1968.00,1968.00,0,0,0.00,0.00,0.00,1968.00,0.00
51459202425114449,20151018,1968.00,1968.00,0,0,0.00,0.00,0.00,1968.00,0.00
51459202425114449,20151019,1968.00,1968.00,0,0,0.00,0.00,0.00,1968.00,0.00
51459202425114449,20151020,1968.00,1968.00,0,0,0.00,0.00,0.00,1968.00,0.00
51459202425114449,20151021,1968.00,1968.00,0,0,0.00,0.00,0.00,1968.00,0.00
51459202425114449,20151025,1968.00,1968.00,0,0,0.00,0.00,0.00,1968.00,0.00
51459202425114449,20151026,1968.00,1968.00,0,0,0.00,0.00,0.00,1968.00,0.00
51459202425114449,20151027,1968.00,1968.00,0,0,0.00,0.00,0.00,1968.00,0.00
51459202425114449,20151028,1968.00,1968.00,0,0,0.00,0.00,0.00,1968.00,0.00
51459202425114449,20151031,1968.00,1968.00,0,0,0.00,0.00,0.00,1968.00,0.00
51459202425114449,20151101,1968.00,1968.00,0,0,0.00,0.00,0.00,1968.00,0.00
51459202425114449,20151102,1968.00,1968.00,0,0,0.00,0.00,0.00,1968.00,0.00
51459202425114449,20151103,1968.00,1968.00,0,0,0.00,0.00,0.00,1968.00,0.00
51459202425114449,20151104,1968.00,1968.00,0,0,0.00,0.00,0.00,1968.00,0.00
51459202425114449,20151107,1968.00,1968.00,0,0,0.00,0.00,0.00,1968.00,0.00
51459202425114449,20151108,1968.00,1968.00,0,0,0.00,0.00,0.00,1968.00,0.00
51459202425114449,20151109,1968.00,1968.00,0,0,0.00,0.00,0.00,1968.00,0.00
51459202425114449,20151110,1968.00,1968.00,0,0,0.00,0.00,0.00,1968.00,0.00
51459202425114449,20151111,1968.00,1968.00,0,0,0.00,0.00,0.00,1968.00,0.00
51459202425114449,20151114,1968.00,1968.00,0,0,0.00,0.00,0.00,1968.00,0.00
51459202425114449,20151115,1968.00,1968.00,0,0,0.00,0.00,0.00,1968.00,0.00
51459202425114449,20151116,1968.00,1968.00,0,0,0.00,0.00,0.00,1968.00,0.00
51459202425114449,20151117,1968.00,1968.00,0,0,0.00,0.00,0.00,1968.00,0.00
51459202425114449,20151118,1968.00,1968.00,0,0,0.00,0.00,0.00,1968.00,0.00
51459202425114449,20151121,1968.00,1968.00,0,0,0.00,0.00,0.00,1968.00,0.00
51459202425114449,20151122,1968.00,1968.00,0,0,0.00,0.00,0.00,1968.00,0.00
51459202425114449,20151123,1968.00,1968.00,0,0,0.00,0.00,0.00,1968.00,0.00
51459202425114449,20151124,1968.00,1968.00,0,0,0.00,0.00,0.00,1968.00,0.00
51459202425114449,20151125,1968.00,1968.00,0,0,0.00,0.00,0.00,1968.00,0.00
51459202425114449,20151128,1968.00,1968.00,0,0,0.00,0.00,0.00,1968.00,0.00
51459202425114449,20151129,1968.00,1968.00,0,0,0.00,0.00,0.00,1968.00,0.00
51459202425114449,20151130,1968.00,1968.00,0,0,0.00,0.00,0.00,1968.00,0.00
51459202425114449,20151201,1968.00,1968.00,0,0,0.00,0.00,0.00,1968.00,0.00
51459202425114449,20151205,1968.00,1968.00,0,0,0.00,0.00,0.00,1968.00,0.00
51459202425114449,20151206,1968.00,1968.00,0,0,0.00,0.00,0.00,1968.00,0.00
51459202425114449,20151207,1968.00,1968.00,0,0,0.00,0.00,0.00,1968.00,0.00
51459202425114449,20151208,1968.00,1968.00,1,14340,28221120.00,1968.00,1968.00,1968.00,1968.00
51459202425114449,20151209,1968.00,1968.00,0,0,0.00,0.00,0.00,1968.00,0.00
51459202425114449,20151213,2000.00,2000.00,1,4400,8800000.00,2000.00,2000.00,1968.00,2000.00
51459202425114449,20151214,2000.00,2000.00,0,0,0.00,0.00,0.00,2000.00,0.00
51459202425114449,20151215,2000.00,2000.00,0,0,0.00,0.00,0.00,2000.00,0.00
51459202425114449,20151216,2000.00,2000.00,0,0,0.00,0.00,0.00,2000.00,0.00
51459202425114449,20151219,2000.00,2000.00,0,0,0.00,0.00,0.00,2000.00,0.00
51459202425114449,20151220,2000.00,2000.00,0,0,0.00,0.00,0.00,2000.00,0.00
51459202425114449,20151221,2000.00,2000.00,0,0,0.00,0.00,0.00,2000.00,0.00
51459202425114449,20151222,2000.00,2000.00,0,0,0.00,0.00,0.00,2000.00,0.00
51459202425114449,20151223,2000.00,2000.00,0,0,0.00,0.00,0.00,2000.00,0.00
51459202425114449,20151226,2000.00,2000.00,0,0,0.00,0.00,0.00,2000.00,0.00
51459202425114449,20151227,2000.00,2000.00,0,0,0.00,0.00,0.00,2000.00,0.00
51459202425114449,20151228,2000.00,2000.00,0,0,0.00,0.00,0.00,2000.00,0.00
51459202425114449,20151230,2000.00,2000.00,0,0,0.00,0.00,0.00,2000.00,0.00
51459202425114449,20160102,2000.00,2000.00,0,0,0.00,0.00,0.00,2000.00,0.00
51459202425114449,20160103,1790.00,1800.00,10,10717,19188600.00,1750.00,1800.00,2000.00,1750.00
51459202425114449,20160104,1790.00,1800.00,0,0,0.00,0.00,0.00,1790.00,0.00
51459202425114449,20160105,1790.00,1800.00,0,0,0.00,0.00,0.00,1790.00,0.00
51459202425114449,20160106,1790.00,1800.00,0,0,0.00,0.00,0.00,1790.00,0.00
51459202425114449,20160109,1790.00,1800.00,0,0,0.00,0.00,0.00,1790.00,0.00
51459202425114449,20160110,1790.00,1800.00,0,0,0.00,0.00,0.00,1790.00,0.00
51459202425114449,20160111,1790.00,1800.00,0,0,0.00,0.00,0.00,1790.00,0.00
51459202425114449,20160112,1790.00,1800.00,0,0,0.00,0.00,0.00,1790.00,0.00
51459202425114449,20160113,1790.00,1800.00,0,0,0.00,0.00,0.00,1790.00,0.00
51459202425114449,20160116,1790.00,1800.00,0,0,0.00,0.00,0.00,1790.00,0.00
51459202425114449,20160117,1790.00,1800.00,0,0,0.00,0.00,0.00,1790.00,0.00
51459202425114449,20160118,1795.00,1795.00,1,598,1073410.00,1795.00,1795.00,1790.00,1795.00
51459202425114449,20160119,1795.00,1795.00,0,0,0.00,0.00,0.00,1795.00,0.00
51459202425114449,20160120,1795.00,1795.00,0,0,0.00,0.00,0.00,1795.00,0.00
51459202425114449,20160123,1795.00,1795.00,0,0,0.00,0.00,0.00,1795.00,0.00
51459202425114449,20160124,1795.00,1795.00,0,0,0.00,0.00,0.00,1795.00,0.00
51459202425114449,20160125,1798.00,1800.00,4,2897,5208380.00,1795.00,1800.00,1795.00,1795.00
51459202425114449,20160126,1798.00,1800.00,0,0,0.00,0.00,0.00,1798.00,0.00
51459202425114449,20160127,1798.00,1800.00,0,0,0.00,0.00,0.00,1798.00,0.00
51459202425114449,20160130,1798.00,1800.00,0,0,0.00,0.00,0.00,1798.00,0.00
51459202425114449,20160131,1798.00,1800.00,0,0,0.00,0.00,0.00,1798.00,0.00
51459202425114449,20160201,1798.00,1800.00,0,0,0.00,0.00,0.00,1798.00,0.00
51459202425114449,20160202,1798.00,1800.00,0,0,0.00,0.00,0.00,1798.00,0.00
51459202425114449,20160203,1798.00,1800.00,0,0,0.00,0.00,0.00,1798.00,0.00
51459202425114449,20160206,1798.00,1800.00,0,0,0.00,0.00,0.00,1798.00,0.00
51459202425114449,20160207,1798.00,1800.00,0,0,0.00,0.00,0.00,1798.00,0.00
51459202425114449,20160208,1798.00,1800.00,0,0,0.00,0.00,0.00,1798.00,0.00
51459202425114449,20160209,1798.00,1800.00,0,0,0.00,0.00,0.00,1798.00,0.00
51459202425114449,20160210,1798.00,1800.00,0,0,0.00,0.00,0.00,1798.00,0.00
51459202425114449,20160213,1700.00,1700.00,5,2530,4301000.00,1700.00,1700.00,1798.00,1700.00
51459202425114449,20160214,1700.00,1700.00,3,280,476000.00,1700.00,1700.00,1700.00,1700.00
51459202425114449,20160215,1700.00,1700.00,0,0,0.00,0.00,0.00,1700.00,0.00
51459202425114449,20160216,1700.00,1700.00,0,0,0.00,0.00,0.00,1700.00,0.00
51459202425114449,20160217,1700.00,1700.00,1,41,69700.00,1700.00,1700.00,1700.00,1700.00
51459202425114449,20160220,1700.00,1700.00,0,0,0.00,0.00,0.00,1700.00,0.00
51459202425114449,20160221,1700.00,1700.00,0,0,0.00,0.00,0.00,1700.00,0.00
51459202425114449,20160222,1700.00,1700.00,0,0,0.00,0.00,0.00,1700.00,0.00
51459202425114449,20160223,1700.00,1700.00,5,20302,34511823.00,1698.00,1700.00,1700.00,1700.00
51459202425114449,20160224,1700.00,1700.00,0,0,0.00,0.00,0.00,1700.00,0.00
51459202425114449,20160227,1700.00,1700.00,0,0,0.00,0.00,0.00,1700.00,0.00
51459202425114449,20160228,1700.00,1700.00,0,0,0.00,0.00,0.00,1700.00,0.00
51459202425114449,20160229,1700.00,1700.00,0,0,0.00,0.00,0.00,1700.00,0.00
51459202425114449,20160301,1700.00,1700.00,0,0,0.00,0.00,0.00,1700.00,0.00
51459202425114449,20160302,1615.00,1615.00,1,3000,4845000.00,1615.00,1615.00,1700.00,1615.00
51459202425114449,20160305,1615.00,1615.00,0,0,0.00,0.00,0.00,1615.00,0.00
51459202425114449,20160306,1615.00,1615.00,0,0,0.00,0.00,0.00,1615.00,0.00
51459202425114449,20160307,1615.00,1615.00,0,0,0.00,0.00,0.00,1615.00,0.00
51459202425114449,20160308,1615.00,1615.00,0,0,0.00,0.00,0.00,1615.00,0.00
51459202425114449,20160309,1615.00,1615.00,0,0,0.00,0.00,0.00,1615.00,0.00
51459202425114449,20160312,1615.00,1615.00,0,0,0.00,0.00,0.00,1615.00,0.00
51459202425114449,20160314,1672.00,1700.00,7,72534,121299070.00,1600.00,1700.00,1615.00,1600.00
51459202425114449,20160315,1672.00,1700.00,0,0,0.00,0.00,0.00,1672.00,0.00
51459202425114449,20160316,1672.00,1700.00,0,0,0.00,0.00,0.00,1672.00,0.00
51459202425114449,20160326,1672.00,1700.00,0,0,0.00,0.00,0.00,1672.00,0.00
51459202425114449,20160327,1672.00,1700.00,0,0,0.00,0.00,0.00,1672.00,0.00
51459202425114449,20160328,1672.00,1700.00,0,0,0.00,0.00,0.00,1672.00,0.00
51459202425114449,20160329,1672.00,1700.00,0,0,0.00,0.00,0.00,1672.00,0.00
51459202425114449,20160330,1672.00,1700.00,0,0,0.00,0.00,0.00,1672.00,0.00
51459202425114449,20160402,1672.00,1700.00,0,0,0.00,0.00,0.00,1672.00,0.00
51459202425114449,20160403,1672.00,1700.00,0,0,0.00,0.00,0.00,1672.00,0.00
51459202425114449,20160404,1672.00,1700.00,0,0,0.00,0.00,0.00,1672.00,0.00
51459202425114449,20160405,1672.00,1700.00,0,0,0.00,0.00,0.00,1672.00,0.00
51459202425114449,20160406,1672.00,1700.00,0,0,0.00,0.00,0.00,1672.00,0.00
51459202425114449,20160409,1672.00,1700.00,0,0,0.00,0.00,0.00,1672.00,0.00
51459202425114449,20160410,1672.00,1700.00,0,0,0.00,0.00,0.00,1672.00,0.00
51459202425114449,20160411,1672.00,1700.00,0,0,0.00,0.00,0.00,1672.00,0.00
51459202425114449,20160412,1672.00,1700.00,0,0,0.00,0.00,0.00,1672.00,0.00
51459202425114449,20160413,1700.00,1700.00,1,5000,8500000.00,1700.00,1700.00,1672.00,1700.00
51459202425114449,20160416,1699.00,1699.00,1,5000,8495000.00,1699.00,1699.00,1700.00,1699.00
51459202425114449,20160417,1699.00,1699.00,0,0,0.00,0.00,0.00,1699.00,0.00
51459202425114449,20160418,1699.00,1699.00,0,0,0.00,0.00,0.00,1699.00,0.00
51459202425114449,20160419,1690.00,1650.00,2,30131,50916150.00,1650.00,1690.00,1699.00,1690.00
51459202425114449,20160420,1700.00,1700.00,2,20000,34000000.00,1700.00,1700.00,1690.00,1700.00
51459202425114449,20160423,1700.00,1700.00,0,0,0.00,0.00,0.00,1700.00,0.00
51459202425114449,20160424,1626.00,1650.00,3,3084,5013150.00,1600.00,1650.00,1700.00,1600.00
51459202425114449,20160425,1626.00,1650.00,0,0,0.00,0.00,0.00,1626.00,0.00
51459202425114449,20160426,1626.00,1650.00,0,0,0.00,0.00,0.00,1626.00,0.00
51459202425114449,20160427,1626.00,1650.00,0,0,0.00,0.00,0.00,1626.00,0.00
51459202425114449,20160430,1626.00,1650.00,0,0,0.00,0.00,0.00,1626.00,0.00
51459202425114449,20160501,1626.00,1650.00,0,0,0.00,0.00,0.00,1626.00,0.00
51459202425114449,20160502,1626.00,1650.00,0,0,0.00,0.00,0.00,1626.00,0.00
51459202425114449,20160503,1626.00,1650.00,0,0,0.00,0.00,0.00,1626.00,0.00
51459202425114449,20160504,1626.00,1650.00,0,0,0.00,0.00,0.00,1626.00,0.00
51459202425114449,20160507,1626.00,1650.00,0,0,0.00,0.00,0.00,1626.00,0.00
51459202425114449,20160508,1626.00,1650.00,0,0,0.00,0.00,0.00,1626.00,0.00
51459202425114449,20160509,1626.00,1650.00,0,0,0.00,0.00,0.00,1626.00,0.00
51459202425114449,20160510,1626.00,1650.00,0,0,0.00,0.00,0.00,1626.00,0.00
51459202425114449,20160511,1626.00,1650.00,0,0,0.00,0.00,0.00,1626.00,0.00
51459202425114449,20160514,1626.00,1650.00,0,0,0.00,0.00,0.00,1626.00,0.00
51459202425114449,20160515,1626.00,1650.00,0,0,0.00,0.00,0.00,1626.00,0.00
51459202425114449,20160516,1626.00,1650.00,0,0,0.00,0.00,0.00,1626.00,0.00
51459202425114449,20160517,1550.00,1600.00,3,4476,6936909.00,1549.00,1600.00,1626.00,1549.00
51459202425114449,20160518,1550.00,1600.00,0,0,0.00,0.00,0.00,1550.00,0.00
51459202425114449,20160521,1550.00,1600.00,0,0,0.00,0.00,0.00,1550.00,0.00
51459202425114449,20160523,1550.00,1600.00,0,0,0.00,0.00,0.00,1550.00,0.00
51459202425114449,20160524,1550.00,1600.00,0,0,0.00,0.00,0.00,1550.00,0.00
51459202425114449,20160525,1550.00,1600.00,0,0,0.00,0.00,0.00,1550.00,0.00
51459202425114449,20160528,1550.00,1600.00,0,0,0.00,0.00,0.00,1550.00,0.00
51459202425114449,20160529,1550.00,1600.00,0,0,0.00,0.00,0.00,1550.00,0.00
51459202425114449,20160530,1401.00,1404.00,2,20049,28088796.00,1401.00,1404.00,1550.00,1401.00
51459202425114449,20160531,1404.00,1404.00,1,786,1103544.00,1404.00,1404.00,1401.00,1404.00
51459202425114449,20160601,1350.00,1350.00,5,10292,13894200.00,1350.00,1350.00,1404.00,1350.00
51459202425114449,20160605,1350.00,1350.00,1,1458,1968300.00,1350.00,1350.00,1350.00,1350.00
51459202425114449,20160606,1300.00,1300.00,3,4664,6063200.00,1300.00,1300.00,1350.00,1300.00
51459202425114449,20160607,1301.00,1301.00,1,4680,6088680.00,1301.00,1301.00,1300.00,1301.00
51459202425114449,20160608,1301.00,1301.00,0,0,0.00,0.00,0.00,1301.00,0.00
51459202425114449,20160611,1321.00,1310.00,3,13255,17505490.00,1310.00,1350.00,1301.00,1350.00
51459202425114449,20160612,1320.00,1320.00,4,19000,25080000.00,1320.00,1320.00,1321.00,1320.00
51459202425114449,20160613,1320.00,1320.00,0,0,0.00,0.00,0.00,1320.00,0.00
51459202425114449,20160614,1320.00,1320.00,0,0,0.00,0.00,0.00,1320.00,0.00
51459202425114449,20160615,1320.00,1320.00,0,0,0.00,0.00,0.00,1320.00,0.00
51459202425114449,20160618,1320.00,1320.00,0,0,0.00,0.00,0.00,1320.00,0.00
51459202425114449,20160619,1320.00,1320.00,0,0,0.00,0.00,0.00,1320.00,0.00
51459202425114449,20160620,1269.00,1350.00,4,1874,2378820.00,1260.00,1350.00,1320.00,1260.00
51459202425114449,20160621,1269.00,1350.00,0,0,0.00,0.00,0.00,1269.00,0.00
51459202425114449,20160622,1269.00,1350.00,0,0,0.00,0.00,0.00,1269.00,0.00
51459202425114449,20160625,1269.00,1350.00,0,0,0.00,0.00,0.00,1269.00,0.00
51459202425114449,20160626,1273.00,1269.00,4,5034,6409152.00,1265.00,1300.00,1269.00,1300.00
51459202425114449,20160628,1273.00,1269.00,0,0,0.00,0.00,0.00,1273.00,0.00
51459202425114449,20160629,1273.00,1269.00,0,0,0.00,0.00,0.00,1273.00,0.00
51459202425114449,20160702,1273.00,1269.00,0,0,0.00,0.00,0.00,1273.00,0.00
51459202425114449,20160703,1113.00,1269.00,0,0,0.00,0.00,0.00,1113.00,0.00
51459202425114449,20160704,1113.00,1269.00,0,0,0.00,0.00,0.00,1113.00,0.00
51459202425114449,20160705,1113.00,1269.00,0,0,0.00,0.00,0.00,1113.00,0.00
51459202425114449,20160709,1113.00,1269.00,0,0,0.00,0.00,0.00,1113.00,0.00
51459202425114449,20160710,1113.00,1269.00,0,0,0.00,0.00,0.00,1113.00,0.00
51459202425114449,20160711,1113.00,1269.00,0,0,0.00,0.00,0.00,1113.00,0.00
51459202425114449,20160712,1113.00,1269.00,0,0,0.00,0.00,0.00,1113.00,0.00
51459202425114449,20160713,1113.00,1269.00,0,0,0.00,0.00,0.00,1113.00,0.00
51459202425114449,20160716,1113.00,1269.00,0,0,0.00,0.00,0.00,1113.00,0.00
51459202425114449,20160717,1113.00,1269.00,0,0,0.00,0.00,0.00,1113.00,0.00
51459202425114449,20160718,1113.00,1269.00,0,0,0.00,0.00,0.00,1113.00,0.00
51459202425114449,20160719,1113.00,1269.00,0,0,0.00,0.00,0.00,1113.00,0.00
51459202425114449,20160720,1113.00,1269.00,0,0,0.00,0.00,0.00,1113.00,0.00
51459202425114449,20160723,1113.00,1269.00,0,0,0.00,0.00,0.00,1113.00,0.00
51459202425114449,20160724,1113.00,1269.00,0,0,0.00,0.00,0.00,1113.00,0.00
51459202425114449,20160725,1113.00,1269.00,0,0,0.00,0.00,0.00,1113.00,0.00
51459202425114449,20160726,1113.00,1269.00,0,0,0.00,0.00,0.00,1113.00,0.00
51459202425114449,20160727,1113.00,1269.00,0,0,0.00,0.00,0.00,1113.00,0.00
51459202425114449,20160731,1113.00,1269.00,0,0,0.00,0.00,0.00,1113.00,0.00
51459202425114449,20160801,1113.00,1269.00,0,0,0.00,0.00,0.00,1113.00,0.00
51459202425114449,20160802,1113.00,1269.00,0,0,0.00,0.00,0.00,1113.00,0.00
51459202425114449,20160803,1113.00,1269.00,0,0,0.00,0.00,0.00,1113.00,0.00
51459202425114449,20160806,1113.00,1269.00,0,0,0.00,0.00,0.00,1113.00,0.00
51459202425114449,20160807,1113.00,1269.00,0,0,0.00,0.00,0.00,1113.00,0.00
51459202425114449,20160808,1113.00,1269.00,0,0,0.00,0.00,0.00,1113.00,0.00
51459202425114449,20160809,1113.00,1269.00,0,0,0.00,0.00,0.00,1113.00,0.00
51459202425114449,20160810,1112.00,1112.00,2,576,640322.00,1110.00,1112.00,1113.00,1110.00
51459202425114449,20160813,1112.00,1112.00,0,0,0.00,0.00,0.00,1112.00,0.00
51459202425114449,20160814,1112.00,1112.00,0,0,0.00,0.00,0.00,1112.00,0.00
51459202425114449,20160815,1112.00,1112.00,0,0,0.00,0.00,0.00,1112.00,0.00
51459202425114449,20160816,1112.00,1112.00,0,0,0.00,0.00,0.00,1112.00,0.00
51459202425114449,20160817,1112.00,1112.00,0,0,0.00,0.00,0.00,1112.00,0.00
51459202425114449,20160820,1112.00,1112.00,0,0,0.00,0.00,0.00,1112.00,0.00
51459202425114449,20160821,1112.00,1112.00,0,0,0.00,0.00,0.00,1112.00,0.00
51459202425114449,20160822,1100.00,1100.00,1,13129,14441900.00,1100.00,1100.00,1112.00,1100.00
51459202425114449,20160823,1100.00,1100.00,0,0,0.00,0.00,0.00,1100.00,0.00
51459202425114449,20160824,1100.00,1100.00,0,0,0.00,0.00,0.00,1100.00,0.00
51459202425114449,20160827,1100.00,1100.00,0,0,0.00,0.00,0.00,1100.00,0.00
51459202425114449,20160828,1100.00,1100.00,0,0,0.00,0.00,0.00,1100.00,0.00
51459202425114449,20160829,1100.00,1100.00,0,0,0.00,0.00,0.00,1100.00,0.00
51459202425114449,20160830,1100.00,1100.00,0,0,0.00,0.00,0.00,1100.00,0.00
51459202425114449,20160831,1100.00,1100.00,1,162,178200.00,1100.00,1100.00,1100.00,1100.00
51459202425114449,20160903,1100.00,1100.00,0,0,0.00,0.00,0.00,1100.00,0.00
51459202425114449,20160904,1100.00,1100.00,0,0,0.00,0.00,0.00,1100.00,0.00
51459202425114449,20160905,1100.00,1100.00,0,0,0.00,0.00,0.00,1100.00,0.00
51459202425114449,20160906,1100.00,1100.00,0,0,0.00,0.00,0.00,1100.00,0.00
51459202425114449,20160907,1100.00,1100.00,0,0,0.00,0.00,0.00,1100.00,0.00
51459202425114449,20160910,1100.00,1100.00,0,0,0.00,0.00,0.00,1100.00,0.00
51459202425114449,20160911,1100.00,1100.00,2,698,767800.00,1100.00,1100.00,1100.00,1100.00
51459202425114449,20160913,1100.00,1100.00,0,0,0.00,0.00,0.00,1100.00,0.00
51459202425114449,20160914,1100.00,1100.00,0,0,0.00,0.00,0.00,1100.00,0.00
51459202425114449,20160917,1100.00,1100.00,0,0,0.00,0.00,0.00,1100.00,0.00
51459202425114449,20160918,1100.00,1100.00,0,0,0.00,0.00,0.00,1100.00,0.00
51459202425114449,20160919,1101.00,1101.00,1,294,323694.00,1101.00,1101.00,1100.00,1101.00
51459202425114449,20160921,1101.00,1101.00,0,0,0.00,0.00,0.00,1101.00,0.00
51459202425114449,20160924,1111.00,1111.00,1,131,145541.00,1111.00,1111.00,1101.00,1111.00
51459202425114449,20160925,1111.00,1111.00,1,97,107767.00,1111.00,1111.00,1111.00,1111.00
51459202425114449,20160926,1111.00,1110.00,2,1629,1809668.00,1110.00,1111.00,1111.00,1111.00
51459202425114449,20160927,1115.00,1115.00,1,162,180630.00,1115.00,1115.00,1111.00,1115.00
51459202425114449,20160928,1115.00,1115.00,0,0,0.00,0.00,0.00,1115.00,0.00
51459202425114449,20161001,1115.00,1115.00,0,0,0.00,0.00,0.00,1115.00,0.00
51459202425114449,20161002,1115.00,1115.00,0,0,0.00,0.00,0.00,1115.00,0.00
51459202425114449,20161003,1115.00,1115.00,0,0,0.00,0.00,0.00,1115.00,0.00
51459202425114449,20161004,1115.00,1115.00,0,0,0.00,0.00,0.00,1115.00,0.00
51459202425114449,20161005,1115.00,1115.00,0,0,0.00,0.00,0.00,1115.00,0.00
51459202425114449,20161008,1131.00,1131.00,1,172,194532.00,1131.00,1131.00,1115.00,1131.00
51459202425114449,20161009,1131.00,1131.00,0,0,0.00,0.00,0.00,1131.00,0.00
51459202425114449,20161010,1131.00,1131.00,0,0,0.00,0.00,0.00,1131.00,0.00
51459202425114449,20161012,1131.00,1131.00,0,0,0.00,0.00,0.00,1131.00,0.00
51459202425114449,20161015,1131.00,1131.00,0,0,0.00,0.00,0.00,1131.00,0.00
51459202425114449,20161016,1131.00,1131.00,0,0,0.00,0.00,0.00,1131.00,0.00
51459202425114449,20161017,1384.00,1390.00,6,75135,104003757.00,1143.00,1390.00,1131.00,1143.00
51459202425114449,20161018,1390.00,1390.00,1,184,255760.00,1390.00,1390.00,1384.00,1390.00
51459202425114449,20161019,1390.00,1390.00,0,0,0.00,0.00,0.00,1390.00,0.00
51459202425114449,20161022,1390.00,1390.00,0,0,0.00,0.00,0.00,1390.00,0.00
51459202425114449,20161023,1390.00,1390.00,0,0,0.00,0.00,0.00,1390.00,0.00
51459202425114449,20161024,1390.00,1390.00,0,0,0.00,0.00,0.00,1390.00,0.00
51459202425114449,20161025,1390.00,1390.00,0,0,0.00,0.00,0.00,1390.00,0.00
51459202425114449,20161026,1390.00,1390.00,0,0,0.00,0.00,0.00,1390.00,0.00
51459202425114449,20161027,1390.00,1390.00,0,0,0.00,0.00,0.00,1390.00,0.00
51459202425114449,20161028,1390.00,1390.00,0,0,0.00,0.00,0.00,1390.00,0.00
51459202425114449,20161029,1390.00,1390.00,0,0,0.00,0.00,0.00,1390.00,0.00
51459202425114449,20161030,1390.00,1390.00,0,0,0.00,0.00,0.00,1390.00,0.00
51459202425114449,20161031,1390.00,1390.00,0,0,0.00,0.00,0.00,1390.00,0.00
51459202425114449,20161101,1390.00,1390.00,0,0,0.00,0.00,0.00,1390.00,0.00
51459202425114449,20161102,1390.00,1390.00,0,0,0.00,0.00,0.00,1390.00,0.00
51459202425114449,20161105,1390.00,1390.00,0,0,0.00,0.00,0.00,1390.00,0.00
51459202425114449,20161106,1390.00,1390.00,0,0,0.00,0.00,0.00,1390.00,0.00
51459202425114449,20161107,1390.00,1390.00,0,0,0.00,0.00,0.00,1390.00,0.00
51459202425114449,20161108,1390.00,1390.00,0,0,0.00,0.00,0.00,1390.00,0.00
51459202425114449,20161109,1390.00,1390.00,0,0,0.00,0.00,0.00,1390.00,0.00
51459202425114449,20161112,1390.00,1390.00,0,0,0.00,0.00,0.00,1390.00,0.00
51459202425114449,20161113,1390.00,1390.00,0,0,0.00,0.00,0.00,1390.00,0.00
51459202425114449,20161114,1131.00,1130.00,5,36146,40893752.00,1130.00,1160.00,1390.00,1137.00
51459202425114449,20161115,1131.00,1130.00,0,0,0.00,0.00,0.00,1131.00,0.00
51459202425114449,20161116,1131.00,1130.00,0,0,0.00,0.00,0.00,1131.00,0.00
51459202425114449,20161119,1150.00,1150.00,2,1202,1382195.00,1145.00,1150.00,1131.00,1145.00
51459202425114449,20161121,1150.00,1150.00,0,0,0.00,0.00,0.00,1150.00,0.00
51459202425114449,20161122,1150.00,1150.00,0,0,0.00,0.00,0.00,1150.00,0.00
51459202425114449,20161123,1150.00,1150.00,0,0,0.00,0.00,0.00,1150.00,0.00
51459202425114449,20161126,1150.00,1150.00,0,0,0.00,0.00,0.00,1150.00,0.00
51459202425114449,20161127,1150.00,1150.00,0,0,0.00,0.00,0.00,1150.00,0.00
51459202425114449,20161129,1161.00,1160.00,2,75135,87206600.00,1160.00,1161.00,1150.00,1161.00
51459202425114449,20161203,1161.00,1160.00,0,0,0.00,0.00,0.00,1161.00,0.00
51459202425114449,20161204,1161.00,1160.00,0,0,0.00,0.00,0.00,1161.00,0.00
51459202425114449,20161205,1160.00,1161.00,2,397,460548.00,1160.00,1161.00,1161.00,1160.00
51459202425114449,20161206,1160.00,1160.00,1,1600,1856000.00,1160.00,1160.00,1160.00,1160.00
51459202425114449,20161207,1160.00,1160.00,0,0,0.00,0.00,0.00,1160.00,0.00
51459202425114449,20161210,1160.00,1160.00,0,0,0.00,0.00,0.00,1160.00,0.00
51459202425114449,20161211,1160.00,1160.00,0,0,0.00,0.00,0.00,1160.00,0.00
51459202425114449,20161212,1161.00,1161.00,1,350,406350.00,1161.00,1161.00,1160.00,1161.00
51459202425114449,20161213,1161.00,1161.00,0,0,0.00,0.00,0.00,1161.00,0.00
51459202425114449,20161214,1161.00,1161.00,0,0,0.00,0.00,0.00,1161.00,0.00
51459202425114449,20161218,1152.00,1152.00,1,5000,5760000.00,1152.00,1152.00,1161.00,1152.00
51459202425114449,20161219,1152.00,1152.00,0,0,0.00,0.00,0.00,1152.00,0.00
51459202425114449,20161220,1162.00,1161.00,3,774,899038.00,1161.00,1162.00,1152.00,1162.00
51459202425114449,20161221,1162.00,1161.00,0,0,0.00,0.00,0.00,1162.00,0.00
51459202425114449,20161224,1161.00,1161.00,1,568,659448.00,1161.00,1161.00,1162.00,1161.00
51459202425114449,20161225,1162.00,1161.00,3,6696,7782094.00,1161.00,1163.00,1161.00,1163.00
51459202425114449,20161226,1162.00,1161.00,0,0,0.00,0.00,0.00,1162.00,0.00
51459202425114449,20161227,1158.00,1160.00,2,6500,7528000.00,1152.00,1160.00,1162.00,1152.00
51459202425114449,20161228,1153.00,1152.00,7,48063,55407461.00,1152.00,1161.00,1158.00,1152.00
51459202425114449,20161231,1152.00,1152.00,2,8985,10350720.00,1152.00,1152.00,1153.00,1152.00
51459202425114449,20170101,1152.00,1152.00,0,0,0.00,0.00,0.00,1152.00,0.00
51459202425114449,20170102,1152.00,1152.00,2,830,956160.00,1152.00,1152.00,1152.00,1152.00
51459202425114449,20170103,1152.00,1152.00,0,0,0.00,0.00,0.00,1152.00,0.00
51459202425114449,20170104,1146.00,1152.00,3,5644,6469030.00,1145.00,1152.00,1152.00,1145.00
51459202425114449,20170107,1146.00,1152.00,0,0,0.00,0.00,0.00,1146.00,0.00
51459202425114449,20170108,1146.00,1152.00,0,0,0.00,0.00,0.00,1146.00,0.00
51459202425114449,20170109,1134.00,1110.00,6,68747,77949072.00,1110.00,1160.00,1146.00,1160.00
51459202425114449,20170111,1134.00,1110.00,0,0,0.00,0.00,0.00,1134.00,0.00
51459202425114449,20170114,1134.00,1110.00,0,0,0.00,0.00,0.00,1134.00,0.00
51459202425114449,20170115,1127.00,1127.00,1,590,664930.00,1127.00,1127.00,1134.00,1127.00
51459202425114449,20170116,1127.00,1127.00,0,0,0.00,0.00,0.00,1127.00,0.00
51459202425114449,20170117,1127.00,1127.00,0,0,0.00,0.00,0.00,1127.00,0.00
51459202425114449,20170118,1127.00,1127.00,0,0,0.00,0.00,0.00,1127.00,0.00
51459202425114449,20170121,1127.00,1127.00,2,591,666163.00,1127.00,1128.00,1127.00,1128.00
51459202425114449,20170122,1121.00,1110.00,6,6571,7365380.00,1110.00,1127.00,1127.00,1127.00
51459202425114449,20170123,1121.00,1110.00,0,0,0.00,0.00,0.00,1121.00,0.00
51459202425114449,20170124,1121.00,1110.00,0,0,0.00,0.00,0.00,1121.00,0.00
51459202425114449,20170125,1111.00,1111.00,1,191,212201.00,1111.00,1111.00,1121.00,1111.00
51459202425114449,20170128,1111.00,1111.00,0,0,0.00,0.00,0.00,1111.00,0.00
51459202425114449,20170129,1111.00,1111.00,0,0,0.00,0.00,0.00,1111.00,0.00
51459202425114449,20170130,1111.00,1111.00,0,0,0.00,0.00,0.00,1111.00,0.00
51459202425114449,20170131,1108.00,1100.00,4,11494,12732745.00,1100.00,1111.00,1111.00,1111.00
51459202425114449,20170201,1108.00,1100.00,0,0,0.00,0.00,0.00,1108.00,0.00
51459202425114449,20170204,1108.00,1100.00,0,0,0.00,0.00,0.00,1108.00,0.00
51459202425114449,20170205,910.00,1110.00,5,53494,48690162.00,900.00,1110.00,1108.00,1110.00
51459202425114449,20170206,910.00,1110.00,0,0,0.00,0.00,0.00,910.00,0.00
51459202425114449,20170207,910.00,1110.00,0,0,0.00,0.00,0.00,910.00,0.00
51459202425114449,20170208,910.00,1110.00,0,0,0.00,0.00,0.00,910.00,0.00
51459202425114449,20170211,910.00,1110.00,0,0,0.00,0.00,0.00,910.00,0.00
51459202425114449,20170212,931.00,931.00,3,786,731766.00,931.00,931.00,910.00,931.00
51459202425114449,20170213,931.00,931.00,0,0,0.00,0.00,0.00,931.00,0.00
51459202425114449,20170214,931.00,931.00,0,0,0.00,0.00,0.00,931.00,0.00
51459202425114449,20170215,931.00,931.00,0,0,0.00,0.00,0.00,931.00,0.00
51459202425114449,20170218,931.00,931.00,0,0,0.00,0.00,0.00,931.00,0.00
51459202425114449,20170219,931.00,931.00,0,0,0.00,0.00,0.00,931.00,0.00
51459202425114449,20170220,931.00,931.00,0,0,0.00,0.00,0.00,931.00,0.00
51459202425114449,20170221,936.00,936.00,1,53,49608.00,936.00,936.00,931.00,936.00
51459202425114449,20170222,936.00,936.00,0,0,0.00,0.00,0.00,936.00,0.00
51459202425114449,20170225,941.00,941.00,2,196,184436.00,941.00,941.00,936.00,941.00
51459202425114449,20170226,941.00,941.00,0,0,0.00,0.00,0.00,941.00,0.00
51459202425114449,20170227,941.00,941.00,0,0,0.00,0.00,0.00,941.00,0.00
51459202425114449,20170228,947.00,947.00,1,131,124057.00,947.00,947.00,941.00,947.00
51459202425114449,20170301,1000.00,1000.00,3,17100,17100000.00,1000.00,1000.00,947.00,1000.00
51459202425114449,20170304,1000.00,1000.00,0,0,0.00,0.00,0.00,1000.00,0.00
51459202425114449,20170305,1000.00,1000.00,0,0,0.00,0.00,0.00,1000.00,0.00
51459202425114449,20170306,1000.00,1000.00,0,0,0.00,0.00,0.00,1000.00,0.00
51459202425114449,20170307,1000.00,1000.00,0,0,0.00,0.00,0.00,1000.00,0.00
51459202425114449,20170308,1000.00,1000.00,0,0,0.00,0.00,0.00,1000.00,0.00
51459202425114449,20170311,1000.00,1000.00,0,0,0.00,0.00,0.00,1000.00,0.00
51459202425114449,20170312,1000.00,1000.00,0,0,0.00,0.00,0.00,1000.00,0.00
51459202425114449,20170313,1100.00,1100.00,4,32092,35301200.00,1100.00,1100.00,1000.00,1100.00
51459202425114449,20170314,1207.00,1210.00,33,105130,126914932.00,1010.00,1210.00,1100.00,1010.00
51459202425114449,20170315,1239.00,1318.00,20,44463,55100800.00,1210.00,1326.00,1207.00,1326.00
51459202425114449,20170318,1153.00,1200.00,12,25900,29869321.00,1118.00,1349.00,1239.00,1349.00
51459202425114449,20170325,1239.00,1268.00,38,115490,143146606.00,1090.00,1268.00,1153.00,1090.00
51459202425114449,20170326,1360.00,1362.00,14,36774,50003020.00,1180.00,1362.00,1239.00,1180.00
51459202425114449,20170327,1486.00,1496.00,12,61619,91535967.00,1254.00,1496.00,1360.00,1254.00
51459202425114449,20170328,1634.00,1634.00,7,23836,38948024.00,1634.00,1634.00,1486.00,1634.00
51459202425114449,20170329,1774.00,1797.00,59,218768,388100972.00,1500.00,1797.00,1634.00,1797.00
51459202425114449,20170403,1857.00,1800.00,5,5816,10801060.00,1635.00,1899.00,1774.00,1899.00
51459202425114449,20170404,1763.00,1800.00,33,98930,174448098.00,1700.00,1949.00,1857.00,1949.00
51459202425114449,20170405,1640.00,1600.00,18,31807,52149200.00,1600.00,1900.00,1763.00,1800.00
51459202425114449,20170408,1669.00,1598.00,20,46378,77397314.00,1477.00,1801.00,1640.00,1801.00
51459202425114449,20170409,1533.00,1503.00,67,219563,336615421.00,1503.00,1600.00,1669.00,1598.00
51459202425114449,20170410,1604.00,1686.00,37,210825,338266042.00,1405.00,1686.00,1533.00,1405.00
51459202425114449,20170412,1759.00,1764.00,36,113949,200393079.00,1670.00,1764.00,1604.00,1686.00
51459202425114449,20170415,1928.00,1934.00,46,457712,882656037.00,1800.00,1934.00,1759.00,1800.00
51459202425114449,20170416,1881.00,1930.00,24,111153,209106467.00,1831.00,2000.00,1928.00,2000.00
51459202425114449,20170417,1913.00,1720.00,28,195044,373212490.00,1708.00,2020.00,1881.00,1897.00
51459202425114449,20170418,1744.00,1730.00,16,20745,36221590.00,1723.00,1888.00,1913.00,1723.00
51459202425114449,20170419,1808.00,1760.00,66,280228,506628284.00,1572.00,1900.00,1744.00,1728.00
51459202425114449,20170422,1711.00,1800.00,62,411668,704302625.00,1655.00,1800.00,1808.00,1700.00
51459202425114449,20170423,1780.00,1668.00,52,295272,525475102.00,1620.00,1882.00,1711.00,1795.00
51459202425114449,20170424,1658.00,1720.00,37,223869,371275126.00,1602.00,1728.00,1780.00,1630.00
51459202425114449,20170426,1737.00,1800.00,27,114262,198525489.00,1600.00,1800.00,1658.00,1600.00
51459202425114449,20170429,1610.00,1650.00,28,172692,278096538.00,1601.00,1650.00,1737.00,1606.00
51459202425114449,20170430,1771.00,1771.00,118,1186161,2100649631.00,1730.00,1771.00,1610.00,1771.00
51459202425114449,20170501,1946.00,1948.00,245,4255613,8282733058.00,1780.00,1948.00,1771.00,1780.00
51459202425114449,20170502,2140.00,2140.00,15,43026,92075640.00,2140.00,2140.00,1946.00,2140.00
51459202425114449,20170503,2339.00,2354.00,264,2572105,6015020691.00,2177.00,2354.00,2140.00,2354.00
51459202425114449,20170506,2278.00,2199.00,106,661642,1507505458.00,2170.00,2470.00,2339.00,2340.00
51459202425114449,20170507,2374.00,2505.00,278,1937111,4598836655.00,2051.00,2505.00,2278.00,2122.00
51459202425114449,20170508,2610.00,2611.00,93,561162,1464712557.00,2600.00,2611.00,2374.00,2611.00
51459202425114449,20170509,2837.00,2871.00,409,2763722,7839380015.00,2610.00,2871.00,2610.00,2871.00
51459202425114449,20170510,3108.00,3120.00,61,498176,1548436896.00,3000.00,3120.00,2837.00,3110.00
51459202425114449,20170513,3418.00,3418.00,23,155810,532558580.00,3418.00,3418.00,3108.00,3418.00
51459202425114449,20170514,3759.00,3759.00,33,266488,1001728392.00,3759.00,3759.00,3418.00,3759.00
51459202425114449,20170515,4087.00,4134.00,525,3695730,15104282764.00,3701.00,4134.00,3759.00,4129.00
51459202425114449,20170516,3749.00,3700.00,429,2510434,9412072608.00,3679.00,4099.00,4087.00,4099.00
51459202425114449,20170517,3411.00,3375.00,267,1160381,3958265137.00,3375.00,3698.00,3749.00,3375.00
51459202425114449,20170520,3463.00,3610.00,192,764757,2648487004.00,3112.00,3639.00,3411.00,3310.00
51459202425114449,20170521,3778.00,3809.00,182,1173847,4434909740.00,3640.00,3809.00,3463.00,3660.00
51459202425114449,20170522,4130.00,4155.00,359,2516104,10390749197.00,3999.00,4155.00,3778.00,4000.00
51459202425114449,20170523,4543.00,4543.00,80,754872,3429383496.00,4543.00,4543.00,4130.00,4543.00
51459202425114449,20170524,4873.00,4997.00,528,2505718,12211222333.00,4600.00,4997.00,4543.00,4858.00
51459202425114449,20170527,5246.00,5360.00,466,1759349,9230323645.00,4900.00,5360.00,4873.00,5347.00
51459202425114449,20170528,4780.00,4722.00,415,2136859,10214039208.00,4722.00,5650.00,5246.00,5001.00
51459202425114449,20170529,4427.00,4302.00,266,1506002,6667381389.00,4302.00,4720.00,4780.00,4650.00
51459202425114449,20170530,4168.00,4100.00,514,1931349,8049635145.00,4020.00,4478.00,4427.00,4250.00
51459202425114449,20170531,4254.00,4232.00,308,1314654,5592362669.00,4020.00,4499.00,4168.00,4167.00
51459202425114449,20170603,4164.00,3860.00,213,933508,3886908887.00,3860.00,4443.00,4254.00,4301.00
51459202425114449,20170606,3867.00,3880.00,218,766679,2964945032.00,3800.00,4057.00,4164.00,3860.00
51459202425114449,20170607,4062.00,3880.00,304,1231195,5001304704.00,3511.00,4247.00,3867.00,4000.00
51459202425114449,20170610,3918.00,3850.00,170,556399,2179820298.00,3707.00,4110.00,4062.00,4109.00
51459202425114449,20170611,3607.00,3527.00,271,987383,3561843551.00,3527.00,4000.00,3918.00,3900.00
51459202425114449,20170612,3671.00,3744.00,183,568287,2086124181.00,3309.00,3849.00,3607.00,3520.00
51459202425114449,20170613,3604.00,3679.00,92,209442,754791929.00,3524.00,3789.00,3671.00,3620.00
51459202425114449,20170614,3619.00,3619.00,117,463612,1677893008.00,3499.00,3748.00,3604.00,3694.00
51459202425114449,20170617,3420.00,3300.00,133,480161,1641944309.00,3300.00,3722.00,3619.00,3536.00
51459202425114449,20170618,3255.00,3230.00,90,216398,704474907.00,3115.00,3450.00,3420.00,3450.00
51459202425114449,20170619,3389.00,3580.00,328,958481,3247837432.00,3040.00,3580.00,3255.00,3040.00
51459202425114449,20170620,3620.00,3642.00,218,955336,3458396708.00,3470.00,3720.00,3389.00,3720.00
51459202425114449,20170621,3600.00,3550.00,125,502846,1810000292.00,3378.00,3720.00,3620.00,3378.00
51459202425114449,20170624,3344.00,3340.00,221,818326,2736455481.00,3240.00,3690.00,3600.00,3600.00
51459202425114449,20170625,3176.00,3178.00,169,445479,1415043203.00,3090.00,3340.00,3344.00,3340.00
51459202425114449,20170628,3212.00,3212.00,129,436035,1400417729.00,3155.00,3388.00,3176.00,3160.00
51459202425114449,20170701,3304.00,3260.00,184,428538,1416086674.00,3160.00,3455.00,3212.00,3160.00
51459202425114449,20170702,3218.00,3200.00,76,218589,703368259.00,3192.00,3337.00,3304.00,3193.00
51459202425114449,20170703,3162.00,3210.00,170,671713,2124005413.00,3011.00,3220.00,3218.00,3011.00
51459202425114449,20170704,3032.00,3028.00,180,557101,1688918399.00,2900.00,3187.00,3162.00,3100.00
51459202425114449,20170705,2963.00,2950.00,107,285367,845679000.00,2900.00,3091.00,3032.00,3091.00
51459202425114449,20170708,2963.00,2950.00,0,0,0.00,0.00,0.00,2963.00,0.00
51459202425114449,20170709,2963.00,2950.00,0,0,0.00,0.00,0.00,2963.00,0.00
51459202425114449,20170710,2963.00,2950.00,0,0,0.00,0.00,0.00,2963.00,0.00
51459202425114449,20170711,2963.00,2950.00,0,0,0.00,0.00,0.00,2963.00,0.00
51459202425114449,20170712,2963.00,2950.00,0,0,0.00,0.00,0.00,2963.00,0.00
51459202425114449,20170715,2963.00,2950.00,0,0,0.00,0.00,0.00,2963.00,0.00
51459202425114449,20170716,2963.00,2950.00,0,0,0.00,0.00,0.00,2963.00,0.00
51459202425114449,20170717,2963.00,2950.00,0,0,0.00,0.00,0.00,2963.00,0.00
51459202425114449,20170718,3102.00,3102.00,8,38730,120140460.00,3102.00,3102.00,2863.00,3102.00
51459202425114449,20170719,3354.00,3412.00,102,362424,1215674037.00,3222.00,3412.00,3102.00,3233.00
51459202425114449,20170722,3689.00,3689.00,107,542168,2000022305.00,3687.00,3689.00,3354.00,3689.00
51459202425114449,20170723,4057.00,4057.00,44,150733,611523781.00,4057.00,4057.00,3689.00,4057.00
51459202425114449,20170724,4462.00,4462.00,23,65879,293952098.00,4462.00,4462.00,4057.00,4462.00
51459202425114449,20170725,4282.00,4016.00,924,3934712,16850228064.00,4016.00,4908.00,4462.00,4908.00
51459202425114449,20170726,3892.00,3854.00,394,1205992,4693396604.00,3854.00,4100.00,4282.00,3900.00
51459202425114449,20170729,3942.00,3900.00,487,1193748,4706328446.00,3556.00,4111.00,3892.00,3559.00
51459202425114449,20170730,3768.00,3760.00,152,396208,1492846975.00,3661.00,4050.00,3942.00,4050.00
51459202425114449,20170731,3982.00,3811.00,331,1754982,6988455326.00,3652.00,4144.00,3768.00,3652.00
51459202425114449,20170801,4365.00,4380.00,424,1996713,8715795472.00,4080.00,4380.00,3982.00,4080.00
51459202425114449,20170802,4772.00,4801.00,568,2334584,11139663908.00,4460.00,4801.00,4365.00,4790.00
51459202425114449,20170806,5072.00,4914.00,745,3028660,15360288678.00,4831.00,5249.00,4772.00,5249.00
51459202425114449,20170807,4628.00,4565.00,424,1308041,6053218959.00,4565.00,4950.00,5072.00,4899.00
51459202425114449,20170808,4195.00,4166.00,332,1073573,4503927766.00,4166.00,4400.00,4628.00,4250.00
51459202425114449,20170809,4324.00,4201.00,401,1372226,5933532352.00,4011.00,4555.00,4195.00,4081.00
51459202425114449,20170812,4410.00,4322.00,185,591644,2608963863.00,4152.00,4530.00,4324.00,4388.00
51459202425114449,20170813,4447.00,4447.00,186,509158,2264285714.00,4252.00,4600.00,4410.00,4400.00
51459202425114449,20170814,4518.00,4404.00,124,242423,1095169067.00,4371.00,4700.00,4447.00,4548.00
51459202425114449,20170815,4146.00,4179.00,208,572090,2371871811.00,4067.00,4400.00,4518.00,4300.00
51459202425114449,20170816,4149.00,4121.00,57,112332,466116272.00,4085.00,4230.00,4146.00,4085.00
51459202425114449,20170819,4056.00,3865.00,97,174283,706951830.00,3865.00,4200.00,4149.00,4200.00
51459202425114449,20170820,4164.00,4070.00,208,630138,2623758606.00,3912.00,4380.00,4056.00,4099.00
51459202425114449,20170821,4410.00,4496.00,278,692474,3053793244.00,4054.00,4496.00,4164.00,4264.00
51459202425114449,20170822,4376.00,4300.00,93,253275,1108296609.00,4300.00,4500.00,4410.00,4500.00
51459202425114449,20170823,4191.00,4210.00,139,257989,1081186079.00,4103.00,4400.00,4376.00,4400.00
51459202425114449,20170826,4118.00,4115.00,136,296931,1222653968.00,4080.00,4300.00,4191.00,4100.00
51459202425114449,20170827,4463.00,4335.00,503,1245154,5557085781.00,4110.00,4529.00,4118.00,4110.00
51459202425114449,20170828,4251.00,4216.00,151,342770,1457062325.00,4202.00,4460.00,4463.00,4222.00
51459202425114449,20170829,4421.00,4350.00,222,485794,2147613224.00,4200.00,4585.00,4251.00,4200.00
51459202425114449,20170830,4326.00,4260.00,132,294165,1272540253.00,4251.00,4517.00,4421.00,4333.00
51459202425114449,20170902,4371.00,4260.00,124,296398,1295689779.00,4260.00,4490.00,4326.00,4260.00
51459202425114449,20170903,4177.00,4200.00,109,232651,971768341.00,4100.00,4385.00,4371.00,4201.00
51459202425114449,20170904,3987.00,3960.00,244,735656,2932916372.00,3800.00,4296.00,4177.00,4101.00
51459202425114449,20170905,4061.00,4070.00,203,508348,2064401154.00,3904.00,4187.00,3987.00,3910.00
51459202425114449,20170906,3993.00,4015.00,64,102591,409634352.00,3961.00,4080.00,4061.00,3961.00
51459202425114449,20170910,3867.00,3836.00,101,202004,781099340.00,3810.00,3961.00,3993.00,3961.00
51459202425114449,20170911,3678.00,3690.00,122,246272,905800828.00,3632.00,3937.00,3867.00,3810.00
51459202425114449,20170912,3512.00,3492.00,177,360921,1267558799.00,3450.00,3620.00,3678.00,3620.00
51459202425114449,20170913,3757.00,3863.00,234,612283,2300449763.00,3450.00,3863.00,3512.00,3453.00
51459202425114449,20170916,3804.00,3830.00,44,44679,169967077.00,3765.00,3900.00,3757.00,3880.00
51459202425114449,20170917,3887.00,3870.00,131,312768,1215695342.00,3651.00,4099.00,3804.00,3651.00
51459202425114449,20170918,3881.00,3857.00,54,121538,471664521.00,3800.00,4000.00,3887.00,3800.00
51459202425114449,20170919,3646.00,3600.00,203,472395,1722418636.00,3600.00,3870.00,3881.00,3870.00
51459202425114449,20170920,3603.00,3560.00,92,302948,1091442809.00,3550.00,3778.00,3646.00,3550.00
51459202425114449,20170923,3644.00,3601.00,62,80352,292790092.00,3600.00,3743.00,3603.00,3600.00
51459202425114449,20170924,3574.00,3542.00,91,96635,345344783.00,3503.00,3700.00,3644.00,3700.00
51459202425114449,20170925,3522.00,3510.00,55,96061,338328945.00,3503.00,3666.00,3574.00,3503.00
51459202425114449,20170926,3545.00,3503.00,108,275942,978091349.00,3490.00,3667.00,3522.00,3511.00
51459202425114449,20170927,3582.00,3630.00,102,303654,1087813973.00,3455.00,3655.00,3545.00,3531.00
51459202425114449,20171002,3586.00,3522.00,72,152888,548220277.00,3510.00,3700.00,3582.00,3649.00
51459202425114449,20171003,3513.00,3509.00,33,74439,261484760.00,3506.00,3612.00,3586.00,3612.00
51459202425114449,20171004,3464.00,3460.00,41,127561,441888581.00,3401.00,3589.00,3513.00,3500.00
51459202425114449,20171007,3413.00,3372.00,54,116952,399194916.00,3350.00,3600.00,3464.00,3461.00
51459202425114449,20171008,3102.00,3072.00,186,592719,1838719333.00,3072.00,3300.00,3413.00,3202.00
51459202425114449,20171009,3121.00,3065.00,69,139598,435619531.00,3000.00,3200.00,3102.00,3100.00
51459202425114449,20171010,3200.00,3397.00,153,367557,1176050811.00,2943.00,3398.00,3121.00,3000.00
51459202425114449,20171011,3470.00,3520.00,241,717580,2490126482.00,3271.00,3520.00,3200.00,3400.00
51459202425114449,20171014,3677.00,3700.00,255,921078,3386776326.00,3326.00,3800.00,3470.00,3699.00
51459202425114449,20171015,3610.00,3598.00,125,261210,942994602.00,3522.00,3725.00,3677.00,3600.00
51459202425114449,20171016,3565.00,3597.00,153,265396,946164831.00,3336.00,3795.00,3610.00,3502.00
51459202425114449,20171017,3589.00,3500.00,86,166732,598374041.00,3380.00,3735.00,3565.00,3380.00
51459202425114449,20171018,3675.00,3639.00,140,261927,962493914.00,3400.00,3749.00,3589.00,3500.00
51459202425114449,20171021,3787.00,3800.00,327,856926,3245074097.00,3520.00,3971.00,3675.00,3520.00
51459202425114449,20171022,3746.00,3643.00,127,238147,892090359.00,3641.00,3850.00,3787.00,3720.00
51459202425114449,20171023,3671.00,3720.00,104,116740,428509004.00,3524.00,3800.00,3746.00,3524.00
51459202425114449,20171024,3541.00,3530.00,104,183896,651110934.00,3310.00,3730.00,3671.00,3621.00
51459202425114449,20171025,3679.00,3620.00,145,354222,1303100454.00,3400.00,3747.00,3541.00,3400.00
51459202425114449,20171028,3572.00,3598.00,83,239987,857118644.00,3550.00,3788.00,3679.00,3788.00
51459202425114449,20171029,3601.00,3583.00,130,245525,884220842.00,3530.00,3700.00,3572.00,3560.00
51459202425114449,20171030,3902.00,3961.00,534,1951448,7613653245.00,3608.00,3961.00,3601.00,3680.00
51459202425114449,20171031,4027.00,3900.00,375,1000438,4029232068.00,3900.00,4188.00,3902.00,4001.00
51459202425114449,20171101,3764.00,3650.00,251,573160,2157513922.00,3650.00,4000.00,4027.00,3940.00
51459202425114449,20171104,3810.00,3830.00,201,714436,2722076020.00,3651.00,3950.00,3764.00,3662.00
51459202425114449,20171105,4117.00,4191.00,347,1700599,7001852542.00,3789.00,4191.00,3810.00,3800.00
51459202425114449,20171106,4219.00,4018.00,448,876829,3699032628.00,4016.00,4490.00,4117.00,4298.00
51459202425114449,20171107,4173.00,4191.00,398,1063215,4437103925.00,3900.00,4320.00,4219.00,4002.00
51459202425114449,20171108,4233.00,4160.00,209,562507,2381001390.00,4115.00,4300.00,4173.00,4140.00
51459202425114449,20171111,4077.00,4080.00,230,520082,2120367073.00,3950.00,4290.00,4233.00,4290.00
51459202425114449,20171112,3888.00,3886.00,144,449729,1748613471.00,3822.00,4060.00,4077.00,3911.00
51459202425114449,20171113,3813.00,3811.00,95,182193,694766982.00,3761.00,3890.00,3888.00,3860.00
51459202425114449,20171114,3869.00,3850.00,64,112873,436735197.00,3799.00,3930.00,3813.00,3801.00
51459202425114449,20171115,3861.00,3801.00,55,82604,318951180.00,3801.00,3978.00,3869.00,3918.00
51459202425114449,20171118,3916.00,3845.00,89,87311,341921768.00,3799.00,3999.00,3861.00,3800.00
51459202425114449,20171120,3809.00,3800.00,58,96587,367905246.00,3800.00,3900.00,3916.00,3830.00
51459202425114449,20171121,3741.00,3710.00,91,235658,881616745.00,3700.00,3895.00,3809.00,3789.00
51459202425114449,20171122,3754.00,3720.00,70,163217,612685530.00,3700.00,3790.00,3741.00,3710.00
51459202425114449,20171125,3599.00,3615.00,123,352599,1269106750.00,3380.00,3710.00,3754.00,3710.00
51459202425114449,20171126,3792.00,3796.00,203,462745,1754813428.00,3600.00,3850.00,3599.00,3610.00
51459202425114449,20171128,3967.00,3965.00,201,434845,1725096982.00,3702.00,4080.00,3792.00,3702.00
51459202425114449,20171129,3794.00,3770.00,75,88336,335186706.00,3714.00,3965.00,3967.00,3850.00
51459202425114449,20171202,3776.00,3702.00,77,177213,669137492.00,3700.00,3844.00,3794.00,3700.00
51459202425114449,20171203,3753.00,3712.00,49,79400,298003807.00,3700.00,3820.00,3776.00,3700.00
51459202425114449,20171204,3689.00,3701.00,65,99392,366702862.00,3651.00,3750.00,3753.00,3700.00
51459202425114449,20171205,3641.00,3618.00,53,165242,601609661.00,3552.00,3701.00,3689.00,3651.00
51459202425114449,20171209,3749.00,3721.00,63,116192,435587799.00,3610.00,3800.00,3641.00,3610.00
51459202425114449,20171210,3662.00,3640.00,86,123258,451427895.00,3640.00,3800.00,3749.00,3700.00
51459202425114449,20171211,3634.00,3600.00,53,199986,726836812.00,3571.00,3750.00,3662.00,3640.00
51459202425114449,20171212,3909.00,3996.00,173,637981,2494169773.00,3570.00,3997.00,3634.00,3570.00
51459202425114449,20171213,3981.00,3900.00,105,185878,740049241.00,3863.00,4080.00,3909.00,4001.00
51459202425114449,20171214,3981.00,3900.00,0,0,0.00,0.00,0.00,3981.00,0.00
51459202425114449,20171215,3981.00,3900.00,0,0,0.00,0.00,0.00,3981.00,0.00
51459202425114449,20171216,3857.00,3801.00,53,81646,314881289.00,3762.00,3960.00,3981.00,3870.00
51459202425114449,20171217,3865.00,3845.00,80,271950,1050961106.00,3763.00,3949.00,3857.00,3763.00
51459202425114449,20171218,3815.00,3771.00,84,226422,863714751.00,3752.00,3910.00,3865.00,3830.00
51459202425114449,20171219,3737.00,3690.00,47,94202,352050815.00,3690.00,3800.00,3815.00,3780.00
51459202425114449,20171220,3694.00,3685.00,74,152596,563629307.00,3611.00,3800.00,3737.00,3700.00
51459202425114449,20171223,3686.00,3700.00,70,117056,431523460.00,3650.00,3838.00,3694.00,3690.00
51459202425114449,20171224,3684.00,3750.00,84,184831,680919498.00,3636.00,3750.00,3686.00,3661.00
51459202425114449,20171225,3805.00,3712.00,45,77453,294746710.00,3601.00,3900.00,3684.00,3601.00
51459202425114449,20171226,3765.00,3839.00,64,138002,519568237.00,3661.00,3839.00,3805.00,3661.00
51459202425114449,20171227,3701.00,3690.00,39,48814,180650945.00,3653.00,3779.00,3765.00,3653.00
51459202425114449,20171230,3572.00,3590.00,69,170220,608108311.00,3500.00,3690.00,3701.00,3690.00
51459202425114449,20171231,3284.00,3350.00,108,287137,942928072.00,3215.00,3475.00,3572.00,3475.00
51459202425114449,20180101,3509.00,3498.00,86,228522,801957779.00,2967.00,3600.00,3284.00,2967.00
51459202425114449,20180102,3433.00,3402.00,53,95840,328976883.00,3400.00,3600.00,3509.00,3500.00
51459202425114449,20180103,3460.00,3416.00,29,78626,272010656.00,3295.00,3580.00,3433.00,3295.00
51459202425114449,20180106,3539.00,3472.00,80,197413,698570369.00,3305.00,3620.00,3460.00,3410.00
51459202425114449,20180107,3752.00,3800.00,278,964777,3620294049.00,3490.00,3889.00,3539.00,3490.00
51459202425114449,20180108,3758.00,3716.00,83,136852,514257931.00,3711.00,3895.00,3752.00,3800.00
51459202425114449,20180109,3627.00,3620.00,106,224926,815760768.00,3600.00,3750.00,3758.00,3705.00
51459202425114449,20180110,3584.00,3571.00,70,96463,345746148.00,3511.00,3681.00,3627.00,3521.00
51459202425114449,20180113,3809.00,3800.00,81,166219,633078464.00,3620.00,3880.00,3584.00,3620.00
51459202425114449,20180114,3784.00,3800.00,97,199605,755318838.00,3700.00,3850.00,3809.00,3760.00
51459202425114449,20180115,3839.00,3901.00,299,1658313,6365652826.00,3670.00,3960.00,3784.00,3799.00
51459202425114449,20180116,4193.00,4222.00,410,1965398,8241699750.00,4000.00,4222.00,3839.00,4020.00
51459202425114449,20180117,4571.00,4499.00,604,2601183,11888766173.00,4395.00,4612.00,4193.00,4570.00
51459202425114449,20180120,4321.00,4385.00,585,2159201,9330347126.00,4121.00,4498.00,4571.00,4448.00
51459202425114449,20180121,4692.00,4660.00,775,3438157,16131259516.00,4535.00,4753.00,4321.00,4719.00
51459202425114449,20180122,4430.00,4321.00,487,1725299,7643769687.00,4321.00,4668.00,4692.00,4551.00
51459202425114449,20180123,4287.00,4299.00,263,912217,3910583733.00,4200.00,4430.00,4430.00,4321.00
51459202425114449,20180124,4342.00,4312.00,161,448182,1945912224.00,4242.00,4488.00,4287.00,4263.00
51459202425114449,20180127,4178.00,4140.00,257,713931,2982980083.00,4128.00,4428.00,4342.00,4272.00
51459202425114449,20180128,4367.00,4428.00,431,1590813,6947080394.00,4003.00,4592.00,4178.00,4100.00
51459202425114449,20180129,4453.00,4485.00,247,772741,3440789128.00,4330.00,4600.00,4367.00,4430.00
51459202425114449,20180130,4841.00,4866.00,834,3451354,16706652398.00,4449.00,4898.00,4453.00,4449.00
51459202425114449,20180131,4783.00,4640.00,405,801334,3832699467.00,4640.00,5100.00,4841.00,4890.00
51459202425114449,20180203,4584.00,4550.00,241,515443,2362913009.00,4500.00,4740.00,4783.00,4620.00
51459202425114449,20180204,4670.00,4561.00,216,470116,2195232142.00,4512.00,4850.00,4584.00,4512.00
51459202425114449,20180205,4407.00,4430.00,327,990559,4365066218.00,4270.00,4600.00,4670.00,4521.00
51459202425114449,20180206,4352.00,4320.00,166,421148,1832976431.00,4281.00,4511.00,4407.00,4511.00
51459202425114449,20180207,4367.00,4400.00,120,229404,1001808097.00,4300.00,4479.00,4352.00,4300.00
51459202425114449,20180210,4389.00,4390.00,120,245198,1076163574.00,4292.00,4550.00,4367.00,4292.00
51459202425114449,20180212,4290.00,4270.00,166,717451,3077664044.00,4260.00,4498.00,4389.00,4400.00
51459202425114449,20180213,4318.00,4290.00,69,171251,739488385.00,4253.00,4400.00,4290.00,4253.00
51459202425114449,20180214,4252.00,4260.00,91,230739,981094850.00,4221.00,4300.00,4318.00,4255.00
51459202425114449,20180217,4388.00,4378.00,100,398568,1748726589.00,4311.00,4500.00,4252.00,4375.00
51459202425114449,20180218,4318.00,4311.00,75,170545,736463005.00,4300.00,4400.00,4388.00,4310.00
51459202425114449,20180219,4276.00,4246.00,87,196186,838810811.00,4246.00,4359.00,4318.00,4300.00
51459202425114449,20180221,4178.00,4150.00,126,207115,865409004.00,4131.00,4377.00,4276.00,4195.00
51459202425114449,20180224,4098.00,4089.00,154,425387,1743103402.00,4031.00,4200.00,4178.00,4150.00
51459202425114449,20180225,4217.00,4260.00,148,393668,1660171597.00,4040.00,4348.00,4098.00,4040.00
51459202425114449,20180226,4206.00,4200.00,88,272425,1145793004.00,4100.00,4298.00,4217.00,4100.00
51459202425114449,20180227,4173.00,4128.00,55,120162,501456433.00,4107.00,4285.00,4206.00,4107.00
51459202425114449,20180228,4224.00,4227.00,156,400969,1693670066.00,4065.00,4350.00,4173.00,4102.00
51459202425114449,20180303,4195.00,4191.00,55,110420,463252857.00,4144.00,4348.00,4224.00,4144.00
51459202425114449,20180304,4191.00,4197.00,82,302946,1269505222.00,4150.00,4320.00,4195.00,4150.00
51459202425114449,20180305,4174.00,4111.00,79,254875,1063972289.00,4105.00,4250.00,4191.00,4250.00
51459202425114449,20180306,4101.00,4075.00,51,78193,320649305.00,4075.00,4170.00,4174.00,4170.00
51459202425114449,20180307,4085.00,4076.00,52,116285,475075464.00,4050.00,4140.00,4101.00,4064.00
51459202425114449,20180310,4100.00,4101.00,59,113613,465829237.00,4051.00,4210.00,4085.00,4052.00
51459202425114449,20180311,4111.00,4074.00,35,48156,197950005.00,4053.00,4150.00,4100.00,4053.00
51459202425114449,20180312,4132.00,4090.00,33,24161,99836847.00,4063.00,4190.00,4111.00,4100.00
51459202425114449,20180313,3984.00,4005.00,112,218109,869045762.00,3720.00,4169.00,4132.00,4090.00
51459202425114449,20180314,4023.00,4044.00,53,89792,361254046.00,3912.00,4080.00,3984.00,3916.00
51459202425114449,20180317,3972.00,3950.00,22,30981,123067117.00,3900.00,4010.00,4023.00,3931.00
51459202425114449,20180318,3994.00,3960.00,44,86236,344449202.00,3910.00,4050.00,3972.00,4050.00
51459202425114449,20180319,3987.00,3991.00,15,24307,96907953.00,3971.00,4059.00,3994.00,4059.00
51459202425114449,20180325,3963.00,4042.00,6,3800,15058520.00,3910.00,4042.00,3987.00,3910.00
51459202425114449,20180326,4111.00,4180.00,47,67389,277023606.00,4030.00,4228.00,3963.00,4040.00
51459202425114449,20180327,4080.00,4000.00,52,61852,252326866.00,4000.00,4199.00,4111.00,4199.00
51459202425114449,20180328,4013.00,3971.00,24,52872,212194999.00,3970.00,4180.00,4080.00,4180.00
51459202425114449,20180403,4001.00,3980.00,34,30613,122496308.00,3971.00,4035.00,4013.00,4030.00
51459202425114449,20180404,4005.00,3995.00,52,63136,252884396.00,3985.00,4079.00,4001.00,4000.00
51459202425114449,20180407,4365.00,4405.00,350,1227156,5356311739.00,4090.00,4405.00,4005.00,4090.00
51459202425114449,20180408,4472.00,4261.00,424,1071877,4793332562.00,4011.00,4776.00,4365.00,4499.00
51459202425114449,20180409,4187.00,4120.00,182,436479,1827686388.00,4076.00,4500.00,4472.00,4202.00
51459202425114449,20180410,4120.00,4120.00,59,122002,502708294.00,4081.00,4205.00,4187.00,4190.00
51459202425114449,20180411,4049.00,4031.00,103,392263,1588258769.00,4000.00,4150.00,4120.00,4101.00
51459202425114449,20180415,4031.00,4001.00,50,106224,428150951.00,4001.00,4199.00,4049.00,4199.00
51459202425114449,20180416,4010.00,4050.00,68,157415,631161620.00,3920.00,4075.00,4031.00,4000.00
51459202425114449,20180417,3977.00,4000.00,94,214306,852346451.00,3906.00,4170.00,4010.00,3921.00
51459202425114449,20180418,3807.00,3860.00,196,636471,2422775232.00,3700.00,4049.00,3977.00,4000.00
51459202425114449,20180421,3954.00,3904.00,84,153397,606464414.00,3800.00,4075.00,3807.00,3852.00
51459202425114449,20180422,3904.00,3851.00,77,166041,648245086.00,3850.00,4029.00,3954.00,3861.00
51459202425114449,20180423,3854.00,3855.00,72,159410,614314643.00,3780.00,3900.00,3904.00,3850.00
51459202425114449,20180424,3955.00,3900.00,95,184074,727995240.00,3900.00,4020.00,3854.00,3900.00
51459202425114449,20180425,3866.00,3899.00,86,188581,729024801.00,3820.00,3998.00,3955.00,3990.00
51459202425114449,20180428,3855.00,3850.00,31,42683,164539966.00,3820.00,3900.00,3866.00,3860.00
51459202425114449,20180429,3790.00,3801.00,32,36971,140117084.00,3770.00,3898.00,3855.00,3820.00
51459202425114449,20180430,3728.00,3750.00,69,121408,452662155.00,3689.00,3820.00,3790.00,3800.00
51459202425114449,20180501,3739.00,3686.00,67,118608,443514793.00,3631.00,3845.00,3728.00,3631.00
51459202425114449,20180505,3627.00,3620.00,70,71685,259979903.00,3536.00,3738.00,3739.00,3700.00
51459202425114449,20180506,3378.00,3382.00,108,257526,869939293.00,3265.00,3620.00,3627.00,3620.00
51459202425114449,20180507,3289.00,3345.00,86,198122,651581484.00,3210.00,3488.00,3378.00,3380.00
51459202425114449,20180508,3433.00,3430.00,49,110421,379094233.00,3380.00,3464.00,3289.00,3398.00
51459202425114449,20180509,3268.00,3290.00,69,354639,1158911477.00,3116.00,3425.00,3433.00,3425.00
51459202425114449,20180512,3403.00,3488.00,35,71144,242092070.00,3311.00,3550.00,3268.00,3390.00
51459202425114449,20180513,3671.00,3743.00,111,220796,810634842.00,3590.00,3743.00,3403.00,3590.00
51459202425114449,20180514,3870.00,3920.00,144,275053,1064357005.00,3829.00,3940.00,3671.00,3940.00
51459202425114449,20180515,3757.00,3726.00,96,232627,874090399.00,3723.00,3975.00,3870.00,3870.00
51459202425114449,20180516,3542.00,3550.00,133,313929,1112031996.00,3420.00,3700.00,3757.00,3695.00
51459202425114449,20180519,3458.00,3453.00,199,395111,1366315976.00,3411.00,3697.00,3542.00,3697.00
51459202425114449,20180520,3597.00,3554.00,179,318597,1145837111.00,3422.00,3780.00,3458.00,3451.00
51459202425114449,20180521,3523.00,3490.00,128,194630,685676617.00,3451.00,3650.00,3597.00,3650.00
51459202425114449,20180522,3505.00,3500.00,80,155782,546007466.00,3460.00,3600.00,3523.00,3461.00
51459202425114449,20180523,3484.00,3465.00,96,174116,606629311.00,3450.00,3595.00,3505.00,3500.00
51459202425114449,20180526,3505.00,3781.00,535,4202752,14730798961.00,3400.00,3810.00,3484.00,3484.00
51459202425114449,20180527,3846.00,3855.00,93,454118,1746317605.00,3701.00,3855.00,3505.00,3780.00
51459202425114449,20180528,3962.00,3830.00,208,724985,2872307801.00,3703.00,4060.00,3846.00,4000.00
51459202425114449,20180529,3990.00,3979.00,224,498487,1988937381.00,3751.00,4039.00,3962.00,3751.00
51459202425114449,20180530,3857.00,3802.00,109,240609,927931022.00,3780.00,4090.00,3990.00,4010.00
51459202425114449,20180602,3763.00,3735.00,47,220022,827972208.00,3650.00,3830.00,3857.00,3816.00
51459202425114449,20180603,3776.00,3710.00,60,89365,337475736.00,3700.00,3870.00,3763.00,3730.00
51459202425114449,20180609,3630.00,3616.00,96,227976,827574560.00,3600.00,3749.00,3776.00,3700.00
51459202425114449,20180610,3575.00,3580.00,60,112830,403397567.00,3518.00,3630.00,3630.00,3630.00
51459202425114449,20180611,3575.00,3555.00,79,239012,854524586.00,3521.00,3700.00,3575.00,3521.00
51459202425114449,20180612,3604.00,3600.00,96,282645,1018534793.00,3516.00,3700.00,3575.00,3700.00
51459202425114449,20180613,3778.00,3824.00,177,586093,2214512515.00,3709.00,3848.00,3604.00,3710.00
51459202425114449,20180617,3932.00,3861.00,172,573285,2253916232.00,3806.00,4089.00,3778.00,3900.00
51459202425114449,20180618,3807.00,3725.00,136,286292,1089911918.00,3724.00,4000.00,3932.00,3850.00
51459202425114449,20180619,3672.00,3600.00,144,527751,1938076648.00,3600.00,3811.00,3807.00,3811.00
51459202425114449,20180620,3612.00,3610.00,92,153748,555287202.00,3571.00,3724.00,3672.00,3724.00
51459202425114449,20180623,3627.00,3601.00,198,852750,3092837912.00,3577.00,3799.00,3612.00,3671.00
51459202425114449,20180624,3627.00,3601.00,0,0,0.00,0.00,0.00,3627.00,0.00
51459202425114449,20180625,3627.00,3601.00,0,0,0.00,0.00,0.00,3627.00,0.00
51459202425114449,20180626,3627.00,3601.00,0,0,0.00,0.00,0.00,3627.00,0.00
51459202425114449,20180627,3627.00,3601.00,0,0,0.00,0.00,0.00,3627.00,0.00
51459202425114449,20180630,3557.00,3510.00,14,32472,115505398.00,3510.00,3637.00,3307.00,3637.00
51459202425114449,20180701,3465.00,3423.00,106,265607,920456795.00,3400.00,3510.00,3557.00,3400.00
51459202425114449,20180702,3484.00,3464.00,43,60874,212058468.00,3433.00,3600.00,3465.00,3500.00
51459202425114449,20180703,3474.00,3530.00,74,113084,392838931.00,3412.00,3597.00,3484.00,3412.00
51459202425114449,20180704,3405.00,3382.00,106,134439,457772151.00,3380.00,3480.00,3474.00,3480.00
51459202425114449,20180707,3520.00,3610.00,160,361835,1273763836.00,3350.00,3660.00,3405.00,3400.00
51459202425114449,20180708,3566.00,3495.00,71,112326,400578001.00,3495.00,3629.00,3520.00,3570.00
51459202425114449,20180710,3491.00,3499.00,49,82331,287439228.00,3401.00,3570.00,3566.00,3500.00
51459202425114449,20180711,3381.00,3361.00,143,340863,1152347439.00,3311.00,3490.00,3491.00,3420.00
51459202425114449,20180714,3510.00,3510.00,94,169254,594079662.00,3350.00,3556.00,3381.00,3351.00
51459202425114449,20180715,3407.00,3432.00,98,254392,866656724.00,3368.00,3500.00,3510.00,3402.00
51459202425114449,20180716,3347.00,3360.00,72,243075,813462046.00,3280.00,3450.00,3407.00,3410.00
51459202425114449,20180717,3363.00,3400.00,49,90650,304846212.00,3330.00,3481.00,3347.00,3450.00
51459202425114449,20180718,3379.00,3447.00,44,70964,239825131.00,3340.00,3447.00,3363.00,3340.00
51459202425114449,20180721,3414.00,3427.00,64,196870,672207129.00,3370.00,3440.00,3379.00,3400.00
51459202425114449,20180722,3403.00,3415.00,72,215919,734799672.00,3370.00,3449.00,3414.00,3380.00
51459202425114449,20180723,3376.00,3343.00,30,36489,123177023.00,3343.00,3400.00,3403.00,3380.00
51459202425114449,20180724,3284.00,3161.00,47,132470,435027781.00,3161.00,3439.00,3376.00,3439.00
51459202425114449,20180725,3412.00,3450.00,114,282581,964292691.00,3210.00,3500.00,3284.00,3300.00
51459202425114449,20180726,3412.00,3450.00,0,0,0.00,0.00,0.00,3412.00,0.00
51459202425114449,20180727,3412.00,3450.00,0,0,0.00,0.00,0.00,3412.00,0.00
51459202425114449,20180728,3445.00,3380.00,73,124872,430125041.00,3361.00,3540.00,3412.00,3500.00
51459202425114449,20180729,3534.00,3550.00,158,441976,1562054472.00,3400.00,3630.00,3445.00,3400.00
51459202425114449,20180730,3680.00,3680.00,183,591581,2177092078.00,3532.00,3748.00,3534.00,3640.00
51459202425114449,20180731,3669.00,3611.00,192,584251,2143774203.00,3558.00,3779.00,3680.00,3690.00
51459202425114449,20180801,3599.00,3501.00,97,344271,1238990517.00,3450.00,3750.00,3669.00,3699.00
51459202425114449,20180804,3323.00,3442.00,120,405664,1348210924.00,3240.00,3610.00,3599.00,3500.00
51459202425114449,20180805,3272.00,3259.00,156,513334,1679859537.00,3221.00,3450.00,3323.00,3320.00
51459202425114449,20180806,3271.00,3350.00,126,432559,1414714299.00,3211.00,3362.00,3272.00,3211.00
51459202425114449,20180807,3183.00,3190.00,125,347388,1105657227.00,3000.00,3346.00,3271.00,3270.00
51459202425114449,20180808,3327.00,3300.00,76,223332,743112134.00,3200.00,3438.00,3183.00,3200.00
51459202425114449,20180811,3271.00,3272.00,96,213411,698115861.00,3210.00,3449.00,3327.00,3210.00
51459202425114449,20180812,3450.00,3421.00,188,526502,1816383205.00,3272.00,3520.00,3271.00,3272.00
51459202425114449,20180813,3471.00,3400.00,160,434666,1508532998.00,3390.00,3560.00,3450.00,3420.00
51459202425114449,20180814,3630.00,3731.00,422,1348364,4894530833.00,3320.00,3748.00,3471.00,3320.00
51459202425114449,20180815,3990.00,3993.00,725,6233577,24869775980.00,3750.00,3993.00,3630.00,3750.00
51459202425114449,20180818,4110.00,4090.00,609,2683581,11028392934.00,3920.00,4280.00,3990.00,4190.00
51459202425114449,20180819,4429.00,4521.00,559,2742989,12149582184.00,4090.00,4521.00,4110.00,4197.00
51459202425114449,20180820,4871.00,4871.00,11,64630,314812730.00,4871.00,4871.00,4429.00,4871.00
51459202425114449,20180821,5274.00,5279.00,720,2923207,15417406414.00,4800.00,5600.00,4871.00,5300.00
51459202425114449,20180825,5374.00,5400.00,692,2397147,12881682324.00,4905.00,5800.00,5274.00,5300.00
51459202425114449,20180826,5374.00,5400.00,0,0,0.00,0.00,0.00,5374.00,0.00
51459202425114449,20180827,5374.00,5400.00,0,0,0.00,0.00,0.00,5374.00,0.00
51459202425114449,20180828,5374.00,5400.00,0,0,0.00,0.00,0.00,5374.00,0.00
51459202425114449,20180829,5361.00,5150.00,535,1886476,10113043702.00,5035.00,5750.00,5374.00,5500.00
51459202425114449,20180901,4976.00,4840.00,349,1440399,7167382970.00,4840.00,5149.00,5361.00,5021.00
51459202425114449,20180902,4933.00,4950.00,195,385095,1899491517.00,4826.00,5099.00,4976.00,4826.00
51459202425114449,20180903,5004.00,5000.00,387,975906,4883363827.00,4830.00,5290.00,4933.00,5019.00
51459202425114449,20180904,4969.00,5189.00,500,1543829,7671670044.00,4800.00,5198.00,5004.00,5050.00
51459202425114449,20180905,5436.00,5465.00,543,2426638,13191970157.00,5115.00,5465.00,4969.00,5115.00
51459202425114449,20180908,5848.00,5979.00,414,1244413,7277606291.00,5600.00,5979.00,5436.00,5900.00
51459202425114449,20180909,6422.00,6432.00,407,2101141,13494473023.00,6301.00,6432.00,5848.00,6432.00
51459202425114449,20180910,6264.00,6070.00,688,2019220,12648464187.00,5850.00,6701.00,6422.00,6700.00
51459202425114449,20180911,6033.00,5900.00,593,1937337,11687409592.00,5881.00,6299.00,6264.00,6078.00
51459202425114449,20180912,6268.00,6270.00,516,1420045,8901139695.00,5802.00,6551.00,6033.00,5802.00
51459202425114449,20180915,6395.00,6514.00,692,2637884,16869430402.00,6101.00,6635.00,6268.00,6390.00
51459202425114449,20180916,6952.00,7034.00,606,2899030,20154578748.00,6440.00,7034.00,6395.00,6440.00
51459202425114449,20180917,7492.00,7645.00,474,2322581,17401434858.00,7071.00,7647.00,6952.00,7400.00
51459202425114449,20180918,7612.00,7460.00,478,1541421,11733176474.00,7324.00,8000.00,7492.00,8000.00
51459202425114449,20180922,7993.00,8000.00,428,1275025,10191092457.00,7361.00,8240.00,7612.00,7875.00
51459202425114449,20180923,7993.00,8000.00,0,0,0.00,0.00,0.00,7993.00,0.00
51459202425114449,20180924,7993.00,8000.00,0,0,0.00,0.00,0.00,7993.00,0.00
51459202425114449,20180925,8564.00,8290.00,522,1694669,14513605245.00,8240.00,9060.00,7993.00,8240.00
51459202425114449,20180926,8492.00,8220.00,835,2133931,18120876971.00,8190.00,8998.00,8564.00,8500.00
51459202425114449,20180929,8745.00,8750.00,743,1752274,15323426047.00,8226.00,9200.00,8492.00,8479.00
51459202425114449,20180930,9346.00,9619.00,658,1926548,18005291734.00,8889.00,9619.00,8745.00,9190.00
51459202425114449,20181001,9582.00,9500.00,398,1401752,13431726436.00,8851.00,10270.00,9346.00,10270.00
51459202425114449,20181002,8654.00,8624.00,175,364008,3150153854.00,8624.00,9650.00,9582.00,9650.00
51459202425114449,20181003,7811.00,7789.00,252,1075052,8396752965.00,7789.00,8479.00,8654.00,7789.00
51459202425114449,20181006,7513.00,7030.00,339,1206306,9063261844.00,7030.00,8140.00,7811.00,7789.00
51459202425114449,20181007,6789.00,6762.00,165,563796,3827861116.00,6762.00,7111.00,7513.00,6762.00
51459202425114449,20181008,6111.00,6111.00,18,69667,425735037.00,6111.00,6111.00,6789.00,6111.00
51459202425114449,20181009,6206.00,5980.00,390,1194854,7414868448.00,5522.00,6480.00,6111.00,5650.00
51459202425114449,20181010,5741.00,5586.00,107,490447,2815594220.00,5586.00,6052.00,6206.00,6050.00
51459202425114449,20181013,5179.00,5167.00,302,1946521,10080711993.00,5167.00,5490.00,5741.00,5202.00
51459202425114449,20181014,5067.00,5110.00,311,822623,4168438437.00,4810.00,5350.00,5179.00,4810.00
51459202425114449,20181015,5534.00,5573.00,199,933661,5166868518.00,5200.00,5573.00,5067.00,5500.00
51459202425114449,20181016,5955.00,5900.00,416,1986940,11832891127.00,5000.00,6087.00,5534.00,6087.00
51459202425114449,20181017,5454.00,5362.00,305,1429136,7794213082.00,5360.00,5899.00,5955.00,5360.00
51459202425114449,20181020,5972.00,5999.00,173,753469,4499517336.00,5540.00,5999.00,5454.00,5540.00
51459202425114449,20181021,6452.00,6320.00,636,3561071,22976124214.00,6032.00,6569.00,5972.00,6569.00
51459202425114449,20181022,6124.00,5807.00,279,1218004,7459428076.00,5807.00,6676.00,6452.00,6390.00
51459202425114449,20181023,5552.00,5512.00,86,362105,2010277479.00,5512.00,6299.00,6124.00,6299.00
51459202425114449,20181024,5014.00,5021.00,432,2138679,10722314236.00,4997.00,5329.00,5552.00,4997.00
51459202425114449,20181027,5180.00,5300.00,310,1056255,5471863916.00,4731.00,5379.00,5014.00,5000.00
51459202425114449,20181028,5296.00,5180.00,335,1172481,6208950644.00,5151.00,5500.00,5180.00,5450.00
51459202425114449,20181029,5434.00,5301.00,356,1138644,6187537384.00,5220.00,5697.00,5296.00,5220.00
51459202425114449,20181031,5195.00,5200.00,366,1615481,8391899850.00,5100.00,5400.00,5434.00,5400.00
51459202425114449,20181103,5202.00,5113.00,329,1512063,7865327898.00,4999.00,5380.00,5195.00,5200.00
51459202425114449,20181104,5024.00,4940.00,340,1305615,6559919201.00,4840.00,5237.00,5202.00,5150.00
51459202425114449,20181105,5331.00,5526.00,611,2269412,12098230305.00,4800.00,5526.00,5024.00,4800.00
51459202425114449,20181106,5854.00,5864.00,645,2124587,12436347096.00,5555.00,5864.00,5331.00,5840.00
51459202425114449,20181110,6163.00,5999.00,874,2419301,14911085726.00,5800.00,6430.00,5854.00,6360.00
51459202425114449,20181111,5618.00,5621.00,583,1849720,10390839846.00,5547.00,6001.00,6163.00,6001.00
51459202425114449,20181112,5818.00,5950.00,345,887946,5165833801.00,5402.00,5950.00,5618.00,5615.00
51459202425114449,20181113,5979.00,5920.00,360,842453,5036872534.00,5800.00,6179.00,5818.00,6000.00
51459202425114449,20181114,5810.00,5829.00,205,719175,4178486312.00,5715.00,6030.00,5979.00,6030.00
51459202425114449,20181117,5566.00,5500.00,374,1237153,6885617436.00,5366.00,5940.00,5810.00,5900.00
51459202425114449,20181118,5426.00,5440.00,300,1165639,6324924323.00,5158.00,5702.00,5566.00,5428.00
51459202425114449,20181119,5551.00,5400.00,180,483886,2686053997.00,5400.00,5700.00,5426.00,5450.00
51459202425114449,20181120,5275.00,5240.00,226,485653,2562035336.00,5202.00,5399.00,5551.00,5203.00
51459202425114449,20181121,5525.00,5625.00,375,1236882,6833342571.00,5115.00,5750.00,5275.00,5261.00
51459202425114449,20181124,5355.00,5360.00,189,402004,2152847339.00,5230.00,5698.00,5525.00,5698.00
51459202425114449,20181126,5201.00,5287.00,182,494791,2573474416.00,5060.00,5450.00,5355.00,5270.00
51459202425114449,20181127,5227.00,5200.00,320,1065986,5572215974.00,5100.00,5560.00,5201.00,5230.00
51459202425114449,20181128,5154.00,5150.00,177,483721,2493272606.00,5091.00,5329.00,5227.00,5329.00
51459202425114449,20181201,4929.00,5020.00,234,707702,3488147928.00,4800.00,5200.00,5154.00,5110.00
51459202425114449,20181202,5183.00,5210.00,215,753846,3906874164.00,5000.00,5290.00,4929.00,5050.00
51459202425114449,20181203,5245.00,5280.00,292,1082496,5677389303.00,5183.00,5349.00,5183.00,5290.00
51459202425114449,20181204,5208.00,5229.00,166,499089,2599488402.00,5050.00,5300.00,5245.00,5300.00
51459202425114449,20181205,5291.00,5349.00,374,1207370,6387652282.00,5120.00,5470.00,5208.00,5240.00
51459202425114449,20181208,5685.00,5820.00,717,3074453,17478630776.00,5279.00,5820.00,5291.00,5399.00
51459202425114449,20181209,5765.00,5570.00,631,2232382,12869530778.00,5399.00,6077.00,5685.00,6077.00
51459202425114449,20181210,5536.00,5545.00,435,1399156,7745501198.00,5350.00,5650.00,5765.00,5555.00
51459202425114449,20181211,5536.00,5545.00,0,0,0.00,0.00,0.00,5536.00,0.00
51459202425114449,20181212,5695.00,5665.00,493,1426040,8120726005.00,5318.00,5900.00,5536.00,5800.00
51459202425114449,20181215,5669.00,5669.00,271,670299,3799822330.00,5570.00,5950.00,5695.00,5950.00
51459202425114449,20181216,5708.00,5650.00,338,1059602,6048054982.00,5555.00,5850.00,5669.00,5610.00
51459202425114449,20181217,5601.00,5601.00,187,1025724,5745193083.00,5431.00,5780.00,5708.00,5600.00
51459202425114449,20181218,5500.00,5455.00,163,639717,3518309535.00,5400.00,5679.00,5601.00,5461.00
51459202425114449,20181219,5385.00,5300.00,140,460642,2480547775.00,5300.00,5500.00,5500.00,5500.00
51459202425114449,20181222,5478.00,5410.00,147,439689,2408415485.00,5355.00,5600.00,5385.00,5355.00
51459202425114449,20181223,5562.00,5479.00,178,557540,3101070779.00,5406.00,5650.00,5478.00,5406.00
51459202425114449,20181224,5637.00,5700.00,292,1087460,6129611393.00,5479.00,5769.00,5562.00,5479.00
51459202425114449,20181225,6136.00,6200.00,1034,5295371,32492368947.00,5566.00,6200.00,5637.00,5566.00
51459202425114449,20181226,6611.00,6500.00,1293,3705922,24499288721.00,6301.00,6749.00,6136.00,6749.00
51459202425114449,20181229,6676.00,6694.00,1160,3327896,22217282749.00,6252.00,6980.00,6611.00,6252.00
51459202425114449,20181230,6961.00,6849.00,955,2637569,18361030361.00,6700.00,7240.00,6676.00,6800.00
51459202425114449,20181231,6915.00,6951.00,668,2017511,13951341598.00,6800.00,7000.00,6961.00,7000.00
51459202425114449,20190101,7476.00,7606.00,1315,3967048,29656373659.00,6900.00,7606.00,6915.00,6900.00
51459202425114449,20190102,7747.00,7700.00,1301,2994553,23198438761.00,7515.00,8000.00,7476.00,7800.00
51459202425114449,20190105,7623.00,7680.00,811,1551138,11824733935.00,7401.00,7930.00,7747.00,7930.00
51459202425114449,20190106,7594.00,7541.00,502,932776,7083942368.00,7500.00,7750.00,7623.00,7678.00
51459202425114449,20190107,7230.00,7171.00,727,1408910,10185960017.00,7101.00,7491.00,7594.00,7491.00
51459202425114449,20190108,7590.00,7600.00,597,1658215,12586178585.00,7299.00,7850.00,7230.00,7300.00
51459202425114449,20190109,8280.00,8349.00,1170,4467032,36987307151.00,7500.00,8349.00,7590.00,7600.00
51459202425114449,20190112,8889.00,8600.00,44,276816,2460752400.00,8600.00,8900.00,8280.00,8900.00
51459202425114449,20190113,8889.00,8600.00,0,0,0.00,0.00,0.00,8889.00,0.00
51459202425114449,20190114,8889.00,8600.00,0,0,0.00,0.00,0.00,8889.00,0.00
51459202425114449,20190115,9358.00,9396.00,1497,4157473,38904840941.00,8133.00,9800.00,8889.00,8980.00
51459202425114449,20190116,9523.00,9600.00,1516,3594757,34233133976.00,9000.00,9798.00,9358.00,9355.00
51459202425114449,20190119,9104.00,8800.00,1474,3271683,29784763948.00,8650.00,9845.00,9523.00,9701.00
51459202425114449,20190120,8731.00,8600.00,958,1888187,16486333653.00,8570.00,9050.00,9104.00,8651.00
51459202425114449,20190121,8059.00,8030.00,612,1604838,12933664176.00,7858.00,8593.00,8731.00,8552.00
51459202425114449,20190122,8703.00,8864.00,330,903565,7863423102.00,8000.00,8864.00,8059.00,8000.00
51459202425114449,20190123,9411.00,9369.00,979,1888665,17774831427.00,9100.00,9568.00,8703.00,9200.00
51459202425114449,20190126,9649.00,9521.00,879,1689662,16303520296.00,9105.00,9970.00,9411.00,9402.00
51459202425114449,20190127,9431.00,9192.00,792,1563638,14746461420.00,9150.00,9900.00,9649.00,9650.00
51459202425114449,20190128,9054.00,9003.00,598,1118295,10125254107.00,8700.00,9350.00,9431.00,9350.00
51459202425114449,20190129,9007.00,8902.00,362,452592,4076507138.00,8850.00,9230.00,9054.00,8905.00
51459202425114449,20190130,8799.00,8711.00,467,783186,6891233931.00,8600.00,9150.00,9007.00,9150.00
51459202425114449,20190202,8840.00,8940.00,403,754107,6666148144.00,8500.00,9037.00,8799.00,8800.00
51459202425114449,20190203,8434.00,8302.00,274,402695,3396356001.00,8210.00,8900.00,8840.00,8900.00
51459202425114449,20190204,8167.00,7900.00,533,1123281,9174111630.00,7900.00,8699.00,8434.00,8001.00
51459202425114449,20190205,7679.00,7633.00,814,2269496,17428254760.00,7352.00,8400.00,8167.00,8400.00
51459202425114449,20190206,7342.00,7350.00,744,1418873,10417555740.00,7101.00,7790.00,7679.00,7450.00
51459202425114449,20190210,7663.00,7612.00,689,1219833,9348102004.00,7121.00,7988.00,7342.00,7297.00
51459202425114449,20190212,7523.00,7549.00,282,436216,3281787242.00,7390.00,7870.00,7663.00,7870.00
51459202425114449,20190213,7469.00,7650.00,343,604956,4518699660.00,7203.00,7689.00,7523.00,7523.00
51459202425114449,20190216,7812.00,7839.00,502,873811,6825884913.00,7521.00,8044.00,7469.00,7521.00
51459202425114449,20190217,7479.00,7300.00,398,957189,7158956204.00,7254.00,8019.00,7812.00,8019.00
51459202425114449,20190218,7266.00,7210.00,413,682498,4958874630.00,7177.00,7470.00,7479.00,7250.00
51459202425114449,20190219,7234.00,7265.00,296,571508,4134266203.00,7150.00,7385.00,7266.00,7190.00
51459202425114449,20190220,7242.00,7111.00,91,212003,1535322957.00,7000.00,7490.00,7234.00,7484.00
51459202425114449,20190223,7078.00,7075.00,420,785185,5557151822.00,6886.00,7200.00,7242.00,7200.00
51459202425114449,20190224,7034.00,6996.00,453,911451,6411395220.00,6900.00,7290.00,7078.00,7290.00
51459202425114449,20190225,6998.00,6999.00,361,611916,4281939557.00,6900.00,7191.00,7034.00,6900.00
51459202425114449,20190226,7153.00,7079.00,594,1171768,8381138029.00,6900.00,7499.00,6998.00,7000.00
51459202425114449,20190227,7376.00,7305.00,561,1195072,8814637604.00,7100.00,7477.00,7153.00,7153.00
51459202425114449,20190302,7242.00,7164.00,361,869379,6296348925.00,7100.00,7360.00,7376.00,7333.00
51459202425114449,20190303,7285.00,7281.00,351,730789,5324132082.00,7111.00,7450.00,7242.00,7111.00
51459202425114449,20190304,7344.00,7250.00,335,881303,6471990623.00,7230.00,7445.00,7285.00,7300.00
51459202425114449,20190305,7211.00,7150.00,184,465360,3355855965.00,7101.00,7390.00,7344.00,7350.00
51459202425114449,20190306,7220.00,7200.00,138,247396,1786202154.00,7040.00,7575.00,7211.00,7220.00
51459202425114449,20190309,7009.00,7000.00,294,654523,4587687582.00,6901.00,7111.00,7220.00,7111.00
51459202425114449,20190310,7015.00,7000.00,229,406801,2853849655.00,6950.00,7149.00,7009.00,7040.00
51459202425114449,20190311,7138.00,7030.00,291,512540,3658661711.00,7015.00,7290.00,7015.00,7200.00
51459202425114449,20190312,7005.00,7009.00,230,456343,3196568770.00,6983.00,7198.00,7138.00,7050.00
51459202425114449,20190313,7143.00,7104.00,541,898020,6414510233.00,6961.00,7287.00,7005.00,7009.00
51459202425114449,20190316,7021.00,6995.00,313,453008,3180377778.00,6960.00,7267.00,7143.00,7150.00
51459202425114449,20190317,7115.00,7100.00,368,359813,2560011933.00,6993.00,7225.00,7021.00,7000.00
51459202425114449,20190318,7066.00,7041.00,299,415804,2938119354.00,7005.00,7200.00,7115.00,7100.00
51459202425114449,20190319,7104.00,7117.00,244,402850,2861913874.00,7042.00,7194.00,7066.00,7100.00
51459202425114449,20190325,7167.00,7190.00,169,271780,1947847939.00,7050.00,7300.00,7104.00,7120.00
51459202425114449,20190326,7395.00,7433.00,500,939618,6948387951.00,7200.00,7498.00,7167.00,7249.00
51459202425114449,20190327,7386.00,7264.00,345,446222,3295650702.00,7201.00,7546.00,7395.00,7391.00
51459202425114449,20190330,7278.00,7262.00,359,570346,4150826238.00,7243.00,7386.00,7386.00,7243.00
51459202425114449,20190331,7257.00,7268.00,344,564652,4097566146.00,7157.00,7420.00,7278.00,7300.00
51459202425114449,20190406,7598.00,7920.00,693,1693662,12868408402.00,7200.00,7940.00,7257.00,7366.00
51459202425114449,20190407,8068.00,7920.00,811,1698118,13701119292.00,7680.00,8250.00,7598.00,7950.00
51459202425114449,20190408,7955.00,7937.00,450,780689,6210373272.00,7660.00,8210.00,8068.00,7890.00
51459202425114449,20190409,7981.00,7760.00,377,610643,4873332579.00,7750.00,8200.00,7955.00,8000.00
51459202425114449,20190410,8126.00,8303.00,972,2917015,23704247329.00,7780.00,8450.00,7981.00,8000.00
51459202425114449,20190413,8429.00,8261.00,557,1470474,12395351994.00,8253.00,8650.00,8126.00,8535.00
51459202425114449,20190414,8330.00,8380.00,500,1258200,10481165543.00,8050.00,8498.00,8429.00,8498.00
51459202425114449,20190415,8391.00,8200.00,599,1473802,12367217167.00,8200.00,8700.00,8330.00,8400.00
51459202425114449,20190416,8151.00,8049.00,291,641160,5226001254.00,8030.00,8399.00,8391.00,8399.00
51459202425114449,20190417,7813.00,7900.00,442,825106,6446817595.00,7400.00,8050.00,8151.00,8050.00
51459202425114449,20190420,8274.00,8274.00,224,618704,5119340102.00,7050.00,8390.00,7813.00,7050.00
51459202425114449,20190422,7934.00,7921.00,367,808424,6413923573.00,7806.00,8399.00,8274.00,8399.00
51459202425114449,20190423,8023.00,7980.00,218,518575,4160400640.00,7882.00,8180.00,7934.00,7884.00
51459202425114449,20190424,7905.00,7998.00,372,748246,5914890623.00,7802.00,8100.00,8023.00,8100.00
51459202425114449,20190427,7912.00,7854.00,267,691575,5471790838.00,7781.00,8110.00,7905.00,8002.00
51459202425114449,20190428,8395.00,8517.00,1083,2897870,24326178971.00,7800.00,8605.00,7912.00,7900.00
51459202425114449,20190429,8901.00,9000.00,921,2001508,17815327747.00,8600.00,9048.00,8395.00,8600.00
51459202425114449,20190430,8877.00,8710.00,811,1930398,17136591769.00,8212.00,9149.00,8901.00,9149.00
51459202425114449,20190501,8890.00,8880.00,547,1270678,11296136318.00,8412.00,9136.00,8877.00,8699.00
51459202425114449,20190504,9099.00,9226.00,672,1345662,12244149256.00,8856.00,9330.00,8890.00,8879.00
51459202425114449,20190505,9564.00,9441.00,755,1916955,18332817280.00,9100.00,10000.00,9099.00,9330.00
51459202425114449,20190506,8785.00,8680.00,640,1501697,13193057497.00,8608.00,9380.00,9564.00,9380.00
51459202425114449,20190507,7943.00,7907.00,507,1315172,10446383007.00,7907.00,8350.00,8785.00,8300.00
51459202425114449,20190508,8129.00,8359.00,378,719375,5847524658.00,7483.00,8420.00,7943.00,7483.00
51459202425114449,20190511,8647.00,8502.00,485,1110556,9602706366.00,8131.00,8900.00,8129.00,8499.00
51459202425114449,20190512,8114.00,8150.00,211,518606,4208118744.00,7802.00,8750.00,8647.00,8750.00
51459202425114449,20190513,8480.00,8470.00,189,409951,3476340916.00,8114.00,8650.00,8114.00,8114.00
51459202425114449,20190514,8772.00,8700.00,275,510191,4475638937.00,8230.00,8900.00,8480.00,8230.00
51459202425114449,20190515,8327.00,8265.00,427,1135582,9455837267.00,8200.00,8800.00,8772.00,8712.00
51459202425114449,20190518,8336.00,8302.00,333,828154,6903636897.00,7950.00,8540.00,8327.00,7950.00
51459202425114449,20190519,8217.00,8190.00,353,948265,7791784425.00,8151.00,8612.00,8336.00,8500.00
51459202425114449,20190520,7963.00,8200.00,324,808186,6435444285.00,7750.00,8399.00,8217.00,8100.00
51459202425114449,20190521,8208.00,8290.00,205,294270,2415372884.00,8150.00,8330.00,7963.00,8330.00
51459202425114449,20190522,8163.00,8147.00,269,721598,5890582904.00,7911.00,8300.00,8208.00,8163.00
51459202425114449,20190525,7980.00,8030.00,281,713850,5696616910.00,7900.00,8274.00,8163.00,8274.00
51459202425114449,20190526,8041.00,7950.00,502,989975,7960458572.00,7900.00,8250.00,7980.00,8250.00
51459202425114449,20190528,8207.00,8207.00,11,9766,80149562.00,8207.00,8207.00,8041.00,8207.00
51459202425114449,20190529,8103.00,8023.00,424,1126471,9127664795.00,8000.00,8480.00,8207.00,8480.00
51459202425114449,20190601,7968.00,7990.00,315,767321,6114300629.00,7840.00,8070.00,8103.00,8050.00
51459202425114449,20190602,7928.00,7930.00,552,1018919,8077526144.00,7781.00,8078.00,7968.00,7950.00
51459202425114449,20190603,7776.00,7779.00,647,1454929,11313087420.00,7655.00,7999.00,7928.00,7999.00
51459202425114449,20190608,7404.00,7390.00,404,791427,5859798010.00,7305.00,7778.00,7776.00,7778.00
51459202425114449,20190609,7839.00,8000.00,403,1111861,8716422630.00,7480.00,8000.00,7404.00,7500.00
51459202425114449,20190610,8177.00,8102.00,512,1140170,9322670167.00,8020.00,8345.00,7839.00,8140.00
51459202425114449,20190611,7986.00,8029.00,359,830889,6635134935.00,7900.00,8190.00,8177.00,8190.00
51459202425114449,20190612,8005.00,7950.00,377,685406,5486693260.00,7915.00,8098.00,7986.00,7970.00
51459202425114449,20190615,7768.00,7890.00,251,558155,4335850601.00,7400.00,7997.00,8005.00,7500.00
51459202425114449,20190616,7908.00,7789.00,333,589248,4659514561.00,7700.00,8080.00,7768.00,7891.00
51459202425114449,20190617,7739.00,7780.00,344,473472,3664365544.00,7700.00,7788.00,7908.00,7781.00
51459202425114449,20190618,7702.00,7664.00,240,340743,2624454705.00,7590.00,7998.00,7739.00,7700.00
51459202425114449,20190619,7740.00,7700.00,206,235743,1824765148.00,7667.00,7841.00,7702.00,7722.00
51459202425114449,20190622,7637.00,7680.00,166,277437,2118691010.00,7431.00,7750.00,7740.00,7750.00
51459202425114449,20190623,7838.00,7840.00,300,567761,4450076976.00,7600.00,7995.00,7637.00,7600.00
51459202425114449,20190624,8480.00,8621.00,571,1700566,14420471820.00,7900.00,8621.00,7838.00,7996.00
51459202425114449,20190625,9230.00,9328.00,948,3409476,31468350699.00,8800.00,9328.00,8480.00,9325.00
51459202425114449,20190626,9592.00,9190.00,1527,4620492,44318862325.00,9121.00,10145.00,9230.00,9800.00
51459202425114449,20190630,10127.00,10551.00,1954,5614257,56857356818.00,8633.00,10551.00,9592.00,9295.00
51459202425114449,20190701,11120.00,11139.00,372,1243615,13829525728.00,10900.00,11139.00,10127.00,11132.00
51459202425114449,20190702,11306.00,11108.00,1669,3958460,44754480298.00,10500.00,11887.00,11120.00,11670.00
51459202425114449,20190703,11242.00,11200.00,1016,2047250,23015073982.00,11000.00,11900.00,11306.00,11900.00
51459202425114449,20190706,11696.00,11400.00,1380,3349660,39177941817.00,11009.00,12260.00,11242.00,11009.00
51459202425114449,20190707,11696.00,11400.00,0,0,0.00,0.00,0.00,11696.00,0.00
51459202425114449,20190708,11696.00,11400.00,0,0,0.00,0.00,0.00,11696.00,0.00
51459202425114449,20190709,11696.00,11400.00,0,0,0.00,0.00,0.00,11696.00,0.00
51459202425114449,20190710,11696.00,11400.00,0,0,0.00,0.00,0.00,11696.00,0.00
51459202425114449,20190713,11696.00,11400.00,0,0,0.00,0.00,0.00,11696.00,0.00
51459202425114449,20190714,12000.00,12000.00,10,5411,64932000.00,12000.00,12000.00,11696.00,12000.00
51459202425114449,20190715,10910.00,10800.00,909,1591250,17360351935.00,10800.00,11870.00,12000.00,11870.00
51459202425114449,20190716,9903.00,9819.00,335,620353,6143062709.00,9819.00,10590.00,10910.00,9840.00
51459202425114449,20190717,9903.00,9819.00,0,0,0.00,0.00,0.00,9903.00,0.00
51459202425114449,20190720,9903.00,9819.00,0,0,0.00,0.00,0.00,9903.00,0.00
51459202425114449,20190721,9903.00,9819.00,0,0,0.00,0.00,0.00,9903.00,0.00
51459202425114449,20190722,9903.00,9819.00,0,0,0.00,0.00,0.00,9903.00,0.00
51459202425114449,20190723,9903.00,9819.00,0,0,0.00,0.00,0.00,9903.00,0.00
51459202425114449,20190724,9903.00,9819.00,0,0,0.00,0.00,0.00,9903.00,0.00
51459202425114449,20190727,9903.00,9819.00,0,0,0.00,0.00,0.00,9903.00,0.00
51459202425114449,20190728,9903.00,9819.00,0,0,0.00,0.00,0.00,9903.00,0.00
51459202425114449,20190729,9903.00,9819.00,0,0,0.00,0.00,0.00,9903.00,0.00
51459202425114449,20190730,10927.00,11000.00,209,454745,4969138371.00,10000.00,11000.00,9753.00,10000.00
51459202425114449,20190731,11664.00,11498.00,1066,2353454,27450241832.00,11252.00,12019.00,10927.00,12019.00
51459202425114449,20190803,11485.00,11331.00,657,1246941,14321685555.00,11001.00,11755.00,11664.00,11001.00
51459202425114449,20190804,12226.00,12633.00,980,2246283,27462531516.00,11100.00,12633.00,11485.00,11405.00
51459202425114449,20190805,13018.00,12880.00,1255,2021826,26319632472.00,12500.00,13447.00,12226.00,13200.00
51459202425114449,20190806,13316.00,13759.00,1182,2252322,29990897770.00,12552.00,14000.00,13018.00,13194.00
51459202425114449,20190807,13992.00,14249.00,1144,2443741,34191655053.00,13401.00,14640.00,13316.00,13699.00
51459202425114449,20190810,14561.00,14499.00,603,965287,14055268393.00,14190.00,14789.00,13992.00,14190.00
51459202425114449,20190811,13675.00,13579.00,1185,1680865,22985616809.00,13125.00,14450.00,14561.00,14450.00
51459202425114449,20190813,13992.00,13947.00,833,1203091,16833944891.00,13290.00,14498.00,13675.00,13860.00
51459202425114449,20190814,13736.00,13499.00,823,996024,13681766690.00,13400.00,14380.00,13992.00,14380.00
51459202425114449,20190817,13111.00,13010.00,787,1113146,14594752162.00,12900.00,13950.00,13736.00,13950.00
51459202425114449,20190818,13481.00,13600.00,626,1040065,14021292437.00,12708.00,14006.00,13111.00,13001.00
51459202425114449,20190819,13267.00,13100.00,500,668650,8870696209.00,13000.00,13580.00,13481.00,13580.00
51459202425114449,20190821,13245.00,13160.00,679,1000179,13247187502.00,12900.00,13470.00,13267.00,13450.00
51459202425114449,20190824,13921.00,14288.00,842,1290211,17961574920.00,13160.00,14300.00,13245.00,13163.00
51459202425114449,20190825,14228.00,14450.00,981,1934630,27526012292.00,13480.00,14850.00,13921.00,14513.00
51459202425114449,20190826,15463.00,15650.00,480,1102430,17046977816.00,14200.00,15650.00,14228.00,14450.00
51459202425114449,20190827,15857.00,14964.00,1427,2219907,35200887155.00,14964.00,16454.00,15463.00,15875.00
51459202425114449,20190828,14272.00,14272.00,175,293664,4191172608.00,14272.00,14272.00,15857.00,14272.00
51459202425114449,20190831,12845.00,12845.00,68,83120,1067676400.00,12845.00,12845.00,14272.00,12845.00
51459202425114449,20190901,12460.00,12460.00,39,71928,896222880.00,12460.00,12460.00,12845.00,12460.00
51459202425114449,20190902,12087.00,12087.00,18,11167,134975529.00,12087.00,12087.00,12460.00,12087.00
51459202425114449,20190903,11725.00,11725.00,53,65535,768397875.00,11725.00,11725.00,12087.00,11725.00
51459202425114449,20190904,11382.00,11374.00,598,1385745,15772316630.00,11374.00,11725.00,11725.00,11374.00
51459202425114449,20190907,11382.00,11374.00,0,0,0.00,0.00,0.00,11382.00,0.00
51459202425114449,20190908,11382.00,11374.00,0,0,0.00,0.00,0.00,11382.00,0.00
51459202425114449,20190911,11382.00,11374.00,0,0,0.00,0.00,0.00,11382.00,0.00
51459202425114449,20190914,11382.00,11374.00,0,0,0.00,0.00,0.00,11382.00,0.00
51459202425114449,20190915,11382.00,11374.00,0,0,0.00,0.00,0.00,11382.00,0.00
51459202425114449,20190916,10700.00,10700.00,38,81336,870295200.00,10700.00,10700.00,11382.00,10700.00
51459202425114449,20190917,10379.00,10379.00,105,395869,4108724351.00,10379.00,10379.00,10700.00,10379.00
51459202425114449,20190918,10379.00,10379.00,25,64082,665107078.00,10379.00,10379.00,10379.00,10379.00
51459202425114449,20190921,10379.00,10379.00,12,32037,332512023.00,10379.00,10379.00,10379.00,10379.00
51459202425114449,20190922,10379.00,10379.00,39,14247,147869613.00,10379.00,10379.00,10379.00,10379.00
51459202425114449,20190923,10229.00,9772.00,429,1277472,13066730623.00,9772.00,10800.00,10379.00,10379.00
51459202425114449,20190924,9507.00,9850.00,905,2652017,25213511834.00,9479.00,10000.00,10229.00,9486.00
51459202425114449,20190925,9792.00,9792.00,379,1285902,12591142113.00,9776.00,9792.00,9507.00,9792.00
51459202425114449,20190928,9581.00,9499.00,743,1324969,12695038107.00,9499.00,10084.00,9792.00,10084.00
51459202425114449,20190929,9686.00,9868.00,769,2171099,21028878885.00,9294.00,9868.00,9581.00,9330.00
51459202425114449,20190930,9976.00,9976.00,85,185203,1847585128.00,9976.00,9976.00,9686.00,9976.00
51459202425114449,20191001,10183.00,9687.00,336,1051186,10703988992.00,9687.00,10275.00,9976.00,10275.00
51459202425114449,20191002,10232.00,10200.00,521,1113086,11388992511.00,9880.00,10488.00,10183.00,10140.00
51459202425114449,20191005,10303.00,10190.00,379,806363,8307640605.00,10000.00,10526.00,10232.00,10300.00
51459202425114449,20191006,10163.00,10199.00,518,1047145,10642217086.00,9994.00,10500.00,10303.00,10500.00
51459202425114449,20191007,10023.00,9901.00,435,737932,7396611459.00,9859.00,10400.00,10163.00,10400.00
51459202425114449,20191008,9733.00,9739.00,252,562246,5472487623.00,9723.00,9999.00,10023.00,9800.00
51459202425114449,20191009,9503.00,9600.00,296,550648,5232694728.00,9442.00,9850.00,9733.00,9443.00
51459202425114449,20191012,9515.00,9500.00,397,652427,6207617845.00,9218.00,9787.00,9503.00,9700.00
51459202425114449,20191013,9482.00,9586.00,367,622710,5904460395.00,9257.00,9799.00,9515.00,9286.00
51459202425114449,20191014,9420.00,9300.00,248,284717,2681964253.00,9231.00,9590.00,9482.00,9231.00
51459202425114449,20191015,9198.00,9138.00,103,140529,1292644483.00,9138.00,9696.00,9420.00,9280.00
51459202425114449,20191016,8923.00,8923.00,41,65164,581458372.00,8923.00,8923.00,9198.00,8923.00
51459202425114449,20191020,8660.00,8656.00,43,71838,622103126.00,8656.00,8662.00,8923.00,8662.00
51459202425114449,20191021,8227.00,8227.00,26,15409,126769843.00,8227.00,8227.00,8660.00,8227.00
51459202425114449,20191022,8002.00,7981.00,327,663561,5309506001.00,7981.00,8359.00,8227.00,7981.00
51459202425114449,20191023,7764.00,7794.00,338,976152,7578616433.00,7762.00,7999.00,8002.00,7777.00
51459202425114449,20191026,7965.00,7996.00,186,401274,3196089298.00,7560.00,7996.00,7764.00,7560.00
51459202425114449,20191028,8203.00,8203.00,81,221882,1820098046.00,8203.00,8203.00,7965.00,8203.00
51459202425114449,20191030,8449.00,8449.00,8,15715,132776035.00,8449.00,8449.00,8203.00,8449.00
51459202425114449,20191102,8852.00,8871.00,465,1070831,9479447317.00,8620.00,8871.00,8449.00,8871.00
51459202425114449,20191103,9036.00,9024.00,423,548569,4956973547.00,8871.00,9116.00,8852.00,9116.00
51459202425114449,20191104,8805.00,8765.00,286,418403,3684011684.00,8765.00,9195.00,9036.00,9195.00
51459202425114449,20191105,8565.00,8600.00,354,506569,4338512540.00,8541.00,8980.00,8805.00,8980.00
51459202425114449,20191109,8761.00,8706.00,197,240134,2103695901.00,8566.00,8816.00,8565.00,8600.00
51459202425114449,20191110,8645.00,8600.00,236,332544,2874895920.00,8500.00,9015.00,8761.00,8706.00
51459202425114449,20191111,8558.00,8760.00,277,362225,3099742232.00,8414.00,8800.00,8645.00,8414.00
51459202425114449,20191112,8785.00,8814.00,308,523641,4600204597.00,8600.00,8814.00,8558.00,8810.00
51459202425114449,20191113,9012.00,9048.00,485,657852,5928399571.00,8900.00,9048.00,8785.00,9048.00
51459202425114449,20191116,9274.00,9282.00,153,268555,2490477377.00,9048.00,9282.00,9012.00,9282.00
51459202425114449,20191117,9498.00,9737.00,349,893284,8483975326.00,8900.00,9737.00,9274.00,8900.00
51459202425114449,20191118,9781.00,9782.00,152,604750,5915086037.00,9729.00,9782.00,9498.00,9782.00
51459202425114449,20191119,9926.00,9790.00,697,1551028,15394919659.00,9522.00,10074.00,9781.00,10074.00
51459202425114449,20191120,9663.00,9633.00,420,683407,6603987308.00,9629.00,9925.00,9926.00,9635.00
51459202425114449,20191123,9941.00,9952.00,141,482810,4799399526.00,9500.00,9952.00,9663.00,9900.00
51459202425114449,20191124,10239.00,10239.00,33,21823,223445697.00,10239.00,10239.00,9941.00,10239.00
51459202425114449,20191125,10546.00,10546.00,25,22544,237749024.00,10546.00,10546.00,10239.00,10546.00
51459202425114449,20191126,11073.00,11073.00,201,628210,6956169330.00,11073.00,11073.00,10546.00,11073.00
51459202425114449,20191127,11315.00,11399.00,1010,2761369,31245168428.00,10950.00,11405.00,11073.00,11405.00
51459202425114449,20191130,11654.00,11654.00,109,383806,4472875124.00,11654.00,11654.00,11315.00,11654.00
51459202425114449,20191201,11868.00,11885.00,771,1600626,18995678455.00,11306.00,12003.00,11654.00,12003.00
51459202425114449,20191202,12094.00,12079.00,745,1734512,20977467373.00,11620.00,12224.00,11868.00,11900.00
51459202425114449,20191203,12159.00,12405.00,605,834567,10147912411.00,11733.00,12449.00,12094.00,12200.00
51459202425114449,20191204,12461.00,12523.00,230,477888,5955032451.00,12057.00,12523.00,12159.00,12450.00
51459202425114449,20191207,12753.00,12834.00,284,767352,9785914647.00,12481.00,12834.00,12461.00,12523.00
51459202425114449,20191208,13135.00,13135.00,102,275268,3615645180.00,13135.00,13135.00,12753.00,13135.00
51459202425114449,20191209,13691.00,13791.00,539,1730050,23685596573.00,12479.00,13791.00,13135.00,13791.00
51459202425114449,20191210,13661.00,13281.00,830,2197371,30018168753.00,13281.00,14101.00,13691.00,14089.00
51459202425114449,20191211,13748.00,14070.00,853,2664577,36632534088.00,13252.00,14070.00,13661.00,13252.00
51459202425114449,20191214,14126.00,14160.00,229,842606,11902827892.00,13850.00,14160.00,13748.00,14100.00
51459202425114449,20191215,14534.00,14400.00,557,2365999,34387146737.00,14315.00,14549.00,14126.00,14549.00
51459202425114449,20191216,14955.00,14970.00,286,903062,13505675691.00,14330.00,14970.00,14534.00,14970.00
51459202425114449,20191217,15387.00,15403.00,522,1905767,29324800625.00,15015.00,15403.00,14955.00,15358.00
51459202425114449,20191218,15037.00,14929.00,1198,2753080,41399006875.00,14926.00,15640.00,15387.00,14980.00
51459202425114449,20191221,15341.00,15488.00,807,1742791,26736342950.00,14586.00,15488.00,15037.00,14586.00
51459202425114449,20191222,15797.00,15801.00,454,1676194,26479497159.00,15503.00,15801.00,15341.00,15799.00
51459202425114449,20191223,15498.00,15798.00,710,2622966,40649957977.00,15324.00,16150.00,15797.00,16000.00
51459202425114449,20191224,15857.00,15962.00,534,1623803,25749308046.00,15111.00,15962.00,15498.00,15640.00
51459202425114449,20191225,16304.00,16332.00,454,1464828,23883072757.00,15968.00,16332.00,15857.00,15968.00
51459202425114449,20191228,16783.00,16791.00,434,1000574,16792454368.00,16304.00,16793.00,16304.00,16717.00
51459202425114449,20191229,16665.00,16800.00,676,1254431,20904575438.00,16280.00,17249.00,16783.00,17240.00
51459202425114449,20191230,16975.00,17164.00,1010,3154653,53548900350.00,16361.00,17164.00,16665.00,16998.00
51459202425114449,20191231,16543.00,16466.00,508,1346470,22274220054.00,16466.00,17164.00,16975.00,17163.00
51459202425114449,20200101,16075.00,16047.00,590,1397524,22465172283.00,16047.00,16500.00,16543.00,16074.00
51459202425114449,20200104,16075.00,16047.00,0,0,0.00,15593.00,15593.00,16075.00,15593.00
51459202425114449,20200105,15278.00,15272.00,669,3208022,49011019387.00,15272.00,15592.00,16075.00,15272.00
51459202425114449,20200107,14820.00,14820.00,202,1143489,16946566791.00,14820.00,15271.00,15278.00,14820.00
51459202425114449,20200108,14524.00,14524.00,14,18683,271351892.00,14524.00,14524.00,14820.00,14524.00
51459202425114449,20200111,14814.00,14814.00,190,438932,6502327266.00,14800.00,14814.00,14524.00,14814.00
51459202425114449,20200112,15090.00,15258.00,546,1225882,18499147023.00,14701.00,15258.00,14814.00,15250.00
51459202425114449,20200113,15465.00,15542.00,235,1105030,17089140065.00,15151.00,15542.00,15090.00,15230.00
51459202425114449,20200114,16231.00,16238.00,315,2113281,34300392842.00,15542.00,16238.00,15465.00,16120.00
51459202425114449,20200115,16651.00,16717.00,431,948515,15793309426.00,16231.00,16717.00,16231.00,16689.00
51459202425114449,20200118,16871.00,16650.00,695,2343726,39541193397.00,16490.00,17150.00,16651.00,16977.00
51459202425114449,20200119,17169.00,17377.00,703,2598885,44619684959.00,16365.00,17377.00,16871.00,16999.00
51459202425114449,20200120,17656.00,17684.00,454,1954565,34510138692.00,17020.00,17684.00,17169.00,17020.00
51459202425114449,20200121,18184.00,18185.00,406,1309174,23806206762.00,18100.00,18185.00,17656.00,18184.00
51459202425114449,20200122,18937.00,19093.00,525,1269323,24036835256.00,18000.00,19093.00,18184.00,19090.00
51459202425114449,20200125,19498.00,19505.00,133,351410,6851813642.00,19001.00,19505.00,18937.00,19505.00
51459202425114449,20200126,19792.00,20082.00,719,1807214,35768955699.00,19122.00,20082.00,19498.00,20082.00
51459202425114449,20200127,20094.00,19999.00,394,612794,12313233568.00,19571.00,20348.00,19792.00,20300.00
51459202425114449,20200128,19560.00,19492.00,618,1376841,26930418970.00,19492.00,20383.00,20094.00,20000.00
51459202425114449,20200201,19481.00,20120.00,1035,2592934,50513682139.00,18974.00,20146.00,19560.00,20000.00
51459202425114449,20200202,20060.00,20064.00,604,1643835,32975641908.00,19650.00,20065.00,19481.00,20065.00
51459202425114449,20200203,20048.00,20653.00,1235,4567474,91566853438.00,19459.00,20661.00,20060.00,20064.00
51459202425114449,20200204,20649.00,20649.00,204,572777,11827272273.00,20649.00,20649.00,20048.00,20649.00
51459202425114449,20200205,21268.00,21268.00,190,660019,14037284092.00,21268.00,21268.00,20649.00,21268.00
51459202425114449,20200208,21906.00,21906.00,99,451623,9893253438.00,21906.00,21906.00,21268.00,21906.00
51459202425114449,20200209,23001.00,23001.00,139,741802,17062187802.00,23001.00,23001.00,21906.00,23001.00
51459202425114449,20200210,23622.00,23691.00,491,1715631,40526789413.00,22311.00,23691.00,23001.00,23691.00
51459202425114449,20200212,24330.00,24330.00,490,1566859,38121586670.00,24298.00,24330.00,23622.00,24330.00
51459202425114449,20200215,25059.00,25059.00,99,183346,4594467414.00,25059.00,25059.00,24330.00,25059.00
51459202425114449,20200216,25810.00,25810.00,59,127320,3286129200.00,25810.00,25810.00,25059.00,25810.00
51459202425114449,20200217,26574.00,26584.00,812,2855824,75889410789.00,25830.00,26584.00,25810.00,26584.00
51459202425114449,20200218,27769.00,27902.00,694,1303801,36205697106.00,27000.00,27902.00,26574.00,27700.00
51459202425114449,20200219,28602.00,28602.00,102,176761,5055718122.00,28602.00,28602.00,27769.00,28602.00
51459202425114449,20200222,29460.00,29460.00,151,404819,11925967740.00,29460.00,29460.00,28602.00,29460.00
51459202425114449,20200223,29840.00,30343.00,1810,4655884,138930583256.00,28577.00,30343.00,29460.00,30343.00
51459202425114449,20200224,31103.00,31332.00,984,1511509,47012152149.00,30400.00,31332.00,29840.00,30990.00
51459202425114449,20200225,32035.00,32036.00,788,2040580,65370414434.00,32000.00,32036.00,31103.00,32036.00
51459202425114449,20200226,32017.00,32996.00,2121,4247539,135993824093.00,31074.00,32996.00,32035.00,32996.00
51459202425114449,20200229,31993.00,32970.00,1918,3109974,99497050585.00,31057.00,32977.00,32017.00,32250.00
51459202425114449,20200301,32917.00,32952.00,375,786002,25873104729.00,31965.00,32952.00,31993.00,32952.00
51459202425114449,20200302,33881.00,33904.00,346,611035,20715403099.00,33800.00,33904.00,32917.00,33904.00
51459202425114449,20200303,34897.00,34897.00,462,783481,27341122988.00,34881.00,34897.00,33881.00,34897.00
51459202425114449,20200304,36240.00,36641.00,933,1048905,38012336080.00,33153.00,36641.00,34897.00,36641.00
51459202425114449,20200307,35204.00,35153.00,710,1280161,45066718292.00,35153.00,36500.00,36240.00,36500.00
51459202425114449,20200309,34148.00,34148.00,528,1401317,47852393226.00,34148.00,34393.00,35204.00,34148.00
51459202425114449,20200310,33162.00,33124.00,689,961838,31896215746.00,33124.00,33810.00,34148.00,33124.00
51459202425114449,20200311,34162.00,34820.00,1081,1650868,56397539773.00,31700.00,34820.00,33162.00,33200.00
51459202425114449,20200314,33999.00,33138.00,285,296050,10018151585.00,33138.00,34993.00,34162.00,34993.00
51459202425114449,20200315,33785.00,32980.00,70,123108,4060101840.00,32980.00,32980.00,33999.00,32980.00
51459202425114449,20200316,33400.00,32772.00,288,323081,10690148121.00,32772.00,34641.00,33785.00,32853.00
51459202425114449,20200317,31796.00,31730.00,565,731932,23272387421.00,31730.00,33350.00,33400.00,31730.00
51459202425114449,20200318,31831.00,32749.00,940,1241566,39520285122.00,30843.00,32749.00,31796.00,30844.00
51459202425114449,20200324,32616.00,32785.00,500,518183,16987798117.00,32002.00,32785.00,31831.00,32785.00
51459202425114449,20200325,33392.00,33594.00,862,881350,29429988974.00,32502.00,33594.00,32616.00,33500.00
51459202425114449,20200328,34392.00,34393.00,662,970988,33393976686.00,33871.00,34393.00,33392.00,34393.00
51459202425114449,20200329,34927.00,34575.00,1223,1417489,49509309510.00,33362.00,35423.00,34392.00,35423.00
51459202425114449,20200330,35473.00,35974.00,1327,2582095,91595947677.00,33880.00,35974.00,34927.00,35399.00
51459202425114449,20200404,36490.00,36537.00,923,1329762,48523031766.00,35477.00,36537.00,35473.00,36537.00
51459202425114449,20200405,35922.00,35400.00,1065,1138675,40903323402.00,35396.00,37290.00,36490.00,36799.00
51459202425114449,20200406,35746.00,36461.00,829,1119667,40023696011.00,34845.00,36788.00,35922.00,34845.00
51459202425114449,20200407,36215.00,36818.00,929,1827294,66176365831.00,34702.00,36818.00,35746.00,36799.00
51459202425114449,20200408,37201.00,37301.00,805,1725129,64176346528.00,35515.00,37301.00,36215.00,37225.00
51459202425114449,20200411,37873.00,37720.00,793,1202314,45535660202.00,36085.00,38317.00,37201.00,38200.00
51459202425114449,20200412,38526.00,39009.00,624,1386598,53420036102.00,37100.00,39009.00,37873.00,38300.00
51459202425114449,20200413,38626.00,37900.00,437,530448,20489537173.00,37371.00,39681.00,38526.00,39681.00
51459202425114449,20200414,37481.00,37468.00,537,659115,24704531810.00,37468.00,37985.00,38626.00,37468.00
51459202425114449,20200415,38004.00,38605.00,1052,1922215,73051116451.00,36500.00,38605.00,37481.00,38000.00
51459202425114449,20200418,39118.00,39144.00,699,1257982,49210333872.00,38605.00,39144.00,38004.00,38605.00
51459202425114449,20200419,40111.00,40100.00,1027,1805727,72430245129.00,39509.00,40291.00,39118.00,39681.00
51459202425114449,20200420,40617.00,41000.00,727,736176,29901046114.00,39001.00,41314.00,40111.00,40999.00
51459202425114449,20200421,40508.00,39600.00,548,382636,15484393823.00,39500.00,41832.00,40617.00,41832.00
51459202425114449,20200422,39341.00,39293.00,1126,2098875,82570947299.00,39293.00,40000.00,40508.00,39301.00
51459202425114449,20200425,39427.00,38922.00,1319,1430796,56412455696.00,38833.00,40400.00,39341.00,39790.00
51459202425114449,20200426,38572.00,38245.00,530,693069,26733140030.00,38245.00,39200.00,39427.00,39135.00
51459202425114449,20200427,38094.00,37415.00,277,209946,7855129590.00,37415.00,37415.00,38572.00,37415.00
51459202425114449,20200428,36956.00,36952.00,1078,1930313,71337279625.00,36952.00,37350.00,38094.00,36952.00
51459202425114449,20200429,36692.00,36298.00,2277,2273601,83421838887.00,36100.00,38000.00,36956.00,36900.00
51459202425114449,20200502,37563.00,37792.00,2454,3726658,139985935453.00,36500.00,37792.00,36692.00,37792.00
51459202425114449,20200503,38676.00,38000.00,1960,1835030,70971498408.00,38000.00,38689.00,37563.00,38689.00
51459202425114449,20200504,37547.00,37516.00,1185,1368963,51400763009.00,37516.00,38338.00,38676.00,37516.00
51459202425114449,20200505,36430.00,36421.00,680,951378,34658785335.00,36421.00,37400.00,37547.00,36421.00
51459202425114449,20200506,36216.00,35338.00,178,106762,3772755556.00,35338.00,35338.00,36430.00,35338.00
51459202425114449,20200509,35389.00,35005.00,2570,2890621,102295121231.00,34450.00,36999.00,36216.00,34700.00
51459202425114449,20200510,35085.00,34328.00,1813,1892428,66395370563.00,34328.00,36450.00,35389.00,35005.00
51459202425114449,20200511,34616.00,34033.00,348,245995,8371947835.00,34033.00,34033.00,35085.00,34033.00
51459202425114449,20200512,34447.00,33578.00,141,89765,3014129170.00,33578.00,33578.00,34616.00,33578.00
51459202425114449,20200513,34058.00,33414.00,235,207818,6944030652.00,33414.00,33414.00,34447.00,33414.00
51459202425114449,20200516,33828.00,32356.00,101,79270,2564860120.00,32356.00,32356.00,34058.00,32356.00
51459202425114449,20200517,33689.00,32814.00,89,80785,2650878990.00,32814.00,32814.00,33828.00,32814.00
51459202425114449,20200518,32856.00,32679.00,904,1006350,33064431049.00,32679.00,34589.00,33689.00,32679.00
51459202425114449,20200519,33011.00,33180.00,1171,1251834,41324715892.00,32005.00,33840.00,32856.00,32005.00
51459202425114449,20200520,33036.00,32777.00,904,530561,17528778112.00,32022.00,33990.00,33011.00,33990.00
51459202425114449,20200523,32539.00,32045.00,281,326827,10496091054.00,32045.00,33700.00,33036.00,33700.00
51459202425114449,20200526,32425.00,31563.00,75,70425,2222824275.00,31563.00,31563.00,32539.00,31563.00
51459202425114449,20200527,32253.00,31453.00,163,107386,3377611858.00,31453.00,31453.00,32425.00,31453.00
51459202425114449,20200530,31540.00,31902.00,1257,1079761,34055626329.00,30641.00,32500.00,32253.00,30641.00
51459202425114449,20200531,31246.00,30594.00,448,386159,11997046663.00,30594.00,32300.00,31540.00,32300.00
51459202425114449,20200601,30823.00,30309.00,268,280653,8507271246.00,30309.00,31000.00,31246.00,30309.00
51459202425114449,20200602,29949.00,30215.00,1235,1310535,39249491001.00,29899.00,30427.00,30823.00,30000.00
51459202425114449,20200606,30559.00,30847.00,328,458938,14152017888.00,30789.00,30847.00,29949.00,30847.00
51459202425114449,20200607,30872.00,31475.00,185,228042,7177621950.00,31475.00,31475.00,30559.00,31475.00
51459202425114449,20200608,31666.00,31798.00,460,572669,18209728862.00,31798.00,31798.00,30872.00,31798.00
51459202425114449,20200609,33202.00,33249.00,661,819530,27210132680.00,32302.00,33249.00,31666.00,33249.00
51459202425114449,20200610,34127.00,33703.00,725,860955,29381854939.00,33333.00,34198.00,33202.00,34198.00
51459202425114449,20200613,33527.00,33104.00,377,621961,20852535371.00,33104.00,35011.00,34127.00,0.00
51459202425114449,20200614,32627.00,32522.00,431,524668,17063259683.00,32522.00,32525.00,33527.00,32522.00
51459202425114449,20200615,32239.00,31649.00,247,232680,7364089320.00,31649.00,31649.00,32627.00,31649.00
51459202425114449,20200616,32663.00,33206.00,1654,3840971,125459078468.00,31272.00,33206.00,32239.00,31272.00
51459202425114449,20200620,33642.00,33642.00,754,943530,31742236260.00,33642.00,33642.00,32663.00,33642.00
51459202425114449,20200621,33642.00,33642.00,0,0,0.00,0.00,0.00,33642.00,0.00
51459202425114449,20200622,33642.00,33642.00,0,0,0.00,0.00,0.00,33642.00,0.00
51459202425114449,20200623,33642.00,33642.00,0,0,0.00,0.00,0.00,33642.00,0.00
51459202425114449,20200624,33642.00,33642.00,0,0,0.00,0.00,0.00,33642.00,0.00
51459202425114449,20200627,33642.00,33642.00,0,0,0.00,0.00,0.00,33642.00,0.00
51459202425114449,20200628,33642.00,33642.00,0,0,0.00,0.00,0.00,33642.00,0.00
51459202425114449,20200629,32931.00,32633.00,212,438121,14316581546.00,32633.00,33650.00,33642.00,32640.00
51459202425114449,20200630,32646.00,33099.00,2592,4028432,131512520888.00,31944.00,33900.00,32931.00,31944.00
51459202425114449,20200701,32646.00,33099.00,0,0,0.00,0.00,0.00,32646.00,0.00
51459202425114449,20200704,32646.00,33099.00,0,0,0.00,0.00,0.00,32646.00,0.00
51459202425114449,20200705,32646.00,33099.00,0,0,0.00,0.00,0.00,32646.00,0.00
51459202425114449,20200706,32638.00,33091.00,0,0,0.00,0.00,0.00,32638.00,0.00
51459202425114449,20200707,32638.00,33091.00,0,0,0.00,0.00,0.00,32638.00,30220.00
51459202425114449,20200708,32635.00,31913.00,90,80416,2622980465.00,31913.00,32900.00,32638.00,32900.00
51459202425114449,20200711,32248.00,31656.00,142,242066,7662841296.00,31656.00,31656.00,32635.00,31656.00
51459202425114449,20200712,31359.00,31281.00,1927,3334094,104553306521.00,31281.00,31989.00,32248.00,31281.00
51459202425114449,20200713,30470.00,30629.00,824,1858840,56639218296.00,30419.00,31280.00,31359.00,30710.00
51459202425114449,20200714,29987.00,29570.00,1085,1577745,47312132774.00,29556.00,31300.00,30470.00,31300.00
51459202425114449,20200715,29154.00,29088.00,423,622317,18143076996.00,29088.00,29600.00,29987.00,29600.00
51459202425114449,20200718,29154.00,29088.00,0,0,0.00,0.00,0.00,29154.00,0.00
51459202425114449,20200719,29042.00,30028.00,395,802187,23297494003.00,28280.00,30028.00,29154.00,28282.00
51459202425114449,20200720,29392.00,29913.00,199,275339,8236215507.00,29913.00,29913.00,29042.00,29913.00
51459202425114449,20200721,30113.00,30273.00,234,561259,16990993707.00,30273.00,30273.00,29392.00,30273.00
51459202425114449,20200722,30383.00,31016.00,182,205369,6369724904.00,31016.00,31016.00,30113.00,31016.00
51459202425114449,20200725,31880.00,31902.00,273,648858,20699867916.00,31902.00,31902.00,30383.00,31902.00
51459202425114449,20200726,32594.00,31830.00,728,1290790,42072617393.00,31016.00,32836.00,31880.00,32836.00
51459202425114449,20200727,31644.00,31617.00,373,1296527,41027051633.00,31617.00,31890.00,32594.00,31617.00
51459202425114449,20200728,31569.00,31111.00,1001,1903953,60105543772.00,30695.00,32590.00,31644.00,30700.00
51459202425114449,20200729,32109.00,32516.00,783,1395010,44791721608.00,31580.00,32516.00,31569.00,31580.00
51459202425114449,20200801,33063.00,33072.00,666,1214933,40169179960.00,32111.00,33072.00,32109.00,33072.00
51459202425114449,20200802,34003.00,34054.00,635,1169776,39776397860.00,33063.00,34054.00,33063.00,34053.00
51459202425114449,20200803,35232.00,35693.00,653,907839,31984941291.00,34040.00,35702.00,34003.00,35703.00
51459202425114449,20200804,35609.00,34400.00,868,1291430,45986216788.00,34193.00,36288.00,35232.00,36278.00
51459202425114449,20200805,35126.00,34541.00,301,282076,9743494984.00,34541.00,35399.00,35609.00,34541.00
