5564768007356822,20160312,1000.00,1000.00,0,0,0.00,0.00,0.00,1000.00,0.00
5564768007356822,20160314,1000.00,1000.00,0,0,0.00,0.00,0.00,1000.00,0.00
5564768007356822,20160315,1000.00,1000.00,0,0,0.00,0.00,0.00,1000.00,0.00
5564768007356822,20160316,1090.00,1090.00,50657,196000000,213640000000.00,1090.00,1090.00,1000.00,1090.00
5564768007356822,20160326,1144.00,1144.00,143,218622,250103568.00,1144.00,1144.00,1090.00,1144.00
5564768007356822,20160327,1201.00,1201.00,258,438665,526836665.00,1201.00,1201.00,1144.00,1201.00
5564768007356822,20160328,1261.00,1261.00,979,1973211,2488219071.00,1261.00,1261.00,1201.00,1261.00
5564768007356822,20160329,1224.00,1215.00,32677,103490489,126662238760.00,1198.00,1281.00,1261.00,1281.00
5564768007356822,20160330,1244.00,1257.00,9722,42247039,52570854557.00,1200.00,1271.00,1224.00,1200.00
5564768007356822,20160402,1255.00,1246.00,5749,25961545,32592390039.00,1245.00,1275.00,1244.00,1255.00
5564768007356822,20160403,1222.00,1240.00,3053,12249511,14963790767.00,1201.00,1247.00,1255.00,1247.00
5564768007356822,20160404,1228.00,1227.00,2256,7750258,9517984914.00,1212.00,1245.00,1222.00,1230.00
5564768007356822,20160405,1269.00,1289.00,3682,19268316,24445568191.00,1210.00,1289.00,1228.00,1229.00
5564768007356822,20160406,1332.00,1332.00,2414,29112288,38774450539.00,1300.00,1332.00,1269.00,1332.00
5564768007356822,20160409,1330.00,1329.00,3868,28649825,38104695887.00,1301.00,1359.00,1332.00,1332.00
5564768007356822,20160410,1299.00,1280.00,2136,17030718,22116272580.00,1280.00,1328.00,1330.00,1320.00
5564768007356822,20160411,1287.00,1271.00,1279,7603588,9783363475.00,1261.00,1319.00,1299.00,1278.00
5564768007356822,20160412,1344.00,1347.00,4114,45418814,61047846440.00,1273.00,1351.00,1287.00,1279.00
5564768007356822,20160413,1298.00,1285.00,1255,11009226,14295417972.00,1277.00,1360.00,1344.00,1350.00
5564768007356822,20160416,1238.00,1234.00,1353,15424922,19100639427.00,1234.00,1307.00,1298.00,1307.00
5564768007356822,20160417,1261.00,1277.00,1154,9444264,11908518127.00,1186.00,1299.00,1238.00,1218.00
5564768007356822,20160418,1284.00,1270.00,836,6872241,8826261688.00,1262.00,1311.00,1261.00,1285.00
5564768007356822,20160419,1247.00,1240.00,750,5299674,6608329671.00,1228.00,1278.00,1284.00,1270.00
5564768007356822,20160420,1259.00,1257.00,563,3391654,4270780234.00,1240.00,1280.00,1247.00,1240.00
5564768007356822,20160423,1256.00,1266.00,458,2726761,3424088349.00,1241.00,1280.00,1259.00,1272.00
5564768007356822,20160424,1270.00,1269.00,953,6089414,7732592600.00,1250.00,1287.00,1256.00,1250.00
5564768007356822,20160425,1276.00,1270.00,862,6476441,8262000654.00,1257.00,1300.00,1270.00,1272.00
5564768007356822,20160426,1324.00,1339.00,2545,24389736,32296108217.00,1264.00,1339.00,1276.00,1280.00
5564768007356822,20160427,1354.00,1330.00,1359,10198936,13813286358.00,1330.00,1385.00,1324.00,1362.00
5564768007356822,20160430,1312.00,1303.00,631,4534081,5947386235.00,1297.00,1355.00,1354.00,1350.00
5564768007356822,20160501,1314.00,1310.00,601,4029396,5296330165.00,1282.00,1345.00,1312.00,1320.00
5564768007356822,20160502,1281.00,1296.00,852,6943920,8893770982.00,1267.00,1312.00,1314.00,1312.00
5564768007356822,20160503,1281.00,1279.00,395,2036272,2607981148.00,1271.00,1300.00,1281.00,1297.00
5564768007356822,20160504,1294.00,1282.00,627,4423965,5723064796.00,1273.00,1320.00,1281.00,1285.00
5564768007356822,20160507,1260.00,1254.00,594,3925357,4946766992.00,1240.00,1298.00,1294.00,1285.00
5564768007356822,20160508,1264.00,1280.00,971,5403521,6827396136.00,1235.00,1290.00,1260.00,1240.00
5564768007356822,20160509,1282.00,1281.00,574,5447129,6982175791.00,1268.00,1295.00,1264.00,1271.00
5564768007356822,20160510,1264.00,1260.00,388,3148152,3977823516.00,1250.00,1293.00,1282.00,1270.00
5564768007356822,20160511,1238.00,1250.00,533,4551433,5634818191.00,1222.00,1269.00,1264.00,1252.00
5564768007356822,20160514,1257.00,1250.00,417,3365186,4230756763.00,1238.00,1279.00,1238.00,1268.00
5564768007356822,20160515,1241.00,1250.00,641,5160773,6403403393.00,1231.00,1269.00,1257.00,1269.00
5564768007356822,20160516,1254.00,1262.00,438,3215068,4032460940.00,1240.00,1270.00,1241.00,1249.00
5564768007356822,20160517,1265.00,1258.00,469,3297462,4171880752.00,1250.00,1280.00,1254.00,1261.00
5564768007356822,20160518,1258.00,1266.00,382,3121430,3926758624.00,1249.00,1270.00,1265.00,1255.00
5564768007356822,20160521,1254.00,1259.00,460,5331280,6682966182.00,1243.00,1275.00,1258.00,1275.00
5564768007356822,20160523,1302.00,1316.00,617,5160852,6718806612.00,1250.00,1316.00,1254.00,1250.00
5564768007356822,20160524,1357.00,1367.00,3369,38299655,51974785410.00,1320.00,1367.00,1302.00,1335.00
5564768007356822,20160525,1418.00,1424.00,2145,23726305,33634969893.00,1380.00,1424.00,1357.00,1390.00
5564768007356822,20160528,1470.00,1428.00,3139,41864316,61551749002.00,1418.00,1488.00,1418.00,1460.00
5564768007356822,20160529,1410.00,1420.00,1150,11687502,16481815278.00,1397.00,1450.00,1470.00,1433.00
5564768007356822,20160530,1412.00,1390.00,540,4487101,6337013557.00,1383.00,1448.00,1410.00,1420.00
5564768007356822,20160531,1404.00,1360.00,848,8966726,12590590962.00,1350.00,1452.00,1412.00,1418.00
5564768007356822,20160601,1352.00,1362.00,677,5261074,7111785880.00,1334.00,1379.00,1404.00,1342.00
5564768007356822,20160605,1348.00,1339.00,461,3332450,4491979349.00,1320.00,1390.00,1352.00,1360.00
5564768007356822,20160606,1342.00,1320.00,513,5151288,6912750368.00,1312.00,1360.00,1348.00,1314.00
5564768007356822,20160607,1312.00,1300.00,435,3900476,5117331782.00,1298.00,1348.00,1342.00,1348.00
5564768007356822,20160608,1323.00,1300.00,618,3190148,4220019549.00,1299.00,1345.00,1312.00,1324.00
5564768007356822,20160611,1273.00,1270.00,486,4984924,6344027943.00,1257.00,1310.00,1323.00,1298.00
5564768007356822,20160612,1261.00,1277.00,360,3699456,4666156254.00,1224.00,1300.00,1273.00,1272.00
5564768007356822,20160613,1281.00,1278.00,274,2385269,3056357199.00,1269.00,1310.00,1261.00,1289.00
5564768007356822,20160614,1278.00,1260.00,347,3517079,4495957733.00,1256.00,1298.00,1281.00,1298.00
5564768007356822,20160615,1287.00,1290.00,226,1688188,2173411537.00,1256.00,1300.00,1278.00,1256.00
5564768007356822,20160618,1276.00,1266.00,129,929106,1185127059.00,1261.00,1304.00,1287.00,1302.00
5564768007356822,20160619,1252.00,1266.00,235,915761,1146523053.00,1241.00,1270.00,1276.00,1257.00
5564768007356822,20160620,1257.00,1265.00,192,1411106,1773461715.00,1231.00,1279.00,1252.00,1243.00
5564768007356822,20160621,1301.00,1319.00,504,5982044,7783874435.00,1244.00,1319.00,1257.00,1244.00
5564768007356822,20160622,1361.00,1351.00,934,11887941,16181612329.00,1323.00,1366.00,1301.00,1365.00
5564768007356822,20160625,1301.00,1295.00,526,5416467,7047680889.00,1293.00,1374.00,1361.00,1350.00
5564768007356822,20160626,1306.00,1300.00,210,1762010,2300867077.00,1270.00,1329.00,1301.00,1270.00
5564768007356822,20160628,1319.00,1329.00,339,2731290,3602121689.00,1300.00,1345.00,1306.00,1310.00
5564768007356822,20160629,1308.00,1298.00,219,2281040,2983711204.00,1297.00,1330.00,1319.00,1297.00
5564768007356822,20160702,1294.00,1286.00,174,880156,1138918713.00,1285.00,1308.00,1308.00,1285.00
5564768007356822,20160703,1289.00,1310.00,193,1707748,2202068800.00,1270.00,1310.00,1294.00,1282.00
5564768007356822,20160704,1285.00,1268.00,149,1244694,1599811572.00,1262.00,1308.00,1289.00,1281.00
5564768007356822,20160705,1295.00,1300.00,230,2635202,3412484839.00,1270.00,1326.00,1285.00,1300.00
5564768007356822,20160709,1291.00,1274.00,107,753392,972478961.00,1271.00,1307.00,1295.00,1307.00
5564768007356822,20160710,1288.00,1308.00,250,3041386,3917615303.00,1272.00,1308.00,1291.00,1272.00
5564768007356822,20160711,1284.00,1290.00,85,659288,846828721.00,1276.00,1298.00,1288.00,1291.00
5564768007356822,20160712,1275.00,1266.00,530,5393503,6877358528.00,1250.00,1313.00,1284.00,1290.00
5564768007356822,20160713,1271.00,1272.00,193,1936911,2462072508.00,1254.00,1280.00,1275.00,1280.00
5564768007356822,20160716,1272.00,1280.00,258,1326194,1687097218.00,1260.00,1290.00,1271.00,1260.00
5564768007356822,20160717,1272.00,1280.00,0,0,0.00,0.00,0.00,1272.00,0.00
5564768007356822,20160718,1272.00,1280.00,0,0,0.00,0.00,0.00,1272.00,0.00
5564768007356822,20160719,1272.00,1280.00,0,0,0.00,0.00,0.00,1272.00,0.00
5564768007356822,20160720,1272.00,1280.00,0,0,0.00,0.00,0.00,1272.00,0.00
5564768007356822,20160723,1272.00,1280.00,0,0,0.00,0.00,0.00,1272.00,0.00
5564768007356822,20160724,1272.00,1280.00,0,0,0.00,0.00,0.00,1272.00,0.00
5564768007356822,20160725,1272.00,1280.00,0,0,0.00,0.00,0.00,1272.00,0.00
5564768007356822,20160726,1272.00,1280.00,0,0,0.00,0.00,0.00,1272.00,0.00
5564768007356822,20160727,1266.00,1284.00,1663,22485814,28457716883.00,1243.00,1312.00,1252.00,1270.00
5564768007356822,20160731,1322.00,1329.00,232,2599305,3437032978.00,1281.00,1329.00,1266.00,1297.00
5564768007356822,20160801,1329.00,1309.00,836,9943012,13216037619.00,1287.00,1385.00,1322.00,1360.00
5564768007356822,20160802,1294.00,1290.00,865,7664152,9920718069.00,1279.00,1318.00,1329.00,1310.00
5564768007356822,20160803,1298.00,1305.00,255,2269565,2945873674.00,1286.00,1317.00,1294.00,1286.00
5564768007356822,20160806,1295.00,1327.00,1496,15579562,20175147600.00,1266.00,1347.00,1298.00,1310.00
5564768007356822,20160807,1355.00,1330.00,1368,22307136,30226299304.00,1330.00,1359.00,1295.00,1340.00
5564768007356822,20160808,1357.00,1341.00,727,8069587,10953732723.00,1328.00,1394.00,1355.00,1340.00
5564768007356822,20160809,1343.00,1332.00,433,4551434,6110564693.00,1329.00,1365.00,1357.00,1360.00
5564768007356822,20160810,1399.00,1409.00,3662,61621025,86208136990.00,1341.00,1410.00,1343.00,1341.00
5564768007356822,20160813,1351.00,1335.00,1510,21649462,29257989975.00,1332.00,1421.00,1399.00,1404.00
5564768007356822,20160814,1338.00,1352.00,1335,17311675,23168885026.00,1307.00,1385.00,1351.00,1340.00
5564768007356822,20160815,1387.00,1392.00,1279,16598669,23026699014.00,1352.00,1404.00,1338.00,1364.00
5564768007356822,20160816,1404.00,1390.00,1048,11988322,16826193903.00,1370.00,1435.00,1387.00,1405.00
5564768007356822,20160817,1375.00,1367.00,505,5212616,7167031744.00,1360.00,1400.00,1404.00,1400.00
5564768007356822,20160820,1360.00,1355.00,232,2611395,3552244486.00,1342.00,1391.00,1375.00,1391.00
5564768007356822,20160821,1416.00,1428.00,1096,15438171,21864143564.00,1347.00,1428.00,1360.00,1350.00
5564768007356822,20160822,1481.00,1479.00,2797,41834129,61936347118.00,1440.00,1486.00,1416.00,1456.00
5564768007356822,20160823,1417.00,1407.00,400,5233522,7416086301.00,1407.00,1455.00,1481.00,1440.00
5564768007356822,20160824,1388.00,1390.00,641,6354473,8820265712.00,1360.00,1423.00,1417.00,1381.00
5564768007356822,20160827,1398.00,1390.00,347,3725545,5207223414.00,1375.00,1420.00,1388.00,1409.00
5564768007356822,20160828,1370.00,1364.00,442,4885449,6693078597.00,1357.00,1401.00,1398.00,1390.00
5564768007356822,20160829,1364.00,1381.00,257,2458787,3352840577.00,1351.00,1385.00,1370.00,1351.00
5564768007356822,20160830,1369.00,1360.00,236,2782037,3808248025.00,1359.00,1390.00,1364.00,1389.00
5564768007356822,20160831,1361.00,1356.00,222,2983609,4059900281.00,1350.00,1385.00,1369.00,1350.00
5564768007356822,20160903,1326.00,1331.00,350,4004205,5308136058.00,1306.00,1369.00,1361.00,1356.00
5564768007356822,20160904,1345.00,1350.00,162,1390790,1870630770.00,1313.00,1380.00,1326.00,1313.00
5564768007356822,20160905,1344.00,1349.00,152,1617653,2174865703.00,1337.00,1378.00,1345.00,1345.00
5564768007356822,20160906,1339.00,1325.00,401,4436662,5939383130.00,1325.00,1376.00,1344.00,1359.00
5564768007356822,20160907,1335.00,1350.00,326,3650173,4873971897.00,1330.00,1351.00,1339.00,1343.00
5564768007356822,20160910,1325.00,1315.00,219,1930447,2558174776.00,1315.00,1350.00,1335.00,1350.00
5564768007356822,20160911,1337.00,1322.00,136,1070789,1431947551.00,1320.00,1358.00,1325.00,1335.00
5564768007356822,20160913,1321.00,1315.00,316,3119254,4121479004.00,1315.00,1353.00,1337.00,1330.00
5564768007356822,20160914,1320.00,1315.00,220,1732490,2287716408.00,1313.00,1345.00,1321.00,1345.00
5564768007356822,20160917,1309.00,1323.00,244,2662821,3484694959.00,1300.00,1328.00,1320.00,1320.00
5564768007356822,20160918,1341.00,1336.00,179,1482114,1988105493.00,1330.00,1355.00,1309.00,1340.00
5564768007356822,20160919,1340.00,1349.00,339,2852837,3823934793.00,1322.00,1360.00,1341.00,1350.00
5564768007356822,20160921,1371.00,1370.00,668,4566189,6258457595.00,1325.00,1387.00,1340.00,1325.00
5564768007356822,20160924,1428.00,1439.00,1484,16662235,23800523352.00,1381.00,1439.00,1371.00,1390.00
5564768007356822,20160925,1452.00,1419.00,2492,24333656,35323921028.00,1390.00,1467.00,1428.00,1440.00
5564768007356822,20160926,1389.00,1380.00,672,5947539,8262330938.00,1380.00,1430.00,1452.00,1430.00
5564768007356822,20160927,1378.00,1368.00,330,3025318,4169012152.00,1361.00,1399.00,1389.00,1377.00
5564768007356822,20160928,1360.00,1350.00,611,5070696,6895794926.00,1342.00,1395.00,1378.00,1370.00
5564768007356822,20161001,1361.00,1355.00,204,1474799,2006935025.00,1350.00,1388.00,1360.00,1383.00
5564768007356822,20161002,1353.00,1350.00,367,3642879,4927291627.00,1341.00,1372.00,1361.00,1351.00
5564768007356822,20161003,1356.00,1351.00,526,4344621,5891649698.00,1340.00,1385.00,1353.00,1352.00
5564768007356822,20161004,1346.00,1341.00,590,6118105,8234022615.00,1338.00,1366.00,1356.00,1354.00
5564768007356822,20161005,1342.00,1370.00,1537,27482310,36891569484.00,1320.00,1395.00,1346.00,1341.00
5564768007356822,20161008,1362.00,1359.00,1004,22872399,31156738943.00,1354.00,1384.00,1342.00,1354.00
5564768007356822,20161009,1352.00,1355.00,957,22030794,29791901979.00,1343.00,1379.00,1362.00,1379.00
5564768007356822,20161010,1371.00,1381.00,1296,27695417,37974019642.00,1363.00,1391.00,1352.00,1370.00
5564768007356822,20161012,1371.00,1381.00,0,0,0.00,0.00,0.00,1371.00,0.00
5564768007356822,20161015,1369.00,1382.00,1598,33140857,45370921971.00,1353.00,1389.00,1371.00,1382.00
5564768007356822,20161016,1432.00,1402.00,4368,67495872,96679111093.00,1391.00,1437.00,1369.00,1397.00
5564768007356822,20161017,1413.00,1412.00,2397,30511875,43098347471.00,1400.00,1437.00,1432.00,1419.00
5564768007356822,20161018,1442.00,1461.00,1581,17934768,25858429486.00,1410.00,1470.00,1413.00,1410.00
5564768007356822,20161019,1453.00,1466.00,1853,22749274,33061820046.00,1432.00,1480.00,1442.00,1468.00
5564768007356822,20161022,1452.00,1465.00,2597,38285487,55598696354.00,1421.00,1494.00,1453.00,1470.00
5564768007356822,20161023,1471.00,1479.00,1489,20306568,29863343524.00,1442.00,1489.00,1452.00,1479.00
5564768007356822,20161024,1476.00,1544.00,3394,42565901,62830131951.00,1445.00,1544.00,1471.00,1471.00
5564768007356822,20161025,1495.00,1430.00,6846,101738410,152077500590.00,1418.00,1549.00,1476.00,1549.00
5564768007356822,20161026,1426.00,1422.00,3021,40075087,57144039331.00,1421.00,1449.00,1495.00,1441.00
5564768007356822,20161027,1426.00,1422.00,0,0,0.00,0.00,0.00,1426.00,0.00
5564768007356822,20161028,1426.00,1422.00,0,0,0.00,0.00,0.00,1426.00,0.00
5564768007356822,20161029,1433.00,1419.00,2391,24167547,34621191026.00,1391.00,1470.00,1426.00,1440.00
5564768007356822,20161030,1411.00,1410.00,953,8389606,11840840245.00,1402.00,1439.00,1433.00,1439.00
5564768007356822,20161031,1389.00,1384.00,1411,12355493,17161535666.00,1370.00,1421.00,1411.00,1402.00
5564768007356822,20161101,1408.00,1395.00,1433,14302666,20131385989.00,1389.00,1436.00,1389.00,1399.00
5564768007356822,20161102,1403.00,1396.00,551,4913120,6893322177.00,1383.00,1430.00,1408.00,1397.00
5564768007356822,20161105,1385.00,1377.00,651,5732391,7938665277.00,1370.00,1410.00,1403.00,1403.00
5564768007356822,20161106,1369.00,1367.00,631,5326898,7295171669.00,1357.00,1384.00,1385.00,1370.00
5564768007356822,20161107,1396.00,1387.00,590,4882894,6814540665.00,1372.00,1414.00,1369.00,1372.00
5564768007356822,20161108,1400.00,1397.00,506,4936434,6910157863.00,1388.00,1418.00,1396.00,1409.00
5564768007356822,20161109,1339.00,1359.00,1503,15326871,20521266115.00,1330.00,1360.00,1400.00,1350.00
5564768007356822,20161112,1385.00,1405.00,922,10997965,15236559707.00,1355.00,1405.00,1339.00,1370.00
5564768007356822,20161113,1379.00,1373.00,907,9220080,12716473325.00,1366.00,1420.00,1385.00,1400.00
5564768007356822,20161114,1379.00,1373.00,0,0,0.00,0.00,0.00,1379.00,0.00
5564768007356822,20161115,1401.00,1391.00,503,4128606,5785796224.00,1375.00,1419.00,1379.00,1400.00
5564768007356822,20161116,1392.00,1400.00,823,20929418,29140063604.00,1370.00,1422.00,1401.00,1401.00
5564768007356822,20161119,1378.00,1376.00,330,6651660,9169107277.00,1373.00,1404.00,1392.00,1404.00
5564768007356822,20161121,1376.00,1372.00,556,13368883,18398532669.00,1369.00,1400.00,1378.00,1400.00
5564768007356822,20161122,1373.00,1395.00,761,11931328,16376720232.00,1361.00,1395.00,1376.00,1370.00
5564768007356822,20161123,1373.00,1395.00,0,0,0.00,0.00,0.00,1373.00,0.00
5564768007356822,20161126,1373.00,1395.00,0,0,0.00,0.00,0.00,1373.00,0.00
5564768007356822,20161127,1376.00,1390.00,361,4804320,6612244490.00,1367.00,1395.00,1373.00,1380.00
5564768007356822,20161129,1376.00,1383.00,1491,29487242,40566219443.00,1366.00,1395.00,1376.00,1375.00
5564768007356822,20161203,1356.00,1379.00,1309,20692709,28051337156.00,1341.00,1399.00,1376.00,1399.00
5564768007356822,20161204,1417.00,1423.00,1690,22636790,32066870384.00,1370.00,1423.00,1356.00,1379.00
5564768007356822,20161205,1419.00,1389.00,1860,24656308,34997696325.00,1381.00,1456.00,1417.00,1435.00
5564768007356822,20161206,1392.00,1384.00,790,10249321,14265751363.00,1370.00,1420.00,1419.00,1417.00
5564768007356822,20161207,1390.00,1387.00,407,4283408,5954342325.00,1370.00,1419.00,1392.00,1370.00
5564768007356822,20161210,1403.00,1384.00,710,7758183,10883145953.00,1380.00,1426.00,1390.00,1389.00
5564768007356822,20161211,1396.00,1396.00,325,3423646,4780167802.00,1385.00,1408.00,1403.00,1385.00
5564768007356822,20161212,1395.00,1392.00,1228,15846591,22103069729.00,1387.00,1412.00,1396.00,1398.00
5564768007356822,20161213,1393.00,1389.00,1273,12905987,17982354817.00,1386.00,1406.00,1395.00,1390.00
5564768007356822,20161214,1389.00,1398.00,1548,17196445,23887825965.00,1375.00,1400.00,1393.00,1398.00
5564768007356822,20161218,1398.00,1400.00,371,3827479,5350322007.00,1387.00,1415.00,1389.00,1399.00
5564768007356822,20161219,1414.00,1410.00,655,7471331,10561938198.00,1394.00,1444.00,1398.00,1418.00
5564768007356822,20161220,1398.00,1378.00,678,12921487,18065474314.00,1378.00,1417.00,1414.00,1417.00
5564768007356822,20161221,1397.00,1396.00,267,3282345,4586380247.00,1385.00,1410.00,1398.00,1390.00
5564768007356822,20161224,1392.00,1381.00,228,1767393,2460871940.00,1377.00,1402.00,1397.00,1380.00
5564768007356822,20161225,1392.00,1361.00,369,3357250,4672224640.00,1361.00,1405.00,1392.00,1376.00
5564768007356822,20161226,1377.00,1380.00,414,4255196,5858988782.00,1360.00,1400.00,1392.00,1363.00
5564768007356822,20161227,1370.00,1363.00,332,4376076,5995064891.00,1360.00,1390.00,1377.00,1390.00
5564768007356822,20161228,1395.00,1396.00,845,21459753,29929619937.00,1364.00,1400.00,1370.00,1388.00
5564768007356822,20161231,1404.00,1415.00,484,4686825,6579707572.00,1380.00,1425.00,1395.00,1380.00
5564768007356822,20170101,1404.00,1415.00,0,0,0.00,0.00,0.00,1404.00,0.00
5564768007356822,20170102,1404.00,1415.00,0,0,0.00,0.00,0.00,1404.00,0.00
5564768007356822,20170103,1404.00,1415.00,0,0,0.00,0.00,0.00,1404.00,0.00
5564768007356822,20170104,1404.00,1415.00,0,0,0.00,0.00,0.00,1404.00,0.00
5564768007356822,20170107,1404.00,1415.00,0,0,0.00,0.00,0.00,1404.00,0.00
5564768007356822,20170108,1404.00,1415.00,0,0,0.00,0.00,0.00,1404.00,0.00
5564768007356822,20170109,1404.00,1415.00,0,0,0.00,0.00,0.00,1404.00,0.00
5564768007356822,20170111,1404.00,1415.00,0,0,0.00,0.00,0.00,1404.00,0.00
5564768007356822,20170114,1404.00,1415.00,0,0,0.00,0.00,0.00,1404.00,0.00
5564768007356822,20170115,1404.00,1415.00,0,0,0.00,0.00,0.00,1404.00,0.00
5564768007356822,20170116,1404.00,1415.00,0,0,0.00,0.00,0.00,1404.00,0.00
5564768007356822,20170117,1404.00,1415.00,0,0,0.00,0.00,0.00,1404.00,0.00
5564768007356822,20170118,1404.00,1415.00,0,0,0.00,0.00,0.00,1404.00,0.00
5564768007356822,20170121,1404.00,1415.00,0,0,0.00,0.00,0.00,1404.00,0.00
5564768007356822,20170122,1404.00,1415.00,0,0,0.00,0.00,0.00,1404.00,0.00
5564768007356822,20170123,1404.00,1415.00,0,0,0.00,0.00,0.00,1404.00,0.00
5564768007356822,20170124,1404.00,1415.00,0,0,0.00,0.00,0.00,1404.00,0.00
5564768007356822,20170125,1404.00,1415.00,0,0,0.00,0.00,0.00,1404.00,0.00
5564768007356822,20170128,1404.00,1415.00,0,0,0.00,0.00,0.00,1404.00,0.00
5564768007356822,20170129,1404.00,1415.00,0,0,0.00,0.00,0.00,1404.00,0.00
5564768007356822,20170130,1404.00,1415.00,0,0,0.00,0.00,0.00,1404.00,0.00
5564768007356822,20170131,1404.00,1415.00,0,0,0.00,0.00,0.00,1404.00,0.00
5564768007356822,20170201,1436.00,1425.00,856,22983950,33008828885.00,1412.00,1450.00,1404.00,1450.00
5564768007356822,20170204,1385.00,1378.00,952,13504966,18706518640.00,1365.00,1420.00,1436.00,1420.00
5564768007356822,20170205,1331.00,1340.00,1365,15362458,20448514265.00,1316.00,1385.00,1385.00,1385.00
5564768007356822,20170206,1368.00,1381.00,1076,12557720,17183012422.00,1340.00,1382.00,1331.00,1360.00
5564768007356822,20170207,1376.00,1400.00,601,7894238,10865595055.00,1345.00,1400.00,1368.00,1363.00
5564768007356822,20170208,1422.00,1415.00,1511,14835092,21088847936.00,1389.00,1439.00,1376.00,1390.00
5564768007356822,20170211,1442.00,1441.00,1433,16235560,23404448873.00,1401.00,1460.00,1422.00,1429.00
5564768007356822,20170212,1470.00,1487.00,1720,19284855,28352890010.00,1426.00,1507.00,1442.00,1444.00
5564768007356822,20170213,1511.00,1527.00,2064,30707844,46402640669.00,1482.00,1535.00,1470.00,1482.00
5564768007356822,20170214,1485.00,1486.00,1197,11273521,16746065920.00,1465.00,1530.00,1511.00,1530.00
5564768007356822,20170215,1505.00,1524.00,1381,15267415,22972094355.00,1453.00,1528.00,1485.00,1472.00
5564768007356822,20170218,1523.00,1526.00,802,8318316,12669567292.00,1496.00,1545.00,1505.00,1496.00
5564768007356822,20170219,1523.00,1526.00,0,0,0.00,0.00,0.00,1523.00,0.00
5564768007356822,20170220,1523.00,1526.00,0,0,0.00,0.00,0.00,1523.00,0.00
5564768007356822,20170221,1523.00,1526.00,0,0,0.00,0.00,0.00,1523.00,0.00
5564768007356822,20170222,1523.00,1526.00,0,0,0.00,0.00,0.00,1523.00,0.00
5564768007356822,20170225,1523.00,1526.00,0,0,0.00,0.00,0.00,1523.00,0.00
5564768007356822,20170226,1531.00,1523.00,2929,46590731,71348604063.00,1495.00,1570.00,1523.00,1530.00
5564768007356822,20170227,1466.00,1455.00,1355,15317808,22448542620.00,1455.00,1544.00,1531.00,1543.00
5564768007356822,20170228,1428.00,1465.00,862,7609541,10864427429.00,1410.00,1465.00,1466.00,1450.00
5564768007356822,20170301,1443.00,1430.00,656,5966210,8609900896.00,1422.00,1466.00,1428.00,1460.00
5564768007356822,20170304,1401.00,1420.00,440,4199435,5882409729.00,1382.00,1449.00,1443.00,1421.00
5564768007356822,20170305,1394.00,1399.00,389,3609440,5030715907.00,1380.00,1410.00,1401.00,1410.00
5564768007356822,20170306,1396.00,1397.00,320,3994370,5574231304.00,1381.00,1429.00,1394.00,1429.00
5564768007356822,20170307,1385.00,1382.00,307,3660527,5071218044.00,1380.00,1409.00,1396.00,1397.00
5564768007356822,20170308,1406.00,1439.00,530,6509232,9149636497.00,1381.00,1439.00,1385.00,1382.00
5564768007356822,20170311,1415.00,1420.00,349,2897072,4099088014.00,1401.00,1430.00,1406.00,1430.00
5564768007356822,20170312,1470.00,1485.00,1034,12138404,17845467862.00,1410.00,1485.00,1415.00,1410.00
5564768007356822,20170313,1535.00,1529.00,2661,38189701,58606432177.00,1461.00,1543.00,1470.00,1489.00
5564768007356822,20170314,1545.00,1511.00,3426,38914752,60136849808.00,1490.00,1570.00,1535.00,1550.00
5564768007356822,20170315,1497.00,1480.00,912,12163527,18214342253.00,1478.00,1530.00,1545.00,1522.00
5564768007356822,20170318,1512.00,1529.00,232,2213453,3347766306.00,1491.00,1540.00,1497.00,1500.00
5564768007356822,20170325,1516.00,1515.00,110,782034,1185684185.00,1512.00,1540.00,1512.00,1512.00
5564768007356822,20170326,1506.00,1500.00,255,3206105,4829367866.00,1496.00,1529.00,1516.00,1529.00
5564768007356822,20170327,1481.00,1478.00,240,2852381,4225043141.00,1470.00,1515.00,1506.00,1515.00
5564768007356822,20170328,1465.00,1464.00,375,3843852,5629788572.00,1455.00,1480.00,1481.00,1470.00
5564768007356822,20170329,1471.00,1480.00,247,2491319,3663753417.00,1461.00,1510.00,1465.00,1509.00
5564768007356822,20170403,1493.00,1485.00,168,1804684,2694853305.00,1471.00,1510.00,1471.00,1510.00
5564768007356822,20170404,1470.00,1460.00,365,4874707,7166563876.00,1452.00,1500.00,1493.00,1490.00
5564768007356822,20170405,1470.00,1470.00,476,5114955,7518757762.00,1460.00,1489.00,1470.00,1482.00
5564768007356822,20170408,1467.00,1464.00,760,9726142,14270256100.00,1457.00,1493.00,1470.00,1470.00
5564768007356822,20170409,1503.00,1540.00,1923,21811148,32792402723.00,1471.00,1540.00,1467.00,1487.00
5564768007356822,20170410,1578.00,1578.00,60,760723,1200420894.00,1578.00,1578.00,1503.00,1578.00
5564768007356822,20170412,1649.00,1656.00,4724,84037004,138610346592.00,1605.00,1656.00,1578.00,1656.00
5564768007356822,20170415,1724.00,1660.00,3607,58497079,100844240614.00,1656.00,1731.00,1649.00,1700.00
5564768007356822,20170416,1705.00,1700.00,2385,32976469,56230185970.00,1663.00,1736.00,1724.00,1719.00
5564768007356822,20170417,1734.00,1729.00,972,11549675,20031200991.00,1710.00,1770.00,1705.00,1711.00
5564768007356822,20170418,1727.00,1732.00,896,12716331,21955530128.00,1695.00,1770.00,1734.00,1763.00
5564768007356822,20170419,1719.00,1725.00,1702,23273343,40009694247.00,1705.00,1760.00,1727.00,1730.00
5564768007356822,20170422,1795.00,1804.00,788,10662408,19138304536.00,1731.00,1804.00,1719.00,1731.00
5564768007356822,20170423,1879.00,1884.00,2933,49597343,93171992083.00,1840.00,1884.00,1795.00,1884.00
5564768007356822,20170424,1910.00,1890.00,1394,16646534,31794196644.00,1852.00,1947.00,1879.00,1900.00
5564768007356822,20170426,1907.00,1928.00,1347,18310782,34912759556.00,1881.00,1930.00,1910.00,1930.00
5564768007356822,20170429,1881.00,1850.00,634,6761130,12716071894.00,1832.00,1931.00,1907.00,1920.00
5564768007356822,20170430,1874.00,1873.00,634,6892173,12912869285.00,1850.00,1908.00,1881.00,1874.00
5564768007356822,20170501,1857.00,1861.00,487,6405845,11898548971.00,1841.00,1880.00,1874.00,1880.00
5564768007356822,20170502,1916.00,1943.00,1589,24774081,47470740150.00,1886.00,1943.00,1857.00,1890.00
5564768007356822,20170503,1981.00,1979.00,1733,24499173,48535458840.00,1950.00,2011.00,1916.00,1963.00
5564768007356822,20170506,1974.00,1960.00,645,7783765,15362896746.00,1944.00,2015.00,1981.00,1984.00
5564768007356822,20170507,1906.00,1899.00,810,9579857,18255393287.00,1876.00,1950.00,1974.00,1904.00
5564768007356822,20170508,1869.00,1859.00,586,7229409,13511140278.00,1821.00,1920.00,1906.00,1856.00
5564768007356822,20170509,1798.00,1845.00,836,12077322,21719939473.00,1776.00,1845.00,1869.00,1842.00
5564768007356822,20170510,1886.00,1887.00,294,5617623,10593434602.00,1849.00,1887.00,1798.00,1849.00
5564768007356822,20170513,1905.00,1892.00,617,7571924,14426864117.00,1869.00,1950.00,1886.00,1915.00
5564768007356822,20170514,1869.00,1878.00,343,3422752,6397889232.00,1841.00,1898.00,1905.00,1898.00
5564768007356822,20170515,1883.00,1892.00,280,2067857,3893968956.00,1855.00,1895.00,1869.00,1893.00
5564768007356822,20170516,1892.00,1885.00,234,2275246,4304384712.00,1875.00,1915.00,1883.00,1899.00
5564768007356822,20170517,1871.00,1870.00,386,3994933,7473172997.00,1843.00,1900.00,1892.00,1870.00
5564768007356822,20170520,1936.00,1928.00,547,6167358,11939695038.00,1879.00,1961.00,1871.00,1940.00
5564768007356822,20170521,1881.00,1880.00,228,1901617,3577666850.00,1870.00,1920.00,1936.00,1900.00
5564768007356822,20170522,1887.00,1897.00,762,8199872,15469162378.00,1860.00,1919.00,1881.00,1871.00
5564768007356822,20170523,1874.00,1850.00,244,2903430,5441523422.00,1850.00,1900.00,1887.00,1900.00
5564768007356822,20170524,1858.00,1880.00,444,5623334,10446353432.00,1830.00,1880.00,1874.00,1852.00
5564768007356822,20170527,1852.00,1852.00,246,3034033,5619953645.00,1850.00,1882.00,1858.00,1850.00
5564768007356822,20170528,1852.00,1860.00,219,2461039,4556807687.00,1840.00,1886.00,1852.00,1872.00
5564768007356822,20170529,1861.00,1886.00,554,10598390,19726165255.00,1849.00,1890.00,1852.00,1883.00
5564768007356822,20170530,1914.00,1889.00,616,6670334,12764109779.00,1885.00,1944.00,1861.00,1899.00
5564768007356822,20170531,1885.00,1870.00,344,3706652,6986264238.00,1869.00,1926.00,1914.00,1920.00
5564768007356822,20170603,1902.00,1900.00,476,5410619,10290912716.00,1870.00,1926.00,1885.00,1870.00
5564768007356822,20170606,1896.00,1888.00,127,1058140,2005922580.00,1885.00,1919.00,1902.00,1885.00
5564768007356822,20170607,1816.00,1820.00,421,5281908,9593842235.00,1802.00,1900.00,1896.00,1885.00
5564768007356822,20170610,1858.00,1863.00,89,762428,1416841090.00,1840.00,1887.00,1816.00,1887.00
5564768007356822,20170611,1851.00,1850.00,74,834208,1544475072.00,1841.00,1890.00,1858.00,1890.00
5564768007356822,20170612,1844.00,1850.00,170,2185397,4030600124.00,1835.00,1877.00,1851.00,1850.00
5564768007356822,20170613,1832.00,1850.00,152,1730306,3169557434.00,1812.00,1859.00,1844.00,1859.00
5564768007356822,20170614,1846.00,1845.00,106,710069,1310970048.00,1825.00,1870.00,1832.00,1825.00
5564768007356822,20170617,1843.00,1830.00,590,8355225,15402581363.00,1825.00,1870.00,1846.00,1843.00
5564768007356822,20170618,1806.00,1818.00,609,8958141,16181954575.00,1793.00,1850.00,1843.00,1830.00
5564768007356822,20170619,1852.00,1857.00,531,6544919,12123209051.00,1810.00,1870.00,1806.00,1810.00
5564768007356822,20170620,1939.00,1910.00,2322,38423649,74495306765.00,1857.00,1944.00,1852.00,1857.00
5564768007356822,20170621,1902.00,1904.00,540,8081051,15372906755.00,1880.00,1932.00,1939.00,1918.00
5564768007356822,20170624,1901.00,1923.00,1035,20699136,39358827254.00,1883.00,1930.00,1902.00,1900.00
5564768007356822,20170625,1951.00,1970.00,2046,28567495,55744274114.00,1910.00,1996.00,1901.00,1926.00
5564768007356822,20170628,1968.00,1998.00,837,15669550,30836647240.00,1960.00,2019.00,1951.00,1992.00
5564768007356822,20170701,1964.00,1950.00,311,3698889,7263897893.00,1940.00,2000.00,1968.00,2000.00
5564768007356822,20170702,1939.00,1950.00,216,3691390,7158876890.00,1912.00,1970.00,1964.00,1963.00
5564768007356822,20170703,1949.00,1921.00,770,14755740,28753368058.00,1920.00,1980.00,1939.00,1979.00
5564768007356822,20170704,1923.00,1950.00,400,4850709,9327711876.00,1901.00,1969.00,1949.00,1951.00
5564768007356822,20170705,1939.00,1960.00,397,3641914,7060933304.00,1910.00,1960.00,1923.00,1950.00
5564768007356822,20170708,1936.00,1940.00,376,4882000,9450869788.00,1910.00,1980.00,1939.00,1959.00
5564768007356822,20170709,1941.00,1949.00,325,4361940,8466846554.00,1916.00,1964.00,1936.00,1958.00
5564768007356822,20170710,1927.00,1946.00,768,10507514,20250673440.00,1899.00,1977.00,1941.00,1951.00
5564768007356822,20170711,1992.00,1980.00,1378,16209320,32291404610.00,1939.00,2023.00,1927.00,1940.00
5564768007356822,20170712,1994.00,2000.00,661,8224439,16398152016.00,1976.00,2015.00,1992.00,2009.00
5564768007356822,20170715,1986.00,1990.00,1384,9027421,17931884652.00,1970.00,2011.00,1994.00,2000.00
5564768007356822,20170716,2024.00,2027.00,657,6836153,13837604069.00,1987.00,2060.00,1986.00,1999.00
5564768007356822,20170717,2039.00,2039.00,848,11788775,24036789958.00,2020.00,2058.00,2024.00,2048.00
5564768007356822,20170718,2034.00,2010.00,1721,18006988,36623434644.00,1991.00,2060.00,2039.00,2033.00
5564768007356822,20170719,2034.00,2010.00,0,0,0.00,0.00,0.00,2034.00,0.00
5564768007356822,20170722,2039.00,2010.00,0,0,0.00,0.00,0.00,2039.00,0.00
5564768007356822,20170723,2039.00,2010.00,0,0,0.00,0.00,0.00,2039.00,0.00
5564768007356822,20170724,2039.00,2010.00,0,0,0.00,0.00,0.00,2039.00,0.00
5564768007356822,20170725,2039.00,2010.00,0,0,0.00,0.00,0.00,2039.00,0.00
5564768007356822,20170726,2039.00,2010.00,0,0,0.00,0.00,0.00,2039.00,0.00
5564768007356822,20170729,2039.00,2010.00,0,0,0.00,0.00,0.00,2039.00,0.00
5564768007356822,20170730,2039.00,2010.00,0,0,0.00,0.00,0.00,2039.00,0.00
5564768007356822,20170731,2034.00,2010.00,0,0,0.00,0.00,0.00,2039.00,0.00
5564768007356822,20170801,2041.00,2049.00,624,10254850,20933677660.00,2013.00,2069.00,2029.00,2069.00
5564768007356822,20170802,2050.00,2049.00,1021,8110691,16627608161.00,2025.00,2075.00,2041.00,2056.00
5564768007356822,20170806,2060.00,2035.00,1038,11932328,24582516837.00,2003.00,2090.00,2050.00,2069.00
5564768007356822,20170807,1993.00,1957.00,686,6599683,13153092468.00,1957.00,2050.00,2060.00,2035.00
5564768007356822,20170808,1899.00,1894.00,1229,23013838,43713740117.00,1894.00,1990.00,1993.00,1970.00
5564768007356822,20170809,1808.00,1805.00,2038,38516591,69622938212.00,1805.00,1925.00,1899.00,1925.00
5564768007356822,20170812,1726.00,1718.00,1224,13456966,23223075626.00,1718.00,1844.00,1808.00,1800.00
5564768007356822,20170813,1791.00,1771.00,1775,26438933,47361241805.00,1665.00,1812.00,1726.00,1715.00
5564768007356822,20170814,1796.00,1759.00,688,6289495,11292912828.00,1759.00,1844.00,1791.00,1805.00
5564768007356822,20170815,1721.00,1728.00,632,6304228,10846548783.00,1707.00,1793.00,1796.00,1750.00
5564768007356822,20170816,1725.00,1749.00,254,3015787,5202596810.00,1706.00,1760.00,1721.00,1721.00
5564768007356822,20170819,1707.00,1700.00,314,2618532,4468592500.00,1697.00,1749.00,1725.00,1707.00
5564768007356822,20170820,1706.00,1720.00,301,2042117,3482910474.00,1670.00,1730.00,1707.00,1699.00
5564768007356822,20170821,1700.00,1680.00,431,5484252,9324495444.00,1650.00,1746.00,1706.00,1740.00
5564768007356822,20170822,1701.00,1703.00,306,4344471,7388036184.00,1681.00,1740.00,1700.00,1681.00
5564768007356822,20170823,1709.00,1720.00,184,2027650,3464362763.00,1685.00,1730.00,1701.00,1730.00
5564768007356822,20170826,1697.00,1687.00,210,2396091,4064992620.00,1680.00,1720.00,1709.00,1720.00
5564768007356822,20170827,1697.00,1700.00,265,3362020,5704720720.00,1679.00,1708.00,1697.00,1708.00
5564768007356822,20170828,1710.00,1700.00,403,4383424,7497180142.00,1691.00,1748.00,1697.00,1725.00
5564768007356822,20170829,1686.00,1670.00,512,5478136,9238429199.00,1660.00,1720.00,1710.00,1701.00
5564768007356822,20170830,1681.00,1680.00,310,2770239,4656501027.00,1655.00,1709.00,1686.00,1709.00
5564768007356822,20170902,1642.00,1640.00,315,2239006,3676129926.00,1625.00,1680.00,1681.00,1650.00
5564768007356822,20170903,1653.00,1646.00,198,1365858,2257465506.00,1630.00,1677.00,1642.00,1630.00
5564768007356822,20170904,1714.00,1724.00,436,4149898,7113197433.00,1670.00,1735.00,1653.00,1680.00
5564768007356822,20170905,1704.00,1681.00,164,845116,1439936854.00,1680.00,1725.00,1714.00,1725.00
5564768007356822,20170906,1685.00,1699.00,361,4281930,7216280208.00,1680.00,1714.00,1704.00,1700.00
5564768007356822,20170910,1653.00,1654.00,116,718003,1187093330.00,1650.00,1700.00,1685.00,1651.00
5564768007356822,20170911,1653.00,1678.00,728,15594185,25779325851.00,1640.00,1680.00,1653.00,1650.00
5564768007356822,20170912,1685.00,1670.00,329,6136363,10340607546.00,1648.00,1699.00,1653.00,1660.00
5564768007356822,20170913,1679.00,1655.00,518,8186774,13745161438.00,1640.00,1698.00,1685.00,1687.00
5564768007356822,20170916,1670.00,1650.00,424,6525804,10897384764.00,1644.00,1685.00,1679.00,1685.00
5564768007356822,20170917,1673.00,1676.00,440,5799929,9702676867.00,1625.00,1689.00,1670.00,1640.00
5564768007356822,20170918,1679.00,1680.00,186,1548984,2600470283.00,1632.00,1695.00,1673.00,1635.00
5564768007356822,20170919,1659.00,1660.00,108,969089,1607512380.00,1649.00,1698.00,1679.00,1661.00
5564768007356822,20170920,1687.00,1720.00,371,3901089,6580743247.00,1655.00,1720.00,1659.00,1660.00
5564768007356822,20170923,1692.00,1665.00,183,1467943,2484415929.00,1662.00,1712.00,1687.00,1687.00
5564768007356822,20170924,1665.00,1660.00,122,1024408,1705870810.00,1650.00,1704.00,1692.00,1704.00
5564768007356822,20170925,1680.00,1655.00,355,6649052,11172278795.00,1654.00,1709.00,1665.00,1675.00
5564768007356822,20170926,1681.00,1691.00,510,17010662,28592683087.00,1666.00,1691.00,1680.00,1681.00
5564768007356822,20170927,1689.00,1684.00,559,20914041,35322677459.00,1680.00,1699.00,1681.00,1698.00
5564768007356822,20171002,1698.00,1670.00,564,20501760,34820041908.00,1670.00,1709.00,1689.00,1683.00
5564768007356822,20171003,1694.00,1650.00,881,17458027,29573096658.00,1648.00,1698.00,1698.00,1662.00
5564768007356822,20171004,1652.00,1650.00,162,1082384,1787712400.00,1648.00,1670.00,1694.00,1650.00
5564768007356822,20171007,1633.00,1613.00,233,2438256,3981067864.00,1609.00,1681.00,1652.00,1650.00
5564768007356822,20171008,1562.00,1556.00,384,4131230,6453562305.00,1552.00,1610.00,1633.00,1602.00
5564768007356822,20171009,1561.00,1570.00,110,871616,1360337974.00,1530.00,1615.00,1562.00,1531.00
5564768007356822,20171010,1586.00,1580.00,130,783487,1242831309.00,1547.00,1620.00,1561.00,1600.00
5564768007356822,20171011,1585.00,1577.00,359,5569902,8828444698.00,1535.00,1599.00,1586.00,1580.00
5564768007356822,20171014,1589.00,1597.00,128,1288717,2047753248.00,1551.00,1600.00,1585.00,1596.00
5564768007356822,20171015,1643.00,1632.00,707,19034248,31271083556.00,1600.00,1665.00,1589.00,1616.00
5564768007356822,20171016,1662.00,1670.00,620,10327152,17164863826.00,1610.00,1670.00,1643.00,1659.00
5564768007356822,20171017,1647.00,1650.00,119,711724,1172261513.00,1620.00,1680.00,1662.00,1675.00
5564768007356822,20171018,1652.00,1602.00,377,6104823,10082200862.00,1600.00,1659.00,1647.00,1650.00
5564768007356822,20171021,1633.00,1570.00,744,12782121,20869483888.00,1570.00,1640.00,1652.00,1619.00
5564768007356822,20171022,1608.00,1640.00,526,8510318,13681962739.00,1599.00,1640.00,1633.00,1620.00
5564768007356822,20171023,1608.00,1640.00,0,0,0.00,0.00,0.00,1608.00,0.00
5564768007356822,20171024,1608.00,1640.00,0,0,0.00,0.00,0.00,1608.00,0.00
5564768007356822,20171025,1608.00,1640.00,0,0,0.00,0.00,0.00,1608.00,0.00
5564768007356822,20171028,1608.00,1640.00,0,0,0.00,0.00,0.00,1608.00,0.00
5564768007356822,20171029,1608.00,1640.00,0,0,0.00,0.00,0.00,1608.00,0.00
5564768007356822,20171030,1613.00,1639.00,123,1835088,2959471864.00,1603.00,1639.00,1608.00,1618.00
5564768007356822,20171031,1628.00,1640.00,262,2688738,4377401673.00,1601.00,1640.00,1613.00,1640.00
5564768007356822,20171101,1661.00,1677.00,234,2998170,4980746913.00,1622.00,1690.00,1628.00,1622.00
5564768007356822,20171104,1651.00,1679.00,178,1496956,2470882043.00,1625.00,1679.00,1661.00,1670.00
5564768007356822,20171105,1660.00,1670.00,117,1015094,1684989801.00,1648.00,1679.00,1651.00,1678.00
5564768007356822,20171106,1662.00,1670.00,117,1290643,2145245895.00,1655.00,1677.00,1660.00,1675.00
5564768007356822,20171107,1682.00,1670.00,328,6289980,10582865328.00,1646.00,1690.00,1662.00,1670.00
5564768007356822,20171108,1683.00,1675.00,182,2530150,4257395760.00,1670.00,1689.00,1682.00,1679.00
5564768007356822,20171111,1682.00,1673.00,335,4840779,8141297252.00,1670.00,1687.00,1683.00,1670.00
5564768007356822,20171112,1685.00,1680.00,181,2197945,3702666155.00,1655.00,1698.00,1682.00,1682.00
5564768007356822,20171113,1656.00,1670.00,130,1869032,3095300279.00,1630.00,1687.00,1685.00,1686.00
5564768007356822,20171114,1669.00,1670.00,377,4199669,7008623199.00,1643.00,1683.00,1656.00,1643.00
5564768007356822,20171115,1673.00,1663.00,129,1412929,2363178747.00,1657.00,1682.00,1669.00,1670.00
5564768007356822,20171118,1665.00,1674.00,89,1181564,1966837635.00,1660.00,1680.00,1673.00,1666.00
5564768007356822,20171120,1640.00,1669.00,422,4816577,7898670444.00,1616.00,1675.00,1665.00,1660.00
5564768007356822,20171121,1679.00,1705.00,590,7167121,12034417193.00,1643.00,1705.00,1640.00,1677.00
5564768007356822,20171122,1693.00,1692.00,571,3023992,5118928820.00,1670.00,1720.00,1679.00,1695.00
5564768007356822,20171125,1744.00,1749.00,4852,9309503,16231520164.00,1701.00,1774.00,1693.00,1715.00
5564768007356822,20171126,1751.00,1764.00,4155,2354019,4122555624.00,1725.00,1768.00,1744.00,1750.00
5564768007356822,20171128,1743.00,1729.00,3414,5407356,9423476968.00,1710.00,1770.00,1751.00,1770.00
5564768007356822,20171129,1753.00,1730.00,951,5329267,9343763687.00,1719.00,1770.00,1743.00,1744.00
5564768007356822,20171202,1746.00,1737.00,4108,1399296,2442894491.00,1720.00,1760.00,1753.00,1759.00
5564768007356822,20171203,1716.00,1700.00,6653,1985673,3407839571.00,1690.00,1748.00,1746.00,1738.00
5564768007356822,20171204,1741.00,1722.00,4464,5802209,10099024737.00,1695.00,1798.00,1716.00,1728.00
5564768007356822,20171205,1705.00,1701.00,2791,1153061,1966485061.00,1697.00,1725.00,1741.00,1724.00
5564768007356822,20171209,1693.00,1699.00,4159,1969028,3332865948.00,1653.00,1720.00,1705.00,1710.00
5564768007356822,20171210,1701.00,1690.00,281,4179110,7107150187.00,1650.00,1721.00,1693.00,1699.00
5564768007356822,20171211,1699.00,1660.00,2475,4792254,8140451997.00,1650.00,1717.00,1701.00,1690.00
5564768007356822,20171212,1649.00,1641.00,263,2169251,3576858274.00,1632.00,1670.00,1699.00,1652.00
5564768007356822,20171213,1674.00,1637.00,719,15796520,26450588567.00,1622.00,1697.00,1649.00,1650.00
5564768007356822,20171214,1674.00,1637.00,0,0,0.00,0.00,0.00,1674.00,0.00
5564768007356822,20171215,1674.00,1637.00,0,0,0.00,0.00,0.00,1674.00,0.00
5564768007356822,20171216,1629.00,1660.00,287,3079187,5015609085.00,1601.00,1676.00,1674.00,1675.00
5564768007356822,20171217,1656.00,1602.00,501,5502794,9114922907.00,1601.00,1698.00,1629.00,1660.00
5564768007356822,20171218,1590.00,1580.00,409,4662782,7414989244.00,1578.00,1640.00,1656.00,1609.00
5564768007356822,20171219,1634.00,1620.00,341,4176316,6822048575.00,1595.00,1643.00,1590.00,1595.00
5564768007356822,20171220,1583.00,1597.00,433,3846069,6089198745.00,1559.00,1640.00,1634.00,1640.00
5564768007356822,20171223,1564.00,1562.00,449,5635164,8811090465.00,1530.00,1623.00,1583.00,1623.00
5564768007356822,20171224,1591.00,1598.00,609,12543499,19962698047.00,1580.00,1620.00,1564.00,1592.00
5564768007356822,20171225,1591.00,1580.00,256,1862717,2963674382.00,1570.00,1628.00,1591.00,1615.00
5564768007356822,20171226,1592.00,1578.00,327,2712996,4320038635.00,1570.00,1610.00,1591.00,1590.00
5564768007356822,20171227,1556.00,1540.00,426,4044097,6291299596.00,1529.00,1600.00,1592.00,1600.00
5564768007356822,20171230,1488.00,1479.00,626,6219217,9252763500.00,1479.00,1568.00,1556.00,1568.00
5564768007356822,20171231,1417.00,1414.00,175,1585531,2246145233.00,1414.00,1459.00,1488.00,1459.00
5564768007356822,20180101,1437.00,1410.00,948,17735974,25483961392.00,1351.00,1468.00,1417.00,1351.00
5564768007356822,20180102,1381.00,1368.00,251,1920150,2650891776.00,1366.00,1420.00,1437.00,1400.00
5564768007356822,20180103,1353.00,1370.00,183,1876829,2538477889.00,1333.00,1398.00,1381.00,1397.00
5564768007356822,20180106,1379.00,1388.00,127,792920,1093796089.00,1360.00,1400.00,1353.00,1375.00
5564768007356822,20180107,1373.00,1380.00,160,1112368,1527389284.00,1367.00,1398.00,1379.00,1369.00
5564768007356822,20180108,1375.00,1381.00,185,938971,1291353672.00,1365.00,1389.00,1373.00,1368.00
5564768007356822,20180109,1421.00,1443.00,348,3174128,4510318720.00,1370.00,1443.00,1375.00,1371.00
5564768007356822,20180110,1432.00,1438.00,273,2140198,3064940423.00,1400.00,1472.00,1421.00,1459.00
5564768007356822,20180113,1445.00,1431.00,75,536359,774786049.00,1416.00,1480.00,1432.00,1432.00
5564768007356822,20180114,1404.00,1399.00,171,1318017,1850834639.00,1396.00,1437.00,1445.00,1415.00
5564768007356822,20180115,1366.00,1385.00,233,2146163,2932057640.00,1334.00,1430.00,1404.00,1400.00
5564768007356822,20180116,1350.00,1341.00,254,1639892,2214631771.00,1340.00,1392.00,1366.00,1392.00
5564768007356822,20180117,1355.00,1360.00,1198,18386592,24918778553.00,1340.00,1388.00,1350.00,1369.00
5564768007356822,20180120,1418.00,1420.00,1134,13437269,19058610285.00,1357.00,1422.00,1355.00,1357.00
5564768007356822,20180121,1407.00,1393.00,479,3870861,5447675295.00,1372.00,1428.00,1418.00,1422.00
5564768007356822,20180122,1473.00,1477.00,985,10542641,15532867020.00,1410.00,1477.00,1407.00,1410.00
5564768007356822,20180123,1473.00,1465.00,307,1774673,2614172230.00,1461.00,1488.00,1473.00,1484.00
5564768007356822,20180124,1428.00,1450.00,447,4131793,5901461275.00,1401.00,1480.00,1473.00,1470.00
5564768007356822,20180127,1423.00,1416.00,230,2038738,2900866509.00,1401.00,1450.00,1428.00,1401.00
5564768007356822,20180128,1397.00,1380.00,348,2974126,4155765027.00,1380.00,1434.00,1423.00,1418.00
5564768007356822,20180129,1352.00,1341.00,2329,27046049,36560273108.00,1340.00,1400.00,1397.00,1393.00
5564768007356822,20180130,1348.00,1344.00,701,7263961,9790468641.00,1337.00,1375.00,1352.00,1375.00
5564768007356822,20180131,1318.00,1315.00,928,8467399,11155876497.00,1293.00,1349.00,1348.00,1349.00
5564768007356822,20180203,1300.00,1299.00,764,6249949,8126927083.00,1282.00,1334.00,1318.00,1323.00
5564768007356822,20180204,1307.00,1310.00,416,2731773,3571232322.00,1297.00,1320.00,1300.00,1305.00
5564768007356822,20180205,1299.00,1300.00,545,4956297,6438873338.00,1293.00,1327.00,1307.00,1327.00
5564768007356822,20180206,1291.00,1286.00,395,1789050,2308954683.00,1283.00,1304.00,1299.00,1304.00
5564768007356822,20180207,1301.00,1296.00,397,2552685,3321826602.00,1285.00,1326.00,1291.00,1285.00
5564768007356822,20180210,1298.00,1293.00,322,2648133,3437791216.00,1290.00,1319.00,1301.00,1319.00
5564768007356822,20180212,1300.00,1290.00,383,3781711,4916097440.00,1289.00,1320.00,1298.00,1300.00
5564768007356822,20180213,1319.00,1365.00,1831,26612229,35088468846.00,1300.00,1365.00,1300.00,1315.00
5564768007356822,20180214,1384.00,1384.00,105,1844959,2553423256.00,1384.00,1384.00,1319.00,1384.00
5564768007356822,20180217,1353.00,1342.00,1544,13681714,18517678483.00,1340.00,1408.00,1384.00,1399.00
5564768007356822,20180218,1339.00,1340.00,315,2648650,3545350421.00,1316.00,1373.00,1353.00,1362.00
5564768007356822,20180219,1371.00,1369.00,1368,13552091,18584970089.00,1319.00,1385.00,1339.00,1347.00
5564768007356822,20180221,1356.00,1342.00,328,3304419,4480575940.00,1331.00,1382.00,1371.00,1380.00
5564768007356822,20180224,1325.00,1344.00,312,2992356,3964176216.00,1320.00,1350.00,1356.00,1341.00
5564768007356822,20180225,1323.00,1330.00,179,1680244,2223721072.00,1318.00,1349.00,1325.00,1322.00
5564768007356822,20180226,1329.00,1320.00,209,1847513,2455965052.00,1314.00,1348.00,1323.00,1330.00
5564768007356822,20180227,1328.00,1321.00,187,1386441,1840839158.00,1312.00,1339.00,1329.00,1333.00
5564768007356822,20180228,1312.00,1308.00,425,4261982,5593775974.00,1304.00,1338.00,1328.00,1318.00
5564768007356822,20180303,1286.00,1275.00,448,3453033,4441678265.00,1275.00,1329.00,1312.00,1307.00
5564768007356822,20180304,1285.00,1300.00,453,3894742,5006049446.00,1277.00,1310.00,1286.00,1287.00
5564768007356822,20180305,1285.00,1298.00,1482,20090389,25812690520.00,1277.00,1315.00,1285.00,1286.00
5564768007356822,20180306,1283.00,1269.00,303,2807017,3601189471.00,1269.00,1300.00,1285.00,1284.00
5564768007356822,20180307,1270.00,1270.00,453,5990386,7610564726.00,1264.00,1283.00,1283.00,1283.00
5564768007356822,20180310,1251.00,1247.00,290,2137158,2673843029.00,1245.00,1272.00,1270.00,1255.00
5564768007356822,20180311,1250.00,1240.00,268,2211198,2765014660.00,1240.00,1275.00,1251.00,1250.00
5564768007356822,20180312,1301.00,1301.00,480,3578660,4655756620.00,1250.00,1312.00,1250.00,1250.00
5564768007356822,20180313,1280.00,1284.00,616,6908153,8841270645.00,1246.00,1308.00,1301.00,1280.00
5564768007356822,20180314,1282.00,1257.00,503,7796513,9994402660.00,1255.00,1295.00,1280.00,1255.00
5564768007356822,20180317,1260.00,1253.00,308,2632839,3317734961.00,1253.00,1280.00,1282.00,1280.00
5564768007356822,20180318,1272.00,1264.00,298,5598931,7122871673.00,1253.00,1280.00,1260.00,1253.00
5564768007356822,20180319,1261.00,1251.00,939,10330271,13021626313.00,1250.00,1290.00,1272.00,1267.00
5564768007356822,20180325,1256.00,1260.00,145,957894,1203250403.00,1251.00,1278.00,1261.00,1278.00
5564768007356822,20180326,1265.00,1252.00,355,2602707,3291252582.00,1249.00,1279.00,1256.00,1258.00
5564768007356822,20180327,1256.00,1253.00,620,5404221,6786379876.00,1235.00,1269.00,1265.00,1250.00
5564768007356822,20180328,1251.00,1258.00,230,1331353,1665960937.00,1239.00,1260.00,1256.00,1239.00
5564768007356822,20180403,1253.00,1259.00,182,1037389,1299634302.00,1245.00,1260.00,1251.00,1260.00
5564768007356822,20180404,1242.00,1240.00,307,2298162,2853355580.00,1234.00,1255.00,1253.00,1255.00
5564768007356822,20180407,1281.00,1261.00,682,5679549,7276663832.00,1243.00,1303.00,1242.00,1256.00
5564768007356822,20180408,1245.00,1240.00,438,4069672,5065626846.00,1233.00,1273.00,1281.00,1273.00
5564768007356822,20180409,1211.00,1189.00,478,3998764,4842950377.00,1189.00,1245.00,1245.00,1243.00
5564768007356822,20180410,1207.00,1195.00,395,3316224,4001649835.00,1195.00,1258.00,1211.00,1210.00
5564768007356822,20180411,1155.00,1150.00,431,3808502,4399991072.00,1147.00,1219.00,1207.00,1200.00
5564768007356822,20180415,1159.00,1151.00,181,1476576,1710874540.00,1138.00,1182.00,1155.00,1160.00
5564768007356822,20180416,1150.00,1144.00,175,1121986,1290443160.00,1140.00,1162.00,1159.00,1151.00
5564768007356822,20180417,1142.00,1140.00,172,1001445,1143845291.00,1133.00,1153.00,1150.00,1133.00
5564768007356822,20180418,1141.00,1142.00,167,1009799,1152476284.00,1131.00,1150.00,1142.00,1136.00
5564768007356822,20180421,1184.00,1172.00,353,1805289,2136742295.00,1150.00,1196.00,1141.00,1170.00
5564768007356822,20180422,1155.00,1148.00,224,1366885,1579070606.00,1137.00,1186.00,1184.00,1185.00
5564768007356822,20180423,1173.00,1160.00,215,2348108,2754748465.00,1149.00,1189.00,1155.00,1176.00
5564768007356822,20180424,1162.00,1160.00,238,1388495,1613047285.00,1153.00,1170.00,1173.00,1170.00
5564768007356822,20180425,1166.00,1167.00,153,983487,1146869717.00,1150.00,1190.00,1162.00,1190.00
5564768007356822,20180428,1125.00,1136.00,275,1840188,2069601117.00,1108.00,1150.00,1166.00,1150.00
5564768007356822,20180429,1119.00,1097.00,230,1843125,2062340340.00,1088.00,1144.00,1125.00,1141.00
5564768007356822,20180430,1092.00,1099.00,401,3320267,3625556929.00,1072.00,1110.00,1119.00,1097.00
5564768007356822,20180501,1080.00,1084.00,197,2720291,2938526878.00,1072.00,1099.00,1092.00,1080.00
5564768007356822,20180505,1103.00,1089.00,307,1896606,2092839679.00,1080.00,1130.00,1080.00,1098.00
5564768007356822,20180506,1073.00,1070.00,189,1313682,1409806795.00,1069.00,1122.00,1103.00,1122.00
5564768007356822,20180507,1068.00,1065.00,320,2373151,2535580261.00,1052.00,1100.00,1073.00,1100.00
5564768007356822,20180508,1102.00,1081.00,362,2861312,3154223494.00,1070.00,1121.00,1068.00,1070.00
5564768007356822,20180509,1059.00,1059.00,262,1302923,1379846843.00,1050.00,1095.00,1102.00,1062.00
5564768007356822,20180512,1063.00,1073.00,216,2765046,2940154684.00,1050.00,1074.00,1059.00,1050.00
5564768007356822,20180513,1088.00,1088.00,269,1988417,2163177351.00,1063.00,1094.00,1063.00,1063.00
5564768007356822,20180514,1132.00,1142.00,506,4039829,4573891337.00,1085.00,1142.00,1088.00,1097.00
5564768007356822,20180515,1134.00,1124.00,388,3457937,3921974565.00,1122.00,1168.00,1132.00,1140.00
5564768007356822,20180516,1130.00,1128.00,319,2561578,2895419860.00,1106.00,1159.00,1134.00,1140.00
5564768007356822,20180519,1153.00,1151.00,408,3139191,3620478276.00,1110.00,1178.00,1130.00,1132.00
5564768007356822,20180520,1199.00,1210.00,1007,9344704,11208653240.00,1141.00,1210.00,1153.00,1151.00
5564768007356822,20180521,1208.00,1211.00,625,5472727,6611016614.00,1185.00,1223.00,1199.00,1213.00
5564768007356822,20180522,1195.00,1193.00,285,2063511,2466580552.00,1180.00,1209.00,1208.00,1200.00
5564768007356822,20180523,1177.00,1169.00,326,2714058,3194282799.00,1160.00,1210.00,1195.00,1199.00
5564768007356822,20180526,1160.00,1158.00,461,5626688,6526982655.00,1145.00,1185.00,1177.00,1153.00
5564768007356822,20180527,1148.00,1140.00,128,765265,878853705.00,1136.00,1160.00,1160.00,1149.00
5564768007356822,20180528,1149.00,1157.00,282,3221799,3702778144.00,1136.00,1168.00,1148.00,1154.00
5564768007356822,20180529,1138.00,1135.00,337,2419410,2753867358.00,1111.00,1154.00,1149.00,1140.00
5564768007356822,20180530,1114.00,1110.00,528,4687729,5222727701.00,1100.00,1134.00,1138.00,1102.00
5564768007356822,20180602,1110.00,1106.00,523,5760455,6396535774.00,1093.00,1138.00,1114.00,1101.00
5564768007356822,20180603,1110.00,1106.00,0,0,0.00,0.00,0.00,1110.00,0.00
5564768007356822,20180609,1104.00,1103.00,200,3431841,3789435123.00,1098.00,1128.00,1110.00,1098.00
5564768007356822,20180610,1110.00,1110.00,332,3365485,3734308799.00,1073.00,1118.00,1104.00,1098.00
5564768007356822,20180611,1127.00,1132.00,570,7052897,7946631929.00,1100.00,1146.00,1110.00,1110.00
5564768007356822,20180612,1145.00,1155.00,771,9108427,10429115524.00,1126.00,1155.00,1127.00,1130.00
5564768007356822,20180613,1145.00,1155.00,0,0,0.00,0.00,0.00,1145.00,0.00
5564768007356822,20180617,1145.00,1155.00,0,0,0.00,0.00,0.00,1145.00,0.00
5564768007356822,20180618,1145.00,1155.00,0,0,0.00,0.00,0.00,1145.00,0.00
5564768007356822,20180619,1145.00,1155.00,0,0,0.00,0.00,0.00,1145.00,0.00
5564768007356822,20180620,1182.00,1166.00,998,12337729,14587747537.00,1161.00,1240.00,1135.00,1197.00
5564768007356822,20180623,1184.00,1190.00,872,11952124,14152253250.00,1171.00,1199.00,1182.00,1199.00
5564768007356822,20180624,1242.00,1243.00,963,12723041,15799823780.00,1210.00,1243.00,1184.00,1210.00
5564768007356822,20180625,1334.00,1350.00,1924,22235048,29651652452.00,1254.00,1369.00,1242.00,1304.00
5564768007356822,20180626,1282.00,1272.00,1274,14952829,19165012717.00,1268.00,1360.00,1334.00,1360.00
5564768007356822,20180627,1256.00,1256.00,616,5933703,7455109737.00,1222.00,1294.00,1282.00,1269.00
5564768007356822,20180630,1248.00,1250.00,445,4197738,5239149153.00,1228.00,1280.00,1256.00,1256.00
5564768007356822,20180701,1198.00,1190.00,442,3904745,4677080414.00,1186.00,1237.00,1248.00,1231.00
5564768007356822,20180702,1205.00,1217.00,302,3298652,3974034896.00,1153.00,1228.00,1198.00,1190.00
5564768007356822,20180703,1255.00,1239.00,661,6584619,8263296233.00,1201.00,1265.00,1205.00,1220.00
5564768007356822,20180704,1239.00,1223.00,369,2979636,3691334004.00,1223.00,1285.00,1255.00,1227.00
5564768007356822,20180707,1200.00,1200.00,300,2142402,2570443816.00,1180.00,1253.00,1239.00,1225.00
5564768007356822,20180708,1178.00,1179.00,272,1897727,2236462186.00,1170.00,1190.00,1200.00,1190.00
5564768007356822,20180710,1184.00,1181.00,95,776686,919854023.00,1160.00,1190.00,1178.00,1163.00
5564768007356822,20180711,1176.00,1170.00,578,5033178,5921344934.00,1161.00,1217.00,1184.00,1164.00
5564768007356822,20180714,1186.00,1186.00,155,1239223,1469953290.00,1172.00,1200.00,1176.00,1172.00
5564768007356822,20180715,1178.00,1170.00,237,2150604,2533429956.00,1168.00,1194.00,1186.00,1183.00
5564768007356822,20180716,1174.00,1170.00,387,2847379,3343697571.00,1165.00,1180.00,1178.00,1175.00
5564768007356822,20180717,1147.00,1130.00,376,3417721,3918647186.00,1122.00,1171.00,1174.00,1163.00
5564768007356822,20180718,1149.00,1140.00,190,1326755,1524681191.00,1127.00,1161.00,1147.00,1148.00
5564768007356822,20180721,1147.00,1130.00,334,2479708,2845363928.00,1130.00,1180.00,1149.00,1135.00
5564768007356822,20180722,1129.00,1129.00,545,4146233,4682902496.00,1110.00,1158.00,1147.00,1141.00
5564768007356822,20180723,1110.00,1105.00,405,2444491,2713878323.00,1100.00,1146.00,1129.00,1130.00
5564768007356822,20180724,1113.00,1110.00,179,1125938,1253717399.00,1105.00,1129.00,1110.00,1115.00
5564768007356822,20180725,1147.00,1168.00,866,9548325,10947990888.00,1099.00,1168.00,1113.00,1115.00
5564768007356822,20180726,1147.00,1168.00,0,0,0.00,0.00,0.00,1147.00,0.00
5564768007356822,20180727,1147.00,1168.00,0,0,0.00,0.00,0.00,1147.00,0.00
5564768007356822,20180728,1193.00,1178.00,865,8972170,10706875850.00,1147.00,1204.00,1147.00,1185.00
5564768007356822,20180729,1152.00,1150.00,393,2944639,3392811488.00,1140.00,1190.00,1193.00,1190.00
5564768007356822,20180730,1147.00,1151.00,715,7429031,8518850147.00,1101.00,1177.00,1152.00,1150.00
5564768007356822,20180731,1183.00,1176.00,682,6226226,7364909506.00,1152.00,1200.00,1147.00,1170.00
5564768007356822,20180801,1153.00,1144.00,626,5860886,6756141130.00,1132.00,1191.00,1183.00,1191.00
5564768007356822,20180804,1125.00,1119.00,424,4232939,4762271914.00,1112.00,1150.00,1153.00,1150.00
5564768007356822,20180805,1176.00,1161.00,2088,26897838,31629010989.00,1134.00,1181.00,1125.00,1134.00
5564768007356822,20180806,1198.00,1163.00,1107,12193690,14608353042.00,1155.00,1229.00,1176.00,1202.00
5564768007356822,20180807,1162.00,1153.00,612,5675456,6592176159.00,1141.00,1200.00,1198.00,1200.00
5564768007356822,20180808,1182.00,1181.00,469,5119116,6049410704.00,1151.00,1199.00,1162.00,1151.00
5564768007356822,20180811,1168.00,1166.00,332,2449310,2860062683.00,1150.00,1189.00,1182.00,1174.00
5564768007356822,20180812,1179.00,1166.00,880,7807426,9206165819.00,1163.00,1200.00,1168.00,1167.00
5564768007356822,20180813,1155.00,1159.00,885,9253149,10685630555.00,1149.00,1190.00,1179.00,1172.00
5564768007356822,20180814,1154.00,1150.00,549,4749116,5479145314.00,1141.00,1180.00,1155.00,1151.00
5564768007356822,20180815,1175.00,1153.00,856,8293065,9746813436.00,1144.00,1196.00,1154.00,1167.00
5564768007356822,20180818,1158.00,1160.00,603,5448096,6307936644.00,1145.00,1179.00,1175.00,1170.00
5564768007356822,20180819,1167.00,1164.00,634,5270100,6147684043.00,1149.00,1181.00,1158.00,1179.00
5564768007356822,20180820,1147.00,1140.00,973,8450191,9690798819.00,1140.00,1170.00,1167.00,1169.00
5564768007356822,20180821,1183.00,1204.00,2007,21703000,25667857463.00,1140.00,1204.00,1147.00,1164.00
5564768007356822,20180825,1242.00,1242.00,257,4033013,5009002146.00,1242.00,1242.00,1183.00,1242.00
5564768007356822,20180826,1303.00,1304.00,2152,31793806,41430854117.00,1271.00,1304.00,1242.00,1304.00
5564768007356822,20180827,1363.00,1368.00,1965,26346312,35913407240.00,1332.00,1368.00,1303.00,1368.00
5564768007356822,20180828,1358.00,1343.00,2508,25652507,34843365777.00,1305.00,1412.00,1363.00,1366.00
5564768007356822,20180829,1357.00,1339.00,1802,18916409,25661903100.00,1332.00,1380.00,1358.00,1375.00
5564768007356822,20180901,1408.00,1423.00,3805,46955099,66118599306.00,1328.00,1424.00,1357.00,1350.00
5564768007356822,20180902,1350.00,1338.00,1621,16546639,22332385490.00,1338.00,1435.00,1408.00,1435.00
5564768007356822,20180903,1348.00,1325.00,969,9329614,12578162589.00,1319.00,1389.00,1350.00,1341.00
5564768007356822,20180904,1343.00,1335.00,903,8790704,11807437168.00,1320.00,1375.00,1348.00,1348.00
5564768007356822,20180905,1365.00,1370.00,1153,11422216,15595901611.00,1341.00,1385.00,1343.00,1342.00
5564768007356822,20180908,1415.00,1421.00,1859,18734344,26508170771.00,1361.00,1433.00,1365.00,1388.00
5564768007356822,20180909,1401.00,1380.00,2252,21299086,29841655882.00,1362.00,1460.00,1415.00,1446.00
5564768007356822,20180910,1401.00,1399.00,1994,21940232,30727830979.00,1380.00,1430.00,1401.00,1410.00
5564768007356822,20180911,1416.00,1399.00,2603,27720264,39247418402.00,1375.00,1460.00,1401.00,1392.00
5564768007356822,20180912,1430.00,1420.00,2782,29057395,41560609584.00,1390.00,1468.00,1416.00,1399.00
5564768007356822,20180915,1459.00,1459.00,2555,27008019,39416919503.00,1430.00,1481.00,1430.00,1472.00
5564768007356822,20180916,1418.00,1429.00,1412,14927107,21160402524.00,1390.00,1450.00,1459.00,1450.00
5564768007356822,20180917,1475.00,1488.00,3197,49950375,73701568882.00,1405.00,1488.00,1418.00,1422.00
5564768007356822,20180918,1532.00,1548.00,2363,30723136,47077245272.00,1475.00,1548.00,1475.00,1520.00
5564768007356822,20180922,1599.00,1608.00,2633,25859133,41338696664.00,1562.00,1608.00,1532.00,1600.00
5564768007356822,20180923,1583.00,1560.00,2819,25552219,40454435892.00,1550.00,1646.00,1599.00,1646.00
5564768007356822,20180924,1555.00,1562.00,2425,23403382,36393544469.00,1527.00,1592.00,1583.00,1565.00
5564768007356822,20180925,1630.00,1607.00,3791,57866837,94343338316.00,1566.00,1632.00,1555.00,1597.00
5564768007356822,20180926,1644.00,1625.00,2837,28340072,46604346397.00,1610.00,1688.00,1630.00,1688.00
5564768007356822,20180929,1711.00,1725.00,4511,47104888,80599931738.00,1680.00,1726.00,1644.00,1699.00
5564768007356822,20180930,1740.00,1741.00,4723,49909130,86864973615.00,1721.00,1768.00,1711.00,1740.00
5564768007356822,20181001,1685.00,1680.00,4700,54740002,92233347763.00,1653.00,1779.00,1740.00,1779.00
5564768007356822,20181002,1619.00,1601.00,772,8372681,13557368940.00,1601.00,1680.00,1685.00,1650.00
5564768007356822,20181003,1539.00,1539.00,372,3650451,5618044089.00,1539.00,1539.00,1619.00,1539.00
5564768007356822,20181006,1508.00,1463.00,1705,20210412,30484874919.00,1463.00,1598.00,1539.00,1512.00
5564768007356822,20181007,1433.00,1433.00,149,1282386,1837659138.00,1433.00,1433.00,1508.00,1433.00
5564768007356822,20181008,1362.00,1362.00,190,2637608,3592422096.00,1362.00,1362.00,1433.00,1362.00
5564768007356822,20181009,1384.00,1336.00,2265,25294645,35004408337.00,1310.00,1430.00,1362.00,1335.00
5564768007356822,20181010,1317.00,1315.00,1743,21646688,28517310424.00,1315.00,1370.00,1384.00,1370.00
5564768007356822,20181013,1258.00,1252.00,1028,13423408,16884544714.00,1252.00,1315.00,1317.00,1280.00
5564768007356822,20181014,1222.00,1234.00,1240,13765318,16826135756.00,1201.00,1252.00,1258.00,1201.00
5564768007356822,20181015,1281.00,1283.00,773,9022958,11562719505.00,1233.00,1283.00,1222.00,1233.00
5564768007356822,20181016,1306.00,1289.00,1427,13599480,17761622913.00,1260.00,1340.00,1281.00,1339.00
5564768007356822,20181017,1253.00,1267.00,1339,13694713,17154717682.00,1241.00,1290.00,1306.00,1290.00
5564768007356822,20181020,1286.00,1315.00,2916,35797630,46052335915.00,1260.00,1315.00,1253.00,1288.00
5564768007356822,20181021,1322.00,1314.00,2433,31460218,41575502555.00,1296.00,1350.00,1286.00,1350.00
5564768007356822,20181022,1302.00,1281.00,1263,13916957,18123799031.00,1270.00,1345.00,1322.00,1322.00
5564768007356822,20181023,1250.00,1239.00,1243,13271731,16589529909.00,1237.00,1310.00,1302.00,1309.00
5564768007356822,20181024,1197.00,1208.00,1462,16193831,19381803256.00,1188.00,1250.00,1250.00,1238.00
5564768007356822,20181027,1195.00,1198.00,768,7315608,8743966207.00,1170.00,1230.00,1197.00,1197.00
5564768007356822,20181028,1195.00,1198.00,0,0,0.00,0.00,0.00,1195.00,0.00
5564768007356822,20181029,1195.00,1198.00,0,0,0.00,0.00,0.00,1195.00,0.00
5564768007356822,20181031,1267.00,1276.00,1082,13324738,16886740786.00,1254.00,1316.00,1195.00,1254.00
5564768007356822,20181103,1257.00,1243.00,722,6433533,8087361031.00,1231.00,1285.00,1267.00,1285.00
5564768007356822,20181104,1237.00,1231.00,692,6546068,8094809748.00,1205.00,1273.00,1257.00,1234.00
5564768007356822,20181105,1238.00,1239.00,1203,12700598,15726150791.00,1214.00,1270.00,1237.00,1214.00
5564768007356822,20181106,1248.00,1240.00,1071,8304762,10366460831.00,1230.00,1268.00,1238.00,1235.00
5564768007356822,20181110,1233.00,1230.00,839,6517427,8033380692.00,1220.00,1258.00,1248.00,1258.00
5564768007356822,20181111,1230.00,1229.00,579,5140922,6323874754.00,1210.00,1260.00,1233.00,1217.00
5564768007356822,20181112,1235.00,1240.00,895,8472188,10462928819.00,1224.00,1246.00,1230.00,1224.00
5564768007356822,20181113,1231.00,1227.00,925,8676097,10679998943.00,1223.00,1242.00,1235.00,1234.00
5564768007356822,20181114,1199.00,1210.00,1458,14761816,17693498729.00,1189.00,1227.00,1231.00,1227.00
5564768007356822,20181117,1177.00,1165.00,1945,18707799,22014153338.00,1155.00,1214.00,1199.00,1199.00
5564768007356822,20181118,1144.00,1172.00,2159,25579466,29260922829.00,1125.00,1182.00,1177.00,1177.00
5564768007356822,20181119,1170.00,1201.00,1889,24865855,29099497499.00,1144.00,1201.00,1144.00,1144.00
5564768007356822,20181120,1228.00,1228.00,3460,63890127,78450102173.00,1215.00,1228.00,1170.00,1228.00
5564768007356822,20181121,1223.00,1220.00,1838,18674001,22843376439.00,1203.00,1240.00,1228.00,1240.00
5564768007356822,20181124,1180.00,1176.00,1686,14492668,17106989641.00,1168.00,1224.00,1223.00,1224.00
5564768007356822,20181126,1140.00,1145.00,1721,15768997,17980097472.00,1126.00,1180.00,1180.00,1176.00
5564768007356822,20181127,1148.00,1154.00,1722,14077072,16164379162.00,1133.00,1165.00,1140.00,1140.00
5564768007356822,20181128,1149.00,1152.00,1639,16504203,18961404022.00,1140.00,1166.00,1148.00,1150.00
5564768007356822,20181201,1125.00,1130.00,1603,15251182,17154163573.00,1100.00,1153.00,1149.00,1150.00
5564768007356822,20181202,1136.00,1159.00,2754,32468625,36894682474.00,1121.00,1168.00,1125.00,1122.00
5564768007356822,20181203,1168.00,1192.00,2632,36112206,42176225314.00,1136.00,1192.00,1136.00,1162.00
5564768007356822,20181204,1194.00,1199.00,4489,51848735,61887790911.00,1171.00,1215.00,1168.00,1185.00
5564768007356822,20181205,1197.00,1185.00,1965,18648773,22319500475.00,1182.00,1227.00,1194.00,1201.00
5564768007356822,20181208,1184.00,1176.00,1892,21543004,25510180370.00,1170.00,1206.00,1197.00,1192.00
5564768007356822,20181209,1157.00,1163.00,1699,15460314,17880085878.00,1145.00,1183.00,1184.00,1183.00
5564768007356822,20181210,1205.00,1214.00,3129,52982326,63842110289.00,1158.00,1214.00,1157.00,1180.00
5564768007356822,20181211,1205.00,1214.00,0,0,0.00,0.00,0.00,1205.00,0.00
5564768007356822,20181212,1235.00,1244.00,3809,41328049,51046901990.00,1195.00,1259.00,1205.00,1220.00
5564768007356822,20181215,1234.00,1211.00,2176,22219816,27412113004.00,1201.00,1270.00,1235.00,1249.00
5564768007356822,20181216,1191.00,1189.00,1231,10601754,12627443333.00,1181.00,1225.00,1234.00,1225.00
5564768007356822,20181217,1172.00,1169.00,1365,9588905,11242711510.00,1156.00,1198.00,1191.00,1198.00
5564768007356822,20181218,1164.00,1172.00,780,6405128,7453173070.00,1151.00,1179.00,1172.00,1172.00
5564768007356822,20181219,1170.00,1180.00,964,6799366,7956268463.00,1160.00,1187.00,1164.00,1160.00
5564768007356822,20181222,1160.00,1171.00,102,894302,1037828610.00,1150.00,1181.00,1170.00,1181.00
5564768007356822,20181223,1160.00,1171.00,0,0,0.00,0.00,0.00,1160.00,0.00
5564768007356822,20181224,1160.00,1171.00,0,0,0.00,0.00,0.00,1160.00,0.00
5564768007356822,20181225,1160.00,1171.00,0,0,0.00,0.00,0.00,1160.00,0.00
5564768007356822,20181226,1160.00,1171.00,0,0,0.00,0.00,0.00,1160.00,0.00
5564768007356822,20181229,1160.00,1171.00,0,0,0.00,0.00,0.00,1160.00,0.00
5564768007356822,20181230,1160.00,1171.00,0,0,0.00,0.00,0.00,1160.00,0.00
5564768007356822,20181231,1160.00,1171.00,0,0,0.00,0.00,0.00,1160.00,0.00
5564768007356822,20190101,1160.00,1171.00,0,0,0.00,0.00,0.00,1160.00,0.00
5564768007356822,20190102,1160.00,1171.00,0,0,0.00,0.00,0.00,1160.00,0.00
5564768007356822,20190105,1160.00,1171.00,0,0,0.00,0.00,0.00,1160.00,0.00
5564768007356822,20190106,1160.00,1171.00,0,0,0.00,0.00,0.00,1160.00,0.00
5564768007356822,20190107,1230.00,1219.00,3096,32368917,39821555332.00,1190.00,1278.00,1160.00,1218.00
5564768007356822,20190108,1190.00,1189.00,2879,27521675,32763252810.00,1179.00,1229.00,1230.00,1229.00
5564768007356822,20190109,1225.00,1237.00,3468,33530658,41083721470.00,1190.00,1242.00,1190.00,1190.00
5564768007356822,20190112,1253.00,1235.00,3151,32180832,40314115021.00,1231.00,1270.00,1225.00,1252.00
5564768007356822,20190113,1219.00,1205.00,2036,18080655,22046359713.00,1205.00,1255.00,1253.00,1255.00
5564768007356822,20190114,1208.00,1212.00,1560,15423577,18638186619.00,1196.00,1220.00,1219.00,1220.00
5564768007356822,20190115,1224.00,1220.00,1808,17051095,20866408832.00,1201.00,1250.00,1208.00,1219.00
5564768007356822,20190116,1249.00,1280.00,3080,32090896,40073621584.00,1215.00,1280.00,1224.00,1215.00
5564768007356822,20190119,1285.00,1274.00,3105,28687126,36852735487.00,1269.00,1299.00,1249.00,1275.00
5564768007356822,20190120,1253.00,1236.00,1799,18476124,23146213840.00,1230.00,1283.00,1285.00,1270.00
5564768007356822,20190121,1216.00,1231.00,1415,15058482,18315541600.00,1200.00,1240.00,1253.00,1234.00
5564768007356822,20190122,1230.00,1230.00,829,6218209,7646390254.00,1220.00,1243.00,1216.00,1221.00
5564768007356822,20190123,1253.00,1261.00,1731,12849031,16095530575.00,1224.00,1267.00,1230.00,1237.00
5564768007356822,20190126,1308.00,1315.00,5048,60568817,79214489621.00,1256.00,1315.00,1253.00,1260.00
5564768007356822,20190127,1313.00,1310.00,3152,33347842,43784203349.00,1280.00,1345.00,1308.00,1328.00
5564768007356822,20190128,1291.00,1304.00,1705,18587486,24000707320.00,1272.00,1324.00,1313.00,1315.00
5564768007356822,20190129,1322.00,1324.00,2338,21464827,28383616112.00,1282.00,1344.00,1291.00,1290.00
5564768007356822,20190130,1311.00,1313.00,1821,17650589,23144870400.00,1302.00,1337.00,1322.00,1337.00
5564768007356822,20190202,1300.00,1290.00,1093,8649015,11246740019.00,1279.00,1331.00,1311.00,1331.00
5564768007356822,20190203,1261.00,1268.00,1171,11982413,15104435134.00,1250.00,1301.00,1300.00,1301.00
5564768007356822,20190204,1287.00,1274.00,980,9324737,11998409304.00,1260.00,1301.00,1261.00,1288.00
5564768007356822,20190205,1276.00,1277.00,646,5791253,7388546996.00,1266.00,1296.00,1287.00,1287.00
5564768007356822,20190206,1274.00,1270.00,1117,10753886,13701742161.00,1260.00,1300.00,1276.00,1280.00
5564768007356822,20190210,1279.00,1280.00,763,5983369,7651807424.00,1269.00,1299.00,1274.00,1275.00
5564768007356822,20190212,1315.00,1311.00,1915,17909875,23556765863.00,1285.00,1329.00,1279.00,1292.00
5564768007356822,20190213,1305.00,1300.00,1109,8759645,11427701464.00,1290.00,1325.00,1315.00,1315.00
5564768007356822,20190216,1294.00,1290.00,1299,12264601,15864864108.00,1277.00,1317.00,1305.00,1317.00
5564768007356822,20190217,1269.00,1259.00,784,6027299,7647401965.00,1255.00,1315.00,1294.00,1309.00
5564768007356822,20190218,1264.00,1260.00,590,5888577,7444981378.00,1250.00,1280.00,1269.00,1255.00
5564768007356822,20190219,1262.00,1254.00,625,6645399,8386496925.00,1252.00,1277.00,1264.00,1264.00
5564768007356822,20190220,1257.00,1260.00,922,7948323,9993072414.00,1240.00,1286.00,1262.00,1265.00
5564768007356822,20190223,1268.00,1260.00,1003,10206099,12939511618.00,1258.00,1279.00,1257.00,1264.00
5564768007356822,20190224,1277.00,1274.00,931,8036171,10265604734.00,1265.00,1296.00,1268.00,1265.00
5564768007356822,20190225,1292.00,1318.00,1407,14047805,18153177966.00,1270.00,1325.00,1277.00,1276.00
5564768007356822,20190226,1307.00,1301.00,1426,14285786,18667467298.00,1264.00,1324.00,1292.00,1280.00
5564768007356822,20190227,1362.00,1372.00,1906,22353717,30439581519.00,1311.00,1372.00,1307.00,1323.00
5564768007356822,20190302,1401.00,1380.00,2000,24069920,33718386150.00,1370.00,1429.00,1362.00,1400.00
5564768007356822,20190303,1368.00,1358.00,2512,26349176,36045879931.00,1354.00,1388.00,1401.00,1383.00
5564768007356822,20190304,1403.00,1389.00,2529,27235888,38215983861.00,1361.00,1426.00,1368.00,1365.00
5564768007356822,20190305,1401.00,1389.00,2149,20851971,29222585478.00,1375.00,1430.00,1403.00,1398.00
5564768007356822,20190306,1397.00,1404.00,1502,12404155,17322489815.00,1371.00,1419.00,1401.00,1397.00
5564768007356822,20190309,1388.00,1373.00,1184,10518845,14596172146.00,1372.00,1413.00,1397.00,1400.00
5564768007356822,20190310,1367.00,1372.00,952,8342650,11402260841.00,1361.00,1380.00,1388.00,1380.00
5564768007356822,20190311,1384.00,1379.00,1154,14593478,20193258888.00,1366.00,1401.00,1367.00,1370.00
5564768007356822,20190312,1362.00,1362.00,799,9851341,13419415368.00,1350.00,1387.00,1384.00,1387.00
5564768007356822,20190313,1377.00,1357.00,1443,14699536,20245926843.00,1350.00,1400.00,1362.00,1366.00
5564768007356822,20190316,1360.00,1364.00,696,4956605,6740349614.00,1340.00,1384.00,1377.00,1384.00
5564768007356822,20190317,1362.00,1358.00,769,6954789,9469143325.00,1353.00,1378.00,1360.00,1377.00
5564768007356822,20190318,1369.00,1370.00,907,8216990,11250471185.00,1358.00,1387.00,1362.00,1370.00
5564768007356822,20190319,1390.00,1390.00,1213,10568002,14692402427.00,1360.00,1405.00,1369.00,1360.00
5564768007356822,20190325,1383.00,1390.00,585,4149898,5739991991.00,1374.00,1408.00,1390.00,1407.00
5564768007356822,20190326,1431.00,1452.00,1511,14788717,21167298267.00,1386.00,1452.00,1383.00,1400.00
5564768007356822,20190327,1443.00,1435.00,1224,11237689,16211816100.00,1412.00,1488.00,1431.00,1480.00
5564768007356822,20190330,1437.00,1455.00,1246,13191238,18953929387.00,1412.00,1458.00,1443.00,1443.00
5564768007356822,20190331,1410.00,1406.00,1723,17812761,25118503664.00,1382.00,1464.00,1437.00,1464.00
5564768007356822,20190406,1404.00,1423.00,1166,12242108,17183330183.00,1388.00,1425.00,1410.00,1420.00
5564768007356822,20190407,1428.00,1414.00,1287,12919787,18452345460.00,1400.00,1455.00,1404.00,1417.00
5564768007356822,20190408,1415.00,1399.00,1141,13553589,19179971466.00,1399.00,1441.00,1428.00,1412.00
5564768007356822,20190409,1392.00,1390.00,1360,15987766,22257126374.00,1380.00,1412.00,1415.00,1397.00
5564768007356822,20190410,1403.00,1390.00,1611,17667157,24785181042.00,1388.00,1429.00,1392.00,1408.00
5564768007356822,20190413,1411.00,1426.00,1636,18252367,25749002656.00,1386.00,1430.00,1403.00,1400.00
5564768007356822,20190414,1464.00,1481.00,2091,26990678,39502092289.00,1420.00,1481.00,1411.00,1426.00
5564768007356822,20190415,1537.00,1537.00,1254,31494143,48406497791.00,1537.00,1537.00,1464.00,1537.00
5564768007356822,20190416,1606.00,1612.00,6581,100589401,161527140956.00,1550.00,1613.00,1537.00,1565.00
5564768007356822,20190417,1606.00,1612.00,0,0,0.00,0.00,0.00,1606.00,0.00
5564768007356822,20190420,1691.00,1689.00,2893,41765722,70608773610.00,1602.00,1770.00,1606.00,1686.00
5564768007356822,20190422,1626.00,1630.00,2971,38083515,61926541806.00,1607.00,1690.00,1691.00,1680.00
5564768007356822,20190423,1641.00,1639.00,2923,38914354,63872944613.00,1591.00,1687.00,1626.00,1611.00
5564768007356822,20190424,1719.00,1723.00,2658,41299703,71000708795.00,1670.00,1723.00,1641.00,1679.00
5564768007356822,20190427,1800.00,1804.00,5825,93715896,168671514351.00,1751.00,1804.00,1719.00,1780.00
5564768007356822,20190428,1842.00,1844.00,2997,35933001,66182169588.00,1801.00,1880.00,1800.00,1830.00
5564768007356822,20190429,1856.00,1880.00,2016,21376355,39672161462.00,1820.00,1897.00,1842.00,1879.00
5564768007356822,20190430,1935.00,1948.00,6679,98246075,190106705951.00,1866.00,1948.00,1856.00,1900.00
5564768007356822,20190501,2027.00,2031.00,3518,53425710,108306922495.00,1961.00,2031.00,1935.00,1997.00
5564768007356822,20190504,2128.00,2128.00,270,5808792,12361109376.00,2128.00,2128.00,2027.00,2128.00
5564768007356822,20190505,2233.00,2234.00,6596,142140541,317449120741.00,2151.00,2234.00,2128.00,2234.00
5564768007356822,20190506,2344.00,2344.00,1184,23526355,55145776120.00,2344.00,2344.00,2233.00,2344.00
5564768007356822,20190507,2461.00,2461.00,319,3832279,9431238619.00,2461.00,2461.00,2344.00,2461.00
5564768007356822,20190508,2584.00,2584.00,73,1521580,3931762720.00,2584.00,2584.00,2461.00,2584.00
5564768007356822,20190511,2584.00,2584.00,0,0,0.00,0.00,0.00,2584.00,0.00
5564768007356822,20190512,2584.00,2584.00,0,0,0.00,0.00,0.00,2584.00,0.00
5564768007356822,20190513,2584.00,2584.00,0,0,0.00,0.00,0.00,2584.00,0.00
5564768007356822,20190514,2584.00,2584.00,0,0,0.00,0.00,0.00,2584.00,0.00
5564768007356822,20190515,2584.00,2584.00,0,0,0.00,0.00,0.00,2584.00,0.00
5564768007356822,20190518,2584.00,2584.00,0,0,0.00,0.00,0.00,2584.00,0.00
5564768007356822,20190519,2584.00,2584.00,0,0,0.00,0.00,0.00,2584.00,0.00
5564768007356822,20190520,2584.00,2584.00,0,0,0.00,0.00,0.00,2584.00,0.00
5564768007356822,20190521,2584.00,2584.00,0,0,0.00,0.00,0.00,2584.00,0.00
5564768007356822,20190522,2584.00,2584.00,0,0,0.00,0.00,0.00,2584.00,0.00
5564768007356822,20190525,2584.00,2584.00,0,0,0.00,0.00,0.00,2584.00,0.00
5564768007356822,20190526,2584.00,2584.00,0,0,0.00,0.00,0.00,2584.00,0.00
5564768007356822,20190528,2713.00,2713.00,84,1653780,4486705140.00,2713.00,2713.00,2584.00,2713.00
5564768007356822,20190529,2848.00,2848.00,1339,28835277,82122868896.00,2848.00,2848.00,2713.00,2848.00
5564768007356822,20190601,2990.00,2990.00,432,10622009,31759806910.00,2990.00,2990.00,2848.00,2990.00
5564768007356822,20190602,2979.00,2841.00,8939,151596845,451634528230.00,2841.00,3139.00,2990.00,3139.00
5564768007356822,20190603,2831.00,2831.00,3850,96780588,274008558977.00,2831.00,2879.00,2979.00,2831.00
5564768007356822,20190608,2690.00,2690.00,398,4049813,10893996970.00,2690.00,2690.00,2831.00,2690.00
5564768007356822,20190609,2621.00,2660.00,9823,121847483,319382854988.00,2556.00,2731.00,2690.00,2556.00
5564768007356822,20190610,2578.00,2710.00,11935,148597498,383014681661.00,2490.00,2723.00,2621.00,2700.00
5564768007356822,20190611,2644.00,2629.00,6614,78836956,208465252264.00,2575.00,2706.00,2578.00,2706.00
5564768007356822,20190612,2552.00,2512.00,8597,87965798,224505594824.00,2512.00,2655.00,2644.00,2650.00
5564768007356822,20190615,2490.00,2525.00,5316,57919795,144217335953.00,2425.00,2596.00,2552.00,2425.00
5564768007356822,20190616,2597.00,2570.00,5413,54898006,142543488950.00,2520.00,2614.00,2490.00,2575.00
5564768007356822,20190617,2600.00,2550.00,2864,20404325,53056108152.00,2497.00,2677.00,2597.00,2615.00
5564768007356822,20190618,2489.00,2470.00,3308,28839531,71780262268.00,2470.00,2580.00,2600.00,2510.00
5564768007356822,20190619,2413.00,2369.00,5353,58192599,140423897388.00,2365.00,2540.00,2489.00,2470.00
5564768007356822,20190622,2299.00,2293.00,3874,42163642,96931577664.00,2293.00,2349.00,2413.00,2293.00
5564768007356822,20190623,2365.00,2352.00,1962,14670495,34701473489.00,2320.00,2408.00,2299.00,2320.00
5564768007356822,20190624,2343.00,2333.00,2037,11910683,27901085408.00,2310.00,2396.00,2365.00,2371.00
5564768007356822,20190625,2297.00,2305.00,2163,14467708,33239171686.00,2247.00,2370.00,2343.00,2370.00
5564768007356822,20190626,2374.00,2411.00,2200,19328448,45887892822.00,2320.00,2411.00,2297.00,2347.00
5564768007356822,20190630,2428.00,2397.00,1836,12321114,29911504009.00,2380.00,2480.00,2374.00,2475.00
5564768007356822,20190701,2349.00,2340.00,1565,12578199,29546585061.00,2320.00,2399.00,2428.00,2399.00
5564768007356822,20190702,2355.00,2350.00,2003,16502622,38871476383.00,2307.00,2411.00,2349.00,2362.00
5564768007356822,20190703,2435.00,2472.00,2402,21829341,53156385019.00,2348.00,2472.00,2355.00,2355.00
5564768007356822,20190706,2473.00,2439.00,2248,19679456,48665122083.00,2426.00,2544.00,2435.00,2510.00
5564768007356822,20190707,2376.00,2414.00,3010,26407444,62735312452.00,2350.00,2458.00,2473.00,2458.00
5564768007356822,20190708,2376.00,2414.00,0,0,0.00,0.00,0.00,2376.00,0.00
5564768007356822,20190709,2376.00,2414.00,0,0,0.00,0.00,0.00,2376.00,0.00
5564768007356822,20190710,2376.00,2414.00,0,0,0.00,0.00,0.00,2376.00,0.00
5564768007356822,20190713,2376.00,2414.00,0,0,0.00,0.00,0.00,2376.00,0.00
5564768007356822,20190714,2376.00,2414.00,0,0,0.00,0.00,0.00,2376.00,0.00
5564768007356822,20190715,2495.00,2466.00,3010,26171534,65293927728.00,2435.00,2550.00,2364.00,2444.00
5564768007356822,20190716,2384.00,2371.00,887,7184967,17131911004.00,2371.00,2486.00,2495.00,2486.00
5564768007356822,20190717,2342.00,2350.00,1949,15916485,37278921224.00,2276.00,2409.00,2384.00,2280.00
5564768007356822,20190720,2316.00,2300.00,1011,6455176,14952769096.00,2274.00,2380.00,2342.00,2312.00
5564768007356822,20190721,2330.00,2360.00,961,6868651,16001272132.00,2280.00,2365.00,2316.00,2341.00
5564768007356822,20190722,2313.00,2302.00,1258,8220973,19013641282.00,2282.00,2390.00,2330.00,2379.00
5564768007356822,20190723,2263.00,2279.00,1058,8448777,19118138253.00,2235.00,2339.00,2313.00,2299.00
5564768007356822,20190724,2373.00,2376.00,3039,49280962,116966032889.00,2271.00,2376.00,2263.00,2300.00
5564768007356822,20190727,2406.00,2351.00,5563,55004353,132324649699.00,2350.00,2480.00,2373.00,2480.00
5564768007356822,20190728,2386.00,2380.00,2022,14015191,33440232602.00,2353.00,2425.00,2406.00,2381.00
5564768007356822,20190729,2404.00,2394.00,1885,12258552,29463863473.00,2360.00,2440.00,2386.00,2388.00
5564768007356822,20190730,2459.00,2449.00,2582,18277798,44949368727.00,2372.00,2499.00,2404.00,2419.00
5564768007356822,20190731,2438.00,2433.00,1483,9615257,23444310607.00,2401.00,2477.00,2459.00,2475.00
5564768007356822,20190803,2499.00,2492.00,2277,16571838,41419012357.00,2420.00,2535.00,2438.00,2450.00
5564768007356822,20190804,2445.00,2450.00,1965,15328229,37470587504.00,2400.00,2520.00,2499.00,2510.00
5564768007356822,20190805,2499.00,2520.00,2613,21513726,53759003369.00,2411.00,2548.00,2445.00,2460.00
5564768007356822,20190806,2501.00,2501.00,2507,25106259,62803205714.00,2450.00,2551.00,2499.00,2548.00
5564768007356822,20190807,2585.00,2626.00,6121,79487539,205456679349.00,2510.00,2626.00,2501.00,2510.00
5564768007356822,20190810,2696.00,2714.00,7892,80843577,217966232523.00,2602.00,2714.00,2585.00,2714.00
5564768007356822,20190811,2668.00,2633.00,4399,32878760,87725015387.00,2619.00,2759.00,2696.00,2738.00
5564768007356822,20190813,2715.00,2710.00,3193,23915405,64928430570.00,2635.00,2780.00,2668.00,2635.00
5564768007356822,20190814,2686.00,2667.00,3302,25148785,67545802763.00,2654.00,2749.00,2715.00,2700.00
5564768007356822,20190817,2638.00,2622.00,2714,22398416,59079679077.00,2600.00,2714.00,2686.00,2714.00
5564768007356822,20190818,2599.00,2620.00,2219,18314215,47598986783.00,2566.00,2647.00,2638.00,2589.00
5564768007356822,20190819,2673.00,2650.00,4158,46260508,123663916785.00,2600.00,2728.00,2599.00,2601.00
5564768007356822,20190821,2725.00,2730.00,2536,16803978,45782947330.00,2681.00,2748.00,2673.00,2730.00
5564768007356822,20190824,2850.00,2861.00,1216,14130594,40276058698.00,2760.00,2861.00,2725.00,2777.00
5564768007356822,20190825,2899.00,2917.00,5781,52947369,153501764301.00,2721.00,2992.00,2850.00,2950.00
5564768007356822,20190826,3017.00,3043.00,3729,35921221,108365689295.00,2920.00,3043.00,2899.00,2970.00
5564768007356822,20190827,3048.00,2910.00,4201,32061103,97723354777.00,2888.00,3165.00,3017.00,3118.00
5564768007356822,20190828,2920.00,2920.00,4919,39488422,115300972955.00,2896.00,3000.00,3048.00,2950.00
5564768007356822,20190831,3005.00,2920.00,4317,37225845,111849446618.00,2880.00,3066.00,2920.00,2990.00
5564768007356822,20190901,3018.00,3024.00,3630,28869589,87141129896.00,2905.00,3085.00,3005.00,2930.00
5564768007356822,20190902,2930.00,2902.00,3475,34434212,100881744343.00,2868.00,3087.00,3018.00,3030.00
5564768007356822,20190903,2950.00,2925.00,2308,20357006,60050056900.00,2870.00,3004.00,2930.00,2910.00
5564768007356822,20190904,3002.00,3000.00,2062,12577039,37757187527.00,2930.00,3046.00,2950.00,2980.00
5564768007356822,20190907,3025.00,3023.00,2566,18809127,56893019103.00,2981.00,3069.00,3002.00,3045.00
5564768007356822,20190908,2994.00,2985.00,2699,23193583,69447598187.00,2950.00,3052.00,3025.00,3031.00
5564768007356822,20190911,3096.00,3143.00,4217,39208454,121379482352.00,2942.00,3143.00,2994.00,3000.00
5564768007356822,20190914,3241.00,3250.00,2176,20975371,67970805810.00,3200.00,3250.00,3096.00,3249.00
5564768007356822,20190915,3241.00,3250.00,0,0,0.00,0.00,0.00,3241.00,0.00
5564768007356822,20190916,3241.00,3250.00,0,0,0.00,0.00,0.00,3241.00,0.00
5564768007356822,20190917,3382.00,3344.00,2440,23170355,78367085381.00,3163.00,3475.00,3241.00,3320.00
5564768007356822,20190918,3230.00,3213.00,1334,9516203,30739527821.00,3213.00,3379.00,3382.00,3379.00
5564768007356822,20190921,3197.00,3200.00,3276,26470659,84623932527.00,3150.00,3300.00,3230.00,3161.00
5564768007356822,20190922,3331.00,3356.00,2965,25437699,84738592879.00,3170.00,3356.00,3197.00,3240.00
5564768007356822,20190923,3441.00,3405.00,1615,12483429,42951873277.00,3370.00,3580.00,3331.00,3496.00
5564768007356822,20190924,3311.00,3314.00,4348,37919223,125550618167.00,3269.00,3553.00,3441.00,3411.00
5564768007356822,20190925,3344.00,3323.00,355,2047903,6847751642.00,3270.00,3397.00,3311.00,3397.00
5564768007356822,20190928,3344.00,3323.00,0,0,0.00,0.00,0.00,3344.00,0.00
5564768007356822,20190929,3344.00,3323.00,0,0,0.00,0.00,0.00,3344.00,0.00
5564768007356822,20190930,3671.00,3686.00,3595,35628351,130779687998.00,3511.00,3686.00,3344.00,3511.00
5564768007356822,20191001,3608.00,3488.00,6343,46051600,166166055841.00,3488.00,3799.00,3671.00,3789.00
5564768007356822,20191002,3466.00,3485.00,4118,30373699,105261976260.00,3428.00,3580.00,3608.00,3550.00
5564768007356822,20191005,3511.00,3450.00,3464,22989834,80723938222.00,3400.00,3601.00,3466.00,3499.00
5564768007356822,20191006,3416.00,3460.00,2569,15513864,52994947519.00,3336.00,3470.00,3511.00,3450.00
5564768007356822,20191007,3567.00,3586.00,3776,26127564,93184781281.00,3470.00,3586.00,3416.00,3470.00
5564768007356822,20191008,3645.00,3592.00,5950,49023936,178682459150.00,3400.00,3745.00,3567.00,3690.00
5564768007356822,20191009,3778.00,3827.00,4540,33631436,127073141610.00,3565.00,3827.00,3645.00,3592.00
5564768007356822,20191012,3859.00,3853.00,4409,25916155,100001587413.00,3777.00,3954.00,3778.00,3930.00
5564768007356822,20191013,3719.00,3667.00,4656,38813825,144342299270.00,3667.00,3910.00,3859.00,3900.00
5564768007356822,20191014,3548.00,3534.00,2695,15993139,56750345456.00,3534.00,3665.00,3719.00,3660.00
5564768007356822,20191015,3438.00,3371.00,1069,6401886,22009335726.00,3371.00,3621.00,3548.00,3477.00
5564768007356822,20191016,3272.00,3267.00,1723,11515884,37678591357.00,3267.00,3341.00,3438.00,3267.00
5564768007356822,20191020,3114.00,3109.00,449,3675374,11446882264.00,3109.00,3198.00,3272.00,3109.00
5564768007356822,20191021,2959.00,2959.00,1001,10066837,29787770683.00,2959.00,2959.00,3114.00,2959.00
5564768007356822,20191022,2991.00,2950.00,2722,20193862,60408983439.00,2861.00,3106.00,2959.00,3090.00
5564768007356822,20191023,2855.00,2868.00,1764,13653829,38980619751.00,2842.00,2991.00,2991.00,2991.00
5564768007356822,20191026,2746.00,2799.00,2270,17520389,48111914895.00,2713.00,2850.00,2855.00,2850.00
5564768007356822,20191028,2878.00,2883.00,1326,8631028,24839142403.00,2799.00,2883.00,2746.00,2800.00
5564768007356822,20191030,3018.00,3021.00,1102,11029074,33287384660.00,2980.00,3021.00,2878.00,3019.00
5564768007356822,20191102,3079.00,3168.00,2662,18337764,56471061994.00,2946.00,3168.00,3018.00,3168.00
5564768007356822,20191103,3202.00,3200.00,2401,17296602,55391324885.00,3070.00,3232.00,3079.00,3130.00
5564768007356822,20191104,3101.00,3042.00,1623,9723446,30156886789.00,3042.00,3249.00,3202.00,3249.00
5564768007356822,20191105,3011.00,3030.00,1787,12698021,38238884474.00,2946.00,3099.00,3101.00,3000.00
5564768007356822,20191109,2977.00,2914.00,1536,9543473,28406639942.00,2889.00,3093.00,3011.00,3075.00
5564768007356822,20191110,2891.00,2888.00,1370,8640562,24982739125.00,2833.00,2960.00,2977.00,2922.00
5564768007356822,20191111,2999.00,3035.00,1267,9766664,29292022446.00,2862.00,3035.00,2891.00,2899.00
5564768007356822,20191112,3092.00,3115.00,1665,10163527,31424433624.00,3039.00,3133.00,2999.00,3046.00
5564768007356822,20191113,3070.00,3045.00,1559,8277279,25413815425.00,3001.00,3169.00,3092.00,3137.00
5564768007356822,20191116,3030.00,2987.00,1608,8500341,25755577856.00,2972.00,3160.00,3070.00,3160.00
5564768007356822,20191117,2879.00,2879.00,392,2669471,7685483009.00,2879.00,2917.00,3030.00,2879.00
5564768007356822,20191118,2785.00,2848.00,1989,14007088,39007966984.00,2736.00,2918.00,2879.00,2736.00
5564768007356822,20191119,2910.00,2924.00,984,6506277,18934038293.00,2830.00,2924.00,2785.00,2877.00
5564768007356822,20191120,2986.00,2990.00,1164,8032555,23983702942.00,2930.00,3035.00,2910.00,3000.00
5564768007356822,20191123,3009.00,2970.00,1418,8966752,26977759326.00,2952.00,3070.00,2986.00,3025.00
5564768007356822,20191124,3017.00,3070.00,1780,11671824,35215576513.00,2931.00,3085.00,3009.00,3020.00
5564768007356822,20191125,3078.00,3090.00,1707,10817520,33296975050.00,3030.00,3135.00,3017.00,3030.00
5564768007356822,20191126,3073.00,3045.00,1804,11176284,34345514972.00,3013.00,3159.00,3078.00,3159.00
5564768007356822,20191127,3017.00,3040.00,2351,12717506,38363395667.00,2965.00,3070.00,3073.00,3006.00
5564768007356822,20191130,3138.00,3167.00,1952,16285869,51104163221.00,3030.00,3167.00,3017.00,3040.00
5564768007356822,20191201,3212.00,3211.00,2308,17646527,56672058819.00,3180.00,3270.00,3138.00,3270.00
5564768007356822,20191202,3244.00,3270.00,2782,24564607,79682990630.00,3106.00,3332.00,3212.00,3250.00
5564768007356822,20191203,3354.00,3406.00,2729,21389069,71730997051.00,3162.00,3406.00,3244.00,3300.00
5564768007356822,20191204,3437.00,3445.00,2281,11528042,39618027303.00,3395.00,3480.00,3354.00,3480.00
5564768007356822,20191207,3483.00,3451.00,2527,18338173,63877827891.00,3448.00,3586.00,3437.00,3450.00
5564768007356822,20191208,3434.00,3451.00,2302,15846193,54422330149.00,3351.00,3500.00,3483.00,3468.00
5564768007356822,20191209,3443.00,3469.00,2087,15276428,52590508196.00,3400.00,3499.00,3434.00,3471.00
5564768007356822,20191210,3483.00,3400.00,2381,16897295,58848578596.00,3341.00,3559.00,3443.00,3509.00
5564768007356822,20191211,3384.00,3354.00,2001,13738102,46483752800.00,3330.00,3440.00,3483.00,3440.00
5564768007356822,20191214,3399.00,3415.00,2099,15246251,51822255313.00,3350.00,3446.00,3384.00,3384.00
5564768007356822,20191215,3526.00,3498.00,3255,26068265,91909990558.00,3446.00,3568.00,3399.00,3452.00
5564768007356822,20191216,3542.00,3536.00,2241,16160624,57235022184.00,3477.00,3569.00,3526.00,3500.00
5564768007356822,20191217,3655.00,3615.00,3465,26209944,95802851803.00,3543.00,3719.00,3542.00,3569.00
5564768007356822,20191218,3608.00,3591.00,2029,14399314,51950771251.00,3572.00,3690.00,3655.00,3654.00
5564768007356822,20191221,3529.00,3505.00,2339,15463845,54578801129.00,3499.00,3590.00,3608.00,3590.00
5564768007356822,20191222,3697.00,3705.00,2321,26587256,98284764510.00,3540.00,3705.00,3529.00,3590.00
5564768007356822,20191223,3601.00,3526.00,3807,32115820,115635913943.00,3513.00,3780.00,3697.00,3774.00
5564768007356822,20191224,3631.00,3640.00,2642,20360051,73933712881.00,3510.00,3679.00,3601.00,3550.00
5564768007356822,20191225,3724.00,3698.00,2377,17577036,65459530669.00,3680.00,3795.00,3631.00,3711.00
5564768007356822,20191228,3747.00,3735.00,2914,21465349,80440223609.00,3700.00,3799.00,3724.00,3799.00
5564768007356822,20191229,3668.00,3680.00,2667,18535058,67988589487.00,3601.00,3760.00,3747.00,3760.00
5564768007356822,20191230,3782.00,3800.00,4186,39107872,147913346827.00,3651.00,3851.00,3668.00,3689.00
5564768007356822,20191231,3924.00,3971.00,5021,55208103,216663773682.00,3800.00,3971.00,3782.00,3880.00
5564768007356822,20200101,4118.00,4118.00,6206,59582102,245375720723.00,4050.00,4120.00,3924.00,4120.00
5564768007356822,20200104,3913.00,3913.00,293,1176253,4602677989.00,3913.00,3913.00,4118.00,3913.00
5564768007356822,20200105,3718.00,3718.00,729,9746233,36236494294.00,3718.00,3718.00,3913.00,3718.00
5564768007356822,20200107,3536.00,3533.00,1726,18895084,66809254842.00,3533.00,3638.00,3718.00,3533.00
5564768007356822,20200108,3466.00,3466.00,225,2842016,9850427456.00,3466.00,3466.00,3536.00,3466.00
5564768007356822,20200111,3535.00,3535.00,87,765916,2707513060.00,3535.00,3535.00,3466.00,3535.00
5564768007356822,20200112,3711.00,3711.00,1040,14844892,55089394212.00,3711.00,3711.00,3535.00,3711.00
5564768007356822,20200113,3894.00,3896.00,2592,28690372,111727820749.00,3765.00,3896.00,3711.00,3896.00
5564768007356822,20200114,3928.00,3919.00,3847,26961696,105911020987.00,3806.00,4038.00,3894.00,4038.00
5564768007356822,20200115,4097.00,4124.00,3263,28041394,114898397136.00,4000.00,4124.00,3928.00,4060.00
5564768007356822,20200118,4299.00,4301.00,3712,33998679,146151931449.00,4230.00,4301.00,4097.00,4301.00
5564768007356822,20200119,4267.00,4210.00,5557,34519804,147306582507.00,4085.00,4440.00,4299.00,4369.00
5564768007356822,20200120,4171.00,4127.00,4616,28910028,120596266379.00,4100.00,4293.00,4267.00,4250.00
5564768007356822,20200121,4188.00,4150.00,2612,16430138,68802044327.00,4059.00,4320.00,4171.00,4250.00
5564768007356822,20200122,4313.00,4313.00,3405,23251313,100293479969.00,4162.00,4397.00,4188.00,4162.00
5564768007356822,20200125,4512.00,4528.00,3560,26851904,121148366952.00,4350.00,4528.00,4313.00,4446.00
5564768007356822,20200126,4463.00,4455.00,4891,34936508,155931642175.00,4300.00,4697.00,4512.00,4690.00
5564768007356822,20200127,4330.00,4280.00,3313,20007765,86628554488.00,4249.00,4435.00,4463.00,4408.00
5564768007356822,20200128,4316.00,4320.00,3608,20604968,88926928040.00,4254.00,4389.00,4330.00,4290.00
5564768007356822,20200201,4374.00,4367.00,3352,21212036,92771093101.00,4310.00,4470.00,4316.00,4394.00
5564768007356822,20200202,4333.00,4350.00,3386,21054144,91224382936.00,4280.00,4390.00,4374.00,4390.00
5564768007356822,20200203,4427.00,4399.00,3715,26688054,118147644197.00,4367.00,4500.00,4333.00,4420.00
5564768007356822,20200204,4323.00,4300.00,4025,26023436,112508748262.00,4210.00,4470.00,4427.00,4444.00
5564768007356822,20200205,4389.00,4401.00,4325,34767456,152606105824.00,4202.00,4480.00,4323.00,4250.00
5564768007356822,20200208,4589.00,4608.00,6558,59827697,274528480662.00,4451.00,4608.00,4389.00,4500.00
5564768007356822,20200209,4794.00,4818.00,6975,55372004,265468932905.00,4670.00,4818.00,4589.00,4818.00
5564768007356822,20200210,4990.00,5033.00,7470,51174814,255371112485.00,4820.00,5033.00,4794.00,5033.00
5564768007356822,20200212,4990.00,5033.00,0,0,0.00,0.00,0.00,4990.00,0.00
5564768007356822,20200215,4990.00,5033.00,0,0,0.00,0.00,0.00,4990.00,0.00
5564768007356822,20200216,4990.00,5033.00,0,0,0.00,0.00,0.00,4990.00,0.00
5564768007356822,20200217,4990.00,5033.00,0,0,0.00,0.00,0.00,4990.00,0.00
5564768007356822,20200218,2942.00,2967.00,0,0,0.00,0.00,0.00,2942.00,3840.00
5564768007356822,20200219,3089.00,3089.00,124,321393,992782977.00,3089.00,3089.00,2942.00,3089.00
5564768007356822,20200222,3243.00,3243.00,183,1405941,4559466663.00,3243.00,3243.00,3089.00,3243.00
5564768007356822,20200223,3405.00,3405.00,71,183778,625764090.00,3405.00,3405.00,3243.00,3405.00
5564768007356822,20200224,3575.00,3575.00,168,871969,3117289175.00,3575.00,3575.00,3405.00,3575.00
5564768007356822,20200225,3753.00,3753.00,175,1468960,5513006880.00,3753.00,3753.00,3575.00,3753.00
5564768007356822,20200226,3938.00,3940.00,9074,110629192,435672393765.00,3758.00,3940.00,3753.00,3940.00
5564768007356822,20200229,3837.00,3900.00,14157,106925770,410250834971.00,3742.00,4040.00,3938.00,3900.00
5564768007356822,20200301,4011.00,4028.00,5218,49810878,199779700124.00,3901.00,4028.00,3837.00,3967.00
5564768007356822,20200302,4160.00,4124.00,8775,58904318,245052280497.00,4033.00,4200.00,4011.00,4190.00
5564768007356822,20200303,4010.00,3990.00,13436,74452466,298587021456.00,3960.00,4139.00,4160.00,4130.00
5564768007356822,20200304,4007.00,4010.00,7681,46373286,185822183322.00,3911.00,4084.00,4010.00,4000.00
5564768007356822,20200307,3823.00,3807.00,4809,27083288,103550827236.00,3807.00,3941.00,4007.00,3830.00
5564768007356822,20200309,3712.00,3632.00,1563,7322291,26613289775.00,3632.00,3777.00,3823.00,3632.00
5564768007356822,20200310,3545.00,3527.00,4361,33776964,119727862038.00,3527.00,3650.00,3712.00,3527.00
5564768007356822,20200311,3603.00,3550.00,4244,23381948,84242936166.00,3500.00,3685.00,3545.00,3500.00
5564768007356822,20200314,3519.00,3423.00,1595,7754599,26774733333.00,3423.00,3598.00,3603.00,3598.00
5564768007356822,20200315,3417.00,3344.00,1382,8475916,28409871765.00,3344.00,3430.00,3519.00,3361.00
5564768007356822,20200316,3504.00,3569.00,3532,19483025,68270266619.00,3400.00,3587.00,3417.00,3587.00
5564768007356822,20200317,3397.00,3390.00,3255,15331053,52075993562.00,3329.00,3611.00,3504.00,3611.00
5564768007356822,20200318,3523.00,3566.00,2707,13895805,48955270911.00,3393.00,3566.00,3397.00,3393.00
5564768007356822,20200324,3498.00,3520.00,3291,13695308,47893919843.00,3360.00,3619.00,3523.00,3580.00
5564768007356822,20200325,3521.00,3564.00,8556,54383770,191463914179.00,3387.00,3600.00,3498.00,3420.00
5564768007356822,20200328,3658.00,3697.00,2977,20810053,76124373091.00,3550.00,3697.00,3521.00,3666.00
5564768007356822,20200329,3772.00,3710.00,9873,60285952,227404126138.00,3657.00,3840.00,3658.00,3840.00
5564768007356822,20200330,3752.00,3818.00,6731,45195540,169588207491.00,3625.00,3846.00,3772.00,3818.00
5564768007356822,20200404,3917.00,3939.00,4619,32401945,126903721510.00,3851.00,3939.00,3752.00,3928.00
5564768007356822,20200405,3879.00,3830.00,7434,45379888,176034091761.00,3800.00,4050.00,3917.00,4000.00
5564768007356822,20200406,3714.00,3709.00,6694,47021406,174653987497.00,3686.00,3900.00,3879.00,3900.00
5564768007356822,20200407,3749.00,3764.00,7959,71582293,268389577033.00,3660.00,3847.00,3714.00,3739.00
5564768007356822,20200408,3894.00,3936.00,7319,82078698,319640661572.00,3788.00,3936.00,3749.00,3830.00
5564768007356822,20200411,4058.00,4088.00,3721,43338291,175877219254.00,3970.00,4088.00,3894.00,4010.00
5564768007356822,20200412,4227.00,4260.00,1089,10757405,45826545300.00,4260.00,4260.00,4058.00,4260.00
5564768007356822,20200413,4405.00,4438.00,8983,106530839,469215817420.00,4270.00,4438.00,4227.00,4438.00
5564768007356822,20200414,4381.00,4446.00,7793,63752374,279305164181.00,4185.00,4555.00,4405.00,4400.00
5564768007356822,20200415,4586.00,4600.00,4997,50420295,231205641610.00,4446.00,4600.00,4381.00,4490.00
5564768007356822,20200418,4804.00,4815.00,1164,10389143,50023723545.00,4815.00,4815.00,4586.00,4815.00
5564768007356822,20200419,4844.00,4570.00,12226,105180182,509539133411.00,4564.00,5044.00,4804.00,5044.00
5564768007356822,20200420,4907.00,4900.00,6909,56462497,277077757872.00,4665.00,5040.00,4844.00,4665.00
5564768007356822,20200421,4976.00,4870.00,7471,70357360,350098932817.00,4800.00,5125.00,4907.00,5049.00
5564768007356822,20200422,5161.00,5224.00,6627,66166562,341510459710.00,4994.00,5224.00,4976.00,4994.00
5564768007356822,20200425,5416.00,5419.00,3613,44705606,242132985845.00,5321.00,5419.00,5161.00,5419.00
5564768007356822,20200426,5521.00,5490.00,10493,94152799,519785396845.00,5147.00,5686.00,5416.00,5686.00
5564768007356822,20200427,5596.00,5729.00,4653,35571415,199043341287.00,5267.00,5750.00,5521.00,5500.00
5564768007356822,20200428,5596.00,5729.00,0,0,0.00,0.00,0.00,5596.00,0.00
5564768007356822,20200429,5596.00,5729.00,0,0,0.00,0.00,0.00,5596.00,0.00
5564768007356822,20200502,6159.00,6168.00,737,13772154,84818196137.00,5875.00,6168.00,5596.00,5875.00
5564768007356822,20200503,6447.00,6466.00,778,8369702,54118493132.00,6466.00,6466.00,6159.00,6466.00
5564768007356822,20200504,6627.00,6769.00,8073,72750577,482107739068.00,6300.00,6769.00,6447.00,6766.00
5564768007356822,20200505,6791.00,6590.00,11370,98323340,667757358856.00,6350.00,6958.00,6627.00,6958.00
5564768007356822,20200506,6992.00,7130.00,5683,44525416,311311835426.00,6600.00,7130.00,6791.00,6791.00
5564768007356822,20200509,7229.00,7341.00,734,4862955,35698952655.00,7341.00,7341.00,6992.00,7341.00
5564768007356822,20200510,7524.00,7590.00,706,5839112,44318860080.00,7590.00,7590.00,7229.00,7590.00
5564768007356822,20200511,7865.00,7900.00,10283,98622584,775670796860.00,7524.00,7900.00,7524.00,7900.00
5564768007356822,20200512,7610.00,7472.00,3658,21268621,161856215233.00,7472.00,7898.00,7865.00,7898.00
5564768007356822,20200513,7457.00,7230.00,11295,88849658,662569894577.00,7230.00,7980.00,7610.00,7230.00
5564768007356822,20200516,7174.00,7085.00,2001,13627200,97761973477.00,7085.00,7633.00,7457.00,7250.00
5564768007356822,20200517,6827.00,6816.00,4277,44080564,300924439273.00,6816.00,7097.00,7174.00,6816.00
5564768007356822,20200518,6905.00,6955.00,5717,34223524,236328681408.00,6680.00,7250.00,6827.00,7000.00
5564768007356822,20200519,6680.00,6560.00,5599,34852283,232821357579.00,6560.00,7051.00,6905.00,7050.00
5564768007356822,20200520,6407.00,6346.00,3139,22943019,146990923857.00,6346.00,6680.00,6680.00,6450.00
5564768007356822,20200523,6087.00,6087.00,1967,12105802,73688016774.00,6087.00,6087.00,6407.00,6087.00
5564768007356822,20200526,5926.00,5783.00,779,4127392,23868707936.00,5783.00,5783.00,6087.00,5783.00
5564768007356822,20200527,5772.00,5820.00,6730,57017546,329096134653.00,5630.00,6170.00,5926.00,5630.00
5564768007356822,20200530,6056.00,6060.00,1452,9972941,60398598805.00,5953.00,6060.00,5772.00,6060.00
5564768007356822,20200531,6192.00,6130.00,7113,55012677,340661379189.00,5850.00,6358.00,6056.00,6358.00
5564768007356822,20200601,6135.00,6049.00,4891,32135450,197152985165.00,5920.00,6400.00,6192.00,6225.00
5564768007356822,20200602,6288.00,6290.00,5807,32689393,205541064669.00,6050.00,6400.00,6135.00,6150.00
5564768007356822,20200606,6594.00,6602.00,2181,14290891,94235019561.00,6442.00,6602.00,6288.00,6601.00
5564768007356822,20200607,6910.00,6811.00,3160,25735195,177827436855.00,6714.00,6923.00,6594.00,6923.00
5564768007356822,20200608,6705.00,6565.00,5589,34626773,232156750113.00,6565.00,6990.00,6910.00,6566.00
5564768007356822,20200609,6460.00,6400.00,5400,39672561,256280301355.00,6370.00,6879.00,6705.00,6565.00
5564768007356822,20200610,6866.00,6905.00,4141,28872232,198237454322.00,6601.00,7176.00,6460.00,6835.00
5564768007356822,20200613,7209.00,7209.00,1550,10048003,72436053627.00,7209.00,7209.00,6866.00,7209.00
5564768007356822,20200614,7448.00,7569.00,9163,60715287,452210174517.00,7050.00,7569.00,7209.00,7569.00
5564768007356822,20200615,7638.00,7570.00,8239,44779815,342023051269.00,7294.00,7800.00,7448.00,7800.00
5564768007356822,20200616,7683.00,7773.00,9149,51142709,392906315190.00,7310.00,7990.00,7638.00,7700.00
5564768007356822,20200620,7929.00,8067.00,8530,50288812,398730677801.00,7700.00,8067.00,7683.00,7980.00
5564768007356822,20200621,8313.00,8325.00,4095,31922502,265381580517.00,8088.00,8325.00,7929.00,8325.00
5564768007356822,20200622,8728.00,8728.00,2051,12629101,110226793528.00,8728.00,8728.00,8313.00,8728.00
5564768007356822,20200623,8949.00,8420.00,16771,94762068,848073074408.00,8400.00,9164.00,8728.00,9140.00
5564768007356822,20200624,8649.00,8660.00,8810,58421955,505308011888.00,8502.00,9000.00,8949.00,8502.00
5564768007356822,20200627,8609.00,8396.00,8804,51620188,444423072936.00,8280.00,8930.00,8649.00,8680.00
5564768007356822,20200628,8237.00,8179.00,8072,55189970,454573114558.00,8179.00,8590.00,8609.00,8590.00
5564768007356822,20200629,7826.00,7826.00,3786,21356953,167139514178.00,7826.00,7826.00,8237.00,7826.00
5564768007356822,20200630,8199.00,8217.00,5730,35298907,289403746860.00,8000.00,8217.00,7826.00,8000.00
5564768007356822,20200701,8588.00,8608.00,4529,32804071,281725446851.00,8290.00,8608.00,8199.00,8608.00
5564768007356822,20200704,8826.00,9017.00,16716,144519310,1275585621704.00,8159.00,9017.00,8588.00,8930.00
5564768007356822,20200705,9223.00,9267.00,940,5245529,48610317243.00,9267.00,9267.00,8826.00,9267.00
5564768007356822,20200706,9684.00,9684.00,1216,12240168,118533786912.00,9684.00,9684.00,9223.00,9684.00
5564768007356822,20200707,10168.00,10168.00,1819,16625734,169050463312.00,10168.00,10168.00,9684.00,10168.00
5564768007356822,20200708,10376.00,9660.00,20182,132885717,1378766428496.00,9660.00,10676.00,10168.00,10676.00
5564768007356822,20200711,9858.00,9858.00,3983,21856061,215457049338.00,9858.00,9858.00,10376.00,9858.00
5564768007356822,20200712,10226.00,9851.00,9056,67196522,687141205660.00,9500.00,10350.00,9858.00,10280.00
5564768007356822,20200713,9733.00,9715.00,5707,36428737,354562034174.00,9715.00,9990.00,10226.00,9715.00
5564768007356822,20200714,9259.00,9247.00,6560,50592985,468451748397.00,9247.00,9450.00,9733.00,9247.00
5564768007356822,20200715,8797.00,8797.00,2324,10959738,96412815186.00,8797.00,8797.00,9259.00,8797.00
5564768007356822,20200718,8960.00,9236.00,10911,71741628,642836797076.00,8358.00,9236.00,8797.00,8358.00
5564768007356822,20200719,8766.00,8512.00,18598,111329287,975888845893.00,8512.00,9400.00,8960.00,9400.00
5564768007356822,20200720,8641.00,8360.00,18446,111466699,963187145438.00,8328.00,9000.00,8766.00,8700.00
5564768007356822,20200721,8247.00,8209.00,13157,77053542,635487172759.00,8209.00,8580.00,8641.00,8330.00
5564768007356822,20200722,8437.00,8659.00,12142,66546315,561471291183.00,8012.00,8659.00,8247.00,8270.00
5564768007356822,20200725,8858.00,8858.00,2054,10685876,94655489608.00,8858.00,8858.00,8437.00,8858.00
5564768007356822,20200726,9094.00,9080.00,15865,159717111,1452531033337.00,8860.00,9300.00,8858.00,9300.00
5564768007356822,20200727,8903.00,8640.00,11730,63388960,564379993406.00,8640.00,9400.00,9094.00,9180.00
5564768007356822,20200728,8774.00,8465.00,11782,60182494,528058885761.00,8458.00,9200.00,8903.00,8903.00
5564768007356822,20200729,8452.00,8584.00,10795,60766025,513577829953.00,8336.00,8760.00,8774.00,8500.00
5564768007356822,20200801,8452.00,8584.00,0,0,0.00,0.00,0.00,8452.00,0.00
5564768007356822,20200802,8452.00,8584.00,0,0,0.00,0.00,0.00,8452.00,0.00
5564768007356822,20200803,8581.00,8455.00,3964,24386558,209257452433.00,8455.00,8900.00,8442.00,8900.00
5564768007356822,20200804,8205.00,8250.00,11310,65361778,536325181089.00,8152.00,8600.00,8581.00,8263.00
5564768007356822,20200805,8101.00,8040.00,9550,54983276,445407243718.00,7840.00,8370.00,8205.00,8250.00
