55943815270366220,20071216,1.00,1.00,597,18996998,18996998.00,1.00,1.00,1.00,1.00
55943815270366220,20081206,1.00,1.00,0,0,0.00,0.00,0.00,1.00,0.00
55943815270366220,20081207,1.00,1.00,0,0,0.00,0.00,0.00,1.00,0.00
55943815270366220,20081208,1.00,1.00,0,0,0.00,0.00,0.00,1.00,0.00
55943815270366220,20081210,1.00,1.00,0,0,0.00,0.00,0.00,1.00,0.00
55943815270366220,20081213,1.00,1.00,0,0,0.00,0.00,0.00,1.00,0.00
55943815270366220,20081214,1.00,1.00,0,0,0.00,0.00,0.00,1.00,0.00
55943815270366220,20081215,1.00,1.00,0,0,0.00,0.00,0.00,1.00,0.00
55943815270366220,20081216,1.00,1.00,0,0,0.00,0.00,0.00,1.00,0.00
55943815270366220,20081220,1.00,1.00,0,0,0.00,0.00,0.00,1.00,0.00
55943815270366220,20081221,1.00,1.00,0,0,0.00,0.00,0.00,1.00,0.00
55943815270366220,20081222,1.00,1.00,0,0,0.00,0.00,0.00,1.00,0.00
55943815270366220,20081223,1.00,1.00,0,0,0.00,0.00,0.00,1.00,0.00
55943815270366220,20081224,1.00,1.00,0,0,0.00,0.00,0.00,1.00,0.00
55943815270366220,20081227,1.00,1.00,0,0,0.00,0.00,0.00,1.00,0.00
55943815270366220,20081228,1.00,1.00,0,0,0.00,0.00,0.00,1.00,0.00
55943815270366220,20081229,1.00,1.00,0,0,0.00,0.00,0.00,1.00,0.00
55943815270366220,20081230,1.00,1.00,0,0,0.00,0.00,0.00,1.00,0.00
55943815270366220,20081231,1.00,1.00,0,0,0.00,0.00,0.00,1.00,0.00
55943815270366220,20090103,1.00,1.00,0,0,0.00,0.00,0.00,1.00,0.00
55943815270366220,20090104,1.00,1.00,0,0,0.00,0.00,0.00,1.00,0.00
55943815270366220,20090105,1.00,1.00,0,0,0.00,0.00,0.00,1.00,0.00
55943815270366220,20090110,1.00,1.00,0,0,0.00,0.00,0.00,1.00,0.00
55943815270366220,20090111,1.00,1.00,0,0,0.00,0.00,0.00,1.00,0.00
55943815270366220,20090112,1.00,1.00,0,0,0.00,0.00,0.00,1.00,0.00
55943815270366220,20090113,1.00,1.00,0,0,0.00,0.00,0.00,1.00,0.00
55943815270366220,20090114,1.00,1.00,0,0,0.00,0.00,0.00,1.00,0.00
55943815270366220,20090117,1.00,1.00,0,0,0.00,0.00,0.00,1.00,0.00
55943815270366220,20090118,1.00,1.00,0,0,0.00,0.00,0.00,1.00,0.00
55943815270366220,20090119,1.00,1.00,0,0,0.00,0.00,0.00,1.00,0.00
55943815270366220,20090120,1.00,1.00,0,0,0.00,0.00,0.00,1.00,0.00
55943815270366220,20090121,1.00,1.00,0,0,0.00,0.00,0.00,1.00,0.00
55943815270366220,20090124,1.00,1.00,0,0,0.00,0.00,0.00,1.00,0.00
55943815270366220,20090125,1.00,1.00,0,0,0.00,0.00,0.00,1.00,0.00
55943815270366220,20090126,1.00,1.00,0,0,0.00,0.00,0.00,1.00,0.00
55943815270366220,20090127,1.00,1.00,0,0,0.00,0.00,0.00,1.00,0.00
55943815270366220,20090128,1.00,1.00,0,0,0.00,0.00,0.00,1.00,0.00
55943815270366220,20090131,1.00,1.00,0,0,0.00,0.00,0.00,1.00,0.00
55943815270366220,20090201,1.00,1.00,0,0,0.00,0.00,0.00,1.00,0.00
55943815270366220,20090202,1.00,1.00,0,0,0.00,0.00,0.00,1.00,0.00
55943815270366220,20090203,1.00,1.00,0,0,0.00,0.00,0.00,1.00,0.00
55943815270366220,20090204,1.00,1.00,0,0,0.00,0.00,0.00,1.00,0.00
55943815270366220,20090207,1.00,1.00,0,0,0.00,0.00,0.00,1.00,0.00
55943815270366220,20090208,1.00,1.00,0,0,0.00,0.00,0.00,1.00,0.00
55943815270366220,20090209,1.00,1.00,0,0,0.00,0.00,0.00,1.00,0.00
55943815270366220,20090211,1.00,1.00,0,0,0.00,0.00,0.00,1.00,0.00
55943815270366220,20090214,1.00,1.00,0,0,0.00,0.00,0.00,1.00,0.00
55943815270366220,20090215,1.00,1.00,0,0,0.00,0.00,0.00,1.00,0.00
55943815270366220,20090217,1.00,1.00,0,0,0.00,0.00,0.00,1.00,0.00
55943815270366220,20090218,1.00,1.00,0,0,0.00,0.00,0.00,1.00,0.00
55943815270366220,20090221,1.00,1.00,0,0,0.00,0.00,0.00,1.00,0.00
55943815270366220,20090222,1.00,1.00,0,0,0.00,0.00,0.00,1.00,0.00
55943815270366220,20090223,1.00,1.00,0,0,0.00,0.00,0.00,1.00,0.00
55943815270366220,20090225,1.00,1.00,0,0,0.00,0.00,0.00,1.00,0.00
55943815270366220,20090228,1.00,1.00,0,0,0.00,0.00,0.00,1.00,0.00
55943815270366220,20090301,1.00,1.00,0,0,0.00,0.00,0.00,1.00,0.00
55943815270366220,20090302,1.00,1.00,0,0,0.00,0.00,0.00,1.00,0.00
55943815270366220,20090303,1.00,1.00,0,0,0.00,0.00,0.00,1.00,0.00
55943815270366220,20090304,1.00,1.00,0,0,0.00,0.00,0.00,1.00,0.00
55943815270366220,20090307,1.00,1.00,0,0,0.00,0.00,0.00,1.00,0.00
55943815270366220,20090308,1.00,1.00,0,0,0.00,0.00,0.00,1.00,0.00
55943815270366220,20090309,1.00,1.00,0,0,0.00,0.00,0.00,1.00,0.00
55943815270366220,20090310,1.00,1.00,0,0,0.00,0.00,0.00,1.00,0.00
55943815270366220,20090311,1.00,1.00,0,0,0.00,0.00,0.00,1.00,0.00
55943815270366220,20090314,1.00,1.00,0,0,0.00,0.00,0.00,1.00,0.00
55943815270366220,20090316,1.00,1.00,0,0,0.00,0.00,0.00,1.00,0.00
55943815270366220,20090317,1.00,1.00,0,0,0.00,0.00,0.00,1.00,0.00
55943815270366220,20090318,1.00,1.00,0,0,0.00,0.00,0.00,1.00,0.00
55943815270366220,20090325,1.00,1.00,0,0,0.00,0.00,0.00,1.00,0.00
55943815270366220,20090328,1.00,1.00,0,0,0.00,0.00,0.00,1.00,0.00
55943815270366220,20090329,1.00,1.00,0,0,0.00,0.00,0.00,1.00,0.00
55943815270366220,20090330,1.00,1.00,0,0,0.00,0.00,0.00,1.00,0.00
55943815270366220,20090331,1.00,1.00,0,0,0.00,0.00,0.00,1.00,0.00
55943815270366220,20090404,1.00,1.00,0,0,0.00,0.00,0.00,1.00,0.00
55943815270366220,20090405,1.00,1.00,0,0,0.00,0.00,0.00,1.00,0.00
55943815270366220,20090406,1.00,1.00,0,0,0.00,0.00,0.00,1.00,0.00
55943815270366220,20090407,1.00,1.00,0,0,0.00,0.00,0.00,1.00,0.00
55943815270366220,20090408,1.00,1.00,0,0,0.00,0.00,0.00,1.00,0.00
55943815270366220,20090411,1.00,1.00,0,0,0.00,0.00,0.00,1.00,0.00
55943815270366220,20090412,1.00,1.00,0,0,0.00,0.00,0.00,1.00,0.00
55943815270366220,20090413,1.00,1.00,0,0,0.00,0.00,0.00,1.00,0.00
55943815270366220,20090414,1.00,1.00,0,0,0.00,0.00,0.00,1.00,0.00
55943815270366220,20090415,1.00,1.00,0,0,0.00,0.00,0.00,1.00,0.00
55943815270366220,20090418,1.00,1.00,0,0,0.00,0.00,0.00,1.00,0.00
55943815270366220,20090419,1.00,1.00,0,0,0.00,0.00,0.00,1.00,0.00
55943815270366220,20090420,1.00,1.00,0,0,0.00,0.00,0.00,1.00,0.00
55943815270366220,20090421,1.00,1.00,0,0,0.00,0.00,0.00,1.00,0.00
55943815270366220,20090422,1.00,1.00,0,0,0.00,0.00,0.00,1.00,0.00
55943815270366220,20090425,1.00,1.00,0,0,0.00,0.00,0.00,1.00,0.00
55943815270366220,20090426,1.00,1.00,0,0,0.00,0.00,0.00,1.00,0.00
55943815270366220,20090427,1.00,1.00,0,0,0.00,0.00,0.00,1.00,0.00
55943815270366220,20090428,1.00,1.00,0,0,0.00,0.00,0.00,1.00,0.00
55943815270366220,20090429,1.00,1.00,0,0,0.00,0.00,0.00,1.00,0.00
55943815270366220,20090502,1.00,1.00,0,0,0.00,0.00,0.00,1.00,0.00
55943815270366220,20090503,1.00,1.00,0,0,0.00,0.00,0.00,1.00,0.00
55943815270366220,20090504,1.00,1.00,0,0,0.00,0.00,0.00,1.00,0.00
55943815270366220,20090505,1.00,1.00,0,0,0.00,0.00,0.00,1.00,0.00
55943815270366220,20090506,1.00,1.00,0,0,0.00,0.00,0.00,1.00,0.00
55943815270366220,20090509,1.00,1.00,0,0,0.00,0.00,0.00,1.00,0.00
55943815270366220,20090510,1.00,1.00,0,0,0.00,0.00,0.00,1.00,0.00
55943815270366220,20090511,1.00,1.00,0,0,0.00,0.00,0.00,1.00,0.00
55943815270366220,20090512,1.00,1.00,0,0,0.00,0.00,0.00,1.00,0.00
55943815270366220,20090513,1.00,1.00,0,0,0.00,0.00,0.00,1.00,0.00
55943815270366220,20090516,1.00,1.00,0,0,0.00,0.00,0.00,1.00,0.00
55943815270366220,20090517,1.00,1.00,0,0,0.00,0.00,0.00,1.00,0.00
55943815270366220,20090518,1.00,1.00,0,0,0.00,0.00,0.00,1.00,0.00
55943815270366220,20090519,1.00,1.00,0,0,0.00,0.00,0.00,1.00,0.00
55943815270366220,20090520,1.00,1.00,0,0,0.00,0.00,0.00,1.00,0.00
55943815270366220,20090523,1.00,1.00,0,0,0.00,0.00,0.00,1.00,0.00
55943815270366220,20090524,1.00,1.00,0,0,0.00,0.00,0.00,1.00,0.00
55943815270366220,20090525,1.00,1.00,0,0,0.00,0.00,0.00,1.00,0.00
55943815270366220,20090526,1.00,1.00,0,0,0.00,0.00,0.00,1.00,0.00
55943815270366220,20090527,1.00,1.00,0,0,0.00,0.00,0.00,1.00,0.00
55943815270366220,20090530,1.00,1.00,0,0,0.00,0.00,0.00,1.00,0.00
55943815270366220,20090531,1.00,1.00,0,0,0.00,0.00,0.00,1.00,0.00
55943815270366220,20090601,1.00,1.00,0,0,0.00,0.00,0.00,1.00,0.00
55943815270366220,20090602,1.00,1.00,0,0,0.00,0.00,0.00,1.00,0.00
55943815270366220,20090603,1.00,1.00,0,0,0.00,0.00,0.00,1.00,0.00
55943815270366220,20090606,1.00,1.00,0,0,0.00,0.00,0.00,1.00,0.00
55943815270366220,20090607,1.00,1.00,0,0,0.00,0.00,0.00,1.00,0.00
55943815270366220,20090608,1.00,1.00,0,0,0.00,0.00,0.00,1.00,0.00
55943815270366220,20090609,1.00,1.00,0,0,0.00,0.00,0.00,1.00,0.00
55943815270366220,20090610,1.00,1.00,0,0,0.00,0.00,0.00,1.00,0.00
55943815270366220,20090613,1.00,1.00,0,0,0.00,0.00,0.00,1.00,0.00
55943815270366220,20090614,1.00,1.00,0,0,0.00,0.00,0.00,1.00,0.00
55943815270366220,20090615,1.00,1.00,0,0,0.00,0.00,0.00,1.00,0.00
55943815270366220,20090616,1.00,1.00,0,0,0.00,0.00,0.00,1.00,0.00
55943815270366220,20090617,1.00,1.00,0,0,0.00,0.00,0.00,1.00,0.00
55943815270366220,20090620,1.00,1.00,0,0,0.00,0.00,0.00,1.00,0.00
55943815270366220,20090621,1.00,1.00,0,0,0.00,0.00,0.00,1.00,0.00
55943815270366220,20090622,1.00,1.00,0,0,0.00,0.00,0.00,1.00,0.00
55943815270366220,20090623,1.00,1.00,0,0,0.00,0.00,0.00,1.00,0.00
55943815270366220,20090624,1.00,1.00,0,0,0.00,0.00,0.00,1.00,0.00
55943815270366220,20090627,1.00,1.00,0,0,0.00,0.00,0.00,1.00,0.00
55943815270366220,20090628,1.00,1.00,0,0,0.00,0.00,0.00,1.00,0.00
55943815270366220,20090629,1.00,1.00,0,0,0.00,0.00,0.00,1.00,0.00
55943815270366220,20090630,1.00,1.00,0,0,0.00,0.00,0.00,1.00,0.00
55943815270366220,20090701,1.00,1.00,0,0,0.00,0.00,0.00,1.00,0.00
55943815270366220,20090704,1.00,1.00,0,0,0.00,0.00,0.00,1.00,0.00
55943815270366220,20090705,1.00,1.00,0,0,0.00,0.00,0.00,1.00,0.00
55943815270366220,20090707,1.00,1.00,0,0,0.00,0.00,0.00,1.00,0.00
55943815270366220,20090711,1.00,1.00,0,0,0.00,0.00,0.00,1.00,0.00
55943815270366220,20090712,1.00,1.00,0,0,0.00,0.00,0.00,1.00,0.00
55943815270366220,20090713,1.00,1.00,0,0,0.00,0.00,0.00,1.00,0.00
55943815270366220,20090714,1.00,1.00,0,0,0.00,0.00,0.00,1.00,0.00
55943815270366220,20090715,1.00,1.00,0,0,0.00,0.00,0.00,1.00,0.00
55943815270366220,20090718,1.00,1.00,0,0,0.00,0.00,0.00,1.00,0.00
55943815270366220,20090719,1.00,1.00,0,0,0.00,0.00,0.00,1.00,0.00
55943815270366220,20090721,1.00,1.00,0,0,0.00,0.00,0.00,1.00,0.00
55943815270366220,20090722,1.00,1.00,0,0,0.00,0.00,0.00,1.00,0.00
55943815270366220,20090725,1.00,1.00,0,0,0.00,0.00,0.00,1.00,0.00
55943815270366220,20090726,1.00,1.00,0,0,0.00,0.00,0.00,1.00,0.00
55943815270366220,20090727,1.00,1.00,0,0,0.00,0.00,0.00,1.00,0.00
55943815270366220,20090728,1.00,1.00,0,0,0.00,0.00,0.00,1.00,0.00
55943815270366220,20090729,1.00,1.00,0,0,0.00,0.00,0.00,1.00,0.00
55943815270366220,20090801,1.00,1.00,0,0,0.00,0.00,0.00,1.00,0.00
55943815270366220,20090802,1.00,1.00,0,0,0.00,0.00,0.00,1.00,0.00
55943815270366220,20090803,1.00,1.00,0,0,0.00,0.00,0.00,1.00,0.00
55943815270366220,20090804,1.00,1.00,0,0,0.00,0.00,0.00,1.00,0.00
55943815270366220,20090805,1.00,1.00,0,0,0.00,0.00,0.00,1.00,0.00
55943815270366220,20090808,1.00,1.00,0,0,0.00,0.00,0.00,1.00,0.00
55943815270366220,20090809,1.00,1.00,0,0,0.00,0.00,0.00,1.00,0.00
55943815270366220,20090810,1.00,1.00,0,0,0.00,0.00,0.00,1.00,0.00
55943815270366220,20090811,1.00,1.00,0,0,0.00,0.00,0.00,1.00,0.00
55943815270366220,20090812,1.00,1.00,0,0,0.00,0.00,0.00,1.00,0.00
55943815270366220,20090815,1.00,1.00,0,0,0.00,0.00,0.00,1.00,0.00
55943815270366220,20090816,1.00,1.00,0,0,0.00,0.00,0.00,1.00,0.00
55943815270366220,20090817,1.00,1.00,0,0,0.00,0.00,0.00,1.00,0.00
55943815270366220,20090818,1.00,1.00,0,0,0.00,0.00,0.00,1.00,0.00
55943815270366220,20090819,1.00,1.00,0,0,0.00,0.00,0.00,1.00,0.00
55943815270366220,20090822,1.00,1.00,0,0,0.00,0.00,0.00,1.00,0.00
55943815270366220,20090823,1.00,1.00,0,0,0.00,0.00,0.00,1.00,0.00
55943815270366220,20090824,1.00,1.00,0,0,0.00,0.00,0.00,1.00,0.00
55943815270366220,20090825,1.00,1.00,0,0,0.00,0.00,0.00,1.00,0.00
55943815270366220,20090826,1.00,1.00,0,0,0.00,0.00,0.00,1.00,0.00
55943815270366220,20090829,1.00,1.00,0,0,0.00,0.00,0.00,1.00,0.00
55943815270366220,20090830,1.00,1.00,0,0,0.00,0.00,0.00,1.00,0.00
55943815270366220,20090831,1.00,1.00,0,0,0.00,0.00,0.00,1.00,0.00
55943815270366220,20090901,1.00,1.00,0,0,0.00,0.00,0.00,1.00,0.00
55943815270366220,20090902,1.00,1.00,0,0,0.00,0.00,0.00,1.00,0.00
55943815270366220,20090905,1.00,1.00,0,0,0.00,0.00,0.00,1.00,0.00
55943815270366220,20090906,1.00,1.00,0,0,0.00,0.00,0.00,1.00,0.00
55943815270366220,20090907,1.00,1.00,0,0,0.00,0.00,0.00,1.00,0.00
55943815270366220,20090908,1.00,1.00,0,0,0.00,0.00,0.00,1.00,0.00
55943815270366220,20090909,1.00,1.00,0,0,0.00,0.00,0.00,1.00,0.00
55943815270366220,20090912,1.00,1.00,0,0,0.00,0.00,0.00,1.00,0.00
55943815270366220,20090913,1.00,1.00,0,0,0.00,0.00,0.00,1.00,0.00
55943815270366220,20090914,1.00,1.00,0,0,0.00,0.00,0.00,1.00,0.00
55943815270366220,20090915,1.00,1.00,0,0,0.00,0.00,0.00,1.00,0.00
55943815270366220,20090916,1.00,1.00,0,0,0.00,0.00,0.00,1.00,0.00
55943815270366220,20090919,1.00,1.00,0,0,0.00,0.00,0.00,1.00,0.00
55943815270366220,20090920,1.00,1.00,0,0,0.00,0.00,0.00,1.00,0.00
55943815270366220,20090921,1.00,1.00,0,0,0.00,0.00,0.00,1.00,0.00
55943815270366220,20090922,1.00,1.00,0,0,0.00,0.00,0.00,1.00,0.00
55943815270366220,20090923,1.00,1.00,0,0,0.00,0.00,0.00,1.00,0.00
55943815270366220,20090926,1.00,1.00,0,0,0.00,0.00,0.00,1.00,0.00
55943815270366220,20090927,1.00,1.00,0,0,0.00,0.00,0.00,1.00,0.00
55943815270366220,20090928,1.00,1.00,0,0,0.00,0.00,0.00,1.00,0.00
55943815270366220,20090929,1.00,1.00,0,0,0.00,0.00,0.00,1.00,0.00
55943815270366220,20090930,1.00,1.00,0,0,0.00,0.00,0.00,1.00,0.00
55943815270366220,20091003,1.00,1.00,0,0,0.00,0.00,0.00,1.00,0.00
55943815270366220,20091004,1.00,1.00,0,0,0.00,0.00,0.00,1.00,0.00
55943815270366220,20091005,1.00,1.00,0,0,0.00,0.00,0.00,1.00,0.00
55943815270366220,20091006,1.00,1.00,0,0,0.00,0.00,0.00,1.00,0.00
55943815270366220,20091007,1.00,1.00,0,0,0.00,0.00,0.00,1.00,0.00
55943815270366220,20091010,1.00,1.00,0,0,0.00,0.00,0.00,1.00,0.00
55943815270366220,20091011,1.00,1.00,0,0,0.00,0.00,0.00,1.00,0.00
55943815270366220,20091012,1.00,1.00,0,0,0.00,0.00,0.00,1.00,0.00
55943815270366220,20091013,1.00,1.00,0,0,0.00,0.00,0.00,1.00,0.00
55943815270366220,20091017,1.00,1.00,0,0,0.00,0.00,0.00,1.00,0.00
55943815270366220,20091018,1.00,1.00,0,0,0.00,0.00,0.00,1.00,0.00
55943815270366220,20091019,1.00,1.00,0,0,0.00,0.00,0.00,1.00,0.00
55943815270366220,20091020,1.00,1.00,0,0,0.00,0.00,0.00,1.00,0.00
55943815270366220,20091021,1.00,1.00,0,0,0.00,0.00,0.00,1.00,0.00
55943815270366220,20091024,1.00,1.00,0,0,0.00,0.00,0.00,1.00,0.00
55943815270366220,20091025,1.00,1.00,0,0,0.00,0.00,0.00,1.00,0.00
55943815270366220,20091026,1.00,1.00,0,0,0.00,0.00,0.00,1.00,0.00
55943815270366220,20091027,1.00,1.00,0,0,0.00,0.00,0.00,1.00,0.00
55943815270366220,20091028,1.00,1.00,0,0,0.00,0.00,0.00,1.00,0.00
55943815270366220,20091031,1.00,1.00,0,0,0.00,0.00,0.00,1.00,0.00
55943815270366220,20091101,1.00,1.00,0,0,0.00,0.00,0.00,1.00,0.00
55943815270366220,20091102,1.00,1.00,0,0,0.00,0.00,0.00,1.00,0.00
55943815270366220,20091103,1.00,1.00,0,0,0.00,0.00,0.00,1.00,0.00
55943815270366220,20091104,1.00,1.00,0,0,0.00,0.00,0.00,1.00,0.00
55943815270366220,20091107,1.00,1.00,0,0,0.00,0.00,0.00,1.00,0.00
55943815270366220,20091108,1.00,1.00,0,0,0.00,0.00,0.00,1.00,0.00
55943815270366220,20091109,1.00,1.00,0,0,0.00,0.00,0.00,1.00,0.00
55943815270366220,20091110,1.00,1.00,0,0,0.00,0.00,0.00,1.00,0.00
55943815270366220,20091111,1.00,1.00,0,0,0.00,0.00,0.00,1.00,0.00
55943815270366220,20091114,1.00,1.00,0,0,0.00,0.00,0.00,1.00,0.00
55943815270366220,20091115,1.00,1.00,0,0,0.00,0.00,0.00,1.00,0.00
55943815270366220,20091116,1.00,1.00,0,0,0.00,0.00,0.00,1.00,0.00
55943815270366220,20091117,1.00,1.00,0,0,0.00,0.00,0.00,1.00,0.00
55943815270366220,20091118,1.00,1.00,0,0,0.00,0.00,0.00,1.00,0.00
55943815270366220,20091121,1.00,1.00,0,0,0.00,0.00,0.00,1.00,0.00
55943815270366220,20091122,1.00,1.00,0,0,0.00,0.00,0.00,1.00,0.00
55943815270366220,20091123,1.00,1.00,0,0,0.00,0.00,0.00,1.00,0.00
55943815270366220,20091124,1.00,1.00,0,0,0.00,0.00,0.00,1.00,0.00
55943815270366220,20091125,1.00,1.00,0,0,0.00,0.00,0.00,1.00,0.00
55943815270366220,20091129,1.00,1.00,0,0,0.00,0.00,0.00,1.00,0.00
55943815270366220,20091130,1.00,1.00,0,0,0.00,0.00,0.00,1.00,0.00
55943815270366220,20091201,1.00,1.00,0,0,0.00,0.00,0.00,1.00,0.00
55943815270366220,20091202,1.00,1.00,0,0,0.00,0.00,0.00,1.00,0.00
55943815270366220,20091205,1.00,1.00,0,0,0.00,0.00,0.00,1.00,0.00
55943815270366220,20091207,1.00,1.00,0,0,0.00,0.00,0.00,1.00,0.00
55943815270366220,20091208,1.00,1.00,0,0,0.00,0.00,0.00,1.00,0.00
55943815270366220,20091209,1.00,1.00,0,0,0.00,0.00,0.00,1.00,0.00
55943815270366220,20091212,1.00,1.00,0,0,0.00,0.00,0.00,1.00,0.00
55943815270366220,20091213,1.00,1.00,0,0,0.00,0.00,0.00,1.00,0.00
55943815270366220,20091214,1.00,1.00,0,0,0.00,0.00,0.00,1.00,0.00
55943815270366220,20091215,1.00,1.00,0,0,0.00,0.00,0.00,1.00,0.00
55943815270366220,20091216,1.00,1.00,0,0,0.00,0.00,0.00,1.00,0.00
55943815270366220,20091219,1.00,1.00,0,0,0.00,0.00,0.00,1.00,0.00
55943815270366220,20091220,1.00,1.00,0,0,0.00,0.00,0.00,1.00,0.00
55943815270366220,20091221,1.00,1.00,0,0,0.00,0.00,0.00,1.00,0.00
55943815270366220,20091222,1.00,1.00,0,0,0.00,0.00,0.00,1.00,0.00
55943815270366220,20091223,1.00,1.00,0,0,0.00,0.00,0.00,1.00,0.00
55943815270366220,20091228,1.00,1.00,0,0,0.00,0.00,0.00,1.00,0.00
55943815270366220,20091229,1.00,1.00,0,0,0.00,0.00,0.00,1.00,0.00
55943815270366220,20091230,1.00,1.00,0,0,0.00,0.00,0.00,1.00,0.00
55943815270366220,20100102,1.00,1.00,0,0,0.00,0.00,0.00,1.00,0.00
55943815270366220,20100103,1.00,1.00,0,0,0.00,0.00,0.00,1.00,0.00
55943815270366220,20100104,1.00,1.00,0,0,0.00,0.00,0.00,1.00,0.00
55943815270366220,20100105,1.00,1.00,0,0,0.00,0.00,0.00,1.00,0.00
55943815270366220,20100106,1.00,1.00,0,0,0.00,0.00,0.00,1.00,0.00
55943815270366220,20100109,1.00,1.00,0,0,0.00,0.00,0.00,1.00,0.00
55943815270366220,20100110,1.00,1.00,0,0,0.00,0.00,0.00,1.00,0.00
55943815270366220,20100111,1.00,1.00,0,0,0.00,0.00,0.00,1.00,0.00
55943815270366220,20100112,1.00,1.00,0,0,0.00,0.00,0.00,1.00,0.00
55943815270366220,20100113,1.00,1.00,0,0,0.00,0.00,0.00,1.00,0.00
55943815270366220,20100116,1.00,1.00,0,0,0.00,0.00,0.00,1.00,0.00
55943815270366220,20100117,1.00,1.00,0,0,0.00,0.00,0.00,1.00,0.00
55943815270366220,20100118,1.00,1.00,0,0,0.00,0.00,0.00,1.00,0.00
55943815270366220,20100119,1.00,1.00,0,0,0.00,0.00,0.00,1.00,0.00
55943815270366220,20100120,1.00,1.00,0,0,0.00,0.00,0.00,1.00,0.00
55943815270366220,20100123,1.00,1.00,0,0,0.00,0.00,0.00,1.00,0.00
55943815270366220,20100124,1.00,1.00,0,0,0.00,0.00,0.00,1.00,0.00
55943815270366220,20100125,1.00,1.00,0,0,0.00,0.00,0.00,1.00,0.00
55943815270366220,20100126,1.00,1.00,0,0,0.00,0.00,0.00,1.00,0.00
55943815270366220,20100127,1.00,1.00,0,0,0.00,0.00,0.00,1.00,0.00
55943815270366220,20100130,1.00,1.00,0,0,0.00,0.00,0.00,1.00,0.00
55943815270366220,20100131,1.00,1.00,0,0,0.00,0.00,0.00,1.00,0.00
55943815270366220,20100201,1.00,1.00,0,0,0.00,0.00,0.00,1.00,0.00
55943815270366220,20100202,1.00,1.00,0,0,0.00,0.00,0.00,1.00,0.00
55943815270366220,20100203,1.00,1.00,0,0,0.00,0.00,0.00,1.00,0.00
55943815270366220,20100206,1.00,1.00,0,0,0.00,0.00,0.00,1.00,0.00
55943815270366220,20100207,1.00,1.00,0,0,0.00,0.00,0.00,1.00,0.00
55943815270366220,20100208,1.00,1.00,0,0,0.00,0.00,0.00,1.00,0.00
55943815270366220,20100209,1.00,1.00,0,0,0.00,0.00,0.00,1.00,0.00
55943815270366220,20100210,1.00,1.00,0,0,0.00,0.00,0.00,1.00,0.00
55943815270366220,20100214,1.00,1.00,0,0,0.00,0.00,0.00,1.00,0.00
55943815270366220,20100216,1.00,1.00,0,0,0.00,0.00,0.00,1.00,0.00
55943815270366220,20100217,1.00,1.00,0,0,0.00,0.00,0.00,1.00,0.00
55943815270366220,20100220,1.00,1.00,0,0,0.00,0.00,0.00,1.00,0.00
55943815270366220,20100221,1.00,1.00,0,0,0.00,0.00,0.00,1.00,0.00
55943815270366220,20100222,1.00,1.00,0,0,0.00,0.00,0.00,1.00,0.00
55943815270366220,20100223,1.00,1.00,0,0,0.00,0.00,0.00,1.00,0.00
55943815270366220,20100224,1.00,1.00,0,0,0.00,0.00,0.00,1.00,0.00
55943815270366220,20100227,1.00,1.00,0,0,0.00,0.00,0.00,1.00,0.00
55943815270366220,20100228,1.00,1.00,0,0,0.00,0.00,0.00,1.00,0.00
55943815270366220,20100301,1.00,1.00,0,0,0.00,0.00,0.00,1.00,0.00
55943815270366220,20100302,1.00,1.00,0,0,0.00,0.00,0.00,1.00,0.00
55943815270366220,20100303,1.00,1.00,0,0,0.00,0.00,0.00,1.00,0.00
55943815270366220,20100306,1.00,1.00,0,0,0.00,0.00,0.00,1.00,0.00
55943815270366220,20100307,1.00,1.00,0,0,0.00,0.00,0.00,1.00,0.00
55943815270366220,20100308,1.00,1.00,0,0,0.00,0.00,0.00,1.00,0.00
55943815270366220,20100309,1.00,1.00,0,0,0.00,0.00,0.00,1.00,0.00
55943815270366220,20100310,1.00,1.00,0,0,0.00,0.00,0.00,1.00,0.00
55943815270366220,20100313,1.00,1.00,0,0,0.00,0.00,0.00,1.00,0.00
55943815270366220,20100314,1.00,1.00,0,0,0.00,0.00,0.00,1.00,0.00
55943815270366220,20100315,1.00,1.00,0,0,0.00,0.00,0.00,1.00,0.00
55943815270366220,20100316,1.00,1.00,0,0,0.00,0.00,0.00,1.00,0.00
55943815270366220,20100317,1.00,1.00,0,0,0.00,0.00,0.00,1.00,0.00
55943815270366220,20100327,1.00,1.00,0,0,0.00,0.00,0.00,1.00,0.00
55943815270366220,20100328,1.00,1.00,0,0,0.00,0.00,0.00,1.00,0.00
55943815270366220,20100329,1.00,1.00,0,0,0.00,0.00,0.00,1.00,0.00
55943815270366220,20100330,1.00,1.00,0,0,0.00,0.00,0.00,1.00,0.00
55943815270366220,20100331,1.00,1.00,0,0,0.00,0.00,0.00,1.00,0.00
55943815270366220,20100403,1.00,1.00,0,0,0.00,0.00,0.00,1.00,0.00
55943815270366220,20100404,1.00,1.00,0,0,0.00,0.00,0.00,1.00,0.00
55943815270366220,20100405,1.00,1.00,0,0,0.00,0.00,0.00,1.00,0.00
55943815270366220,20100406,1.00,1.00,0,0,0.00,0.00,0.00,1.00,0.00
55943815270366220,20100407,1.00,1.00,0,0,0.00,0.00,0.00,1.00,0.00
55943815270366220,20100410,1.00,1.00,0,0,0.00,0.00,0.00,1.00,0.00
55943815270366220,20100411,1.00,1.00,0,0,0.00,0.00,0.00,1.00,0.00
55943815270366220,20100412,1.00,1.00,0,0,0.00,0.00,0.00,1.00,0.00
55943815270366220,20100413,1.00,1.00,0,0,0.00,0.00,0.00,1.00,0.00
55943815270366220,20100414,1.00,1.00,0,0,0.00,0.00,0.00,1.00,0.00
55943815270366220,20100417,1.00,1.00,0,0,0.00,0.00,0.00,1.00,0.00
55943815270366220,20100418,1.00,1.00,0,0,0.00,0.00,0.00,1.00,0.00
55943815270366220,20100419,1.00,1.00,0,0,0.00,0.00,0.00,1.00,0.00
55943815270366220,20100420,1.00,1.00,0,0,0.00,0.00,0.00,1.00,0.00
55943815270366220,20100421,1.00,1.00,0,0,0.00,0.00,0.00,1.00,0.00
55943815270366220,20100424,1.00,1.00,0,0,0.00,0.00,0.00,1.00,0.00
55943815270366220,20100425,1.00,1.00,0,0,0.00,0.00,0.00,1.00,0.00
55943815270366220,20100426,1.00,1.00,0,0,0.00,0.00,0.00,1.00,0.00
55943815270366220,20100427,1.00,1.00,0,0,0.00,0.00,0.00,1.00,0.00
55943815270366220,20100428,1.00,1.00,0,0,0.00,0.00,0.00,1.00,0.00
55943815270366220,20100501,1.00,1.00,0,0,0.00,0.00,0.00,1.00,0.00
55943815270366220,20100502,1.00,1.00,0,0,0.00,0.00,0.00,1.00,0.00
55943815270366220,20100503,1.00,1.00,0,0,0.00,0.00,0.00,1.00,0.00
55943815270366220,20100504,1.00,1.00,0,0,0.00,0.00,0.00,1.00,0.00
55943815270366220,20100505,1.00,1.00,0,0,0.00,0.00,0.00,1.00,0.00
55943815270366220,20100508,1.00,1.00,0,0,0.00,0.00,0.00,1.00,0.00
55943815270366220,20100509,1.00,1.00,0,0,0.00,0.00,0.00,1.00,0.00
55943815270366220,20100510,1.00,1.00,0,0,0.00,0.00,0.00,1.00,0.00
55943815270366220,20100511,1.00,1.00,0,0,0.00,0.00,0.00,1.00,0.00
55943815270366220,20100512,1.00,1.00,0,0,0.00,0.00,0.00,1.00,0.00
55943815270366220,20100515,1.00,1.00,0,0,0.00,0.00,0.00,1.00,0.00
55943815270366220,20100516,1.00,1.00,0,0,0.00,0.00,0.00,1.00,0.00
55943815270366220,20100518,1.00,1.00,0,0,0.00,0.00,0.00,1.00,0.00
55943815270366220,20100519,1.00,1.00,0,0,0.00,0.00,0.00,1.00,0.00
55943815270366220,20100522,1.00,1.00,0,0,0.00,0.00,0.00,1.00,0.00
55943815270366220,20100523,1.00,1.00,0,0,0.00,0.00,0.00,1.00,0.00
55943815270366220,20100524,1.00,1.00,0,0,0.00,0.00,0.00,1.00,0.00
55943815270366220,20100525,1.00,1.00,0,0,0.00,0.00,0.00,1.00,0.00
55943815270366220,20100526,1.00,1.00,0,0,0.00,0.00,0.00,1.00,0.00
55943815270366220,20100529,1.00,1.00,0,0,0.00,0.00,0.00,1.00,0.00
55943815270366220,20100530,1.00,1.00,0,0,0.00,0.00,0.00,1.00,0.00
55943815270366220,20100531,1.00,1.00,0,0,0.00,0.00,0.00,1.00,0.00
55943815270366220,20100601,1.00,1.00,0,0,0.00,0.00,0.00,1.00,0.00
55943815270366220,20100602,1.00,1.00,0,0,0.00,0.00,0.00,1.00,0.00
55943815270366220,20100606,1.00,1.00,0,0,0.00,0.00,0.00,1.00,0.00
55943815270366220,20100607,1.00,1.00,0,0,0.00,0.00,0.00,1.00,0.00
55943815270366220,20100608,1.00,1.00,0,0,0.00,0.00,0.00,1.00,0.00
55943815270366220,20100609,1.00,1.00,0,0,0.00,0.00,0.00,1.00,0.00
55943815270366220,20100612,1.00,1.00,0,0,0.00,0.00,0.00,1.00,0.00
55943815270366220,20100613,1.00,1.00,0,0,0.00,0.00,0.00,1.00,0.00
55943815270366220,20100614,1.00,1.00,0,0,0.00,0.00,0.00,1.00,0.00
55943815270366220,20100615,1.00,1.00,0,0,0.00,0.00,0.00,1.00,0.00
55943815270366220,20100616,1.00,1.00,0,0,0.00,0.00,0.00,1.00,0.00
55943815270366220,20100619,1.00,1.00,0,0,0.00,0.00,0.00,1.00,0.00
55943815270366220,20100620,1.00,1.00,0,0,0.00,0.00,0.00,1.00,0.00
55943815270366220,20100621,1.00,1.00,0,0,0.00,0.00,0.00,1.00,0.00
55943815270366220,20100622,1.00,1.00,0,0,0.00,0.00,0.00,1.00,0.00
55943815270366220,20100623,1.00,1.00,0,0,0.00,0.00,0.00,1.00,0.00
55943815270366220,20100627,1.00,1.00,0,0,0.00,0.00,0.00,1.00,0.00
55943815270366220,20100628,1.00,1.00,0,0,0.00,0.00,0.00,1.00,0.00
55943815270366220,20100629,1.00,1.00,0,0,0.00,0.00,0.00,1.00,0.00
55943815270366220,20100630,1.00,1.00,0,0,0.00,0.00,0.00,1.00,0.00
55943815270366220,20100703,1.00,1.00,0,0,0.00,0.00,0.00,1.00,0.00
55943815270366220,20100704,1.00,1.00,0,0,0.00,0.00,0.00,1.00,0.00
55943815270366220,20100705,1.00,1.00,0,0,0.00,0.00,0.00,1.00,0.00
55943815270366220,20100706,1.00,1.00,0,0,0.00,0.00,0.00,1.00,0.00
55943815270366220,20100707,1.00,1.00,0,0,0.00,0.00,0.00,1.00,0.00
55943815270366220,20100711,1.00,1.00,0,0,0.00,0.00,0.00,1.00,0.00
55943815270366220,20100712,1.00,1.00,0,0,0.00,0.00,0.00,1.00,0.00
55943815270366220,20100713,1.00,1.00,0,0,0.00,0.00,0.00,1.00,0.00
55943815270366220,20100714,1.00,1.00,0,0,0.00,0.00,0.00,1.00,0.00
55943815270366220,20100717,1.00,1.00,0,0,0.00,0.00,0.00,1.00,0.00
55943815270366220,20100718,1.00,1.00,0,0,0.00,0.00,0.00,1.00,0.00
55943815270366220,20100719,1.00,1.00,0,0,0.00,0.00,0.00,1.00,0.00
55943815270366220,20100720,1.00,1.00,0,0,0.00,0.00,0.00,1.00,0.00
55943815270366220,20100721,1.00,1.00,0,0,0.00,0.00,0.00,1.00,0.00
55943815270366220,20100724,1.00,1.00,0,0,0.00,0.00,0.00,1.00,0.00
55943815270366220,20100725,1.00,1.00,0,0,0.00,0.00,0.00,1.00,0.00
55943815270366220,20100726,1.00,1.00,0,0,0.00,0.00,0.00,1.00,0.00
55943815270366220,20100728,1.00,1.00,0,0,0.00,0.00,0.00,1.00,0.00
55943815270366220,20100731,1.00,1.00,0,0,0.00,0.00,0.00,1.00,0.00
55943815270366220,20100801,1.00,1.00,0,0,0.00,0.00,0.00,1.00,0.00
55943815270366220,20100802,1.00,1.00,0,0,0.00,0.00,0.00,1.00,0.00
55943815270366220,20100803,1.00,1.00,0,0,0.00,0.00,0.00,1.00,0.00
55943815270366220,20100804,1.00,1.00,0,0,0.00,0.00,0.00,1.00,0.00
55943815270366220,20100807,1.00,1.00,0,0,0.00,0.00,0.00,1.00,0.00
55943815270366220,20100808,1.00,1.00,0,0,0.00,0.00,0.00,1.00,0.00
55943815270366220,20100809,1.00,1.00,0,0,0.00,0.00,0.00,1.00,0.00
55943815270366220,20100810,1.00,1.00,0,0,0.00,0.00,0.00,1.00,0.00
55943815270366220,20100811,1.00,1.00,0,0,0.00,0.00,0.00,1.00,0.00
55943815270366220,20100814,1.00,1.00,0,0,0.00,0.00,0.00,1.00,0.00
55943815270366220,20100815,1.00,1.00,0,0,0.00,0.00,0.00,1.00,0.00
55943815270366220,20100816,1.00,1.00,0,0,0.00,0.00,0.00,1.00,0.00
55943815270366220,20100817,1.00,1.00,0,0,0.00,0.00,0.00,1.00,0.00
55943815270366220,20100818,1.00,1.00,0,0,0.00,0.00,0.00,1.00,0.00
55943815270366220,20100821,1.00,1.00,0,0,0.00,0.00,0.00,1.00,0.00
55943815270366220,20100822,1.00,1.00,0,0,0.00,0.00,0.00,1.00,0.00
55943815270366220,20100823,1.00,1.00,0,0,0.00,0.00,0.00,1.00,0.00
55943815270366220,20100824,1.00,1.00,0,0,0.00,0.00,0.00,1.00,0.00
55943815270366220,20100825,1.00,1.00,0,0,0.00,0.00,0.00,1.00,0.00
55943815270366220,20100828,1.00,1.00,0,0,0.00,0.00,0.00,1.00,0.00
55943815270366220,20100829,1.00,1.00,0,0,0.00,0.00,0.00,1.00,0.00
55943815270366220,20100830,1.00,1.00,0,0,0.00,0.00,0.00,1.00,0.00
55943815270366220,20100831,1.00,1.00,0,0,0.00,0.00,0.00,1.00,0.00
55943815270366220,20100904,1.00,1.00,0,0,0.00,0.00,0.00,1.00,0.00
55943815270366220,20100905,1.00,1.00,0,0,0.00,0.00,0.00,1.00,0.00
55943815270366220,20100906,1.00,1.00,0,0,0.00,0.00,0.00,1.00,0.00
55943815270366220,20100907,1.00,1.00,0,0,0.00,0.00,0.00,1.00,0.00
55943815270366220,20100908,1.00,1.00,0,0,0.00,0.00,0.00,1.00,0.00
55943815270366220,20100912,1.00,1.00,0,0,0.00,0.00,0.00,1.00,0.00
55943815270366220,20100913,1.00,1.00,0,0,0.00,0.00,0.00,1.00,0.00
55943815270366220,20100914,1.00,1.00,0,0,0.00,0.00,0.00,1.00,0.00
55943815270366220,20100915,1.00,1.00,0,0,0.00,0.00,0.00,1.00,0.00
55943815270366220,20100918,1.00,1.00,0,0,0.00,0.00,0.00,1.00,0.00
55943815270366220,20100919,1.00,1.00,0,0,0.00,0.00,0.00,1.00,0.00
55943815270366220,20100920,1.00,1.00,0,0,0.00,0.00,0.00,1.00,0.00
55943815270366220,20100921,1.00,1.00,0,0,0.00,0.00,0.00,1.00,0.00
55943815270366220,20100922,1.00,1.00,0,0,0.00,0.00,0.00,1.00,0.00
55943815270366220,20100925,1.00,1.00,0,0,0.00,0.00,0.00,1.00,0.00
55943815270366220,20100926,1.00,1.00,0,0,0.00,0.00,0.00,1.00,0.00
55943815270366220,20100927,1.00,1.00,0,0,0.00,0.00,0.00,1.00,0.00
55943815270366220,20100928,1.00,1.00,0,0,0.00,0.00,0.00,1.00,0.00
55943815270366220,20100929,1.00,1.00,0,0,0.00,0.00,0.00,1.00,0.00
55943815270366220,20101002,1.00,1.00,0,0,0.00,0.00,0.00,1.00,0.00
55943815270366220,20101003,1.00,1.00,0,0,0.00,0.00,0.00,1.00,0.00
55943815270366220,20101005,1.00,1.00,0,0,0.00,0.00,0.00,1.00,0.00
55943815270366220,20101006,1.00,1.00,0,0,0.00,0.00,0.00,1.00,0.00
55943815270366220,20101009,1.00,1.00,0,0,0.00,0.00,0.00,1.00,0.00
55943815270366220,20101010,1.00,1.00,0,0,0.00,0.00,0.00,1.00,0.00
55943815270366220,20101011,1.00,1.00,0,0,0.00,0.00,0.00,1.00,0.00
55943815270366220,20101012,1.00,1.00,0,0,0.00,0.00,0.00,1.00,0.00
55943815270366220,20101013,1.00,1.00,0,0,0.00,0.00,0.00,1.00,0.00
55943815270366220,20101016,1.00,1.00,0,0,0.00,0.00,0.00,1.00,0.00
55943815270366220,20101017,1.00,1.00,0,0,0.00,0.00,0.00,1.00,0.00
55943815270366220,20101018,1.00,1.00,0,0,0.00,0.00,0.00,1.00,0.00
55943815270366220,20101019,1.00,1.00,0,0,0.00,0.00,0.00,1.00,0.00
55943815270366220,20101020,1.00,1.00,0,0,0.00,0.00,0.00,1.00,0.00
55943815270366220,20101023,1.00,1.00,0,0,0.00,0.00,0.00,1.00,0.00
55943815270366220,20101024,1.00,1.00,0,0,0.00,0.00,0.00,1.00,0.00
55943815270366220,20101025,1.00,1.00,0,0,0.00,0.00,0.00,1.00,0.00
55943815270366220,20101026,1.00,1.00,0,0,0.00,0.00,0.00,1.00,0.00
55943815270366220,20101027,1.00,1.00,0,0,0.00,0.00,0.00,1.00,0.00
55943815270366220,20101030,1.00,1.00,0,0,0.00,0.00,0.00,1.00,0.00
55943815270366220,20101031,1.00,1.00,0,0,0.00,0.00,0.00,1.00,0.00
55943815270366220,20101101,1.00,1.00,0,0,0.00,0.00,0.00,1.00,0.00
55943815270366220,20101102,1.00,1.00,0,0,0.00,0.00,0.00,1.00,0.00
55943815270366220,20101103,1.00,1.00,0,0,0.00,0.00,0.00,1.00,0.00
55943815270366220,20101106,1.00,1.00,0,0,0.00,0.00,0.00,1.00,0.00
55943815270366220,20101107,1.00,1.00,0,0,0.00,0.00,0.00,1.00,0.00
55943815270366220,20101108,1.00,1.00,0,0,0.00,0.00,0.00,1.00,0.00
55943815270366220,20101109,1.00,1.00,0,0,0.00,0.00,0.00,1.00,0.00
55943815270366220,20101110,1.00,1.00,0,0,0.00,0.00,0.00,1.00,0.00
55943815270366220,20101113,1.00,1.00,0,0,0.00,0.00,0.00,1.00,0.00
55943815270366220,20101114,1.00,1.00,0,0,0.00,0.00,0.00,1.00,0.00
55943815270366220,20101115,1.00,1.00,0,0,0.00,0.00,0.00,1.00,0.00
55943815270366220,20101116,1.00,1.00,0,0,0.00,0.00,0.00,1.00,0.00
55943815270366220,20101120,1.00,1.00,0,0,0.00,0.00,0.00,1.00,0.00
55943815270366220,20101121,1.00,1.00,0,0,0.00,0.00,0.00,1.00,0.00
55943815270366220,20101122,1.00,1.00,0,0,0.00,0.00,0.00,1.00,0.00
55943815270366220,20101123,1.00,1.00,0,0,0.00,0.00,0.00,1.00,0.00
55943815270366220,20101124,1.00,1.00,0,0,0.00,0.00,0.00,1.00,0.00
55943815270366220,20101127,1.00,1.00,0,0,0.00,0.00,0.00,1.00,0.00
55943815270366220,20101128,1.00,1.00,0,0,0.00,0.00,0.00,1.00,0.00
55943815270366220,20101129,1.00,1.00,0,0,0.00,0.00,0.00,1.00,0.00
55943815270366220,20101130,1.00,1.00,0,0,0.00,0.00,0.00,1.00,0.00
55943815270366220,20101201,1.00,1.00,0,0,0.00,0.00,0.00,1.00,0.00
55943815270366220,20101204,1.00,1.00,0,0,0.00,0.00,0.00,1.00,0.00
55943815270366220,20101205,1.00,1.00,0,0,0.00,0.00,0.00,1.00,0.00
55943815270366220,20101206,1.00,1.00,0,0,0.00,0.00,0.00,1.00,0.00
55943815270366220,20101207,1.00,1.00,0,0,0.00,0.00,0.00,1.00,0.00
55943815270366220,20101208,1.00,1.00,0,0,0.00,0.00,0.00,1.00,0.00
55943815270366220,20101211,1.00,1.00,0,0,0.00,0.00,0.00,1.00,0.00
55943815270366220,20101212,1.00,1.00,0,0,0.00,0.00,0.00,1.00,0.00
55943815270366220,20101213,1.00,1.00,0,0,0.00,0.00,0.00,1.00,0.00
55943815270366220,20101214,1.00,1.00,0,0,0.00,0.00,0.00,1.00,0.00
55943815270366220,20101218,1.00,1.00,0,0,0.00,0.00,0.00,1.00,0.00
55943815270366220,20101219,1.00,1.00,0,0,0.00,0.00,0.00,1.00,0.00
55943815270366220,20101220,1.00,1.00,0,0,0.00,0.00,0.00,1.00,0.00
55943815270366220,20101221,1.00,1.00,0,0,0.00,0.00,0.00,1.00,0.00
55943815270366220,20101222,1.00,1.00,0,0,0.00,0.00,0.00,1.00,0.00
55943815270366220,20101225,1.00,1.00,0,0,0.00,0.00,0.00,1.00,0.00
55943815270366220,20101226,1.00,1.00,0,0,0.00,0.00,0.00,1.00,0.00
55943815270366220,20101227,1.00,1.00,0,0,0.00,0.00,0.00,1.00,0.00
55943815270366220,20101228,1.00,1.00,0,0,0.00,0.00,0.00,1.00,0.00
55943815270366220,20101229,1.00,1.00,0,0,0.00,0.00,0.00,1.00,0.00
55943815270366220,20110101,1.00,1.00,0,0,0.00,0.00,0.00,1.00,0.00
55943815270366220,20110102,1.00,1.00,0,0,0.00,0.00,0.00,1.00,0.00
55943815270366220,20110103,1.00,1.00,0,0,0.00,0.00,0.00,1.00,0.00
55943815270366220,20110104,1.00,1.00,0,0,0.00,0.00,0.00,1.00,0.00
55943815270366220,20110105,1.00,1.00,0,0,0.00,0.00,0.00,1.00,0.00
55943815270366220,20110108,1.00,1.00,0,0,0.00,0.00,0.00,1.00,0.00
55943815270366220,20110109,1.00,1.00,0,0,0.00,0.00,0.00,1.00,0.00
55943815270366220,20110110,1.00,1.00,0,0,0.00,0.00,0.00,1.00,0.00
55943815270366220,20110111,1.00,1.00,0,0,0.00,0.00,0.00,1.00,0.00
55943815270366220,20110112,1.00,1.00,0,0,0.00,0.00,0.00,1.00,0.00
55943815270366220,20110115,1.00,1.00,0,0,0.00,0.00,0.00,1.00,0.00
55943815270366220,20110116,1.00,1.00,0,0,0.00,0.00,0.00,1.00,0.00
55943815270366220,20110117,1.00,1.00,0,0,0.00,0.00,0.00,1.00,0.00
55943815270366220,20110118,1.00,1.00,0,0,0.00,0.00,0.00,1.00,0.00
55943815270366220,20110119,1.00,1.00,0,0,0.00,0.00,0.00,1.00,0.00
55943815270366220,20110122,1.00,1.00,0,0,0.00,0.00,0.00,1.00,0.00
55943815270366220,20110123,1.00,1.00,0,0,0.00,0.00,0.00,1.00,0.00
55943815270366220,20110124,1.00,1.00,0,0,0.00,0.00,0.00,1.00,0.00
55943815270366220,20110126,1.00,1.00,0,0,0.00,0.00,0.00,1.00,0.00
55943815270366220,20110129,1.00,1.00,0,0,0.00,0.00,0.00,1.00,0.00
55943815270366220,20110130,1.00,1.00,0,0,0.00,0.00,0.00,1.00,0.00
55943815270366220,20110131,1.00,1.00,0,0,0.00,0.00,0.00,1.00,0.00
55943815270366220,20110201,1.00,1.00,0,0,0.00,0.00,0.00,1.00,0.00
55943815270366220,20110205,1.00,1.00,0,0,0.00,0.00,0.00,1.00,0.00
55943815270366220,20110206,1.00,1.00,0,0,0.00,0.00,0.00,1.00,0.00
55943815270366220,20110207,1.00,1.00,0,0,0.00,0.00,0.00,1.00,0.00
55943815270366220,20110208,1.00,1.00,0,0,0.00,0.00,0.00,1.00,0.00
55943815270366220,20110209,1.00,1.00,0,0,0.00,0.00,0.00,1.00,0.00
55943815270366220,20110212,1.00,1.00,0,0,0.00,0.00,0.00,1.00,0.00
55943815270366220,20110213,1.00,1.00,0,0,0.00,0.00,0.00,1.00,0.00
55943815270366220,20110214,1.00,1.00,0,0,0.00,0.00,0.00,1.00,0.00
55943815270366220,20110215,1.00,1.00,0,0,0.00,0.00,0.00,1.00,0.00
55943815270366220,20110216,1.00,1.00,0,0,0.00,0.00,0.00,1.00,0.00
55943815270366220,20110219,1.00,1.00,0,0,0.00,0.00,0.00,1.00,0.00
55943815270366220,20110220,1.00,1.00,0,0,0.00,0.00,0.00,1.00,0.00
55943815270366220,20110222,1.00,1.00,0,0,0.00,0.00,0.00,1.00,0.00
55943815270366220,20110223,1.00,1.00,0,0,0.00,0.00,0.00,1.00,0.00
55943815270366220,20110226,1.00,1.00,0,0,0.00,0.00,0.00,1.00,0.00
55943815270366220,20110227,1.00,1.00,0,0,0.00,0.00,0.00,1.00,0.00
55943815270366220,20110228,1.00,1.00,0,0,0.00,0.00,0.00,1.00,0.00
55943815270366220,20110301,1.00,1.00,0,0,0.00,0.00,0.00,1.00,0.00
55943815270366220,20110302,1.00,1.00,0,0,0.00,0.00,0.00,1.00,0.00
55943815270366220,20110305,1.00,1.00,0,0,0.00,0.00,0.00,1.00,0.00
55943815270366220,20110306,1.00,1.00,0,0,0.00,0.00,0.00,1.00,0.00
55943815270366220,20110307,1.00,1.00,0,0,0.00,0.00,0.00,1.00,0.00
55943815270366220,20110308,1.00,1.00,0,0,0.00,0.00,0.00,1.00,0.00
55943815270366220,20110309,1.00,1.00,0,0,0.00,0.00,0.00,1.00,0.00
55943815270366220,20110312,1.00,1.00,0,0,0.00,0.00,0.00,1.00,0.00
55943815270366220,20110313,1.00,1.00,0,0,0.00,0.00,0.00,1.00,0.00
55943815270366220,20110314,1.00,1.00,0,0,0.00,0.00,0.00,1.00,0.00
55943815270366220,20110315,1.00,1.00,0,0,0.00,0.00,0.00,1.00,0.00
55943815270366220,20110316,1.00,1.00,0,0,0.00,0.00,0.00,1.00,0.00
55943815270366220,20110319,1.00,1.00,0,0,0.00,0.00,0.00,1.00,0.00
55943815270366220,20110326,1.00,1.00,0,0,0.00,0.00,0.00,1.00,0.00
55943815270366220,20110327,1.00,1.00,0,0,0.00,0.00,0.00,1.00,0.00
55943815270366220,20110328,1.00,1.00,0,0,0.00,0.00,0.00,1.00,0.00
55943815270366220,20110329,1.00,1.00,0,0,0.00,0.00,0.00,1.00,0.00
55943815270366220,20110330,1.00,1.00,0,0,0.00,0.00,0.00,1.00,0.00
55943815270366220,20110403,1.00,1.00,0,0,0.00,0.00,0.00,1.00,0.00
55943815270366220,20110404,1.00,1.00,0,0,0.00,0.00,0.00,1.00,0.00
55943815270366220,20110405,1.00,1.00,0,0,0.00,0.00,0.00,1.00,0.00
55943815270366220,20110406,1.00,1.00,0,0,0.00,0.00,0.00,1.00,0.00
55943815270366220,20110409,1.00,1.00,0,0,0.00,0.00,0.00,1.00,0.00
55943815270366220,20110410,1.00,1.00,0,0,0.00,0.00,0.00,1.00,0.00
55943815270366220,20110411,1.00,1.00,0,0,0.00,0.00,0.00,1.00,0.00
55943815270366220,20110412,1.00,1.00,0,0,0.00,0.00,0.00,1.00,0.00
55943815270366220,20110413,1.00,1.00,0,0,0.00,0.00,0.00,1.00,0.00
55943815270366220,20110416,1.00,1.00,0,0,0.00,0.00,0.00,1.00,0.00
55943815270366220,20110417,1.00,1.00,0,0,0.00,0.00,0.00,1.00,0.00
55943815270366220,20110418,1.00,1.00,0,0,0.00,0.00,0.00,1.00,0.00
55943815270366220,20110419,1.00,1.00,0,0,0.00,0.00,0.00,1.00,0.00
55943815270366220,20110420,1.00,1.00,0,0,0.00,0.00,0.00,1.00,0.00
55943815270366220,20110423,1.00,1.00,0,0,0.00,0.00,0.00,1.00,0.00
55943815270366220,20110424,1.00,1.00,0,0,0.00,0.00,0.00,1.00,0.00
55943815270366220,20110425,1.00,1.00,0,0,0.00,0.00,0.00,1.00,0.00
55943815270366220,20110426,1.00,1.00,0,0,0.00,0.00,0.00,1.00,0.00
55943815270366220,20110427,1.00,1.00,0,0,0.00,0.00,0.00,1.00,0.00
55943815270366220,20110430,1.00,1.00,0,0,0.00,0.00,0.00,1.00,0.00
55943815270366220,20110501,1.00,1.00,0,0,0.00,0.00,0.00,1.00,0.00
55943815270366220,20110502,1.00,1.00,0,0,0.00,0.00,0.00,1.00,0.00
55943815270366220,20110503,1.00,1.00,0,0,0.00,0.00,0.00,1.00,0.00
55943815270366220,20110504,1.00,1.00,0,0,0.00,0.00,0.00,1.00,0.00
55943815270366220,20110508,1.00,1.00,0,0,0.00,0.00,0.00,1.00,0.00
55943815270366220,20110509,1.00,1.00,0,0,0.00,0.00,0.00,1.00,0.00
55943815270366220,20110510,1.00,1.00,0,0,0.00,0.00,0.00,1.00,0.00
55943815270366220,20110511,1.00,1.00,0,0,0.00,0.00,0.00,1.00,0.00
55943815270366220,20110514,1.00,1.00,0,0,0.00,0.00,0.00,1.00,0.00
55943815270366220,20110515,1.00,1.00,0,0,0.00,0.00,0.00,1.00,0.00
55943815270366220,20110516,1.00,1.00,0,0,0.00,0.00,0.00,1.00,0.00
55943815270366220,20110517,1.00,1.00,0,0,0.00,0.00,0.00,1.00,0.00
55943815270366220,20110518,1.00,1.00,0,0,0.00,0.00,0.00,1.00,0.00
55943815270366220,20110521,1.00,1.00,0,0,0.00,0.00,0.00,1.00,0.00
55943815270366220,20110522,1.00,1.00,0,0,0.00,0.00,0.00,1.00,0.00
55943815270366220,20110523,1.00,1.00,0,0,0.00,0.00,0.00,1.00,0.00
55943815270366220,20110524,1.00,1.00,0,0,0.00,0.00,0.00,1.00,0.00
55943815270366220,20110525,1.00,1.00,0,0,0.00,0.00,0.00,1.00,0.00
55943815270366220,20110528,1.00,1.00,0,0,0.00,0.00,0.00,1.00,0.00
55943815270366220,20110529,1.00,1.00,0,0,0.00,0.00,0.00,1.00,0.00
55943815270366220,20110530,1.00,1.00,0,0,0.00,0.00,0.00,1.00,0.00
55943815270366220,20110531,1.00,1.00,0,0,0.00,0.00,0.00,1.00,0.00
55943815270366220,20110601,1.00,1.00,0,0,0.00,0.00,0.00,1.00,0.00
55943815270366220,20110606,1.00,1.00,0,0,0.00,0.00,0.00,1.00,0.00
55943815270366220,20110607,1.00,1.00,0,0,0.00,0.00,0.00,1.00,0.00
55943815270366220,20110608,1.00,1.00,0,0,0.00,0.00,0.00,1.00,0.00
55943815270366220,20110611,1.00,1.00,0,0,0.00,0.00,0.00,1.00,0.00
55943815270366220,20110612,1.00,1.00,0,0,0.00,0.00,0.00,1.00,0.00
55943815270366220,20110613,1.00,1.00,0,0,0.00,0.00,0.00,1.00,0.00
55943815270366220,20110614,1.00,1.00,0,0,0.00,0.00,0.00,1.00,0.00
55943815270366220,20110615,1.00,1.00,0,0,0.00,0.00,0.00,1.00,0.00
55943815270366220,20110618,1.00,1.00,0,0,0.00,0.00,0.00,1.00,0.00
55943815270366220,20110619,1.00,1.00,0,0,0.00,0.00,0.00,1.00,0.00
55943815270366220,20110620,1.00,1.00,0,0,0.00,0.00,0.00,1.00,0.00
55943815270366220,20110621,1.00,1.00,0,0,0.00,0.00,0.00,1.00,0.00
55943815270366220,20110622,1.00,1.00,0,0,0.00,0.00,0.00,1.00,0.00
55943815270366220,20110625,1.00,1.00,0,0,0.00,0.00,0.00,1.00,0.00
55943815270366220,20110626,1.00,1.00,0,0,0.00,0.00,0.00,1.00,0.00
55943815270366220,20110627,1.00,1.00,0,0,0.00,0.00,0.00,1.00,0.00
55943815270366220,20110628,1.00,1.00,0,0,0.00,0.00,0.00,1.00,0.00
55943815270366220,20110629,1.00,1.00,0,0,0.00,0.00,0.00,1.00,0.00
55943815270366220,20110702,1.00,1.00,0,0,0.00,0.00,0.00,1.00,0.00
55943815270366220,20110703,1.00,1.00,0,0,0.00,0.00,0.00,1.00,0.00
55943815270366220,20110704,1.00,1.00,0,0,0.00,0.00,0.00,1.00,0.00
55943815270366220,20110705,1.00,1.00,0,0,0.00,0.00,0.00,1.00,0.00
55943815270366220,20110706,1.00,1.00,0,0,0.00,0.00,0.00,1.00,0.00
55943815270366220,20110709,1.00,1.00,0,0,0.00,0.00,0.00,1.00,0.00
55943815270366220,20110710,1.00,1.00,0,0,0.00,0.00,0.00,1.00,0.00
55943815270366220,20110711,1.00,1.00,0,0,0.00,0.00,0.00,1.00,0.00
55943815270366220,20110712,1.00,1.00,0,0,0.00,0.00,0.00,1.00,0.00
55943815270366220,20110713,1.00,1.00,0,0,0.00,0.00,0.00,1.00,0.00
55943815270366220,20110716,1.00,1.00,0,0,0.00,0.00,0.00,1.00,0.00
55943815270366220,20110718,1.00,1.00,0,0,0.00,0.00,0.00,1.00,0.00
55943815270366220,20110719,1.00,1.00,0,0,0.00,0.00,0.00,1.00,0.00
55943815270366220,20110720,1.00,1.00,0,0,0.00,0.00,0.00,1.00,0.00
55943815270366220,20110723,1.00,1.00,0,0,0.00,0.00,0.00,1.00,0.00
55943815270366220,20110724,1.00,1.00,0,0,0.00,0.00,0.00,1.00,0.00
55943815270366220,20110725,1.00,1.00,0,0,0.00,0.00,0.00,1.00,0.00
55943815270366220,20110726,1.00,1.00,0,0,0.00,0.00,0.00,1.00,0.00
55943815270366220,20110727,1.00,1.00,0,0,0.00,0.00,0.00,1.00,0.00
55943815270366220,20110730,1.00,1.00,0,0,0.00,0.00,0.00,1.00,0.00
55943815270366220,20110731,1.00,1.00,0,0,0.00,0.00,0.00,1.00,0.00
55943815270366220,20110801,1.00,1.00,0,0,0.00,0.00,0.00,1.00,0.00
55943815270366220,20110802,1.00,1.00,0,0,0.00,0.00,0.00,1.00,0.00
55943815270366220,20110803,1.00,1.00,0,0,0.00,0.00,0.00,1.00,0.00
55943815270366220,20110806,1.00,1.00,0,0,0.00,0.00,0.00,1.00,0.00
55943815270366220,20110807,1.00,1.00,0,0,0.00,0.00,0.00,1.00,0.00
55943815270366220,20110808,1.00,1.00,0,0,0.00,0.00,0.00,1.00,0.00
55943815270366220,20110809,1.00,1.00,0,0,0.00,0.00,0.00,1.00,0.00
55943815270366220,20110810,1.00,1.00,0,0,0.00,0.00,0.00,1.00,0.00
55943815270366220,20110813,1.00,1.00,0,0,0.00,0.00,0.00,1.00,0.00
55943815270366220,20110814,1.00,1.00,0,0,0.00,0.00,0.00,1.00,0.00
55943815270366220,20110815,1.00,1.00,0,0,0.00,0.00,0.00,1.00,0.00
55943815270366220,20110816,1.00,1.00,0,0,0.00,0.00,0.00,1.00,0.00
55943815270366220,20110817,1.00,1.00,0,0,0.00,0.00,0.00,1.00,0.00
55943815270366220,20110820,1.00,1.00,0,0,0.00,0.00,0.00,1.00,0.00
55943815270366220,20110821,1.00,1.00,0,0,0.00,0.00,0.00,1.00,0.00
55943815270366220,20110823,1.00,1.00,0,0,0.00,0.00,0.00,1.00,0.00
55943815270366220,20110824,1.00,1.00,0,0,0.00,0.00,0.00,1.00,0.00
55943815270366220,20110827,1.00,1.00,0,0,0.00,0.00,0.00,1.00,0.00
55943815270366220,20110828,1.00,1.00,0,0,0.00,0.00,0.00,1.00,0.00
55943815270366220,20110829,1.00,1.00,0,0,0.00,0.00,0.00,1.00,0.00
55943815270366220,20110830,1.00,1.00,0,0,0.00,0.00,0.00,1.00,0.00
55943815270366220,20110831,1.00,1.00,0,0,0.00,0.00,0.00,1.00,0.00
55943815270366220,20110903,1.00,1.00,0,0,0.00,0.00,0.00,1.00,0.00
55943815270366220,20110904,1.00,1.00,0,0,0.00,0.00,0.00,1.00,0.00
55943815270366220,20110905,1.00,1.00,0,0,0.00,0.00,0.00,1.00,0.00
55943815270366220,20110906,1.00,1.00,0,0,0.00,0.00,0.00,1.00,0.00
55943815270366220,20110907,1.00,1.00,0,0,0.00,0.00,0.00,1.00,0.00
55943815270366220,20110910,1.00,1.00,0,0,0.00,0.00,0.00,1.00,0.00
55943815270366220,20110911,1.00,1.00,0,0,0.00,0.00,0.00,1.00,0.00
55943815270366220,20110912,1.00,1.00,0,0,0.00,0.00,0.00,1.00,0.00
55943815270366220,20110913,1.00,1.00,0,0,0.00,0.00,0.00,1.00,0.00
55943815270366220,20110914,1.00,1.00,0,0,0.00,0.00,0.00,1.00,0.00
55943815270366220,20110917,1.00,1.00,0,0,0.00,0.00,0.00,1.00,0.00
55943815270366220,20110918,1.00,1.00,0,0,0.00,0.00,0.00,1.00,0.00
55943815270366220,20110919,1.00,1.00,0,0,0.00,0.00,0.00,1.00,0.00
55943815270366220,20110920,1.00,1.00,0,0,0.00,0.00,0.00,1.00,0.00
55943815270366220,20110921,1.00,1.00,0,0,0.00,0.00,0.00,1.00,0.00
55943815270366220,20110925,1.00,1.00,0,0,0.00,0.00,0.00,1.00,0.00
55943815270366220,20110926,1.00,1.00,0,0,0.00,0.00,0.00,1.00,0.00
55943815270366220,20110927,1.00,1.00,0,0,0.00,0.00,0.00,1.00,0.00
55943815270366220,20110928,1.00,1.00,0,0,0.00,0.00,0.00,1.00,0.00
55943815270366220,20111001,1.00,1.00,0,0,0.00,0.00,0.00,1.00,0.00
55943815270366220,20111002,1.00,1.00,0,0,0.00,0.00,0.00,1.00,0.00
55943815270366220,20111003,1.00,1.00,0,0,0.00,0.00,0.00,1.00,0.00
55943815270366220,20111004,1.00,1.00,0,0,0.00,0.00,0.00,1.00,0.00
55943815270366220,20111005,1.00,1.00,0,0,0.00,0.00,0.00,1.00,0.00
55943815270366220,20111008,1.00,1.00,0,0,0.00,0.00,0.00,1.00,0.00
55943815270366220,20111009,1.00,1.00,0,0,0.00,0.00,0.00,1.00,0.00
55943815270366220,20111010,1.00,1.00,0,0,0.00,0.00,0.00,1.00,0.00
55943815270366220,20111011,1.00,1.00,0,0,0.00,0.00,0.00,1.00,0.00
55943815270366220,20111012,1.00,1.00,0,0,0.00,0.00,0.00,1.00,0.00
55943815270366220,20111015,1.00,1.00,0,0,0.00,0.00,0.00,1.00,0.00
55943815270366220,20111016,1.00,1.00,0,0,0.00,0.00,0.00,1.00,0.00
55943815270366220,20111017,1.00,1.00,0,0,0.00,0.00,0.00,1.00,0.00
55943815270366220,20111018,1.00,1.00,0,0,0.00,0.00,0.00,1.00,0.00
55943815270366220,20111019,1.00,1.00,0,0,0.00,0.00,0.00,1.00,0.00
55943815270366220,20111022,1.00,1.00,0,0,0.00,0.00,0.00,1.00,0.00
55943815270366220,20111023,1.00,1.00,0,0,0.00,0.00,0.00,1.00,0.00
55943815270366220,20111024,1.00,1.00,0,0,0.00,0.00,0.00,1.00,0.00
55943815270366220,20111025,1.00,1.00,0,0,0.00,0.00,0.00,1.00,0.00
55943815270366220,20111026,1.00,1.00,0,0,0.00,0.00,0.00,1.00,0.00
55943815270366220,20111029,1.00,1.00,0,0,0.00,0.00,0.00,1.00,0.00
55943815270366220,20111030,1.00,1.00,0,0,0.00,0.00,0.00,1.00,0.00
55943815270366220,20111031,1.00,1.00,0,0,0.00,0.00,0.00,1.00,0.00
55943815270366220,20111101,1.00,1.00,0,0,0.00,0.00,0.00,1.00,0.00
55943815270366220,20111102,1.00,1.00,0,0,0.00,0.00,0.00,1.00,0.00
55943815270366220,20111105,1.00,1.00,0,0,0.00,0.00,0.00,1.00,0.00
55943815270366220,20111106,1.00,1.00,0,0,0.00,0.00,0.00,1.00,0.00
55943815270366220,20111108,1.00,1.00,0,0,0.00,0.00,0.00,1.00,0.00
55943815270366220,20111109,1.00,1.00,0,0,0.00,0.00,0.00,1.00,0.00
55943815270366220,20111112,1.00,1.00,0,0,0.00,0.00,0.00,1.00,0.00
55943815270366220,20111113,1.00,1.00,0,0,0.00,0.00,0.00,1.00,0.00
55943815270366220,20111114,1.00,1.00,0,0,0.00,0.00,0.00,1.00,0.00
55943815270366220,20111116,1.00,1.00,0,0,0.00,0.00,0.00,1.00,0.00
55943815270366220,20111119,1.00,1.00,0,0,0.00,0.00,0.00,1.00,0.00
55943815270366220,20111120,1.00,1.00,0,0,0.00,0.00,0.00,1.00,0.00
55943815270366220,20111121,1.00,1.00,0,0,0.00,0.00,0.00,1.00,0.00
55943815270366220,20111122,1.00,1.00,0,0,0.00,0.00,0.00,1.00,0.00
55943815270366220,20111123,1.00,1.00,0,0,0.00,0.00,0.00,1.00,0.00
55943815270366220,20111126,1.00,1.00,0,0,0.00,0.00,0.00,1.00,0.00
55943815270366220,20111127,1.00,1.00,0,0,0.00,0.00,0.00,1.00,0.00
55943815270366220,20111128,1.00,1.00,0,0,0.00,0.00,0.00,1.00,0.00
55943815270366220,20111129,1.00,1.00,0,0,0.00,0.00,0.00,1.00,0.00
55943815270366220,20111130,1.00,1.00,0,0,0.00,0.00,0.00,1.00,0.00
55943815270366220,20111203,1.00,1.00,0,0,0.00,0.00,0.00,1.00,0.00
55943815270366220,20111204,1.00,1.00,0,0,0.00,0.00,0.00,1.00,0.00
55943815270366220,20111207,1.00,1.00,0,0,0.00,0.00,0.00,1.00,0.00
55943815270366220,20111210,1.00,1.00,0,0,0.00,0.00,0.00,1.00,0.00
55943815270366220,20111211,1.00,1.00,0,0,0.00,0.00,0.00,1.00,0.00
55943815270366220,20111212,1.00,1.00,0,0,0.00,0.00,0.00,1.00,0.00
55943815270366220,20111213,1.00,1.00,0,0,0.00,0.00,0.00,1.00,0.00
55943815270366220,20111214,1.00,1.00,0,0,0.00,0.00,0.00,1.00,0.00
55943815270366220,20111217,1.00,1.00,0,0,0.00,0.00,0.00,1.00,0.00
55943815270366220,20111218,1.00,1.00,0,0,0.00,0.00,0.00,1.00,0.00
55943815270366220,20111219,1.00,1.00,0,0,0.00,0.00,0.00,1.00,0.00
55943815270366220,20111220,1.00,1.00,0,0,0.00,0.00,0.00,1.00,0.00
55943815270366220,20111221,1.00,1.00,0,0,0.00,0.00,0.00,1.00,0.00
55943815270366220,20111224,1.00,1.00,0,0,0.00,0.00,0.00,1.00,0.00
55943815270366220,20111225,1.00,1.00,0,0,0.00,0.00,0.00,1.00,0.00
55943815270366220,20111226,1.00,1.00,0,0,0.00,0.00,0.00,1.00,0.00
55943815270366220,20111227,1.00,1.00,0,0,0.00,0.00,0.00,1.00,0.00
55943815270366220,20111228,1.00,1.00,0,0,0.00,0.00,0.00,1.00,0.00
55943815270366220,20111231,1.00,1.00,0,0,0.00,0.00,0.00,1.00,0.00
55943815270366220,20120101,1.00,1.00,0,0,0.00,0.00,0.00,1.00,0.00
55943815270366220,20120102,1.00,1.00,0,0,0.00,0.00,0.00,1.00,0.00
55943815270366220,20120103,1.00,1.00,0,0,0.00,0.00,0.00,1.00,0.00
55943815270366220,20120104,1.00,1.00,0,0,0.00,0.00,0.00,1.00,0.00
55943815270366220,20120107,1.00,1.00,0,0,0.00,0.00,0.00,1.00,0.00
55943815270366220,20120108,1.00,1.00,0,0,0.00,0.00,0.00,1.00,0.00
55943815270366220,20120109,1.00,1.00,0,0,0.00,0.00,0.00,1.00,0.00
55943815270366220,20120110,1.00,1.00,0,0,0.00,0.00,0.00,1.00,0.00
55943815270366220,20120111,1.00,1.00,0,0,0.00,0.00,0.00,1.00,0.00
55943815270366220,20120115,1.00,1.00,0,0,0.00,0.00,0.00,1.00,0.00
55943815270366220,20120116,1.00,1.00,0,0,0.00,0.00,0.00,1.00,0.00
55943815270366220,20120117,1.00,1.00,0,0,0.00,0.00,0.00,1.00,0.00
55943815270366220,20120118,1.00,1.00,0,0,0.00,0.00,0.00,1.00,0.00
55943815270366220,20120121,1.00,1.00,0,0,0.00,0.00,0.00,1.00,0.00
55943815270366220,20120123,1.00,1.00,0,0,0.00,0.00,0.00,1.00,0.00
55943815270366220,20120125,1.00,1.00,0,0,0.00,0.00,0.00,1.00,0.00
55943815270366220,20120128,1.00,1.00,0,0,0.00,0.00,0.00,1.00,0.00
55943815270366220,20120129,1.00,1.00,0,0,0.00,0.00,0.00,1.00,0.00
55943815270366220,20120130,1.00,1.00,0,0,0.00,0.00,0.00,1.00,0.00
55943815270366220,20120131,1.00,1.00,0,0,0.00,0.00,0.00,1.00,0.00
55943815270366220,20120201,1.00,1.00,0,0,0.00,0.00,0.00,1.00,0.00
55943815270366220,20120204,1.00,1.00,0,0,0.00,0.00,0.00,1.00,0.00
55943815270366220,20120205,1.00,1.00,0,0,0.00,0.00,0.00,1.00,0.00
55943815270366220,20120206,1.00,1.00,0,0,0.00,0.00,0.00,1.00,0.00
55943815270366220,20120207,1.00,1.00,0,0,0.00,0.00,0.00,1.00,0.00
55943815270366220,20120208,1.00,1.00,0,0,0.00,0.00,0.00,1.00,0.00
55943815270366220,20120212,1.00,1.00,0,0,0.00,0.00,0.00,1.00,0.00
55943815270366220,20120213,1.00,1.00,0,0,0.00,0.00,0.00,1.00,0.00
55943815270366220,20120214,1.00,1.00,0,0,0.00,0.00,0.00,1.00,0.00
55943815270366220,20120215,1.00,1.00,0,0,0.00,0.00,0.00,1.00,0.00
55943815270366220,20120218,1.00,1.00,0,0,0.00,0.00,0.00,1.00,0.00
55943815270366220,20120219,1.00,1.00,0,0,0.00,0.00,0.00,1.00,0.00
55943815270366220,20120220,1.00,1.00,0,0,0.00,0.00,0.00,1.00,0.00
55943815270366220,20120221,1.00,1.00,0,0,0.00,0.00,0.00,1.00,0.00
55943815270366220,20120222,1.00,1.00,0,0,0.00,0.00,0.00,1.00,0.00
55943815270366220,20120225,1.00,1.00,0,0,0.00,0.00,0.00,1.00,0.00
55943815270366220,20120226,1.00,1.00,0,0,0.00,0.00,0.00,1.00,0.00
55943815270366220,20120227,1.00,1.00,0,0,0.00,0.00,0.00,1.00,0.00
55943815270366220,20120228,1.00,1.00,0,0,0.00,0.00,0.00,1.00,0.00
55943815270366220,20120229,1.00,1.00,0,0,0.00,0.00,0.00,1.00,0.00
55943815270366220,20120303,1.00,1.00,0,0,0.00,0.00,0.00,1.00,0.00
55943815270366220,20120304,1.00,1.00,0,0,0.00,0.00,0.00,1.00,0.00
55943815270366220,20120305,1.00,1.00,0,0,0.00,0.00,0.00,1.00,0.00
55943815270366220,20120306,1.00,1.00,0,0,0.00,0.00,0.00,1.00,0.00
55943815270366220,20120307,1.00,1.00,0,0,0.00,0.00,0.00,1.00,0.00
55943815270366220,20120310,1.00,1.00,0,0,0.00,0.00,0.00,1.00,0.00
55943815270366220,20120311,1.00,1.00,0,0,0.00,0.00,0.00,1.00,0.00
55943815270366220,20120312,1.00,1.00,0,0,0.00,0.00,0.00,1.00,0.00
55943815270366220,20120313,1.00,1.00,0,0,0.00,0.00,0.00,1.00,0.00
55943815270366220,20120314,1.00,1.00,0,0,0.00,0.00,0.00,1.00,0.00
55943815270366220,20120317,1.00,1.00,0,0,0.00,0.00,0.00,1.00,0.00
55943815270366220,20120318,1.00,1.00,0,0,0.00,0.00,0.00,1.00,0.00
55943815270366220,20120324,1.00,1.00,0,0,0.00,0.00,0.00,1.00,0.00
55943815270366220,20120325,1.00,1.00,0,0,0.00,0.00,0.00,1.00,0.00
55943815270366220,20120326,1.00,1.00,0,0,0.00,0.00,0.00,1.00,0.00
55943815270366220,20120327,1.00,1.00,0,0,0.00,0.00,0.00,1.00,0.00
55943815270366220,20120328,1.00,1.00,0,0,0.00,0.00,0.00,1.00,0.00
55943815270366220,20120402,1.00,1.00,0,0,0.00,0.00,0.00,1.00,0.00
55943815270366220,20120403,1.00,1.00,0,0,0.00,0.00,0.00,1.00,0.00
55943815270366220,20120404,1.00,1.00,0,0,0.00,0.00,0.00,1.00,0.00
55943815270366220,20120407,1.00,1.00,0,0,0.00,0.00,0.00,1.00,0.00
55943815270366220,20120408,1.00,1.00,0,0,0.00,0.00,0.00,1.00,0.00
55943815270366220,20120409,1.00,1.00,0,0,0.00,0.00,0.00,1.00,0.00
55943815270366220,20120410,1.00,1.00,0,0,0.00,0.00,0.00,1.00,0.00
55943815270366220,20120411,1.00,1.00,0,0,0.00,0.00,0.00,1.00,0.00
55943815270366220,20120414,1.00,1.00,0,0,0.00,0.00,0.00,1.00,0.00
55943815270366220,20120415,1.00,1.00,0,0,0.00,0.00,0.00,1.00,0.00
55943815270366220,20120416,1.00,1.00,0,0,0.00,0.00,0.00,1.00,0.00
55943815270366220,20120417,1.00,1.00,0,0,0.00,0.00,0.00,1.00,0.00
55943815270366220,20120418,1.00,1.00,0,0,0.00,0.00,0.00,1.00,0.00
55943815270366220,20120421,1.00,1.00,0,0,0.00,0.00,0.00,1.00,0.00
55943815270366220,20120422,1.00,1.00,0,0,0.00,0.00,0.00,1.00,0.00
55943815270366220,20120423,1.00,1.00,0,0,0.00,0.00,0.00,1.00,0.00
55943815270366220,20120424,1.00,1.00,0,0,0.00,0.00,0.00,1.00,0.00
55943815270366220,20120428,1.00,1.00,0,0,0.00,0.00,0.00,1.00,0.00
55943815270366220,20120429,1.00,1.00,0,0,0.00,0.00,0.00,1.00,0.00
55943815270366220,20120430,1.00,1.00,0,0,0.00,0.00,0.00,1.00,0.00
55943815270366220,20120501,1.00,1.00,0,0,0.00,0.00,0.00,1.00,0.00
55943815270366220,20120502,1.00,1.00,0,0,0.00,0.00,0.00,1.00,0.00
55943815270366220,20120505,1.00,1.00,0,0,0.00,0.00,0.00,1.00,0.00
55943815270366220,20120506,1.00,1.00,0,0,0.00,0.00,0.00,1.00,0.00
55943815270366220,20120507,1.00,1.00,0,0,0.00,0.00,0.00,1.00,0.00
55943815270366220,20120508,1.00,1.00,0,0,0.00,0.00,0.00,1.00,0.00
55943815270366220,20120509,1.00,1.00,0,0,0.00,0.00,0.00,1.00,0.00
55943815270366220,20120512,1.00,1.00,0,0,0.00,0.00,0.00,1.00,0.00
55943815270366220,20120513,1.00,1.00,0,0,0.00,0.00,0.00,1.00,0.00
55943815270366220,20120514,1.00,1.00,0,0,0.00,0.00,0.00,1.00,0.00
55943815270366220,20120515,1.00,1.00,0,0,0.00,0.00,0.00,1.00,0.00
55943815270366220,20120516,1.00,1.00,0,0,0.00,0.00,0.00,1.00,0.00
55943815270366220,20120519,1.00,1.00,0,0,0.00,0.00,0.00,1.00,0.00
55943815270366220,20120520,1.00,1.00,0,0,0.00,0.00,0.00,1.00,0.00
55943815270366220,20120521,1.00,1.00,0,0,0.00,0.00,0.00,1.00,0.00
55943815270366220,20120522,1.00,1.00,0,0,0.00,0.00,0.00,1.00,0.00
55943815270366220,20120523,1.00,1.00,0,0,0.00,0.00,0.00,1.00,0.00
55943815270366220,20120526,1.00,1.00,0,0,0.00,0.00,0.00,1.00,0.00
55943815270366220,20120527,1.00,1.00,0,0,0.00,0.00,0.00,1.00,0.00
55943815270366220,20120528,1.00,1.00,0,0,0.00,0.00,0.00,1.00,0.00
55943815270366220,20120529,1.00,1.00,0,0,0.00,0.00,0.00,1.00,0.00
55943815270366220,20120530,1.00,1.00,0,0,0.00,0.00,0.00,1.00,0.00
55943815270366220,20120602,1.00,1.00,0,0,0.00,0.00,0.00,1.00,0.00
55943815270366220,20120605,1.00,1.00,0,0,0.00,0.00,0.00,1.00,0.00
55943815270366220,20120606,1.00,1.00,0,0,0.00,0.00,0.00,1.00,0.00
55943815270366220,20120609,1.00,1.00,0,0,0.00,0.00,0.00,1.00,0.00
55943815270366220,20120610,1.00,1.00,0,0,0.00,0.00,0.00,1.00,0.00
55943815270366220,20120611,1.00,1.00,0,0,0.00,0.00,0.00,1.00,0.00
55943815270366220,20120612,1.00,1.00,0,0,0.00,0.00,0.00,1.00,0.00
55943815270366220,20120613,1.00,1.00,0,0,0.00,0.00,0.00,1.00,0.00
55943815270366220,20120616,1.00,1.00,0,0,0.00,0.00,0.00,1.00,0.00
55943815270366220,20120617,1.00,1.00,0,0,0.00,0.00,0.00,1.00,0.00
55943815270366220,20120619,1.00,1.00,0,0,0.00,0.00,0.00,1.00,0.00
55943815270366220,20120620,1.00,1.00,0,0,0.00,0.00,0.00,1.00,0.00
55943815270366220,20120623,1.00,1.00,0,0,0.00,0.00,0.00,1.00,0.00
55943815270366220,20120624,1.00,1.00,0,0,0.00,0.00,0.00,1.00,0.00
55943815270366220,20120625,1.00,1.00,0,0,0.00,0.00,0.00,1.00,0.00
55943815270366220,20120626,1.00,1.00,0,0,0.00,0.00,0.00,1.00,0.00
55943815270366220,20120627,1.00,1.00,0,0,0.00,0.00,0.00,1.00,0.00
55943815270366220,20120630,1.00,1.00,0,0,0.00,0.00,0.00,1.00,0.00
55943815270366220,20120701,1.00,1.00,0,0,0.00,0.00,0.00,1.00,0.00
55943815270366220,20120702,1.00,1.00,0,0,0.00,0.00,0.00,1.00,0.00
55943815270366220,20120703,1.00,1.00,0,0,0.00,0.00,0.00,1.00,0.00
55943815270366220,20120704,1.00,1.00,0,0,0.00,0.00,0.00,1.00,0.00
55943815270366220,20120707,1.00,1.00,0,0,0.00,0.00,0.00,1.00,0.00
55943815270366220,20120708,1.00,1.00,0,0,0.00,0.00,0.00,1.00,0.00
55943815270366220,20120709,1.00,1.00,0,0,0.00,0.00,0.00,1.00,0.00
55943815270366220,20120710,1.00,1.00,0,0,0.00,0.00,0.00,1.00,0.00
55943815270366220,20120711,1.00,1.00,0,0,0.00,0.00,0.00,1.00,0.00
55943815270366220,20120714,1.00,1.00,0,0,0.00,0.00,0.00,1.00,0.00
55943815270366220,20120715,1.00,1.00,0,0,0.00,0.00,0.00,1.00,0.00
55943815270366220,20120716,1.00,1.00,0,0,0.00,0.00,0.00,1.00,0.00
55943815270366220,20120717,1.00,1.00,0,0,0.00,0.00,0.00,1.00,0.00
55943815270366220,20120718,1.00,1.00,0,0,0.00,0.00,0.00,1.00,0.00
55943815270366220,20120721,1.00,1.00,0,0,0.00,0.00,0.00,1.00,0.00
55943815270366220,20120722,1.00,1.00,0,0,0.00,0.00,0.00,1.00,0.00
55943815270366220,20120723,1.00,1.00,0,0,0.00,0.00,0.00,1.00,0.00
55943815270366220,20120724,1.00,1.00,0,0,0.00,0.00,0.00,1.00,0.00
55943815270366220,20120725,1.00,1.00,0,0,0.00,0.00,0.00,1.00,0.00
55943815270366220,20120728,1.00,1.00,0,0,0.00,0.00,0.00,1.00,0.00
55943815270366220,20120729,1.00,1.00,0,0,0.00,0.00,0.00,1.00,0.00
55943815270366220,20120730,1.00,1.00,0,0,0.00,0.00,0.00,1.00,0.00
55943815270366220,20120731,1.00,1.00,0,0,0.00,0.00,0.00,1.00,0.00
55943815270366220,20120801,1.00,1.00,0,0,0.00,0.00,0.00,1.00,0.00
55943815270366220,20120804,1.00,1.00,0,0,0.00,0.00,0.00,1.00,0.00
55943815270366220,20120805,1.00,1.00,0,0,0.00,0.00,0.00,1.00,0.00
55943815270366220,20120806,1.00,1.00,0,0,0.00,0.00,0.00,1.00,0.00
55943815270366220,20120807,1.00,1.00,0,0,0.00,0.00,0.00,1.00,0.00
55943815270366220,20120808,1.00,1.00,0,0,0.00,0.00,0.00,1.00,0.00
55943815270366220,20120811,1.00,1.00,0,0,0.00,0.00,0.00,1.00,0.00
55943815270366220,20120812,1.00,1.00,0,0,0.00,0.00,0.00,1.00,0.00
55943815270366220,20120813,1.00,1.00,0,0,0.00,0.00,0.00,1.00,0.00
55943815270366220,20120814,1.00,1.00,0,0,0.00,0.00,0.00,1.00,0.00
55943815270366220,20120815,1.00,1.00,0,0,0.00,0.00,0.00,1.00,0.00
55943815270366220,20120818,1.00,1.00,0,0,0.00,0.00,0.00,1.00,0.00
55943815270366220,20120821,1.00,1.00,0,0,0.00,0.00,0.00,1.00,0.00
55943815270366220,20120822,1.00,1.00,0,0,0.00,0.00,0.00,1.00,0.00
55943815270366220,20120825,1.00,1.00,0,0,0.00,0.00,0.00,1.00,0.00
55943815270366220,20120826,1.00,1.00,0,0,0.00,0.00,0.00,1.00,0.00
55943815270366220,20120827,1.00,1.00,0,0,0.00,0.00,0.00,1.00,0.00
55943815270366220,20120902,1.00,1.00,0,0,0.00,0.00,0.00,1.00,0.00
55943815270366220,20120903,1.00,1.00,0,0,0.00,0.00,0.00,1.00,0.00
55943815270366220,20120904,1.00,1.00,0,0,0.00,0.00,0.00,1.00,0.00
55943815270366220,20120905,1.00,1.00,0,0,0.00,0.00,0.00,1.00,0.00
55943815270366220,20120908,1.00,1.00,0,0,0.00,0.00,0.00,1.00,0.00
55943815270366220,20120909,1.00,1.00,0,0,0.00,0.00,0.00,1.00,0.00
55943815270366220,20120910,1.00,1.00,0,0,0.00,0.00,0.00,1.00,0.00
55943815270366220,20120911,1.00,1.00,0,0,0.00,0.00,0.00,1.00,0.00
55943815270366220,20120915,1.00,1.00,0,0,0.00,0.00,0.00,1.00,0.00
55943815270366220,20120916,1.00,1.00,0,0,0.00,0.00,0.00,1.00,0.00
55943815270366220,20120917,1.00,1.00,0,0,0.00,0.00,0.00,1.00,0.00
55943815270366220,20120918,1.00,1.00,0,0,0.00,0.00,0.00,1.00,0.00
55943815270366220,20120919,1.00,1.00,0,0,0.00,0.00,0.00,1.00,0.00
55943815270366220,20120922,1.00,1.00,0,0,0.00,0.00,0.00,1.00,0.00
55943815270366220,20120923,1.00,1.00,0,0,0.00,0.00,0.00,1.00,0.00
55943815270366220,20120924,1.00,1.00,0,0,0.00,0.00,0.00,1.00,0.00
55943815270366220,20120925,1.00,1.00,0,0,0.00,0.00,0.00,1.00,0.00
55943815270366220,20120926,1.00,1.00,0,0,0.00,0.00,0.00,1.00,0.00
55943815270366220,20120929,1.00,1.00,0,0,0.00,0.00,0.00,1.00,0.00
55943815270366220,20120930,1.00,1.00,0,0,0.00,0.00,0.00,1.00,0.00
55943815270366220,20121001,1.00,1.00,0,0,0.00,0.00,0.00,1.00,0.00
55943815270366220,20121002,1.00,1.00,0,0,0.00,0.00,0.00,1.00,0.00
55943815270366220,20121003,1.00,1.00,0,0,0.00,0.00,0.00,1.00,0.00
55943815270366220,20121006,1.00,1.00,0,0,0.00,0.00,0.00,1.00,0.00
55943815270366220,20121007,1.00,1.00,0,0,0.00,0.00,0.00,1.00,0.00
55943815270366220,20121008,1.00,1.00,0,0,0.00,0.00,0.00,1.00,0.00
55943815270366220,20121009,1.00,1.00,0,0,0.00,0.00,0.00,1.00,0.00
55943815270366220,20121010,1.00,1.00,0,0,0.00,0.00,0.00,1.00,0.00
55943815270366220,20121013,1.00,1.00,0,0,0.00,0.00,0.00,1.00,0.00
55943815270366220,20121014,1.00,1.00,0,0,0.00,0.00,0.00,1.00,0.00
55943815270366220,20121015,1.00,1.00,0,0,0.00,0.00,0.00,1.00,0.00
55943815270366220,20121016,1.00,1.00,0,0,0.00,0.00,0.00,1.00,0.00
55943815270366220,20121017,1.00,1.00,0,0,0.00,0.00,0.00,1.00,0.00
55943815270366220,20121020,1.00,1.00,0,0,0.00,0.00,0.00,1.00,0.00
55943815270366220,20121021,1.00,1.00,0,0,0.00,0.00,0.00,1.00,0.00
55943815270366220,20121022,1.00,1.00,0,0,0.00,0.00,0.00,1.00,0.00
55943815270366220,20121023,1.00,1.00,0,0,0.00,0.00,0.00,1.00,0.00
55943815270366220,20121024,1.00,1.00,0,0,0.00,0.00,0.00,1.00,0.00
55943815270366220,20121027,1.00,1.00,0,0,0.00,0.00,0.00,1.00,0.00
55943815270366220,20121028,1.00,1.00,0,0,0.00,0.00,0.00,1.00,0.00
55943815270366220,20121029,1.00,1.00,0,0,0.00,0.00,0.00,1.00,0.00
55943815270366220,20121030,1.00,1.00,0,0,0.00,0.00,0.00,1.00,0.00
55943815270366220,20121031,1.00,1.00,0,0,0.00,0.00,0.00,1.00,0.00
55943815270366220,20121104,1.00,1.00,0,0,0.00,0.00,0.00,1.00,0.00
55943815270366220,20121105,1.00,1.00,0,0,0.00,0.00,0.00,1.00,0.00
55943815270366220,20121106,1.00,1.00,0,0,0.00,0.00,0.00,1.00,0.00
55943815270366220,20121107,1.00,1.00,0,0,0.00,0.00,0.00,1.00,0.00
55943815270366220,20121110,1.00,1.00,0,0,0.00,0.00,0.00,1.00,0.00
55943815270366220,20121111,1.00,1.00,0,0,0.00,0.00,0.00,1.00,0.00
55943815270366220,20121112,1.00,1.00,0,0,0.00,0.00,0.00,1.00,0.00
55943815270366220,20121113,1.00,1.00,0,0,0.00,0.00,0.00,1.00,0.00
55943815270366220,20121114,1.00,1.00,0,0,0.00,0.00,0.00,1.00,0.00
55943815270366220,20121117,1.00,1.00,0,0,0.00,0.00,0.00,1.00,0.00
55943815270366220,20121118,1.00,1.00,0,0,0.00,0.00,0.00,1.00,0.00
55943815270366220,20121119,1.00,1.00,0,0,0.00,0.00,0.00,1.00,0.00
55943815270366220,20121120,1.00,1.00,0,0,0.00,0.00,0.00,1.00,0.00
55943815270366220,20121121,1.00,1.00,0,0,0.00,0.00,0.00,1.00,0.00
55943815270366220,20121126,1.00,1.00,0,0,0.00,0.00,0.00,1.00,0.00
55943815270366220,20121127,1.00,1.00,0,0,0.00,0.00,0.00,1.00,0.00
55943815270366220,20121128,1.00,1.00,0,0,0.00,0.00,0.00,1.00,0.00
55943815270366220,20121201,1.00,1.00,0,0,0.00,0.00,0.00,1.00,0.00
55943815270366220,20121202,1.00,1.00,0,0,0.00,0.00,0.00,1.00,0.00
55943815270366220,20121203,1.00,1.00,0,0,0.00,0.00,0.00,1.00,0.00
55943815270366220,20121204,1.00,1.00,0,0,0.00,0.00,0.00,1.00,0.00
55943815270366220,20121205,1.00,1.00,0,0,0.00,0.00,0.00,1.00,0.00
55943815270366220,20121208,1.00,1.00,0,0,0.00,0.00,0.00,1.00,0.00
55943815270366220,20121209,1.00,1.00,0,0,0.00,0.00,0.00,1.00,0.00
55943815270366220,20121210,1.00,1.00,0,0,0.00,0.00,0.00,1.00,0.00
55943815270366220,20121211,1.00,1.00,0,0,0.00,0.00,0.00,1.00,0.00
55943815270366220,20121212,1.00,1.00,0,0,0.00,0.00,0.00,1.00,0.00
55943815270366220,20121215,1.00,1.00,0,0,0.00,0.00,0.00,1.00,0.00
55943815270366220,20121216,1.00,1.00,0,0,0.00,0.00,0.00,1.00,0.00
55943815270366220,20121217,1.00,1.00,0,0,0.00,0.00,0.00,1.00,0.00
55943815270366220,20121218,1.00,1.00,0,0,0.00,0.00,0.00,1.00,0.00
55943815270366220,20121219,1.00,1.00,0,0,0.00,0.00,0.00,1.00,0.00
55943815270366220,20121222,1.00,1.00,0,0,0.00,0.00,0.00,1.00,0.00
55943815270366220,20121223,1.00,1.00,0,0,0.00,0.00,0.00,1.00,0.00
55943815270366220,20121224,1.00,1.00,0,0,0.00,0.00,0.00,1.00,0.00
55943815270366220,20121225,1.00,1.00,0,0,0.00,0.00,0.00,1.00,0.00
55943815270366220,20121226,1.00,1.00,0,0,0.00,0.00,0.00,1.00,0.00
55943815270366220,20121229,1.00,1.00,0,0,0.00,0.00,0.00,1.00,0.00
55943815270366220,20121230,1.00,1.00,0,0,0.00,0.00,0.00,1.00,0.00
55943815270366220,20121231,1.00,1.00,0,0,0.00,0.00,0.00,1.00,0.00
55943815270366220,20130101,1.00,1.00,0,0,0.00,0.00,0.00,1.00,0.00
55943815270366220,20130102,1.00,1.00,0,0,0.00,0.00,0.00,1.00,0.00
55943815270366220,20130106,1.00,1.00,0,0,0.00,0.00,0.00,1.00,0.00
55943815270366220,20130107,1.00,1.00,0,0,0.00,0.00,0.00,1.00,0.00
55943815270366220,20130108,1.00,1.00,0,0,0.00,0.00,0.00,1.00,0.00
55943815270366220,20130109,1.00,1.00,0,0,0.00,0.00,0.00,1.00,0.00
55943815270366220,20130113,1.00,1.00,0,0,0.00,0.00,0.00,1.00,0.00
55943815270366220,20130114,1.00,1.00,0,0,0.00,0.00,0.00,1.00,0.00
55943815270366220,20130115,1.00,1.00,0,0,0.00,0.00,0.00,1.00,0.00
55943815270366220,20130116,1.00,1.00,0,0,0.00,0.00,0.00,1.00,0.00
55943815270366220,20130119,1.00,1.00,0,0,0.00,0.00,0.00,1.00,0.00
55943815270366220,20130120,1.00,1.00,0,0,0.00,0.00,0.00,1.00,0.00
55943815270366220,20130121,1.00,1.00,0,0,0.00,0.00,0.00,1.00,0.00
55943815270366220,20130122,1.00,1.00,0,0,0.00,0.00,0.00,1.00,0.00
55943815270366220,20130123,1.00,1.00,0,0,0.00,0.00,0.00,1.00,0.00
55943815270366220,20130126,1.00,1.00,0,0,0.00,0.00,0.00,1.00,0.00
55943815270366220,20130127,1.00,1.00,0,0,0.00,0.00,0.00,1.00,0.00
55943815270366220,20130128,1.00,1.00,0,0,0.00,0.00,0.00,1.00,0.00
55943815270366220,20130130,1.00,1.00,0,0,0.00,0.00,0.00,1.00,0.00
55943815270366220,20130202,1.00,1.00,0,0,0.00,0.00,0.00,1.00,0.00
55943815270366220,20130203,1.00,1.00,0,0,0.00,0.00,0.00,1.00,0.00
55943815270366220,20130204,1.00,1.00,0,0,0.00,0.00,0.00,1.00,0.00
55943815270366220,20130205,1.00,1.00,0,0,0.00,0.00,0.00,1.00,0.00
55943815270366220,20130206,1.00,1.00,0,0,0.00,0.00,0.00,1.00,0.00
55943815270366220,20130209,1.00,1.00,0,0,0.00,0.00,0.00,1.00,0.00
55943815270366220,20130211,1.00,1.00,0,0,0.00,0.00,0.00,1.00,0.00
55943815270366220,20130212,1.00,1.00,0,0,0.00,0.00,0.00,1.00,0.00
55943815270366220,20130213,1.00,1.00,0,0,0.00,0.00,0.00,1.00,0.00
55943815270366220,20130216,1.00,1.00,0,0,0.00,0.00,0.00,1.00,0.00
55943815270366220,20130217,1.00,1.00,0,0,0.00,0.00,0.00,1.00,0.00
55943815270366220,20130218,1.00,1.00,0,0,0.00,0.00,0.00,1.00,0.00
55943815270366220,20130219,1.00,1.00,0,0,0.00,0.00,0.00,1.00,0.00
55943815270366220,20130220,1.00,1.00,0,0,0.00,0.00,0.00,1.00,0.00
55943815270366220,20130223,1.00,1.00,0,0,0.00,0.00,0.00,1.00,0.00
55943815270366220,20130224,1.00,1.00,0,0,0.00,0.00,0.00,1.00,0.00
55943815270366220,20130225,1.00,1.00,0,0,0.00,0.00,0.00,1.00,0.00
55943815270366220,20130226,1.00,1.00,0,0,0.00,0.00,0.00,1.00,0.00
55943815270366220,20130227,1.00,1.00,0,0,0.00,0.00,0.00,1.00,0.00
55943815270366220,20130302,1.00,1.00,0,0,0.00,0.00,0.00,1.00,0.00
55943815270366220,20130303,1.00,1.00,0,0,0.00,0.00,0.00,1.00,0.00
55943815270366220,20130304,1.00,1.00,0,0,0.00,0.00,0.00,1.00,0.00
55943815270366220,20130305,1.00,1.00,0,0,0.00,0.00,0.00,1.00,0.00
55943815270366220,20130306,1.00,1.00,0,0,0.00,0.00,0.00,1.00,0.00
55943815270366220,20130309,1.00,1.00,0,0,0.00,0.00,0.00,1.00,0.00
55943815270366220,20130310,1.00,1.00,0,0,0.00,0.00,0.00,1.00,0.00
55943815270366220,20130311,1.00,1.00,0,0,0.00,0.00,0.00,1.00,0.00
55943815270366220,20130312,1.00,1.00,0,0,0.00,0.00,0.00,1.00,0.00
55943815270366220,20130313,1.00,1.00,0,0,0.00,0.00,0.00,1.00,0.00
55943815270366220,20130316,1.00,1.00,0,0,0.00,0.00,0.00,1.00,0.00
55943815270366220,20130317,1.00,1.00,0,0,0.00,0.00,0.00,1.00,0.00
55943815270366220,20130318,1.00,1.00,0,0,0.00,0.00,0.00,1.00,0.00
55943815270366220,20130325,1.00,1.00,0,0,0.00,0.00,0.00,1.00,0.00
55943815270366220,20130326,1.00,1.00,0,0,0.00,0.00,0.00,1.00,0.00
55943815270366220,20130327,1.00,1.00,0,0,0.00,0.00,0.00,1.00,0.00
55943815270366220,20130330,1.00,1.00,0,0,0.00,0.00,0.00,1.00,0.00
55943815270366220,20130331,1.00,1.00,0,0,0.00,0.00,0.00,1.00,0.00
55943815270366220,20130403,1.00,1.00,0,0,0.00,0.00,0.00,1.00,0.00
55943815270366220,20130406,1.00,1.00,0,0,0.00,0.00,0.00,1.00,0.00
55943815270366220,20130407,1.00,1.00,0,0,0.00,0.00,0.00,1.00,0.00
55943815270366220,20130408,1.00,1.00,0,0,0.00,0.00,0.00,1.00,0.00
55943815270366220,20130409,1.00,1.00,0,0,0.00,0.00,0.00,1.00,0.00
55943815270366220,20130410,1.00,1.00,0,0,0.00,0.00,0.00,1.00,0.00
55943815270366220,20130413,1.00,1.00,0,0,0.00,0.00,0.00,1.00,0.00
55943815270366220,20130415,1.00,1.00,0,0,0.00,0.00,0.00,1.00,0.00
55943815270366220,20130416,1.00,1.00,0,0,0.00,0.00,0.00,1.00,0.00
55943815270366220,20130417,1.00,1.00,0,0,0.00,0.00,0.00,1.00,0.00
55943815270366220,20130420,1.00,1.00,0,0,0.00,0.00,0.00,1.00,0.00
55943815270366220,20130421,1.00,1.00,0,0,0.00,0.00,0.00,1.00,0.00
55943815270366220,20130422,1.00,1.00,0,0,0.00,0.00,0.00,1.00,0.00
55943815270366220,20130423,1.00,1.00,0,0,0.00,0.00,0.00,1.00,0.00
55943815270366220,20130424,1.00,1.00,0,0,0.00,0.00,0.00,1.00,0.00
55943815270366220,20130427,1.00,1.00,0,0,0.00,0.00,0.00,1.00,0.00
55943815270366220,20130428,1.00,1.00,0,0,0.00,0.00,0.00,1.00,0.00
55943815270366220,20130429,1.00,1.00,0,0,0.00,0.00,0.00,1.00,0.00
55943815270366220,20130430,1.00,1.00,0,0,0.00,0.00,0.00,1.00,0.00
55943815270366220,20130501,1.00,1.00,0,0,0.00,0.00,0.00,1.00,0.00
55943815270366220,20130504,1.00,1.00,0,0,0.00,0.00,0.00,1.00,0.00
55943815270366220,20130505,1.00,1.00,0,0,0.00,0.00,0.00,1.00,0.00
55943815270366220,20130506,1.00,1.00,0,0,0.00,0.00,0.00,1.00,0.00
55943815270366220,20130507,1.00,1.00,0,0,0.00,0.00,0.00,1.00,0.00
55943815270366220,20130508,1.00,1.00,0,0,0.00,0.00,0.00,1.00,0.00
55943815270366220,20130511,1.00,1.00,0,0,0.00,0.00,0.00,1.00,0.00
55943815270366220,20130512,1.00,1.00,0,0,0.00,0.00,0.00,1.00,0.00
55943815270366220,20130513,1.00,1.00,0,0,0.00,0.00,0.00,1.00,0.00
55943815270366220,20130514,1.00,1.00,0,0,0.00,0.00,0.00,1.00,0.00
55943815270366220,20130515,1.00,1.00,0,0,0.00,0.00,0.00,1.00,0.00
55943815270366220,20130518,1.00,1.00,0,0,0.00,0.00,0.00,1.00,0.00
55943815270366220,20130519,1.00,1.00,0,0,0.00,0.00,0.00,1.00,0.00
55943815270366220,20130520,1.00,1.00,0,0,0.00,0.00,0.00,1.00,0.00
55943815270366220,20130521,1.00,1.00,0,0,0.00,0.00,0.00,1.00,0.00
55943815270366220,20130522,1.00,1.00,0,0,0.00,0.00,0.00,1.00,0.00
55943815270366220,20130525,1.00,1.00,0,0,0.00,0.00,0.00,1.00,0.00
55943815270366220,20130526,1.00,1.00,0,0,0.00,0.00,0.00,1.00,0.00
55943815270366220,20130527,1.00,1.00,0,0,0.00,0.00,0.00,1.00,0.00
55943815270366220,20130528,1.00,1.00,0,0,0.00,0.00,0.00,1.00,0.00
55943815270366220,20130529,1.00,1.00,0,0,0.00,0.00,0.00,1.00,0.00
55943815270366220,20130601,1.00,1.00,0,0,0.00,0.00,0.00,1.00,0.00
55943815270366220,20130602,1.00,1.00,0,0,0.00,0.00,0.00,1.00,0.00
55943815270366220,20130603,1.00,1.00,0,0,0.00,0.00,0.00,1.00,0.00
55943815270366220,20130608,1.00,1.00,0,0,0.00,0.00,0.00,1.00,0.00
55943815270366220,20130609,1.00,1.00,0,0,0.00,0.00,0.00,1.00,0.00
55943815270366220,20130610,1.00,1.00,0,0,0.00,0.00,0.00,1.00,0.00
55943815270366220,20130611,1.00,1.00,0,0,0.00,0.00,0.00,1.00,0.00
55943815270366220,20130612,1.00,1.00,0,0,0.00,0.00,0.00,1.00,0.00
55943815270366220,20130615,1.00,1.00,0,0,0.00,0.00,0.00,1.00,0.00
55943815270366220,20130616,1.00,1.00,0,0,0.00,0.00,0.00,1.00,0.00
55943815270366220,20130617,1.00,1.00,0,0,0.00,0.00,0.00,1.00,0.00
55943815270366220,20130618,1.00,1.00,0,0,0.00,0.00,0.00,1.00,0.00
55943815270366220,20130619,1.00,1.00,0,0,0.00,0.00,0.00,1.00,0.00
55943815270366220,20130622,1.00,1.00,0,0,0.00,0.00,0.00,1.00,0.00
55943815270366220,20130623,1.00,1.00,0,0,0.00,0.00,0.00,1.00,0.00
55943815270366220,20130625,1.00,1.00,0,0,0.00,0.00,0.00,1.00,0.00
55943815270366220,20130626,1.00,1.00,0,0,0.00,0.00,0.00,1.00,0.00
55943815270366220,20130629,1.00,1.00,0,0,0.00,0.00,0.00,1.00,0.00
55943815270366220,20130630,1.00,1.00,0,0,0.00,0.00,0.00,1.00,0.00
55943815270366220,20130701,1.00,1.00,0,0,0.00,0.00,0.00,1.00,0.00
55943815270366220,20130702,1.00,1.00,0,0,0.00,0.00,0.00,1.00,0.00
55943815270366220,20130703,1.00,1.00,0,0,0.00,0.00,0.00,1.00,0.00
55943815270366220,20130706,1.00,1.00,0,0,0.00,0.00,0.00,1.00,0.00
55943815270366220,20130707,1.00,1.00,0,0,0.00,0.00,0.00,1.00,0.00
55943815270366220,20130708,1.00,1.00,0,0,0.00,0.00,0.00,1.00,0.00
55943815270366220,20130709,1.00,1.00,0,0,0.00,0.00,0.00,1.00,0.00
55943815270366220,20130710,1.00,1.00,0,0,0.00,0.00,0.00,1.00,0.00
55943815270366220,20130713,1.00,1.00,0,0,0.00,0.00,0.00,1.00,0.00
55943815270366220,20130714,1.00,1.00,0,0,0.00,0.00,0.00,1.00,0.00
55943815270366220,20130715,1.00,1.00,0,0,0.00,0.00,0.00,1.00,0.00
55943815270366220,20130716,1.00,1.00,0,0,0.00,0.00,0.00,1.00,0.00
55943815270366220,20130717,1.00,1.00,0,0,0.00,0.00,0.00,1.00,0.00
55943815270366220,20130720,1.00,1.00,0,0,0.00,0.00,0.00,1.00,0.00
55943815270366220,20130721,1.00,1.00,0,0,0.00,0.00,0.00,1.00,0.00
55943815270366220,20130722,1.00,1.00,0,0,0.00,0.00,0.00,1.00,0.00
55943815270366220,20130723,1.00,1.00,0,0,0.00,0.00,0.00,1.00,0.00
55943815270366220,20130724,1.00,1.00,0,0,0.00,0.00,0.00,1.00,0.00
55943815270366220,20130727,1.00,1.00,0,0,0.00,0.00,0.00,1.00,0.00
55943815270366220,20130728,1.00,1.00,0,0,0.00,0.00,0.00,1.00,0.00
55943815270366220,20130729,1.00,1.00,0,0,0.00,0.00,0.00,1.00,0.00
55943815270366220,20130731,1.00,1.00,0,0,0.00,0.00,0.00,1.00,0.00
55943815270366220,20130803,1.00,1.00,0,0,0.00,0.00,0.00,1.00,0.00
55943815270366220,20130804,1.00,1.00,0,0,0.00,0.00,0.00,1.00,0.00
55943815270366220,20130805,1.00,1.00,0,0,0.00,0.00,0.00,1.00,0.00
55943815270366220,20130806,1.00,1.00,0,0,0.00,0.00,0.00,1.00,0.00
55943815270366220,20130807,1.00,1.00,0,0,0.00,0.00,0.00,1.00,0.00
55943815270366220,20130811,1.00,1.00,0,0,0.00,0.00,0.00,1.00,0.00
55943815270366220,20130812,1.00,1.00,0,0,0.00,0.00,0.00,1.00,0.00
55943815270366220,20130813,1.00,1.00,0,0,0.00,0.00,0.00,1.00,0.00
55943815270366220,20130814,1.00,1.00,0,0,0.00,0.00,0.00,1.00,0.00
55943815270366220,20130817,1.00,1.00,0,0,0.00,0.00,0.00,1.00,0.00
55943815270366220,20130818,1.00,1.00,0,0,0.00,0.00,0.00,1.00,0.00
55943815270366220,20130819,1.00,1.00,0,0,0.00,0.00,0.00,1.00,0.00
55943815270366220,20130820,1.00,1.00,0,0,0.00,0.00,0.00,1.00,0.00
55943815270366220,20130821,1.00,1.00,0,0,0.00,0.00,0.00,1.00,0.00
55943815270366220,20130824,1.00,1.00,0,0,0.00,0.00,0.00,1.00,0.00
55943815270366220,20130825,1.00,1.00,0,0,0.00,0.00,0.00,1.00,0.00
55943815270366220,20130826,1.00,1.00,0,0,0.00,0.00,0.00,1.00,0.00
55943815270366220,20130827,1.00,1.00,0,0,0.00,0.00,0.00,1.00,0.00
55943815270366220,20130828,1.00,1.00,0,0,0.00,0.00,0.00,1.00,0.00
55943815270366220,20130831,1.00,1.00,0,0,0.00,0.00,0.00,1.00,0.00
55943815270366220,20130901,1.00,1.00,0,0,0.00,0.00,0.00,1.00,0.00
55943815270366220,20130903,1.00,1.00,0,0,0.00,0.00,0.00,1.00,0.00
55943815270366220,20130904,1.00,1.00,0,0,0.00,0.00,0.00,1.00,0.00
55943815270366220,20130907,1.00,1.00,0,0,0.00,0.00,0.00,1.00,0.00
55943815270366220,20130908,1.00,1.00,0,0,0.00,0.00,0.00,1.00,0.00
55943815270366220,20130909,1.00,1.00,0,0,0.00,0.00,0.00,1.00,0.00
55943815270366220,20130910,1.00,1.00,0,0,0.00,0.00,0.00,1.00,0.00
55943815270366220,20130911,1.00,1.00,0,0,0.00,0.00,0.00,1.00,0.00
55943815270366220,20130914,1.00,1.00,0,0,0.00,0.00,0.00,1.00,0.00
55943815270366220,20130915,1.00,1.00,0,0,0.00,0.00,0.00,1.00,0.00
55943815270366220,20130916,1.00,1.00,0,0,0.00,0.00,0.00,1.00,0.00
55943815270366220,20130917,1.00,1.00,0,0,0.00,0.00,0.00,1.00,0.00
55943815270366220,20130918,1.00,1.00,0,0,0.00,0.00,0.00,1.00,0.00
55943815270366220,20130921,1.00,1.00,0,0,0.00,0.00,0.00,1.00,0.00
55943815270366220,20130922,1.00,1.00,0,0,0.00,0.00,0.00,1.00,0.00
55943815270366220,20130923,1.00,1.00,0,0,0.00,0.00,0.00,1.00,0.00
55943815270366220,20130924,1.00,1.00,0,0,0.00,0.00,0.00,1.00,0.00
55943815270366220,20130925,1.00,1.00,0,0,0.00,0.00,0.00,1.00,0.00
55943815270366220,20130928,1.00,1.00,0,0,0.00,0.00,0.00,1.00,0.00
55943815270366220,20130929,1.00,1.00,0,0,0.00,0.00,0.00,1.00,0.00
55943815270366220,20130930,1.00,1.00,0,0,0.00,0.00,0.00,1.00,0.00
55943815270366220,20131001,1.00,1.00,0,0,0.00,0.00,0.00,1.00,0.00
55943815270366220,20131002,1.00,1.00,0,0,0.00,0.00,0.00,1.00,0.00
55943815270366220,20131005,1.00,1.00,0,0,0.00,0.00,0.00,1.00,0.00
55943815270366220,20131006,1.00,1.00,0,0,0.00,0.00,0.00,1.00,0.00
55943815270366220,20131007,1.00,1.00,0,0,0.00,0.00,0.00,1.00,0.00
55943815270366220,20131008,1.00,1.00,0,0,0.00,0.00,0.00,1.00,0.00
55943815270366220,20131009,1.00,1.00,0,0,0.00,0.00,0.00,1.00,0.00
55943815270366220,20131012,1.00,1.00,0,0,0.00,0.00,0.00,1.00,0.00
55943815270366220,20131013,1.00,1.00,0,0,0.00,0.00,0.00,1.00,0.00
55943815270366220,20131014,1.00,1.00,0,0,0.00,0.00,0.00,1.00,0.00
55943815270366220,20131015,1.00,1.00,0,0,0.00,0.00,0.00,1.00,0.00
55943815270366220,20131019,1.00,1.00,0,0,0.00,0.00,0.00,1.00,0.00
55943815270366220,20131020,1.00,1.00,0,0,0.00,0.00,0.00,1.00,0.00
55943815270366220,20131021,1.00,1.00,0,0,0.00,0.00,0.00,1.00,0.00
55943815270366220,20131022,1.00,1.00,0,0,0.00,0.00,0.00,1.00,0.00
55943815270366220,20131023,1.00,1.00,0,0,0.00,0.00,0.00,1.00,0.00
55943815270366220,20131026,1.00,1.00,0,0,0.00,0.00,0.00,1.00,0.00
55943815270366220,20131027,1.00,1.00,0,0,0.00,0.00,0.00,1.00,0.00
55943815270366220,20131028,1.00,1.00,0,0,0.00,0.00,0.00,1.00,0.00
55943815270366220,20131029,1.00,1.00,0,0,0.00,0.00,0.00,1.00,0.00
55943815270366220,20131030,1.00,1.00,0,0,0.00,0.00,0.00,1.00,0.00
55943815270366220,20131102,1.00,1.00,0,0,0.00,0.00,0.00,1.00,0.00
55943815270366220,20131103,1.00,1.00,0,0,0.00,0.00,0.00,1.00,0.00
55943815270366220,20131104,1.00,1.00,0,0,0.00,0.00,0.00,1.00,0.00
55943815270366220,20131105,1.00,1.00,0,0,0.00,0.00,0.00,1.00,0.00
55943815270366220,20131106,1.00,1.00,0,0,0.00,0.00,0.00,1.00,0.00
55943815270366220,20131109,1.00,1.00,0,0,0.00,0.00,0.00,1.00,0.00
55943815270366220,20131110,1.00,1.00,0,0,0.00,0.00,0.00,1.00,0.00
55943815270366220,20131111,1.00,1.00,0,0,0.00,0.00,0.00,1.00,0.00
55943815270366220,20131112,1.00,1.00,0,0,0.00,0.00,0.00,1.00,0.00
55943815270366220,20131116,1.00,1.00,0,0,0.00,0.00,0.00,1.00,0.00
55943815270366220,20131117,1.00,1.00,0,0,0.00,0.00,0.00,1.00,0.00
55943815270366220,20131118,1.00,1.00,0,0,0.00,0.00,0.00,1.00,0.00
55943815270366220,20131119,1.00,1.00,0,0,0.00,0.00,0.00,1.00,0.00
55943815270366220,20131120,1.00,1.00,0,0,0.00,0.00,0.00,1.00,0.00
55943815270366220,20131123,1.00,1.00,0,0,0.00,0.00,0.00,1.00,0.00
55943815270366220,20131124,1.00,1.00,0,0,0.00,0.00,0.00,1.00,0.00
55943815270366220,20131125,1.00,1.00,0,0,0.00,0.00,0.00,1.00,0.00
55943815270366220,20131126,1.00,1.00,0,0,0.00,0.00,0.00,1.00,0.00
55943815270366220,20131127,1.00,1.00,0,0,0.00,0.00,0.00,1.00,0.00
55943815270366220,20131130,1.00,1.00,0,0,0.00,0.00,0.00,1.00,0.00
55943815270366220,20131201,1.00,1.00,0,0,0.00,0.00,0.00,1.00,0.00
55943815270366220,20131202,1.00,1.00,0,0,0.00,0.00,0.00,1.00,0.00
55943815270366220,20131203,1.00,1.00,0,0,0.00,0.00,0.00,1.00,0.00
55943815270366220,20131204,1.00,1.00,0,0,0.00,0.00,0.00,1.00,0.00
55943815270366220,20131207,1.00,1.00,0,0,0.00,0.00,0.00,1.00,0.00
55943815270366220,20131208,1.00,1.00,0,0,0.00,0.00,0.00,1.00,0.00
55943815270366220,20131209,1.00,1.00,0,0,0.00,0.00,0.00,1.00,0.00
55943815270366220,20131210,1.00,1.00,0,0,0.00,0.00,0.00,1.00,0.00
55943815270366220,20131211,1.00,1.00,0,0,0.00,0.00,0.00,1.00,0.00
55943815270366220,20131214,1.00,1.00,0,0,0.00,0.00,0.00,1.00,0.00
55943815270366220,20131215,1.00,1.00,0,0,0.00,0.00,0.00,1.00,0.00
55943815270366220,20131216,1.00,1.00,0,0,0.00,0.00,0.00,1.00,0.00
55943815270366220,20131217,1.00,1.00,0,0,0.00,0.00,0.00,1.00,0.00
55943815270366220,20131218,1.00,1.00,0,0,0.00,0.00,0.00,1.00,0.00
55943815270366220,20131221,1.00,1.00,0,0,0.00,0.00,0.00,1.00,0.00
55943815270366220,20131222,1.00,1.00,0,0,0.00,0.00,0.00,1.00,0.00
55943815270366220,20131224,1.00,1.00,0,0,0.00,0.00,0.00,1.00,0.00
55943815270366220,20131225,1.00,1.00,0,0,0.00,0.00,0.00,1.00,0.00
55943815270366220,20131228,1.00,1.00,0,0,0.00,0.00,0.00,1.00,0.00
55943815270366220,20131229,1.00,1.00,0,0,0.00,0.00,0.00,1.00,0.00
55943815270366220,20131230,1.00,1.00,0,0,0.00,0.00,0.00,1.00,0.00
55943815270366220,20140101,1.00,1.00,0,0,0.00,0.00,0.00,1.00,0.00
55943815270366220,20140104,1.00,1.00,0,0,0.00,0.00,0.00,1.00,0.00
55943815270366220,20140105,1.00,1.00,0,0,0.00,0.00,0.00,1.00,0.00
55943815270366220,20140106,1.00,1.00,0,0,0.00,0.00,0.00,1.00,0.00
55943815270366220,20140107,1.00,1.00,0,0,0.00,0.00,0.00,1.00,0.00
55943815270366220,20140108,1.00,1.00,0,0,0.00,0.00,0.00,1.00,0.00
55943815270366220,20140111,1.00,1.00,0,0,0.00,0.00,0.00,1.00,0.00
55943815270366220,20140112,1.00,1.00,0,0,0.00,0.00,0.00,1.00,0.00
55943815270366220,20140113,1.00,1.00,0,0,0.00,0.00,0.00,1.00,0.00
55943815270366220,20140114,1.00,1.00,0,0,0.00,0.00,0.00,1.00,0.00
55943815270366220,20140115,1.00,1.00,0,0,0.00,0.00,0.00,1.00,0.00
55943815270366220,20140118,1.00,1.00,0,0,0.00,0.00,0.00,1.00,0.00
55943815270366220,20140120,1.00,1.00,0,0,0.00,0.00,0.00,1.00,0.00
55943815270366220,20140121,1.00,1.00,0,0,0.00,0.00,0.00,1.00,0.00
55943815270366220,20140122,1.00,1.00,0,0,0.00,0.00,0.00,1.00,0.00
55943815270366220,20140125,1.00,1.00,0,0,0.00,0.00,0.00,1.00,0.00
55943815270366220,20140126,1.00,1.00,0,0,0.00,0.00,0.00,1.00,0.00
55943815270366220,20140127,1.00,1.00,0,0,0.00,0.00,0.00,1.00,0.00
55943815270366220,20140128,1.00,1.00,0,0,0.00,0.00,0.00,1.00,0.00
55943815270366220,20140129,1.00,1.00,0,0,0.00,0.00,0.00,1.00,0.00
55943815270366220,20140201,1.00,1.00,0,0,0.00,0.00,0.00,1.00,0.00
55943815270366220,20140202,1.00,1.00,0,0,0.00,0.00,0.00,1.00,0.00
55943815270366220,20140203,1.00,1.00,0,0,0.00,0.00,0.00,1.00,0.00
55943815270366220,20140204,1.00,1.00,0,0,0.00,0.00,0.00,1.00,0.00
55943815270366220,20140205,1.00,1.00,0,0,0.00,0.00,0.00,1.00,0.00
55943815270366220,20140208,1.00,1.00,0,0,0.00,0.00,0.00,1.00,0.00
55943815270366220,20140209,1.00,1.00,0,0,0.00,0.00,0.00,1.00,0.00
55943815270366220,20140210,1.00,1.00,0,0,0.00,0.00,0.00,1.00,0.00
55943815270366220,20140212,1.00,1.00,0,0,0.00,0.00,0.00,1.00,0.00
55943815270366220,20140215,1.00,1.00,0,0,0.00,0.00,0.00,1.00,0.00
55943815270366220,20140216,1.00,1.00,0,0,0.00,0.00,0.00,1.00,0.00
55943815270366220,20140217,1.00,1.00,0,0,0.00,0.00,0.00,1.00,0.00
55943815270366220,20140218,1.00,1.00,0,0,0.00,0.00,0.00,1.00,0.00
55943815270366220,20140219,1.00,1.00,0,0,0.00,0.00,0.00,1.00,0.00
55943815270366220,20140222,1.00,1.00,0,0,0.00,0.00,0.00,1.00,0.00
55943815270366220,20140223,1.00,1.00,0,0,0.00,0.00,0.00,1.00,0.00
55943815270366220,20140224,1.00,1.00,0,0,0.00,0.00,0.00,1.00,0.00
55943815270366220,20140225,1.00,1.00,0,0,0.00,0.00,0.00,1.00,0.00
55943815270366220,20140226,1.00,1.00,0,0,0.00,0.00,0.00,1.00,0.00
55943815270366220,20140301,1.00,1.00,0,0,0.00,0.00,0.00,1.00,0.00
55943815270366220,20140302,1.00,1.00,0,0,0.00,0.00,0.00,1.00,0.00
55943815270366220,20140303,1.00,1.00,0,0,0.00,0.00,0.00,1.00,0.00
55943815270366220,20140304,1.00,1.00,0,0,0.00,0.00,0.00,1.00,0.00
55943815270366220,20140305,1.00,1.00,0,0,0.00,0.00,0.00,1.00,0.00
55943815270366220,20140308,1.00,1.00,0,0,0.00,0.00,0.00,1.00,0.00
55943815270366220,20140309,1.00,1.00,0,0,0.00,0.00,0.00,1.00,0.00
55943815270366220,20140310,1.00,1.00,0,0,0.00,0.00,0.00,1.00,0.00
55943815270366220,20140311,1.00,1.00,0,0,0.00,0.00,0.00,1.00,0.00
55943815270366220,20140312,1.00,1.00,0,0,0.00,0.00,0.00,1.00,0.00
55943815270366220,20140315,1.00,1.00,0,0,0.00,0.00,0.00,1.00,0.00
55943815270366220,20140316,1.00,1.00,0,0,0.00,0.00,0.00,1.00,0.00
55943815270366220,20140317,1.00,1.00,0,0,0.00,0.00,0.00,1.00,0.00
55943815270366220,20140318,1.00,1.00,0,0,0.00,0.00,0.00,1.00,0.00
55943815270366220,20140319,1.00,1.00,0,0,0.00,0.00,0.00,1.00,0.00
55943815270366220,20140325,1.00,1.00,0,0,0.00,0.00,0.00,1.00,0.00
55943815270366220,20140326,1.00,1.00,0,0,0.00,0.00,0.00,1.00,0.00
55943815270366220,20140329,1.00,1.00,0,0,0.00,0.00,0.00,1.00,0.00
55943815270366220,20140330,1.00,1.00,0,0,0.00,0.00,0.00,1.00,0.00
55943815270366220,20140331,1.00,1.00,0,0,0.00,0.00,0.00,1.00,0.00
55943815270366220,20140405,1.00,1.00,0,0,0.00,0.00,0.00,1.00,0.00
55943815270366220,20140406,1.00,1.00,0,0,0.00,0.00,0.00,1.00,0.00
55943815270366220,20140407,1.00,1.00,0,0,0.00,0.00,0.00,1.00,0.00
55943815270366220,20140408,1.00,1.00,0,0,0.00,0.00,0.00,1.00,0.00
55943815270366220,20140409,1.00,1.00,0,0,0.00,0.00,0.00,1.00,0.00
55943815270366220,20140412,1.00,1.00,0,0,0.00,0.00,0.00,1.00,0.00
55943815270366220,20140413,1.00,1.00,0,0,0.00,0.00,0.00,1.00,0.00
55943815270366220,20140414,1.00,1.00,0,0,0.00,0.00,0.00,1.00,0.00
55943815270366220,20140415,1.00,1.00,0,0,0.00,0.00,0.00,1.00,0.00
55943815270366220,20140416,1.00,1.00,0,0,0.00,0.00,0.00,1.00,0.00
55943815270366220,20140419,1.00,1.00,0,0,0.00,0.00,0.00,1.00,0.00
55943815270366220,20140420,1.00,1.00,0,0,0.00,0.00,0.00,1.00,0.00
55943815270366220,20140421,1.00,1.00,0,0,0.00,0.00,0.00,1.00,0.00
55943815270366220,20140422,1.00,1.00,0,0,0.00,0.00,0.00,1.00,0.00
55943815270366220,20140423,1.00,1.00,0,0,0.00,0.00,0.00,1.00,0.00
55943815270366220,20140426,1.00,1.00,0,0,0.00,0.00,0.00,1.00,0.00
55943815270366220,20140427,1.00,1.00,0,0,0.00,0.00,0.00,1.00,0.00
55943815270366220,20140428,1.00,1.00,0,0,0.00,0.00,0.00,1.00,0.00
55943815270366220,20140429,1.00,1.00,0,0,0.00,0.00,0.00,1.00,0.00
55943815270366220,20140430,1.00,1.00,0,0,0.00,0.00,0.00,1.00,0.00
55943815270366220,20140503,1.00,1.00,0,0,0.00,0.00,0.00,1.00,0.00
55943815270366220,20140504,1.00,1.00,0,0,0.00,0.00,0.00,1.00,0.00
55943815270366220,20140505,1.00,1.00,0,0,0.00,0.00,0.00,1.00,0.00
55943815270366220,20140506,1.00,1.00,0,0,0.00,0.00,0.00,1.00,0.00
55943815270366220,20140507,1.00,1.00,0,0,0.00,0.00,0.00,1.00,0.00
55943815270366220,20140510,1.00,1.00,0,0,0.00,0.00,0.00,1.00,0.00
55943815270366220,20140511,1.00,1.00,0,0,0.00,0.00,0.00,1.00,0.00
55943815270366220,20140512,1.00,1.00,0,0,0.00,0.00,0.00,1.00,0.00
55943815270366220,20140514,1.00,1.00,0,0,0.00,0.00,0.00,1.00,0.00
55943815270366220,20140517,1.00,1.00,0,0,0.00,0.00,0.00,1.00,0.00
55943815270366220,20140518,1.00,1.00,0,0,0.00,0.00,0.00,1.00,0.00
55943815270366220,20140519,1.00,1.00,0,0,0.00,0.00,0.00,1.00,0.00
55943815270366220,20140520,1.00,1.00,0,0,0.00,0.00,0.00,1.00,0.00
55943815270366220,20140521,1.00,1.00,0,0,0.00,0.00,0.00,1.00,0.00
55943815270366220,20140524,1.00,1.00,0,0,0.00,0.00,0.00,1.00,0.00
55943815270366220,20140525,1.00,1.00,0,0,0.00,0.00,0.00,1.00,0.00
55943815270366220,20140526,1.00,1.00,0,0,0.00,0.00,0.00,1.00,0.00
55943815270366220,20140528,1.00,1.00,0,0,0.00,0.00,0.00,1.00,0.00
55943815270366220,20140531,1.00,1.00,0,0,0.00,0.00,0.00,1.00,0.00
55943815270366220,20140601,1.00,1.00,0,0,0.00,0.00,0.00,1.00,0.00
55943815270366220,20140602,1.00,1.00,0,0,0.00,0.00,0.00,1.00,0.00
55943815270366220,20140603,1.00,1.00,0,0,0.00,0.00,0.00,1.00,0.00
55943815270366220,20140607,1.00,1.00,0,0,0.00,0.00,0.00,1.00,0.00
55943815270366220,20140608,1.00,1.00,0,0,0.00,0.00,0.00,1.00,0.00
55943815270366220,20140609,1.00,1.00,0,0,0.00,0.00,0.00,1.00,0.00
55943815270366220,20140610,1.00,1.00,0,0,0.00,0.00,0.00,1.00,0.00
55943815270366220,20140611,1.00,1.00,0,0,0.00,0.00,0.00,1.00,0.00
55943815270366220,20140614,1.00,1.00,0,0,0.00,0.00,0.00,1.00,0.00
55943815270366220,20140615,1.00,1.00,0,0,0.00,0.00,0.00,1.00,0.00
55943815270366220,20140616,1.00,1.00,0,0,0.00,0.00,0.00,1.00,0.00
55943815270366220,20140617,1.00,1.00,0,0,0.00,0.00,0.00,1.00,0.00
55943815270366220,20140618,1.00,1.00,0,0,0.00,0.00,0.00,1.00,0.00
55943815270366220,20140621,1.00,1.00,0,0,0.00,0.00,0.00,1.00,0.00
55943815270366220,20140622,1.00,1.00,0,0,0.00,0.00,0.00,1.00,0.00
55943815270366220,20140623,1.00,1.00,0,0,0.00,0.00,0.00,1.00,0.00
55943815270366220,20140624,1.00,1.00,0,0,0.00,0.00,0.00,1.00,0.00
55943815270366220,20140625,1.00,1.00,0,0,0.00,0.00,0.00,1.00,0.00
55943815270366220,20140628,1.00,1.00,0,0,0.00,0.00,0.00,1.00,0.00
55943815270366220,20140629,1.00,1.00,0,0,0.00,0.00,0.00,1.00,0.00
55943815270366220,20140630,1.00,1.00,0,0,0.00,0.00,0.00,1.00,0.00
55943815270366220,20140701,1.00,1.00,0,0,0.00,0.00,0.00,1.00,0.00
55943815270366220,20140702,1.00,1.00,0,0,0.00,0.00,0.00,1.00,0.00
55943815270366220,20140705,1.00,1.00,0,0,0.00,0.00,0.00,1.00,0.00
55943815270366220,20140706,1.00,1.00,0,0,0.00,0.00,0.00,1.00,0.00
55943815270366220,20140707,1.00,1.00,0,0,0.00,0.00,0.00,1.00,0.00
55943815270366220,20140708,1.00,1.00,0,0,0.00,0.00,0.00,1.00,0.00
55943815270366220,20140709,1.00,1.00,0,0,0.00,0.00,0.00,1.00,0.00
55943815270366220,20140712,1.00,1.00,0,0,0.00,0.00,0.00,1.00,0.00
55943815270366220,20140713,1.00,1.00,0,0,0.00,0.00,0.00,1.00,0.00
55943815270366220,20140714,1.00,1.00,0,0,0.00,0.00,0.00,1.00,0.00
55943815270366220,20140715,1.00,1.00,0,0,0.00,0.00,0.00,1.00,0.00
55943815270366220,20140716,1.00,1.00,0,0,0.00,0.00,0.00,1.00,0.00
55943815270366220,20140720,1.00,1.00,0,0,0.00,0.00,0.00,1.00,0.00
55943815270366220,20140721,1.00,1.00,0,0,0.00,0.00,0.00,1.00,0.00
55943815270366220,20140722,1.00,1.00,0,0,0.00,0.00,0.00,1.00,0.00
55943815270366220,20140723,1.00,1.00,0,0,0.00,0.00,0.00,1.00,0.00
55943815270366220,20140726,1.00,1.00,0,0,0.00,0.00,0.00,1.00,0.00
55943815270366220,20140727,1.00,1.00,0,0,0.00,0.00,0.00,1.00,0.00
55943815270366220,20140728,1.00,1.00,0,0,0.00,0.00,0.00,1.00,0.00
55943815270366220,20140802,1.00,1.00,0,0,0.00,0.00,0.00,1.00,0.00
55943815270366220,20140803,1.00,1.00,0,0,0.00,0.00,0.00,1.00,0.00
55943815270366220,20140804,1.00,1.00,0,0,0.00,0.00,0.00,1.00,0.00
55943815270366220,20140805,1.00,1.00,0,0,0.00,0.00,0.00,1.00,0.00
55943815270366220,20140806,1.00,1.00,0,0,0.00,0.00,0.00,1.00,0.00
55943815270366220,20140809,1.00,1.00,0,0,0.00,0.00,0.00,1.00,0.00
55943815270366220,20140810,1.00,1.00,0,0,0.00,0.00,0.00,1.00,0.00
55943815270366220,20140811,1.00,1.00,0,0,0.00,0.00,0.00,1.00,0.00
55943815270366220,20140812,1.00,1.00,0,0,0.00,0.00,0.00,1.00,0.00
55943815270366220,20140813,1.00,1.00,0,0,0.00,0.00,0.00,1.00,0.00
55943815270366220,20140816,1.00,1.00,0,0,0.00,0.00,0.00,1.00,0.00
55943815270366220,20140817,1.00,1.00,0,0,0.00,0.00,0.00,1.00,0.00
55943815270366220,20140818,1.00,1.00,0,0,0.00,0.00,0.00,1.00,0.00
55943815270366220,20140819,1.00,1.00,0,0,0.00,0.00,0.00,1.00,0.00
55943815270366220,20140820,1.00,1.00,0,0,0.00,0.00,0.00,1.00,0.00
55943815270366220,20140823,1.00,1.00,0,0,0.00,0.00,0.00,1.00,0.00
55943815270366220,20140824,1.00,1.00,0,0,0.00,0.00,0.00,1.00,0.00
55943815270366220,20140825,1.00,1.00,0,0,0.00,0.00,0.00,1.00,0.00
55943815270366220,20140826,1.00,1.00,0,0,0.00,0.00,0.00,1.00,0.00
55943815270366220,20140827,1.00,1.00,0,0,0.00,0.00,0.00,1.00,0.00
55943815270366220,20140830,1.00,1.00,0,0,0.00,0.00,0.00,1.00,0.00
55943815270366220,20140831,1.00,1.00,0,0,0.00,0.00,0.00,1.00,0.00
55943815270366220,20140901,1.00,1.00,0,0,0.00,0.00,0.00,1.00,0.00
55943815270366220,20140902,1.00,1.00,0,0,0.00,0.00,0.00,1.00,0.00
55943815270366220,20140903,1.00,1.00,0,0,0.00,0.00,0.00,1.00,0.00
55943815270366220,20140906,1.00,1.00,0,0,0.00,0.00,0.00,1.00,0.00
55943815270366220,20140907,1.00,1.00,0,0,0.00,0.00,0.00,1.00,0.00
55943815270366220,20140908,1.00,1.00,0,0,0.00,0.00,0.00,1.00,0.00
55943815270366220,20140909,1.00,1.00,0,0,0.00,0.00,0.00,1.00,0.00
55943815270366220,20140910,1.00,1.00,0,0,0.00,0.00,0.00,1.00,0.00
55943815270366220,20140913,1.00,1.00,0,0,0.00,0.00,0.00,1.00,0.00
55943815270366220,20140914,1.00,1.00,0,0,0.00,0.00,0.00,1.00,0.00
55943815270366220,20140915,1.00,1.00,0,0,0.00,0.00,0.00,1.00,0.00
55943815270366220,20140916,1.00,1.00,0,0,0.00,0.00,0.00,1.00,0.00
55943815270366220,20140917,1.00,1.00,0,0,0.00,0.00,0.00,1.00,0.00
55943815270366220,20140920,1.00,1.00,0,0,0.00,0.00,0.00,1.00,0.00
55943815270366220,20140921,1.00,1.00,0,0,0.00,0.00,0.00,1.00,0.00
55943815270366220,20140922,1.00,1.00,0,0,0.00,0.00,0.00,1.00,0.00
55943815270366220,20140923,1.00,1.00,0,0,0.00,0.00,0.00,1.00,0.00
55943815270366220,20140924,1.00,1.00,0,0,0.00,0.00,0.00,1.00,0.00
55943815270366220,20140927,1.00,1.00,0,0,0.00,0.00,0.00,1.00,0.00
55943815270366220,20140928,1.00,1.00,0,0,0.00,0.00,0.00,1.00,0.00
55943815270366220,20140929,1.00,1.00,0,0,0.00,0.00,0.00,1.00,0.00
55943815270366220,20140930,1.00,1.00,0,0,0.00,0.00,0.00,1.00,0.00
55943815270366220,20141001,1.00,1.00,0,0,0.00,0.00,0.00,1.00,0.00
55943815270366220,20141004,1.00,1.00,0,0,0.00,0.00,0.00,1.00,0.00
55943815270366220,20141006,1.00,1.00,0,0,0.00,0.00,0.00,1.00,0.00
55943815270366220,20141007,1.00,1.00,0,0,0.00,0.00,0.00,1.00,0.00
55943815270366220,20141008,1.00,1.00,0,0,0.00,0.00,0.00,1.00,0.00
55943815270366220,20141011,1.00,1.00,0,0,0.00,0.00,0.00,1.00,0.00
55943815270366220,20141012,1.00,1.00,0,0,0.00,0.00,0.00,1.00,0.00
55943815270366220,20141014,1.00,1.00,0,0,0.00,0.00,0.00,1.00,0.00
55943815270366220,20141015,1.00,1.00,0,0,0.00,0.00,0.00,1.00,0.00
55943815270366220,20141018,1.00,1.00,0,0,0.00,0.00,0.00,1.00,0.00
55943815270366220,20141019,1.00,1.00,0,0,0.00,0.00,0.00,1.00,0.00
55943815270366220,20141020,1.00,1.00,0,0,0.00,0.00,0.00,1.00,0.00
55943815270366220,20141021,1.00,1.00,0,0,0.00,0.00,0.00,1.00,0.00
55943815270366220,20141022,1.00,1.00,0,0,0.00,0.00,0.00,1.00,0.00
55943815270366220,20141025,1.00,1.00,0,0,0.00,0.00,0.00,1.00,0.00
55943815270366220,20141026,1.00,1.00,0,0,0.00,0.00,0.00,1.00,0.00
55943815270366220,20141027,1.00,1.00,0,0,0.00,0.00,0.00,1.00,0.00
55943815270366220,20141028,1.00,1.00,0,0,0.00,0.00,0.00,1.00,0.00
55943815270366220,20141029,1.00,1.00,0,0,0.00,0.00,0.00,1.00,0.00
55943815270366220,20141101,1.00,1.00,0,0,0.00,0.00,0.00,1.00,0.00
55943815270366220,20141102,1.00,1.00,0,0,0.00,0.00,0.00,1.00,0.00
55943815270366220,20141105,1.00,1.00,0,0,0.00,0.00,0.00,1.00,0.00
55943815270366220,20141108,1.00,1.00,0,0,0.00,0.00,0.00,1.00,0.00
55943815270366220,20141109,1.00,1.00,0,0,0.00,0.00,0.00,1.00,0.00
55943815270366220,20141110,1.00,1.00,0,0,0.00,0.00,0.00,1.00,0.00
55943815270366220,20141111,1.00,1.00,0,0,0.00,0.00,0.00,1.00,0.00
55943815270366220,20141112,1.00,1.00,0,0,0.00,0.00,0.00,1.00,0.00
55943815270366220,20141115,1.00,1.00,0,0,0.00,0.00,0.00,1.00,0.00
55943815270366220,20141116,1.00,1.00,0,0,0.00,0.00,0.00,1.00,0.00
55943815270366220,20141117,1.00,1.00,0,0,0.00,0.00,0.00,1.00,0.00
55943815270366220,20141118,1.00,1.00,0,0,0.00,0.00,0.00,1.00,0.00
55943815270366220,20141119,1.00,1.00,0,0,0.00,0.00,0.00,1.00,0.00
55943815270366220,20141122,1.00,1.00,0,0,0.00,0.00,0.00,1.00,0.00
55943815270366220,20141123,1.00,1.00,0,0,0.00,0.00,0.00,1.00,0.00
55943815270366220,20141124,1.00,1.00,0,0,0.00,0.00,0.00,1.00,0.00
55943815270366220,20141125,1.00,1.00,0,0,0.00,0.00,0.00,1.00,0.00
55943815270366220,20141126,1.00,1.00,0,0,0.00,0.00,0.00,1.00,0.00
55943815270366220,20141129,1.00,1.00,0,0,0.00,0.00,0.00,1.00,0.00
55943815270366220,20141130,1.00,1.00,0,0,0.00,0.00,0.00,1.00,0.00
55943815270366220,20141201,1.00,1.00,0,0,0.00,0.00,0.00,1.00,0.00
55943815270366220,20141202,1.00,1.00,0,0,0.00,0.00,0.00,1.00,0.00
55943815270366220,20141203,1.00,1.00,0,0,0.00,0.00,0.00,1.00,0.00
55943815270366220,20141206,1.00,1.00,0,0,0.00,0.00,0.00,1.00,0.00
55943815270366220,20141207,1.00,1.00,0,0,0.00,0.00,0.00,1.00,0.00
55943815270366220,20141208,1.00,1.00,0,0,0.00,0.00,0.00,1.00,0.00
55943815270366220,20141209,1.00,1.00,0,0,0.00,0.00,0.00,1.00,0.00
55943815270366220,20141210,1.00,1.00,0,0,0.00,0.00,0.00,1.00,0.00
55943815270366220,20141214,1.00,1.00,0,0,0.00,0.00,0.00,1.00,0.00
55943815270366220,20141215,1.00,1.00,0,0,0.00,0.00,0.00,1.00,0.00
55943815270366220,20141216,1.00,1.00,0,0,0.00,0.00,0.00,1.00,0.00
55943815270366220,20141217,1.00,1.00,0,0,0.00,0.00,0.00,1.00,0.00
55943815270366220,20141220,1.00,1.00,0,0,0.00,0.00,0.00,1.00,0.00
55943815270366220,20141222,1.00,1.00,0,0,0.00,0.00,0.00,1.00,0.00
55943815270366220,20141224,1.00,1.00,0,0,0.00,0.00,0.00,1.00,0.00
55943815270366220,20141227,1.00,1.00,0,0,0.00,0.00,0.00,1.00,0.00
55943815270366220,20141228,1.00,1.00,0,0,0.00,0.00,0.00,1.00,0.00
55943815270366220,20141229,1.00,1.00,0,0,0.00,0.00,0.00,1.00,0.00
55943815270366220,20141230,1.00,1.00,0,0,0.00,0.00,0.00,1.00,0.00
55943815270366220,20141231,1.00,1.00,0,0,0.00,0.00,0.00,1.00,0.00
55943815270366220,20150103,1.00,1.00,0,0,0.00,0.00,0.00,1.00,0.00
55943815270366220,20150104,1.00,1.00,0,0,0.00,0.00,0.00,1.00,0.00
55943815270366220,20150105,1.00,1.00,0,0,0.00,0.00,0.00,1.00,0.00
55943815270366220,20150106,1.00,1.00,0,0,0.00,0.00,0.00,1.00,0.00
55943815270366220,20150107,1.00,1.00,0,0,0.00,0.00,0.00,1.00,0.00
55943815270366220,20150110,1.00,1.00,0,0,0.00,0.00,0.00,1.00,0.00
55943815270366220,20150111,1.00,1.00,0,0,0.00,0.00,0.00,1.00,0.00
55943815270366220,20150112,1.00,1.00,0,0,0.00,0.00,0.00,1.00,0.00
55943815270366220,20150113,1.00,1.00,0,0,0.00,0.00,0.00,1.00,0.00
55943815270366220,20150114,1.00,1.00,0,0,0.00,0.00,0.00,1.00,0.00
55943815270366220,20150117,1.00,1.00,0,0,0.00,0.00,0.00,1.00,0.00
55943815270366220,20150118,1.00,1.00,0,0,0.00,0.00,0.00,1.00,0.00
55943815270366220,20150119,1.00,1.00,0,0,0.00,0.00,0.00,1.00,0.00
55943815270366220,20150120,1.00,1.00,0,0,0.00,0.00,0.00,1.00,0.00
55943815270366220,20150121,1.00,1.00,0,0,0.00,0.00,0.00,1.00,0.00
55943815270366220,20150124,1.00,1.00,0,0,0.00,0.00,0.00,1.00,0.00
55943815270366220,20150125,1.00,1.00,0,0,0.00,0.00,0.00,1.00,0.00
55943815270366220,20150126,1.00,1.00,0,0,0.00,0.00,0.00,1.00,0.00
55943815270366220,20150127,1.00,1.00,0,0,0.00,0.00,0.00,1.00,0.00
55943815270366220,20150128,1.00,1.00,0,0,0.00,0.00,0.00,1.00,0.00
55943815270366220,20150131,1.00,1.00,0,0,0.00,0.00,0.00,1.00,0.00
55943815270366220,20150201,1.00,1.00,0,0,0.00,0.00,0.00,1.00,0.00
55943815270366220,20150202,1.00,1.00,0,0,0.00,0.00,0.00,1.00,0.00
55943815270366220,20150203,1.00,1.00,0,0,0.00,0.00,0.00,1.00,0.00
55943815270366220,20150204,1.00,1.00,0,0,0.00,0.00,0.00,1.00,0.00
55943815270366220,20150207,1.00,1.00,0,0,0.00,0.00,0.00,1.00,0.00
55943815270366220,20150208,1.00,1.00,0,0,0.00,0.00,0.00,1.00,0.00
55943815270366220,20150209,1.00,1.00,0,0,0.00,0.00,0.00,1.00,0.00
55943815270366220,20150210,1.00,1.00,0,0,0.00,0.00,0.00,1.00,0.00
55943815270366220,20150214,1.00,1.00,0,0,0.00,0.00,0.00,1.00,0.00
55943815270366220,20150215,1.00,1.00,0,0,0.00,0.00,0.00,1.00,0.00
55943815270366220,20150216,1.00,1.00,0,0,0.00,0.00,0.00,1.00,0.00
55943815270366220,20150217,1.00,1.00,0,0,0.00,0.00,0.00,1.00,0.00
55943815270366220,20150218,1.00,1.00,0,0,0.00,0.00,0.00,1.00,0.00
55943815270366220,20150221,1.00,1.00,0,0,0.00,0.00,0.00,1.00,0.00
55943815270366220,20150222,1.00,1.00,0,0,0.00,0.00,0.00,1.00,0.00
55943815270366220,20150223,1.00,1.00,0,0,0.00,0.00,0.00,1.00,0.00
55943815270366220,20150224,1.00,1.00,0,0,0.00,0.00,0.00,1.00,0.00
55943815270366220,20150225,1.00,1.00,0,0,0.00,0.00,0.00,1.00,0.00
55943815270366220,20150228,1.00,1.00,0,0,0.00,0.00,0.00,1.00,0.00
55943815270366220,20150301,1.00,1.00,0,0,0.00,0.00,0.00,1.00,0.00
55943815270366220,20150302,1.00,1.00,0,0,0.00,0.00,0.00,1.00,0.00
55943815270366220,20150303,1.00,1.00,0,0,0.00,0.00,0.00,1.00,0.00
55943815270366220,20150304,1.00,1.00,0,0,0.00,0.00,0.00,1.00,0.00
55943815270366220,20150307,1.00,1.00,0,0,0.00,0.00,0.00,1.00,0.00
55943815270366220,20150308,1.00,1.00,0,0,0.00,0.00,0.00,1.00,0.00
55943815270366220,20150309,1.00,1.00,0,0,0.00,0.00,0.00,1.00,0.00
55943815270366220,20150310,1.00,1.00,0,0,0.00,0.00,0.00,1.00,0.00
55943815270366220,20150311,1.00,1.00,0,0,0.00,0.00,0.00,1.00,0.00
55943815270366220,20150314,1.00,1.00,0,0,0.00,0.00,0.00,1.00,0.00
55943815270366220,20150315,1.00,1.00,0,0,0.00,0.00,0.00,1.00,0.00
55943815270366220,20150316,1.00,1.00,0,0,0.00,0.00,0.00,1.00,0.00
55943815270366220,20150317,1.00,1.00,0,0,0.00,0.00,0.00,1.00,0.00
55943815270366220,20150318,1.00,1.00,0,0,0.00,0.00,0.00,1.00,0.00
55943815270366220,20150325,1.00,1.00,0,0,0.00,0.00,0.00,1.00,0.00
55943815270366220,20150328,1.00,1.00,0,0,0.00,0.00,0.00,1.00,0.00
55943815270366220,20150329,1.00,1.00,0,0,0.00,0.00,0.00,1.00,0.00
55943815270366220,20150330,1.00,1.00,0,0,0.00,0.00,0.00,1.00,0.00
55943815270366220,20150331,1.00,1.00,0,0,0.00,0.00,0.00,1.00,0.00
55943815270366220,20150404,1.00,1.00,0,0,0.00,0.00,0.00,1.00,0.00
55943815270366220,20150405,1.00,1.00,0,0,0.00,0.00,0.00,1.00,0.00
55943815270366220,20150406,1.00,1.00,0,0,0.00,0.00,0.00,1.00,0.00
55943815270366220,20150407,1.00,1.00,0,0,0.00,0.00,0.00,1.00,0.00
55943815270366220,20150408,1.00,1.00,0,0,0.00,0.00,0.00,1.00,0.00
55943815270366220,20150411,1.00,1.00,0,0,0.00,0.00,0.00,1.00,0.00
55943815270366220,20150412,1.00,1.00,0,0,0.00,0.00,0.00,1.00,0.00
55943815270366220,20150413,1.00,1.00,0,0,0.00,0.00,0.00,1.00,0.00
55943815270366220,20150414,1.00,1.00,0,0,0.00,0.00,0.00,1.00,0.00
55943815270366220,20150415,1.00,1.00,0,0,0.00,0.00,0.00,1.00,0.00
55943815270366220,20150418,1.00,1.00,0,0,0.00,0.00,0.00,1.00,0.00
55943815270366220,20150419,1.00,1.00,0,0,0.00,0.00,0.00,1.00,0.00
55943815270366220,20150420,1.00,1.00,0,0,0.00,0.00,0.00,1.00,0.00
55943815270366220,20150421,1.00,1.00,0,0,0.00,0.00,0.00,1.00,0.00
55943815270366220,20150422,1.00,1.00,0,0,0.00,0.00,0.00,1.00,0.00
55943815270366220,20150425,1.00,1.00,0,0,0.00,0.00,0.00,1.00,0.00
55943815270366220,20150426,1.00,1.00,0,0,0.00,0.00,0.00,1.00,0.00
55943815270366220,20150427,1.00,1.00,0,0,0.00,0.00,0.00,1.00,0.00
55943815270366220,20150428,1.00,1.00,0,0,0.00,0.00,0.00,1.00,0.00
55943815270366220,20150429,1.00,1.00,0,0,0.00,0.00,0.00,1.00,0.00
55943815270366220,20150503,1.00,1.00,0,0,0.00,0.00,0.00,1.00,0.00
55943815270366220,20150504,1.00,1.00,0,0,0.00,0.00,0.00,1.00,0.00
55943815270366220,20150505,1.00,1.00,0,0,0.00,0.00,0.00,1.00,0.00
55943815270366220,20150506,1.00,1.00,0,0,0.00,0.00,0.00,1.00,0.00
55943815270366220,20150509,1.00,1.00,0,0,0.00,0.00,0.00,1.00,0.00
55943815270366220,20150510,1.00,1.00,0,0,0.00,0.00,0.00,1.00,0.00
55943815270366220,20150511,1.00,1.00,0,0,0.00,0.00,0.00,1.00,0.00
55943815270366220,20150512,1.00,1.00,0,0,0.00,0.00,0.00,1.00,0.00
55943815270366220,20150513,1.00,1.00,0,0,0.00,0.00,0.00,1.00,0.00
55943815270366220,20150517,1.00,1.00,0,0,0.00,0.00,0.00,1.00,0.00
55943815270366220,20150518,1.00,1.00,0,0,0.00,0.00,0.00,1.00,0.00
55943815270366220,20150519,1.00,1.00,0,0,0.00,0.00,0.00,1.00,0.00
55943815270366220,20150520,1.00,1.00,0,0,0.00,0.00,0.00,1.00,0.00
55943815270366220,20150523,1.00,1.00,0,0,0.00,0.00,0.00,1.00,0.00
55943815270366220,20150524,1.00,1.00,0,0,0.00,0.00,0.00,1.00,0.00
55943815270366220,20150525,1.00,1.00,0,0,0.00,0.00,0.00,1.00,0.00
55943815270366220,20150526,1.00,1.00,0,0,0.00,0.00,0.00,1.00,0.00
55943815270366220,20150527,1.00,1.00,0,0,0.00,0.00,0.00,1.00,0.00
55943815270366220,20150530,1.00,1.00,0,0,0.00,0.00,0.00,1.00,0.00
55943815270366220,20150531,1.00,1.00,0,0,0.00,0.00,0.00,1.00,0.00
55943815270366220,20150601,1.00,1.00,0,0,0.00,0.00,0.00,1.00,0.00
55943815270366220,20150602,1.00,1.00,0,0,0.00,0.00,0.00,1.00,0.00
55943815270366220,20150606,1.00,1.00,0,0,0.00,0.00,0.00,1.00,0.00
55943815270366220,20150607,1.00,1.00,0,0,0.00,0.00,0.00,1.00,0.00
55943815270366220,20150608,1.00,1.00,0,0,0.00,0.00,0.00,1.00,0.00
55943815270366220,20150609,1.00,1.00,0,0,0.00,0.00,0.00,1.00,0.00
55943815270366220,20150610,1.00,1.00,0,0,0.00,0.00,0.00,1.00,0.00
55943815270366220,20150613,1.00,1.00,0,0,0.00,0.00,0.00,1.00,0.00
55943815270366220,20150614,1.00,1.00,0,0,0.00,0.00,0.00,1.00,0.00
55943815270366220,20150615,1.00,1.00,0,0,0.00,0.00,0.00,1.00,0.00
55943815270366220,20150616,1.00,1.00,0,0,0.00,0.00,0.00,1.00,0.00
55943815270366220,20150617,1.00,1.00,0,0,0.00,0.00,0.00,1.00,0.00
55943815270366220,20150620,1.00,1.00,0,0,0.00,0.00,0.00,1.00,0.00
55943815270366220,20150621,1.00,1.00,0,0,0.00,0.00,0.00,1.00,0.00
55943815270366220,20150622,1.00,1.00,0,0,0.00,0.00,0.00,1.00,0.00
55943815270366220,20150623,1.00,1.00,0,0,0.00,0.00,0.00,1.00,0.00
55943815270366220,20150624,1.00,1.00,0,0,0.00,0.00,0.00,1.00,0.00
55943815270366220,20150627,1.00,1.00,0,0,0.00,0.00,0.00,1.00,0.00
55943815270366220,20150628,1.00,1.00,0,0,0.00,0.00,0.00,1.00,0.00
55943815270366220,20150629,1.00,1.00,0,0,0.00,0.00,0.00,1.00,0.00
55943815270366220,20150630,1.00,1.00,0,0,0.00,0.00,0.00,1.00,0.00
55943815270366220,20150701,1.00,1.00,0,0,0.00,0.00,0.00,1.00,0.00
55943815270366220,20150704,1.00,1.00,0,0,0.00,0.00,0.00,1.00,0.00
55943815270366220,20150705,1.00,1.00,0,0,0.00,0.00,0.00,1.00,0.00
55943815270366220,20150706,1.00,1.00,0,0,0.00,0.00,0.00,1.00,0.00
55943815270366220,20150707,1.00,1.00,0,0,0.00,0.00,0.00,1.00,0.00
55943815270366220,20150711,1.00,1.00,0,0,0.00,0.00,0.00,1.00,0.00
55943815270366220,20150712,1.00,1.00,0,0,0.00,0.00,0.00,1.00,0.00
55943815270366220,20150713,1.00,1.00,0,0,0.00,0.00,0.00,1.00,0.00
55943815270366220,20150714,1.00,1.00,0,0,0.00,0.00,0.00,1.00,0.00
55943815270366220,20150715,1.00,1.00,0,0,0.00,0.00,0.00,1.00,0.00
55943815270366220,20150719,1.00,1.00,0,0,0.00,0.00,0.00,1.00,0.00
55943815270366220,20150720,1.00,1.00,0,0,0.00,0.00,0.00,1.00,0.00
55943815270366220,20150721,1.00,1.00,0,0,0.00,0.00,0.00,1.00,0.00
55943815270366220,20150722,1.00,1.00,0,0,0.00,0.00,0.00,1.00,0.00
55943815270366220,20150725,1.00,1.00,0,0,0.00,0.00,0.00,1.00,0.00
55943815270366220,20150726,1.00,1.00,0,0,0.00,0.00,0.00,1.00,0.00
55943815270366220,20150727,1.00,1.00,0,0,0.00,0.00,0.00,1.00,0.00
55943815270366220,20150728,1.00,1.00,0,0,0.00,0.00,0.00,1.00,0.00
55943815270366220,20150729,1.00,1.00,0,0,0.00,0.00,0.00,1.00,0.00
55943815270366220,20150801,1.00,1.00,0,0,0.00,0.00,0.00,1.00,0.00
55943815270366220,20150802,1.00,1.00,0,0,0.00,0.00,0.00,1.00,0.00
55943815270366220,20150803,1.00,1.00,0,0,0.00,0.00,0.00,1.00,0.00
55943815270366220,20150804,1.00,1.00,0,0,0.00,0.00,0.00,1.00,0.00
55943815270366220,20150805,1.00,1.00,0,0,0.00,0.00,0.00,1.00,0.00
55943815270366220,20150808,1.00,1.00,0,0,0.00,0.00,0.00,1.00,0.00
55943815270366220,20150809,1.00,1.00,0,0,0.00,0.00,0.00,1.00,0.00
55943815270366220,20150810,1.00,1.00,0,0,0.00,0.00,0.00,1.00,0.00
55943815270366220,20150812,1.00,1.00,0,0,0.00,0.00,0.00,1.00,0.00
55943815270366220,20150815,1.00,1.00,0,0,0.00,0.00,0.00,1.00,0.00
55943815270366220,20150816,1.00,1.00,0,0,0.00,0.00,0.00,1.00,0.00
55943815270366220,20150817,1.00,1.00,0,0,0.00,0.00,0.00,1.00,0.00
55943815270366220,20150818,1.00,1.00,0,0,0.00,0.00,0.00,1.00,0.00
55943815270366220,20150819,1.00,1.00,0,0,0.00,0.00,0.00,1.00,0.00
55943815270366220,20150822,1.00,1.00,0,0,0.00,0.00,0.00,1.00,0.00
55943815270366220,20150823,1.00,1.00,0,0,0.00,0.00,0.00,1.00,0.00
55943815270366220,20150824,1.00,1.00,0,0,0.00,0.00,0.00,1.00,0.00
55943815270366220,20150825,1.00,1.00,0,0,0.00,0.00,0.00,1.00,0.00
55943815270366220,20150826,1.00,1.00,0,0,0.00,0.00,0.00,1.00,0.00
55943815270366220,20150829,1.00,1.00,0,0,0.00,0.00,0.00,1.00,0.00
55943815270366220,20150830,1.00,1.00,0,0,0.00,0.00,0.00,1.00,0.00
55943815270366220,20150831,1.00,1.00,0,0,0.00,0.00,0.00,1.00,0.00
55943815270366220,20150901,1.00,1.00,0,0,0.00,0.00,0.00,1.00,0.00
55943815270366220,20150902,1.00,1.00,0,0,0.00,0.00,0.00,1.00,0.00
55943815270366220,20150905,1.00,1.00,0,0,0.00,0.00,0.00,1.00,0.00
55943815270366220,20150906,1.00,1.00,0,0,0.00,0.00,0.00,1.00,0.00
55943815270366220,20150907,1.00,1.00,0,0,0.00,0.00,0.00,1.00,0.00
55943815270366220,20150908,1.00,1.00,0,0,0.00,0.00,0.00,1.00,0.00
55943815270366220,20150909,1.00,1.00,0,0,0.00,0.00,0.00,1.00,0.00
55943815270366220,20150912,1.00,1.00,0,0,0.00,0.00,0.00,1.00,0.00
55943815270366220,20150913,1.00,1.00,0,0,0.00,0.00,0.00,1.00,0.00
55943815270366220,20150914,1.00,1.00,0,0,0.00,0.00,0.00,1.00,0.00
55943815270366220,20150915,1.00,1.00,0,0,0.00,0.00,0.00,1.00,0.00
55943815270366220,20150916,1.00,1.00,0,0,0.00,0.00,0.00,1.00,0.00
55943815270366220,20150919,1.00,1.00,0,0,0.00,0.00,0.00,1.00,0.00
55943815270366220,20150920,1.00,1.00,0,0,0.00,0.00,0.00,1.00,0.00
55943815270366220,20150921,1.00,1.00,0,0,0.00,0.00,0.00,1.00,0.00
55943815270366220,20150922,1.00,1.00,0,0,0.00,0.00,0.00,1.00,0.00
55943815270366220,20150923,1.00,1.00,0,0,0.00,0.00,0.00,1.00,0.00
55943815270366220,20150926,1.00,1.00,0,0,0.00,0.00,0.00,1.00,0.00
55943815270366220,20150927,1.00,1.00,0,0,0.00,0.00,0.00,1.00,0.00
55943815270366220,20150928,1.00,1.00,0,0,0.00,0.00,0.00,1.00,0.00
55943815270366220,20150929,1.00,1.00,0,0,0.00,0.00,0.00,1.00,0.00
55943815270366220,20150930,1.00,1.00,0,0,0.00,0.00,0.00,1.00,0.00
55943815270366220,20151003,1.00,1.00,0,0,0.00,0.00,0.00,1.00,0.00
55943815270366220,20151004,1.00,1.00,0,0,0.00,0.00,0.00,1.00,0.00
55943815270366220,20151005,1.00,1.00,0,0,0.00,0.00,0.00,1.00,0.00
55943815270366220,20151006,1.00,1.00,0,0,0.00,0.00,0.00,1.00,0.00
55943815270366220,20151007,1.00,1.00,0,0,0.00,0.00,0.00,1.00,0.00
55943815270366220,20151010,1.00,1.00,0,0,0.00,0.00,0.00,1.00,0.00
55943815270366220,20151011,1.00,1.00,0,0,0.00,0.00,0.00,1.00,0.00
55943815270366220,20151012,1.00,1.00,0,0,0.00,0.00,0.00,1.00,0.00
55943815270366220,20151013,1.00,1.00,0,0,0.00,0.00,0.00,1.00,0.00
55943815270366220,20151014,1.00,1.00,0,0,0.00,0.00,0.00,1.00,0.00
55943815270366220,20151017,1.00,1.00,0,0,0.00,0.00,0.00,1.00,0.00
55943815270366220,20151018,1.00,1.00,0,0,0.00,0.00,0.00,1.00,0.00
55943815270366220,20151019,1.00,1.00,0,0,0.00,0.00,0.00,1.00,0.00
55943815270366220,20151020,1.00,1.00,0,0,0.00,0.00,0.00,1.00,0.00
55943815270366220,20151021,1.00,1.00,0,0,0.00,0.00,0.00,1.00,0.00
55943815270366220,20151025,1.00,1.00,0,0,0.00,0.00,0.00,1.00,0.00
55943815270366220,20151026,1.00,1.00,0,0,0.00,0.00,0.00,1.00,0.00
55943815270366220,20151027,1.00,1.00,0,0,0.00,0.00,0.00,1.00,0.00
55943815270366220,20151028,1.00,1.00,0,0,0.00,0.00,0.00,1.00,0.00
55943815270366220,20151031,1.00,1.00,0,0,0.00,0.00,0.00,1.00,0.00
55943815270366220,20151101,1.00,1.00,0,0,0.00,0.00,0.00,1.00,0.00
55943815270366220,20151102,1.00,1.00,0,0,0.00,0.00,0.00,1.00,0.00
55943815270366220,20151103,1.00,1.00,0,0,0.00,0.00,0.00,1.00,0.00
55943815270366220,20151104,1.00,1.00,0,0,0.00,0.00,0.00,1.00,0.00
55943815270366220,20151107,1.00,1.00,0,0,0.00,0.00,0.00,1.00,0.00
55943815270366220,20151108,1.00,1.00,0,0,0.00,0.00,0.00,1.00,0.00
55943815270366220,20151109,1.00,1.00,0,0,0.00,0.00,0.00,1.00,0.00
55943815270366220,20151110,1.00,1.00,0,0,0.00,0.00,0.00,1.00,0.00
55943815270366220,20151111,1.00,1.00,0,0,0.00,0.00,0.00,1.00,0.00
55943815270366220,20151114,1.00,1.00,0,0,0.00,0.00,0.00,1.00,0.00
55943815270366220,20151115,1.00,1.00,0,0,0.00,0.00,0.00,1.00,0.00
55943815270366220,20151116,1.00,1.00,0,0,0.00,0.00,0.00,1.00,0.00
55943815270366220,20151117,1.00,1.00,0,0,0.00,0.00,0.00,1.00,0.00
55943815270366220,20151118,1.00,1.00,0,0,0.00,0.00,0.00,1.00,0.00
55943815270366220,20151121,1.00,1.00,0,0,0.00,0.00,0.00,1.00,0.00
55943815270366220,20151122,1.00,1.00,0,0,0.00,0.00,0.00,1.00,0.00
55943815270366220,20151123,1.00,1.00,0,0,0.00,0.00,0.00,1.00,0.00
55943815270366220,20151124,1.00,1.00,0,0,0.00,0.00,0.00,1.00,0.00
55943815270366220,20151125,1.00,1.00,0,0,0.00,0.00,0.00,1.00,0.00
55943815270366220,20151128,1.00,1.00,0,0,0.00,0.00,0.00,1.00,0.00
55943815270366220,20151129,1.00,1.00,0,0,0.00,0.00,0.00,1.00,0.00
55943815270366220,20151130,1.00,1.00,0,0,0.00,0.00,0.00,1.00,0.00
55943815270366220,20151201,1.00,1.00,0,0,0.00,0.00,0.00,1.00,0.00
55943815270366220,20151205,1.00,1.00,0,0,0.00,0.00,0.00,1.00,0.00
55943815270366220,20151206,1.00,1.00,0,0,0.00,0.00,0.00,1.00,0.00
55943815270366220,20151207,1.00,1.00,0,0,0.00,0.00,0.00,1.00,0.00
55943815270366220,20151208,1.00,1.00,0,0,0.00,0.00,0.00,1.00,0.00
55943815270366220,20151209,1.00,1.00,0,0,0.00,0.00,0.00,1.00,0.00
55943815270366220,20151213,1.00,1.00,0,0,0.00,0.00,0.00,1.00,0.00
55943815270366220,20151214,1.00,1.00,0,0,0.00,0.00,0.00,1.00,0.00
55943815270366220,20151215,1.00,1.00,0,0,0.00,0.00,0.00,1.00,0.00
55943815270366220,20151216,1.00,1.00,0,0,0.00,0.00,0.00,1.00,0.00
55943815270366220,20151219,1.00,1.00,0,0,0.00,0.00,0.00,1.00,0.00
55943815270366220,20151220,1.00,1.00,0,0,0.00,0.00,0.00,1.00,0.00
55943815270366220,20151221,1.00,1.00,0,0,0.00,0.00,0.00,1.00,0.00
55943815270366220,20151222,1.00,1.00,0,0,0.00,0.00,0.00,1.00,0.00
55943815270366220,20151223,1.00,1.00,0,0,0.00,0.00,0.00,1.00,0.00
55943815270366220,20151226,1.00,1.00,0,0,0.00,0.00,0.00,1.00,0.00
55943815270366220,20151227,1.00,1.00,0,0,0.00,0.00,0.00,1.00,0.00
55943815270366220,20151228,1.00,1.00,0,0,0.00,0.00,0.00,1.00,0.00
55943815270366220,20151230,1.00,1.00,0,0,0.00,0.00,0.00,1.00,0.00
55943815270366220,20160102,1.00,1.00,0,0,0.00,0.00,0.00,1.00,0.00
55943815270366220,20160103,1.00,1.00,0,0,0.00,0.00,0.00,1.00,0.00
55943815270366220,20160104,1.00,1.00,0,0,0.00,0.00,0.00,1.00,0.00
55943815270366220,20160105,1.00,1.00,0,0,0.00,0.00,0.00,1.00,0.00
55943815270366220,20160106,1.00,1.00,0,0,0.00,0.00,0.00,1.00,0.00
55943815270366220,20160109,1.00,1.00,0,0,0.00,0.00,0.00,1.00,0.00
55943815270366220,20160110,1.00,1.00,0,0,0.00,0.00,0.00,1.00,0.00
55943815270366220,20160111,1.00,1.00,0,0,0.00,0.00,0.00,1.00,0.00
55943815270366220,20160112,1.00,1.00,0,0,0.00,0.00,0.00,1.00,0.00
55943815270366220,20160113,1.00,1.00,0,0,0.00,0.00,0.00,1.00,0.00
55943815270366220,20160116,1.00,1.00,0,0,0.00,0.00,0.00,1.00,0.00
55943815270366220,20160117,1.00,1.00,0,0,0.00,0.00,0.00,1.00,0.00
55943815270366220,20160118,1.00,1.00,0,0,0.00,0.00,0.00,1.00,0.00
55943815270366220,20160119,1.00,1.00,0,0,0.00,0.00,0.00,1.00,0.00
55943815270366220,20160120,1.00,1.00,0,0,0.00,0.00,0.00,1.00,0.00
55943815270366220,20160123,1.00,1.00,0,0,0.00,0.00,0.00,1.00,0.00
55943815270366220,20160124,1.00,1.00,0,0,0.00,0.00,0.00,1.00,0.00
55943815270366220,20160125,1.00,1.00,0,0,0.00,0.00,0.00,1.00,0.00
55943815270366220,20160126,1.00,1.00,0,0,0.00,0.00,0.00,1.00,0.00
55943815270366220,20160127,1.00,1.00,0,0,0.00,0.00,0.00,1.00,0.00
55943815270366220,20160130,1.00,1.00,0,0,0.00,0.00,0.00,1.00,0.00
55943815270366220,20160131,1.00,1.00,0,0,0.00,0.00,0.00,1.00,0.00
55943815270366220,20160201,1.00,1.00,0,0,0.00,0.00,0.00,1.00,0.00
55943815270366220,20160202,1.00,1.00,0,0,0.00,0.00,0.00,1.00,0.00
55943815270366220,20160203,1.00,1.00,0,0,0.00,0.00,0.00,1.00,0.00
55943815270366220,20160206,1.00,1.00,0,0,0.00,0.00,0.00,1.00,0.00
55943815270366220,20160207,1.00,1.00,0,0,0.00,0.00,0.00,1.00,0.00
55943815270366220,20160208,1.00,1.00,0,0,0.00,0.00,0.00,1.00,0.00
55943815270366220,20160209,1.00,1.00,0,0,0.00,0.00,0.00,1.00,0.00
55943815270366220,20160210,1.00,1.00,0,0,0.00,0.00,0.00,1.00,0.00
55943815270366220,20160213,1.00,1.00,0,0,0.00,0.00,0.00,1.00,0.00
55943815270366220,20160214,1.00,1.00,0,0,0.00,0.00,0.00,1.00,0.00
55943815270366220,20160215,1.00,1.00,0,0,0.00,0.00,0.00,1.00,0.00
55943815270366220,20160216,1.00,1.00,0,0,0.00,0.00,0.00,1.00,0.00
55943815270366220,20160217,1.00,1.00,0,0,0.00,0.00,0.00,1.00,0.00
55943815270366220,20160220,1.00,1.00,0,0,0.00,0.00,0.00,1.00,0.00
55943815270366220,20160221,1.00,1.00,0,0,0.00,0.00,0.00,1.00,0.00
55943815270366220,20160222,1.00,1.00,0,0,0.00,0.00,0.00,1.00,0.00
55943815270366220,20160223,1.00,1.00,0,0,0.00,0.00,0.00,1.00,0.00
55943815270366220,20160224,1.00,1.00,0,0,0.00,0.00,0.00,1.00,0.00
55943815270366220,20160227,1.00,1.00,0,0,0.00,0.00,0.00,1.00,0.00
55943815270366220,20160228,1.00,1.00,0,0,0.00,0.00,0.00,1.00,0.00
55943815270366220,20160229,1.00,1.00,0,0,0.00,0.00,0.00,1.00,0.00
55943815270366220,20160301,1.00,1.00,0,0,0.00,0.00,0.00,1.00,0.00
55943815270366220,20160302,1.00,1.00,0,0,0.00,0.00,0.00,1.00,0.00
55943815270366220,20160305,1.00,1.00,0,0,0.00,0.00,0.00,1.00,0.00
55943815270366220,20160306,1.00,1.00,0,0,0.00,0.00,0.00,1.00,0.00
55943815270366220,20160307,1.00,1.00,0,0,0.00,0.00,0.00,1.00,0.00
55943815270366220,20160308,1.00,1.00,0,0,0.00,0.00,0.00,1.00,0.00
55943815270366220,20160309,1.00,1.00,0,0,0.00,0.00,0.00,1.00,0.00
55943815270366220,20160312,1.00,1.00,0,0,0.00,0.00,0.00,1.00,0.00
55943815270366220,20160314,1.00,1.00,0,0,0.00,0.00,0.00,1.00,0.00
55943815270366220,20160315,1.00,1.00,0,0,0.00,0.00,0.00,1.00,0.00
55943815270366220,20160316,1.00,1.00,0,0,0.00,0.00,0.00,1.00,0.00
55943815270366220,20160326,1.00,1.00,0,0,0.00,0.00,0.00,1.00,0.00
55943815270366220,20160327,1.00,1.00,0,0,0.00,0.00,0.00,1.00,0.00
55943815270366220,20160328,1.00,1.00,0,0,0.00,0.00,0.00,1.00,0.00
55943815270366220,20160329,1.00,1.00,0,0,0.00,0.00,0.00,1.00,0.00
55943815270366220,20160330,1.00,1.00,0,0,0.00,0.00,0.00,1.00,0.00
55943815270366220,20160402,1.00,1.00,0,0,0.00,0.00,0.00,1.00,0.00
55943815270366220,20160403,1.00,1.00,0,0,0.00,0.00,0.00,1.00,0.00
55943815270366220,20160404,1.00,1.00,0,0,0.00,0.00,0.00,1.00,0.00
55943815270366220,20160405,1.00,1.00,0,0,0.00,0.00,0.00,1.00,0.00
55943815270366220,20160406,1.00,1.00,0,0,0.00,0.00,0.00,1.00,0.00
55943815270366220,20160409,1.00,1.00,0,0,0.00,0.00,0.00,1.00,0.00
55943815270366220,20160410,1.00,1.00,0,0,0.00,0.00,0.00,1.00,0.00
55943815270366220,20160411,1.00,1.00,0,0,0.00,0.00,0.00,1.00,0.00
55943815270366220,20160412,1.00,1.00,0,0,0.00,0.00,0.00,1.00,0.00
55943815270366220,20160413,1.00,1.00,0,0,0.00,0.00,0.00,1.00,0.00
55943815270366220,20160416,1.00,1.00,0,0,0.00,0.00,0.00,1.00,0.00
55943815270366220,20160417,1.00,1.00,0,0,0.00,0.00,0.00,1.00,0.00
55943815270366220,20160418,1.00,1.00,0,0,0.00,0.00,0.00,1.00,0.00
55943815270366220,20160419,1.00,1.00,0,0,0.00,0.00,0.00,1.00,0.00
55943815270366220,20160420,1.00,1.00,0,0,0.00,0.00,0.00,1.00,0.00
55943815270366220,20160423,1.00,1.00,0,0,0.00,0.00,0.00,1.00,0.00
55943815270366220,20160424,1.00,1.00,0,0,0.00,0.00,0.00,1.00,0.00
55943815270366220,20160425,1.00,1.00,0,0,0.00,0.00,0.00,1.00,0.00
55943815270366220,20160426,1.00,1.00,0,0,0.00,0.00,0.00,1.00,0.00
55943815270366220,20160427,1.00,1.00,0,0,0.00,0.00,0.00,1.00,0.00
55943815270366220,20160430,1.00,1.00,0,0,0.00,0.00,0.00,1.00,0.00
55943815270366220,20160501,1.00,1.00,0,0,0.00,0.00,0.00,1.00,0.00
55943815270366220,20160502,1.00,1.00,0,0,0.00,0.00,0.00,1.00,0.00
55943815270366220,20160503,1.00,1.00,0,0,0.00,0.00,0.00,1.00,0.00
55943815270366220,20160504,1.00,1.00,0,0,0.00,0.00,0.00,1.00,0.00
55943815270366220,20160507,1.00,1.00,0,0,0.00,0.00,0.00,1.00,0.00
55943815270366220,20160508,1.00,1.00,0,0,0.00,0.00,0.00,1.00,0.00
55943815270366220,20160509,1.00,1.00,0,0,0.00,0.00,0.00,1.00,0.00
55943815270366220,20160510,1.00,1.00,0,0,0.00,0.00,0.00,1.00,0.00
55943815270366220,20160511,1.00,1.00,0,0,0.00,0.00,0.00,1.00,0.00
55943815270366220,20160514,1.00,1.00,0,0,0.00,0.00,0.00,1.00,0.00
55943815270366220,20160515,1.00,1.00,0,0,0.00,0.00,0.00,1.00,0.00
55943815270366220,20160516,1.00,1.00,0,0,0.00,0.00,0.00,1.00,0.00
55943815270366220,20160517,1.00,1.00,0,0,0.00,0.00,0.00,1.00,0.00
55943815270366220,20160518,1.00,1.00,0,0,0.00,0.00,0.00,1.00,0.00
55943815270366220,20160521,1.00,1.00,0,0,0.00,0.00,0.00,1.00,0.00
55943815270366220,20160523,1.00,1.00,0,0,0.00,0.00,0.00,1.00,0.00
55943815270366220,20160524,1.00,1.00,0,0,0.00,0.00,0.00,1.00,0.00
55943815270366220,20160525,1.00,1.00,0,0,0.00,0.00,0.00,1.00,0.00
55943815270366220,20160528,1.00,1.00,0,0,0.00,0.00,0.00,1.00,0.00
55943815270366220,20160529,1.00,1.00,0,0,0.00,0.00,0.00,1.00,0.00
55943815270366220,20160530,1.00,1.00,0,0,0.00,0.00,0.00,1.00,0.00
55943815270366220,20160531,1.00,1.00,0,0,0.00,0.00,0.00,1.00,0.00
55943815270366220,20160601,1.00,1.00,0,0,0.00,0.00,0.00,1.00,0.00
55943815270366220,20160605,1.00,1.00,0,0,0.00,0.00,0.00,1.00,0.00
55943815270366220,20160606,1.00,1.00,0,0,0.00,0.00,0.00,1.00,0.00
55943815270366220,20160607,1.00,1.00,0,0,0.00,0.00,0.00,1.00,0.00
55943815270366220,20160608,1.00,1.00,0,0,0.00,0.00,0.00,1.00,0.00
55943815270366220,20160611,1.00,1.00,0,0,0.00,0.00,0.00,1.00,0.00
55943815270366220,20160612,1.00,1.00,0,0,0.00,0.00,0.00,1.00,0.00
55943815270366220,20160613,1.00,1.00,0,0,0.00,0.00,0.00,1.00,0.00
55943815270366220,20160614,1.00,1.00,0,0,0.00,0.00,0.00,1.00,0.00
55943815270366220,20160615,1.00,1.00,0,0,0.00,0.00,0.00,1.00,0.00
55943815270366220,20160618,1.00,1.00,0,0,0.00,0.00,0.00,1.00,0.00
55943815270366220,20160619,1.00,1.00,0,0,0.00,0.00,0.00,1.00,0.00
55943815270366220,20160620,1.00,1.00,0,0,0.00,0.00,0.00,1.00,0.00
55943815270366220,20160621,1.00,1.00,0,0,0.00,0.00,0.00,1.00,0.00
55943815270366220,20160622,1.00,1.00,0,0,0.00,0.00,0.00,1.00,0.00
55943815270366220,20160625,1.00,1.00,0,0,0.00,0.00,0.00,1.00,0.00
55943815270366220,20160626,1.00,1.00,0,0,0.00,0.00,0.00,1.00,0.00
55943815270366220,20160628,1.00,1.00,0,0,0.00,0.00,0.00,1.00,0.00
55943815270366220,20160629,1.00,1.00,0,0,0.00,0.00,0.00,1.00,0.00
55943815270366220,20160702,1.00,1.00,0,0,0.00,0.00,0.00,1.00,0.00
55943815270366220,20160703,1.00,1.00,0,0,0.00,0.00,0.00,1.00,0.00
55943815270366220,20160704,1.00,1.00,0,0,0.00,0.00,0.00,1.00,0.00
55943815270366220,20160705,1.00,1.00,0,0,0.00,0.00,0.00,1.00,0.00
55943815270366220,20160709,1.00,1.00,0,0,0.00,0.00,0.00,1.00,0.00
55943815270366220,20160710,1.00,1.00,0,0,0.00,0.00,0.00,1.00,0.00
55943815270366220,20160711,1.00,1.00,0,0,0.00,0.00,0.00,1.00,0.00
55943815270366220,20160712,1.00,1.00,0,0,0.00,0.00,0.00,1.00,0.00
55943815270366220,20160713,1.00,1.00,0,0,0.00,0.00,0.00,1.00,0.00
55943815270366220,20160716,1.00,1.00,0,0,0.00,0.00,0.00,1.00,0.00
55943815270366220,20160717,1.00,1.00,0,0,0.00,0.00,0.00,1.00,0.00
55943815270366220,20160718,1.00,1.00,0,0,0.00,0.00,0.00,1.00,0.00
55943815270366220,20160719,1.00,1.00,0,0,0.00,0.00,0.00,1.00,0.00
55943815270366220,20160720,1.00,1.00,0,0,0.00,0.00,0.00,1.00,0.00
55943815270366220,20160723,1.00,1.00,0,0,0.00,0.00,0.00,1.00,0.00
55943815270366220,20160724,1.00,1.00,0,0,0.00,0.00,0.00,1.00,0.00
55943815270366220,20160725,1.00,1.00,0,0,0.00,0.00,0.00,1.00,0.00
55943815270366220,20160726,1.00,1.00,0,0,0.00,0.00,0.00,1.00,0.00
55943815270366220,20160727,1.00,1.00,0,0,0.00,0.00,0.00,1.00,0.00
55943815270366220,20160731,1.00,1.00,0,0,0.00,0.00,0.00,1.00,0.00
55943815270366220,20160801,1.00,1.00,0,0,0.00,0.00,0.00,1.00,0.00
55943815270366220,20160802,1.00,1.00,0,0,0.00,0.00,0.00,1.00,0.00
55943815270366220,20160803,1.00,1.00,0,0,0.00,0.00,0.00,1.00,0.00
55943815270366220,20160806,1.00,1.00,0,0,0.00,0.00,0.00,1.00,0.00
55943815270366220,20160807,1.00,1.00,0,0,0.00,0.00,0.00,1.00,0.00
55943815270366220,20160808,1.00,1.00,0,0,0.00,0.00,0.00,1.00,0.00
55943815270366220,20160809,1.00,1.00,0,0,0.00,0.00,0.00,1.00,0.00
55943815270366220,20160810,1.00,1.00,0,0,0.00,0.00,0.00,1.00,0.00
55943815270366220,20160813,1.00,1.00,0,0,0.00,0.00,0.00,1.00,0.00
55943815270366220,20160814,1.00,1.00,0,0,0.00,0.00,0.00,1.00,0.00
55943815270366220,20160815,1.00,1.00,0,0,0.00,0.00,0.00,1.00,0.00
55943815270366220,20160816,1.00,1.00,0,0,0.00,0.00,0.00,1.00,0.00
55943815270366220,20160817,1.00,1.00,0,0,0.00,0.00,0.00,1.00,0.00
55943815270366220,20160820,1.00,1.00,0,0,0.00,0.00,0.00,1.00,0.00
55943815270366220,20160821,1.00,1.00,0,0,0.00,0.00,0.00,1.00,0.00
55943815270366220,20160822,1.00,1.00,0,0,0.00,0.00,0.00,1.00,0.00
55943815270366220,20160823,1.00,1.00,0,0,0.00,0.00,0.00,1.00,0.00
55943815270366220,20160824,1.00,1.00,0,0,0.00,0.00,0.00,1.00,0.00
55943815270366220,20160827,1.00,1.00,0,0,0.00,0.00,0.00,1.00,0.00
55943815270366220,20160828,1.00,1.00,0,0,0.00,0.00,0.00,1.00,0.00
55943815270366220,20160829,1.00,1.00,0,0,0.00,0.00,0.00,1.00,0.00
55943815270366220,20160830,1.00,1.00,0,0,0.00,0.00,0.00,1.00,0.00
55943815270366220,20160831,1.00,1.00,0,0,0.00,0.00,0.00,1.00,0.00
55943815270366220,20160903,1.00,1.00,0,0,0.00,0.00,0.00,1.00,0.00
55943815270366220,20160904,1.00,1.00,0,0,0.00,0.00,0.00,1.00,0.00
55943815270366220,20160905,1.00,1.00,0,0,0.00,0.00,0.00,1.00,0.00
55943815270366220,20160906,1.00,1.00,0,0,0.00,0.00,0.00,1.00,0.00
55943815270366220,20160907,1.00,1.00,0,0,0.00,0.00,0.00,1.00,0.00
55943815270366220,20160910,1.00,1.00,0,0,0.00,0.00,0.00,1.00,0.00
55943815270366220,20160911,1.00,1.00,0,0,0.00,0.00,0.00,1.00,0.00
55943815270366220,20160913,1.00,1.00,0,0,0.00,0.00,0.00,1.00,0.00
55943815270366220,20160914,1.00,1.00,0,0,0.00,0.00,0.00,1.00,0.00
55943815270366220,20160917,1.00,1.00,0,0,0.00,0.00,0.00,1.00,0.00
55943815270366220,20160918,1.00,1.00,0,0,0.00,0.00,0.00,1.00,0.00
55943815270366220,20160919,1.00,1.00,0,0,0.00,0.00,0.00,1.00,0.00
55943815270366220,20160921,1.00,1.00,0,0,0.00,0.00,0.00,1.00,0.00
55943815270366220,20160924,1.00,1.00,0,0,0.00,0.00,0.00,1.00,0.00
55943815270366220,20160925,1.00,1.00,0,0,0.00,0.00,0.00,1.00,0.00
55943815270366220,20160926,1.00,1.00,0,0,0.00,0.00,0.00,1.00,0.00
55943815270366220,20160927,1.00,1.00,0,0,0.00,0.00,0.00,1.00,0.00
55943815270366220,20160928,1.00,1.00,0,0,0.00,0.00,0.00,1.00,0.00
55943815270366220,20161001,1.00,1.00,0,0,0.00,0.00,0.00,1.00,0.00
55943815270366220,20161002,1.00,1.00,0,0,0.00,0.00,0.00,1.00,0.00
55943815270366220,20161003,1.00,1.00,0,0,0.00,0.00,0.00,1.00,0.00
55943815270366220,20161004,1.00,1.00,0,0,0.00,0.00,0.00,1.00,0.00
55943815270366220,20161005,1.00,1.00,0,0,0.00,0.00,0.00,1.00,0.00
55943815270366220,20161008,1.00,1.00,0,0,0.00,0.00,0.00,1.00,0.00
55943815270366220,20161009,1.00,1.00,0,0,0.00,0.00,0.00,1.00,0.00
55943815270366220,20161010,1.00,1.00,0,0,0.00,0.00,0.00,1.00,0.00
55943815270366220,20161012,1.00,1.00,0,0,0.00,0.00,0.00,1.00,0.00
55943815270366220,20161015,1.00,1.00,0,0,0.00,0.00,0.00,1.00,0.00
55943815270366220,20161016,1.00,1.00,0,0,0.00,0.00,0.00,1.00,0.00
55943815270366220,20161017,1.00,1.00,0,0,0.00,0.00,0.00,1.00,0.00
55943815270366220,20161018,1.00,1.00,0,0,0.00,0.00,0.00,1.00,0.00
55943815270366220,20161019,1.00,1.00,0,0,0.00,0.00,0.00,1.00,0.00
55943815270366220,20161022,1.00,1.00,0,0,0.00,0.00,0.00,1.00,0.00
55943815270366220,20161023,1.00,1.00,0,0,0.00,0.00,0.00,1.00,0.00
55943815270366220,20161024,1.00,1.00,0,0,0.00,0.00,0.00,1.00,0.00
55943815270366220,20161025,1.00,1.00,0,0,0.00,0.00,0.00,1.00,0.00
55943815270366220,20161026,1.00,1.00,0,0,0.00,0.00,0.00,1.00,0.00
55943815270366220,20161027,1.00,1.00,0,0,0.00,0.00,0.00,1.00,0.00
55943815270366220,20161028,1.00,1.00,0,0,0.00,0.00,0.00,1.00,0.00
55943815270366220,20161029,1.00,1.00,0,0,0.00,0.00,0.00,1.00,0.00
55943815270366220,20161030,1.00,1.00,0,0,0.00,0.00,0.00,1.00,0.00
55943815270366220,20161031,1.00,1.00,0,0,0.00,0.00,0.00,1.00,0.00
55943815270366220,20161101,1.00,1.00,0,0,0.00,0.00,0.00,1.00,0.00
55943815270366220,20161102,1.00,1.00,0,0,0.00,0.00,0.00,1.00,0.00
55943815270366220,20161105,1.00,1.00,0,0,0.00,0.00,0.00,1.00,0.00
55943815270366220,20161106,1.00,1.00,0,0,0.00,0.00,0.00,1.00,0.00
55943815270366220,20161107,1.00,1.00,0,0,0.00,0.00,0.00,1.00,0.00
55943815270366220,20161108,1.00,1.00,0,0,0.00,0.00,0.00,1.00,0.00
55943815270366220,20161109,1.00,1.00,0,0,0.00,0.00,0.00,1.00,0.00
55943815270366220,20161112,1.00,1.00,0,0,0.00,0.00,0.00,1.00,0.00
55943815270366220,20161113,1.00,1.00,0,0,0.00,0.00,0.00,1.00,0.00
55943815270366220,20161114,1.00,1.00,0,0,0.00,0.00,0.00,1.00,0.00
55943815270366220,20161115,1.00,1.00,0,0,0.00,0.00,0.00,1.00,0.00
55943815270366220,20161116,1.00,1.00,0,0,0.00,0.00,0.00,1.00,0.00
55943815270366220,20161119,1.00,1.00,0,0,0.00,0.00,0.00,1.00,0.00
55943815270366220,20161121,1.00,1.00,0,0,0.00,0.00,0.00,1.00,0.00
55943815270366220,20161122,1.00,1.00,0,0,0.00,0.00,0.00,1.00,0.00
55943815270366220,20161123,1.00,1.00,0,0,0.00,0.00,0.00,1.00,0.00
55943815270366220,20161126,1.00,1.00,0,0,0.00,0.00,0.00,1.00,0.00
55943815270366220,20161127,1.00,1.00,0,0,0.00,0.00,0.00,1.00,0.00
55943815270366220,20161129,1.00,1.00,0,0,0.00,0.00,0.00,1.00,0.00
55943815270366220,20161203,1.00,1.00,0,0,0.00,0.00,0.00,1.00,0.00
55943815270366220,20161204,1.00,1.00,0,0,0.00,0.00,0.00,1.00,0.00
55943815270366220,20161205,1.00,1.00,0,0,0.00,0.00,0.00,1.00,0.00
55943815270366220,20161206,1.00,1.00,0,0,0.00,0.00,0.00,1.00,0.00
55943815270366220,20161207,1.00,1.00,0,0,0.00,0.00,0.00,1.00,0.00
55943815270366220,20161210,1.00,1.00,0,0,0.00,0.00,0.00,1.00,0.00
55943815270366220,20161211,1.00,1.00,0,0,0.00,0.00,0.00,1.00,0.00
55943815270366220,20161212,1.00,1.00,0,0,0.00,0.00,0.00,1.00,0.00
55943815270366220,20161213,1.00,1.00,0,0,0.00,0.00,0.00,1.00,0.00
55943815270366220,20161214,1.00,1.00,0,0,0.00,0.00,0.00,1.00,0.00
55943815270366220,20161218,1.00,1.00,0,0,0.00,0.00,0.00,1.00,0.00
55943815270366220,20161219,1.00,1.00,0,0,0.00,0.00,0.00,1.00,0.00
55943815270366220,20161220,1.00,1.00,0,0,0.00,0.00,0.00,1.00,0.00
55943815270366220,20161221,1.00,1.00,0,0,0.00,0.00,0.00,1.00,0.00
55943815270366220,20161224,1.00,1.00,0,0,0.00,0.00,0.00,1.00,0.00
55943815270366220,20161225,1.00,1.00,0,0,0.00,0.00,0.00,1.00,0.00
55943815270366220,20161226,1.00,1.00,0,0,0.00,0.00,0.00,1.00,0.00
55943815270366220,20161227,1.00,1.00,0,0,0.00,0.00,0.00,1.00,0.00
55943815270366220,20161228,1.00,1.00,0,0,0.00,0.00,0.00,1.00,0.00
55943815270366220,20161231,1.00,1.00,0,0,0.00,0.00,0.00,1.00,0.00
55943815270366220,20170101,1.00,1.00,0,0,0.00,0.00,0.00,1.00,0.00
55943815270366220,20170102,1.00,1.00,0,0,0.00,0.00,0.00,1.00,0.00
55943815270366220,20170103,1.00,1.00,0,0,0.00,0.00,0.00,1.00,0.00
55943815270366220,20170104,1.00,1.00,0,0,0.00,0.00,0.00,1.00,0.00
55943815270366220,20170107,1.00,1.00,0,0,0.00,0.00,0.00,1.00,0.00
55943815270366220,20170108,1.00,1.00,0,0,0.00,0.00,0.00,1.00,0.00
55943815270366220,20170109,1.00,1.00,0,0,0.00,0.00,0.00,1.00,0.00
55943815270366220,20170111,1.00,1.00,0,0,0.00,0.00,0.00,1.00,0.00
55943815270366220,20170114,1.00,1.00,0,0,0.00,0.00,0.00,1.00,0.00
55943815270366220,20170115,1.00,1.00,0,0,0.00,0.00,0.00,1.00,0.00
55943815270366220,20170116,1.00,1.00,0,0,0.00,0.00,0.00,1.00,0.00
55943815270366220,20170117,1.00,1.00,0,0,0.00,0.00,0.00,1.00,0.00
55943815270366220,20170118,1.00,1.00,0,0,0.00,0.00,0.00,1.00,0.00
55943815270366220,20170121,1.00,1.00,0,0,0.00,0.00,0.00,1.00,0.00
55943815270366220,20170122,1.00,1.00,0,0,0.00,0.00,0.00,1.00,0.00
55943815270366220,20170123,1.00,1.00,0,0,0.00,0.00,0.00,1.00,0.00
55943815270366220,20170124,1.00,1.00,0,0,0.00,0.00,0.00,1.00,0.00
55943815270366220,20170125,1.00,1.00,0,0,0.00,0.00,0.00,1.00,0.00
55943815270366220,20170128,1.00,1.00,0,0,0.00,0.00,0.00,1.00,0.00
55943815270366220,20170129,1.00,1.00,0,0,0.00,0.00,0.00,1.00,0.00
55943815270366220,20170130,1.00,1.00,0,0,0.00,0.00,0.00,1.00,0.00
55943815270366220,20170131,1.00,1.00,0,0,0.00,0.00,0.00,1.00,0.00
55943815270366220,20170201,1.00,1.00,0,0,0.00,0.00,0.00,1.00,0.00
55943815270366220,20170204,1.00,1.00,0,0,0.00,0.00,0.00,1.00,0.00
55943815270366220,20170205,1.00,1.00,0,0,0.00,0.00,0.00,1.00,0.00
55943815270366220,20170206,1.00,1.00,0,0,0.00,0.00,0.00,1.00,0.00
55943815270366220,20170207,1.00,1.00,0,0,0.00,0.00,0.00,1.00,0.00
55943815270366220,20170208,1.00,1.00,0,0,0.00,0.00,0.00,1.00,0.00
55943815270366220,20170211,1.00,1.00,0,0,0.00,0.00,0.00,1.00,0.00
55943815270366220,20170212,1.00,1.00,0,0,0.00,0.00,0.00,1.00,0.00
55943815270366220,20170213,1.00,1.00,0,0,0.00,0.00,0.00,1.00,0.00
55943815270366220,20170214,1.00,1.00,0,0,0.00,0.00,0.00,1.00,0.00
55943815270366220,20170215,1.00,1.00,0,0,0.00,0.00,0.00,1.00,0.00
55943815270366220,20170218,1.00,1.00,0,0,0.00,0.00,0.00,1.00,0.00
55943815270366220,20170219,1.00,1.00,0,0,0.00,0.00,0.00,1.00,0.00
55943815270366220,20170220,1.00,1.00,0,0,0.00,0.00,0.00,1.00,0.00
55943815270366220,20170221,1.00,1.00,0,0,0.00,0.00,0.00,1.00,0.00
55943815270366220,20170222,1.00,1.00,0,0,0.00,0.00,0.00,1.00,0.00
55943815270366220,20170225,1.00,1.00,0,0,0.00,0.00,0.00,1.00,0.00
55943815270366220,20170226,1.00,1.00,0,0,0.00,0.00,0.00,1.00,0.00
55943815270366220,20170227,1.00,1.00,0,0,0.00,0.00,0.00,1.00,0.00
55943815270366220,20170228,1.00,1.00,0,0,0.00,0.00,0.00,1.00,0.00
55943815270366220,20170301,1.00,1.00,0,0,0.00,0.00,0.00,1.00,0.00
55943815270366220,20170304,1.00,1.00,0,0,0.00,0.00,0.00,1.00,0.00
55943815270366220,20170305,1.00,1.00,0,0,0.00,0.00,0.00,1.00,0.00
55943815270366220,20170306,1.00,1.00,0,0,0.00,0.00,0.00,1.00,0.00
55943815270366220,20170307,1.00,1.00,0,0,0.00,0.00,0.00,1.00,0.00
55943815270366220,20170308,1.00,1.00,0,0,0.00,0.00,0.00,1.00,0.00
55943815270366220,20170311,1.00,1.00,0,0,0.00,0.00,0.00,1.00,0.00
55943815270366220,20170312,1.00,1.00,0,0,0.00,0.00,0.00,1.00,0.00
55943815270366220,20170313,1.00,1.00,0,0,0.00,0.00,0.00,1.00,0.00
55943815270366220,20170314,1.00,1.00,0,0,0.00,0.00,0.00,1.00,0.00
55943815270366220,20170315,1.00,1.00,0,0,0.00,0.00,0.00,1.00,0.00
55943815270366220,20170318,1.00,1.00,0,0,0.00,0.00,0.00,1.00,0.00
55943815270366220,20170325,1.00,1.00,0,0,0.00,0.00,0.00,1.00,0.00
55943815270366220,20170326,1.00,1.00,0,0,0.00,0.00,0.00,1.00,0.00
55943815270366220,20170327,1.00,1.00,0,0,0.00,0.00,0.00,1.00,0.00
55943815270366220,20170328,1.00,1.00,0,0,0.00,0.00,0.00,1.00,0.00
55943815270366220,20170329,1.00,1.00,0,0,0.00,0.00,0.00,1.00,0.00
55943815270366220,20170403,1.00,1.00,0,0,0.00,0.00,0.00,1.00,0.00
55943815270366220,20170404,1.00,1.00,0,0,0.00,0.00,0.00,1.00,0.00
55943815270366220,20170405,1.00,1.00,0,0,0.00,0.00,0.00,1.00,0.00
55943815270366220,20170408,1.00,1.00,0,0,0.00,0.00,0.00,1.00,0.00
55943815270366220,20170409,1.00,1.00,0,0,0.00,0.00,0.00,1.00,0.00
55943815270366220,20170410,1.00,1.00,0,0,0.00,0.00,0.00,1.00,0.00
55943815270366220,20170412,1.00,1.00,0,0,0.00,0.00,0.00,1.00,0.00
55943815270366220,20170415,1.00,1.00,0,0,0.00,0.00,0.00,1.00,0.00
55943815270366220,20170416,1.00,1.00,0,0,0.00,0.00,0.00,1.00,0.00
55943815270366220,20170417,1.00,1.00,0,0,0.00,0.00,0.00,1.00,0.00
55943815270366220,20170418,1.00,1.00,0,0,0.00,0.00,0.00,1.00,0.00
55943815270366220,20170419,1.00,1.00,0,0,0.00,0.00,0.00,1.00,0.00
55943815270366220,20170422,1.00,1.00,0,0,0.00,0.00,0.00,1.00,0.00
55943815270366220,20170423,1.00,1.00,0,0,0.00,0.00,0.00,1.00,0.00
55943815270366220,20170424,1.00,1.00,0,0,0.00,0.00,0.00,1.00,0.00
55943815270366220,20170426,1.00,1.00,0,0,0.00,0.00,0.00,1.00,0.00
55943815270366220,20170429,1.00,1.00,0,0,0.00,0.00,0.00,1.00,0.00
55943815270366220,20170430,1.00,1.00,0,0,0.00,0.00,0.00,1.00,0.00
55943815270366220,20170501,1.00,1.00,0,0,0.00,0.00,0.00,1.00,0.00
55943815270366220,20170502,1.00,1.00,0,0,0.00,0.00,0.00,1.00,0.00
55943815270366220,20170503,1.00,1.00,0,0,0.00,0.00,0.00,1.00,0.00
55943815270366220,20170506,1.00,1.00,0,0,0.00,0.00,0.00,1.00,0.00
55943815270366220,20170507,1.00,1.00,0,0,0.00,0.00,0.00,1.00,0.00
55943815270366220,20170508,1.00,1.00,0,0,0.00,0.00,0.00,1.00,0.00
55943815270366220,20170509,1.00,1.00,0,0,0.00,0.00,0.00,1.00,0.00
55943815270366220,20170510,1.00,1.00,0,0,0.00,0.00,0.00,1.00,0.00
55943815270366220,20170513,1.00,1.00,0,0,0.00,0.00,0.00,1.00,0.00
55943815270366220,20170514,1.00,1.00,0,0,0.00,0.00,0.00,1.00,0.00
55943815270366220,20170515,1.00,1.00,0,0,0.00,0.00,0.00,1.00,0.00
55943815270366220,20170516,1.00,1.00,0,0,0.00,0.00,0.00,1.00,0.00
55943815270366220,20170517,1.00,1.00,0,0,0.00,0.00,0.00,1.00,0.00
55943815270366220,20170520,1.00,1.00,0,0,0.00,0.00,0.00,1.00,0.00
55943815270366220,20170521,1.00,1.00,0,0,0.00,0.00,0.00,1.00,0.00
55943815270366220,20170522,1.00,1.00,0,0,0.00,0.00,0.00,1.00,0.00
55943815270366220,20170523,1.00,1.00,0,0,0.00,0.00,0.00,1.00,0.00
55943815270366220,20170524,1.00,1.00,0,0,0.00,0.00,0.00,1.00,0.00
55943815270366220,20170527,1.00,1.00,0,0,0.00,0.00,0.00,1.00,0.00
55943815270366220,20170528,1.00,1.00,0,0,0.00,0.00,0.00,1.00,0.00
55943815270366220,20170529,1.00,1.00,0,0,0.00,0.00,0.00,1.00,0.00
55943815270366220,20170530,1.00,1.00,0,0,0.00,0.00,0.00,1.00,0.00
55943815270366220,20170531,1.00,1.00,0,0,0.00,0.00,0.00,1.00,0.00
55943815270366220,20170603,1.00,1.00,0,0,0.00,0.00,0.00,1.00,0.00
55943815270366220,20170606,1.00,1.00,0,0,0.00,0.00,0.00,1.00,0.00
55943815270366220,20170607,1.00,1.00,0,0,0.00,0.00,0.00,1.00,0.00
55943815270366220,20170610,1.00,1.00,0,0,0.00,0.00,0.00,1.00,0.00
55943815270366220,20170611,1.00,1.00,0,0,0.00,0.00,0.00,1.00,0.00
55943815270366220,20170612,1.00,1.00,0,0,0.00,0.00,0.00,1.00,0.00
55943815270366220,20170613,1.00,1.00,0,0,0.00,0.00,0.00,1.00,0.00
55943815270366220,20170614,1.00,1.00,0,0,0.00,0.00,0.00,1.00,0.00
55943815270366220,20170617,1.00,1.00,0,0,0.00,0.00,0.00,1.00,0.00
55943815270366220,20170618,1.00,1.00,0,0,0.00,0.00,0.00,1.00,0.00
55943815270366220,20170619,1.00,1.00,0,0,0.00,0.00,0.00,1.00,0.00
55943815270366220,20170620,1.00,1.00,0,0,0.00,0.00,0.00,1.00,0.00
55943815270366220,20170621,1.00,1.00,0,0,0.00,0.00,0.00,1.00,0.00
55943815270366220,20170624,1.00,1.00,0,0,0.00,0.00,0.00,1.00,0.00
55943815270366220,20170625,1.00,1.00,0,0,0.00,0.00,0.00,1.00,0.00
55943815270366220,20170628,1.00,1.00,0,0,0.00,0.00,0.00,1.00,0.00
55943815270366220,20170701,1.00,1.00,0,0,0.00,0.00,0.00,1.00,0.00
55943815270366220,20170702,1.00,1.00,0,0,0.00,0.00,0.00,1.00,0.00
55943815270366220,20170703,1.00,1.00,0,0,0.00,0.00,0.00,1.00,0.00
55943815270366220,20170704,1.00,1.00,0,0,0.00,0.00,0.00,1.00,0.00
55943815270366220,20170705,1.00,1.00,0,0,0.00,0.00,0.00,1.00,0.00
55943815270366220,20170708,1.00,1.00,0,0,0.00,0.00,0.00,1.00,0.00
55943815270366220,20170709,1.00,1.00,0,0,0.00,0.00,0.00,1.00,0.00
55943815270366220,20170710,1.00,1.00,0,0,0.00,0.00,0.00,1.00,0.00
55943815270366220,20170711,1.00,1.00,0,0,0.00,0.00,0.00,1.00,0.00
55943815270366220,20170712,1.00,1.00,0,0,0.00,0.00,0.00,1.00,0.00
55943815270366220,20170715,1.00,1.00,0,0,0.00,0.00,0.00,1.00,0.00
55943815270366220,20170716,1.00,1.00,0,0,0.00,0.00,0.00,1.00,0.00
55943815270366220,20170717,1.00,1.00,0,0,0.00,0.00,0.00,1.00,0.00
55943815270366220,20170718,1.00,1.00,0,0,0.00,0.00,0.00,1.00,0.00
55943815270366220,20170719,1.00,1.00,0,0,0.00,0.00,0.00,1.00,0.00
55943815270366220,20170722,1.00,1.00,0,0,0.00,0.00,0.00,1.00,0.00
55943815270366220,20170723,1.00,1.00,0,0,0.00,0.00,0.00,1.00,0.00
55943815270366220,20170724,1.00,1.00,0,0,0.00,0.00,0.00,1.00,0.00
55943815270366220,20170725,1.00,1.00,0,0,0.00,0.00,0.00,1.00,0.00
55943815270366220,20170726,1.00,1.00,0,0,0.00,0.00,0.00,1.00,0.00
55943815270366220,20170729,1.00,1.00,0,0,0.00,0.00,0.00,1.00,0.00
55943815270366220,20170730,1.00,1.00,0,0,0.00,0.00,0.00,1.00,0.00
55943815270366220,20170731,1.00,1.00,0,0,0.00,0.00,0.00,1.00,0.00
55943815270366220,20170801,1.00,1.00,0,0,0.00,0.00,0.00,1.00,0.00
55943815270366220,20170802,1.00,1.00,0,0,0.00,0.00,0.00,1.00,0.00
55943815270366220,20170806,1.00,1.00,0,0,0.00,0.00,0.00,1.00,0.00
55943815270366220,20170807,1.00,1.00,0,0,0.00,0.00,0.00,1.00,0.00
55943815270366220,20170808,1.00,1.00,0,0,0.00,0.00,0.00,1.00,0.00
55943815270366220,20170809,1.00,1.00,0,0,0.00,0.00,0.00,1.00,0.00
55943815270366220,20170812,1.00,1.00,0,0,0.00,0.00,0.00,1.00,0.00
55943815270366220,20170813,1.00,1.00,0,0,0.00,0.00,0.00,1.00,0.00
55943815270366220,20170814,1.00,1.00,0,0,0.00,0.00,0.00,1.00,0.00
55943815270366220,20170815,1.00,1.00,0,0,0.00,0.00,0.00,1.00,0.00
55943815270366220,20170816,1.00,1.00,0,0,0.00,0.00,0.00,1.00,0.00
55943815270366220,20170819,1.00,1.00,0,0,0.00,0.00,0.00,1.00,0.00
55943815270366220,20170820,1.00,1.00,0,0,0.00,0.00,0.00,1.00,0.00
55943815270366220,20170821,1.00,1.00,0,0,0.00,0.00,0.00,1.00,0.00
55943815270366220,20170822,1.00,1.00,0,0,0.00,0.00,0.00,1.00,0.00
55943815270366220,20170823,1.00,1.00,0,0,0.00,0.00,0.00,1.00,0.00
55943815270366220,20170826,1.00,1.00,0,0,0.00,0.00,0.00,1.00,0.00
55943815270366220,20170827,1.00,1.00,0,0,0.00,0.00,0.00,1.00,0.00
55943815270366220,20170828,1.00,1.00,0,0,0.00,0.00,0.00,1.00,0.00
55943815270366220,20170829,1.00,1.00,0,0,0.00,0.00,0.00,1.00,0.00
55943815270366220,20170830,1.00,1.00,0,0,0.00,0.00,0.00,1.00,0.00
55943815270366220,20170902,1.00,1.00,0,0,0.00,0.00,0.00,1.00,0.00
55943815270366220,20170903,1.00,1.00,0,0,0.00,0.00,0.00,1.00,0.00
55943815270366220,20170904,1.00,1.00,0,0,0.00,0.00,0.00,1.00,0.00
55943815270366220,20170905,1.00,1.00,0,0,0.00,0.00,0.00,1.00,0.00
55943815270366220,20170906,1.00,1.00,0,0,0.00,0.00,0.00,1.00,0.00
55943815270366220,20170910,1.00,1.00,0,0,0.00,0.00,0.00,1.00,0.00
55943815270366220,20170911,1.00,1.00,0,0,0.00,0.00,0.00,1.00,0.00
55943815270366220,20170912,1.00,1.00,0,0,0.00,0.00,0.00,1.00,0.00
55943815270366220,20170913,1.00,1.00,0,0,0.00,0.00,0.00,1.00,0.00
55943815270366220,20170916,1.00,1.00,0,0,0.00,0.00,0.00,1.00,0.00
55943815270366220,20170917,1.00,1.00,0,0,0.00,0.00,0.00,1.00,0.00
55943815270366220,20170918,1.00,1.00,0,0,0.00,0.00,0.00,1.00,0.00
55943815270366220,20170919,1.00,1.00,0,0,0.00,0.00,0.00,1.00,0.00
55943815270366220,20170920,1.00,1.00,0,0,0.00,0.00,0.00,1.00,0.00
55943815270366220,20170923,1.00,1.00,0,0,0.00,0.00,0.00,1.00,0.00
55943815270366220,20170924,1.00,1.00,0,0,0.00,0.00,0.00,1.00,0.00
55943815270366220,20170925,1.00,1.00,0,0,0.00,0.00,0.00,1.00,0.00
55943815270366220,20170926,1.00,1.00,0,0,0.00,0.00,0.00,1.00,0.00
55943815270366220,20170927,1.00,1.00,0,0,0.00,0.00,0.00,1.00,0.00
55943815270366220,20171002,1.00,1.00,0,0,0.00,0.00,0.00,1.00,0.00
55943815270366220,20171003,1.00,1.00,0,0,0.00,0.00,0.00,1.00,0.00
55943815270366220,20171004,1.00,1.00,0,0,0.00,0.00,0.00,1.00,0.00
55943815270366220,20171007,1.00,1.00,0,0,0.00,0.00,0.00,1.00,0.00
55943815270366220,20171008,1.00,1.00,0,0,0.00,0.00,0.00,1.00,0.00
55943815270366220,20171009,1.00,1.00,0,0,0.00,0.00,0.00,1.00,0.00
55943815270366220,20171010,1.00,1.00,0,0,0.00,0.00,0.00,1.00,0.00
55943815270366220,20171011,1.00,1.00,0,0,0.00,0.00,0.00,1.00,0.00
55943815270366220,20171014,1.00,1.00,0,0,0.00,0.00,0.00,1.00,0.00
55943815270366220,20171015,1.00,1.00,0,0,0.00,0.00,0.00,1.00,0.00
55943815270366220,20171016,1.00,1.00,0,0,0.00,0.00,0.00,1.00,0.00
55943815270366220,20171017,1.00,1.00,0,0,0.00,0.00,0.00,1.00,0.00
55943815270366220,20171018,1.00,1.00,0,0,0.00,0.00,0.00,1.00,0.00
55943815270366220,20171021,1.00,1.00,0,0,0.00,0.00,0.00,1.00,0.00
55943815270366220,20171022,1.00,1.00,0,0,0.00,0.00,0.00,1.00,0.00
55943815270366220,20171023,1.00,1.00,0,0,0.00,0.00,0.00,1.00,0.00
55943815270366220,20171024,1.00,1.00,0,0,0.00,0.00,0.00,1.00,0.00
55943815270366220,20171025,1.00,1.00,0,0,0.00,0.00,0.00,1.00,0.00
55943815270366220,20171028,1.00,1.00,0,0,0.00,0.00,0.00,1.00,0.00
55943815270366220,20171029,1.00,1.00,0,0,0.00,0.00,0.00,1.00,0.00
55943815270366220,20171030,1.00,1.00,0,0,0.00,0.00,0.00,1.00,0.00
55943815270366220,20171031,1.00,1.00,0,0,0.00,0.00,0.00,1.00,0.00
55943815270366220,20171101,1.00,1.00,0,0,0.00,0.00,0.00,1.00,0.00
55943815270366220,20171104,1.00,1.00,0,0,0.00,0.00,0.00,1.00,0.00
55943815270366220,20171105,1.00,1.00,0,0,0.00,0.00,0.00,1.00,0.00
55943815270366220,20171106,1.00,1.00,0,0,0.00,0.00,0.00,1.00,0.00
55943815270366220,20171107,1.00,1.00,0,0,0.00,0.00,0.00,1.00,0.00
55943815270366220,20171108,1.00,1.00,0,0,0.00,0.00,0.00,1.00,0.00
55943815270366220,20171111,1.00,1.00,0,0,0.00,0.00,0.00,1.00,0.00
55943815270366220,20171112,1.00,1.00,0,0,0.00,0.00,0.00,1.00,0.00
55943815270366220,20171113,1.00,1.00,0,0,0.00,0.00,0.00,1.00,0.00
55943815270366220,20171114,1.00,1.00,0,0,0.00,0.00,0.00,1.00,0.00
55943815270366220,20171115,1.00,1.00,0,0,0.00,0.00,0.00,1.00,0.00
55943815270366220,20171118,1.00,1.00,0,0,0.00,0.00,0.00,1.00,0.00
55943815270366220,20171120,1.00,1.00,0,0,0.00,0.00,0.00,1.00,0.00
55943815270366220,20171121,1.00,1.00,0,0,0.00,0.00,0.00,1.00,0.00
55943815270366220,20171122,1.00,1.00,0,0,0.00,0.00,0.00,1.00,0.00
55943815270366220,20171125,1.00,1.00,0,0,0.00,0.00,0.00,1.00,0.00
55943815270366220,20171126,1.00,1.00,0,0,0.00,0.00,0.00,1.00,0.00
55943815270366220,20171128,1.00,1.00,0,0,0.00,0.00,0.00,1.00,0.00
55943815270366220,20171129,1.00,1.00,0,0,0.00,0.00,0.00,1.00,0.00
55943815270366220,20171202,1.00,1.00,0,0,0.00,0.00,0.00,1.00,0.00
55943815270366220,20171203,1.00,1.00,0,0,0.00,0.00,0.00,1.00,0.00
55943815270366220,20171204,1.00,1.00,0,0,0.00,0.00,0.00,1.00,0.00
55943815270366220,20171205,1.00,1.00,0,0,0.00,0.00,0.00,1.00,0.00
55943815270366220,20171209,1.00,1.00,0,0,0.00,0.00,0.00,1.00,0.00
55943815270366220,20171210,1.00,1.00,0,0,0.00,0.00,0.00,1.00,0.00
55943815270366220,20171211,1.00,1.00,0,0,0.00,0.00,0.00,1.00,0.00
55943815270366220,20171212,1.00,1.00,0,0,0.00,0.00,0.00,1.00,0.00
55943815270366220,20171213,1.00,1.00,0,0,0.00,0.00,0.00,1.00,0.00
55943815270366220,20171214,1.00,1.00,0,0,0.00,0.00,0.00,1.00,0.00
55943815270366220,20171215,1.00,1.00,0,0,0.00,0.00,0.00,1.00,0.00
55943815270366220,20171216,1.00,1.00,0,0,0.00,0.00,0.00,1.00,0.00
55943815270366220,20171217,1.00,1.00,0,0,0.00,0.00,0.00,1.00,0.00
55943815270366220,20171218,1.00,1.00,0,0,0.00,0.00,0.00,1.00,0.00
55943815270366220,20171219,1.00,1.00,0,0,0.00,0.00,0.00,1.00,0.00
55943815270366220,20171220,1.00,1.00,0,0,0.00,0.00,0.00,1.00,0.00
55943815270366220,20171223,1.00,1.00,0,0,0.00,0.00,0.00,1.00,0.00
55943815270366220,20171224,1.00,1.00,0,0,0.00,0.00,0.00,1.00,0.00
55943815270366220,20171225,1.00,1.00,0,0,0.00,0.00,0.00,1.00,0.00
55943815270366220,20171226,1.00,1.00,0,0,0.00,0.00,0.00,1.00,0.00
55943815270366220,20171227,1.00,1.00,0,0,0.00,0.00,0.00,1.00,0.00
55943815270366220,20171230,1.00,1.00,0,0,0.00,0.00,0.00,1.00,0.00
55943815270366220,20171231,1.00,1.00,0,0,0.00,0.00,0.00,1.00,0.00
55943815270366220,20180101,1.00,1.00,0,0,0.00,0.00,0.00,1.00,0.00
55943815270366220,20180102,1.00,1.00,0,0,0.00,0.00,0.00,1.00,0.00
55943815270366220,20180103,1.00,1.00,0,0,0.00,0.00,0.00,1.00,0.00
55943815270366220,20180106,1.00,1.00,0,0,0.00,0.00,0.00,1.00,0.00
55943815270366220,20180107,1.00,1.00,0,0,0.00,0.00,0.00,1.00,0.00
55943815270366220,20180108,1.00,1.00,0,0,0.00,0.00,0.00,1.00,0.00
55943815270366220,20180109,1.00,1.00,0,0,0.00,0.00,0.00,1.00,0.00
55943815270366220,20180110,1.00,1.00,0,0,0.00,0.00,0.00,1.00,0.00
55943815270366220,20180113,1.00,1.00,0,0,0.00,0.00,0.00,1.00,0.00
55943815270366220,20180114,1.00,1.00,0,0,0.00,0.00,0.00,1.00,0.00
55943815270366220,20180115,1.00,1.00,0,0,0.00,0.00,0.00,1.00,0.00
55943815270366220,20180116,1.00,1.00,0,0,0.00,0.00,0.00,1.00,0.00
55943815270366220,20180117,1.00,1.00,0,0,0.00,0.00,0.00,1.00,0.00
55943815270366220,20180120,1.00,1.00,0,0,0.00,0.00,0.00,1.00,0.00
55943815270366220,20180121,1.00,1.00,0,0,0.00,0.00,0.00,1.00,0.00
55943815270366220,20180122,1.00,1.00,0,0,0.00,0.00,0.00,1.00,0.00
55943815270366220,20180123,1.00,1.00,0,0,0.00,0.00,0.00,1.00,0.00
55943815270366220,20180124,1.00,1.00,0,0,0.00,0.00,0.00,1.00,0.00
55943815270366220,20180127,1.00,1.00,0,0,0.00,0.00,0.00,1.00,0.00
55943815270366220,20180128,1.00,1.00,0,0,0.00,0.00,0.00,1.00,0.00
55943815270366220,20180129,1.00,1.00,0,0,0.00,0.00,0.00,1.00,0.00
55943815270366220,20180130,1.00,1.00,0,0,0.00,0.00,0.00,1.00,0.00
55943815270366220,20180131,1.00,1.00,0,0,0.00,0.00,0.00,1.00,0.00
55943815270366220,20180203,1.00,1.00,0,0,0.00,0.00,0.00,1.00,0.00
55943815270366220,20180204,1.00,1.00,0,0,0.00,0.00,0.00,1.00,0.00
55943815270366220,20180205,1.00,1.00,0,0,0.00,0.00,0.00,1.00,0.00
55943815270366220,20180206,1.00,1.00,0,0,0.00,0.00,0.00,1.00,0.00
55943815270366220,20180207,1.00,1.00,0,0,0.00,0.00,0.00,1.00,0.00
55943815270366220,20180210,1.00,1.00,0,0,0.00,0.00,0.00,1.00,0.00
55943815270366220,20180212,1.00,1.00,0,0,0.00,0.00,0.00,1.00,0.00
55943815270366220,20180213,1.00,1.00,0,0,0.00,0.00,0.00,1.00,0.00
55943815270366220,20180214,1.00,1.00,0,0,0.00,0.00,0.00,1.00,0.00
55943815270366220,20180217,1.00,1.00,0,0,0.00,0.00,0.00,1.00,0.00
55943815270366220,20180218,1.00,1.00,0,0,0.00,0.00,0.00,1.00,0.00
55943815270366220,20180219,1.00,1.00,0,0,0.00,0.00,0.00,1.00,0.00
55943815270366220,20180221,1.00,1.00,0,0,0.00,0.00,0.00,1.00,0.00
55943815270366220,20180224,1.00,1.00,0,0,0.00,0.00,0.00,1.00,0.00
55943815270366220,20180225,1.00,1.00,0,0,0.00,0.00,0.00,1.00,0.00
55943815270366220,20180226,1.00,1.00,0,0,0.00,0.00,0.00,1.00,0.00
55943815270366220,20180227,1.00,1.00,0,0,0.00,0.00,0.00,1.00,0.00
55943815270366220,20180228,1.00,1.00,0,0,0.00,0.00,0.00,1.00,0.00
55943815270366220,20180303,1.00,1.00,0,0,0.00,0.00,0.00,1.00,0.00
55943815270366220,20180304,1.00,1.00,0,0,0.00,0.00,0.00,1.00,0.00
55943815270366220,20180305,1.00,1.00,0,0,0.00,0.00,0.00,1.00,0.00
55943815270366220,20180306,1.00,1.00,0,0,0.00,0.00,0.00,1.00,0.00
55943815270366220,20180307,1.00,1.00,0,0,0.00,0.00,0.00,1.00,0.00
55943815270366220,20180310,1.00,1.00,0,0,0.00,0.00,0.00,1.00,0.00
55943815270366220,20180311,1.00,1.00,0,0,0.00,0.00,0.00,1.00,0.00
55943815270366220,20180312,1.00,1.00,0,0,0.00,0.00,0.00,1.00,0.00
55943815270366220,20180313,1.00,1.00,0,0,0.00,0.00,0.00,1.00,0.00
55943815270366220,20180314,1.00,1.00,0,0,0.00,0.00,0.00,1.00,0.00
55943815270366220,20180317,1.00,1.00,0,0,0.00,0.00,0.00,1.00,0.00
55943815270366220,20180318,1.00,1.00,0,0,0.00,0.00,0.00,1.00,0.00
55943815270366220,20180319,1.00,1.00,0,0,0.00,0.00,0.00,1.00,0.00
55943815270366220,20180325,1.00,1.00,0,0,0.00,0.00,0.00,1.00,0.00
55943815270366220,20180326,1.00,1.00,0,0,0.00,0.00,0.00,1.00,0.00
55943815270366220,20180327,1.00,1.00,0,0,0.00,0.00,0.00,1.00,0.00
55943815270366220,20180328,1.00,1.00,0,0,0.00,0.00,0.00,1.00,0.00
55943815270366220,20180403,1.00,1.00,0,0,0.00,0.00,0.00,1.00,0.00
55943815270366220,20180404,1.00,1.00,0,0,0.00,0.00,0.00,1.00,0.00
55943815270366220,20180407,1.00,1.00,0,0,0.00,0.00,0.00,1.00,0.00
55943815270366220,20180408,1.00,1.00,0,0,0.00,0.00,0.00,1.00,0.00
55943815270366220,20180409,1.00,1.00,0,0,0.00,0.00,0.00,1.00,0.00
55943815270366220,20180410,1.00,1.00,0,0,0.00,0.00,0.00,1.00,0.00
55943815270366220,20180411,1.00,1.00,0,0,0.00,0.00,0.00,1.00,0.00
55943815270366220,20180415,1.00,1.00,0,0,0.00,0.00,0.00,1.00,0.00
55943815270366220,20180416,1.00,1.00,0,0,0.00,0.00,0.00,1.00,0.00
55943815270366220,20180417,1.00,1.00,0,0,0.00,0.00,0.00,1.00,0.00
55943815270366220,20180418,1.00,1.00,0,0,0.00,0.00,0.00,1.00,0.00
55943815270366220,20180421,1.00,1.00,0,0,0.00,0.00,0.00,1.00,0.00
55943815270366220,20180422,1.00,1.00,0,0,0.00,0.00,0.00,1.00,0.00
55943815270366220,20180423,1.00,1.00,0,0,0.00,0.00,0.00,1.00,0.00
55943815270366220,20180424,1.00,1.00,0,0,0.00,0.00,0.00,1.00,0.00
55943815270366220,20180425,1.00,1.00,0,0,0.00,0.00,0.00,1.00,0.00
55943815270366220,20180428,1.00,1.00,0,0,0.00,0.00,0.00,1.00,0.00
55943815270366220,20180429,1.00,1.00,0,0,0.00,0.00,0.00,1.00,0.00
55943815270366220,20180430,1.00,1.00,0,0,0.00,0.00,0.00,1.00,0.00
55943815270366220,20180501,1.00,1.00,0,0,0.00,0.00,0.00,1.00,0.00
55943815270366220,20180505,1.00,1.00,0,0,0.00,0.00,0.00,1.00,0.00
55943815270366220,20180506,1.00,1.00,0,0,0.00,0.00,0.00,1.00,0.00
55943815270366220,20180507,1.00,1.00,0,0,0.00,0.00,0.00,1.00,0.00
55943815270366220,20180508,1.00,1.00,0,0,0.00,0.00,0.00,1.00,0.00
55943815270366220,20180509,1.00,1.00,0,0,0.00,0.00,0.00,1.00,0.00
55943815270366220,20180512,1.00,1.00,0,0,0.00,0.00,0.00,1.00,0.00
55943815270366220,20180513,1.00,1.00,0,0,0.00,0.00,0.00,1.00,0.00
55943815270366220,20180514,1.00,1.00,0,0,0.00,0.00,0.00,1.00,0.00
55943815270366220,20180515,1.00,1.00,0,0,0.00,0.00,0.00,1.00,0.00
55943815270366220,20180516,1.00,1.00,0,0,0.00,0.00,0.00,1.00,0.00
55943815270366220,20180519,1.00,1.00,0,0,0.00,0.00,0.00,1.00,0.00
55943815270366220,20180520,1.00,1.00,0,0,0.00,0.00,0.00,1.00,0.00
55943815270366220,20180521,1.00,1.00,0,0,0.00,0.00,0.00,1.00,0.00
55943815270366220,20180522,1.00,1.00,0,0,0.00,0.00,0.00,1.00,0.00
55943815270366220,20180523,1.00,1.00,0,0,0.00,0.00,0.00,1.00,0.00
55943815270366220,20180526,1.00,1.00,0,0,0.00,0.00,0.00,1.00,0.00
55943815270366220,20180527,1.00,1.00,0,0,0.00,0.00,0.00,1.00,0.00
55943815270366220,20180528,1.00,1.00,0,0,0.00,0.00,0.00,1.00,0.00
55943815270366220,20180529,1.00,1.00,0,0,0.00,0.00,0.00,1.00,0.00
55943815270366220,20180530,1.00,1.00,0,0,0.00,0.00,0.00,1.00,0.00
55943815270366220,20180602,1.00,1.00,0,0,0.00,0.00,0.00,1.00,0.00
55943815270366220,20180603,1.00,1.00,0,0,0.00,0.00,0.00,1.00,0.00
55943815270366220,20180609,1.00,1.00,0,0,0.00,0.00,0.00,1.00,0.00
55943815270366220,20180610,1.00,1.00,0,0,0.00,0.00,0.00,1.00,0.00
55943815270366220,20180611,1.00,1.00,0,0,0.00,0.00,0.00,1.00,0.00
55943815270366220,20180612,1.00,1.00,0,0,0.00,0.00,0.00,1.00,0.00
55943815270366220,20180613,1.00,1.00,0,0,0.00,0.00,0.00,1.00,0.00
55943815270366220,20180617,1.00,1.00,0,0,0.00,0.00,0.00,1.00,0.00
55943815270366220,20180618,1.00,1.00,0,0,0.00,0.00,0.00,1.00,0.00
55943815270366220,20180619,1.00,1.00,0,0,0.00,0.00,0.00,1.00,0.00
55943815270366220,20180620,1.00,1.00,0,0,0.00,0.00,0.00,1.00,0.00
55943815270366220,20180623,1.00,1.00,0,0,0.00,0.00,0.00,1.00,0.00
55943815270366220,20180624,1.00,1.00,0,0,0.00,0.00,0.00,1.00,0.00
55943815270366220,20180625,1.00,1.00,0,0,0.00,0.00,0.00,1.00,0.00
55943815270366220,20180626,1.00,1.00,0,0,0.00,0.00,0.00,1.00,0.00
55943815270366220,20180627,1.00,1.00,0,0,0.00,0.00,0.00,1.00,0.00
55943815270366220,20180630,1.00,1.00,0,0,0.00,0.00,0.00,1.00,0.00
55943815270366220,20180701,1.00,1.00,0,0,0.00,0.00,0.00,1.00,0.00
55943815270366220,20180702,1.00,1.00,0,0,0.00,0.00,0.00,1.00,0.00
55943815270366220,20180703,1.00,1.00,0,0,0.00,0.00,0.00,1.00,0.00
55943815270366220,20180704,1.00,1.00,0,0,0.00,0.00,0.00,1.00,0.00
55943815270366220,20180707,1.00,1.00,0,0,0.00,0.00,0.00,1.00,0.00
55943815270366220,20180708,1.00,1.00,0,0,0.00,0.00,0.00,1.00,0.00
55943815270366220,20180710,1.00,1.00,0,0,0.00,0.00,0.00,1.00,0.00
55943815270366220,20180711,1.00,1.00,0,0,0.00,0.00,0.00,1.00,0.00
55943815270366220,20180714,1.00,1.00,0,0,0.00,0.00,0.00,1.00,0.00
55943815270366220,20180715,1.00,1.00,0,0,0.00,0.00,0.00,1.00,0.00
55943815270366220,20180716,1.00,1.00,0,0,0.00,0.00,0.00,1.00,0.00
55943815270366220,20180717,1.00,1.00,0,0,0.00,0.00,0.00,1.00,0.00
55943815270366220,20180718,1.00,1.00,0,0,0.00,0.00,0.00,1.00,0.00
55943815270366220,20180721,1.00,1.00,0,0,0.00,0.00,0.00,1.00,0.00
55943815270366220,20180722,1.00,1.00,0,0,0.00,0.00,0.00,1.00,0.00
55943815270366220,20180723,1.00,1.00,0,0,0.00,0.00,0.00,1.00,0.00
55943815270366220,20180724,1.00,1.00,0,0,0.00,0.00,0.00,1.00,0.00
55943815270366220,20180725,1.00,1.00,0,0,0.00,0.00,0.00,1.00,0.00
55943815270366220,20180726,1.00,1.00,0,0,0.00,0.00,0.00,1.00,0.00
55943815270366220,20180727,1.00,1.00,0,0,0.00,0.00,0.00,1.00,0.00
55943815270366220,20180728,1.00,1.00,0,0,0.00,0.00,0.00,1.00,0.00
55943815270366220,20180729,1.00,1.00,0,0,0.00,0.00,0.00,1.00,0.00
55943815270366220,20180730,1.00,1.00,0,0,0.00,0.00,0.00,1.00,0.00
55943815270366220,20180731,1.00,1.00,0,0,0.00,0.00,0.00,1.00,0.00
55943815270366220,20180801,1.00,1.00,0,0,0.00,0.00,0.00,1.00,0.00
55943815270366220,20180804,1.00,1.00,0,0,0.00,0.00,0.00,1.00,0.00
55943815270366220,20180805,1.00,1.00,0,0,0.00,0.00,0.00,1.00,0.00
55943815270366220,20180806,1.00,1.00,0,0,0.00,0.00,0.00,1.00,0.00
55943815270366220,20180807,1.00,1.00,0,0,0.00,0.00,0.00,1.00,0.00
55943815270366220,20180808,1.00,1.00,0,0,0.00,0.00,0.00,1.00,0.00
55943815270366220,20180811,1.00,1.00,0,0,0.00,0.00,0.00,1.00,0.00
55943815270366220,20180812,1.00,1.00,0,0,0.00,0.00,0.00,1.00,0.00
55943815270366220,20180813,1.00,1.00,0,0,0.00,0.00,0.00,1.00,0.00
55943815270366220,20180814,1.00,1.00,0,0,0.00,0.00,0.00,1.00,0.00
55943815270366220,20180815,1.00,1.00,0,0,0.00,0.00,0.00,1.00,0.00
55943815270366220,20180818,1.00,1.00,0,0,0.00,0.00,0.00,1.00,0.00
55943815270366220,20180819,1.00,1.00,0,0,0.00,0.00,0.00,1.00,0.00
55943815270366220,20180820,1.00,1.00,0,0,0.00,0.00,0.00,1.00,0.00
55943815270366220,20180821,1.00,1.00,0,0,0.00,0.00,0.00,1.00,0.00
55943815270366220,20180825,1.00,1.00,0,0,0.00,0.00,0.00,1.00,0.00
55943815270366220,20180826,1.00,1.00,0,0,0.00,0.00,0.00,1.00,0.00
55943815270366220,20180827,1.00,1.00,0,0,0.00,0.00,0.00,1.00,0.00
55943815270366220,20180828,1.00,1.00,0,0,0.00,0.00,0.00,1.00,0.00
55943815270366220,20180829,1.00,1.00,0,0,0.00,0.00,0.00,1.00,0.00
55943815270366220,20180901,1.00,1.00,0,0,0.00,0.00,0.00,1.00,0.00
55943815270366220,20180902,1.00,1.00,0,0,0.00,0.00,0.00,1.00,0.00
55943815270366220,20180903,1.00,1.00,0,0,0.00,0.00,0.00,1.00,0.00
55943815270366220,20180904,1.00,1.00,0,0,0.00,0.00,0.00,1.00,0.00
55943815270366220,20180905,1.00,1.00,0,0,0.00,0.00,0.00,1.00,0.00
55943815270366220,20180908,1.00,1.00,0,0,0.00,0.00,0.00,1.00,0.00
55943815270366220,20180909,1.00,1.00,0,0,0.00,0.00,0.00,1.00,0.00
55943815270366220,20180910,1.00,1.00,0,0,0.00,0.00,0.00,1.00,0.00
55943815270366220,20180911,1.00,1.00,0,0,0.00,0.00,0.00,1.00,0.00
55943815270366220,20180912,1.00,1.00,0,0,0.00,0.00,0.00,1.00,0.00
55943815270366220,20180915,1.00,1.00,0,0,0.00,0.00,0.00,1.00,0.00
55943815270366220,20180916,1.00,1.00,0,0,0.00,0.00,0.00,1.00,0.00
55943815270366220,20180917,1.00,1.00,0,0,0.00,0.00,0.00,1.00,0.00
55943815270366220,20180918,1.00,1.00,0,0,0.00,0.00,0.00,1.00,0.00
55943815270366220,20180922,1.00,1.00,0,0,0.00,0.00,0.00,1.00,0.00
55943815270366220,20180923,1.00,1.00,0,0,0.00,0.00,0.00,1.00,0.00
55943815270366220,20180924,1.00,1.00,0,0,0.00,0.00,0.00,1.00,0.00
55943815270366220,20180925,1.00,1.00,0,0,0.00,0.00,0.00,1.00,0.00
55943815270366220,20180926,1.00,1.00,0,0,0.00,0.00,0.00,1.00,0.00
55943815270366220,20180929,1.00,1.00,0,0,0.00,0.00,0.00,1.00,0.00
55943815270366220,20180930,1.00,1.00,0,0,0.00,0.00,0.00,1.00,0.00
55943815270366220,20181001,1.00,1.00,0,0,0.00,0.00,0.00,1.00,0.00
55943815270366220,20181002,1.00,1.00,0,0,0.00,0.00,0.00,1.00,0.00
55943815270366220,20181003,1.00,1.00,0,0,0.00,0.00,0.00,1.00,0.00
55943815270366220,20181006,1.00,1.00,0,0,0.00,0.00,0.00,1.00,0.00
55943815270366220,20181007,1.00,1.00,0,0,0.00,0.00,0.00,1.00,0.00
55943815270366220,20181008,1.00,1.00,0,0,0.00,0.00,0.00,1.00,0.00
55943815270366220,20181009,1.00,1.00,0,0,0.00,0.00,0.00,1.00,0.00
55943815270366220,20181010,1.00,1.00,0,0,0.00,0.00,0.00,1.00,0.00
55943815270366220,20181013,1.00,1.00,0,0,0.00,0.00,0.00,1.00,0.00
55943815270366220,20181014,1.00,1.00,0,0,0.00,0.00,0.00,1.00,0.00
55943815270366220,20181015,1.00,1.00,0,0,0.00,0.00,0.00,1.00,0.00
55943815270366220,20181016,1.00,1.00,0,0,0.00,0.00,0.00,1.00,0.00
55943815270366220,20181017,1.00,1.00,0,0,0.00,0.00,0.00,1.00,0.00
55943815270366220,20181020,1.00,1.00,0,0,0.00,0.00,0.00,1.00,0.00
55943815270366220,20181021,1.00,1.00,0,0,0.00,0.00,0.00,1.00,0.00
55943815270366220,20181022,1.00,1.00,0,0,0.00,0.00,0.00,1.00,0.00
55943815270366220,20181023,1.00,1.00,0,0,0.00,0.00,0.00,1.00,0.00
55943815270366220,20181024,1.00,1.00,0,0,0.00,0.00,0.00,1.00,0.00
55943815270366220,20181027,1.00,1.00,0,0,0.00,0.00,0.00,1.00,0.00
55943815270366220,20181028,1.00,1.00,0,0,0.00,0.00,0.00,1.00,0.00
55943815270366220,20181029,1.00,1.00,0,0,0.00,0.00,0.00,1.00,0.00
55943815270366220,20181031,1.00,1.00,0,0,0.00,0.00,0.00,1.00,0.00
55943815270366220,20181103,1.00,1.00,0,0,0.00,0.00,0.00,1.00,0.00
55943815270366220,20181104,1.00,1.00,0,0,0.00,0.00,0.00,1.00,0.00
55943815270366220,20181105,1.00,1.00,0,0,0.00,0.00,0.00,1.00,0.00
55943815270366220,20181106,1.00,1.00,0,0,0.00,0.00,0.00,1.00,0.00
55943815270366220,20181110,1.00,1.00,0,0,0.00,0.00,0.00,1.00,0.00
55943815270366220,20181111,1.00,1.00,0,0,0.00,0.00,0.00,1.00,0.00
55943815270366220,20181112,1.00,1.00,0,0,0.00,0.00,0.00,1.00,0.00
55943815270366220,20181113,1.00,1.00,0,0,0.00,0.00,0.00,1.00,0.00
55943815270366220,20181114,1.00,1.00,0,0,0.00,0.00,0.00,1.00,0.00
55943815270366220,20181117,1.00,1.00,0,0,0.00,0.00,0.00,1.00,0.00
55943815270366220,20181118,1.00,1.00,0,0,0.00,0.00,0.00,1.00,0.00
55943815270366220,20181119,1.00,1.00,0,0,0.00,0.00,0.00,1.00,0.00
55943815270366220,20181120,1.00,1.00,0,0,0.00,0.00,0.00,1.00,0.00
55943815270366220,20181121,1.00,1.00,0,0,0.00,0.00,0.00,1.00,0.00
55943815270366220,20181124,1.00,1.00,0,0,0.00,0.00,0.00,1.00,0.00
55943815270366220,20181126,1.00,1.00,0,0,0.00,0.00,0.00,1.00,0.00
55943815270366220,20181127,1.00,1.00,0,0,0.00,0.00,0.00,1.00,0.00
55943815270366220,20181128,1.00,1.00,0,0,0.00,0.00,0.00,1.00,0.00
55943815270366220,20181201,1.00,1.00,0,0,0.00,0.00,0.00,1.00,0.00
55943815270366220,20181202,1.00,1.00,0,0,0.00,0.00,0.00,1.00,0.00
55943815270366220,20181203,1.00,1.00,0,0,0.00,0.00,0.00,1.00,0.00
55943815270366220,20181204,1.00,1.00,0,0,0.00,0.00,0.00,1.00,0.00
55943815270366220,20181205,1.00,1.00,0,0,0.00,0.00,0.00,1.00,0.00
55943815270366220,20181208,1.00,1.00,0,0,0.00,0.00,0.00,1.00,0.00
55943815270366220,20181209,1.00,1.00,0,0,0.00,0.00,0.00,1.00,0.00
55943815270366220,20181210,1.00,1.00,0,0,0.00,0.00,0.00,1.00,0.00
55943815270366220,20181211,1.00,1.00,0,0,0.00,0.00,0.00,1.00,0.00
55943815270366220,20181212,1.00,1.00,0,0,0.00,0.00,0.00,1.00,0.00
55943815270366220,20181215,1.00,1.00,0,0,0.00,0.00,0.00,1.00,0.00
55943815270366220,20181216,1.00,1.00,0,0,0.00,0.00,0.00,1.00,0.00
55943815270366220,20181217,1.00,1.00,0,0,0.00,0.00,0.00,1.00,0.00
55943815270366220,20181218,1.00,1.00,0,0,0.00,0.00,0.00,1.00,0.00
55943815270366220,20181219,1.00,1.00,0,0,0.00,0.00,0.00,1.00,0.00
55943815270366220,20181222,1.00,1.00,0,0,0.00,0.00,0.00,1.00,0.00
55943815270366220,20181223,1.00,1.00,0,0,0.00,0.00,0.00,1.00,0.00
55943815270366220,20181224,1.00,1.00,0,0,0.00,0.00,0.00,1.00,0.00
55943815270366220,20181225,1.00,1.00,0,0,0.00,0.00,0.00,1.00,0.00
55943815270366220,20181226,1.00,1.00,0,0,0.00,0.00,0.00,1.00,0.00
55943815270366220,20181229,1.00,1.00,0,0,0.00,0.00,0.00,1.00,0.00
55943815270366220,20181230,1.00,1.00,0,0,0.00,0.00,0.00,1.00,0.00
55943815270366220,20181231,1.00,1.00,0,0,0.00,0.00,0.00,1.00,0.00
55943815270366220,20190101,1.00,1.00,0,0,0.00,0.00,0.00,1.00,0.00
55943815270366220,20190102,1.00,1.00,0,0,0.00,0.00,0.00,1.00,0.00
55943815270366220,20190105,1.00,1.00,0,0,0.00,0.00,0.00,1.00,0.00
55943815270366220,20190106,1.00,1.00,0,0,0.00,0.00,0.00,1.00,0.00
55943815270366220,20190107,1.00,1.00,0,0,0.00,0.00,0.00,1.00,0.00
55943815270366220,20190108,1.00,1.00,0,0,0.00,0.00,0.00,1.00,0.00
55943815270366220,20190109,1.00,1.00,0,0,0.00,0.00,0.00,1.00,0.00
55943815270366220,20190112,1.00,1.00,0,0,0.00,0.00,0.00,1.00,0.00
55943815270366220,20190113,1.00,1.00,0,0,0.00,0.00,0.00,1.00,0.00
55943815270366220,20190114,1.00,1.00,0,0,0.00,0.00,0.00,1.00,0.00
55943815270366220,20190115,1.00,1.00,0,0,0.00,0.00,0.00,1.00,0.00
55943815270366220,20190116,1.00,1.00,0,0,0.00,0.00,0.00,1.00,0.00
55943815270366220,20190119,1.00,1.00,0,0,0.00,0.00,0.00,1.00,0.00
55943815270366220,20190120,1.00,1.00,0,0,0.00,0.00,0.00,1.00,0.00
55943815270366220,20190121,1.00,1.00,0,0,0.00,0.00,0.00,1.00,0.00
55943815270366220,20190122,1.00,1.00,0,0,0.00,0.00,0.00,1.00,0.00
55943815270366220,20190123,1.00,1.00,0,0,0.00,0.00,0.00,1.00,0.00
55943815270366220,20190126,1.00,1.00,0,0,0.00,0.00,0.00,1.00,0.00
55943815270366220,20190127,1.00,1.00,0,0,0.00,0.00,0.00,1.00,0.00
55943815270366220,20190128,1.00,1.00,0,0,0.00,0.00,0.00,1.00,0.00
55943815270366220,20190129,1.00,1.00,0,0,0.00,0.00,0.00,1.00,0.00
55943815270366220,20190130,1.00,1.00,0,0,0.00,0.00,0.00,1.00,0.00
55943815270366220,20190202,1.00,1.00,0,0,0.00,0.00,0.00,1.00,0.00
55943815270366220,20190203,1.00,1.00,0,0,0.00,0.00,0.00,1.00,0.00
55943815270366220,20190204,1.00,1.00,0,0,0.00,0.00,0.00,1.00,0.00
55943815270366220,20190205,1.00,1.00,0,0,0.00,0.00,0.00,1.00,0.00
55943815270366220,20190206,1.00,1.00,0,0,0.00,0.00,0.00,1.00,0.00
55943815270366220,20190210,1.00,1.00,0,0,0.00,0.00,0.00,1.00,0.00
55943815270366220,20190212,1.00,1.00,0,0,0.00,0.00,0.00,1.00,0.00
55943815270366220,20190213,1.00,1.00,0,0,0.00,0.00,0.00,1.00,0.00
55943815270366220,20190216,1.00,1.00,0,0,0.00,0.00,0.00,1.00,0.00
55943815270366220,20190217,1.00,1.00,0,0,0.00,0.00,0.00,1.00,0.00
55943815270366220,20190218,1.00,1.00,0,0,0.00,0.00,0.00,1.00,0.00
55943815270366220,20190219,1.00,1.00,0,0,0.00,0.00,0.00,1.00,0.00
55943815270366220,20190220,1.00,1.00,0,0,0.00,0.00,0.00,1.00,0.00
55943815270366220,20190223,1.00,1.00,0,0,0.00,0.00,0.00,1.00,0.00
55943815270366220,20190224,1.00,1.00,0,0,0.00,0.00,0.00,1.00,0.00
55943815270366220,20190225,1.00,1.00,0,0,0.00,0.00,0.00,1.00,0.00
55943815270366220,20190226,1.00,1.00,0,0,0.00,0.00,0.00,1.00,0.00
55943815270366220,20190227,1.00,1.00,0,0,0.00,0.00,0.00,1.00,0.00
55943815270366220,20190302,1.00,1.00,0,0,0.00,0.00,0.00,1.00,0.00
55943815270366220,20190303,1.00,1.00,0,0,0.00,0.00,0.00,1.00,0.00
55943815270366220,20190304,1.00,1.00,0,0,0.00,0.00,0.00,1.00,0.00
55943815270366220,20190305,1.00,1.00,0,0,0.00,0.00,0.00,1.00,0.00
55943815270366220,20190306,1.00,1.00,0,0,0.00,0.00,0.00,1.00,0.00
55943815270366220,20190309,1.00,1.00,0,0,0.00,0.00,0.00,1.00,0.00
55943815270366220,20190310,1.00,1.00,0,0,0.00,0.00,0.00,1.00,0.00
55943815270366220,20190311,1.00,1.00,0,0,0.00,0.00,0.00,1.00,0.00
55943815270366220,20190312,1.00,1.00,0,0,0.00,0.00,0.00,1.00,0.00
55943815270366220,20190313,1.00,1.00,0,0,0.00,0.00,0.00,1.00,0.00
55943815270366220,20190316,1.00,1.00,0,0,0.00,0.00,0.00,1.00,0.00
55943815270366220,20190317,1.00,1.00,0,0,0.00,0.00,0.00,1.00,0.00
55943815270366220,20190318,1.00,1.00,0,0,0.00,0.00,0.00,1.00,0.00
55943815270366220,20190319,1.00,1.00,0,0,0.00,0.00,0.00,1.00,0.00
55943815270366220,20190325,1.00,1.00,0,0,0.00,0.00,0.00,1.00,0.00
55943815270366220,20190326,1.00,1.00,0,0,0.00,0.00,0.00,1.00,0.00
55943815270366220,20190327,1.00,1.00,0,0,0.00,0.00,0.00,1.00,0.00
55943815270366220,20190330,1.00,1.00,0,0,0.00,0.00,0.00,1.00,0.00
55943815270366220,20190331,1.00,1.00,0,0,0.00,0.00,0.00,1.00,0.00
55943815270366220,20190406,1.00,1.00,0,0,0.00,0.00,0.00,1.00,0.00
55943815270366220,20190407,1.00,1.00,0,0,0.00,0.00,0.00,1.00,0.00
55943815270366220,20190408,1.00,1.00,0,0,0.00,0.00,0.00,1.00,0.00
55943815270366220,20190409,1.00,1.00,0,0,0.00,0.00,0.00,1.00,0.00
55943815270366220,20190410,1.00,1.00,0,0,0.00,0.00,0.00,1.00,0.00
55943815270366220,20190413,1.00,1.00,0,0,0.00,0.00,0.00,1.00,0.00
55943815270366220,20190414,1.00,1.00,0,0,0.00,0.00,0.00,1.00,0.00
55943815270366220,20190415,1.00,1.00,0,0,0.00,0.00,0.00,1.00,0.00
55943815270366220,20190416,1.00,1.00,0,0,0.00,0.00,0.00,1.00,0.00
55943815270366220,20190417,1.00,1.00,0,0,0.00,0.00,0.00,1.00,0.00
55943815270366220,20190420,1.00,1.00,0,0,0.00,0.00,0.00,1.00,0.00
55943815270366220,20190422,1.00,1.00,0,0,0.00,0.00,0.00,1.00,0.00
55943815270366220,20190423,1.00,1.00,0,0,0.00,0.00,0.00,1.00,0.00
55943815270366220,20190424,1.00,1.00,0,0,0.00,0.00,0.00,1.00,0.00
55943815270366220,20190427,1.00,1.00,0,0,0.00,0.00,0.00,1.00,0.00
55943815270366220,20190428,1.00,1.00,0,0,0.00,0.00,0.00,1.00,0.00
55943815270366220,20190429,1.00,1.00,0,0,0.00,0.00,0.00,1.00,0.00
55943815270366220,20190430,1.00,1.00,0,0,0.00,0.00,0.00,1.00,0.00
55943815270366220,20190501,1.00,1.00,0,0,0.00,0.00,0.00,1.00,0.00
55943815270366220,20190504,1.00,1.00,0,0,0.00,0.00,0.00,1.00,0.00
55943815270366220,20190505,1.00,1.00,0,0,0.00,0.00,0.00,1.00,0.00
55943815270366220,20190506,1.00,1.00,0,0,0.00,0.00,0.00,1.00,0.00
55943815270366220,20190507,1.00,1.00,0,0,0.00,0.00,0.00,1.00,0.00
55943815270366220,20190508,1.00,1.00,0,0,0.00,0.00,0.00,1.00,0.00
55943815270366220,20190511,1.00,1.00,0,0,0.00,0.00,0.00,1.00,0.00
55943815270366220,20190512,1.00,1.00,0,0,0.00,0.00,0.00,1.00,0.00
55943815270366220,20190513,1.00,1.00,0,0,0.00,0.00,0.00,1.00,0.00
55943815270366220,20190514,1.00,1.00,0,0,0.00,0.00,0.00,1.00,0.00
55943815270366220,20190515,1.00,1.00,0,0,0.00,0.00,0.00,1.00,0.00
55943815270366220,20190518,1.00,1.00,0,0,0.00,0.00,0.00,1.00,0.00
55943815270366220,20190519,1.00,1.00,0,0,0.00,0.00,0.00,1.00,0.00
55943815270366220,20190520,1.00,1.00,0,0,0.00,0.00,0.00,1.00,0.00
55943815270366220,20190521,1.00,1.00,0,0,0.00,0.00,0.00,1.00,0.00
55943815270366220,20190522,1.00,1.00,0,0,0.00,0.00,0.00,1.00,0.00
55943815270366220,20190525,1.00,1.00,0,0,0.00,0.00,0.00,1.00,0.00
55943815270366220,20190526,1.00,1.00,0,0,0.00,0.00,0.00,1.00,0.00
55943815270366220,20190528,1.00,1.00,0,0,0.00,0.00,0.00,1.00,0.00
55943815270366220,20190529,1.00,1.00,0,0,0.00,0.00,0.00,1.00,0.00
55943815270366220,20190601,1.00,1.00,0,0,0.00,0.00,0.00,1.00,0.00
55943815270366220,20190602,1.00,1.00,0,0,0.00,0.00,0.00,1.00,0.00
55943815270366220,20190603,1.00,1.00,0,0,0.00,0.00,0.00,1.00,0.00
55943815270366220,20190608,1.00,1.00,0,0,0.00,0.00,0.00,1.00,0.00
55943815270366220,20190609,1.00,1.00,0,0,0.00,0.00,0.00,1.00,0.00
55943815270366220,20190610,1.00,1.00,0,0,0.00,0.00,0.00,1.00,0.00
55943815270366220,20190611,1.00,1.00,0,0,0.00,0.00,0.00,1.00,0.00
55943815270366220,20190612,1.00,1.00,0,0,0.00,0.00,0.00,1.00,0.00
55943815270366220,20190615,1.00,1.00,0,0,0.00,0.00,0.00,1.00,0.00
55943815270366220,20190616,1.00,1.00,0,0,0.00,0.00,0.00,1.00,0.00
55943815270366220,20190617,1.00,1.00,0,0,0.00,0.00,0.00,1.00,0.00
55943815270366220,20190618,1.00,1.00,0,0,0.00,0.00,0.00,1.00,0.00
55943815270366220,20190619,1.00,1.00,0,0,0.00,0.00,0.00,1.00,0.00
55943815270366220,20190622,1.00,1.00,0,0,0.00,0.00,0.00,1.00,0.00
55943815270366220,20190623,1.00,1.00,0,0,0.00,0.00,0.00,1.00,0.00
55943815270366220,20190624,1.00,1.00,0,0,0.00,0.00,0.00,1.00,0.00
55943815270366220,20190625,1.00,1.00,0,0,0.00,0.00,0.00,1.00,0.00
55943815270366220,20190626,1.00,1.00,0,0,0.00,0.00,0.00,1.00,0.00
55943815270366220,20190630,1.00,1.00,0,0,0.00,0.00,0.00,1.00,0.00
55943815270366220,20190701,1.00,1.00,0,0,0.00,0.00,0.00,1.00,0.00
55943815270366220,20190702,1.00,1.00,0,0,0.00,0.00,0.00,1.00,0.00
55943815270366220,20190703,1.00,1.00,0,0,0.00,0.00,0.00,1.00,0.00
55943815270366220,20190706,1.00,1.00,0,0,0.00,0.00,0.00,1.00,0.00
55943815270366220,20190707,1.00,1.00,0,0,0.00,0.00,0.00,1.00,0.00
55943815270366220,20190708,1.00,1.00,0,0,0.00,0.00,0.00,1.00,0.00
55943815270366220,20190709,1.00,1.00,0,0,0.00,0.00,0.00,1.00,0.00
55943815270366220,20190710,1.00,1.00,0,0,0.00,0.00,0.00,1.00,0.00
55943815270366220,20190713,1.00,1.00,0,0,0.00,0.00,0.00,1.00,0.00
55943815270366220,20190714,1.00,1.00,0,0,0.00,0.00,0.00,1.00,0.00
55943815270366220,20190715,1.00,1.00,0,0,0.00,0.00,0.00,1.00,0.00
55943815270366220,20190716,1.00,1.00,0,0,0.00,0.00,0.00,1.00,0.00
55943815270366220,20190717,1.00,1.00,0,0,0.00,0.00,0.00,1.00,0.00
55943815270366220,20190720,1.00,1.00,0,0,0.00,0.00,0.00,1.00,0.00
55943815270366220,20190721,1.00,1.00,0,0,0.00,0.00,0.00,1.00,0.00
55943815270366220,20190722,1.00,1.00,0,0,0.00,0.00,0.00,1.00,0.00
55943815270366220,20190723,1.00,1.00,0,0,0.00,0.00,0.00,1.00,0.00
55943815270366220,20190724,1.00,1.00,0,0,0.00,0.00,0.00,1.00,0.00
55943815270366220,20190727,1.00,1.00,0,0,0.00,0.00,0.00,1.00,0.00
55943815270366220,20190728,1.00,1.00,0,0,0.00,0.00,0.00,1.00,0.00
55943815270366220,20190729,1.00,1.00,0,0,0.00,0.00,0.00,1.00,0.00
55943815270366220,20190730,1.00,1.00,0,0,0.00,0.00,0.00,1.00,0.00
55943815270366220,20190731,1.00,1.00,0,0,0.00,0.00,0.00,1.00,0.00
55943815270366220,20190803,1.00,1.00,0,0,0.00,0.00,0.00,1.00,0.00
55943815270366220,20190804,1.00,1.00,0,0,0.00,0.00,0.00,1.00,0.00
55943815270366220,20190805,1.00,1.00,0,0,0.00,0.00,0.00,1.00,0.00
55943815270366220,20190806,1.00,1.00,0,0,0.00,0.00,0.00,1.00,0.00
55943815270366220,20190807,1.00,1.00,0,0,0.00,0.00,0.00,1.00,0.00
55943815270366220,20190810,1.00,1.00,0,0,0.00,0.00,0.00,1.00,0.00
55943815270366220,20190811,1.00,1.00,0,0,0.00,0.00,0.00,1.00,0.00
55943815270366220,20190813,1.00,1.00,0,0,0.00,0.00,0.00,1.00,0.00
55943815270366220,20190814,1.00,1.00,0,0,0.00,0.00,0.00,1.00,0.00
55943815270366220,20190817,1.00,1.00,0,0,0.00,0.00,0.00,1.00,0.00
55943815270366220,20190818,1.00,1.00,0,0,0.00,0.00,0.00,1.00,0.00
55943815270366220,20190819,1.00,1.00,0,0,0.00,0.00,0.00,1.00,0.00
55943815270366220,20190821,1.00,1.00,0,0,0.00,0.00,0.00,1.00,0.00
55943815270366220,20190824,1.00,1.00,0,0,0.00,0.00,0.00,1.00,0.00
55943815270366220,20190825,1.00,1.00,0,0,0.00,0.00,0.00,1.00,0.00
55943815270366220,20190826,1.00,1.00,0,0,0.00,0.00,0.00,1.00,0.00
55943815270366220,20190827,1.00,1.00,0,0,0.00,0.00,0.00,1.00,0.00
55943815270366220,20190828,1.00,1.00,0,0,0.00,0.00,0.00,1.00,0.00
55943815270366220,20190831,1.00,1.00,0,0,0.00,0.00,0.00,1.00,0.00
55943815270366220,20190901,1.00,1.00,0,0,0.00,0.00,0.00,1.00,0.00
55943815270366220,20190902,1.00,1.00,0,0,0.00,0.00,0.00,1.00,0.00
55943815270366220,20190903,1.00,1.00,0,0,0.00,0.00,0.00,1.00,0.00
55943815270366220,20190904,1.00,1.00,0,0,0.00,0.00,0.00,1.00,0.00
55943815270366220,20190907,1.00,1.00,0,0,0.00,0.00,0.00,1.00,0.00
55943815270366220,20190908,1.00,1.00,0,0,0.00,0.00,0.00,1.00,0.00
55943815270366220,20190911,1.00,1.00,0,0,0.00,0.00,0.00,1.00,0.00
55943815270366220,20190914,1.00,1.00,0,0,0.00,0.00,0.00,1.00,0.00
55943815270366220,20190915,1.00,1.00,0,0,0.00,0.00,0.00,1.00,0.00
55943815270366220,20190916,1.00,1.00,0,0,0.00,0.00,0.00,1.00,0.00
55943815270366220,20190917,1.00,1.00,0,0,0.00,0.00,0.00,1.00,0.00
55943815270366220,20190918,1.00,1.00,0,0,0.00,0.00,0.00,1.00,0.00
55943815270366220,20190921,1.00,1.00,0,0,0.00,0.00,0.00,1.00,0.00
55943815270366220,20190922,1.00,1.00,0,0,0.00,0.00,0.00,1.00,0.00
55943815270366220,20190923,1.00,1.00,0,0,0.00,0.00,0.00,1.00,0.00
55943815270366220,20190924,1.00,1.00,0,0,0.00,0.00,0.00,1.00,0.00
55943815270366220,20190925,1.00,1.00,0,0,0.00,0.00,0.00,1.00,0.00
55943815270366220,20190928,1.00,1.00,0,0,0.00,0.00,0.00,1.00,0.00
55943815270366220,20190929,1.00,1.00,0,0,0.00,0.00,0.00,1.00,0.00
55943815270366220,20190930,1.00,1.00,0,0,0.00,0.00,0.00,1.00,0.00
55943815270366220,20191001,1.00,1.00,0,0,0.00,0.00,0.00,1.00,0.00
55943815270366220,20191002,1.00,1.00,0,0,0.00,0.00,0.00,1.00,0.00
55943815270366220,20191005,1.00,1.00,0,0,0.00,0.00,0.00,1.00,0.00
55943815270366220,20191006,1.00,1.00,0,0,0.00,0.00,0.00,1.00,0.00
55943815270366220,20191007,1.00,1.00,0,0,0.00,0.00,0.00,1.00,0.00
55943815270366220,20191008,1.00,1.00,0,0,0.00,0.00,0.00,1.00,0.00
55943815270366220,20191009,1.00,1.00,0,0,0.00,0.00,0.00,1.00,0.00
55943815270366220,20191012,1.00,1.00,0,0,0.00,0.00,0.00,1.00,0.00
55943815270366220,20191013,1.00,1.00,0,0,0.00,0.00,0.00,1.00,0.00
55943815270366220,20191014,1.00,1.00,0,0,0.00,0.00,0.00,1.00,0.00
55943815270366220,20191015,1.00,1.00,0,0,0.00,0.00,0.00,1.00,0.00
55943815270366220,20191016,1.00,1.00,0,0,0.00,0.00,0.00,1.00,0.00
55943815270366220,20191020,1.00,1.00,0,0,0.00,0.00,0.00,1.00,0.00
55943815270366220,20191021,1.00,1.00,0,0,0.00,0.00,0.00,1.00,0.00
55943815270366220,20191022,1.00,1.00,0,0,0.00,0.00,0.00,1.00,0.00
55943815270366220,20191023,1.00,1.00,0,0,0.00,0.00,0.00,1.00,0.00
55943815270366220,20191026,1.00,1.00,0,0,0.00,0.00,0.00,1.00,0.00
55943815270366220,20191028,1.00,1.00,0,0,0.00,0.00,0.00,1.00,0.00
55943815270366220,20191030,1.00,1.00,0,0,0.00,0.00,0.00,1.00,0.00
55943815270366220,20191102,1.00,1.00,0,0,0.00,0.00,0.00,1.00,0.00
55943815270366220,20191103,1.00,1.00,0,0,0.00,0.00,0.00,1.00,0.00
55943815270366220,20191104,1.00,1.00,0,0,0.00,0.00,0.00,1.00,0.00
55943815270366220,20191105,1.00,1.00,0,0,0.00,0.00,0.00,1.00,0.00
55943815270366220,20191109,1.00,1.00,0,0,0.00,0.00,0.00,1.00,0.00
55943815270366220,20191110,1.00,1.00,0,0,0.00,0.00,0.00,1.00,0.00
55943815270366220,20191111,1.00,1.00,0,0,0.00,0.00,0.00,1.00,0.00
55943815270366220,20191112,1.00,1.00,0,0,0.00,0.00,0.00,1.00,0.00
55943815270366220,20191113,1.00,1.00,0,0,0.00,0.00,0.00,1.00,0.00
55943815270366220,20191116,1.00,1.00,0,0,0.00,0.00,0.00,1.00,0.00
55943815270366220,20191117,1.00,1.00,0,0,0.00,0.00,0.00,1.00,0.00
55943815270366220,20191118,1.00,1.00,0,0,0.00,0.00,0.00,1.00,0.00
55943815270366220,20191119,1.00,1.00,0,0,0.00,0.00,0.00,1.00,0.00
55943815270366220,20191120,1.00,1.00,0,0,0.00,0.00,0.00,1.00,0.00
55943815270366220,20191123,1.00,1.00,0,0,0.00,0.00,0.00,1.00,0.00
55943815270366220,20191124,1.00,1.00,0,0,0.00,0.00,0.00,1.00,0.00
55943815270366220,20191125,1.00,1.00,0,0,0.00,0.00,0.00,1.00,0.00
55943815270366220,20191126,1.00,1.00,0,0,0.00,0.00,0.00,1.00,0.00
55943815270366220,20191127,1.00,1.00,0,0,0.00,0.00,0.00,1.00,0.00
55943815270366220,20191130,1.00,1.00,0,0,0.00,0.00,0.00,1.00,0.00
55943815270366220,20191201,1.00,1.00,0,0,0.00,0.00,0.00,1.00,0.00
55943815270366220,20191202,1.00,1.00,0,0,0.00,0.00,0.00,1.00,0.00
55943815270366220,20191203,1.00,1.00,0,0,0.00,0.00,0.00,1.00,0.00
55943815270366220,20191204,1.00,1.00,0,0,0.00,0.00,0.00,1.00,0.00
55943815270366220,20191207,1.00,1.00,0,0,0.00,0.00,0.00,1.00,0.00
55943815270366220,20191208,1.00,1.00,0,0,0.00,0.00,0.00,1.00,0.00
55943815270366220,20191209,1.00,1.00,0,0,0.00,0.00,0.00,1.00,0.00
55943815270366220,20191210,1.00,1.00,0,0,0.00,0.00,0.00,1.00,0.00
55943815270366220,20191211,1.00,1.00,0,0,0.00,0.00,0.00,1.00,0.00
55943815270366220,20191214,1.00,1.00,0,0,0.00,0.00,0.00,1.00,0.00
55943815270366220,20191215,1.00,1.00,0,0,0.00,0.00,0.00,1.00,0.00
55943815270366220,20191216,1.00,1.00,0,0,0.00,0.00,0.00,1.00,0.00
55943815270366220,20191217,1.00,1.00,0,0,0.00,0.00,0.00,1.00,0.00
55943815270366220,20191218,1.00,1.00,0,0,0.00,0.00,0.00,1.00,0.00
55943815270366220,20191221,1.00,1.00,0,0,0.00,0.00,0.00,1.00,0.00
55943815270366220,20191222,1.00,1.00,0,0,0.00,0.00,0.00,1.00,0.00
55943815270366220,20191223,1.00,1.00,0,0,0.00,0.00,0.00,1.00,0.00
55943815270366220,20191224,1.00,1.00,0,0,0.00,0.00,0.00,1.00,0.00
55943815270366220,20191225,1.00,1.00,0,0,0.00,0.00,0.00,1.00,0.00
55943815270366220,20191228,1.00,1.00,0,0,0.00,0.00,0.00,1.00,0.00
55943815270366220,20191229,1.00,1.00,0,0,0.00,0.00,0.00,1.00,0.00
55943815270366220,20191230,1.00,1.00,0,0,0.00,0.00,0.00,1.00,0.00
55943815270366220,20191231,1.00,1.00,0,0,0.00,0.00,0.00,1.00,0.00
55943815270366220,20200101,1.00,1.00,0,0,0.00,0.00,0.00,1.00,0.00
55943815270366220,20200104,1.00,1.00,0,0,0.00,0.00,0.00,1.00,0.00
55943815270366220,20200105,1.00,1.00,0,0,0.00,0.00,0.00,1.00,0.00
55943815270366220,20200107,1.00,1.00,0,0,0.00,0.00,0.00,1.00,0.00
55943815270366220,20200108,1.00,1.00,0,0,0.00,0.00,0.00,1.00,0.00
55943815270366220,20200111,1.00,1.00,0,0,0.00,0.00,0.00,1.00,0.00
55943815270366220,20200112,1.00,1.00,0,0,0.00,0.00,0.00,1.00,0.00
55943815270366220,20200113,1.00,1.00,0,0,0.00,0.00,0.00,1.00,0.00
55943815270366220,20200114,1.00,1.00,0,0,0.00,0.00,0.00,1.00,0.00
55943815270366220,20200115,1.00,1.00,0,0,0.00,0.00,0.00,1.00,0.00
55943815270366220,20200118,1.00,1.00,0,0,0.00,0.00,0.00,1.00,0.00
55943815270366220,20200119,1.00,1.00,0,0,0.00,0.00,0.00,1.00,0.00
55943815270366220,20200120,1.00,1.00,0,0,0.00,0.00,0.00,1.00,0.00
55943815270366220,20200121,1.00,1.00,0,0,0.00,0.00,0.00,1.00,0.00
55943815270366220,20200122,1.00,1.00,0,0,0.00,0.00,0.00,1.00,0.00
55943815270366220,20200125,1.00,1.00,0,0,0.00,0.00,0.00,1.00,0.00
55943815270366220,20200126,1.00,1.00,0,0,0.00,0.00,0.00,1.00,0.00
55943815270366220,20200127,1.00,1.00,0,0,0.00,0.00,0.00,1.00,0.00
55943815270366220,20200128,1.00,1.00,0,0,0.00,0.00,0.00,1.00,0.00
55943815270366220,20200201,1.00,1.00,0,0,0.00,0.00,0.00,1.00,0.00
55943815270366220,20200202,1.00,1.00,0,0,0.00,0.00,0.00,1.00,0.00
55943815270366220,20200203,1.00,1.00,0,0,0.00,0.00,0.00,1.00,0.00
55943815270366220,20200204,1.00,1.00,0,0,0.00,0.00,0.00,1.00,0.00
55943815270366220,20200205,1.00,1.00,0,0,0.00,0.00,0.00,1.00,0.00
55943815270366220,20200208,1.00,1.00,0,0,0.00,0.00,0.00,1.00,0.00
55943815270366220,20200209,1.00,1.00,0,0,0.00,0.00,0.00,1.00,0.00
55943815270366220,20200210,1.00,1.00,0,0,0.00,0.00,0.00,1.00,0.00
55943815270366220,20200212,1.00,1.00,0,0,0.00,0.00,0.00,1.00,0.00
55943815270366220,20200215,1.00,1.00,0,0,0.00,0.00,0.00,1.00,0.00
55943815270366220,20200216,1.00,1.00,0,0,0.00,0.00,0.00,1.00,0.00
55943815270366220,20200217,1.00,1.00,0,0,0.00,0.00,0.00,1.00,0.00
55943815270366220,20200218,1.00,1.00,0,0,0.00,0.00,0.00,1.00,0.00
55943815270366220,20200219,1.00,1.00,0,0,0.00,0.00,0.00,1.00,0.00
55943815270366220,20200222,1.00,1.00,0,0,0.00,0.00,0.00,1.00,0.00
55943815270366220,20200223,1.00,1.00,0,0,0.00,0.00,0.00,1.00,0.00
55943815270366220,20200224,1.00,1.00,0,0,0.00,0.00,0.00,1.00,0.00
55943815270366220,20200225,1.00,1.00,0,0,0.00,0.00,0.00,1.00,0.00
55943815270366220,20200226,1.00,1.00,0,0,0.00,0.00,0.00,1.00,0.00
55943815270366220,20200229,1.00,1.00,0,0,0.00,0.00,0.00,1.00,0.00
55943815270366220,20200301,1.00,1.00,0,0,0.00,0.00,0.00,1.00,0.00
55943815270366220,20200302,1.00,1.00,0,0,0.00,0.00,0.00,1.00,0.00
55943815270366220,20200303,1.00,1.00,0,0,0.00,0.00,0.00,1.00,0.00
55943815270366220,20200304,1.00,1.00,0,0,0.00,0.00,0.00,1.00,0.00
55943815270366220,20200307,1.00,1.00,0,0,0.00,0.00,0.00,1.00,0.00
55943815270366220,20200309,1.00,1.00,0,0,0.00,0.00,0.00,1.00,0.00
55943815270366220,20200310,1.00,1.00,0,0,0.00,0.00,0.00,1.00,0.00
55943815270366220,20200311,1.00,1.00,0,0,0.00,0.00,0.00,1.00,0.00
55943815270366220,20200314,1.00,1.00,0,0,0.00,0.00,0.00,1.00,0.00
55943815270366220,20200315,1.00,1.00,0,0,0.00,0.00,0.00,1.00,0.00
55943815270366220,20200316,1.00,1.00,0,0,0.00,0.00,0.00,1.00,0.00
55943815270366220,20200317,1.00,1.00,0,0,0.00,0.00,0.00,1.00,0.00
55943815270366220,20200318,1.00,1.00,0,0,0.00,0.00,0.00,1.00,0.00
55943815270366220,20200324,1.00,1.00,0,0,0.00,0.00,0.00,1.00,0.00
55943815270366220,20200325,1.00,1.00,0,0,0.00,0.00,0.00,1.00,0.00
55943815270366220,20200328,1.00,1.00,0,0,0.00,0.00,0.00,1.00,0.00
55943815270366220,20200329,1.00,1.00,0,0,0.00,0.00,0.00,1.00,0.00
55943815270366220,20200330,1.00,1.00,0,0,0.00,0.00,0.00,1.00,0.00
55943815270366220,20200404,1.00,1.00,0,0,0.00,0.00,0.00,1.00,0.00
55943815270366220,20200405,1.00,1.00,0,0,0.00,0.00,0.00,1.00,0.00
55943815270366220,20200406,1.00,1.00,0,0,0.00,0.00,0.00,1.00,0.00
55943815270366220,20200407,1.00,1.00,0,0,0.00,0.00,0.00,1.00,0.00
55943815270366220,20200408,1.00,1.00,0,0,0.00,0.00,0.00,1.00,0.00
55943815270366220,20200411,1.00,1.00,0,0,0.00,0.00,0.00,1.00,0.00
55943815270366220,20200412,1.00,1.00,0,0,0.00,0.00,0.00,1.00,0.00
55943815270366220,20200413,1.00,1.00,0,0,0.00,0.00,0.00,1.00,0.00
55943815270366220,20200414,1.00,1.00,0,0,0.00,0.00,0.00,1.00,0.00
55943815270366220,20200415,1.00,1.00,0,0,0.00,0.00,0.00,1.00,0.00
55943815270366220,20200418,1.00,1.00,0,0,0.00,0.00,0.00,1.00,0.00
55943815270366220,20200419,1.00,1.00,0,0,0.00,0.00,0.00,1.00,0.00
55943815270366220,20200420,1.00,1.00,0,0,0.00,0.00,0.00,1.00,0.00
55943815270366220,20200421,1.00,1.00,0,0,0.00,0.00,0.00,1.00,0.00
55943815270366220,20200422,1.00,1.00,0,0,0.00,0.00,0.00,1.00,0.00
55943815270366220,20200425,1.00,1.00,0,0,0.00,0.00,0.00,1.00,0.00
55943815270366220,20200426,1.00,1.00,0,0,0.00,0.00,0.00,1.00,0.00
55943815270366220,20200427,1.00,1.00,0,0,0.00,0.00,0.00,1.00,0.00
55943815270366220,20200428,1.00,1.00,0,0,0.00,0.00,0.00,1.00,0.00
55943815270366220,20200429,1.00,1.00,0,0,0.00,0.00,0.00,1.00,0.00
55943815270366220,20200502,1.00,1.00,0,0,0.00,0.00,0.00,1.00,0.00
55943815270366220,20200503,1.00,1.00,0,0,0.00,0.00,0.00,1.00,0.00
55943815270366220,20200504,1.00,1.00,0,0,0.00,0.00,0.00,1.00,0.00
55943815270366220,20200505,1.00,1.00,0,0,0.00,0.00,0.00,1.00,0.00
55943815270366220,20200506,1.00,1.00,0,0,0.00,0.00,0.00,1.00,0.00
55943815270366220,20200509,1.00,1.00,0,0,0.00,0.00,0.00,1.00,0.00
55943815270366220,20200510,1.00,1.00,0,0,0.00,0.00,0.00,1.00,0.00
55943815270366220,20200511,1.00,1.00,0,0,0.00,0.00,0.00,1.00,0.00
55943815270366220,20200512,1.00,1.00,0,0,0.00,0.00,0.00,1.00,0.00
55943815270366220,20200513,1.00,1.00,0,0,0.00,0.00,0.00,1.00,0.00
55943815270366220,20200516,1.00,1.00,0,0,0.00,0.00,0.00,1.00,0.00
55943815270366220,20200517,1.00,1.00,0,0,0.00,0.00,0.00,1.00,0.00
55943815270366220,20200518,1.00,1.00,0,0,0.00,0.00,0.00,1.00,0.00
55943815270366220,20200519,1.00,1.00,0,0,0.00,0.00,0.00,1.00,0.00
55943815270366220,20200520,1.00,1.00,0,0,0.00,0.00,0.00,1.00,0.00
55943815270366220,20200523,1.00,1.00,0,0,0.00,0.00,0.00,1.00,0.00
55943815270366220,20200526,1.00,1.00,0,0,0.00,1.00,1.00,1.00,0.00
55943815270366220,20200527,1.00,1.00,0,0,0.00,0.00,0.00,1.00,0.00
55943815270366220,20200530,1.00,1.00,0,0,0.00,0.00,0.00,1.00,0.00
55943815270366220,20200531,1.00,1.00,0,0,0.00,0.00,0.00,1.00,0.00
55943815270366220,20200601,1.00,1.00,0,0,0.00,0.00,0.00,1.00,0.00
55943815270366220,20200602,1.00,1.00,0,0,0.00,0.00,0.00,1.00,0.00
55943815270366220,20200606,1.00,1.00,0,0,0.00,0.00,0.00,1.00,0.00
55943815270366220,20200607,1.00,1.00,0,0,0.00,0.00,0.00,1.00,0.00
55943815270366220,20200608,1.00,1.00,0,0,0.00,0.00,0.00,1.00,0.00
55943815270366220,20200609,1.00,1.00,0,0,0.00,0.00,0.00,1.00,0.00
55943815270366220,20200610,1.00,1.00,0,0,0.00,0.00,0.00,1.00,0.00
55943815270366220,20200613,1.00,1.00,0,0,0.00,0.00,0.00,1.00,0.00
55943815270366220,20200614,1.00,1.00,0,0,0.00,0.00,0.00,1.00,0.00
55943815270366220,20200615,1.00,1.00,0,0,0.00,0.00,0.00,1.00,0.00
55943815270366220,20200616,1.00,1.00,0,0,0.00,0.00,0.00,1.00,0.00
55943815270366220,20200620,1.00,1.00,0,0,0.00,0.00,0.00,1.00,0.00
55943815270366220,20200621,1.00,1.00,0,0,0.00,0.00,0.00,1.00,0.00
55943815270366220,20200622,1.00,1.00,0,0,0.00,0.00,0.00,1.00,0.00
55943815270366220,20200623,1.00,1.00,0,0,0.00,0.00,0.00,1.00,0.00
55943815270366220,20200624,1.00,1.00,0,0,0.00,0.00,0.00,1.00,0.00
55943815270366220,20200627,1.00,1.00,0,0,0.00,0.00,0.00,1.00,0.00
55943815270366220,20200628,1.00,1.00,0,0,0.00,0.00,0.00,1.00,0.00
55943815270366220,20200629,1.00,1.00,0,0,0.00,0.00,0.00,1.00,0.00
55943815270366220,20200630,1.00,1.00,0,0,0.00,0.00,0.00,1.00,0.00
55943815270366220,20200701,1.00,1.00,0,0,0.00,0.00,0.00,1.00,0.00
55943815270366220,20200704,1.00,1.00,0,0,0.00,0.00,0.00,1.00,0.00
55943815270366220,20200705,1.00,1.00,0,0,0.00,0.00,0.00,1.00,0.00
55943815270366220,20200706,1.00,1.00,0,0,0.00,0.00,0.00,1.00,0.00
55943815270366220,20200707,1.00,1.00,0,0,0.00,0.00,0.00,1.00,0.00
55943815270366220,20200708,1.00,1.00,0,0,0.00,0.00,0.00,1.00,0.00
55943815270366220,20200711,1.00,1.00,0,0,0.00,0.00,0.00,1.00,0.00
55943815270366220,20200712,1.00,1.00,0,0,0.00,0.00,0.00,1.00,0.00
55943815270366220,20200713,1.00,1.00,0,0,0.00,0.00,0.00,1.00,0.00
55943815270366220,20200714,1.00,1.00,0,0,0.00,0.00,0.00,1.00,0.00
55943815270366220,20200715,1.00,1.00,0,0,0.00,0.00,0.00,1.00,0.00
55943815270366220,20200718,1.00,1.00,0,0,0.00,0.00,0.00,1.00,0.00
55943815270366220,20200719,1.00,1.00,0,0,0.00,0.00,0.00,1.00,0.00
55943815270366220,20200720,1.00,1.00,0,0,0.00,0.00,0.00,1.00,0.00
55943815270366220,20200721,1.00,1.00,0,0,0.00,0.00,0.00,1.00,0.00
55943815270366220,20200722,1.00,1.00,0,0,0.00,0.00,0.00,1.00,0.00
55943815270366220,20200725,1.00,1.00,0,0,0.00,0.00,0.00,1.00,0.00
55943815270366220,20200726,1.00,1.00,0,0,0.00,0.00,0.00,1.00,0.00
55943815270366220,20200727,1.00,1.00,0,0,0.00,0.00,0.00,1.00,0.00
55943815270366220,20200728,1.00,1.00,0,0,0.00,0.00,0.00,1.00,0.00
55943815270366220,20200729,1.00,1.00,0,0,0.00,0.00,0.00,1.00,0.00
55943815270366220,20200801,1.00,1.00,0,0,0.00,0.00,0.00,1.00,0.00
55943815270366220,20200802,1.00,1.00,0,0,0.00,0.00,0.00,1.00,0.00
55943815270366220,20200803,1.00,1.00,0,0,0.00,0.00,0.00,1.00,0.00
55943815270366220,20200804,1.00,1.00,0,0,0.00,0.00,0.00,1.00,0.00
55943815270366220,20200805,1.00,1.00,0,0,0.00,0.00,0.00,1.00,0.00
55943815270366220,20200809,1.00,1.00,0,0,0.00,0.00,0.00,1.00,0.00
55943815270366220,20200810,1.00,1.00,0,0,0.00,0.00,0.00,1.00,0.00
55943815270366220,20200811,1.00,1.00,0,0,0.00,0.00,0.00,1.00,0.00
55943815270366220,20200812,1.00,1.00,0,0,0.00,0.00,0.00,1.00,0.00
55943815270366220,20200815,1.00,1.00,0,0,0.00,0.00,0.00,1.00,0.00
55943815270366220,20200816,1.00,1.00,0,0,0.00,0.00,0.00,1.00,0.00
55943815270366220,20200817,1.00,1.00,0,0,0.00,0.00,0.00,1.00,0.00
55943815270366220,20200818,1.00,1.00,0,0,0.00,0.00,0.00,1.00,0.00
55943815270366220,20200819,1.00,1.00,0,0,0.00,0.00,0.00,1.00,0.00
55943815270366220,20200822,1.00,1.00,0,0,0.00,0.00,0.00,1.00,0.00
55943815270366220,20200823,1.00,1.00,0,0,0.00,0.00,0.00,1.00,0.00
55943815270366220,20200824,1.00,1.00,0,0,0.00,0.00,0.00,1.00,0.00
55943815270366220,20200825,1.00,1.00,0,0,0.00,0.00,0.00,1.00,0.00
55943815270366220,20200826,1.00,1.00,0,0,0.00,0.00,0.00,1.00,0.00
55943815270366220,20200831,1.00,1.00,0,0,0.00,0.00,0.00,1.00,0.00
55943815270366220,20200901,1.00,1.00,0,0,0.00,0.00,0.00,1.00,0.00
55943815270366220,20200902,1.00,1.00,0,0,0.00,0.00,0.00,1.00,0.00
55943815270366220,20200905,1.00,1.00,0,0,0.00,0.00,0.00,1.00,0.00
55943815270366220,20200906,1.00,1.00,0,0,0.00,0.00,0.00,1.00,0.00
55943815270366220,20200907,1.00,1.00,0,0,0.00,0.00,0.00,1.00,0.00
