60001029237025200,20140407,100.00,100.00,0,0,0.00,0.00,0.00,100.00,0.00
60001029237025200,20140408,100.00,100.00,0,0,0.00,0.00,0.00,100.00,0.00
60001029237025200,20140409,100.00,100.00,0,0,0.00,0.00,0.00,100.00,0.00
60001029237025200,20140412,100.00,100.00,0,0,0.00,0.00,0.00,100.00,0.00
60001029237025200,20140413,100.00,100.00,0,0,0.00,0.00,0.00,100.00,0.00
60001029237025200,20140414,100.00,100.00,0,0,0.00,0.00,0.00,100.00,0.00
60001029237025200,20140415,100.00,100.00,1,10,10000000.00,100.00,100.00,100.00,100.00
60001029237025200,20140416,100.00,100.00,100,1999990,1999990000000.00,100.00,100.00,100.00,100.00
60001029237025200,20140419,100.00,100.00,0,0,0.00,0.00,0.00,100.00,0.00
60001029237025200,20140420,100.00,100.00,0,0,0.00,0.00,0.00,100.00,0.00
60001029237025200,20140421,100.00,100.00,0,0,0.00,0.00,0.00,100.00,0.00
60001029237025200,20140422,100.00,100.00,0,0,0.00,0.00,0.00,100.00,0.00
60001029237025200,20140423,100.00,100.00,0,0,0.00,0.00,0.00,100.00,0.00
60001029237025200,20140426,100.00,100.00,0,0,0.00,0.00,0.00,100.00,0.00
60001029237025200,20140427,100.00,100.00,0,0,0.00,0.00,0.00,100.00,0.00
60001029237025200,20140428,100.00,100.00,1,10,10000000.00,100.00,100.00,100.00,100.00
60001029237025200,20140429,100.00,100.00,0,0,0.00,0.00,0.00,100.00,0.00
60001029237025200,20140430,100.00,100.00,0,0,0.00,0.00,0.00,100.00,0.00
60001029237025200,20140503,100.00,100.00,0,0,0.00,0.00,0.00,100.00,0.00
60001029237025200,20140504,100.00,100.00,0,0,0.00,0.00,0.00,100.00,0.00
60001029237025200,20140505,100.00,100.00,0,0,0.00,0.00,0.00,100.00,0.00
60001029237025200,20140506,100.00,100.00,0,0,0.00,0.00,0.00,100.00,0.00
60001029237025200,20140507,100.00,100.00,0,0,0.00,0.00,0.00,100.00,0.00
60001029237025200,20140510,100.00,100.00,0,0,0.00,0.00,0.00,100.00,0.00
60001029237025200,20140511,100.00,100.00,0,0,0.00,0.00,0.00,100.00,0.00
60001029237025200,20140512,100.00,100.00,0,0,0.00,0.00,0.00,100.00,0.00
60001029237025200,20140514,100.00,100.00,0,0,0.00,0.00,0.00,100.00,0.00
60001029237025200,20140517,100.00,100.00,0,0,0.00,0.00,0.00,100.00,0.00
60001029237025200,20140518,100.00,100.00,0,0,0.00,0.00,0.00,100.00,0.00
60001029237025200,20140519,100.00,100.00,0,0,0.00,0.00,0.00,100.00,0.00
60001029237025200,20140520,100.00,100.00,0,0,0.00,0.00,0.00,100.00,0.00
60001029237025200,20140521,100.00,100.00,24,1200000,1200000000000.00,100.00,100.00,100.00,100.00
60001029237025200,20140524,100.00,100.00,12,600000,600000000000.00,100.00,100.00,100.00,100.00
60001029237025200,20140525,100.00,100.00,0,0,0.00,0.00,0.00,100.00,0.00
60001029237025200,20140526,100.00,100.00,0,0,0.00,0.00,0.00,100.00,0.00
60001029237025200,20140528,100.00,100.00,0,0,0.00,0.00,0.00,100.00,0.00
60001029237025200,20140531,100.00,100.00,0,0,0.00,0.00,0.00,100.00,0.00
60001029237025200,20140601,100.00,100.00,0,0,0.00,0.00,0.00,100.00,0.00
60001029237025200,20140602,100.00,100.00,0,0,0.00,0.00,0.00,100.00,0.00
60001029237025200,20140603,100.00,100.00,0,0,0.00,0.00,0.00,100.00,0.00
60001029237025200,20140607,100.00,100.00,0,0,0.00,0.00,0.00,100.00,0.00
60001029237025200,20140608,100.00,100.00,0,0,0.00,0.00,0.00,100.00,0.00
60001029237025200,20140609,100.00,100.00,0,0,0.00,0.00,0.00,100.00,0.00
60001029237025200,20140610,100.00,100.00,0,0,0.00,0.00,0.00,100.00,0.00
60001029237025200,20140611,100.00,100.00,4,200000,200000000000.00,100.00,100.00,100.00,100.00
60001029237025200,20140614,100.00,100.00,0,0,0.00,0.00,0.00,100.00,0.00
60001029237025200,20140615,100.00,100.00,0,0,0.00,0.00,0.00,100.00,0.00
60001029237025200,20140616,100.00,100.00,0,0,0.00,0.00,0.00,100.00,0.00
60001029237025200,20140617,100.00,100.00,0,0,0.00,0.00,0.00,100.00,0.00
60001029237025200,20140618,100.00,100.00,0,0,0.00,0.00,0.00,100.00,0.00
60001029237025200,20140621,100.00,100.00,0,0,0.00,0.00,0.00,100.00,0.00
60001029237025200,20140622,100.00,100.00,0,0,0.00,0.00,0.00,100.00,0.00
60001029237025200,20140623,100.00,100.00,0,0,0.00,0.00,0.00,100.00,0.00
60001029237025200,20140624,100.00,100.00,0,0,0.00,0.00,0.00,100.00,0.00
60001029237025200,20140625,100.00,100.00,0,0,0.00,0.00,0.00,100.00,0.00
60001029237025200,20140628,100.00,100.00,0,0,0.00,0.00,0.00,100.00,0.00
60001029237025200,20140629,100.00,100.00,0,0,0.00,0.00,0.00,100.00,0.00
60001029237025200,20140630,100.00,100.00,0,0,0.00,0.00,0.00,100.00,0.00
60001029237025200,20140701,100.00,100.00,0,0,0.00,0.00,0.00,100.00,0.00
60001029237025200,20140702,100.00,100.00,0,0,0.00,0.00,0.00,100.00,0.00
60001029237025200,20140705,100.00,100.00,0,0,0.00,0.00,0.00,100.00,0.00
60001029237025200,20140706,100.00,100.00,0,0,0.00,0.00,0.00,100.00,0.00
60001029237025200,20140707,100.00,100.00,0,0,0.00,0.00,0.00,100.00,0.00
60001029237025200,20140708,100.00,100.00,0,0,0.00,0.00,0.00,100.00,0.00
60001029237025200,20140709,100.00,100.00,0,0,0.00,0.00,0.00,100.00,0.00
60001029237025200,20140712,100.00,100.00,20,1000000,1000000000000.00,100.00,100.00,100.00,100.00
60001029237025200,20140713,100.00,100.00,0,0,0.00,0.00,0.00,100.00,0.00
60001029237025200,20140714,100.00,100.00,0,0,0.00,0.00,0.00,100.00,0.00
60001029237025200,20140715,100.00,100.00,2,220,220000000.00,100.00,100.00,100.00,100.00
60001029237025200,20140716,100.00,100.00,9,301610,301610000000.00,100.00,100.00,100.00,100.00
60001029237025200,20140720,1000000.00,100.00,0,0,0.00,0.00,0.00,100.00,0.00
60001029237025200,20140721,1000000.00,100.00,0,0,0.00,0.00,0.00,1000000.00,0.00
60001029237025200,20140722,1000000.00,1000000.00,8,400000,400000000000.00,1000000.00,1000000.00,1000000.00,1000000.00
60001029237025200,20140723,1000000.00,1000000.00,0,0,0.00,0.00,0.00,1000000.00,0.00
60001029237025200,20140726,1000000.00,1000000.00,1,10,10000000.00,1000000.00,1000000.00,1000000.00,1000000.00
60001029237025200,20140727,1000000.00,1000000.00,0,0,0.00,0.00,0.00,1000000.00,0.00
60001029237025200,20140728,1000000.00,1000000.00,0,0,0.00,0.00,0.00,1000000.00,0.00
60001029237025200,20140802,1000000.00,1000000.00,0,0,0.00,0.00,0.00,1000000.00,0.00
60001029237025200,20140803,1000000.00,1000000.00,0,0,0.00,0.00,0.00,1000000.00,0.00
60001029237025200,20140804,1000000.00,1000000.00,0,0,0.00,0.00,0.00,1000000.00,0.00
60001029237025200,20140805,1000000.00,1000000.00,0,0,0.00,0.00,0.00,1000000.00,0.00
60001029237025200,20140806,1000000.00,1000000.00,0,0,0.00,0.00,0.00,1000000.00,0.00
60001029237025200,20140809,1000000.00,1000000.00,0,0,0.00,0.00,0.00,1000000.00,0.00
60001029237025200,20140810,1000000.00,1000000.00,0,0,0.00,0.00,0.00,1000000.00,0.00
60001029237025200,20140811,1000000.00,1000000.00,0,0,0.00,0.00,0.00,1000000.00,0.00
60001029237025200,20140812,1000000.00,1000000.00,0,0,0.00,0.00,0.00,1000000.00,0.00
60001029237025200,20140813,1000000.00,1000000.00,0,0,0.00,0.00,0.00,1000000.00,0.00
60001029237025200,20140816,1000000.00,1000000.00,0,0,0.00,0.00,0.00,1000000.00,0.00
60001029237025200,20140817,1000000.00,1000000.00,0,0,0.00,0.00,0.00,1000000.00,0.00
60001029237025200,20140818,1000000.00,1000000.00,0,0,0.00,0.00,0.00,1000000.00,0.00
60001029237025200,20140819,1000000.00,1000000.00,0,0,0.00,0.00,0.00,1000000.00,0.00
60001029237025200,20140820,1000000.00,1000000.00,0,0,0.00,0.00,0.00,1000000.00,0.00
60001029237025200,20140823,1000000.00,1000000.00,0,0,0.00,0.00,0.00,1000000.00,0.00
60001029237025200,20140824,1000000.00,1000000.00,0,0,0.00,0.00,0.00,1000000.00,0.00
60001029237025200,20140825,1000000.00,1000000.00,0,0,0.00,0.00,0.00,1000000.00,0.00
60001029237025200,20140826,1000000.00,1000000.00,0,0,0.00,0.00,0.00,1000000.00,0.00
60001029237025200,20140827,1000000.00,1000000.00,0,0,0.00,0.00,0.00,1000000.00,0.00
60001029237025200,20140830,1000000.00,1000000.00,0,0,0.00,0.00,0.00,1000000.00,0.00
60001029237025200,20140831,1000000.00,1000000.00,0,0,0.00,0.00,0.00,1000000.00,0.00
60001029237025200,20140901,1000000.00,1000000.00,0,0,0.00,0.00,0.00,1000000.00,0.00
60001029237025200,20140902,1000000.00,1000000.00,1,5000,5000000000.00,1000000.00,1000000.00,1000000.00,1000000.00
60001029237025200,20140903,1000000.00,1000000.00,2,10250,10250000000.00,1000000.00,1000000.00,1000000.00,1000000.00
60001029237025200,20140906,1000000.00,1000000.00,0,0,0.00,0.00,0.00,1000000.00,0.00
60001029237025200,20140907,1000000.00,1000000.00,1,10000,10000000000.00,1000000.00,1000000.00,1000000.00,1000000.00
60001029237025200,20140908,1000000.00,1000000.00,0,0,0.00,0.00,0.00,1000000.00,0.00
60001029237025200,20140909,1000000.00,1000000.00,0,0,0.00,0.00,0.00,1000000.00,0.00
60001029237025200,20140910,1000000.00,1000000.00,0,0,0.00,0.00,0.00,1000000.00,0.00
60001029237025200,20140913,1000000.00,1000000.00,0,0,0.00,0.00,0.00,1000000.00,0.00
60001029237025200,20140914,1000000.00,1000000.00,0,0,0.00,0.00,0.00,1000000.00,0.00
60001029237025200,20140915,1000000.00,1000000.00,1,10,10000000.00,1000000.00,1000000.00,1000000.00,1000000.00
60001029237025200,20140916,1000000.00,1000000.00,0,0,0.00,0.00,0.00,1000000.00,0.00
60001029237025200,20140917,1000000.00,1000000.00,0,0,0.00,0.00,0.00,1000000.00,0.00
60001029237025200,20140920,1000000.00,1000000.00,0,0,0.00,0.00,0.00,1000000.00,0.00
60001029237025200,20140921,1000000.00,1000000.00,0,0,0.00,0.00,0.00,1000000.00,0.00
60001029237025200,20140922,1000000.00,1000000.00,0,0,0.00,0.00,0.00,1000000.00,0.00
60001029237025200,20140923,1000000.00,1000000.00,0,0,0.00,0.00,0.00,1000000.00,0.00
60001029237025200,20140924,1000000.00,1000000.00,0,0,0.00,0.00,0.00,1000000.00,0.00
60001029237025200,20140927,1000000.00,1000000.00,2,1400,1400000000.00,1000000.00,1000000.00,1000000.00,1000000.00
60001029237025200,20140928,1000000.00,1000000.00,0,0,0.00,0.00,0.00,1000000.00,0.00
60001029237025200,20140929,1000000.00,1000000.00,0,0,0.00,0.00,0.00,1000000.00,0.00
60001029237025200,20140930,1000000.00,1000000.00,0,0,0.00,0.00,0.00,1000000.00,0.00
60001029237025200,20141001,1000000.00,1000000.00,0,0,0.00,0.00,0.00,1000000.00,0.00
60001029237025200,20141004,1000000.00,1000000.00,0,0,0.00,0.00,0.00,1000000.00,0.00
60001029237025200,20141006,1000000.00,1000000.00,0,0,0.00,0.00,0.00,1000000.00,0.00
60001029237025200,20141007,1000000.00,1000000.00,0,0,0.00,0.00,0.00,1000000.00,0.00
60001029237025200,20141008,1000000.00,1000000.00,0,0,0.00,0.00,0.00,1000000.00,0.00
60001029237025200,20141011,1000000.00,1000000.00,1,420,420000000.00,1000000.00,1000000.00,1000000.00,1000000.00
60001029237025200,20141012,1000000.00,1000000.00,0,0,0.00,0.00,0.00,1000000.00,0.00
60001029237025200,20141014,1000000.00,1000000.00,0,0,0.00,0.00,0.00,1000000.00,0.00
60001029237025200,20141015,1000000.00,1000000.00,0,0,0.00,0.00,0.00,1000000.00,0.00
60001029237025200,20141018,1000000.00,1000000.00,0,0,0.00,0.00,0.00,1000000.00,0.00
60001029237025200,20141019,1000000.00,1000000.00,0,0,0.00,0.00,0.00,1000000.00,0.00
60001029237025200,20141020,1000000.00,1000000.00,0,0,0.00,0.00,0.00,1000000.00,0.00
60001029237025200,20141021,1000000.00,1000000.00,0,0,0.00,0.00,0.00,1000000.00,0.00
60001029237025200,20141022,1000000.00,1000000.00,0,0,0.00,0.00,0.00,1000000.00,0.00
60001029237025200,20141025,1000000.00,1000000.00,0,0,0.00,0.00,0.00,1000000.00,0.00
60001029237025200,20141026,1000000.00,1000000.00,0,0,0.00,0.00,0.00,1000000.00,0.00
60001029237025200,20141027,1000000.00,1000000.00,0,0,0.00,0.00,0.00,1000000.00,0.00
60001029237025200,20141028,1000000.00,1000000.00,0,0,0.00,0.00,0.00,1000000.00,0.00
60001029237025200,20141029,1000000.00,1000000.00,0,0,0.00,0.00,0.00,1000000.00,0.00
60001029237025200,20141101,1000000.00,1000000.00,0,0,0.00,0.00,0.00,1000000.00,0.00
60001029237025200,20141102,1000000.00,1000000.00,0,0,0.00,0.00,0.00,1000000.00,0.00
60001029237025200,20141105,1000000.00,1000000.00,0,0,0.00,0.00,0.00,1000000.00,0.00
60001029237025200,20141108,1000000.00,1000000.00,2,25500,25500000000.00,1000000.00,1000000.00,1000000.00,1000000.00
60001029237025200,20141109,1000000.00,1000000.00,0,0,0.00,0.00,0.00,1000000.00,0.00
60001029237025200,20141110,1000000.00,1000000.00,0,0,0.00,0.00,0.00,1000000.00,0.00
60001029237025200,20141111,1000000.00,1000000.00,1,9500,9500000000.00,1000000.00,1000000.00,1000000.00,1000000.00
60001029237025200,20141112,1000000.00,1000000.00,0,0,0.00,0.00,0.00,1000000.00,0.00
60001029237025200,20141115,1000000.00,1000000.00,2,16000,16000000000.00,1000000.00,1000000.00,1000000.00,1000000.00
60001029237025200,20141116,1000000.00,1000000.00,1,5000,5000000000.00,1000000.00,1000000.00,1000000.00,1000000.00
60001029237025200,20141117,1000000.00,1000000.00,1,120,120000000.00,1000000.00,1000000.00,1000000.00,1000000.00
60001029237025200,20141118,1000000.00,1000000.00,0,0,0.00,0.00,0.00,1000000.00,0.00
60001029237025200,20141119,1000000.00,1000000.00,0,0,0.00,0.00,0.00,1000000.00,0.00
60001029237025200,20141122,1000000.00,1000000.00,0,0,0.00,0.00,0.00,1000000.00,0.00
60001029237025200,20141123,1000000.00,1000000.00,0,0,0.00,0.00,0.00,1000000.00,0.00
60001029237025200,20141124,1000000.00,1000000.00,1,130,130000000.00,1000000.00,1000000.00,1000000.00,1000000.00
60001029237025200,20141125,1000000.00,1000000.00,0,0,0.00,0.00,0.00,1000000.00,0.00
60001029237025200,20141126,1000000.00,1000000.00,0,0,0.00,0.00,0.00,1000000.00,0.00
60001029237025200,20141129,1000000.00,1000000.00,0,0,0.00,0.00,0.00,1000000.00,0.00
60001029237025200,20141130,1000000.00,1000000.00,3,210,210000000.00,1000000.00,1000000.00,1000000.00,1000000.00
60001029237025200,20141201,1000000.00,1000000.00,1,10,10000000.00,1000000.00,1000000.00,1000000.00,1000000.00
60001029237025200,20141202,1000000.00,1000000.00,1,1500,1500000000.00,1000000.00,1000000.00,1000000.00,1000000.00
60001029237025200,20141203,1000000.00,1000000.00,3,260,260000000.00,1000000.00,1000000.00,1000000.00,1000000.00
60001029237025200,20141206,1000000.00,1000000.00,0,0,0.00,0.00,0.00,1000000.00,0.00
60001029237025200,20141207,1000000.00,1000000.00,0,0,0.00,0.00,0.00,1000000.00,0.00
60001029237025200,20141208,1000165.00,1000165.00,1,70,70011550.00,1000165.00,1000165.00,1000000.00,1000165.00
60001029237025200,20141209,1000248.00,1000248.00,1,470,470116560.00,1000248.00,1000248.00,1000165.00,1000248.00
60001029237025200,20141210,1000330.00,1000330.00,4,50370,50386621730.00,1000329.00,1000330.00,1000248.00,1000330.00
60001029237025200,20141214,1000659.00,1000659.00,1,500,500329500.00,1000659.00,1000659.00,1000330.00,1000659.00
60001029237025200,20141215,1000741.00,1000744.00,4,2830,2832097060.00,1000741.00,1000744.00,1000659.00,1000739.00
60001029237025200,20141216,1000823.00,1000823.00,2,7000,7005761000.00,1000823.00,1000823.00,1000741.00,1000823.00
60001029237025200,20141217,1000904.00,1000904.00,8,3770,3773409850.00,1000904.00,1000905.00,1000823.00,1000905.00
60001029237025200,20141220,1001151.00,1001151.00,3,1430,1431645950.00,1001151.00,1001152.00,1000904.00,1001152.00
60001029237025200,20141222,1001316.00,1001316.00,13,2550,2553355750.00,1001315.00,1001316.00,1001151.00,1001316.00
60001029237025200,20141224,1001316.00,1001316.00,0,0,0.00,0.00,0.00,1001316.00,0.00
60001029237025200,20141227,1001726.00,1001726.00,6,4410,4417612550.00,1001726.00,1001727.00,1001316.00,1001727.00
60001029237025200,20141228,1001809.00,1001811.00,3,950,951718500.00,1001808.00,1001811.00,1001726.00,1001808.00
60001029237025200,20141229,1001890.00,1001890.00,5,720,721360800.00,1001890.00,1001890.00,1001809.00,1001890.00
60001029237025200,20141230,1001973.00,1001974.00,15,10730,10751172510.00,1001973.00,1001980.00,1001890.00,1001980.00
60001029237025200,20141231,1002059.00,1002056.00,13,5250,5260807660.00,1002055.00,1002063.00,1001973.00,1002063.00
60001029237025200,20150103,1002302.00,1002302.00,4,1150,1152646800.00,1002301.00,1002302.00,1002059.00,1002301.00
60001029237025200,20150104,1002386.00,1002384.00,9,10250,10274458060.00,1002384.00,1002390.00,1002302.00,1002390.00
60001029237025200,20150105,1002467.00,1002467.00,10,8950,8972077410.00,1002466.00,1002467.00,1002386.00,1002466.00
60001029237025200,20150106,1002549.00,1002548.00,8,1290,1293288200.00,1002548.00,1002549.00,1002467.00,1002549.00
60001029237025200,20150107,1010660.00,1012656.00,10,14980,15139691220.00,1002630.00,1012656.00,1002549.00,1002630.00
60001029237025200,20150110,1003470.00,1002877.00,21,33840,33957425720.00,1002877.00,1012905.00,1010660.00,1002878.00
60001029237025200,20150111,1003074.00,1002960.00,29,7880,7904224080.00,1002959.00,1012969.00,1003470.00,1002960.00
60001029237025200,20150112,1003074.00,1002960.00,0,0,0.00,0.00,0.00,1003074.00,0.00
60001029237025200,20150113,1003074.00,1002960.00,0,0,0.00,0.00,0.00,1003074.00,0.00
60001029237025200,20150114,1003641.00,1013230.00,18,4140,4155072620.00,1003204.00,1013230.00,1003074.00,1003205.00
60001029237025200,20150117,1003454.00,1003452.00,13,19000,19065632950.00,1003452.00,1003543.00,1003641.00,1003452.00
60001029237025200,20150118,1003572.00,1013400.00,9,33870,33990979180.00,1003534.00,1013400.00,1003454.00,1013400.00
60001029237025200,20150119,1003617.00,1003617.00,13,3690,3703345010.00,1003616.00,1003617.00,1003572.00,1003617.00
60001029237025200,20150120,1003699.00,1003700.00,11,6590,6614376840.00,1003699.00,1003700.00,1003617.00,1003699.00
60001029237025200,20150121,1003781.00,1003781.00,11,42180,42339484820.00,1003781.00,1003783.00,1003699.00,1003782.00
60001029237025200,20150124,1004027.00,1004029.00,15,11720,11767200340.00,1004027.00,1004029.00,1003781.00,1004028.00
60001029237025200,20150125,1004111.00,1004111.00,14,12100,12149742790.00,1004110.00,1004111.00,1004027.00,1004111.00
60001029237025200,20150126,1004192.00,1004192.00,4,3050,3062786650.00,1004192.00,1004193.00,1004111.00,1004193.00
60001029237025200,20150127,1004274.00,1004274.00,4,4780,4800432220.00,1004274.00,1004275.00,1004192.00,1004274.00
60001029237025200,20150128,1004356.00,1004358.00,15,53420,53652698750.00,1004356.00,1004358.00,1004274.00,1004357.00
60001029237025200,20150131,1004603.00,1004603.00,24,61200,61481688130.00,1004601.00,1004603.00,1004356.00,1004603.00
60001029237025200,20150201,1005142.00,1004685.00,24,87640,88090688560.00,1004682.00,1014731.00,1004603.00,1004684.00
60001029237025200,20150202,1004767.00,1004767.00,5,45040,45254703600.00,1004765.00,1004767.00,1005142.00,1004766.00
60001029237025200,20150203,1005437.00,1014850.00,11,17030,17122585280.00,1004849.00,1014850.00,1004767.00,1004850.00
60001029237025200,20150204,1004845.00,1004932.00,16,19730,19825586360.00,1000012.00,1004932.00,1005437.00,1004932.00
60001029237025200,20150207,1005190.00,1005178.00,16,8580,8624527720.00,1005178.00,1014950.00,1004845.00,1005178.00
60001029237025200,20150208,1005268.00,1005260.00,15,13420,13490693630.00,1005260.00,1015290.00,1005190.00,1005260.00
60001029237025200,20150209,1005343.00,1005343.00,14,15360,15442068480.00,1005343.00,1005343.00,1005268.00,1005343.00
60001029237025200,20150210,1005426.00,1005426.00,24,8400,8445576990.00,1005425.00,1005430.00,1005343.00,1005425.00
60001029237025200,20150214,1005756.00,1005753.00,18,28400,28563461020.00,1005750.00,1013300.00,1005426.00,1005754.00
60001029237025200,20150215,1005841.00,1005837.00,26,33810,34007479170.00,1005836.00,1014990.00,1005756.00,1005836.00
60001029237025200,20150216,1005913.00,1000005.00,19,11660,11728949880.00,1000005.00,1005921.00,1005841.00,1005921.00
60001029237025200,20150217,1006000.00,1006000.00,15,13020,13098119360.00,1005997.00,1006001.00,1005913.00,1006001.00
60001029237025200,20150218,1006096.00,1006083.00,22,23280,23421922680.00,1006082.00,1014920.00,1006000.00,1006083.00
60001029237025200,20150221,1006349.00,1006329.00,32,9570,9630757120.00,1006329.00,1009880.00,1006096.00,1009880.00
60001029237025200,20150222,1006412.00,1006412.00,38,5110,5142763270.00,1006411.00,1006413.00,1006349.00,1006412.00
60001029237025200,20150223,1006493.00,1006493.00,8,2230,2244479780.00,1006493.00,1006494.00,1006412.00,1006493.00
60001029237025200,20150224,1006610.00,1006575.00,18,1900,1912558640.00,1006575.00,1007500.00,1006493.00,1007500.00
60001029237025200,20150225,1006659.00,1006659.00,15,10110,10177321020.00,1006658.00,1006664.00,1006610.00,1006664.00
60001029237025200,20150228,1006904.00,1006904.00,16,62080,62508602930.00,1006904.00,1006920.00,1006659.00,1006905.00
60001029237025200,20150301,1006986.00,1006986.00,12,3870,3897037040.00,1006986.00,1006987.00,1006904.00,1006987.00
60001029237025200,20150302,1007068.00,1007068.00,17,10210,10282165280.00,1007066.00,1007069.00,1006986.00,1007069.00
60001029237025200,20150303,1007151.00,1007151.00,15,2780,2799881140.00,1007151.00,1007152.00,1007068.00,1007151.00
60001029237025200,20150304,1007237.00,1007234.00,10,14290,14393419920.00,1007234.00,1011840.00,1007151.00,1011840.00
60001029237025200,20150307,1007479.00,1007479.00,11,4610,4644478820.00,1007479.00,1007480.00,1007237.00,1007479.00
60001029237025200,20150308,1007568.00,1011800.00,9,17050,17179031950.00,1007562.00,1011800.00,1007479.00,1007562.00
60001029237025200,20150309,1007686.00,1007645.00,8,2260,2277369520.00,1007644.00,1016980.00,1007568.00,1007644.00
60001029237025200,20150310,1007726.00,1007727.00,8,1140,1148807940.00,1007726.00,1007728.00,1007686.00,1007727.00
60001029237025200,20150311,1008300.00,1007808.00,9,370,373071140.00,1007808.00,1016900.00,1007726.00,1016900.00
60001029237025200,20150314,1008056.00,1008057.00,11,2630,2651187710.00,1008055.00,1008058.00,1008300.00,1008055.00
60001029237025200,20150315,1008318.00,1008321.00,11,15750,15881008270.00,1008317.00,1008321.00,1008056.00,1008317.00
60001029237025200,20150316,1008531.00,1008221.00,23,3040,3065933480.00,1008219.00,1016750.00,1008318.00,1016749.00
60001029237025200,20150317,1008227.00,1008219.00,14,17860,18006936560.00,1008219.00,1008480.00,1008531.00,1008221.00
60001029237025200,20150318,1008396.00,1008385.00,26,43320,43683705070.00,1008384.00,1009001.00,1008227.00,1008467.00
60001029237025200,20150325,1008991.00,1008959.00,5,9060,9141455600.00,1008959.00,1009000.00,1008396.00,1008960.00
60001029237025200,20150328,1009205.00,1009205.00,8,2160,2179882800.00,1009205.00,1009205.00,1008991.00,1009205.00
60001029237025200,20150329,1009288.00,1009288.00,10,1430,1443281840.00,1009288.00,1009288.00,1009205.00,1009288.00
60001029237025200,20150330,1009370.00,1009370.00,11,4050,4087948500.00,1009370.00,1009370.00,1009288.00,1009370.00
60001029237025200,20150331,1009451.00,1009452.00,15,11870,11982183710.00,1008030.00,1017990.00,1009370.00,1009453.00
60001029237025200,20150404,1009614.00,1019870.00,22,34160,34488415540.00,1000000.00,1019870.00,1009451.00,1000000.00
60001029237025200,20150405,1009674.00,1009863.00,19,5270,5320983170.00,990000.00,1009863.00,1009614.00,990000.00
60001029237025200,20150406,1009562.00,1009945.00,36,27370,27631706790.00,1000006.00,1018500.00,1009674.00,1000006.00
60001029237025200,20150407,1010024.00,1010029.00,18,81480,82296767810.00,1000522.00,1010029.00,1009562.00,1010027.00
60001029237025200,20150408,1010136.00,1010120.00,41,15350,15505592150.00,1010110.00,1020199.00,1010024.00,1010110.00
60001029237025200,20150411,1010136.00,1010120.00,0,0,0.00,0.00,0.00,1010136.00,0.00
60001029237025200,20150412,1010136.00,1010120.00,0,0,0.00,0.00,0.00,1010136.00,0.00
60001029237025200,20150413,1010530.00,1010521.00,17,5500,5557916610.00,1010521.00,1014990.00,1010136.00,1014990.00
60001029237025200,20150414,1010604.00,1010603.00,12,9970,10075718980.00,1010603.00,1010604.00,1010530.00,1010604.00
60001029237025200,20150415,1010686.00,1010687.00,14,29980,30300365020.00,1010685.00,1010687.00,1010604.00,1010686.00
60001029237025200,20150418,1010938.00,1010932.00,17,13190,13334277570.00,1010932.00,1018040.00,1010686.00,1010933.00
60001029237025200,20150419,1011014.00,1011016.00,25,49210,49752019450.00,1011014.00,1011018.00,1010938.00,1011018.00
60001029237025200,20150420,1011135.00,1011096.00,41,51350,51921773660.00,1011096.00,1020970.00,1011014.00,1011098.00
60001029237025200,20150421,1011178.00,1011178.00,30,58260,58911241260.00,1011178.00,1011181.00,1011135.00,1011180.00
60001029237025200,20150422,1011261.00,1011262.00,24,36680,37093068110.00,1011261.00,1011300.00,1011178.00,1011300.00
60001029237025200,20150425,1011508.00,1011508.00,18,9800,9912778120.00,1011507.00,1011509.00,1011261.00,1011508.00
60001029237025200,20150426,1011590.00,1011589.00,22,7830,7920749200.00,1011589.00,1011591.00,1011508.00,1011590.00
60001029237025200,20150427,1011672.00,1011672.00,8,5210,5270810280.00,1011671.00,1011672.00,1011590.00,1011672.00
60001029237025200,20150428,1011754.00,1011754.00,15,5240,5301589200.00,1011753.00,1011754.00,1011672.00,1011753.00
60001029237025200,20150429,1011868.00,1011836.00,20,5750,5818242260.00,1011836.00,1017990.00,1011754.00,1011836.00
60001029237025200,20150503,1012169.00,1012164.00,38,20850,21103720900.00,1012164.00,1022270.00,1011868.00,1012164.00
60001029237025200,20150504,1012247.00,1012248.00,21,30990,31369536780.00,1012247.00,1012300.00,1012169.00,1012247.00
60001029237025200,20150505,1012330.00,1012329.00,16,2300,2328358020.00,1012329.00,1012330.00,1012247.00,1012329.00
60001029237025200,20150506,1012412.00,1012411.00,16,2420,2450036050.00,1012411.00,1012412.00,1012330.00,1012412.00
60001029237025200,20150509,1012659.00,1012658.00,27,8450,8556967630.00,1012658.00,1012659.00,1012412.00,1012658.00
60001029237025200,20150510,1012741.00,1012741.00,35,4670,4729500080.00,1012740.00,1012745.00,1012659.00,1012741.00
60001029237025200,20150511,1012823.00,1012823.00,30,16740,16954650950.00,1012822.00,1012831.00,1012741.00,1012823.00
60001029237025200,20150512,1012905.00,1012905.00,28,4350,4406136790.00,1012904.00,1012906.00,1012823.00,1012906.00
60001029237025200,20150513,1013038.00,1012987.00,28,6020,6098491290.00,1012986.00,1023000.00,1012905.00,1023000.00
60001029237025200,20150517,1013316.00,1013316.00,29,6070,6150827280.00,1013315.00,1013317.00,1013038.00,1013315.00
60001029237025200,20150518,1013410.00,1013498.00,25,4870,4935304770.00,1013397.00,1013498.00,1013316.00,1013398.00
60001029237025200,20150519,1023125.00,1013480.00,115,525320,537468227230.00,1013479.00,1023614.00,1013410.00,1013479.00
60001029237025200,20150520,1013563.00,1013562.00,29,7270,7368602800.00,1013562.00,1013564.00,1023125.00,1013564.00
60001029237025200,20150523,1013809.00,1013809.00,24,63880,64762116390.00,1013808.00,1013810.00,1013563.00,1013808.00
60001029237025200,20150524,1013935.00,1013891.00,18,9080,9206534490.00,1013890.00,1024000.00,1013809.00,1013891.00
60001029237025200,20150525,1013974.00,1013974.00,34,25180,25531863540.00,1013973.00,1013977.00,1013935.00,1013977.00
60001029237025200,20150526,1014056.00,1014056.00,19,2260,2291766540.00,1014055.00,1014056.00,1013974.00,1014056.00
60001029237025200,20150527,1014138.00,1014138.00,41,9090,9218514950.00,1014138.00,1014140.00,1014056.00,1014138.00
60001029237025200,20150530,1014385.00,1014389.00,22,9310,9443923220.00,1014384.00,1014389.00,1014138.00,1014384.00
60001029237025200,20150531,1014468.00,1014467.00,31,29200,29622453930.00,1014466.00,1014750.00,1014385.00,1014467.00
60001029237025200,20150601,1014550.00,1014549.00,22,22500,22827366110.00,1014548.00,1015000.00,1014468.00,1014549.00
60001029237025200,20150602,1014631.00,1014631.00,24,9110,9243288970.00,1014630.00,1014632.00,1014550.00,1014632.00
60001029237025200,20150606,1014959.00,1014959.00,37,72460,73543938310.00,1014959.00,1014960.00,1014631.00,1014960.00
60001029237025200,20150607,1015042.00,1015042.00,21,11800,11977497700.00,1015041.00,1015100.00,1014959.00,1015041.00
60001029237025200,20150608,1015124.00,1015124.00,14,6940,7044960560.00,1015124.00,1015124.00,1015042.00,1015124.00
60001029237025200,20150609,1015205.00,1015205.00,34,106190,107804620720.00,1015205.00,1015206.00,1015124.00,1015205.00
60001029237025200,20150610,1015288.00,1015289.00,44,14880,15107492850.00,1015288.00,1015291.00,1015205.00,1015289.00
60001029237025200,20150613,1015535.00,1016111.00,34,54590,55438048060.00,1015534.00,1016111.00,1015288.00,1015535.00
60001029237025200,20150614,1015622.00,1025555.00,44,36860,37435820000.00,1015616.00,1025555.00,1015535.00,1015617.00
60001029237025200,20150615,1015700.00,1015699.00,34,18960,19257669070.00,1015699.00,1015701.00,1015622.00,1015699.00
60001029237025200,20150616,1015782.00,1015781.00,14,12890,13093427330.00,1015781.00,1015782.00,1015700.00,1015782.00
60001029237025200,20150617,1015863.00,1015864.00,30,131030,133108557040.00,1015863.00,1015864.00,1015782.00,1015863.00
60001029237025200,20150620,1024297.00,1016112.00,132,549120,562461935310.00,1001014.00,1026271.00,1015863.00,1016111.00
60001029237025200,20150621,1016192.00,1016192.00,39,155930,158454822300.00,1016192.00,1016193.00,1024297.00,1016193.00
60001029237025200,20150622,1016275.00,1016275.00,22,115120,116993569000.00,1016274.00,1016275.00,1016192.00,1016275.00
60001029237025200,20150623,1016357.00,1016356.00,28,15270,15519764860.00,1016356.00,1016357.00,1016275.00,1016357.00
60001029237025200,20150624,1016439.00,1016440.00,25,8730,8873513030.00,1016439.00,1016441.00,1016357.00,1016439.00
60001029237025200,20150627,1022166.00,1026852.00,27,32000,32709299040.00,1016685.00,1026852.00,1016439.00,1016686.00
60001029237025200,20150628,1025493.00,1026000.00,33,34040,34907777290.00,1016770.00,1026935.00,1022166.00,1016770.00
60001029237025200,20150629,1026289.00,1020001.00,16,100880,103532033810.00,1020001.00,1026500.00,1025493.00,1026100.00
60001029237025200,20150630,1017459.00,1017581.00,8,2980,3032028740.00,1017252.00,1017581.00,1026289.00,1017252.00
60001029237025200,20150701,1017085.00,1017161.00,20,5740,5838067620.00,1017020.00,1017200.00,1017459.00,1017020.00
60001029237025200,20150704,1017261.00,1017264.00,23,3160,3214545890.00,1017260.00,1017266.00,1017085.00,1017261.00
60001029237025200,20150705,1017342.00,1017342.00,15,4290,4364398050.00,1017342.00,1017343.00,1017261.00,1017343.00
60001029237025200,20150706,1017425.00,1017426.00,29,4040,4110398820.00,1017425.00,1017426.00,1017342.00,1017425.00
60001029237025200,20150707,1017508.00,1017509.00,24,2960,3011823770.00,1017507.00,1017510.00,1017425.00,1017507.00
60001029237025200,20150711,1017836.00,1017836.00,29,26280,26748730560.00,1017836.00,1017837.00,1017508.00,1017836.00
60001029237025200,20150712,1017918.00,1017918.00,35,12820,13049710200.00,1017918.00,1017920.00,1017836.00,1017919.00
60001029237025200,20150713,1017918.00,1017918.00,0,0,0.00,0.00,0.00,1017918.00,0.00
60001029237025200,20150714,1017918.00,1017918.00,0,0,0.00,0.00,0.00,1017918.00,0.00
60001029237025200,20150715,1018181.00,1018215.00,32,8020,8165811720.00,1018164.00,1018400.00,1017918.00,1018166.00
60001029237025200,20150719,1018181.00,1018215.00,0,0,0.00,0.00,0.00,1018181.00,0.00
60001029237025200,20150720,1018578.00,1018580.00,43,12490,12722042490.00,1018575.00,1018600.00,1018181.00,1018576.00
60001029237025200,20150721,1018659.00,1018662.00,23,5350,5449823860.00,1018658.00,1018662.00,1018578.00,1018659.00
60001029237025200,20150722,1018748.00,1018751.00,6,1040,1059498440.00,1018741.00,1018751.00,1018659.00,1018741.00
60001029237025200,20150725,1018988.00,1018989.00,22,2310,2353863460.00,1018987.00,1018989.00,1018748.00,1018987.00
60001029237025200,20150726,1022698.00,1019071.00,24,22110,22611863980.00,1019068.00,1023777.00,1018988.00,1019999.00
60001029237025200,20150727,1019156.00,1019151.00,12,4160,4239687660.00,1019151.00,1019157.00,1022698.00,1019155.00
60001029237025200,20150728,1019258.00,1019234.00,14,1030,1049835260.00,1019234.00,1020000.00,1019156.00,1020000.00
60001029237025200,20150729,1019343.00,1026980.00,13,3330,3394412790.00,1019315.00,1026980.00,1019258.00,1019316.00
60001029237025200,20150801,1019596.00,1019571.00,14,1550,1580374310.00,1019564.00,1019601.00,1019343.00,1019601.00
60001029237025200,20150802,1019699.00,1019645.00,14,1290,1315411270.00,1019645.00,1026340.00,1019596.00,1019647.00
60001029237025200,20150803,1019726.00,1019726.00,2,240,244734240.00,1019726.00,1019726.00,1019699.00,1019726.00
60001029237025200,20150804,1019920.00,1019902.00,13,1260,1285098630.00,1019900.00,1019999.00,1019726.00,1019902.00
60001029237025200,20150805,1019915.00,1019910.00,13,1360,1387084700.00,1019903.00,1019999.00,1019920.00,1019999.00
60001029237025200,20150808,1020137.00,1020137.00,20,33770,34450029040.00,1020137.00,1020143.00,1019915.00,1020138.00
60001029237025200,20150809,1020222.00,1020225.00,20,6240,6366184500.00,1020220.00,1020225.00,1020137.00,1020220.00
60001029237025200,20150810,1020309.00,1020313.00,9,3110,3173162370.00,1020304.00,1020314.00,1020222.00,1020304.00
60001029237025200,20150812,1020470.00,1020489.00,16,28270,28848687870.00,1020468.00,1020489.00,1020309.00,1020468.00
60001029237025200,20150815,1020812.00,1020727.00,6,290,296035450.00,1020717.00,1022000.00,1020470.00,1020717.00
60001029237025200,20150816,1021864.00,1026980.00,4,180,183935600.00,1021000.00,1026980.00,1020812.00,1021000.00
60001029237025200,20150817,1022087.00,1023000.00,12,2060,2105500200.00,1021000.00,1023000.00,1021864.00,1021000.00
60001029237025200,20150818,1021166.00,1022960.00,23,6250,6382284670.00,1020959.00,1023000.00,1022087.00,1021007.00
60001029237025200,20150819,1021043.00,1021042.00,14,2300,2348398530.00,1021041.00,1021048.00,1021166.00,1021048.00
60001029237025200,20150822,1021336.00,1021288.00,31,3890,3972996110.00,1021288.00,1021500.00,1021043.00,1021289.00
60001029237025200,20150823,1021370.00,1021373.00,7,14050,14350251840.00,1021370.00,1021378.00,1021336.00,1021371.00
60001029237025200,20150824,1023866.00,1026829.00,18,8810,9020256250.00,1021454.00,1026829.00,1021370.00,1021456.00
60001029237025200,20150825,1021638.00,1021565.00,9,510,521035190.00,1021549.00,1025000.00,1023866.00,1021549.00
60001029237025200,20150826,1021738.00,1021741.00,10,1780,1818693230.00,1021631.00,1021760.00,1021638.00,1021631.00
60001029237025200,20150829,1022005.00,1021863.00,15,1110,1134425110.00,1021863.00,1022998.00,1021738.00,1021863.00
60001029237025200,20150830,1021945.00,1021945.00,13,11600,11854564680.00,1021945.00,1021947.00,1022005.00,1021946.00
60001029237025200,20150831,1022028.00,1022027.00,10,6350,6489877170.00,1022027.00,1022028.00,1021945.00,1022028.00
60001029237025200,20150901,1022113.00,1022112.00,4,310,316855100.00,1022112.00,1022114.00,1022028.00,1022113.00
60001029237025200,20150902,1022234.00,1022215.00,9,2370,2422693970.00,1022197.00,1026899.00,1022113.00,1022197.00
60001029237025200,20150905,1022452.00,1022438.00,18,1180,1206493360.00,1022438.00,1024000.00,1022234.00,1022439.00
60001029237025200,20150906,1022522.00,1022521.00,11,1880,1922340940.00,1022521.00,1022534.00,1022452.00,1022534.00
60001029237025200,20150907,1022603.00,1022604.00,3,110,112486360.00,1022603.00,1022604.00,1022522.00,1022603.00
60001029237025200,20150908,1022705.00,1022700.00,6,1120,1145429430.00,1022700.00,1022712.00,1022603.00,1022700.00
60001029237025200,20150909,1022772.00,1022772.00,8,220,225009880.00,1022772.00,1022773.00,1022705.00,1022772.00
60001029237025200,20150912,1023251.00,1025900.00,9,1360,1391621580.00,1023015.00,1025900.00,1022772.00,1023015.00
60001029237025200,20150913,1024733.00,1025500.00,6,470,481624600.00,1023096.00,1025500.00,1023251.00,1023096.00
60001029237025200,20150914,1023179.00,1023179.00,9,1570,1606390590.00,1023178.00,1023179.00,1024733.00,1023179.00
60001029237025200,20150915,1023260.00,1023260.00,10,1060,1084655880.00,1023260.00,1023261.00,1023179.00,1023261.00
60001029237025200,20150916,1023343.00,1023343.00,14,560,573072210.00,1023343.00,1023344.00,1023260.00,1023343.00
60001029237025200,20150919,1024075.00,1024900.00,15,1560,1597557600.00,1023589.00,1024900.00,1023343.00,1023590.00
60001029237025200,20150920,1023672.00,1023671.00,27,7060,7227123740.00,1023671.00,1023690.00,1024075.00,1023677.00
60001029237025200,20150921,1024074.00,1023754.00,18,6840,7004668920.00,1023753.00,1033800.00,1023672.00,1023754.00
60001029237025200,20150922,1023836.00,1023836.00,12,2700,2764357850.00,1023836.00,1023838.00,1024074.00,1023838.00
60001029237025200,20150923,1023920.00,1023921.00,11,4410,4515485790.00,1023918.00,1023921.00,1023836.00,1023920.00
60001029237025200,20150926,1024368.00,1024165.00,13,460,471209450.00,1024165.00,1026500.00,1023920.00,1024168.00
60001029237025200,20150927,1024247.00,1024247.00,17,44120,45189788470.00,1024247.00,1024250.00,1024368.00,1024249.00
60001029237025200,20150928,1024331.00,1024331.00,3,40,40973240.00,1024331.00,1024331.00,1024247.00,1024331.00
60001029237025200,20150929,1024412.00,1024411.00,9,950,973190990.00,1024411.00,1024412.00,1024331.00,1024412.00
60001029237025200,20150930,1024505.00,1024510.00,2,60,61470300.00,1024504.00,1024510.00,1024412.00,1024504.00
60001029237025200,20151003,1024996.00,1024741.00,12,1090,1117245740.00,1024740.00,1025999.00,1024505.00,1024744.00
60001029237025200,20151004,1024875.00,1024890.00,5,690,707163510.00,1024822.00,1024999.00,1024996.00,1024999.00
60001029237025200,20151005,1027572.00,1033777.00,6,900,924814700.00,1024908.00,1033789.00,1024875.00,1024909.00
60001029237025200,20151006,1025161.00,1025150.00,14,680,697109380.00,1025004.00,1025200.00,1027572.00,1025004.00
60001029237025200,20151007,1025069.00,1025069.00,2,70,71754830.00,1025069.00,1025069.00,1025161.00,1025069.00
60001029237025200,20151010,1025355.00,1025315.00,13,1270,1302201320.00,1025315.00,1029000.00,1025069.00,1029000.00
60001029237025200,20151011,1025398.00,1025398.00,5,380,389651150.00,1025397.00,1025398.00,1025355.00,1025397.00
60001029237025200,20151012,1025500.00,1030000.00,7,15350,15741419300.00,1025479.00,1030000.00,1025398.00,1025479.00
60001029237025200,20151013,1025563.00,1025562.00,8,2100,2153681330.00,1025562.00,1025563.00,1025500.00,1025563.00
60001029237025200,20151014,1025563.00,1025562.00,0,0,0.00,0.00,0.00,1025563.00,0.00
60001029237025200,20151017,1025891.00,1025894.00,8,2530,2595503310.00,1025889.00,1025895.00,1025563.00,1000000.00
60001029237025200,20151018,1026063.00,1025975.00,12,5930,6084556380.00,1025973.00,1030000.00,1025891.00,1025974.00
60001029237025200,20151019,1026060.00,1026055.00,8,1190,1221011930.00,1026055.00,1026064.00,1026063.00,1026064.00
60001029237025200,20151020,1026147.00,1026137.00,14,6110,6269757820.00,1026137.00,1027000.00,1026060.00,1026138.00
60001029237025200,20151021,1026238.00,1026241.00,2,2270,2329560020.00,1026226.00,1026241.00,1026147.00,1026226.00
60001029237025200,20151025,1026563.00,1026548.00,6,3230,3315797270.00,1026548.00,1026601.00,1026238.00,1026601.00
60001029237025200,20151026,1026777.00,1026700.00,2,130,133481000.00,1026700.00,1026800.00,1026563.00,1026800.00
60001029237025200,20151027,1026727.00,1026712.00,14,12370,12700615520.00,1026712.00,1026802.00,1026777.00,1026713.00
60001029237025200,20151028,1026796.00,1026796.00,4,510,523665950.00,1026795.00,1026796.00,1026727.00,1026796.00
60001029237025200,20151031,1027041.00,1027041.00,9,2340,2403276760.00,1027041.00,1027045.00,1026796.00,1027041.00
60001029237025200,20151101,1027181.00,1028000.00,11,760,780657420.00,1027123.00,1028000.00,1027041.00,1028000.00
60001029237025200,20151102,1027205.00,1027205.00,17,16850,17308404510.00,1027205.00,1027207.00,1027181.00,1027205.00
60001029237025200,20151103,1027291.00,1027291.00,2,110,113002020.00,1027291.00,1027292.00,1027205.00,1027292.00
60001029237025200,20151104,1027371.00,1027371.00,13,15400,15821520570.00,1027370.00,1027500.00,1027291.00,1027372.00
60001029237025200,20151107,1027622.00,1027626.00,7,14850,15260190620.00,1027616.00,1028000.00,1027371.00,1027616.00
60001029237025200,20151108,1027732.00,1028100.00,9,1400,1438824680.00,1027700.00,1028100.00,1027622.00,1027700.00
60001029237025200,20151109,1027825.00,1027785.00,20,540,555025400.00,1027785.00,1028000.00,1027732.00,1028000.00
60001029237025200,20151110,1027865.00,1027865.00,5,2990,3073316280.00,1027864.00,1027865.00,1027825.00,1027865.00
60001029237025200,20151111,1027949.00,1027947.00,4,1920,1973661340.00,1027947.00,1027949.00,1027865.00,1027949.00
60001029237025200,20151114,1028200.00,1028192.00,13,7190,7392757190.00,1028192.00,1033782.00,1027949.00,1028192.00
60001029237025200,20151115,1028274.00,1028275.00,4,440,452440570.00,1028274.00,1028275.00,1028200.00,1028274.00
60001029237025200,20151116,1028359.00,1028361.00,7,1400,1439702020.00,1028357.00,1028363.00,1028274.00,1028357.00
60001029237025200,20151117,1028438.00,1028438.00,18,3580,3681809850.00,1028438.00,1028439.00,1028359.00,1028439.00
60001029237025200,20151118,1028523.00,1028521.00,10,11950,12290855740.00,1028521.00,1029000.00,1028438.00,1028522.00
60001029237025200,20151121,1028767.00,1028767.00,11,18710,19248232320.00,1028767.00,1028769.00,1028523.00,1028769.00
60001029237025200,20151122,1028849.00,1028852.00,11,25530,26266515040.00,1028849.00,1028852.00,1028767.00,1028850.00
60001029237025200,20151123,1028932.00,1028932.00,7,3430,3529237350.00,1028932.00,1028933.00,1028849.00,1028933.00
60001029237025200,20151124,1029843.00,1029028.00,12,60970,62789546620.00,1029025.00,1030000.00,1028932.00,1029025.00
60001029237025200,20151125,1029098.00,1029098.00,5,90,92618860.00,1029098.00,1029099.00,1029843.00,1029099.00
60001029237025200,20151128,1029342.00,1029343.00,23,23520,24210128980.00,1029342.00,1029344.00,1029098.00,1029343.00
60001029237025200,20151129,1029425.00,1029426.00,7,220,226473600.00,1029425.00,1029426.00,1029342.00,1029426.00
60001029237025200,20151130,1029542.00,1029507.00,9,1310,1348699630.00,1029507.00,1033999.00,1029425.00,1033999.00
60001029237025200,20151201,1029590.00,1029590.00,35,40230,41420387340.00,1029589.00,1029593.00,1029542.00,1029590.00
60001029237025200,20151205,1029918.00,1029918.00,13,1470,1513980010.00,1029918.00,1029919.00,1029590.00,1029919.00
60001029237025200,20151206,1030000.00,1030000.00,8,630,648900220.00,1030000.00,1030002.00,1029918.00,1030000.00
60001029237025200,20151207,1030059.00,1030057.00,9,3020,3110779700.00,1030056.00,1030100.00,1030000.00,1030056.00
60001029237025200,20151208,1030113.00,1030113.00,12,8540,8797165590.00,1030113.00,1030114.00,1030059.00,1030113.00
60001029237025200,20151209,1030170.00,1030170.00,6,130,133922080.00,1030169.00,1030170.00,1030113.00,1030170.00
60001029237025200,20151213,1030395.00,1030395.00,2,770,793404150.00,1030395.00,1030395.00,1030170.00,1030395.00
60001029237025200,20151214,1030452.00,1030452.00,1,70,72131640.00,1030452.00,1030452.00,1030395.00,1030452.00
60001029237025200,20151215,1030509.00,1030509.00,7,500,515254320.00,1030508.00,1030510.00,1030452.00,1030510.00
60001029237025200,20151216,1030569.00,1030564.00,12,730,752315210.00,1030564.00,1030590.00,1030509.00,1030566.00
60001029237025200,20151219,1030734.00,1030735.00,16,1080,1113193250.00,1030734.00,1030736.00,1030569.00,1030735.00
60001029237025200,20151220,1030790.00,1030790.00,25,3620,3731461040.00,1030790.00,1030800.00,1030734.00,1030800.00
60001029237025200,20151221,1030847.00,1030847.00,11,21810,22482773650.00,1030847.00,1030849.00,1030790.00,1030847.00
60001029237025200,20151222,1030903.00,1030903.00,6,15000,15463545660.00,1030903.00,1030905.00,1030847.00,1030905.00
60001029237025200,20151223,1030961.00,1030997.00,10,2170,2237186330.00,1030960.00,1030997.00,1030903.00,1030960.00
60001029237025200,20151226,1031130.00,1031129.00,9,1860,1917902040.00,1031129.00,1031131.00,1030961.00,1031130.00
60001029237025200,20151227,1031186.00,1031187.00,10,1880,1938630400.00,1031186.00,1031188.00,1031130.00,1031186.00
60001029237025200,20151228,1031244.00,1031243.00,12,4910,5063410020.00,1031242.00,1031300.00,1031186.00,1031243.00
60001029237025200,20151230,1031356.00,1031356.00,3,320,330033920.00,1031356.00,1031356.00,1031244.00,1031356.00
60001029237025200,20160102,1031529.00,1031525.00,15,2420,2496300180.00,1031524.00,1031601.00,1031356.00,1031600.00
60001029237025200,20160103,1031581.00,1031581.00,11,2880,2970953420.00,1031581.00,1031582.00,1031529.00,1031581.00
60001029237025200,20160104,1031637.00,1031638.00,11,4480,4621734780.00,1031637.00,1031639.00,1031581.00,1031637.00
60001029237025200,20160105,1031693.00,1031693.00,14,1530,1578490440.00,1031693.00,1031694.00,1031637.00,1031693.00
60001029237025200,20160106,1031750.00,1031751.00,6,1120,1155560160.00,1031750.00,1031751.00,1031693.00,1031751.00
60001029237025200,20160109,1031919.00,1031919.00,25,4400,4540443850.00,1031919.00,1031920.00,1031750.00,1031920.00
60001029237025200,20160110,1031975.00,1031975.00,15,3780,3900865530.00,1031975.00,1031976.00,1031919.00,1031975.00
60001029237025200,20160111,1032033.00,1032035.00,14,6170,6367646340.00,1032032.00,1032035.00,1031975.00,1032033.00
60001029237025200,20160112,1032033.00,1032035.00,0,0,0.00,0.00,0.00,1032033.00,0.00
60001029237025200,20160113,1032033.00,1032035.00,0,0,0.00,0.00,0.00,1032033.00,0.00
60001029237025200,20160116,1039882.00,1032315.00,61,51100,53137992300.00,1032314.00,1042637.00,1032033.00,1032314.00
60001029237025200,20160117,1032382.00,1032376.00,27,14080,14535943040.00,1032370.00,1032402.00,1039882.00,1032370.00
60001029237025200,20160118,1032428.00,1032428.00,7,550,567835410.00,1032428.00,1032429.00,1032382.00,1032428.00
60001029237025200,20160119,1032483.00,1032483.00,17,5920,6112301370.00,1032483.00,1032484.00,1032428.00,1032483.00
60001029237025200,20160120,1032540.00,1032540.00,12,8530,8807566820.00,1032540.00,1032541.00,1032483.00,1032540.00
60001029237025200,20160123,1032709.00,1032710.00,16,8150,8416581930.00,1032709.00,1032710.00,1032540.00,1032709.00
60001029237025200,20160124,1032765.00,1032765.00,16,4150,4285974750.00,1032765.00,1032765.00,1032709.00,1032765.00
60001029237025200,20160125,1032823.00,1032823.00,26,7460,7704856530.00,1032822.00,1032823.00,1032765.00,1032822.00
60001029237025200,20160126,1032878.00,1032878.00,15,5840,6032007670.00,1032878.00,1032879.00,1032823.00,1032879.00
60001029237025200,20160127,1032940.00,1032936.00,7,18540,19150703830.00,1032935.00,1032950.00,1032878.00,1032935.00
60001029237025200,20160130,1033105.00,1033105.00,7,29110,30073685560.00,1033104.00,1033105.00,1032940.00,1033104.00
60001029237025200,20160131,1033162.00,1033162.00,13,11540,11922687070.00,1033161.00,1033162.00,1033105.00,1033162.00
60001029237025200,20160201,1040411.00,1033220.00,15,18510,19258012530.00,1033217.00,1041000.00,1033162.00,1033219.00
60001029237025200,20160202,1033275.00,1033274.00,17,31300,32341506000.00,1033273.00,1033277.00,1040411.00,1033274.00
60001029237025200,20160203,1033330.00,1033331.00,8,5840,6034647720.00,1033330.00,1033332.00,1033275.00,1033330.00
60001029237025200,20160206,1033499.00,1033499.00,9,11220,11595862340.00,1033499.00,1033500.00,1033330.00,1033500.00
60001029237025200,20160207,1033556.00,1033556.00,6,4380,4526975280.00,1033556.00,1033556.00,1033499.00,1033556.00
60001029237025200,20160208,1037126.00,1033613.00,27,35970,37305415460.00,1033612.00,1040999.00,1033556.00,1033612.00
60001029237025200,20160209,1033669.00,1033669.00,11,3450,3566157490.00,1033668.00,1033670.00,1037126.00,1033669.00
60001029237025200,20160210,1033726.00,1033725.00,8,3040,3142527160.00,1033725.00,1033727.00,1033669.00,1033726.00
60001029237025200,20160213,1033895.00,1033895.00,12,14880,15384351360.00,1033894.00,1033900.00,1033726.00,1033895.00
60001029237025200,20160214,1033951.00,1033951.00,8,8750,9047074330.00,1033951.00,1033953.00,1033895.00,1033952.00
60001029237025200,20160215,1034019.00,1034007.00,10,9090,9399231920.00,1034007.00,1034020.00,1033951.00,1034007.00
60001029237025200,20160216,1034064.00,1034065.00,11,49470,51155163880.00,1034064.00,1034066.00,1034019.00,1034065.00
60001029237025200,20160217,1034121.00,1034121.00,12,35340,36545836050.00,1034120.00,1034121.00,1034064.00,1034120.00
60001029237025200,20160220,1034289.00,1034289.00,11,5500,5688589500.00,1034289.00,1034289.00,1034121.00,1034289.00
60001029237025200,20160221,1034347.00,1034347.00,8,5400,5585473850.00,1034347.00,1034348.00,1034289.00,1034347.00
60001029237025200,20160222,1039589.00,1034414.00,12,24390,25355579470.00,1034402.00,1043000.00,1034347.00,1034402.00
60001029237025200,20160223,1034541.00,1034464.00,5,13020,13469724730.00,1034461.00,1044500.00,1039589.00,1044500.00
60001029237025200,20160224,1034517.00,1034515.00,9,3340,3455285780.00,1034515.00,1034520.00,1034541.00,1034520.00
60001029237025200,20160227,1044273.00,1045031.00,18,100280,104719651120.00,1034684.00,1045031.00,1034517.00,1034685.00
60001029237025200,20160228,1034751.00,1034743.00,11,13900,14383032670.00,1034743.00,1034767.00,1044273.00,1034745.00
60001029237025200,20160229,1045110.00,1034800.00,5,35300,36892384280.00,1034798.00,1045145.00,1034751.00,1034798.00
60001029237025200,20160301,1034860.00,1037000.00,15,23960,24795240620.00,1034854.00,1037000.00,1045110.00,1034860.00
60001029237025200,20160302,1034916.00,1034918.00,5,7050,7296160200.00,1034916.00,1034918.00,1034860.00,1034916.00
60001029237025200,20160305,1034916.00,1034918.00,0,0,0.00,0.00,0.00,1034916.00,0.00
60001029237025200,20160306,1035144.00,1035136.00,9,11400,11800638330.00,1035136.00,1036000.00,1034916.00,1035137.00
60001029237025200,20160307,1035209.00,1035192.00,9,33190,34358584570.00,1035192.00,1038000.00,1035144.00,1037999.00
60001029237025200,20160308,1035250.00,1035249.00,3,410,424452490.00,1035249.00,1035250.00,1035209.00,1035250.00
60001029237025200,20160309,1035307.00,1035307.00,5,1030,1066366310.00,1035307.00,1035308.00,1035250.00,1035307.00
60001029237025200,20160312,1035479.00,1035482.00,4,190,196740940.00,1035476.00,1035482.00,1035307.00,1035476.00
60001029237025200,20160314,1035600.00,1036178.00,11,17500,18122999280.00,1035587.00,1040000.00,1035479.00,1040000.00
60001029237025200,20160315,1035649.00,1035646.00,4,690,714597550.00,1035646.00,1035670.00,1035600.00,1035648.00
60001029237025200,20160316,1035816.00,1041000.00,17,6230,6453134350.00,1035700.00,1044500.00,1035649.00,1044500.00
60001029237025200,20160326,1036267.00,1036267.00,3,970,1005179290.00,1036266.00,1036268.00,1035816.00,1036266.00
60001029237025200,20160327,1036321.00,1036325.00,40,503330,521611456970.00,1036321.00,1036325.00,1036267.00,1036322.00
60001029237025200,20160328,1036501.00,1045000.00,9,15410,15972485230.00,1036391.00,1045000.00,1036321.00,1036391.00
60001029237025200,20160329,1036491.00,1036447.00,8,3400,3524069300.00,1036440.00,1044000.00,1036501.00,1044000.00
60001029237025200,20160330,1040213.00,1036601.00,9,3650,3796777040.00,1036601.00,1044000.00,1036491.00,1040000.00
60001029237025200,20160402,1036689.00,1036668.00,4,930,964120540.00,1036663.00,1039000.00,1040213.00,1039000.00
60001029237025200,20160403,1039526.00,1040000.00,7,2320,2411699940.00,1036717.00,1040000.00,1036689.00,1036719.00
60001029237025200,20160404,1042100.00,1043000.00,4,300,312630000.00,1040000.00,1043000.00,1039526.00,1040000.00
60001029237025200,20160405,1036871.00,1036871.00,1,5000,5184355000.00,1036871.00,1036871.00,1042100.00,1036871.00
60001029237025200,20160406,1037219.00,1038000.00,6,3800,3941432580.00,1036894.00,1038000.00,1036871.00,1036894.00
60001029237025200,20160409,1037254.00,1037203.00,12,5030,5217386180.00,1037203.00,1039990.00,1037219.00,1037204.00
60001029237025200,20160410,1037254.00,1037203.00,0,0,0.00,0.00,0.00,1037254.00,0.00
60001029237025200,20160411,1037254.00,1037203.00,0,0,0.00,0.00,0.00,1037254.00,0.00
60001029237025200,20160412,1037246.00,1041998.00,4,2640,2738329620.00,1037228.00,1041998.00,1037254.00,1037228.00
60001029237025200,20160413,1043358.00,1043000.00,13,23830,24863225960.00,1040000.00,1043900.00,1037246.00,1043900.00
60001029237025200,20160416,1037907.00,1037913.00,10,19350,20083506040.00,1037778.00,1040002.00,1043358.00,1037778.00
60001029237025200,20160417,1038314.00,1038420.00,7,2280,2367355440.00,1037932.00,1041990.00,1037907.00,1037932.00
60001029237025200,20160418,1041295.00,1039212.00,16,3570,3717421790.00,1039176.00,1044000.00,1038314.00,1042000.00
60001029237025200,20160419,1045959.00,1045959.00,1,10,10459590.00,1045959.00,1045959.00,1041295.00,1045959.00
60001029237025200,20160420,1038127.00,1038135.00,5,15330,15914486400.00,1038117.00,1040000.00,1045959.00,1040000.00
60001029237025200,20160423,1040281.00,1040999.00,12,8070,8395066330.00,1040000.00,1040999.00,1038127.00,1040970.00
60001029237025200,20160424,1038013.00,1038017.00,6,2300,2387430550.00,1037906.00,1038500.00,1040281.00,1037906.00
60001029237025200,20160425,1040000.00,1040000.00,18,24260,25230400060.00,1040000.00,1040001.00,1038013.00,1040000.00
60001029237025200,20160426,1039882.00,1039001.00,3,340,353560040.00,1039001.00,1040000.00,1040000.00,1040000.00
60001029237025200,20160427,1039073.00,1038503.00,6,900,935165480.00,1038503.00,1041000.00,1039882.00,1041000.00
60001029237025200,20160430,1038242.00,1038242.00,1,1030,1069389260.00,1038242.00,1038242.00,1039073.00,1038242.00
60001029237025200,20160501,1039000.00,1039000.00,1,300,311700000.00,1039000.00,1039000.00,1038242.00,1039000.00
60001029237025200,20160502,1038388.00,1038365.00,7,1810,1879482370.00,1038357.00,1039000.00,1039000.00,1038357.00
60001029237025200,20160503,1038414.00,1038417.00,9,4660,4839011710.00,1038411.00,1038417.00,1038388.00,1038412.00
60001029237025200,20160504,1038468.00,1038468.00,4,520,540003360.00,1038468.00,1038468.00,1038414.00,1038468.00
60001029237025200,20160507,1038647.00,1038636.00,15,11110,11539370740.00,1038636.00,1038800.00,1038468.00,1038705.00
60001029237025200,20160508,1038694.00,1038693.00,8,16430,17065744700.00,1038693.00,1039290.00,1038647.00,1038700.00
60001029237025200,20160509,1038752.00,1038800.00,5,260,270075490.00,1038749.00,1038800.00,1038694.00,1038749.00
60001029237025200,20160510,1038810.00,1038811.00,7,6210,6451008950.00,1038809.00,1038811.00,1038752.00,1038809.00
60001029237025200,20160511,1040583.00,1038879.00,19,67340,70072859050.00,1038863.00,1047000.00,1038810.00,1038863.00
60001029237025200,20160514,1039038.00,1039036.00,11,28920,30048972170.00,1039031.00,1039039.00,1040583.00,1039037.00
60001029237025200,20160515,1039100.00,1039106.00,8,7110,7388001500.00,1039096.00,1039106.00,1039038.00,1039097.00
60001029237025200,20160516,1039150.00,1039149.00,4,1190,1236588300.00,1039149.00,1039150.00,1039100.00,1039150.00
60001029237025200,20160517,1039229.00,1039202.00,17,7240,7524015470.00,1039200.00,1039311.00,1039150.00,1039202.00
60001029237025200,20160518,1039432.00,1039999.00,16,10150,10550238150.00,1039257.00,1039999.00,1039229.00,1039257.00
60001029237025200,20160521,1039441.00,1039445.00,3,4310,4479989350.00,1039435.00,1039445.00,1039432.00,1039435.00
60001029237025200,20160523,1039549.00,1039539.00,5,2070,2151865570.00,1039539.00,1039570.00,1039441.00,1039560.00
60001029237025200,20160524,1039797.00,1039601.00,19,4360,4533517020.00,1039596.00,1040000.00,1039549.00,1039596.00
60001029237025200,20160525,1039654.00,1039656.00,6,5740,5967613730.00,1039652.00,1039656.00,1039797.00,1039653.00
60001029237025200,20160528,1039820.00,1039820.00,10,23950,24903698590.00,1039820.00,1040000.00,1039654.00,1039850.00
60001029237025200,20160529,1039877.00,1039877.00,8,2290,2381318330.00,1039877.00,1039877.00,1039820.00,1039877.00
60001029237025200,20160530,1039936.00,1039933.00,8,16490,17148537410.00,1039933.00,1039940.00,1039877.00,1039940.00
60001029237025200,20160531,1039996.00,1040000.00,6,1860,1934393250.00,1039991.00,1040000.00,1039936.00,1039991.00
60001029237025200,20160601,1040092.00,1041001.00,6,6010,6250952450.00,1040053.00,1041001.00,1039996.00,1040053.00
60001029237025200,20160605,1040342.00,1040272.00,15,5140,5347357020.00,1040272.00,1040998.00,1040092.00,1040276.00
60001029237025200,20160606,1040330.00,1040350.00,6,4870,5066405800.00,1040328.00,1040350.00,1040342.00,1040330.00
60001029237025200,20160607,1040387.00,1040388.00,4,3700,3849433720.00,1040387.00,1040388.00,1040330.00,1040387.00
60001029237025200,20160608,1040451.00,1040441.00,9,3790,3943308290.00,1040441.00,1040452.00,1040387.00,1040452.00
60001029237025200,20160611,1040611.00,1040612.00,6,1180,1227920990.00,1040611.00,1040612.00,1040451.00,1040611.00
60001029237025200,20160612,1045000.00,1045000.00,1,500,522500000.00,1045000.00,1045000.00,1040611.00,1045000.00
60001029237025200,20160613,1040723.00,1040723.00,4,1700,1769229440.00,1040723.00,1040724.00,1045000.00,1040724.00
60001029237025200,20160614,1040783.00,1040783.00,8,760,790994840.00,1040781.00,1040783.00,1040723.00,1040781.00
60001029237025200,20160615,1040864.00,1041013.00,14,1050,1092907410.00,1040838.00,1041013.00,1040783.00,1040838.00
60001029237025200,20160618,1041390.00,1043002.00,12,13760,14329528370.00,1041007.00,1043003.00,1040864.00,1041007.00
60001029237025200,20160619,1041408.00,1043000.00,15,6160,6415070400.00,1041062.00,1043000.00,1041390.00,1041391.00
60001029237025200,20160620,1041192.00,1041152.00,18,6290,6549097500.00,1041119.00,1042001.00,1041408.00,1041409.00
60001029237025200,20160621,1041597.00,1042005.00,13,3920,4083059810.00,1041176.00,1044990.00,1041192.00,1041176.00
60001029237025200,20160622,1041252.00,1041303.00,13,5740,5976789340.00,1041237.00,1041864.00,1041597.00,1041864.00
60001029237025200,20160625,1041405.00,1041409.00,7,3120,3249183550.00,1041404.00,1041409.00,1041252.00,1041404.00
60001029237025200,20160626,1041459.00,1041458.00,3,150,156218820.00,1041458.00,1041460.00,1041405.00,1041459.00
60001029237025200,20160628,1041573.00,1041575.00,4,370,385382080.00,1041572.00,1041575.00,1041459.00,1041573.00
60001029237025200,20160629,1041627.00,1041626.00,10,2090,2177000690.00,1041626.00,1041629.00,1041573.00,1041629.00
60001029237025200,20160702,1041798.00,1041796.00,11,2710,2823272570.00,1041796.00,1041801.00,1041627.00,1041800.00
60001029237025200,20160703,1041863.00,1041862.00,8,2970,3094331890.00,1041861.00,1041863.00,1041798.00,1041861.00
60001029237025200,20160704,1041911.00,1041911.00,1,1740,1812925140.00,1041911.00,1041911.00,1041863.00,1041911.00
60001029237025200,20160705,1041965.00,1041965.00,2,630,656438190.00,1041965.00,1041966.00,1041911.00,1041966.00
60001029237025200,20160709,1042479.00,1042201.00,15,990,1032054170.00,1042201.00,1042600.00,1041965.00,1042500.00
60001029237025200,20160710,1042247.00,1042247.00,11,3030,3158009220.00,1042247.00,1042250.00,1042479.00,1042247.00
60001029237025200,20160711,1042381.00,1042304.00,21,7350,7661499300.00,1042304.00,1047000.00,1042247.00,1042304.00
60001029237025200,20160712,1042381.00,1042304.00,0,0,0.00,0.00,0.00,1042381.00,0.00
60001029237025200,20160713,1042381.00,1042304.00,0,0,0.00,0.00,0.00,1042381.00,0.00
60001029237025200,20160716,1042586.00,1042586.00,10,8110,8455373750.00,1042586.00,1042591.00,1042381.00,1042588.00
60001029237025200,20160717,1043398.00,1044000.00,6,5410,5644780860.00,1042642.00,1044000.00,1042586.00,1042645.00
60001029237025200,20160718,1042701.00,1042701.00,14,7130,7434458010.00,1042700.00,1042705.00,1043398.00,1042700.00
60001029237025200,20160719,1042770.00,1042755.00,13,5310,5537109120.00,1042755.00,1043000.00,1042701.00,1042758.00
60001029237025200,20160720,1042816.00,1042820.00,6,2130,2221197190.00,1042813.00,1042820.00,1042770.00,1042813.00
60001029237025200,20160723,1043133.00,1044000.00,11,7750,8084283080.00,1042868.00,1044000.00,1042816.00,1042868.00
60001029237025200,20160724,1042868.00,1042868.00,4,5080,5297769660.00,1042868.00,1042869.00,1043133.00,1042868.00
60001029237025200,20160725,1042868.00,1042868.00,72,956450,997451121590.00,1042868.00,1042925.00,1042868.00,1042925.00
60001029237025200,20160726,1042869.00,1042868.00,3,1840,1918878720.00,1042868.00,1042900.00,1042868.00,1042868.00
60001029237025200,20160727,1042870.00,1042872.00,8,4390,4578199240.00,1042868.00,1042873.00,1042869.00,1042869.00
60001029237025200,20160731,1042892.00,1044000.00,30,160230,167102531900.00,1042868.00,1044000.00,1042870.00,1042900.00
60001029237025200,20160801,1042870.00,1042870.00,11,3770,3931619000.00,1042868.00,1042875.00,1042892.00,1042870.00
60001029237025200,20160802,1042870.00,1042868.00,9,740,771723580.00,1042868.00,1042870.00,1042870.00,1042870.00
60001029237025200,20160803,1042870.00,1042870.00,15,2820,2940892260.00,1042869.00,1042871.00,1042870.00,1042870.00
60001029237025200,20160806,1042885.00,1042868.00,15,4050,4223686360.00,1042868.00,1049800.00,1042870.00,1042868.00
60001029237025200,20160807,1042869.00,1042869.00,8,9020,9406678460.00,1042869.00,1042870.00,1042885.00,1042870.00
60001029237025200,20160808,1042872.00,1042871.00,13,12250,12775185220.00,1042870.00,1042980.00,1042869.00,1042880.00
60001029237025200,20160809,1042873.00,1042871.00,15,5550,5787943450.00,1042869.00,1042901.00,1042872.00,1042869.00
60001029237025200,20160810,1042875.00,1042873.00,9,10940,11409048700.00,1042870.00,1042900.00,1042873.00,1042870.00
60001029237025200,20160813,1042873.00,1042877.00,16,6530,6809963220.00,1042868.00,1042880.00,1042875.00,1042876.00
60001029237025200,20160814,1042876.00,1042880.00,2,3770,3931642560.00,1042876.00,1042880.00,1042873.00,1042876.00
60001029237025200,20160815,1042879.00,1042881.00,3,1050,1095022950.00,1042874.00,1042881.00,1042876.00,1042874.00
60001029237025200,20160816,1042880.00,1042880.00,2,90,93859200.00,1042880.00,1042880.00,1042879.00,1042880.00
60001029237025200,20160817,1042952.00,1045900.00,7,3360,3504318110.00,1042869.00,1048000.00,1042880.00,1042870.00
60001029237025200,20160820,1042869.00,1042870.00,7,15300,15955895800.00,1042869.00,1042870.00,1042952.00,1042869.00
60001029237025200,20160821,1043167.00,1043000.00,18,11830,12340666630.00,1042871.00,1044000.00,1042869.00,1042873.00
60001029237025200,20160822,1045000.00,1046000.00,2,100000,104500000000.00,1044000.00,1046000.00,1043167.00,1044000.00
60001029237025200,20160823,1045711.00,1043031.00,10,8170,8543456660.00,1042868.00,1048000.00,1045000.00,1042868.00
60001029237025200,20160824,1046123.00,1049997.00,12,6650,6956716530.00,1042873.00,1049997.00,1045711.00,1042873.00
60001029237025200,20160827,1044270.00,1042886.00,5,2550,2662889820.00,1042881.00,1049998.00,1046123.00,1042881.00
60001029237025200,20160828,1044949.00,1045000.00,4,1050,1097196680.00,1042890.00,1045000.00,1044270.00,1042890.00
60001029237025200,20160829,1042870.00,1042886.00,11,4430,4619915890.00,1042869.00,1043000.00,1044949.00,1042870.00
60001029237025200,20160830,1048878.00,1048998.00,2,1020,1069855400.00,1042870.00,1048998.00,1042870.00,1042870.00
60001029237025200,20160831,1042916.00,1042922.00,14,2320,2419564720.00,1042893.00,1042950.00,1048878.00,1042894.00
60001029237025200,20160903,1048531.00,1049000.00,19,30000,31455916960.00,1043200.00,1049000.00,1042916.00,1043200.00
60001029237025200,20160904,1050784.00,1051490.00,8,49430,51940243100.00,1042876.00,1051490.00,1048531.00,1042876.00
60001029237025200,20160905,1043507.00,1042927.00,5,170,177396170.00,1042893.00,1048000.00,1050784.00,1042893.00
60001029237025200,20160906,1047801.00,1045000.00,13,8000,8382407110.00,1043001.00,1050000.00,1043507.00,1043001.00
60001029237025200,20160907,1047778.00,1050000.00,12,470,492455900.00,1045000.00,1050000.00,1047801.00,1045000.00
60001029237025200,20160910,1052807.00,1043205.00,27,64410,67811331210.00,1042880.00,1052900.00,1047778.00,1052900.00
60001029237025200,20160911,1047283.00,1048000.00,2,60,62837000.00,1043700.00,1048000.00,1052807.00,1043700.00
60001029237025200,20160913,1047283.00,1048000.00,0,0,0.00,0.00,0.00,1047283.00,0.00
60001029237025200,20160914,1043039.00,1045001.00,15,61200,63833967450.00,1042867.00,1045001.00,1047283.00,1044502.00
60001029237025200,20160917,1043124.00,1043001.00,5,570,594580740.00,1043001.00,1043502.00,1043039.00,1043002.00
60001029237025200,20160918,1042956.00,1042868.00,7,10080,10513000880.00,1042868.00,1043003.00,1043124.00,1043002.00
60001029237025200,20160919,1042936.00,1042881.00,12,730,761343050.00,1042870.00,1043000.00,1042956.00,1042870.00
60001029237025200,20160921,1042937.00,1043000.00,2,40,41717500.00,1042875.00,1043000.00,1042936.00,1042875.00
60001029237025200,20160924,1043184.00,1042868.00,10,2760,2879186820.00,1042868.00,1047990.00,1042937.00,1042869.00
60001029237025200,20160925,1042869.00,1042868.00,10,9950,10376542500.00,1042868.00,1042870.00,1043184.00,1042869.00
60001029237025200,20160926,1042954.00,1042868.00,13,19110,19930845980.00,1042868.00,1045000.00,1042869.00,1042869.00
60001029237025200,20160927,1042869.00,1042869.00,10,1890,1971022520.00,1042868.00,1042870.00,1042954.00,1042869.00
60001029237025200,20160928,1042898.00,1042869.00,8,2660,2774107690.00,1042869.00,1043000.00,1042869.00,1043000.00
60001029237025200,20161001,1042870.00,1042869.00,9,13210,13776311300.00,1042868.00,1042898.00,1042898.00,1042898.00
60001029237025200,20161002,1042872.00,1043000.00,10,35640,37167953680.00,1042868.00,1045000.00,1042870.00,1042869.00
60001029237025200,20161003,1042869.00,1042869.00,3,170,177287730.00,1042869.00,1042869.00,1042872.00,1042869.00
60001029237025200,20161004,1042869.00,1042869.00,25,13080,13640726590.00,1042868.00,1043000.00,1042869.00,1042869.00
60001029237025200,20161005,1042871.00,1042871.00,8,4270,4453060140.00,1042870.00,1042872.00,1042869.00,1042871.00
60001029237025200,20161008,1043100.00,1047157.00,7,1910,1992321420.00,1042868.00,1047157.00,1042871.00,1043000.00
60001029237025200,20161009,1042868.00,1042868.00,7,1130,1178441040.00,1042868.00,1042870.00,1043100.00,1042868.00
60001029237025200,20161010,1042868.00,1042868.00,0,0,0.00,0.00,0.00,1042868.00,0.00
60001029237025200,20161012,1042868.00,1042868.00,0,0,0.00,0.00,0.00,1042868.00,0.00
60001029237025200,20161015,1042889.00,1042870.00,20,7560,7884242460.00,1042868.00,1043000.00,1042868.00,1042868.00
60001029237025200,20161016,1047157.00,1047157.00,1,60,62829420.00,1047157.00,1047157.00,1042889.00,1047157.00
60001029237025200,20161017,1043708.00,1042869.00,10,13950,14559725950.00,1042869.00,1047157.00,1047157.00,1042900.00
60001029237025200,20161018,1042881.00,1042870.00,6,410,427581210.00,1042870.00,1042890.00,1043708.00,1042890.00
60001029237025200,20161019,1042881.00,1042881.00,3,180,187718580.00,1042881.00,1042881.00,1042881.00,1042881.00
60001029237025200,20161022,1042870.00,1042876.00,8,3100,3232897550.00,1042868.00,1042910.00,1042881.00,1042910.00
60001029237025200,20161023,1043066.00,1042869.00,6,2200,2294745200.00,1042869.00,1047153.00,1042870.00,1042869.00
60001029237025200,20161024,1042869.00,1042868.00,7,2800,2920032180.00,1042868.00,1042869.00,1043066.00,1042869.00
60001029237025200,20161025,1042876.00,1042880.00,4,210,219004000.00,1042870.00,1042880.00,1042869.00,1042870.00
60001029237025200,20161026,1042870.00,1042871.00,8,2570,2680175910.00,1042869.00,1042875.00,1042876.00,1042870.00
60001029237025200,20161027,1042870.00,1042871.00,0,0,0.00,0.00,0.00,1042870.00,0.00
60001029237025200,20161028,1042870.00,1042871.00,0,0,0.00,0.00,0.00,1042870.00,0.00
60001029237025200,20161029,1042868.00,1042869.00,18,11670,12170275350.00,1042868.00,1042870.00,1042870.00,1042870.00
60001029237025200,20161030,1042869.00,1042871.00,9,6940,7237510990.00,1042868.00,1042872.00,1042868.00,1042869.00
60001029237025200,20161031,1042871.00,1042871.00,7,3330,3472760350.00,1042870.00,1042871.00,1042869.00,1042871.00
60001029237025200,20161101,1042870.00,1042870.00,19,16850,17572366750.00,1042868.00,1043500.00,1042871.00,1042869.00
60001029237025200,20161102,1042877.00,1042883.00,14,7730,8061440770.00,1042876.00,1042884.00,1042870.00,1042877.00
60001029237025200,20161105,1043061.00,1047154.00,11,3470,3619421340.00,1042869.00,1047154.00,1042877.00,1042870.00
60001029237025200,20161106,1042882.00,1042868.00,19,31110,32444061230.00,1042868.00,1044000.00,1043061.00,1043081.00
60001029237025200,20161107,1042869.00,1042869.00,4,4930,5141345190.00,1042869.00,1042870.00,1042882.00,1042870.00
60001029237025200,20161108,1042870.00,1042869.00,22,24350,25393893800.00,1042868.00,1044000.00,1042869.00,1042872.00
60001029237025200,20161109,1042869.00,1042874.00,5,1150,1199299140.00,1042868.00,1042874.00,1042870.00,1042870.00
60001029237025200,20161112,1042875.00,1042869.00,13,6770,7060267280.00,1042869.00,1042880.00,1042869.00,1042871.00
60001029237025200,20161113,1042868.00,1042868.00,7,5720,5965205460.00,1042868.00,1042870.00,1042875.00,1042868.00
60001029237025200,20161114,1042868.00,1042868.00,4,4870,5078767160.00,1042868.00,1042868.00,1042868.00,1042868.00
60001029237025200,20161115,1042870.00,1042868.00,13,15750,16425201320.00,1042868.00,1042871.00,1042868.00,1042870.00
60001029237025200,20161116,1042883.00,1042868.00,30,306590,319737598120.00,1042868.00,1046000.00,1042870.00,1046000.00
60001029237025200,20161119,1042878.00,1042868.00,20,39520,41214546050.00,1042868.00,1043000.00,1042883.00,1042869.00
60001029237025200,20161121,1042869.00,1042869.00,8,6340,6611786680.00,1042868.00,1042870.00,1042878.00,1042870.00
60001029237025200,20161122,1042868.00,1042869.00,13,35210,36719384180.00,1042868.00,1042870.00,1042869.00,1042868.00
60001029237025200,20161123,1042878.00,1042868.00,9,6470,6747421330.00,1042868.00,1043000.00,1042868.00,1042869.00
60001029237025200,20161126,1042868.00,1042868.00,17,138420,144353788780.00,1042868.00,1042869.00,1042878.00,1042868.00
60001029237025200,20161127,1042869.00,1042869.00,41,43070,44916363940.00,1042868.00,1042870.00,1042868.00,1042870.00
60001029237025200,20161129,1042869.00,1042869.00,8,1950,2033593830.00,1042868.00,1042869.00,1042869.00,1042869.00
60001029237025200,20161203,1042868.00,1042868.00,4,520,542291360.00,1042868.00,1042868.00,1042869.00,1042868.00
60001029237025200,20161204,1042868.00,1042868.00,20,6550,6830787030.00,1042868.00,1042870.00,1042868.00,1042868.00
60001029237025200,20161205,1042868.00,1042869.00,10,71170,74220931700.00,1042868.00,1042870.00,1042868.00,1042869.00
60001029237025200,20161206,1042869.00,1042869.00,18,126310,131724782700.00,1042868.00,1042869.00,1042868.00,1042869.00
60001029237025200,20161207,1042868.00,1042869.00,15,13380,13953578840.00,1042868.00,1042869.00,1042869.00,1042868.00
60001029237025200,20161210,1042869.00,1042868.00,22,60430,63020568240.00,1042868.00,1042869.00,1042868.00,1042868.00
60001029237025200,20161211,1042868.00,1042869.00,13,1620,1689446890.00,1042868.00,1042870.00,1042869.00,1042868.00
60001029237025200,20161212,1042868.00,1042868.00,10,32920,34331215210.00,1042868.00,1042869.00,1042868.00,1042868.00
60001029237025200,20161213,1042868.00,1042868.00,4,25540,26634849030.00,1042868.00,1042869.00,1042868.00,1042868.00
60001029237025200,20161214,1042868.00,1042868.00,3,1450,1512158660.00,1042868.00,1042870.00,1042868.00,1042870.00
60001029237025200,20161218,1042868.00,1042868.00,4,900,938581330.00,1042868.00,1042869.00,1042868.00,1042869.00
60001029237025200,20161219,1042868.00,1042868.00,5,2100,2190022800.00,1042868.00,1042868.00,1042868.00,1042868.00
60001029237025200,20161220,1042868.00,1042868.00,2,270,281574360.00,1042868.00,1042868.00,1042868.00,1042868.00
60001029237025200,20161221,1042868.00,1042868.00,7,410,427575880.00,1042868.00,1042868.00,1042868.00,1042868.00
60001029237025200,20161224,1042868.00,1042868.00,8,2540,2648884720.00,1042868.00,1042868.00,1042868.00,1042868.00
60001029237025200,20161225,1043117.00,1045000.00,9,4280,4464541540.00,1042868.00,1045000.00,1042868.00,1042868.00
60001029237025200,20161226,1042869.00,1042871.00,8,510,531863320.00,1042869.00,1042871.00,1043117.00,1042869.00
60001029237025200,20161227,1042936.00,1042868.00,13,4450,4641063460.00,1042868.00,1047149.00,1042869.00,1042869.00
60001029237025200,20161228,1042868.00,1042869.00,7,890,928152810.00,1042868.00,1042869.00,1042936.00,1042868.00
60001029237025200,20161231,1042868.00,1042869.00,9,7170,7477363750.00,1042868.00,1042869.00,1042868.00,1042868.00
60001029237025200,20170101,1042869.00,1042868.00,12,80560,84013526160.00,1042868.00,1042869.00,1042868.00,1042868.00
60001029237025200,20170102,1042869.00,1042869.00,8,2320,2419456160.00,1042868.00,1042870.00,1042869.00,1042868.00
60001029237025200,20170103,1042869.00,1042869.00,4,3300,3441467700.00,1042869.00,1042869.00,1042869.00,1042869.00
60001029237025200,20170104,1042868.00,1042868.00,6,11920,12430989700.00,1042868.00,1042869.00,1042869.00,1042869.00
60001029237025200,20170107,1042869.00,1042869.00,15,51400,53603463250.00,1042868.00,1042869.00,1042868.00,1042868.00
60001029237025200,20170108,1042869.00,1042869.00,6,25220,26301156000.00,1042868.00,1042869.00,1042869.00,1042869.00
60001029237025200,20170109,1042870.00,1042868.00,10,102030,106404030170.00,1042868.00,1047154.00,1042869.00,1042869.00
60001029237025200,20170111,1042870.00,1042868.00,0,0,0.00,0.00,0.00,1042870.00,0.00
60001029237025200,20170114,1042868.00,1042868.00,7,59230,61769073040.00,1042868.00,1042869.00,1042870.00,1042869.00
60001029237025200,20170115,1042868.00,1042868.00,9,2970,3097317960.00,1042868.00,1042868.00,1042868.00,1042868.00
60001029237025200,20170116,1042869.00,1042869.00,9,2460,2565457100.00,1042868.00,1042869.00,1042868.00,1042868.00
60001029237025200,20170117,1042868.00,1042868.00,9,30220,31515471020.00,1042868.00,1042869.00,1042869.00,1042869.00
60001029237025200,20170118,1042868.00,1042869.00,5,3720,3879469680.00,1042868.00,1042869.00,1042868.00,1042868.00
60001029237025200,20170121,1042868.00,1042868.00,10,3810,3973328100.00,1042868.00,1042870.00,1042868.00,1042870.00
60001029237025200,20170122,1042868.00,1042868.00,7,1890,1971020610.00,1042868.00,1042869.00,1042868.00,1042869.00
60001029237025200,20170123,1042869.00,1042868.00,5,1440,1501731330.00,1042868.00,1042869.00,1042868.00,1042869.00
60001029237025200,20170124,1042868.00,1042868.00,17,5930,6184207240.00,1042868.00,1042868.00,1042869.00,1042868.00
60001029237025200,20170125,1042869.00,1042868.00,5,1600,1668589870.00,1042868.00,1042869.00,1042868.00,1042868.00
60001029237025200,20170128,1042868.00,1042869.00,9,2640,2753172330.00,1042868.00,1042869.00,1042869.00,1042868.00
60001029237025200,20170129,1042868.00,1042869.00,10,2220,2315167260.00,1042868.00,1042869.00,1042868.00,1042868.00
60001029237025200,20170130,1042868.00,1042868.00,3,310,323289080.00,1042868.00,1042868.00,1042868.00,1042868.00
60001029237025200,20170131,1042869.00,1042869.00,2,2610,2721888090.00,1042869.00,1042869.00,1042868.00,1042869.00
60001029237025200,20170201,1042868.00,1042869.00,4,1120,1168012660.00,1042868.00,1042869.00,1042869.00,1042868.00
60001029237025200,20170204,1042869.00,1042869.00,6,2090,2179595310.00,1042868.00,1042869.00,1042868.00,1042868.00
60001029237025200,20170205,1042869.00,1042868.00,11,5090,5308202620.00,1042868.00,1042869.00,1042869.00,1042868.00
60001029237025200,20170206,1042868.00,1042868.00,5,13320,13891003580.00,1042868.00,1042869.00,1042869.00,1042869.00
60001029237025200,20170207,1042868.00,1042868.00,9,19020,19835349360.00,1042868.00,1042868.00,1042868.00,1042868.00
60001029237025200,20170208,1042868.00,1042868.00,0,0,0.00,1042868.00,1042868.00,1042868.00,1042868.00
60001029237025200,20170211,1042869.00,1042868.00,15,40640,42382195390.00,1042868.00,1042869.00,1042868.00,1042868.00
60001029237025200,20170212,1042868.00,1042868.00,9,39940,41652147920.00,1042868.00,1042868.00,1042869.00,1042868.00
60001029237025200,20170213,1042868.00,1042868.00,4,2450,2555026670.00,1042868.00,1042869.00,1042868.00,1042868.00
60001029237025200,20170214,1042869.00,1042869.00,1,5750,5996496750.00,1042869.00,1042869.00,1042868.00,1042869.00
60001029237025200,20170215,1042868.00,1042868.00,2,6250,6517925000.00,1042868.00,1042868.00,1042869.00,1042868.00
60001029237025200,20170218,1042868.00,1042868.00,4,5430,5662773240.00,1042868.00,1042868.00,1042868.00,1042868.00
60001029237025200,20170219,1042868.00,1042868.00,2,4920,5130910560.00,1042868.00,1042868.00,1042868.00,1042868.00
60001029237025200,20170220,1042868.00,1042868.00,2,120,125144160.00,1042868.00,1042868.00,1042868.00,1042868.00
60001029237025200,20170221,1042868.00,1042868.00,10,13950,14548008600.00,1042868.00,1042868.00,1042868.00,1042868.00
60001029237025200,20170222,1042868.00,1042868.00,2,6650,6935072200.00,1042868.00,1042868.00,1042868.00,1042868.00
60001029237025200,20170225,1042868.00,1042868.00,0,0,0.00,1042868.00,1042868.00,1042868.00,1042868.00
60001029237025200,20170226,1042868.00,1042868.00,1,1240,1293156320.00,1042868.00,1042868.00,1042868.00,1042868.00
60001029237025200,20170227,1042869.00,1042869.00,1,50,52143450.00,1042869.00,1042869.00,1042868.00,1042869.00
60001029237025200,20170228,1042868.00,1042868.00,5,2330,2429883630.00,1042868.00,1042987.00,1042869.00,1042987.00
60001029237025200,20170301,1042868.00,1042868.00,20,280460,292482759300.00,1042868.00,1042869.00,1042868.00,1042869.00
60001029237025200,20170304,1042868.00,1042868.00,0,0,0.00,1042868.00,1042869.00,1042868.00,1042869.00
60001029237025200,20170305,1042868.00,1042868.00,3,130,135572850.00,1042868.00,1042869.00,1042868.00,1042869.00
60001029237025200,20170306,1044145.00,1042869.00,9,100700,105145408210.00,1042868.00,1044154.00,1042868.00,1044154.00
60001029237025200,20170307,1042868.00,1042868.00,4,7780,8113513040.00,1042868.00,1042868.00,1044145.00,1042868.00
60001029237025200,20170308,1042868.00,1042868.00,0,0,0.00,1042868.00,1042868.00,1042868.00,1042868.00
60001029237025200,20170311,1042869.00,1042869.00,2,9970,10397403930.00,1042869.00,1042869.00,1042868.00,1042869.00
60001029237025200,20170312,1042868.00,1042869.00,4,28690,29919883020.00,1042868.00,1042869.00,1042869.00,1042868.00
60001029237025200,20170313,1042868.00,1042868.00,3,870,907295160.00,1042868.00,1042868.00,1042868.00,1042868.00
60001029237025200,20170314,1042868.00,1042869.00,3,460,479719310.00,1042868.00,1042869.00,1042868.00,1042868.00
60001029237025200,20170315,1042870.00,1042870.00,5,1390,1449589610.00,1042868.00,1042872.00,1042868.00,1042869.00
60001029237025200,20170318,1042871.00,1042871.00,5,960,1001156080.00,1042869.00,1042871.00,1042869.00,1042869.00
60001029237025200,20170325,1042871.00,1042871.00,0,0,0.00,1042869.00,1042871.00,1042871.00,1042869.00
60001029237025200,20170326,1042869.00,1042869.00,4,1620,1689448300.00,1042868.00,1042870.00,1042871.00,1042868.00
60001029237025200,20170327,1042869.00,1042869.00,2,520,542291920.00,1042869.00,1042870.00,1042869.00,1042870.00
60001029237025200,20170328,1042868.00,1042868.00,5,5580,5819203490.00,1042868.00,1042869.00,1042869.00,1042868.00
60001029237025200,20170329,1042868.00,1042868.00,0,0,0.00,1042868.00,1042869.00,1042868.00,1042868.00
60001029237025200,20170403,1042868.00,1042868.00,2,90,93858120.00,1042868.00,1042868.00,1042868.00,1042868.00
60001029237025200,20170404,1042868.00,1042868.00,2,780,813437040.00,1042868.00,1042868.00,1042868.00,1042868.00
60001029237025200,20170405,1042869.00,1042869.00,1,50,52143450.00,1042869.00,1042869.00,1042868.00,1042869.00
60001029237025200,20170408,1042869.00,1042869.00,0,0,0.00,1042869.00,1042869.00,1042869.00,1042869.00
60001029237025200,20170409,1042869.00,1042869.00,1,1000,1042869000.00,1042869.00,1042869.00,1042869.00,1042869.00
60001029237025200,20170410,1042869.00,1042869.00,0,0,0.00,0.00,0.00,1042869.00,0.00
60001029237025200,20170412,1042869.00,1042869.00,0,0,0.00,0.00,0.00,1042869.00,0.00
60001029237025200,20170415,1042868.00,1042868.00,6,6950,7247932600.00,1042868.00,1042868.00,1042869.00,1042868.00
60001029237025200,20170416,1042868.00,1042868.00,2,40,41714740.00,1042868.00,1042869.00,1042868.00,1042869.00
60001029237025200,20170417,1042868.00,1042868.00,2,50,52143420.00,1042868.00,1042870.00,1042868.00,1042870.00
60001029237025200,20170418,1042868.00,1042868.00,14,131710,137356144480.00,1042868.00,1042870.00,1042868.00,1042870.00
60001029237025200,20170419,1042868.00,1042868.00,0,0,0.00,0.00,0.00,1042868.00,0.00
60001029237025200,20170422,1042869.00,1042871.00,21,4120,4296618940.00,1042868.00,1042872.00,1042868.00,1042868.00
60001029237025200,20170423,1042869.00,1042868.00,5,3070,3201607770.00,1042868.00,1042870.00,1042869.00,1042870.00
60001029237025200,20170424,1042868.00,1042868.00,9,132940,138638872020.00,1042868.00,1042869.00,1042869.00,1042869.00
60001029237025200,20170426,1042868.00,1042868.00,6,66960,69830442620.00,1042868.00,1042880.00,1042868.00,1042868.00
60001029237025200,20170429,1042868.00,1042868.00,4,14920,15559590560.00,1042868.00,1042868.00,1042868.00,1042868.00
60001029237025200,20170430,1042868.00,1042868.00,1,90,93858120.00,1042868.00,1042868.00,1042868.00,1042868.00
60001029237025200,20170501,1042868.00,1042868.00,5,740,771722320.00,1042868.00,1042868.00,1042868.00,1042868.00
60001029237025200,20170502,1042868.00,1042868.00,1,200,208573600.00,1042868.00,1042868.00,1042868.00,1042868.00
60001029237025200,20170503,1042869.00,1042868.00,4,20390,21264098800.00,1042868.00,1042869.00,1042868.00,1042869.00
60001029237025200,20170506,1042868.00,1042868.00,1,20,20857360.00,1042868.00,1042868.00,1042869.00,1042868.00
60001029237025200,20170507,1042868.00,1042868.00,1,100,104286800.00,1042868.00,1042868.00,1042868.00,1042868.00
60001029237025200,20170508,1042869.00,1042868.00,7,4230,4411334820.00,1042868.00,1042869.00,1042868.00,1042869.00
60001029237025200,20170509,1042868.00,1042868.00,4,16430,17134321240.00,1042868.00,1042868.00,1042869.00,1042868.00
60001029237025200,20170510,1042868.00,1042868.00,0,0,0.00,0.00,0.00,1042868.00,0.00
60001029237025200,20170513,1042869.00,1042869.00,6,5930,6184212580.00,1042868.00,1042869.00,1042868.00,1042868.00
60001029237025200,20170514,1042868.00,1042869.00,5,5910,6163350380.00,1042868.00,1042869.00,1042869.00,1042868.00
60001029237025200,20170515,1042868.00,1042868.00,1,50,52143400.00,1042868.00,1042868.00,1042868.00,1042868.00
60001029237025200,20170516,1042868.00,1042868.00,4,280,292003040.00,1042868.00,1042868.00,1042868.00,1042868.00
60001029237025200,20170517,1042868.00,1042868.00,2,310,323289080.00,1042868.00,1042868.00,1042868.00,1042868.00
60001029237025200,20170520,1042868.00,1042868.00,1,120,125144160.00,1042868.00,1042868.00,1042868.00,1042868.00
60001029237025200,20170521,1042868.00,1042868.00,0,0,0.00,0.00,0.00,1042868.00,0.00
60001029237025200,20170522,1042869.00,1042868.00,4,3750,3910759830.00,1042868.00,1042870.00,1042868.00,1042870.00
60001029237025200,20170523,1042868.00,1042869.00,4,5190,5412485910.00,1042868.00,1042869.00,1042869.00,1042868.00
60001029237025200,20170524,1042868.00,1042869.00,0,0,0.00,0.00,0.00,1042868.00,0.00
60001029237025200,20170527,1042869.00,1042868.00,3,850,886438400.00,1042868.00,1042869.00,1042868.00,1042869.00
60001029237025200,20170528,1042869.00,1042868.00,0,0,0.00,0.00,0.00,1042869.00,0.00
60001029237025200,20170529,1042869.00,1042869.00,1,50,52143450.00,1042869.00,1042869.00,1042869.00,1042869.00
60001029237025200,20170530,1043582.00,1042869.00,3,1170,1220990800.00,1042868.00,1053296.00,1042869.00,1042868.00
60001029237025200,20170531,1042869.00,1042870.00,9,100500,104808335000.00,1042869.00,1042870.00,1043582.00,1042869.00
60001029237025200,20170603,1042869.00,1042870.00,0,0,0.00,0.00,0.00,1042869.00,0.00
60001029237025200,20170606,1042885.00,1042885.00,2,320,333723200.00,1042885.00,1042885.00,1042869.00,1042885.00
60001029237025200,20170607,1042885.00,1042885.00,0,0,0.00,0.00,0.00,1042885.00,0.00
60001029237025200,20170610,1042874.00,1042868.00,2,300,312862270.00,1042868.00,1042885.00,1042885.00,1042885.00
60001029237025200,20170611,1042868.00,1042868.00,3,6810,7101931480.00,1042868.00,1042870.00,1042874.00,1042870.00
60001029237025200,20170612,1042868.00,1042868.00,0,0,0.00,0.00,0.00,1042868.00,0.00
60001029237025200,20170613,1042868.00,1042868.00,0,0,0.00,0.00,0.00,1042868.00,0.00
60001029237025200,20170614,1042868.00,1042868.00,0,0,0.00,0.00,0.00,1042868.00,0.00
60001029237025200,20170617,1042868.00,1042868.00,0,0,0.00,0.00,0.00,1042868.00,0.00
60001029237025200,20170618,1042870.00,1042870.00,2,110,114715700.00,1042870.00,1042870.00,1042868.00,1042870.00
60001029237025200,20170619,1042868.00,1042868.00,1,40,41714720.00,1042868.00,1042868.00,1042870.00,1042868.00
60001029237025200,20170620,1042868.00,1042868.00,2,700,730007860.00,1042868.00,1042870.00,1042868.00,1042870.00
60001029237025200,20170621,1042868.00,1042868.00,0,0,0.00,0.00,0.00,1042868.00,0.00
60001029237025200,20170624,1042868.00,1042868.00,0,0,0.00,0.00,0.00,1042868.00,0.00
60001029237025200,20170625,1042868.00,1042868.00,0,0,0.00,0.00,0.00,1042868.00,0.00
60001029237025200,20170628,1042868.00,1042868.00,0,0,0.00,0.00,0.00,1042868.00,0.00
60001029237025200,20170701,1042868.00,1042868.00,0,0,0.00,0.00,0.00,1042868.00,0.00
60001029237025200,20170702,1042868.00,1042868.00,1,10,10428680.00,1042868.00,1042868.00,1042868.00,1042868.00
60001029237025200,20170703,1042868.00,1042868.00,1,130,135572840.00,1042868.00,1042868.00,1042868.00,1042868.00
60001029237025200,20170704,1042868.00,1042868.00,0,0,0.00,0.00,0.00,1042868.00,0.00
60001029237025200,20170705,1042869.00,1042869.00,1,70,73000830.00,1042869.00,1042869.00,1042868.00,1042869.00
60001029237025200,20170708,1042868.00,1042868.00,2,180,187716240.00,1042868.00,1042868.00,1042869.00,1042868.00
60001029237025200,20170709,1042868.00,1042868.00,0,0,0.00,0.00,0.00,1042868.00,0.00
60001029237025200,20170710,1042868.00,1042868.00,1,100,104286800.00,1042868.00,1042868.00,1042868.00,1042868.00
60001029237025200,20170711,1042868.00,1042868.00,1,50,52143400.00,1042868.00,1042868.00,1042868.00,1042868.00
60001029237025200,20170712,1042868.00,1042868.00,0,0,0.00,0.00,0.00,1042868.00,0.00
60001029237025200,20170715,1042868.00,1042868.00,1,50,52143400.00,1042868.00,1042868.00,1042868.00,1042868.00
60001029237025200,20170716,1042869.00,1042869.00,1,10,10428690.00,1042869.00,1042869.00,1042868.00,1042869.00
60001029237025200,20170717,1042869.00,1042869.00,0,0,0.00,0.00,0.00,1042869.00,0.00
60001029237025200,20170718,1042868.00,1042868.00,1,20,20857360.00,1042868.00,1042868.00,1042869.00,1042868.00
60001029237025200,20170719,1042869.00,1042869.00,6,23590,24601279670.00,1042868.00,1042869.00,1042868.00,1042868.00
60001029237025200,20170722,1042868.00,1042868.00,3,240,250288320.00,1042868.00,1042868.00,1042869.00,1042868.00
60001029237025200,20170723,1042868.00,1042868.00,0,0,0.00,0.00,0.00,1042868.00,0.00
60001029237025200,20170724,1042868.00,1042868.00,1,320,333717760.00,1042868.00,1042868.00,1042868.00,1042868.00
60001029237025200,20170725,1042869.00,1042869.00,1,1000,1042869000.00,1042869.00,1042869.00,1042868.00,1042869.00
60001029237025200,20170726,1042869.00,1042869.00,0,0,0.00,0.00,0.00,1042869.00,0.00
60001029237025200,20170729,1042868.00,1042868.00,4,280,292003060.00,1042868.00,1042869.00,1042869.00,1042869.00
60001029237025200,20170730,1043000.00,1043000.00,1,10,10430000.00,1043000.00,1043000.00,1042868.00,1043000.00
60001029237025200,20170731,1042869.00,1042869.00,1,10,10428690.00,1042869.00,1042869.00,1043000.00,1042869.00
60001029237025200,20170801,1042869.00,1042869.00,0,0,0.00,0.00,0.00,1042869.00,0.00
60001029237025200,20170802,1042869.00,1042869.00,0,0,0.00,0.00,0.00,1042869.00,0.00
60001029237025200,20170806,1042869.00,1042869.00,0,0,0.00,0.00,0.00,1042869.00,0.00
60001029237025200,20170807,1042869.00,1042869.00,0,0,0.00,0.00,0.00,1042869.00,0.00
60001029237025200,20170808,1042869.00,1042869.00,0,0,0.00,0.00,0.00,1042869.00,0.00
60001029237025200,20170809,1042928.00,1046000.00,3,530,552751860.00,1042868.00,1046000.00,1042869.00,1042869.00
60001029237025200,20170812,1042868.00,1042868.00,1,500,521434000.00,1042868.00,1042868.00,1042928.00,1042868.00
60001029237025200,20170813,1042869.00,1042869.00,1,490,511005810.00,1042869.00,1042869.00,1042868.00,1042869.00
60001029237025200,20170814,1042868.00,1042868.00,2,630,657006840.00,1042868.00,1042868.00,1042869.00,1042868.00
60001029237025200,20170815,1042868.00,1042868.00,0,0,0.00,0.00,0.00,1042868.00,0.00
60001029237025200,20170816,1042868.00,1042868.00,0,0,0.00,0.00,0.00,1042868.00,0.00
60001029237025200,20170819,1042868.00,1042868.00,2,430,448433240.00,1042868.00,1042868.00,1042868.00,1042868.00
60001029237025200,20170820,1042868.00,1042868.00,1,70,73000760.00,1042868.00,1042868.00,1042868.00,1042868.00
60001029237025200,20170821,1042868.00,1042868.00,0,0,0.00,0.00,0.00,1042868.00,0.00
60001029237025200,20170822,1042868.00,1042868.00,0,0,0.00,0.00,0.00,1042868.00,0.00
60001029237025200,20170823,1042868.00,1042868.00,2,20,20857360.00,1042868.00,1042868.00,1042868.00,1042868.00
60001029237025200,20170826,1042868.00,1042868.00,0,0,0.00,0.00,0.00,1042868.00,0.00
60001029237025200,20170827,1042868.00,1042868.00,0,0,0.00,0.00,0.00,1042868.00,0.00
60001029237025200,20170828,1042869.00,1042869.00,2,5240,5464633560.00,1042869.00,1042869.00,1042868.00,1042869.00
60001029237025200,20170829,1042868.00,1042868.00,2,440,458861920.00,1042868.00,1042868.00,1042869.00,1042868.00
60001029237025200,20170830,1042868.00,1042868.00,0,0,0.00,0.00,0.00,1042868.00,0.00
60001029237025200,20170902,1047623.00,1042868.00,2,90,94286040.00,1042868.00,1050000.00,1042868.00,1050000.00
60001029237025200,20170903,1042869.00,1042869.00,1,12000,12514428000.00,1042869.00,1042869.00,1047623.00,1042869.00
60001029237025200,20170904,1042869.00,1042869.00,1,450,469291050.00,1042869.00,1042869.00,1042869.00,1042869.00
60001029237025200,20170905,1042868.00,1042868.00,2,690,719578920.00,1042868.00,1042868.00,1042869.00,1042868.00
60001029237025200,20170906,1042868.00,1042868.00,1,30,31286040.00,1042868.00,1042868.00,1042868.00,1042868.00
60001029237025200,20170910,1042869.00,1042869.00,3,2570,2680173330.00,1042869.00,1042869.00,1042868.00,1042869.00
60001029237025200,20170911,1042869.00,1042869.00,0,0,0.00,0.00,0.00,1042869.00,0.00
60001029237025200,20170912,1042868.00,1042868.00,1,190,198144920.00,1042868.00,1042868.00,1042869.00,1042868.00
60001029237025200,20170913,1042868.00,1042868.00,1,90,93858120.00,1042868.00,1042868.00,1042868.00,1042868.00
60001029237025200,20170916,1042868.00,1042868.00,0,0,0.00,0.00,0.00,1042868.00,0.00
60001029237025200,20170917,1042868.00,1042868.00,0,0,0.00,0.00,0.00,1042868.00,0.00
60001029237025200,20170918,1042868.00,1042868.00,0,0,0.00,0.00,0.00,1042868.00,0.00
60001029237025200,20170919,1042868.00,1042868.00,0,0,0.00,0.00,0.00,1042868.00,0.00
60001029237025200,20170920,1060000.00,1060000.00,3,230,243800000.00,1060000.00,1060000.00,1042868.00,1060000.00
60001029237025200,20170923,1042869.00,1042868.00,2,140,146001610.00,1042868.00,1042869.00,1060000.00,1042869.00
60001029237025200,20170924,1042869.00,1042868.00,0,0,0.00,0.00,0.00,1042869.00,0.00
60001029237025200,20170925,1042869.00,1042868.00,2,70,73000800.00,1042868.00,1042869.00,1042869.00,1042869.00
60001029237025200,20170926,1042869.00,1042868.00,0,0,0.00,0.00,0.00,1042869.00,0.00
60001029237025200,20170927,1042869.00,1042868.00,0,0,0.00,0.00,0.00,1042869.00,0.00
60001029237025200,20171002,1042869.00,1042868.00,0,0,0.00,0.00,0.00,1042869.00,0.00
60001029237025200,20171003,1042868.00,1042868.00,1,60,62572080.00,1042868.00,1042868.00,1042869.00,1042868.00
60001029237025200,20171004,1042868.00,1042868.00,0,0,0.00,0.00,0.00,1042868.00,0.00
60001029237025200,20171007,1042868.00,1042868.00,1,5000,5214340000.00,1042868.00,1042868.00,1042868.00,1042868.00
60001029237025200,20171008,1042868.00,1042868.00,0,0,0.00,0.00,0.00,1042868.00,0.00
60001029237025200,20171009,1042869.00,1042869.00,1,50,52143450.00,1042869.00,1042869.00,1042868.00,1042869.00
60001029237025200,20171010,1042869.00,1042869.00,32,500000,521434612000.00,1042868.00,1042870.00,1042869.00,1042869.00
60001029237025200,20171011,1042868.00,1042868.00,16,115320,120263589760.00,1042868.00,1042869.00,1042869.00,1042868.00
60001029237025200,20171014,1042868.00,1042868.00,0,0,0.00,0.00,0.00,1042868.00,0.00
60001029237025200,20171015,1042868.00,1042868.00,0,0,0.00,0.00,0.00,1042868.00,0.00
60001029237025200,20171016,1042869.00,1042869.00,2,220,229431080.00,1042868.00,1042869.00,1042868.00,1042868.00
60001029237025200,20171017,1042869.00,1042869.00,1,9580,9990685020.00,1042869.00,1042869.00,1042869.00,1042869.00
60001029237025200,20171018,1042869.00,1042869.00,2,5040,5256059720.00,1042868.00,1042869.00,1042869.00,1042868.00
60001029237025200,20171021,1042869.00,1042869.00,9,98240,102451432320.00,1042868.00,1042869.00,1042869.00,1042868.00
60001029237025200,20171022,1042869.00,1042869.00,0,0,0.00,0.00,0.00,1042869.00,0.00
60001029237025200,20171023,1042868.00,1042868.00,1,10,10428680.00,1042868.00,1042868.00,1042869.00,1042868.00
60001029237025200,20171024,1042868.00,1042868.00,3,590,615292120.00,1042868.00,1042868.00,1042868.00,1042868.00
60001029237025200,20171025,1042868.00,1042868.00,0,0,0.00,0.00,0.00,1042868.00,0.00
60001029237025200,20171028,1042868.00,1042868.00,12,51640,53853703520.00,1042868.00,1042868.00,1042868.00,1042868.00
60001029237025200,20171029,1042868.00,1042869.00,13,85200,88852353800.00,1042868.00,1042869.00,1042868.00,1042868.00
60001029237025200,20171030,1042868.00,1042868.00,11,19630,20471499120.00,1042868.00,1042869.00,1042868.00,1042868.00
60001029237025200,20171031,1032304.00,1042868.00,49,497820,513901667760.00,1010000.00,1042868.00,1042868.00,1042868.00
60001029237025200,20171101,1020555.00,1042868.00,40,402250,410518145030.00,1005000.00,1042869.00,1032304.00,1042868.00
60001029237025200,20171104,1013000.00,1005500.00,17,350210,354762655000.00,1005500.00,1013000.00,1020555.00,1013000.00
60001029237025200,20171105,1013000.00,1013000.00,6,13800,13979400000.00,1013000.00,1013000.00,1013000.00,1013000.00
60001029237025200,20171106,1013000.00,1013000.00,0,0,0.00,0.00,0.00,1013000.00,0.00
60001029237025200,20171107,1013000.00,1013000.00,0,0,0.00,0.00,0.00,1013000.00,0.00
60001029237025200,20171108,1013000.00,1013000.00,0,0,0.00,0.00,0.00,1013000.00,0.00
60001029237025200,20171111,1013000.00,1013000.00,0,0,0.00,0.00,0.00,1013000.00,0.00
60001029237025200,20171112,1019999.00,1019999.00,1,50,50999950.00,1019999.00,1019999.00,1013000.00,1019999.00
60001029237025200,20171113,1019999.00,1019999.00,0,0,0.00,0.00,0.00,1019999.00,0.00
60001029237025200,20171114,1019999.00,1019999.00,0,0,0.00,0.00,0.00,1019999.00,0.00
60001029237025200,20171115,1019999.00,1019999.00,0,0,0.00,0.00,0.00,1019999.00,0.00
60001029237025200,20171118,1019999.00,1019999.00,0,0,0.00,0.00,0.00,1019999.00,0.00
60001029237025200,20171120,1019999.00,1019999.00,1,20,20399980.00,1019999.00,1019999.00,1019999.00,1019999.00
60001029237025200,20171121,1019999.00,1019999.00,0,0,0.00,0.00,0.00,1019999.00,0.00
60001029237025200,20171122,1010004.00,1010004.00,1,50,50500200.00,1010004.00,1010004.00,1019999.00,1010004.00
60001029237025200,20171125,1010005.00,1010005.00,3,350,353501750.00,1010005.00,1010005.00,1010004.00,1010005.00
60001029237025200,20171126,1010005.00,1010005.00,0,0,0.00,0.00,0.00,1010005.00,0.00
60001029237025200,20171128,1010005.00,1010005.00,1,600,606003000.00,1010005.00,1010005.00,1010005.00,1010005.00
60001029237025200,20171129,1010005.00,1010005.00,2,460,464602300.00,1010005.00,1010005.00,1010005.00,1010005.00
60001029237025200,20171202,1010005.00,1010005.00,0,0,0.00,0.00,0.00,1010005.00,0.00
60001029237025200,20171203,1010005.00,1010005.00,0,0,0.00,0.00,0.00,1010005.00,0.00
60001029237025200,20171204,1010005.00,1010005.00,0,0,0.00,0.00,0.00,1010005.00,0.00
60001029237025200,20171205,1010005.00,1010005.00,0,0,0.00,0.00,0.00,1010005.00,0.00
60001029237025200,20171209,1010005.00,1010005.00,0,0,0.00,0.00,0.00,1010005.00,0.00
60001029237025200,20171210,1010005.00,1010005.00,0,0,0.00,0.00,0.00,1010005.00,0.00
60001029237025200,20171211,1010005.00,1010005.00,0,0,0.00,0.00,0.00,1010005.00,0.00
60001029237025200,20171212,1010005.00,1010005.00,0,0,0.00,0.00,0.00,1010005.00,0.00
60001029237025200,20171213,1010005.00,1010005.00,0,0,0.00,0.00,0.00,1010005.00,0.00
60001029237025200,20171214,1010005.00,1010005.00,0,0,0.00,0.00,0.00,1010005.00,0.00
60001029237025200,20171215,1010005.00,1010005.00,0,0,0.00,0.00,0.00,1010005.00,0.00
60001029237025200,20171216,1010005.00,1010005.00,0,0,0.00,0.00,0.00,1010005.00,0.00
60001029237025200,20171217,1010005.00,1010005.00,2,110,111100550.00,1010005.00,1010005.00,1010005.00,1010005.00
60001029237025200,20171218,1019888.00,1019888.00,1,20000,20397760000.00,1019888.00,1019888.00,1010005.00,1019888.00
60001029237025200,20171219,1010005.00,1010005.00,1,100,101000500.00,1010005.00,1010005.00,1019888.00,1010005.00
60001029237025200,20171220,1012998.00,1010005.00,3,50040,50690400200.00,1010005.00,1013000.00,1010005.00,1013000.00
60001029237025200,20171223,1010005.00,1010005.00,2,110,111100550.00,1010005.00,1010005.00,1012998.00,1010005.00
60001029237025200,20171224,1010004.00,1010000.00,4,900,909003300.00,1010000.00,1010005.00,1010005.00,1010005.00
60001029237025200,20171225,1010000.00,1010000.00,1,10,10100000.00,1010000.00,1010000.00,1010004.00,1010000.00
60001029237025200,20171226,1010000.00,1010000.00,0,0,0.00,0.00,0.00,1010000.00,0.00
60001029237025200,20171227,1015000.00,1015000.00,1,40,40600000.00,1015000.00,1015000.00,1010000.00,1015000.00
60001029237025200,20171230,1004000.00,1004000.00,1,100,100400000.00,1004000.00,1004000.00,1015000.00,1004000.00
60001029237025200,20171231,1005250.00,1007000.00,2,200,201050100.00,1003501.00,1007000.00,1004000.00,1003501.00
60001029237025200,20180101,1005250.00,1007000.00,0,0,0.00,0.00,0.00,1005250.00,0.00
60001029237025200,20180102,1005250.00,1007000.00,0,0,0.00,0.00,0.00,1005250.00,0.00
60001029237025200,20180103,1005250.00,1007000.00,0,0,0.00,0.00,0.00,1005250.00,0.00
60001029237025200,20180106,1004273.00,1007000.00,4,220,220940000.00,1004000.00,1007000.00,1005250.00,1004000.00
60001029237025200,20180107,1005737.00,1006000.00,2,380,382180000.00,1005000.00,1006000.00,1004273.00,1005000.00
60001029237025200,20180108,1005737.00,1006000.00,0,0,0.00,0.00,0.00,1005737.00,0.00
60001029237025200,20180109,1005737.00,1006000.00,0,0,0.00,0.00,0.00,1005737.00,0.00
60001029237025200,20180110,1009990.00,1009990.00,4,26010,26269839900.00,1009990.00,1009990.00,1005737.00,1009990.00
60001029237025200,20180113,1010000.00,1010000.00,2,3990,4029900000.00,1010000.00,1010000.00,1009990.00,1010000.00
60001029237025200,20180114,1009000.00,1009000.00,1,10000,10090000000.00,1009000.00,1009000.00,1010000.00,1009000.00
60001029237025200,20180115,1009000.00,1009000.00,0,0,0.00,0.00,0.00,1009000.00,0.00
60001029237025200,20180116,1009004.00,1012000.00,29,25030,25255360000.00,1009000.00,1012000.00,1009000.00,1009000.00
60001029237025200,20180117,1009004.00,1012000.00,0,0,0.00,0.00,0.00,1009004.00,0.00
60001029237025200,20180120,1012000.00,1012000.00,1,20,20240000.00,1012000.00,1012000.00,1009004.00,1012000.00
60001029237025200,20180121,1012000.00,1012000.00,1,20,20240000.00,1012000.00,1012000.00,1012000.00,1012000.00
60001029237025200,20180122,1009000.00,1009000.00,2,20000,20180000000.00,1009000.00,1009000.00,1012000.00,1009000.00
60001029237025200,20180123,1009000.00,1009000.00,0,0,0.00,0.00,0.00,1009000.00,0.00
60001029237025200,20180124,1009000.00,1009000.00,1,20000,20180000000.00,1009000.00,1009000.00,1009000.00,1009000.00
60001029237025200,20180127,1009003.00,1011897.00,6,87860,88650971760.00,1009000.00,1011897.00,1009000.00,1009000.00
60001029237025200,20180128,1008998.00,1009000.00,9,87220,88004819980.00,1007000.00,1009000.00,1009003.00,1007000.00
60001029237025200,20180129,1008998.00,1009000.00,0,0,0.00,0.00,0.00,1008998.00,0.00
60001029237025200,20180130,1008998.00,1009000.00,0,0,0.00,0.00,0.00,1008998.00,0.00
60001029237025200,20180131,1001002.00,1001002.00,1,1000,1001002000.00,1001002.00,1001002.00,1008998.00,1001002.00
60001029237025200,20180203,1005734.00,1002500.00,3,2010,2021525010.00,1002500.00,1009000.00,1001002.00,1009000.00
60001029237025200,20180204,1001041.00,1001000.00,9,5170,5175381250.00,1001000.00,1004000.00,1005734.00,1004000.00
60001029237025200,20180205,1001041.00,1001000.00,0,0,0.00,0.00,0.00,1001041.00,0.00
60001029237025200,20180206,1009945.00,1010000.00,13,63560,64192083100.00,1004000.00,1010000.00,1001041.00,1004000.00
60001029237025200,20180207,1009945.00,1010000.00,0,0,0.00,0.00,0.00,1009945.00,0.00
60001029237025200,20180210,1009945.00,1010000.00,0,0,0.00,0.00,0.00,1009945.00,0.00
60001029237025200,20180212,1009945.00,1010000.00,0,0,0.00,0.00,0.00,1009945.00,0.00
60001029237025200,20180213,1009945.00,1010000.00,0,0,0.00,0.00,0.00,1009945.00,0.00
60001029237025200,20180214,1014854.00,1014999.00,2,15200,15425785000.00,1004000.00,1014999.00,1009945.00,1004000.00
60001029237025200,20180217,1000004.00,1000005.00,9,21200,21200085340.00,1000001.00,1000005.00,1014854.00,1000001.00
60001029237025200,20180218,1000004.00,1000005.00,0,0,0.00,0.00,0.00,1000004.00,0.00
60001029237025200,20180219,1000004.00,1000005.00,0,0,0.00,0.00,0.00,1000004.00,0.00
60001029237025200,20180221,1000004.00,1000005.00,0,0,0.00,0.00,0.00,1000004.00,0.00
60001029237025200,20180224,1000007.00,1000007.00,2,10020,10020070120.00,1000006.00,1000007.00,1000004.00,1000006.00
60001029237025200,20180225,1000001.00,1000000.00,15,141880,141880189280.00,1000000.00,1000007.00,1000007.00,1000007.00
60001029237025200,20180226,1000000.00,1000000.00,12,132120,132120025000.00,1000000.00,1000001.00,1000001.00,1000001.00
60001029237025200,20180227,1000001.00,1000001.00,2,4000,4000004020.00,1000001.00,1000002.00,1000000.00,1000002.00
60001029237025200,20180228,1000000.00,1000001.00,4,30000,30000015000.00,1000000.00,1000001.00,1000001.00,1000000.00
60001029237025200,20180303,1000000.00,1000000.00,2,15020,15020000000.00,1000000.00,1000000.00,1000000.00,1000000.00
60001029237025200,20180304,1000000.00,1000000.00,0,0,0.00,0.00,0.00,1000000.00,0.00
60001029237025200,20180305,1000000.00,1000000.00,6,80020,80020000000.00,1000000.00,1000000.00,1000000.00,1000000.00
60001029237025200,20180306,1000000.00,1000000.00,9,150000,150000000000.00,1000000.00,1000000.00,1000000.00,1000000.00
60001029237025200,20180307,1000000.00,1000000.00,1,10,10000000.00,1000000.00,1000000.00,1000000.00,1000000.00
60001029237025200,20180310,1000000.00,1000000.00,0,0,0.00,0.00,0.00,1000000.00,0.00
60001029237025200,20180311,1000001.00,1000000.00,9,150750,150750150000.00,1000000.00,1000001.00,1000000.00,1000001.00
60001029237025200,20180312,1000001.00,1000000.00,0,0,0.00,0.00,0.00,1000001.00,0.00
60001029237025200,20180313,1000000.00,1000000.00,3,870,870000000.00,1000000.00,1000000.00,1000001.00,1000000.00
60001029237025200,20180314,1000000.00,1000000.00,0,0,0.00,0.00,0.00,1000000.00,0.00
60001029237025200,20180317,1000000.00,1000000.00,1,15000,15000000000.00,1000000.00,1000000.00,1000000.00,1000000.00
60001029237025200,20180318,1000000.00,1000000.00,0,0,0.00,0.00,0.00,1000000.00,0.00
60001029237025200,20180319,1000000.00,1000000.00,0,0,0.00,0.00,0.00,1000000.00,0.00
60001029237025200,20180325,1000000.00,1000000.00,0,0,0.00,0.00,0.00,1000000.00,0.00
60001029237025200,20180326,1000000.00,1000000.00,0,0,0.00,0.00,0.00,1000000.00,0.00
60001029237025200,20180327,1000001.00,1000001.00,21,47760,47760047760.00,1000001.00,1000001.00,1000000.00,1000001.00
60001029237025200,20180328,1000001.00,1000001.00,0,0,0.00,0.00,0.00,1000001.00,0.00
60001029237025200,20180403,1000000.00,1000001.00,7,50020,50020000020.00,1000000.00,1000001.00,1000001.00,1000000.00
60001029237025200,20180404,1000000.00,1000000.00,2,640,640000000.00,1000000.00,1000000.00,1000000.00,1000000.00
60001029237025200,20180407,1000000.00,1000001.00,9,51550,51550000550.00,1000000.00,1000001.00,1000000.00,1000000.00
60001029237025200,20180408,1000000.00,1000000.00,10,50700,50700000700.00,1000000.00,1000001.00,1000000.00,1000001.00
60001029237025200,20180409,1000000.00,1000000.00,9,113560,113560000000.00,1000000.00,1000000.00,1000000.00,1000000.00
60001029237025200,20180410,1000001.00,1000001.00,1,10,10000010.00,1000001.00,1000001.00,1000000.00,1000001.00
60001029237025200,20180411,1000001.00,1000001.00,0,0,0.00,0.00,0.00,1000001.00,0.00
60001029237025200,20180415,1000001.00,1000001.00,0,0,0.00,0.00,0.00,1000001.00,0.00
60001029237025200,20180416,1000001.00,1000001.00,0,0,0.00,0.00,0.00,1000001.00,0.00
60001029237025200,20180417,1000001.00,1000001.00,0,0,0.00,0.00,0.00,1000001.00,0.00
60001029237025200,20180418,1000001.00,1000001.00,0,0,0.00,0.00,0.00,1000001.00,0.00
60001029237025200,20180421,1000001.00,1000001.00,0,0,0.00,0.00,0.00,1000001.00,0.00
60001029237025200,20180422,1000001.00,1000001.00,0,0,0.00,0.00,0.00,1000001.00,0.00
60001029237025200,20180423,1000001.00,1000001.00,0,0,0.00,0.00,0.00,1000001.00,0.00
60001029237025200,20180424,1000001.00,1000001.00,0,0,0.00,0.00,0.00,1000001.00,0.00
60001029237025200,20180425,1000001.00,1000001.00,0,0,0.00,0.00,0.00,1000001.00,0.00
60001029237025200,20180428,1000001.00,1000001.00,0,0,0.00,0.00,0.00,1000001.00,0.00
60001029237025200,20180429,1000001.00,1000001.00,0,0,0.00,0.00,0.00,1000001.00,0.00
60001029237025200,20180430,1000001.00,1000001.00,0,0,0.00,0.00,0.00,1000001.00,0.00
60001029237025200,20180501,1000001.00,1000001.00,0,0,0.00,0.00,0.00,1000001.00,0.00
60001029237025200,20180505,1000001.00,1000001.00,0,0,0.00,0.00,0.00,1000001.00,0.00
60001029237025200,20180506,1000001.00,1000001.00,0,0,0.00,0.00,0.00,1000001.00,0.00
60001029237025200,20180507,1000001.00,1000001.00,0,0,0.00,0.00,0.00,1000001.00,0.00
60001029237025200,20180508,1000001.00,1000001.00,0,0,0.00,0.00,0.00,1000001.00,0.00
60001029237025200,20180509,1000001.00,1000001.00,0,0,0.00,0.00,0.00,1000001.00,0.00
60001029237025200,20180512,1000001.00,1000001.00,0,0,0.00,0.00,0.00,1000001.00,0.00
60001029237025200,20180513,1000001.00,1000001.00,0,0,0.00,0.00,0.00,1000001.00,0.00
60001029237025200,20180514,1000001.00,1000001.00,0,0,0.00,0.00,0.00,1000001.00,0.00
60001029237025200,20180515,1000001.00,1000001.00,0,0,0.00,0.00,0.00,1000001.00,0.00
60001029237025200,20180516,1000001.00,1000001.00,0,0,0.00,0.00,0.00,1000001.00,0.00
60001029237025200,20180519,1000001.00,1000001.00,0,0,0.00,0.00,0.00,1000001.00,0.00
60001029237025200,20180520,1000001.00,1000001.00,0,0,0.00,0.00,0.00,1000001.00,0.00
60001029237025200,20180521,1000001.00,1000001.00,0,0,0.00,0.00,0.00,1000001.00,0.00
60001029237025200,20180522,1000001.00,1000001.00,0,0,0.00,0.00,0.00,1000001.00,0.00
60001029237025200,20180523,1000001.00,1000001.00,0,0,0.00,0.00,0.00,1000001.00,0.00
60001029237025200,20180526,1000001.00,1000001.00,0,0,0.00,0.00,0.00,1000001.00,0.00
60001029237025200,20180527,1000001.00,1000001.00,0,0,0.00,0.00,0.00,1000001.00,0.00
60001029237025200,20180528,1000001.00,1000001.00,0,0,0.00,0.00,0.00,1000001.00,0.00
60001029237025200,20180529,1000001.00,1000001.00,0,0,0.00,0.00,0.00,1000001.00,0.00
60001029237025200,20180530,1000001.00,1000001.00,0,0,0.00,0.00,0.00,1000001.00,0.00
60001029237025200,20180602,1000001.00,1000001.00,0,0,0.00,0.00,0.00,1000001.00,0.00
60001029237025200,20180603,1000001.00,1000001.00,0,0,0.00,0.00,0.00,1000001.00,0.00
60001029237025200,20180609,1000001.00,1000001.00,0,0,0.00,0.00,0.00,1000001.00,0.00
60001029237025200,20180610,1000001.00,1000001.00,0,0,0.00,0.00,0.00,1000001.00,0.00
60001029237025200,20180611,1000001.00,1000001.00,0,0,0.00,0.00,0.00,1000001.00,0.00
60001029237025200,20180612,1000001.00,1000001.00,0,0,0.00,0.00,0.00,1000001.00,0.00
60001029237025200,20180613,1000001.00,1000001.00,0,0,0.00,0.00,0.00,1000001.00,0.00
60001029237025200,20180617,1000001.00,1000001.00,0,0,0.00,0.00,0.00,1000001.00,0.00
60001029237025200,20180618,1000001.00,1000001.00,0,0,0.00,0.00,0.00,1000001.00,0.00
60001029237025200,20180619,1000001.00,1000001.00,0,0,0.00,0.00,0.00,1000001.00,0.00
60001029237025200,20180620,1000001.00,1000001.00,0,0,0.00,0.00,0.00,1000001.00,0.00
60001029237025200,20180623,1000001.00,1000001.00,0,0,0.00,0.00,0.00,1000001.00,0.00
60001029237025200,20180624,1000001.00,1000001.00,0,0,0.00,0.00,0.00,1000001.00,0.00
60001029237025200,20180625,1000001.00,1000001.00,0,0,0.00,0.00,0.00,1000001.00,0.00
60001029237025200,20180626,1000001.00,1000001.00,0,0,0.00,0.00,0.00,1000001.00,0.00
60001029237025200,20180627,1000001.00,1000001.00,0,0,0.00,0.00,0.00,1000001.00,0.00
60001029237025200,20180630,1000001.00,1000001.00,0,0,0.00,0.00,0.00,1000001.00,0.00
60001029237025200,20180701,1000001.00,1000001.00,0,0,0.00,0.00,0.00,1000001.00,0.00
60001029237025200,20180702,1000001.00,1000001.00,0,0,0.00,0.00,0.00,1000001.00,0.00
60001029237025200,20180703,1000001.00,1000001.00,0,0,0.00,0.00,0.00,1000001.00,0.00
60001029237025200,20180704,1000001.00,1000001.00,0,0,0.00,0.00,0.00,1000001.00,0.00
60001029237025200,20180707,1000001.00,1000001.00,0,0,0.00,0.00,0.00,1000001.00,0.00
60001029237025200,20180708,1000001.00,1000001.00,0,0,0.00,0.00,0.00,1000001.00,0.00
60001029237025200,20180710,1000001.00,1000001.00,0,0,0.00,0.00,0.00,1000001.00,0.00
60001029237025200,20180711,1000001.00,1000001.00,0,0,0.00,0.00,0.00,1000001.00,0.00
60001029237025200,20180714,1000001.00,1000001.00,0,0,0.00,0.00,0.00,1000001.00,0.00
60001029237025200,20180715,1000001.00,1000001.00,0,0,0.00,0.00,0.00,1000001.00,0.00
60001029237025200,20180716,1000001.00,1000001.00,0,0,0.00,0.00,0.00,1000001.00,0.00
60001029237025200,20180717,1000001.00,1000001.00,0,0,0.00,0.00,0.00,1000001.00,0.00
60001029237025200,20180718,1000001.00,1000001.00,0,0,0.00,0.00,0.00,1000001.00,0.00
60001029237025200,20180721,1000001.00,1000001.00,0,0,0.00,0.00,0.00,1000001.00,0.00
60001029237025200,20180722,1000001.00,1000001.00,0,0,0.00,0.00,0.00,1000001.00,0.00
60001029237025200,20180723,1000001.00,1000001.00,0,0,0.00,0.00,0.00,1000001.00,0.00
60001029237025200,20180724,1000001.00,1000001.00,0,0,0.00,0.00,0.00,1000001.00,0.00
60001029237025200,20180725,1000001.00,1000001.00,0,0,0.00,0.00,0.00,1000001.00,0.00
60001029237025200,20180726,1000001.00,1000001.00,0,0,0.00,0.00,0.00,1000001.00,0.00
60001029237025200,20180727,1000001.00,1000001.00,0,0,0.00,0.00,0.00,1000001.00,0.00
60001029237025200,20180728,1000001.00,1000001.00,0,0,0.00,0.00,0.00,1000001.00,0.00
60001029237025200,20180729,1000001.00,1000001.00,0,0,0.00,0.00,0.00,1000001.00,0.00
60001029237025200,20180730,1000001.00,1000001.00,0,0,0.00,0.00,0.00,1000001.00,0.00
60001029237025200,20180731,1000001.00,1000001.00,0,0,0.00,0.00,0.00,1000001.00,0.00
60001029237025200,20180801,1000001.00,1000001.00,0,0,0.00,0.00,0.00,1000001.00,0.00
60001029237025200,20180804,1000001.00,1000001.00,0,0,0.00,0.00,0.00,1000001.00,0.00
60001029237025200,20180805,1000001.00,1000001.00,0,0,0.00,0.00,0.00,1000001.00,0.00
60001029237025200,20180806,1000001.00,1000001.00,0,0,0.00,0.00,0.00,1000001.00,0.00
60001029237025200,20180807,1000001.00,1000001.00,0,0,0.00,0.00,0.00,1000001.00,0.00
60001029237025200,20180808,1000001.00,1000001.00,0,0,0.00,0.00,0.00,1000001.00,0.00
60001029237025200,20180811,1000001.00,1000001.00,0,0,0.00,0.00,0.00,1000001.00,0.00
60001029237025200,20180812,1000001.00,1000001.00,0,0,0.00,0.00,0.00,1000001.00,0.00
60001029237025200,20180813,1000001.00,1000001.00,0,0,0.00,0.00,0.00,1000001.00,0.00
60001029237025200,20180814,1000001.00,1000001.00,0,0,0.00,0.00,0.00,1000001.00,0.00
60001029237025200,20180815,1000001.00,1000001.00,0,0,0.00,0.00,0.00,1000001.00,0.00
60001029237025200,20180818,1000001.00,1000001.00,0,0,0.00,0.00,0.00,1000001.00,0.00
60001029237025200,20180819,1000001.00,1000001.00,0,0,0.00,0.00,0.00,1000001.00,0.00
60001029237025200,20180820,1000001.00,1000001.00,0,0,0.00,0.00,0.00,1000001.00,0.00
60001029237025200,20180821,1000001.00,1000001.00,0,0,0.00,0.00,0.00,1000001.00,0.00
60001029237025200,20180825,1000001.00,1000001.00,0,0,0.00,0.00,0.00,1000001.00,0.00
60001029237025200,20180826,1000001.00,1000001.00,0,0,0.00,0.00,0.00,1000001.00,0.00
60001029237025200,20180827,1000001.00,1000001.00,0,0,0.00,0.00,0.00,1000001.00,0.00
60001029237025200,20180828,1000001.00,1000001.00,0,0,0.00,0.00,0.00,1000001.00,0.00
60001029237025200,20180829,1000001.00,1000001.00,0,0,0.00,0.00,0.00,1000001.00,0.00
60001029237025200,20180901,1000001.00,1000001.00,0,0,0.00,0.00,0.00,1000001.00,0.00
60001029237025200,20180902,1000001.00,1000001.00,0,0,0.00,0.00,0.00,1000001.00,0.00
60001029237025200,20180903,1000001.00,1000001.00,0,0,0.00,0.00,0.00,1000001.00,0.00
60001029237025200,20180904,1000001.00,1000001.00,0,0,0.00,0.00,0.00,1000001.00,0.00
60001029237025200,20180905,1000001.00,1000001.00,0,0,0.00,0.00,0.00,1000001.00,0.00
60001029237025200,20180908,1000001.00,1000001.00,0,0,0.00,0.00,0.00,1000001.00,0.00
60001029237025200,20180909,1000001.00,1000001.00,0,0,0.00,0.00,0.00,1000001.00,0.00
60001029237025200,20180910,1000001.00,1000001.00,0,0,0.00,0.00,0.00,1000001.00,0.00
60001029237025200,20180911,1000001.00,1000001.00,0,0,0.00,0.00,0.00,1000001.00,0.00
60001029237025200,20180912,1000001.00,1000001.00,0,0,0.00,0.00,0.00,1000001.00,0.00
60001029237025200,20180915,1000001.00,1000001.00,0,0,0.00,0.00,0.00,1000001.00,0.00
60001029237025200,20180916,1000001.00,1000001.00,0,0,0.00,0.00,0.00,1000001.00,0.00
60001029237025200,20180917,1000001.00,1000001.00,0,0,0.00,0.00,0.00,1000001.00,0.00
60001029237025200,20180918,1000001.00,1000001.00,0,0,0.00,0.00,0.00,1000001.00,0.00
60001029237025200,20180922,1000001.00,1000001.00,0,0,0.00,0.00,0.00,1000001.00,0.00
60001029237025200,20180923,1000001.00,1000001.00,0,0,0.00,0.00,0.00,1000001.00,0.00
60001029237025200,20180924,1000001.00,1000001.00,0,0,0.00,0.00,0.00,1000001.00,0.00
60001029237025200,20180925,1000001.00,1000001.00,0,0,0.00,0.00,0.00,1000001.00,0.00
60001029237025200,20180926,1000001.00,1000001.00,0,0,0.00,0.00,0.00,1000001.00,0.00
60001029237025200,20180929,1000001.00,1000001.00,0,0,0.00,0.00,0.00,1000001.00,0.00
60001029237025200,20180930,1000001.00,1000001.00,0,0,0.00,0.00,0.00,1000001.00,0.00
60001029237025200,20181001,1000001.00,1000001.00,0,0,0.00,0.00,0.00,1000001.00,0.00
60001029237025200,20181002,1000001.00,1000001.00,0,0,0.00,0.00,0.00,1000001.00,0.00
60001029237025200,20181003,1000001.00,1000001.00,0,0,0.00,0.00,0.00,1000001.00,0.00
60001029237025200,20181006,1000001.00,1000001.00,0,0,0.00,0.00,0.00,1000001.00,0.00
60001029237025200,20181007,1000001.00,1000001.00,0,0,0.00,0.00,0.00,1000001.00,0.00
60001029237025200,20181008,1000001.00,1000001.00,0,0,0.00,0.00,0.00,1000001.00,0.00
60001029237025200,20181009,1000001.00,1000001.00,0,0,0.00,0.00,0.00,1000001.00,0.00
60001029237025200,20181010,1000001.00,1000001.00,0,0,0.00,0.00,0.00,1000001.00,0.00
60001029237025200,20181013,1000001.00,1000001.00,0,0,0.00,0.00,0.00,1000001.00,0.00
60001029237025200,20181014,1000001.00,1000001.00,0,0,0.00,0.00,0.00,1000001.00,0.00
60001029237025200,20181015,1000001.00,1000001.00,0,0,0.00,0.00,0.00,1000001.00,0.00
60001029237025200,20181016,1000001.00,1000001.00,0,0,0.00,0.00,0.00,1000001.00,0.00
60001029237025200,20181017,1000001.00,1000001.00,0,0,0.00,0.00,0.00,1000001.00,0.00
60001029237025200,20181020,1000001.00,1000001.00,0,0,0.00,0.00,0.00,1000001.00,0.00
60001029237025200,20181021,1000001.00,1000001.00,0,0,0.00,0.00,0.00,1000001.00,0.00
60001029237025200,20181022,1000001.00,1000001.00,0,0,0.00,0.00,0.00,1000001.00,0.00
60001029237025200,20181023,1000001.00,1000001.00,0,0,0.00,0.00,0.00,1000001.00,0.00
60001029237025200,20181024,1000001.00,1000001.00,0,0,0.00,0.00,0.00,1000001.00,0.00
60001029237025200,20181027,1000001.00,1000001.00,0,0,0.00,0.00,0.00,1000001.00,0.00
60001029237025200,20181028,1000001.00,1000001.00,0,0,0.00,0.00,0.00,1000001.00,0.00
60001029237025200,20181029,1000001.00,1000001.00,0,0,0.00,0.00,0.00,1000001.00,0.00
60001029237025200,20181031,1000001.00,1000001.00,0,0,0.00,0.00,0.00,1000001.00,0.00
60001029237025200,20181103,1000001.00,1000001.00,0,0,0.00,0.00,0.00,1000001.00,0.00
