64992489520453343,20120926,1000.00,1000.00,0,0,0.00,0.00,0.00,1000.00,0.00
64992489520453343,20120929,1000.00,1000.00,0,0,0.00,0.00,0.00,1000.00,0.00
64992489520453343,20120930,1000.00,1000.00,0,0,0.00,0.00,0.00,1000.00,0.00
64992489520453343,20121001,1000.00,1000.00,0,0,0.00,0.00,0.00,1000.00,0.00
64992489520453343,20121002,1000.00,1000.00,0,0,0.00,0.00,0.00,1000.00,0.00
64992489520453343,20121003,1000.00,1000.00,0,0,0.00,0.00,0.00,1000.00,0.00
64992489520453343,20121006,1000.00,1000.00,0,0,0.00,0.00,0.00,1000.00,0.00
64992489520453343,20121007,1000.00,1000.00,0,0,0.00,0.00,0.00,1000.00,0.00
64992489520453343,20121008,1000.00,1000.00,0,0,0.00,0.00,0.00,1000.00,0.00
64992489520453343,20121009,1000.00,1000.00,0,0,0.00,0.00,0.00,1000.00,0.00
64992489520453343,20121010,1000.00,1000.00,0,0,0.00,0.00,0.00,1000.00,0.00
64992489520453343,20121013,1000.00,1000.00,0,0,0.00,0.00,0.00,1000.00,0.00
64992489520453343,20121014,1000.00,1000.00,0,0,0.00,0.00,0.00,1000.00,0.00
64992489520453343,20121015,1000.00,1000.00,0,0,0.00,0.00,0.00,1000.00,0.00
64992489520453343,20121016,1000.00,1000.00,0,0,0.00,0.00,0.00,1000.00,0.00
64992489520453343,20121017,1000.00,1000.00,0,0,0.00,0.00,0.00,1000.00,0.00
64992489520453343,20121020,1000.00,1000.00,0,0,0.00,0.00,0.00,1000.00,0.00
64992489520453343,20121021,1000.00,1000.00,0,0,0.00,0.00,0.00,1000.00,0.00
64992489520453343,20121022,1000.00,1000.00,0,0,0.00,0.00,0.00,1000.00,0.00
64992489520453343,20121023,1000.00,1000.00,0,0,0.00,0.00,0.00,1000.00,0.00
64992489520453343,20121024,1000.00,1000.00,0,0,0.00,0.00,0.00,1000.00,0.00
64992489520453343,20121027,1000.00,1000.00,0,0,0.00,0.00,0.00,1000.00,0.00
64992489520453343,20121028,1000.00,1000.00,0,0,0.00,0.00,0.00,1000.00,0.00
64992489520453343,20121029,1000.00,1000.00,0,0,0.00,0.00,0.00,1000.00,0.00
64992489520453343,20121030,1000.00,1000.00,0,0,0.00,0.00,0.00,1000.00,0.00
64992489520453343,20121031,1000.00,1000.00,0,0,0.00,0.00,0.00,1000.00,0.00
64992489520453343,20121104,1000.00,1000.00,0,0,0.00,0.00,0.00,1000.00,0.00
64992489520453343,20121105,1000.00,1000.00,0,0,0.00,0.00,0.00,1000.00,0.00
64992489520453343,20121106,1000.00,1000.00,0,0,0.00,0.00,0.00,1000.00,0.00
64992489520453343,20121107,1000.00,1000.00,0,0,0.00,0.00,0.00,1000.00,0.00
64992489520453343,20121110,1000.00,1000.00,0,0,0.00,0.00,0.00,1000.00,0.00
64992489520453343,20121111,1000.00,1000.00,0,0,0.00,0.00,0.00,1000.00,0.00
64992489520453343,20121112,1000.00,1000.00,0,0,0.00,0.00,0.00,1000.00,0.00
64992489520453343,20121113,1000.00,1000.00,0,0,0.00,0.00,0.00,1000.00,0.00
64992489520453343,20121114,1000.00,1000.00,0,0,0.00,0.00,0.00,1000.00,0.00
64992489520453343,20121117,1000.00,1000.00,0,0,0.00,0.00,0.00,1000.00,0.00
64992489520453343,20121118,1000.00,1000.00,0,0,0.00,0.00,0.00,1000.00,0.00
64992489520453343,20121119,1000.00,1000.00,0,0,0.00,0.00,0.00,1000.00,0.00
64992489520453343,20121120,1000.00,1000.00,0,0,0.00,0.00,0.00,1000.00,0.00
64992489520453343,20121121,1000.00,1000.00,0,0,0.00,0.00,0.00,1000.00,0.00
64992489520453343,20121126,1000.00,1000.00,0,0,0.00,0.00,0.00,1000.00,0.00
64992489520453343,20121127,1000.00,1000.00,0,0,0.00,0.00,0.00,1000.00,0.00
64992489520453343,20121128,1000.00,1000.00,0,0,0.00,0.00,0.00,1000.00,0.00
64992489520453343,20121201,1000.00,1000.00,0,0,0.00,0.00,0.00,1000.00,0.00
64992489520453343,20121202,1000.00,1000.00,0,0,0.00,0.00,0.00,1000.00,0.00
64992489520453343,20121203,1000.00,1000.00,0,0,0.00,0.00,0.00,1000.00,0.00
64992489520453343,20121204,1000.00,1000.00,0,0,0.00,0.00,0.00,1000.00,0.00
64992489520453343,20121205,1000.00,1000.00,0,0,0.00,0.00,0.00,1000.00,0.00
64992489520453343,20121208,1000.00,1000.00,0,0,0.00,0.00,0.00,1000.00,0.00
64992489520453343,20121209,1000.00,1000.00,0,0,0.00,0.00,0.00,1000.00,0.00
64992489520453343,20121210,1000.00,1000.00,0,0,0.00,0.00,0.00,1000.00,0.00
64992489520453343,20121211,1000.00,1000.00,0,0,0.00,0.00,0.00,1000.00,0.00
64992489520453343,20121212,1000.00,1000.00,0,0,0.00,0.00,0.00,1000.00,0.00
64992489520453343,20121215,1000.00,1000.00,0,0,0.00,0.00,0.00,1000.00,0.00
64992489520453343,20121216,1000.00,1000.00,0,0,0.00,0.00,0.00,1000.00,0.00
64992489520453343,20121217,1000.00,1000.00,0,0,0.00,0.00,0.00,1000.00,0.00
64992489520453343,20121218,1000.00,1000.00,0,0,0.00,0.00,0.00,1000.00,0.00
64992489520453343,20121219,1000.00,1000.00,0,0,0.00,0.00,0.00,1000.00,0.00
64992489520453343,20121222,1000.00,1000.00,0,0,0.00,0.00,0.00,1000.00,0.00
64992489520453343,20121223,1000.00,1000.00,0,0,0.00,0.00,0.00,1000.00,0.00
64992489520453343,20121224,1000.00,1000.00,0,0,0.00,0.00,0.00,1000.00,0.00
64992489520453343,20121225,1000.00,1000.00,0,0,0.00,0.00,0.00,1000.00,0.00
64992489520453343,20121226,1000.00,1000.00,0,0,0.00,0.00,0.00,1000.00,0.00
64992489520453343,20121229,1000.00,1000.00,0,0,0.00,0.00,0.00,1000.00,0.00
64992489520453343,20121230,1000.00,1000.00,0,0,0.00,0.00,0.00,1000.00,0.00
64992489520453343,20121231,1000.00,1000.00,0,0,0.00,0.00,0.00,1000.00,0.00
64992489520453343,20130101,1000.00,1000.00,0,0,0.00,0.00,0.00,1000.00,0.00
64992489520453343,20130102,1000.00,1000.00,0,0,0.00,0.00,0.00,1000.00,0.00
64992489520453343,20130106,1000.00,1000.00,0,0,0.00,0.00,0.00,1000.00,0.00
64992489520453343,20130107,1000.00,1000.00,0,0,0.00,0.00,0.00,1000.00,0.00
64992489520453343,20130108,1000.00,1000.00,0,0,0.00,0.00,0.00,1000.00,0.00
64992489520453343,20130109,1000.00,1000.00,0,0,0.00,0.00,0.00,1000.00,0.00
64992489520453343,20130113,1000.00,1000.00,0,0,0.00,0.00,0.00,1000.00,0.00
64992489520453343,20130114,1000.00,1000.00,0,0,0.00,0.00,0.00,1000.00,0.00
64992489520453343,20130115,1000.00,1000.00,0,0,0.00,0.00,0.00,1000.00,0.00
64992489520453343,20130116,1000.00,1000.00,0,0,0.00,0.00,0.00,1000.00,0.00
64992489520453343,20130119,1000.00,1000.00,0,0,0.00,0.00,0.00,1000.00,0.00
64992489520453343,20130120,1000.00,1000.00,0,0,0.00,0.00,0.00,1000.00,0.00
64992489520453343,20130121,1000.00,1000.00,0,0,0.00,0.00,0.00,1000.00,0.00
64992489520453343,20130122,1000.00,1000.00,0,0,0.00,0.00,0.00,1000.00,0.00
64992489520453343,20130123,1000.00,1000.00,0,0,0.00,0.00,0.00,1000.00,0.00
64992489520453343,20130126,1000.00,1000.00,0,0,0.00,0.00,0.00,1000.00,0.00
64992489520453343,20130127,1000.00,1000.00,0,0,0.00,0.00,0.00,1000.00,0.00
64992489520453343,20130128,1000.00,1000.00,0,0,0.00,0.00,0.00,1000.00,0.00
64992489520453343,20130130,1000.00,1000.00,0,0,0.00,0.00,0.00,1000.00,0.00
64992489520453343,20130202,1000.00,1000.00,0,0,0.00,0.00,0.00,1000.00,0.00
64992489520453343,20130203,1000.00,1000.00,0,0,0.00,0.00,0.00,1000.00,0.00
64992489520453343,20130204,1000.00,1000.00,0,0,0.00,0.00,0.00,1000.00,0.00
64992489520453343,20130205,1000.00,1000.00,0,0,0.00,0.00,0.00,1000.00,0.00
64992489520453343,20130206,1000.00,1000.00,0,0,0.00,0.00,0.00,1000.00,0.00
64992489520453343,20130209,1000.00,1000.00,0,0,0.00,0.00,0.00,1000.00,0.00
64992489520453343,20130211,1000.00,1000.00,0,0,0.00,0.00,0.00,1000.00,0.00
64992489520453343,20130212,1000.00,1000.00,0,0,0.00,0.00,0.00,1000.00,0.00
64992489520453343,20130213,1000.00,1000.00,0,0,0.00,0.00,0.00,1000.00,0.00
64992489520453343,20130216,1000.00,1000.00,0,0,0.00,0.00,0.00,1000.00,0.00
64992489520453343,20130217,1000.00,1000.00,0,0,0.00,0.00,0.00,1000.00,0.00
64992489520453343,20130218,1000.00,1000.00,0,0,0.00,0.00,0.00,1000.00,0.00
64992489520453343,20130219,1000.00,1000.00,0,0,0.00,0.00,0.00,1000.00,0.00
64992489520453343,20130220,1000.00,1000.00,0,0,0.00,0.00,0.00,1000.00,0.00
64992489520453343,20130223,1000.00,1000.00,0,0,0.00,0.00,0.00,1000.00,0.00
64992489520453343,20130224,1000.00,1000.00,0,0,0.00,0.00,0.00,1000.00,0.00
64992489520453343,20130225,1000.00,1000.00,0,0,0.00,0.00,0.00,1000.00,0.00
64992489520453343,20130226,1000.00,1000.00,0,0,0.00,0.00,0.00,1000.00,0.00
64992489520453343,20130227,1000.00,1000.00,0,0,0.00,0.00,0.00,1000.00,0.00
64992489520453343,20130302,1000.00,1000.00,0,0,0.00,0.00,0.00,1000.00,0.00
64992489520453343,20130303,1000.00,1000.00,0,0,0.00,0.00,0.00,1000.00,0.00
64992489520453343,20130304,1000.00,1000.00,0,0,0.00,0.00,0.00,1000.00,0.00
64992489520453343,20130305,1000.00,1000.00,0,0,0.00,0.00,0.00,1000.00,0.00
64992489520453343,20130306,1000.00,1000.00,0,0,0.00,0.00,0.00,1000.00,0.00
64992489520453343,20130309,1000.00,1000.00,0,0,0.00,0.00,0.00,1000.00,0.00
64992489520453343,20130310,1000.00,1000.00,0,0,0.00,0.00,0.00,1000.00,0.00
64992489520453343,20130311,1000.00,1000.00,0,0,0.00,0.00,0.00,1000.00,0.00
64992489520453343,20130312,1000.00,1000.00,0,0,0.00,0.00,0.00,1000.00,0.00
64992489520453343,20130313,1000.00,1000.00,0,0,0.00,0.00,0.00,1000.00,0.00
64992489520453343,20130316,1000.00,1000.00,0,0,0.00,0.00,0.00,1000.00,0.00
64992489520453343,20130317,1000.00,1000.00,0,0,0.00,0.00,0.00,1000.00,0.00
64992489520453343,20130318,1000.00,1000.00,0,0,0.00,0.00,0.00,1000.00,0.00
64992489520453343,20130325,1000.00,1000.00,0,0,0.00,0.00,0.00,1000.00,0.00
64992489520453343,20130326,1000.00,1000.00,0,0,0.00,0.00,0.00,1000.00,0.00
64992489520453343,20130327,1000.00,1000.00,0,0,0.00,0.00,0.00,1000.00,0.00
64992489520453343,20130330,1000.00,1000.00,0,0,0.00,0.00,0.00,1000.00,0.00
64992489520453343,20130331,1000.00,1000.00,0,0,0.00,0.00,0.00,1000.00,0.00
64992489520453343,20130403,1000.00,1000.00,0,0,0.00,0.00,0.00,1000.00,0.00
64992489520453343,20130406,1000.00,1000.00,0,0,0.00,0.00,0.00,1000.00,0.00
64992489520453343,20130407,1000.00,1000.00,0,0,0.00,0.00,0.00,1000.00,0.00
64992489520453343,20130408,1000.00,1000.00,0,0,0.00,0.00,0.00,1000.00,0.00
64992489520453343,20130409,1000.00,1000.00,0,0,0.00,0.00,0.00,1000.00,0.00
64992489520453343,20130410,1000.00,1000.00,0,0,0.00,0.00,0.00,1000.00,0.00
64992489520453343,20130413,1000.00,1000.00,0,0,0.00,0.00,0.00,1000.00,0.00
64992489520453343,20130415,1000.00,1000.00,0,0,0.00,0.00,0.00,1000.00,0.00
64992489520453343,20130416,1000.00,1000.00,0,0,0.00,0.00,0.00,1000.00,0.00
64992489520453343,20130417,1000.00,1000.00,0,0,0.00,0.00,0.00,1000.00,0.00
64992489520453343,20130420,1000.00,1000.00,0,0,0.00,0.00,0.00,1000.00,0.00
64992489520453343,20130421,1000.00,1000.00,0,0,0.00,0.00,0.00,1000.00,0.00
64992489520453343,20130422,1000.00,1000.00,0,0,0.00,0.00,0.00,1000.00,0.00
64992489520453343,20130423,1000.00,1000.00,0,0,0.00,0.00,0.00,1000.00,0.00
64992489520453343,20130424,1000.00,1000.00,0,0,0.00,0.00,0.00,1000.00,0.00
64992489520453343,20130427,1000.00,1000.00,0,0,0.00,0.00,0.00,1000.00,0.00
64992489520453343,20130428,1000.00,1000.00,0,0,0.00,0.00,0.00,1000.00,0.00
64992489520453343,20130429,1000.00,1000.00,0,0,0.00,0.00,0.00,1000.00,0.00
64992489520453343,20130430,1000.00,1000.00,0,0,0.00,0.00,0.00,1000.00,0.00
64992489520453343,20130501,1000.00,1000.00,0,0,0.00,0.00,0.00,1000.00,0.00
64992489520453343,20130504,1000.00,1000.00,0,0,0.00,0.00,0.00,1000.00,0.00
64992489520453343,20130505,1000.00,1000.00,0,0,0.00,0.00,0.00,1000.00,0.00
64992489520453343,20130506,1000.00,1000.00,0,0,0.00,0.00,0.00,1000.00,0.00
64992489520453343,20130507,1000.00,1000.00,0,0,0.00,0.00,0.00,1000.00,0.00
64992489520453343,20130508,1000.00,1000.00,0,0,0.00,0.00,0.00,1000.00,0.00
64992489520453343,20130511,1000.00,1000.00,0,0,0.00,0.00,0.00,1000.00,0.00
64992489520453343,20130512,1000.00,1000.00,0,0,0.00,0.00,0.00,1000.00,0.00
64992489520453343,20130513,1000.00,1000.00,0,0,0.00,0.00,0.00,1000.00,0.00
64992489520453343,20130514,1000.00,1000.00,0,0,0.00,0.00,0.00,1000.00,0.00
64992489520453343,20130515,1000.00,1000.00,0,0,0.00,0.00,0.00,1000.00,0.00
64992489520453343,20130518,1000.00,1000.00,0,0,0.00,0.00,0.00,1000.00,0.00
64992489520453343,20130519,1000.00,1000.00,0,0,0.00,0.00,0.00,1000.00,0.00
64992489520453343,20130520,1000.00,1000.00,0,0,0.00,0.00,0.00,1000.00,0.00
64992489520453343,20130521,1000.00,1000.00,0,0,0.00,0.00,0.00,1000.00,0.00
64992489520453343,20130522,1000.00,1000.00,0,0,0.00,0.00,0.00,1000.00,0.00
64992489520453343,20130525,1000.00,1000.00,0,0,0.00,0.00,0.00,1000.00,0.00
64992489520453343,20130526,1000.00,1000.00,0,0,0.00,0.00,0.00,1000.00,0.00
64992489520453343,20130527,1000.00,1000.00,0,0,0.00,0.00,0.00,1000.00,0.00
64992489520453343,20130528,1000.00,1000.00,0,0,0.00,0.00,0.00,1000.00,0.00
64992489520453343,20130529,1000.00,1000.00,0,0,0.00,0.00,0.00,1000.00,0.00
64992489520453343,20130601,1000.00,1000.00,0,0,0.00,0.00,0.00,1000.00,0.00
64992489520453343,20130602,1000.00,1000.00,0,0,0.00,0.00,0.00,1000.00,0.00
64992489520453343,20130603,1000.00,1000.00,0,0,0.00,0.00,0.00,1000.00,0.00
64992489520453343,20130608,1000.00,1000.00,0,0,0.00,0.00,0.00,1000.00,0.00
64992489520453343,20130609,1000.00,1000.00,0,0,0.00,0.00,0.00,1000.00,0.00
64992489520453343,20130610,1000.00,1000.00,0,0,0.00,0.00,0.00,1000.00,0.00
64992489520453343,20130611,1000.00,1000.00,0,0,0.00,0.00,0.00,1000.00,0.00
64992489520453343,20130612,1000.00,1000.00,0,0,0.00,0.00,0.00,1000.00,0.00
64992489520453343,20130615,1000.00,1000.00,0,0,0.00,0.00,0.00,1000.00,0.00
64992489520453343,20130616,1000.00,1000.00,0,0,0.00,0.00,0.00,1000.00,0.00
64992489520453343,20130617,1000.00,1000.00,0,0,0.00,0.00,0.00,1000.00,0.00
64992489520453343,20130618,1000.00,1000.00,0,0,0.00,0.00,0.00,1000.00,0.00
64992489520453343,20130619,1000.00,1000.00,0,0,0.00,0.00,0.00,1000.00,0.00
64992489520453343,20130622,1000.00,1000.00,0,0,0.00,0.00,0.00,1000.00,0.00
64992489520453343,20130623,1000.00,1000.00,0,0,0.00,0.00,0.00,1000.00,0.00
64992489520453343,20130625,1000.00,1000.00,0,0,0.00,0.00,0.00,1000.00,0.00
64992489520453343,20130626,1000.00,1000.00,0,0,0.00,0.00,0.00,1000.00,0.00
64992489520453343,20130629,1000.00,1000.00,0,0,0.00,0.00,0.00,1000.00,0.00
64992489520453343,20130630,1000.00,1000.00,0,0,0.00,0.00,0.00,1000.00,0.00
64992489520453343,20130701,1000.00,1000.00,0,0,0.00,0.00,0.00,1000.00,0.00
64992489520453343,20130702,1000.00,1000.00,0,0,0.00,0.00,0.00,1000.00,0.00
64992489520453343,20130703,1000.00,1000.00,0,0,0.00,0.00,0.00,1000.00,0.00
64992489520453343,20130706,1000.00,1000.00,0,0,0.00,0.00,0.00,1000.00,0.00
64992489520453343,20130707,1000.00,1000.00,0,0,0.00,0.00,0.00,1000.00,0.00
64992489520453343,20130708,1000.00,1000.00,0,0,0.00,0.00,0.00,1000.00,0.00
64992489520453343,20130709,1000.00,1000.00,0,0,0.00,0.00,0.00,1000.00,0.00
64992489520453343,20130710,1000.00,1000.00,0,0,0.00,0.00,0.00,1000.00,0.00
64992489520453343,20130713,1000.00,1000.00,0,0,0.00,0.00,0.00,1000.00,0.00
64992489520453343,20130714,1000.00,1000.00,0,0,0.00,0.00,0.00,1000.00,0.00
64992489520453343,20130715,1000.00,1000.00,0,0,0.00,0.00,0.00,1000.00,0.00
64992489520453343,20130716,1000.00,1000.00,0,0,0.00,0.00,0.00,1000.00,0.00
64992489520453343,20130717,1000.00,1000.00,0,0,0.00,0.00,0.00,1000.00,0.00
64992489520453343,20130720,1000.00,1000.00,0,0,0.00,0.00,0.00,1000.00,0.00
64992489520453343,20130721,1000.00,1000.00,0,0,0.00,0.00,0.00,1000.00,0.00
64992489520453343,20130722,1000.00,1000.00,0,0,0.00,0.00,0.00,1000.00,0.00
64992489520453343,20130723,1000.00,1000.00,0,0,0.00,0.00,0.00,1000.00,0.00
64992489520453343,20130724,1000.00,1000.00,0,0,0.00,0.00,0.00,1000.00,0.00
64992489520453343,20130727,1000.00,1000.00,0,0,0.00,0.00,0.00,1000.00,0.00
64992489520453343,20130728,1000.00,1000.00,0,0,0.00,0.00,0.00,1000.00,0.00
64992489520453343,20130729,1000.00,1000.00,0,0,0.00,0.00,0.00,1000.00,0.00
64992489520453343,20130731,1000.00,1000.00,0,0,0.00,0.00,0.00,1000.00,0.00
64992489520453343,20130803,1000.00,1000.00,0,0,0.00,0.00,0.00,1000.00,0.00
64992489520453343,20130804,1000.00,1000.00,0,0,0.00,0.00,0.00,1000.00,0.00
64992489520453343,20130805,1000.00,1000.00,0,0,0.00,0.00,0.00,1000.00,0.00
64992489520453343,20130806,1000.00,1000.00,0,0,0.00,0.00,0.00,1000.00,0.00
64992489520453343,20130807,1000.00,1000.00,0,0,0.00,0.00,0.00,1000.00,0.00
64992489520453343,20130810,1000.00,1000.00,0,0,0.00,0.00,0.00,1000.00,0.00
64992489520453343,20130811,1000.00,1000.00,0,0,0.00,0.00,0.00,1000.00,0.00
64992489520453343,20130812,1000.00,1000.00,0,0,0.00,0.00,0.00,1000.00,0.00
64992489520453343,20130813,1000.00,1000.00,0,0,0.00,0.00,0.00,1000.00,0.00
64992489520453343,20130814,1000.00,1000.00,0,0,0.00,0.00,0.00,1000.00,0.00
64992489520453343,20130817,1000.00,1000.00,0,0,0.00,0.00,0.00,1000.00,0.00
64992489520453343,20130818,1000.00,1000.00,0,0,0.00,0.00,0.00,1000.00,0.00
64992489520453343,20130819,1000.00,1000.00,0,0,0.00,0.00,0.00,1000.00,0.00
64992489520453343,20130820,1000.00,1000.00,0,0,0.00,0.00,0.00,1000.00,0.00
64992489520453343,20130821,1000.00,1000.00,0,0,0.00,0.00,0.00,1000.00,0.00
64992489520453343,20130824,1000.00,1000.00,0,0,0.00,0.00,0.00,1000.00,0.00
64992489520453343,20130825,1000.00,1000.00,0,0,0.00,0.00,0.00,1000.00,0.00
64992489520453343,20130826,1000.00,1000.00,0,0,0.00,0.00,0.00,1000.00,0.00
64992489520453343,20130827,1000.00,1000.00,0,0,0.00,0.00,0.00,1000.00,0.00
64992489520453343,20130828,1000.00,1000.00,0,0,0.00,0.00,0.00,1000.00,0.00
64992489520453343,20130831,1000.00,1000.00,0,0,0.00,0.00,0.00,1000.00,0.00
64992489520453343,20130901,1000.00,1000.00,0,0,0.00,0.00,0.00,1000.00,0.00
64992489520453343,20130903,1000.00,1000.00,0,0,0.00,0.00,0.00,1000.00,0.00
64992489520453343,20130904,1000.00,1000.00,0,0,0.00,0.00,0.00,1000.00,0.00
64992489520453343,20130907,1000.00,1000.00,0,0,0.00,0.00,0.00,1000.00,0.00
64992489520453343,20130908,1000.00,1000.00,0,0,0.00,0.00,0.00,1000.00,0.00
64992489520453343,20130909,1000.00,1000.00,0,0,0.00,0.00,0.00,1000.00,0.00
64992489520453343,20130910,1000.00,1000.00,0,0,0.00,0.00,0.00,1000.00,0.00
64992489520453343,20130911,1000.00,1000.00,0,0,0.00,0.00,0.00,1000.00,0.00
64992489520453343,20130914,1000.00,1000.00,0,0,0.00,0.00,0.00,1000.00,0.00
64992489520453343,20130915,1000.00,1000.00,0,0,0.00,0.00,0.00,1000.00,0.00
64992489520453343,20130916,1000.00,1000.00,0,0,0.00,0.00,0.00,1000.00,0.00
64992489520453343,20130917,1000.00,1000.00,0,0,0.00,0.00,0.00,1000.00,0.00
64992489520453343,20130918,1000.00,1000.00,0,0,0.00,0.00,0.00,1000.00,0.00
64992489520453343,20130921,1000.00,1000.00,0,0,0.00,0.00,0.00,1000.00,0.00
64992489520453343,20130922,1000.00,1000.00,0,0,0.00,0.00,0.00,1000.00,0.00
64992489520453343,20130923,1000.00,1000.00,0,0,0.00,0.00,0.00,1000.00,0.00
64992489520453343,20130924,1000.00,1000.00,0,0,0.00,0.00,0.00,1000.00,0.00
64992489520453343,20130925,1000.00,1000.00,0,0,0.00,0.00,0.00,1000.00,0.00
64992489520453343,20130928,1000.00,1000.00,0,0,0.00,0.00,0.00,1000.00,0.00
64992489520453343,20130929,1000.00,1000.00,0,0,0.00,0.00,0.00,1000.00,0.00
64992489520453343,20130930,1000.00,1000.00,0,0,0.00,0.00,0.00,1000.00,0.00
64992489520453343,20131001,1000.00,1000.00,0,0,0.00,0.00,0.00,1000.00,0.00
64992489520453343,20131002,1000.00,1000.00,0,0,0.00,0.00,0.00,1000.00,0.00
64992489520453343,20131005,1000.00,1000.00,0,0,0.00,0.00,0.00,1000.00,0.00
64992489520453343,20131006,1000.00,1000.00,0,0,0.00,0.00,0.00,1000.00,0.00
64992489520453343,20131007,1000.00,1000.00,0,0,0.00,0.00,0.00,1000.00,0.00
64992489520453343,20131008,1000.00,1000.00,0,0,0.00,0.00,0.00,1000.00,0.00
64992489520453343,20131009,1000.00,1000.00,0,0,0.00,0.00,0.00,1000.00,0.00
64992489520453343,20131012,1000.00,1000.00,0,0,0.00,0.00,0.00,1000.00,0.00
64992489520453343,20131013,1000.00,1000.00,0,0,0.00,0.00,0.00,1000.00,0.00
64992489520453343,20131014,1000.00,1000.00,0,0,0.00,0.00,0.00,1000.00,0.00
64992489520453343,20131015,1000.00,1000.00,0,0,0.00,0.00,0.00,1000.00,0.00
64992489520453343,20131019,1000.00,1000.00,0,0,0.00,0.00,0.00,1000.00,0.00
64992489520453343,20131020,1000.00,1000.00,0,0,0.00,0.00,0.00,1000.00,0.00
64992489520453343,20131021,1000.00,1000.00,0,0,0.00,0.00,0.00,1000.00,0.00
64992489520453343,20131022,1000.00,1000.00,0,0,0.00,0.00,0.00,1000.00,0.00
64992489520453343,20131023,1000.00,1000.00,0,0,0.00,0.00,0.00,1000.00,0.00
64992489520453343,20131026,1000.00,1000.00,0,0,0.00,0.00,0.00,1000.00,0.00
64992489520453343,20131027,1000.00,1000.00,0,0,0.00,0.00,0.00,1000.00,0.00
64992489520453343,20131028,1000.00,1000.00,0,0,0.00,0.00,0.00,1000.00,0.00
64992489520453343,20131029,1000.00,1000.00,0,0,0.00,0.00,0.00,1000.00,0.00
64992489520453343,20131030,1000.00,1000.00,0,0,0.00,0.00,0.00,1000.00,0.00
64992489520453343,20131102,1000.00,1000.00,0,0,0.00,0.00,0.00,1000.00,0.00
64992489520453343,20131103,1000.00,1000.00,0,0,0.00,0.00,0.00,1000.00,0.00
64992489520453343,20131104,1000.00,1000.00,0,0,0.00,0.00,0.00,1000.00,0.00
64992489520453343,20131105,1000.00,1000.00,0,0,0.00,0.00,0.00,1000.00,0.00
64992489520453343,20131106,1000.00,1000.00,0,0,0.00,0.00,0.00,1000.00,0.00
64992489520453343,20131109,1000.00,1000.00,0,0,0.00,0.00,0.00,1000.00,0.00
64992489520453343,20131110,1000.00,1000.00,0,0,0.00,0.00,0.00,1000.00,0.00
64992489520453343,20131111,1000.00,1000.00,0,0,0.00,0.00,0.00,1000.00,0.00
64992489520453343,20131112,1000.00,1000.00,0,0,0.00,0.00,0.00,1000.00,0.00
64992489520453343,20131116,1000.00,1000.00,0,0,0.00,0.00,0.00,1000.00,0.00
64992489520453343,20131117,1000.00,1000.00,0,0,0.00,0.00,0.00,1000.00,0.00
64992489520453343,20131118,1000.00,1000.00,0,0,0.00,0.00,0.00,1000.00,0.00
64992489520453343,20131119,1000.00,1000.00,0,0,0.00,0.00,0.00,1000.00,0.00
64992489520453343,20131120,1000.00,1000.00,0,0,0.00,0.00,0.00,1000.00,0.00
64992489520453343,20131123,1000.00,1000.00,0,0,0.00,0.00,0.00,1000.00,0.00
64992489520453343,20131124,1000.00,1000.00,0,0,0.00,0.00,0.00,1000.00,0.00
64992489520453343,20131125,1000.00,1000.00,0,0,0.00,0.00,0.00,1000.00,0.00
64992489520453343,20131126,1000.00,1000.00,0,0,0.00,0.00,0.00,1000.00,0.00
64992489520453343,20131127,1000.00,1000.00,0,0,0.00,0.00,0.00,1000.00,0.00
64992489520453343,20131130,1000.00,1000.00,0,0,0.00,0.00,0.00,1000.00,0.00
64992489520453343,20131201,1000.00,1000.00,0,0,0.00,0.00,0.00,1000.00,0.00
64992489520453343,20131202,1000.00,1000.00,0,0,0.00,0.00,0.00,1000.00,0.00
64992489520453343,20131203,1000.00,1000.00,0,0,0.00,0.00,0.00,1000.00,0.00
64992489520453343,20131204,1000.00,1000.00,0,0,0.00,0.00,0.00,1000.00,0.00
64992489520453343,20131207,1000.00,1000.00,0,0,0.00,0.00,0.00,1000.00,0.00
64992489520453343,20131208,1000.00,1000.00,0,0,0.00,0.00,0.00,1000.00,0.00
64992489520453343,20131209,1000.00,1000.00,0,0,0.00,0.00,0.00,1000.00,0.00
64992489520453343,20131210,1000.00,1000.00,0,0,0.00,0.00,0.00,1000.00,0.00
64992489520453343,20131211,1000.00,1000.00,0,0,0.00,0.00,0.00,1000.00,0.00
64992489520453343,20131214,1000.00,1000.00,0,0,0.00,0.00,0.00,1000.00,0.00
64992489520453343,20131215,1000.00,1000.00,0,0,0.00,0.00,0.00,1000.00,0.00
64992489520453343,20131216,1000.00,1000.00,0,0,0.00,0.00,0.00,1000.00,0.00
64992489520453343,20131217,1000.00,1000.00,0,0,0.00,0.00,0.00,1000.00,0.00
64992489520453343,20131218,1000.00,1000.00,0,0,0.00,0.00,0.00,1000.00,0.00
64992489520453343,20131221,1000.00,1000.00,0,0,0.00,0.00,0.00,1000.00,0.00
64992489520453343,20131222,1000.00,1000.00,0,0,0.00,0.00,0.00,1000.00,0.00
64992489520453343,20131224,1000.00,1000.00,0,0,0.00,0.00,0.00,1000.00,0.00
64992489520453343,20131225,1000.00,1000.00,0,0,0.00,0.00,0.00,1000.00,0.00
64992489520453343,20131228,1000.00,1000.00,0,0,0.00,0.00,0.00,1000.00,0.00
64992489520453343,20131229,1000.00,1000.00,0,0,0.00,0.00,0.00,1000.00,0.00
64992489520453343,20131230,1000.00,1000.00,0,0,0.00,0.00,0.00,1000.00,0.00
64992489520453343,20140101,1000.00,1000.00,0,0,0.00,0.00,0.00,1000.00,0.00
64992489520453343,20140104,1000.00,1000.00,0,0,0.00,0.00,0.00,1000.00,0.00
64992489520453343,20140105,1000.00,1000.00,0,0,0.00,0.00,0.00,1000.00,0.00
64992489520453343,20140106,1000.00,1000.00,0,0,0.00,0.00,0.00,1000.00,0.00
64992489520453343,20140107,1000.00,1000.00,0,0,0.00,0.00,0.00,1000.00,0.00
64992489520453343,20140108,1000.00,1000.00,0,0,0.00,0.00,0.00,1000.00,0.00
64992489520453343,20140111,1000.00,1000.00,0,0,0.00,0.00,0.00,1000.00,0.00
64992489520453343,20140112,1000.00,1000.00,0,0,0.00,0.00,0.00,1000.00,0.00
64992489520453343,20140113,1000.00,1000.00,0,0,0.00,0.00,0.00,1000.00,0.00
64992489520453343,20140114,1000.00,1000.00,0,0,0.00,0.00,0.00,1000.00,0.00
64992489520453343,20140115,1000.00,1000.00,0,0,0.00,0.00,0.00,1000.00,0.00
64992489520453343,20140118,1000.00,1000.00,0,0,0.00,0.00,0.00,1000.00,0.00
64992489520453343,20140120,1000.00,1000.00,0,0,0.00,0.00,0.00,1000.00,0.00
64992489520453343,20140121,1000.00,1000.00,0,0,0.00,0.00,0.00,1000.00,0.00
64992489520453343,20140122,1000.00,1000.00,0,0,0.00,0.00,0.00,1000.00,0.00
64992489520453343,20140125,1000.00,1000.00,0,0,0.00,0.00,0.00,1000.00,0.00
64992489520453343,20140126,1000.00,1000.00,0,0,0.00,0.00,0.00,1000.00,0.00
64992489520453343,20140127,1000.00,1000.00,0,0,0.00,0.00,0.00,1000.00,0.00
64992489520453343,20140128,1000.00,1000.00,0,0,0.00,0.00,0.00,1000.00,0.00
64992489520453343,20140129,1000.00,1000.00,0,0,0.00,0.00,0.00,1000.00,0.00
64992489520453343,20140201,1000.00,1000.00,0,0,0.00,0.00,0.00,1000.00,0.00
64992489520453343,20140202,1000.00,1000.00,0,0,0.00,0.00,0.00,1000.00,0.00
64992489520453343,20140203,1000.00,1000.00,0,0,0.00,0.00,0.00,1000.00,0.00
64992489520453343,20140204,1000.00,1000.00,0,0,0.00,0.00,0.00,1000.00,0.00
64992489520453343,20140205,1000.00,1000.00,0,0,0.00,0.00,0.00,1000.00,0.00
64992489520453343,20140208,1000.00,1000.00,0,0,0.00,0.00,0.00,1000.00,0.00
64992489520453343,20140209,1000.00,1000.00,0,0,0.00,0.00,0.00,1000.00,0.00
64992489520453343,20140210,1000.00,1000.00,0,0,0.00,0.00,0.00,1000.00,0.00
64992489520453343,20140212,1000.00,1000.00,0,0,0.00,0.00,0.00,1000.00,0.00
64992489520453343,20140215,1000.00,1000.00,0,0,0.00,0.00,0.00,1000.00,0.00
64992489520453343,20140216,1000.00,1000.00,0,0,0.00,0.00,0.00,1000.00,0.00
64992489520453343,20140217,1000.00,1000.00,0,0,0.00,0.00,0.00,1000.00,0.00
64992489520453343,20140218,1000.00,1000.00,0,0,0.00,0.00,0.00,1000.00,0.00
64992489520453343,20140219,1000.00,1000.00,0,0,0.00,0.00,0.00,1000.00,0.00
64992489520453343,20140222,1000.00,1000.00,0,0,0.00,0.00,0.00,1000.00,0.00
64992489520453343,20140223,1000.00,1000.00,0,0,0.00,0.00,0.00,1000.00,0.00
64992489520453343,20140224,1000.00,1000.00,0,0,0.00,0.00,0.00,1000.00,0.00
64992489520453343,20140225,1000.00,1000.00,0,0,0.00,0.00,0.00,1000.00,0.00
64992489520453343,20140226,1000.00,1000.00,0,0,0.00,0.00,0.00,1000.00,0.00
64992489520453343,20140301,1000.00,1000.00,0,0,0.00,0.00,0.00,1000.00,0.00
64992489520453343,20140302,1000.00,1000.00,0,0,0.00,0.00,0.00,1000.00,0.00
64992489520453343,20140303,1000.00,1000.00,0,0,0.00,0.00,0.00,1000.00,0.00
64992489520453343,20140304,1000.00,1000.00,0,0,0.00,0.00,0.00,1000.00,0.00
64992489520453343,20140305,1000.00,1000.00,0,0,0.00,0.00,0.00,1000.00,0.00
64992489520453343,20140308,1000.00,1000.00,0,0,0.00,0.00,0.00,1000.00,0.00
64992489520453343,20140309,1000.00,1000.00,0,0,0.00,0.00,0.00,1000.00,0.00
64992489520453343,20140310,1000.00,1000.00,0,0,0.00,0.00,0.00,1000.00,0.00
64992489520453343,20140311,1000.00,1000.00,0,0,0.00,0.00,0.00,1000.00,0.00
64992489520453343,20140312,1000.00,1000.00,0,0,0.00,0.00,0.00,1000.00,0.00
64992489520453343,20140315,1000.00,1000.00,0,0,0.00,0.00,0.00,1000.00,0.00
64992489520453343,20140316,1000.00,1000.00,0,0,0.00,0.00,0.00,1000.00,0.00
64992489520453343,20140317,1000.00,1000.00,0,0,0.00,0.00,0.00,1000.00,0.00
64992489520453343,20140318,1000.00,1000.00,0,0,0.00,0.00,0.00,1000.00,0.00
64992489520453343,20140319,1000.00,1000.00,0,0,0.00,0.00,0.00,1000.00,0.00
64992489520453343,20140325,1000.00,1000.00,0,0,0.00,0.00,0.00,1000.00,0.00
64992489520453343,20140326,1000.00,1000.00,0,0,0.00,0.00,0.00,1000.00,0.00
64992489520453343,20140329,1000.00,1000.00,0,0,0.00,0.00,0.00,1000.00,0.00
64992489520453343,20140330,1000.00,1000.00,0,0,0.00,0.00,0.00,1000.00,0.00
64992489520453343,20140331,1000.00,1000.00,0,0,0.00,0.00,0.00,1000.00,0.00
64992489520453343,20140405,1000.00,1000.00,0,0,0.00,0.00,0.00,1000.00,0.00
64992489520453343,20140406,1000.00,1000.00,0,0,0.00,0.00,0.00,1000.00,0.00
64992489520453343,20140407,1000.00,1000.00,0,0,0.00,0.00,0.00,1000.00,0.00
64992489520453343,20140408,1000.00,1000.00,0,0,0.00,0.00,0.00,1000.00,0.00
64992489520453343,20140409,1000.00,1000.00,0,0,0.00,0.00,0.00,1000.00,0.00
64992489520453343,20140412,1000.00,1000.00,0,0,0.00,0.00,0.00,1000.00,0.00
64992489520453343,20140413,1000.00,1000.00,0,0,0.00,0.00,0.00,1000.00,0.00
64992489520453343,20140414,1000.00,1000.00,0,0,0.00,0.00,0.00,1000.00,0.00
64992489520453343,20140415,1000.00,1000.00,0,0,0.00,0.00,0.00,1000.00,0.00
64992489520453343,20140416,1000.00,1000.00,0,0,0.00,0.00,0.00,1000.00,0.00
64992489520453343,20140419,1000.00,1000.00,0,0,0.00,0.00,0.00,1000.00,0.00
64992489520453343,20140420,1000.00,1000.00,0,0,0.00,0.00,0.00,1000.00,0.00
64992489520453343,20140421,1000.00,1000.00,0,0,0.00,0.00,0.00,1000.00,0.00
64992489520453343,20140422,1000.00,1000.00,0,0,0.00,0.00,0.00,1000.00,0.00
64992489520453343,20140423,1000.00,1000.00,0,0,0.00,0.00,0.00,1000.00,0.00
64992489520453343,20140426,1000.00,1000.00,0,0,0.00,0.00,0.00,1000.00,0.00
64992489520453343,20140427,1000.00,1000.00,0,0,0.00,0.00,0.00,1000.00,0.00
64992489520453343,20140428,1000.00,1000.00,0,0,0.00,0.00,0.00,1000.00,0.00
64992489520453343,20140429,1000.00,1000.00,0,0,0.00,0.00,0.00,1000.00,0.00
64992489520453343,20140430,1000.00,1000.00,0,0,0.00,0.00,0.00,1000.00,0.00
64992489520453343,20140503,1000.00,1000.00,0,0,0.00,0.00,0.00,1000.00,0.00
64992489520453343,20140504,1000.00,1000.00,0,0,0.00,0.00,0.00,1000.00,0.00
64992489520453343,20140505,1000.00,1000.00,0,0,0.00,0.00,0.00,1000.00,0.00
64992489520453343,20140506,1000.00,1000.00,0,0,0.00,0.00,0.00,1000.00,0.00
64992489520453343,20140507,1000.00,1000.00,0,0,0.00,0.00,0.00,1000.00,0.00
64992489520453343,20140510,1000.00,1000.00,0,0,0.00,0.00,0.00,1000.00,0.00
64992489520453343,20140511,1000.00,1000.00,0,0,0.00,0.00,0.00,1000.00,0.00
64992489520453343,20140512,1000.00,1000.00,0,0,0.00,0.00,0.00,1000.00,0.00
64992489520453343,20140514,1000.00,1000.00,0,0,0.00,0.00,0.00,1000.00,0.00
64992489520453343,20140517,1000.00,1000.00,0,0,0.00,0.00,0.00,1000.00,0.00
64992489520453343,20140518,1000.00,1000.00,0,0,0.00,0.00,0.00,1000.00,0.00
64992489520453343,20140519,1000.00,1000.00,0,0,0.00,0.00,0.00,1000.00,0.00
64992489520453343,20140520,1000.00,1000.00,0,0,0.00,0.00,0.00,1000.00,0.00
64992489520453343,20140521,1000.00,1000.00,0,0,0.00,0.00,0.00,1000.00,0.00
64992489520453343,20140524,1000.00,1000.00,0,0,0.00,0.00,0.00,1000.00,0.00
64992489520453343,20140525,1000.00,1000.00,0,0,0.00,0.00,0.00,1000.00,0.00
64992489520453343,20140526,1000.00,1000.00,0,0,0.00,0.00,0.00,1000.00,0.00
64992489520453343,20140528,1000.00,1000.00,0,0,0.00,0.00,0.00,1000.00,0.00
64992489520453343,20140531,1000.00,1000.00,0,0,0.00,0.00,0.00,1000.00,0.00
64992489520453343,20140601,1000.00,1000.00,0,0,0.00,0.00,0.00,1000.00,0.00
64992489520453343,20140602,1000.00,1000.00,0,0,0.00,0.00,0.00,1000.00,0.00
64992489520453343,20140603,1000.00,1000.00,0,0,0.00,0.00,0.00,1000.00,0.00
64992489520453343,20140607,1000.00,1000.00,0,0,0.00,0.00,0.00,1000.00,0.00
64992489520453343,20140608,1000.00,1000.00,0,0,0.00,0.00,0.00,1000.00,0.00
64992489520453343,20140609,1000.00,1000.00,0,0,0.00,0.00,0.00,1000.00,0.00
64992489520453343,20140610,1000.00,1000.00,0,0,0.00,0.00,0.00,1000.00,0.00
64992489520453343,20140611,1000.00,1000.00,0,0,0.00,0.00,0.00,1000.00,0.00
64992489520453343,20140614,1000.00,1000.00,0,0,0.00,0.00,0.00,1000.00,0.00
64992489520453343,20140615,1000.00,1000.00,0,0,0.00,0.00,0.00,1000.00,0.00
64992489520453343,20140616,1000.00,1000.00,0,0,0.00,0.00,0.00,1000.00,0.00
64992489520453343,20140617,1000.00,1000.00,0,0,0.00,0.00,0.00,1000.00,0.00
64992489520453343,20140618,1000.00,1000.00,0,0,0.00,0.00,0.00,1000.00,0.00
64992489520453343,20140621,1000.00,1000.00,0,0,0.00,0.00,0.00,1000.00,0.00
64992489520453343,20140622,1000.00,1000.00,0,0,0.00,0.00,0.00,1000.00,0.00
64992489520453343,20140623,1000.00,1000.00,0,0,0.00,0.00,0.00,1000.00,0.00
64992489520453343,20140624,1000.00,1000.00,0,0,0.00,0.00,0.00,1000.00,0.00
64992489520453343,20140625,1000.00,1000.00,0,0,0.00,0.00,0.00,1000.00,0.00
64992489520453343,20140628,1000.00,1000.00,0,0,0.00,0.00,0.00,1000.00,0.00
64992489520453343,20140629,1000.00,1000.00,0,0,0.00,0.00,0.00,1000.00,0.00
64992489520453343,20140630,1000.00,1000.00,0,0,0.00,0.00,0.00,1000.00,0.00
64992489520453343,20140701,1000.00,1000.00,0,0,0.00,0.00,0.00,1000.00,0.00
64992489520453343,20140702,1000.00,1000.00,0,0,0.00,0.00,0.00,1000.00,0.00
64992489520453343,20140705,1000.00,1000.00,0,0,0.00,0.00,0.00,1000.00,0.00
64992489520453343,20140706,1000.00,1000.00,0,0,0.00,0.00,0.00,1000.00,0.00
64992489520453343,20140707,1000.00,1000.00,0,0,0.00,0.00,0.00,1000.00,0.00
64992489520453343,20140708,1000.00,1000.00,0,0,0.00,0.00,0.00,1000.00,0.00
64992489520453343,20140709,1000.00,1000.00,0,0,0.00,0.00,0.00,1000.00,0.00
64992489520453343,20140712,1000.00,1000.00,0,0,0.00,0.00,0.00,1000.00,0.00
64992489520453343,20140713,1000.00,1000.00,0,0,0.00,0.00,0.00,1000.00,0.00
64992489520453343,20140714,1000.00,1000.00,0,0,0.00,0.00,0.00,1000.00,0.00
64992489520453343,20140715,1000.00,1000.00,0,0,0.00,0.00,0.00,1000.00,0.00
64992489520453343,20140716,1000.00,1000.00,0,0,0.00,0.00,0.00,1000.00,0.00
64992489520453343,20140720,1000.00,1000.00,0,0,0.00,0.00,0.00,1000.00,0.00
64992489520453343,20140721,1000.00,1000.00,0,0,0.00,0.00,0.00,1000.00,0.00
64992489520453343,20140722,1000.00,1000.00,0,0,0.00,0.00,0.00,1000.00,0.00
64992489520453343,20140723,1000.00,1000.00,0,0,0.00,0.00,0.00,1000.00,0.00
64992489520453343,20140726,1000.00,1000.00,0,0,0.00,0.00,0.00,1000.00,0.00
64992489520453343,20140727,1000.00,1000.00,0,0,0.00,0.00,0.00,1000.00,0.00
64992489520453343,20140728,1000.00,1000.00,0,0,0.00,0.00,0.00,1000.00,0.00
64992489520453343,20140802,1000.00,1000.00,0,0,0.00,0.00,0.00,1000.00,0.00
64992489520453343,20140803,1000.00,1000.00,0,0,0.00,0.00,0.00,1000.00,0.00
64992489520453343,20140804,1000.00,1000.00,0,0,0.00,0.00,0.00,1000.00,0.00
64992489520453343,20140805,1000.00,1000.00,0,0,0.00,0.00,0.00,1000.00,0.00
64992489520453343,20140806,1000.00,1000.00,0,0,0.00,0.00,0.00,1000.00,0.00
64992489520453343,20140809,1000.00,1000.00,0,0,0.00,0.00,0.00,1000.00,0.00
64992489520453343,20140810,1000.00,1000.00,0,0,0.00,0.00,0.00,1000.00,0.00
64992489520453343,20140811,1000.00,1000.00,0,0,0.00,0.00,0.00,1000.00,0.00
64992489520453343,20140812,1000.00,1000.00,0,0,0.00,0.00,0.00,1000.00,0.00
64992489520453343,20140813,1000.00,1000.00,0,0,0.00,0.00,0.00,1000.00,0.00
64992489520453343,20140816,1000.00,1000.00,0,0,0.00,0.00,0.00,1000.00,0.00
64992489520453343,20140817,1000.00,1000.00,0,0,0.00,0.00,0.00,1000.00,0.00
64992489520453343,20140818,1000.00,1000.00,0,0,0.00,0.00,0.00,1000.00,0.00
64992489520453343,20140819,1000.00,1000.00,0,0,0.00,0.00,0.00,1000.00,0.00
64992489520453343,20140820,1000.00,1000.00,0,0,0.00,0.00,0.00,1000.00,0.00
64992489520453343,20140823,1000.00,1000.00,0,0,0.00,0.00,0.00,1000.00,0.00
64992489520453343,20140824,1000.00,1000.00,0,0,0.00,0.00,0.00,1000.00,0.00
64992489520453343,20140825,1000.00,1000.00,0,0,0.00,0.00,0.00,1000.00,0.00
64992489520453343,20140826,1000.00,1000.00,0,0,0.00,0.00,0.00,1000.00,0.00
64992489520453343,20140827,1000.00,1000.00,0,0,0.00,0.00,0.00,1000.00,0.00
64992489520453343,20140830,1000.00,1000.00,0,0,0.00,0.00,0.00,1000.00,0.00
64992489520453343,20140831,1000.00,1000.00,0,0,0.00,0.00,0.00,1000.00,0.00
64992489520453343,20140901,1000.00,1000.00,0,0,0.00,0.00,0.00,1000.00,0.00
64992489520453343,20140902,1000.00,1000.00,0,0,0.00,0.00,0.00,1000.00,0.00
64992489520453343,20140903,1000.00,1000.00,0,0,0.00,0.00,0.00,1000.00,0.00
64992489520453343,20140906,1000.00,1000.00,0,0,0.00,0.00,0.00,1000.00,0.00
64992489520453343,20140907,1000.00,1000.00,0,0,0.00,0.00,0.00,1000.00,0.00
64992489520453343,20140908,1000.00,1000.00,0,0,0.00,0.00,0.00,1000.00,0.00
64992489520453343,20140909,1000.00,1000.00,0,0,0.00,0.00,0.00,1000.00,0.00
64992489520453343,20140910,1000.00,1000.00,0,0,0.00,0.00,0.00,1000.00,0.00
64992489520453343,20140913,1000.00,1000.00,0,0,0.00,0.00,0.00,1000.00,0.00
64992489520453343,20140914,1000.00,1000.00,0,0,0.00,0.00,0.00,1000.00,0.00
64992489520453343,20140915,1000.00,1000.00,0,0,0.00,0.00,0.00,1000.00,0.00
64992489520453343,20140916,1000.00,1000.00,0,0,0.00,0.00,0.00,1000.00,0.00
64992489520453343,20140917,1000.00,1000.00,0,0,0.00,0.00,0.00,1000.00,0.00
64992489520453343,20140920,1000.00,1000.00,0,0,0.00,0.00,0.00,1000.00,0.00
64992489520453343,20140921,1000.00,1000.00,0,0,0.00,0.00,0.00,1000.00,0.00
64992489520453343,20140922,1000.00,1000.00,0,0,0.00,0.00,0.00,1000.00,0.00
64992489520453343,20140923,1000.00,1000.00,0,0,0.00,0.00,0.00,1000.00,0.00
64992489520453343,20140924,1000.00,1000.00,0,0,0.00,0.00,0.00,1000.00,0.00
64992489520453343,20140927,1000.00,1000.00,0,0,0.00,0.00,0.00,1000.00,0.00
64992489520453343,20140928,1000.00,1000.00,0,0,0.00,0.00,0.00,1000.00,0.00
64992489520453343,20140929,1000.00,1000.00,0,0,0.00,0.00,0.00,1000.00,0.00
64992489520453343,20140930,1000.00,1000.00,0,0,0.00,0.00,0.00,1000.00,0.00
64992489520453343,20141001,1000.00,1000.00,0,0,0.00,0.00,0.00,1000.00,0.00
64992489520453343,20141004,1000.00,1000.00,0,0,0.00,0.00,0.00,1000.00,0.00
64992489520453343,20141006,1000.00,1000.00,0,0,0.00,0.00,0.00,1000.00,0.00
64992489520453343,20141007,1000.00,1000.00,0,0,0.00,0.00,0.00,1000.00,0.00
64992489520453343,20141008,1000.00,1000.00,0,0,0.00,0.00,0.00,1000.00,0.00
64992489520453343,20141011,1000.00,1000.00,0,0,0.00,0.00,0.00,1000.00,0.00
64992489520453343,20141012,1000.00,1000.00,0,0,0.00,0.00,0.00,1000.00,0.00
64992489520453343,20141014,1000.00,1000.00,0,0,0.00,0.00,0.00,1000.00,0.00
64992489520453343,20141015,1000.00,1000.00,0,0,0.00,0.00,0.00,1000.00,0.00
64992489520453343,20141018,1000.00,1000.00,0,0,0.00,0.00,0.00,1000.00,0.00
64992489520453343,20141019,1000.00,1000.00,0,0,0.00,0.00,0.00,1000.00,0.00
64992489520453343,20141020,1000.00,1000.00,0,0,0.00,0.00,0.00,1000.00,0.00
64992489520453343,20141021,1000.00,1000.00,0,0,0.00,0.00,0.00,1000.00,0.00
64992489520453343,20141022,1000.00,1000.00,0,0,0.00,0.00,0.00,1000.00,0.00
64992489520453343,20141025,1000.00,1000.00,0,0,0.00,0.00,0.00,1000.00,0.00
64992489520453343,20141026,1000.00,1000.00,0,0,0.00,0.00,0.00,1000.00,0.00
64992489520453343,20141027,1000.00,1000.00,0,0,0.00,0.00,0.00,1000.00,0.00
64992489520453343,20141028,1000.00,1000.00,0,0,0.00,0.00,0.00,1000.00,0.00
64992489520453343,20141029,1000.00,1000.00,0,0,0.00,0.00,0.00,1000.00,0.00
64992489520453343,20141101,1000.00,1000.00,0,0,0.00,0.00,0.00,1000.00,0.00
64992489520453343,20141102,1000.00,1000.00,0,0,0.00,0.00,0.00,1000.00,0.00
64992489520453343,20141105,1000.00,1000.00,0,0,0.00,0.00,0.00,1000.00,0.00
64992489520453343,20141108,1000.00,1000.00,0,0,0.00,0.00,0.00,1000.00,0.00
64992489520453343,20141109,1000.00,1000.00,0,0,0.00,0.00,0.00,1000.00,0.00
64992489520453343,20141110,1000.00,1000.00,0,0,0.00,0.00,0.00,1000.00,0.00
64992489520453343,20141111,1000.00,1000.00,0,0,0.00,0.00,0.00,1000.00,0.00
64992489520453343,20141112,1000.00,1000.00,0,0,0.00,0.00,0.00,1000.00,0.00
64992489520453343,20141115,1000.00,1000.00,0,0,0.00,0.00,0.00,1000.00,0.00
64992489520453343,20141116,1000.00,1000.00,0,0,0.00,0.00,0.00,1000.00,0.00
64992489520453343,20141117,1000.00,1000.00,0,0,0.00,0.00,0.00,1000.00,0.00
64992489520453343,20141118,1000.00,1000.00,0,0,0.00,0.00,0.00,1000.00,0.00
64992489520453343,20141119,1000.00,1000.00,0,0,0.00,0.00,0.00,1000.00,0.00
64992489520453343,20141122,1000.00,1000.00,0,0,0.00,0.00,0.00,1000.00,0.00
64992489520453343,20141123,1000.00,1000.00,0,0,0.00,0.00,0.00,1000.00,0.00
64992489520453343,20141124,1000.00,1000.00,0,0,0.00,0.00,0.00,1000.00,0.00
64992489520453343,20141125,1000.00,1000.00,0,0,0.00,0.00,0.00,1000.00,0.00
64992489520453343,20141126,1000.00,1000.00,0,0,0.00,0.00,0.00,1000.00,0.00
64992489520453343,20141129,1000.00,1000.00,0,0,0.00,0.00,0.00,1000.00,0.00
64992489520453343,20141130,1000.00,1000.00,0,0,0.00,0.00,0.00,1000.00,0.00
64992489520453343,20141201,1000.00,1000.00,0,0,0.00,0.00,0.00,1000.00,0.00
64992489520453343,20141202,1000.00,1000.00,0,0,0.00,0.00,0.00,1000.00,0.00
64992489520453343,20141203,1000.00,1000.00,0,0,0.00,0.00,0.00,1000.00,0.00
64992489520453343,20141206,1000.00,1000.00,0,0,0.00,0.00,0.00,1000.00,0.00
64992489520453343,20141207,1000.00,1000.00,0,0,0.00,0.00,0.00,1000.00,0.00
64992489520453343,20141208,1000.00,1000.00,0,0,0.00,0.00,0.00,1000.00,0.00
64992489520453343,20141209,1000.00,1000.00,0,0,0.00,0.00,0.00,1000.00,0.00
64992489520453343,20141210,1000.00,1000.00,0,0,0.00,0.00,0.00,1000.00,0.00
64992489520453343,20141214,1000.00,1000.00,0,0,0.00,0.00,0.00,1000.00,0.00
64992489520453343,20141215,1000.00,1000.00,0,0,0.00,0.00,0.00,1000.00,0.00
64992489520453343,20141216,1000.00,1000.00,0,0,0.00,0.00,0.00,1000.00,0.00
64992489520453343,20141217,1000.00,1000.00,0,0,0.00,0.00,0.00,1000.00,0.00
64992489520453343,20141220,1000.00,1000.00,0,0,0.00,0.00,0.00,1000.00,0.00
64992489520453343,20141222,1000.00,1000.00,0,0,0.00,0.00,0.00,1000.00,0.00
64992489520453343,20141224,1000.00,1000.00,0,0,0.00,0.00,0.00,1000.00,0.00
64992489520453343,20141227,1000.00,1000.00,0,0,0.00,0.00,0.00,1000.00,0.00
64992489520453343,20141228,1000.00,1000.00,0,0,0.00,0.00,0.00,1000.00,0.00
64992489520453343,20141229,1000.00,1000.00,0,0,0.00,0.00,0.00,1000.00,0.00
64992489520453343,20141230,1000.00,1000.00,0,0,0.00,0.00,0.00,1000.00,0.00
64992489520453343,20141231,1000.00,1000.00,0,0,0.00,0.00,0.00,1000.00,0.00
64992489520453343,20150103,1000.00,1000.00,0,0,0.00,0.00,0.00,1000.00,0.00
64992489520453343,20150104,1000.00,1000.00,0,0,0.00,0.00,0.00,1000.00,0.00
64992489520453343,20150105,1000.00,1000.00,0,0,0.00,0.00,0.00,1000.00,0.00
64992489520453343,20150106,1000.00,1000.00,0,0,0.00,0.00,0.00,1000.00,0.00
64992489520453343,20150107,1000.00,1000.00,0,0,0.00,0.00,0.00,1000.00,0.00
64992489520453343,20150110,1000.00,1000.00,0,0,0.00,0.00,0.00,1000.00,0.00
64992489520453343,20150111,1000.00,1000.00,0,0,0.00,0.00,0.00,1000.00,0.00
64992489520453343,20150112,1000.00,1000.00,0,0,0.00,0.00,0.00,1000.00,0.00
64992489520453343,20150113,1000.00,1000.00,0,0,0.00,0.00,0.00,1000.00,0.00
64992489520453343,20150114,1000.00,1000.00,0,0,0.00,0.00,0.00,1000.00,0.00
64992489520453343,20150117,1000.00,1000.00,0,0,0.00,0.00,0.00,1000.00,0.00
64992489520453343,20150118,1000.00,1000.00,0,0,0.00,0.00,0.00,1000.00,0.00
64992489520453343,20150119,1000.00,1000.00,0,0,0.00,0.00,0.00,1000.00,0.00
64992489520453343,20150120,1000.00,1000.00,0,0,0.00,0.00,0.00,1000.00,0.00
64992489520453343,20150121,1000.00,1000.00,0,0,0.00,0.00,0.00,1000.00,0.00
64992489520453343,20150124,1000.00,1000.00,0,0,0.00,0.00,0.00,1000.00,0.00
64992489520453343,20150125,1000.00,1000.00,0,0,0.00,0.00,0.00,1000.00,0.00
64992489520453343,20150126,1000.00,1000.00,0,0,0.00,0.00,0.00,1000.00,0.00
64992489520453343,20150127,1000.00,1000.00,0,0,0.00,0.00,0.00,1000.00,0.00
64992489520453343,20150128,1000.00,1000.00,0,0,0.00,0.00,0.00,1000.00,0.00
64992489520453343,20150131,1000.00,1000.00,0,0,0.00,0.00,0.00,1000.00,0.00
64992489520453343,20150201,1000.00,1000.00,0,0,0.00,0.00,0.00,1000.00,0.00
64992489520453343,20150202,1000.00,1000.00,0,0,0.00,0.00,0.00,1000.00,0.00
64992489520453343,20150203,1000.00,1000.00,0,0,0.00,0.00,0.00,1000.00,0.00
64992489520453343,20150204,1000.00,1000.00,0,0,0.00,0.00,0.00,1000.00,0.00
64992489520453343,20150207,1000.00,1000.00,0,0,0.00,0.00,0.00,1000.00,0.00
64992489520453343,20150208,1000.00,1000.00,0,0,0.00,0.00,0.00,1000.00,0.00
64992489520453343,20150209,1000.00,1000.00,0,0,0.00,0.00,0.00,1000.00,0.00
64992489520453343,20150210,1000.00,1000.00,0,0,0.00,0.00,0.00,1000.00,0.00
64992489520453343,20150214,1000.00,1000.00,0,0,0.00,0.00,0.00,1000.00,0.00
64992489520453343,20150215,1000.00,1000.00,0,0,0.00,0.00,0.00,1000.00,0.00
64992489520453343,20150216,1000.00,1000.00,0,0,0.00,0.00,0.00,1000.00,0.00
64992489520453343,20150217,1000.00,1000.00,0,0,0.00,0.00,0.00,1000.00,0.00
64992489520453343,20150218,1000.00,1000.00,0,0,0.00,0.00,0.00,1000.00,0.00
64992489520453343,20150221,1000.00,1000.00,0,0,0.00,0.00,0.00,1000.00,0.00
64992489520453343,20150222,1000.00,1000.00,0,0,0.00,0.00,0.00,1000.00,0.00
64992489520453343,20150223,1000.00,1000.00,0,0,0.00,0.00,0.00,1000.00,0.00
64992489520453343,20150224,1000.00,1000.00,0,0,0.00,0.00,0.00,1000.00,0.00
64992489520453343,20150225,1000.00,1000.00,0,0,0.00,0.00,0.00,1000.00,0.00
64992489520453343,20150228,1000.00,1000.00,0,0,0.00,0.00,0.00,1000.00,0.00
64992489520453343,20150301,1000.00,1000.00,0,0,0.00,0.00,0.00,1000.00,0.00
64992489520453343,20150302,1000.00,1000.00,0,0,0.00,0.00,0.00,1000.00,0.00
64992489520453343,20150303,1000.00,1000.00,0,0,0.00,0.00,0.00,1000.00,0.00
64992489520453343,20150304,1000.00,1000.00,0,0,0.00,0.00,0.00,1000.00,0.00
64992489520453343,20150307,1000.00,1000.00,0,0,0.00,0.00,0.00,1000.00,0.00
64992489520453343,20150308,1000.00,1000.00,0,0,0.00,0.00,0.00,1000.00,0.00
64992489520453343,20150309,1000.00,1000.00,0,0,0.00,0.00,0.00,1000.00,0.00
64992489520453343,20150310,1000.00,1000.00,0,0,0.00,0.00,0.00,1000.00,0.00
64992489520453343,20150311,1000.00,1000.00,0,0,0.00,0.00,0.00,1000.00,0.00
64992489520453343,20150314,1000.00,1000.00,0,0,0.00,0.00,0.00,1000.00,0.00
64992489520453343,20150315,1000.00,1000.00,0,0,0.00,0.00,0.00,1000.00,0.00
64992489520453343,20150316,1000.00,1000.00,0,0,0.00,0.00,0.00,1000.00,0.00
64992489520453343,20150317,1000.00,1000.00,0,0,0.00,0.00,0.00,1000.00,0.00
64992489520453343,20150318,1000.00,1000.00,0,0,0.00,0.00,0.00,1000.00,0.00
64992489520453343,20150325,1000.00,1000.00,0,0,0.00,0.00,0.00,1000.00,0.00
64992489520453343,20150328,1000.00,1000.00,0,0,0.00,0.00,0.00,1000.00,0.00
64992489520453343,20150329,1000.00,1000.00,0,0,0.00,0.00,0.00,1000.00,0.00
64992489520453343,20150330,1000.00,1000.00,0,0,0.00,0.00,0.00,1000.00,0.00
64992489520453343,20150331,1000.00,1000.00,0,0,0.00,0.00,0.00,1000.00,0.00
64992489520453343,20150404,1000.00,1000.00,0,0,0.00,0.00,0.00,1000.00,0.00
64992489520453343,20150405,1000.00,1000.00,0,0,0.00,0.00,0.00,1000.00,0.00
64992489520453343,20150406,1000.00,1000.00,0,0,0.00,0.00,0.00,1000.00,0.00
64992489520453343,20150407,1000.00,1000.00,0,0,0.00,0.00,0.00,1000.00,0.00
64992489520453343,20150408,1000.00,1000.00,0,0,0.00,0.00,0.00,1000.00,0.00
64992489520453343,20150411,1000.00,1000.00,0,0,0.00,0.00,0.00,1000.00,0.00
64992489520453343,20150412,1000.00,1000.00,0,0,0.00,0.00,0.00,1000.00,0.00
64992489520453343,20150413,1000.00,1000.00,0,0,0.00,0.00,0.00,1000.00,0.00
64992489520453343,20150414,1000.00,1000.00,0,0,0.00,0.00,0.00,1000.00,0.00
64992489520453343,20150415,1000.00,1000.00,0,0,0.00,0.00,0.00,1000.00,0.00
64992489520453343,20150418,1000.00,1000.00,0,0,0.00,0.00,0.00,1000.00,0.00
64992489520453343,20150419,1000.00,1000.00,0,0,0.00,0.00,0.00,1000.00,0.00
64992489520453343,20150420,1000.00,1000.00,0,0,0.00,0.00,0.00,1000.00,0.00
64992489520453343,20150421,1000.00,1000.00,0,0,0.00,0.00,0.00,1000.00,0.00
64992489520453343,20150422,1000.00,1000.00,0,0,0.00,0.00,0.00,1000.00,0.00
64992489520453343,20150425,1000.00,1000.00,0,0,0.00,0.00,0.00,1000.00,0.00
64992489520453343,20150426,1000.00,1000.00,0,0,0.00,0.00,0.00,1000.00,0.00
64992489520453343,20150427,1000.00,1000.00,0,0,0.00,0.00,0.00,1000.00,0.00
64992489520453343,20150428,1000.00,1000.00,0,0,0.00,0.00,0.00,1000.00,0.00
64992489520453343,20150429,1000.00,1000.00,0,0,0.00,0.00,0.00,1000.00,0.00
64992489520453343,20150503,1000.00,1000.00,0,0,0.00,0.00,0.00,1000.00,0.00
64992489520453343,20150504,1000.00,1000.00,0,0,0.00,0.00,0.00,1000.00,0.00
64992489520453343,20150505,1000.00,1000.00,0,0,0.00,0.00,0.00,1000.00,0.00
64992489520453343,20150506,1000.00,1000.00,0,0,0.00,0.00,0.00,1000.00,0.00
64992489520453343,20150509,1000.00,1000.00,0,0,0.00,0.00,0.00,1000.00,0.00
64992489520453343,20150510,1000.00,1000.00,0,0,0.00,0.00,0.00,1000.00,0.00
64992489520453343,20150511,1000.00,1000.00,0,0,0.00,0.00,0.00,1000.00,0.00
64992489520453343,20150512,1000.00,1000.00,0,0,0.00,0.00,0.00,1000.00,0.00
64992489520453343,20150513,1000.00,1000.00,0,0,0.00,0.00,0.00,1000.00,0.00
64992489520453343,20150517,1000.00,1000.00,0,0,0.00,0.00,0.00,1000.00,0.00
64992489520453343,20150518,1000.00,1000.00,0,0,0.00,0.00,0.00,1000.00,0.00
64992489520453343,20150519,1000.00,1000.00,0,0,0.00,0.00,0.00,1000.00,0.00
64992489520453343,20150520,1000.00,1000.00,0,0,0.00,0.00,0.00,1000.00,0.00
64992489520453343,20150523,1000.00,1000.00,0,0,0.00,0.00,0.00,1000.00,0.00
64992489520453343,20150524,1000.00,1000.00,0,0,0.00,0.00,0.00,1000.00,0.00
64992489520453343,20150525,1000.00,1000.00,0,0,0.00,0.00,0.00,1000.00,0.00
64992489520453343,20150526,1000.00,1000.00,0,0,0.00,0.00,0.00,1000.00,0.00
64992489520453343,20150527,1000.00,1000.00,0,0,0.00,0.00,0.00,1000.00,0.00
64992489520453343,20150530,1000.00,1000.00,0,0,0.00,0.00,0.00,1000.00,0.00
64992489520453343,20150531,1000.00,1000.00,0,0,0.00,0.00,0.00,1000.00,0.00
64992489520453343,20150601,1000.00,1000.00,0,0,0.00,0.00,0.00,1000.00,0.00
64992489520453343,20150602,1000.00,1000.00,0,0,0.00,0.00,0.00,1000.00,0.00
64992489520453343,20150606,1000.00,1000.00,0,0,0.00,0.00,0.00,1000.00,0.00
64992489520453343,20150607,1000.00,1000.00,0,0,0.00,0.00,0.00,1000.00,0.00
64992489520453343,20150608,1000.00,1000.00,0,0,0.00,0.00,0.00,1000.00,0.00
64992489520453343,20150609,1000.00,1000.00,0,0,0.00,0.00,0.00,1000.00,0.00
64992489520453343,20150610,1000.00,1000.00,0,0,0.00,0.00,0.00,1000.00,0.00
64992489520453343,20150613,1000.00,1000.00,0,0,0.00,0.00,0.00,1000.00,0.00
64992489520453343,20150614,1000.00,1000.00,0,0,0.00,0.00,0.00,1000.00,0.00
64992489520453343,20150615,1000.00,1000.00,0,0,0.00,0.00,0.00,1000.00,0.00
64992489520453343,20150616,1000.00,1000.00,0,0,0.00,0.00,0.00,1000.00,0.00
64992489520453343,20150617,1000.00,1000.00,0,0,0.00,0.00,0.00,1000.00,0.00
64992489520453343,20150620,1000.00,1000.00,0,0,0.00,0.00,0.00,1000.00,0.00
64992489520453343,20150621,1000.00,1000.00,0,0,0.00,0.00,0.00,1000.00,0.00
64992489520453343,20150622,1000.00,1000.00,0,0,0.00,0.00,0.00,1000.00,0.00
64992489520453343,20150623,1000.00,1000.00,0,0,0.00,0.00,0.00,1000.00,0.00
64992489520453343,20150624,1000.00,1000.00,0,0,0.00,0.00,0.00,1000.00,0.00
64992489520453343,20150627,1000.00,1000.00,0,0,0.00,0.00,0.00,1000.00,0.00
64992489520453343,20150628,1000.00,1000.00,0,0,0.00,0.00,0.00,1000.00,0.00
64992489520453343,20150629,1000.00,1000.00,0,0,0.00,0.00,0.00,1000.00,0.00
64992489520453343,20150630,1000.00,1000.00,0,0,0.00,0.00,0.00,1000.00,0.00
64992489520453343,20150701,1000.00,1000.00,0,0,0.00,0.00,0.00,1000.00,0.00
64992489520453343,20150704,1000.00,1000.00,0,0,0.00,0.00,0.00,1000.00,0.00
64992489520453343,20150705,1000.00,1000.00,0,0,0.00,0.00,0.00,1000.00,0.00
64992489520453343,20150706,1000.00,1000.00,0,0,0.00,0.00,0.00,1000.00,0.00
64992489520453343,20150707,1000.00,1000.00,0,0,0.00,0.00,0.00,1000.00,0.00
64992489520453343,20150711,1000.00,1000.00,0,0,0.00,0.00,0.00,1000.00,0.00
64992489520453343,20150712,1000.00,1000.00,0,0,0.00,0.00,0.00,1000.00,0.00
64992489520453343,20150713,1000.00,1000.00,0,0,0.00,0.00,0.00,1000.00,0.00
64992489520453343,20150714,1000.00,1000.00,0,0,0.00,0.00,0.00,1000.00,0.00
64992489520453343,20150715,1000.00,1000.00,0,0,0.00,0.00,0.00,1000.00,0.00
64992489520453343,20150719,1000.00,1000.00,0,0,0.00,0.00,0.00,1000.00,0.00
64992489520453343,20150720,1000.00,1000.00,0,0,0.00,0.00,0.00,1000.00,0.00
64992489520453343,20150721,1000.00,1000.00,0,0,0.00,0.00,0.00,1000.00,0.00
64992489520453343,20150722,1000.00,1000.00,0,0,0.00,0.00,0.00,1000.00,0.00
64992489520453343,20150725,1000.00,1000.00,0,0,0.00,0.00,0.00,1000.00,0.00
64992489520453343,20150726,1000.00,1000.00,0,0,0.00,0.00,0.00,1000.00,0.00
64992489520453343,20150727,1000.00,1000.00,0,0,0.00,0.00,0.00,1000.00,0.00
64992489520453343,20150728,1000.00,1000.00,0,0,0.00,0.00,0.00,1000.00,0.00
64992489520453343,20150729,1000.00,1000.00,0,0,0.00,0.00,0.00,1000.00,0.00
64992489520453343,20150801,1000.00,1000.00,0,0,0.00,0.00,0.00,1000.00,0.00
64992489520453343,20150802,1000.00,1000.00,0,0,0.00,0.00,0.00,1000.00,0.00
64992489520453343,20150803,1000.00,1000.00,0,0,0.00,0.00,0.00,1000.00,0.00
64992489520453343,20150804,1000.00,1000.00,0,0,0.00,0.00,0.00,1000.00,0.00
64992489520453343,20150805,1000.00,1000.00,0,0,0.00,0.00,0.00,1000.00,0.00
64992489520453343,20150808,1000.00,1000.00,0,0,0.00,0.00,0.00,1000.00,0.00
64992489520453343,20150809,1000.00,1000.00,0,0,0.00,0.00,0.00,1000.00,0.00
64992489520453343,20150810,1000.00,1000.00,0,0,0.00,0.00,0.00,1000.00,0.00
64992489520453343,20150812,1000.00,1000.00,0,0,0.00,0.00,0.00,1000.00,0.00
64992489520453343,20150815,1000.00,1000.00,0,0,0.00,0.00,0.00,1000.00,0.00
64992489520453343,20150816,1000.00,1000.00,0,0,0.00,0.00,0.00,1000.00,0.00
64992489520453343,20150817,1000.00,1000.00,0,0,0.00,0.00,0.00,1000.00,0.00
64992489520453343,20150818,1000.00,1000.00,0,0,0.00,0.00,0.00,1000.00,0.00
64992489520453343,20150819,1000.00,1000.00,0,0,0.00,0.00,0.00,1000.00,0.00
64992489520453343,20150822,1000.00,1000.00,0,0,0.00,0.00,0.00,1000.00,0.00
64992489520453343,20150823,1000.00,1000.00,0,0,0.00,0.00,0.00,1000.00,0.00
64992489520453343,20150824,1000.00,1000.00,0,0,0.00,0.00,0.00,1000.00,0.00
64992489520453343,20150825,1000.00,1000.00,0,0,0.00,0.00,0.00,1000.00,0.00
64992489520453343,20150826,1000.00,1000.00,0,0,0.00,0.00,0.00,1000.00,0.00
64992489520453343,20150829,1000.00,1000.00,0,0,0.00,0.00,0.00,1000.00,0.00
64992489520453343,20150830,1000.00,1000.00,0,0,0.00,0.00,0.00,1000.00,0.00
64992489520453343,20150831,1000.00,1000.00,0,0,0.00,0.00,0.00,1000.00,0.00
64992489520453343,20150901,1000.00,1000.00,0,0,0.00,0.00,0.00,1000.00,0.00
64992489520453343,20150902,1000.00,1000.00,0,0,0.00,0.00,0.00,1000.00,0.00
64992489520453343,20150905,1000.00,1000.00,0,0,0.00,0.00,0.00,1000.00,0.00
64992489520453343,20150906,1000.00,1000.00,0,0,0.00,0.00,0.00,1000.00,0.00
64992489520453343,20150907,1000.00,1000.00,0,0,0.00,0.00,0.00,1000.00,0.00
64992489520453343,20150908,1000.00,1000.00,0,0,0.00,0.00,0.00,1000.00,0.00
64992489520453343,20150909,1000.00,1000.00,0,0,0.00,0.00,0.00,1000.00,0.00
64992489520453343,20150912,1000.00,1000.00,0,0,0.00,0.00,0.00,1000.00,0.00
64992489520453343,20150913,1000.00,1000.00,0,0,0.00,0.00,0.00,1000.00,0.00
64992489520453343,20150914,1000.00,1000.00,0,0,0.00,0.00,0.00,1000.00,0.00
64992489520453343,20150915,1000.00,1000.00,0,0,0.00,0.00,0.00,1000.00,0.00
64992489520453343,20150916,1000.00,1000.00,0,0,0.00,0.00,0.00,1000.00,0.00
64992489520453343,20150919,1000.00,1000.00,0,0,0.00,0.00,0.00,1000.00,0.00
64992489520453343,20150920,1000.00,1000.00,0,0,0.00,0.00,0.00,1000.00,0.00
64992489520453343,20150921,1000.00,1000.00,0,0,0.00,0.00,0.00,1000.00,0.00
64992489520453343,20150922,1000.00,1000.00,0,0,0.00,0.00,0.00,1000.00,0.00
64992489520453343,20150923,1000.00,1000.00,0,0,0.00,0.00,0.00,1000.00,0.00
64992489520453343,20150926,1000.00,1000.00,0,0,0.00,0.00,0.00,1000.00,0.00
64992489520453343,20150927,1000.00,1000.00,0,0,0.00,0.00,0.00,1000.00,0.00
64992489520453343,20150928,1000.00,1000.00,0,0,0.00,0.00,0.00,1000.00,0.00
64992489520453343,20150929,1000.00,1000.00,0,0,0.00,0.00,0.00,1000.00,0.00
64992489520453343,20150930,1000.00,1000.00,0,0,0.00,0.00,0.00,1000.00,0.00
64992489520453343,20151003,1000.00,1000.00,0,0,0.00,0.00,0.00,1000.00,0.00
64992489520453343,20151004,1000.00,1000.00,0,0,0.00,0.00,0.00,1000.00,0.00
64992489520453343,20151005,1000.00,1000.00,0,0,0.00,0.00,0.00,1000.00,0.00
64992489520453343,20151006,1000.00,1000.00,0,0,0.00,0.00,0.00,1000.00,0.00
64992489520453343,20151007,1000.00,1000.00,0,0,0.00,0.00,0.00,1000.00,0.00
64992489520453343,20151010,1000.00,1000.00,0,0,0.00,0.00,0.00,1000.00,0.00
64992489520453343,20151011,1000.00,1000.00,0,0,0.00,0.00,0.00,1000.00,0.00
64992489520453343,20151012,1000.00,1000.00,0,0,0.00,0.00,0.00,1000.00,0.00
64992489520453343,20151013,1000.00,1000.00,0,0,0.00,0.00,0.00,1000.00,0.00
64992489520453343,20151014,1000.00,1000.00,0,0,0.00,0.00,0.00,1000.00,0.00
64992489520453343,20151017,1000.00,1000.00,0,0,0.00,0.00,0.00,1000.00,0.00
64992489520453343,20151018,1000.00,1000.00,0,0,0.00,0.00,0.00,1000.00,0.00
64992489520453343,20151019,1000.00,1000.00,0,0,0.00,0.00,0.00,1000.00,0.00
64992489520453343,20151020,1000.00,1000.00,0,0,0.00,0.00,0.00,1000.00,0.00
64992489520453343,20151021,1000.00,1000.00,0,0,0.00,0.00,0.00,1000.00,0.00
64992489520453343,20151025,1000.00,1000.00,0,0,0.00,0.00,0.00,1000.00,0.00
64992489520453343,20151026,1000.00,1000.00,0,0,0.00,0.00,0.00,1000.00,0.00
64992489520453343,20151027,1000.00,1000.00,0,0,0.00,0.00,0.00,1000.00,0.00
64992489520453343,20151028,1000.00,1000.00,0,0,0.00,0.00,0.00,1000.00,0.00
64992489520453343,20151031,1000.00,1000.00,0,0,0.00,0.00,0.00,1000.00,0.00
64992489520453343,20151101,1000.00,1000.00,0,0,0.00,0.00,0.00,1000.00,0.00
64992489520453343,20151102,1000.00,1000.00,0,0,0.00,0.00,0.00,1000.00,0.00
64992489520453343,20151103,1000.00,1000.00,0,0,0.00,0.00,0.00,1000.00,0.00
64992489520453343,20151104,1000.00,1000.00,0,0,0.00,0.00,0.00,1000.00,0.00
64992489520453343,20151107,1000.00,1000.00,0,0,0.00,0.00,0.00,1000.00,0.00
64992489520453343,20151108,1000.00,1000.00,0,0,0.00,0.00,0.00,1000.00,0.00
64992489520453343,20151109,1000.00,1000.00,0,0,0.00,0.00,0.00,1000.00,0.00
64992489520453343,20151110,1000.00,1000.00,0,0,0.00,0.00,0.00,1000.00,0.00
64992489520453343,20151111,1000.00,1000.00,0,0,0.00,0.00,0.00,1000.00,0.00
64992489520453343,20151114,1000.00,1000.00,0,0,0.00,0.00,0.00,1000.00,0.00
64992489520453343,20151115,1000.00,1000.00,0,0,0.00,0.00,0.00,1000.00,0.00
64992489520453343,20151116,1000.00,1000.00,0,0,0.00,0.00,0.00,1000.00,0.00
64992489520453343,20151117,1000.00,1000.00,0,0,0.00,0.00,0.00,1000.00,0.00
64992489520453343,20151118,1000.00,1000.00,0,0,0.00,0.00,0.00,1000.00,0.00
64992489520453343,20151121,1000.00,1000.00,0,0,0.00,0.00,0.00,1000.00,0.00
64992489520453343,20151122,1000.00,1000.00,0,0,0.00,0.00,0.00,1000.00,0.00
64992489520453343,20151123,1000.00,1000.00,0,0,0.00,0.00,0.00,1000.00,0.00
64992489520453343,20151124,1000.00,1000.00,0,0,0.00,0.00,0.00,1000.00,0.00
64992489520453343,20151125,1000.00,1000.00,0,0,0.00,0.00,0.00,1000.00,0.00
64992489520453343,20151128,1000.00,1000.00,0,0,0.00,0.00,0.00,1000.00,0.00
64992489520453343,20151129,1000.00,1000.00,0,0,0.00,0.00,0.00,1000.00,0.00
64992489520453343,20151130,1000.00,1000.00,0,0,0.00,0.00,0.00,1000.00,0.00
64992489520453343,20151201,1000.00,1000.00,0,0,0.00,0.00,0.00,1000.00,0.00
64992489520453343,20151205,1000.00,1000.00,0,0,0.00,0.00,0.00,1000.00,0.00
64992489520453343,20151206,1000.00,1000.00,0,0,0.00,0.00,0.00,1000.00,0.00
64992489520453343,20151207,1000.00,1000.00,0,0,0.00,0.00,0.00,1000.00,0.00
64992489520453343,20151208,1000.00,1000.00,0,0,0.00,0.00,0.00,1000.00,0.00
64992489520453343,20151209,1000.00,1000.00,0,0,0.00,0.00,0.00,1000.00,0.00
64992489520453343,20151213,1000.00,1000.00,0,0,0.00,0.00,0.00,1000.00,0.00
64992489520453343,20151214,1000.00,1000.00,0,0,0.00,0.00,0.00,1000.00,0.00
64992489520453343,20151215,1000.00,1000.00,0,0,0.00,0.00,0.00,1000.00,0.00
64992489520453343,20151216,1000.00,1000.00,0,0,0.00,0.00,0.00,1000.00,0.00
64992489520453343,20151219,1000.00,1000.00,0,0,0.00,0.00,0.00,1000.00,0.00
64992489520453343,20151220,1000.00,1000.00,0,0,0.00,0.00,0.00,1000.00,0.00
64992489520453343,20151221,1000.00,1000.00,0,0,0.00,0.00,0.00,1000.00,0.00
64992489520453343,20151222,1000.00,1000.00,0,0,0.00,0.00,0.00,1000.00,0.00
64992489520453343,20151223,1000.00,1000.00,0,0,0.00,0.00,0.00,1000.00,0.00
64992489520453343,20151226,1000.00,1000.00,0,0,0.00,0.00,0.00,1000.00,0.00
64992489520453343,20151227,1000.00,1000.00,0,0,0.00,0.00,0.00,1000.00,0.00
64992489520453343,20151228,1000.00,1000.00,0,0,0.00,0.00,0.00,1000.00,0.00
64992489520453343,20151230,1000.00,1000.00,0,0,0.00,0.00,0.00,1000.00,0.00
64992489520453343,20160102,1000.00,1000.00,0,0,0.00,0.00,0.00,1000.00,0.00
64992489520453343,20160103,1000.00,1000.00,0,0,0.00,0.00,0.00,1000.00,0.00
64992489520453343,20160104,1000.00,1000.00,0,0,0.00,0.00,0.00,1000.00,0.00
64992489520453343,20160105,1000.00,1000.00,0,0,0.00,0.00,0.00,1000.00,0.00
64992489520453343,20160106,1000.00,1000.00,0,0,0.00,0.00,0.00,1000.00,0.00
64992489520453343,20160109,1000.00,1000.00,0,0,0.00,0.00,0.00,1000.00,0.00
64992489520453343,20160110,1000.00,1000.00,0,0,0.00,0.00,0.00,1000.00,0.00
64992489520453343,20160111,1000.00,1000.00,0,0,0.00,0.00,0.00,1000.00,0.00
64992489520453343,20160112,1000.00,1000.00,0,0,0.00,0.00,0.00,1000.00,0.00
64992489520453343,20160113,1000.00,1000.00,0,0,0.00,0.00,0.00,1000.00,0.00
64992489520453343,20160116,1000.00,1000.00,0,0,0.00,0.00,0.00,1000.00,0.00
64992489520453343,20160117,1000.00,1000.00,0,0,0.00,0.00,0.00,1000.00,0.00
64992489520453343,20160118,1000.00,1000.00,0,0,0.00,0.00,0.00,1000.00,0.00
64992489520453343,20160119,1000.00,1000.00,0,0,0.00,0.00,0.00,1000.00,0.00
64992489520453343,20160120,1000.00,1000.00,0,0,0.00,0.00,0.00,1000.00,0.00
64992489520453343,20160123,1000.00,1000.00,0,0,0.00,0.00,0.00,1000.00,0.00
64992489520453343,20160124,1000.00,1000.00,0,0,0.00,0.00,0.00,1000.00,0.00
64992489520453343,20160125,1000.00,1000.00,0,0,0.00,0.00,0.00,1000.00,0.00
64992489520453343,20160126,1000.00,1000.00,0,0,0.00,0.00,0.00,1000.00,0.00
64992489520453343,20160127,1000.00,1000.00,0,0,0.00,0.00,0.00,1000.00,0.00
64992489520453343,20160130,1000.00,1000.00,0,0,0.00,0.00,0.00,1000.00,0.00
64992489520453343,20160131,1000.00,1000.00,0,0,0.00,0.00,0.00,1000.00,0.00
64992489520453343,20160201,1000.00,1000.00,0,0,0.00,0.00,0.00,1000.00,0.00
64992489520453343,20160202,1000.00,1000.00,0,0,0.00,0.00,0.00,1000.00,0.00
64992489520453343,20160203,1000.00,1000.00,0,0,0.00,0.00,0.00,1000.00,0.00
64992489520453343,20160206,1000.00,1000.00,0,0,0.00,0.00,0.00,1000.00,0.00
64992489520453343,20160207,1000.00,1000.00,0,0,0.00,0.00,0.00,1000.00,0.00
64992489520453343,20160208,1000.00,1000.00,0,0,0.00,0.00,0.00,1000.00,0.00
64992489520453343,20160209,1000.00,1000.00,0,0,0.00,0.00,0.00,1000.00,0.00
64992489520453343,20160210,1000.00,1000.00,0,0,0.00,0.00,0.00,1000.00,0.00
64992489520453343,20160213,1000.00,1000.00,0,0,0.00,0.00,0.00,1000.00,0.00
64992489520453343,20160214,1000.00,1000.00,0,0,0.00,0.00,0.00,1000.00,0.00
64992489520453343,20160215,1000.00,1000.00,0,0,0.00,0.00,0.00,1000.00,0.00
64992489520453343,20160216,1000.00,1000.00,0,0,0.00,0.00,0.00,1000.00,0.00
64992489520453343,20160217,1000.00,1000.00,0,0,0.00,0.00,0.00,1000.00,0.00
64992489520453343,20160220,1000.00,1000.00,0,0,0.00,0.00,0.00,1000.00,0.00
64992489520453343,20160221,1000.00,1000.00,0,0,0.00,0.00,0.00,1000.00,0.00
64992489520453343,20160222,1000.00,1000.00,0,0,0.00,0.00,0.00,1000.00,0.00
64992489520453343,20160223,1000.00,1000.00,0,0,0.00,0.00,0.00,1000.00,0.00
64992489520453343,20160224,1000.00,1000.00,0,0,0.00,0.00,0.00,1000.00,0.00
64992489520453343,20160227,1000.00,1000.00,0,0,0.00,0.00,0.00,1000.00,0.00
64992489520453343,20160228,1000.00,1000.00,0,0,0.00,0.00,0.00,1000.00,0.00
64992489520453343,20160229,1000.00,1000.00,0,0,0.00,0.00,0.00,1000.00,0.00
64992489520453343,20160301,1000.00,1000.00,0,0,0.00,0.00,0.00,1000.00,0.00
64992489520453343,20160302,1000.00,1000.00,0,0,0.00,0.00,0.00,1000.00,0.00
64992489520453343,20160305,1000.00,1000.00,0,0,0.00,0.00,0.00,1000.00,0.00
64992489520453343,20160306,1000.00,1000.00,0,0,0.00,0.00,0.00,1000.00,0.00
64992489520453343,20160307,1000.00,1000.00,0,0,0.00,0.00,0.00,1000.00,0.00
64992489520453343,20160308,1000.00,1000.00,0,0,0.00,0.00,0.00,1000.00,0.00
64992489520453343,20160309,1000.00,1000.00,0,0,0.00,0.00,0.00,1000.00,0.00
64992489520453343,20160312,1000.00,1000.00,0,0,0.00,0.00,0.00,1000.00,0.00
64992489520453343,20160314,1000.00,1000.00,0,0,0.00,0.00,0.00,1000.00,0.00
64992489520453343,20160315,1000.00,1000.00,0,0,0.00,0.00,0.00,1000.00,0.00
64992489520453343,20160316,1000.00,1000.00,0,0,0.00,0.00,0.00,1000.00,0.00
64992489520453343,20160326,1000.00,1000.00,0,0,0.00,0.00,0.00,1000.00,0.00
64992489520453343,20160327,1000.00,1000.00,0,0,0.00,0.00,0.00,1000.00,0.00
64992489520453343,20160328,1000.00,1000.00,0,0,0.00,0.00,0.00,1000.00,0.00
64992489520453343,20160329,1000.00,1000.00,0,0,0.00,0.00,0.00,1000.00,0.00
64992489520453343,20160330,1000.00,1000.00,0,0,0.00,0.00,0.00,1000.00,0.00
64992489520453343,20160402,1000.00,1000.00,0,0,0.00,0.00,0.00,1000.00,0.00
64992489520453343,20160403,1000.00,1000.00,0,0,0.00,0.00,0.00,1000.00,0.00
64992489520453343,20160404,1000.00,1000.00,0,0,0.00,0.00,0.00,1000.00,0.00
64992489520453343,20160405,1000.00,1000.00,0,0,0.00,0.00,0.00,1000.00,0.00
64992489520453343,20160406,1000.00,1000.00,0,0,0.00,0.00,0.00,1000.00,0.00
64992489520453343,20160409,1000.00,1000.00,0,0,0.00,0.00,0.00,1000.00,0.00
64992489520453343,20160410,1000.00,1000.00,0,0,0.00,0.00,0.00,1000.00,0.00
64992489520453343,20160411,1000.00,1000.00,0,0,0.00,0.00,0.00,1000.00,0.00
64992489520453343,20160412,1000.00,1000.00,0,0,0.00,0.00,0.00,1000.00,0.00
64992489520453343,20160413,1000.00,1000.00,0,0,0.00,0.00,0.00,1000.00,0.00
64992489520453343,20160416,1000.00,1000.00,0,0,0.00,0.00,0.00,1000.00,0.00
64992489520453343,20160417,1000.00,1000.00,0,0,0.00,0.00,0.00,1000.00,0.00
64992489520453343,20160418,1000.00,1000.00,0,0,0.00,0.00,0.00,1000.00,0.00
64992489520453343,20160419,1000.00,1000.00,0,0,0.00,0.00,0.00,1000.00,0.00
64992489520453343,20160420,1000.00,1000.00,0,0,0.00,0.00,0.00,1000.00,0.00
64992489520453343,20160423,1000.00,1000.00,0,0,0.00,0.00,0.00,1000.00,0.00
64992489520453343,20160424,1000.00,1000.00,0,0,0.00,0.00,0.00,1000.00,0.00
64992489520453343,20160425,1000.00,1000.00,0,0,0.00,0.00,0.00,1000.00,0.00
64992489520453343,20160426,1000.00,1000.00,0,0,0.00,0.00,0.00,1000.00,0.00
64992489520453343,20160427,1000.00,1000.00,0,0,0.00,0.00,0.00,1000.00,0.00
64992489520453343,20160430,1000.00,1000.00,0,0,0.00,0.00,0.00,1000.00,0.00
64992489520453343,20160501,1000.00,1000.00,0,0,0.00,0.00,0.00,1000.00,0.00
64992489520453343,20160502,1000.00,1000.00,0,0,0.00,0.00,0.00,1000.00,0.00
64992489520453343,20160503,1000.00,1000.00,0,0,0.00,0.00,0.00,1000.00,0.00
64992489520453343,20160504,1000.00,1000.00,0,0,0.00,0.00,0.00,1000.00,0.00
64992489520453343,20160507,1000.00,1000.00,0,0,0.00,0.00,0.00,1000.00,0.00
64992489520453343,20160508,1000.00,1000.00,0,0,0.00,0.00,0.00,1000.00,0.00
64992489520453343,20160509,1000.00,1000.00,0,0,0.00,0.00,0.00,1000.00,0.00
64992489520453343,20160510,1000.00,1000.00,0,0,0.00,0.00,0.00,1000.00,0.00
64992489520453343,20160511,1000.00,1000.00,0,0,0.00,0.00,0.00,1000.00,0.00
64992489520453343,20160514,1000.00,1000.00,0,0,0.00,0.00,0.00,1000.00,0.00
64992489520453343,20160515,1000.00,1000.00,0,0,0.00,0.00,0.00,1000.00,0.00
64992489520453343,20160516,1000.00,1000.00,0,0,0.00,0.00,0.00,1000.00,0.00
64992489520453343,20160517,1000.00,1000.00,0,0,0.00,0.00,0.00,1000.00,0.00
64992489520453343,20160518,1000.00,1000.00,0,0,0.00,0.00,0.00,1000.00,0.00
64992489520453343,20160521,1000.00,1000.00,0,0,0.00,0.00,0.00,1000.00,0.00
64992489520453343,20160523,1000.00,1000.00,0,0,0.00,0.00,0.00,1000.00,0.00
64992489520453343,20160524,1000.00,1000.00,0,0,0.00,0.00,0.00,1000.00,0.00
64992489520453343,20160525,1000.00,1000.00,0,0,0.00,0.00,0.00,1000.00,0.00
64992489520453343,20160528,1000.00,1000.00,0,0,0.00,0.00,0.00,1000.00,0.00
64992489520453343,20160529,1000.00,1000.00,0,0,0.00,0.00,0.00,1000.00,0.00
64992489520453343,20160530,1000.00,1000.00,0,0,0.00,0.00,0.00,1000.00,0.00
64992489520453343,20160531,1000.00,1000.00,0,0,0.00,0.00,0.00,1000.00,0.00
64992489520453343,20160601,1000.00,1000.00,0,0,0.00,0.00,0.00,1000.00,0.00
64992489520453343,20160605,1000.00,1000.00,0,0,0.00,0.00,0.00,1000.00,0.00
64992489520453343,20160606,1000.00,1000.00,0,0,0.00,0.00,0.00,1000.00,0.00
64992489520453343,20160607,1000.00,1000.00,0,0,0.00,0.00,0.00,1000.00,0.00
64992489520453343,20160608,1000.00,1000.00,0,0,0.00,0.00,0.00,1000.00,0.00
64992489520453343,20160611,1000.00,1000.00,0,0,0.00,0.00,0.00,1000.00,0.00
64992489520453343,20160612,1000.00,1000.00,0,0,0.00,0.00,0.00,1000.00,0.00
64992489520453343,20160613,1000.00,1000.00,0,0,0.00,0.00,0.00,1000.00,0.00
64992489520453343,20160614,1000.00,1000.00,0,0,0.00,0.00,0.00,1000.00,0.00
64992489520453343,20160615,1000.00,1000.00,0,0,0.00,0.00,0.00,1000.00,0.00
64992489520453343,20160618,1000.00,1000.00,0,0,0.00,0.00,0.00,1000.00,0.00
64992489520453343,20160619,1000.00,1000.00,0,0,0.00,0.00,0.00,1000.00,0.00
64992489520453343,20160620,1000.00,1000.00,0,0,0.00,0.00,0.00,1000.00,0.00
64992489520453343,20160621,1000.00,1000.00,0,0,0.00,0.00,0.00,1000.00,0.00
64992489520453343,20160622,1000.00,1000.00,0,0,0.00,0.00,0.00,1000.00,0.00
64992489520453343,20160625,1000.00,1000.00,0,0,0.00,0.00,0.00,1000.00,0.00
64992489520453343,20160626,1000.00,1000.00,0,0,0.00,0.00,0.00,1000.00,0.00
64992489520453343,20160628,1000.00,1000.00,0,0,0.00,0.00,0.00,1000.00,0.00
64992489520453343,20160629,1000.00,1000.00,0,0,0.00,0.00,0.00,1000.00,0.00
64992489520453343,20160702,1000.00,1000.00,0,0,0.00,0.00,0.00,1000.00,0.00
64992489520453343,20160703,1000.00,1000.00,0,0,0.00,0.00,0.00,1000.00,0.00
64992489520453343,20160704,1000.00,1000.00,0,0,0.00,0.00,0.00,1000.00,0.00
64992489520453343,20160705,1000.00,1000.00,0,0,0.00,0.00,0.00,1000.00,0.00
64992489520453343,20160709,1000.00,1000.00,0,0,0.00,0.00,0.00,1000.00,0.00
64992489520453343,20160710,1000.00,1000.00,0,0,0.00,0.00,0.00,1000.00,0.00
64992489520453343,20160711,1000.00,1000.00,0,0,0.00,0.00,0.00,1000.00,0.00
64992489520453343,20160712,1000.00,1000.00,0,0,0.00,0.00,0.00,1000.00,0.00
64992489520453343,20160713,1000.00,1000.00,0,0,0.00,0.00,0.00,1000.00,0.00
64992489520453343,20160716,1000.00,1000.00,0,0,0.00,0.00,0.00,1000.00,0.00
64992489520453343,20160717,1000.00,1000.00,0,0,0.00,0.00,0.00,1000.00,0.00
64992489520453343,20160718,1000.00,1000.00,0,0,0.00,0.00,0.00,1000.00,0.00
64992489520453343,20160719,1000.00,1000.00,0,0,0.00,0.00,0.00,1000.00,0.00
64992489520453343,20160720,1000.00,1000.00,0,0,0.00,0.00,0.00,1000.00,0.00
64992489520453343,20160723,1000.00,1000.00,0,0,0.00,0.00,0.00,1000.00,0.00
64992489520453343,20160724,1000.00,1000.00,0,0,0.00,0.00,0.00,1000.00,0.00
64992489520453343,20160725,1000.00,1000.00,0,0,0.00,0.00,0.00,1000.00,0.00
64992489520453343,20160726,1000.00,1000.00,0,0,0.00,0.00,0.00,1000.00,0.00
64992489520453343,20160727,1000.00,1000.00,0,0,0.00,0.00,0.00,1000.00,0.00
64992489520453343,20160731,1000.00,1000.00,0,0,0.00,0.00,0.00,1000.00,0.00
64992489520453343,20160801,1000.00,1000.00,0,0,0.00,0.00,0.00,1000.00,0.00
64992489520453343,20160802,1000.00,1000.00,0,0,0.00,0.00,0.00,1000.00,0.00
64992489520453343,20160803,1000.00,1000.00,0,0,0.00,0.00,0.00,1000.00,0.00
64992489520453343,20160806,1000.00,1000.00,0,0,0.00,0.00,0.00,1000.00,0.00
64992489520453343,20160807,1000.00,1000.00,0,0,0.00,0.00,0.00,1000.00,0.00
64992489520453343,20160808,1000.00,1000.00,0,0,0.00,0.00,0.00,1000.00,0.00
64992489520453343,20160809,1000.00,1000.00,0,0,0.00,0.00,0.00,1000.00,0.00
64992489520453343,20160810,1000.00,1000.00,0,0,0.00,0.00,0.00,1000.00,0.00
64992489520453343,20160813,1000.00,1000.00,0,0,0.00,0.00,0.00,1000.00,0.00
64992489520453343,20160814,1000.00,1000.00,0,0,0.00,0.00,0.00,1000.00,0.00
64992489520453343,20160815,1000.00,1000.00,0,0,0.00,0.00,0.00,1000.00,0.00
64992489520453343,20160816,1000.00,1000.00,0,0,0.00,0.00,0.00,1000.00,0.00
64992489520453343,20160817,1000.00,1000.00,0,0,0.00,0.00,0.00,1000.00,0.00
64992489520453343,20160820,1000.00,1000.00,0,0,0.00,0.00,0.00,1000.00,0.00
64992489520453343,20160821,1000.00,1000.00,0,0,0.00,0.00,0.00,1000.00,0.00
64992489520453343,20160822,1000.00,1000.00,0,0,0.00,0.00,0.00,1000.00,0.00
64992489520453343,20160823,1000.00,1000.00,0,0,0.00,0.00,0.00,1000.00,0.00
64992489520453343,20160824,1000.00,1000.00,0,0,0.00,0.00,0.00,1000.00,0.00
64992489520453343,20160827,1000.00,1000.00,0,0,0.00,0.00,0.00,1000.00,0.00
64992489520453343,20160828,1000.00,1000.00,0,0,0.00,0.00,0.00,1000.00,0.00
64992489520453343,20160829,1000.00,1000.00,0,0,0.00,0.00,0.00,1000.00,0.00
64992489520453343,20160830,1000.00,1000.00,0,0,0.00,0.00,0.00,1000.00,0.00
64992489520453343,20160831,1000.00,1000.00,0,0,0.00,0.00,0.00,1000.00,0.00
64992489520453343,20160903,1000.00,1000.00,0,0,0.00,0.00,0.00,1000.00,0.00
64992489520453343,20160904,1000.00,1000.00,0,0,0.00,0.00,0.00,1000.00,0.00
64992489520453343,20160905,1000.00,1000.00,0,0,0.00,0.00,0.00,1000.00,0.00
64992489520453343,20160906,1000.00,1000.00,0,0,0.00,0.00,0.00,1000.00,0.00
64992489520453343,20160907,1000.00,1000.00,0,0,0.00,0.00,0.00,1000.00,0.00
64992489520453343,20160910,1000.00,1000.00,0,0,0.00,0.00,0.00,1000.00,0.00
64992489520453343,20160911,1000.00,1000.00,0,0,0.00,0.00,0.00,1000.00,0.00
64992489520453343,20160913,1000.00,1000.00,0,0,0.00,0.00,0.00,1000.00,0.00
64992489520453343,20160914,1000.00,1000.00,0,0,0.00,0.00,0.00,1000.00,0.00
64992489520453343,20160917,1000.00,1000.00,0,0,0.00,0.00,0.00,1000.00,0.00
64992489520453343,20160918,1000.00,1000.00,0,0,0.00,0.00,0.00,1000.00,0.00
64992489520453343,20160919,1000.00,1000.00,0,0,0.00,0.00,0.00,1000.00,0.00
64992489520453343,20160921,1000.00,1000.00,0,0,0.00,0.00,0.00,1000.00,0.00
64992489520453343,20160924,1000.00,1000.00,0,0,0.00,0.00,0.00,1000.00,0.00
64992489520453343,20160925,1000.00,1000.00,0,0,0.00,0.00,0.00,1000.00,0.00
64992489520453343,20160926,1000.00,1000.00,0,0,0.00,0.00,0.00,1000.00,0.00
64992489520453343,20160927,1000.00,1000.00,0,0,0.00,0.00,0.00,1000.00,0.00
64992489520453343,20160928,1000.00,1000.00,0,0,0.00,0.00,0.00,1000.00,0.00
64992489520453343,20161001,1000.00,1000.00,0,0,0.00,0.00,0.00,1000.00,0.00
64992489520453343,20161002,1000.00,1000.00,0,0,0.00,0.00,0.00,1000.00,0.00
64992489520453343,20161003,1000.00,1000.00,0,0,0.00,0.00,0.00,1000.00,0.00
64992489520453343,20161004,1000.00,1000.00,0,0,0.00,0.00,0.00,1000.00,0.00
64992489520453343,20161005,1000.00,1000.00,0,0,0.00,0.00,0.00,1000.00,0.00
64992489520453343,20161008,1000.00,1000.00,0,0,0.00,0.00,0.00,1000.00,0.00
64992489520453343,20161009,1000.00,1000.00,0,0,0.00,0.00,0.00,1000.00,0.00
64992489520453343,20161010,1000.00,1000.00,0,0,0.00,0.00,0.00,1000.00,0.00
64992489520453343,20161012,1000.00,1000.00,0,0,0.00,0.00,0.00,1000.00,0.00
64992489520453343,20161015,1000.00,1000.00,0,0,0.00,0.00,0.00,1000.00,0.00
64992489520453343,20161016,1000.00,1000.00,0,0,0.00,0.00,0.00,1000.00,0.00
64992489520453343,20161017,1000.00,1000.00,0,0,0.00,0.00,0.00,1000.00,0.00
64992489520453343,20161018,1000.00,1000.00,0,0,0.00,0.00,0.00,1000.00,0.00
64992489520453343,20161019,1000.00,1000.00,0,0,0.00,0.00,0.00,1000.00,0.00
64992489520453343,20161022,1000.00,1000.00,0,0,0.00,0.00,0.00,1000.00,0.00
64992489520453343,20161023,1000.00,1000.00,0,0,0.00,0.00,0.00,1000.00,0.00
64992489520453343,20161024,1000.00,1000.00,0,0,0.00,0.00,0.00,1000.00,0.00
64992489520453343,20161025,1000.00,1000.00,0,0,0.00,0.00,0.00,1000.00,0.00
64992489520453343,20161026,1000.00,1000.00,0,0,0.00,0.00,0.00,1000.00,0.00
64992489520453343,20161027,1000.00,1000.00,0,0,0.00,0.00,0.00,1000.00,0.00
64992489520453343,20161028,1000.00,1000.00,0,0,0.00,0.00,0.00,1000.00,0.00
64992489520453343,20161029,1000.00,1000.00,0,0,0.00,0.00,0.00,1000.00,0.00
64992489520453343,20161030,1000.00,1000.00,0,0,0.00,0.00,0.00,1000.00,0.00
64992489520453343,20161031,1000.00,1000.00,0,0,0.00,0.00,0.00,1000.00,0.00
64992489520453343,20161101,1000.00,1000.00,0,0,0.00,0.00,0.00,1000.00,0.00
64992489520453343,20161102,1000.00,1000.00,0,0,0.00,0.00,0.00,1000.00,0.00
64992489520453343,20161105,1000.00,1000.00,0,0,0.00,0.00,0.00,1000.00,0.00
64992489520453343,20161106,1000.00,1000.00,0,0,0.00,0.00,0.00,1000.00,0.00
64992489520453343,20161107,1000.00,1000.00,0,0,0.00,0.00,0.00,1000.00,0.00
64992489520453343,20161108,1000.00,1000.00,0,0,0.00,0.00,0.00,1000.00,0.00
64992489520453343,20161109,1000.00,1000.00,0,0,0.00,0.00,0.00,1000.00,0.00
64992489520453343,20161112,1000.00,1000.00,0,0,0.00,0.00,0.00,1000.00,0.00
64992489520453343,20161113,1000.00,1000.00,0,0,0.00,0.00,0.00,1000.00,0.00
64992489520453343,20161114,1000.00,1000.00,0,0,0.00,0.00,0.00,1000.00,0.00
64992489520453343,20161115,1000.00,1000.00,0,0,0.00,0.00,0.00,1000.00,0.00
64992489520453343,20161116,1000.00,1000.00,0,0,0.00,0.00,0.00,1000.00,0.00
64992489520453343,20161119,1000.00,1000.00,0,0,0.00,0.00,0.00,1000.00,0.00
64992489520453343,20161121,1000.00,1000.00,0,0,0.00,0.00,0.00,1000.00,0.00
64992489520453343,20161122,1000.00,1000.00,0,0,0.00,0.00,0.00,1000.00,0.00
64992489520453343,20161123,1000.00,1000.00,0,0,0.00,0.00,0.00,1000.00,0.00
64992489520453343,20161126,1000.00,1000.00,0,0,0.00,0.00,0.00,1000.00,0.00
64992489520453343,20161127,1000.00,1000.00,0,0,0.00,0.00,0.00,1000.00,0.00
64992489520453343,20161129,1000.00,1000.00,0,0,0.00,0.00,0.00,1000.00,0.00
64992489520453343,20161203,1000.00,1000.00,0,0,0.00,0.00,0.00,1000.00,0.00
64992489520453343,20161204,1000.00,1000.00,0,0,0.00,0.00,0.00,1000.00,0.00
64992489520453343,20161205,1000.00,1000.00,0,0,0.00,0.00,0.00,1000.00,0.00
64992489520453343,20161206,1000.00,1000.00,0,0,0.00,0.00,0.00,1000.00,0.00
64992489520453343,20161207,1000.00,1000.00,0,0,0.00,0.00,0.00,1000.00,0.00
64992489520453343,20161210,1000.00,1000.00,0,0,0.00,0.00,0.00,1000.00,0.00
64992489520453343,20161211,1000.00,1000.00,0,0,0.00,0.00,0.00,1000.00,0.00
64992489520453343,20161212,1000.00,1000.00,0,0,0.00,0.00,0.00,1000.00,0.00
64992489520453343,20161213,1000.00,1000.00,0,0,0.00,0.00,0.00,1000.00,0.00
64992489520453343,20161214,1000.00,1000.00,0,0,0.00,0.00,0.00,1000.00,0.00
64992489520453343,20161218,1000.00,1000.00,0,0,0.00,0.00,0.00,1000.00,0.00
64992489520453343,20161219,1000.00,1000.00,0,0,0.00,0.00,0.00,1000.00,0.00
64992489520453343,20161220,1000.00,1000.00,0,0,0.00,0.00,0.00,1000.00,0.00
64992489520453343,20161221,1000.00,1000.00,0,0,0.00,0.00,0.00,1000.00,0.00
64992489520453343,20161224,1000.00,1000.00,0,0,0.00,0.00,0.00,1000.00,0.00
64992489520453343,20161225,1000.00,1000.00,0,0,0.00,0.00,0.00,1000.00,0.00
64992489520453343,20161226,1000.00,1000.00,0,0,0.00,0.00,0.00,1000.00,0.00
64992489520453343,20161227,1000.00,1000.00,0,0,0.00,0.00,0.00,1000.00,0.00
64992489520453343,20161228,1000.00,1000.00,0,0,0.00,0.00,0.00,1000.00,0.00
64992489520453343,20161231,1000.00,1000.00,0,0,0.00,0.00,0.00,1000.00,0.00
64992489520453343,20170101,1000.00,1000.00,0,0,0.00,0.00,0.00,1000.00,0.00
64992489520453343,20170102,1000.00,1000.00,0,0,0.00,0.00,0.00,1000.00,0.00
64992489520453343,20170103,1000.00,1000.00,0,0,0.00,0.00,0.00,1000.00,0.00
64992489520453343,20170104,1000.00,1000.00,0,0,0.00,0.00,0.00,1000.00,0.00
64992489520453343,20170107,1000.00,1000.00,0,0,0.00,0.00,0.00,1000.00,0.00
64992489520453343,20170108,1000.00,1000.00,0,0,0.00,0.00,0.00,1000.00,0.00
64992489520453343,20170109,1000.00,1000.00,0,0,0.00,0.00,0.00,1000.00,0.00
64992489520453343,20170111,1000.00,1000.00,0,0,0.00,0.00,0.00,1000.00,0.00
64992489520453343,20170114,1000.00,1000.00,0,0,0.00,0.00,0.00,1000.00,0.00
64992489520453343,20170115,1000.00,1000.00,0,0,0.00,0.00,0.00,1000.00,0.00
64992489520453343,20170116,1000.00,1000.00,0,0,0.00,0.00,0.00,1000.00,0.00
64992489520453343,20170117,1000.00,1000.00,0,0,0.00,0.00,0.00,1000.00,0.00
64992489520453343,20170118,1000.00,1000.00,0,0,0.00,0.00,0.00,1000.00,0.00
64992489520453343,20170121,1000.00,1000.00,0,0,0.00,0.00,0.00,1000.00,0.00
64992489520453343,20170122,1000.00,1000.00,0,0,0.00,0.00,0.00,1000.00,0.00
64992489520453343,20170123,1000.00,1000.00,0,0,0.00,0.00,0.00,1000.00,0.00
64992489520453343,20170124,1000.00,1000.00,0,0,0.00,0.00,0.00,1000.00,0.00
64992489520453343,20170125,1000.00,1000.00,0,0,0.00,0.00,0.00,1000.00,0.00
64992489520453343,20170128,1000.00,1000.00,0,0,0.00,0.00,0.00,1000.00,0.00
64992489520453343,20170129,1000.00,1000.00,0,0,0.00,0.00,0.00,1000.00,0.00
64992489520453343,20170130,1000.00,1000.00,0,0,0.00,0.00,0.00,1000.00,0.00
64992489520453343,20170131,1000.00,1000.00,0,0,0.00,0.00,0.00,1000.00,0.00
64992489520453343,20170201,1000.00,1000.00,0,0,0.00,0.00,0.00,1000.00,0.00
64992489520453343,20170204,1000.00,1000.00,0,0,0.00,0.00,0.00,1000.00,0.00
64992489520453343,20170205,1000.00,1000.00,0,0,0.00,0.00,0.00,1000.00,0.00
64992489520453343,20170206,1000.00,1000.00,0,0,0.00,0.00,0.00,1000.00,0.00
64992489520453343,20170207,1000.00,1000.00,0,0,0.00,0.00,0.00,1000.00,0.00
64992489520453343,20170208,1000.00,1000.00,0,0,0.00,0.00,0.00,1000.00,0.00
64992489520453343,20170211,1000.00,1000.00,0,0,0.00,0.00,0.00,1000.00,0.00
64992489520453343,20170212,1000.00,1000.00,0,0,0.00,0.00,0.00,1000.00,0.00
64992489520453343,20170213,1000.00,1000.00,0,0,0.00,0.00,0.00,1000.00,0.00
64992489520453343,20170214,1000.00,1000.00,0,0,0.00,0.00,0.00,1000.00,0.00
64992489520453343,20170215,1000.00,1000.00,0,0,0.00,0.00,0.00,1000.00,0.00
64992489520453343,20170218,1000.00,1000.00,0,0,0.00,0.00,0.00,1000.00,0.00
64992489520453343,20170219,1000.00,1000.00,0,0,0.00,0.00,0.00,1000.00,0.00
64992489520453343,20170220,1000.00,1000.00,0,0,0.00,0.00,0.00,1000.00,0.00
64992489520453343,20170221,1000.00,1000.00,0,0,0.00,0.00,0.00,1000.00,0.00
64992489520453343,20170222,1000.00,1000.00,0,0,0.00,0.00,0.00,1000.00,0.00
64992489520453343,20170225,1000.00,1000.00,0,0,0.00,0.00,0.00,1000.00,0.00
64992489520453343,20170226,1000.00,1000.00,0,0,0.00,0.00,0.00,1000.00,0.00
64992489520453343,20170227,1000.00,1000.00,0,0,0.00,0.00,0.00,1000.00,0.00
64992489520453343,20170228,1000.00,1000.00,0,0,0.00,0.00,0.00,1000.00,0.00
64992489520453343,20170301,1000.00,1000.00,0,0,0.00,0.00,0.00,1000.00,0.00
64992489520453343,20170304,1000.00,1000.00,0,0,0.00,0.00,0.00,1000.00,0.00
64992489520453343,20170305,1000.00,1000.00,0,0,0.00,0.00,0.00,1000.00,0.00
64992489520453343,20170306,1000.00,1000.00,0,0,0.00,0.00,0.00,1000.00,0.00
64992489520453343,20170307,1000.00,1000.00,0,0,0.00,0.00,0.00,1000.00,0.00
64992489520453343,20170308,1000.00,1000.00,0,0,0.00,0.00,0.00,1000.00,0.00
64992489520453343,20170311,1000.00,1000.00,0,0,0.00,0.00,0.00,1000.00,0.00
64992489520453343,20170312,1000.00,1000.00,0,0,0.00,0.00,0.00,1000.00,0.00
64992489520453343,20170313,1000.00,1000.00,0,0,0.00,0.00,0.00,1000.00,0.00
64992489520453343,20170314,1000.00,1000.00,0,0,0.00,0.00,0.00,1000.00,0.00
64992489520453343,20170315,1000.00,1000.00,0,0,0.00,0.00,0.00,1000.00,0.00
64992489520453343,20170318,1000.00,1000.00,0,0,0.00,0.00,0.00,1000.00,0.00
64992489520453343,20170325,1000.00,1000.00,0,0,0.00,0.00,0.00,1000.00,0.00
64992489520453343,20170326,1000.00,1000.00,0,0,0.00,0.00,0.00,1000.00,0.00
64992489520453343,20170327,1000.00,1000.00,0,0,0.00,0.00,0.00,1000.00,0.00
64992489520453343,20170328,1000.00,1000.00,0,0,0.00,0.00,0.00,1000.00,0.00
64992489520453343,20170329,1000.00,1000.00,0,0,0.00,0.00,0.00,1000.00,0.00
64992489520453343,20170403,1000.00,1000.00,0,0,0.00,0.00,0.00,1000.00,0.00
64992489520453343,20170404,1000.00,1000.00,0,0,0.00,0.00,0.00,1000.00,0.00
64992489520453343,20170405,1000.00,1000.00,0,0,0.00,0.00,0.00,1000.00,0.00
64992489520453343,20170408,1000.00,1000.00,0,0,0.00,0.00,0.00,1000.00,0.00
64992489520453343,20170409,1000.00,1000.00,0,0,0.00,0.00,0.00,1000.00,0.00
64992489520453343,20170410,1000.00,1000.00,0,0,0.00,0.00,0.00,1000.00,0.00
64992489520453343,20170412,1000.00,1000.00,0,0,0.00,0.00,0.00,1000.00,0.00
64992489520453343,20170415,1000.00,1000.00,0,0,0.00,0.00,0.00,1000.00,0.00
64992489520453343,20170416,1000.00,1000.00,0,0,0.00,0.00,0.00,1000.00,0.00
64992489520453343,20170417,1000.00,1000.00,0,0,0.00,0.00,0.00,1000.00,0.00
64992489520453343,20170418,1000.00,1000.00,0,0,0.00,0.00,0.00,1000.00,0.00
64992489520453343,20170419,1000.00,1000.00,0,0,0.00,0.00,0.00,1000.00,0.00
64992489520453343,20170422,1000.00,1000.00,0,0,0.00,0.00,0.00,1000.00,0.00
64992489520453343,20170423,1000.00,1000.00,0,0,0.00,0.00,0.00,1000.00,0.00
64992489520453343,20170424,1000.00,1000.00,0,0,0.00,0.00,0.00,1000.00,0.00
64992489520453343,20170426,1000.00,1000.00,0,0,0.00,0.00,0.00,1000.00,0.00
64992489520453343,20170429,1000.00,1000.00,0,0,0.00,0.00,0.00,1000.00,0.00
64992489520453343,20170430,1000.00,1000.00,0,0,0.00,0.00,0.00,1000.00,0.00
64992489520453343,20170501,1000.00,1000.00,0,0,0.00,0.00,0.00,1000.00,0.00
64992489520453343,20170502,1000.00,1000.00,0,0,0.00,0.00,0.00,1000.00,0.00
64992489520453343,20170503,1000.00,1000.00,0,0,0.00,0.00,0.00,1000.00,0.00
64992489520453343,20170506,1000.00,1000.00,0,0,0.00,0.00,0.00,1000.00,0.00
64992489520453343,20170507,1000.00,1000.00,0,0,0.00,0.00,0.00,1000.00,0.00
64992489520453343,20170508,1000.00,1000.00,0,0,0.00,0.00,0.00,1000.00,0.00
64992489520453343,20170509,1000.00,1000.00,0,0,0.00,0.00,0.00,1000.00,0.00
64992489520453343,20170510,1000.00,1000.00,0,0,0.00,0.00,0.00,1000.00,0.00
64992489520453343,20170513,1000.00,1000.00,0,0,0.00,0.00,0.00,1000.00,0.00
64992489520453343,20170514,1000.00,1000.00,0,0,0.00,0.00,0.00,1000.00,0.00
64992489520453343,20170515,1000.00,1000.00,0,0,0.00,0.00,0.00,1000.00,0.00
64992489520453343,20170516,1000.00,1000.00,0,0,0.00,0.00,0.00,1000.00,0.00
64992489520453343,20170517,1000.00,1000.00,0,0,0.00,0.00,0.00,1000.00,0.00
64992489520453343,20170520,1000.00,1000.00,0,0,0.00,0.00,0.00,1000.00,0.00
64992489520453343,20170521,1000.00,1000.00,0,0,0.00,0.00,0.00,1000.00,0.00
64992489520453343,20170522,1000.00,1000.00,0,0,0.00,0.00,0.00,1000.00,0.00
64992489520453343,20170523,1000.00,1000.00,0,0,0.00,0.00,0.00,1000.00,0.00
64992489520453343,20170524,1000.00,1000.00,0,0,0.00,0.00,0.00,1000.00,0.00
64992489520453343,20170527,1000.00,1000.00,0,0,0.00,0.00,0.00,1000.00,0.00
64992489520453343,20170528,1000.00,1000.00,0,0,0.00,0.00,0.00,1000.00,0.00
64992489520453343,20170529,1000.00,1000.00,0,0,0.00,0.00,0.00,1000.00,0.00
64992489520453343,20170530,1000.00,1000.00,0,0,0.00,0.00,0.00,1000.00,0.00
64992489520453343,20170531,1000.00,1000.00,0,0,0.00,0.00,0.00,1000.00,0.00
64992489520453343,20170603,1000.00,1000.00,0,0,0.00,0.00,0.00,1000.00,0.00
64992489520453343,20170606,1000.00,1000.00,0,0,0.00,0.00,0.00,1000.00,0.00
64992489520453343,20170607,1000.00,1000.00,0,0,0.00,0.00,0.00,1000.00,0.00
64992489520453343,20170610,1000.00,1000.00,0,0,0.00,0.00,0.00,1000.00,0.00
64992489520453343,20170611,1000.00,1000.00,0,0,0.00,0.00,0.00,1000.00,0.00
64992489520453343,20170612,1000.00,1000.00,0,0,0.00,0.00,0.00,1000.00,0.00
64992489520453343,20170613,1000.00,1000.00,0,0,0.00,0.00,0.00,1000.00,0.00
64992489520453343,20170614,1000.00,1000.00,0,0,0.00,0.00,0.00,1000.00,0.00
64992489520453343,20170617,1000.00,1000.00,0,0,0.00,0.00,0.00,1000.00,0.00
64992489520453343,20170618,1000.00,1000.00,0,0,0.00,0.00,0.00,1000.00,0.00
64992489520453343,20170619,1000.00,1000.00,0,0,0.00,0.00,0.00,1000.00,0.00
64992489520453343,20170620,1000.00,1000.00,0,0,0.00,0.00,0.00,1000.00,0.00
64992489520453343,20170621,1000.00,1000.00,0,0,0.00,0.00,0.00,1000.00,0.00
64992489520453343,20170624,1000.00,1000.00,0,0,0.00,0.00,0.00,1000.00,0.00
64992489520453343,20170625,1000.00,1000.00,0,0,0.00,0.00,0.00,1000.00,0.00
64992489520453343,20170628,1000.00,1000.00,0,0,0.00,0.00,0.00,1000.00,0.00
64992489520453343,20170701,1000.00,1000.00,0,0,0.00,0.00,0.00,1000.00,0.00
64992489520453343,20170702,1000.00,1000.00,0,0,0.00,0.00,0.00,1000.00,0.00
64992489520453343,20170703,1000.00,1000.00,0,0,0.00,0.00,0.00,1000.00,0.00
64992489520453343,20170704,1000.00,1000.00,0,0,0.00,0.00,0.00,1000.00,0.00
64992489520453343,20170705,1000.00,1000.00,0,0,0.00,0.00,0.00,1000.00,0.00
64992489520453343,20170708,1000.00,1000.00,0,0,0.00,0.00,0.00,1000.00,0.00
64992489520453343,20170709,1000.00,1000.00,0,0,0.00,0.00,0.00,1000.00,0.00
64992489520453343,20170710,1000.00,1000.00,0,0,0.00,0.00,0.00,1000.00,0.00
64992489520453343,20170711,1000.00,1000.00,0,0,0.00,0.00,0.00,1000.00,0.00
64992489520453343,20170712,1000.00,1000.00,0,0,0.00,0.00,0.00,1000.00,0.00
64992489520453343,20170715,1000.00,1000.00,0,0,0.00,0.00,0.00,1000.00,0.00
64992489520453343,20170716,1000.00,1000.00,0,0,0.00,0.00,0.00,1000.00,0.00
64992489520453343,20170717,1000.00,1000.00,0,0,0.00,0.00,0.00,1000.00,0.00
64992489520453343,20170718,1000.00,1000.00,0,0,0.00,0.00,0.00,1000.00,0.00
64992489520453343,20170719,1000.00,1000.00,0,0,0.00,0.00,0.00,1000.00,0.00
64992489520453343,20170722,1000.00,1000.00,0,0,0.00,0.00,0.00,1000.00,0.00
64992489520453343,20170723,1000.00,1000.00,0,0,0.00,0.00,0.00,1000.00,0.00
64992489520453343,20170724,1000.00,1000.00,0,0,0.00,0.00,0.00,1000.00,0.00
64992489520453343,20170725,1000.00,1000.00,0,0,0.00,0.00,0.00,1000.00,0.00
64992489520453343,20170726,1000.00,1000.00,0,0,0.00,0.00,0.00,1000.00,0.00
64992489520453343,20170729,1000.00,1000.00,0,0,0.00,0.00,0.00,1000.00,0.00
64992489520453343,20170730,1000.00,1000.00,0,0,0.00,0.00,0.00,1000.00,0.00
64992489520453343,20170731,1000.00,1000.00,0,0,0.00,0.00,0.00,1000.00,0.00
64992489520453343,20170801,1000.00,1000.00,0,0,0.00,0.00,0.00,1000.00,0.00
64992489520453343,20170802,1000.00,1000.00,0,0,0.00,0.00,0.00,1000.00,0.00
64992489520453343,20170806,1000.00,1000.00,0,0,0.00,0.00,0.00,1000.00,0.00
64992489520453343,20170807,1000.00,1000.00,0,0,0.00,0.00,0.00,1000.00,0.00
64992489520453343,20170808,1000.00,1000.00,0,0,0.00,0.00,0.00,1000.00,0.00
64992489520453343,20170809,1000.00,1000.00,0,0,0.00,0.00,0.00,1000.00,0.00
64992489520453343,20170812,1000.00,1000.00,0,0,0.00,0.00,0.00,1000.00,0.00
64992489520453343,20170813,1000.00,1000.00,0,0,0.00,0.00,0.00,1000.00,0.00
64992489520453343,20170814,1000.00,1000.00,0,0,0.00,0.00,0.00,1000.00,0.00
64992489520453343,20170815,1000.00,1000.00,0,0,0.00,0.00,0.00,1000.00,0.00
64992489520453343,20170816,1000.00,1000.00,0,0,0.00,0.00,0.00,1000.00,0.00
64992489520453343,20170819,1000.00,1000.00,0,0,0.00,0.00,0.00,1000.00,0.00
64992489520453343,20170820,1000.00,1000.00,0,0,0.00,0.00,0.00,1000.00,0.00
64992489520453343,20170821,1000.00,1000.00,0,0,0.00,0.00,0.00,1000.00,0.00
64992489520453343,20170822,1000.00,1000.00,0,0,0.00,0.00,0.00,1000.00,0.00
64992489520453343,20170823,1000.00,1000.00,0,0,0.00,0.00,0.00,1000.00,0.00
64992489520453343,20170826,1000.00,1000.00,0,0,0.00,0.00,0.00,1000.00,0.00
64992489520453343,20170827,1000.00,1000.00,0,0,0.00,0.00,0.00,1000.00,0.00
64992489520453343,20170828,1000.00,1000.00,0,0,0.00,0.00,0.00,1000.00,0.00
64992489520453343,20170829,1000.00,1000.00,0,0,0.00,0.00,0.00,1000.00,0.00
64992489520453343,20170830,1000.00,1000.00,0,0,0.00,0.00,0.00,1000.00,0.00
64992489520453343,20170902,1000.00,1000.00,0,0,0.00,0.00,0.00,1000.00,0.00
64992489520453343,20170903,1000.00,1000.00,0,0,0.00,0.00,0.00,1000.00,0.00
64992489520453343,20170904,1000.00,1000.00,0,0,0.00,0.00,0.00,1000.00,0.00
64992489520453343,20170905,1000.00,1000.00,0,0,0.00,0.00,0.00,1000.00,0.00
64992489520453343,20170906,1000.00,1000.00,0,0,0.00,0.00,0.00,1000.00,0.00
64992489520453343,20170910,1000.00,1000.00,0,0,0.00,0.00,0.00,1000.00,0.00
64992489520453343,20170911,1000.00,1000.00,0,0,0.00,0.00,0.00,1000.00,0.00
64992489520453343,20170912,1000.00,1000.00,0,0,0.00,0.00,0.00,1000.00,0.00
64992489520453343,20170913,1000.00,1000.00,0,0,0.00,0.00,0.00,1000.00,0.00
64992489520453343,20170916,1000.00,1000.00,0,0,0.00,0.00,0.00,1000.00,0.00
64992489520453343,20170917,1000.00,1000.00,0,0,0.00,0.00,0.00,1000.00,0.00
64992489520453343,20170918,1000.00,1000.00,0,0,0.00,0.00,0.00,1000.00,0.00
64992489520453343,20170919,1000.00,1000.00,0,0,0.00,0.00,0.00,1000.00,0.00
64992489520453343,20170920,1000.00,1000.00,0,0,0.00,0.00,0.00,1000.00,0.00
64992489520453343,20170923,1000.00,1000.00,0,0,0.00,0.00,0.00,1000.00,0.00
64992489520453343,20170924,1000.00,1000.00,0,0,0.00,0.00,0.00,1000.00,0.00
64992489520453343,20170925,1000.00,1000.00,0,0,0.00,0.00,0.00,1000.00,0.00
64992489520453343,20170926,1000.00,1000.00,0,0,0.00,0.00,0.00,1000.00,0.00
64992489520453343,20170927,1000.00,1000.00,0,0,0.00,0.00,0.00,1000.00,0.00
64992489520453343,20171002,1000.00,1000.00,0,0,0.00,0.00,0.00,1000.00,0.00
64992489520453343,20171003,1000.00,1000.00,0,0,0.00,0.00,0.00,1000.00,0.00
64992489520453343,20171004,1000.00,1000.00,0,0,0.00,0.00,0.00,1000.00,0.00
64992489520453343,20171007,1000.00,1000.00,0,0,0.00,0.00,0.00,1000.00,0.00
64992489520453343,20171008,1000.00,1000.00,0,0,0.00,0.00,0.00,1000.00,0.00
64992489520453343,20171009,1000.00,1000.00,0,0,0.00,0.00,0.00,1000.00,0.00
64992489520453343,20171010,1000.00,1000.00,0,0,0.00,0.00,0.00,1000.00,0.00
64992489520453343,20171011,1000.00,1000.00,0,0,0.00,0.00,0.00,1000.00,0.00
64992489520453343,20171014,1000.00,1000.00,0,0,0.00,0.00,0.00,1000.00,0.00
64992489520453343,20171015,1000.00,1000.00,0,0,0.00,0.00,0.00,1000.00,0.00
64992489520453343,20171016,1000.00,1000.00,0,0,0.00,0.00,0.00,1000.00,0.00
64992489520453343,20171017,1000.00,1000.00,0,0,0.00,0.00,0.00,1000.00,0.00
64992489520453343,20171018,1000.00,1000.00,0,0,0.00,0.00,0.00,1000.00,0.00
64992489520453343,20171021,1000.00,1000.00,0,0,0.00,0.00,0.00,1000.00,0.00
64992489520453343,20171022,1000.00,1000.00,0,0,0.00,0.00,0.00,1000.00,0.00
64992489520453343,20171023,1000.00,1000.00,0,0,0.00,0.00,0.00,1000.00,0.00
64992489520453343,20171024,1000.00,1000.00,0,0,0.00,0.00,0.00,1000.00,0.00
64992489520453343,20171025,1000.00,1000.00,0,0,0.00,0.00,0.00,1000.00,0.00
64992489520453343,20171028,1000.00,1000.00,0,0,0.00,0.00,0.00,1000.00,0.00
64992489520453343,20171029,1000.00,1000.00,0,0,0.00,0.00,0.00,1000.00,0.00
64992489520453343,20171030,1000.00,1000.00,0,0,0.00,0.00,0.00,1000.00,0.00
64992489520453343,20171031,1000.00,1000.00,0,0,0.00,0.00,0.00,1000.00,0.00
64992489520453343,20171101,1000.00,1000.00,0,0,0.00,0.00,0.00,1000.00,0.00
64992489520453343,20171104,1000.00,1000.00,0,0,0.00,0.00,0.00,1000.00,0.00
64992489520453343,20171105,1000.00,1000.00,0,0,0.00,0.00,0.00,1000.00,0.00
64992489520453343,20171106,1000.00,1000.00,0,0,0.00,0.00,0.00,1000.00,0.00
64992489520453343,20171107,1000.00,1000.00,0,0,0.00,0.00,0.00,1000.00,0.00
64992489520453343,20171108,1000.00,1000.00,0,0,0.00,0.00,0.00,1000.00,0.00
64992489520453343,20171111,1000.00,1000.00,0,0,0.00,0.00,0.00,1000.00,0.00
64992489520453343,20171112,1000.00,1000.00,0,0,0.00,0.00,0.00,1000.00,0.00
64992489520453343,20171113,1000.00,1000.00,0,0,0.00,0.00,0.00,1000.00,0.00
64992489520453343,20171114,1000.00,1000.00,0,0,0.00,0.00,0.00,1000.00,0.00
64992489520453343,20171115,1000.00,1000.00,0,0,0.00,0.00,0.00,1000.00,0.00
64992489520453343,20171118,1000.00,1000.00,0,0,0.00,0.00,0.00,1000.00,0.00
64992489520453343,20171120,1000.00,1000.00,0,0,0.00,0.00,0.00,1000.00,0.00
64992489520453343,20171121,1000.00,1000.00,0,0,0.00,0.00,0.00,1000.00,0.00
64992489520453343,20171122,1000.00,1000.00,0,0,0.00,0.00,0.00,1000.00,0.00
64992489520453343,20171125,1000.00,1000.00,0,0,0.00,0.00,0.00,1000.00,0.00
64992489520453343,20171126,1000.00,1000.00,0,0,0.00,0.00,0.00,1000.00,0.00
64992489520453343,20171128,1000.00,1000.00,0,0,0.00,0.00,0.00,1000.00,0.00
64992489520453343,20171129,1000.00,1000.00,0,0,0.00,0.00,0.00,1000.00,0.00
64992489520453343,20171202,1000.00,1000.00,0,0,0.00,0.00,0.00,1000.00,0.00
64992489520453343,20171203,1000.00,1000.00,0,0,0.00,0.00,0.00,1000.00,0.00
64992489520453343,20171204,1000.00,1000.00,0,0,0.00,0.00,0.00,1000.00,0.00
64992489520453343,20171205,1000.00,1000.00,0,0,0.00,0.00,0.00,1000.00,0.00
64992489520453343,20171209,1000.00,1000.00,0,0,0.00,0.00,0.00,1000.00,0.00
64992489520453343,20171210,1000.00,1000.00,0,0,0.00,0.00,0.00,1000.00,0.00
64992489520453343,20171211,1000.00,1000.00,0,0,0.00,0.00,0.00,1000.00,0.00
64992489520453343,20171212,1000.00,1000.00,0,0,0.00,0.00,0.00,1000.00,0.00
64992489520453343,20171213,1000.00,1000.00,0,0,0.00,0.00,0.00,1000.00,0.00
64992489520453343,20171214,1000.00,1000.00,0,0,0.00,0.00,0.00,1000.00,0.00
64992489520453343,20171215,1000.00,1000.00,0,0,0.00,0.00,0.00,1000.00,0.00
64992489520453343,20171216,1000.00,1000.00,0,0,0.00,0.00,0.00,1000.00,0.00
64992489520453343,20171217,1000.00,1000.00,0,0,0.00,0.00,0.00,1000.00,0.00
64992489520453343,20171218,1000.00,1000.00,0,0,0.00,0.00,0.00,1000.00,0.00
64992489520453343,20171219,1000.00,1000.00,0,0,0.00,0.00,0.00,1000.00,0.00
64992489520453343,20171220,1000.00,1000.00,0,0,0.00,0.00,0.00,1000.00,0.00
64992489520453343,20171223,1000.00,1000.00,0,0,0.00,0.00,0.00,1000.00,0.00
64992489520453343,20171224,1000.00,1000.00,0,0,0.00,0.00,0.00,1000.00,0.00
64992489520453343,20171225,1000.00,1000.00,0,0,0.00,0.00,0.00,1000.00,0.00
64992489520453343,20171226,1000.00,1000.00,0,0,0.00,0.00,0.00,1000.00,0.00
64992489520453343,20171227,1000.00,1000.00,0,0,0.00,0.00,0.00,1000.00,0.00
64992489520453343,20171230,1000.00,1000.00,0,0,0.00,0.00,0.00,1000.00,0.00
64992489520453343,20171231,1000.00,1000.00,0,0,0.00,0.00,0.00,1000.00,0.00
64992489520453343,20180101,1000.00,1000.00,0,0,0.00,0.00,0.00,1000.00,0.00
64992489520453343,20180102,1000.00,1000.00,0,0,0.00,0.00,0.00,1000.00,0.00
64992489520453343,20180103,1000.00,1000.00,0,0,0.00,0.00,0.00,1000.00,0.00
64992489520453343,20180106,1000.00,1000.00,0,0,0.00,0.00,0.00,1000.00,0.00
64992489520453343,20180107,1000.00,1000.00,0,0,0.00,0.00,0.00,1000.00,0.00
64992489520453343,20180108,1000.00,1000.00,0,0,0.00,0.00,0.00,1000.00,0.00
64992489520453343,20180109,1000.00,1000.00,0,0,0.00,0.00,0.00,1000.00,0.00
64992489520453343,20180110,1000.00,1000.00,0,0,0.00,0.00,0.00,1000.00,0.00
64992489520453343,20180113,1000.00,1000.00,0,0,0.00,0.00,0.00,1000.00,0.00
64992489520453343,20180114,1000.00,1000.00,0,0,0.00,0.00,0.00,1000.00,0.00
64992489520453343,20180115,1000.00,1000.00,0,0,0.00,0.00,0.00,1000.00,0.00
64992489520453343,20180116,1000.00,1000.00,0,0,0.00,0.00,0.00,1000.00,0.00
64992489520453343,20180117,1000.00,1000.00,0,0,0.00,0.00,0.00,1000.00,0.00
64992489520453343,20180120,1000.00,1000.00,0,0,0.00,0.00,0.00,1000.00,0.00
64992489520453343,20180121,1000.00,1000.00,0,0,0.00,0.00,0.00,1000.00,0.00
64992489520453343,20180122,1000.00,1000.00,0,0,0.00,0.00,0.00,1000.00,0.00
64992489520453343,20180123,1000.00,1000.00,0,0,0.00,0.00,0.00,1000.00,0.00
64992489520453343,20180124,1000.00,1000.00,0,0,0.00,0.00,0.00,1000.00,0.00
64992489520453343,20180127,1000.00,1000.00,0,0,0.00,0.00,0.00,1000.00,0.00
64992489520453343,20180128,1000.00,1000.00,0,0,0.00,0.00,0.00,1000.00,0.00
64992489520453343,20180129,1000.00,1000.00,0,0,0.00,0.00,0.00,1000.00,0.00
64992489520453343,20180130,1000.00,1000.00,0,0,0.00,0.00,0.00,1000.00,0.00
64992489520453343,20180131,1000.00,1000.00,0,0,0.00,0.00,0.00,1000.00,0.00
64992489520453343,20180203,1000.00,1000.00,0,0,0.00,0.00,0.00,1000.00,0.00
64992489520453343,20180204,1000.00,1000.00,0,0,0.00,0.00,0.00,1000.00,0.00
64992489520453343,20180205,1000.00,1000.00,0,0,0.00,0.00,0.00,1000.00,0.00
64992489520453343,20180206,1000.00,1000.00,0,0,0.00,0.00,0.00,1000.00,0.00
64992489520453343,20180207,1000.00,1000.00,0,0,0.00,0.00,0.00,1000.00,0.00
64992489520453343,20180210,1000.00,1000.00,0,0,0.00,0.00,0.00,1000.00,0.00
64992489520453343,20180212,1000.00,1000.00,0,0,0.00,0.00,0.00,1000.00,0.00
64992489520453343,20180213,1000.00,1000.00,0,0,0.00,0.00,0.00,1000.00,0.00
64992489520453343,20180214,1000.00,1000.00,0,0,0.00,0.00,0.00,1000.00,0.00
64992489520453343,20180217,1000.00,1000.00,0,0,0.00,0.00,0.00,1000.00,0.00
64992489520453343,20180218,1000.00,1000.00,0,0,0.00,0.00,0.00,1000.00,0.00
64992489520453343,20180219,1000.00,1000.00,0,0,0.00,0.00,0.00,1000.00,0.00
64992489520453343,20180221,1000.00,1000.00,0,0,0.00,0.00,0.00,1000.00,0.00
64992489520453343,20180224,1000.00,1000.00,0,0,0.00,0.00,0.00,1000.00,0.00
64992489520453343,20180225,1000.00,1000.00,0,0,0.00,0.00,0.00,1000.00,0.00
64992489520453343,20180226,1000.00,1000.00,0,0,0.00,0.00,0.00,1000.00,0.00
64992489520453343,20180227,1000.00,1000.00,0,0,0.00,0.00,0.00,1000.00,0.00
64992489520453343,20180228,1000.00,1000.00,0,0,0.00,0.00,0.00,1000.00,0.00
64992489520453343,20180303,1000.00,1000.00,0,0,0.00,0.00,0.00,1000.00,0.00
64992489520453343,20180304,1000.00,1000.00,0,0,0.00,0.00,0.00,1000.00,0.00
64992489520453343,20180305,1000.00,1000.00,0,0,0.00,0.00,0.00,1000.00,0.00
64992489520453343,20180306,1000.00,1000.00,0,0,0.00,0.00,0.00,1000.00,0.00
64992489520453343,20180307,1000.00,1000.00,0,0,0.00,0.00,0.00,1000.00,0.00
64992489520453343,20180310,1000.00,1000.00,0,0,0.00,0.00,0.00,1000.00,0.00
64992489520453343,20180311,1000.00,1000.00,0,0,0.00,0.00,0.00,1000.00,0.00
64992489520453343,20180312,1000.00,1000.00,0,0,0.00,0.00,0.00,1000.00,0.00
64992489520453343,20180313,1000.00,1000.00,0,0,0.00,0.00,0.00,1000.00,0.00
64992489520453343,20180314,1000.00,1000.00,0,0,0.00,0.00,0.00,1000.00,0.00
64992489520453343,20180317,1000.00,1000.00,0,0,0.00,0.00,0.00,1000.00,0.00
64992489520453343,20180318,1000.00,1000.00,0,0,0.00,0.00,0.00,1000.00,0.00
64992489520453343,20180319,1000.00,1000.00,0,0,0.00,0.00,0.00,1000.00,0.00
64992489520453343,20180325,1000.00,1000.00,0,0,0.00,0.00,0.00,1000.00,0.00
64992489520453343,20180326,1000.00,1000.00,0,0,0.00,0.00,0.00,1000.00,0.00
64992489520453343,20180327,1000.00,1000.00,0,0,0.00,0.00,0.00,1000.00,0.00
64992489520453343,20180328,1000.00,1000.00,0,0,0.00,0.00,0.00,1000.00,0.00
64992489520453343,20180403,1000.00,1000.00,0,0,0.00,0.00,0.00,1000.00,0.00
64992489520453343,20180404,1000.00,1000.00,0,0,0.00,0.00,0.00,1000.00,0.00
64992489520453343,20180407,1000.00,1000.00,0,0,0.00,0.00,0.00,1000.00,0.00
64992489520453343,20180408,1000.00,1000.00,0,0,0.00,0.00,0.00,1000.00,0.00
64992489520453343,20180409,1000.00,1000.00,0,0,0.00,0.00,0.00,1000.00,0.00
64992489520453343,20180410,1000.00,1000.00,0,0,0.00,0.00,0.00,1000.00,0.00
64992489520453343,20180411,1000.00,1000.00,0,0,0.00,0.00,0.00,1000.00,0.00
64992489520453343,20180415,1000.00,1000.00,0,0,0.00,0.00,0.00,1000.00,0.00
64992489520453343,20180416,1000.00,1000.00,0,0,0.00,0.00,0.00,1000.00,0.00
64992489520453343,20180417,1000.00,1000.00,0,0,0.00,0.00,0.00,1000.00,0.00
64992489520453343,20180418,1000.00,1000.00,0,0,0.00,0.00,0.00,1000.00,0.00
64992489520453343,20180421,1000.00,1000.00,0,0,0.00,0.00,0.00,1000.00,0.00
64992489520453343,20180422,1000.00,1000.00,0,0,0.00,0.00,0.00,1000.00,0.00
64992489520453343,20180423,1000.00,1000.00,0,0,0.00,0.00,0.00,1000.00,0.00
64992489520453343,20180424,1000.00,1000.00,0,0,0.00,0.00,0.00,1000.00,0.00
64992489520453343,20180425,1000.00,1000.00,0,0,0.00,0.00,0.00,1000.00,0.00
64992489520453343,20180428,1000.00,1000.00,0,0,0.00,0.00,0.00,1000.00,0.00
64992489520453343,20180429,1000.00,1000.00,0,0,0.00,0.00,0.00,1000.00,0.00
64992489520453343,20180430,1000.00,1000.00,0,0,0.00,0.00,0.00,1000.00,0.00
64992489520453343,20180501,1000.00,1000.00,0,0,0.00,0.00,0.00,1000.00,0.00
64992489520453343,20180505,1000.00,1000.00,0,0,0.00,0.00,0.00,1000.00,0.00
64992489520453343,20180506,1000.00,1000.00,0,0,0.00,0.00,0.00,1000.00,0.00
64992489520453343,20180507,1000.00,1000.00,0,0,0.00,0.00,0.00,1000.00,0.00
64992489520453343,20180508,1000.00,1000.00,0,0,0.00,0.00,0.00,1000.00,0.00
64992489520453343,20180509,1000.00,1000.00,0,0,0.00,0.00,0.00,1000.00,0.00
64992489520453343,20180512,1000.00,1000.00,0,0,0.00,0.00,0.00,1000.00,0.00
64992489520453343,20180513,1000.00,1000.00,0,0,0.00,0.00,0.00,1000.00,0.00
64992489520453343,20180514,1000.00,1000.00,0,0,0.00,0.00,0.00,1000.00,0.00
64992489520453343,20180515,1000.00,1000.00,0,0,0.00,0.00,0.00,1000.00,0.00
64992489520453343,20180516,1000.00,1000.00,0,0,0.00,0.00,0.00,1000.00,0.00
64992489520453343,20180519,1000.00,1000.00,0,0,0.00,0.00,0.00,1000.00,0.00
64992489520453343,20180520,1000.00,1000.00,0,0,0.00,0.00,0.00,1000.00,0.00
64992489520453343,20180521,1000.00,1000.00,0,0,0.00,0.00,0.00,1000.00,0.00
64992489520453343,20180522,1000.00,1000.00,0,0,0.00,0.00,0.00,1000.00,0.00
64992489520453343,20180523,1000.00,1000.00,0,0,0.00,0.00,0.00,1000.00,0.00
64992489520453343,20180526,1000.00,1000.00,0,0,0.00,0.00,0.00,1000.00,0.00
64992489520453343,20180527,1000.00,1000.00,0,0,0.00,0.00,0.00,1000.00,0.00
64992489520453343,20180528,1000.00,1000.00,0,0,0.00,0.00,0.00,1000.00,0.00
64992489520453343,20180529,1000.00,1000.00,0,0,0.00,0.00,0.00,1000.00,0.00
64992489520453343,20180530,1000.00,1000.00,0,0,0.00,0.00,0.00,1000.00,0.00
64992489520453343,20180602,1000.00,1000.00,0,0,0.00,0.00,0.00,1000.00,0.00
64992489520453343,20180603,1000.00,1000.00,0,0,0.00,0.00,0.00,1000.00,0.00
64992489520453343,20180609,1000.00,1000.00,0,0,0.00,0.00,0.00,1000.00,0.00
64992489520453343,20180610,1000.00,1000.00,0,0,0.00,0.00,0.00,1000.00,0.00
64992489520453343,20180611,1000.00,1000.00,0,0,0.00,0.00,0.00,1000.00,0.00
64992489520453343,20180612,1000.00,1000.00,0,0,0.00,0.00,0.00,1000.00,0.00
64992489520453343,20180613,1000.00,1000.00,0,0,0.00,0.00,0.00,1000.00,0.00
64992489520453343,20180617,1000.00,1000.00,0,0,0.00,0.00,0.00,1000.00,0.00
64992489520453343,20180618,1000.00,1000.00,0,0,0.00,0.00,0.00,1000.00,0.00
64992489520453343,20180619,1000.00,1000.00,0,0,0.00,0.00,0.00,1000.00,0.00
64992489520453343,20180620,1000.00,1000.00,0,0,0.00,0.00,0.00,1000.00,0.00
64992489520453343,20180623,1000.00,1000.00,0,0,0.00,0.00,0.00,1000.00,0.00
64992489520453343,20180624,1000.00,1000.00,0,0,0.00,0.00,0.00,1000.00,0.00
64992489520453343,20180625,1000.00,1000.00,0,0,0.00,0.00,0.00,1000.00,0.00
64992489520453343,20180626,1000.00,1000.00,0,0,0.00,0.00,0.00,1000.00,0.00
64992489520453343,20180627,1000.00,1000.00,0,0,0.00,0.00,0.00,1000.00,0.00
64992489520453343,20180630,1000.00,1000.00,0,0,0.00,0.00,0.00,1000.00,0.00
64992489520453343,20180701,1000.00,1000.00,0,0,0.00,0.00,0.00,1000.00,0.00
64992489520453343,20180702,1000.00,1000.00,0,0,0.00,0.00,0.00,1000.00,0.00
64992489520453343,20180703,1000.00,1000.00,0,0,0.00,0.00,0.00,1000.00,0.00
64992489520453343,20180704,1000.00,1000.00,0,0,0.00,0.00,0.00,1000.00,0.00
64992489520453343,20180707,1000.00,1000.00,0,0,0.00,0.00,0.00,1000.00,0.00
64992489520453343,20180708,1000.00,1000.00,0,0,0.00,0.00,0.00,1000.00,0.00
64992489520453343,20180710,1000.00,1000.00,0,0,0.00,0.00,0.00,1000.00,0.00
64992489520453343,20180711,1000.00,1000.00,0,0,0.00,0.00,0.00,1000.00,0.00
64992489520453343,20180714,1000.00,1000.00,0,0,0.00,0.00,0.00,1000.00,0.00
64992489520453343,20180715,1000.00,1000.00,0,0,0.00,0.00,0.00,1000.00,0.00
64992489520453343,20180716,1000.00,1000.00,0,0,0.00,0.00,0.00,1000.00,0.00
64992489520453343,20180717,1000.00,1000.00,0,0,0.00,0.00,0.00,1000.00,0.00
64992489520453343,20180718,1000.00,1000.00,0,0,0.00,0.00,0.00,1000.00,0.00
64992489520453343,20180721,1000.00,1000.00,0,0,0.00,0.00,0.00,1000.00,0.00
64992489520453343,20180722,1000.00,1000.00,0,0,0.00,0.00,0.00,1000.00,0.00
64992489520453343,20180723,1000.00,1000.00,0,0,0.00,0.00,0.00,1000.00,0.00
64992489520453343,20180724,1000.00,1000.00,0,0,0.00,0.00,0.00,1000.00,0.00
64992489520453343,20180725,1000.00,1000.00,0,0,0.00,0.00,0.00,1000.00,0.00
64992489520453343,20180726,1000.00,1000.00,0,0,0.00,0.00,0.00,1000.00,0.00
64992489520453343,20180727,1000.00,1000.00,0,0,0.00,0.00,0.00,1000.00,0.00
64992489520453343,20180728,1000.00,1000.00,0,0,0.00,0.00,0.00,1000.00,0.00
64992489520453343,20180729,1000.00,1000.00,0,0,0.00,0.00,0.00,1000.00,0.00
64992489520453343,20180730,1000.00,1000.00,0,0,0.00,0.00,0.00,1000.00,0.00
64992489520453343,20180731,1000.00,1000.00,0,0,0.00,0.00,0.00,1000.00,0.00
64992489520453343,20180801,1000.00,1000.00,0,0,0.00,0.00,0.00,1000.00,0.00
64992489520453343,20180804,1000.00,1000.00,0,0,0.00,0.00,0.00,1000.00,0.00
64992489520453343,20180805,1000.00,1000.00,0,0,0.00,0.00,0.00,1000.00,0.00
64992489520453343,20180806,1000.00,1000.00,0,0,0.00,0.00,0.00,1000.00,0.00
64992489520453343,20180807,1000.00,1000.00,0,0,0.00,0.00,0.00,1000.00,0.00
64992489520453343,20180808,1000.00,1000.00,0,0,0.00,0.00,0.00,1000.00,0.00
64992489520453343,20180811,1000.00,1000.00,0,0,0.00,0.00,0.00,1000.00,0.00
64992489520453343,20180812,1000.00,1000.00,0,0,0.00,0.00,0.00,1000.00,0.00
64992489520453343,20180813,1000.00,1000.00,0,0,0.00,0.00,0.00,1000.00,0.00
64992489520453343,20180814,1000.00,1000.00,0,0,0.00,0.00,0.00,1000.00,0.00
64992489520453343,20180815,1000.00,1000.00,0,0,0.00,0.00,0.00,1000.00,0.00
64992489520453343,20180818,1000.00,1000.00,0,0,0.00,0.00,0.00,1000.00,0.00
64992489520453343,20180819,1000.00,1000.00,0,0,0.00,0.00,0.00,1000.00,0.00
64992489520453343,20180820,1000.00,1000.00,0,0,0.00,0.00,0.00,1000.00,0.00
64992489520453343,20180821,1000.00,1000.00,0,0,0.00,0.00,0.00,1000.00,0.00
64992489520453343,20180825,1000.00,1000.00,0,0,0.00,0.00,0.00,1000.00,0.00
64992489520453343,20180826,1000.00,1000.00,0,0,0.00,0.00,0.00,1000.00,0.00
64992489520453343,20180827,1000.00,1000.00,0,0,0.00,0.00,0.00,1000.00,0.00
64992489520453343,20180828,1000.00,1000.00,0,0,0.00,0.00,0.00,1000.00,0.00
64992489520453343,20180829,1000.00,1000.00,0,0,0.00,0.00,0.00,1000.00,0.00
64992489520453343,20180901,1000.00,1000.00,0,0,0.00,0.00,0.00,1000.00,0.00
64992489520453343,20180902,1000.00,1000.00,0,0,0.00,0.00,0.00,1000.00,0.00
64992489520453343,20180903,1000.00,1000.00,0,0,0.00,0.00,0.00,1000.00,0.00
64992489520453343,20180904,1000.00,1000.00,0,0,0.00,0.00,0.00,1000.00,0.00
64992489520453343,20180905,1000.00,1000.00,0,0,0.00,0.00,0.00,1000.00,0.00
64992489520453343,20180908,1000.00,1000.00,0,0,0.00,0.00,0.00,1000.00,0.00
64992489520453343,20180909,1000.00,1000.00,0,0,0.00,0.00,0.00,1000.00,0.00
64992489520453343,20180910,1000.00,1000.00,0,0,0.00,0.00,0.00,1000.00,0.00
64992489520453343,20180911,1000.00,1000.00,0,0,0.00,0.00,0.00,1000.00,0.00
64992489520453343,20180912,1000.00,1000.00,0,0,0.00,0.00,0.00,1000.00,0.00
64992489520453343,20180915,1000.00,1000.00,0,0,0.00,0.00,0.00,1000.00,0.00
64992489520453343,20180916,1000.00,1000.00,0,0,0.00,0.00,0.00,1000.00,0.00
64992489520453343,20180917,1000.00,1000.00,0,0,0.00,0.00,0.00,1000.00,0.00
64992489520453343,20180918,1000.00,1000.00,0,0,0.00,0.00,0.00,1000.00,0.00
64992489520453343,20180922,1000.00,1000.00,0,0,0.00,0.00,0.00,1000.00,0.00
64992489520453343,20180923,1000.00,1000.00,0,0,0.00,0.00,0.00,1000.00,0.00
64992489520453343,20180924,1000.00,1000.00,0,0,0.00,0.00,0.00,1000.00,0.00
64992489520453343,20180925,1000.00,1000.00,0,0,0.00,0.00,0.00,1000.00,0.00
64992489520453343,20180926,1000.00,1000.00,0,0,0.00,0.00,0.00,1000.00,0.00
64992489520453343,20180929,1000.00,1000.00,0,0,0.00,0.00,0.00,1000.00,0.00
64992489520453343,20180930,1000.00,1000.00,0,0,0.00,0.00,0.00,1000.00,0.00
64992489520453343,20181001,1000.00,1000.00,0,0,0.00,0.00,0.00,1000.00,0.00
64992489520453343,20181002,1000.00,1000.00,0,0,0.00,0.00,0.00,1000.00,0.00
64992489520453343,20181003,1000.00,1000.00,0,0,0.00,0.00,0.00,1000.00,0.00
64992489520453343,20181006,1000.00,1000.00,0,0,0.00,0.00,0.00,1000.00,0.00
64992489520453343,20181007,1000.00,1000.00,0,0,0.00,0.00,0.00,1000.00,0.00
64992489520453343,20181008,1000.00,1000.00,0,0,0.00,0.00,0.00,1000.00,0.00
64992489520453343,20181009,1000.00,1000.00,0,0,0.00,0.00,0.00,1000.00,0.00
64992489520453343,20181010,1000.00,1000.00,0,0,0.00,0.00,0.00,1000.00,0.00
64992489520453343,20181013,1000.00,1000.00,0,0,0.00,0.00,0.00,1000.00,0.00
64992489520453343,20181014,1000.00,1000.00,0,0,0.00,0.00,0.00,1000.00,0.00
64992489520453343,20181015,1000.00,1000.00,0,0,0.00,0.00,0.00,1000.00,0.00
64992489520453343,20181016,1000.00,1000.00,0,0,0.00,0.00,0.00,1000.00,0.00
64992489520453343,20181017,1000.00,1000.00,0,0,0.00,0.00,0.00,1000.00,0.00
64992489520453343,20181020,1000.00,1000.00,0,0,0.00,0.00,0.00,1000.00,0.00
64992489520453343,20181021,1000.00,1000.00,0,0,0.00,0.00,0.00,1000.00,0.00
64992489520453343,20181022,1000.00,1000.00,0,0,0.00,0.00,0.00,1000.00,0.00
64992489520453343,20181023,1000.00,1000.00,0,0,0.00,0.00,0.00,1000.00,0.00
64992489520453343,20181024,1000.00,1000.00,0,0,0.00,0.00,0.00,1000.00,0.00
64992489520453343,20181027,1000.00,1000.00,0,0,0.00,0.00,0.00,1000.00,0.00
64992489520453343,20181028,1000.00,1000.00,0,0,0.00,0.00,0.00,1000.00,0.00
64992489520453343,20181029,1000.00,1000.00,0,0,0.00,0.00,0.00,1000.00,0.00
64992489520453343,20181031,1000.00,1000.00,0,0,0.00,0.00,0.00,1000.00,0.00
64992489520453343,20181103,1000.00,1000.00,0,0,0.00,0.00,0.00,1000.00,0.00
64992489520453343,20181104,1000.00,1000.00,0,0,0.00,0.00,0.00,1000.00,0.00
64992489520453343,20181105,1000.00,1000.00,0,0,0.00,0.00,0.00,1000.00,0.00
64992489520453343,20181106,1000.00,1000.00,0,0,0.00,0.00,0.00,1000.00,0.00
64992489520453343,20181110,1000.00,1000.00,0,0,0.00,0.00,0.00,1000.00,0.00
64992489520453343,20181111,1000.00,1000.00,0,0,0.00,0.00,0.00,1000.00,0.00
64992489520453343,20181112,1000.00,1000.00,0,0,0.00,0.00,0.00,1000.00,0.00
64992489520453343,20181113,1000.00,1000.00,0,0,0.00,0.00,0.00,1000.00,0.00
64992489520453343,20181114,1000.00,1000.00,0,0,0.00,0.00,0.00,1000.00,0.00
64992489520453343,20181117,1000.00,1000.00,0,0,0.00,0.00,0.00,1000.00,0.00
64992489520453343,20181118,1000.00,1000.00,0,0,0.00,0.00,0.00,1000.00,0.00
64992489520453343,20181119,1000.00,1000.00,0,0,0.00,0.00,0.00,1000.00,0.00
64992489520453343,20181120,1000.00,1000.00,0,0,0.00,0.00,0.00,1000.00,0.00
64992489520453343,20181121,1000.00,1000.00,0,0,0.00,0.00,0.00,1000.00,0.00
64992489520453343,20181124,1000.00,1000.00,0,0,0.00,0.00,0.00,1000.00,0.00
64992489520453343,20181126,1000.00,1000.00,0,0,0.00,0.00,0.00,1000.00,0.00
64992489520453343,20181127,1000.00,1000.00,0,0,0.00,0.00,0.00,1000.00,0.00
64992489520453343,20181128,1000.00,1000.00,0,0,0.00,0.00,0.00,1000.00,0.00
64992489520453343,20181201,1000.00,1000.00,0,0,0.00,0.00,0.00,1000.00,0.00
64992489520453343,20181202,1000.00,1000.00,0,0,0.00,0.00,0.00,1000.00,0.00
64992489520453343,20181203,1000.00,1000.00,0,0,0.00,0.00,0.00,1000.00,0.00
64992489520453343,20181204,1000.00,1000.00,0,0,0.00,0.00,0.00,1000.00,0.00
64992489520453343,20181205,1000.00,1000.00,0,0,0.00,0.00,0.00,1000.00,0.00
64992489520453343,20181208,1000.00,1000.00,0,0,0.00,0.00,0.00,1000.00,0.00
64992489520453343,20181209,1000.00,1000.00,0,0,0.00,0.00,0.00,1000.00,0.00
64992489520453343,20181210,1000.00,1000.00,0,0,0.00,0.00,0.00,1000.00,0.00
