6626302649460766,20010326,1080.00,1080.00,26,58710,63406800.00,1080.00,1080.00,0.00,1080.00
6626302649460766,20010327,1080.00,1080.00,7,23408,25264552.00,1079.00,1081.00,1080.00,1079.00
6626302649460766,20010328,1080.00,1080.00,7,9327,10073160.00,1080.00,1080.00,1080.00,1080.00
6626302649460766,20010331,1080.00,1080.00,9,19133,20663640.00,1080.00,1080.00,1080.00,1080.00
6626302649460766,20010403,1080.00,1080.00,21,62632,67637812.00,1079.00,1080.00,1080.00,1080.00
6626302649460766,20010407,1082.00,1082.00,7,13797,14908354.00,1080.00,1082.00,1080.00,1080.00
6626302649460766,20010408,1085.00,1085.00,18,71232,77266384.00,1082.00,1086.00,1082.00,1082.00
6626302649460766,20010409,1086.00,1086.00,47,115577,125442694.00,1083.00,1086.00,1085.00,1083.00
6626302649460766,20010410,1087.00,1087.00,20,73000,79334950.00,1086.00,1087.00,1086.00,1086.00
6626302649460766,20010411,1088.00,1088.00,14,61232,66602427.00,1087.00,1088.00,1087.00,1087.00
6626302649460766,20010414,1090.00,1090.00,23,90207,98149752.00,1088.00,1090.00,1088.00,1088.00
6626302649460766,20010415,1090.00,1090.00,35,92840,101196340.00,1089.00,1091.00,1090.00,1090.00
6626302649460766,20010416,1092.00,1092.00,25,148101,161453710.00,1089.00,1092.00,1090.00,1090.00
6626302649460766,20010417,1096.00,1096.00,40,104452,114296232.00,1091.00,1097.00,1092.00,1092.00
6626302649460766,20010418,1100.00,1100.00,23,71151,78027532.00,1096.00,1100.00,1096.00,1098.00
6626302649460766,20010421,1101.00,1101.00,35,61356,67534542.00,1100.00,1101.00,1100.00,1101.00
6626302649460766,20010422,1105.00,1105.00,32,49974,55139955.00,1102.00,1105.00,1101.00,1104.00
6626302649460766,20010423,1105.00,1105.00,52,80440,88858449.00,1102.00,1105.00,1105.00,1105.00
6626302649460766,20010424,1106.00,1106.00,14,14195,15686366.00,1105.00,1106.00,1105.00,1105.00
6626302649460766,20010425,1107.00,1107.00,23,29742,32924394.00,1107.00,1107.00,1106.00,1107.00
6626302649460766,20010428,1119.00,1119.00,39,41576,46262180.00,1111.00,1119.00,1107.00,1111.00
6626302649460766,20010429,1174.00,1174.00,15,23931,27533922.00,1145.00,1174.00,1119.00,1145.00
6626302649460766,20010430,1232.00,1232.00,18,30535,36978136.00,1182.00,1232.00,1174.00,1185.00
6626302649460766,20010501,1255.00,1255.00,33,72314,90170700.00,1235.00,1260.00,1232.00,1260.00
6626302649460766,20010502,1255.00,1255.00,40,66335,83212637.00,1244.00,1265.00,1255.00,1255.00
6626302649460766,20010505,1255.00,1255.00,18,36389,45647088.00,1254.00,1255.00,1255.00,1254.00
6626302649460766,20010506,1254.00,1254.00,10,15116,18951487.00,1253.00,1255.00,1255.00,1254.00
6626302649460766,20010507,1252.00,1252.00,9,9943,12444151.00,1251.00,1254.00,1254.00,1254.00
6626302649460766,20010508,1232.00,1232.00,14,29010,36162235.00,1232.00,1253.00,1252.00,1251.00
6626302649460766,20010512,1200.00,1200.00,2,1200,1440000.00,1200.00,1200.00,1232.00,1200.00
6626302649460766,20010513,1199.00,1199.00,3,5564,6673146.00,1199.00,1200.00,1200.00,1200.00
6626302649460766,20010519,1190.00,1190.00,23,33600,38700300.00,1140.00,1190.00,1199.00,1140.00
6626302649460766,20010520,1189.00,1189.00,4,3100,3685900.00,1189.00,1189.00,1190.00,1189.00
6626302649460766,20010527,1185.00,1185.00,24,67129,78449564.00,1160.00,1185.00,1189.00,1160.00
6626302649460766,20010528,1185.00,1185.00,3,2360,2794440.00,1184.00,1185.00,1185.00,1184.00
6626302649460766,20010529,1141.00,1141.00,8,28520,32676320.00,1141.00,1149.00,1185.00,1146.00
6626302649460766,20010530,1152.00,1152.00,4,5136,5892048.00,1146.00,1152.00,1141.00,1146.00
6626302649460766,20010602,1155.00,1155.00,48,74681,86305739.00,1155.00,1157.00,1152.00,1156.00
6626302649460766,20010603,1160.00,1160.00,45,75974,88078077.00,1155.00,1160.00,1155.00,1160.00
6626302649460766,20010606,1164.00,1164.00,41,69360,80725240.00,1160.00,1164.00,1160.00,1160.00
6626302649460766,20010609,1167.00,1167.00,98,123531,144275309.00,1164.00,1182.00,1164.00,1164.00
6626302649460766,20010611,1170.00,1170.00,19,21506,25138867.00,1167.00,1170.00,1167.00,1169.00
6626302649460766,20010612,1172.00,1172.00,20,25098,29414856.00,1172.00,1172.00,1170.00,1172.00
6626302649460766,20010613,1182.00,1182.00,26,70133,82273829.00,1169.00,1182.00,1172.00,1170.00
6626302649460766,20010616,1182.00,1182.00,26,49046,57972372.00,1182.00,1182.00,1182.00,1182.00
6626302649460766,20010617,1182.00,1182.00,18,41570,49135380.00,1181.00,1182.00,1182.00,1181.00
6626302649460766,20010618,1183.00,1183.00,18,30778,36384023.00,1182.00,1183.00,1182.00,1182.00
6626302649460766,20010619,1184.00,1184.00,19,23785,28133706.00,1182.00,1184.00,1183.00,1182.00
6626302649460766,20010620,1185.00,1185.00,13,13550,16043303.00,1183.00,1185.00,1184.00,1184.00
6626302649460766,20010623,1186.00,1186.00,16,22500,26671034.00,1185.00,1186.00,1185.00,1185.00
6626302649460766,20010624,1188.00,1188.00,12,47836,56775139.00,1180.00,1188.00,1186.00,1187.00
6626302649460766,20010625,1188.00,1188.00,6,13934,16553592.00,1188.00,1188.00,1188.00,1188.00
6626302649460766,20010627,1189.00,1189.00,14,20420,24256043.00,1186.00,1189.00,1188.00,1187.00
6626302649460766,20010630,1190.00,1190.00,11,10835,12891329.00,1189.00,1190.00,1189.00,1189.00
6626302649460766,20010701,1190.00,1190.00,29,68971,82065490.00,1189.00,1190.00,1190.00,1189.00
6626302649460766,20010702,1190.00,1190.00,6,8348,9934120.00,1190.00,1190.00,1190.00,1190.00
6626302649460766,20010703,1190.00,1190.00,4,3320,3950800.00,1190.00,1190.00,1190.00,1190.00
6626302649460766,20010704,1190.00,1190.00,24,73246,87154473.00,1188.00,1190.00,1190.00,1188.00
6626302649460766,20010707,1191.00,1191.00,9,7665,9127640.00,1190.00,1192.00,1190.00,1190.00
6626302649460766,20010708,1192.00,1192.00,20,24928,29676508.00,1190.00,1192.00,1191.00,1190.00
6626302649460766,20010709,1192.00,1192.00,15,27488,32765696.00,1192.00,1192.00,1192.00,1192.00
6626302649460766,20010710,1192.00,1192.00,4,292,348064.00,1192.00,1192.00,1192.00,1192.00
6626302649460766,20010711,1193.00,1193.00,15,20441,24376677.00,1191.00,1193.00,1192.00,1191.00
6626302649460766,20010714,1193.00,1193.00,6,15873,18925637.00,1192.00,1193.00,1193.00,1193.00
6626302649460766,20010715,1195.00,1195.00,4,4833,5769657.00,1193.00,1195.00,1193.00,1193.00
6626302649460766,20010716,1196.00,1196.00,19,35204,42069930.00,1194.00,1196.00,1195.00,1195.00
6626302649460766,20010717,1196.00,1196.00,13,32127,38412352.00,1194.00,1196.00,1196.00,1196.00
6626302649460766,20010721,1196.00,1196.00,20,48294,57748272.00,1190.00,1196.00,1196.00,1196.00
6626302649460766,20010722,1197.00,1197.00,19,37866,45309748.00,1195.00,1197.00,1196.00,1195.00
6626302649460766,20010723,1196.00,1196.00,5,8260,9880740.00,1196.00,1197.00,1197.00,1197.00
6626302649460766,20010724,1197.00,1197.00,26,59301,70954127.00,1195.00,1197.00,1196.00,1195.00
6626302649460766,20010725,1198.00,1198.00,9,15191,18195818.00,1197.00,1198.00,1197.00,1198.00
6626302649460766,20010728,1200.00,1200.00,20,38404,46022844.00,1195.00,1200.00,1198.00,1195.00
6626302649460766,20010729,1200.00,1200.00,6,10421,12500260.00,1199.00,1200.00,1200.00,1199.00
6626302649460766,20010730,1200.00,1200.00,7,24630,29533500.00,1199.00,1200.00,1200.00,1199.00
6626302649460766,20010731,1201.00,1201.00,28,59968,72042988.00,1200.00,1210.00,1200.00,1205.00
6626302649460766,20010801,1202.00,1202.00,9,11536,13860732.00,1201.00,1202.00,1201.00,1201.00
6626302649460766,20010804,1202.00,1202.00,14,17720,21299440.00,1202.00,1202.00,1202.00,1202.00
6626302649460766,20010805,1203.00,1203.00,6,10004,12030708.00,1201.00,1203.00,1202.00,1201.00
6626302649460766,20010806,1205.00,1205.00,13,15837,19054937.00,1201.00,1205.00,1203.00,1203.00
6626302649460766,20010807,1205.00,1205.00,10,14000,16849850.00,1200.00,1205.00,1205.00,1201.00
6626302649460766,20010808,1205.00,1205.00,7,8183,9850515.00,1200.00,1205.00,1205.00,1205.00
6626302649460766,20010811,1205.00,1205.00,19,129032,155473560.00,1204.00,1205.00,1205.00,1205.00
6626302649460766,20010812,1206.00,1206.00,7,8524,10272058.00,1204.00,1206.00,1205.00,1204.00
6626302649460766,20010813,1207.00,1207.00,15,30503,36817490.00,1207.00,1210.00,1206.00,1210.00
6626302649460766,20010814,1209.00,1209.00,25,78163,94507289.00,1207.00,1213.00,1207.00,1207.00
6626302649460766,20010815,1215.00,1215.00,81,286953,349178990.00,1209.00,1225.00,1209.00,1209.00
6626302649460766,20010818,1221.00,1221.00,180,910188,1119388034.00,1221.00,1250.00,1215.00,1227.00
6626302649460766,20010819,1239.00,1239.00,158,939383,1164248818.00,1230.00,1260.00,1221.00,1233.00
6626302649460766,20010820,1260.00,1260.00,193,1214748,1540277619.00,1260.00,1300.00,1239.00,1278.00
6626302649460766,20010821,1265.00,1265.00,290,1533638,1963569347.00,1265.00,1310.00,1260.00,1265.00
6626302649460766,20010822,1278.00,1278.00,109,488927,627803870.00,1276.00,1310.00,1265.00,1282.00
6626302649460766,20010825,1290.00,1290.00,200,1077747,1397792574.00,1290.00,1320.00,1278.00,1300.00
6626302649460766,20010826,1305.00,1305.00,202,1061884,1393512883.00,1305.00,1335.00,1290.00,1333.00
6626302649460766,20010827,1318.00,1318.00,237,1181432,1562763338.00,1318.00,1328.00,1305.00,1326.00
6626302649460766,20010828,1335.00,1335.00,208,1124390,1499032221.00,1327.00,1344.00,1318.00,1327.00
6626302649460766,20010829,1318.00,1318.00,117,291109,379739993.00,1290.00,1335.00,1335.00,1335.00
6626302649460766,20010901,1318.00,1318.00,76,268112,348947749.00,1289.00,1318.00,1318.00,1310.00
6626302649460766,20010902,1317.00,1317.00,48,314380,411800539.00,1280.00,1317.00,1318.00,1313.00
6626302649460766,20010903,1307.00,1307.00,63,276008,360090892.00,1300.00,1310.00,1317.00,1305.00
6626302649460766,20010904,1295.00,1295.00,33,156030,201189055.00,1280.00,1300.00,1307.00,1300.00
6626302649460766,20010905,1295.00,1295.00,60,389362,502775367.00,1279.00,1296.00,1295.00,1280.00
6626302649460766,20010908,1302.00,1302.00,235,1329892,1749719080.00,1300.00,1350.00,1295.00,1315.00
6626302649460766,20010909,1311.00,1311.00,197,1379050,1815137296.00,1311.00,1322.00,1302.00,1318.00
6626302649460766,20010910,1311.00,1311.00,66,240908,315079480.00,1300.00,1330.00,1311.00,1330.00
6626302649460766,20010911,1311.00,1311.00,25,184181,240718973.00,1300.00,1311.00,1311.00,1310.00
6626302649460766,20010912,1308.00,1308.00,63,255820,331823394.00,1288.00,1308.00,1311.00,1301.00
6626302649460766,20010915,1300.00,1300.00,20,206417,266799584.00,1289.00,1304.00,1308.00,1304.00
6626302649460766,20010916,1300.00,1300.00,132,1168415,1506134437.00,1270.00,1300.00,1300.00,1270.00
6626302649460766,20010919,1290.00,1290.00,70,492663,626838012.00,1246.00,1290.00,1300.00,1248.00
6626302649460766,20010922,1290.00,1290.00,30,165585,212762238.00,1260.00,1290.00,1290.00,1290.00
6626302649460766,20010923,1291.00,1291.00,39,304012,391068890.00,1270.00,1291.00,1290.00,1284.00
6626302649460766,20010924,1291.00,1291.00,41,308939,397812190.00,1280.00,1291.00,1291.00,1280.00
6626302649460766,20010926,1290.00,1290.00,57,369289,474525418.00,1268.00,1290.00,1291.00,1276.00
6626302649460766,20010929,1286.00,1286.00,3,5000,6425880.00,1285.00,1286.00,1290.00,1285.00
6626302649460766,20010930,1286.00,1286.00,51,407527,521674319.00,1260.00,1286.00,1286.00,1260.00
6626302649460766,20011002,1286.00,1286.00,31,282081,361166732.00,1260.00,1286.00,1286.00,1260.00
6626302649460766,20011003,1286.00,1286.00,37,191526,245492166.00,1276.00,1286.00,1286.00,1281.00
6626302649460766,20011006,1280.00,1280.00,23,57522,73593618.00,1279.00,1285.00,1286.00,1285.00
6626302649460766,20011007,1279.00,1279.00,25,205788,262439193.00,1251.00,1279.00,1280.00,1279.00
6626302649460766,20011008,1270.00,1270.00,18,59345,75027670.00,1252.00,1270.00,1279.00,1270.00
6626302649460766,20011009,1260.00,1260.00,20,112142,141071730.00,1251.00,1260.00,1270.00,1251.00
6626302649460766,20011013,1260.00,1260.00,47,442747,554447608.00,1244.00,1260.00,1260.00,1244.00
6626302649460766,20011016,1270.00,1270.00,37,267461,337946647.00,1256.00,1270.00,1260.00,1256.00
6626302649460766,20011017,1275.00,1275.00,34,271950,345185167.00,1267.00,1275.00,1270.00,1270.00
6626302649460766,20011020,1280.00,1280.00,21,70442,89744640.00,1270.00,1280.00,1275.00,1270.00
6626302649460766,20011021,1281.00,1281.00,17,89381,114410080.00,1280.00,1281.00,1280.00,1280.00
6626302649460766,20011022,1281.00,1281.00,9,27000,34627000.00,1281.00,1288.00,1281.00,1281.00
6626302649460766,20011023,1281.00,1281.00,15,48664,62339051.00,1280.00,1282.00,1281.00,1282.00
6626302649460766,20011024,1283.00,1283.00,11,48868,62605796.00,1281.00,1283.00,1281.00,1281.00
6626302649460766,20011027,1285.00,1285.00,33,131170,168649878.00,1283.00,1290.00,1283.00,1283.00
6626302649460766,20011028,1285.00,1285.00,30,115281,148159230.00,1285.00,1290.00,1285.00,1285.00
6626302649460766,20011029,1285.00,1285.00,21,92956,119238520.00,1280.00,1285.00,1285.00,1285.00
6626302649460766,20011030,1286.00,1286.00,29,257583,330781067.00,1282.00,1286.00,1285.00,1285.00
6626302649460766,20011031,1287.00,1287.00,20,73801,94865544.00,1284.00,1287.00,1286.00,1285.00
6626302649460766,20011103,1287.00,1287.00,2,230,296010.00,1287.00,1287.00,1287.00,1287.00
6626302649460766,20011104,1290.00,1290.00,26,252335,324507778.00,1280.00,1290.00,1287.00,1283.00
6626302649460766,20011105,1291.00,1291.00,23,73195,94440750.00,1289.00,1291.00,1290.00,1289.00
6626302649460766,20011106,1292.00,1292.00,27,117118,151117040.00,1289.00,1292.00,1291.00,1290.00
6626302649460766,20011110,1293.00,1293.00,45,191016,246414693.00,1280.00,1293.00,1292.00,1280.00
6626302649460766,20011111,1293.00,1293.00,36,166100,214323830.00,1280.00,1293.00,1293.00,1280.00
6626302649460766,20011112,1293.00,1293.00,26,114372,147759428.00,1290.00,1293.00,1293.00,1292.00
6626302649460766,20011113,1293.00,1293.00,13,145336,187684340.00,1288.00,1294.00,1293.00,1290.00
6626302649460766,20011114,1294.00,1294.00,15,180000,232641908.00,1291.00,1294.00,1293.00,1291.00
6626302649460766,20011117,1290.00,1290.00,1,770,993300.00,1290.00,1290.00,1294.00,1290.00
6626302649460766,20011118,1290.00,1290.00,34,82802,106744214.00,1287.00,1290.00,1290.00,1287.00
6626302649460766,20011119,1290.00,1290.00,30,130162,167806390.00,1288.00,1290.00,1290.00,1290.00
6626302649460766,20011120,1290.00,1290.00,19,71000,91496272.00,1287.00,1290.00,1290.00,1290.00
6626302649460766,20011121,1290.00,1290.00,16,149427,192620060.00,1287.00,1290.00,1290.00,1288.00
6626302649460766,20011125,1290.00,1290.00,31,280100,360442210.00,1279.00,1290.00,1290.00,1279.00
6626302649460766,20011127,1290.00,1290.00,35,154779,199249138.00,1280.00,1290.00,1290.00,1280.00
6626302649460766,20011128,1292.00,1292.00,24,68828,88873468.00,1289.00,1295.00,1290.00,1290.00
6626302649460766,20011201,1293.00,1293.00,23,459429,592802341.00,1289.00,1293.00,1292.00,1291.00
6626302649460766,20011202,1294.00,1294.00,20,83344,107715413.00,1292.00,1294.00,1293.00,1292.00
6626302649460766,20011203,1295.00,1295.00,17,55000,71191269.00,1294.00,1295.00,1294.00,1294.00
6626302649460766,20011204,1296.00,1296.00,26,84460,109332087.00,1292.00,1296.00,1295.00,1292.00
6626302649460766,20011205,1297.00,1297.00,20,45341,58636202.00,1289.00,1300.00,1296.00,1290.00
6626302649460766,20011208,1282.00,1282.00,4,11605,15035110.00,1282.00,1297.00,1297.00,1297.00
6626302649460766,20011209,1286.00,1286.00,32,117709,150894266.00,1280.00,1286.00,1282.00,1283.00
6626302649460766,20011210,1291.00,1291.00,22,149843,192442056.00,1280.00,1291.00,1286.00,1286.00
6626302649460766,20011211,1291.00,1291.00,14,47838,61713808.00,1290.00,1291.00,1291.00,1290.00
6626302649460766,20011212,1295.00,1295.00,23,81316,104948425.00,1289.00,1295.00,1291.00,1289.00
6626302649460766,20011215,1298.00,1298.00,23,42775,55363718.00,1290.00,1298.00,1295.00,1295.00
6626302649460766,20011217,1300.00,1300.00,17,35450,45995750.00,1294.00,1300.00,1298.00,1294.00
6626302649460766,20011218,1300.00,1300.00,16,54472,70801120.00,1298.00,1300.00,1300.00,1300.00
6626302649460766,20011219,1301.00,1301.00,12,41683,54237183.00,1301.00,1302.00,1300.00,1302.00
6626302649460766,20011222,1301.00,1301.00,19,54536,70927170.00,1300.00,1301.00,1301.00,1301.00
6626302649460766,20011223,1301.00,1301.00,17,31600,41079041.00,1297.00,1301.00,1301.00,1300.00
6626302649460766,20011224,1304.00,1304.00,12,23526,30596468.00,1299.00,1304.00,1301.00,1299.00
6626302649460766,20011225,1306.00,1306.00,7,26362,34353832.00,1302.00,1306.00,1304.00,1302.00
6626302649460766,20011226,1308.00,1308.00,36,253252,329341730.00,1298.00,1308.00,1306.00,1300.00
6626302649460766,20011229,1310.00,1310.00,21,77835,101736072.00,1305.00,1310.00,1308.00,1305.00
6626302649460766,20011230,1312.00,1312.00,24,173367,227052603.00,1308.00,1312.00,1310.00,1309.00
6626302649460766,20011231,1313.00,1313.00,9,18778,24642714.00,1312.00,1313.00,1312.00,1312.00
6626302649460766,20020101,1320.00,1320.00,32,106582,139554876.00,1285.00,1320.00,1313.00,1313.00
6626302649460766,20020102,1318.00,1318.00,7,44000,57992000.00,1318.00,1318.00,1320.00,1318.00
6626302649460766,20020105,1317.00,1317.00,41,103000,135509077.00,1313.00,1318.00,1318.00,1315.00
6626302649460766,20020106,1318.00,1318.00,40,193711,254993623.00,1313.00,1318.00,1317.00,1315.00
6626302649460766,20020107,1359.00,1359.00,27,89172,117903282.00,1317.00,1359.00,1318.00,1317.00
6626302649460766,20020306,1089.00,1089.00,31,47269,51028438.00,1000.00,1090.00,1359.00,1008.00
6626302649460766,20020309,1090.00,1090.00,38,99909,108996307.00,1088.00,1100.00,1089.00,1089.00
6626302649460766,20020310,1080.00,1080.00,12,18692,20187360.00,1080.00,1080.00,1090.00,1080.00
6626302649460766,20020311,1065.00,1065.00,13,18359,19441146.00,1041.00,1079.00,1080.00,1079.00
6626302649460766,20020312,1041.00,1041.00,9,14510,15155836.00,1041.00,1045.00,1065.00,1045.00
6626302649460766,20020313,1039.00,1039.00,2,1587,1649480.00,1039.00,1040.00,1041.00,1040.00
6626302649460766,20020316,1022.00,1022.00,45,68843,70280105.00,1014.00,1022.00,1039.00,1021.00
6626302649460766,20020317,1034.00,1034.00,38,50318,51462606.00,1020.00,1034.00,1022.00,1020.00
6626302649460766,20020318,1039.00,1039.00,20,44218,45841738.00,1034.00,1039.00,1034.00,1034.00
6626302649460766,20020319,1039.00,1039.00,39,155334,161177306.00,1034.00,1039.00,1039.00,1039.00
6626302649460766,20020326,1039.00,1039.00,2,6910,7179490.00,1039.00,1039.00,1039.00,1039.00
6626302649460766,20020327,1030.00,1030.00,15,39616,40807975.00,1029.00,1037.00,1039.00,1037.00
6626302649460766,20020330,1044.00,1044.00,11,24044,24835796.00,1030.00,1044.00,1030.00,1030.00
6626302649460766,20020331,1044.00,1044.00,7,9272,9679968.00,1044.00,1044.00,1044.00,1044.00
6626302649460766,20020403,1043.00,1043.00,1,10000,10430000.00,1043.00,1043.00,1044.00,1043.00
6626302649460766,20020406,1049.00,1049.00,24,61505,64000843.00,1034.00,1049.00,1043.00,1034.00
6626302649460766,20020407,1050.00,1050.00,16,23103,24258150.00,1050.00,1050.00,1049.00,1050.00
6626302649460766,20020408,1044.00,1044.00,10,11522,12042988.00,1044.00,1050.00,1050.00,1050.00
6626302649460766,20020409,1070.00,1070.00,39,92191,97124395.00,1046.00,1070.00,1044.00,1050.00
6626302649460766,20020410,1090.00,1090.00,23,37299,40159677.00,1070.00,1090.00,1070.00,1070.00
6626302649460766,20020413,1111.00,1111.00,26,65963,72943910.00,1091.00,1111.00,1090.00,1110.00
6626302649460766,20020414,1142.00,1142.00,43,58939,67233127.00,1112.00,1142.00,1111.00,1112.00
6626302649460766,20020415,1180.00,1180.00,34,120877,140759650.00,1150.00,1180.00,1142.00,1150.00
6626302649460766,20020416,1151.00,1151.00,28,75286,87936562.00,1151.00,1180.00,1180.00,1180.00
6626302649460766,20020417,1144.00,1144.00,17,52273,59939484.00,1144.00,1151.00,1151.00,1149.00
6626302649460766,20020420,1120.00,1120.00,5,5659,6338080.00,1120.00,1120.00,1144.00,1120.00
6626302649460766,20020421,1100.00,1100.00,28,36733,40697330.00,1100.00,1120.00,1120.00,1120.00
6626302649460766,20020422,1100.00,1100.00,19,45633,50196300.00,1100.00,1100.00,1100.00,1100.00
6626302649460766,20020423,1100.00,1100.00,16,25957,28552700.00,1100.00,1100.00,1100.00,1100.00
6626302649460766,20020424,1100.00,1100.00,57,84899,93391873.00,1099.00,1101.00,1100.00,1100.00
6626302649460766,20020427,1100.00,1100.00,43,55839,61391363.00,1073.00,1101.00,1100.00,1100.00
6626302649460766,20020428,1100.00,1100.00,21,32028,35230900.00,1100.00,1101.00,1100.00,1100.00
6626302649460766,20020429,1098.00,1098.00,18,31756,34928643.00,1097.00,1101.00,1100.00,1101.00
6626302649460766,20020430,1084.00,1084.00,18,26049,28075714.00,1055.00,1096.00,1098.00,1096.00
6626302649460766,20020501,1061.00,1061.00,41,77781,82627875.00,1055.00,1084.00,1084.00,1071.00
6626302649460766,20020504,1068.00,1068.00,28,40137,42703136.00,1060.00,1068.00,1061.00,1061.00
6626302649460766,20020505,1070.00,1070.00,41,125641,134688023.00,1069.00,1080.00,1068.00,1080.00
6626302649460766,20020506,1070.00,1070.00,15,31129,33303387.00,1069.00,1071.00,1070.00,1070.00
6626302649460766,20020507,1053.00,1053.00,9,31339,33152611.00,1050.00,1065.00,1070.00,1065.00
6626302649460766,20020508,1056.00,1056.00,26,44400,46768640.00,1053.00,1056.00,1053.00,1053.00
6626302649460766,20020512,1065.00,1065.00,16,26772,28355449.00,1056.00,1066.00,1056.00,1056.00
6626302649460766,20020514,1075.00,1075.00,12,30124,32386245.00,1072.00,1077.00,1065.00,1072.00
6626302649460766,20020515,1078.00,1078.00,29,39641,42636160.00,1075.00,1078.00,1075.00,1075.00
6626302649460766,20020518,1069.00,1069.00,24,55098,59134930.00,1069.00,1080.00,1078.00,1070.00
6626302649460766,20020519,1055.00,1055.00,15,22813,24188006.00,1055.00,1069.00,1069.00,1069.00
6626302649460766,20020520,1060.00,1060.00,11,17370,18284547.00,1050.00,1060.00,1055.00,1050.00
6626302649460766,20020521,1059.00,1059.00,6,42000,44440000.00,1057.00,1060.00,1060.00,1060.00
6626302649460766,20020522,1058.00,1058.00,8,46609,49312322.00,1058.00,1058.00,1059.00,1058.00
6626302649460766,20020525,1050.00,1050.00,38,79780,83552279.00,1045.00,1058.00,1058.00,1051.00
6626302649460766,20020526,1044.00,1044.00,16,27400,28603656.00,1043.00,1044.00,1050.00,1044.00
6626302649460766,20020527,1046.00,1046.00,47,92196,95639631.00,1035.00,1046.00,1044.00,1040.00
6626302649460766,20020528,1042.00,1042.00,14,42542,44476803.00,1042.00,1048.00,1046.00,1046.00
6626302649460766,20020529,1043.00,1043.00,10,17214,17939310.00,1042.00,1043.00,1042.00,1042.00
6626302649460766,20020601,1050.00,1050.00,10,22280,23339664.00,1045.00,1052.00,1043.00,1045.00
6626302649460766,20020602,1052.00,1052.00,10,18438,19392484.00,1050.00,1052.00,1050.00,1050.00
6626302649460766,20020603,1052.00,1052.00,35,79175,83929380.00,1050.00,1065.00,1052.00,1060.00
6626302649460766,20020608,1052.00,1052.00,32,121589,127913628.00,1052.00,1053.00,1052.00,1052.00
6626302649460766,20020609,1052.00,1052.00,8,20471,21551757.00,1052.00,1053.00,1052.00,1053.00
6626302649460766,20020610,1052.00,1052.00,4,6000,6312000.00,1052.00,1052.00,1052.00,1052.00
6626302649460766,20020611,1051.00,1051.00,15,67518,70970052.00,1048.00,1052.00,1052.00,1052.00
6626302649460766,20020612,1051.00,1051.00,35,201500,211769710.00,1048.00,1051.00,1051.00,1051.00
6626302649460766,20020615,1042.00,1042.00,5,13647,14259026.00,1042.00,1048.00,1051.00,1048.00
6626302649460766,20020616,1035.00,1035.00,25,67488,69869878.00,1034.00,1042.00,1042.00,1042.00
6626302649460766,20020617,1035.00,1035.00,19,21011,21742232.00,1034.00,1035.00,1035.00,1035.00
6626302649460766,20020618,1020.00,1020.00,19,56755,58122620.00,1020.00,1030.00,1035.00,1030.00
6626302649460766,20020619,1054.00,1054.00,25,50132,52304036.00,1020.00,1054.00,1020.00,1020.00
6626302649460766,20020622,1060.00,1060.00,15,33459,35479366.00,1060.00,1062.00,1054.00,1061.00
6626302649460766,20020623,1070.00,1070.00,11,11618,12428380.00,1068.00,1070.00,1060.00,1068.00
6626302649460766,20020624,1110.00,1110.00,11,23961,26235000.00,1080.00,1110.00,1070.00,1080.00
6626302649460766,20020625,1109.00,1109.00,29,92077,102067671.00,1107.00,1112.00,1110.00,1109.00
6626302649460766,20020626,1110.00,1110.00,16,70070,77453939.00,1099.00,1110.00,1109.00,1106.00
6626302649460766,20020629,1110.00,1110.00,5,29208,32420783.00,1109.00,1110.00,1110.00,1110.00
6626302649460766,20020701,1072.00,1072.00,8,9200,9862040.00,1071.00,1072.00,1110.00,1071.00
6626302649460766,20020702,1040.00,1040.00,15,40600,42550800.00,1040.00,1068.00,1072.00,1068.00
6626302649460766,20020703,1069.00,1069.00,44,95134,98771483.00,1030.00,1069.00,1040.00,1037.00
6626302649460766,20020706,1080.00,1080.00,11,18030,19464559.00,1067.00,1080.00,1069.00,1067.00
6626302649460766,20020707,1099.00,1099.00,14,30721,33751658.00,1098.00,1099.00,1080.00,1098.00
6626302649460766,20020708,1090.00,1090.00,6,4177,4579990.00,1090.00,1100.00,1099.00,1100.00
6626302649460766,20020709,1100.00,1100.00,29,48487,52485494.00,1077.00,1100.00,1090.00,1080.00
6626302649460766,20020710,1125.00,1125.00,34,175172,195387782.00,1095.00,1125.00,1100.00,1095.00
6626302649460766,20020713,1125.00,1125.00,12,28915,32528375.00,1124.00,1125.00,1125.00,1125.00
6626302649460766,20020714,1125.00,1125.00,41,187514,211157310.00,1125.00,1129.00,1125.00,1125.00
6626302649460766,20020715,1125.00,1125.00,4,5597,6296625.00,1125.00,1125.00,1125.00,1125.00
6626302649460766,20020716,1120.00,1120.00,18,29969,33368599.00,1080.00,1120.00,1125.00,1118.00
6626302649460766,20020720,1113.00,1113.00,7,70000,77910000.00,1113.00,1113.00,1120.00,1113.00
6626302649460766,20020724,1100.00,1100.00,47,177793,194521809.00,1088.00,1100.00,1113.00,1089.00
6626302649460766,20020727,1100.00,1100.00,3,5000,5500000.00,1100.00,1100.00,1100.00,1100.00
6626302649460766,20020729,1090.00,1090.00,25,101425,110491128.00,1080.00,1090.00,1100.00,1080.00
6626302649460766,20020730,1100.00,1100.00,29,163152,178290914.00,1085.00,1100.00,1090.00,1085.00
6626302649460766,20020804,1100.00,1100.00,5,18500,20326628.00,1098.00,1100.00,1100.00,1098.00
6626302649460766,20020805,1100.00,1100.00,39,141944,155572734.00,1090.00,1100.00,1100.00,1090.00
6626302649460766,20020807,1100.00,1100.00,26,105455,115622018.00,1090.00,1100.00,1100.00,1090.00
6626302649460766,20020811,1100.00,1100.00,32,105211,114252496.00,1045.00,1100.00,1100.00,1045.00
6626302649460766,20020817,1100.00,1100.00,43,123943,135677839.00,1079.00,1100.00,1100.00,1079.00
6626302649460766,20020819,1100.00,1100.00,28,68050,74714420.00,1095.00,1100.00,1100.00,1096.00
6626302649460766,20020820,1100.00,1100.00,2,18050,19855000.00,1100.00,1100.00,1100.00,1100.00
6626302649460766,20020824,1100.00,1100.00,20,35000,38393423.00,1095.00,1100.00,1100.00,1095.00
6626302649460766,20020825,1100.00,1100.00,13,40000,43978282.00,1098.00,1100.00,1100.00,1098.00
6626302649460766,20020826,1100.00,1100.00,14,65403,71363286.00,1080.00,1100.00,1100.00,1081.00
6626302649460766,20020828,1100.00,1100.00,31,112050,123144893.00,1095.00,1100.00,1100.00,1097.00
6626302649460766,20020831,1100.00,1100.00,3,1855,2040027.00,1099.00,1100.00,1100.00,1099.00
6626302649460766,20020902,1100.00,1100.00,25,66239,72374482.00,1080.00,1100.00,1100.00,1080.00
6626302649460766,20020903,1100.00,1100.00,5,12258,13477300.00,1099.00,1100.00,1100.00,1099.00
6626302649460766,20020904,1100.00,1100.00,21,47222,51943200.00,1099.00,1100.00,1100.00,1099.00
6626302649460766,20020907,1100.00,1100.00,1,1443,1587300.00,1100.00,1100.00,1100.00,1100.00
6626302649460766,20020908,1099.00,1099.00,4,11000,12073766.00,1097.00,1099.00,1100.00,1097.00
6626302649460766,20020909,1100.00,1100.00,40,90000,98913555.00,1093.00,1100.00,1099.00,1093.00
6626302649460766,20020911,1100.00,1100.00,11,19929,21904467.00,1098.00,1101.00,1100.00,1098.00
6626302649460766,20020914,1100.00,1100.00,14,57688,63388295.00,1095.00,1100.00,1100.00,1100.00
6626302649460766,20020915,1100.00,1100.00,25,55419,60970982.00,1099.00,1105.00,1100.00,1099.00
6626302649460766,20020916,1100.00,1100.00,1,800,880000.00,1100.00,1100.00,1100.00,1100.00
6626302649460766,20020917,1100.00,1100.00,21,77482,85004810.00,1092.00,1100.00,1100.00,1092.00
6626302649460766,20020922,1100.00,1100.00,23,66884,73572400.00,1100.00,1100.00,1100.00,1100.00
6626302649460766,20020923,1100.00,1100.00,1,1624,1786400.00,1100.00,1100.00,1100.00,1100.00
6626302649460766,20020925,1100.00,1100.00,24,49485,54431060.00,1097.00,1101.00,1100.00,1097.00
6626302649460766,20020930,1100.00,1100.00,27,60000,65552940.00,1089.00,1100.00,1100.00,1099.00
6626302649460766,20021001,1100.00,1100.00,2,450,494842.00,1099.00,1100.00,1100.00,1099.00
6626302649460766,20021002,1098.00,1098.00,18,62260,68136950.00,1090.00,1099.00,1100.00,1097.00
6626302649460766,20021006,1097.00,1097.00,1,452,495844.00,1097.00,1097.00,1098.00,1097.00
6626302649460766,20021019,1067.00,1067.00,3,8000,8531743.00,1066.00,1067.00,1097.00,1066.00
6626302649460766,20021021,1059.00,1059.00,7,5050,5347950.00,1059.00,1059.00,1067.00,1059.00
6626302649460766,20021023,1057.00,1057.00,1,1408,1488256.00,1057.00,1057.00,1059.00,1057.00
6626302649460766,20021026,1045.00,1045.00,4,5000,5225000.00,1045.00,1045.00,1057.00,1045.00
6626302649460766,20021027,1033.00,1033.00,54,118063,121928214.00,1025.00,1033.00,1045.00,1032.00
6626302649460766,20021028,1033.00,1033.00,15,27704,28616275.00,1030.00,1034.00,1033.00,1030.00
6626302649460766,20021029,1033.00,1033.00,15,37038,38326294.00,1033.00,1037.00,1033.00,1033.00
6626302649460766,20021030,1046.00,1046.00,19,42924,44634478.00,1034.00,1046.00,1033.00,1034.00
6626302649460766,20021103,1070.00,1070.00,16,33628,35697595.00,1054.00,1070.00,1046.00,1055.00
6626302649460766,20021104,1100.00,1100.00,14,29498,32325737.00,1081.00,1100.00,1070.00,1081.00
6626302649460766,20021105,1150.00,1150.00,7,10450,11834449.00,1107.00,1150.00,1100.00,1107.00
6626302649460766,20021106,1170.00,1170.00,25,73068,85165160.00,1150.00,1170.00,1150.00,1150.00
6626302649460766,20021109,1170.00,1170.00,9,21482,25209270.00,1170.00,1180.00,1170.00,1170.00
6626302649460766,20021112,1200.00,1200.00,5,13205,15484092.00,1166.00,1200.00,1170.00,1166.00
6626302649460766,20021113,1140.00,1140.00,5,10422,11881080.00,1140.00,1140.00,1200.00,1140.00
6626302649460766,20021116,1093.00,1093.00,14,17799,19715144.00,1093.00,1110.00,1140.00,1110.00
6626302649460766,20021117,1090.00,1090.00,38,67740,73858855.00,1090.00,1094.00,1093.00,1094.00
6626302649460766,20021118,1099.00,1099.00,6,8073,8836245.00,1090.00,1099.00,1090.00,1090.00
6626302649460766,20021119,1100.00,1100.00,7,10486,11550194.00,1100.00,1105.00,1099.00,1101.00
6626302649460766,20021120,1100.00,1100.00,10,19864,21838785.00,1095.00,1100.00,1100.00,1095.00
6626302649460766,20021123,1099.00,1099.00,18,29057,31937563.00,1099.00,1100.00,1100.00,1100.00
6626302649460766,20021125,1090.00,1090.00,12,36059,39270732.00,1088.00,1090.00,1099.00,1090.00
6626302649460766,20021126,1089.00,1089.00,5,4000,4358000.00,1089.00,1090.00,1090.00,1089.00
6626302649460766,20021130,1089.00,1089.00,3,2744,2988216.00,1089.00,1089.00,1089.00,1089.00
6626302649460766,20021201,1063.00,1063.00,6,17000,18141000.00,1063.00,1084.00,1089.00,1084.00
6626302649460766,20021202,1053.00,1053.00,19,25966,27314940.00,1040.00,1057.00,1063.00,1057.00
6626302649460766,20021203,1058.00,1058.00,30,41511,43849933.00,1047.00,1058.00,1053.00,1047.00
6626302649460766,20021204,1060.00,1060.00,22,29352,31021852.00,1054.00,1060.00,1058.00,1058.00
6626302649460766,20021207,1069.00,1069.00,15,34018,36149047.00,1060.00,1070.00,1060.00,1060.00
6626302649460766,20021208,1069.00,1069.00,11,17981,19304154.00,1069.00,1100.00,1069.00,1100.00
6626302649460766,20021209,1071.00,1071.00,32,59772,63936067.00,1052.00,1071.00,1069.00,1071.00
6626302649460766,20021210,1081.00,1081.00,20,44765,48414853.00,1075.00,1090.00,1071.00,1075.00
6626302649460766,20021211,1100.00,1100.00,10,7036,7635865.00,1081.00,1100.00,1081.00,1081.00
6626302649460766,20021214,1103.00,1103.00,18,21042,23172363.00,1100.00,1103.00,1100.00,1100.00
6626302649460766,20021215,1130.00,1130.00,10,20853,23142388.00,1103.00,1130.00,1103.00,1103.00
6626302649460766,20021216,1150.00,1150.00,20,60688,69764366.00,1133.00,1153.00,1130.00,1133.00
6626302649460766,20021217,1144.00,1144.00,38,119055,136519174.00,1131.00,1150.00,1150.00,1148.00
6626302649460766,20021218,1147.00,1147.00,19,59734,68187239.00,1138.00,1147.00,1144.00,1141.00
6626302649460766,20021221,1130.00,1130.00,32,84407,95014820.00,1120.00,1130.00,1147.00,1130.00
6626302649460766,20021222,1128.00,1128.00,21,42135,46911613.00,1099.00,1129.00,1130.00,1127.00
6626302649460766,20021223,1128.00,1128.00,23,43760,49273664.00,1119.00,1128.00,1128.00,1119.00
6626302649460766,20021224,1130.00,1130.00,7,13197,14890260.00,1128.00,1130.00,1128.00,1128.00
6626302649460766,20021225,1130.00,1130.00,24,61387,69178379.00,1124.00,1130.00,1130.00,1125.00
6626302649460766,20021228,1130.00,1130.00,15,33503,37821706.00,1128.00,1130.00,1130.00,1128.00
6626302649460766,20021229,1130.00,1130.00,24,41765,47018357.00,1100.00,1130.00,1130.00,1100.00
6626302649460766,20021231,1130.00,1130.00,29,105998,119700419.00,1127.00,1130.00,1130.00,1130.00
6626302649460766,20030101,1186.00,1186.00,26,125377,146142126.00,1140.00,1186.00,1130.00,1140.00
6626302649460766,20030104,1245.00,1245.00,43,72808,90645960.00,1245.00,1245.00,1186.00,1245.00
6626302649460766,20030105,1307.00,1307.00,18,48502,63392114.00,1307.00,1307.00,1245.00,1307.00
6626302649460766,20030106,1372.00,1372.00,143,704919,967148358.00,1371.00,1372.00,1307.00,1372.00
6626302649460766,20030107,1372.00,1372.00,84,387956,517540239.00,1304.00,1372.00,1372.00,1304.00
6626302649460766,20030108,1440.00,1440.00,221,226258907,397490826966.00,1351.00,1820.00,1372.00,1371.00
6626302649460766,20030111,1512.00,1512.00,65,157384,237964608.00,1512.00,1512.00,1440.00,1512.00
6626302649460766,20030112,1587.00,1587.00,185,697795,1107400665.00,1587.00,1587.00,1512.00,1587.00
6626302649460766,20030127,1647.00,1647.00,74,229887,360170419.00,1500.00,1650.00,1587.00,1500.00
6626302649460766,20030128,1640.00,1640.00,74,280742,479130913.00,1640.00,1729.00,1647.00,1729.00
6626302649460766,20030129,1560.00,1560.00,52,155633,245003269.00,1558.00,1635.00,1640.00,1635.00
6626302649460766,20030201,1482.00,1482.00,62,283150,421812181.00,1482.00,1520.00,1560.00,1519.00
6626302649460766,20030202,1482.00,1482.00,74,215197,311551044.00,1425.00,1482.00,1482.00,1426.00
6626302649460766,20030204,1500.00,1500.00,68,181321,265464124.00,1408.00,1500.00,1482.00,1427.00
6626302649460766,20030205,1498.00,1498.00,22,31663,45908875.00,1434.00,1498.00,1500.00,1434.00
6626302649460766,20030208,1450.00,1450.00,7,17286,25210804.00,1450.00,1496.00,1498.00,1495.00
6626302649460766,20030209,1395.00,1395.00,13,27658,38904670.00,1379.00,1430.00,1450.00,1426.00
6626302649460766,20030210,1361.00,1361.00,38,65007,87262804.00,1330.00,1394.00,1395.00,1384.00
6626302649460766,20030215,1400.00,1400.00,59,193997,257371809.00,1293.00,1400.00,1361.00,1331.00
6626302649460766,20030217,1390.00,1390.00,20,61500,85823450.00,1389.00,1420.00,1400.00,1390.00
6626302649460766,20030218,1403.00,1403.00,37,169167,238341741.00,1399.00,1449.00,1390.00,1430.00
6626302649460766,20030219,1398.00,1398.00,26,82000,112402794.00,1365.00,1402.00,1403.00,1402.00
6626302649460766,20030222,1329.00,1329.00,14,24224,32574119.00,1329.00,1352.00,1398.00,1351.00
6626302649460766,20030223,1350.00,1350.00,96,164683,214813962.00,1280.00,1350.00,1329.00,1300.00
6626302649460766,20030224,1336.00,1336.00,5,18002,24012616.00,1310.00,1338.00,1350.00,1310.00
6626302649460766,20030225,1348.00,1348.00,98,185990,239350291.00,1274.00,1348.00,1336.00,1330.00
6626302649460766,20030301,1300.00,1300.00,5,6907,9100136.00,1300.00,1334.00,1348.00,1334.00
6626302649460766,20030302,1298.00,1298.00,33,65434,83632092.00,1260.00,1298.00,1300.00,1290.00
6626302649460766,20030303,1320.00,1320.00,25,48885,62921673.00,1276.00,1320.00,1298.00,1298.00
6626302649460766,20030305,1295.00,1295.00,10,25977,33556509.00,1289.00,1297.00,1320.00,1297.00
6626302649460766,20030309,1290.00,1290.00,32,87094,110414361.00,1255.00,1290.00,1295.00,1270.00
6626302649460766,20030310,1288.00,1288.00,20,55942,70778680.00,1260.00,1288.00,1290.00,1278.00
6626302649460766,20030311,1284.00,1284.00,11,23801,30558773.00,1280.00,1288.00,1288.00,1287.00
6626302649460766,20030312,1280.00,1280.00,10,19106,24275895.00,1266.00,1282.00,1284.00,1279.00
6626302649460766,20030315,1284.00,1284.00,25,36711,46992871.00,1279.00,1284.00,1280.00,1280.00
6626302649460766,20030316,1264.00,1264.00,7,20136,25572204.00,1264.00,1278.00,1284.00,1278.00
6626302649460766,20030317,1285.00,1285.00,24,63409,80698020.00,1262.00,1290.00,1264.00,1265.00
6626302649460766,20030318,1280.00,1280.00,11,22455,28675467.00,1253.00,1283.00,1285.00,1283.00
6626302649460766,20030319,1344.00,1344.00,52,130721,169015680.00,1266.00,1344.00,1280.00,1281.00
6626302649460766,20030329,1344.00,1344.00,4,9232,12400606.00,1342.00,1344.00,1344.00,1342.00
6626302649460766,20030330,1310.00,1310.00,14,9401,12489694.00,1310.00,1344.00,1344.00,1344.00
6626302649460766,20030331,1350.00,1350.00,8,11930,16030075.00,1315.00,1350.00,1310.00,1315.00
6626302649460766,20030405,1350.00,1350.00,7,21671,29220066.00,1345.00,1350.00,1350.00,1350.00
6626302649460766,20030406,1332.00,1332.00,9,29000,38638626.00,1330.00,1347.00,1350.00,1330.00
6626302649460766,20030407,1286.00,1286.00,28,103535,134092420.00,1286.00,1329.00,1332.00,1329.00
6626302649460766,20030408,1280.00,1280.00,16,43085,55159195.00,1277.00,1284.00,1286.00,1284.00
6626302649460766,20030409,1260.00,1260.00,18,43240,54277654.00,1250.00,1270.00,1280.00,1270.00
6626302649460766,20030412,1200.00,1200.00,45,105116,128825642.00,1200.00,1250.00,1260.00,1250.00
6626302649460766,20030413,1257.00,1257.00,35,93833,113679038.00,1199.00,1260.00,1200.00,1200.00
6626302649460766,20030414,1250.00,1250.00,12,21400,26866008.00,1250.00,1258.00,1257.00,1257.00
6626302649460766,20030415,1250.00,1250.00,25,101045,126060380.00,1241.00,1250.00,1250.00,1249.00
6626302649460766,20030416,1229.00,1229.00,13,22439,27880990.00,1229.00,1250.00,1250.00,1250.00
6626302649460766,20030419,1225.00,1225.00,5,11000,13505000.00,1225.00,1228.00,1229.00,1228.00
6626302649460766,20030420,1200.00,1200.00,29,73653,88473106.00,1200.00,1219.00,1225.00,1202.00
6626302649460766,20030421,1191.00,1191.00,7,12970,15462320.00,1191.00,1200.00,1200.00,1200.00
6626302649460766,20030422,1170.00,1170.00,34,60659,71127733.00,1170.00,1188.00,1191.00,1188.00
6626302649460766,20030426,1165.00,1165.00,17,48537,55906192.00,1145.00,1169.00,1170.00,1169.00
6626302649460766,20030427,1190.00,1190.00,45,83073,98085456.00,1165.00,1199.00,1165.00,1166.00
6626302649460766,20030428,1195.00,1195.00,24,44335,52775449.00,1189.00,1195.00,1190.00,1190.00
6626302649460766,20030429,1190.00,1190.00,12,33697,40090863.00,1188.00,1190.00,1195.00,1188.00
6626302649460766,20030430,1183.00,1183.00,16,28617,33946131.00,1183.00,1192.00,1190.00,1192.00
6626302649460766,20030503,1171.00,1171.00,29,46358,53990150.00,1150.00,1183.00,1183.00,1183.00
6626302649460766,20030504,1150.00,1150.00,18,55388,64204972.00,1150.00,1169.00,1171.00,1168.00
6626302649460766,20030505,1160.00,1160.00,13,29775,34432600.00,1150.00,1160.00,1150.00,1150.00
6626302649460766,20030506,1190.00,1190.00,22,38671,45227532.00,1166.00,1190.00,1160.00,1166.00
6626302649460766,20030507,1249.00,1249.00,17,23230,27828408.00,1191.00,1249.00,1190.00,1191.00
6626302649460766,20030510,1311.00,1311.00,40,96258,125904797.00,1257.00,1311.00,1249.00,1257.00
6626302649460766,20030511,1311.00,1311.00,32,108298,145932466.00,1311.00,1376.00,1311.00,1365.00
6626302649460766,20030512,1296.00,1296.00,5,15760,20522560.00,1296.00,1306.00,1311.00,1306.00
6626302649460766,20030513,1300.00,1300.00,21,48865,62874680.00,1280.00,1304.00,1296.00,1304.00
6626302649460766,20030514,1235.00,1235.00,21,41772,51629120.00,1235.00,1250.00,1300.00,1250.00
6626302649460766,20030517,1227.00,1227.00,18,19906,24435924.00,1227.00,1235.00,1235.00,1235.00
6626302649460766,20030518,1177.00,1177.00,11,15370,18544757.00,1177.00,1222.00,1227.00,1222.00
6626302649460766,20030520,1220.00,1220.00,24,49747,59958593.00,1200.00,1220.00,1177.00,1204.00
6626302649460766,20030521,1249.00,1249.00,16,43283,54113405.00,1220.00,1252.00,1220.00,1250.00
6626302649460766,20030524,1251.00,1251.00,15,13713,17129783.00,1249.00,1251.00,1249.00,1249.00
6626302649460766,20030525,1313.00,1313.00,19,47622,62513608.00,1311.00,1313.00,1251.00,1311.00
6626302649460766,20030526,1360.00,1360.00,45,144834,196422436.00,1313.00,1371.00,1313.00,1315.00
6626302649460766,20030527,1292.00,1292.00,11,20898,27834585.00,1292.00,1360.00,1360.00,1360.00
6626302649460766,20030528,1292.00,1292.00,40,132143,169474091.00,1271.00,1292.00,1292.00,1271.00
6626302649460766,20030531,1285.00,1285.00,5,4504,5808883.00,1285.00,1292.00,1292.00,1291.00
6626302649460766,20030601,1233.00,1233.00,7,29450,36274840.00,1228.00,1270.00,1285.00,1232.00
6626302649460766,20030602,1241.00,1241.00,20,82382,102918604.00,1238.00,1256.00,1233.00,1238.00
6626302649460766,20030603,1270.00,1270.00,21,80739,99946636.00,1222.00,1270.00,1241.00,1240.00
6626302649460766,20030607,1332.00,1332.00,29,113523,150075164.00,1278.00,1333.00,1270.00,1300.00
6626302649460766,20030608,1300.00,1300.00,27,94005,123579105.00,1280.00,1332.00,1332.00,1332.00
6626302649460766,20030609,1274.00,1274.00,4,7090,9159660.00,1274.00,1296.00,1300.00,1296.00
6626302649460766,20030610,1249.00,1249.00,5,9812,12259158.00,1249.00,1250.00,1274.00,1250.00
6626302649460766,20030611,1235.00,1235.00,30,105953,128456303.00,1187.00,1235.00,1249.00,1187.00
6626302649460766,20030614,1181.00,1181.00,20,39414,47593467.00,1181.00,1231.00,1235.00,1231.00
6626302649460766,20030615,1171.00,1171.00,30,41653,48845312.00,1170.00,1181.00,1181.00,1181.00
6626302649460766,20030616,1174.00,1174.00,18,44467,52108188.00,1170.00,1180.00,1171.00,1180.00
6626302649460766,20030617,1232.00,1232.00,19,62440,74050318.00,1174.00,1232.00,1174.00,1181.00
6626302649460766,20030618,1201.00,1201.00,17,82132,100387670.00,1200.00,1234.00,1232.00,1230.00
6626302649460766,20030621,1230.00,1230.00,13,40413,49539202.00,1200.00,1230.00,1201.00,1200.00
6626302649460766,20030622,1228.00,1228.00,9,23796,29254650.00,1227.00,1230.00,1230.00,1230.00
6626302649460766,20030623,1193.00,1193.00,9,28249,33778595.00,1189.00,1201.00,1228.00,1201.00
6626302649460766,20030624,1220.00,1220.00,13,35454,42818783.00,1190.00,1220.00,1193.00,1190.00
6626302649460766,20030625,1226.00,1226.00,10,10618,12972155.00,1220.00,1228.00,1220.00,1220.00
6626302649460766,20030628,1220.00,1220.00,21,57340,69578077.00,1202.00,1220.00,1226.00,1205.00
6626302649460766,20030629,1227.00,1227.00,11,34064,41673378.00,1220.00,1227.00,1220.00,1220.00
6626302649460766,20030630,1251.00,1251.00,17,75657,93967744.00,1228.00,1251.00,1227.00,1228.00
6626302649460766,20030701,1295.00,1295.00,19,43344,55833628.00,1255.00,1300.00,1251.00,1255.00
6626302649460766,20030702,1280.00,1280.00,31,1625565,2112493744.00,1264.00,1300.00,1295.00,1295.00
6626302649460766,20030705,1344.00,1344.00,37,189852,251889047.00,1301.00,1344.00,1280.00,1301.00
6626302649460766,20030706,1360.00,1360.00,14,40391,54752547.00,1345.00,1361.00,1344.00,1345.00
6626302649460766,20030707,1428.00,1428.00,17,36276,50906691.00,1360.00,1428.00,1360.00,1360.00
6626302649460766,20030708,1399.00,1399.00,33,101930,143884352.00,1391.00,1428.00,1428.00,1428.00
6626302649460766,20030709,1399.00,1399.00,33,85177,120014047.00,1399.00,1415.00,1399.00,1415.00
6626302649460766,20030712,1400.00,1400.00,39,827929,1158570527.00,1377.00,1400.00,1399.00,1378.00
6626302649460766,20030713,1375.00,1375.00,12,31124,42857603.00,1375.00,1390.00,1400.00,1380.00
6626302649460766,20030714,1400.00,1400.00,59,1570000,2190422433.00,1345.00,1400.00,1375.00,1345.00
6626302649460766,20030715,1400.00,1400.00,50,180168,253191194.00,1400.00,1440.00,1400.00,1401.00
6626302649460766,20030716,1450.00,1450.00,38,164704,233954907.00,1387.00,1450.00,1400.00,1387.00
6626302649460766,20030719,1499.00,1499.00,14,39474,58834757.00,1470.00,1500.00,1450.00,1500.00
6626302649460766,20030720,1512.00,1512.00,30,1068517,1614295146.00,1500.00,1516.00,1499.00,1510.00
6626302649460766,20030721,1530.00,1530.00,21,66085,100034666.00,1512.00,1530.00,1512.00,1512.00
6626302649460766,20030722,1531.00,1531.00,23,71732,110118283.00,1520.00,1550.00,1530.00,1520.00
6626302649460766,20030723,1532.00,1532.00,13,22120,33856494.00,1529.00,1532.00,1531.00,1530.00
6626302649460766,20030726,1532.00,1532.00,44,176472,272097246.00,1532.00,1559.00,1532.00,1559.00
6626302649460766,20030727,1599.00,1599.00,40,103968,161330911.00,1500.00,1599.00,1532.00,1532.00
6626302649460766,20030728,1660.00,1660.00,35,74950,123538385.00,1599.00,1660.00,1599.00,1599.00
6626302649460766,20030803,1600.00,1600.00,13,24409,39090160.00,1600.00,1660.00,1660.00,1660.00
6626302649460766,20030804,1656.00,1656.00,25,51859,84586969.00,1600.00,1657.00,1600.00,1600.00
6626302649460766,20030805,1540.00,1540.00,18,33539,52541355.00,1540.00,1655.00,1656.00,1655.00
6626302649460766,20030806,1542.00,1542.00,15,33946,52308635.00,1540.00,1543.00,1540.00,1540.00
6626302649460766,20030809,1542.00,1542.00,14,15876,24449343.00,1538.00,1542.00,1542.00,1542.00
6626302649460766,20030810,1542.00,1542.00,15,27587,42522867.00,1540.00,1542.00,1542.00,1542.00
6626302649460766,20030811,1541.00,1541.00,8,12870,19839780.00,1540.00,1542.00,1542.00,1540.00
6626302649460766,20030812,1600.00,1600.00,35,110850,173699680.00,1540.00,1600.00,1541.00,1540.00
6626302649460766,20030813,1553.00,1553.00,17,64521,102775685.00,1553.00,1602.00,1600.00,1600.00
6626302649460766,20030816,1571.00,1571.00,12,22704,35668194.00,1570.00,1572.00,1553.00,1570.00
6626302649460766,20030817,1600.00,1600.00,42,176352,278322483.00,1550.00,1601.00,1571.00,1571.00
6626302649460766,20030818,1652.00,1652.00,31,105369,172737312.00,1602.00,1652.00,1600.00,1610.00
6626302649460766,20030819,1655.00,1655.00,33,150723,249420078.00,1652.00,1655.00,1652.00,1653.00
6626302649460766,20030820,1659.00,1659.00,40,164671,273132642.00,1650.00,1670.00,1655.00,1655.00
6626302649460766,20030823,1659.00,1659.00,11,13395,22450627.00,1659.00,1703.00,1659.00,1670.00
6626302649460766,20030825,1659.00,1659.00,18,82166,136820505.00,1659.00,1688.00,1659.00,1688.00
6626302649460766,20030826,1700.00,1700.00,40,161776,275043956.00,1682.00,1705.00,1659.00,1684.00
6626302649460766,20030827,1700.00,1700.00,23,69844,121317050.00,1700.00,1750.00,1700.00,1720.00
6626302649460766,20030830,1740.00,1740.00,43,126377,219859329.00,1726.00,1750.00,1700.00,1729.00
6626302649460766,20030831,1740.00,1740.00,30,60378,107600423.00,1740.00,1789.00,1740.00,1784.00
6626302649460766,20030901,1740.00,1740.00,31,99380,173590888.00,1720.00,1753.00,1740.00,1740.00
6626302649460766,20030902,1740.00,1740.00,22,59746,101820311.00,1691.00,1740.00,1740.00,1740.00
6626302649460766,20030903,1740.00,1740.00,18,44006,72951910.00,1653.00,1740.00,1740.00,1660.00
6626302649460766,20030906,1653.00,1653.00,33,145152,239936256.00,1653.00,1653.00,1740.00,1653.00
6626302649460766,20030907,1653.00,1653.00,7,14268,23114490.00,1620.00,1653.00,1653.00,1620.00
6626302649460766,20030908,1653.00,1653.00,14,26185,42417488.00,1619.00,1653.00,1653.00,1619.00
6626302649460766,20030909,1653.00,1653.00,10,37920,61412230.00,1600.00,1653.00,1653.00,1619.00
6626302649460766,20030913,1653.00,1653.00,14,20608,32820198.00,1580.00,1653.00,1653.00,1600.00
6626302649460766,20030914,1653.00,1653.00,9,12796,20223060.00,1571.00,1653.00,1653.00,1591.00
6626302649460766,20030915,1653.00,1653.00,20,37785,59361055.00,1571.00,1653.00,1653.00,1571.00
6626302649460766,20030916,1646.00,1646.00,8,14544,22849374.00,1571.00,1646.00,1653.00,1571.00
6626302649460766,20030917,1642.00,1642.00,5,9247,14474687.00,1564.00,1642.00,1646.00,1571.00
6626302649460766,20030920,1611.00,1611.00,36,74712,116913512.00,1560.00,1611.00,1642.00,1560.00
6626302649460766,20030921,1605.00,1605.00,15,34194,54031392.00,1569.00,1605.00,1611.00,1599.00
6626302649460766,20030922,1611.00,1611.00,24,66040,107339822.00,1569.00,1650.00,1605.00,1569.00
6626302649460766,20030923,1613.00,1613.00,11,15256,24968272.00,1611.00,1656.00,1611.00,1617.00
6626302649460766,20030927,1613.00,1613.00,5,3813,6168185.00,1613.00,1621.00,1613.00,1621.00
6626302649460766,20030928,1620.00,1620.00,18,35222,58266287.00,1620.00,1665.00,1613.00,1638.00
6626302649460766,20030929,1651.00,1651.00,35,86822,146799048.00,1651.00,1700.00,1620.00,1690.00
6626302649460766,20030930,1661.00,1661.00,42,101237,169236887.00,1650.00,1720.00,1651.00,1700.00
6626302649460766,20031001,1653.00,1653.00,23,151392,250048288.00,1650.00,1697.00,1661.00,1697.00
6626302649460766,20031004,1644.00,1644.00,23,62743,102142448.00,1620.00,1649.00,1653.00,1649.00
6626302649460766,20031005,1643.00,1643.00,3,1664,2694256.00,1619.00,1643.00,1644.00,1619.00
6626302649460766,20031006,1634.00,1634.00,22,54134,87309603.00,1600.00,1634.00,1643.00,1600.00
6626302649460766,20031013,1650.00,1650.00,2,3889,6416850.00,1650.00,1650.00,1634.00,1650.00
6626302649460766,20031014,1683.00,1683.00,45,155546,263171213.00,1650.00,1700.00,1650.00,1650.00
6626302649460766,20031015,1674.00,1674.00,33,102748,171454191.00,1649.00,1687.00,1683.00,1685.00
6626302649460766,20031018,1667.00,1667.00,32,110568,183925800.00,1650.00,1700.00,1674.00,1650.00
6626302649460766,20031019,1670.00,1670.00,11,11818,20466369.00,1670.00,1750.00,1667.00,1680.00
6626302649460766,20031020,1682.00,1682.00,15,29072,50962506.00,1682.00,1753.00,1670.00,1753.00
6626302649460766,20031021,1684.00,1684.00,6,6019,10628734.00,1684.00,1766.00,1682.00,1766.00
6626302649460766,20031022,1722.00,1722.00,43,87139,154061292.00,1722.00,1768.00,1684.00,1768.00
6626302649460766,20031025,1736.00,1736.00,17,33083,59813344.00,1736.00,1808.00,1722.00,1808.00
6626302649460766,20031026,1751.00,1751.00,23,34384,62646938.00,1751.00,1822.00,1736.00,1822.00
6626302649460766,20031027,1756.00,1756.00,12,15757,28708594.00,1756.00,1822.00,1751.00,1822.00
6626302649460766,20031028,1829.00,1829.00,56,161525,297690435.00,1829.00,1843.00,1756.00,1843.00
6626302649460766,20031029,1877.00,1877.00,32,103879,199266590.00,1877.00,1920.00,1829.00,1920.00
6626302649460766,20031101,1897.00,1897.00,27,63732,123613500.00,1877.00,1970.00,1877.00,1970.00
6626302649460766,20031102,1883.00,1883.00,51,80072,149466784.00,1830.00,1899.00,1897.00,1877.00
6626302649460766,20031103,1852.00,1852.00,47,120830,221803189.00,1800.00,1890.00,1883.00,1830.00
6626302649460766,20031104,1840.00,1840.00,28,78620,143460451.00,1800.00,1852.00,1852.00,1852.00
6626302649460766,20031105,1832.00,1832.00,29,92385,168664047.00,1800.00,1832.00,1840.00,1830.00
6626302649460766,20031108,1845.00,1845.00,25,91559,170311486.00,1845.00,1862.00,1832.00,1858.00
6626302649460766,20031109,1849.00,1849.00,32,103486,191810109.00,1836.00,1862.00,1845.00,1862.00
6626302649460766,20031110,1847.00,1847.00,24,36894,68019458.00,1820.00,1857.00,1849.00,1850.00
6626302649460766,20031111,1841.00,1841.00,14,41860,76292555.00,1820.00,1849.00,1847.00,1822.00
6626302649460766,20031112,1833.00,1833.00,33,88178,160944739.00,1819.00,1841.00,1841.00,1819.00
6626302649460766,20031115,1826.00,1826.00,31,74877,136078505.00,1813.00,1833.00,1833.00,1833.00
6626302649460766,20031117,1823.00,1823.00,11,25969,47018331.00,1803.00,1823.00,1826.00,1819.00
6626302649460766,20031118,1808.00,1808.00,34,138379,249573927.00,1799.00,1808.00,1823.00,1799.00
6626302649460766,20031119,1807.00,1807.00,11,10348,18605954.00,1795.00,1807.00,1808.00,1799.00
6626302649460766,20031122,1806.00,1806.00,7,17410,31334740.00,1799.00,1806.00,1807.00,1800.00
6626302649460766,20031123,1796.00,1796.00,34,52100,92341031.00,1768.00,1796.00,1806.00,1774.00
6626302649460766,20031124,1786.00,1786.00,37,59995,105908552.00,1749.00,1786.00,1796.00,1768.00
6626302649460766,20031125,1781.00,1781.00,15,32434,57074646.00,1744.00,1781.00,1786.00,1780.00
6626302649460766,20031129,1769.00,1769.00,23,46053,79813617.00,1692.00,1802.00,1781.00,1692.00
6626302649460766,20031130,1776.00,1776.00,23,33788,61252379.00,1776.00,1816.00,1769.00,1816.00
6626302649460766,20031201,1780.00,1780.00,14,19575,35718700.00,1780.00,1830.00,1776.00,1830.00
6626302649460766,20031202,1785.00,1785.00,25,49437,88994810.00,1780.00,1812.00,1780.00,1800.00
6626302649460766,20031203,1822.00,1822.00,48,176075,321340496.00,1776.00,1865.00,1785.00,1820.00
6626302649460766,20031206,1823.00,1823.00,6,13866,25589963.00,1823.00,1851.00,1822.00,1832.00
6626302649460766,20031207,1848.00,1848.00,45,144276,267918198.00,1830.00,1880.00,1823.00,1853.00
6626302649460766,20031208,1917.00,1917.00,58,264300,506865529.00,1850.00,1940.00,1848.00,1850.00
6626302649460766,20031209,1910.00,1910.00,41,90049,171417305.00,1895.00,1919.00,1917.00,1917.00
6626302649460766,20031210,1883.00,1883.00,26,66818,122632930.00,1833.00,1883.00,1910.00,1834.00
6626302649460766,20031213,1881.00,1881.00,17,22337,41688785.00,1850.00,1881.00,1883.00,1879.00
6626302649460766,20031214,1873.00,1873.00,39,52255,96943251.00,1840.00,1873.00,1881.00,1860.00
6626302649460766,20031215,1871.00,1871.00,8,11741,21775406.00,1849.00,1871.00,1873.00,1858.00
6626302649460766,20031216,1838.00,1838.00,36,99891,180813352.00,1780.00,1849.00,1871.00,1849.00
6626302649460766,20031217,1835.00,1835.00,14,12676,22814218.00,1799.00,1835.00,1838.00,1800.00
6626302649460766,20031221,1818.00,1818.00,36,99183,178873165.00,1796.00,1818.00,1835.00,1800.00
6626302649460766,20031222,1821.00,1821.00,27,95471,174305139.00,1800.00,1835.00,1818.00,1800.00
6626302649460766,20031223,1830.00,1830.00,26,42883,79869955.00,1830.00,1899.00,1821.00,1858.00
6626302649460766,20031224,1894.00,1894.00,35,158017,301566201.00,1864.00,1921.00,1830.00,1865.00
6626302649460766,20031227,1896.00,1896.00,19,39906,75998936.00,1894.00,1916.00,1894.00,1894.00
6626302649460766,20031228,1937.00,1937.00,57,190759,369530115.00,1912.00,1950.00,1896.00,1918.00
6626302649460766,20031229,1928.00,1928.00,24,38162,72324347.00,1850.00,1939.00,1937.00,1939.00
6626302649460766,20031230,1879.00,1879.00,46,130010,241465639.00,1832.00,1896.00,1928.00,1848.00
6626302649460766,20031231,1821.00,1821.00,60,172778,313837609.00,1799.00,1850.00,1879.00,1831.00
6626302649460766,20040103,1827.00,1827.00,125,1095691,2010503908.00,1730.00,1910.00,1821.00,1800.00
6626302649460766,20040207,1932.00,1932.00,53,277240,535769829.00,1800.00,2400.00,1827.00,1800.00
6626302649460766,20040208,1876.00,1876.00,79,305846,573911260.00,1836.00,1900.00,1932.00,1898.00
6626302649460766,20040209,1875.00,1875.00,40,98727,185142160.00,1850.00,1890.00,1876.00,1875.00
6626302649460766,20040214,1878.00,1878.00,36,74999,141249875.00,1870.00,1890.00,1875.00,1875.00
6626302649460766,20040215,1877.00,1877.00,24,39144,73408226.00,1848.00,1891.00,1878.00,1878.00
6626302649460766,20040216,1838.00,1838.00,47,115283,209230023.00,1784.00,1845.00,1877.00,1845.00
6626302649460766,20040217,1810.00,1810.00,29,83045,147382418.00,1747.00,1810.00,1838.00,1749.00
6626302649460766,20040218,1836.00,1836.00,33,835267,1579903844.00,1779.00,1900.00,1810.00,1779.00
6626302649460766,20040221,1836.00,1836.00,22,46355,85142268.00,1836.00,1838.00,1836.00,1837.00
6626302649460766,20040222,1827.00,1827.00,27,96793,176106184.00,1810.00,1827.00,1836.00,1820.00
6626302649460766,20040223,1820.00,1820.00,20,48819,87997346.00,1786.00,1820.00,1827.00,1810.00
6626302649460766,20040224,1816.00,1816.00,22,44786,80826420.00,1791.00,1820.00,1820.00,1820.00
6626302649460766,20040225,1807.00,1807.00,24,46907,83662117.00,1762.00,1809.00,1816.00,1800.00
6626302649460766,20040228,1801.00,1801.00,15,41648,74259731.00,1765.00,1801.00,1807.00,1785.00
6626302649460766,20040229,1792.00,1792.00,39,99088,176813433.00,1770.00,1794.00,1801.00,1783.00
6626302649460766,20040303,1879.00,1879.00,138,951657,1788307582.00,1820.00,1881.00,1792.00,1850.00
6626302649460766,20040306,1970.00,1970.00,88,504361,993639968.00,1900.00,1972.00,1879.00,1972.00
6626302649460766,20040307,2067.00,2067.00,62,206241,426477098.00,2063.00,2068.00,1970.00,2068.00
6626302649460766,20040308,2168.00,2168.00,99,436446,946411432.00,2070.00,2170.00,2067.00,2070.00
6626302649460766,20040309,2180.00,2180.00,112,415565,906056485.00,2160.00,2267.00,2168.00,2267.00
6626302649460766,20040310,2183.00,2183.00,82,234754,512562404.00,2160.00,2200.00,2180.00,2199.00
6626302649460766,20040313,2149.00,2149.00,49,76803,161261621.00,2074.00,2169.00,2183.00,2160.00
6626302649460766,20040314,2110.00,2110.00,43,69162,141229484.00,2042.00,2110.00,2149.00,2042.00
6626302649460766,20040315,2058.00,2058.00,27,93111,186688085.00,2005.00,2058.00,2110.00,2005.00
6626302649460766,20040316,2018.00,2018.00,39,83692,164786168.00,1956.00,2018.00,2058.00,1995.00
6626302649460766,20040317,1981.00,1981.00,42,63102327,95638389925.00,1401.00,1999.00,2018.00,1999.00
6626302649460766,20040327,1987.00,1987.00,32,127152,253053586.00,1987.00,2004.00,1981.00,1989.00
6626302649460766,20040328,1989.00,1989.00,24,53178,106175807.00,1989.00,2004.00,1987.00,1990.00
6626302649460766,20040329,1991.00,1991.00,46,136022,271107848.00,1900.00,2005.00,1989.00,2001.00
6626302649460766,20040330,1971.00,1971.00,33,67928,131497714.00,1892.00,1993.00,1991.00,1920.00
6626302649460766,20040403,1982.00,1982.00,31,137241,273448288.00,1970.00,2005.00,1971.00,1970.00
6626302649460766,20040404,1982.00,1982.00,37,97239,192806826.00,1974.00,1985.00,1982.00,1985.00
6626302649460766,20040405,1988.00,1988.00,49,142526,284210240.00,1950.00,2081.00,1982.00,1974.00
6626302649460766,20040406,1994.00,1994.00,61,175610,350789043.00,1988.00,2020.00,1988.00,1990.00
6626302649460766,20040412,1992.00,1992.00,25,50124,99634968.00,1900.00,2084.00,1994.00,2080.00
6626302649460766,20040413,1977.00,1977.00,27,43622,83209442.00,1893.00,1977.00,1992.00,1955.00
6626302649460766,20040414,1923.00,1923.00,56,169619,321799923.00,1879.00,1923.00,1977.00,1899.00
6626302649460766,20040417,1911.00,1911.00,25,47481,88421783.00,1828.00,1911.00,1923.00,1899.00
6626302649460766,20040418,1821.00,1821.00,85,462179,841891509.00,1816.00,1889.00,1911.00,1888.00
6626302649460766,20040421,1760.00,1760.00,103,11466148,20068992156.00,1745.00,1816.00,1821.00,1815.00
6626302649460766,20040424,1772.00,1772.00,22,38741,71286952.00,1772.00,1848.00,1760.00,1830.00
6626302649460766,20040425,1860.00,1860.00,78,453189,842931540.00,1860.00,1860.00,1772.00,1860.00
6626302649460766,20040426,1874.00,1874.00,16,41523,80999051.00,1874.00,1953.00,1860.00,1920.00
6626302649460766,20040427,1967.00,1967.00,68,284459,559530853.00,1967.00,1967.00,1874.00,1967.00
6626302649460766,20040428,2065.00,2065.00,66,325668,672504420.00,2065.00,2065.00,1967.00,2065.00
6626302649460766,20040501,2140.00,2140.00,332,1279180,2738359889.00,2033.00,2168.00,2065.00,2168.00
6626302649460766,20040502,2091.00,2091.00,85,251480,526045217.00,2033.00,2140.00,2140.00,2120.00
6626302649460766,20040503,2093.00,2093.00,133,438678,918214626.00,2033.00,2159.00,2091.00,2077.00
6626302649460766,20040504,2127.00,2127.00,80,173452,371754875.00,2114.00,2164.00,2093.00,2144.00
6626302649460766,20040505,2132.00,2132.00,87,50220603,100470734369.00,2000.00,2152.00,2127.00,2100.00
6626302649460766,20040508,2102.00,2102.00,62,124701,258613616.00,2026.00,2120.00,2132.00,2120.00
6626302649460766,20040509,2105.00,2105.00,60,166901,351817224.00,2085.00,2120.00,2102.00,2115.00
6626302649460766,20040510,2097.00,2097.00,38,98998,206707261.00,2022.00,2110.00,2105.00,2109.00
6626302649460766,20040511,2084.00,2084.00,35,69618,142781358.00,2009.00,2097.00,2097.00,2065.00
6626302649460766,20040525,1778.00,1778.00,71,189284,336699079.00,1620.00,1800.00,2084.00,1780.00
6626302649460766,20040526,1719.00,1719.00,69,225240,385769654.00,1690.00,1777.00,1778.00,1730.00
6626302649460766,20040529,1676.00,1676.00,60,159952,264359293.00,1634.00,1715.00,1719.00,1713.00
6626302649460766,20040530,1702.00,1702.00,78,236459,403115804.00,1683.00,1740.00,1676.00,1683.00
6626302649460766,20040531,1777.00,1777.00,166,843805,1499645917.00,1719.00,1787.00,1702.00,1719.00
6626302649460766,20040601,1864.00,1864.00,196,644252,1201512546.00,1850.00,1865.00,1777.00,1865.00
6626302649460766,20040602,1920.00,1920.00,183,1054591,2017934753.00,1827.00,1957.00,1864.00,1863.00
6626302649460766,20040605,2014.00,2014.00,184,1088074,2192603224.00,1950.00,2016.00,1920.00,1950.00
6626302649460766,20040606,2113.00,2113.00,311,1633338,3452861430.00,2113.00,2114.00,2014.00,2114.00
6626302649460766,20040607,2218.00,2218.00,371,1589040,3524490720.00,2218.00,2218.00,2113.00,2218.00
6626302649460766,20040608,2327.00,2327.00,252,855686,1991979656.00,2324.00,2328.00,2218.00,2328.00
6626302649460766,20040609,2411.00,2411.00,275,1349052,3253788105.00,2300.00,2443.00,2327.00,2443.00
6626302649460766,20040612,2324.00,2324.00,172,360821,838654900.00,2291.00,2408.00,2411.00,2407.00
6626302649460766,20040613,2208.00,2208.00,159,373373,824407584.00,2208.00,2208.00,2324.00,2208.00
6626302649460766,20040614,2162.00,2162.00,188,451180,975608447.00,2105.00,2204.00,2208.00,2204.00
6626302649460766,20040615,2220.00,2220.00,82,228061,507972906.00,2159.00,2270.00,2162.00,2160.00
6626302649460766,20040616,2330.00,2330.00,294,1462970,3410157195.00,2301.00,2331.00,2220.00,2331.00
6626302649460766,20040619,2446.00,2446.00,279,1306935,3196763010.00,2446.00,2446.00,2330.00,2446.00
6626302649460766,20040620,2542.00,2542.00,284,644446,1638569533.00,2330.00,2568.00,2446.00,2568.00
6626302649460766,20040621,2587.00,2587.00,268,537039,1389766909.00,2542.00,2662.00,2542.00,2550.00
6626302649460766,20040622,2583.00,2583.00,280,901325,2328516473.00,2548.00,2610.00,2587.00,2598.00
6626302649460766,20040623,2667.00,2667.00,317,2191173,5898197662.00,2573.00,2712.00,2583.00,2576.00
6626302649460766,20040626,2799.00,2799.00,271,874073,2446940518.00,2788.00,2800.00,2667.00,2800.00
6626302649460766,20040627,2937.00,2937.00,329,1075321,3158423394.00,2904.00,2938.00,2799.00,2938.00
6626302649460766,20040628,2817.00,2817.00,317,888370,2502844529.00,2791.00,2937.00,2937.00,2937.00
6626302649460766,20040629,2679.00,2679.00,271,1015750,2722008705.00,2677.00,2791.00,2817.00,2791.00
6626302649460766,20040630,2575.00,2575.00,191,564826,1454910272.00,2546.00,2677.00,2679.00,2677.00
6626302649460766,20040703,2494.00,2494.00,328,2519281,6293887326.00,2447.00,2703.00,2575.00,2447.00
6626302649460766,20040704,2616.00,2616.00,240,1341422,3510437134.00,2515.00,2618.00,2494.00,2555.00
6626302649460766,20040705,2741.00,2741.00,543,7770178,20654778684.00,2610.00,2746.00,2616.00,2746.00
6626302649460766,20040706,2816.00,2816.00,215,541677,1525461533.00,2771.00,2877.00,2741.00,2877.00
6626302649460766,20040707,2820.00,2820.00,259,904416,2561230958.00,2752.00,2937.00,2816.00,2814.00
6626302649460766,20040710,2789.00,2789.00,243,769984,2147671067.00,2736.00,2844.00,2820.00,2844.00
6626302649460766,20040711,2919.00,2919.00,415,2131831,6224385067.00,2800.00,2928.00,2789.00,2800.00
6626302649460766,20040712,3043.00,3043.00,303,1202001,3658609386.00,2895.00,3064.00,2919.00,3064.00
6626302649460766,20040713,3195.00,3195.00,590,3013240,9627301800.00,3195.00,3195.00,3043.00,3195.00
6626302649460766,20040714,3354.00,3354.00,889,4620876,15498418104.00,3354.00,3354.00,3195.00,3354.00
6626302649460766,20040717,3520.00,3520.00,1158,4474242,15753733555.00,3460.00,3521.00,3354.00,3521.00
6626302649460766,20040718,3694.00,3694.00,845,2607107,9631684504.00,3610.00,3696.00,3520.00,3696.00
6626302649460766,20040719,3743.00,3743.00,581,1208276,4523686220.00,3580.00,3878.00,3694.00,3878.00
6626302649460766,20040720,3603.00,3603.00,612,2428273,8741468592.00,3556.00,3930.00,3743.00,3649.00
6626302649460766,20040724,3517.00,3517.00,415,888411,3125419809.00,3423.00,3779.00,3603.00,3779.00
6626302649460766,20040725,3342.00,3342.00,158,311193,1040007006.00,3342.00,3342.00,3517.00,3342.00
6626302649460766,20040726,3175.00,3175.00,166,349300,1109027500.00,3175.00,3175.00,3342.00,3175.00
6626302649460766,20040727,3194.00,3194.00,688,2122507,6780787980.00,3017.00,3333.00,3175.00,3017.00
6626302649460766,20040728,3352.00,3352.00,384,1308666,4386795281.00,3342.00,3353.00,3194.00,3342.00
6626302649460766,20040731,3290.00,3290.00,365,846053,2783531416.00,3185.00,3519.00,3352.00,3519.00
6626302649460766,20040801,3171.00,3171.00,372,1090727,3458883817.00,3126.00,3279.00,3290.00,3238.00
6626302649460766,20040802,3179.00,3179.00,381,1230664,3912378681.00,3132.00,3270.00,3171.00,3180.00
6626302649460766,20040803,3272.00,3272.00,447,1116268,3652954243.00,3200.00,3337.00,3179.00,3230.00
6626302649460766,20040804,3172.00,3172.00,348,971670,3082278403.00,3109.00,3248.00,3272.00,3247.00
6626302649460766,20040807,3031.00,3031.00,170,291448,883471116.00,3014.00,3109.00,3172.00,3109.00
6626302649460766,20040808,2880.00,2880.00,251,857935,2470998905.00,2880.00,2895.00,3031.00,2880.00
6626302649460766,20040809,2829.00,2829.00,217,515635,1458808182.00,2747.00,2878.00,2880.00,2860.00
6626302649460766,20040810,2920.00,2920.00,130,328618,959589276.00,2799.00,2970.00,2829.00,2800.00
6626302649460766,20040811,3054.00,3054.00,430,1457231,4451396174.00,2900.00,3066.00,2920.00,3066.00
6626302649460766,20040814,3094.00,3094.00,331,1217785,3768018026.00,2913.00,3172.00,3054.00,2913.00
6626302649460766,20040815,3032.00,3032.00,288,683673,2073313105.00,2997.00,3089.00,3094.00,3080.00
6626302649460766,20040816,2983.00,2983.00,193,347208,1035886068.00,2950.00,3060.00,3032.00,3000.00
6626302649460766,20040817,3125.00,3125.00,248,1140936,3565438388.00,3005.00,3132.00,2983.00,3005.00
6626302649460766,20040818,3193.00,3193.00,251,1601076,5119138282.00,3133.00,3280.00,3125.00,3133.00
6626302649460766,20040821,3240.00,3240.00,225,808055,2618133072.00,3152.00,3300.00,3193.00,3200.00
6626302649460766,20040822,3091.00,3091.00,102,277874,859140056.00,3078.00,3155.00,3240.00,3155.00
6626302649460766,20040907,3147.00,3147.00,55,135938,427817751.00,2970.00,3250.00,3091.00,2980.00
6626302649460766,20040908,3303.00,3303.00,238,993521,3281624794.00,3240.00,3304.00,3147.00,3250.00
6626302649460766,20040911,3323.00,3323.00,309,879949,2924409122.00,3201.00,3449.00,3303.00,3449.00
6626302649460766,20040912,3346.00,3346.00,190,372509,1246775268.00,3220.00,3385.00,3323.00,3220.00
6626302649460766,20040914,3482.00,3482.00,153,349514,1217282744.00,3350.00,3513.00,3346.00,3350.00
6626302649460766,20040915,3547.00,3547.00,341,1297318,4601848785.00,3326.00,3656.00,3482.00,3656.00
6626302649460766,20040918,3585.00,3585.00,354,1073511,3849463874.00,3510.00,3650.00,3547.00,3547.00
6626302649460766,20040919,3761.00,3761.00,467,2951118,11101944266.00,3650.00,3764.00,3585.00,3700.00
6626302649460766,20040920,3573.00,3573.00,141,292106,1043694738.00,3573.00,3573.00,3761.00,3573.00
6626302649460766,20040921,3395.00,3395.00,113,505153,1714994435.00,3395.00,3395.00,3573.00,3395.00
6626302649460766,20040922,3451.00,3451.00,405,1205831,4162078368.00,3395.00,3550.00,3395.00,3395.00
6626302649460766,20040925,3454.00,3454.00,253,938842,3243536460.00,3400.00,3520.00,3451.00,3496.00
6626302649460766,20040926,3385.00,3385.00,239,683143,2313102691.00,3310.00,3450.00,3454.00,3410.00
6626302649460766,20040927,3290.00,3290.00,194,724542,2384357811.00,3216.00,3381.00,3385.00,3379.00
6626302649460766,20040928,3298.00,3298.00,196,371721,1226028851.00,3250.00,3339.00,3290.00,3293.00
6626302649460766,20040929,3254.00,3254.00,199,424465,1381323345.00,3201.00,3299.00,3298.00,3289.00
6626302649460766,20041002,3311.00,3311.00,177,734466,2432334658.00,3254.00,3370.00,3254.00,3255.00
6626302649460766,20041003,3265.00,3265.00,165,424110,1385054845.00,3149.00,3339.00,3311.00,3339.00
6626302649460766,20041004,3112.00,3112.00,119,290170,903074058.00,3102.00,3152.00,3265.00,3150.00
6626302649460766,20041005,3133.00,3133.00,236,678398,2125926483.00,2976.00,3230.00,3112.00,3099.00
6626302649460766,20041006,3257.00,3257.00,176,618632,2015420213.00,3200.00,3289.00,3133.00,3250.00
6626302649460766,20041009,3244.00,3244.00,163,333304,1081551532.00,3200.00,3288.00,3257.00,3250.00
6626302649460766,20041010,3167.00,3167.00,199,493570,1563372893.00,3112.00,3209.00,3244.00,3209.00
6626302649460766,20041011,3216.00,3216.00,169,371370,1194595322.00,3170.00,3284.00,3167.00,3190.00
6626302649460766,20041012,3226.00,3226.00,147,368742,1189806532.00,3140.00,3300.00,3216.00,3204.00
6626302649460766,20041013,3187.00,3187.00,158,358838,1143758151.00,3101.00,3230.00,3226.00,3211.00
6626302649460766,20041016,3172.00,3172.00,161,398506,1264454423.00,3110.00,3200.00,3187.00,3110.00
6626302649460766,20041017,3159.00,3159.00,148,281457,889313178.00,3122.00,3190.00,3172.00,3170.00
6626302649460766,20041018,3141.00,3141.00,136,310260,974674655.00,3100.00,3160.00,3159.00,3160.00
6626302649460766,20041019,3085.00,3085.00,112,218238,671308937.00,3022.00,3109.00,3141.00,3109.00
6626302649460766,20041020,3090.00,3090.00,157,454260,1403668081.00,3030.00,3139.00,3085.00,3078.00
6626302649460766,20041023,3153.00,3153.00,139,279027,880048765.00,3110.00,3190.00,3090.00,3120.00
6626302649460766,20041024,3142.00,3142.00,127,205662,645801433.00,3100.00,3181.00,3153.00,3153.00
6626302649460766,20041025,3051.00,3051.00,136,502664,1533726743.00,3001.00,3110.00,3142.00,3110.00
6626302649460766,20041026,3059.00,3059.00,106,180135,551785712.00,3011.00,3100.00,3051.00,3050.00
6626302649460766,20041027,3063.00,3063.00,154,405149,1240971763.00,3021.00,3090.00,3059.00,3089.00
6626302649460766,20041030,3046.00,3046.00,151,530021,1614686489.00,2950.00,3101.00,3063.00,3080.00
6626302649460766,20041031,2927.00,2927.00,119,252934,740408594.00,2894.00,2993.00,3046.00,2956.00
6626302649460766,20041101,2853.00,2853.00,142,413309,1179206237.00,2783.00,2950.00,2927.00,2897.00
6626302649460766,20041102,2960.00,2960.00,126,286624,848628382.00,2849.00,2995.00,2853.00,2849.00
6626302649460766,20041103,3098.00,3098.00,202,496107,1537254675.00,3000.00,3108.00,2960.00,3000.00
6626302649460766,20041106,3158.00,3158.00,193,426223,1346037610.00,3092.00,3221.00,3098.00,3094.00
6626302649460766,20041107,3140.00,3140.00,142,344207,1081131624.00,3100.00,3169.00,3158.00,3110.00
6626302649460766,20041108,3066.00,3066.00,182,443459,1359926763.00,3020.00,3140.00,3140.00,3140.00
6626302649460766,20041109,3072.00,3072.00,174,478131,1469081643.00,3050.00,3100.00,3066.00,3052.00
6626302649460766,20041110,3154.00,3154.00,323,1313506,4143268895.00,3102.00,3220.00,3072.00,3188.00
6626302649460766,20041113,3167.00,3167.00,186,465418,1474138297.00,3130.00,3199.00,3154.00,3150.00
6626302649460766,20041115,3255.00,3255.00,299,1508176,4909670525.00,3180.00,3325.00,3167.00,3250.00
6626302649460766,20041116,3413.00,3413.00,346,1224064,4178811539.00,3279.00,3417.00,3255.00,3279.00
6626302649460766,20041117,3340.00,3340.00,268,708566,2366776966.00,3252.00,3415.00,3413.00,3414.00
6626302649460766,20041120,3475.00,3475.00,481,1611885,5602428149.00,3307.00,3507.00,3340.00,3311.00
6626302649460766,20041121,3539.00,3539.00,418,980098,3468735998.00,3431.00,3599.00,3475.00,3431.00
6626302649460766,20041122,3590.00,3590.00,391,1008341,3620842087.00,3521.00,3620.00,3539.00,3589.00
6626302649460766,20041123,3512.00,3512.00,494,1201966,4222053709.00,3450.00,3570.00,3590.00,3515.00
6626302649460766,20041124,3492.00,3492.00,721,2071332,7234744249.00,3451.00,3550.00,3512.00,3491.00
6626302649460766,20050221,1371.00,1371.00,417,1697803,2328796838.00,1220.00,1505.00,3492.00,1397.00
6626302649460766,20050222,1416.00,1416.00,472,1721321,2438284208.00,1341.00,1439.00,1371.00,1350.00
6626302649460766,20050223,1420.00,1420.00,19,27581,40984706.00,1420.00,1486.00,1416.00,1486.00
6626302649460766,20050226,1490.00,1490.00,149,399899,596249399.00,1490.00,1491.00,1420.00,1491.00
6626302649460766,20050227,1564.00,1564.00,144,402810,629994840.00,1564.00,1564.00,1490.00,1564.00
6626302649460766,20050228,1642.00,1642.00,243,418505,687185210.00,1642.00,1642.00,1564.00,1642.00
6626302649460766,20050301,1685.00,1685.00,1657,6781052,11431072332.00,1573.00,1724.00,1642.00,1724.00
6626302649460766,20050302,1677.00,1677.00,857,2370652,3976404066.00,1601.00,1750.00,1685.00,1601.00
6626302649460766,20050305,1726.00,1726.00,572,1578375,2724852145.00,1680.00,1759.00,1677.00,1746.00
6626302649460766,20050306,1711.00,1711.00,500,1311286,2244275821.00,1690.00,1740.00,1726.00,1727.00
6626302649460766,20050307,1654.00,1654.00,407,989334,1636881132.00,1626.00,1693.00,1711.00,1690.00
6626302649460766,20050308,1625.00,1625.00,384,890253,1446895895.00,1600.00,1654.00,1654.00,1618.00
6626302649460766,20050309,1623.00,1623.00,279,733114,1190464413.00,1610.00,1645.00,1625.00,1625.00
6626302649460766,20050312,1633.00,1633.00,322,816745,1334418941.00,1612.00,1644.00,1623.00,1623.00
6626302649460766,20050313,1631.00,1631.00,309,775535,1265065663.00,1613.00,1640.00,1633.00,1633.00
6626302649460766,20050314,1683.00,1683.00,353,917844,1545199289.00,1632.00,1710.00,1631.00,1632.00
6626302649460766,20050315,1694.00,1694.00,350,816792,1383656873.00,1670.00,1700.00,1683.00,1688.00
6626302649460766,20050316,1690.00,1690.00,411,1035550,1750564576.00,1660.00,1710.00,1694.00,1700.00
6626302649460766,20050326,1728.00,1728.00,134,364252,631229342.00,1725.00,1750.00,1690.00,1727.00
6626302649460766,20050327,1733.00,1733.00,154,410591,711906698.00,1700.00,1750.00,1728.00,1750.00
6626302649460766,20050328,1777.00,1777.00,196,503212,894258720.00,1744.00,1819.00,1733.00,1746.00
6626302649460766,20050329,1864.00,1864.00,273,882740,1646246095.00,1859.00,1865.00,1777.00,1865.00
6626302649460766,20050330,1935.00,1935.00,353,898790,1739650501.00,1900.00,1957.00,1864.00,1957.00
6626302649460766,20050403,1880.00,1880.00,248,571991,1075520732.00,1839.00,1970.00,1935.00,1960.00
6626302649460766,20050404,1815.00,1815.00,286,703813,1277907948.00,1790.00,1850.00,1880.00,1823.00
6626302649460766,20050405,1783.00,1783.00,208,446266,795835547.00,1760.00,1809.00,1815.00,1802.00
6626302649460766,20050406,1811.00,1811.00,277,622555,1128034696.00,1794.00,1830.00,1783.00,1796.00
6626302649460766,20050410,1844.00,1844.00,200,593051,1094045587.00,1800.00,1885.00,1811.00,1807.00
6626302649460766,20050411,1885.00,1885.00,309,845453,1594489028.00,1851.00,1920.00,1844.00,1867.00
6626302649460766,20050412,1859.00,1859.00,293,1140704,2121247091.00,1795.00,1905.00,1885.00,1863.00
6626302649460766,20050413,1824.00,1824.00,335,839421,1531436844.00,1800.00,1859.00,1859.00,1848.00
6626302649460766,20050416,1812.00,1812.00,341,960627,1740763422.00,1789.00,1838.00,1824.00,1799.00
6626302649460766,20050417,1780.00,1780.00,277,745977,1328349789.00,1760.00,1810.00,1812.00,1810.00
6626302649460766,20050418,1745.00,1745.00,269,812493,1418611232.00,1700.00,1787.00,1780.00,1787.00
6626302649460766,20050419,1687.00,1687.00,284,1003913,1693988057.00,1660.00,1720.00,1745.00,1720.00
6626302649460766,20050420,1764.00,1764.00,246,744303,1313234238.00,1719.00,1771.00,1687.00,1721.00
6626302649460766,20050423,1776.00,1776.00,173,521823,926914480.00,1731.00,1825.00,1764.00,1800.00
6626302649460766,20050424,1728.00,1728.00,157,413647,715138865.00,1691.00,1780.00,1776.00,1778.00
6626302649460766,20050425,1730.00,1730.00,99,190231,329946197.00,1718.00,1750.00,1728.00,1728.00
6626302649460766,20050427,1734.00,1734.00,144,326060,565847160.00,1700.00,1760.00,1730.00,1731.00
6626302649460766,20050430,1695.00,1695.00,196,4518997,7474364732.00,1648.00,1740.00,1734.00,1732.00
6626302649460766,20050501,1668.00,1668.00,245,661501,1103745222.00,1620.00,1705.00,1695.00,1650.00
6626302649460766,20050502,1690.00,1690.00,134,250094,426338986.00,1680.00,1738.00,1668.00,1698.00
6626302649460766,20050503,1695.00,1695.00,150,451346,765046907.00,1672.00,1704.00,1690.00,1690.00
6626302649460766,20050504,1705.00,1705.00,151,599985,1023095220.00,1681.00,1736.00,1695.00,1704.00
6626302649460766,20050507,1688.00,1688.00,151,499918,844021420.00,1670.00,1700.00,1705.00,1700.00
6626302649460766,20050508,1669.00,1669.00,189,572789,956514602.00,1649.00,1694.00,1688.00,1694.00
6626302649460766,20050509,1654.00,1654.00,183,634145,1049508348.00,1635.00,1690.00,1669.00,1662.00
6626302649460766,20050510,1689.00,1689.00,175,522149,882121808.00,1676.00,1700.00,1654.00,1689.00
6626302649460766,20050511,1701.00,1701.00,189,622272,1058970579.00,1670.00,1730.00,1689.00,1710.00
6626302649460766,20050514,1662.00,1662.00,155,403994,671789613.00,1650.00,1696.00,1701.00,1689.00
6626302649460766,20050515,1662.00,1662.00,131,441128,733370574.00,1644.00,1679.00,1662.00,1659.00
6626302649460766,20050516,1645.00,1645.00,146,392084,644980239.00,1625.00,1670.00,1662.00,1668.00
6626302649460766,20050615,1565.00,1565.00,13,29772,46608650.00,1563.00,1620.00,1645.00,1620.00
6626302649460766,20050618,1487.00,1487.00,54,117056,174062272.00,1487.00,1487.00,1565.00,1487.00
6626302649460766,20050619,1423.00,1423.00,591,2242253,3192787684.00,1413.00,1475.00,1487.00,1413.00
6626302649460766,20050620,1453.00,1453.00,338,1065614,1549370384.00,1423.00,1480.00,1423.00,1423.00
6626302649460766,20050621,1495.00,1495.00,220,593692,887955304.00,1459.00,1525.00,1453.00,1470.00
6626302649460766,20050622,1564.00,1564.00,123,525568,822148909.00,1520.00,1569.00,1495.00,1520.00
6626302649460766,20050625,1535.00,1535.00,53,144339,214488244.00,1486.00,1535.00,1564.00,1486.00
6626302649460766,20050626,1511.00,1511.00,366,1118732,1691037836.00,1459.00,1600.00,1535.00,1580.00
6626302649460766,20050627,1504.00,1504.00,182,519536,781881406.00,1451.00,1585.00,1511.00,1585.00
6626302649460766,20050628,1472.00,1472.00,122,309138,452367795.00,1450.00,1510.00,1504.00,1510.00
6626302649460766,20050629,1446.00,1446.00,119,294489,423432202.00,1411.00,1477.00,1472.00,1476.00
6626302649460766,20050702,1387.00,1387.00,136,369629,511302261.00,1374.00,1444.00,1446.00,1443.00
6626302649460766,20050703,1330.00,1330.00,162,423112,562919129.00,1318.00,1360.00,1387.00,1318.00
6626302649460766,20050704,1383.00,1383.00,160,547503,757466574.00,1300.00,1396.00,1330.00,1321.00
6626302649460766,20050705,1400.00,1400.00,197,520392,728967847.00,1363.00,1439.00,1383.00,1439.00
6626302649460766,20050706,1411.00,1411.00,160,481317,679456246.00,1385.00,1440.00,1400.00,1388.00
6626302649460766,20050709,1401.00,1401.00,97,231843,323425791.00,1371.00,1411.00,1411.00,1411.00
6626302649460766,20050711,1389.00,1389.00,105,204483,281927652.00,1360.00,1401.00,1401.00,1401.00
6626302649460766,20050712,1331.00,1331.00,165,529764,705506393.00,1320.00,1350.00,1389.00,1350.00
6626302649460766,20050713,1327.00,1327.00,139,349775,464410636.00,1307.00,1369.00,1331.00,1330.00
6626302649460766,20050716,1333.00,1333.00,114,304261,406449462.00,1318.00,1361.00,1327.00,1329.00
6626302649460766,20050717,1287.00,1287.00,156,624337,804091704.00,1270.00,1328.00,1333.00,1328.00
6626302649460766,20050718,1235.00,1235.00,168,553756,684046505.00,1223.00,1258.00,1287.00,1250.00
6626302649460766,20050726,1148.00,1148.00,163,495524,569171571.00,1121.00,1175.00,1235.00,1175.00
6626302649460766,20050727,1181.00,1181.00,143,392621,464181966.00,1150.00,1205.00,1148.00,1170.00
6626302649460766,20050730,1236.00,1236.00,137,454066,561619810.00,1211.00,1240.00,1181.00,1240.00
6626302649460766,20050731,1266.00,1266.00,255,760245,962684935.00,1211.00,1295.00,1236.00,1287.00
6626302649460766,20050801,1217.00,1217.00,203,719650,876148561.00,1203.00,1267.00,1266.00,1266.00
6626302649460766,20050802,1213.00,1213.00,148,482046,585135394.00,1200.00,1235.00,1217.00,1200.00
6626302649460766,20050803,1218.00,1218.00,95,200827,245792160.00,1212.00,1240.00,1213.00,1230.00
6626302649460766,20050806,1219.00,1219.00,97,229802,280781191.00,1205.00,1239.00,1218.00,1218.00
6626302649460766,20050807,1201.00,1201.00,118,245393,292399466.00,1172.00,1219.00,1219.00,1219.00
6626302649460766,20050808,1192.00,1192.00,61,156182,184214387.00,1163.00,1199.00,1201.00,1198.00
6626302649460766,20050809,1184.00,1184.00,70,147779,173385051.00,1160.00,1189.00,1192.00,1186.00
6626302649460766,20050810,1169.00,1169.00,113,364476,426048561.00,1160.00,1183.00,1184.00,1180.00
6626302649460766,20050813,1158.00,1158.00,83,240412,276970822.00,1140.00,1170.00,1169.00,1160.00
6626302649460766,20050814,1156.00,1156.00,78,144616,166869820.00,1140.00,1176.00,1158.00,1176.00
6626302649460766,20050815,1146.00,1146.00,76,260921,297908864.00,1130.00,1165.00,1156.00,1165.00
6626302649460766,20050816,1132.00,1132.00,95,239889,269705024.00,1111.00,1140.00,1146.00,1129.00
6626302649460766,20050817,1129.00,1129.00,92,292245,329711196.00,1112.00,1143.00,1132.00,1134.00
6626302649460766,20050820,1140.00,1140.00,104,342979,392022385.00,1110.00,1179.00,1129.00,1121.00
6626302649460766,20050821,1191.00,1191.00,117,377937,451275817.00,1160.00,1197.00,1140.00,1160.00
6626302649460766,20050822,1212.00,1212.00,142,415612,503865749.00,1170.00,1237.00,1191.00,1200.00
6626302649460766,20050823,1198.00,1198.00,139,389558,467079179.00,1180.00,1212.00,1212.00,1190.00
6626302649460766,20050824,1184.00,1184.00,146,419505,497047235.00,1142.00,1220.00,1198.00,1200.00
6626302649460766,20050827,1189.00,1189.00,112,305770,364350262.00,1161.00,1218.00,1184.00,1181.00
6626302649460766,20050828,1151.00,1151.00,151,395006,454947300.00,1135.00,1190.00,1189.00,1190.00
6626302649460766,20050829,1139.00,1139.00,95,269971,306390268.00,1112.00,1172.00,1151.00,1151.00
6626302649460766,20050830,1138.00,1138.00,99,244405,278150297.00,1130.00,1150.00,1139.00,1130.00
6626302649460766,20050831,1144.00,1144.00,96,289529,332250622.00,1132.00,1161.00,1138.00,1132.00
6626302649460766,20050903,1130.00,1130.00,112,268503,301833164.00,1118.00,1137.00,1144.00,1136.00
6626302649460766,20050904,1097.00,1097.00,113,366288,401257451.00,1074.00,1120.00,1130.00,1115.00
6626302649460766,20050905,1099.00,1099.00,64,130163,144058596.00,1090.00,1125.00,1097.00,1110.00
6626302649460766,20050906,1097.00,1097.00,71,159598,174857752.00,1088.00,1109.00,1099.00,1109.00
6626302649460766,20050907,1087.00,1087.00,112,330087,358281524.00,1075.00,1115.00,1097.00,1097.00
6626302649460766,20050910,1070.00,1070.00,104,288964,307600217.00,1053.00,1084.00,1087.00,1084.00
6626302649460766,20050911,1060.00,1060.00,76,211799,222918599.00,1025.00,1070.00,1070.00,1059.00
6626302649460766,20050912,1046.00,1046.00,68,170644,175486884.00,1010.00,1050.00,1060.00,1048.00
6626302649460766,20050913,1039.00,1039.00,61,160087,165067327.00,1024.00,1042.00,1046.00,1024.00
6626302649460766,20050914,1044.00,1044.00,105,310712,325142270.00,1035.00,1058.00,1039.00,1036.00
6626302649460766,20050917,1055.00,1055.00,51,124502,134795762.00,1055.00,1096.00,1044.00,1060.00
6626302649460766,20050918,1084.00,1084.00,198,591602,641528464.00,1061.00,1100.00,1055.00,1100.00
6626302649460766,20050919,1081.00,1081.00,70,166709,178822961.00,1053.00,1090.00,1084.00,1084.00
6626302649460766,20050921,1072.00,1072.00,80,208000,217823426.00,1035.00,1072.00,1081.00,1064.00
6626302649460766,20050924,1070.00,1070.00,43,103647,109699980.00,1040.00,1070.00,1072.00,1042.00
6626302649460766,20050925,1041.00,1041.00,153,430913,439007523.00,1017.00,1060.00,1070.00,1060.00
6626302649460766,20050926,1032.00,1032.00,62,162058,162008915.00,989.00,1032.00,1041.00,1010.00
6626302649460766,20050927,1016.00,1016.00,74,249687,244943297.00,981.00,1016.00,1032.00,981.00
6626302649460766,20050928,1000.00,1000.00,139,670783,669066607.00,966.00,1066.00,1016.00,1000.00
6626302649460766,20051001,1000.00,1000.00,100,388496,388684562.00,997.00,1010.00,1000.00,1009.00
6626302649460766,20051002,971.00,971.00,135,521626,499625999.00,950.00,1000.00,1000.00,1000.00
6626302649460766,20051003,963.00,963.00,43,123229,113740767.00,923.00,963.00,971.00,923.00
6626302649460766,20051004,956.00,956.00,45,110387,101004515.00,915.00,956.00,963.00,915.00
6626302649460766,20051005,912.00,912.00,341,1332011,1216121470.00,909.00,994.00,956.00,909.00
6626302649460766,20051008,959.00,959.00,293,1411848,1353985275.00,910.00,1001.00,912.00,1000.00
6626302649460766,20051009,985.00,985.00,284,1244458,1226767402.00,960.00,1001.00,959.00,1000.00
6626302649460766,20051010,964.00,964.00,394,1927864,1882703972.00,953.00,1001.00,985.00,1000.00
6626302649460766,20051011,969.00,969.00,367,1871717,1812704803.00,947.00,1000.00,964.00,970.00
6626302649460766,20051012,950.00,950.00,251,1202678,1143384633.00,921.00,961.00,969.00,955.00
6626302649460766,20051015,937.00,937.00,144,487196,452922944.00,923.00,950.00,950.00,950.00
6626302649460766,20051130,1040.00,1040.00,1686,7806214,8121147650.00,973.00,1095.00,937.00,1001.00
6626302649460766,20051203,1061.00,1061.00,1233,4602348,4884322550.00,1023.00,1092.00,1040.00,1092.00
6626302649460766,20051204,1009.00,1009.00,522,2435448,2458349361.00,1008.00,1036.00,1061.00,1036.00
6626302649460766,20051205,966.00,966.00,751,3478137,3361823741.00,959.00,999.00,1009.00,959.00
6626302649460766,20051206,937.00,937.00,522,1782468,1670982509.00,920.00,989.00,966.00,989.00
6626302649460766,20051210,898.00,898.00,409,1711223,1537395106.00,891.00,960.00,937.00,922.00
6626302649460766,20051211,891.00,891.00,325,1240225,1105697619.00,861.00,900.00,898.00,861.00
6626302649460766,20051212,902.00,902.00,294,979587,883888081.00,874.00,920.00,891.00,874.00
6626302649460766,20051213,907.00,907.00,390,1530163,1388930837.00,890.00,923.00,902.00,901.00
6626302649460766,20051214,897.00,897.00,236,775192,695583915.00,881.00,913.00,907.00,900.00
6626302649460766,20051217,860.00,860.00,270,986399,849141550.00,853.00,900.00,897.00,900.00
6626302649460766,20051218,860.00,860.00,273,1018774,877153696.00,831.00,880.00,860.00,847.00
6626302649460766,20051219,872.00,872.00,181,606182,531023957.00,859.00,899.00,860.00,888.00
6626302649460766,20051220,880.00,880.00,186,594756,525220226.00,869.00,893.00,872.00,880.00
6626302649460766,20051221,884.00,884.00,226,658112,583726184.00,870.00,900.00,880.00,889.00
6626302649460766,20051224,914.00,914.00,271,924243,845421325.00,880.00,925.00,884.00,880.00
6626302649460766,20051225,902.00,902.00,219,647723,583247358.00,880.00,920.00,914.00,920.00
6626302649460766,20051226,897.00,897.00,115,259591,230508996.00,870.00,905.00,902.00,881.00
6626302649460766,20051227,890.00,890.00,122,335790,295919868.00,866.00,890.00,897.00,880.00
6626302649460766,20051228,878.00,878.00,202,760922,668158650.00,860.00,898.00,890.00,894.00
6626302649460766,20051231,878.00,878.00,105,306662,269957858.00,865.00,898.00,878.00,896.00
6626302649460766,20060101,870.00,870.00,144,514962,446191205.00,860.00,875.00,878.00,868.00
6626302649460766,20060102,865.00,865.00,118,374700,322294304.00,855.00,873.00,870.00,870.00
6626302649460766,20060103,856.00,856.00,182,679954,581554646.00,849.00,870.00,865.00,863.00
6626302649460766,20060104,861.00,861.00,238,816777,703960656.00,835.00,898.00,856.00,855.00
6626302649460766,20060107,840.00,840.00,209,840772,706873552.00,834.00,860.00,861.00,860.00
6626302649460766,20060108,846.00,846.00,179,691378,586083775.00,834.00,882.00,840.00,837.00
6626302649460766,20060109,847.00,847.00,147,549207,465729087.00,840.00,860.00,846.00,845.00
6626302649460766,20060110,853.00,853.00,184,609471,522209391.00,848.00,872.00,847.00,851.00
6626302649460766,20060114,837.00,837.00,369,1681006,1408489646.00,811.00,859.00,853.00,842.00
6626302649460766,20060115,838.00,838.00,179,634240,532724981.00,834.00,851.00,837.00,851.00
6626302649460766,20060116,838.00,838.00,139,469337,393968378.00,831.00,850.00,838.00,838.00
6626302649460766,20060117,848.00,848.00,225,733373,623161864.00,840.00,857.00,838.00,840.00
6626302649460766,20060118,848.00,848.00,189,760224,645695081.00,836.00,870.00,848.00,848.00
6626302649460766,20060121,853.00,853.00,184,667507,570924029.00,840.00,870.00,848.00,848.00
6626302649460766,20060122,859.00,859.00,144,660518,568757717.00,851.00,870.00,853.00,853.00
6626302649460766,20060123,861.00,861.00,174,740077,638532740.00,851.00,879.00,859.00,860.00
6626302649460766,20060124,860.00,860.00,191,843229,725866053.00,850.00,868.00,861.00,852.00
6626302649460766,20060125,860.00,860.00,149,593603,510736968.00,851.00,865.00,860.00,858.00
6626302649460766,20060128,860.00,860.00,182,794062,683980433.00,842.00,879.00,860.00,860.00
6626302649460766,20070527,650.00,650.00,617,1305136,848358435.00,650.00,651.00,860.00,650.00
6626302649460766,20070528,649.00,649.00,501,1058277,686920605.00,637.00,650.00,650.00,650.00
6626302649460766,20070529,637.00,637.00,415,894316,569679292.00,637.00,637.00,649.00,637.00
6626302649460766,20070530,629.00,629.00,416,852121,536392845.00,625.00,630.00,637.00,630.00
6626302649460766,20070602,617.00,617.00,426,957892,591019364.00,617.00,617.00,629.00,617.00
6626302649460766,20070603,605.00,605.00,478,1021380,617934900.00,605.00,605.00,617.00,605.00
6626302649460766,20070606,593.00,593.00,473,1021971,606028803.00,593.00,593.00,605.00,593.00
6626302649460766,20070609,582.00,582.00,417,917604,534045528.00,582.00,582.00,593.00,582.00
6626302649460766,20070610,571.00,571.00,471,1003819,573180649.00,571.00,571.00,582.00,571.00
6626302649460766,20070611,560.00,560.00,442,966055,540990800.00,560.00,560.00,571.00,560.00
6626302649460766,20070612,549.00,549.00,521,1036285,568920465.00,549.00,549.00,560.00,549.00
6626302649460766,20070613,539.00,539.00,2357,3982565,2147331535.00,539.00,540.00,549.00,539.00
6626302649460766,20070616,529.00,529.00,628,1134063,599995126.00,529.00,530.00,539.00,529.00
6626302649460766,20070617,519.00,519.00,603,1126433,584659457.00,519.00,520.00,529.00,519.00
6626302649460766,20070619,509.00,509.00,497,762791,388268776.00,509.00,510.00,519.00,509.00
6626302649460766,20070620,502.00,502.00,320,554681,276791225.00,499.00,502.00,509.00,499.00
6626302649460766,20070623,493.00,493.00,377,719930,354286757.00,492.00,493.00,502.00,492.00
6626302649460766,20070624,488.00,488.00,231,408268,197702184.00,484.00,488.00,493.00,484.00
6626302649460766,20070625,483.00,483.00,264,403307,193227300.00,479.00,483.00,488.00,479.00
6626302649460766,20070626,478.00,478.00,255,439032,208132298.00,474.00,478.00,483.00,474.00
6626302649460766,20070627,474.00,474.00,177,335254,157250473.00,469.00,474.00,478.00,469.00
6626302649460766,20070630,466.00,466.00,1470,3288064,1533304304.00,465.00,483.00,474.00,465.00
6626302649460766,20070701,469.00,469.00,166,234343,111312865.00,469.00,475.00,466.00,475.00
6626302649460766,20070702,470.00,470.00,22,60414,28877812.00,470.00,478.00,469.00,478.00
6626302649460766,20070703,479.00,479.00,122,800000,383200000.00,479.00,479.00,470.00,479.00
6626302649460766,20070704,488.00,488.00,915,7175686,3501734768.00,488.00,488.00,479.00,488.00
6626302649460766,20070707,488.00,488.00,595,3066492,1497906817.00,479.00,497.00,488.00,497.00
6626302649460766,20070708,495.00,495.00,230,1971265,977625317.00,481.00,497.00,488.00,496.00
6626302649460766,20070709,501.00,501.00,186,733911,368682879.00,500.00,504.00,495.00,504.00
6626302649460766,20070710,505.00,505.00,76,327583,167394853.00,505.00,511.00,501.00,511.00
6626302649460766,20070711,514.00,514.00,404,1821571,937981320.00,502.00,515.00,505.00,515.00
6626302649460766,20070714,515.00,515.00,143,588278,303167506.00,504.00,524.00,514.00,508.00
6626302649460766,20070715,514.00,514.00,33,100284,50643510.00,505.00,514.00,515.00,505.00
6626302649460766,20070716,513.00,513.00,28,83690,42179850.00,504.00,513.00,514.00,504.00
6626302649460766,20070717,512.00,512.00,21,71697,36063681.00,503.00,512.00,513.00,503.00
6626302649460766,20070718,511.00,511.00,24,96235,48310060.00,502.00,511.00,512.00,502.00
6626302649460766,20070721,510.00,510.00,17,48055,24075645.00,501.00,510.00,511.00,501.00
6626302649460766,20070722,510.00,510.00,5,21805,10902600.00,500.00,510.00,510.00,500.00
6626302649460766,20070723,509.00,509.00,15,55856,27928090.00,500.00,509.00,510.00,500.00
6626302649460766,20070724,508.00,508.00,21,58631,29256959.00,499.00,508.00,509.00,499.00
6626302649460766,20070725,507.00,507.00,25,103184,51385722.00,498.00,507.00,508.00,498.00
6626302649460766,20070729,497.00,497.00,134,1023185,508522945.00,497.00,497.00,507.00,497.00
6626302649460766,20070730,497.00,497.00,6,19640,9584410.00,488.00,497.00,497.00,488.00
6626302649460766,20070731,497.00,497.00,3,3010,1468970.00,488.00,497.00,497.00,488.00
6626302649460766,20070801,497.00,497.00,4,12010,5860970.00,488.00,497.00,497.00,488.00
6626302649460766,20070804,494.00,494.00,60,255273,124573284.00,488.00,494.00,497.00,488.00
6626302649460766,20070805,491.00,491.00,56,224927,109089655.00,485.00,491.00,494.00,485.00
6626302649460766,20070806,490.00,490.00,27,118220,56982120.00,482.00,490.00,491.00,482.00
6626302649460766,20070807,490.00,490.00,2,1038,499368.00,481.00,490.00,490.00,481.00
6626302649460766,20070808,490.00,490.00,8,18853,9068383.00,481.00,490.00,490.00,481.00
6626302649460766,20070812,489.00,489.00,12,32309,15540709.00,481.00,489.00,490.00,481.00
6626302649460766,20070813,489.00,489.00,11,26933,12927930.00,480.00,489.00,489.00,480.00
6626302649460766,20070814,487.00,487.00,27,88259,42364390.00,480.00,487.00,489.00,480.00
6626302649460766,20070815,487.00,487.00,10,21656,10351658.00,478.00,487.00,487.00,478.00
6626302649460766,20070818,478.00,478.00,77,510400,243971200.00,478.00,478.00,487.00,478.00
6626302649460766,20070819,469.00,469.00,78,500000,234500000.00,469.00,469.00,478.00,469.00
6626302649460766,20070820,463.00,463.00,942,5029820,2333532794.00,460.00,478.00,469.00,460.00
6626302649460766,20070821,471.00,471.00,318,2070763,977137912.00,456.00,472.00,463.00,456.00
6626302649460766,20070822,476.00,476.00,330,1641479,782193251.00,469.00,480.00,471.00,472.00
6626302649460766,20070825,482.00,482.00,97,397656,192494790.00,467.00,485.00,476.00,483.00
6626302649460766,20070826,481.00,481.00,272,1353102,652167341.00,473.00,491.00,482.00,491.00
6626302649460766,20070827,472.00,472.00,154,955165,450942522.00,472.00,475.00,481.00,474.00
6626302649460766,20070828,469.00,469.00,52,188698,87367234.00,463.00,469.00,472.00,463.00
6626302649460766,20070901,460.00,460.00,150,619090,284942320.00,460.00,463.00,469.00,460.00
6626302649460766,20070902,458.00,458.00,117,552300,253229839.00,451.00,468.00,460.00,460.00
6626302649460766,20070903,461.00,461.00,129,642626,296688031.00,454.00,467.00,458.00,460.00
6626302649460766,20070904,456.00,456.00,166,843715,385483692.00,452.00,463.00,461.00,463.00
6626302649460766,20070905,451.00,451.00,162,788776,356214540.00,447.00,462.00,456.00,460.00
6626302649460766,20070908,459.00,459.00,149,703145,323383050.00,458.00,460.00,451.00,458.00
6626302649460766,20070909,453.00,453.00,184,932749,423252905.00,450.00,468.00,459.00,451.00
6626302649460766,20070910,445.00,445.00,108,512220,228295909.00,444.00,461.00,453.00,448.00
6626302649460766,20070911,451.00,451.00,135,666537,300708794.00,444.00,453.00,445.00,451.00
6626302649460766,20070912,454.00,454.00,172,935732,425290539.00,445.00,460.00,451.00,445.00
6626302649460766,20070915,454.00,454.00,89,352300,160127463.00,450.00,463.00,454.00,462.00
6626302649460766,20070916,454.00,454.00,43,145845,66398719.00,451.00,460.00,454.00,451.00
6626302649460766,20070917,451.00,451.00,76,311560,139907470.00,445.00,460.00,454.00,459.00
6626302649460766,20070918,446.00,446.00,117,635547,283543032.00,442.00,451.00,451.00,447.00
6626302649460766,20070919,441.00,441.00,82,332890,145996401.00,438.00,445.00,446.00,438.00
6626302649460766,20070922,435.00,435.00,102,375611,162720403.00,433.00,438.00,441.00,433.00
6626302649460766,20070923,437.00,437.00,158,837397,366344086.00,427.00,443.00,435.00,433.00
6626302649460766,20070924,444.00,444.00,345,2224330,987975290.00,438.00,445.00,437.00,445.00
6626302649460766,20070925,452.00,452.00,186,1427384,645177568.00,452.00,452.00,444.00,452.00
6626302649460766,20070926,460.00,460.00,324,1996762,920500010.00,460.00,461.00,452.00,461.00
6626302649460766,20070929,469.00,469.00,208,1299533,609480977.00,469.00,469.00,460.00,469.00
6626302649460766,20070930,478.00,478.00,211,1187246,567503588.00,478.00,478.00,469.00,478.00
6626302649460766,20071001,483.00,483.00,48,299561,145886167.00,483.00,487.00,478.00,487.00
6626302649460766,20071002,485.00,485.00,24,96929,47688998.00,485.00,492.00,483.00,492.00
6626302649460766,20071006,487.00,487.00,38,137344,67847866.00,487.00,494.00,485.00,494.00
6626302649460766,20071007,496.00,496.00,110,500000,248000000.00,496.00,496.00,487.00,496.00
6626302649460766,20071008,501.00,501.00,58,250010,126255010.00,501.00,505.00,496.00,505.00
6626302649460766,20071009,507.00,507.00,52,308222,157501402.00,507.00,511.00,501.00,511.00
6626302649460766,20071010,511.00,511.00,50,200010,103405110.00,511.00,517.00,507.00,517.00
6626302649460766,20071014,517.00,517.00,69,286236,149128916.00,517.00,521.00,511.00,521.00
6626302649460766,20071015,518.00,518.00,18,63303,33360591.00,518.00,527.00,517.00,527.00
6626302649460766,20071016,524.00,524.00,70,300254,158534072.00,524.00,528.00,518.00,528.00
6626302649460766,20071017,529.00,529.00,63,257365,137432860.00,529.00,534.00,524.00,534.00
6626302649460766,20071020,529.00,529.00,7,15540,8375960.00,529.00,539.00,529.00,539.00
6626302649460766,20071021,531.00,531.00,32,121768,65632872.00,531.00,539.00,529.00,539.00
6626302649460766,20071022,535.00,535.00,46,212974,115218874.00,535.00,541.00,531.00,541.00
6626302649460766,20071023,545.00,545.00,125,521988,284483460.00,545.00,545.00,535.00,545.00
6626302649460766,20071024,551.00,551.00,76,289954,160924430.00,551.00,555.00,545.00,555.00
6626302649460766,20071027,553.00,553.00,39,112602,63282234.00,553.00,562.00,551.00,562.00
6626302649460766,20071028,561.00,561.00,514,2114131,1187741934.00,542.00,564.00,553.00,564.00
6626302649460766,20071029,560.00,560.00,12,33475,18411350.00,550.00,560.00,561.00,550.00
6626302649460766,20071030,559.00,559.00,15,56534,31037266.00,549.00,559.00,560.00,549.00
6626302649460766,20071031,557.00,557.00,26,111788,61259914.00,548.00,557.00,559.00,548.00
6626302649460766,20071103,557.00,557.00,9,17358,9477578.00,546.00,557.00,557.00,546.00
6626302649460766,20071104,557.00,557.00,9,14946,8160626.00,546.00,557.00,557.00,546.00
6626302649460766,20071105,557.00,557.00,2,5841,3189296.00,546.00,557.00,557.00,546.00
6626302649460766,20071107,554.00,554.00,33,132954,72592964.00,546.00,554.00,557.00,546.00
6626302649460766,20071110,554.00,554.00,7,22727,12340871.00,543.00,554.00,554.00,543.00
6626302649460766,20071112,554.00,554.00,9,21834,11855972.00,543.00,554.00,554.00,543.00
6626302649460766,20071113,554.00,554.00,3,1110,602840.00,543.00,554.00,554.00,543.00
6626302649460766,20071114,554.00,554.00,2,1040,564830.00,543.00,554.00,554.00,543.00
6626302649460766,20071117,554.00,554.00,2,1200,651710.00,543.00,554.00,554.00,543.00
6626302649460766,20071119,543.00,543.00,2,9153,4970079.00,543.00,543.00,554.00,543.00
6626302649460766,20071120,533.00,533.00,56,260000,138580000.00,533.00,533.00,543.00,533.00
6626302649460766,20071124,533.00,533.00,3,3714,1942522.00,523.00,533.00,533.00,523.00
6626302649460766,20071125,532.00,532.00,22,58854,30780732.00,523.00,532.00,533.00,523.00
6626302649460766,20071128,532.00,532.00,8,5115,2670130.00,522.00,532.00,532.00,522.00
6626302649460766,20071201,532.00,532.00,3,1060,553420.00,522.00,532.00,532.00,522.00
6626302649460766,20071203,532.00,532.00,2,161,84142.00,522.00,532.00,532.00,522.00
6626302649460766,20071205,522.00,522.00,1,1999,1043478.00,522.00,522.00,532.00,522.00
6626302649460766,20071208,512.00,512.00,5,19517,9992704.00,512.00,512.00,522.00,512.00
6626302649460766,20071209,502.00,502.00,63,251446,126225892.00,502.00,502.00,512.00,502.00
6626302649460766,20071210,500.00,500.00,22,93711,46105892.00,492.00,500.00,502.00,492.00
6626302649460766,20071211,498.00,498.00,23,93657,45892010.00,490.00,498.00,500.00,490.00
6626302649460766,20071212,497.00,497.00,9,29404,14378636.00,489.00,497.00,498.00,489.00
6626302649460766,20071215,496.00,496.00,17,71645,34962840.00,488.00,496.00,497.00,488.00
6626302649460766,20071216,496.00,496.00,5,17325,8437365.00,487.00,496.00,496.00,487.00
6626302649460766,20071217,496.00,496.00,5,3430,1670500.00,487.00,496.00,496.00,487.00
6626302649460766,20071218,494.00,494.00,35,124246,60507872.00,487.00,494.00,496.00,487.00
6626302649460766,20071219,494.00,494.00,4,20530,9957140.00,485.00,494.00,494.00,485.00
6626302649460766,20071222,494.00,494.00,5,13713,6650895.00,485.00,494.00,494.00,485.00
6626302649460766,20071223,492.00,492.00,30,118345,57397395.00,485.00,492.00,494.00,485.00
6626302649460766,20071224,492.00,492.00,2,60,29070.00,483.00,492.00,492.00,483.00
6626302649460766,20071226,492.00,492.00,5,10489,5066277.00,483.00,492.00,492.00,483.00
6626302649460766,20071230,491.00,491.00,15,52028,25129604.00,483.00,491.00,492.00,483.00
6626302649460766,20071231,490.00,490.00,16,44336,21370032.00,482.00,490.00,491.00,482.00
6626302649460766,20080101,490.00,490.00,3,3112,1496962.00,481.00,490.00,490.00,481.00
6626302649460766,20080102,487.00,487.00,40,150941,72602681.00,481.00,487.00,490.00,481.00
6626302649460766,20080105,485.00,485.00,31,135807,64915816.00,478.00,485.00,487.00,478.00
6626302649460766,20080106,483.00,483.00,29,111187,52925082.00,476.00,483.00,485.00,476.00
6626302649460766,20080108,482.00,482.00,14,44986,21323444.00,474.00,482.00,483.00,474.00
6626302649460766,20080109,481.00,481.00,14,53393,25254969.00,473.00,481.00,482.00,473.00
6626302649460766,20080112,480.00,480.00,10,28456,13431312.00,472.00,480.00,481.00,472.00
6626302649460766,20080113,478.00,478.00,30,112544,53008294.00,471.00,478.00,480.00,471.00
6626302649460766,20080114,474.00,474.00,1397,7120608,3376652037.00,469.00,487.00,478.00,469.00
6626302649460766,20080115,477.00,477.00,51,191467,92478501.00,477.00,483.00,474.00,483.00
6626302649460766,20080116,483.00,483.00,653,3526974,1704018082.00,468.00,486.00,477.00,486.00
6626302649460766,20080120,475.00,475.00,104,438789,208138920.00,474.00,476.00,483.00,476.00
6626302649460766,20080121,473.00,473.00,23,107078,49898418.00,466.00,473.00,475.00,466.00
6626302649460766,20080122,466.00,466.00,87,368358,170918132.00,464.00,466.00,473.00,464.00
6626302649460766,20080123,466.00,466.00,302,1395721,650622864.00,457.00,475.00,466.00,457.00
6626302649460766,20080126,474.00,474.00,242,1058699,501972467.00,466.00,475.00,466.00,467.00
6626302649460766,20080127,472.00,472.00,137,600665,283822160.00,465.00,483.00,474.00,482.00
6626302649460766,20080128,463.00,463.00,105,559022,259307632.00,463.00,472.00,472.00,472.00
6626302649460766,20080129,455.00,455.00,305,1605404,731273724.00,454.00,464.00,463.00,454.00
6626302649460766,20080130,456.00,456.00,73,305543,139798032.00,450.00,464.00,455.00,460.00
6626302649460766,20080202,455.00,455.00,85,353577,160905868.00,447.00,462.00,456.00,459.00
6626302649460766,20080203,447.00,447.00,201,892688,399062713.00,446.00,460.00,455.00,447.00
6626302649460766,20080204,450.00,450.00,59,238667,108166355.00,446.00,455.00,447.00,446.00
6626302649460766,20080205,458.00,458.00,116,476479,218673274.00,456.00,459.00,450.00,459.00
6626302649460766,20080206,463.00,463.00,67,290955,135875945.00,463.00,467.00,458.00,467.00
6626302649460766,20080209,466.00,466.00,35,139304,65751428.00,466.00,472.00,463.00,472.00
6626302649460766,20080210,471.00,471.00,205,897984,423514672.00,457.00,475.00,466.00,475.00
6626302649460766,20080212,467.00,467.00,56,211262,97603094.00,462.00,467.00,471.00,462.00
6626302649460766,20080213,467.00,467.00,8,23920,10955450.00,458.00,467.00,467.00,458.00
6626302649460766,20080216,466.00,466.00,13,39654,18161612.00,458.00,466.00,467.00,458.00
6626302649460766,20080217,465.00,465.00,12,36631,16740447.00,457.00,465.00,466.00,457.00
6626302649460766,20080218,465.00,465.00,7,17430,7948170.00,456.00,465.00,465.00,456.00
6626302649460766,20080219,463.00,463.00,32,124944,56974534.00,456.00,463.00,465.00,456.00
6626302649460766,20080220,463.00,463.00,8,20910,9493230.00,454.00,463.00,463.00,454.00
6626302649460766,20080223,461.00,461.00,33,108185,49116060.00,454.00,461.00,463.00,454.00
6626302649460766,20080224,460.00,460.00,22,63219,28575068.00,452.00,460.00,461.00,452.00
6626302649460766,20080225,460.00,460.00,6,20520,9254610.00,451.00,460.00,460.00,451.00
6626302649460766,20080226,459.00,459.00,21,83043,37452473.00,451.00,459.00,460.00,451.00
6626302649460766,20080227,458.00,458.00,12,38485,17318330.00,450.00,458.00,459.00,450.00
6626302649460766,20080302,458.00,458.00,2,617,277123.00,449.00,458.00,458.00,449.00
6626302649460766,20080303,457.00,457.00,17,64464,28944416.00,449.00,457.00,458.00,449.00
6626302649460766,20080304,457.00,457.00,6,10310,4618970.00,448.00,457.00,457.00,448.00
6626302649460766,20080305,456.00,456.00,15,46539,20849552.00,448.00,456.00,457.00,448.00
6626302649460766,20080309,455.00,455.00,12,43575,19478105.00,447.00,455.00,456.00,447.00
6626302649460766,20080310,446.00,446.00,178,1114950,497267700.00,446.00,446.00,455.00,446.00
6626302649460766,20080311,442.00,442.00,53,228707,100173706.00,438.00,442.00,446.00,438.00
6626302649460766,20080312,436.00,436.00,183,1195331,521633028.00,434.00,450.00,442.00,434.00
6626302649460766,20080315,439.00,439.00,46,156381,69433114.00,439.00,444.00,436.00,444.00
6626302649460766,20081206,439.00,439.00,0,0,0.00,0.00,0.00,439.00,0.00
6626302649460766,20081207,439.00,439.00,0,0,0.00,0.00,0.00,439.00,0.00
6626302649460766,20081208,439.00,439.00,0,0,0.00,0.00,0.00,439.00,0.00
6626302649460766,20081210,439.00,439.00,0,0,0.00,0.00,0.00,439.00,0.00
6626302649460766,20081213,439.00,439.00,0,0,0.00,0.00,0.00,439.00,0.00
6626302649460766,20081214,439.00,439.00,0,0,0.00,0.00,0.00,439.00,0.00
6626302649460766,20081215,439.00,439.00,0,0,0.00,0.00,0.00,439.00,0.00
6626302649460766,20081216,439.00,439.00,0,0,0.00,0.00,0.00,439.00,0.00
6626302649460766,20081220,439.00,439.00,0,0,0.00,0.00,0.00,439.00,0.00
6626302649460766,20081221,439.00,439.00,0,0,0.00,0.00,0.00,439.00,0.00
6626302649460766,20081222,439.00,439.00,0,0,0.00,0.00,0.00,439.00,0.00
6626302649460766,20081223,439.00,439.00,0,0,0.00,0.00,0.00,439.00,0.00
6626302649460766,20081224,439.00,439.00,0,0,0.00,0.00,0.00,439.00,0.00
6626302649460766,20081227,439.00,439.00,0,0,0.00,0.00,0.00,439.00,0.00
6626302649460766,20081228,439.00,439.00,0,0,0.00,0.00,0.00,439.00,0.00
6626302649460766,20081229,439.00,439.00,0,0,0.00,0.00,0.00,439.00,0.00
6626302649460766,20081230,439.00,439.00,0,0,0.00,0.00,0.00,439.00,0.00
6626302649460766,20081231,439.00,439.00,0,0,0.00,0.00,0.00,439.00,0.00
6626302649460766,20090103,439.00,439.00,0,0,0.00,0.00,0.00,439.00,0.00
6626302649460766,20090104,439.00,439.00,0,0,0.00,0.00,0.00,439.00,0.00
6626302649460766,20090105,439.00,439.00,0,0,0.00,0.00,0.00,439.00,0.00
6626302649460766,20090110,439.00,439.00,0,0,0.00,0.00,0.00,439.00,0.00
6626302649460766,20090111,439.00,439.00,0,0,0.00,0.00,0.00,439.00,0.00
6626302649460766,20090112,439.00,439.00,0,0,0.00,0.00,0.00,439.00,0.00
6626302649460766,20090113,439.00,439.00,0,0,0.00,0.00,0.00,439.00,0.00
6626302649460766,20090114,439.00,439.00,0,0,0.00,0.00,0.00,439.00,0.00
6626302649460766,20090117,439.00,439.00,0,0,0.00,0.00,0.00,439.00,0.00
6626302649460766,20090118,439.00,439.00,0,0,0.00,0.00,0.00,439.00,0.00
6626302649460766,20090119,439.00,439.00,0,0,0.00,0.00,0.00,439.00,0.00
6626302649460766,20090120,439.00,439.00,0,0,0.00,0.00,0.00,439.00,0.00
6626302649460766,20090121,439.00,439.00,0,0,0.00,0.00,0.00,439.00,0.00
6626302649460766,20090124,439.00,439.00,0,0,0.00,0.00,0.00,439.00,0.00
6626302649460766,20090125,439.00,439.00,0,0,0.00,0.00,0.00,439.00,0.00
6626302649460766,20090126,439.00,439.00,0,0,0.00,0.00,0.00,439.00,0.00
6626302649460766,20090127,439.00,439.00,0,0,0.00,0.00,0.00,439.00,0.00
6626302649460766,20090128,439.00,439.00,0,0,0.00,0.00,0.00,439.00,0.00
6626302649460766,20090131,439.00,439.00,0,0,0.00,0.00,0.00,439.00,0.00
6626302649460766,20090201,439.00,439.00,0,0,0.00,0.00,0.00,439.00,0.00
6626302649460766,20090202,439.00,439.00,0,0,0.00,0.00,0.00,439.00,0.00
6626302649460766,20090203,439.00,439.00,0,0,0.00,0.00,0.00,439.00,0.00
6626302649460766,20090204,439.00,439.00,0,0,0.00,0.00,0.00,439.00,0.00
6626302649460766,20090207,439.00,439.00,0,0,0.00,0.00,0.00,439.00,0.00
6626302649460766,20090208,439.00,439.00,0,0,0.00,0.00,0.00,439.00,0.00
6626302649460766,20090209,439.00,439.00,0,0,0.00,0.00,0.00,439.00,0.00
6626302649460766,20090211,439.00,439.00,0,0,0.00,0.00,0.00,439.00,0.00
6626302649460766,20090214,439.00,439.00,0,0,0.00,0.00,0.00,439.00,0.00
6626302649460766,20090215,439.00,439.00,0,0,0.00,0.00,0.00,439.00,0.00
6626302649460766,20090217,439.00,439.00,0,0,0.00,0.00,0.00,439.00,0.00
6626302649460766,20090218,439.00,439.00,0,0,0.00,0.00,0.00,439.00,0.00
6626302649460766,20090221,439.00,439.00,0,0,0.00,0.00,0.00,439.00,0.00
6626302649460766,20090222,439.00,439.00,0,0,0.00,0.00,0.00,439.00,0.00
6626302649460766,20090223,439.00,439.00,0,0,0.00,0.00,0.00,439.00,0.00
6626302649460766,20090225,439.00,439.00,0,0,0.00,0.00,0.00,439.00,0.00
6626302649460766,20090228,439.00,439.00,0,0,0.00,0.00,0.00,439.00,0.00
6626302649460766,20090301,439.00,439.00,0,0,0.00,0.00,0.00,439.00,0.00
6626302649460766,20090302,439.00,439.00,0,0,0.00,0.00,0.00,439.00,0.00
6626302649460766,20090303,439.00,439.00,0,0,0.00,0.00,0.00,439.00,0.00
6626302649460766,20090304,439.00,439.00,0,0,0.00,0.00,0.00,439.00,0.00
6626302649460766,20090307,439.00,439.00,0,0,0.00,0.00,0.00,439.00,0.00
6626302649460766,20090308,439.00,439.00,0,0,0.00,0.00,0.00,439.00,0.00
6626302649460766,20090309,439.00,439.00,0,0,0.00,0.00,0.00,439.00,0.00
6626302649460766,20090310,439.00,439.00,0,0,0.00,0.00,0.00,439.00,0.00
6626302649460766,20090311,439.00,439.00,0,0,0.00,0.00,0.00,439.00,0.00
6626302649460766,20090314,439.00,439.00,0,0,0.00,0.00,0.00,439.00,0.00
6626302649460766,20090316,439.00,439.00,0,0,0.00,0.00,0.00,439.00,0.00
6626302649460766,20090317,439.00,439.00,0,0,0.00,0.00,0.00,439.00,0.00
6626302649460766,20090318,439.00,439.00,0,0,0.00,0.00,0.00,439.00,0.00
6626302649460766,20090325,439.00,439.00,0,0,0.00,0.00,0.00,439.00,0.00
6626302649460766,20090328,439.00,439.00,0,0,0.00,0.00,0.00,439.00,0.00
6626302649460766,20090329,439.00,439.00,0,0,0.00,0.00,0.00,439.00,0.00
6626302649460766,20090330,439.00,439.00,0,0,0.00,0.00,0.00,439.00,0.00
6626302649460766,20090331,439.00,439.00,0,0,0.00,0.00,0.00,439.00,0.00
6626302649460766,20090404,439.00,439.00,0,0,0.00,0.00,0.00,439.00,0.00
6626302649460766,20090405,439.00,439.00,0,0,0.00,0.00,0.00,439.00,0.00
6626302649460766,20090406,439.00,439.00,0,0,0.00,0.00,0.00,439.00,0.00
6626302649460766,20090407,439.00,439.00,0,0,0.00,0.00,0.00,439.00,0.00
6626302649460766,20090408,439.00,439.00,0,0,0.00,0.00,0.00,439.00,0.00
6626302649460766,20090411,439.00,439.00,0,0,0.00,0.00,0.00,439.00,0.00
6626302649460766,20090412,439.00,439.00,0,0,0.00,0.00,0.00,439.00,0.00
6626302649460766,20090413,439.00,439.00,0,0,0.00,0.00,0.00,439.00,0.00
6626302649460766,20090414,439.00,439.00,0,0,0.00,0.00,0.00,439.00,0.00
6626302649460766,20090415,439.00,439.00,0,0,0.00,0.00,0.00,439.00,0.00
6626302649460766,20090418,439.00,439.00,0,0,0.00,0.00,0.00,439.00,0.00
6626302649460766,20090419,439.00,439.00,0,0,0.00,0.00,0.00,439.00,0.00
6626302649460766,20090420,439.00,439.00,0,0,0.00,0.00,0.00,439.00,0.00
6626302649460766,20090421,439.00,439.00,0,0,0.00,0.00,0.00,439.00,0.00
6626302649460766,20090422,439.00,439.00,0,0,0.00,0.00,0.00,439.00,0.00
6626302649460766,20090425,439.00,439.00,0,0,0.00,0.00,0.00,439.00,0.00
6626302649460766,20090426,439.00,439.00,0,0,0.00,0.00,0.00,439.00,0.00
6626302649460766,20090427,439.00,439.00,0,0,0.00,0.00,0.00,439.00,0.00
6626302649460766,20090428,439.00,439.00,0,0,0.00,0.00,0.00,439.00,0.00
6626302649460766,20090429,439.00,439.00,0,0,0.00,0.00,0.00,439.00,0.00
6626302649460766,20090502,439.00,439.00,0,0,0.00,0.00,0.00,439.00,0.00
6626302649460766,20090503,439.00,439.00,0,0,0.00,0.00,0.00,439.00,0.00
6626302649460766,20090504,439.00,439.00,0,0,0.00,0.00,0.00,439.00,0.00
6626302649460766,20090505,439.00,439.00,0,0,0.00,0.00,0.00,439.00,0.00
6626302649460766,20090506,439.00,439.00,0,0,0.00,0.00,0.00,439.00,0.00
6626302649460766,20090509,439.00,439.00,0,0,0.00,0.00,0.00,439.00,0.00
6626302649460766,20090510,439.00,439.00,0,0,0.00,0.00,0.00,439.00,0.00
6626302649460766,20090511,439.00,439.00,0,0,0.00,0.00,0.00,439.00,0.00
6626302649460766,20090512,439.00,439.00,0,0,0.00,0.00,0.00,439.00,0.00
6626302649460766,20090513,439.00,439.00,0,0,0.00,0.00,0.00,439.00,0.00
6626302649460766,20090516,439.00,439.00,0,0,0.00,0.00,0.00,439.00,0.00
6626302649460766,20090517,439.00,439.00,0,0,0.00,0.00,0.00,439.00,0.00
6626302649460766,20090518,439.00,439.00,0,0,0.00,0.00,0.00,439.00,0.00
6626302649460766,20090519,439.00,439.00,0,0,0.00,0.00,0.00,439.00,0.00
6626302649460766,20090520,439.00,439.00,0,0,0.00,0.00,0.00,439.00,0.00
6626302649460766,20090523,439.00,439.00,0,0,0.00,0.00,0.00,439.00,0.00
6626302649460766,20090524,439.00,439.00,0,0,0.00,0.00,0.00,439.00,0.00
6626302649460766,20090525,439.00,439.00,0,0,0.00,0.00,0.00,439.00,0.00
6626302649460766,20090526,439.00,439.00,0,0,0.00,0.00,0.00,439.00,0.00
6626302649460766,20090527,439.00,439.00,0,0,0.00,0.00,0.00,439.00,0.00
6626302649460766,20090530,439.00,439.00,0,0,0.00,0.00,0.00,439.00,0.00
6626302649460766,20090531,439.00,439.00,0,0,0.00,0.00,0.00,439.00,0.00
6626302649460766,20090601,439.00,439.00,0,0,0.00,0.00,0.00,439.00,0.00
6626302649460766,20090602,439.00,439.00,0,0,0.00,0.00,0.00,439.00,0.00
6626302649460766,20090603,439.00,439.00,0,0,0.00,0.00,0.00,439.00,0.00
6626302649460766,20090606,439.00,439.00,0,0,0.00,0.00,0.00,439.00,0.00
6626302649460766,20090607,439.00,439.00,0,0,0.00,0.00,0.00,439.00,0.00
6626302649460766,20090608,439.00,439.00,0,0,0.00,0.00,0.00,439.00,0.00
6626302649460766,20090609,439.00,439.00,0,0,0.00,0.00,0.00,439.00,0.00
6626302649460766,20090610,439.00,439.00,0,0,0.00,0.00,0.00,439.00,0.00
6626302649460766,20090613,408.00,408.00,0,0,0.00,0.00,0.00,439.00,0.00
6626302649460766,20090614,408.00,408.00,0,0,0.00,0.00,0.00,408.00,0.00
6626302649460766,20090615,408.00,408.00,0,0,0.00,0.00,0.00,408.00,0.00
6626302649460766,20090616,408.00,408.00,0,0,0.00,0.00,0.00,408.00,0.00
6626302649460766,20090617,408.00,408.00,0,0,0.00,0.00,0.00,408.00,0.00
6626302649460766,20090620,408.00,408.00,0,0,0.00,0.00,0.00,408.00,0.00
6626302649460766,20090621,408.00,408.00,0,0,0.00,0.00,0.00,408.00,0.00
6626302649460766,20090622,408.00,408.00,0,0,0.00,0.00,0.00,408.00,0.00
6626302649460766,20090623,408.00,408.00,0,0,0.00,0.00,0.00,408.00,0.00
6626302649460766,20090624,408.00,408.00,0,0,0.00,0.00,0.00,408.00,0.00
6626302649460766,20090627,408.00,408.00,0,0,0.00,0.00,0.00,408.00,0.00
6626302649460766,20090628,408.00,408.00,0,0,0.00,0.00,0.00,408.00,0.00
6626302649460766,20090629,408.00,408.00,0,0,0.00,0.00,0.00,408.00,0.00
6626302649460766,20090630,408.00,408.00,0,0,0.00,0.00,0.00,408.00,0.00
6626302649460766,20090701,408.00,408.00,0,0,0.00,0.00,0.00,408.00,0.00
6626302649460766,20090704,408.00,408.00,0,0,0.00,0.00,0.00,408.00,0.00
6626302649460766,20090705,408.00,408.00,0,0,0.00,0.00,0.00,408.00,0.00
6626302649460766,20090707,408.00,408.00,0,0,0.00,0.00,0.00,408.00,0.00
6626302649460766,20090711,408.00,408.00,0,0,0.00,0.00,0.00,408.00,0.00
6626302649460766,20090712,408.00,408.00,0,0,0.00,0.00,0.00,408.00,0.00
6626302649460766,20090713,408.00,408.00,0,0,0.00,0.00,0.00,408.00,0.00
6626302649460766,20090714,408.00,408.00,0,0,0.00,0.00,0.00,408.00,0.00
6626302649460766,20090715,408.00,408.00,0,0,0.00,0.00,0.00,408.00,0.00
6626302649460766,20090718,408.00,408.00,0,0,0.00,0.00,0.00,408.00,0.00
6626302649460766,20090719,408.00,408.00,0,0,0.00,0.00,0.00,408.00,0.00
6626302649460766,20090721,408.00,408.00,0,0,0.00,0.00,0.00,408.00,0.00
6626302649460766,20090722,408.00,408.00,0,0,0.00,0.00,0.00,408.00,0.00
6626302649460766,20090725,408.00,408.00,0,0,0.00,0.00,0.00,408.00,0.00
6626302649460766,20090726,408.00,408.00,0,0,0.00,0.00,0.00,408.00,0.00
6626302649460766,20090727,408.00,408.00,0,0,0.00,0.00,0.00,408.00,0.00
6626302649460766,20090728,408.00,408.00,0,0,0.00,0.00,0.00,408.00,0.00
6626302649460766,20090729,408.00,408.00,0,0,0.00,0.00,0.00,408.00,0.00
6626302649460766,20090801,408.00,408.00,0,0,0.00,0.00,0.00,408.00,0.00
6626302649460766,20090802,408.00,408.00,0,0,0.00,0.00,0.00,408.00,0.00
6626302649460766,20090803,408.00,408.00,0,0,0.00,0.00,0.00,408.00,0.00
6626302649460766,20090804,408.00,408.00,0,0,0.00,0.00,0.00,408.00,0.00
6626302649460766,20090805,408.00,408.00,0,0,0.00,0.00,0.00,408.00,0.00
6626302649460766,20090808,408.00,408.00,0,0,0.00,0.00,0.00,408.00,0.00
6626302649460766,20090809,408.00,408.00,0,0,0.00,0.00,0.00,408.00,0.00
6626302649460766,20090810,408.00,408.00,0,0,0.00,0.00,0.00,408.00,0.00
6626302649460766,20090811,408.00,408.00,0,0,0.00,0.00,0.00,408.00,0.00
6626302649460766,20090812,408.00,408.00,0,0,0.00,0.00,0.00,408.00,0.00
6626302649460766,20090815,408.00,408.00,0,0,0.00,0.00,0.00,408.00,0.00
6626302649460766,20090816,408.00,408.00,0,0,0.00,0.00,0.00,408.00,0.00
6626302649460766,20090817,408.00,408.00,0,0,0.00,0.00,0.00,408.00,0.00
6626302649460766,20090818,408.00,408.00,0,0,0.00,0.00,0.00,408.00,0.00
6626302649460766,20090819,408.00,408.00,0,0,0.00,0.00,0.00,408.00,0.00
6626302649460766,20090822,408.00,408.00,0,0,0.00,0.00,0.00,408.00,0.00
6626302649460766,20090823,408.00,408.00,0,0,0.00,0.00,0.00,408.00,0.00
6626302649460766,20090824,408.00,408.00,0,0,0.00,0.00,0.00,408.00,0.00
6626302649460766,20090825,408.00,408.00,0,0,0.00,0.00,0.00,408.00,0.00
6626302649460766,20090826,408.00,408.00,0,0,0.00,0.00,0.00,408.00,0.00
6626302649460766,20090829,408.00,408.00,0,0,0.00,0.00,0.00,408.00,0.00
6626302649460766,20090830,408.00,408.00,0,0,0.00,0.00,0.00,408.00,0.00
6626302649460766,20090831,408.00,408.00,0,0,0.00,0.00,0.00,408.00,0.00
6626302649460766,20090901,408.00,408.00,0,0,0.00,0.00,0.00,408.00,0.00
6626302649460766,20090902,408.00,408.00,0,0,0.00,0.00,0.00,408.00,0.00
6626302649460766,20090905,408.00,408.00,0,0,0.00,0.00,0.00,408.00,0.00
6626302649460766,20090906,408.00,408.00,0,0,0.00,0.00,0.00,408.00,0.00
6626302649460766,20090907,408.00,408.00,0,0,0.00,0.00,0.00,408.00,0.00
6626302649460766,20090908,408.00,408.00,0,0,0.00,0.00,0.00,408.00,0.00
6626302649460766,20090909,408.00,408.00,0,0,0.00,0.00,0.00,408.00,0.00
6626302649460766,20090912,408.00,408.00,0,0,0.00,0.00,0.00,408.00,0.00
6626302649460766,20090913,408.00,408.00,0,0,0.00,0.00,0.00,408.00,0.00
6626302649460766,20090914,408.00,408.00,0,0,0.00,0.00,0.00,408.00,0.00
6626302649460766,20090915,408.00,408.00,0,0,0.00,0.00,0.00,408.00,0.00
6626302649460766,20090916,408.00,408.00,0,0,0.00,0.00,0.00,408.00,0.00
6626302649460766,20090919,408.00,408.00,0,0,0.00,0.00,0.00,408.00,0.00
6626302649460766,20090920,408.00,408.00,0,0,0.00,0.00,0.00,408.00,0.00
6626302649460766,20090921,408.00,408.00,0,0,0.00,0.00,0.00,408.00,0.00
6626302649460766,20090922,408.00,408.00,0,0,0.00,0.00,0.00,408.00,0.00
6626302649460766,20090923,408.00,408.00,0,0,0.00,0.00,0.00,408.00,0.00
6626302649460766,20090926,408.00,408.00,0,0,0.00,0.00,0.00,408.00,0.00
6626302649460766,20090927,408.00,408.00,0,0,0.00,0.00,0.00,408.00,0.00
6626302649460766,20090928,408.00,408.00,0,0,0.00,0.00,0.00,408.00,0.00
6626302649460766,20090929,408.00,408.00,0,0,0.00,0.00,0.00,408.00,0.00
6626302649460766,20090930,408.00,408.00,0,0,0.00,0.00,0.00,408.00,0.00
6626302649460766,20091003,408.00,408.00,0,0,0.00,0.00,0.00,408.00,0.00
6626302649460766,20091004,408.00,408.00,0,0,0.00,0.00,0.00,408.00,0.00
6626302649460766,20091005,408.00,408.00,0,0,0.00,0.00,0.00,408.00,0.00
6626302649460766,20091006,408.00,408.00,0,0,0.00,0.00,0.00,408.00,0.00
6626302649460766,20091007,408.00,408.00,0,0,0.00,0.00,0.00,408.00,0.00
6626302649460766,20091010,408.00,408.00,0,0,0.00,0.00,0.00,408.00,0.00
6626302649460766,20091011,408.00,408.00,0,0,0.00,0.00,0.00,408.00,0.00
6626302649460766,20091012,408.00,408.00,0,0,0.00,0.00,0.00,408.00,0.00
6626302649460766,20091013,408.00,408.00,0,0,0.00,0.00,0.00,408.00,0.00
6626302649460766,20091017,408.00,408.00,0,0,0.00,0.00,0.00,408.00,0.00
6626302649460766,20091018,408.00,408.00,0,0,0.00,0.00,0.00,408.00,0.00
6626302649460766,20091019,408.00,408.00,0,0,0.00,0.00,0.00,408.00,0.00
6626302649460766,20091020,408.00,408.00,0,0,0.00,0.00,0.00,408.00,0.00
6626302649460766,20091021,408.00,408.00,0,0,0.00,0.00,0.00,408.00,0.00
6626302649460766,20091024,408.00,408.00,0,0,0.00,0.00,0.00,408.00,0.00
6626302649460766,20091025,408.00,408.00,0,0,0.00,0.00,0.00,408.00,0.00
6626302649460766,20091026,408.00,408.00,0,0,0.00,0.00,0.00,408.00,0.00
6626302649460766,20091027,408.00,408.00,0,0,0.00,0.00,0.00,408.00,0.00
6626302649460766,20091028,408.00,408.00,0,0,0.00,0.00,0.00,408.00,0.00
6626302649460766,20091031,408.00,408.00,0,0,0.00,0.00,0.00,408.00,0.00
6626302649460766,20091101,408.00,408.00,0,0,0.00,0.00,0.00,408.00,0.00
6626302649460766,20091102,408.00,408.00,0,0,0.00,0.00,0.00,408.00,0.00
6626302649460766,20091103,408.00,408.00,0,0,0.00,0.00,0.00,408.00,0.00
6626302649460766,20091104,408.00,408.00,0,0,0.00,0.00,0.00,408.00,0.00
6626302649460766,20091107,408.00,408.00,0,0,0.00,0.00,0.00,408.00,0.00
6626302649460766,20091108,408.00,408.00,0,0,0.00,0.00,0.00,408.00,0.00
6626302649460766,20091109,408.00,408.00,0,0,0.00,0.00,0.00,408.00,0.00
6626302649460766,20091110,408.00,408.00,0,0,0.00,0.00,0.00,408.00,0.00
6626302649460766,20091111,408.00,408.00,0,0,0.00,0.00,0.00,408.00,0.00
6626302649460766,20091114,408.00,408.00,0,0,0.00,0.00,0.00,408.00,0.00
6626302649460766,20091115,408.00,408.00,0,0,0.00,0.00,0.00,408.00,0.00
6626302649460766,20091116,408.00,408.00,0,0,0.00,0.00,0.00,408.00,0.00
6626302649460766,20091117,408.00,408.00,0,0,0.00,0.00,0.00,408.00,0.00
6626302649460766,20091118,408.00,408.00,0,0,0.00,0.00,0.00,408.00,0.00
6626302649460766,20091121,408.00,408.00,0,0,0.00,0.00,0.00,408.00,0.00
6626302649460766,20091122,408.00,408.00,0,0,0.00,0.00,0.00,408.00,0.00
6626302649460766,20091123,408.00,408.00,0,0,0.00,0.00,0.00,408.00,0.00
6626302649460766,20091124,408.00,408.00,0,0,0.00,0.00,0.00,408.00,0.00
6626302649460766,20091125,408.00,408.00,0,0,0.00,0.00,0.00,408.00,0.00
6626302649460766,20091129,408.00,408.00,0,0,0.00,0.00,0.00,408.00,0.00
6626302649460766,20091130,408.00,408.00,0,0,0.00,0.00,0.00,408.00,0.00
6626302649460766,20091201,408.00,408.00,0,0,0.00,0.00,0.00,408.00,0.00
6626302649460766,20091202,408.00,408.00,0,0,0.00,0.00,0.00,408.00,0.00
6626302649460766,20091205,408.00,408.00,0,0,0.00,0.00,0.00,408.00,0.00
6626302649460766,20091207,408.00,408.00,0,0,0.00,0.00,0.00,408.00,0.00
6626302649460766,20091208,408.00,408.00,0,0,0.00,0.00,0.00,408.00,0.00
6626302649460766,20091209,408.00,408.00,0,0,0.00,0.00,0.00,408.00,0.00
6626302649460766,20091212,408.00,408.00,0,0,0.00,0.00,0.00,408.00,0.00
6626302649460766,20091213,408.00,408.00,0,0,0.00,0.00,0.00,408.00,0.00
6626302649460766,20091214,408.00,408.00,0,0,0.00,0.00,0.00,408.00,0.00
6626302649460766,20091215,408.00,408.00,0,0,0.00,0.00,0.00,408.00,0.00
6626302649460766,20091216,408.00,408.00,0,0,0.00,0.00,0.00,408.00,0.00
6626302649460766,20091219,408.00,408.00,0,0,0.00,0.00,0.00,408.00,0.00
6626302649460766,20091220,408.00,408.00,0,0,0.00,0.00,0.00,408.00,0.00
6626302649460766,20091221,408.00,408.00,0,0,0.00,0.00,0.00,408.00,0.00
6626302649460766,20091222,408.00,408.00,0,0,0.00,0.00,0.00,408.00,0.00
6626302649460766,20091223,408.00,408.00,0,0,0.00,0.00,0.00,408.00,0.00
6626302649460766,20091228,408.00,408.00,0,0,0.00,0.00,0.00,408.00,0.00
6626302649460766,20091229,408.00,408.00,0,0,0.00,0.00,0.00,408.00,0.00
6626302649460766,20091230,408.00,408.00,0,0,0.00,0.00,0.00,408.00,0.00
6626302649460766,20100102,408.00,408.00,0,0,0.00,0.00,0.00,408.00,0.00
6626302649460766,20100103,408.00,408.00,0,0,0.00,0.00,0.00,408.00,0.00
6626302649460766,20100104,408.00,408.00,0,0,0.00,0.00,0.00,408.00,0.00
6626302649460766,20100105,408.00,408.00,0,0,0.00,0.00,0.00,408.00,0.00
6626302649460766,20100106,408.00,408.00,0,0,0.00,0.00,0.00,408.00,0.00
6626302649460766,20100109,408.00,408.00,0,0,0.00,0.00,0.00,408.00,0.00
6626302649460766,20100110,408.00,408.00,0,0,0.00,0.00,0.00,408.00,0.00
6626302649460766,20100111,408.00,408.00,0,0,0.00,0.00,0.00,408.00,0.00
6626302649460766,20100112,408.00,408.00,0,0,0.00,0.00,0.00,408.00,0.00
6626302649460766,20100113,408.00,408.00,0,0,0.00,0.00,0.00,408.00,0.00
6626302649460766,20100116,408.00,408.00,0,0,0.00,0.00,0.00,408.00,0.00
6626302649460766,20100117,408.00,408.00,0,0,0.00,0.00,0.00,408.00,0.00
6626302649460766,20100118,408.00,408.00,0,0,0.00,0.00,0.00,408.00,0.00
6626302649460766,20100119,408.00,408.00,0,0,0.00,0.00,0.00,408.00,0.00
6626302649460766,20100120,408.00,408.00,0,0,0.00,0.00,0.00,408.00,0.00
6626302649460766,20100123,408.00,408.00,0,0,0.00,0.00,0.00,408.00,0.00
6626302649460766,20100124,408.00,408.00,0,0,0.00,0.00,0.00,408.00,0.00
6626302649460766,20100125,408.00,408.00,0,0,0.00,0.00,0.00,408.00,0.00
6626302649460766,20100126,408.00,408.00,0,0,0.00,0.00,0.00,408.00,0.00
6626302649460766,20100127,408.00,408.00,0,0,0.00,0.00,0.00,408.00,0.00
6626302649460766,20100130,408.00,408.00,0,0,0.00,0.00,0.00,408.00,0.00
6626302649460766,20100131,408.00,408.00,0,0,0.00,0.00,0.00,408.00,0.00
6626302649460766,20100201,408.00,408.00,0,0,0.00,0.00,0.00,408.00,0.00
6626302649460766,20100202,408.00,408.00,0,0,0.00,0.00,0.00,408.00,0.00
6626302649460766,20100203,408.00,408.00,0,0,0.00,0.00,0.00,408.00,0.00
6626302649460766,20100206,408.00,408.00,0,0,0.00,0.00,0.00,408.00,0.00
6626302649460766,20100207,408.00,408.00,0,0,0.00,0.00,0.00,408.00,0.00
6626302649460766,20100208,408.00,408.00,0,0,0.00,0.00,0.00,408.00,0.00
6626302649460766,20100209,408.00,408.00,0,0,0.00,0.00,0.00,408.00,0.00
6626302649460766,20100210,408.00,408.00,0,0,0.00,0.00,0.00,408.00,0.00
6626302649460766,20100214,408.00,408.00,0,0,0.00,0.00,0.00,408.00,0.00
6626302649460766,20100216,408.00,408.00,0,0,0.00,0.00,0.00,408.00,0.00
6626302649460766,20100217,408.00,408.00,0,0,0.00,0.00,0.00,408.00,0.00
6626302649460766,20100220,408.00,408.00,0,0,0.00,0.00,0.00,408.00,0.00
6626302649460766,20100221,408.00,408.00,0,0,0.00,0.00,0.00,408.00,0.00
6626302649460766,20100222,408.00,408.00,0,0,0.00,0.00,0.00,408.00,0.00
6626302649460766,20100223,408.00,408.00,0,0,0.00,0.00,0.00,408.00,0.00
6626302649460766,20100224,408.00,408.00,0,0,0.00,0.00,0.00,408.00,0.00
6626302649460766,20100227,408.00,408.00,0,0,0.00,0.00,0.00,408.00,0.00
6626302649460766,20100228,408.00,408.00,0,0,0.00,0.00,0.00,408.00,0.00
6626302649460766,20100301,408.00,408.00,0,0,0.00,0.00,0.00,408.00,0.00
6626302649460766,20100302,408.00,408.00,0,0,0.00,0.00,0.00,408.00,0.00
6626302649460766,20100303,408.00,408.00,0,0,0.00,0.00,0.00,408.00,0.00
6626302649460766,20100306,408.00,408.00,0,0,0.00,0.00,0.00,408.00,0.00
6626302649460766,20100307,408.00,408.00,0,0,0.00,0.00,0.00,408.00,0.00
6626302649460766,20100308,408.00,408.00,0,0,0.00,0.00,0.00,408.00,0.00
6626302649460766,20100309,408.00,408.00,0,0,0.00,0.00,0.00,408.00,0.00
6626302649460766,20100310,408.00,408.00,0,0,0.00,0.00,0.00,408.00,0.00
6626302649460766,20100313,408.00,408.00,0,0,0.00,0.00,0.00,408.00,0.00
6626302649460766,20100314,408.00,408.00,0,0,0.00,0.00,0.00,408.00,0.00
6626302649460766,20100315,408.00,408.00,0,0,0.00,0.00,0.00,408.00,0.00
6626302649460766,20100316,408.00,408.00,0,0,0.00,0.00,0.00,408.00,0.00
6626302649460766,20100317,408.00,408.00,0,0,0.00,0.00,0.00,408.00,0.00
6626302649460766,20100327,408.00,408.00,0,0,0.00,0.00,0.00,408.00,0.00
6626302649460766,20100328,408.00,408.00,0,0,0.00,0.00,0.00,408.00,0.00
6626302649460766,20100329,408.00,408.00,0,0,0.00,0.00,0.00,408.00,0.00
6626302649460766,20100330,408.00,408.00,0,0,0.00,0.00,0.00,408.00,0.00
6626302649460766,20100331,408.00,408.00,0,0,0.00,0.00,0.00,408.00,0.00
6626302649460766,20100403,408.00,408.00,0,0,0.00,0.00,0.00,408.00,0.00
6626302649460766,20100404,408.00,408.00,0,0,0.00,0.00,0.00,408.00,0.00
6626302649460766,20100405,408.00,408.00,0,0,0.00,0.00,0.00,408.00,0.00
6626302649460766,20100406,408.00,408.00,0,0,0.00,0.00,0.00,408.00,0.00
6626302649460766,20100407,408.00,408.00,0,0,0.00,0.00,0.00,408.00,0.00
6626302649460766,20100410,408.00,408.00,0,0,0.00,0.00,0.00,408.00,0.00
6626302649460766,20100411,408.00,408.00,0,0,0.00,0.00,0.00,408.00,0.00
6626302649460766,20100412,408.00,408.00,0,0,0.00,0.00,0.00,408.00,0.00
6626302649460766,20100413,408.00,408.00,0,0,0.00,0.00,0.00,408.00,0.00
6626302649460766,20100414,408.00,408.00,0,0,0.00,0.00,0.00,408.00,0.00
6626302649460766,20100417,408.00,408.00,0,0,0.00,0.00,0.00,408.00,0.00
6626302649460766,20100418,408.00,408.00,0,0,0.00,0.00,0.00,408.00,0.00
6626302649460766,20100419,408.00,408.00,0,0,0.00,0.00,0.00,408.00,0.00
6626302649460766,20100420,408.00,408.00,0,0,0.00,0.00,0.00,408.00,0.00
6626302649460766,20100421,408.00,408.00,0,0,0.00,0.00,0.00,408.00,0.00
6626302649460766,20100424,408.00,408.00,0,0,0.00,0.00,0.00,408.00,0.00
6626302649460766,20100425,406.00,406.00,0,0,0.00,0.00,0.00,408.00,0.00
6626302649460766,20100426,406.00,406.00,0,0,0.00,0.00,0.00,406.00,0.00
6626302649460766,20100427,406.00,406.00,0,0,0.00,0.00,0.00,406.00,0.00
6626302649460766,20100428,406.00,406.00,0,0,0.00,0.00,0.00,406.00,0.00
6626302649460766,20100501,406.00,406.00,0,0,0.00,0.00,0.00,406.00,0.00
6626302649460766,20100502,406.00,406.00,0,0,0.00,0.00,0.00,406.00,0.00
6626302649460766,20100503,406.00,406.00,0,0,0.00,0.00,0.00,406.00,0.00
6626302649460766,20100504,406.00,406.00,0,0,0.00,0.00,0.00,406.00,0.00
6626302649460766,20100505,406.00,406.00,0,0,0.00,0.00,0.00,406.00,0.00
6626302649460766,20100508,406.00,406.00,0,0,0.00,0.00,0.00,406.00,0.00
6626302649460766,20100509,406.00,406.00,0,0,0.00,0.00,0.00,406.00,0.00
6626302649460766,20100510,406.00,406.00,0,0,0.00,0.00,0.00,406.00,0.00
6626302649460766,20100511,406.00,406.00,0,0,0.00,0.00,0.00,406.00,0.00
6626302649460766,20100512,406.00,406.00,0,0,0.00,0.00,0.00,406.00,0.00
6626302649460766,20100515,406.00,406.00,0,0,0.00,0.00,0.00,406.00,0.00
6626302649460766,20100516,406.00,406.00,0,0,0.00,0.00,0.00,406.00,0.00
6626302649460766,20100518,406.00,406.00,0,0,0.00,0.00,0.00,406.00,0.00
6626302649460766,20100519,406.00,406.00,0,0,0.00,0.00,0.00,406.00,0.00
6626302649460766,20100522,406.00,406.00,0,0,0.00,0.00,0.00,406.00,0.00
6626302649460766,20100523,406.00,406.00,0,0,0.00,0.00,0.00,406.00,0.00
6626302649460766,20100524,406.00,406.00,0,0,0.00,0.00,0.00,406.00,0.00
6626302649460766,20100525,406.00,406.00,0,0,0.00,0.00,0.00,406.00,0.00
6626302649460766,20100526,406.00,406.00,0,0,0.00,0.00,0.00,406.00,0.00
6626302649460766,20100529,406.00,406.00,0,0,0.00,0.00,0.00,406.00,0.00
6626302649460766,20100530,406.00,406.00,0,0,0.00,0.00,0.00,406.00,0.00
6626302649460766,20100531,406.00,406.00,0,0,0.00,0.00,0.00,406.00,0.00
6626302649460766,20100601,406.00,406.00,0,0,0.00,0.00,0.00,406.00,0.00
6626302649460766,20100602,406.00,406.00,0,0,0.00,0.00,0.00,406.00,0.00
6626302649460766,20100606,406.00,406.00,0,0,0.00,0.00,0.00,406.00,0.00
6626302649460766,20100607,406.00,406.00,0,0,0.00,0.00,0.00,406.00,0.00
6626302649460766,20100608,406.00,406.00,0,0,0.00,0.00,0.00,406.00,0.00
6626302649460766,20100609,406.00,406.00,0,0,0.00,0.00,0.00,406.00,0.00
6626302649460766,20100612,406.00,406.00,0,0,0.00,0.00,0.00,406.00,0.00
6626302649460766,20100613,406.00,406.00,0,0,0.00,0.00,0.00,406.00,0.00
6626302649460766,20100614,406.00,406.00,0,0,0.00,0.00,0.00,406.00,0.00
6626302649460766,20100615,406.00,406.00,0,0,0.00,0.00,0.00,406.00,0.00
6626302649460766,20100616,406.00,406.00,0,0,0.00,0.00,0.00,406.00,0.00
6626302649460766,20100619,406.00,406.00,0,0,0.00,0.00,0.00,406.00,0.00
6626302649460766,20100620,406.00,406.00,0,0,0.00,0.00,0.00,406.00,0.00
6626302649460766,20100621,406.00,406.00,0,0,0.00,0.00,0.00,406.00,0.00
6626302649460766,20100622,406.00,406.00,0,0,0.00,0.00,0.00,406.00,0.00
6626302649460766,20100623,406.00,406.00,0,0,0.00,0.00,0.00,406.00,0.00
6626302649460766,20100627,406.00,406.00,0,0,0.00,0.00,0.00,406.00,0.00
6626302649460766,20100628,406.00,406.00,0,0,0.00,0.00,0.00,406.00,0.00
6626302649460766,20100629,406.00,406.00,0,0,0.00,0.00,0.00,406.00,0.00
6626302649460766,20100630,406.00,406.00,0,0,0.00,0.00,0.00,406.00,0.00
6626302649460766,20100703,406.00,406.00,0,0,0.00,0.00,0.00,406.00,0.00
6626302649460766,20100704,406.00,406.00,0,0,0.00,0.00,0.00,406.00,0.00
6626302649460766,20100705,406.00,406.00,0,0,0.00,0.00,0.00,406.00,0.00
6626302649460766,20100706,406.00,406.00,0,0,0.00,0.00,0.00,406.00,0.00
6626302649460766,20100707,406.00,406.00,0,0,0.00,0.00,0.00,406.00,0.00
6626302649460766,20100711,406.00,406.00,0,0,0.00,0.00,0.00,406.00,0.00
6626302649460766,20100712,406.00,406.00,0,0,0.00,0.00,0.00,406.00,0.00
6626302649460766,20100713,406.00,406.00,0,0,0.00,0.00,0.00,406.00,0.00
6626302649460766,20100714,406.00,406.00,0,0,0.00,0.00,0.00,406.00,0.00
6626302649460766,20100717,406.00,406.00,0,0,0.00,0.00,0.00,406.00,0.00
6626302649460766,20100718,406.00,406.00,0,0,0.00,0.00,0.00,406.00,0.00
6626302649460766,20100719,406.00,406.00,0,0,0.00,0.00,0.00,406.00,0.00
6626302649460766,20100720,406.00,406.00,0,0,0.00,0.00,0.00,406.00,0.00
6626302649460766,20100721,406.00,406.00,0,0,0.00,0.00,0.00,406.00,0.00
6626302649460766,20100724,406.00,406.00,0,0,0.00,0.00,0.00,406.00,0.00
6626302649460766,20100725,406.00,406.00,0,0,0.00,0.00,0.00,406.00,0.00
6626302649460766,20100726,406.00,406.00,0,0,0.00,0.00,0.00,406.00,0.00
6626302649460766,20100728,406.00,406.00,0,0,0.00,0.00,0.00,406.00,0.00
6626302649460766,20100731,406.00,406.00,0,0,0.00,0.00,0.00,406.00,0.00
6626302649460766,20100801,406.00,406.00,0,0,0.00,0.00,0.00,406.00,0.00
6626302649460766,20100802,406.00,406.00,0,0,0.00,0.00,0.00,406.00,0.00
6626302649460766,20100803,406.00,406.00,0,0,0.00,0.00,0.00,406.00,0.00
6626302649460766,20100804,406.00,406.00,0,0,0.00,0.00,0.00,406.00,0.00
6626302649460766,20100807,406.00,406.00,0,0,0.00,0.00,0.00,406.00,0.00
6626302649460766,20100808,406.00,406.00,0,0,0.00,0.00,0.00,406.00,0.00
6626302649460766,20100809,406.00,406.00,0,0,0.00,0.00,0.00,406.00,0.00
6626302649460766,20100810,406.00,406.00,0,0,0.00,0.00,0.00,406.00,0.00
6626302649460766,20100811,406.00,406.00,0,0,0.00,0.00,0.00,406.00,0.00
6626302649460766,20100814,406.00,406.00,0,0,0.00,0.00,0.00,406.00,0.00
6626302649460766,20100815,406.00,406.00,0,0,0.00,0.00,0.00,406.00,0.00
6626302649460766,20100816,406.00,406.00,0,0,0.00,0.00,0.00,406.00,0.00
6626302649460766,20100817,406.00,406.00,0,0,0.00,0.00,0.00,406.00,0.00
6626302649460766,20100818,406.00,406.00,0,0,0.00,0.00,0.00,406.00,0.00
6626302649460766,20100821,406.00,406.00,0,0,0.00,0.00,0.00,406.00,0.00
6626302649460766,20100822,406.00,406.00,0,0,0.00,0.00,0.00,406.00,0.00
6626302649460766,20100823,406.00,406.00,0,0,0.00,0.00,0.00,406.00,0.00
6626302649460766,20100824,406.00,406.00,0,0,0.00,0.00,0.00,406.00,0.00
6626302649460766,20100825,406.00,406.00,0,0,0.00,0.00,0.00,406.00,0.00
6626302649460766,20100828,406.00,406.00,0,0,0.00,0.00,0.00,406.00,0.00
6626302649460766,20100829,406.00,406.00,0,0,0.00,0.00,0.00,406.00,0.00
6626302649460766,20100830,406.00,406.00,0,0,0.00,0.00,0.00,406.00,0.00
6626302649460766,20100831,406.00,406.00,0,0,0.00,0.00,0.00,406.00,0.00
6626302649460766,20100904,406.00,406.00,0,0,0.00,0.00,0.00,406.00,0.00
6626302649460766,20100905,406.00,406.00,0,0,0.00,0.00,0.00,406.00,0.00
6626302649460766,20100906,406.00,406.00,0,0,0.00,0.00,0.00,406.00,0.00
6626302649460766,20100907,406.00,406.00,0,0,0.00,0.00,0.00,406.00,0.00
6626302649460766,20100908,406.00,406.00,0,0,0.00,0.00,0.00,406.00,0.00
6626302649460766,20100912,406.00,406.00,0,0,0.00,0.00,0.00,406.00,0.00
6626302649460766,20100913,406.00,406.00,0,0,0.00,0.00,0.00,406.00,0.00
6626302649460766,20100914,406.00,406.00,0,0,0.00,0.00,0.00,406.00,0.00
6626302649460766,20100915,406.00,406.00,0,0,0.00,0.00,0.00,406.00,0.00
6626302649460766,20100918,406.00,406.00,0,0,0.00,0.00,0.00,406.00,0.00
6626302649460766,20100919,406.00,406.00,0,0,0.00,0.00,0.00,406.00,0.00
6626302649460766,20100920,406.00,406.00,0,0,0.00,0.00,0.00,406.00,0.00
6626302649460766,20100921,406.00,406.00,0,0,0.00,0.00,0.00,406.00,0.00
6626302649460766,20100922,406.00,406.00,0,0,0.00,0.00,0.00,406.00,0.00
6626302649460766,20100925,406.00,406.00,0,0,0.00,0.00,0.00,406.00,0.00
6626302649460766,20100926,406.00,406.00,0,0,0.00,0.00,0.00,406.00,0.00
6626302649460766,20100927,406.00,406.00,0,0,0.00,0.00,0.00,406.00,0.00
6626302649460766,20100928,406.00,406.00,0,0,0.00,0.00,0.00,406.00,0.00
6626302649460766,20100929,406.00,406.00,0,0,0.00,0.00,0.00,406.00,0.00
6626302649460766,20101002,708.00,700.00,1403,1306156,924633082.00,700.00,728.00,406.00,700.00
6626302649460766,20101003,698.00,680.00,651,595901,416228649.00,680.00,701.00,708.00,700.00
6626302649460766,20101005,697.00,671.00,506,468467,326447570.00,671.00,700.00,698.00,700.00
6626302649460766,20101006,698.00,670.00,388,375070,261881320.00,670.00,700.00,697.00,700.00
6626302649460766,20101009,697.00,671.00,389,374376,260843257.00,671.00,700.00,698.00,700.00
6626302649460766,20101010,678.00,670.00,370,354386,237438620.00,670.00,670.00,697.00,670.00
6626302649460766,20101011,657.00,651.00,403,382270,248857770.00,651.00,651.00,678.00,651.00
6626302649460766,20101012,638.00,631.00,394,374357,236219267.00,631.00,631.00,657.00,631.00
6626302649460766,20101013,619.00,613.00,395,379450,232602850.00,613.00,613.00,638.00,613.00
6626302649460766,20101016,601.00,595.00,384,366154,217861630.00,595.00,595.00,619.00,595.00
6626302649460766,20101017,579.00,577.00,475,457620,264046740.00,577.00,577.00,601.00,577.00
6626302649460766,20101018,560.00,556.00,426,415716,231138096.00,556.00,556.00,579.00,556.00
6626302649460766,20101019,543.00,538.00,391,378537,203652906.00,538.00,538.00,560.00,538.00
6626302649460766,20101020,527.00,522.00,391,378510,197582220.00,522.00,522.00,543.00,522.00
6626302649460766,20101023,511.00,506.00,380,369932,187185592.00,506.00,506.00,527.00,506.00
6626302649460766,20101024,496.00,491.00,383,370982,182152162.00,491.00,491.00,511.00,491.00
6626302649460766,20101025,482.00,477.00,383,369902,176443254.00,477.00,477.00,496.00,477.00
6626302649460766,20101026,468.00,463.00,393,377898,174966774.00,463.00,463.00,482.00,463.00
6626302649460766,20101027,451.00,450.00,512,474658,213596100.00,450.00,450.00,468.00,450.00
6626302649460766,20101030,433.00,433.00,2724,2576218,1116081198.00,433.00,435.00,451.00,433.00
6626302649460766,20101031,416.00,416.00,1350,1250426,520177216.00,416.00,416.00,433.00,416.00
6626302649460766,20101101,406.00,400.00,334,310784,124313600.00,400.00,400.00,416.00,400.00
6626302649460766,20101102,396.00,390.00,334,304393,118713270.00,390.00,390.00,406.00,390.00
6626302649460766,20101103,382.00,381.00,508,463273,176510627.00,381.00,382.00,396.00,381.00
6626302649460766,20101106,388.00,397.00,6996,6483377,2513616922.00,367.00,397.00,382.00,381.00
6626302649460766,20101107,403.00,403.00,1496,1349935,544023805.00,403.00,403.00,388.00,403.00
6626302649460766,20101108,418.00,419.00,9213,8714605,3643715099.00,403.00,419.00,403.00,419.00
6626302649460766,20101109,434.00,434.00,1481,2323687,1008480158.00,434.00,434.00,418.00,434.00
6626302649460766,20101110,451.00,451.00,792,773380,348794380.00,451.00,451.00,434.00,451.00
6626302649460766,20101113,453.00,469.00,30,57007,26736283.00,469.00,469.00,451.00,469.00
6626302649460766,20101114,461.00,471.00,152,227068,106949028.00,471.00,471.00,453.00,471.00
6626302649460766,20101115,469.00,479.00,66,208403,99825037.00,479.00,479.00,461.00,479.00
6626302649460766,20101116,487.00,487.00,232,909642,442995654.00,487.00,487.00,469.00,487.00
6626302649460766,20101120,499.00,486.00,1542,5662615,2824779604.00,482.00,506.00,487.00,506.00
6626302649460766,20101121,482.00,480.00,120,440765,211629248.00,480.00,481.00,499.00,480.00
6626302649460766,20101122,475.00,463.00,8,184529,85436927.00,463.00,463.00,482.00,463.00
6626302649460766,20101123,461.00,465.00,3283,4474003,2060513137.00,456.00,493.00,475.00,456.00
6626302649460766,20101124,455.00,446.00,388,1411253,641574630.00,446.00,467.00,461.00,447.00
6626302649460766,20101127,465.00,473.00,279,275511,130316703.00,473.00,473.00,455.00,473.00
6626302649460766,20101128,483.00,483.00,577,545931,263684673.00,483.00,483.00,465.00,483.00
6626302649460766,20101129,475.00,502.00,958,909296,432144638.00,464.00,502.00,483.00,502.00
6626302649460766,20101130,468.00,457.00,196,181127,82708894.00,456.00,457.00,475.00,456.00
6626302649460766,20101201,460.00,468.00,1450,1377281,633083184.00,450.00,475.00,468.00,450.00
6626302649460766,20101204,459.00,455.00,198,176485,80454615.00,455.00,467.00,460.00,455.00
6626302649460766,20101205,444.00,441.00,1224,1114313,494359238.00,441.00,458.00,459.00,450.00
6626302649460766,20101206,447.00,449.00,204,196234,88827240.00,440.00,461.00,444.00,461.00
6626302649460766,20101207,454.00,462.00,265,254441,117434620.00,461.00,462.00,447.00,461.00
6626302649460766,20101208,456.00,461.00,116,109768,50667078.00,461.00,462.00,454.00,461.00
6626302649460766,20101211,458.00,461.00,175,166308,76733904.00,461.00,462.00,456.00,461.00
6626302649460766,20101212,462.00,461.00,843,817624,377632143.00,461.00,462.00,458.00,461.00
6626302649460766,20101213,446.00,444.00,487,467490,208058682.00,444.00,450.00,462.00,450.00
6626302649460766,20101214,446.00,446.00,220,213152,95211279.00,446.00,447.00,446.00,447.00
6626302649460766,20101218,446.00,446.00,122,115920,51760502.00,446.00,447.00,446.00,446.00
6626302649460766,20101219,446.00,446.00,38,35689,15917294.00,446.00,446.00,446.00,446.00
6626302649460766,20101220,446.00,445.00,63,56107,24977534.00,434.00,446.00,446.00,434.00
6626302649460766,20101221,446.00,445.00,112,107298,47756078.00,445.00,446.00,446.00,445.00
6626302649460766,20101222,429.00,429.00,714,700410,300574534.00,429.00,434.00,446.00,434.00
6626302649460766,20101225,444.00,445.00,671,12797035,5682191692.00,444.00,445.00,429.00,444.00
6626302649460766,20101226,445.00,446.00,815,590104,262844280.00,445.00,446.00,444.00,445.00
6626302649460766,20101227,445.00,445.00,84,63159,28107070.00,445.00,446.00,445.00,445.00
6626302649460766,20101228,446.00,446.00,684,369482,164726943.00,445.00,446.00,445.00,445.00
6626302649460766,20101229,446.00,445.00,56,56000,24921000.00,445.00,446.00,446.00,445.00
6626302649460766,20110101,446.00,444.00,108,105392,46805228.00,444.00,445.00,446.00,444.00
6626302649460766,20110102,445.00,444.00,252,220450,97986278.00,444.00,445.00,446.00,444.00
6626302649460766,20110103,445.00,444.00,66,61002,27087123.00,444.00,445.00,445.00,444.00
6626302649460766,20110104,445.00,444.00,73,69706,30949464.00,444.00,444.00,445.00,444.00
6626302649460766,20110105,445.00,444.00,266,217479,96599392.00,444.00,445.00,445.00,444.00
6626302649460766,20110108,445.00,444.00,152,121667,54038677.00,444.00,445.00,445.00,444.00
6626302649460766,20110109,445.00,445.00,277,192637,85541794.00,430.00,445.00,445.00,430.00
6626302649460766,20110110,445.00,444.00,207,181343,80595362.00,444.00,445.00,445.00,444.00
6626302649460766,20110111,445.00,444.00,100,88980,39507120.00,444.00,444.00,445.00,444.00
6626302649460766,20110112,445.00,444.00,120,114512,50843328.00,444.00,444.00,445.00,444.00
6626302649460766,20110115,445.00,444.00,111,105754,46954776.00,444.00,444.00,445.00,444.00
6626302649460766,20110116,445.00,444.00,120,115947,51490468.00,444.00,445.00,445.00,444.00
6626302649460766,20110117,445.00,445.00,126,119454,53039076.00,444.00,445.00,445.00,444.00
6626302649460766,20110118,445.00,444.00,121,115047,51092048.00,444.00,445.00,445.00,444.00
6626302649460766,20110119,445.00,444.00,239,229941,102099002.00,444.00,445.00,445.00,444.00
6626302649460766,20110122,436.00,428.00,314,275092,117784452.00,428.00,430.00,445.00,430.00
6626302649460766,20110123,426.00,419.00,308,294194,123378903.00,419.00,420.00,436.00,419.00
6626302649460766,20110124,414.00,421.00,4338,4025758,1665012327.00,409.00,440.00,426.00,410.00
6626302649460766,20110126,427.00,430.00,3065,2885058,1231013937.00,414.00,430.00,414.00,417.00
6626302649460766,20110129,437.00,435.00,1910,1565175,684651203.00,427.00,444.00,427.00,430.00
6626302649460766,20110130,424.00,421.00,2229,2147386,910238973.00,420.00,433.00,437.00,433.00
6626302649460766,20110131,429.00,423.00,1233,1077392,461665025.00,421.00,437.00,424.00,435.00
6626302649460766,20110201,419.00,421.00,1237,998712,418786589.00,415.00,430.00,429.00,422.00
6626302649460766,20110205,420.00,420.00,703,645818,271413220.00,419.00,427.00,419.00,422.00
6626302649460766,20110206,418.00,415.00,328,281621,117345273.00,414.00,425.00,420.00,420.00
6626302649460766,20110207,416.00,415.00,614,577956,240481584.00,414.00,425.00,418.00,415.00
6626302649460766,20110208,412.00,411.00,894,840313,345832852.00,410.00,420.00,416.00,418.00
6626302649460766,20110209,411.00,410.00,505,481946,198289235.00,410.00,418.00,412.00,415.00
6626302649460766,20110212,406.00,404.00,670,636065,258141044.00,400.00,412.00,411.00,412.00
6626302649460766,20110213,407.00,408.00,282,259121,105748365.00,407.00,411.00,406.00,407.00
6626302649460766,20110214,409.00,411.00,340,321764,132108622.00,410.00,411.00,407.00,410.00
6626302649460766,20110215,407.00,416.00,769,723788,294558993.00,405.00,416.00,409.00,406.00
6626302649460766,20110216,421.00,421.00,637,584200,245802533.00,420.00,421.00,407.00,420.00
6626302649460766,20110219,421.00,420.00,157,147952,62259410.00,420.00,421.00,421.00,420.00
6626302649460766,20110220,419.00,417.00,243,220496,92045291.00,417.00,418.00,421.00,417.00
6626302649460766,20110222,419.00,417.00,83,75460,31497739.00,417.00,418.00,419.00,417.00
6626302649460766,20110223,418.00,410.00,50,45293,18570130.00,410.00,410.00,419.00,410.00
6626302649460766,20110226,416.00,407.00,82,74927,30510846.00,407.00,408.00,418.00,407.00
6626302649460766,20110227,412.00,417.00,3030,2789269,1150436005.00,405.00,432.00,416.00,405.00
6626302649460766,20110228,420.00,423.00,2887,2374537,998092051.00,415.00,428.00,412.00,415.00
6626302649460766,20110301,421.00,421.00,1006,786144,330667706.00,420.00,421.00,420.00,420.00
6626302649460766,20110302,414.00,410.00,409,396519,163388114.00,410.00,420.00,421.00,410.00
6626302649460766,20110305,415.00,415.00,196,186993,77740845.00,415.00,416.00,414.00,415.00
6626302649460766,20110306,414.00,410.00,62,56688,23244300.00,410.00,411.00,415.00,410.00
6626302649460766,20110307,414.00,411.00,61,57122,23477142.00,411.00,411.00,414.00,411.00
6626302649460766,20110308,411.00,411.00,1646,1605491,660005425.00,410.00,412.00,414.00,411.00
6626302649460766,20110309,414.00,414.00,1157,897292,371737558.00,412.00,421.00,411.00,412.00
6626302649460766,20110312,418.00,426.00,363,185841,79090180.00,425.00,426.00,414.00,425.00
6626302649460766,20110313,408.00,411.00,519,722086,294906096.00,402.00,426.00,418.00,426.00
6626302649460766,20110314,408.00,422.00,1249,910018,371707842.00,404.00,422.00,408.00,411.00
6626302649460766,20110315,405.00,405.00,531,515754,209066554.00,401.00,413.00,408.00,408.00
6626302649460766,20110316,408.00,406.00,241,357225,146295771.00,401.00,421.00,405.00,403.00
6626302649460766,20110319,422.00,416.00,658,1057993,446655704.00,403.00,424.00,408.00,403.00
6626302649460766,20110326,421.00,420.00,166,195548,82194160.00,410.00,426.00,422.00,410.00
6626302649460766,20110327,432.00,432.00,275,456258,197472812.00,416.00,436.00,421.00,416.00
6626302649460766,20110328,432.00,426.00,96,167970,72482811.00,426.00,435.00,432.00,433.00
6626302649460766,20110329,423.00,418.00,167,359113,150588417.00,415.00,429.00,432.00,421.00
6626302649460766,20110330,416.00,408.00,130,262873,107891601.00,408.00,424.00,423.00,408.00
6626302649460766,20110403,414.00,410.00,53,194495,79855292.00,410.00,415.00,416.00,410.00
6626302649460766,20110404,415.00,412.00,206,642748,266960291.00,409.00,421.00,414.00,414.00
6626302649460766,20110405,410.00,412.00,135,641289,263138822.00,406.00,420.00,415.00,420.00
6626302649460766,20110406,414.00,421.00,169,737325,305347058.00,405.00,421.00,410.00,406.00
6626302649460766,20110409,415.00,417.00,230,1563053,648124002.00,404.00,424.00,414.00,421.00
6626302649460766,20110410,414.00,408.00,244,878887,363529320.00,405.00,421.00,415.00,411.00
6626302649460766,20110411,407.00,412.00,151,793395,323271402.00,405.00,418.00,414.00,406.00
6626302649460766,20110412,409.00,406.00,106,391242,160374479.00,405.00,416.00,407.00,415.00
6626302649460766,20110413,413.00,415.00,110,623486,257662400.00,405.00,419.00,409.00,406.00
6626302649460766,20110416,414.00,419.00,182,1281446,530649459.00,407.00,419.00,413.00,415.00
6626302649460766,20110417,414.00,419.00,0,0,0.00,0.00,0.00,414.00,0.00
6626302649460766,20110418,414.00,419.00,0,0,0.00,0.00,0.00,414.00,0.00
6626302649460766,20110419,401.00,400.00,24,139945,56186992.00,391.00,407.00,414.00,407.00
6626302649460766,20110420,390.00,391.00,164,827596,322355612.00,385.00,399.00,401.00,387.00
6626302649460766,20110423,390.00,390.00,165,968387,377449452.00,385.00,396.00,390.00,387.00
6626302649460766,20110424,390.00,385.00,84,804704,314079815.00,385.00,396.00,390.00,391.00
6626302649460766,20110425,389.00,381.00,71,709579,275704548.00,381.00,400.00,390.00,390.00
6626302649460766,20110426,377.00,379.00,114,911447,343266561.00,374.00,389.00,389.00,382.00
6626302649460766,20110427,370.00,365.00,79,806236,297970656.00,364.00,378.00,377.00,378.00
6626302649460766,20110430,365.00,357.00,48,518324,189164121.00,356.00,380.00,370.00,376.00
6626302649460766,20110501,354.00,351.00,63,420688,148071988.00,351.00,359.00,365.00,351.00
6626302649460766,20110502,357.00,368.00,221,2379719,850626894.00,343.00,368.00,354.00,343.00
6626302649460766,20110503,370.00,371.00,103,2534206,938432751.00,360.00,371.00,357.00,371.00
6626302649460766,20110504,381.00,380.00,116,1244747,474534308.00,372.00,384.00,370.00,379.00
6626302649460766,20110508,373.00,366.00,44,340240,125452789.00,366.00,380.00,381.00,380.00
6626302649460766,20110509,364.00,360.00,60,497724,180978051.00,360.00,369.00,373.00,362.00
6626302649460766,20110510,362.00,355.00,54,392968,142058214.00,355.00,369.00,364.00,360.00
6626302649460766,20110511,356.00,350.00,39,330169,116681949.00,350.00,365.00,362.00,365.00
6626302649460766,20110514,356.00,360.00,2,9439,3336138.00,342.00,360.00,356.00,342.00
6626302649460766,20110515,358.00,358.00,31,250922,90319571.00,350.00,364.00,356.00,359.00
6626302649460766,20110516,352.00,345.00,96,353830,123506962.00,345.00,360.00,358.00,352.00
6626302649460766,20110517,349.00,349.00,41,428166,149124906.00,345.00,360.00,352.00,349.00
6626302649460766,20110518,349.00,350.00,226,1225068,427031621.00,336.00,359.00,349.00,350.00
6626302649460766,20110521,360.00,362.00,66,643909,232079472.00,341.00,362.00,349.00,359.00
6626302649460766,20110522,370.00,372.00,58,536004,198232912.00,360.00,374.00,360.00,370.00
6626302649460766,20110523,361.00,356.00,52,481908,173687996.00,356.00,370.00,370.00,362.00
6626302649460766,20110524,359.00,363.00,67,547863,196516859.00,348.00,370.00,361.00,350.00
6626302649460766,20110525,354.00,349.00,63,520238,184021638.00,345.00,369.00,359.00,362.00
6626302649460766,20110528,352.00,343.00,20,123517,42505647.00,341.00,352.00,354.00,342.00
6626302649460766,20110529,345.00,339.00,55,361173,123604589.00,339.00,347.00,352.00,347.00
6626302649460766,20110530,346.00,350.00,32,231305,80373563.00,343.00,350.00,345.00,344.00
6626302649460766,20110531,346.00,349.00,19,90929,31562173.00,340.00,350.00,346.00,350.00
6626302649460766,20110601,341.00,338.00,43,399565,135873141.00,338.00,350.00,346.00,349.00
6626302649460766,20110606,331.00,330.00,77,814413,269433971.00,330.00,338.00,341.00,338.00
6626302649460766,20110607,333.00,335.00,52,387956,129499609.00,330.00,344.00,331.00,337.00
6626302649460766,20110608,333.00,333.00,27,121450,40208616.00,326.00,334.00,333.00,333.00
6626302649460766,20110611,332.00,332.00,20,138108,45255342.00,325.00,333.00,333.00,333.00
6626302649460766,20110612,323.00,319.00,55,472964,152306065.00,319.00,330.00,332.00,331.00
6626302649460766,20110613,320.00,318.00,32,179793,56409265.00,312.00,320.00,323.00,312.00
6626302649460766,20110614,317.00,311.00,37,402726,127490459.00,311.00,325.00,320.00,312.00
6626302649460766,20110615,307.00,306.00,75,620379,190190482.00,305.00,319.00,317.00,316.00
6626302649460766,20110618,306.00,304.00,38,110314,33304127.00,297.00,308.00,307.00,300.00
6626302649460766,20110619,309.00,309.00,47,745478,230609323.00,302.00,310.00,306.00,302.00
6626302649460766,20110620,306.00,298.00,45,246003,74341627.00,298.00,308.00,309.00,306.00
6626302649460766,20110621,294.00,294.00,75,661579,194779730.00,294.00,300.00,306.00,300.00
6626302649460766,20110622,294.00,297.00,14,71034,20731868.00,287.00,299.00,294.00,287.00
6626302649460766,20110625,293.00,290.00,31,114440,33384377.00,285.00,302.00,294.00,302.00
6626302649460766,20110626,285.00,282.00,53,521911,148534200.00,282.00,292.00,293.00,292.00
6626302649460766,20110627,281.00,275.00,32,237839,65661676.00,274.00,284.00,285.00,274.00
6626302649460766,20110628,272.00,275.00,70,661208,179833750.00,270.00,275.00,281.00,272.00
6626302649460766,20110629,277.00,282.00,47,325069,90933329.00,272.00,282.00,272.00,280.00
6626302649460766,20110702,278.00,288.00,6,59804,17223552.00,288.00,288.00,277.00,288.00
6626302649460766,20110703,279.00,289.00,6,44732,12927548.00,289.00,289.00,278.00,289.00
6626302649460766,20110704,281.00,290.00,8,92009,26682610.00,290.00,290.00,279.00,290.00
6626302649460766,20110705,283.00,292.00,6,68246,19927832.00,292.00,292.00,281.00,292.00
6626302649460766,20110706,284.00,294.00,11,29389,8640366.00,294.00,294.00,283.00,294.00
6626302649460766,20110709,317.00,318.00,20,320792,101629272.00,306.00,318.00,284.00,306.00
6626302649460766,20110710,323.00,329.00,13,267579,88033491.00,329.00,329.00,317.00,329.00
6626302649460766,20110711,334.00,335.00,30,440347,147516245.00,335.00,335.00,323.00,335.00
6626302649460766,20110712,338.00,326.00,124,2164110,731983115.00,321.00,347.00,334.00,347.00
6626302649460766,20110713,333.00,325.00,23,207774,67536911.00,325.00,328.00,338.00,328.00
6626302649460766,20110716,330.00,320.00,18,127173,40788125.00,320.00,325.00,333.00,325.00
6626302649460766,20110718,321.00,328.00,74,765553,246119511.00,317.00,332.00,330.00,317.00
6626302649460766,20110719,325.00,327.00,53,434379,141188469.00,318.00,331.00,321.00,330.00
6626302649460766,20110720,319.00,313.00,36,337226,106484699.00,313.00,320.00,325.00,317.00
6626302649460766,20110723,322.00,326.00,29,317173,102553580.00,315.00,327.00,319.00,315.00
6626302649460766,20110724,331.00,330.00,46,708012,234548894.00,321.00,334.00,322.00,321.00
6626302649460766,20110725,327.00,319.00,30,282483,91361376.00,319.00,339.00,331.00,337.00
6626302649460766,20110726,323.00,320.00,37,235384,75144887.00,316.00,326.00,327.00,316.00
6626302649460766,20110727,321.00,318.00,27,197693,63040634.00,317.00,321.00,323.00,320.00
6626302649460766,20110730,320.00,313.00,13,143473,45379835.00,313.00,320.00,321.00,318.00
6626302649460766,20110731,311.00,308.00,51,444211,137559626.00,308.00,316.00,320.00,310.00
6626302649460766,20110801,314.00,319.00,23,208836,66319556.00,310.00,319.00,311.00,310.00
6626302649460766,20110802,310.00,310.00,30,289828,89188253.00,304.00,317.00,314.00,311.00
6626302649460766,20110803,306.00,309.00,32,252085,76147513.00,299.00,311.00,310.00,303.00
6626302649460766,20110806,296.00,294.00,60,517711,153372275.00,294.00,308.00,306.00,306.00
6626302649460766,20110807,293.00,292.00,25,201643,58226016.00,286.00,299.00,296.00,286.00
6626302649460766,20110808,295.00,300.00,40,218926,65234854.00,292.00,301.00,293.00,300.00
6626302649460766,20110809,295.00,301.00,14,136363,40412020.00,294.00,301.00,295.00,295.00
6626302649460766,20110810,299.00,301.00,60,377981,113274924.00,296.00,303.00,295.00,300.00
6626302649460766,20110813,293.00,292.00,52,639357,187246738.00,290.00,302.00,299.00,300.00
6626302649460766,20110814,291.00,290.00,132,1710241,498044302.00,290.00,300.00,293.00,292.00
6626302649460766,20110815,296.00,300.00,35,329508,98143270.00,291.00,300.00,291.00,291.00
6626302649460766,20110816,304.00,307.00,72,973882,296316116.00,299.00,307.00,296.00,299.00
6626302649460766,20110817,303.00,301.00,57,477730,144617020.00,301.00,310.00,304.00,308.00
6626302649460766,20110820,300.00,297.00,56,440796,131882407.00,295.00,305.00,303.00,295.00
6626302649460766,20110821,299.00,299.00,43,297145,88706481.00,295.00,300.00,300.00,297.00
6626302649460766,20110823,298.00,300.00,31,339685,100927662.00,294.00,300.00,299.00,294.00
6626302649460766,20110824,295.00,296.00,32,320863,94140816.00,287.00,297.00,298.00,297.00
6626302649460766,20110827,294.00,287.00,133,1555542,458000361.00,284.00,305.00,295.00,297.00
6626302649460766,20110828,295.00,305.00,112,2433128,718742490.00,283.00,305.00,294.00,294.00
6626302649460766,20110829,306.00,306.00,42,870989,266522634.00,306.00,306.00,295.00,306.00
6626302649460766,20110830,312.00,318.00,20,249614,79377252.00,318.00,318.00,306.00,318.00
6626302649460766,20110831,312.00,318.00,0,0,0.00,0.00,0.00,312.00,0.00
6626302649460766,20110903,315.00,324.00,20,141950,45991800.00,324.00,324.00,312.00,324.00
6626302649460766,20110904,316.00,327.00,6,25393,8303511.00,327.00,327.00,315.00,327.00
6626302649460766,20110905,319.00,328.00,15,138289,45358792.00,328.00,328.00,316.00,328.00
6626302649460766,20110906,356.00,357.00,15,156015,55527705.00,344.00,357.00,319.00,344.00
6626302649460766,20110907,367.00,370.00,27,385551,142653870.00,370.00,370.00,356.00,370.00
6626302649460766,20110910,373.00,381.00,19,199927,76172187.00,381.00,381.00,367.00,381.00
6626302649460766,20110911,380.00,387.00,24,247822,95907114.00,387.00,387.00,373.00,387.00
6626302649460766,20110912,394.00,395.00,225,4831753,1906059292.00,388.00,395.00,380.00,395.00
6626302649460766,20110913,404.00,409.00,20,349216,142829344.00,409.00,409.00,394.00,409.00
6626302649460766,20110914,410.00,420.00,18,178808,75099360.00,420.00,420.00,404.00,420.00
6626302649460766,20110917,416.00,400.00,387,6794683,2823270509.00,394.00,426.00,410.00,426.00
6626302649460766,20110918,414.00,400.00,12,76138,30455200.00,400.00,400.00,416.00,400.00
6626302649460766,20110919,398.00,398.00,29,654269,260399062.00,398.00,398.00,414.00,398.00
6626302649460766,20110920,384.00,383.00,223,3207954,1232787629.00,383.00,395.00,398.00,384.00
6626302649460766,20110921,380.00,385.00,152,1406896,534017064.00,372.00,388.00,384.00,372.00
6626302649460766,20110925,378.00,377.00,82,724371,273917638.00,371.00,390.00,380.00,379.00
6626302649460766,20110926,366.00,363.00,98,1113450,407696585.00,363.00,371.00,378.00,371.00
6626302649460766,20110927,359.00,370.00,129,1886928,678152854.00,352.00,370.00,366.00,360.00
6626302649460766,20110928,373.00,373.00,112,1269527,473183848.00,360.00,373.00,359.00,372.00
6626302649460766,20111001,377.00,376.00,90,861596,324451086.00,368.00,384.00,373.00,380.00
6626302649460766,20111002,377.00,375.00,104,716335,269872701.00,374.00,382.00,377.00,379.00
6626302649460766,20111003,374.00,368.00,51,334271,124381783.00,365.00,378.00,377.00,370.00
6626302649460766,20111004,364.00,368.00,73,810490,294951251.00,360.00,372.00,374.00,369.00
6626302649460766,20111005,358.00,365.00,77,807362,288634440.00,352.00,367.00,364.00,352.00
6626302649460766,20111008,370.00,372.00,92,1209924,448163417.00,360.00,372.00,358.00,360.00
6626302649460766,20111009,367.00,365.00,75,477358,174998756.00,360.00,376.00,370.00,372.00
6626302649460766,20111010,362.00,360.00,70,736202,266674710.00,360.00,371.00,367.00,365.00
6626302649460766,20111011,364.00,368.00,77,623973,227386641.00,359.00,369.00,362.00,369.00
6626302649460766,20111012,363.00,361.00,42,260965,94259504.00,359.00,368.00,364.00,367.00
6626302649460766,20111015,356.00,352.00,75,652887,232175801.00,350.00,369.00,363.00,369.00
6626302649460766,20111016,344.00,342.00,75,474649,163202692.00,342.00,351.00,356.00,350.00
6626302649460766,20111017,335.00,338.00,85,1012682,339305047.00,331.00,346.00,344.00,334.00
6626302649460766,20111018,337.00,339.00,44,150099,51061075.00,333.00,344.00,335.00,341.00
6626302649460766,20111019,339.00,336.00,45,233415,79555625.00,333.00,350.00,337.00,337.00
6626302649460766,20111022,338.00,339.00,58,549347,185622005.00,331.00,345.00,339.00,345.00
6626302649460766,20111023,338.00,340.00,59,277940,93795958.00,335.00,342.00,338.00,342.00
6626302649460766,20111024,330.00,330.00,76,964720,317989517.00,327.00,343.00,338.00,334.00
6626302649460766,20111025,331.00,331.00,47,218499,72723237.00,327.00,340.00,330.00,339.00
6626302649460766,20111026,322.00,323.00,98,1149831,370224897.00,320.00,331.00,331.00,328.00
6626302649460766,20111029,314.00,310.00,92,1322287,415264514.00,310.00,324.00,322.00,320.00
6626302649460766,20111030,304.00,302.00,129,1983724,604016850.00,302.00,314.00,314.00,310.00
6626302649460766,20111031,313.00,316.00,388,3722605,1165942894.00,300.00,316.00,304.00,302.00
6626302649460766,20111101,325.00,325.00,16,500000,162500000.00,325.00,325.00,313.00,325.00
6626302649460766,20111102,338.00,338.00,55,2178213,736235994.00,338.00,338.00,325.00,338.00
6626302649460766,20111105,346.00,330.00,492,10788916,3731364111.00,328.00,351.00,338.00,351.00
6626302649460766,20111106,333.00,333.00,74,1193795,397998617.00,333.00,345.00,346.00,333.00
6626302649460766,20111108,322.00,320.00,31,426974,136631680.00,320.00,320.00,333.00,320.00
6626302649460766,20111109,328.00,333.00,160,2018861,661744566.00,312.00,333.00,322.00,312.00
6626302649460766,20111112,329.00,329.00,79,611493,201351062.00,322.00,337.00,328.00,334.00
6626302649460766,20111113,319.00,318.00,87,929595,296177013.00,316.00,327.00,329.00,324.00
6626302649460766,20111114,323.00,320.00,59,731780,236415209.00,311.00,327.00,319.00,311.00
6626302649460766,20111116,320.00,320.00,48,616869,197279509.00,315.00,328.00,323.00,328.00
6626302649460766,20111119,315.00,314.00,67,1068935,336490902.00,311.00,325.00,320.00,325.00
6626302649460766,20111120,311.00,315.00,115,1243094,386819767.00,307.00,316.00,315.00,311.00
6626302649460766,20111121,309.00,313.00,56,775836,239886874.00,307.00,313.00,311.00,307.00
6626302649460766,20111122,306.00,305.00,95,802701,245644168.00,301.00,316.00,309.00,309.00
6626302649460766,20111123,306.00,310.00,73,617720,188988905.00,301.00,310.00,306.00,301.00
6626302649460766,20111126,317.00,318.00,86,1136008,359591887.00,310.00,318.00,306.00,310.00
6626302649460766,20111127,312.00,315.00,115,2271912,708173433.00,305.00,325.00,317.00,325.00
6626302649460766,20111128,305.00,308.00,56,710808,216890400.00,303.00,314.00,312.00,314.00
6626302649460766,20111129,315.00,317.00,76,1035018,325997455.00,299.00,317.00,305.00,299.00
6626302649460766,20111130,308.00,305.00,65,1060847,326551896.00,305.00,319.00,315.00,317.00
6626302649460766,20111203,318.00,320.00,159,1216919,387120320.00,306.00,320.00,308.00,306.00
6626302649460766,20111204,329.00,330.00,192,2180070,716257449.00,320.00,330.00,318.00,320.00
6626302649460766,20111207,341.00,338.00,119,1642649,560297497.00,335.00,342.00,329.00,335.00
6626302649460766,20111210,335.00,328.00,94,876356,293349087.00,328.00,353.00,341.00,341.00
6626302649460766,20111211,324.00,322.00,56,446616,143918810.00,322.00,333.00,335.00,333.00
6626302649460766,20111212,315.00,315.00,89,1021770,322105325.00,312.00,320.00,324.00,320.00
6626302649460766,20111213,318.00,318.00,59,560410,178242867.00,311.00,322.00,315.00,311.00
6626302649460766,20111214,320.00,320.00,79,578798,185110200.00,313.00,326.00,318.00,320.00
6626302649460766,20111217,319.00,317.00,40,352348,112335310.00,314.00,327.00,320.00,314.00
6626302649460766,20111218,319.00,319.00,48,145783,46694187.00,314.00,326.00,319.00,319.00
6626302649460766,20111219,328.00,331.00,136,2025021,665098815.00,320.00,331.00,319.00,320.00
6626302649460766,20111220,324.00,321.00,102,883648,285894653.00,319.00,337.00,328.00,337.00
6626302649460766,20111221,321.00,322.00,47,370712,118682836.00,317.00,329.00,324.00,329.00
6626302649460766,20111224,319.00,315.00,47,365203,116262701.00,310.00,330.00,321.00,330.00
6626302649460766,20111225,316.00,313.00,45,408100,128523331.00,313.00,320.00,319.00,320.00
6626302649460766,20111226,316.00,314.00,36,196279,62024829.00,312.00,323.00,316.00,320.00
6626302649460766,20111227,312.00,319.00,62,896684,279744921.00,310.00,323.00,316.00,313.00
6626302649460766,20111228,313.00,313.00,39,338705,106277199.00,310.00,319.00,312.00,310.00
6626302649460766,20111231,313.00,311.00,92,905716,283103389.00,311.00,317.00,313.00,315.00
6626302649460766,20120101,310.00,311.00,60,611057,189286966.00,308.00,312.00,313.00,311.00
6626302649460766,20120102,307.00,310.00,68,463158,142215301.00,304.00,313.00,310.00,308.00
6626302649460766,20120103,312.00,316.00,68,778453,243227831.00,307.00,316.00,307.00,316.00
6626302649460766,20120104,319.00,324.00,117,50016847,15959413828.00,316.00,324.00,312.00,319.00
6626302649460766,20120107,322.00,331.00,217,51995351,16722997868.00,321.00,331.00,319.00,331.00
6626302649460766,20120108,334.00,334.00,30,712481,237968654.00,334.00,334.00,322.00,334.00
6626302649460766,20120109,339.00,347.00,13,192684,66861348.00,347.00,347.00,334.00,347.00
6626302649460766,20120110,344.00,352.00,21,202715,71355680.00,352.00,352.00,339.00,352.00
6626302649460766,20120111,356.00,357.00,355,8044794,2864157216.00,340.00,357.00,344.00,357.00
6626302649460766,20120115,369.00,370.00,627,8954660,3304795241.00,360.00,370.00,356.00,370.00
6626302649460766,20120116,369.00,362.00,247,3286107,1211213057.00,355.00,381.00,369.00,378.00
6626302649460766,20120117,367.00,355.00,8,66280,23529400.00,355.00,355.00,369.00,355.00
6626302649460766,20120118,353.00,355.00,151,2334571,824447093.00,353.00,359.00,367.00,353.00
6626302649460766,20120121,339.00,339.00,47,509831,173027410.00,339.00,355.00,353.00,355.00
6626302649460766,20120123,331.00,329.00,104,1128326,373947329.00,327.00,349.00,339.00,332.00
6626302649460766,20120125,329.00,327.00,55,511268,168097329.00,325.00,337.00,331.00,327.00
6626302649460766,20120128,342.00,342.00,31,599416,205000272.00,342.00,342.00,329.00,342.00
6626302649460766,20120129,345.00,346.00,57,780966,269632249.00,331.00,355.00,342.00,355.00
6626302649460766,20120130,339.00,335.00,70,710046,240713261.00,334.00,347.00,345.00,347.00
6626302649460766,20120131,330.00,330.00,112,1305777,430532760.00,326.00,337.00,339.00,331.00
6626302649460766,20120201,327.00,327.00,39,383152,124691680.00,321.00,330.00,330.00,321.00
6626302649460766,20120204,328.00,334.00,102,1561490,511868865.00,316.00,336.00,327.00,325.00
6626302649460766,20120205,339.00,340.00,103,1193190,404370324.00,326.00,341.00,328.00,336.00
6626302649460766,20120206,332.00,327.00,138,1359614,451278646.00,326.00,340.00,339.00,330.00
6626302649460766,20120207,343.00,342.00,74,773165,265345046.00,334.00,345.00,332.00,345.00
6626302649460766,20120208,333.00,330.00,72,1112339,370297080.00,330.00,340.00,343.00,331.00
6626302649460766,20120212,327.00,333.00,46,461016,150655585.00,325.00,333.00,333.00,325.00
6626302649460766,20120213,322.00,318.00,70,743489,239136188.00,316.00,330.00,327.00,327.00
6626302649460766,20120214,318.00,315.00,75,693856,220340459.00,312.00,329.00,322.00,317.00
6626302649460766,20120215,311.00,311.00,105,1166300,363271036.00,309.00,320.00,318.00,309.00
6626302649460766,20120218,319.00,319.00,85,1097669,349888339.00,310.00,323.00,311.00,321.00
6626302649460766,20120219,318.00,313.00,74,819376,260763311.00,313.00,324.00,319.00,316.00
6626302649460766,20120220,321.00,322.00,124,1434554,459889499.00,313.00,324.00,318.00,320.00
6626302649460766,20120221,330.00,333.00,201,2355985,777628261.00,320.00,333.00,321.00,321.00
6626302649460766,20120222,343.00,343.00,125,2533290,868620047.00,334.00,343.00,330.00,334.00
6626302649460766,20120225,348.00,340.00,194,2846657,991942434.00,336.00,355.00,343.00,355.00
6626302649460766,20120226,360.00,361.00,420,9071414,3265652347.00,344.00,361.00,348.00,349.00
6626302649460766,20120227,373.00,374.00,1139,56443522,21054764147.00,355.00,374.00,360.00,369.00
6626302649460766,20120228,387.00,387.00,371,35514025,13743927675.00,387.00,387.00,373.00,387.00
6626302649460766,20120229,395.00,402.00,22,277605,111597210.00,402.00,402.00,387.00,402.00
6626302649460766,20120303,410.00,410.00,261,9169207,3759374870.00,410.00,410.00,395.00,410.00
6626302649460766,20120304,410.00,410.00,0,0,0.00,0.00,0.00,410.00,0.00
6626302649460766,20120305,410.00,410.00,0,0,0.00,0.00,0.00,410.00,0.00
6626302649460766,20120306,567.00,582.00,1771,55899640,31683343727.00,538.00,582.00,410.00,560.00
6626302649460766,20120307,587.00,589.00,1015,12798806,7517120356.00,570.00,589.00,567.00,576.00
6626302649460766,20120310,608.00,610.00,2273,64189359,39054163059.00,590.00,610.00,587.00,610.00
6626302649460766,20120311,600.00,584.00,907,18664508,11200498322.00,584.00,629.00,608.00,611.00
6626302649460766,20120312,576.00,576.00,272,9177588,5288056488.00,576.00,588.00,600.00,576.00
6626302649460766,20120313,563.00,572.00,1144,27130320,15282472315.00,553.00,583.00,576.00,553.00
6626302649460766,20120314,585.00,585.00,378,9993453,5844002550.00,579.00,585.00,563.00,580.00
6626302649460766,20120317,607.00,608.00,455,8860968,5380744713.00,600.00,608.00,585.00,600.00
6626302649460766,20120318,630.00,631.00,218,4352853,2740895586.00,619.00,631.00,607.00,619.00
6626302649460766,20120324,655.00,655.00,18,525741,344360355.00,655.00,655.00,630.00,655.00
6626302649460766,20120325,674.00,676.00,1317,27407101,18478492722.00,635.00,681.00,655.00,681.00
6626302649460766,20120326,657.00,648.00,485,8332267,5475134990.00,648.00,678.00,674.00,667.00
6626302649460766,20120327,652.00,641.00,444,4858493,3168980157.00,633.00,669.00,657.00,651.00
6626302649460766,20120328,631.00,628.00,644,9835639,6205811306.00,626.00,656.00,652.00,638.00
6626302649460766,20120402,631.00,628.00,0,0,0.00,0.00,0.00,631.00,0.00
6626302649460766,20120403,631.00,628.00,0,0,0.00,0.00,0.00,631.00,0.00
6626302649460766,20120404,615.00,611.00,412,5453536,3356427823.00,606.00,656.00,631.00,630.00
6626302649460766,20120407,593.00,591.00,202,4322352,2561522650.00,591.00,607.00,615.00,607.00
6626302649460766,20120408,570.00,570.00,27,530855,302587350.00,570.00,570.00,593.00,570.00
6626302649460766,20120409,586.00,592.00,655,15355578,8992936326.00,555.00,592.00,570.00,580.00
6626302649460766,20120410,602.00,590.00,632,9815359,5907946138.00,586.00,609.00,586.00,600.00
6626302649460766,20120411,586.00,587.00,326,4842417,2839260529.00,578.00,602.00,602.00,602.00
6626302649460766,20120414,566.00,567.00,799,7788092,4406790172.00,563.00,590.00,586.00,580.00
6626302649460766,20120415,565.00,544.00,575,13000380,7348388875.00,544.00,588.00,566.00,582.00
6626302649460766,20120416,544.00,543.00,143,4219362,2296886389.00,543.00,550.00,565.00,544.00
6626302649460766,20120417,529.00,550.00,649,11487419,6075603027.00,523.00,551.00,544.00,540.00
6626302649460766,20120418,550.00,550.00,390,10704181,5885614356.00,541.00,550.00,529.00,550.00
6626302649460766,20120421,534.00,528.00,642,14648273,7827390421.00,528.00,564.00,550.00,562.00
6626302649460766,20120422,514.00,513.00,265,4607209,2366978821.00,513.00,520.00,534.00,520.00
6626302649460766,20120423,508.00,516.00,883,15193515,7722073212.00,494.00,524.00,514.00,498.00
6626302649460766,20120424,524.00,515.00,427,6633221,3473226431.00,506.00,528.00,508.00,506.00
6626302649460766,20120428,511.00,504.00,360,5155168,2633423616.00,504.00,533.00,524.00,516.00
6626302649460766,20120429,503.00,500.00,230,2217687,1115632613.00,499.00,519.00,511.00,510.00
6626302649460766,20120430,506.00,506.00,139,1280365,647485303.00,499.00,512.00,503.00,506.00
6626302649460766,20120501,513.00,517.00,193,1384010,710264724.00,502.00,518.00,506.00,502.00
6626302649460766,20120502,519.00,517.00,133,1227463,637257406.00,512.00,522.00,513.00,519.00
6626302649460766,20120505,511.00,501.00,311,1623365,829481312.00,501.00,522.00,519.00,509.00
6626302649460766,20120506,494.00,494.00,371,5154900,2546915735.00,491.00,513.00,511.00,504.00
6626302649460766,20120507,480.00,481.00,570,9483618,4551646379.00,475.00,500.00,494.00,490.00
6626302649460766,20120508,496.00,499.00,201,4043325,2006061015.00,487.00,499.00,480.00,488.00
6626302649460766,20120509,499.00,497.00,223,2442641,1219250549.00,493.00,504.00,496.00,499.00
6626302649460766,20120512,485.00,480.00,191,1875738,909967235.00,480.00,504.00,499.00,500.00
6626302649460766,20120513,467.00,471.00,523,11838111,5532961748.00,466.00,479.00,485.00,479.00
6626302649460766,20120514,481.00,475.00,396,5205801,2503269361.00,460.00,485.00,467.00,472.00
6626302649460766,20120515,497.00,495.00,340,5409189,2688214788.00,481.00,500.00,481.00,495.00
6626302649460766,20120516,507.00,496.00,232,3093275,1567175320.00,494.00,516.00,497.00,496.00
6626302649460766,20120519,488.00,487.00,266,4609431,2247395378.00,487.00,500.00,507.00,500.00
6626302649460766,20120520,485.00,494.00,130,1002245,486235152.00,473.00,500.00,488.00,473.00
6626302649460766,20120521,484.00,480.00,205,2652536,1282569420.00,476.00,498.00,485.00,479.00
6626302649460766,20120522,485.00,486.00,119,1291774,626804872.00,480.00,490.00,484.00,490.00
6626302649460766,20120523,489.00,488.00,189,2204610,1079068120.00,484.00,496.00,485.00,488.00
6626302649460766,20120526,472.00,477.00,250,4425211,2086913578.00,470.00,494.00,489.00,480.00
6626302649460766,20120527,472.00,479.00,195,2323325,1097151137.00,466.00,481.00,472.00,473.00
6626302649460766,20120528,468.00,466.00,170,2286255,1069091804.00,462.00,478.00,472.00,472.00
6626302649460766,20120529,462.00,460.00,272,2762814,1275705573.00,454.00,475.00,468.00,474.00
6626302649460766,20120530,477.00,480.00,412,7452770,3554001895.00,466.00,480.00,462.00,466.00
6626302649460766,20120602,496.00,496.00,48,884313,438619248.00,496.00,496.00,477.00,496.00
6626302649460766,20120605,513.00,515.00,771,18742497,9608291062.00,496.00,515.00,496.00,510.00
6626302649460766,20120606,529.00,515.00,766,12893929,6821446230.00,514.00,533.00,513.00,533.00
6626302649460766,20120609,508.00,508.00,34,740019,375929652.00,508.00,508.00,529.00,508.00
6626302649460766,20120610,489.00,490.00,456,7825192,3823782320.00,488.00,498.00,508.00,488.00
6626302649460766,20120611,501.00,490.00,403,7343018,3678934249.00,480.00,508.00,489.00,480.00
6626302649460766,20120612,497.00,494.00,198,2368767,1177815340.00,490.00,511.00,501.00,508.00
6626302649460766,20120613,489.00,490.00,160,2119967,1037354180.00,485.00,500.00,497.00,491.00
6626302649460766,20120616,479.00,473.00,223,3068964,1470243910.00,470.00,499.00,489.00,499.00
6626302649460766,20120617,472.00,480.00,207,1994188,941473283.00,466.00,480.00,479.00,475.00
6626302649460766,20120619,466.00,470.00,210,2540123,1184415231.00,460.00,474.00,472.00,472.00
6626302649460766,20120620,463.00,460.00,324,5547940,2567890715.00,455.00,480.00,466.00,468.00
6626302649460766,20120623,452.00,445.00,213,2692223,1216979870.00,445.00,470.00,463.00,456.00
6626302649460766,20120624,436.00,434.00,395,6522556,2841260246.00,434.00,445.00,452.00,434.00
6626302649460766,20120625,423.00,419.00,186,2914718,1233165403.00,419.00,445.00,436.00,444.00
6626302649460766,20120626,408.00,407.00,39,773015,315083501.00,407.00,410.00,423.00,410.00
6626302649460766,20120627,392.00,392.00,68,1710582,670548144.00,392.00,392.00,408.00,392.00
6626302649460766,20120630,400.00,407.00,117,2098855,838951100.00,393.00,407.00,392.00,393.00
6626302649460766,20120701,412.00,416.00,237,4215234,1736943219.00,400.00,416.00,400.00,416.00
6626302649460766,20120702,427.00,428.00,65,1174888,501643664.00,423.00,428.00,412.00,423.00
6626302649460766,20120703,440.00,429.00,337,5692580,2506128732.00,428.00,444.00,427.00,444.00
6626302649460766,20120704,424.00,423.00,69,991476,420148688.00,423.00,430.00,440.00,428.00
6626302649460766,20120707,416.00,419.00,182,1788905,745041988.00,409.00,430.00,424.00,410.00
6626302649460766,20120708,402.00,404.00,357,5227839,2102203002.00,400.00,411.00,416.00,411.00
6626302649460766,20120709,394.00,390.00,155,2366148,931493289.00,389.00,407.00,402.00,401.00
6626302649460766,20120710,405.00,409.00,132,2666066,1078728820.00,386.00,409.00,394.00,389.00
6626302649460766,20120711,405.00,402.00,178,2117324,858178505.00,398.00,414.00,405.00,413.00
6626302649460766,20120714,398.00,400.00,211,2735221,1088699683.00,392.00,410.00,405.00,410.00
6626302649460766,20120715,391.00,390.00,196,2638609,1031554959.00,389.00,400.00,398.00,400.00
6626302649460766,20120716,385.00,384.00,206,1772500,683168319.00,379.00,394.00,391.00,390.00
6626302649460766,20120717,371.00,371.00,201,2813082,1043502757.00,370.00,380.00,385.00,380.00
6626302649460766,20120718,382.00,385.00,84,1066911,407737331.00,371.00,385.00,371.00,376.00
6626302649460766,20120721,381.00,378.00,228,2938569,1118342604.00,370.00,391.00,382.00,389.00
6626302649460766,20120722,374.00,376.00,101,888871,332183896.00,371.00,383.00,381.00,383.00
6626302649460766,20120723,376.00,377.00,100,1033227,388492710.00,370.00,380.00,374.00,371.00
6626302649460766,20120724,382.00,381.00,202,2134680,815966829.00,371.00,389.00,376.00,379.00
6626302649460766,20120725,384.00,384.00,211,2743003,1054204488.00,381.00,392.00,382.00,387.00
6626302649460766,20120728,380.00,383.00,91,1747849,664894548.00,376.00,387.00,384.00,387.00
6626302649460766,20120729,374.00,372.00,221,3653338,1365729964.00,368.00,384.00,380.00,380.00
6626302649460766,20120730,366.00,368.00,179,2225694,813696267.00,361.00,375.00,374.00,365.00
6626302649460766,20120731,375.00,377.00,98,1625905,608945147.00,372.00,378.00,366.00,372.00
6626302649460766,20120801,365.00,368.00,336,5360369,1956478795.00,360.00,383.00,375.00,376.00
6626302649460766,20120804,351.00,351.00,228,3717981,1306016663.00,351.00,360.00,365.00,360.00
6626302649460766,20120805,340.00,338.00,139,1889858,643020880.00,337.00,347.00,351.00,340.00
6626302649460766,20120806,349.00,343.00,165,2023906,705337982.00,338.00,353.00,340.00,339.00
6626302649460766,20120807,337.00,336.00,120,2231909,753048955.00,336.00,352.00,349.00,352.00
6626302649460766,20120808,333.00,336.00,189,2456661,818218905.00,326.00,345.00,337.00,336.00
6626302649460766,20120811,344.00,346.00,160,2171947,746999654.00,332.00,346.00,333.00,337.00
6626302649460766,20120812,340.00,339.00,123,1644821,558944626.00,336.00,350.00,344.00,348.00
6626302649460766,20120813,330.00,332.00,221,3726541,1230938163.00,328.00,342.00,340.00,332.00
6626302649460766,20120814,332.00,331.00,186,2253942,748555439.00,330.00,337.00,330.00,333.00
6626302649460766,20120815,333.00,330.00,87,1381823,460127174.00,328.00,340.00,332.00,335.00
6626302649460766,20120818,331.00,334.00,134,1885738,623467860.00,327.00,336.00,333.00,331.00
6626302649460766,20120821,340.00,336.00,114,1750064,594769481.00,333.00,344.00,331.00,335.00
6626302649460766,20120822,343.00,342.00,125,1839393,630641919.00,338.00,348.00,340.00,338.00
6626302649460766,20120825,353.00,356.00,222,3464583,1222039497.00,343.00,356.00,343.00,344.00
6626302649460766,20120826,356.00,367.00,17,95566,35072722.00,367.00,367.00,353.00,367.00
6626302649460766,20120827,363.00,370.00,21,252144,93293280.00,370.00,370.00,356.00,370.00
6626302649460766,20120902,377.00,377.00,77,2286752,862105504.00,377.00,377.00,363.00,377.00
6626302649460766,20120903,384.00,384.00,749,13746022,5274734617.00,369.00,392.00,377.00,378.00
6626302649460766,20120904,387.00,387.00,303,5711591,2212630905.00,379.00,394.00,384.00,387.00
6626302649460766,20120905,376.00,372.00,393,7358015,2768555707.00,372.00,391.00,387.00,390.00
6626302649460766,20120908,364.00,366.00,259,3606877,1313753323.00,361.00,376.00,376.00,376.00
6626302649460766,20120909,351.00,351.00,188,3033256,1065265761.00,350.00,370.00,364.00,370.00
6626302649460766,20120910,355.00,353.00,126,1489812,529073011.00,345.00,358.00,351.00,357.00
6626302649460766,20120911,347.00,346.00,189,2578202,895009040.00,342.00,357.00,355.00,357.00
6626302649460766,20120915,354.00,352.00,137,2796768,991205489.00,345.00,359.00,347.00,345.00
6626302649460766,20120916,342.00,340.00,276,4979074,1702219292.00,340.00,358.00,354.00,356.00
6626302649460766,20120917,344.00,347.00,202,3342611,1148591369.00,339.00,350.00,342.00,345.00
6626302649460766,20120918,342.00,341.00,135,2601041,889606637.00,339.00,350.00,344.00,350.00
6626302649460766,20120919,342.00,350.00,241,4543413,1552040559.00,335.00,350.00,342.00,340.00
6626302649460766,20120922,354.00,355.00,205,4360943,1544455618.00,345.00,355.00,342.00,353.00
6626302649460766,20120923,366.00,356.00,370,7485681,2741925641.00,356.00,368.00,354.00,368.00
6626302649460766,20120924,355.00,357.00,220,3380298,1199189891.00,352.00,360.00,366.00,358.00
6626302649460766,20120925,353.00,354.00,215,2682159,947748328.00,350.00,361.00,355.00,359.00
6626302649460766,20120926,366.00,367.00,317,6554713,2397377907.00,354.00,367.00,353.00,360.00
6626302649460766,20120929,379.00,380.00,305,7638999,2897169874.00,370.00,380.00,366.00,380.00
6626302649460766,20120930,387.00,374.00,363,7950373,3073914633.00,368.00,394.00,379.00,394.00
6626302649460766,20121001,372.00,372.00,252,6220520,2316052428.00,372.00,378.00,387.00,378.00
6626302649460766,20121002,361.00,370.00,280,3613533,1304536574.00,359.00,370.00,372.00,360.00
6626302649460766,20121003,374.00,375.00,271,6282486,2351548127.00,362.00,375.00,361.00,362.00
6626302649460766,20121006,372.00,370.00,132,2013095,747884259.00,365.00,378.00,374.00,378.00
6626302649460766,20121007,370.00,369.00,86,1727113,639385035.00,366.00,375.00,372.00,370.00
6626302649460766,20121008,383.00,384.00,420,11638524,4456594992.00,364.00,384.00,370.00,370.00
6626302649460766,20121009,398.00,398.00,136,3151000,1254098000.00,398.00,398.00,383.00,398.00
6626302649460766,20121010,413.00,413.00,82,2222576,917923888.00,413.00,413.00,398.00,413.00
6626302649460766,20121013,429.00,429.00,75,2098660,900325140.00,429.00,429.00,413.00,429.00
6626302649460766,20121014,441.00,446.00,2082,31798736,14009607597.00,413.00,446.00,429.00,437.00
6626302649460766,20121015,453.00,458.00,204,6750913,3058985576.00,431.00,458.00,441.00,454.00
6626302649460766,20121016,470.00,471.00,1171,20099721,9444482683.00,454.00,471.00,453.00,462.00
6626302649460766,20121017,472.00,459.00,609,9586013,4523964033.00,456.00,484.00,470.00,479.00
6626302649460766,20121020,454.00,454.00,82,1547775,702689850.00,454.00,454.00,472.00,454.00
6626302649460766,20121021,439.00,445.00,609,23074041,10125331723.00,436.00,460.00,454.00,436.00
6626302649460766,20121022,454.00,439.00,290,6508119,2951570477.00,439.00,456.00,439.00,454.00
6626302649460766,20121023,438.00,445.00,348,6874244,3010421258.00,436.00,450.00,454.00,450.00
6626302649460766,20121024,433.00,432.00,156,3055558,1322562986.00,425.00,443.00,438.00,428.00
6626302649460766,20121027,430.00,428.00,210,3783529,1626021443.00,420.00,443.00,433.00,433.00
6626302649460766,20121028,423.00,434.00,515,12226869,5173135631.00,413.00,434.00,430.00,430.00
6626302649460766,20121029,427.00,431.00,209,2531311,1081608498.00,418.00,432.00,423.00,430.00
6626302649460766,20121030,440.00,438.00,350,5553441,2442684280.00,419.00,444.00,427.00,419.00
6626302649460766,20121031,433.00,439.00,197,3537510,1533226634.00,430.00,440.00,440.00,440.00
6626302649460766,20121104,436.00,437.00,165,3365010,1466953261.00,430.00,443.00,433.00,432.00
6626302649460766,20121105,441.00,441.00,150,2551667,1124100569.00,430.00,450.00,436.00,440.00
6626302649460766,20121106,456.00,458.00,307,7106588,3242921380.00,437.00,458.00,441.00,439.00
6626302649460766,20121107,462.00,470.00,259,3361710,1553829117.00,453.00,473.00,456.00,460.00
6626302649460766,20121110,473.00,480.00,297,4854360,2297889982.00,462.00,480.00,462.00,471.00
6626302649460766,20121111,491.00,491.00,634,13778351,6760769599.00,476.00,491.00,473.00,485.00
6626302649460766,20121112,510.00,510.00,119,4920487,2509448370.00,510.00,510.00,491.00,510.00
6626302649460766,20121113,527.00,526.00,1162,26323717,13866837810.00,510.00,530.00,510.00,530.00
6626302649460766,20121114,537.00,548.00,908,13639492,7320047585.00,506.00,548.00,527.00,525.00
6626302649460766,20121117,556.00,550.00,431,6725813,3742231945.00,537.00,558.00,537.00,558.00
6626302649460766,20121118,574.00,577.00,1030,12824773,7365353606.00,555.00,578.00,556.00,556.00
6626302649460766,20121119,559.00,552.00,554,13781865,7708310623.00,552.00,580.00,574.00,576.00
6626302649460766,20121120,538.00,538.00,704,12805388,6889493050.00,537.00,552.00,559.00,549.00
6626302649460766,20121121,531.00,523.00,301,5237207,2778957570.00,520.00,549.00,538.00,523.00
6626302649460766,20121126,515.00,516.00,341,7619487,3924155414.00,511.00,540.00,531.00,522.00
6626302649460766,20121127,532.00,535.00,291,5430047,2889920245.00,511.00,535.00,515.00,525.00
6626302649460766,20121128,531.00,521.00,208,2575788,1366863496.00,520.00,540.00,532.00,535.00
6626302649460766,20121201,511.00,512.00,568,7352458,3759461973.00,510.00,524.00,531.00,522.00
6626302649460766,20121202,493.00,499.00,644,9435486,4650356581.00,491.00,511.00,511.00,510.00
6626302649460766,20121203,511.00,511.00,1198,19717177,10071183063.00,495.00,512.00,493.00,509.00
6626302649460766,20121204,517.00,517.00,306,3663786,1893967085.00,510.00,524.00,511.00,519.00
6626302649460766,20121205,509.00,503.00,310,4268470,2171818690.00,498.00,524.00,517.00,521.00
6626302649460766,20121208,491.00,489.00,482,7730313,3791950026.00,489.00,515.00,509.00,515.00
6626302649460766,20121209,477.00,473.00,461,5604664,2673986508.00,473.00,499.00,491.00,499.00
6626302649460766,20121210,482.00,480.00,441,4292651,2070780788.00,468.00,495.00,477.00,476.00
6626302649460766,20121211,490.00,493.00,288,2610511,1279069842.00,478.00,495.00,482.00,482.00
6626302649460766,20121212,482.00,482.00,231,1993950,960736422.00,475.00,499.00,490.00,499.00
6626302649460766,20121215,498.00,494.00,422,6868203,3419581081.00,489.00,501.00,482.00,494.00
6626302649460766,20121216,487.00,496.00,310,2313769,1127460453.00,481.00,504.00,498.00,488.00
6626302649460766,20121217,481.00,480.00,282,2153951,1035440552.00,475.00,491.00,487.00,490.00
6626302649460766,20121218,477.00,479.00,353,7812484,3727369822.00,473.00,480.00,481.00,475.00
6626302649460766,20121219,479.00,480.00,583,5803055,2782552072.00,477.00,492.00,477.00,485.00
6626302649460766,20121222,472.00,477.00,383,5253370,2478095572.00,461.00,489.00,479.00,489.00
6626302649460766,20121223,470.00,469.00,429,4095394,1923125919.00,466.00,481.00,472.00,479.00
6626302649460766,20121224,457.00,460.00,464,8868581,4055794639.00,453.00,470.00,470.00,470.00
6626302649460766,20121225,464.00,463.00,291,1872312,868772108.00,455.00,470.00,457.00,463.00
6626302649460766,20121226,470.00,466.00,366,2519190,1185018106.00,463.00,478.00,464.00,474.00
6626302649460766,20121229,478.00,477.00,341,2602236,1243874611.00,467.00,483.00,470.00,473.00
6626302649460766,20121230,463.00,465.00,248,2695960,1247866258.00,459.00,480.00,478.00,480.00
6626302649460766,20121231,456.00,453.00,261,1540317,702299129.00,452.00,470.00,463.00,465.00
6626302649460766,20130101,447.00,446.00,319,2463019,1101194605.00,440.00,458.00,456.00,452.00
6626302649460766,20130102,438.00,438.00,426,9876930,4327205241.00,435.00,449.00,447.00,449.00
6626302649460766,20130106,434.00,433.00,380,6930286,3008652908.00,430.00,448.00,438.00,448.00
6626302649460766,20130107,442.00,441.00,368,10582893,4673505217.00,436.00,447.00,434.00,440.00
6626302649460766,20130108,442.00,442.00,145,693681,306758478.00,434.00,450.00,442.00,434.00
6626302649460766,20130109,432.00,430.00,837,14788362,6393535260.00,428.00,450.00,442.00,446.00
6626302649460766,20130113,428.00,428.00,257,2067978,885268832.00,421.00,439.00,432.00,439.00
6626302649460766,20130114,412.00,411.00,757,8201241,3381366801.00,411.00,429.00,428.00,429.00
6626302649460766,20130115,400.00,400.00,378,3475089,1390454188.00,397.00,410.00,412.00,410.00
6626302649460766,20130116,406.00,405.00,390,1477495,599391993.00,385.00,410.00,400.00,405.00
6626302649460766,20130119,414.00,415.00,281,3661219,1514850411.00,400.00,421.00,406.00,414.00
6626302649460766,20130120,412.00,407.00,172,1601953,659949390.00,406.00,420.00,414.00,418.00
6626302649460766,20130121,428.00,428.00,754,23218614,9937556071.00,427.00,428.00,412.00,428.00
6626302649460766,20130122,427.00,411.00,281,4268392,1822698458.00,411.00,439.00,428.00,435.00
6626302649460766,20130123,411.00,410.00,551,5919298,2434660278.00,410.00,429.00,427.00,410.00
6626302649460766,20130126,395.00,397.00,474,6785103,2681225961.00,395.00,406.00,411.00,403.00
6626302649460766,20130127,380.00,380.00,303,2719561,1034775680.00,380.00,404.00,395.00,404.00
6626302649460766,20130128,374.00,370.00,239,2811202,1051452002.00,366.00,390.00,380.00,374.00
6626302649460766,20130130,382.00,379.00,229,1664507,636083365.00,370.00,388.00,374.00,384.00
6626302649460766,20130202,372.00,372.00,529,5131485,1909591796.00,368.00,385.00,382.00,385.00
6626302649460766,20130203,364.00,362.00,272,2928424,1065216269.00,361.00,379.00,372.00,379.00
6626302649460766,20130204,375.00,378.00,357,5389822,2020387217.00,361.00,378.00,364.00,372.00
6626302649460766,20130205,384.00,384.00,227,2459013,944043512.00,371.00,388.00,375.00,380.00
6626302649460766,20130206,382.00,380.00,184,1852866,708277012.00,376.00,389.00,384.00,381.00
6626302649460766,20130209,373.00,371.00,218,1982201,738487431.00,369.00,381.00,382.00,376.00
6626302649460766,20130211,380.00,381.00,142,1294059,492017355.00,373.00,385.00,373.00,379.00
6626302649460766,20130212,380.00,383.00,236,2753277,1046393842.00,372.00,388.00,380.00,384.00
6626302649460766,20130213,379.00,376.00,141,1153657,436926013.00,373.00,388.00,380.00,388.00
6626302649460766,20130216,392.00,394.00,544,9871516,3866450631.00,376.00,394.00,379.00,376.00
6626302649460766,20130217,407.00,407.00,324,5128043,2085158261.00,395.00,407.00,392.00,395.00
6626302649460766,20130218,423.00,423.00,63,562699,238021677.00,423.00,423.00,407.00,423.00
6626302649460766,20130219,438.00,439.00,463,10407747,4556932642.00,408.00,439.00,423.00,439.00
6626302649460766,20130220,426.00,421.00,494,5996200,2552016903.00,421.00,440.00,438.00,440.00
6626302649460766,20130223,411.00,409.00,293,3995462,1641244466.00,409.00,420.00,426.00,412.00
6626302649460766,20130224,397.00,395.00,309,3290961,1306700045.00,395.00,403.00,411.00,400.00
6626302649460766,20130225,382.00,382.00,115,1687542,644891863.00,382.00,384.00,397.00,383.00
6626302649460766,20130226,396.00,397.00,366,4811335,1907274428.00,373.00,397.00,382.00,373.00
6626302649460766,20130227,402.00,387.00,445,4020793,1615641753.00,385.00,410.00,396.00,408.00
6626302649460766,20130302,389.00,389.00,275,3382095,1315278379.00,386.00,405.00,402.00,405.00
6626302649460766,20130303,388.00,388.00,197,2048653,794973597.00,380.00,391.00,389.00,390.00
6626302649460766,20130304,400.00,403.00,401,5009891,2002763946.00,387.00,403.00,388.00,390.00
6626302649460766,20130305,399.00,399.00,211,1724718,687759637.00,390.00,412.00,400.00,412.00
6626302649460766,20130306,388.00,386.00,148,1408771,547133443.00,386.00,392.00,399.00,392.00
6626302649460766,20130309,388.00,385.00,120,1085192,420811108.00,382.00,397.00,388.00,388.00
6626302649460766,20130310,381.00,381.00,202,1865462,710616331.00,375.00,390.00,388.00,390.00
6626302649460766,20130311,373.00,375.00,311,3574294,1334821152.00,367.00,387.00,381.00,376.00
6626302649460766,20130312,373.00,375.00,0,0,0.00,0.00,0.00,373.00,0.00
6626302649460766,20130313,373.00,375.00,0,0,0.00,0.00,0.00,373.00,0.00
6626302649460766,20130316,373.00,375.00,0,0,0.00,0.00,0.00,373.00,0.00
6626302649460766,20130317,375.00,374.00,115,1018052,382112187.00,366.00,380.00,373.00,380.00
6626302649460766,20130318,361.00,375.00,478,5910397,2135098698.00,360.00,377.00,375.00,377.00
6626302649460766,20130325,375.00,375.00,47,498469,186925875.00,375.00,375.00,361.00,375.00
6626302649460766,20130326,389.00,390.00,333,3694642,1436366641.00,382.00,390.00,375.00,390.00
6626302649460766,20130327,386.00,387.00,180,1700205,656142280.00,377.00,399.00,389.00,390.00
6626302649460766,20130330,386.00,388.00,223,1928341,745005473.00,375.00,392.00,386.00,390.00
6626302649460766,20130331,399.00,401.00,456,6653416,2652028062.00,381.00,401.00,386.00,381.00
6626302649460766,20130403,414.00,414.00,340,4100104,1696056560.00,406.00,414.00,399.00,411.00
6626302649460766,20130406,413.00,411.00,460,4634001,1911926207.00,406.00,420.00,414.00,420.00
6626302649460766,20130407,406.00,408.00,330,2877369,1169190891.00,402.00,416.00,413.00,410.00
6626302649460766,20130408,403.00,408.00,186,1965279,792000111.00,399.00,408.00,406.00,408.00
6626302649460766,20130409,406.00,407.00,205,3121081,1266351137.00,397.00,410.00,403.00,410.00
6626302649460766,20130410,400.00,405.00,204,1963209,785150414.00,390.00,406.00,406.00,406.00
6626302649460766,20130413,392.00,394.00,198,2937700,1151391691.00,387.00,407.00,400.00,407.00
6626302649460766,20130415,396.00,398.00,292,3465739,1373934446.00,390.00,401.00,392.00,396.00
6626302649460766,20130416,403.00,401.00,180,1692088,681159807.00,399.00,407.00,396.00,406.00
6626302649460766,20130417,402.00,397.00,178,2414046,969621535.00,393.00,409.00,403.00,401.00
6626302649460766,20130420,400.00,398.00,185,2967944,1185770311.00,394.00,403.00,402.00,394.00
6626302649460766,20130421,395.00,395.00,202,3097463,1223086799.00,390.00,400.00,400.00,399.00
6626302649460766,20130422,392.00,393.00,216,2606880,1020719917.00,389.00,395.00,395.00,395.00
6626302649460766,20130423,399.00,405.00,389,5608686,2239214085.00,390.00,405.00,392.00,390.00
6626302649460766,20130424,414.00,414.00,566,13982697,5787652740.00,410.00,414.00,399.00,414.00
6626302649460766,20130427,421.00,415.00,343,4039567,1702355583.00,411.00,430.00,414.00,430.00
6626302649460766,20130428,406.00,405.00,253,3756528,1525020093.00,405.00,421.00,421.00,421.00
6626302649460766,20130429,404.00,411.00,360,4049571,1634422345.00,390.00,418.00,406.00,400.00
6626302649460766,20130430,400.00,399.00,318,3160800,1265447519.00,396.00,418.00,404.00,418.00
6626302649460766,20130501,399.00,402.00,269,3245969,1296671406.00,396.00,409.00,400.00,409.00
6626302649460766,20130504,413.00,414.00,259,3885234,1606465447.00,405.00,414.00,399.00,409.00
6626302649460766,20130505,403.00,403.00,545,8022132,3236562641.00,397.00,424.00,413.00,424.00
6626302649460766,20130506,405.00,402.00,217,2798339,1132037697.00,400.00,412.00,403.00,401.00
6626302649460766,20130507,404.00,406.00,203,1717380,693353463.00,401.00,409.00,405.00,409.00
6626302649460766,20130508,401.00,400.00,191,3281703,1314490071.00,398.00,405.00,404.00,400.00
6626302649460766,20130511,404.00,410.00,124,1725993,697571100.00,400.00,410.00,401.00,405.00
6626302649460766,20130512,415.00,416.00,224,3261276,1352357386.00,408.00,419.00,404.00,419.00
6626302649460766,20130513,404.00,406.00,215,4079329,1646828987.00,400.00,417.00,415.00,417.00
6626302649460766,20130514,400.00,397.00,168,3297920,1319555826.00,396.00,410.00,404.00,402.00
6626302649460766,20130515,400.00,398.00,279,2867856,1146478852.00,396.00,405.00,400.00,403.00
6626302649460766,20130518,400.00,403.00,175,2892490,1156274209.00,396.00,410.00,400.00,399.00
6626302649460766,20130519,400.00,402.00,74,842602,337427295.00,397.00,403.00,400.00,403.00
6626302649460766,20130520,401.00,405.00,191,2017931,809030718.00,399.00,407.00,400.00,400.00
6626302649460766,20130521,402.00,398.00,175,2702548,1086846156.00,398.00,409.00,401.00,405.00
6626302649460766,20130522,401.00,401.00,146,1377756,552902618.00,392.00,405.00,402.00,397.00
6626302649460766,20130525,416.00,417.00,536,18426537,7672417607.00,401.00,417.00,401.00,401.00
6626302649460766,20130526,432.00,432.00,954,35156074,15186982455.00,429.00,432.00,416.00,432.00
6626302649460766,20130527,443.00,449.00,926,21748621,9630625034.00,421.00,449.00,432.00,448.00
6626302649460766,20130528,460.00,460.00,366,12584668,5784192062.00,450.00,460.00,443.00,459.00
6626302649460766,20130529,473.00,463.00,1687,35055591,16565443976.00,456.00,478.00,460.00,478.00
6626302649460766,20130601,456.00,455.00,321,7951628,3625911620.00,455.00,462.00,473.00,462.00
6626302649460766,20130602,439.00,439.00,699,15656780,6879084799.00,438.00,449.00,456.00,447.00
6626302649460766,20130603,427.00,422.00,856,14669485,6257348448.00,422.00,450.00,439.00,439.00
6626302649460766,20130608,417.00,416.00,290,5433118,2266126460.00,412.00,429.00,427.00,416.00
6626302649460766,20130609,406.00,402.00,373,4872581,1980451440.00,402.00,420.00,417.00,420.00
6626302649460766,20130610,419.00,422.00,146,2593607,1085830109.00,402.00,422.00,406.00,415.00
6626302649460766,20130611,435.00,435.00,44,564232,245440920.00,435.00,435.00,419.00,435.00
6626302649460766,20130612,434.00,428.00,372,5709460,2478637474.00,425.00,443.00,435.00,440.00
6626302649460766,20130615,448.00,451.00,651,14778698,6623120852.00,438.00,451.00,434.00,442.00
6626302649460766,20130616,459.00,465.00,772,15048709,6900945016.00,437.00,465.00,448.00,460.00
6626302649460766,20130617,470.00,477.00,691,9943840,4669798075.00,457.00,477.00,459.00,469.00
6626302649460766,20130618,488.00,488.00,56,1086581,530251528.00,488.00,488.00,470.00,488.00
6626302649460766,20130619,507.00,507.00,121,3178044,1611268308.00,507.00,507.00,488.00,507.00
6626302649460766,20130622,526.00,527.00,36,478329,252079383.00,527.00,527.00,507.00,527.00
6626302649460766,20130623,545.00,547.00,589,15420439,8409800005.00,527.00,547.00,526.00,547.00
6626302649460766,20130625,561.00,566.00,467,12693923,7115192329.00,547.00,566.00,545.00,550.00
6626302649460766,20130626,583.00,583.00,282,9573965,5581612795.00,582.00,583.00,561.00,583.00
6626302649460766,20130629,606.00,606.00,45,677436,410526216.00,606.00,606.00,583.00,606.00
6626302649460766,20130630,630.00,630.00,50,1125161,708851430.00,630.00,630.00,606.00,630.00
6626302649460766,20130701,655.00,655.00,33,596589,390765795.00,655.00,655.00,630.00,655.00
6626302649460766,20130702,679.00,681.00,1619,38530477,26156439194.00,655.00,681.00,655.00,681.00
6626302649460766,20130703,704.00,706.00,795,10648465,7492679320.00,691.00,706.00,679.00,705.00
6626302649460766,20130706,732.00,732.00,33,504431,369243492.00,732.00,732.00,704.00,732.00
6626302649460766,20130707,760.00,761.00,1232,29204717,22203749444.00,740.00,761.00,732.00,761.00
6626302649460766,20130708,784.00,790.00,275,6244737,4898814267.00,764.00,790.00,760.00,770.00
6626302649460766,20130709,815.00,815.00,36,606260,494101900.00,815.00,815.00,784.00,815.00
6626302649460766,20130710,847.00,847.00,129,3510890,2973723830.00,847.00,847.00,815.00,847.00
6626302649460766,20130713,868.00,860.00,1444,26239265,22787971341.00,815.00,880.00,847.00,880.00
6626302649460766,20130714,836.00,840.00,756,18067013,15105318630.00,834.00,854.00,868.00,844.00
6626302649460766,20130715,859.00,869.00,237,4695034,4034760412.00,825.00,869.00,836.00,825.00
6626302649460766,20130716,893.00,893.00,71,1271555,1135498615.00,893.00,893.00,859.00,893.00
6626302649460766,20130717,928.00,928.00,112,2888541,2680566048.00,928.00,928.00,893.00,928.00
6626302649460766,20130720,936.00,898.00,1735,26269851,24578191628.00,891.00,963.00,928.00,963.00
6626302649460766,20130721,900.00,899.00,141,1721262,1548656077.00,899.00,914.00,936.00,900.00
6626302649460766,20130722,879.00,864.00,42,298482,257888448.00,864.00,864.00,900.00,864.00
6626302649460766,20130723,844.00,844.00,71,532182,449161608.00,844.00,844.00,879.00,844.00
6626302649460766,20130724,828.00,850.00,1266,20134443,16678559524.00,811.00,862.00,844.00,811.00
6626302649460766,20130727,821.00,802.00,700,6708511,5505731248.00,799.00,855.00,828.00,850.00
6626302649460766,20130728,791.00,789.00,132,1457664,1152602107.00,789.00,803.00,821.00,803.00
6626302649460766,20130729,796.00,798.00,751,9564423,7617604431.00,771.00,815.00,791.00,782.00
6626302649460766,20130731,815.00,827.00,586,7371022,6010206616.00,775.00,827.00,796.00,815.00
6626302649460766,20130803,812.00,797.00,742,10173041,8258124030.00,787.00,838.00,815.00,838.00
6626302649460766,20130804,821.00,800.00,600,6450548,5297576598.00,799.00,837.00,812.00,812.00
6626302649460766,20130805,791.00,789.00,429,6039711,4779128511.00,789.00,808.00,821.00,808.00
6626302649460766,20130806,778.00,770.00,386,3240879,2522583590.00,770.00,797.00,791.00,797.00
6626302649460766,20130807,780.00,785.00,626,7583918,5913309732.00,768.00,800.00,778.00,782.00
6626302649460766,20130811,808.00,811.00,375,6077261,4910317691.00,778.00,811.00,780.00,796.00
6626302649460766,20130812,839.00,840.00,294,4596731,3857128336.00,825.00,840.00,808.00,840.00
6626302649460766,20130813,865.00,840.00,722,7734094,6690782748.00,830.00,872.00,839.00,872.00
6626302649460766,20130814,846.00,861.00,583,8614950,7290956581.00,831.00,865.00,865.00,847.00
6626302649460766,20130817,840.00,826.00,603,6392540,5369628078.00,814.00,869.00,846.00,869.00
6626302649460766,20130818,824.00,815.00,393,4195312,3455129858.00,812.00,840.00,840.00,840.00
6626302649460766,20130819,838.00,821.00,463,4663185,3909254237.00,821.00,845.00,824.00,837.00
6626302649460766,20130820,838.00,830.00,300,2284477,1914987406.00,825.00,853.00,838.00,844.00
6626302649460766,20130821,826.00,823.00,306,3125991,2582627502.00,819.00,840.00,838.00,840.00
6626302649460766,20130824,824.00,821.00,313,3054801,2517969390.00,801.00,839.00,826.00,839.00
6626302649460766,20130825,801.00,792.00,539,5085936,4074986403.00,792.00,820.00,824.00,811.00
6626302649460766,20130826,777.00,785.00,414,4527195,3519107153.00,769.00,799.00,801.00,799.00
6626302649460766,20130827,774.00,746.00,446,3891985,3012406509.00,746.00,792.00,777.00,789.00
6626302649460766,20130828,744.00,744.00,49,492740,366598560.00,744.00,744.00,774.00,744.00
6626302649460766,20130831,715.00,715.00,144,1141841,816507872.00,715.00,720.00,744.00,715.00
6626302649460766,20130901,697.00,706.00,697,9800415,6828073531.00,687.00,725.00,715.00,688.00
6626302649460766,20130903,719.00,712.00,380,4131216,2970595899.00,701.00,724.00,697.00,715.00
6626302649460766,20130904,700.00,691.00,85,699268,489588332.00,691.00,718.00,719.00,718.00
6626302649460766,20130907,688.00,672.00,29,216678,145607616.00,672.00,672.00,700.00,672.00
6626302649460766,20130908,666.00,678.00,433,7216469,4802776808.00,661.00,690.00,688.00,661.00
6626302649460766,20130909,690.00,692.00,220,2267562,1565037852.00,671.00,692.00,666.00,671.00
6626302649460766,20130910,717.00,717.00,90,1212879,869634243.00,717.00,717.00,690.00,717.00
6626302649460766,20130911,745.00,745.00,40,673017,501397665.00,745.00,745.00,717.00,745.00
6626302649460766,20130914,774.00,774.00,100,1788597,1384374078.00,774.00,774.00,745.00,774.00
6626302649460766,20130915,791.00,786.00,811,11369667,8989800829.00,763.00,800.00,774.00,800.00
6626302649460766,20130916,774.00,775.00,381,3000072,2322158267.00,760.00,786.00,791.00,786.00
6626302649460766,20130917,780.00,775.00,264,1402758,1094847148.00,759.00,793.00,774.00,789.00
6626302649460766,20130918,788.00,792.00,506,3667472,2889940807.00,770.00,793.00,780.00,782.00
6626302649460766,20130921,813.00,803.00,420,4300524,3494789834.00,793.00,819.00,788.00,793.00
6626302649460766,20130922,797.00,804.00,315,2506573,1996602643.00,782.00,809.00,813.00,801.00
6626302649460766,20130923,822.00,828.00,372,3684671,3030500000.00,782.00,828.00,797.00,782.00
6626302649460766,20130924,837.00,830.00,713,5869347,4913624636.00,820.00,852.00,822.00,840.00
6626302649460766,20130925,813.00,804.00,475,3553030,2889597565.00,804.00,825.00,837.00,813.00
6626302649460766,20130928,828.00,821.00,419,3805269,3152239185.00,810.00,837.00,813.00,836.00
6626302649460766,20130929,802.00,798.00,626,4763268,3821726341.00,795.00,825.00,828.00,822.00
6626302649460766,20130930,778.00,779.00,349,3093036,2406891748.00,770.00,798.00,802.00,798.00
6626302649460766,20131001,799.00,803.00,513,5442247,4347968649.00,775.00,805.00,778.00,775.00
6626302649460766,20131002,829.00,830.00,324,5114064,4238564491.00,822.00,830.00,799.00,822.00
6626302649460766,20131005,857.00,844.00,1058,12264331,10506662892.00,840.00,862.00,829.00,845.00
6626302649460766,20131006,837.00,830.00,448,4234252,3543792605.00,823.00,858.00,857.00,858.00
6626302649460766,20131007,827.00,819.00,352,2508446,2073607309.00,816.00,849.00,837.00,843.00
6626302649460766,20131008,812.00,823.00,378,3056990,2482585889.00,798.00,839.00,827.00,809.00
6626302649460766,20131009,817.00,819.00,293,2470253,2018251516.00,801.00,830.00,812.00,801.00
6626302649460766,20131012,834.00,825.00,509,4505851,3759856217.00,815.00,849.00,817.00,815.00
6626302649460766,20131013,815.00,812.00,525,2660336,2169204568.00,810.00,839.00,834.00,817.00
6626302649460766,20131014,793.00,806.00,351,2906623,2305607175.00,784.00,809.00,815.00,807.00
6626302649460766,20131015,806.00,797.00,395,3197875,2576529246.00,793.00,820.00,793.00,800.00
6626302649460766,20131019,792.00,790.00,588,5185494,4106162210.00,784.00,810.00,806.00,808.00
6626302649460766,20131020,769.00,768.00,650,4527095,3480071625.00,761.00,800.00,792.00,800.00
6626302649460766,20131021,777.00,790.00,430,2784916,2163256423.00,765.00,790.00,769.00,779.00
6626302649460766,20131022,769.00,767.00,293,2024673,1556988948.00,760.00,797.00,777.00,797.00
6626302649460766,20131023,771.00,783.00,426,3613323,2785762552.00,756.00,784.00,769.00,770.00
6626302649460766,20131026,796.00,801.00,486,5573439,4436890393.00,771.00,801.00,771.00,792.00
6626302649460766,20131027,796.00,785.00,444,3596955,2864760517.00,777.00,815.00,796.00,815.00
6626302649460766,20131028,798.00,810.00,295,2750582,2194355859.00,781.00,810.00,796.00,803.00
6626302649460766,20131029,828.00,829.00,651,8678991,7182481250.00,812.00,829.00,798.00,822.00
6626302649460766,20131030,857.00,861.00,768,11412661,9780526746.00,829.00,861.00,828.00,849.00
6626302649460766,20131102,891.00,891.00,112,2175958,1938778578.00,891.00,891.00,857.00,891.00
6626302649460766,20131103,922.00,905.00,1491,23879180,22025011078.00,891.00,926.00,891.00,926.00
6626302649460766,20131104,890.00,886.00,727,8087451,7195155514.00,886.00,908.00,922.00,899.00
6626302649460766,20131105,919.00,925.00,619,9696994,8907885702.00,872.00,925.00,890.00,872.00
6626302649460766,20131106,933.00,918.00,1079,9716889,9061753074.00,900.00,954.00,919.00,940.00
6626302649460766,20131109,916.00,899.00,777,8078937,7401152316.00,897.00,948.00,933.00,939.00
6626302649460766,20131110,884.00,890.00,897,18364550,16242051442.00,880.00,908.00,916.00,908.00
6626302649460766,20131111,917.00,919.00,868,12361115,11338356028.00,886.00,919.00,884.00,886.00
6626302649460766,20131112,944.00,953.00,732,8602332,8124777472.00,900.00,953.00,917.00,935.00
6626302649460766,20131116,974.00,981.00,870,10327796,10063366377.00,954.00,981.00,944.00,977.00
6626302649460766,20131117,1010.00,1012.00,703,4536677,4581931579.00,990.00,1012.00,974.00,1009.00
6626302649460766,20131118,1050.00,1050.00,443,10100237,10602032392.00,1035.00,1050.00,1010.00,1050.00
6626302649460766,20131119,1053.00,1008.00,1726,20517629,21602650797.00,1008.00,1089.00,1050.00,1089.00
6626302649460766,20131120,1015.00,1022.00,1158,14613775,14839862704.00,1011.00,1044.00,1053.00,1012.00
6626302649460766,20131123,1053.00,1055.00,372,5913803,6227025985.00,1030.00,1055.00,1015.00,1030.00
6626302649460766,20131124,1095.00,1095.00,257,3953865,4329465110.00,1092.00,1095.00,1053.00,1095.00
6626302649460766,20131125,1114.00,1078.00,1576,16135254,17979689975.00,1060.00,1138.00,1095.00,1138.00
6626302649460766,20131126,1073.00,1070.00,544,4712816,5058720961.00,1070.00,1099.00,1114.00,1099.00
6626302649460766,20131127,1062.00,1079.00,1004,9300286,9877848661.00,1041.00,1099.00,1073.00,1056.00
6626302649460766,20131130,1102.00,1104.00,564,5996945,6606981582.00,1080.00,1104.00,1062.00,1099.00
6626302649460766,20131201,1117.00,1080.00,1049,9638676,10768289772.00,1070.00,1146.00,1102.00,1146.00
6626302649460766,20131202,1077.00,1073.00,805,11405764,12286695631.00,1073.00,1109.00,1117.00,1079.00
6626302649460766,20131203,1067.00,1056.00,544,5412237,5774943711.00,1040.00,1093.00,1077.00,1062.00
6626302649460766,20131204,1037.00,1032.00,793,7947693,8245257054.00,1027.00,1066.00,1067.00,1042.00
6626302649460766,20131207,1069.00,1059.00,963,10563450,11295609677.00,1033.00,1078.00,1037.00,1033.00
6626302649460766,20131208,1042.00,1035.00,774,6857869,7142826857.00,1029.00,1074.00,1069.00,1070.00
6626302649460766,20131209,1013.00,1019.00,930,8129130,8238077000.00,1001.00,1035.00,1042.00,1022.00
6626302649460766,20131210,1045.00,1053.00,604,4773395,4985965182.00,1005.00,1053.00,1013.00,1030.00
6626302649460766,20131211,1044.00,1027.00,673,5247925,5477759989.00,1022.00,1070.00,1045.00,1045.00
6626302649460766,20131214,1012.00,1006.00,740,6560535,6641331406.00,1005.00,1045.00,1044.00,1027.00
6626302649460766,20131215,1033.00,1030.00,1188,9742955,10066271995.00,1013.00,1050.00,1012.00,1045.00
6626302649460766,20131216,1027.00,1029.00,1126,12490177,12823813343.00,1010.00,1048.00,1033.00,1045.00
6626302649460766,20131217,1011.00,1028.00,1240,12806197,12951199755.00,990.00,1030.00,1027.00,1000.00
6626302649460766,20131218,1050.00,1051.00,812,13835570,14521964027.00,1033.00,1051.00,1011.00,1040.00
6626302649460766,20131221,1091.00,1092.00,636,11047402,12052887060.00,1061.00,1092.00,1050.00,1092.00
6626302649460766,20131222,1099.00,1078.00,1244,13566352,14913231886.00,1061.00,1130.00,1091.00,1130.00
6626302649460766,20131224,1137.00,1142.00,1703,25034850,28456779944.00,1093.00,1142.00,1099.00,1097.00
6626302649460766,20131225,1180.00,1182.00,639,11009787,12992625766.00,1162.00,1182.00,1137.00,1180.00
6626302649460766,20131228,1227.00,1227.00,174,2955600,3626521200.00,1227.00,1227.00,1180.00,1227.00
6626302649460766,20131229,1276.00,1276.00,144,2838517,3621947692.00,1276.00,1276.00,1227.00,1276.00
6626302649460766,20131230,1282.00,1225.00,2050,28548588,36591969824.00,1225.00,1327.00,1276.00,1327.00
6626302649460766,20140101,1231.00,1231.00,92,808952,995819912.00,1231.00,1231.00,1282.00,1231.00
6626302649460766,20140104,1189.00,1182.00,750,9283469,11039887556.00,1182.00,1230.00,1231.00,1182.00
6626302649460766,20140105,1210.00,1236.00,1035,12510351,15133446272.00,1172.00,1236.00,1189.00,1172.00
6626302649460766,20140106,1247.00,1230.00,1327,16750750,20881057370.00,1211.00,1258.00,1210.00,1258.00
6626302649460766,20140107,1206.00,1198.00,327,3446675,4155954808.00,1198.00,1230.00,1247.00,1230.00
6626302649460766,20140108,1164.00,1168.00,1234,11359522,13222018177.00,1158.00,1199.00,1206.00,1187.00
6626302649460766,20140111,1135.00,1126.00,1023,9465117,10743915504.00,1118.00,1200.00,1164.00,1170.00
6626302649460766,20140112,1111.00,1090.00,435,4492790,4990326823.00,1090.00,1175.00,1135.00,1130.00
6626302649460766,20140113,1120.00,1120.00,1133,11714961,13119526236.00,1100.00,1140.00,1111.00,1130.00
6626302649460766,20140114,1086.00,1076.00,974,6913991,7511512438.00,1076.00,1142.00,1120.00,1142.00
6626302649460766,20140115,1046.00,1043.00,489,6283145,6570875009.00,1043.00,1077.00,1086.00,1064.00
6626302649460766,20140118,1013.00,1020.00,766,7406030,7500089394.00,1006.00,1040.00,1046.00,1022.00
6626302649460766,20140120,987.00,973.00,764,6515320,6429482806.00,973.00,1030.00,1013.00,1020.00
6626302649460766,20140121,1009.00,992.00,826,7869863,7938605017.00,973.00,1026.00,987.00,1000.00
6626302649460766,20140122,973.00,969.00,880,6552204,6375855843.00,969.00,1010.00,1009.00,1010.00
6626302649460766,20140125,951.00,950.00,847,7383002,7017608259.00,935.00,990.00,973.00,979.00
6626302649460766,20140126,929.00,913.00,429,3706552,3442598648.00,913.00,974.00,951.00,970.00
6626302649460766,20140127,892.00,892.00,71,619085,552223820.00,892.00,892.00,929.00,892.00
6626302649460766,20140128,920.00,927.00,659,6512411,5988345582.00,892.00,927.00,892.00,892.00
6626302649460766,20140129,956.00,956.00,332,3968232,3792614017.00,949.00,956.00,920.00,956.00
6626302649460766,20140201,993.00,994.00,56,485680,482765920.00,994.00,994.00,956.00,994.00
6626302649460766,20140202,1006.00,994.00,1433,14519740,14608459528.00,958.00,1032.00,993.00,1032.00
6626302649460766,20140203,975.00,982.00,562,4629461,4511742741.00,966.00,999.00,1006.00,990.00
6626302649460766,20140204,984.00,980.00,362,3083071,3032747754.00,967.00,1000.00,975.00,990.00
6626302649460766,20140205,949.00,945.00,203,1596343,1514576372.00,945.00,980.00,984.00,980.00
6626302649460766,20140208,923.00,912.00,73,354682,323469984.00,912.00,912.00,949.00,912.00
6626302649460766,20140209,894.00,889.00,640,5460335,4883332238.00,887.00,920.00,923.00,887.00
6626302649460766,20140210,868.00,859.00,337,3283838,2851516023.00,859.00,909.00,894.00,882.00
6626302649460766,20140212,842.00,834.00,49,379002,316087668.00,834.00,834.00,868.00,834.00
6626302649460766,20140215,823.00,823.00,441,4135608,3401851066.00,809.00,870.00,842.00,809.00
6626302649460766,20140216,849.00,855.00,218,1880128,1595370583.00,823.00,855.00,823.00,823.00
6626302649460766,20140217,882.00,882.00,519,5927019,5226956115.00,856.00,882.00,849.00,882.00
6626302649460766,20140218,873.00,872.00,428,3584249,3129030535.00,850.00,899.00,882.00,899.00
6626302649460766,20140219,903.00,907.00,404,3763220,3398758932.00,888.00,907.00,873.00,889.00
6626302649460766,20140222,936.00,934.00,339,3013482,2821227881.00,903.00,939.00,903.00,920.00
6626302649460766,20140223,939.00,939.00,569,4460748,4188238595.00,902.00,968.00,936.00,968.00
6626302649460766,20140224,904.00,902.00,201,1396971,1262350055.00,902.00,927.00,939.00,927.00
6626302649460766,20140225,869.00,868.00,344,2757283,2397050434.00,868.00,880.00,904.00,872.00
6626302649460766,20140226,854.00,854.00,539,3302297,2820936488.00,836.00,890.00,869.00,837.00
6626302649460766,20140301,878.00,877.00,347,2507136,2200505183.00,854.00,887.00,854.00,854.00
6626302649460766,20140302,870.00,870.00,256,2047406,1780412779.00,854.00,899.00,878.00,899.00
6626302649460766,20140303,841.00,841.00,295,2339235,1966941437.00,836.00,866.00,870.00,866.00
6626302649460766,20140304,831.00,831.00,345,1989027,1652096188.00,809.00,859.00,841.00,820.00
6626302649460766,20140305,858.00,864.00,370,2424431,2079970718.00,832.00,864.00,831.00,848.00
6626302649460766,20140308,860.00,860.00,278,2025782,1742767470.00,842.00,886.00,858.00,886.00
6626302649460766,20140309,836.00,836.00,257,2191364,1831172173.00,827.00,850.00,860.00,844.00
6626302649460766,20140310,827.00,827.00,293,2337600,1932403563.00,823.00,838.00,836.00,826.00
6626302649460766,20140311,800.00,797.00,266,2240197,1793060113.00,794.00,827.00,827.00,827.00
6626302649460766,20140312,795.00,794.00,402,3422424,2720579969.00,768.00,820.00,800.00,800.00
6626302649460766,20140315,826.00,826.00,140,1286566,1062483805.00,810.00,826.00,795.00,810.00
6626302649460766,20140316,855.00,859.00,268,1971351,1684958951.00,831.00,859.00,826.00,857.00
6626302649460766,20140317,887.00,889.00,466,4498538,3989747544.00,865.00,889.00,855.00,889.00
6626302649460766,20140318,876.00,868.00,390,3031630,2654435757.00,855.00,900.00,887.00,893.00
6626302649460766,20140319,862.00,860.00,397,3359137,2894105907.00,848.00,870.00,876.00,860.00
6626302649460766,20140325,854.00,848.00,180,1077900,920446668.00,835.00,880.00,862.00,880.00
6626302649460766,20140326,829.00,830.00,200,1460374,1210574524.00,822.00,847.00,854.00,836.00
6626302649460766,20140329,825.00,820.00,298,1770466,1461074609.00,820.00,850.00,829.00,830.00
6626302649460766,20140330,849.00,858.00,256,2153710,1827857632.00,820.00,858.00,825.00,824.00
6626302649460766,20140331,872.00,871.00,366,2846768,2482957117.00,845.00,879.00,849.00,870.00
6626302649460766,20140405,861.00,851.00,406,2346945,2019647386.00,840.00,878.00,872.00,870.00
6626302649460766,20140406,832.00,849.00,306,3404438,2831822270.00,827.00,853.00,861.00,841.00
6626302649460766,20140407,830.00,838.00,524,2649113,2198506979.00,812.00,840.00,832.00,812.00
6626302649460766,20140408,850.00,840.00,346,3475109,2954836727.00,830.00,860.00,830.00,830.00
6626302649460766,20140409,824.00,832.00,316,2470417,2035220477.00,820.00,848.00,850.00,848.00
6626302649460766,20140412,810.00,799.00,422,3584029,2904682288.00,795.00,835.00,824.00,832.00
6626302649460766,20140413,780.00,778.00,152,1132434,882740356.00,778.00,810.00,810.00,793.00
6626302649460766,20140414,753.00,749.00,176,1959035,1474550769.00,749.00,775.00,780.00,760.00
6626302649460766,20140415,742.00,745.00,582,5282200,3918348414.00,723.00,775.00,753.00,730.00
6626302649460766,20140416,742.00,745.00,0,0,0.00,0.00,0.00,742.00,0.00
6626302649460766,20140419,742.00,745.00,0,0,0.00,0.00,0.00,742.00,0.00
6626302649460766,20140420,742.00,745.00,0,0,0.00,0.00,0.00,742.00,0.00
6626302649460766,20140421,809.00,819.00,802,8097630,6553178939.00,771.00,832.00,742.00,800.00
6626302649460766,20140422,799.00,786.00,579,4245690,3393554915.00,781.00,833.00,809.00,833.00
6626302649460766,20140423,780.00,780.00,328,3426816,2671675724.00,770.00,786.00,799.00,781.00
6626302649460766,20140426,806.00,811.00,333,3512183,2831138484.00,781.00,811.00,780.00,781.00
6626302649460766,20140427,792.00,788.00,562,6644870,5264314802.00,775.00,827.00,806.00,827.00
6626302649460766,20140428,767.00,770.00,601,5135003,3936704584.00,761.00,782.00,792.00,780.00
6626302649460766,20140429,760.00,759.00,288,2576598,1958155547.00,754.00,770.00,767.00,770.00
6626302649460766,20140430,771.00,778.00,322,4182069,3226033053.00,743.00,787.00,760.00,755.00
6626302649460766,20140503,766.00,755.00,263,2174970,1665113308.00,750.00,781.00,771.00,780.00
6626302649460766,20140504,745.00,755.00,273,1776094,1322995991.00,740.00,755.00,766.00,751.00
6626302649460766,20140505,752.00,750.00,270,2395309,1801346574.00,746.00,765.00,745.00,756.00
6626302649460766,20140506,736.00,726.00,342,3366162,2475886935.00,724.00,753.00,752.00,752.00
6626302649460766,20140507,725.00,725.00,318,2628397,1906805125.00,722.00,730.00,736.00,730.00
6626302649460766,20140510,725.00,730.00,302,3124463,2265209948.00,710.00,736.00,725.00,723.00
6626302649460766,20140511,720.00,719.00,210,1873119,1349009796.00,710.00,735.00,725.00,735.00
6626302649460766,20140512,716.00,715.00,234,1824247,1306752701.00,711.00,728.00,720.00,725.00
6626302649460766,20140514,703.00,711.00,537,5287428,3717653552.00,689.00,721.00,716.00,715.00
6626302649460766,20140517,682.00,696.00,435,4732702,3227292807.00,675.00,699.00,703.00,690.00
6626302649460766,20140518,705.00,709.00,261,3409788,2403096558.00,682.00,709.00,682.00,682.00
6626302649460766,20140519,703.00,702.00,223,2093686,1471086467.00,690.00,721.00,705.00,720.00
6626302649460766,20140520,698.00,700.00,295,2992669,2088640784.00,680.00,710.00,703.00,710.00
6626302649460766,20140521,697.00,700.00,293,2782437,1940384925.00,689.00,704.00,698.00,691.00
6626302649460766,20140524,697.00,695.00,257,2675143,1864887827.00,691.00,710.00,697.00,691.00
6626302649460766,20140525,680.00,680.00,246,2083484,1417675803.00,677.00,690.00,697.00,690.00
6626302649460766,20140526,675.00,673.00,250,2481166,1673973164.00,665.00,688.00,680.00,665.00
6626302649460766,20140528,670.00,670.00,323,2793506,1871144326.00,662.00,680.00,675.00,680.00
6626302649460766,20140531,685.00,692.00,444,4595156,3146996501.00,669.00,693.00,670.00,677.00
6626302649460766,20140601,670.00,679.00,227,2372568,1590599062.00,660.00,695.00,685.00,695.00
6626302649460766,20140602,671.00,676.00,186,1656956,1111822082.00,660.00,682.00,670.00,662.00
6626302649460766,20140603,670.00,675.00,154,1194962,801042077.00,663.00,682.00,671.00,673.00
6626302649460766,20140607,668.00,662.00,172,1191301,796289435.00,660.00,682.00,670.00,682.00
6626302649460766,20140608,668.00,668.00,134,1034764,691447454.00,661.00,677.00,668.00,662.00
6626302649460766,20140609,662.00,665.00,273,3477450,2300717206.00,650.00,676.00,668.00,670.00
6626302649460766,20140610,651.00,650.00,190,2195412,1430162353.00,645.00,667.00,662.00,662.00
6626302649460766,20140611,646.00,649.00,210,1624281,1049112195.00,635.00,660.00,651.00,660.00
6626302649460766,20140614,625.00,621.00,83,789983,493560982.00,621.00,656.00,646.00,656.00
6626302649460766,20140615,600.00,600.00,236,2748087,1649600678.00,600.00,610.00,625.00,600.00
6626302649460766,20140616,602.00,597.00,204,1847447,1112952742.00,582.00,618.00,600.00,582.00
6626302649460766,20140617,593.00,594.00,152,1228391,727892059.00,590.00,609.00,602.00,601.00
6626302649460766,20140618,602.00,616.00,237,2132548,1282784743.00,580.00,616.00,593.00,589.00
6626302649460766,20140621,623.00,626.00,226,2633423,1639881200.00,615.00,626.00,602.00,623.00
6626302649460766,20140622,626.00,614.00,176,1392225,871700627.00,606.00,640.00,623.00,640.00
6626302649460766,20140623,603.00,601.00,185,2264325,1365963210.00,601.00,619.00,626.00,619.00
6626302649460766,20140624,595.00,597.00,135,1181870,703247348.00,585.00,610.00,603.00,610.00
6626302649460766,20140625,582.00,578.00,168,1350195,786395032.00,577.00,605.00,595.00,583.00
6626302649460766,20140628,564.00,559.00,101,976721,551183127.00,559.00,580.00,582.00,578.00
6626302649460766,20140629,542.00,542.00,170,1683370,913068864.00,542.00,550.00,564.00,544.00
6626302649460766,20140630,524.00,521.00,292,2110529,1104994736.00,521.00,542.00,542.00,525.00
6626302649460766,20140701,535.00,544.00,181,2768919,1482343083.00,507.00,544.00,524.00,507.00
6626302649460766,20140702,553.00,556.00,39,434548,241608688.00,556.00,556.00,535.00,556.00
6626302649460766,20140705,564.00,575.00,23,250532,144055900.00,575.00,575.00,553.00,575.00
6626302649460766,20140706,575.00,566.00,357,4101377,2356464777.00,548.00,586.00,564.00,586.00
6626302649460766,20140707,574.00,580.00,175,2574208,1477556267.00,553.00,584.00,575.00,560.00
6626302649460766,20140708,593.00,596.00,115,2551617,1514301599.00,582.00,596.00,574.00,582.00
6626302649460766,20140709,615.00,616.00,327,4252248,2614601202.00,596.00,616.00,593.00,614.00
6626302649460766,20140712,602.00,591.00,583,4026205,2425256443.00,591.00,637.00,615.00,617.00
6626302649460766,20140713,581.00,580.00,155,1394569,809763221.00,578.00,601.00,602.00,581.00
6626302649460766,20140714,592.00,598.00,149,1244691,737436708.00,561.00,603.00,581.00,561.00
6626302649460766,20140715,591.00,590.00,115,1344728,794572526.00,586.00,600.00,592.00,591.00
6626302649460766,20140716,595.00,589.00,121,813127,484170330.00,576.00,607.00,591.00,576.00
6626302649460766,20140720,582.00,580.00,152,1077463,627403097.00,576.00,598.00,595.00,590.00
6626302649460766,20140721,602.00,605.00,186,2818624,1696766776.00,577.00,605.00,582.00,580.00
6626302649460766,20140722,626.00,626.00,131,2372961,1485449336.00,621.00,626.00,602.00,626.00
6626302649460766,20140723,651.00,651.00,72,1370052,891903852.00,651.00,651.00,626.00,651.00
6626302649460766,20140726,668.00,659.00,629,10117803,6758335263.00,651.00,677.00,651.00,677.00
6626302649460766,20140727,652.00,661.00,278,3092389,2014908606.00,643.00,664.00,668.00,652.00
6626302649460766,20140728,677.00,678.00,207,2960074,2004397710.00,670.00,678.00,652.00,677.00
6626302649460766,20140802,688.00,665.00,484,7777251,5351942650.00,655.00,704.00,677.00,704.00
6626302649460766,20140803,669.00,666.00,171,2325069,1555333676.00,661.00,680.00,688.00,680.00
6626302649460766,20140804,665.00,653.00,196,1545379,1027223610.00,651.00,680.00,669.00,662.00
6626302649460766,20140805,675.00,682.00,226,2288253,1544962703.00,653.00,685.00,665.00,653.00
6626302649460766,20140806,697.00,702.00,439,6505770,4536686535.00,673.00,702.00,675.00,673.00
6626302649460766,20140809,706.00,696.00,333,3719898,2627941354.00,690.00,718.00,697.00,705.00
6626302649460766,20140810,721.00,731.00,482,6022740,4343335001.00,688.00,734.00,706.00,696.00
6626302649460766,20140811,736.00,740.00,301,3248016,2389704109.00,716.00,745.00,721.00,716.00
6626302649460766,20140812,724.00,718.00,236,2022671,1464674743.00,711.00,747.00,736.00,736.00
6626302649460766,20140813,705.00,700.00,247,2778730,1957941834.00,699.00,710.00,724.00,702.00
6626302649460766,20140816,690.00,684.00,189,1513881,1045180124.00,680.00,718.00,705.00,710.00
6626302649460766,20140817,677.00,675.00,227,1728969,1169969239.00,669.00,690.00,690.00,680.00
6626302649460766,20140818,685.00,683.00,261,2627863,1798959492.00,665.00,696.00,677.00,665.00
6626302649460766,20140819,678.00,674.00,130,1450587,984163049.00,670.00,686.00,685.00,686.00
6626302649460766,20140820,687.00,690.00,219,2311386,1587828878.00,680.00,692.00,678.00,680.00
6626302649460766,20140823,680.00,679.00,211,1950029,1326968333.00,676.00,697.00,687.00,680.00
6626302649460766,20140824,662.00,662.00,351,3328409,2202649950.00,653.00,676.00,680.00,676.00
6626302649460766,20140825,651.00,653.00,274,3587778,2336110304.00,639.00,679.00,662.00,661.00
6626302649460766,20140826,672.00,677.00,298,4500942,3024453931.00,650.00,677.00,651.00,664.00
6626302649460766,20140827,676.00,675.00,206,1834100,1240612562.00,671.00,686.00,672.00,680.00
6626302649460766,20140830,653.00,651.00,147,1172476,765279962.00,650.00,683.00,676.00,683.00
6626302649460766,20140831,641.00,643.00,140,979933,627647300.00,634.00,664.00,653.00,664.00
6626302649460766,20140901,638.00,633.00,160,1042343,664833840.00,632.00,650.00,641.00,638.00
6626302649460766,20140902,633.00,627.00,162,1630695,1032156544.00,622.00,650.00,638.00,640.00
6626302649460766,20140903,627.00,627.00,162,1797377,1126771759.00,620.00,647.00,633.00,647.00
6626302649460766,20140906,619.00,618.00,146,1078995,667884067.00,616.00,629.00,627.00,623.00
6626302649460766,20140907,616.00,618.00,136,1178621,725816522.00,605.00,621.00,619.00,616.00
6626302649460766,20140908,627.00,629.00,170,1328957,832758496.00,610.00,630.00,616.00,610.00
6626302649460766,20140909,620.00,613.00,128,1219734,756168454.00,613.00,636.00,627.00,636.00
6626302649460766,20140910,610.00,600.00,150,1447228,882278954.00,600.00,623.00,620.00,616.00
6626302649460766,20140913,588.00,586.00,211,2426570,1427111796.00,586.00,602.00,610.00,596.00
6626302649460766,20140914,604.00,604.00,275,2942427,1778476706.00,580.00,611.00,588.00,580.00
6626302649460766,20140915,626.00,628.00,155,2217993,1387696364.00,611.00,628.00,604.00,618.00
6626302649460766,20140916,630.00,621.00,145,1289618,812091340.00,620.00,643.00,626.00,630.00
6626302649460766,20140917,610.00,609.00,150,1439240,878122370.00,606.00,629.00,630.00,629.00
6626302649460766,20140920,610.00,610.00,98,857733,523620894.00,599.00,620.00,610.00,619.00
6626302649460766,20140921,617.00,618.00,106,509323,314184908.00,601.00,627.00,610.00,601.00
6626302649460766,20140922,625.00,623.00,197,1938445,1211323275.00,610.00,634.00,617.00,610.00
6626302649460766,20140923,624.00,625.00,120,1147781,716694689.00,616.00,631.00,625.00,628.00
6626302649460766,20140924,630.00,631.00,126,983013,618983178.00,620.00,635.00,624.00,635.00
6626302649460766,20140927,610.00,609.00,129,1641341,1001565979.00,606.00,621.00,630.00,620.00
6626302649460766,20140928,615.00,619.00,127,1766547,1086613200.00,609.00,625.00,610.00,615.00
6626302649460766,20140929,608.00,610.00,83,1027319,624305007.00,601.00,619.00,615.00,619.00
6626302649460766,20140930,607.00,606.00,172,1505197,913155405.00,602.00,617.00,608.00,609.00
6626302649460766,20141001,606.00,608.00,130,979973,593774959.00,601.00,618.00,607.00,618.00
6626302649460766,20141004,608.00,605.00,133,1365531,830429118.00,603.00,616.00,606.00,606.00
6626302649460766,20141006,612.00,618.00,228,2826198,1729837350.00,603.00,620.00,608.00,605.00
6626302649460766,20141007,619.00,614.00,153,1746380,1081436757.00,612.00,625.00,612.00,619.00
6626302649460766,20141008,616.00,610.00,142,2387212,1471379846.00,610.00,621.00,619.00,619.00
6626302649460766,20141011,607.00,604.00,183,2748294,1667999411.00,602.00,621.00,616.00,616.00
6626302649460766,20141012,608.00,610.00,136,1322478,803839411.00,604.00,612.00,607.00,604.00
6626302649460766,20141014,612.00,616.00,242,2763858,1690600665.00,604.00,617.00,608.00,604.00
6626302649460766,20141015,634.00,636.00,414,6751443,4279458616.00,620.00,636.00,612.00,622.00
6626302649460766,20141018,659.00,659.00,141,2050000,1350950000.00,659.00,659.00,634.00,659.00
6626302649460766,20141019,675.00,678.00,722,10968656,7403409057.00,662.00,685.00,659.00,685.00
6626302649460766,20141020,696.00,690.00,886,12459818,8677526647.00,678.00,702.00,675.00,679.00
6626302649460766,20141021,700.00,705.00,843,12167355,8522036822.00,675.00,720.00,696.00,698.00
6626302649460766,20141022,688.00,680.00,349,5224195,3594751996.00,675.00,709.00,700.00,702.00
6626302649460766,20141025,677.00,680.00,267,3911657,2649881686.00,665.00,700.00,688.00,689.00
6626302649460766,20141026,660.00,659.00,235,2586709,1708204008.00,650.00,680.00,677.00,666.00
6626302649460766,20141027,659.00,658.00,252,3255159,2145950303.00,651.00,669.00,660.00,658.00
6626302649460766,20141028,677.00,685.00,394,7151251,4837984424.00,653.00,685.00,659.00,667.00
6626302649460766,20141029,703.00,704.00,505,6285292,4415896058.00,690.00,704.00,677.00,695.00
6626302649460766,20141101,728.00,731.00,208,3074457,2239044581.00,719.00,731.00,703.00,720.00
6626302649460766,20141102,744.00,750.00,1579,23211990,17269828977.00,700.00,757.00,728.00,753.00
6626302649460766,20141105,769.00,773.00,508,8177267,6285062346.00,740.00,773.00,744.00,747.00
6626302649460766,20141108,787.00,778.00,1103,16392744,12904449330.00,751.00,799.00,769.00,799.00
6626302649460766,20141109,783.00,798.00,477,6867324,5378759303.00,764.00,799.00,787.00,794.00
6626302649460766,20141110,776.00,778.00,468,6325181,4907568307.00,769.00,799.00,783.00,799.00
6626302649460766,20141111,803.00,807.00,434,7410268,5950048498.00,765.00,807.00,776.00,772.00
6626302649460766,20141112,835.00,835.00,154,2093209,1747829515.00,835.00,835.00,803.00,835.00
6626302649460766,20141115,824.00,833.00,1306,13833597,11392495601.00,802.00,858.00,835.00,835.00
6626302649460766,20141116,825.00,829.00,563,5756634,4749503365.00,810.00,843.00,824.00,825.00
6626302649460766,20141117,825.00,822.00,465,4979038,4107196038.00,803.00,840.00,825.00,803.00
6626302649460766,20141118,797.00,805.00,562,6786695,5412158617.00,792.00,829.00,825.00,820.00
6626302649460766,20141119,792.00,785.00,326,3574298,2832504791.00,778.00,819.00,797.00,797.00
6626302649460766,20141122,778.00,767.00,387,3308823,2575465497.00,766.00,795.00,792.00,789.00
6626302649460766,20141123,781.00,778.00,391,4492762,3508860224.00,767.00,795.00,778.00,780.00
6626302649460766,20141124,801.00,794.00,505,5787115,4632746901.00,790.00,812.00,781.00,798.00
6626302649460766,20141125,769.00,769.00,66,991456,762429664.00,769.00,769.00,801.00,769.00
6626302649460766,20141126,742.00,751.00,496,5797204,4301688611.00,739.00,769.00,769.00,739.00
6626302649460766,20141129,728.00,713.00,400,5078690,3695651264.00,713.00,767.00,742.00,748.00
6626302649460766,20141130,699.00,699.00,66,670332,468879808.00,699.00,705.00,728.00,701.00
6626302649460766,20141201,681.00,675.00,353,3426919,2332717196.00,672.00,714.00,699.00,672.00
6626302649460766,20141202,679.00,668.00,308,3125505,2123562125.00,668.00,695.00,681.00,695.00
6626302649460766,20141203,666.00,669.00,397,4346215,2894382289.00,655.00,688.00,679.00,686.00
6626302649460766,20141206,668.00,669.00,217,2044936,1366078328.00,653.00,675.00,666.00,670.00
6626302649460766,20141207,656.00,664.00,240,2637377,1730649194.00,649.00,672.00,668.00,669.00
6626302649460766,20141208,679.00,682.00,242,2374421,1613201078.00,659.00,682.00,656.00,677.00
6626302649460766,20141209,694.00,684.00,256,2593108,1800216429.00,680.00,704.00,679.00,701.00
6626302649460766,20141210,674.00,673.00,139,1245061,838858572.00,669.00,690.00,694.00,690.00
6626302649460766,20141214,651.00,648.00,182,2411885,1570055358.00,648.00,670.00,674.00,670.00
6626302649460766,20141215,626.00,630.00,254,3601613,2252821222.00,625.00,634.00,651.00,625.00
6626302649460766,20141216,637.00,629.00,242,2507459,1598386428.00,614.00,649.00,626.00,614.00
6626302649460766,20141217,618.00,622.00,171,2015673,1246108703.00,612.00,646.00,637.00,646.00
6626302649460766,20141220,636.00,640.00,254,3969684,2524537718.00,612.00,642.00,618.00,612.00
6626302649460766,20141222,658.00,661.00,78,1204486,793072880.00,640.00,661.00,636.00,640.00
6626302649460766,20141224,654.00,650.00,196,2031125,1328032882.00,642.00,670.00,658.00,670.00
6626302649460766,20141227,642.00,645.00,93,1013398,650138261.00,631.00,662.00,654.00,662.00
6626302649460766,20141228,652.00,653.00,161,1384782,903436421.00,641.00,657.00,642.00,641.00
6626302649460766,20141229,651.00,652.00,130,1098499,715463593.00,642.00,669.00,652.00,669.00
6626302649460766,20141230,648.00,643.00,79,663679,430314684.00,641.00,657.00,651.00,643.00
6626302649460766,20141231,632.00,633.00,114,868785,549266306.00,627.00,658.00,648.00,658.00
6626302649460766,20150103,633.00,636.00,119,1215725,769519063.00,629.00,645.00,632.00,633.00
6626302649460766,20150104,634.00,640.00,122,1288741,817366629.00,630.00,640.00,633.00,636.00
6626302649460766,20150105,632.00,630.00,81,1083053,684007055.00,626.00,640.00,634.00,630.00
6626302649460766,20150106,620.00,614.00,223,2028391,1256908703.00,610.00,630.00,632.00,625.00
6626302649460766,20150107,610.00,608.00,163,1213637,740002645.00,603.00,615.00,620.00,610.00
6626302649460766,20150110,588.00,586.00,122,1462682,859963827.00,586.00,604.00,610.00,603.00
6626302649460766,20150111,570.00,586.00,232,2721265,1550964523.00,565.00,588.00,588.00,568.00
6626302649460766,20150112,592.00,592.00,126,2874031,1700837954.00,586.00,592.00,570.00,586.00
6626302649460766,20150113,601.00,610.00,357,4354257,2616067635.00,570.00,615.00,592.00,615.00
6626302649460766,20150114,605.00,595.00,202,2254207,1362918624.00,590.00,615.00,601.00,605.00
6626302649460766,20150117,614.00,610.00,159,1708065,1047998949.00,605.00,620.00,605.00,605.00
6626302649460766,20150118,594.00,590.00,202,1656418,984620496.00,590.00,610.00,614.00,610.00
6626302649460766,20150119,573.00,571.00,172,2117212,1213655387.00,571.00,583.00,594.00,582.00
6626302649460766,20150120,556.00,559.00,217,2122201,1180108136.00,551.00,589.00,573.00,560.00
6626302649460766,20150121,536.00,544.00,323,3808642,2042488003.00,534.00,555.00,556.00,555.00
6626302649460766,20150124,522.00,535.00,159,1944134,1015288949.00,515.00,549.00,536.00,549.00
6626302649460766,20150125,541.00,542.00,202,1780889,964000438.00,530.00,542.00,522.00,530.00
6626302649460766,20150126,543.00,548.00,99,1189260,646133779.00,533.00,554.00,541.00,554.00
6626302649460766,20150127,558.00,564.00,154,1636699,913471277.00,541.00,564.00,543.00,551.00
6626302649460766,20150128,577.00,580.00,186,2244427,1296146039.00,560.00,580.00,558.00,569.00
6626302649460766,20150131,597.00,600.00,99,1038112,619498450.00,575.00,600.00,577.00,598.00
6626302649460766,20150201,595.00,587.00,274,3133079,1864589845.00,580.00,617.00,597.00,617.00
6626302649460766,20150202,594.00,595.00,171,1523246,904496019.00,574.00,610.00,595.00,580.00
6626302649460766,20150203,598.00,599.00,187,1751319,1047720618.00,586.00,610.00,594.00,600.00
6626302649460766,20150204,620.00,621.00,390,6717021,4164958914.00,601.00,621.00,598.00,610.00
6626302649460766,20150207,641.00,636.00,298,3443088,2207268365.00,623.00,644.00,620.00,623.00
6626302649460766,20150208,620.00,616.00,349,3106858,1927751248.00,616.00,640.00,641.00,640.00
6626302649460766,20150209,599.00,596.00,70,791600,474091509.00,596.00,617.00,620.00,600.00
6626302649460766,20150210,595.00,610.00,149,1755069,1044183944.00,578.00,610.00,599.00,579.00
6626302649460766,20150214,598.00,580.00,162,2484937,1484851524.00,580.00,614.00,595.00,610.00
6626302649460766,20150215,591.00,590.00,141,1150034,679594356.00,582.00,599.00,598.00,582.00
6626302649460766,20150216,596.00,596.00,202,2612150,1558116671.00,590.00,610.00,591.00,600.00
6626302649460766,20150217,592.00,581.00,151,1577268,933586633.00,581.00,608.00,596.00,595.00
6626302649460766,20150218,583.00,582.00,112,945326,550913554.00,580.00,596.00,592.00,596.00
6626302649460766,20150221,596.00,606.00,185,13259344,7897916398.00,590.00,606.00,583.00,590.00
6626302649460766,20150222,606.00,601.00,169,2088650,1265996240.00,598.00,614.00,596.00,614.00
6626302649460766,20150223,593.00,589.00,139,1797588,1066153193.00,585.00,608.00,606.00,608.00
6626302649460766,20150224,591.00,587.00,111,696304,411475931.00,587.00,605.00,593.00,605.00
6626302649460766,20150225,581.00,576.00,95,756837,438369100.00,575.00,595.00,591.00,590.00
6626302649460766,20150228,576.00,570.00,83,888448,511490971.00,570.00,591.00,581.00,570.00
6626302649460766,20150301,583.00,592.00,178,1930445,1124783185.00,567.00,596.00,576.00,567.00
6626302649460766,20150302,596.00,596.00,119,1342349,799681741.00,585.00,604.00,583.00,585.00
6626302649460766,20150303,590.00,590.00,124,1591561,938306226.00,588.00,598.00,596.00,590.00
6626302649460766,20150304,603.00,609.00,244,3438307,2072146822.00,588.00,612.00,590.00,598.00
6626302649460766,20150307,582.00,579.00,454,7716420,4487784639.00,579.00,603.00,603.00,601.00
6626302649460766,20150308,582.00,579.00,80,691888,402372843.00,572.00,592.00,582.00,579.00
6626302649460766,20150309,578.00,575.00,116,743684,429383646.00,575.00,589.00,582.00,582.00
6626302649460766,20150310,566.00,570.00,145,1107856,627266122.00,559.00,583.00,578.00,583.00
6626302649460766,20150311,572.00,572.00,92,749148,428673772.00,570.00,580.00,566.00,580.00
6626302649460766,20150314,592.00,594.00,225,2725225,1614133452.00,565.00,594.00,572.00,565.00
6626302649460766,20150315,592.00,596.00,366,3351292,1984377101.00,580.00,610.00,592.00,600.00
6626302649460766,20150316,589.00,591.00,132,1970293,1161466951.00,581.00,599.00,592.00,595.00
6626302649460766,20150317,576.00,579.00,119,1155491,665598696.00,570.00,585.00,589.00,582.00
6626302649460766,20150318,598.00,599.00,198,2219564,1326889509.00,585.00,599.00,576.00,585.00
6626302649460766,20150325,598.00,600.00,96,976080,583528510.00,590.00,605.00,598.00,605.00
6626302649460766,20150328,614.00,621.00,314,3949037,2424845632.00,595.00,621.00,598.00,601.00
6626302649460766,20150329,638.00,630.00,163,2548863,1625506072.00,630.00,638.00,614.00,636.00
6626302649460766,20150330,619.00,613.00,311,3549589,2195652950.00,613.00,640.00,638.00,630.00
6626302649460766,20150331,612.00,615.00,197,1912043,1171067336.00,600.00,622.00,619.00,614.00
6626302649460766,20150404,617.00,636.00,9,156832,99745152.00,636.00,636.00,612.00,636.00
6626302649460766,20150405,641.00,641.00,27,1008798,646639518.00,641.00,641.00,617.00,641.00
6626302649460766,20150406,663.00,660.00,1086,19263622,12766216543.00,642.00,666.00,641.00,666.00
6626302649460766,20150407,646.00,637.00,426,4410389,2847852795.00,637.00,664.00,663.00,657.00
6626302649460766,20150408,662.00,671.00,483,7596717,5026804945.00,623.00,671.00,646.00,645.00
6626302649460766,20150411,672.00,676.00,441,5892578,3960512164.00,661.00,681.00,662.00,680.00
6626302649460766,20150412,651.00,646.00,339,4976381,3238780362.00,646.00,679.00,672.00,679.00
6626302649460766,20150413,638.00,630.00,359,4508496,2877247340.00,625.00,660.00,651.00,650.00
6626302649460766,20150414,616.00,619.00,1030,14710377,9058375309.00,613.00,648.00,638.00,644.00
6626302649460766,20150415,616.00,619.00,0,0,0.00,0.00,0.00,616.00,0.00
6626302649460766,20150418,616.00,619.00,0,0,0.00,0.00,0.00,616.00,0.00
6626302649460766,20150419,636.00,631.00,489,5890290,3744164715.00,620.00,659.00,616.00,641.00
6626302649460766,20150420,617.00,612.00,191,2371365,1464051415.00,611.00,644.00,636.00,638.00
6626302649460766,20150421,607.00,605.00,251,2441365,1482883641.00,596.00,627.00,617.00,610.00
6626302649460766,20150422,614.00,611.00,164,1623689,996745311.00,607.00,620.00,607.00,615.00
6626302649460766,20150425,626.00,620.00,225,2146668,1344241166.00,620.00,632.00,614.00,626.00
6626302649460766,20150426,614.00,615.00,147,2256050,1384532306.00,606.00,629.00,626.00,629.00
6626302649460766,20150427,602.00,597.00,123,1274723,766796321.00,597.00,610.00,614.00,610.00
6626302649460766,20150428,601.00,603.00,246,2906668,1748115925.00,595.00,613.00,602.00,595.00
6626302649460766,20150429,612.00,611.00,113,965079,590735631.00,606.00,619.00,601.00,619.00
6626302649460766,20150503,611.00,607.00,206,2333235,1426470109.00,599.00,627.00,612.00,612.00
6626302649460766,20150504,590.00,597.00,217,3347258,1975985645.00,587.00,613.00,611.00,609.00
6626302649460766,20150505,594.00,596.00,126,1400492,832098856.00,580.00,602.00,590.00,580.00
6626302649460766,20150506,602.00,600.00,214,1761559,1059944463.00,590.00,609.00,594.00,604.00
6626302649460766,20150509,597.00,596.00,312,4985033,2976719560.00,578.00,611.00,602.00,600.00
6626302649460766,20150510,586.00,590.00,153,1640500,962128083.00,576.00,599.00,597.00,585.00
6626302649460766,20150511,592.00,590.00,192,1379926,817430394.00,579.00,599.00,586.00,579.00
6626302649460766,20150512,600.00,607.00,232,1748463,1049195709.00,590.00,609.00,592.00,590.00
6626302649460766,20150513,620.00,624.00,220,3033222,1880647354.00,607.00,624.00,600.00,610.00
6626302649460766,20150517,614.00,609.00,494,3341757,2050656213.00,600.00,639.00,620.00,630.00
6626302649460766,20150518,619.00,622.00,397,3599235,2228812985.00,598.00,630.00,614.00,610.00
6626302649460766,20150519,640.00,643.00,787,10818908,6922548333.00,612.00,643.00,619.00,612.00
6626302649460766,20150520,661.00,665.00,775,12025221,7947468815.00,641.00,665.00,640.00,652.00
6626302649460766,20150523,670.00,669.00,988,11236346,7523005295.00,642.00,685.00,661.00,669.00
6626302649460766,20150524,666.00,662.00,350,4715733,3142067182.00,651.00,683.00,670.00,660.00
6626302649460766,20150525,653.00,657.00,451,4921660,3215954797.00,640.00,672.00,666.00,665.00
6626302649460766,20150526,638.00,637.00,433,4899409,3124087310.00,621.00,657.00,653.00,656.00
6626302649460766,20150527,626.00,637.00,143,1940380,1214897950.00,621.00,640.00,638.00,622.00
6626302649460766,20150530,635.00,632.00,259,3337811,2118595727.00,623.00,640.00,626.00,640.00
6626302649460766,20150531,636.00,636.00,86,788736,501315616.00,627.00,645.00,635.00,645.00
6626302649460766,20150601,640.00,640.00,136,972794,622784648.00,625.00,646.00,636.00,627.00
6626302649460766,20150602,643.00,648.00,219,2267023,1456705869.00,638.00,648.00,640.00,648.00
6626302649460766,20150606,642.00,632.00,75,896395,575617234.00,632.00,656.00,643.00,652.00
6626302649460766,20150607,621.00,619.00,200,2947942,1830997958.00,618.00,640.00,642.00,625.00
6626302649460766,20150608,599.00,600.00,319,4595726,2753047611.00,590.00,624.00,621.00,624.00
6626302649460766,20150609,575.00,583.00,342,5131900,2951216897.00,570.00,609.00,599.00,599.00
6626302649460766,20150610,588.00,595.00,165,2003996,1178864274.00,577.00,598.00,575.00,577.00
6626302649460766,20150613,602.00,608.00,154,1379306,829704632.00,585.00,610.00,588.00,585.00
6626302649460766,20150614,600.00,599.00,244,2402770,1442157114.00,590.00,615.00,602.00,612.00
6626302649460766,20150615,595.00,588.00,67,771804,459180546.00,582.00,606.00,600.00,606.00
6626302649460766,20150616,591.00,603.00,521,4443499,2625600523.00,583.00,603.00,595.00,594.00
6626302649460766,20150617,619.00,620.00,349,6355764,3931899825.00,609.00,620.00,591.00,609.00
6626302649460766,20150620,624.00,619.00,293,3507897,2190659672.00,611.00,642.00,619.00,630.00
6626302649460766,20150621,620.00,619.00,158,1708943,1059417504.00,611.00,631.00,624.00,628.00
6626302649460766,20150622,629.00,624.00,228,2920882,1836594531.00,614.00,635.00,620.00,614.00
6626302649460766,20150623,635.00,640.00,250,3075446,1951539245.00,621.00,641.00,629.00,621.00
6626302649460766,20150624,629.00,630.00,247,3531589,2223002946.00,620.00,645.00,635.00,645.00
6626302649460766,20150627,625.00,620.00,198,2510499,1568662149.00,616.00,640.00,629.00,620.00
6626302649460766,20150628,604.00,599.00,349,4044162,2440694743.00,596.00,620.00,625.00,618.00
6626302649460766,20150629,606.00,610.00,150,1804192,1094005792.00,600.00,619.00,604.00,600.00
6626302649460766,20150630,629.00,636.00,425,4926927,3097084513.00,600.00,636.00,606.00,620.00
6626302649460766,20150701,634.00,627.00,222,2859611,1812357114.00,623.00,650.00,629.00,639.00
6626302649460766,20150704,660.00,665.00,585,8678983,5728993162.00,634.00,665.00,634.00,634.00
6626302649460766,20150705,653.00,657.00,428,3878686,2532177956.00,640.00,669.00,660.00,666.00
6626302649460766,20150706,656.00,660.00,357,4311542,2830063680.00,640.00,670.00,653.00,659.00
6626302649460766,20150707,676.00,683.00,455,6305389,4260831338.00,660.00,685.00,656.00,660.00
6626302649460766,20150711,663.00,664.00,259,2985951,1979018739.00,645.00,674.00,676.00,659.00
6626302649460766,20150712,678.00,677.00,299,3301718,2238835640.00,661.00,687.00,663.00,670.00
6626302649460766,20150713,706.00,711.00,174,2256891,1593678454.00,691.00,711.00,678.00,699.00
6626302649460766,20150714,724.00,715.00,670,8823012,6383811370.00,687.00,741.00,706.00,741.00
6626302649460766,20150715,693.00,688.00,183,2564414,1775934042.00,688.00,739.00,724.00,739.00
6626302649460766,20150719,693.00,688.00,0,0,0.00,0.00,0.00,693.00,0.00
6626302649460766,20150720,662.00,659.00,92,1460545,967105786.00,659.00,680.00,693.00,680.00
6626302649460766,20150721,645.00,642.00,388,3676071,2371547346.00,631.00,673.00,662.00,659.00
6626302649460766,20150722,633.00,631.00,176,2113447,1336820820.00,629.00,650.00,645.00,648.00
6626302649460766,20150725,608.00,614.00,338,4886651,2973348941.00,602.00,630.00,633.00,630.00
6626302649460766,20150726,621.00,630.00,333,4073204,2528406897.00,605.00,630.00,608.00,605.00
6626302649460766,20150727,632.00,630.00,217,2062281,1304244591.00,621.00,648.00,621.00,633.00
6626302649460766,20150728,642.00,646.00,172,2306591,1481375283.00,621.00,649.00,632.00,621.00
6626302649460766,20150729,649.00,650.00,261,3249095,2107785430.00,638.00,654.00,642.00,648.00
6626302649460766,20150801,643.00,635.00,185,2754757,1770499608.00,635.00,659.00,649.00,654.00
6626302649460766,20150802,621.00,622.00,259,3000159,1863246632.00,616.00,629.00,643.00,627.00
6626302649460766,20150803,640.00,643.00,315,3964798,2539415773.00,630.00,648.00,621.00,630.00
6626302649460766,20150804,638.00,640.00,127,1389903,886561572.00,632.00,643.00,640.00,642.00
6626302649460766,20150805,628.00,624.00,149,1521121,955430309.00,622.00,642.00,638.00,632.00
6626302649460766,20150808,649.00,659.00,663,10562436,6854532774.00,617.00,659.00,628.00,623.00
6626302649460766,20150809,658.00,653.00,381,4268626,2809139446.00,641.00,670.00,649.00,660.00
6626302649460766,20150810,644.00,636.00,158,1553585,1000661474.00,636.00,659.00,658.00,640.00
6626302649460766,20150812,633.00,639.00,117,1013090,641126887.00,627.00,647.00,644.00,631.00
6626302649460766,20150815,626.00,630.00,156,1287585,805987332.00,622.00,635.00,633.00,628.00
6626302649460766,20150816,629.00,630.00,104,1098120,690983493.00,623.00,641.00,626.00,623.00
6626302649460766,20150817,623.00,623.00,126,1271082,792346620.00,621.00,630.00,629.00,630.00
6626302649460766,20150818,619.00,618.00,88,1005241,622683682.00,615.00,636.00,623.00,620.00
6626302649460766,20150819,618.00,620.00,157,1917005,1184498595.00,614.00,625.00,619.00,616.00
6626302649460766,20150822,626.00,619.00,138,1071393,670627986.00,615.00,635.00,618.00,615.00
6626302649460766,20150823,622.00,619.00,103,1111585,690877583.00,615.00,629.00,626.00,629.00
6626302649460766,20150824,620.00,620.00,91,1076251,667147302.00,617.00,628.00,622.00,628.00
6626302649460766,20150825,614.00,612.00,167,1986592,1219258502.00,610.00,620.00,620.00,619.00
6626302649460766,20150826,614.00,612.00,111,1004606,617188961.00,610.00,620.00,614.00,615.00
6626302649460766,20150829,621.00,625.00,50,516947,322775093.00,613.00,629.00,614.00,613.00
6626302649460766,20150830,618.00,620.00,83,641085,395601914.00,615.00,620.00,621.00,615.00
6626302649460766,20150831,621.00,619.00,134,1155376,717505112.00,615.00,630.00,618.00,616.00
6626302649460766,20150901,620.00,619.00,115,1215580,753851810.00,618.00,626.00,621.00,621.00
6626302649460766,20150902,620.00,622.00,123,1286396,796993751.00,617.00,624.00,620.00,620.00
6626302649460766,20150905,634.00,635.00,187,2471971,1567031714.00,623.00,640.00,620.00,623.00
6626302649460766,20150906,630.00,625.00,131,1319490,831717421.00,625.00,640.00,634.00,640.00
6626302649460766,20150907,625.00,624.00,86,505664,314795361.00,621.00,637.00,630.00,637.00
6626302649460766,20150908,627.00,626.00,98,798586,500645176.00,625.00,635.00,625.00,627.00
6626302649460766,20150909,625.00,629.00,157,1548713,968358138.00,620.00,633.00,627.00,625.00
6626302649460766,20150912,626.00,625.00,92,828327,518170142.00,621.00,635.00,625.00,633.00
6626302649460766,20150913,613.00,613.00,117,1083247,664235921.00,611.00,620.00,626.00,620.00
6626302649460766,20150914,609.00,609.00,143,1086703,662319800.00,608.00,618.00,613.00,613.00
6626302649460766,20150915,608.00,612.00,125,949406,576977461.00,603.00,614.00,609.00,613.00
6626302649460766,20150916,601.00,609.00,244,1828002,1098008664.00,590.00,609.00,608.00,605.00
6626302649460766,20150919,612.00,610.00,96,1074397,657154202.00,604.00,615.00,601.00,604.00
6626302649460766,20150920,599.00,599.00,219,2131358,1275781777.00,590.00,610.00,612.00,601.00
6626302649460766,20150921,594.00,607.00,148,2092502,1243612608.00,587.00,608.00,599.00,600.00
6626302649460766,20150922,614.00,616.00,166,1780224,1093283866.00,596.00,623.00,594.00,604.00
6626302649460766,20150923,620.00,616.00,174,1188428,736754785.00,608.00,629.00,614.00,608.00
6626302649460766,20150926,602.00,603.00,105,996554,600299852.00,598.00,616.00,620.00,612.00
6626302649460766,20150927,599.00,600.00,120,1101180,660027694.00,594.00,610.00,602.00,600.00
6626302649460766,20150928,608.00,616.00,112,1629339,991125249.00,600.00,619.00,599.00,600.00
6626302649460766,20150929,603.00,601.00,117,1605988,968903255.00,600.00,616.00,608.00,612.00
6626302649460766,20150930,597.00,600.00,87,719346,428984095.00,591.00,615.00,603.00,615.00
6626302649460766,20151003,590.00,581.00,109,926541,546561007.00,581.00,604.00,597.00,595.00
6626302649460766,20151004,590.00,598.00,217,2206050,1301972616.00,580.00,603.00,590.00,600.00
6626302649460766,20151005,591.00,593.00,54,416516,246562370.00,590.00,601.00,590.00,601.00
6626302649460766,20151006,585.00,590.00,127,1218321,712522138.00,578.00,599.00,591.00,592.00
6626302649460766,20151007,584.00,586.00,69,658590,384570942.00,580.00,590.00,585.00,585.00
6626302649460766,20151010,581.00,580.00,100,674363,391413317.00,576.00,590.00,584.00,580.00
6626302649460766,20151011,584.00,585.00,125,1701246,992865248.00,575.00,590.00,581.00,575.00
6626302649460766,20151012,598.00,594.00,125,1339358,800375540.00,588.00,605.00,584.00,591.00
6626302649460766,20151013,591.00,595.00,164,2750336,1626143899.00,587.00,601.00,598.00,601.00
6626302649460766,20151014,602.00,595.00,264,3310273,1992169811.00,590.00,610.00,591.00,600.00
6626302649460766,20151017,614.00,615.00,329,4491015,2758525561.00,594.00,627.00,602.00,594.00
6626302649460766,20151018,605.00,604.00,194,2081855,1259461400.00,595.00,625.00,614.00,613.00
6626302649460766,20151019,598.00,597.00,109,1189173,710734433.00,591.00,605.00,605.00,600.00
6626302649460766,20151020,587.00,582.00,175,2540316,1490470591.00,581.00,599.00,598.00,595.00
6626302649460766,20151021,589.00,590.00,86,936433,551386705.00,586.00,597.00,587.00,587.00
6626302649460766,20151025,578.00,576.00,159,2073208,1198311305.00,575.00,595.00,589.00,582.00
6626302649460766,20151026,580.00,582.00,97,829321,480889718.00,578.00,586.00,578.00,578.00
6626302649460766,20151027,598.00,607.00,243,3875838,2316279569.00,585.00,608.00,580.00,585.00
6626302649460766,20151028,594.00,602.00,93,897739,533269497.00,590.00,605.00,598.00,601.00
6626302649460766,20151031,593.00,593.00,72,824042,488620451.00,589.00,603.00,594.00,593.00
6626302649460766,20151101,589.00,588.00,77,818805,482300297.00,586.00,600.00,593.00,586.00
6626302649460766,20151102,583.00,592.00,204,3106089,1811231625.00,580.00,600.00,589.00,599.00
6626302649460766,20151103,585.00,583.00,122,1405319,822215683.00,581.00,594.00,583.00,584.00
6626302649460766,20151104,585.00,583.00,111,1315718,769973264.00,582.00,591.00,585.00,583.00
6626302649460766,20151107,582.00,586.00,146,2089338,1216191855.00,580.00,590.00,585.00,581.00
6626302649460766,20151108,584.00,587.00,94,722924,422464754.00,579.00,590.00,582.00,582.00
6626302649460766,20151109,586.00,586.00,104,1055296,618706996.00,582.00,590.00,584.00,584.00
6626302649460766,20151110,587.00,590.00,134,1882549,1104829869.00,581.00,592.00,586.00,590.00
6626302649460766,20151111,580.00,582.00,140,1780661,1032691061.00,570.00,594.00,587.00,592.00
6626302649460766,20151114,580.00,580.00,65,561944,325845417.00,578.00,588.00,580.00,580.00
6626302649460766,20151115,576.00,578.00,129,958524,552546621.00,573.00,587.00,580.00,587.00
6626302649460766,20151116,573.00,571.00,166,1633842,936527540.00,570.00,580.00,576.00,575.00
6626302649460766,20151117,570.00,570.00,174,1667180,950450267.00,567.00,579.00,573.00,570.00
6626302649460766,20151118,593.00,598.00,384,5902782,3502905933.00,570.00,598.00,570.00,570.00
6626302649460766,20151121,606.00,602.00,636,8129754,4925245203.00,588.00,617.00,593.00,600.00
6626302649460766,20151122,602.00,598.00,175,2616472,1575384566.00,595.00,613.00,606.00,610.00
6626302649460766,20151123,592.00,589.00,155,1360138,805255041.00,588.00,600.00,602.00,591.00
6626302649460766,20151124,587.00,580.00,109,704875,412655632.00,580.00,598.00,592.00,598.00
6626302649460766,20151125,583.00,583.00,74,508507,295374038.00,580.00,590.00,587.00,583.00
6626302649460766,20151128,574.00,576.00,232,2124715,1220502026.00,571.00,581.00,583.00,581.00
6626302649460766,20151129,582.00,586.00,126,797123,463988792.00,577.00,590.00,574.00,590.00
6626302649460766,20151130,588.00,590.00,108,881107,518309570.00,581.00,590.00,582.00,581.00
6626302649460766,20151201,585.00,584.00,77,330594,191566544.00,576.00,590.00,588.00,590.00
6626302649460766,20151205,584.00,580.00,65,416759,242529161.00,578.00,588.00,585.00,583.00
6626302649460766,20151206,578.00,574.00,133,1207459,698053628.00,574.00,582.00,584.00,580.00
6626302649460766,20151207,576.00,576.00,95,646070,371479979.00,570.00,582.00,578.00,580.00
6626302649460766,20151208,574.00,576.00,74,460030,263578621.00,569.00,581.00,576.00,576.00
6626302649460766,20151209,571.00,578.00,121,1160957,662352760.00,565.00,580.00,574.00,570.00
6626302649460766,20151213,568.00,565.00,136,1369789,778142448.00,565.00,578.00,571.00,574.00
6626302649460766,20151214,566.00,570.00,198,2274752,1286452457.00,561.00,579.00,568.00,570.00
6626302649460766,20151215,572.00,574.00,111,1326422,758736884.00,569.00,578.00,566.00,573.00
6626302649460766,20151216,568.00,565.00,187,2278446,1293274833.00,561.00,584.00,572.00,580.00
6626302649460766,20151219,544.00,547.00,462,6211797,3377598092.00,540.00,570.00,568.00,570.00
6626302649460766,20151220,529.00,532.00,172,1894147,1002624996.00,522.00,548.00,544.00,523.00
6626302649460766,20151221,537.00,544.00,123,1036462,556925793.00,530.00,544.00,529.00,530.00
6626302649460766,20151222,540.00,549.00,114,916355,494644704.00,534.00,549.00,537.00,549.00
6626302649460766,20151223,543.00,543.00,127,796911,432949704.00,540.00,549.00,540.00,540.00
6626302649460766,20151226,537.00,539.00,128,1518576,814809599.00,530.00,540.00,543.00,540.00
6626302649460766,20151227,545.00,550.00,130,1830034,997775899.00,531.00,555.00,537.00,533.00
6626302649460766,20151228,544.00,548.00,113,936132,509105460.00,540.00,553.00,545.00,550.00
6626302649460766,20151230,560.00,565.00,232,2885842,1614807406.00,541.00,568.00,544.00,541.00
6626302649460766,20160102,554.00,549.00,141,1201655,665213311.00,548.00,565.00,560.00,565.00
6626302649460766,20160103,548.00,552.00,150,1881098,1031217734.00,540.00,556.00,554.00,550.00
6626302649460766,20160104,570.00,568.00,455,7000489,3989686356.00,545.00,575.00,548.00,549.00
6626302649460766,20160105,586.00,592.00,514,7387561,4332205177.00,562.00,596.00,570.00,572.00
6626302649460766,20160106,599.00,605.00,524,7694415,4611522410.00,582.00,608.00,586.00,590.00
6626302649460766,20160109,581.00,574.00,317,3647188,2119607077.00,572.00,602.00,599.00,595.00
6626302649460766,20160110,573.00,570.00,294,5085680,2913797005.00,560.00,583.00,581.00,578.00
6626302649460766,20160111,585.00,587.00,276,3186418,1864373263.00,575.00,590.00,573.00,584.00
6626302649460766,20160112,585.00,585.00,279,3711977,2172062773.00,576.00,600.00,585.00,588.00
6626302649460766,20160113,609.00,614.00,570,10790018,6574770471.00,576.00,614.00,585.00,583.00
6626302649460766,20160116,636.00,639.00,612,10221462,6503734821.00,622.00,639.00,609.00,639.00
6626302649460766,20160117,635.00,620.00,646,11662111,7402499611.00,611.00,666.00,636.00,660.00
6626302649460766,20160118,609.00,620.00,355,5787288,3525715611.00,604.00,629.00,635.00,620.00
6626302649460766,20160119,627.00,631.00,332,3531297,2215196543.00,601.00,635.00,609.00,601.00
6626302649460766,20160120,622.00,630.00,395,6003407,3735960585.00,610.00,640.00,627.00,633.00
6626302649460766,20160123,649.00,653.00,592,12030851,7812170245.00,615.00,653.00,622.00,634.00
6626302649460766,20160124,678.00,681.00,307,6254842,4243689627.00,660.00,681.00,649.00,666.00
6626302649460766,20160125,679.00,679.00,814,11761710,7986909703.00,664.00,692.00,678.00,692.00
6626302649460766,20160126,699.00,712.00,1103,20425120,14278514609.00,670.00,712.00,679.00,670.00
6626302649460766,20160127,727.00,726.00,1437,27707533,20151565073.00,690.00,733.00,699.00,733.00
6626302649460766,20160130,762.00,763.00,350,6162038,4693957940.00,742.00,763.00,727.00,742.00
6626302649460766,20160131,794.00,800.00,1005,19618419,15583601554.00,773.00,800.00,762.00,800.00
6626302649460766,20160201,833.00,833.00,198,6585240,5485504920.00,833.00,833.00,794.00,833.00
6626302649460766,20160202,873.00,874.00,1591,32687269,28521649225.00,854.00,874.00,833.00,874.00
6626302649460766,20160203,849.00,858.00,1716,25483856,21623397291.00,830.00,887.00,873.00,887.00
6626302649460766,20160206,884.00,891.00,1133,19469601,17213150135.00,855.00,891.00,849.00,864.00
6626302649460766,20160207,924.00,928.00,525,6740779,6229091323.00,905.00,928.00,884.00,919.00
6626302649460766,20160208,964.00,970.00,292,4113883,3966897962.00,940.00,970.00,924.00,960.00
6626302649460766,20160209,1006.00,960.00,1268,22733500,22879723178.00,960.00,1012.00,964.00,1012.00
6626302649460766,20160210,1038.00,1040.00,1288,18834529,19553353838.00,960.00,1056.00,1006.00,980.00
6626302649460766,20160213,1070.00,1089.00,1615,24664060,26399286491.00,1001.00,1089.00,1038.00,1030.00
6626302649460766,20160214,1121.00,1123.00,531,11305559,12678726933.00,1090.00,1123.00,1070.00,1116.00
6626302649460766,20160215,1173.00,1177.00,430,6404220,7514961974.00,1144.00,1177.00,1121.00,1160.00
6626302649460766,20160216,1174.00,1187.00,2333,31820215,37341974417.00,1115.00,1229.00,1173.00,1229.00
6626302649460766,20160217,1219.00,1232.00,945,14674158,17883170738.00,1169.00,1232.00,1174.00,1186.00
6626302649460766,20160220,1270.00,1279.00,1171,20715243,26298644643.00,1230.00,1279.00,1219.00,1279.00
6626302649460766,20160221,1219.00,1207.00,915,13569291,16534858170.00,1207.00,1299.00,1270.00,1281.00
6626302649460766,20160222,1183.00,1159.00,1295,15327861,18138487622.00,1159.00,1260.00,1219.00,1207.00
6626302649460766,20160223,1132.00,1124.00,368,4295457,4860489641.00,1124.00,1179.00,1183.00,1135.00
6626302649460766,20160224,1076.00,1076.00,77,534280,574885280.00,1076.00,1076.00,1132.00,1076.00
6626302649460766,20160227,1069.00,1100.00,1574,22860162,24444787679.00,1023.00,1115.00,1076.00,1023.00
6626302649460766,20160228,1118.00,1122.00,903,12465936,13938324152.00,1085.00,1122.00,1069.00,1118.00
6626302649460766,20160229,1124.00,1123.00,808,9485074,10661270394.00,1070.00,1160.00,1118.00,1143.00
6626302649460766,20160301,1090.00,1095.00,877,9560639,10418117098.00,1078.00,1150.00,1124.00,1101.00
6626302649460766,20160302,1047.00,1040.00,1178,13130794,13747356385.00,1036.00,1100.00,1090.00,1100.00
6626302649460766,20160305,1044.00,1035.00,993,10712745,11187608250.00,1026.00,1079.00,1047.00,1050.00
6626302649460766,20160306,1028.00,1027.00,948,10542775,10837975268.00,1008.00,1055.00,1044.00,1045.00
6626302649460766,20160307,1006.00,995.00,1145,12018806,12094273762.00,983.00,1038.00,1028.00,1038.00
6626302649460766,20160308,1044.00,1056.00,762,9640246,10062674278.00,997.00,1056.00,1006.00,1024.00
6626302649460766,20160309,1092.00,1096.00,968,10888561,11892493172.00,1060.00,1096.00,1044.00,1094.00
6626302649460766,20160312,1110.00,1084.00,722,7152671,7940725910.00,1075.00,1135.00,1092.00,1110.00
6626302649460766,20160314,1070.00,1055.00,945,10221831,10938563646.00,1055.00,1120.00,1110.00,1120.00
6626302649460766,20160315,1023.00,1017.00,814,7594077,7771398412.00,1017.00,1050.00,1070.00,1041.00
6626302649460766,20160316,1003.00,1002.00,812,7351606,7371967991.00,982.00,1029.00,1023.00,1000.00
6626302649460766,20160326,1044.00,1053.00,224,2551188,2662716150.00,1002.00,1053.00,1003.00,1018.00
6626302649460766,20160327,1020.00,1020.00,336,2976204,3036220759.00,1005.00,1069.00,1044.00,1069.00
6626302649460766,20160328,1018.00,1015.00,203,1247665,1269773969.00,1011.00,1035.00,1020.00,1011.00
6626302649460766,20160329,1004.00,1000.00,539,6732231,6759484849.00,990.00,1020.00,1018.00,1012.00
6626302649460766,20160330,1022.00,1030.00,442,4091355,4179567661.00,1000.00,1040.00,1004.00,1029.00
6626302649460766,20160402,1007.00,1000.00,468,4150279,4179266953.00,1000.00,1030.00,1022.00,1010.00
6626302649460766,20160403,977.00,980.00,636,6355671,6208737705.00,957.00,1006.00,1007.00,1005.00
6626302649460766,20160404,1017.00,1020.00,660,7948046,8080239866.00,980.00,1025.00,977.00,995.00
6626302649460766,20160405,1008.00,1000.00,572,6377370,6429854346.00,998.00,1029.00,1017.00,1029.00
6626302649460766,20160406,999.00,1000.00,637,6131508,6128002957.00,980.00,1029.00,1008.00,1029.00
6626302649460766,20160409,980.00,979.00,650,6116077,5991917875.00,970.00,1010.00,999.00,1010.00
6626302649460766,20160410,954.00,944.00,843,8020086,7651128527.00,931.00,988.00,980.00,988.00
6626302649460766,20160411,928.00,937.00,658,6722219,6240048516.00,908.00,970.00,954.00,970.00
6626302649460766,20160412,938.00,933.00,387,3357971,3151160302.00,926.00,958.00,928.00,939.00
6626302649460766,20160413,911.00,901.00,606,5719934,5210303154.00,896.00,960.00,938.00,937.00
6626302649460766,20160416,870.00,866.00,337,3447266,2998244512.00,866.00,908.00,911.00,908.00
6626302649460766,20160417,834.00,844.00,735,7103488,5924609372.00,827.00,849.00,870.00,831.00
6626302649460766,20160418,834.00,844.00,0,0,0.00,0.00,0.00,834.00,0.00
6626302649460766,20160419,834.00,844.00,0,0,0.00,0.00,0.00,834.00,0.00
6626302649460766,20160420,852.00,871.00,92,1058011,900936811.00,830.00,871.00,834.00,830.00
6626302649460766,20160423,893.00,894.00,58,576763,515626122.00,894.00,894.00,852.00,894.00
6626302649460766,20160424,926.00,937.00,751,7909091,7320490218.00,900.00,937.00,893.00,937.00
6626302649460766,20160425,944.00,933.00,429,4195144,3959202869.00,920.00,960.00,926.00,946.00
6626302649460766,20160426,910.00,912.00,344,3062113,2786301439.00,901.00,935.00,944.00,935.00
6626302649460766,20160427,902.00,898.00,368,3195785,2882970068.00,885.00,928.00,910.00,903.00
6626302649460766,20160430,882.00,878.00,360,3408598,3007671028.00,875.00,899.00,902.00,895.00
6626302649460766,20160501,866.00,868.00,538,6151469,5326834574.00,845.00,900.00,882.00,880.00
6626302649460766,20160502,860.00,874.00,562,5649763,4861250081.00,850.00,887.00,866.00,872.00
6626302649460766,20160503,891.00,903.00,659,5810168,5175922266.00,855.00,903.00,860.00,871.00
6626302649460766,20160504,903.00,890.00,417,3638422,3284328268.00,881.00,915.00,891.00,902.00
6626302649460766,20160507,873.00,867.00,221,1928666,1683336887.00,861.00,890.00,903.00,890.00
6626302649460766,20160508,864.00,868.00,227,1755651,1516754270.00,850.00,880.00,873.00,860.00
6626302649460766,20160509,866.00,852.00,202,1487942,1288286097.00,851.00,879.00,864.00,877.00
6626302649460766,20160510,844.00,836.00,299,2210658,1866766061.00,830.00,859.00,866.00,850.00
6626302649460766,20160511,831.00,829.00,298,2636706,2190194221.00,812.00,840.00,844.00,840.00
6626302649460766,20160514,834.00,830.00,226,1421557,1186265178.00,819.00,850.00,831.00,819.00
6626302649460766,20160515,807.00,804.00,531,4788925,3864862131.00,800.00,844.00,834.00,844.00
6626302649460766,20160516,812.00,803.00,252,2182760,1771538861.00,802.00,827.00,807.00,807.00
6626302649460766,20160517,828.00,820.00,396,3977172,3291453587.00,801.00,849.00,812.00,811.00
6626302649460766,20160518,846.00,869.00,831,7594612,6426443756.00,809.00,869.00,828.00,820.00
6626302649460766,20160521,887.00,888.00,157,2116453,1877846885.00,876.00,888.00,846.00,888.00
6626302649460766,20160523,931.00,931.00,129,1530252,1424664612.00,931.00,931.00,887.00,931.00
6626302649460766,20160524,924.00,910.00,1110,11302468,10439297844.00,892.00,960.00,931.00,960.00
6626302649460766,20160525,904.00,885.00,520,4487216,4056658494.00,885.00,930.00,924.00,900.00
6626302649460766,20160528,913.00,910.00,621,6075749,5548989636.00,882.00,935.00,904.00,904.00
6626302649460766,20160529,893.00,888.00,239,2055684,1835455238.00,881.00,920.00,913.00,895.00
6626302649460766,20160530,899.00,888.00,210,1914261,1720088576.00,882.00,919.00,893.00,900.00
6626302649460766,20160531,885.00,870.00,210,1835988,1624179663.00,870.00,913.00,899.00,913.00
6626302649460766,20160601,871.00,880.00,238,1397267,1216875188.00,860.00,894.00,885.00,894.00
6626302649460766,20160605,893.00,890.00,452,4460064,3984019813.00,853.00,914.00,871.00,886.00
6626302649460766,20160606,878.00,873.00,202,1614298,1417523311.00,867.00,900.00,893.00,878.00
6626302649460766,20160607,867.00,865.00,164,1468922,1273645248.00,861.00,880.00,878.00,875.00
6626302649460766,20160608,856.00,858.00,336,2379074,2036530986.00,850.00,879.00,867.00,865.00
6626302649460766,20160611,839.00,838.00,305,3033913,2545381730.00,824.00,865.00,856.00,865.00
6626302649460766,20160612,833.00,824.00,256,1742489,1451461697.00,806.00,858.00,839.00,838.00
6626302649460766,20160613,832.00,829.00,158,1130705,940302608.00,815.00,849.00,833.00,830.00
6626302649460766,20160614,811.00,826.00,243,1521613,1233405471.00,802.00,835.00,832.00,835.00
6626302649460766,20160615,832.00,830.00,242,2823753,2350162555.00,811.00,845.00,811.00,815.00
6626302649460766,20160618,825.00,821.00,134,1107179,913383809.00,820.00,844.00,832.00,844.00
6626302649460766,20160619,808.00,802.00,305,2572804,2079294112.00,800.00,818.00,825.00,812.00
6626302649460766,20160620,796.00,788.00,192,1351089,1075196106.00,780.00,810.00,808.00,806.00
6626302649460766,20160621,793.00,800.00,271,1811435,1436206556.00,770.00,825.00,796.00,778.00
6626302649460766,20160622,830.00,832.00,211,2167208,1798766546.00,796.00,832.00,793.00,820.00
6626302649460766,20160625,807.00,809.00,246,2359138,1903992624.00,800.00,829.00,830.00,815.00
6626302649460766,20160626,836.00,847.00,348,3927767,3282411907.00,805.00,847.00,807.00,807.00
6626302649460766,20160628,869.00,862.00,414,3766831,3272303158.00,847.00,873.00,836.00,856.00
6626302649460766,20160629,837.00,834.00,323,3037298,2541351966.00,829.00,860.00,869.00,858.00
6626302649460766,20160702,819.00,814.00,215,1416007,1159075788.00,801.00,839.00,837.00,827.00
6626302649460766,20160703,826.00,829.00,107,994498,821359494.00,816.00,835.00,819.00,822.00
6626302649460766,20160704,812.00,810.00,145,1506744,1223172351.00,807.00,829.00,826.00,829.00
6626302649460766,20160705,817.00,824.00,98,950696,777027123.00,808.00,825.00,812.00,811.00
6626302649460766,20160709,812.00,813.00,109,1324801,1075248208.00,806.00,819.00,817.00,811.00
6626302649460766,20160710,810.00,807.00,128,1249759,1011717729.00,806.00,820.00,812.00,808.00
6626302649460766,20160711,801.00,800.00,230,2101368,1682321172.00,795.00,811.00,810.00,808.00
6626302649460766,20160712,802.00,798.00,164,1622629,1300733694.00,795.00,816.00,801.00,808.00
6626302649460766,20160713,789.00,789.00,314,3069516,2423382361.00,784.00,801.00,802.00,801.00
6626302649460766,20160716,784.00,786.00,192,1600643,1254764216.00,780.00,799.00,789.00,783.00
6626302649460766,20160717,806.00,810.00,202,1439654,1159660934.00,793.00,815.00,784.00,793.00
6626302649460766,20160718,811.00,802.00,134,1477835,1198023648.00,801.00,821.00,806.00,817.00
6626302649460766,20160719,800.00,809.00,253,2341918,1873326393.00,780.00,814.00,811.00,814.00
6626302649460766,20160720,834.00,840.00,488,6071567,5064587231.00,803.00,840.00,800.00,819.00
6626302649460766,20160723,872.00,875.00,728,8513790,7425974185.00,855.00,875.00,834.00,865.00
6626302649460766,20160724,897.00,915.00,1419,17592606,15775666243.00,852.00,915.00,872.00,880.00
6626302649460766,20160725,894.00,873.00,593,5455442,4874860483.00,865.00,919.00,897.00,919.00
6626302649460766,20160726,905.00,915.00,993,10970836,9930827836.00,865.00,930.00,894.00,875.00
6626302649460766,20160727,909.00,891.00,503,4208607,3825380173.00,890.00,935.00,905.00,901.00
6626302649460766,20160731,887.00,880.00,366,2944946,2612680651.00,872.00,905.00,909.00,904.00
6626302649460766,20160801,887.00,883.00,433,5090172,4514221583.00,857.00,910.00,887.00,867.00
6626302649460766,20160802,871.00,863.00,392,3387332,2948838968.00,860.00,900.00,887.00,890.00
6626302649460766,20160803,877.00,875.00,150,1218152,1068522523.00,864.00,898.00,871.00,884.00
6626302649460766,20160806,863.00,855.00,328,3429481,2960796600.00,850.00,894.00,877.00,894.00
6626302649460766,20160807,865.00,857.00,350,3920053,3391653994.00,854.00,884.00,863.00,870.00
6626302649460766,20160808,857.00,860.00,244,2043949,1752349124.00,850.00,871.00,865.00,860.00
6626302649460766,20160809,879.00,880.00,396,3404809,2994164607.00,865.00,889.00,857.00,873.00
6626302649460766,20160810,873.00,860.00,196,1696777,1480587940.00,860.00,885.00,879.00,882.00
6626302649460766,20160813,860.00,855.00,212,1798601,1546776549.00,853.00,880.00,873.00,865.00
6626302649460766,20160814,859.00,853.00,270,1962202,1685452581.00,853.00,870.00,860.00,870.00
6626302649460766,20160815,857.00,858.00,179,2045395,1753530125.00,850.00,865.00,859.00,865.00
6626302649460766,20160816,850.00,851.00,220,1813113,1541277671.00,848.00,858.00,857.00,858.00
6626302649460766,20160817,849.00,851.00,157,1185095,1005740960.00,845.00,859.00,850.00,850.00
6626302649460766,20160820,876.00,891.00,661,8349522,7311078741.00,840.00,891.00,849.00,843.00
6626302649460766,20160821,874.00,868.00,222,2306098,2016237685.00,862.00,889.00,876.00,889.00
6626302649460766,20160822,865.00,860.00,153,1395563,1206803572.00,855.00,880.00,874.00,880.00
6626302649460766,20160823,850.00,841.00,193,2486809,2113270474.00,841.00,870.00,865.00,860.00
6626302649460766,20160824,853.00,850.00,116,1176670,1003606917.00,841.00,860.00,850.00,841.00
6626302649460766,20160827,849.00,848.00,153,1492149,1267041258.00,845.00,860.00,853.00,846.00
6626302649460766,20160828,837.00,830.00,278,2712214,2269133975.00,829.00,859.00,849.00,844.00
6626302649460766,20160829,827.00,826.00,215,1598664,1321564750.00,818.00,846.00,837.00,841.00
6626302649460766,20160830,831.00,826.00,137,1175014,976337180.00,824.00,842.00,827.00,830.00
6626302649460766,20160831,824.00,817.00,208,1606756,1323241985.00,817.00,835.00,831.00,830.00
6626302649460766,20160903,807.00,812.00,227,1931232,1558775057.00,800.00,824.00,824.00,812.00
6626302649460766,20160904,794.00,804.00,451,4799685,3809738408.00,780.00,816.00,807.00,816.00
6626302649460766,20160905,816.00,819.00,165,1283965,1048131787.00,805.00,824.00,794.00,810.00
6626302649460766,20160906,810.00,818.00,266,2573804,2084630923.00,800.00,824.00,816.00,816.00
6626302649460766,20160907,843.00,844.00,586,6923854,5835185146.00,810.00,850.00,810.00,810.00
6626302649460766,20160910,824.00,820.00,124,1033330,851475867.00,815.00,849.00,843.00,845.00
6626302649460766,20160911,836.00,839.00,206,1629998,1363171812.00,821.00,843.00,824.00,835.00
6626302649460766,20160913,862.00,858.00,635,6134049,5285446226.00,821.00,876.00,836.00,821.00
6626302649460766,20160914,875.00,878.00,824,7271857,6363081579.00,855.00,888.00,862.00,873.00
6626302649460766,20160917,881.00,871.00,720,7908625,6970569752.00,859.00,899.00,875.00,890.00
6626302649460766,20160918,860.00,856.00,327,2849708,2451241645.00,852.00,879.00,881.00,879.00
6626302649460766,20160919,852.00,854.00,279,2928353,2495038256.00,848.00,874.00,860.00,874.00
6626302649460766,20160921,852.00,846.00,260,2758704,2351290531.00,845.00,865.00,852.00,848.00
6626302649460766,20160924,881.00,880.00,459,5457320,4806621053.00,862.00,893.00,852.00,864.00
6626302649460766,20160925,869.00,856.00,272,3188676,2770354820.00,854.00,889.00,881.00,887.00
6626302649460766,20160926,854.00,851.00,248,2175940,1857807864.00,849.00,870.00,869.00,856.00
6626302649460766,20160927,851.00,857.00,241,2945325,2505423385.00,841.00,860.00,854.00,849.00
6626302649460766,20160928,858.00,854.00,250,1650386,1416243867.00,852.00,868.00,851.00,852.00
6626302649460766,20161001,854.00,857.00,311,4286063,3662026035.00,850.00,870.00,858.00,853.00
6626302649460766,20161002,844.00,844.00,329,3291841,2777609548.00,840.00,865.00,854.00,860.00
6626302649460766,20161003,846.00,842.00,291,2762526,2337563379.00,840.00,859.00,844.00,858.00
6626302649460766,20161004,841.00,839.00,235,2347981,1975418541.00,835.00,850.00,846.00,845.00
6626302649460766,20161005,838.00,830.00,346,2634546,2206967906.00,830.00,850.00,841.00,850.00
6626302649460766,20161008,833.00,833.00,186,1522437,1268891841.00,831.00,845.00,838.00,840.00
6626302649460766,20161009,838.00,834.00,138,1111851,931585279.00,830.00,847.00,833.00,830.00
6626302649460766,20161010,833.00,831.00,289,3748313,3123963692.00,830.00,845.00,838.00,841.00
6626302649460766,20161012,833.00,831.00,0,0,0.00,0.00,0.00,833.00,0.00
6626302649460766,20161015,847.00,840.00,175,1877851,1589975952.00,838.00,855.00,833.00,838.00
6626302649460766,20161016,833.00,831.00,261,2505558,2088349537.00,829.00,850.00,847.00,850.00
6626302649460766,20161017,828.00,828.00,271,2684193,2221834345.00,820.00,834.00,833.00,831.00
6626302649460766,20161018,827.00,832.00,341,2934373,2425523528.00,822.00,835.00,828.00,825.00
6626302649460766,20161019,834.00,845.00,330,2977640,2482497571.00,826.00,845.00,827.00,826.00
6626302649460766,20161022,861.00,869.00,611,6599850,5683510416.00,841.00,869.00,834.00,850.00
6626302649460766,20161023,867.00,854.00,516,4889653,4241343952.00,852.00,880.00,861.00,864.00
6626302649460766,20161024,857.00,852.00,421,4023974,3448933912.00,851.00,869.00,867.00,853.00
6626302649460766,20161025,859.00,859.00,265,2830443,2432309704.00,855.00,867.00,857.00,855.00
6626302649460766,20161026,859.00,864.00,410,4714580,4050448984.00,848.00,869.00,859.00,860.00
6626302649460766,20161027,859.00,864.00,0,0,0.00,0.00,0.00,859.00,0.00
6626302649460766,20161028,859.00,864.00,0,0,0.00,0.00,0.00,859.00,0.00
6626302649460766,20161029,895.00,900.00,1336,19949327,17848354327.00,858.00,901.00,859.00,869.00
6626302649460766,20161030,905.00,895.00,1062,10257400,9283426633.00,890.00,920.00,895.00,914.00
6626302649460766,20161031,914.00,917.00,974,10594178,9681604401.00,890.00,930.00,905.00,890.00
6626302649460766,20161101,898.00,885.00,694,7500011,6734951862.00,875.00,930.00,914.00,920.00
6626302649460766,20161102,889.00,890.00,359,3210465,2854994991.00,872.00,899.00,898.00,873.00
6626302649460766,20161105,891.00,881.00,402,3454173,3077757527.00,875.00,910.00,889.00,891.00
6626302649460766,20161106,880.00,876.00,435,3381872,2974852117.00,870.00,898.00,891.00,880.00
6626302649460766,20161107,886.00,888.00,312,2662672,2359504499.00,875.00,897.00,880.00,883.00
6626302649460766,20161108,881.00,880.00,322,3738243,3294621383.00,870.00,894.00,886.00,890.00
6626302649460766,20161109,840.00,856.00,718,8312078,6981130737.00,837.00,856.00,881.00,837.00
6626302649460766,20161112,841.00,841.00,251,2112758,1777597573.00,835.00,860.00,840.00,845.00
6626302649460766,20161113,840.00,840.00,203,1197570,1005777070.00,835.00,850.00,841.00,841.00
6626302649460766,20161114,846.00,857.00,354,3178588,2690259801.00,834.00,866.00,840.00,846.00
6626302649460766,20161115,847.00,849.00,167,1343451,1138496182.00,838.00,857.00,846.00,850.00
6626302649460766,20161116,839.00,850.00,274,2686202,2254681346.00,835.00,850.00,847.00,850.00
6626302649460766,20161119,852.00,844.00,158,1367515,1164550796.00,840.00,860.00,839.00,858.00
6626302649460766,20161121,846.00,841.00,106,687963,582158378.00,840.00,859.00,852.00,840.00
6626302649460766,20161122,836.00,831.00,215,1707824,1428087903.00,830.00,842.00,846.00,842.00
6626302649460766,20161123,834.00,836.00,189,1794136,1497081686.00,830.00,846.00,836.00,836.00
6626302649460766,20161126,833.00,834.00,225,1974956,1645055544.00,830.00,841.00,834.00,834.00
6626302649460766,20161127,835.00,833.00,167,1441323,1203669831.00,832.00,840.00,833.00,832.00
6626302649460766,20161129,822.00,828.00,361,2741792,2252733797.00,804.00,840.00,835.00,834.00
6626302649460766,20161203,807.00,808.00,390,2842314,2292449584.00,796.00,843.00,822.00,815.00
6626302649460766,20161204,809.00,811.00,197,1487469,1203369900.00,800.00,815.00,807.00,800.00
6626302649460766,20161205,826.00,830.00,194,2072112,1710957325.00,805.00,837.00,809.00,810.00
6626302649460766,20161206,826.00,823.00,159,1085263,896504761.00,821.00,835.00,826.00,822.00
6626302649460766,20161207,821.00,817.00,189,1237610,1016291328.00,814.00,834.00,826.00,830.00
6626302649460766,20161210,810.00,810.00,199,1820069,1474055127.00,806.00,821.00,821.00,814.00
6626302649460766,20161211,801.00,801.00,502,5857774,4690988232.00,796.00,811.00,810.00,810.00
6626302649460766,20161212,818.00,825.00,434,5101817,4171272245.00,794.00,826.00,801.00,800.00
6626302649460766,20161213,809.00,809.00,150,1185287,959458881.00,804.00,825.00,818.00,818.00
6626302649460766,20161214,804.00,802.00,228,1910776,1536767861.00,801.00,818.00,809.00,804.00
6626302649460766,20161218,800.00,796.00,240,1988468,1591256664.00,796.00,813.00,804.00,802.00
6626302649460766,20161219,794.00,793.00,213,1869084,1484015835.00,790.00,805.00,800.00,805.00
6626302649460766,20161220,767.00,780.00,435,4884397,3748749962.00,755.00,798.00,794.00,790.00
6626302649460766,20161221,790.00,791.00,141,1016329,802579824.00,782.00,799.00,767.00,782.00
6626302649460766,20161224,795.00,796.00,122,899539,715054889.00,783.00,803.00,790.00,795.00
6626302649460766,20161225,788.00,790.00,127,1202535,947888706.00,780.00,797.00,795.00,793.00
6626302649460766,20161226,783.00,779.00,157,1560669,1221401328.00,771.00,790.00,788.00,779.00
6626302649460766,20161227,773.00,777.00,195,1755997,1357437858.00,761.00,784.00,783.00,772.00
6626302649460766,20161228,776.00,769.00,178,1632559,1266185072.00,766.00,782.00,773.00,772.00
6626302649460766,20161231,757.00,758.00,328,2543213,1924612189.00,751.00,770.00,776.00,770.00
6626302649460766,20170101,732.00,732.00,465,3392892,2483447146.00,722.00,757.00,757.00,751.00
6626302649460766,20170102,738.00,745.00,197,1645688,1214678901.00,728.00,748.00,732.00,730.00
6626302649460766,20170103,734.00,728.00,163,1077010,790025365.00,727.00,743.00,738.00,735.00
6626302649460766,20170104,708.00,713.00,301,2531295,1791438362.00,700.00,739.00,734.00,739.00
6626302649460766,20170107,706.00,700.00,169,1037496,732541895.00,700.00,715.00,708.00,705.00
6626302649460766,20170108,682.00,690.00,441,3874379,2643103152.00,675.00,696.00,706.00,696.00
6626302649460766,20170109,683.00,686.00,154,1159562,791469672.00,673.00,690.00,682.00,690.00
6626302649460766,20170111,687.00,694.00,150,879217,604085281.00,680.00,700.00,683.00,696.00
6626302649460766,20170114,711.00,721.00,302,3337101,2372353502.00,690.00,721.00,687.00,690.00
6626302649460766,20170115,726.00,720.00,198,1643617,1193703148.00,719.00,734.00,711.00,724.00
6626302649460766,20170116,706.00,709.00,200,1601169,1130856120.00,700.00,732.00,726.00,732.00
6626302649460766,20170117,711.00,711.00,93,1259492,895000038.00,701.00,724.00,706.00,705.00
6626302649460766,20170118,700.00,696.00,220,1793678,1255230435.00,690.00,711.00,711.00,705.00
6626302649460766,20170121,690.00,689.00,145,1050531,724915495.00,680.00,701.00,700.00,701.00
6626302649460766,20170122,693.00,700.00,138,1142808,792324218.00,667.00,705.00,690.00,689.00
6626302649460766,20170123,694.00,699.00,135,1289834,894903081.00,688.00,700.00,693.00,690.00
6626302649460766,20170124,693.00,695.00,170,846564,586649706.00,690.00,702.00,694.00,695.00
6626302649460766,20170125,691.00,690.00,123,870031,601262989.00,687.00,701.00,693.00,701.00
6626302649460766,20170128,702.00,709.00,267,2471240,1735890628.00,687.00,715.00,691.00,689.00
6626302649460766,20170129,723.00,716.00,311,2836958,2050984951.00,704.00,734.00,702.00,704.00
6626302649460766,20170130,739.00,735.00,267,2339770,1729834897.00,710.00,748.00,723.00,710.00
6626302649460766,20170131,726.00,713.00,188,1638235,1189960719.00,703.00,749.00,739.00,737.00
6626302649460766,20170201,700.00,699.00,143,1183843,829182750.00,696.00,718.00,726.00,714.00
6626302649460766,20170204,689.00,697.00,203,1648360,1135828495.00,680.00,700.00,700.00,698.00
6626302649460766,20170205,695.00,690.00,220,1401367,973871509.00,686.00,710.00,689.00,686.00
6626302649460766,20170206,705.00,699.00,96,781815,551427052.00,691.00,710.00,695.00,709.00
6626302649460766,20170207,697.00,695.00,121,880241,613792694.00,690.00,713.00,705.00,700.00
6626302649460766,20170208,687.00,690.00,138,1030100,707866537.00,685.00,700.00,697.00,697.00
6626302649460766,20170211,674.00,679.00,185,1688888,1137591492.00,669.00,690.00,687.00,669.00
6626302649460766,20170212,696.00,707.00,222,3005158,2091321242.00,670.00,707.00,674.00,677.00
6626302649460766,20170213,730.00,730.00,314,4821203,3517350692.00,724.00,730.00,696.00,724.00
6626302649460766,20170214,743.00,727.00,511,4837503,3593140988.00,720.00,755.00,730.00,740.00
6626302649460766,20170215,733.00,738.00,367,3703956,2715795479.00,714.00,751.00,743.00,736.00
6626302649460766,20170218,721.00,710.00,185,1555547,1121257375.00,710.00,739.00,733.00,725.00
6626302649460766,20170219,703.00,698.00,221,2539802,1785039302.00,686.00,725.00,721.00,725.00
6626302649460766,20170220,709.00,703.00,192,1983220,1405585088.00,690.00,726.00,703.00,700.00
6626302649460766,20170221,706.00,710.00,74,607138,428500236.00,701.00,715.00,709.00,709.00
6626302649460766,20170222,710.00,722.00,126,1680613,1193916379.00,702.00,722.00,706.00,702.00
6626302649460766,20170225,713.00,714.00,130,838953,598528985.00,706.00,729.00,710.00,706.00
6626302649460766,20170226,707.00,708.00,88,918274,649520537.00,700.00,725.00,713.00,725.00
6626302649460766,20170227,692.00,690.00,187,2094256,1448608354.00,685.00,702.00,707.00,702.00
6626302649460766,20170228,694.00,686.00,136,1115941,774165860.00,684.00,720.00,692.00,700.00
6626302649460766,20170301,682.00,690.00,331,4101191,2797264287.00,679.00,700.00,694.00,686.00
6626302649460766,20170304,683.00,681.00,133,1092109,746282916.00,675.00,694.00,682.00,683.00
6626302649460766,20170305,677.00,681.00,150,1437578,972865543.00,673.00,685.00,683.00,685.00
6626302649460766,20170306,678.00,687.00,88,716110,485835519.00,673.00,688.00,677.00,673.00
6626302649460766,20170307,673.00,669.00,127,819024,550915589.00,669.00,680.00,678.00,680.00
6626302649460766,20170308,659.00,669.00,254,2152416,1419394989.00,651.00,674.00,673.00,671.00
6626302649460766,20170311,653.00,657.00,133,1062968,694177908.00,650.00,665.00,659.00,653.00
6626302649460766,20170312,656.00,655.00,147,1288051,844550163.00,651.00,670.00,653.00,652.00
6626302649460766,20170313,666.00,672.00,123,942480,627960421.00,654.00,675.00,656.00,655.00
6626302649460766,20170314,673.00,671.00,137,931351,626340404.00,665.00,687.00,666.00,675.00
6626302649460766,20170315,674.00,674.00,88,399959,270155633.00,671.00,683.00,673.00,683.00
6626302649460766,20170318,680.00,687.00,127,693575,472204443.00,673.00,689.00,674.00,680.00
6626302649460766,20170325,709.00,714.00,231,2378070,1684990734.00,681.00,714.00,680.00,681.00
6626302649460766,20170326,741.00,744.00,311,4317120,3199373828.00,714.00,744.00,709.00,714.00
6626302649460766,20170327,767.00,770.00,758,8023729,6157023397.00,748.00,778.00,741.00,753.00
6626302649460766,20170328,794.00,805.00,497,5294010,4201698031.00,751.00,805.00,767.00,751.00
6626302649460766,20170329,828.00,821.00,648,8813919,7295559486.00,800.00,833.00,794.00,833.00
6626302649460766,20170403,843.00,852.00,693,7096697,5982583757.00,793.00,865.00,828.00,830.00
6626302649460766,20170404,819.00,810.00,409,3555192,2911938899.00,805.00,850.00,843.00,850.00
6626302649460766,20170405,823.00,839.00,652,6242351,5137887221.00,785.00,843.00,819.00,807.00
6626302649460766,20170408,862.00,864.00,423,5561782,4792471712.00,828.00,864.00,823.00,828.00
6626302649460766,20170409,870.00,860.00,451,5420796,4714707131.00,860.00,894.00,862.00,880.00
6626302649460766,20170410,884.00,861.00,676,8178572,7232001298.00,850.00,910.00,870.00,880.00
6626302649460766,20170412,872.00,852.00,615,8872472,7733746166.00,850.00,893.00,884.00,865.00
6626302649460766,20170415,833.00,829.00,1018,12226987,10184786910.00,829.00,856.00,872.00,856.00
6626302649460766,20170416,803.00,807.00,731,9375688,7527927371.00,795.00,829.00,833.00,828.00
6626302649460766,20170417,778.00,780.00,628,8015813,6234366846.00,764.00,807.00,803.00,803.00
6626302649460766,20170418,778.00,780.00,0,0,0.00,0.00,0.00,778.00,0.00
6626302649460766,20170419,778.00,780.00,0,0,0.00,0.00,0.00,778.00,0.00
6626302649460766,20170422,778.00,780.00,0,0,0.00,0.00,0.00,778.00,0.00
6626302649460766,20170423,778.00,780.00,0,0,0.00,0.00,0.00,778.00,0.00
6626302649460766,20170424,823.00,830.00,493,6720308,5532935161.00,809.00,830.00,778.00,809.00
6626302649460766,20170426,859.00,864.00,210,3356914,2885144549.00,842.00,864.00,823.00,842.00
6626302649460766,20170429,899.00,900.00,1281,22445924,20171912525.00,876.00,901.00,859.00,901.00
6626302649460766,20170430,885.00,867.00,597,8072814,7142408543.00,860.00,920.00,899.00,920.00
6626302649460766,20170501,847.00,850.00,430,5758609,4876652446.00,841.00,860.00,885.00,859.00
6626302649460766,20170502,828.00,834.00,283,3799174,3146207010.00,818.00,850.00,847.00,846.00
6626302649460766,20170503,862.00,869.00,377,5006296,4314424677.00,824.00,869.00,828.00,838.00
6626302649460766,20170506,878.00,869.00,369,4316159,3791299478.00,860.00,895.00,862.00,879.00
6626302649460766,20170507,843.00,835.00,370,4518821,3807310129.00,835.00,876.00,878.00,850.00
6626302649460766,20170508,814.00,816.00,373,4907093,3994707080.00,801.00,844.00,843.00,831.00
6626302649460766,20170509,800.00,816.00,233,2868545,2293947766.00,785.00,818.00,814.00,818.00
6626302649460766,20170510,812.00,805.00,244,2228713,1810769618.00,800.00,833.00,800.00,805.00
6626302649460766,20170513,797.00,800.00,132,998608,796104724.00,788.00,805.00,812.00,788.00
6626302649460766,20170514,791.00,785.00,118,1193112,944172759.00,785.00,817.00,797.00,800.00
6626302649460766,20170515,802.00,794.00,125,1052834,844370421.00,794.00,817.00,791.00,794.00
6626302649460766,20170516,791.00,800.00,277,3372433,2668999855.00,781.00,815.00,802.00,815.00
6626302649460766,20170517,791.00,787.00,134,1241650,981776035.00,781.00,800.00,791.00,782.00
6626302649460766,20170520,815.00,800.00,289,3606235,2940305704.00,800.00,830.00,791.00,813.00
6626302649460766,20170521,796.00,792.00,149,1614978,1285223284.00,788.00,815.00,815.00,815.00
6626302649460766,20170522,790.00,792.00,208,2695376,2129869718.00,781.00,812.00,796.00,810.00
6626302649460766,20170523,784.00,782.00,195,2499983,1960639970.00,778.00,794.00,790.00,794.00
6626302649460766,20170524,814.00,823.00,536,7232006,5884668058.00,781.00,823.00,784.00,782.00
6626302649460766,20170527,854.00,854.00,229,3634430,3103153220.00,845.00,854.00,814.00,854.00
6626302649460766,20170528,892.00,870.00,602,10704453,9543711795.00,867.00,896.00,854.00,896.00
6626302649460766,20170529,914.00,936.00,1706,25798869,23576479117.00,850.00,936.00,892.00,878.00
6626302649460766,20170530,946.00,920.00,1559,27379058,25890811162.00,901.00,959.00,914.00,939.00
6626302649460766,20170531,905.00,902.00,1018,14290195,12931953366.00,899.00,930.00,946.00,930.00
6626302649460766,20170603,926.00,934.00,922,12460862,11535850365.00,873.00,947.00,905.00,900.00
6626302649460766,20170606,949.00,958.00,589,6970167,6618003213.00,939.00,962.00,926.00,939.00
6626302649460766,20170607,921.00,902.00,480,7027806,6475386154.00,902.00,969.00,949.00,969.00
6626302649460766,20170610,884.00,875.00,546,7574035,6692236039.00,875.00,910.00,921.00,902.00
6626302649460766,20170611,883.00,880.00,307,3723327,3287455939.00,860.00,912.00,884.00,872.00
6626302649460766,20170612,843.00,839.00,252,3536210,2979756813.00,839.00,880.00,883.00,860.00
6626302649460766,20170613,819.00,829.00,424,5293375,4335346439.00,803.00,860.00,843.00,825.00
6626302649460766,20170614,817.00,839.00,550,7943783,6486804377.00,800.00,840.00,819.00,830.00
6626302649460766,20170617,825.00,827.00,185,1642009,1354490381.00,820.00,840.00,817.00,820.00
6626302649460766,20170618,788.00,799.00,636,9033194,7121649996.00,784.00,830.00,825.00,825.00
6626302649460766,20170619,818.00,818.00,435,7272036,5949027303.00,779.00,827.00,788.00,782.00
6626302649460766,20170620,816.00,810.00,147,1663986,1357115680.00,801.00,830.00,818.00,801.00
6626302649460766,20170621,802.00,804.00,165,1576176,1264646491.00,798.00,819.00,816.00,805.00
6626302649460766,20170624,788.00,799.00,268,3866890,3048695412.00,779.00,812.00,802.00,800.00
6626302649460766,20170625,799.00,792.00,148,1591087,1271267206.00,790.00,809.00,788.00,798.00
6626302649460766,20170628,799.00,798.00,109,1362666,1088819037.00,787.00,816.00,799.00,791.00
6626302649460766,20170701,825.00,838.00,366,5585148,4608867643.00,797.00,838.00,799.00,816.00
6626302649460766,20170702,855.00,850.00,477,6550830,5601223504.00,825.00,866.00,825.00,848.00
6626302649460766,20170703,835.00,822.00,169,2074350,1731057937.00,822.00,856.00,855.00,856.00
6626302649460766,20170704,812.00,811.00,229,2349945,1908037686.00,798.00,845.00,835.00,839.00
6626302649460766,20170705,808.00,810.00,234,1842631,1489399851.00,795.00,824.00,812.00,795.00
6626302649460766,20170708,805.00,800.00,267,3218244,2590197001.00,797.00,819.00,808.00,801.00
6626302649460766,20170709,799.00,805.00,398,3811820,3045012296.00,795.00,816.00,805.00,801.00
6626302649460766,20170710,807.00,808.00,335,4133581,3334635343.00,795.00,822.00,799.00,816.00
6626302649460766,20170711,818.00,847.00,1381,32605807,26680815213.00,799.00,847.00,807.00,819.00
6626302649460766,20170712,858.00,858.00,163,3080100,2642725800.00,858.00,858.00,818.00,858.00
6626302649460766,20170715,840.00,819.00,610,7374814,6193797928.00,819.00,875.00,858.00,864.00
6626302649460766,20170716,815.00,815.00,255,2531074,2062369341.00,808.00,834.00,840.00,834.00
6626302649460766,20170717,807.00,810.00,283,3441457,2776878024.00,801.00,827.00,815.00,815.00
6626302649460766,20170718,813.00,814.00,171,1824465,1483681874.00,807.00,825.00,807.00,809.00
6626302649460766,20170719,818.00,819.00,315,3889068,3181738586.00,811.00,831.00,813.00,811.00
6626302649460766,20170722,841.00,833.00,438,4808197,4045661875.00,814.00,853.00,818.00,814.00
6626302649460766,20170723,841.00,830.00,515,5260423,4426352404.00,830.00,864.00,841.00,850.00
6626302649460766,20170724,828.00,824.00,350,2978326,2464705694.00,821.00,841.00,841.00,827.00
6626302649460766,20170725,822.00,821.00,239,2704735,2224298251.00,816.00,838.00,828.00,820.00
6626302649460766,20170726,817.00,817.00,255,2783531,2274992526.00,812.00,831.00,822.00,822.00
6626302649460766,20170729,803.00,797.00,434,4624722,3713263915.00,787.00,830.00,817.00,830.00
6626302649460766,20170730,800.00,804.00,307,2975024,2380626917.00,797.00,810.00,803.00,797.00
6626302649460766,20170731,823.00,822.00,322,2419874,1991762726.00,805.00,837.00,800.00,805.00
6626302649460766,20170801,810.00,809.00,338,3293334,2666561568.00,804.00,834.00,823.00,834.00
6626302649460766,20170802,805.00,805.00,253,2959681,2383371576.00,801.00,815.00,810.00,810.00
6626302649460766,20170806,811.00,804.00,245,2092709,1696756052.00,802.00,829.00,805.00,802.00
6626302649460766,20170807,802.00,804.00,172,1855981,1488277439.00,800.00,807.00,811.00,806.00
6626302649460766,20170808,793.00,800.00,256,2143468,1699914312.00,790.00,807.00,802.00,806.00
6626302649460766,20170809,789.00,787.00,284,2468028,1948451443.00,786.00,800.00,793.00,799.00
6626302649460766,20170812,791.00,799.00,183,1996261,1579551262.00,786.00,805.00,789.00,790.00
6626302649460766,20170813,795.00,799.00,158,2061064,1637846300.00,788.00,805.00,791.00,802.00
6626302649460766,20170814,793.00,791.00,122,1434743,1137508917.00,789.00,800.00,795.00,789.00
6626302649460766,20170815,797.00,800.00,120,1765621,1406688118.00,787.00,804.00,793.00,790.00
6626302649460766,20170816,806.00,804.00,135,1421829,1145677002.00,799.00,814.00,797.00,802.00
6626302649460766,20170819,797.00,795.00,150,1902363,1516083266.00,790.00,808.00,806.00,791.00
6626302649460766,20170820,798.00,808.00,125,1607642,1283612606.00,790.00,808.00,797.00,797.00
6626302649460766,20170821,804.00,808.00,111,1872325,1506121404.00,793.00,809.00,798.00,793.00
6626302649460766,20170822,793.00,795.00,93,1208512,958802544.00,790.00,808.00,804.00,808.00
6626302649460766,20170823,791.00,794.00,153,2029908,1606124968.00,787.00,796.00,793.00,795.00
6626302649460766,20170826,788.00,786.00,88,628000,494548848.00,784.00,795.00,791.00,786.00
6626302649460766,20170827,783.00,781.00,165,1766458,1382376503.00,776.00,789.00,788.00,782.00
6626302649460766,20170828,782.00,777.00,161,1702550,1331945664.00,777.00,790.00,783.00,780.00
6626302649460766,20170829,773.00,780.00,376,5179821,4005439810.00,766.00,785.00,782.00,775.00
6626302649460766,20170830,782.00,779.00,149,1093541,854698846.00,775.00,795.00,773.00,776.00
6626302649460766,20170902,781.00,777.00,105,1183124,924223777.00,777.00,791.00,782.00,780.00
6626302649460766,20170903,778.00,775.00,214,2186003,1700667724.00,765.00,786.00,781.00,775.00
6626302649460766,20170904,745.00,755.00,683,8816547,6569543468.00,740.00,773.00,778.00,764.00
6626302649460766,20170905,753.00,754.00,200,1969430,1482771717.00,740.00,767.00,745.00,767.00
6626302649460766,20170906,733.00,733.00,325,3167901,2321798770.00,720.00,760.00,753.00,756.00
6626302649460766,20170910,724.00,730.00,211,2024795,1465328738.00,720.00,731.00,733.00,725.00
6626302649460766,20170911,724.00,726.00,146,1356037,982229674.00,720.00,738.00,724.00,735.00
6626302649460766,20170912,737.00,750.00,226,2117505,1559737062.00,721.00,752.00,724.00,725.00
6626302649460766,20170913,744.00,748.00,163,1519093,1129729895.00,731.00,759.00,737.00,731.00
6626302649460766,20170916,755.00,755.00,102,1048202,791411340.00,744.00,761.00,744.00,744.00
6626302649460766,20170917,747.00,736.00,205,2604731,1945988962.00,736.00,761.00,755.00,756.00
6626302649460766,20170918,744.00,743.00,73,450225,334094379.00,740.00,760.00,747.00,760.00
6626302649460766,20170919,736.00,735.00,157,1823188,1341861362.00,730.00,758.00,744.00,758.00
6626302649460766,20170920,742.00,736.00,136,1440780,1069091948.00,735.00,751.00,736.00,740.00
6626302649460766,20170923,740.00,740.00,139,992045,734424706.00,736.00,757.00,742.00,738.00
6626302649460766,20170924,736.00,736.00,141,1235030,909149111.00,730.00,745.00,740.00,736.00
6626302649460766,20170925,737.00,737.00,105,735969,542201649.00,730.00,741.00,736.00,732.00
6626302649460766,20170926,735.00,735.00,93,802679,589717534.00,731.00,742.00,737.00,737.00
6626302649460766,20170927,731.00,735.00,177,1452149,1061507988.00,727.00,740.00,735.00,737.00
6626302649460766,20171002,725.00,724.00,241,3002123,2175612369.00,719.00,748.00,731.00,730.00
6626302649460766,20171003,712.00,718.00,206,1746410,1243201612.00,707.00,723.00,725.00,719.00
6626302649460766,20171004,712.00,714.00,206,1876566,1335454759.00,707.00,725.00,712.00,725.00
6626302649460766,20171007,695.00,690.00,264,2153212,1496133654.00,687.00,710.00,712.00,710.00
6626302649460766,20171008,667.00,667.00,383,3789237,2526106660.00,661.00,687.00,695.00,687.00
6626302649460766,20171009,678.00,681.00,185,1709238,1158255255.00,670.00,682.00,667.00,679.00
6626302649460766,20171010,694.00,690.00,136,1135641,787674477.00,685.00,700.00,678.00,689.00
6626302649460766,20171011,682.00,693.00,143,999665,682253680.00,677.00,703.00,694.00,699.00
6626302649460766,20171014,698.00,698.00,97,861355,600910741.00,689.00,703.00,682.00,695.00
6626302649460766,20171015,699.00,694.00,96,713727,498648890.00,690.00,707.00,698.00,700.00
6626302649460766,20171016,695.00,693.00,136,1115421,774829140.00,684.00,701.00,699.00,684.00
6626302649460766,20171017,679.00,687.00,163,2561687,1739454895.00,675.00,695.00,695.00,695.00
6626302649460766,20171018,672.00,682.00,243,1608569,1080868343.00,665.00,687.00,679.00,680.00
6626302649460766,20171021,681.00,678.00,172,1272245,866558400.00,671.00,696.00,672.00,671.00
6626302649460766,20171022,678.00,681.00,141,1048223,710677078.00,671.00,695.00,681.00,695.00
6626302649460766,20171023,675.00,674.00,137,833903,563278044.00,671.00,684.00,678.00,672.00
6626302649460766,20171024,671.00,667.00,112,737921,495403136.00,667.00,680.00,675.00,680.00
6626302649460766,20171025,670.00,665.00,129,1518759,1017008505.00,665.00,676.00,671.00,672.00
6626302649460766,20171028,669.00,666.00,187,1543184,1032364139.00,662.00,680.00,670.00,669.00
6626302649460766,20171029,664.00,667.00,128,760357,505195778.00,661.00,677.00,669.00,662.00
6626302649460766,20171030,672.00,664.00,149,1456452,978027265.00,664.00,680.00,664.00,664.00
6626302649460766,20171031,667.00,664.00,189,2127531,1418640063.00,660.00,676.00,672.00,667.00
6626302649460766,20171101,663.00,662.00,286,2778127,1842754474.00,660.00,670.00,667.00,670.00
6626302649460766,20171104,661.00,668.00,246,2516731,1664755494.00,658.00,672.00,663.00,672.00
6626302649460766,20171105,685.00,694.00,358,4159629,2848898899.00,660.00,694.00,661.00,662.00
6626302649460766,20171106,718.00,719.00,265,4126644,2962337265.00,710.00,719.00,685.00,717.00
6626302649460766,20171107,715.00,703.00,698,8596428,6146791905.00,699.00,740.00,718.00,738.00
6626302649460766,20171108,716.00,712.00,383,4430667,3173257995.00,690.00,721.00,715.00,702.00
6626302649460766,20171111,702.00,699.00,148,1836282,1289453673.00,697.00,717.00,716.00,717.00
6626302649460766,20171112,686.00,682.00,177,1776627,1219475077.00,680.00,698.00,702.00,694.00
6626302649460766,20171113,715.00,720.00,468,5514020,3940126768.00,681.00,720.00,686.00,682.00
6626302649460766,20171114,719.00,719.00,257,2854223,2051148121.00,710.00,731.00,715.00,730.00
6626302649460766,20171115,712.00,710.00,129,1365992,973137374.00,694.00,725.00,719.00,701.00
6626302649460766,20171118,703.00,697.00,114,776681,546271211.00,696.00,720.00,712.00,705.00
6626302649460766,20171120,690.00,687.00,140,1072430,740222167.00,686.00,701.00,703.00,701.00
6626302649460766,20171121,686.00,680.00,180,1661056,1139453013.00,680.00,697.00,690.00,687.00
6626302649460766,20171122,687.00,686.00,99,715607,491367040.00,678.00,696.00,686.00,679.00
6626302649460766,20171125,690.00,684.00,156,1575177,1086961582.00,683.00,701.00,687.00,683.00
6626302649460766,20171126,684.00,684.00,162,1642714,1122919307.00,680.00,697.00,690.00,685.00
6626302649460766,20171128,709.00,718.00,503,5603081,3971528605.00,680.00,718.00,684.00,683.00
6626302649460766,20171129,717.00,710.00,305,3645731,2614276576.00,696.00,727.00,709.00,719.00
6626302649460766,20171202,720.00,721.00,389,4663914,3358054133.00,700.00,734.00,717.00,720.00
6626302649460766,20171203,750.00,746.00,818,11801978,8845717540.00,733.00,756.00,720.00,745.00
6626302649460766,20171204,766.00,766.00,1074,11778100,9023726523.00,728.00,781.00,750.00,748.00
6626302649460766,20171205,748.00,740.00,372,3869059,2892527225.00,735.00,765.00,766.00,765.00
6626302649460766,20171209,723.00,725.00,316,3131684,2263701833.00,716.00,747.00,748.00,741.00
6626302649460766,20171210,726.00,729.00,262,2250516,1634888425.00,716.00,741.00,723.00,725.00
6626302649460766,20171211,746.00,751.00,328,3106034,2317456028.00,730.00,755.00,726.00,743.00
6626302649460766,20171212,740.00,731.00,228,2329545,1723704947.00,725.00,759.00,746.00,747.00
6626302649460766,20171213,720.00,721.00,247,2606458,1876811463.00,715.00,734.00,740.00,730.00
6626302649460766,20171214,720.00,721.00,0,0,0.00,0.00,0.00,720.00,0.00
6626302649460766,20171215,720.00,721.00,0,0,0.00,0.00,0.00,720.00,0.00
6626302649460766,20171216,730.00,739.00,169,1694589,1237268254.00,716.00,741.00,720.00,737.00
6626302649460766,20171217,724.00,721.00,180,1718429,1244051426.00,720.00,742.00,730.00,742.00
6626302649460766,20171218,720.00,724.00,175,2004423,1443510114.00,715.00,728.00,724.00,716.00
6626302649460766,20171219,725.00,725.00,192,2112453,1531902225.00,719.00,730.00,720.00,719.00
6626302649460766,20171220,723.00,722.00,194,2349582,1699160060.00,721.00,729.00,725.00,725.00
6626302649460766,20171223,742.00,741.00,301,4324053,3208423312.00,723.00,753.00,723.00,723.00
6626302649460766,20171224,730.00,726.00,165,2305869,1682268133.00,725.00,741.00,742.00,735.00
6626302649460766,20171225,719.00,713.00,245,3106110,2232969100.00,713.00,730.00,730.00,730.00
6626302649460766,20171226,714.00,714.00,196,2121347,1514417443.00,707.00,734.00,719.00,714.00
6626302649460766,20171227,705.00,708.00,200,2297894,1619090403.00,699.00,720.00,714.00,712.00
6626302649460766,20171230,681.00,684.00,497,5518744,3757215970.00,675.00,706.00,705.00,706.00
6626302649460766,20171231,649.00,655.00,534,5886906,3820525359.00,647.00,678.00,681.00,678.00
6626302649460766,20180101,664.00,650.00,297,2666324,1770396743.00,641.00,675.00,649.00,641.00
6626302649460766,20180102,660.00,660.00,167,1930608,1274521555.00,651.00,674.00,664.00,660.00
6626302649460766,20180103,650.00,654.00,168,1360235,884228409.00,642.00,675.00,660.00,670.00
6626302649460766,20180106,669.00,673.00,124,1409554,942763194.00,644.00,673.00,650.00,644.00
6626302649460766,20180107,683.00,686.00,172,1749466,1194733206.00,669.00,689.00,669.00,670.00
6626302649460766,20180108,686.00,686.00,133,1343636,922278050.00,678.00,695.00,683.00,683.00
6626302649460766,20180109,674.00,670.00,140,1839292,1240594006.00,669.00,686.00,686.00,686.00
6626302649460766,20180110,670.00,668.00,133,1674989,1122208178.00,665.00,679.00,674.00,669.00
6626302649460766,20180113,675.00,677.00,114,949308,640778544.00,670.00,689.00,670.00,689.00
6626302649460766,20180114,676.00,677.00,119,1549912,1048034254.00,670.00,688.00,675.00,678.00
6626302649460766,20180115,671.00,666.00,234,4045263,2715021312.00,666.00,686.00,676.00,680.00
6626302649460766,20180116,666.00,666.00,163,2133488,1420785774.00,662.00,680.00,671.00,667.00
6626302649460766,20180117,668.00,668.00,131,1434192,957510094.00,664.00,678.00,666.00,670.00
6626302649460766,20180120,665.00,661.00,149,1627991,1081873671.00,656.00,683.00,668.00,666.00
6626302649460766,20180121,649.00,645.00,274,4003189,2599204084.00,645.00,659.00,665.00,657.00
6626302649460766,20180122,648.00,650.00,129,969602,628424103.00,645.00,652.00,649.00,650.00
6626302649460766,20180123,652.00,653.00,92,906911,590998780.00,646.00,662.00,648.00,646.00
6626302649460766,20180124,658.00,665.00,149,1514544,996334059.00,645.00,667.00,652.00,653.00
6626302649460766,20180127,658.00,663.00,139,1113042,732174741.00,650.00,667.00,658.00,660.00
6626302649460766,20180128,677.00,681.00,275,2742602,1857215723.00,661.00,684.00,658.00,661.00
6626302649460766,20180129,680.00,682.00,229,2487906,1691863672.00,665.00,690.00,677.00,677.00
6626302649460766,20180130,669.00,667.00,181,2732463,1828257092.00,661.00,681.00,680.00,670.00
6626302649460766,20180131,661.00,660.00,202,2495494,1648280352.00,654.00,676.00,669.00,670.00
6626302649460766,20180203,658.00,660.00,87,1207758,794839034.00,652.00,674.00,661.00,660.00
6626302649460766,20180204,664.00,670.00,193,1780657,1182328639.00,657.00,674.00,658.00,660.00
6626302649460766,20180205,691.00,697.00,633,11245518,7773741386.00,664.00,697.00,664.00,664.00
6626302649460766,20180206,711.00,709.00,597,6469999,4598910368.00,696.00,724.00,691.00,710.00
6626302649460766,20180207,688.00,682.00,190,1193692,821162634.00,681.00,709.00,711.00,709.00
6626302649460766,20180210,686.00,681.00,153,1496555,1027155520.00,672.00,700.00,688.00,683.00
6626302649460766,20180212,689.00,690.00,127,1112057,765843086.00,680.00,699.00,686.00,680.00
6626302649460766,20180213,680.00,676.00,108,842694,572915617.00,676.00,684.00,689.00,678.00
6626302649460766,20180214,669.00,670.00,276,3014661,2017464463.00,665.00,680.00,680.00,676.00
6626302649460766,20180217,673.00,668.00,159,2146988,1444977901.00,666.00,690.00,669.00,671.00
6626302649460766,20180218,668.00,667.00,104,851112,568821260.00,665.00,672.00,673.00,670.00
6626302649460766,20180219,667.00,679.00,102,900933,600529314.00,661.00,679.00,668.00,669.00
6626302649460766,20180221,681.00,674.00,186,2038262,1388131007.00,670.00,690.00,667.00,670.00
6626302649460766,20180224,694.00,690.00,394,5472842,3797174202.00,673.00,705.00,681.00,681.00
6626302649460766,20180225,716.00,728.00,997,12419748,8898629310.00,681.00,728.00,694.00,695.00
6626302649460766,20180226,722.00,717.00,483,5336330,3852936597.00,702.00,735.00,716.00,734.00
6626302649460766,20180227,697.00,692.00,357,3080867,2146748504.00,688.00,718.00,722.00,718.00
6626302649460766,20180228,685.00,690.00,295,2974841,2039198349.00,680.00,705.00,697.00,690.00
6626302649460766,20180303,700.00,710.00,688,7741983,5421493967.00,668.00,717.00,685.00,680.00
6626302649460766,20180304,705.00,700.00,279,2103584,1483421931.00,690.00,720.00,700.00,710.00
6626302649460766,20180305,687.00,682.00,187,1828543,1256856747.00,681.00,704.00,705.00,695.00
6626302649460766,20180306,682.00,680.00,139,1024390,698472247.00,675.00,697.00,687.00,680.00
6626302649460766,20180307,675.00,679.00,172,1651065,1114421900.00,673.00,690.00,682.00,678.00
6626302649460766,20180310,671.00,675.00,201,2189442,1469855492.00,670.00,680.00,675.00,675.00
6626302649460766,20180311,667.00,666.00,151,1376828,918469867.00,665.00,671.00,671.00,671.00
6626302649460766,20180312,667.00,666.00,0,0,0.00,0.00,0.00,667.00,0.00
6626302649460766,20180313,667.00,666.00,0,0,0.00,0.00,0.00,667.00,0.00
6626302649460766,20180314,667.00,666.00,0,0,0.00,0.00,0.00,667.00,0.00
6626302649460766,20180317,667.00,666.00,0,0,0.00,0.00,0.00,667.00,0.00
6626302649460766,20180318,667.00,666.00,0,0,0.00,0.00,0.00,667.00,0.00
6626302649460766,20180319,667.00,666.00,0,0,0.00,0.00,0.00,667.00,0.00
6626302649460766,20180325,667.00,666.00,0,0,0.00,0.00,0.00,667.00,0.00
6626302649460766,20180326,667.00,666.00,0,0,0.00,0.00,0.00,667.00,0.00
6626302649460766,20180327,667.00,666.00,0,0,0.00,0.00,0.00,667.00,0.00
6626302649460766,20180328,667.00,666.00,0,0,0.00,0.00,0.00,667.00,0.00
6626302649460766,20180403,667.00,666.00,0,0,0.00,0.00,0.00,667.00,0.00
6626302649460766,20180404,667.00,666.00,0,0,0.00,0.00,0.00,667.00,0.00
6626302649460766,20180407,667.00,666.00,0,0,0.00,0.00,0.00,667.00,0.00
6626302649460766,20180408,667.00,666.00,0,0,0.00,0.00,0.00,667.00,0.00
6626302649460766,20180409,667.00,666.00,0,0,0.00,0.00,0.00,667.00,0.00
6626302649460766,20180410,667.00,666.00,0,0,0.00,0.00,0.00,667.00,0.00
6626302649460766,20180411,667.00,666.00,0,0,0.00,0.00,0.00,667.00,0.00
6626302649460766,20180415,667.00,666.00,0,0,0.00,0.00,0.00,667.00,0.00
6626302649460766,20180416,667.00,666.00,0,0,0.00,0.00,0.00,667.00,0.00
6626302649460766,20180417,667.00,666.00,0,0,0.00,0.00,0.00,667.00,0.00
6626302649460766,20180418,667.00,666.00,0,0,0.00,0.00,0.00,667.00,0.00
6626302649460766,20180421,667.00,666.00,0,0,0.00,0.00,0.00,667.00,0.00
6626302649460766,20180422,667.00,666.00,0,0,0.00,0.00,0.00,667.00,0.00
6626302649460766,20180423,667.00,666.00,0,0,0.00,0.00,0.00,667.00,0.00
6626302649460766,20180424,667.00,666.00,0,0,0.00,0.00,0.00,667.00,0.00
6626302649460766,20180425,667.00,666.00,0,0,0.00,0.00,0.00,667.00,0.00
6626302649460766,20180428,667.00,666.00,0,0,0.00,0.00,0.00,667.00,0.00
6626302649460766,20180429,667.00,666.00,0,0,0.00,0.00,0.00,667.00,0.00
6626302649460766,20180430,667.00,666.00,0,0,0.00,0.00,0.00,667.00,0.00
6626302649460766,20180501,667.00,666.00,0,0,0.00,0.00,0.00,667.00,0.00
6626302649460766,20180505,667.00,666.00,0,0,0.00,0.00,0.00,667.00,0.00
6626302649460766,20180506,667.00,666.00,0,0,0.00,0.00,0.00,667.00,0.00
6626302649460766,20180507,667.00,666.00,0,0,0.00,0.00,0.00,667.00,0.00
6626302649460766,20180508,667.00,666.00,0,0,0.00,0.00,0.00,667.00,0.00
6626302649460766,20180509,667.00,666.00,0,0,0.00,0.00,0.00,667.00,0.00
6626302649460766,20180512,667.00,666.00,0,0,0.00,0.00,0.00,667.00,0.00
6626302649460766,20180513,667.00,666.00,0,0,0.00,0.00,0.00,667.00,0.00
6626302649460766,20180514,667.00,666.00,0,0,0.00,0.00,0.00,667.00,0.00
6626302649460766,20180515,667.00,666.00,0,0,0.00,0.00,0.00,667.00,0.00
6626302649460766,20180516,667.00,666.00,0,0,0.00,0.00,0.00,667.00,0.00
6626302649460766,20180519,667.00,666.00,0,0,0.00,0.00,0.00,667.00,0.00
6626302649460766,20180520,667.00,666.00,0,0,0.00,0.00,0.00,667.00,0.00
6626302649460766,20180521,667.00,666.00,0,0,0.00,0.00,0.00,667.00,0.00
6626302649460766,20180522,667.00,666.00,0,0,0.00,0.00,0.00,667.00,0.00
6626302649460766,20180523,667.00,666.00,0,0,0.00,0.00,0.00,667.00,0.00
6626302649460766,20180526,667.00,666.00,0,0,0.00,0.00,0.00,667.00,0.00
6626302649460766,20180527,667.00,666.00,0,0,0.00,0.00,0.00,667.00,0.00
6626302649460766,20180528,667.00,666.00,0,0,0.00,0.00,0.00,667.00,0.00
6626302649460766,20180529,667.00,666.00,0,0,0.00,0.00,0.00,667.00,0.00
6626302649460766,20180530,667.00,666.00,0,0,0.00,0.00,0.00,667.00,0.00
6626302649460766,20180602,667.00,666.00,0,0,0.00,0.00,0.00,667.00,0.00
6626302649460766,20180603,667.00,666.00,0,0,0.00,0.00,0.00,667.00,0.00
6626302649460766,20180609,667.00,666.00,0,0,0.00,0.00,0.00,667.00,0.00
6626302649460766,20180610,667.00,666.00,0,0,0.00,0.00,0.00,667.00,0.00
6626302649460766,20180611,667.00,666.00,0,0,0.00,0.00,0.00,667.00,0.00
6626302649460766,20180612,667.00,666.00,0,0,0.00,0.00,0.00,667.00,0.00
6626302649460766,20180613,667.00,666.00,0,0,0.00,0.00,0.00,667.00,0.00
