68371094230020017,20140712,1000.00,1000.00,0,0,0.00,0.00,0.00,1000.00,0.00
68371094230020017,20140713,1000.00,1000.00,0,0,0.00,0.00,0.00,1000.00,0.00
68371094230020017,20140714,1000.00,1000.00,0,0,0.00,0.00,0.00,1000.00,0.00
68371094230020017,20140715,1000.00,1000.00,0,0,0.00,0.00,0.00,1000.00,0.00
68371094230020017,20140716,1000.00,1000.00,0,0,0.00,0.00,0.00,1000.00,0.00
68371094230020017,20140720,1000.00,1000.00,0,0,0.00,0.00,0.00,1000.00,0.00
68371094230020017,20140721,1000.00,1000.00,0,0,0.00,0.00,0.00,1000.00,0.00
68371094230020017,20140722,1000.00,1000.00,0,0,0.00,0.00,0.00,1000.00,0.00
68371094230020017,20140723,1000.00,1000.00,0,0,0.00,0.00,0.00,1000.00,0.00
68371094230020017,20140726,1000.00,1000.00,0,0,0.00,0.00,0.00,1000.00,0.00
68371094230020017,20140727,1000.00,1000.00,0,0,0.00,0.00,0.00,1000.00,0.00
68371094230020017,20140728,1000.00,1000.00,0,0,0.00,0.00,0.00,1000.00,0.00
68371094230020017,20140802,1000.00,1000.00,0,0,0.00,0.00,0.00,1000.00,0.00
68371094230020017,20140803,1000.00,1000.00,0,0,0.00,0.00,0.00,1000.00,0.00
68371094230020017,20140804,1000.00,1000.00,0,0,0.00,0.00,0.00,1000.00,0.00
68371094230020017,20140805,1000.00,1000.00,0,0,0.00,0.00,0.00,1000.00,0.00
68371094230020017,20140806,1000.00,1000.00,0,0,0.00,0.00,0.00,1000.00,0.00
68371094230020017,20140809,1000.00,1000.00,0,0,0.00,0.00,0.00,1000.00,0.00
68371094230020017,20140810,1000.00,1000.00,0,0,0.00,0.00,0.00,1000.00,0.00
68371094230020017,20140811,1000.00,1000.00,0,0,0.00,0.00,0.00,1000.00,0.00
68371094230020017,20140812,1000.00,1000.00,0,0,0.00,0.00,0.00,1000.00,0.00
68371094230020017,20140813,1000.00,1000.00,0,0,0.00,0.00,0.00,1000.00,0.00
68371094230020017,20140816,1000.00,1000.00,0,0,0.00,0.00,0.00,1000.00,0.00
68371094230020017,20140817,1000.00,1000.00,0,0,0.00,0.00,0.00,1000.00,0.00
68371094230020017,20140818,1000.00,1000.00,0,0,0.00,0.00,0.00,1000.00,0.00
68371094230020017,20140819,1000.00,1000.00,0,0,0.00,0.00,0.00,1000.00,0.00
68371094230020017,20140820,1000.00,1000.00,0,0,0.00,0.00,0.00,1000.00,0.00
68371094230020017,20140823,1000.00,1000.00,0,0,0.00,0.00,0.00,1000.00,0.00
68371094230020017,20140824,1000.00,1000.00,0,0,0.00,0.00,0.00,1000.00,0.00
68371094230020017,20140825,1000.00,1000.00,0,0,0.00,0.00,0.00,1000.00,0.00
68371094230020017,20140826,1000.00,1000.00,0,0,0.00,0.00,0.00,1000.00,0.00
68371094230020017,20140827,1000.00,1000.00,0,0,0.00,0.00,0.00,1000.00,0.00
68371094230020017,20140830,1000.00,1000.00,0,0,0.00,0.00,0.00,1000.00,0.00
68371094230020017,20140831,1000.00,1000.00,0,0,0.00,0.00,0.00,1000.00,0.00
68371094230020017,20140901,1000.00,1000.00,0,0,0.00,0.00,0.00,1000.00,0.00
68371094230020017,20140902,1000.00,1000.00,0,0,0.00,0.00,0.00,1000.00,0.00
68371094230020017,20140903,1000.00,1000.00,0,0,0.00,0.00,0.00,1000.00,0.00
68371094230020017,20140906,1000.00,1000.00,0,0,0.00,0.00,0.00,1000.00,0.00
68371094230020017,20140907,1000.00,1000.00,0,0,0.00,0.00,0.00,1000.00,0.00
68371094230020017,20140908,1000.00,1000.00,0,0,0.00,0.00,0.00,1000.00,0.00
68371094230020017,20140909,1000.00,1000.00,0,0,0.00,0.00,0.00,1000.00,0.00
68371094230020017,20140910,1000.00,1000.00,0,0,0.00,0.00,0.00,1000.00,0.00
68371094230020017,20140913,1000.00,1000.00,0,0,0.00,0.00,0.00,1000.00,0.00
68371094230020017,20140914,1000.00,1000.00,0,0,0.00,0.00,0.00,1000.00,0.00
68371094230020017,20140915,1000.00,1000.00,0,0,0.00,0.00,0.00,1000.00,0.00
68371094230020017,20140916,1000.00,1000.00,0,0,0.00,0.00,0.00,1000.00,0.00
68371094230020017,20140917,1000.00,1000.00,0,0,0.00,0.00,0.00,1000.00,0.00
68371094230020017,20140920,1000.00,1000.00,0,0,0.00,0.00,0.00,1000.00,0.00
68371094230020017,20140921,1000.00,1000.00,0,0,0.00,0.00,0.00,1000.00,0.00
68371094230020017,20140922,1000.00,1000.00,0,0,0.00,0.00,0.00,1000.00,0.00
68371094230020017,20140923,1000.00,1000.00,0,0,0.00,0.00,0.00,1000.00,0.00
68371094230020017,20140924,1000.00,1000.00,0,0,0.00,0.00,0.00,1000.00,0.00
68371094230020017,20140927,1000.00,1000.00,0,0,0.00,0.00,0.00,1000.00,0.00
68371094230020017,20140928,1000.00,1000.00,0,0,0.00,0.00,0.00,1000.00,0.00
68371094230020017,20140929,1000.00,1000.00,0,0,0.00,0.00,0.00,1000.00,0.00
68371094230020017,20140930,1000.00,1000.00,0,0,0.00,0.00,0.00,1000.00,0.00
68371094230020017,20141001,6232.00,7000.00,2,700000,4362500000.00,4850.00,7000.00,1000.00,4850.00
68371094230020017,20141004,6232.00,7000.00,0,0,0.00,0.00,0.00,6232.00,0.00
68371094230020017,20141006,6232.00,7000.00,0,0,0.00,0.00,0.00,6232.00,0.00
68371094230020017,20141007,6232.00,7000.00,0,0,0.00,0.00,0.00,6232.00,0.00
68371094230020017,20141008,6232.00,7000.00,0,0,0.00,0.00,0.00,6232.00,0.00
68371094230020017,20141011,6232.00,7000.00,0,0,0.00,0.00,0.00,6232.00,0.00
68371094230020017,20141012,6232.00,7000.00,0,0,0.00,0.00,0.00,6232.00,0.00
68371094230020017,20141014,6232.00,7000.00,0,0,0.00,0.00,0.00,6232.00,0.00
68371094230020017,20141015,6232.00,7000.00,0,0,0.00,0.00,0.00,6232.00,0.00
68371094230020017,20141018,6232.00,7000.00,0,0,0.00,0.00,0.00,6232.00,0.00
68371094230020017,20141019,6232.00,7000.00,0,0,0.00,0.00,0.00,6232.00,0.00
68371094230020017,20141020,6232.00,7000.00,0,0,0.00,0.00,0.00,6232.00,0.00
68371094230020017,20141021,6232.00,7000.00,0,0,0.00,0.00,0.00,6232.00,0.00
68371094230020017,20141022,6232.00,7000.00,0,0,0.00,0.00,0.00,6232.00,0.00
68371094230020017,20141025,6232.00,7000.00,0,0,0.00,0.00,0.00,6232.00,0.00
68371094230020017,20141026,6232.00,7000.00,0,0,0.00,0.00,0.00,6232.00,0.00
68371094230020017,20141027,6232.00,7000.00,0,0,0.00,0.00,0.00,6232.00,0.00
68371094230020017,20141028,6232.00,7000.00,0,0,0.00,0.00,0.00,6232.00,0.00
68371094230020017,20141029,6232.00,7000.00,0,0,0.00,0.00,0.00,6232.00,0.00
68371094230020017,20141101,6232.00,7000.00,0,0,0.00,0.00,0.00,6232.00,0.00
68371094230020017,20141102,6232.00,7000.00,0,0,0.00,0.00,0.00,6232.00,0.00
68371094230020017,20141105,6232.00,7000.00,0,0,0.00,0.00,0.00,6232.00,0.00
68371094230020017,20141108,6232.00,7000.00,0,0,0.00,0.00,0.00,6232.00,0.00
68371094230020017,20141109,6232.00,7000.00,0,0,0.00,0.00,0.00,6232.00,0.00
68371094230020017,20141110,6232.00,7000.00,0,0,0.00,0.00,0.00,6232.00,0.00
68371094230020017,20141111,6232.00,7000.00,0,0,0.00,0.00,0.00,6232.00,0.00
68371094230020017,20141112,6232.00,7000.00,0,0,0.00,0.00,0.00,6232.00,0.00
68371094230020017,20141115,6232.00,7000.00,0,0,0.00,0.00,0.00,6232.00,0.00
68371094230020017,20141116,6232.00,7000.00,0,0,0.00,0.00,0.00,6232.00,0.00
68371094230020017,20141117,6232.00,7000.00,0,0,0.00,0.00,0.00,6232.00,0.00
68371094230020017,20141118,6232.00,7000.00,0,0,0.00,0.00,0.00,6232.00,0.00
68371094230020017,20141119,6232.00,7000.00,0,0,0.00,0.00,0.00,6232.00,0.00
68371094230020017,20141122,6232.00,7000.00,0,0,0.00,0.00,0.00,6232.00,0.00
68371094230020017,20141123,6232.00,7000.00,0,0,0.00,0.00,0.00,6232.00,0.00
68371094230020017,20141124,6232.00,7000.00,0,0,0.00,0.00,0.00,6232.00,0.00
68371094230020017,20141125,6232.00,7000.00,0,0,0.00,0.00,0.00,6232.00,0.00
68371094230020017,20141126,6232.00,7000.00,0,0,0.00,0.00,0.00,6232.00,0.00
68371094230020017,20141129,6232.00,7000.00,0,0,0.00,0.00,0.00,6232.00,0.00
68371094230020017,20141130,6232.00,7000.00,0,0,0.00,0.00,0.00,6232.00,0.00
68371094230020017,20141201,6232.00,7000.00,0,0,0.00,0.00,0.00,6232.00,0.00
68371094230020017,20141202,6232.00,7000.00,0,0,0.00,0.00,0.00,6232.00,0.00
68371094230020017,20141203,6232.00,7000.00,0,0,0.00,0.00,0.00,6232.00,0.00
68371094230020017,20141206,6232.00,7000.00,0,0,0.00,0.00,0.00,6232.00,0.00
68371094230020017,20141207,6232.00,7000.00,0,0,0.00,0.00,0.00,6232.00,0.00
68371094230020017,20141208,6232.00,7000.00,0,0,0.00,0.00,0.00,6232.00,0.00
68371094230020017,20141209,6232.00,7000.00,0,0,0.00,0.00,0.00,6232.00,0.00
68371094230020017,20141210,6232.00,7000.00,0,0,0.00,0.00,0.00,6232.00,0.00
68371094230020017,20141214,6232.00,7000.00,0,0,0.00,0.00,0.00,6232.00,0.00
68371094230020017,20141215,6232.00,7000.00,0,0,0.00,0.00,0.00,6232.00,0.00
68371094230020017,20141216,6232.00,7000.00,0,0,0.00,0.00,0.00,6232.00,0.00
68371094230020017,20141217,6232.00,7000.00,0,0,0.00,0.00,0.00,6232.00,0.00
68371094230020017,20141220,6232.00,7000.00,0,0,0.00,0.00,0.00,6232.00,0.00
68371094230020017,20141222,6232.00,7000.00,0,0,0.00,0.00,0.00,6232.00,0.00
68371094230020017,20141224,6232.00,7000.00,0,0,0.00,0.00,0.00,6232.00,0.00
68371094230020017,20141227,6232.00,7000.00,0,0,0.00,0.00,0.00,6232.00,0.00
68371094230020017,20141228,6232.00,7000.00,0,0,0.00,0.00,0.00,6232.00,0.00
68371094230020017,20141229,6232.00,7000.00,0,0,0.00,0.00,0.00,6232.00,0.00
68371094230020017,20141230,6232.00,7000.00,0,0,0.00,0.00,0.00,6232.00,0.00
68371094230020017,20141231,6232.00,7000.00,0,0,0.00,0.00,0.00,6232.00,0.00
68371094230020017,20150103,6232.00,7000.00,0,0,0.00,0.00,0.00,6232.00,0.00
68371094230020017,20150104,6232.00,7000.00,0,0,0.00,0.00,0.00,6232.00,0.00
68371094230020017,20150105,6232.00,7000.00,0,0,0.00,0.00,0.00,6232.00,0.00
68371094230020017,20150106,6232.00,7000.00,0,0,0.00,0.00,0.00,6232.00,0.00
68371094230020017,20150107,6232.00,7000.00,0,0,0.00,0.00,0.00,6232.00,0.00
68371094230020017,20150110,6232.00,7000.00,0,0,0.00,0.00,0.00,6232.00,0.00
68371094230020017,20150111,6232.00,7000.00,0,0,0.00,0.00,0.00,6232.00,0.00
68371094230020017,20150112,6232.00,7000.00,0,0,0.00,0.00,0.00,6232.00,0.00
68371094230020017,20150113,6232.00,7000.00,0,0,0.00,0.00,0.00,6232.00,0.00
68371094230020017,20150114,6232.00,7000.00,0,0,0.00,0.00,0.00,6232.00,0.00
68371094230020017,20150117,6232.00,7000.00,0,0,0.00,0.00,0.00,6232.00,0.00
68371094230020017,20150118,6232.00,7000.00,0,0,0.00,0.00,0.00,6232.00,0.00
68371094230020017,20150119,6232.00,7000.00,0,0,0.00,0.00,0.00,6232.00,0.00
68371094230020017,20150120,6232.00,7000.00,0,0,0.00,0.00,0.00,6232.00,0.00
68371094230020017,20150121,6232.00,7000.00,0,0,0.00,0.00,0.00,6232.00,0.00
68371094230020017,20150124,6232.00,7000.00,0,0,0.00,0.00,0.00,6232.00,0.00
68371094230020017,20150125,6232.00,7000.00,0,0,0.00,0.00,0.00,6232.00,0.00
68371094230020017,20150126,6232.00,7000.00,0,0,0.00,0.00,0.00,6232.00,0.00
68371094230020017,20150127,6232.00,7000.00,0,0,0.00,0.00,0.00,6232.00,0.00
68371094230020017,20150128,6232.00,7000.00,0,0,0.00,0.00,0.00,6232.00,0.00
68371094230020017,20150131,6232.00,7000.00,0,0,0.00,0.00,0.00,6232.00,0.00
68371094230020017,20150201,6232.00,7000.00,0,0,0.00,0.00,0.00,6232.00,0.00
68371094230020017,20150202,6232.00,7000.00,0,0,0.00,0.00,0.00,6232.00,0.00
68371094230020017,20150203,6232.00,7000.00,0,0,0.00,0.00,0.00,6232.00,0.00
68371094230020017,20150204,6232.00,7000.00,0,0,0.00,0.00,0.00,6232.00,0.00
68371094230020017,20150207,6232.00,7000.00,0,0,0.00,0.00,0.00,6232.00,0.00
68371094230020017,20150208,6232.00,7000.00,0,0,0.00,0.00,0.00,6232.00,0.00
68371094230020017,20150209,6232.00,7000.00,0,0,0.00,0.00,0.00,6232.00,0.00
68371094230020017,20150210,6232.00,7000.00,0,0,0.00,0.00,0.00,6232.00,0.00
68371094230020017,20150214,6232.00,7000.00,0,0,0.00,0.00,0.00,6232.00,0.00
68371094230020017,20150215,6232.00,7000.00,0,0,0.00,0.00,0.00,6232.00,0.00
68371094230020017,20150216,6232.00,7000.00,0,0,0.00,0.00,0.00,6232.00,0.00
68371094230020017,20150217,6232.00,7000.00,0,0,0.00,0.00,0.00,6232.00,0.00
68371094230020017,20150218,6232.00,7000.00,0,0,0.00,0.00,0.00,6232.00,0.00
68371094230020017,20150221,6232.00,7000.00,0,0,0.00,0.00,0.00,6232.00,0.00
68371094230020017,20150222,6232.00,7000.00,0,0,0.00,0.00,0.00,6232.00,0.00
68371094230020017,20150223,6232.00,7000.00,0,0,0.00,0.00,0.00,6232.00,0.00
68371094230020017,20150224,6232.00,7000.00,0,0,0.00,0.00,0.00,6232.00,0.00
68371094230020017,20150225,6232.00,7000.00,0,0,0.00,0.00,0.00,6232.00,0.00
68371094230020017,20150228,6232.00,7000.00,0,0,0.00,0.00,0.00,6232.00,0.00
68371094230020017,20150301,6232.00,7000.00,0,0,0.00,0.00,0.00,6232.00,0.00
68371094230020017,20150302,6232.00,7000.00,0,0,0.00,0.00,0.00,6232.00,0.00
68371094230020017,20150303,6232.00,7000.00,0,0,0.00,0.00,0.00,6232.00,0.00
68371094230020017,20150304,6232.00,7000.00,0,0,0.00,0.00,0.00,6232.00,0.00
68371094230020017,20150307,6232.00,7000.00,0,0,0.00,0.00,0.00,6232.00,0.00
68371094230020017,20150308,6232.00,7000.00,0,0,0.00,0.00,0.00,6232.00,0.00
68371094230020017,20150309,6232.00,7000.00,0,0,0.00,0.00,0.00,6232.00,0.00
68371094230020017,20150310,6232.00,7000.00,0,0,0.00,0.00,0.00,6232.00,0.00
68371094230020017,20150311,6232.00,7000.00,0,0,0.00,0.00,0.00,6232.00,0.00
68371094230020017,20150314,6232.00,7000.00,0,0,0.00,0.00,0.00,6232.00,0.00
68371094230020017,20150315,6232.00,7000.00,0,0,0.00,0.00,0.00,6232.00,0.00
68371094230020017,20150316,6232.00,7000.00,0,0,0.00,0.00,0.00,6232.00,0.00
68371094230020017,20150317,6232.00,7000.00,0,0,0.00,0.00,0.00,6232.00,0.00
68371094230020017,20150318,6232.00,7000.00,0,0,0.00,0.00,0.00,6232.00,0.00
68371094230020017,20150325,6232.00,7000.00,0,0,0.00,0.00,0.00,6232.00,0.00
68371094230020017,20150328,6232.00,7000.00,0,0,0.00,0.00,0.00,6232.00,0.00
68371094230020017,20150329,7100.00,7100.00,2,200000,1420000000.00,7100.00,7100.00,6232.00,7100.00
68371094230020017,20150330,6100.00,6100.00,2,5916200,36090820000.00,6100.00,6101.00,7100.00,6101.00
68371094230020017,20150331,6100.00,6100.00,0,0,0.00,0.00,0.00,6100.00,0.00
68371094230020017,20150404,6100.00,6100.00,0,0,0.00,0.00,0.00,6100.00,0.00
68371094230020017,20150405,6100.00,6100.00,0,0,0.00,0.00,0.00,6100.00,0.00
68371094230020017,20150406,6100.00,6100.00,0,0,0.00,0.00,0.00,6100.00,0.00
68371094230020017,20150407,6100.00,6100.00,0,0,0.00,0.00,0.00,6100.00,0.00
68371094230020017,20150408,6100.00,6100.00,0,0,0.00,0.00,0.00,6100.00,0.00
68371094230020017,20150411,6100.00,6100.00,0,0,0.00,0.00,0.00,6100.00,0.00
68371094230020017,20150412,6100.00,6100.00,0,0,0.00,0.00,0.00,6100.00,0.00
68371094230020017,20150413,6100.00,6100.00,0,0,0.00,0.00,0.00,6100.00,0.00
68371094230020017,20150414,6100.00,6100.00,0,0,0.00,0.00,0.00,6100.00,0.00
68371094230020017,20150415,6100.00,6100.00,0,0,0.00,0.00,0.00,6100.00,0.00
68371094230020017,20150418,6100.00,6100.00,0,0,0.00,0.00,0.00,6100.00,0.00
68371094230020017,20150419,6100.00,6100.00,0,0,0.00,0.00,0.00,6100.00,0.00
68371094230020017,20150420,6100.00,6100.00,0,0,0.00,0.00,0.00,6100.00,0.00
68371094230020017,20150421,6100.00,6100.00,0,0,0.00,0.00,0.00,6100.00,0.00
68371094230020017,20150422,6100.00,6100.00,0,0,0.00,0.00,0.00,6100.00,0.00
68371094230020017,20150425,6100.00,6100.00,0,0,0.00,0.00,0.00,6100.00,0.00
68371094230020017,20150426,6100.00,6100.00,0,0,0.00,0.00,0.00,6100.00,0.00
68371094230020017,20150427,6100.00,6100.00,0,0,0.00,0.00,0.00,6100.00,0.00
68371094230020017,20150428,6100.00,6100.00,0,0,0.00,0.00,0.00,6100.00,0.00
68371094230020017,20150429,6100.00,6100.00,0,0,0.00,0.00,0.00,6100.00,0.00
68371094230020017,20150503,6100.00,6100.00,0,0,0.00,0.00,0.00,6100.00,0.00
68371094230020017,20150504,6100.00,6100.00,0,0,0.00,0.00,0.00,6100.00,0.00
68371094230020017,20150505,6100.00,6100.00,0,0,0.00,0.00,0.00,6100.00,0.00
68371094230020017,20150506,6100.00,6100.00,0,0,0.00,0.00,0.00,6100.00,0.00
68371094230020017,20150509,6100.00,6100.00,0,0,0.00,0.00,0.00,6100.00,0.00
68371094230020017,20150510,6100.00,6100.00,0,0,0.00,0.00,0.00,6100.00,0.00
68371094230020017,20150511,6100.00,6100.00,0,0,0.00,0.00,0.00,6100.00,0.00
68371094230020017,20150512,6100.00,6100.00,0,0,0.00,0.00,0.00,6100.00,0.00
68371094230020017,20150513,6100.00,6100.00,0,0,0.00,0.00,0.00,6100.00,0.00
68371094230020017,20150517,6100.00,6100.00,0,0,0.00,0.00,0.00,6100.00,0.00
68371094230020017,20150518,6100.00,6100.00,0,0,0.00,0.00,0.00,6100.00,0.00
68371094230020017,20150519,6100.00,6100.00,0,0,0.00,0.00,0.00,6100.00,0.00
68371094230020017,20150520,6100.00,6100.00,0,0,0.00,0.00,0.00,6100.00,0.00
68371094230020017,20150523,6100.00,6100.00,0,0,0.00,0.00,0.00,6100.00,0.00
68371094230020017,20150524,6100.00,6100.00,0,0,0.00,0.00,0.00,6100.00,0.00
68371094230020017,20150525,6100.00,6100.00,0,0,0.00,0.00,0.00,6100.00,0.00
68371094230020017,20150526,6100.00,6100.00,0,0,0.00,0.00,0.00,6100.00,0.00
68371094230020017,20150527,6100.00,6100.00,0,0,0.00,0.00,0.00,6100.00,0.00
68371094230020017,20150530,6100.00,6100.00,0,0,0.00,0.00,0.00,6100.00,0.00
68371094230020017,20150531,6100.00,6100.00,0,0,0.00,0.00,0.00,6100.00,0.00
68371094230020017,20150601,6100.00,6100.00,0,0,0.00,0.00,0.00,6100.00,0.00
68371094230020017,20150602,6100.00,6100.00,0,0,0.00,0.00,0.00,6100.00,0.00
68371094230020017,20150606,6100.00,6100.00,0,0,0.00,0.00,0.00,6100.00,0.00
68371094230020017,20150607,6100.00,6100.00,0,0,0.00,0.00,0.00,6100.00,0.00
68371094230020017,20150608,6100.00,6100.00,0,0,0.00,0.00,0.00,6100.00,0.00
68371094230020017,20150609,6100.00,6100.00,0,0,0.00,0.00,0.00,6100.00,0.00
68371094230020017,20150610,6100.00,6100.00,0,0,0.00,0.00,0.00,6100.00,0.00
68371094230020017,20150613,6100.00,6100.00,0,0,0.00,0.00,0.00,6100.00,0.00
68371094230020017,20150614,6100.00,6100.00,0,0,0.00,0.00,0.00,6100.00,0.00
68371094230020017,20150615,6100.00,6100.00,0,0,0.00,0.00,0.00,6100.00,0.00
68371094230020017,20150616,6100.00,6100.00,0,0,0.00,0.00,0.00,6100.00,0.00
68371094230020017,20150617,6100.00,6100.00,0,0,0.00,0.00,0.00,6100.00,0.00
68371094230020017,20150620,6100.00,6100.00,0,0,0.00,0.00,0.00,6100.00,0.00
68371094230020017,20150621,6100.00,6100.00,0,0,0.00,0.00,0.00,6100.00,0.00
68371094230020017,20150622,6100.00,6100.00,0,0,0.00,0.00,0.00,6100.00,0.00
68371094230020017,20150623,6100.00,6100.00,0,0,0.00,0.00,0.00,6100.00,0.00
68371094230020017,20150624,6100.00,6100.00,0,0,0.00,0.00,0.00,6100.00,0.00
68371094230020017,20150627,6100.00,6100.00,0,0,0.00,0.00,0.00,6100.00,0.00
68371094230020017,20150628,6100.00,6100.00,0,0,0.00,0.00,0.00,6100.00,0.00
68371094230020017,20150629,6100.00,6100.00,0,0,0.00,0.00,0.00,6100.00,0.00
68371094230020017,20150630,6100.00,6100.00,0,0,0.00,0.00,0.00,6100.00,0.00
68371094230020017,20150701,6100.00,6100.00,0,0,0.00,0.00,0.00,6100.00,0.00
68371094230020017,20150704,6100.00,6100.00,0,0,0.00,0.00,0.00,6100.00,0.00
68371094230020017,20150705,6100.00,6100.00,0,0,0.00,0.00,0.00,6100.00,0.00
68371094230020017,20150706,6100.00,6100.00,0,0,0.00,0.00,0.00,6100.00,0.00
68371094230020017,20150707,6100.00,6100.00,0,0,0.00,0.00,0.00,6100.00,0.00
68371094230020017,20150711,6100.00,6100.00,0,0,0.00,0.00,0.00,6100.00,0.00
68371094230020017,20150712,6100.00,6100.00,0,0,0.00,0.00,0.00,6100.00,0.00
68371094230020017,20150713,6100.00,6100.00,0,0,0.00,0.00,0.00,6100.00,0.00
68371094230020017,20150714,6100.00,6100.00,0,0,0.00,0.00,0.00,6100.00,0.00
68371094230020017,20150715,6100.00,6100.00,0,0,0.00,0.00,0.00,6100.00,0.00
68371094230020017,20150719,6100.00,6100.00,0,0,0.00,0.00,0.00,6100.00,0.00
68371094230020017,20150720,6100.00,6100.00,0,0,0.00,0.00,0.00,6100.00,0.00
68371094230020017,20150721,6100.00,6100.00,0,0,0.00,0.00,0.00,6100.00,0.00
68371094230020017,20150722,6100.00,6100.00,0,0,0.00,0.00,0.00,6100.00,0.00
68371094230020017,20150725,6100.00,6100.00,0,0,0.00,0.00,0.00,6100.00,0.00
68371094230020017,20150726,6100.00,6100.00,0,0,0.00,0.00,0.00,6100.00,0.00
68371094230020017,20150727,6100.00,6100.00,0,0,0.00,0.00,0.00,6100.00,0.00
68371094230020017,20150728,6100.00,6100.00,0,0,0.00,0.00,0.00,6100.00,0.00
68371094230020017,20150729,6100.00,6100.00,0,0,0.00,0.00,0.00,6100.00,0.00
68371094230020017,20150801,6100.00,6100.00,0,0,0.00,0.00,0.00,6100.00,0.00
68371094230020017,20150802,6100.00,6100.00,0,0,0.00,0.00,0.00,6100.00,0.00
68371094230020017,20150803,6100.00,6100.00,0,0,0.00,0.00,0.00,6100.00,0.00
68371094230020017,20150804,6100.00,6100.00,0,0,0.00,0.00,0.00,6100.00,0.00
68371094230020017,20150805,6100.00,6100.00,0,0,0.00,0.00,0.00,6100.00,0.00
68371094230020017,20150808,6100.00,6100.00,0,0,0.00,0.00,0.00,6100.00,0.00
68371094230020017,20150809,6100.00,6100.00,0,0,0.00,0.00,0.00,6100.00,0.00
68371094230020017,20150810,6100.00,6100.00,0,0,0.00,0.00,0.00,6100.00,0.00
68371094230020017,20150812,6100.00,6100.00,0,0,0.00,0.00,0.00,6100.00,0.00
68371094230020017,20150815,6100.00,6100.00,0,0,0.00,0.00,0.00,6100.00,0.00
68371094230020017,20150816,6100.00,6100.00,0,0,0.00,0.00,0.00,6100.00,0.00
68371094230020017,20150817,6100.00,6100.00,0,0,0.00,0.00,0.00,6100.00,0.00
68371094230020017,20150818,6100.00,6100.00,0,0,0.00,0.00,0.00,6100.00,0.00
68371094230020017,20150819,6100.00,6100.00,0,0,0.00,0.00,0.00,6100.00,0.00
68371094230020017,20150822,6100.00,6100.00,0,0,0.00,0.00,0.00,6100.00,0.00
68371094230020017,20150823,6100.00,6100.00,0,0,0.00,0.00,0.00,6100.00,0.00
68371094230020017,20150824,6100.00,6100.00,0,0,0.00,0.00,0.00,6100.00,0.00
68371094230020017,20150825,6100.00,6100.00,0,0,0.00,0.00,0.00,6100.00,0.00
68371094230020017,20150826,6100.00,6100.00,0,0,0.00,0.00,0.00,6100.00,0.00
68371094230020017,20150829,6100.00,6100.00,0,0,0.00,0.00,0.00,6100.00,0.00
68371094230020017,20150830,6100.00,6100.00,0,0,0.00,0.00,0.00,6100.00,0.00
68371094230020017,20150831,6100.00,6100.00,0,0,0.00,0.00,0.00,6100.00,0.00
68371094230020017,20150901,6100.00,6100.00,0,0,0.00,0.00,0.00,6100.00,0.00
68371094230020017,20150902,6100.00,6100.00,0,0,0.00,0.00,0.00,6100.00,0.00
68371094230020017,20150905,6100.00,6100.00,0,0,0.00,0.00,0.00,6100.00,0.00
68371094230020017,20150906,6100.00,6100.00,0,0,0.00,0.00,0.00,6100.00,0.00
68371094230020017,20150907,6100.00,6100.00,0,0,0.00,0.00,0.00,6100.00,0.00
68371094230020017,20150908,6100.00,6100.00,0,0,0.00,0.00,0.00,6100.00,0.00
68371094230020017,20150909,6100.00,6100.00,0,0,0.00,0.00,0.00,6100.00,0.00
68371094230020017,20150912,6100.00,6100.00,0,0,0.00,0.00,0.00,6100.00,0.00
68371094230020017,20150913,6100.00,6100.00,0,0,0.00,0.00,0.00,6100.00,0.00
68371094230020017,20150914,6100.00,6100.00,0,0,0.00,0.00,0.00,6100.00,0.00
68371094230020017,20150915,6100.00,6100.00,0,0,0.00,0.00,0.00,6100.00,0.00
68371094230020017,20150916,6100.00,6100.00,0,0,0.00,0.00,0.00,6100.00,0.00
68371094230020017,20150919,6100.00,6100.00,0,0,0.00,0.00,0.00,6100.00,0.00
68371094230020017,20150920,6100.00,6100.00,0,0,0.00,0.00,0.00,6100.00,0.00
68371094230020017,20150921,6100.00,6100.00,0,0,0.00,0.00,0.00,6100.00,0.00
68371094230020017,20150922,6100.00,6100.00,0,0,0.00,0.00,0.00,6100.00,0.00
68371094230020017,20150923,6100.00,6100.00,0,0,0.00,0.00,0.00,6100.00,0.00
68371094230020017,20150926,6100.00,6100.00,0,0,0.00,0.00,0.00,6100.00,0.00
68371094230020017,20150927,6100.00,6100.00,0,0,0.00,0.00,0.00,6100.00,0.00
68371094230020017,20150928,6100.00,6100.00,0,0,0.00,0.00,0.00,6100.00,0.00
68371094230020017,20150929,6100.00,6100.00,0,0,0.00,0.00,0.00,6100.00,0.00
68371094230020017,20150930,6100.00,6100.00,0,0,0.00,0.00,0.00,6100.00,0.00
68371094230020017,20151003,6100.00,6100.00,0,0,0.00,0.00,0.00,6100.00,0.00
68371094230020017,20151004,6100.00,6100.00,0,0,0.00,0.00,0.00,6100.00,0.00
68371094230020017,20151005,6100.00,6100.00,0,0,0.00,0.00,0.00,6100.00,0.00
68371094230020017,20151006,6100.00,6100.00,0,0,0.00,0.00,0.00,6100.00,0.00
68371094230020017,20151007,6100.00,6100.00,0,0,0.00,0.00,0.00,6100.00,0.00
68371094230020017,20151010,6100.00,6100.00,0,0,0.00,0.00,0.00,6100.00,0.00
68371094230020017,20151011,6100.00,6100.00,0,0,0.00,0.00,0.00,6100.00,0.00
68371094230020017,20151012,6100.00,6100.00,0,0,0.00,0.00,0.00,6100.00,0.00
68371094230020017,20151013,6100.00,6100.00,0,0,0.00,0.00,0.00,6100.00,0.00
68371094230020017,20151014,6100.00,6100.00,0,0,0.00,0.00,0.00,6100.00,0.00
68371094230020017,20151017,6100.00,6100.00,0,0,0.00,0.00,0.00,6100.00,0.00
68371094230020017,20151018,6100.00,6100.00,0,0,0.00,0.00,0.00,6100.00,0.00
68371094230020017,20151019,6100.00,6100.00,0,0,0.00,0.00,0.00,6100.00,0.00
68371094230020017,20151020,6100.00,6100.00,0,0,0.00,0.00,0.00,6100.00,0.00
68371094230020017,20151021,6100.00,6100.00,0,0,0.00,0.00,0.00,6100.00,0.00
68371094230020017,20151025,6100.00,6100.00,0,0,0.00,0.00,0.00,6100.00,0.00
68371094230020017,20151026,6100.00,6100.00,0,0,0.00,0.00,0.00,6100.00,0.00
68371094230020017,20151027,6100.00,6100.00,0,0,0.00,0.00,0.00,6100.00,0.00
68371094230020017,20151028,6100.00,6100.00,0,0,0.00,0.00,0.00,6100.00,0.00
68371094230020017,20151031,6100.00,6100.00,0,0,0.00,0.00,0.00,6100.00,0.00
68371094230020017,20151101,6100.00,6100.00,0,0,0.00,0.00,0.00,6100.00,0.00
68371094230020017,20151102,6100.00,6100.00,0,0,0.00,0.00,0.00,6100.00,0.00
68371094230020017,20151103,6100.00,6100.00,0,0,0.00,0.00,0.00,6100.00,0.00
68371094230020017,20151104,6100.00,6100.00,0,0,0.00,0.00,0.00,6100.00,0.00
68371094230020017,20151107,6100.00,6100.00,0,0,0.00,0.00,0.00,6100.00,0.00
68371094230020017,20151108,6100.00,6100.00,0,0,0.00,0.00,0.00,6100.00,0.00
68371094230020017,20151109,6100.00,6100.00,0,0,0.00,0.00,0.00,6100.00,0.00
68371094230020017,20151110,6100.00,6100.00,0,0,0.00,0.00,0.00,6100.00,0.00
68371094230020017,20151111,6100.00,6100.00,0,0,0.00,0.00,0.00,6100.00,0.00
68371094230020017,20151114,6100.00,6100.00,0,0,0.00,0.00,0.00,6100.00,0.00
68371094230020017,20151115,6100.00,6100.00,0,0,0.00,0.00,0.00,6100.00,0.00
68371094230020017,20151116,6100.00,6100.00,0,0,0.00,0.00,0.00,6100.00,0.00
68371094230020017,20151117,6100.00,6100.00,0,0,0.00,0.00,0.00,6100.00,0.00
68371094230020017,20151118,6100.00,6100.00,0,0,0.00,0.00,0.00,6100.00,0.00
68371094230020017,20151121,6100.00,6100.00,0,0,0.00,0.00,0.00,6100.00,0.00
68371094230020017,20151122,6100.00,6100.00,0,0,0.00,0.00,0.00,6100.00,0.00
68371094230020017,20151123,6100.00,6100.00,0,0,0.00,0.00,0.00,6100.00,0.00
68371094230020017,20151124,6100.00,6100.00,0,0,0.00,0.00,0.00,6100.00,0.00
68371094230020017,20151125,6100.00,6100.00,0,0,0.00,0.00,0.00,6100.00,0.00
68371094230020017,20151128,6100.00,6100.00,0,0,0.00,0.00,0.00,6100.00,0.00
68371094230020017,20151129,6100.00,6100.00,0,0,0.00,0.00,0.00,6100.00,0.00
68371094230020017,20151130,6100.00,6100.00,0,0,0.00,0.00,0.00,6100.00,0.00
68371094230020017,20151201,6100.00,6100.00,0,0,0.00,0.00,0.00,6100.00,0.00
68371094230020017,20151205,6100.00,6100.00,0,0,0.00,0.00,0.00,6100.00,0.00
68371094230020017,20151206,6100.00,6100.00,0,0,0.00,0.00,0.00,6100.00,0.00
68371094230020017,20151207,6100.00,6100.00,0,0,0.00,0.00,0.00,6100.00,0.00
68371094230020017,20151208,6100.00,6100.00,0,0,0.00,0.00,0.00,6100.00,0.00
68371094230020017,20151209,6100.00,6100.00,0,0,0.00,0.00,0.00,6100.00,0.00
68371094230020017,20151213,6100.00,6100.00,0,0,0.00,0.00,0.00,6100.00,0.00
68371094230020017,20151214,6100.00,6100.00,0,0,0.00,0.00,0.00,6100.00,0.00
68371094230020017,20151215,6100.00,6100.00,0,0,0.00,0.00,0.00,6100.00,0.00
68371094230020017,20151216,6100.00,6100.00,0,0,0.00,0.00,0.00,6100.00,0.00
68371094230020017,20151219,6100.00,6100.00,0,0,0.00,0.00,0.00,6100.00,0.00
68371094230020017,20151220,6100.00,6100.00,0,0,0.00,0.00,0.00,6100.00,0.00
68371094230020017,20151221,6100.00,6100.00,0,0,0.00,0.00,0.00,6100.00,0.00
68371094230020017,20151222,6100.00,6100.00,0,0,0.00,0.00,0.00,6100.00,0.00
68371094230020017,20151223,6100.00,6100.00,0,0,0.00,0.00,0.00,6100.00,0.00
68371094230020017,20151226,6100.00,6100.00,0,0,0.00,0.00,0.00,6100.00,0.00
68371094230020017,20151227,6100.00,6100.00,0,0,0.00,0.00,0.00,6100.00,0.00
68371094230020017,20151228,6100.00,6100.00,0,0,0.00,0.00,0.00,6100.00,0.00
68371094230020017,20151230,6100.00,6100.00,0,0,0.00,0.00,0.00,6100.00,0.00
68371094230020017,20160102,6100.00,6100.00,0,0,0.00,0.00,0.00,6100.00,0.00
68371094230020017,20160103,6100.00,6100.00,0,0,0.00,0.00,0.00,6100.00,0.00
68371094230020017,20160104,6100.00,6100.00,0,0,0.00,0.00,0.00,6100.00,0.00
68371094230020017,20160105,6100.00,6100.00,0,0,0.00,0.00,0.00,6100.00,0.00
68371094230020017,20160106,6100.00,6100.00,0,0,0.00,0.00,0.00,6100.00,0.00
68371094230020017,20160109,6100.00,6100.00,0,0,0.00,0.00,0.00,6100.00,0.00
68371094230020017,20160110,6100.00,6100.00,0,0,0.00,0.00,0.00,6100.00,0.00
68371094230020017,20160111,6100.00,6100.00,0,0,0.00,0.00,0.00,6100.00,0.00
68371094230020017,20160112,6100.00,6100.00,0,0,0.00,0.00,0.00,6100.00,0.00
68371094230020017,20160113,6100.00,6100.00,0,0,0.00,0.00,0.00,6100.00,0.00
68371094230020017,20160116,6100.00,6100.00,0,0,0.00,0.00,0.00,6100.00,0.00
68371094230020017,20160117,6100.00,6100.00,0,0,0.00,0.00,0.00,6100.00,0.00
68371094230020017,20160118,6100.00,6100.00,0,0,0.00,0.00,0.00,6100.00,0.00
68371094230020017,20160119,6100.00,6100.00,0,0,0.00,0.00,0.00,6100.00,0.00
68371094230020017,20160120,6100.00,6100.00,0,0,0.00,0.00,0.00,6100.00,0.00
68371094230020017,20160123,6100.00,6100.00,0,0,0.00,0.00,0.00,6100.00,0.00
68371094230020017,20160124,6100.00,6100.00,0,0,0.00,0.00,0.00,6100.00,0.00
68371094230020017,20160125,6100.00,6100.00,0,0,0.00,0.00,0.00,6100.00,0.00
68371094230020017,20160126,6100.00,6100.00,0,0,0.00,0.00,0.00,6100.00,0.00
68371094230020017,20160127,6100.00,6100.00,0,0,0.00,0.00,0.00,6100.00,0.00
68371094230020017,20160130,6100.00,6100.00,0,0,0.00,0.00,0.00,6100.00,0.00
68371094230020017,20160131,6100.00,6100.00,0,0,0.00,0.00,0.00,6100.00,0.00
68371094230020017,20160201,6100.00,6100.00,0,0,0.00,0.00,0.00,6100.00,0.00
68371094230020017,20160202,6100.00,6100.00,0,0,0.00,0.00,0.00,6100.00,0.00
68371094230020017,20160203,6100.00,6100.00,0,0,0.00,0.00,0.00,6100.00,0.00
68371094230020017,20160206,6100.00,6100.00,0,0,0.00,0.00,0.00,6100.00,0.00
68371094230020017,20160207,6100.00,6100.00,0,0,0.00,0.00,0.00,6100.00,0.00
68371094230020017,20160208,6100.00,6100.00,0,0,0.00,0.00,0.00,6100.00,0.00
68371094230020017,20160209,6100.00,6100.00,0,0,0.00,0.00,0.00,6100.00,0.00
68371094230020017,20160210,6100.00,6100.00,0,0,0.00,0.00,0.00,6100.00,0.00
68371094230020017,20160213,6100.00,6100.00,0,0,0.00,0.00,0.00,6100.00,0.00
68371094230020017,20160214,6100.00,6100.00,0,0,0.00,0.00,0.00,6100.00,0.00
68371094230020017,20160215,6100.00,6100.00,0,0,0.00,0.00,0.00,6100.00,0.00
68371094230020017,20160216,6100.00,6100.00,0,0,0.00,0.00,0.00,6100.00,0.00
68371094230020017,20160217,6100.00,6100.00,0,0,0.00,0.00,0.00,6100.00,0.00
68371094230020017,20160220,6100.00,6100.00,0,0,0.00,0.00,0.00,6100.00,0.00
68371094230020017,20160221,6100.00,6100.00,0,0,0.00,0.00,0.00,6100.00,0.00
68371094230020017,20160222,6100.00,6100.00,0,0,0.00,0.00,0.00,6100.00,0.00
68371094230020017,20160223,6100.00,6100.00,0,0,0.00,0.00,0.00,6100.00,0.00
68371094230020017,20160224,6100.00,6100.00,0,0,0.00,0.00,0.00,6100.00,0.00
68371094230020017,20160227,6100.00,6100.00,0,0,0.00,0.00,0.00,6100.00,0.00
68371094230020017,20160228,6100.00,6100.00,0,0,0.00,0.00,0.00,6100.00,0.00
68371094230020017,20160229,6100.00,6100.00,0,0,0.00,0.00,0.00,6100.00,0.00
68371094230020017,20160301,6100.00,6100.00,0,0,0.00,0.00,0.00,6100.00,0.00
68371094230020017,20160302,6100.00,6100.00,0,0,0.00,0.00,0.00,6100.00,0.00
68371094230020017,20160305,6100.00,6100.00,0,0,0.00,0.00,0.00,6100.00,0.00
68371094230020017,20160306,6100.00,6100.00,0,0,0.00,0.00,0.00,6100.00,0.00
68371094230020017,20160307,6100.00,6100.00,0,0,0.00,0.00,0.00,6100.00,0.00
68371094230020017,20160308,6100.00,6100.00,0,0,0.00,0.00,0.00,6100.00,0.00
68371094230020017,20160309,6100.00,6100.00,0,0,0.00,0.00,0.00,6100.00,0.00
68371094230020017,20160312,6100.00,6100.00,0,0,0.00,0.00,0.00,6100.00,0.00
68371094230020017,20160314,6100.00,6100.00,0,0,0.00,0.00,0.00,6100.00,0.00
68371094230020017,20160315,6100.00,6100.00,0,0,0.00,0.00,0.00,6100.00,0.00
68371094230020017,20160316,6100.00,6100.00,0,0,0.00,0.00,0.00,6100.00,0.00
68371094230020017,20160326,6100.00,6100.00,0,0,0.00,0.00,0.00,6100.00,0.00
68371094230020017,20160327,6100.00,6100.00,0,0,0.00,0.00,0.00,6100.00,0.00
68371094230020017,20160328,6100.00,6100.00,0,0,0.00,0.00,0.00,6100.00,0.00
68371094230020017,20160329,6100.00,6100.00,0,0,0.00,0.00,0.00,6100.00,0.00
68371094230020017,20160330,6100.00,6100.00,0,0,0.00,0.00,0.00,6100.00,0.00
68371094230020017,20160402,6100.00,6100.00,0,0,0.00,0.00,0.00,6100.00,0.00
68371094230020017,20160403,6100.00,6100.00,0,0,0.00,0.00,0.00,6100.00,0.00
68371094230020017,20160404,6100.00,6100.00,0,0,0.00,0.00,0.00,6100.00,0.00
68371094230020017,20160405,6100.00,6100.00,0,0,0.00,0.00,0.00,6100.00,0.00
68371094230020017,20160406,6100.00,6100.00,0,0,0.00,0.00,0.00,6100.00,0.00
68371094230020017,20160409,6100.00,6100.00,0,0,0.00,0.00,0.00,6100.00,0.00
68371094230020017,20160410,6100.00,6100.00,0,0,0.00,0.00,0.00,6100.00,0.00
68371094230020017,20160411,6100.00,6100.00,0,0,0.00,0.00,0.00,6100.00,0.00
68371094230020017,20160412,6100.00,6100.00,0,0,0.00,0.00,0.00,6100.00,0.00
68371094230020017,20160413,6100.00,6100.00,0,0,0.00,0.00,0.00,6100.00,0.00
68371094230020017,20160416,6100.00,6100.00,0,0,0.00,0.00,0.00,6100.00,0.00
68371094230020017,20160417,6100.00,6100.00,0,0,0.00,0.00,0.00,6100.00,0.00
68371094230020017,20160418,6100.00,6100.00,0,0,0.00,0.00,0.00,6100.00,0.00
68371094230020017,20160419,6100.00,6100.00,0,0,0.00,0.00,0.00,6100.00,0.00
68371094230020017,20160420,6100.00,6100.00,0,0,0.00,0.00,0.00,6100.00,0.00
68371094230020017,20160423,6100.00,6100.00,0,0,0.00,0.00,0.00,6100.00,0.00
68371094230020017,20160424,6100.00,6100.00,0,0,0.00,0.00,0.00,6100.00,0.00
68371094230020017,20160425,6100.00,6100.00,0,0,0.00,0.00,0.00,6100.00,0.00
68371094230020017,20160426,6100.00,6100.00,0,0,0.00,0.00,0.00,6100.00,0.00
68371094230020017,20160427,6100.00,6100.00,0,0,0.00,0.00,0.00,6100.00,0.00
68371094230020017,20160430,6100.00,6100.00,0,0,0.00,0.00,0.00,6100.00,0.00
68371094230020017,20160501,6100.00,6100.00,0,0,0.00,0.00,0.00,6100.00,0.00
68371094230020017,20160502,6100.00,6100.00,0,0,0.00,0.00,0.00,6100.00,0.00
68371094230020017,20160503,6100.00,6100.00,0,0,0.00,0.00,0.00,6100.00,0.00
68371094230020017,20160504,6100.00,6100.00,0,0,0.00,0.00,0.00,6100.00,0.00
68371094230020017,20160507,6100.00,6100.00,0,0,0.00,0.00,0.00,6100.00,0.00
68371094230020017,20160508,6100.00,6100.00,0,0,0.00,0.00,0.00,6100.00,0.00
68371094230020017,20160509,6100.00,6100.00,0,0,0.00,0.00,0.00,6100.00,0.00
68371094230020017,20160510,6100.00,6100.00,0,0,0.00,0.00,0.00,6100.00,0.00
68371094230020017,20160511,6100.00,6100.00,0,0,0.00,0.00,0.00,6100.00,0.00
68371094230020017,20160514,6100.00,6100.00,0,0,0.00,0.00,0.00,6100.00,0.00
68371094230020017,20160515,6100.00,6100.00,0,0,0.00,0.00,0.00,6100.00,0.00
68371094230020017,20160516,6100.00,6100.00,0,0,0.00,0.00,0.00,6100.00,0.00
68371094230020017,20160517,6100.00,6100.00,0,0,0.00,0.00,0.00,6100.00,0.00
68371094230020017,20160518,6100.00,6100.00,0,0,0.00,0.00,0.00,6100.00,0.00
68371094230020017,20160521,6100.00,6100.00,0,0,0.00,0.00,0.00,6100.00,0.00
68371094230020017,20160523,6100.00,6100.00,0,0,0.00,0.00,0.00,6100.00,0.00
68371094230020017,20160524,6100.00,6100.00,0,0,0.00,0.00,0.00,6100.00,0.00
68371094230020017,20160525,6100.00,6100.00,0,0,0.00,0.00,0.00,6100.00,0.00
68371094230020017,20160528,6100.00,6100.00,0,0,0.00,0.00,0.00,6100.00,0.00
68371094230020017,20160529,6100.00,6100.00,0,0,0.00,0.00,0.00,6100.00,0.00
68371094230020017,20160530,6100.00,6100.00,0,0,0.00,0.00,0.00,6100.00,0.00
68371094230020017,20160531,6100.00,6100.00,0,0,0.00,0.00,0.00,6100.00,0.00
68371094230020017,20160601,6100.00,6100.00,0,0,0.00,0.00,0.00,6100.00,0.00
68371094230020017,20160605,6100.00,6100.00,0,0,0.00,0.00,0.00,6100.00,0.00
68371094230020017,20160606,6100.00,6100.00,0,0,0.00,0.00,0.00,6100.00,0.00
68371094230020017,20160607,6100.00,6100.00,0,0,0.00,0.00,0.00,6100.00,0.00
68371094230020017,20160608,6100.00,6100.00,0,0,0.00,0.00,0.00,6100.00,0.00
68371094230020017,20160611,6100.00,6100.00,0,0,0.00,0.00,0.00,6100.00,0.00
68371094230020017,20160612,6100.00,6100.00,0,0,0.00,0.00,0.00,6100.00,0.00
68371094230020017,20160613,6100.00,6100.00,0,0,0.00,0.00,0.00,6100.00,0.00
68371094230020017,20160614,6100.00,6100.00,0,0,0.00,0.00,0.00,6100.00,0.00
68371094230020017,20160615,6100.00,6100.00,0,0,0.00,0.00,0.00,6100.00,0.00
68371094230020017,20160618,6100.00,6100.00,0,0,0.00,0.00,0.00,6100.00,0.00
68371094230020017,20160619,6100.00,6100.00,0,0,0.00,0.00,0.00,6100.00,0.00
68371094230020017,20160620,6100.00,6100.00,0,0,0.00,0.00,0.00,6100.00,0.00
68371094230020017,20160621,6100.00,6100.00,0,0,0.00,0.00,0.00,6100.00,0.00
68371094230020017,20160622,6100.00,6100.00,0,0,0.00,0.00,0.00,6100.00,0.00
68371094230020017,20160625,6100.00,6100.00,0,0,0.00,0.00,0.00,6100.00,0.00
68371094230020017,20160626,6100.00,6100.00,0,0,0.00,0.00,0.00,6100.00,0.00
68371094230020017,20160628,6100.00,6100.00,0,0,0.00,0.00,0.00,6100.00,0.00
68371094230020017,20160629,6100.00,6100.00,0,0,0.00,0.00,0.00,6100.00,0.00
68371094230020017,20160702,6100.00,6100.00,0,0,0.00,0.00,0.00,6100.00,0.00
68371094230020017,20160703,6100.00,6100.00,0,0,0.00,0.00,0.00,6100.00,0.00
68371094230020017,20160704,6100.00,6100.00,0,0,0.00,0.00,0.00,6100.00,0.00
68371094230020017,20160705,6100.00,6100.00,0,0,0.00,0.00,0.00,6100.00,0.00
68371094230020017,20160709,6100.00,6100.00,0,0,0.00,0.00,0.00,6100.00,0.00
68371094230020017,20160710,6100.00,6100.00,0,0,0.00,0.00,0.00,6100.00,0.00
68371094230020017,20160711,6100.00,6100.00,0,0,0.00,0.00,0.00,6100.00,0.00
68371094230020017,20160712,6100.00,6100.00,0,0,0.00,0.00,0.00,6100.00,0.00
68371094230020017,20160713,6100.00,6100.00,0,0,0.00,0.00,0.00,6100.00,0.00
68371094230020017,20160716,6100.00,6100.00,0,0,0.00,0.00,0.00,6100.00,0.00
68371094230020017,20160717,6100.00,6100.00,0,0,0.00,0.00,0.00,6100.00,0.00
68371094230020017,20160718,6100.00,6100.00,0,0,0.00,0.00,0.00,6100.00,0.00
68371094230020017,20160719,6100.00,6100.00,0,0,0.00,0.00,0.00,6100.00,0.00
68371094230020017,20160720,6100.00,6100.00,0,0,0.00,0.00,0.00,6100.00,0.00
68371094230020017,20160723,6100.00,6100.00,0,0,0.00,0.00,0.00,6100.00,0.00
68371094230020017,20160724,6100.00,6100.00,0,0,0.00,0.00,0.00,6100.00,0.00
68371094230020017,20160725,6100.00,6100.00,0,0,0.00,0.00,0.00,6100.00,0.00
68371094230020017,20160726,6100.00,6100.00,0,0,0.00,0.00,0.00,6100.00,0.00
68371094230020017,20160727,6100.00,6100.00,0,0,0.00,0.00,0.00,6100.00,0.00
68371094230020017,20160731,6100.00,6100.00,0,0,0.00,0.00,0.00,6100.00,0.00
68371094230020017,20160801,6100.00,6100.00,0,0,0.00,0.00,0.00,6100.00,0.00
68371094230020017,20160802,6100.00,6100.00,0,0,0.00,0.00,0.00,6100.00,0.00
68371094230020017,20160803,6100.00,6100.00,0,0,0.00,0.00,0.00,6100.00,0.00
68371094230020017,20160806,6100.00,6100.00,0,0,0.00,0.00,0.00,6100.00,0.00
68371094230020017,20160807,6100.00,6100.00,0,0,0.00,0.00,0.00,6100.00,0.00
68371094230020017,20160808,6100.00,6100.00,0,0,0.00,0.00,0.00,6100.00,0.00
68371094230020017,20160809,6100.00,6100.00,0,0,0.00,0.00,0.00,6100.00,0.00
68371094230020017,20160810,6100.00,6100.00,0,0,0.00,0.00,0.00,6100.00,0.00
68371094230020017,20160813,6100.00,6100.00,0,0,0.00,0.00,0.00,6100.00,0.00
68371094230020017,20160814,6100.00,6100.00,0,0,0.00,0.00,0.00,6100.00,0.00
68371094230020017,20160815,6100.00,6100.00,0,0,0.00,0.00,0.00,6100.00,0.00
68371094230020017,20160816,6100.00,6100.00,0,0,0.00,0.00,0.00,6100.00,0.00
68371094230020017,20160817,6100.00,6100.00,0,0,0.00,0.00,0.00,6100.00,0.00
68371094230020017,20160820,6100.00,6100.00,0,0,0.00,0.00,0.00,6100.00,0.00
68371094230020017,20160821,6100.00,6100.00,0,0,0.00,0.00,0.00,6100.00,0.00
68371094230020017,20160822,6100.00,6100.00,0,0,0.00,0.00,0.00,6100.00,0.00
68371094230020017,20160823,6100.00,6100.00,0,0,0.00,0.00,0.00,6100.00,0.00
68371094230020017,20160824,6100.00,6100.00,0,0,0.00,0.00,0.00,6100.00,0.00
68371094230020017,20160827,6100.00,6100.00,0,0,0.00,0.00,0.00,6100.00,0.00
68371094230020017,20160828,6100.00,6100.00,0,0,0.00,0.00,0.00,6100.00,0.00
68371094230020017,20160829,6100.00,6100.00,0,0,0.00,0.00,0.00,6100.00,0.00
68371094230020017,20160830,6100.00,6100.00,0,0,0.00,0.00,0.00,6100.00,0.00
68371094230020017,20160831,6100.00,6100.00,0,0,0.00,0.00,0.00,6100.00,0.00
68371094230020017,20160903,6100.00,6100.00,0,0,0.00,0.00,0.00,6100.00,0.00
68371094230020017,20160904,6100.00,6100.00,0,0,0.00,0.00,0.00,6100.00,0.00
68371094230020017,20160905,6100.00,6100.00,0,0,0.00,0.00,0.00,6100.00,0.00
68371094230020017,20160906,6100.00,6100.00,0,0,0.00,0.00,0.00,6100.00,0.00
68371094230020017,20160907,6100.00,6100.00,0,0,0.00,0.00,0.00,6100.00,0.00
68371094230020017,20160910,6100.00,6100.00,0,0,0.00,0.00,0.00,6100.00,0.00
68371094230020017,20160911,6100.00,6100.00,0,0,0.00,0.00,0.00,6100.00,0.00
68371094230020017,20160913,6100.00,6100.00,0,0,0.00,0.00,0.00,6100.00,0.00
68371094230020017,20160914,6100.00,6100.00,0,0,0.00,0.00,0.00,6100.00,0.00
68371094230020017,20160917,6100.00,6100.00,0,0,0.00,0.00,0.00,6100.00,0.00
68371094230020017,20160918,6100.00,6100.00,0,0,0.00,0.00,0.00,6100.00,0.00
68371094230020017,20160919,6100.00,6100.00,0,0,0.00,0.00,0.00,6100.00,0.00
68371094230020017,20160921,6100.00,6100.00,0,0,0.00,0.00,0.00,6100.00,0.00
68371094230020017,20160924,6100.00,6100.00,0,0,0.00,0.00,0.00,6100.00,0.00
68371094230020017,20160925,6100.00,6100.00,0,0,0.00,0.00,0.00,6100.00,0.00
68371094230020017,20160926,6100.00,6100.00,0,0,0.00,0.00,0.00,6100.00,0.00
68371094230020017,20160927,6100.00,6100.00,0,0,0.00,0.00,0.00,6100.00,0.00
68371094230020017,20160928,6100.00,6100.00,0,0,0.00,0.00,0.00,6100.00,0.00
68371094230020017,20161001,6100.00,6100.00,0,0,0.00,0.00,0.00,6100.00,0.00
68371094230020017,20161002,6100.00,6100.00,0,0,0.00,0.00,0.00,6100.00,0.00
68371094230020017,20161003,6100.00,6100.00,0,0,0.00,0.00,0.00,6100.00,0.00
68371094230020017,20161004,6100.00,6100.00,0,0,0.00,0.00,0.00,6100.00,0.00
68371094230020017,20161005,6100.00,6100.00,0,0,0.00,0.00,0.00,6100.00,0.00
68371094230020017,20161008,6100.00,6100.00,0,0,0.00,0.00,0.00,6100.00,0.00
68371094230020017,20161009,6100.00,6100.00,0,0,0.00,0.00,0.00,6100.00,0.00
68371094230020017,20161010,6100.00,6100.00,0,0,0.00,0.00,0.00,6100.00,0.00
68371094230020017,20161012,6100.00,6100.00,0,0,0.00,0.00,0.00,6100.00,0.00
68371094230020017,20161015,6100.00,6100.00,0,0,0.00,0.00,0.00,6100.00,0.00
68371094230020017,20161016,6100.00,6100.00,0,0,0.00,0.00,0.00,6100.00,0.00
68371094230020017,20161017,6100.00,6100.00,0,0,0.00,0.00,0.00,6100.00,0.00
68371094230020017,20161018,6100.00,6100.00,0,0,0.00,0.00,0.00,6100.00,0.00
68371094230020017,20161019,6100.00,6100.00,0,0,0.00,0.00,0.00,6100.00,0.00
68371094230020017,20161022,6100.00,6100.00,0,0,0.00,0.00,0.00,6100.00,0.00
68371094230020017,20161023,6100.00,6100.00,0,0,0.00,0.00,0.00,6100.00,0.00
68371094230020017,20161024,6100.00,6100.00,0,0,0.00,0.00,0.00,6100.00,0.00
68371094230020017,20161025,6100.00,6100.00,0,0,0.00,0.00,0.00,6100.00,0.00
68371094230020017,20161026,6100.00,6100.00,0,0,0.00,0.00,0.00,6100.00,0.00
68371094230020017,20161027,6100.00,6100.00,0,0,0.00,0.00,0.00,6100.00,0.00
68371094230020017,20161028,6100.00,6100.00,0,0,0.00,0.00,0.00,6100.00,0.00
68371094230020017,20161029,6100.00,6100.00,0,0,0.00,0.00,0.00,6100.00,0.00
68371094230020017,20161030,6100.00,6100.00,0,0,0.00,0.00,0.00,6100.00,0.00
68371094230020017,20161031,6100.00,6100.00,0,0,0.00,0.00,0.00,6100.00,0.00
68371094230020017,20161101,6100.00,6100.00,0,0,0.00,0.00,0.00,6100.00,0.00
68371094230020017,20161102,6100.00,6100.00,0,0,0.00,0.00,0.00,6100.00,0.00
68371094230020017,20161105,6100.00,6100.00,0,0,0.00,0.00,0.00,6100.00,0.00
68371094230020017,20161106,6100.00,6100.00,0,0,0.00,0.00,0.00,6100.00,0.00
68371094230020017,20161107,6100.00,6100.00,0,0,0.00,0.00,0.00,6100.00,0.00
68371094230020017,20161108,6100.00,6100.00,0,0,0.00,0.00,0.00,6100.00,0.00
68371094230020017,20161109,6100.00,6100.00,0,0,0.00,0.00,0.00,6100.00,0.00
68371094230020017,20161112,6100.00,6100.00,0,0,0.00,0.00,0.00,6100.00,0.00
68371094230020017,20161113,6100.00,6100.00,0,0,0.00,0.00,0.00,6100.00,0.00
68371094230020017,20161114,6100.00,6100.00,0,0,0.00,0.00,0.00,6100.00,0.00
68371094230020017,20161115,6100.00,6100.00,0,0,0.00,0.00,0.00,6100.00,0.00
68371094230020017,20161116,6100.00,6100.00,0,0,0.00,0.00,0.00,6100.00,0.00
68371094230020017,20161119,6100.00,6100.00,0,0,0.00,0.00,0.00,6100.00,0.00
68371094230020017,20161121,6100.00,6100.00,0,0,0.00,0.00,0.00,6100.00,0.00
68371094230020017,20161122,6100.00,6100.00,0,0,0.00,0.00,0.00,6100.00,0.00
68371094230020017,20161123,6100.00,6100.00,0,0,0.00,0.00,0.00,6100.00,0.00
68371094230020017,20161126,6100.00,6100.00,0,0,0.00,0.00,0.00,6100.00,0.00
68371094230020017,20161127,6100.00,6100.00,0,0,0.00,0.00,0.00,6100.00,0.00
68371094230020017,20161129,6100.00,6100.00,0,0,0.00,0.00,0.00,6100.00,0.00
68371094230020017,20161203,6100.00,6100.00,0,0,0.00,0.00,0.00,6100.00,0.00
68371094230020017,20161204,6100.00,6100.00,0,0,0.00,0.00,0.00,6100.00,0.00
68371094230020017,20161205,6100.00,6100.00,0,0,0.00,0.00,0.00,6100.00,0.00
68371094230020017,20161206,6100.00,6100.00,0,0,0.00,0.00,0.00,6100.00,0.00
68371094230020017,20161207,6100.00,6100.00,0,0,0.00,0.00,0.00,6100.00,0.00
68371094230020017,20161210,6100.00,6100.00,0,0,0.00,0.00,0.00,6100.00,0.00
68371094230020017,20161211,6100.00,6100.00,0,0,0.00,0.00,0.00,6100.00,0.00
68371094230020017,20161212,6100.00,6100.00,0,0,0.00,0.00,0.00,6100.00,0.00
68371094230020017,20161213,6100.00,6100.00,0,0,0.00,0.00,0.00,6100.00,0.00
68371094230020017,20161214,6100.00,6100.00,0,0,0.00,0.00,0.00,6100.00,0.00
68371094230020017,20161218,6100.00,6100.00,0,0,0.00,0.00,0.00,6100.00,0.00
68371094230020017,20161219,6100.00,6100.00,0,0,0.00,0.00,0.00,6100.00,0.00
68371094230020017,20161220,6100.00,6100.00,0,0,0.00,0.00,0.00,6100.00,0.00
68371094230020017,20161221,6100.00,6100.00,0,0,0.00,0.00,0.00,6100.00,0.00
68371094230020017,20161224,6100.00,6100.00,0,0,0.00,0.00,0.00,6100.00,0.00
68371094230020017,20161225,6100.00,6100.00,0,0,0.00,0.00,0.00,6100.00,0.00
68371094230020017,20161226,6100.00,6100.00,0,0,0.00,0.00,0.00,6100.00,0.00
68371094230020017,20161227,6100.00,6100.00,0,0,0.00,0.00,0.00,6100.00,0.00
68371094230020017,20161228,6100.00,6100.00,0,0,0.00,0.00,0.00,6100.00,0.00
68371094230020017,20161231,6100.00,6100.00,0,0,0.00,0.00,0.00,6100.00,0.00
68371094230020017,20170101,6100.00,6100.00,0,0,0.00,0.00,0.00,6100.00,0.00
68371094230020017,20170102,6100.00,6100.00,0,0,0.00,0.00,0.00,6100.00,0.00
68371094230020017,20170103,6100.00,6100.00,0,0,0.00,0.00,0.00,6100.00,0.00
68371094230020017,20170104,6100.00,6100.00,0,0,0.00,0.00,0.00,6100.00,0.00
68371094230020017,20170107,6100.00,6100.00,0,0,0.00,0.00,0.00,6100.00,0.00
68371094230020017,20170108,6100.00,6100.00,0,0,0.00,0.00,0.00,6100.00,0.00
68371094230020017,20170109,6100.00,6100.00,0,0,0.00,0.00,0.00,6100.00,0.00
68371094230020017,20170111,6100.00,6100.00,0,0,0.00,0.00,0.00,6100.00,0.00
68371094230020017,20170114,6100.00,6100.00,0,0,0.00,0.00,0.00,6100.00,0.00
68371094230020017,20170115,6100.00,6100.00,0,0,0.00,0.00,0.00,6100.00,0.00
68371094230020017,20170116,6100.00,6100.00,0,0,0.00,0.00,0.00,6100.00,0.00
68371094230020017,20170117,6100.00,6100.00,0,0,0.00,0.00,0.00,6100.00,0.00
68371094230020017,20170118,6100.00,6100.00,0,0,0.00,0.00,0.00,6100.00,0.00
68371094230020017,20170121,6100.00,6100.00,0,0,0.00,0.00,0.00,6100.00,0.00
68371094230020017,20170122,6100.00,6100.00,0,0,0.00,0.00,0.00,6100.00,0.00
68371094230020017,20170123,6100.00,6100.00,0,0,0.00,0.00,0.00,6100.00,0.00
68371094230020017,20170124,6100.00,6100.00,0,0,0.00,0.00,0.00,6100.00,0.00
68371094230020017,20170125,6100.00,6100.00,0,0,0.00,0.00,0.00,6100.00,0.00
68371094230020017,20170128,6100.00,6100.00,0,0,0.00,0.00,0.00,6100.00,0.00
68371094230020017,20170129,6100.00,6100.00,0,0,0.00,0.00,0.00,6100.00,0.00
68371094230020017,20170130,6100.00,6100.00,0,0,0.00,0.00,0.00,6100.00,0.00
68371094230020017,20170131,6100.00,6100.00,0,0,0.00,0.00,0.00,6100.00,0.00
68371094230020017,20170201,6100.00,6100.00,0,0,0.00,0.00,0.00,6100.00,0.00
68371094230020017,20170204,6100.00,6100.00,0,0,0.00,0.00,0.00,6100.00,0.00
68371094230020017,20170205,6100.00,6100.00,0,0,0.00,0.00,0.00,6100.00,0.00
68371094230020017,20170206,6100.00,6100.00,0,0,0.00,0.00,0.00,6100.00,0.00
68371094230020017,20170207,6100.00,6100.00,0,0,0.00,0.00,0.00,6100.00,0.00
68371094230020017,20170208,6100.00,6100.00,0,0,0.00,0.00,0.00,6100.00,0.00
68371094230020017,20170211,6100.00,6100.00,0,0,0.00,0.00,0.00,6100.00,0.00
68371094230020017,20170212,6100.00,6100.00,0,0,0.00,0.00,0.00,6100.00,0.00
68371094230020017,20170213,6100.00,6100.00,0,0,0.00,0.00,0.00,6100.00,0.00
68371094230020017,20170214,6100.00,6100.00,0,0,0.00,0.00,0.00,6100.00,0.00
68371094230020017,20170215,6100.00,6100.00,0,0,0.00,0.00,0.00,6100.00,0.00
68371094230020017,20170218,6100.00,6100.00,0,0,0.00,0.00,0.00,6100.00,0.00
68371094230020017,20170219,6100.00,6100.00,0,0,0.00,0.00,0.00,6100.00,0.00
68371094230020017,20170220,6100.00,6100.00,0,0,0.00,0.00,0.00,6100.00,0.00
68371094230020017,20170221,6100.00,6100.00,0,0,0.00,0.00,0.00,6100.00,0.00
68371094230020017,20170222,6100.00,6100.00,0,0,0.00,0.00,0.00,6100.00,0.00
68371094230020017,20170225,6100.00,6100.00,0,0,0.00,0.00,0.00,6100.00,0.00
68371094230020017,20170226,6100.00,6100.00,0,0,0.00,0.00,0.00,6100.00,0.00
68371094230020017,20170227,6100.00,6100.00,0,0,0.00,0.00,0.00,6100.00,0.00
68371094230020017,20170228,6100.00,6100.00,0,0,0.00,0.00,0.00,6100.00,0.00
68371094230020017,20170301,6100.00,6100.00,0,0,0.00,0.00,0.00,6100.00,0.00
68371094230020017,20170304,6100.00,6100.00,0,0,0.00,0.00,0.00,6100.00,0.00
68371094230020017,20170305,6100.00,6100.00,0,0,0.00,0.00,0.00,6100.00,0.00
68371094230020017,20170306,6100.00,6100.00,0,0,0.00,0.00,0.00,6100.00,0.00
68371094230020017,20170307,6100.00,6100.00,0,0,0.00,0.00,0.00,6100.00,0.00
68371094230020017,20170308,6100.00,6100.00,0,0,0.00,0.00,0.00,6100.00,0.00
68371094230020017,20170311,6100.00,6100.00,0,0,0.00,0.00,0.00,6100.00,0.00
68371094230020017,20170312,6100.00,6100.00,0,0,0.00,0.00,0.00,6100.00,0.00
68371094230020017,20170313,6100.00,6100.00,0,0,0.00,0.00,0.00,6100.00,0.00
68371094230020017,20170314,6100.00,6100.00,0,0,0.00,0.00,0.00,6100.00,0.00
68371094230020017,20170315,6100.00,6100.00,0,0,0.00,0.00,0.00,6100.00,0.00
68371094230020017,20170318,6100.00,6100.00,0,0,0.00,0.00,0.00,6100.00,0.00
68371094230020017,20170325,6100.00,6100.00,0,0,0.00,0.00,0.00,6100.00,0.00
68371094230020017,20170326,6100.00,6100.00,0,0,0.00,0.00,0.00,6100.00,0.00
68371094230020017,20170327,6100.00,6100.00,0,0,0.00,0.00,0.00,6100.00,0.00
68371094230020017,20170328,6100.00,6100.00,0,0,0.00,0.00,0.00,6100.00,0.00
68371094230020017,20170329,6100.00,6100.00,0,0,0.00,0.00,0.00,6100.00,0.00
68371094230020017,20170403,6100.00,6100.00,0,0,0.00,0.00,0.00,6100.00,0.00
68371094230020017,20170404,6100.00,6100.00,0,0,0.00,0.00,0.00,6100.00,0.00
68371094230020017,20170405,6100.00,6100.00,0,0,0.00,0.00,0.00,6100.00,0.00
68371094230020017,20170408,6100.00,6100.00,0,0,0.00,0.00,0.00,6100.00,0.00
68371094230020017,20170409,6100.00,6100.00,0,0,0.00,0.00,0.00,6100.00,0.00
68371094230020017,20170410,6100.00,6100.00,0,0,0.00,0.00,0.00,6100.00,0.00
68371094230020017,20170412,6100.00,6100.00,0,0,0.00,0.00,0.00,6100.00,0.00
68371094230020017,20170415,6100.00,6100.00,0,0,0.00,0.00,0.00,6100.00,0.00
68371094230020017,20170416,6100.00,6100.00,0,0,0.00,0.00,0.00,6100.00,0.00
68371094230020017,20170417,6100.00,6100.00,0,0,0.00,0.00,0.00,6100.00,0.00
68371094230020017,20170418,6100.00,6100.00,0,0,0.00,0.00,0.00,6100.00,0.00
68371094230020017,20170419,6100.00,6100.00,0,0,0.00,0.00,0.00,6100.00,0.00
68371094230020017,20170422,6100.00,6100.00,0,0,0.00,0.00,0.00,6100.00,0.00
68371094230020017,20170423,6100.00,6100.00,0,0,0.00,0.00,0.00,6100.00,0.00
68371094230020017,20170424,6100.00,6100.00,0,0,0.00,0.00,0.00,6100.00,0.00
68371094230020017,20170426,6100.00,6100.00,0,0,0.00,0.00,0.00,6100.00,0.00
68371094230020017,20170429,6100.00,6100.00,0,0,0.00,0.00,0.00,6100.00,0.00
68371094230020017,20170430,6100.00,6100.00,0,0,0.00,0.00,0.00,6100.00,0.00
68371094230020017,20170501,6100.00,6100.00,0,0,0.00,0.00,0.00,6100.00,0.00
68371094230020017,20170502,6100.00,6100.00,0,0,0.00,0.00,0.00,6100.00,0.00
68371094230020017,20170503,6100.00,6100.00,0,0,0.00,0.00,0.00,6100.00,0.00
68371094230020017,20170506,6100.00,6100.00,0,0,0.00,0.00,0.00,6100.00,0.00
68371094230020017,20170507,6100.00,6100.00,0,0,0.00,0.00,0.00,6100.00,0.00
68371094230020017,20170508,6100.00,6100.00,0,0,0.00,0.00,0.00,6100.00,0.00
68371094230020017,20170509,6100.00,6100.00,0,0,0.00,0.00,0.00,6100.00,0.00
68371094230020017,20170510,6100.00,6100.00,0,0,0.00,0.00,0.00,6100.00,0.00
68371094230020017,20170513,6100.00,6100.00,0,0,0.00,0.00,0.00,6100.00,0.00
68371094230020017,20170514,6100.00,6100.00,0,0,0.00,0.00,0.00,6100.00,0.00
68371094230020017,20170515,6100.00,6100.00,0,0,0.00,0.00,0.00,6100.00,0.00
68371094230020017,20170516,6100.00,6100.00,0,0,0.00,0.00,0.00,6100.00,0.00
68371094230020017,20170517,6100.00,6100.00,0,0,0.00,0.00,0.00,6100.00,0.00
68371094230020017,20170520,6100.00,6100.00,0,0,0.00,0.00,0.00,6100.00,0.00
68371094230020017,20170521,6100.00,6100.00,0,0,0.00,0.00,0.00,6100.00,0.00
68371094230020017,20170522,6100.00,6100.00,0,0,0.00,0.00,0.00,6100.00,0.00
68371094230020017,20170523,6100.00,6100.00,0,0,0.00,0.00,0.00,6100.00,0.00
68371094230020017,20170524,6100.00,6100.00,0,0,0.00,0.00,0.00,6100.00,0.00
68371094230020017,20170527,6100.00,6100.00,0,0,0.00,0.00,0.00,6100.00,0.00
68371094230020017,20170528,6100.00,6100.00,0,0,0.00,0.00,0.00,6100.00,0.00
68371094230020017,20170529,6100.00,6100.00,0,0,0.00,0.00,0.00,6100.00,0.00
68371094230020017,20170530,6100.00,6100.00,0,0,0.00,0.00,0.00,6100.00,0.00
68371094230020017,20170531,6100.00,6100.00,0,0,0.00,0.00,0.00,6100.00,0.00
68371094230020017,20170603,6100.00,6100.00,0,0,0.00,0.00,0.00,6100.00,0.00
68371094230020017,20170606,6100.00,6100.00,0,0,0.00,0.00,0.00,6100.00,0.00
68371094230020017,20170607,6100.00,6100.00,0,0,0.00,0.00,0.00,6100.00,0.00
68371094230020017,20170610,6100.00,6100.00,0,0,0.00,0.00,0.00,6100.00,0.00
68371094230020017,20170611,6100.00,6100.00,0,0,0.00,0.00,0.00,6100.00,0.00
68371094230020017,20170612,6100.00,6100.00,0,0,0.00,0.00,0.00,6100.00,0.00
68371094230020017,20170613,6100.00,6100.00,0,0,0.00,0.00,0.00,6100.00,0.00
68371094230020017,20170614,6100.00,6100.00,0,0,0.00,0.00,0.00,6100.00,0.00
68371094230020017,20170617,6100.00,6100.00,0,0,0.00,0.00,0.00,6100.00,0.00
68371094230020017,20170618,6100.00,6100.00,0,0,0.00,0.00,0.00,6100.00,0.00
68371094230020017,20170619,6100.00,6100.00,0,0,0.00,0.00,0.00,6100.00,0.00
68371094230020017,20170620,6100.00,6100.00,0,0,0.00,0.00,0.00,6100.00,0.00
68371094230020017,20170621,6100.00,6100.00,0,0,0.00,0.00,0.00,6100.00,0.00
68371094230020017,20170624,6100.00,6100.00,0,0,0.00,0.00,0.00,6100.00,0.00
68371094230020017,20170625,6100.00,6100.00,0,0,0.00,0.00,0.00,6100.00,0.00
68371094230020017,20170628,6100.00,6100.00,0,0,0.00,0.00,0.00,6100.00,0.00
68371094230020017,20170701,6100.00,6100.00,0,0,0.00,0.00,0.00,6100.00,0.00
68371094230020017,20170702,6100.00,6100.00,0,0,0.00,0.00,0.00,6100.00,0.00
68371094230020017,20170703,6100.00,6100.00,0,0,0.00,0.00,0.00,6100.00,0.00
68371094230020017,20170704,6100.00,6100.00,0,0,0.00,0.00,0.00,6100.00,0.00
68371094230020017,20170705,6100.00,6100.00,0,0,0.00,0.00,0.00,6100.00,0.00
68371094230020017,20170708,6100.00,6100.00,0,0,0.00,0.00,0.00,6100.00,0.00
68371094230020017,20170709,6100.00,6100.00,0,0,0.00,0.00,0.00,6100.00,0.00
68371094230020017,20170710,6100.00,6100.00,0,0,0.00,0.00,0.00,6100.00,0.00
68371094230020017,20170711,6100.00,6100.00,0,0,0.00,0.00,0.00,6100.00,0.00
68371094230020017,20170712,6100.00,6100.00,0,0,0.00,0.00,0.00,6100.00,0.00
68371094230020017,20170715,6100.00,6100.00,0,0,0.00,0.00,0.00,6100.00,0.00
68371094230020017,20170716,6100.00,6100.00,0,0,0.00,0.00,0.00,6100.00,0.00
68371094230020017,20170717,6100.00,6100.00,0,0,0.00,0.00,0.00,6100.00,0.00
68371094230020017,20170718,6100.00,6100.00,0,0,0.00,0.00,0.00,6100.00,0.00
68371094230020017,20170719,6100.00,6100.00,0,0,0.00,0.00,0.00,6100.00,0.00
68371094230020017,20170722,6100.00,6100.00,0,0,0.00,0.00,0.00,6100.00,0.00
68371094230020017,20170723,6100.00,6100.00,0,0,0.00,0.00,0.00,6100.00,0.00
68371094230020017,20170724,6100.00,6100.00,0,0,0.00,0.00,0.00,6100.00,0.00
68371094230020017,20170725,6100.00,6100.00,0,0,0.00,0.00,0.00,6100.00,0.00
68371094230020017,20170726,6100.00,6100.00,0,0,0.00,0.00,0.00,6100.00,0.00
68371094230020017,20170729,6100.00,6100.00,0,0,0.00,0.00,0.00,6100.00,0.00
68371094230020017,20170730,6100.00,6100.00,0,0,0.00,0.00,0.00,6100.00,0.00
68371094230020017,20170731,6100.00,6100.00,0,0,0.00,0.00,0.00,6100.00,0.00
68371094230020017,20170801,6100.00,6100.00,0,0,0.00,0.00,0.00,6100.00,0.00
68371094230020017,20170802,6100.00,6100.00,0,0,0.00,0.00,0.00,6100.00,0.00
68371094230020017,20170806,6100.00,6100.00,0,0,0.00,0.00,0.00,6100.00,0.00
68371094230020017,20170807,6100.00,6100.00,0,0,0.00,0.00,0.00,6100.00,0.00
68371094230020017,20170808,6100.00,6100.00,0,0,0.00,0.00,0.00,6100.00,0.00
68371094230020017,20170809,6100.00,6100.00,0,0,0.00,0.00,0.00,6100.00,0.00
68371094230020017,20170812,6100.00,6100.00,0,0,0.00,0.00,0.00,6100.00,0.00
68371094230020017,20170813,6100.00,6100.00,0,0,0.00,0.00,0.00,6100.00,0.00
68371094230020017,20170814,6100.00,6100.00,0,0,0.00,0.00,0.00,6100.00,0.00
68371094230020017,20170815,6100.00,6100.00,0,0,0.00,0.00,0.00,6100.00,0.00
68371094230020017,20170816,6100.00,6100.00,0,0,0.00,0.00,0.00,6100.00,0.00
68371094230020017,20170819,6100.00,6100.00,0,0,0.00,0.00,0.00,6100.00,0.00
68371094230020017,20170820,6100.00,6100.00,0,0,0.00,0.00,0.00,6100.00,0.00
68371094230020017,20170821,6100.00,6100.00,0,0,0.00,0.00,0.00,6100.00,0.00
68371094230020017,20170822,6100.00,6100.00,0,0,0.00,0.00,0.00,6100.00,0.00
68371094230020017,20170823,6100.00,6100.00,0,0,0.00,0.00,0.00,6100.00,0.00
68371094230020017,20170826,6100.00,6100.00,0,0,0.00,0.00,0.00,6100.00,0.00
68371094230020017,20170827,6100.00,6100.00,0,0,0.00,0.00,0.00,6100.00,0.00
68371094230020017,20170828,6100.00,6100.00,0,0,0.00,0.00,0.00,6100.00,0.00
68371094230020017,20170829,6100.00,6100.00,0,0,0.00,0.00,0.00,6100.00,0.00
68371094230020017,20170830,6100.00,6100.00,0,0,0.00,0.00,0.00,6100.00,0.00
68371094230020017,20170902,6100.00,6100.00,0,0,0.00,0.00,0.00,6100.00,0.00
68371094230020017,20170903,6100.00,6100.00,0,0,0.00,0.00,0.00,6100.00,0.00
68371094230020017,20170904,6100.00,6100.00,0,0,0.00,0.00,0.00,6100.00,0.00
68371094230020017,20170905,6100.00,6100.00,0,0,0.00,0.00,0.00,6100.00,0.00
68371094230020017,20170906,6100.00,6100.00,0,0,0.00,0.00,0.00,6100.00,0.00
68371094230020017,20170910,6100.00,6100.00,0,0,0.00,0.00,0.00,6100.00,0.00
68371094230020017,20170911,6100.00,6100.00,0,0,0.00,0.00,0.00,6100.00,0.00
68371094230020017,20170912,6100.00,6100.00,0,0,0.00,0.00,0.00,6100.00,0.00
68371094230020017,20170913,6100.00,6100.00,0,0,0.00,0.00,0.00,6100.00,0.00
68371094230020017,20170916,6100.00,6100.00,0,0,0.00,0.00,0.00,6100.00,0.00
68371094230020017,20170917,6100.00,6100.00,0,0,0.00,0.00,0.00,6100.00,0.00
68371094230020017,20170918,6100.00,6100.00,0,0,0.00,0.00,0.00,6100.00,0.00
68371094230020017,20170919,6100.00,6100.00,0,0,0.00,0.00,0.00,6100.00,0.00
68371094230020017,20170920,6100.00,6100.00,0,0,0.00,0.00,0.00,6100.00,0.00
68371094230020017,20170923,6100.00,6100.00,0,0,0.00,0.00,0.00,6100.00,0.00
68371094230020017,20170924,6100.00,6100.00,0,0,0.00,0.00,0.00,6100.00,0.00
68371094230020017,20170925,6100.00,6100.00,0,0,0.00,0.00,0.00,6100.00,0.00
68371094230020017,20170926,6100.00,6100.00,0,0,0.00,0.00,0.00,6100.00,0.00
68371094230020017,20170927,6100.00,6100.00,0,0,0.00,0.00,0.00,6100.00,0.00
68371094230020017,20171002,6100.00,6100.00,0,0,0.00,0.00,0.00,6100.00,0.00
68371094230020017,20171003,6100.00,6100.00,0,0,0.00,0.00,0.00,6100.00,0.00
68371094230020017,20171004,6100.00,6100.00,0,0,0.00,0.00,0.00,6100.00,0.00
68371094230020017,20171007,6100.00,6100.00,0,0,0.00,0.00,0.00,6100.00,0.00
68371094230020017,20171008,6100.00,6100.00,0,0,0.00,0.00,0.00,6100.00,0.00
68371094230020017,20171009,6100.00,6100.00,0,0,0.00,0.00,0.00,6100.00,0.00
68371094230020017,20171010,6100.00,6100.00,0,0,0.00,0.00,0.00,6100.00,0.00
68371094230020017,20171011,6100.00,6100.00,0,0,0.00,0.00,0.00,6100.00,0.00
68371094230020017,20171014,6100.00,6100.00,0,0,0.00,0.00,0.00,6100.00,0.00
68371094230020017,20171015,6100.00,6100.00,0,0,0.00,0.00,0.00,6100.00,0.00
68371094230020017,20171016,6100.00,6100.00,0,0,0.00,0.00,0.00,6100.00,0.00
68371094230020017,20171017,6100.00,6100.00,0,0,0.00,0.00,0.00,6100.00,0.00
68371094230020017,20171018,6100.00,6100.00,0,0,0.00,0.00,0.00,6100.00,0.00
68371094230020017,20171021,6100.00,6100.00,0,0,0.00,0.00,0.00,6100.00,0.00
68371094230020017,20171022,6100.00,6100.00,0,0,0.00,0.00,0.00,6100.00,0.00
68371094230020017,20171023,6100.00,6100.00,0,0,0.00,0.00,0.00,6100.00,0.00
68371094230020017,20171024,6100.00,6100.00,0,0,0.00,0.00,0.00,6100.00,0.00
68371094230020017,20171025,6100.00,6100.00,0,0,0.00,0.00,0.00,6100.00,0.00
68371094230020017,20171028,6100.00,6100.00,0,0,0.00,0.00,0.00,6100.00,0.00
68371094230020017,20171029,6100.00,6100.00,0,0,0.00,0.00,0.00,6100.00,0.00
68371094230020017,20171030,6100.00,6100.00,0,0,0.00,0.00,0.00,6100.00,0.00
68371094230020017,20171031,6100.00,6100.00,0,0,0.00,0.00,0.00,6100.00,0.00
68371094230020017,20171101,6100.00,6100.00,0,0,0.00,0.00,0.00,6100.00,0.00
68371094230020017,20171104,6100.00,6100.00,0,0,0.00,0.00,0.00,6100.00,0.00
68371094230020017,20171105,6100.00,6100.00,0,0,0.00,0.00,0.00,6100.00,0.00
68371094230020017,20171106,6100.00,6100.00,0,0,0.00,0.00,0.00,6100.00,0.00
68371094230020017,20171107,6100.00,6100.00,0,0,0.00,0.00,0.00,6100.00,0.00
68371094230020017,20171108,6100.00,6100.00,0,0,0.00,0.00,0.00,6100.00,0.00
68371094230020017,20171111,6100.00,6100.00,0,0,0.00,0.00,0.00,6100.00,0.00
68371094230020017,20171112,6100.00,6100.00,0,0,0.00,0.00,0.00,6100.00,0.00
68371094230020017,20171113,6100.00,6100.00,0,0,0.00,0.00,0.00,6100.00,0.00
68371094230020017,20171114,6100.00,6100.00,0,0,0.00,0.00,0.00,6100.00,0.00
68371094230020017,20171115,6100.00,6100.00,0,0,0.00,0.00,0.00,6100.00,0.00
68371094230020017,20171118,6100.00,6100.00,0,0,0.00,0.00,0.00,6100.00,0.00
68371094230020017,20171120,6100.00,6100.00,0,0,0.00,0.00,0.00,6100.00,0.00
68371094230020017,20171121,6100.00,6100.00,0,0,0.00,0.00,0.00,6100.00,0.00
68371094230020017,20171122,6100.00,6100.00,0,0,0.00,0.00,0.00,6100.00,0.00
68371094230020017,20171125,6100.00,6100.00,0,0,0.00,0.00,0.00,6100.00,0.00
68371094230020017,20171126,6100.00,6100.00,0,0,0.00,0.00,0.00,6100.00,0.00
68371094230020017,20171128,6100.00,6100.00,0,0,0.00,0.00,0.00,6100.00,0.00
68371094230020017,20171129,6100.00,6100.00,0,0,0.00,0.00,0.00,6100.00,0.00
68371094230020017,20171202,6100.00,6100.00,0,0,0.00,0.00,0.00,6100.00,0.00
68371094230020017,20171203,6100.00,6100.00,0,0,0.00,0.00,0.00,6100.00,0.00
68371094230020017,20171204,6100.00,6100.00,0,0,0.00,0.00,0.00,6100.00,0.00
68371094230020017,20171205,6100.00,6100.00,0,0,0.00,0.00,0.00,6100.00,0.00
68371094230020017,20171209,6100.00,6100.00,0,0,0.00,0.00,0.00,6100.00,0.00
68371094230020017,20171210,6100.00,6100.00,0,0,0.00,0.00,0.00,6100.00,0.00
68371094230020017,20171211,6100.00,6100.00,0,0,0.00,0.00,0.00,6100.00,0.00
68371094230020017,20171212,6100.00,6100.00,0,0,0.00,0.00,0.00,6100.00,0.00
68371094230020017,20171213,6100.00,6100.00,0,0,0.00,0.00,0.00,6100.00,0.00
68371094230020017,20171214,6100.00,6100.00,0,0,0.00,0.00,0.00,6100.00,0.00
68371094230020017,20171215,6100.00,6100.00,0,0,0.00,0.00,0.00,6100.00,0.00
68371094230020017,20171216,6100.00,6100.00,0,0,0.00,0.00,0.00,6100.00,0.00
68371094230020017,20171217,6100.00,6100.00,0,0,0.00,0.00,0.00,6100.00,0.00
68371094230020017,20171218,6100.00,6100.00,0,0,0.00,0.00,0.00,6100.00,0.00
68371094230020017,20171219,6100.00,6100.00,0,0,0.00,0.00,0.00,6100.00,0.00
68371094230020017,20171220,6100.00,6100.00,0,0,0.00,0.00,0.00,6100.00,0.00
68371094230020017,20171223,6100.00,6100.00,0,0,0.00,0.00,0.00,6100.00,0.00
68371094230020017,20171224,6100.00,6100.00,0,0,0.00,0.00,0.00,6100.00,0.00
68371094230020017,20171225,6100.00,6100.00,0,0,0.00,0.00,0.00,6100.00,0.00
68371094230020017,20171226,6100.00,6100.00,0,0,0.00,0.00,0.00,6100.00,0.00
68371094230020017,20171227,6100.00,6100.00,0,0,0.00,0.00,0.00,6100.00,0.00
68371094230020017,20171230,6100.00,6100.00,0,0,0.00,0.00,0.00,6100.00,0.00
68371094230020017,20171231,6100.00,6100.00,0,0,0.00,0.00,0.00,6100.00,0.00
68371094230020017,20180101,6100.00,6100.00,0,0,0.00,0.00,0.00,6100.00,0.00
68371094230020017,20180102,6100.00,6100.00,0,0,0.00,0.00,0.00,6100.00,0.00
68371094230020017,20180103,6100.00,6100.00,0,0,0.00,0.00,0.00,6100.00,0.00
68371094230020017,20180106,6100.00,6100.00,0,0,0.00,0.00,0.00,6100.00,0.00
68371094230020017,20180107,6100.00,6100.00,0,0,0.00,0.00,0.00,6100.00,0.00
68371094230020017,20180108,6100.00,6100.00,0,0,0.00,0.00,0.00,6100.00,0.00
68371094230020017,20180109,6100.00,6100.00,0,0,0.00,0.00,0.00,6100.00,0.00
68371094230020017,20180110,6100.00,6100.00,0,0,0.00,0.00,0.00,6100.00,0.00
68371094230020017,20180113,6100.00,6100.00,0,0,0.00,0.00,0.00,6100.00,0.00
68371094230020017,20180114,6100.00,6100.00,0,0,0.00,0.00,0.00,6100.00,0.00
68371094230020017,20180115,6100.00,6100.00,0,0,0.00,0.00,0.00,6100.00,0.00
68371094230020017,20180116,6100.00,6100.00,0,0,0.00,0.00,0.00,6100.00,0.00
68371094230020017,20180117,6100.00,6100.00,0,0,0.00,0.00,0.00,6100.00,0.00
68371094230020017,20180120,6100.00,6100.00,0,0,0.00,0.00,0.00,6100.00,0.00
68371094230020017,20180121,6100.00,6100.00,0,0,0.00,0.00,0.00,6100.00,0.00
68371094230020017,20180122,6100.00,6100.00,0,0,0.00,0.00,0.00,6100.00,0.00
68371094230020017,20180123,6100.00,6100.00,0,0,0.00,0.00,0.00,6100.00,0.00
68371094230020017,20180124,6100.00,6100.00,0,0,0.00,0.00,0.00,6100.00,0.00
68371094230020017,20180127,6100.00,6100.00,0,0,0.00,0.00,0.00,6100.00,0.00
68371094230020017,20180128,6100.00,6100.00,0,0,0.00,0.00,0.00,6100.00,0.00
68371094230020017,20180129,6100.00,6100.00,0,0,0.00,0.00,0.00,6100.00,0.00
68371094230020017,20180130,6100.00,6100.00,0,0,0.00,0.00,0.00,6100.00,0.00
68371094230020017,20180131,6100.00,6100.00,0,0,0.00,0.00,0.00,6100.00,0.00
68371094230020017,20180203,6100.00,6100.00,0,0,0.00,0.00,0.00,6100.00,0.00
68371094230020017,20180204,6100.00,6100.00,0,0,0.00,0.00,0.00,6100.00,0.00
68371094230020017,20180205,6100.00,6100.00,0,0,0.00,0.00,0.00,6100.00,0.00
68371094230020017,20180206,6100.00,6100.00,0,0,0.00,0.00,0.00,6100.00,0.00
68371094230020017,20180207,6100.00,6100.00,0,0,0.00,0.00,0.00,6100.00,0.00
68371094230020017,20180210,6100.00,6100.00,0,0,0.00,0.00,0.00,6100.00,0.00
68371094230020017,20180212,6100.00,6100.00,0,0,0.00,0.00,0.00,6100.00,0.00
68371094230020017,20180213,6100.00,6100.00,0,0,0.00,0.00,0.00,6100.00,0.00
68371094230020017,20180214,6100.00,6100.00,0,0,0.00,0.00,0.00,6100.00,0.00
68371094230020017,20180217,6100.00,6100.00,0,0,0.00,0.00,0.00,6100.00,0.00
68371094230020017,20180218,6100.00,6100.00,0,0,0.00,0.00,0.00,6100.00,0.00
68371094230020017,20180219,6100.00,6100.00,0,0,0.00,0.00,0.00,6100.00,0.00
68371094230020017,20180221,6100.00,6100.00,0,0,0.00,0.00,0.00,6100.00,0.00
68371094230020017,20180224,6100.00,6100.00,0,0,0.00,0.00,0.00,6100.00,0.00
68371094230020017,20180225,6100.00,6100.00,0,0,0.00,0.00,0.00,6100.00,0.00
68371094230020017,20180226,6100.00,6100.00,0,0,0.00,0.00,0.00,6100.00,0.00
68371094230020017,20180227,6100.00,6100.00,0,0,0.00,0.00,0.00,6100.00,0.00
68371094230020017,20180228,6100.00,6100.00,0,0,0.00,0.00,0.00,6100.00,0.00
68371094230020017,20180303,6100.00,6100.00,0,0,0.00,0.00,0.00,6100.00,0.00
68371094230020017,20180304,6100.00,6100.00,0,0,0.00,0.00,0.00,6100.00,0.00
68371094230020017,20180305,6100.00,6100.00,0,0,0.00,0.00,0.00,6100.00,0.00
68371094230020017,20180306,6100.00,6100.00,0,0,0.00,0.00,0.00,6100.00,0.00
68371094230020017,20180307,6100.00,6100.00,0,0,0.00,0.00,0.00,6100.00,0.00
68371094230020017,20180310,6100.00,6100.00,0,0,0.00,0.00,0.00,6100.00,0.00
68371094230020017,20180311,6100.00,6100.00,0,0,0.00,0.00,0.00,6100.00,0.00
68371094230020017,20180312,6100.00,6100.00,0,0,0.00,0.00,0.00,6100.00,0.00
68371094230020017,20180313,6100.00,6100.00,0,0,0.00,0.00,0.00,6100.00,0.00
68371094230020017,20180314,6100.00,6100.00,0,0,0.00,0.00,0.00,6100.00,0.00
68371094230020017,20180317,6100.00,6100.00,0,0,0.00,0.00,0.00,6100.00,0.00
68371094230020017,20180318,6100.00,6100.00,0,0,0.00,0.00,0.00,6100.00,0.00
68371094230020017,20180319,6100.00,6100.00,0,0,0.00,0.00,0.00,6100.00,0.00
68371094230020017,20180325,6100.00,6100.00,0,0,0.00,0.00,0.00,6100.00,0.00
68371094230020017,20180326,6100.00,6100.00,0,0,0.00,0.00,0.00,6100.00,0.00
68371094230020017,20180327,6100.00,6100.00,0,0,0.00,0.00,0.00,6100.00,0.00
68371094230020017,20180328,6100.00,6100.00,0,0,0.00,0.00,0.00,6100.00,0.00
68371094230020017,20180403,6100.00,6100.00,0,0,0.00,0.00,0.00,6100.00,0.00
68371094230020017,20180404,6100.00,6100.00,0,0,0.00,0.00,0.00,6100.00,0.00
68371094230020017,20180407,6100.00,6100.00,0,0,0.00,0.00,0.00,6100.00,0.00
68371094230020017,20180408,6100.00,6100.00,0,0,0.00,0.00,0.00,6100.00,0.00
68371094230020017,20180409,6100.00,6100.00,0,0,0.00,0.00,0.00,6100.00,0.00
68371094230020017,20180410,6100.00,6100.00,0,0,0.00,0.00,0.00,6100.00,0.00
68371094230020017,20180411,6100.00,6100.00,0,0,0.00,0.00,0.00,6100.00,0.00
68371094230020017,20180415,6100.00,6100.00,0,0,0.00,0.00,0.00,6100.00,0.00
68371094230020017,20180416,6100.00,6100.00,0,0,0.00,0.00,0.00,6100.00,0.00
68371094230020017,20180417,6100.00,6100.00,0,0,0.00,0.00,0.00,6100.00,0.00
68371094230020017,20180418,6100.00,6100.00,0,0,0.00,0.00,0.00,6100.00,0.00
68371094230020017,20180421,6100.00,6100.00,0,0,0.00,0.00,0.00,6100.00,0.00
68371094230020017,20180422,6100.00,6100.00,0,0,0.00,0.00,0.00,6100.00,0.00
68371094230020017,20180423,6100.00,6100.00,0,0,0.00,0.00,0.00,6100.00,0.00
68371094230020017,20180424,6100.00,6100.00,0,0,0.00,0.00,0.00,6100.00,0.00
68371094230020017,20180425,6100.00,6100.00,0,0,0.00,0.00,0.00,6100.00,0.00
68371094230020017,20180428,6100.00,6100.00,0,0,0.00,0.00,0.00,6100.00,0.00
68371094230020017,20180429,6100.00,6100.00,0,0,0.00,0.00,0.00,6100.00,0.00
68371094230020017,20180430,6100.00,6100.00,0,0,0.00,0.00,0.00,6100.00,0.00
68371094230020017,20180501,6100.00,6100.00,0,0,0.00,0.00,0.00,6100.00,0.00
68371094230020017,20180505,6100.00,6100.00,0,0,0.00,0.00,0.00,6100.00,0.00
68371094230020017,20180506,6100.00,6100.00,0,0,0.00,0.00,0.00,6100.00,0.00
68371094230020017,20180507,6100.00,6100.00,0,0,0.00,0.00,0.00,6100.00,0.00
68371094230020017,20180508,6100.00,6100.00,0,0,0.00,0.00,0.00,6100.00,0.00
68371094230020017,20180509,6100.00,6100.00,0,0,0.00,0.00,0.00,6100.00,0.00
68371094230020017,20180512,6100.00,6100.00,0,0,0.00,0.00,0.00,6100.00,0.00
68371094230020017,20180513,6100.00,6100.00,0,0,0.00,0.00,0.00,6100.00,0.00
68371094230020017,20180514,6100.00,6100.00,0,0,0.00,0.00,0.00,6100.00,0.00
68371094230020017,20180515,6100.00,6100.00,0,0,0.00,0.00,0.00,6100.00,0.00
68371094230020017,20180516,6100.00,6100.00,0,0,0.00,0.00,0.00,6100.00,0.00
68371094230020017,20180519,6100.00,6100.00,0,0,0.00,0.00,0.00,6100.00,0.00
68371094230020017,20180520,6100.00,6100.00,0,0,0.00,0.00,0.00,6100.00,0.00
68371094230020017,20180521,6100.00,6100.00,0,0,0.00,0.00,0.00,6100.00,0.00
68371094230020017,20180522,6100.00,6100.00,0,0,0.00,0.00,0.00,6100.00,0.00
68371094230020017,20180523,6100.00,6100.00,0,0,0.00,0.00,0.00,6100.00,0.00
68371094230020017,20180526,6100.00,6100.00,0,0,0.00,0.00,0.00,6100.00,0.00
68371094230020017,20180527,6100.00,6100.00,0,0,0.00,0.00,0.00,6100.00,0.00
68371094230020017,20180528,6100.00,6100.00,0,0,0.00,0.00,0.00,6100.00,0.00
68371094230020017,20180529,6100.00,6100.00,0,0,0.00,0.00,0.00,6100.00,0.00
68371094230020017,20180530,6100.00,6100.00,0,0,0.00,0.00,0.00,6100.00,0.00
68371094230020017,20180602,6100.00,6100.00,0,0,0.00,0.00,0.00,6100.00,0.00
68371094230020017,20180603,6100.00,6100.00,0,0,0.00,0.00,0.00,6100.00,0.00
68371094230020017,20180609,6100.00,6100.00,0,0,0.00,0.00,0.00,6100.00,0.00
68371094230020017,20180610,6100.00,6100.00,0,0,0.00,0.00,0.00,6100.00,0.00
68371094230020017,20180611,6100.00,6100.00,0,0,0.00,0.00,0.00,6100.00,0.00
68371094230020017,20180612,6100.00,6100.00,0,0,0.00,0.00,0.00,6100.00,0.00
68371094230020017,20180613,6100.00,6100.00,0,0,0.00,0.00,0.00,6100.00,0.00
68371094230020017,20180617,6100.00,6100.00,0,0,0.00,0.00,0.00,6100.00,0.00
68371094230020017,20180618,6100.00,6100.00,0,0,0.00,0.00,0.00,6100.00,0.00
68371094230020017,20180619,6100.00,6100.00,0,0,0.00,0.00,0.00,6100.00,0.00
68371094230020017,20180620,6100.00,6100.00,0,0,0.00,0.00,0.00,6100.00,0.00
68371094230020017,20180623,6100.00,6100.00,0,0,0.00,0.00,0.00,6100.00,0.00
68371094230020017,20180624,6100.00,6100.00,0,0,0.00,0.00,0.00,6100.00,0.00
68371094230020017,20180625,6100.00,6100.00,0,0,0.00,0.00,0.00,6100.00,0.00
68371094230020017,20180626,6100.00,6100.00,0,0,0.00,0.00,0.00,6100.00,0.00
68371094230020017,20180627,6100.00,6100.00,0,0,0.00,0.00,0.00,6100.00,0.00
68371094230020017,20180630,6100.00,6100.00,0,0,0.00,0.00,0.00,6100.00,0.00
68371094230020017,20180701,6100.00,6100.00,0,0,0.00,0.00,0.00,6100.00,0.00
68371094230020017,20180702,6100.00,6100.00,0,0,0.00,0.00,0.00,6100.00,0.00
68371094230020017,20180703,6100.00,6100.00,0,0,0.00,0.00,0.00,6100.00,0.00
68371094230020017,20180704,6100.00,6100.00,0,0,0.00,0.00,0.00,6100.00,0.00
68371094230020017,20180707,6100.00,6100.00,0,0,0.00,0.00,0.00,6100.00,0.00
68371094230020017,20180708,6100.00,6100.00,0,0,0.00,0.00,0.00,6100.00,0.00
68371094230020017,20180710,6100.00,6100.00,0,0,0.00,0.00,0.00,6100.00,0.00
68371094230020017,20180711,6100.00,6100.00,0,0,0.00,0.00,0.00,6100.00,0.00
68371094230020017,20180714,6100.00,6100.00,0,0,0.00,0.00,0.00,6100.00,0.00
68371094230020017,20180715,6100.00,6100.00,0,0,0.00,0.00,0.00,6100.00,0.00
68371094230020017,20180716,6100.00,6100.00,0,0,0.00,0.00,0.00,6100.00,0.00
68371094230020017,20180717,6100.00,6100.00,0,0,0.00,0.00,0.00,6100.00,0.00
68371094230020017,20180718,6100.00,6100.00,0,0,0.00,0.00,0.00,6100.00,0.00
68371094230020017,20180721,6100.00,6100.00,0,0,0.00,0.00,0.00,6100.00,0.00
68371094230020017,20180722,6100.00,6100.00,0,0,0.00,0.00,0.00,6100.00,0.00
68371094230020017,20180723,6100.00,6100.00,0,0,0.00,0.00,0.00,6100.00,0.00
68371094230020017,20180724,6100.00,6100.00,0,0,0.00,0.00,0.00,6100.00,0.00
68371094230020017,20180725,6100.00,6100.00,0,0,0.00,0.00,0.00,6100.00,0.00
68371094230020017,20180726,6100.00,6100.00,0,0,0.00,0.00,0.00,6100.00,0.00
68371094230020017,20180727,6100.00,6100.00,0,0,0.00,0.00,0.00,6100.00,0.00
68371094230020017,20180728,6100.00,6100.00,0,0,0.00,0.00,0.00,6100.00,0.00
68371094230020017,20180729,6100.00,6100.00,0,0,0.00,0.00,0.00,6100.00,0.00
68371094230020017,20180730,6100.00,6100.00,0,0,0.00,0.00,0.00,6100.00,0.00
68371094230020017,20180731,6100.00,6100.00,0,0,0.00,0.00,0.00,6100.00,0.00
68371094230020017,20180801,6100.00,6100.00,0,0,0.00,0.00,0.00,6100.00,0.00
68371094230020017,20180804,6100.00,6100.00,0,0,0.00,0.00,0.00,6100.00,0.00
68371094230020017,20180805,6100.00,6100.00,0,0,0.00,0.00,0.00,6100.00,0.00
68371094230020017,20180806,6100.00,6100.00,0,0,0.00,0.00,0.00,6100.00,0.00
68371094230020017,20180807,6100.00,6100.00,0,0,0.00,0.00,0.00,6100.00,0.00
68371094230020017,20180808,6100.00,6100.00,0,0,0.00,0.00,0.00,6100.00,0.00
68371094230020017,20180811,6100.00,6100.00,0,0,0.00,0.00,0.00,6100.00,0.00
68371094230020017,20180812,6100.00,6100.00,0,0,0.00,0.00,0.00,6100.00,0.00
68371094230020017,20180813,6100.00,6100.00,0,0,0.00,0.00,0.00,6100.00,0.00
68371094230020017,20180814,6100.00,6100.00,0,0,0.00,0.00,0.00,6100.00,0.00
68371094230020017,20180815,6100.00,6100.00,0,0,0.00,0.00,0.00,6100.00,0.00
68371094230020017,20180818,6100.00,6100.00,0,0,0.00,0.00,0.00,6100.00,0.00
68371094230020017,20180819,6100.00,6100.00,0,0,0.00,0.00,0.00,6100.00,0.00
68371094230020017,20180820,6100.00,6100.00,0,0,0.00,0.00,0.00,6100.00,0.00
68371094230020017,20180821,6100.00,6100.00,0,0,0.00,0.00,0.00,6100.00,0.00
68371094230020017,20180825,6100.00,6100.00,0,0,0.00,0.00,0.00,6100.00,0.00
68371094230020017,20180826,6100.00,6100.00,0,0,0.00,0.00,0.00,6100.00,0.00
68371094230020017,20180827,6100.00,6100.00,0,0,0.00,0.00,0.00,6100.00,0.00
68371094230020017,20180828,6100.00,6100.00,0,0,0.00,0.00,0.00,6100.00,0.00
68371094230020017,20180829,6100.00,6100.00,0,0,0.00,0.00,0.00,6100.00,0.00
68371094230020017,20180901,6100.00,6100.00,0,0,0.00,0.00,0.00,6100.00,0.00
68371094230020017,20180902,6100.00,6100.00,0,0,0.00,0.00,0.00,6100.00,0.00
68371094230020017,20180903,6100.00,6100.00,0,0,0.00,0.00,0.00,6100.00,0.00
68371094230020017,20180904,6100.00,6100.00,0,0,0.00,0.00,0.00,6100.00,0.00
68371094230020017,20180905,6100.00,6100.00,0,0,0.00,0.00,0.00,6100.00,0.00
68371094230020017,20180908,6100.00,6100.00,0,0,0.00,0.00,0.00,6100.00,0.00
68371094230020017,20180909,6100.00,6100.00,0,0,0.00,0.00,0.00,6100.00,0.00
68371094230020017,20180910,6100.00,6100.00,0,0,0.00,0.00,0.00,6100.00,0.00
68371094230020017,20180911,6100.00,6100.00,0,0,0.00,0.00,0.00,6100.00,0.00
68371094230020017,20180912,6100.00,6100.00,0,0,0.00,0.00,0.00,6100.00,0.00
68371094230020017,20180915,6100.00,6100.00,0,0,0.00,0.00,0.00,6100.00,0.00
68371094230020017,20180916,6100.00,6100.00,0,0,0.00,0.00,0.00,6100.00,0.00
68371094230020017,20180917,6100.00,6100.00,0,0,0.00,0.00,0.00,6100.00,0.00
68371094230020017,20180918,6100.00,6100.00,0,0,0.00,0.00,0.00,6100.00,0.00
68371094230020017,20180922,6100.00,6100.00,0,0,0.00,0.00,0.00,6100.00,0.00
68371094230020017,20180923,6100.00,6100.00,0,0,0.00,0.00,0.00,6100.00,0.00
68371094230020017,20180924,6100.00,6100.00,0,0,0.00,0.00,0.00,6100.00,0.00
68371094230020017,20180925,6100.00,6100.00,0,0,0.00,0.00,0.00,6100.00,0.00
68371094230020017,20180926,6100.00,6100.00,0,0,0.00,0.00,0.00,6100.00,0.00
68371094230020017,20180929,6100.00,6100.00,0,0,0.00,0.00,0.00,6100.00,0.00
68371094230020017,20180930,6100.00,6100.00,0,0,0.00,0.00,0.00,6100.00,0.00
68371094230020017,20181001,6100.00,6100.00,0,0,0.00,0.00,0.00,6100.00,0.00
68371094230020017,20181002,6100.00,6100.00,0,0,0.00,0.00,0.00,6100.00,0.00
68371094230020017,20181003,6100.00,6100.00,0,0,0.00,0.00,0.00,6100.00,0.00
68371094230020017,20181006,6100.00,6100.00,0,0,0.00,0.00,0.00,6100.00,0.00
68371094230020017,20181007,6100.00,6100.00,0,0,0.00,0.00,0.00,6100.00,0.00
68371094230020017,20181008,6100.00,6100.00,0,0,0.00,0.00,0.00,6100.00,0.00
68371094230020017,20181009,6100.00,6100.00,0,0,0.00,0.00,0.00,6100.00,0.00
68371094230020017,20181010,6100.00,6100.00,0,0,0.00,0.00,0.00,6100.00,0.00
68371094230020017,20181013,6100.00,6100.00,0,0,0.00,0.00,0.00,6100.00,0.00
68371094230020017,20181014,6100.00,6100.00,0,0,0.00,0.00,0.00,6100.00,0.00
68371094230020017,20181015,6100.00,6100.00,0,0,0.00,0.00,0.00,6100.00,0.00
68371094230020017,20181016,6100.00,6100.00,0,0,0.00,0.00,0.00,6100.00,0.00
68371094230020017,20181017,6100.00,6100.00,0,0,0.00,0.00,0.00,6100.00,0.00
68371094230020017,20181020,6100.00,6100.00,0,0,0.00,0.00,0.00,6100.00,0.00
68371094230020017,20181021,6100.00,6100.00,0,0,0.00,0.00,0.00,6100.00,0.00
68371094230020017,20181022,6100.00,6100.00,0,0,0.00,0.00,0.00,6100.00,0.00
68371094230020017,20181023,6100.00,6100.00,0,0,0.00,0.00,0.00,6100.00,0.00
68371094230020017,20181024,6100.00,6100.00,0,0,0.00,0.00,0.00,6100.00,0.00
68371094230020017,20181027,6100.00,6100.00,0,0,0.00,0.00,0.00,6100.00,0.00
68371094230020017,20181028,6100.00,6100.00,0,0,0.00,0.00,0.00,6100.00,0.00
68371094230020017,20181029,6100.00,6100.00,0,0,0.00,0.00,0.00,6100.00,0.00
68371094230020017,20181031,6100.00,6100.00,0,0,0.00,0.00,0.00,6100.00,0.00
68371094230020017,20181103,6100.00,6100.00,0,0,0.00,0.00,0.00,6100.00,0.00
68371094230020017,20181104,6100.00,6100.00,0,0,0.00,0.00,0.00,6100.00,0.00
68371094230020017,20181105,6100.00,6100.00,0,0,0.00,0.00,0.00,6100.00,0.00
68371094230020017,20181106,6100.00,6100.00,0,0,0.00,0.00,0.00,6100.00,0.00
68371094230020017,20181110,6100.00,6100.00,0,0,0.00,0.00,0.00,6100.00,0.00
68371094230020017,20181111,6100.00,6100.00,0,0,0.00,0.00,0.00,6100.00,0.00
68371094230020017,20181112,6100.00,6100.00,0,0,0.00,0.00,0.00,6100.00,0.00
68371094230020017,20181113,6100.00,6100.00,0,0,0.00,0.00,0.00,6100.00,0.00
68371094230020017,20181114,6100.00,6100.00,0,0,0.00,0.00,0.00,6100.00,0.00
68371094230020017,20181117,6100.00,6100.00,0,0,0.00,0.00,0.00,6100.00,0.00
68371094230020017,20181118,6100.00,6100.00,0,0,0.00,0.00,0.00,6100.00,0.00
68371094230020017,20181119,6100.00,6100.00,0,0,0.00,0.00,0.00,6100.00,0.00
68371094230020017,20181120,6100.00,6100.00,0,0,0.00,0.00,0.00,6100.00,0.00
68371094230020017,20181121,6100.00,6100.00,0,0,0.00,0.00,0.00,6100.00,0.00
68371094230020017,20181124,6100.00,6100.00,0,0,0.00,0.00,0.00,6100.00,0.00
68371094230020017,20181126,6100.00,6100.00,0,0,0.00,0.00,0.00,6100.00,0.00
68371094230020017,20181127,6100.00,6100.00,0,0,0.00,0.00,0.00,6100.00,0.00
68371094230020017,20181128,6100.00,6100.00,0,0,0.00,0.00,0.00,6100.00,0.00
68371094230020017,20181201,6100.00,6100.00,0,0,0.00,0.00,0.00,6100.00,0.00
68371094230020017,20181202,6100.00,6100.00,0,0,0.00,0.00,0.00,6100.00,0.00
68371094230020017,20181203,6100.00,6100.00,0,0,0.00,0.00,0.00,6100.00,0.00
68371094230020017,20181204,6100.00,6100.00,0,0,0.00,0.00,0.00,6100.00,0.00
68371094230020017,20181205,6100.00,6100.00,0,0,0.00,0.00,0.00,6100.00,0.00
68371094230020017,20181208,6100.00,6100.00,0,0,0.00,0.00,0.00,6100.00,0.00
68371094230020017,20181209,6100.00,6100.00,0,0,0.00,0.00,0.00,6100.00,0.00
68371094230020017,20181210,6100.00,6100.00,0,0,0.00,0.00,0.00,6100.00,0.00
68371094230020017,20181211,6100.00,6100.00,0,0,0.00,0.00,0.00,6100.00,0.00
68371094230020017,20181212,6100.00,6100.00,0,0,0.00,0.00,0.00,6100.00,0.00
68371094230020017,20181215,6100.00,6100.00,0,0,0.00,0.00,0.00,6100.00,0.00
68371094230020017,20181216,6100.00,6100.00,0,0,0.00,0.00,0.00,6100.00,0.00
68371094230020017,20181217,6100.00,6100.00,0,0,0.00,0.00,0.00,6100.00,0.00
68371094230020017,20181218,6100.00,6100.00,0,0,0.00,0.00,0.00,6100.00,0.00
68371094230020017,20181219,6100.00,6100.00,0,0,0.00,0.00,0.00,6100.00,0.00
68371094230020017,20181222,6100.00,6100.00,0,0,0.00,0.00,0.00,6100.00,0.00
68371094230020017,20181223,6100.00,6100.00,0,0,0.00,0.00,0.00,6100.00,0.00
68371094230020017,20181224,6100.00,6100.00,0,0,0.00,0.00,0.00,6100.00,0.00
68371094230020017,20181225,6100.00,6100.00,0,0,0.00,0.00,0.00,6100.00,0.00
68371094230020017,20181226,6100.00,6100.00,0,0,0.00,0.00,0.00,6100.00,0.00
68371094230020017,20181229,6100.00,6100.00,0,0,0.00,0.00,0.00,6100.00,0.00
68371094230020017,20181230,6100.00,6100.00,0,0,0.00,0.00,0.00,6100.00,0.00
68371094230020017,20181231,6100.00,6100.00,0,0,0.00,0.00,0.00,6100.00,0.00
68371094230020017,20190101,6100.00,6100.00,0,0,0.00,0.00,0.00,6100.00,0.00
68371094230020017,20190102,6100.00,6100.00,0,0,0.00,0.00,0.00,6100.00,0.00
68371094230020017,20190105,6100.00,6100.00,0,0,0.00,0.00,0.00,6100.00,0.00
68371094230020017,20190106,6100.00,6100.00,0,0,0.00,0.00,0.00,6100.00,0.00
68371094230020017,20190107,6100.00,6100.00,0,0,0.00,0.00,0.00,6100.00,0.00
68371094230020017,20190108,6100.00,6100.00,0,0,0.00,0.00,0.00,6100.00,0.00
68371094230020017,20190109,6100.00,6100.00,0,0,0.00,0.00,0.00,6100.00,0.00
68371094230020017,20190112,6100.00,6100.00,0,0,0.00,0.00,0.00,6100.00,0.00
68371094230020017,20190113,6100.00,6100.00,0,0,0.00,0.00,0.00,6100.00,0.00
68371094230020017,20190114,6100.00,6100.00,0,0,0.00,0.00,0.00,6100.00,0.00
68371094230020017,20190115,6100.00,6100.00,0,0,0.00,0.00,0.00,6100.00,0.00
68371094230020017,20190116,6100.00,6100.00,0,0,0.00,0.00,0.00,6100.00,0.00
68371094230020017,20190119,6100.00,6100.00,0,0,0.00,0.00,0.00,6100.00,0.00
68371094230020017,20190120,6100.00,6100.00,0,0,0.00,0.00,0.00,6100.00,0.00
68371094230020017,20190121,6100.00,6100.00,0,0,0.00,0.00,0.00,6100.00,0.00
68371094230020017,20190122,6100.00,6100.00,0,0,0.00,0.00,0.00,6100.00,0.00
68371094230020017,20190123,6100.00,6100.00,0,0,0.00,0.00,0.00,6100.00,0.00
68371094230020017,20190126,6100.00,6100.00,0,0,0.00,0.00,0.00,6100.00,0.00
68371094230020017,20190127,6100.00,6100.00,0,0,0.00,0.00,0.00,6100.00,0.00
68371094230020017,20190128,6100.00,6100.00,0,0,0.00,0.00,0.00,6100.00,0.00
68371094230020017,20190129,6100.00,6100.00,0,0,0.00,0.00,0.00,6100.00,0.00
68371094230020017,20190130,6100.00,6100.00,0,0,0.00,0.00,0.00,6100.00,0.00
68371094230020017,20190202,6100.00,6100.00,0,0,0.00,0.00,0.00,6100.00,0.00
68371094230020017,20190203,6100.00,6100.00,0,0,0.00,0.00,0.00,6100.00,0.00
68371094230020017,20190204,6100.00,6100.00,0,0,0.00,0.00,0.00,6100.00,0.00
68371094230020017,20190205,6100.00,6100.00,0,0,0.00,0.00,0.00,6100.00,0.00
68371094230020017,20190206,6100.00,6100.00,0,0,0.00,0.00,0.00,6100.00,0.00
68371094230020017,20190210,6100.00,6100.00,0,0,0.00,0.00,0.00,6100.00,0.00
68371094230020017,20190212,6100.00,6100.00,0,0,0.00,0.00,0.00,6100.00,0.00
68371094230020017,20190213,6100.00,6100.00,0,0,0.00,0.00,0.00,6100.00,0.00
68371094230020017,20190216,6100.00,6100.00,0,0,0.00,0.00,0.00,6100.00,0.00
68371094230020017,20190217,6100.00,6100.00,0,0,0.00,0.00,0.00,6100.00,0.00
68371094230020017,20190218,6100.00,6100.00,0,0,0.00,0.00,0.00,6100.00,0.00
68371094230020017,20190219,6100.00,6100.00,0,0,0.00,0.00,0.00,6100.00,0.00
68371094230020017,20190220,6100.00,6100.00,0,0,0.00,0.00,0.00,6100.00,0.00
68371094230020017,20190223,6100.00,6100.00,0,0,0.00,0.00,0.00,6100.00,0.00
68371094230020017,20190224,6100.00,6100.00,0,0,0.00,0.00,0.00,6100.00,0.00
68371094230020017,20190225,6100.00,6100.00,0,0,0.00,0.00,0.00,6100.00,0.00
68371094230020017,20190226,6100.00,6100.00,0,0,0.00,0.00,0.00,6100.00,0.00
68371094230020017,20190227,6100.00,6100.00,0,0,0.00,0.00,0.00,6100.00,0.00
68371094230020017,20190302,6100.00,6100.00,0,0,0.00,0.00,0.00,6100.00,0.00
68371094230020017,20190303,6100.00,6100.00,0,0,0.00,0.00,0.00,6100.00,0.00
68371094230020017,20190304,6100.00,6100.00,0,0,0.00,0.00,0.00,6100.00,0.00
68371094230020017,20190305,6100.00,6100.00,0,0,0.00,0.00,0.00,6100.00,0.00
68371094230020017,20190306,6100.00,6100.00,0,0,0.00,0.00,0.00,6100.00,0.00
68371094230020017,20190309,6100.00,6100.00,0,0,0.00,0.00,0.00,6100.00,0.00
68371094230020017,20190310,6100.00,6100.00,0,0,0.00,0.00,0.00,6100.00,0.00
68371094230020017,20190311,6100.00,6100.00,0,0,0.00,0.00,0.00,6100.00,0.00
68371094230020017,20190312,6100.00,6100.00,0,0,0.00,0.00,0.00,6100.00,0.00
68371094230020017,20190313,6100.00,6100.00,0,0,0.00,0.00,0.00,6100.00,0.00
68371094230020017,20190316,6100.00,6100.00,0,0,0.00,0.00,0.00,6100.00,0.00
68371094230020017,20190317,6100.00,6100.00,0,0,0.00,0.00,0.00,6100.00,0.00
68371094230020017,20190318,6100.00,6100.00,0,0,0.00,0.00,0.00,6100.00,0.00
68371094230020017,20190319,6100.00,6100.00,0,0,0.00,0.00,0.00,6100.00,0.00
68371094230020017,20190325,6100.00,6100.00,0,0,0.00,0.00,0.00,6100.00,0.00
68371094230020017,20190326,6100.00,6100.00,0,0,0.00,0.00,0.00,6100.00,0.00
68371094230020017,20190327,6100.00,6100.00,0,0,0.00,0.00,0.00,6100.00,0.00
68371094230020017,20190330,6100.00,6100.00,0,0,0.00,0.00,0.00,6100.00,0.00
68371094230020017,20190331,6100.00,6100.00,0,0,0.00,0.00,0.00,6100.00,0.00
68371094230020017,20190406,6100.00,6100.00,0,0,0.00,0.00,0.00,6100.00,0.00
68371094230020017,20190407,6100.00,6100.00,0,0,0.00,0.00,0.00,6100.00,0.00
68371094230020017,20190408,6100.00,6100.00,0,0,0.00,0.00,0.00,6100.00,0.00
68371094230020017,20190409,6100.00,6100.00,0,0,0.00,0.00,0.00,6100.00,0.00
68371094230020017,20190410,6100.00,6100.00,0,0,0.00,0.00,0.00,6100.00,0.00
68371094230020017,20190413,6100.00,6100.00,0,0,0.00,0.00,0.00,6100.00,0.00
68371094230020017,20190414,6100.00,6100.00,0,0,0.00,0.00,0.00,6100.00,0.00
68371094230020017,20190415,6100.00,6100.00,0,0,0.00,0.00,0.00,6100.00,0.00
68371094230020017,20190416,6100.00,6100.00,0,0,0.00,0.00,0.00,6100.00,0.00
68371094230020017,20190417,6100.00,6100.00,0,0,0.00,0.00,0.00,6100.00,0.00
68371094230020017,20190420,6100.00,6100.00,0,0,0.00,0.00,0.00,6100.00,0.00
68371094230020017,20190422,6100.00,6100.00,0,0,0.00,0.00,0.00,6100.00,0.00
68371094230020017,20190423,6100.00,6100.00,0,0,0.00,0.00,0.00,6100.00,0.00
68371094230020017,20190424,6100.00,6100.00,0,0,0.00,0.00,0.00,6100.00,0.00
68371094230020017,20190427,6100.00,6100.00,0,0,0.00,0.00,0.00,6100.00,0.00
68371094230020017,20190428,6100.00,6100.00,0,0,0.00,0.00,0.00,6100.00,0.00
68371094230020017,20190429,6100.00,6100.00,0,0,0.00,0.00,0.00,6100.00,0.00
68371094230020017,20190430,6100.00,6100.00,0,0,0.00,0.00,0.00,6100.00,0.00
68371094230020017,20190501,6100.00,6100.00,0,0,0.00,0.00,0.00,6100.00,0.00
68371094230020017,20190504,6100.00,6100.00,0,0,0.00,0.00,0.00,6100.00,0.00
68371094230020017,20190505,6100.00,6100.00,0,0,0.00,0.00,0.00,6100.00,0.00
68371094230020017,20190506,6100.00,6100.00,0,0,0.00,0.00,0.00,6100.00,0.00
68371094230020017,20190507,6100.00,6100.00,0,0,0.00,0.00,0.00,6100.00,0.00
68371094230020017,20190508,6100.00,6100.00,0,0,0.00,0.00,0.00,6100.00,0.00
68371094230020017,20190511,6100.00,6100.00,0,0,0.00,0.00,0.00,6100.00,0.00
68371094230020017,20190512,6100.00,6100.00,0,0,0.00,0.00,0.00,6100.00,0.00
68371094230020017,20190513,6100.00,6100.00,0,0,0.00,0.00,0.00,6100.00,0.00
68371094230020017,20190514,6100.00,6100.00,0,0,0.00,0.00,0.00,6100.00,0.00
68371094230020017,20190515,6100.00,6100.00,0,0,0.00,0.00,0.00,6100.00,0.00
68371094230020017,20190518,6100.00,6100.00,0,0,0.00,0.00,0.00,6100.00,0.00
68371094230020017,20190519,6100.00,6100.00,0,0,0.00,0.00,0.00,6100.00,0.00
68371094230020017,20190520,6100.00,6100.00,0,0,0.00,0.00,0.00,6100.00,0.00
68371094230020017,20190521,6100.00,6100.00,0,0,0.00,0.00,0.00,6100.00,0.00
68371094230020017,20190522,6100.00,6100.00,0,0,0.00,0.00,0.00,6100.00,0.00
68371094230020017,20190525,6100.00,6100.00,0,0,0.00,0.00,0.00,6100.00,0.00
68371094230020017,20190526,6100.00,6100.00,0,0,0.00,0.00,0.00,6100.00,0.00
68371094230020017,20190528,6100.00,6100.00,0,0,0.00,0.00,0.00,6100.00,0.00
68371094230020017,20190529,6100.00,6100.00,0,0,0.00,0.00,0.00,6100.00,0.00
68371094230020017,20190601,6100.00,6100.00,0,0,0.00,0.00,0.00,6100.00,0.00
68371094230020017,20190602,6100.00,6100.00,0,0,0.00,0.00,0.00,6100.00,0.00
68371094230020017,20190603,6100.00,6100.00,0,0,0.00,0.00,0.00,6100.00,0.00
68371094230020017,20190608,6100.00,6100.00,0,0,0.00,0.00,0.00,6100.00,0.00
68371094230020017,20190609,6100.00,6100.00,0,0,0.00,0.00,0.00,6100.00,0.00
68371094230020017,20190610,6100.00,6100.00,0,0,0.00,0.00,0.00,6100.00,0.00
68371094230020017,20190611,6100.00,6100.00,0,0,0.00,0.00,0.00,6100.00,0.00
68371094230020017,20190612,6100.00,6100.00,0,0,0.00,0.00,0.00,6100.00,0.00
68371094230020017,20190615,6100.00,6100.00,0,0,0.00,0.00,0.00,6100.00,0.00
68371094230020017,20190616,6100.00,6100.00,0,0,0.00,0.00,0.00,6100.00,0.00
68371094230020017,20190617,6100.00,6100.00,0,0,0.00,0.00,0.00,6100.00,0.00
68371094230020017,20190618,6100.00,6100.00,0,0,0.00,0.00,0.00,6100.00,0.00
68371094230020017,20190619,6100.00,6100.00,0,0,0.00,0.00,0.00,6100.00,0.00
68371094230020017,20190622,6100.00,6100.00,0,0,0.00,0.00,0.00,6100.00,0.00
68371094230020017,20190623,6100.00,6100.00,0,0,0.00,0.00,0.00,6100.00,0.00
68371094230020017,20190624,6100.00,6100.00,0,0,0.00,0.00,0.00,6100.00,0.00
68371094230020017,20190625,6100.00,6100.00,0,0,0.00,0.00,0.00,6100.00,0.00
68371094230020017,20190626,6100.00,6100.00,0,0,0.00,0.00,0.00,6100.00,0.00
68371094230020017,20190630,6100.00,6100.00,0,0,0.00,0.00,0.00,6100.00,0.00
68371094230020017,20190701,6100.00,6100.00,0,0,0.00,0.00,0.00,6100.00,0.00
68371094230020017,20190702,6100.00,6100.00,0,0,0.00,0.00,0.00,6100.00,0.00
68371094230020017,20190703,6100.00,6100.00,0,0,0.00,0.00,0.00,6100.00,0.00
68371094230020017,20190706,6100.00,6100.00,0,0,0.00,0.00,0.00,6100.00,0.00
68371094230020017,20190707,6100.00,6100.00,0,0,0.00,0.00,0.00,6100.00,0.00
68371094230020017,20190708,6100.00,6100.00,0,0,0.00,0.00,0.00,6100.00,0.00
68371094230020017,20190709,6100.00,6100.00,0,0,0.00,0.00,0.00,6100.00,0.00
68371094230020017,20190710,6100.00,6100.00,0,0,0.00,0.00,0.00,6100.00,0.00
68371094230020017,20190713,6100.00,6100.00,0,0,0.00,0.00,0.00,6100.00,0.00
68371094230020017,20190714,6100.00,6100.00,0,0,0.00,0.00,0.00,6100.00,0.00
68371094230020017,20190715,6100.00,6100.00,0,0,0.00,0.00,0.00,6100.00,0.00
68371094230020017,20190716,6100.00,6100.00,0,0,0.00,0.00,0.00,6100.00,0.00
68371094230020017,20190717,6100.00,6100.00,0,0,0.00,0.00,0.00,6100.00,0.00
68371094230020017,20190720,6100.00,6100.00,0,0,0.00,0.00,0.00,6100.00,0.00
68371094230020017,20190721,6100.00,6100.00,0,0,0.00,0.00,0.00,6100.00,0.00
68371094230020017,20190722,6100.00,6100.00,0,0,0.00,0.00,0.00,6100.00,0.00
68371094230020017,20190723,6100.00,6100.00,0,0,0.00,0.00,0.00,6100.00,0.00
68371094230020017,20190724,6100.00,6100.00,0,0,0.00,0.00,0.00,6100.00,0.00
68371094230020017,20190727,6100.00,6100.00,0,0,0.00,0.00,0.00,6100.00,0.00
68371094230020017,20190728,6100.00,6100.00,0,0,0.00,0.00,0.00,6100.00,0.00
68371094230020017,20190729,6100.00,6100.00,0,0,0.00,0.00,0.00,6100.00,0.00
68371094230020017,20190730,6100.00,6100.00,0,0,0.00,0.00,0.00,6100.00,0.00
68371094230020017,20190731,6100.00,6100.00,0,0,0.00,0.00,0.00,6100.00,0.00
68371094230020017,20190803,6100.00,6100.00,0,0,0.00,0.00,0.00,6100.00,0.00
68371094230020017,20190804,6100.00,6100.00,0,0,0.00,0.00,0.00,6100.00,0.00
68371094230020017,20190805,6100.00,6100.00,0,0,0.00,0.00,0.00,6100.00,0.00
68371094230020017,20190806,6100.00,6100.00,0,0,0.00,0.00,0.00,6100.00,0.00
68371094230020017,20190807,6100.00,6100.00,0,0,0.00,0.00,0.00,6100.00,0.00
68371094230020017,20190810,6100.00,6100.00,0,0,0.00,0.00,0.00,6100.00,0.00
68371094230020017,20190811,6100.00,6100.00,0,0,0.00,0.00,0.00,6100.00,0.00
68371094230020017,20190813,6100.00,6100.00,0,0,0.00,0.00,0.00,6100.00,0.00
68371094230020017,20190814,6100.00,6100.00,0,0,0.00,0.00,0.00,6100.00,0.00
68371094230020017,20190817,6100.00,6100.00,0,0,0.00,0.00,0.00,6100.00,0.00
68371094230020017,20190818,6100.00,6100.00,0,0,0.00,0.00,0.00,6100.00,0.00
68371094230020017,20190819,6100.00,6100.00,0,0,0.00,0.00,0.00,6100.00,0.00
68371094230020017,20190821,6100.00,6100.00,0,0,0.00,0.00,0.00,6100.00,0.00
68371094230020017,20190824,6100.00,6100.00,0,0,0.00,0.00,0.00,6100.00,0.00
68371094230020017,20190825,6100.00,6100.00,0,0,0.00,0.00,0.00,6100.00,0.00
68371094230020017,20190826,6100.00,6100.00,0,0,0.00,0.00,0.00,6100.00,0.00
68371094230020017,20190827,6100.00,6100.00,0,0,0.00,0.00,0.00,6100.00,0.00
68371094230020017,20190828,6100.00,6100.00,0,0,0.00,0.00,0.00,6100.00,0.00
68371094230020017,20190831,6100.00,6100.00,0,0,0.00,0.00,0.00,6100.00,0.00
68371094230020017,20190901,6100.00,6100.00,0,0,0.00,0.00,0.00,6100.00,0.00
68371094230020017,20190902,6100.00,6100.00,0,0,0.00,0.00,0.00,6100.00,0.00
68371094230020017,20190903,6100.00,6100.00,0,0,0.00,0.00,0.00,6100.00,0.00
68371094230020017,20190904,6100.00,6100.00,0,0,0.00,0.00,0.00,6100.00,0.00
68371094230020017,20190907,6100.00,6100.00,0,0,0.00,0.00,0.00,6100.00,0.00
68371094230020017,20190908,6100.00,6100.00,0,0,0.00,0.00,0.00,6100.00,0.00
68371094230020017,20190911,6100.00,6100.00,0,0,0.00,0.00,0.00,6100.00,0.00
68371094230020017,20190914,6100.00,6100.00,0,0,0.00,0.00,0.00,6100.00,0.00
68371094230020017,20190915,6100.00,6100.00,0,0,0.00,0.00,0.00,6100.00,0.00
68371094230020017,20190916,6100.00,6100.00,0,0,0.00,0.00,0.00,6100.00,0.00
68371094230020017,20190917,6100.00,6100.00,0,0,0.00,0.00,0.00,6100.00,0.00
68371094230020017,20190918,6100.00,6100.00,0,0,0.00,0.00,0.00,6100.00,0.00
68371094230020017,20190921,6100.00,6100.00,0,0,0.00,0.00,0.00,6100.00,0.00
68371094230020017,20190922,6100.00,6100.00,0,0,0.00,0.00,0.00,6100.00,0.00
68371094230020017,20190923,6100.00,6100.00,0,0,0.00,0.00,0.00,6100.00,0.00
68371094230020017,20190924,6100.00,6100.00,0,0,0.00,0.00,0.00,6100.00,0.00
68371094230020017,20190925,6100.00,6100.00,0,0,0.00,0.00,0.00,6100.00,0.00
68371094230020017,20190928,6100.00,6100.00,0,0,0.00,0.00,0.00,6100.00,0.00
68371094230020017,20190929,6100.00,6100.00,0,0,0.00,0.00,0.00,6100.00,0.00
68371094230020017,20190930,6100.00,6100.00,0,0,0.00,0.00,0.00,6100.00,0.00
68371094230020017,20191001,6100.00,6100.00,0,0,0.00,0.00,0.00,6100.00,0.00
68371094230020017,20191002,6100.00,6100.00,0,0,0.00,0.00,0.00,6100.00,0.00
68371094230020017,20191005,6100.00,6100.00,0,0,0.00,0.00,0.00,6100.00,0.00
68371094230020017,20191006,6100.00,6100.00,0,0,0.00,0.00,0.00,6100.00,0.00
68371094230020017,20191007,6100.00,6100.00,0,0,0.00,0.00,0.00,6100.00,0.00
68371094230020017,20191008,6100.00,6100.00,0,0,0.00,0.00,0.00,6100.00,0.00
68371094230020017,20191009,6100.00,6100.00,0,0,0.00,0.00,0.00,6100.00,0.00
68371094230020017,20191012,6100.00,6100.00,0,0,0.00,0.00,0.00,6100.00,0.00
68371094230020017,20191013,6100.00,6100.00,0,0,0.00,0.00,0.00,6100.00,0.00
68371094230020017,20191014,6100.00,6100.00,0,0,0.00,0.00,0.00,6100.00,0.00
68371094230020017,20191015,6100.00,6100.00,0,0,0.00,0.00,0.00,6100.00,0.00
68371094230020017,20191016,6100.00,6100.00,0,0,0.00,0.00,0.00,6100.00,0.00
68371094230020017,20191020,6100.00,6100.00,0,0,0.00,0.00,0.00,6100.00,0.00
68371094230020017,20191021,6100.00,6100.00,0,0,0.00,0.00,0.00,6100.00,0.00
68371094230020017,20191022,6100.00,6100.00,0,0,0.00,0.00,0.00,6100.00,0.00
68371094230020017,20191023,6100.00,6100.00,0,0,0.00,0.00,0.00,6100.00,0.00
68371094230020017,20191026,6100.00,6100.00,0,0,0.00,0.00,0.00,6100.00,0.00
68371094230020017,20191028,6100.00,6100.00,0,0,0.00,0.00,0.00,6100.00,0.00
68371094230020017,20191030,6100.00,6100.00,0,0,0.00,0.00,0.00,6100.00,0.00
68371094230020017,20191102,6100.00,6100.00,0,0,0.00,0.00,0.00,6100.00,0.00
68371094230020017,20191103,6100.00,6100.00,0,0,0.00,0.00,0.00,6100.00,0.00
68371094230020017,20191104,6100.00,6100.00,0,0,0.00,0.00,0.00,6100.00,0.00
68371094230020017,20191105,6100.00,6100.00,0,0,0.00,0.00,0.00,6100.00,0.00
68371094230020017,20191109,6100.00,6100.00,0,0,0.00,0.00,0.00,6100.00,0.00
68371094230020017,20191110,6100.00,6100.00,0,0,0.00,0.00,0.00,6100.00,0.00
68371094230020017,20191111,6100.00,6100.00,0,0,0.00,0.00,0.00,6100.00,0.00
68371094230020017,20191112,6100.00,6100.00,0,0,0.00,0.00,0.00,6100.00,0.00
68371094230020017,20191113,6100.00,6100.00,0,0,0.00,0.00,0.00,6100.00,0.00
68371094230020017,20191116,6100.00,6100.00,0,0,0.00,0.00,0.00,6100.00,0.00
68371094230020017,20191117,6100.00,6100.00,0,0,0.00,0.00,0.00,6100.00,0.00
68371094230020017,20191118,6100.00,6100.00,0,0,0.00,0.00,0.00,6100.00,0.00
68371094230020017,20191119,6100.00,6100.00,0,0,0.00,0.00,0.00,6100.00,0.00
68371094230020017,20191120,6100.00,6100.00,0,0,0.00,0.00,0.00,6100.00,0.00
68371094230020017,20191123,6100.00,6100.00,0,0,0.00,0.00,0.00,6100.00,0.00
68371094230020017,20191124,6100.00,6100.00,0,0,0.00,0.00,0.00,6100.00,0.00
68371094230020017,20191125,6100.00,6100.00,0,0,0.00,0.00,0.00,6100.00,0.00
68371094230020017,20191126,6100.00,6100.00,0,0,0.00,0.00,0.00,6100.00,0.00
68371094230020017,20191127,6100.00,6100.00,0,0,0.00,0.00,0.00,6100.00,0.00
68371094230020017,20191130,6100.00,6100.00,0,0,0.00,0.00,0.00,6100.00,0.00
68371094230020017,20191201,6100.00,6100.00,0,0,0.00,0.00,0.00,6100.00,0.00
68371094230020017,20191202,6100.00,6100.00,0,0,0.00,0.00,0.00,6100.00,0.00
68371094230020017,20191203,6100.00,6100.00,0,0,0.00,0.00,0.00,6100.00,0.00
68371094230020017,20191204,6100.00,6100.00,0,0,0.00,0.00,0.00,6100.00,0.00
68371094230020017,20191207,6100.00,6100.00,0,0,0.00,0.00,0.00,6100.00,0.00
68371094230020017,20191208,6100.00,6100.00,0,0,0.00,0.00,0.00,6100.00,0.00
68371094230020017,20191209,6100.00,6100.00,0,0,0.00,0.00,0.00,6100.00,0.00
68371094230020017,20191210,6100.00,6100.00,0,0,0.00,0.00,0.00,6100.00,0.00
68371094230020017,20191211,6100.00,6100.00,0,0,0.00,0.00,0.00,6100.00,0.00
68371094230020017,20191214,6100.00,6100.00,0,0,0.00,0.00,0.00,6100.00,0.00
68371094230020017,20191215,6100.00,6100.00,0,0,0.00,0.00,0.00,6100.00,0.00
68371094230020017,20191216,6100.00,6100.00,0,0,0.00,0.00,0.00,6100.00,0.00
68371094230020017,20191217,6100.00,6100.00,0,0,0.00,0.00,0.00,6100.00,0.00
68371094230020017,20191218,6100.00,6100.00,0,0,0.00,0.00,0.00,6100.00,0.00
68371094230020017,20191221,6100.00,6100.00,0,0,0.00,0.00,0.00,6100.00,0.00
68371094230020017,20191222,6100.00,6100.00,0,0,0.00,0.00,0.00,6100.00,0.00
68371094230020017,20191223,6100.00,6100.00,0,0,0.00,0.00,0.00,6100.00,0.00
68371094230020017,20191224,6100.00,6100.00,0,0,0.00,0.00,0.00,6100.00,0.00
68371094230020017,20191225,6100.00,6100.00,0,0,0.00,0.00,0.00,6100.00,0.00
68371094230020017,20191228,6100.00,6100.00,0,0,0.00,0.00,0.00,6100.00,0.00
68371094230020017,20191229,6100.00,6100.00,0,0,0.00,0.00,0.00,6100.00,0.00
68371094230020017,20191230,6100.00,6100.00,0,0,0.00,0.00,0.00,6100.00,0.00
68371094230020017,20191231,6100.00,6100.00,0,0,0.00,0.00,0.00,6100.00,0.00
68371094230020017,20200101,6100.00,6100.00,0,0,0.00,0.00,0.00,6100.00,0.00
68371094230020017,20200104,6100.00,6100.00,0,0,0.00,0.00,0.00,6100.00,0.00
68371094230020017,20200105,6100.00,6100.00,0,0,0.00,0.00,0.00,6100.00,0.00
68371094230020017,20200107,6100.00,6100.00,0,0,0.00,0.00,0.00,6100.00,0.00
68371094230020017,20200108,6100.00,6100.00,0,0,0.00,0.00,0.00,6100.00,0.00
68371094230020017,20200111,6100.00,6100.00,0,0,0.00,0.00,0.00,6100.00,0.00
68371094230020017,20200112,6100.00,6100.00,0,0,0.00,0.00,0.00,6100.00,0.00
68371094230020017,20200113,6100.00,6100.00,0,0,0.00,0.00,0.00,6100.00,0.00
68371094230020017,20200114,6100.00,6100.00,0,0,0.00,0.00,0.00,6100.00,0.00
68371094230020017,20200115,6100.00,6100.00,0,0,0.00,0.00,0.00,6100.00,0.00
68371094230020017,20200118,6100.00,6100.00,0,0,0.00,0.00,0.00,6100.00,0.00
68371094230020017,20200119,6100.00,6100.00,0,0,0.00,0.00,0.00,6100.00,0.00
68371094230020017,20200120,6100.00,6100.00,0,0,0.00,0.00,0.00,6100.00,0.00
68371094230020017,20200121,6100.00,6100.00,0,0,0.00,0.00,0.00,6100.00,0.00
68371094230020017,20200122,6100.00,6100.00,0,0,0.00,0.00,0.00,6100.00,0.00
68371094230020017,20200125,6100.00,6100.00,0,0,0.00,0.00,0.00,6100.00,0.00
68371094230020017,20200126,6100.00,6100.00,0,0,0.00,0.00,0.00,6100.00,0.00
68371094230020017,20200127,6100.00,6100.00,0,0,0.00,0.00,0.00,6100.00,0.00
68371094230020017,20200128,6100.00,6100.00,0,0,0.00,0.00,0.00,6100.00,0.00
68371094230020017,20200201,6100.00,6100.00,0,0,0.00,0.00,0.00,6100.00,0.00
68371094230020017,20200202,6100.00,6100.00,0,0,0.00,0.00,0.00,6100.00,0.00
68371094230020017,20200203,6100.00,6100.00,0,0,0.00,0.00,0.00,6100.00,0.00
68371094230020017,20200204,6100.00,6100.00,0,0,0.00,0.00,0.00,6100.00,0.00
68371094230020017,20200205,6100.00,6100.00,0,0,0.00,0.00,0.00,6100.00,0.00
68371094230020017,20200208,6100.00,6100.00,0,0,0.00,0.00,0.00,6100.00,0.00
68371094230020017,20200209,6100.00,6100.00,0,0,0.00,0.00,0.00,6100.00,0.00
68371094230020017,20200210,6100.00,6100.00,0,0,0.00,0.00,0.00,6100.00,0.00
68371094230020017,20200212,6100.00,6100.00,0,0,0.00,0.00,0.00,6100.00,0.00
68371094230020017,20200215,6100.00,6100.00,0,0,0.00,0.00,0.00,6100.00,0.00
68371094230020017,20200216,6100.00,6100.00,0,0,0.00,0.00,0.00,6100.00,0.00
68371094230020017,20200217,6100.00,6100.00,0,0,0.00,0.00,0.00,6100.00,0.00
68371094230020017,20200218,6100.00,6100.00,0,0,0.00,0.00,0.00,6100.00,0.00
68371094230020017,20200219,6100.00,6100.00,0,0,0.00,0.00,0.00,6100.00,0.00
68371094230020017,20200222,6100.00,6100.00,0,0,0.00,0.00,0.00,6100.00,0.00
68371094230020017,20200223,6100.00,6100.00,0,0,0.00,0.00,0.00,6100.00,0.00
68371094230020017,20200224,6100.00,6100.00,0,0,0.00,0.00,0.00,6100.00,0.00
68371094230020017,20200225,6100.00,6100.00,0,0,0.00,0.00,0.00,6100.00,0.00
68371094230020017,20200226,6100.00,6100.00,0,0,0.00,0.00,0.00,6100.00,0.00
68371094230020017,20200229,6100.00,6100.00,0,0,0.00,0.00,0.00,6100.00,0.00
68371094230020017,20200301,6100.00,6100.00,0,0,0.00,0.00,0.00,6100.00,0.00
68371094230020017,20200302,6100.00,6100.00,0,0,0.00,0.00,0.00,6100.00,0.00
68371094230020017,20200303,6100.00,6100.00,0,0,0.00,0.00,0.00,6100.00,0.00
68371094230020017,20200304,6100.00,6100.00,0,0,0.00,0.00,0.00,6100.00,0.00
68371094230020017,20200307,6100.00,6100.00,0,0,0.00,0.00,0.00,6100.00,0.00
68371094230020017,20200309,6100.00,6100.00,0,0,0.00,0.00,0.00,6100.00,0.00
68371094230020017,20200310,6100.00,6100.00,0,0,0.00,0.00,0.00,6100.00,0.00
68371094230020017,20200311,6100.00,6100.00,0,0,0.00,0.00,0.00,6100.00,0.00
68371094230020017,20200314,6100.00,6100.00,0,0,0.00,0.00,0.00,6100.00,0.00
68371094230020017,20200315,6100.00,6100.00,0,0,0.00,0.00,0.00,6100.00,0.00
68371094230020017,20200316,6100.00,6100.00,0,0,0.00,0.00,0.00,6100.00,0.00
68371094230020017,20200317,6100.00,6100.00,0,0,0.00,0.00,0.00,6100.00,0.00
68371094230020017,20200318,6100.00,6100.00,0,0,0.00,0.00,0.00,6100.00,0.00
68371094230020017,20200324,6100.00,6100.00,0,0,0.00,0.00,0.00,6100.00,0.00
68371094230020017,20200325,6100.00,6100.00,0,0,0.00,0.00,0.00,6100.00,0.00
68371094230020017,20200328,6100.00,6100.00,0,0,0.00,0.00,0.00,6100.00,0.00
68371094230020017,20200329,6100.00,6100.00,0,0,0.00,0.00,0.00,6100.00,0.00
68371094230020017,20200330,6100.00,6100.00,0,0,0.00,0.00,0.00,6100.00,0.00
68371094230020017,20200404,6100.00,6100.00,0,0,0.00,0.00,0.00,6100.00,0.00
68371094230020017,20200405,6100.00,6100.00,0,0,0.00,0.00,0.00,6100.00,0.00
68371094230020017,20200406,6100.00,6100.00,0,0,0.00,0.00,0.00,6100.00,0.00
68371094230020017,20200407,6100.00,6100.00,0,0,0.00,0.00,0.00,6100.00,0.00
68371094230020017,20200408,6100.00,6100.00,0,0,0.00,0.00,0.00,6100.00,0.00
68371094230020017,20200411,6100.00,6100.00,0,0,0.00,0.00,0.00,6100.00,0.00
68371094230020017,20200412,6100.00,6100.00,0,0,0.00,0.00,0.00,6100.00,0.00
68371094230020017,20200413,6100.00,6100.00,0,0,0.00,0.00,0.00,6100.00,0.00
68371094230020017,20200414,6100.00,6100.00,0,0,0.00,0.00,0.00,6100.00,0.00
68371094230020017,20200415,6100.00,6100.00,0,0,0.00,0.00,0.00,6100.00,0.00
68371094230020017,20200418,6100.00,6100.00,0,0,0.00,0.00,0.00,6100.00,0.00
68371094230020017,20200419,6100.00,6100.00,0,0,0.00,0.00,0.00,6100.00,0.00
68371094230020017,20200420,6100.00,6100.00,0,0,0.00,0.00,0.00,6100.00,0.00
68371094230020017,20200421,6100.00,6100.00,0,0,0.00,0.00,0.00,6100.00,0.00
68371094230020017,20200422,6100.00,6100.00,0,0,0.00,0.00,0.00,6100.00,0.00
68371094230020017,20200425,6100.00,6100.00,0,0,0.00,0.00,0.00,6100.00,0.00
68371094230020017,20200426,6100.00,6100.00,0,0,0.00,0.00,0.00,6100.00,0.00
68371094230020017,20200427,6100.00,6100.00,0,0,0.00,0.00,0.00,6100.00,0.00
68371094230020017,20200428,6100.00,6100.00,0,0,0.00,0.00,0.00,6100.00,0.00
68371094230020017,20200429,6100.00,6100.00,0,0,0.00,0.00,0.00,6100.00,0.00
68371094230020017,20200502,6100.00,6100.00,0,0,0.00,0.00,0.00,6100.00,0.00
68371094230020017,20200503,6100.00,6100.00,0,0,0.00,0.00,0.00,6100.00,0.00
68371094230020017,20200504,6100.00,6100.00,0,0,0.00,0.00,0.00,6100.00,0.00
68371094230020017,20200505,6100.00,6100.00,0,0,0.00,0.00,0.00,6100.00,0.00
68371094230020017,20200506,6100.00,6100.00,0,0,0.00,0.00,0.00,6100.00,0.00
68371094230020017,20200509,6100.00,6100.00,0,0,0.00,0.00,0.00,6100.00,0.00
68371094230020017,20200510,6100.00,6100.00,0,0,0.00,0.00,0.00,6100.00,0.00
68371094230020017,20200511,6100.00,6100.00,0,0,0.00,0.00,0.00,6100.00,0.00
68371094230020017,20200512,6100.00,6100.00,0,0,0.00,0.00,0.00,6100.00,0.00
68371094230020017,20200513,6100.00,6100.00,0,0,0.00,0.00,0.00,6100.00,0.00
68371094230020017,20200516,6100.00,6100.00,0,0,0.00,0.00,0.00,6100.00,0.00
68371094230020017,20200517,6100.00,6100.00,0,0,0.00,0.00,0.00,6100.00,0.00
68371094230020017,20200518,6100.00,6100.00,0,0,0.00,0.00,0.00,6100.00,0.00
68371094230020017,20200519,6100.00,6100.00,0,0,0.00,0.00,0.00,6100.00,0.00
68371094230020017,20200520,6100.00,6100.00,0,0,0.00,0.00,0.00,6100.00,0.00
68371094230020017,20200523,6100.00,6100.00,0,0,0.00,0.00,0.00,6100.00,0.00
68371094230020017,20200526,6100.00,6100.00,0,0,0.00,0.00,0.00,6100.00,0.00
68371094230020017,20200527,6100.00,6100.00,0,0,0.00,0.00,0.00,6100.00,0.00
68371094230020017,20200530,6100.00,6100.00,0,0,0.00,0.00,0.00,6100.00,0.00
68371094230020017,20200531,6100.00,6100.00,0,0,0.00,0.00,0.00,6100.00,0.00
68371094230020017,20200601,6100.00,6100.00,0,0,0.00,0.00,0.00,6100.00,0.00
68371094230020017,20200602,6100.00,6100.00,0,0,0.00,0.00,0.00,6100.00,0.00
68371094230020017,20200606,6100.00,6100.00,0,0,0.00,0.00,0.00,6100.00,0.00
68371094230020017,20200607,6100.00,6100.00,0,0,0.00,0.00,0.00,6100.00,0.00
68371094230020017,20200608,6100.00,6100.00,0,0,0.00,0.00,0.00,6100.00,0.00
68371094230020017,20200609,6100.00,6100.00,0,0,0.00,0.00,0.00,6100.00,0.00
68371094230020017,20200610,6100.00,6100.00,0,0,0.00,0.00,0.00,6100.00,0.00
68371094230020017,20200613,6100.00,6100.00,0,0,0.00,0.00,0.00,6100.00,0.00
68371094230020017,20200614,6100.00,6100.00,0,0,0.00,0.00,0.00,6100.00,0.00
68371094230020017,20200615,6100.00,6100.00,0,0,0.00,0.00,0.00,6100.00,0.00
68371094230020017,20200616,6100.00,6100.00,0,0,0.00,0.00,0.00,6100.00,0.00
