70352803009101806,20120103,1000.00,1000.00,0,0,0.00,0.00,0.00,1000.00,0.00
70352803009101806,20120104,1000.00,1000.00,0,0,0.00,0.00,0.00,1000.00,0.00
70352803009101806,20120107,1000.00,1000.00,0,0,0.00,0.00,0.00,1000.00,0.00
70352803009101806,20120108,1000.00,1000.00,0,0,0.00,0.00,0.00,1000.00,0.00
70352803009101806,20120109,1000.00,1000.00,0,0,0.00,0.00,0.00,1000.00,0.00
70352803009101806,20120110,1000.00,1000.00,0,0,0.00,0.00,0.00,1000.00,0.00
70352803009101806,20120111,1000.00,1000.00,0,0,0.00,0.00,0.00,1000.00,0.00
70352803009101806,20120115,1000.00,1000.00,0,0,0.00,0.00,0.00,1000.00,0.00
70352803009101806,20120116,1000.00,1000.00,0,0,0.00,0.00,0.00,1000.00,0.00
70352803009101806,20120117,1000.00,1000.00,0,0,0.00,0.00,0.00,1000.00,0.00
70352803009101806,20120118,1000.00,1000.00,0,0,0.00,0.00,0.00,1000.00,0.00
70352803009101806,20120121,1000.00,1000.00,0,0,0.00,0.00,0.00,1000.00,0.00
70352803009101806,20120123,1000.00,1000.00,0,0,0.00,0.00,0.00,1000.00,0.00
70352803009101806,20120125,1000.00,1000.00,0,0,0.00,0.00,0.00,1000.00,0.00
70352803009101806,20120128,1000.00,1000.00,0,0,0.00,0.00,0.00,1000.00,0.00
70352803009101806,20120129,1000.00,1000.00,0,0,0.00,0.00,0.00,1000.00,0.00
70352803009101806,20120130,1000.00,1000.00,0,0,0.00,0.00,0.00,1000.00,0.00
70352803009101806,20120131,1000.00,1000.00,0,0,0.00,0.00,0.00,1000.00,0.00
70352803009101806,20120201,1000.00,1000.00,0,0,0.00,0.00,0.00,1000.00,0.00
70352803009101806,20120204,1000.00,1000.00,0,0,0.00,0.00,0.00,1000.00,0.00
70352803009101806,20120205,1000.00,1000.00,0,0,0.00,0.00,0.00,1000.00,0.00
70352803009101806,20120206,1000.00,1000.00,0,0,0.00,0.00,0.00,1000.00,0.00
70352803009101806,20120207,1000.00,1000.00,0,0,0.00,0.00,0.00,1000.00,0.00
70352803009101806,20120208,1000.00,1000.00,0,0,0.00,0.00,0.00,1000.00,0.00
70352803009101806,20120212,1000.00,1000.00,0,0,0.00,0.00,0.00,1000.00,0.00
70352803009101806,20120213,1000.00,1000.00,0,0,0.00,0.00,0.00,1000.00,0.00
70352803009101806,20120214,1000.00,1000.00,0,0,0.00,0.00,0.00,1000.00,0.00
70352803009101806,20120215,1000.00,1000.00,0,0,0.00,0.00,0.00,1000.00,0.00
70352803009101806,20120218,1000.00,1000.00,0,0,0.00,0.00,0.00,1000.00,0.00
70352803009101806,20120219,1000.00,1000.00,0,0,0.00,0.00,0.00,1000.00,0.00
70352803009101806,20120220,1000.00,1000.00,0,0,0.00,0.00,0.00,1000.00,0.00
70352803009101806,20120221,1000.00,1000.00,0,0,0.00,0.00,0.00,1000.00,0.00
70352803009101806,20120222,1000.00,1000.00,0,0,0.00,0.00,0.00,1000.00,0.00
70352803009101806,20120225,1000.00,1000.00,0,0,0.00,0.00,0.00,1000.00,0.00
70352803009101806,20120226,1000.00,1000.00,0,0,0.00,0.00,0.00,1000.00,0.00
70352803009101806,20120227,1000.00,1000.00,0,0,0.00,0.00,0.00,1000.00,0.00
70352803009101806,20120228,1000.00,1000.00,0,0,0.00,0.00,0.00,1000.00,0.00
70352803009101806,20120229,1000.00,1000.00,0,0,0.00,0.00,0.00,1000.00,0.00
70352803009101806,20120303,1000.00,1000.00,0,0,0.00,0.00,0.00,1000.00,0.00
70352803009101806,20120304,1000.00,1000.00,0,0,0.00,0.00,0.00,1000.00,0.00
70352803009101806,20120305,1000.00,1000.00,0,0,0.00,0.00,0.00,1000.00,0.00
70352803009101806,20120306,1000.00,1000.00,0,0,0.00,0.00,0.00,1000.00,0.00
70352803009101806,20120307,1000.00,1000.00,0,0,0.00,0.00,0.00,1000.00,0.00
70352803009101806,20120310,1000.00,1000.00,0,0,0.00,0.00,0.00,1000.00,0.00
70352803009101806,20120311,1000.00,1000.00,0,0,0.00,0.00,0.00,1000.00,0.00
70352803009101806,20120312,1000.00,1000.00,0,0,0.00,0.00,0.00,1000.00,0.00
70352803009101806,20120313,1000.00,1000.00,0,0,0.00,0.00,0.00,1000.00,0.00
70352803009101806,20120314,1000.00,1000.00,0,0,0.00,0.00,0.00,1000.00,0.00
70352803009101806,20120317,1000.00,1000.00,0,0,0.00,0.00,0.00,1000.00,0.00
70352803009101806,20120318,1000.00,1000.00,0,0,0.00,0.00,0.00,1000.00,0.00
70352803009101806,20120324,1000.00,1000.00,0,0,0.00,0.00,0.00,1000.00,0.00
70352803009101806,20120325,1000.00,1000.00,0,0,0.00,0.00,0.00,1000.00,0.00
70352803009101806,20120326,1000.00,1000.00,0,0,0.00,0.00,0.00,1000.00,0.00
70352803009101806,20120327,1000.00,1000.00,0,0,0.00,0.00,0.00,1000.00,0.00
70352803009101806,20120328,1000.00,1000.00,0,0,0.00,0.00,0.00,1000.00,0.00
70352803009101806,20120402,1000.00,1000.00,0,0,0.00,0.00,0.00,1000.00,0.00
70352803009101806,20120403,1000.00,1000.00,0,0,0.00,0.00,0.00,1000.00,0.00
70352803009101806,20120404,1000.00,1000.00,0,0,0.00,0.00,0.00,1000.00,0.00
70352803009101806,20120407,1000.00,1000.00,0,0,0.00,0.00,0.00,1000.00,0.00
70352803009101806,20120408,1000.00,1000.00,0,0,0.00,0.00,0.00,1000.00,0.00
70352803009101806,20120409,1000.00,1000.00,0,0,0.00,0.00,0.00,1000.00,0.00
70352803009101806,20120410,1000.00,1000.00,0,0,0.00,0.00,0.00,1000.00,0.00
70352803009101806,20120411,1000.00,1000.00,0,0,0.00,0.00,0.00,1000.00,0.00
70352803009101806,20120414,1000.00,1000.00,0,0,0.00,0.00,0.00,1000.00,0.00
70352803009101806,20120415,1000.00,1000.00,0,0,0.00,0.00,0.00,1000.00,0.00
70352803009101806,20120416,1000.00,1000.00,0,0,0.00,0.00,0.00,1000.00,0.00
70352803009101806,20120417,1000.00,1000.00,0,0,0.00,0.00,0.00,1000.00,0.00
70352803009101806,20120418,1000.00,1000.00,0,0,0.00,0.00,0.00,1000.00,0.00
70352803009101806,20120421,1000.00,1000.00,0,0,0.00,0.00,0.00,1000.00,0.00
70352803009101806,20120422,1000.00,1000.00,0,0,0.00,0.00,0.00,1000.00,0.00
70352803009101806,20120423,1000.00,1000.00,0,0,0.00,0.00,0.00,1000.00,0.00
70352803009101806,20120424,1000.00,1000.00,0,0,0.00,0.00,0.00,1000.00,0.00
70352803009101806,20120428,1000.00,1000.00,0,0,0.00,0.00,0.00,1000.00,0.00
70352803009101806,20120429,1000.00,1000.00,0,0,0.00,0.00,0.00,1000.00,0.00
70352803009101806,20120430,1000.00,1000.00,0,0,0.00,0.00,0.00,1000.00,0.00
70352803009101806,20120501,1000.00,1000.00,0,0,0.00,0.00,0.00,1000.00,0.00
70352803009101806,20120502,1000.00,1000.00,0,0,0.00,0.00,0.00,1000.00,0.00
70352803009101806,20120505,1000.00,1000.00,0,0,0.00,0.00,0.00,1000.00,0.00
70352803009101806,20120506,1000.00,1000.00,0,0,0.00,0.00,0.00,1000.00,0.00
70352803009101806,20120507,1000.00,1000.00,0,0,0.00,0.00,0.00,1000.00,0.00
70352803009101806,20120508,1000.00,1000.00,0,0,0.00,0.00,0.00,1000.00,0.00
70352803009101806,20120509,1000.00,1000.00,0,0,0.00,0.00,0.00,1000.00,0.00
70352803009101806,20120512,1000.00,1000.00,0,0,0.00,0.00,0.00,1000.00,0.00
70352803009101806,20120513,1000.00,1000.00,0,0,0.00,0.00,0.00,1000.00,0.00
70352803009101806,20120514,1000.00,1000.00,0,0,0.00,0.00,0.00,1000.00,0.00
70352803009101806,20120515,1000.00,1000.00,0,0,0.00,0.00,0.00,1000.00,0.00
70352803009101806,20120516,1000.00,1000.00,0,0,0.00,0.00,0.00,1000.00,0.00
70352803009101806,20120519,1000.00,1000.00,0,0,0.00,0.00,0.00,1000.00,0.00
70352803009101806,20120520,1000.00,1000.00,0,0,0.00,0.00,0.00,1000.00,0.00
70352803009101806,20120521,1000.00,1000.00,0,0,0.00,0.00,0.00,1000.00,0.00
70352803009101806,20120522,1000.00,1000.00,0,0,0.00,0.00,0.00,1000.00,0.00
70352803009101806,20120523,1000.00,1000.00,0,0,0.00,0.00,0.00,1000.00,0.00
70352803009101806,20120526,1000.00,1000.00,0,0,0.00,0.00,0.00,1000.00,0.00
70352803009101806,20120527,1000.00,1000.00,0,0,0.00,0.00,0.00,1000.00,0.00
70352803009101806,20120528,1000.00,1000.00,0,0,0.00,0.00,0.00,1000.00,0.00
70352803009101806,20120529,1000.00,1000.00,0,0,0.00,0.00,0.00,1000.00,0.00
70352803009101806,20120530,1000.00,1000.00,0,0,0.00,0.00,0.00,1000.00,0.00
70352803009101806,20120602,1000.00,1000.00,0,0,0.00,0.00,0.00,1000.00,0.00
70352803009101806,20120605,1000.00,1000.00,0,0,0.00,0.00,0.00,1000.00,0.00
70352803009101806,20120606,1000.00,1000.00,0,0,0.00,0.00,0.00,1000.00,0.00
70352803009101806,20120609,1000.00,1000.00,0,0,0.00,0.00,0.00,1000.00,0.00
70352803009101806,20120610,1000.00,1000.00,0,0,0.00,0.00,0.00,1000.00,0.00
70352803009101806,20120611,1000.00,1000.00,0,0,0.00,0.00,0.00,1000.00,0.00
70352803009101806,20120612,1000.00,1000.00,0,0,0.00,0.00,0.00,1000.00,0.00
70352803009101806,20120613,1000.00,1000.00,0,0,0.00,0.00,0.00,1000.00,0.00
70352803009101806,20120616,1000.00,1000.00,0,0,0.00,0.00,0.00,1000.00,0.00
70352803009101806,20120617,1000.00,1000.00,0,0,0.00,0.00,0.00,1000.00,0.00
70352803009101806,20120619,1000.00,1000.00,0,0,0.00,0.00,0.00,1000.00,0.00
70352803009101806,20120620,1000.00,1000.00,0,0,0.00,0.00,0.00,1000.00,0.00
70352803009101806,20120623,1000.00,1000.00,0,0,0.00,0.00,0.00,1000.00,0.00
70352803009101806,20120624,1000.00,1000.00,0,0,0.00,0.00,0.00,1000.00,0.00
70352803009101806,20120625,1000.00,1000.00,0,0,0.00,0.00,0.00,1000.00,0.00
70352803009101806,20120626,1000.00,1000.00,0,0,0.00,0.00,0.00,1000.00,0.00
70352803009101806,20120627,1000.00,1000.00,0,0,0.00,0.00,0.00,1000.00,0.00
70352803009101806,20120630,1000.00,1000.00,0,0,0.00,0.00,0.00,1000.00,0.00
70352803009101806,20120701,1000.00,1000.00,0,0,0.00,0.00,0.00,1000.00,0.00
70352803009101806,20120702,1000.00,1000.00,0,0,0.00,0.00,0.00,1000.00,0.00
70352803009101806,20120703,1000.00,1000.00,0,0,0.00,0.00,0.00,1000.00,0.00
70352803009101806,20120704,1000.00,1000.00,0,0,0.00,0.00,0.00,1000.00,0.00
70352803009101806,20120707,1000.00,1000.00,0,0,0.00,0.00,0.00,1000.00,0.00
70352803009101806,20120708,1000.00,1000.00,0,0,0.00,0.00,0.00,1000.00,0.00
70352803009101806,20120709,1000.00,1000.00,0,0,0.00,0.00,0.00,1000.00,0.00
70352803009101806,20120710,1000.00,1000.00,0,0,0.00,0.00,0.00,1000.00,0.00
70352803009101806,20120711,1000.00,1000.00,0,0,0.00,0.00,0.00,1000.00,0.00
70352803009101806,20120714,1000.00,1000.00,0,0,0.00,0.00,0.00,1000.00,0.00
70352803009101806,20120715,1000.00,1000.00,0,0,0.00,0.00,0.00,1000.00,0.00
70352803009101806,20120716,1000.00,1000.00,0,0,0.00,0.00,0.00,1000.00,0.00
70352803009101806,20120717,1000.00,1000.00,0,0,0.00,0.00,0.00,1000.00,0.00
70352803009101806,20120718,1000.00,1000.00,0,0,0.00,0.00,0.00,1000.00,0.00
70352803009101806,20120721,1000.00,1000.00,0,0,0.00,0.00,0.00,1000.00,0.00
70352803009101806,20120722,1000.00,1000.00,0,0,0.00,0.00,0.00,1000.00,0.00
70352803009101806,20120723,1000.00,1000.00,0,0,0.00,0.00,0.00,1000.00,0.00
70352803009101806,20120724,1000.00,1000.00,0,0,0.00,0.00,0.00,1000.00,0.00
70352803009101806,20120725,1000.00,1000.00,0,0,0.00,0.00,0.00,1000.00,0.00
70352803009101806,20120728,1000.00,1000.00,0,0,0.00,0.00,0.00,1000.00,0.00
70352803009101806,20120729,1000.00,1000.00,0,0,0.00,0.00,0.00,1000.00,0.00
70352803009101806,20120730,1000.00,1000.00,0,0,0.00,0.00,0.00,1000.00,0.00
70352803009101806,20120731,1000.00,1000.00,0,0,0.00,0.00,0.00,1000.00,0.00
70352803009101806,20120801,1000.00,1000.00,0,0,0.00,0.00,0.00,1000.00,0.00
70352803009101806,20120804,1000.00,1000.00,0,0,0.00,0.00,0.00,1000.00,0.00
70352803009101806,20120805,1000.00,1000.00,0,0,0.00,0.00,0.00,1000.00,0.00
70352803009101806,20120806,1000.00,1000.00,0,0,0.00,0.00,0.00,1000.00,0.00
70352803009101806,20120807,1000.00,1000.00,0,0,0.00,0.00,0.00,1000.00,0.00
70352803009101806,20120808,1000.00,1000.00,0,0,0.00,0.00,0.00,1000.00,0.00
70352803009101806,20120811,1000.00,1000.00,0,0,0.00,0.00,0.00,1000.00,0.00
70352803009101806,20120812,1000.00,1000.00,0,0,0.00,0.00,0.00,1000.00,0.00
70352803009101806,20120813,1000.00,1000.00,0,0,0.00,0.00,0.00,1000.00,0.00
70352803009101806,20120814,1000.00,1000.00,0,0,0.00,0.00,0.00,1000.00,0.00
70352803009101806,20120815,1000.00,1000.00,0,0,0.00,0.00,0.00,1000.00,0.00
70352803009101806,20120818,1000.00,1000.00,0,0,0.00,0.00,0.00,1000.00,0.00
70352803009101806,20120819,1000.00,1000.00,0,0,0.00,0.00,0.00,1000.00,0.00
70352803009101806,20120821,1000.00,1000.00,0,0,0.00,0.00,0.00,1000.00,0.00
70352803009101806,20120822,1000.00,1000.00,0,0,0.00,0.00,0.00,1000.00,0.00
70352803009101806,20120825,1000.00,1000.00,0,0,0.00,0.00,0.00,1000.00,0.00
70352803009101806,20120826,1000.00,1000.00,0,0,0.00,0.00,0.00,1000.00,0.00
70352803009101806,20120827,1000.00,1000.00,0,0,0.00,0.00,0.00,1000.00,0.00
70352803009101806,20120902,1000.00,1000.00,0,0,0.00,0.00,0.00,1000.00,0.00
70352803009101806,20120903,1000.00,1000.00,0,0,0.00,0.00,0.00,1000.00,0.00
70352803009101806,20120904,1000.00,1000.00,0,0,0.00,0.00,0.00,1000.00,0.00
70352803009101806,20120905,1000.00,1000.00,0,0,0.00,0.00,0.00,1000.00,0.00
70352803009101806,20120908,1000.00,1000.00,0,0,0.00,0.00,0.00,1000.00,0.00
70352803009101806,20120909,1000.00,1000.00,0,0,0.00,0.00,0.00,1000.00,0.00
70352803009101806,20120910,1000.00,1000.00,0,0,0.00,0.00,0.00,1000.00,0.00
70352803009101806,20120911,1000.00,1000.00,0,0,0.00,0.00,0.00,1000.00,0.00
70352803009101806,20120915,1000.00,1000.00,0,0,0.00,0.00,0.00,1000.00,0.00
70352803009101806,20120916,1000.00,1000.00,0,0,0.00,0.00,0.00,1000.00,0.00
70352803009101806,20120917,1000.00,1000.00,0,0,0.00,0.00,0.00,1000.00,0.00
70352803009101806,20120918,1000.00,1000.00,0,0,0.00,0.00,0.00,1000.00,0.00
70352803009101806,20120919,1000.00,1000.00,0,0,0.00,0.00,0.00,1000.00,0.00
70352803009101806,20120922,1000.00,1000.00,0,0,0.00,0.00,0.00,1000.00,0.00
70352803009101806,20120923,1000.00,1000.00,0,0,0.00,0.00,0.00,1000.00,0.00
70352803009101806,20120924,1000.00,1000.00,0,0,0.00,0.00,0.00,1000.00,0.00
70352803009101806,20120925,1000.00,1000.00,0,0,0.00,0.00,0.00,1000.00,0.00
70352803009101806,20120926,1000.00,1000.00,0,0,0.00,0.00,0.00,1000.00,0.00
70352803009101806,20120929,1000.00,1000.00,0,0,0.00,0.00,0.00,1000.00,0.00
70352803009101806,20120930,1000.00,1000.00,0,0,0.00,0.00,0.00,1000.00,0.00
70352803009101806,20121001,1000.00,1000.00,0,0,0.00,0.00,0.00,1000.00,0.00
70352803009101806,20121002,1000.00,1000.00,0,0,0.00,0.00,0.00,1000.00,0.00
70352803009101806,20121003,1000.00,1000.00,0,0,0.00,0.00,0.00,1000.00,0.00
70352803009101806,20121006,1000.00,1000.00,0,0,0.00,0.00,0.00,1000.00,0.00
70352803009101806,20121007,1000.00,1000.00,0,0,0.00,0.00,0.00,1000.00,0.00
70352803009101806,20121008,1000.00,1000.00,0,0,0.00,0.00,0.00,1000.00,0.00
70352803009101806,20121009,1000.00,1000.00,0,0,0.00,0.00,0.00,1000.00,0.00
70352803009101806,20121010,1000.00,1000.00,0,0,0.00,0.00,0.00,1000.00,0.00
70352803009101806,20121013,1000.00,1000.00,0,0,0.00,0.00,0.00,1000.00,0.00
70352803009101806,20121014,1000.00,1000.00,0,0,0.00,0.00,0.00,1000.00,0.00
70352803009101806,20121015,1000.00,1000.00,0,0,0.00,0.00,0.00,1000.00,0.00
70352803009101806,20121016,1000.00,1000.00,0,0,0.00,0.00,0.00,1000.00,0.00
70352803009101806,20121017,1000.00,1000.00,0,0,0.00,0.00,0.00,1000.00,0.00
70352803009101806,20121020,1000.00,1000.00,0,0,0.00,0.00,0.00,1000.00,0.00
70352803009101806,20121021,1000.00,1000.00,0,0,0.00,0.00,0.00,1000.00,0.00
70352803009101806,20121022,1000.00,1000.00,0,0,0.00,0.00,0.00,1000.00,0.00
70352803009101806,20121023,1000.00,1000.00,0,0,0.00,0.00,0.00,1000.00,0.00
70352803009101806,20121024,1000.00,1000.00,0,0,0.00,0.00,0.00,1000.00,0.00
70352803009101806,20121027,1000.00,1000.00,0,0,0.00,0.00,0.00,1000.00,0.00
70352803009101806,20121028,1000.00,1000.00,0,0,0.00,0.00,0.00,1000.00,0.00
70352803009101806,20121029,1000.00,1000.00,0,0,0.00,0.00,0.00,1000.00,0.00
70352803009101806,20121030,1000.00,1000.00,0,0,0.00,0.00,0.00,1000.00,0.00
70352803009101806,20121031,1000.00,1000.00,0,0,0.00,0.00,0.00,1000.00,0.00
70352803009101806,20121104,1000.00,1000.00,0,0,0.00,0.00,0.00,1000.00,0.00
70352803009101806,20121105,1000.00,1000.00,0,0,0.00,0.00,0.00,1000.00,0.00
70352803009101806,20121106,1000.00,1000.00,0,0,0.00,0.00,0.00,1000.00,0.00
70352803009101806,20121107,1000.00,1000.00,0,0,0.00,0.00,0.00,1000.00,0.00
70352803009101806,20121110,1000.00,1000.00,0,0,0.00,0.00,0.00,1000.00,0.00
70352803009101806,20121111,1000.00,1000.00,0,0,0.00,0.00,0.00,1000.00,0.00
70352803009101806,20121112,1000.00,1000.00,0,0,0.00,0.00,0.00,1000.00,0.00
70352803009101806,20121113,1000.00,1000.00,0,0,0.00,0.00,0.00,1000.00,0.00
70352803009101806,20121114,1000.00,1000.00,0,0,0.00,0.00,0.00,1000.00,0.00
70352803009101806,20121117,1000.00,1000.00,0,0,0.00,0.00,0.00,1000.00,0.00
70352803009101806,20121118,1000.00,1000.00,0,0,0.00,0.00,0.00,1000.00,0.00
70352803009101806,20121119,1000.00,1000.00,0,0,0.00,0.00,0.00,1000.00,0.00
70352803009101806,20121120,1000.00,1000.00,0,0,0.00,0.00,0.00,1000.00,0.00
70352803009101806,20121121,1000.00,1000.00,0,0,0.00,0.00,0.00,1000.00,0.00
70352803009101806,20121126,1000.00,1000.00,0,0,0.00,0.00,0.00,1000.00,0.00
70352803009101806,20121127,1000.00,1000.00,0,0,0.00,0.00,0.00,1000.00,0.00
70352803009101806,20121128,1000.00,1000.00,0,0,0.00,0.00,0.00,1000.00,0.00
70352803009101806,20121201,1000.00,1000.00,0,0,0.00,0.00,0.00,1000.00,0.00
70352803009101806,20121202,1000.00,1000.00,0,0,0.00,0.00,0.00,1000.00,0.00
70352803009101806,20121203,1000.00,1000.00,0,0,0.00,0.00,0.00,1000.00,0.00
70352803009101806,20121204,1000.00,1000.00,0,0,0.00,0.00,0.00,1000.00,0.00
70352803009101806,20121205,1000.00,1000.00,0,0,0.00,0.00,0.00,1000.00,0.00
70352803009101806,20121208,1000.00,1000.00,0,0,0.00,0.00,0.00,1000.00,0.00
70352803009101806,20121209,1000.00,1000.00,0,0,0.00,0.00,0.00,1000.00,0.00
70352803009101806,20121210,1000.00,1000.00,0,0,0.00,0.00,0.00,1000.00,0.00
70352803009101806,20121211,1000.00,1000.00,0,0,0.00,0.00,0.00,1000.00,0.00
70352803009101806,20121212,1000.00,1000.00,0,0,0.00,0.00,0.00,1000.00,0.00
70352803009101806,20121215,1000.00,1000.00,0,0,0.00,0.00,0.00,1000.00,0.00
70352803009101806,20121216,1000.00,1000.00,0,0,0.00,0.00,0.00,1000.00,0.00
70352803009101806,20121217,1000.00,1000.00,0,0,0.00,0.00,0.00,1000.00,0.00
70352803009101806,20121218,1000.00,1000.00,0,0,0.00,0.00,0.00,1000.00,0.00
70352803009101806,20121219,1000.00,1000.00,0,0,0.00,0.00,0.00,1000.00,0.00
70352803009101806,20121222,1000.00,1000.00,0,0,0.00,0.00,0.00,1000.00,0.00
70352803009101806,20121223,1000.00,1000.00,0,0,0.00,0.00,0.00,1000.00,0.00
70352803009101806,20121224,1000.00,1000.00,0,0,0.00,0.00,0.00,1000.00,0.00
70352803009101806,20121225,1000.00,1000.00,0,0,0.00,0.00,0.00,1000.00,0.00
70352803009101806,20121226,1000.00,1000.00,0,0,0.00,0.00,0.00,1000.00,0.00
70352803009101806,20121229,1000.00,1000.00,0,0,0.00,0.00,0.00,1000.00,0.00
70352803009101806,20121230,1000.00,1000.00,0,0,0.00,0.00,0.00,1000.00,0.00
70352803009101806,20121231,1000.00,1000.00,0,0,0.00,0.00,0.00,1000.00,0.00
70352803009101806,20130101,1000.00,1000.00,0,0,0.00,0.00,0.00,1000.00,0.00
70352803009101806,20130102,1000.00,1000.00,0,0,0.00,0.00,0.00,1000.00,0.00
70352803009101806,20130106,1000.00,1000.00,0,0,0.00,0.00,0.00,1000.00,0.00
70352803009101806,20130107,1000.00,1000.00,0,0,0.00,0.00,0.00,1000.00,0.00
70352803009101806,20130108,1000.00,1000.00,0,0,0.00,0.00,0.00,1000.00,0.00
70352803009101806,20130109,1000.00,1000.00,0,0,0.00,0.00,0.00,1000.00,0.00
70352803009101806,20130113,1000.00,1000.00,0,0,0.00,0.00,0.00,1000.00,0.00
70352803009101806,20130114,1000.00,1000.00,0,0,0.00,0.00,0.00,1000.00,0.00
70352803009101806,20130115,1000.00,1000.00,0,0,0.00,0.00,0.00,1000.00,0.00
70352803009101806,20130116,1000.00,1000.00,0,0,0.00,0.00,0.00,1000.00,0.00
70352803009101806,20130119,1000.00,1000.00,0,0,0.00,0.00,0.00,1000.00,0.00
70352803009101806,20130120,1000.00,1000.00,0,0,0.00,0.00,0.00,1000.00,0.00
70352803009101806,20130121,1000.00,1000.00,0,0,0.00,0.00,0.00,1000.00,0.00
70352803009101806,20130122,1000.00,1000.00,0,0,0.00,0.00,0.00,1000.00,0.00
70352803009101806,20130123,1000.00,1000.00,0,0,0.00,0.00,0.00,1000.00,0.00
70352803009101806,20130126,1000.00,1000.00,0,0,0.00,0.00,0.00,1000.00,0.00
70352803009101806,20130127,1000.00,1000.00,0,0,0.00,0.00,0.00,1000.00,0.00
70352803009101806,20130128,1000.00,1000.00,0,0,0.00,0.00,0.00,1000.00,0.00
70352803009101806,20130130,1000.00,1000.00,0,0,0.00,0.00,0.00,1000.00,0.00
70352803009101806,20130202,1000.00,1000.00,0,0,0.00,0.00,0.00,1000.00,0.00
70352803009101806,20130203,1000.00,1000.00,0,0,0.00,0.00,0.00,1000.00,0.00
70352803009101806,20130204,1000.00,1000.00,0,0,0.00,0.00,0.00,1000.00,0.00
70352803009101806,20130205,1000.00,1000.00,0,0,0.00,0.00,0.00,1000.00,0.00
70352803009101806,20130206,1000.00,1000.00,0,0,0.00,0.00,0.00,1000.00,0.00
70352803009101806,20130209,1000.00,1000.00,0,0,0.00,0.00,0.00,1000.00,0.00
70352803009101806,20130211,1000.00,1000.00,0,0,0.00,0.00,0.00,1000.00,0.00
70352803009101806,20130212,1000.00,1000.00,0,0,0.00,0.00,0.00,1000.00,0.00
70352803009101806,20130213,1000.00,1000.00,0,0,0.00,0.00,0.00,1000.00,0.00
70352803009101806,20130216,1000.00,1000.00,0,0,0.00,0.00,0.00,1000.00,0.00
70352803009101806,20130217,1000.00,1000.00,0,0,0.00,0.00,0.00,1000.00,0.00
70352803009101806,20130218,1000.00,1000.00,0,0,0.00,0.00,0.00,1000.00,0.00
70352803009101806,20130219,1000.00,1000.00,0,0,0.00,0.00,0.00,1000.00,0.00
70352803009101806,20130220,1000.00,1000.00,0,0,0.00,0.00,0.00,1000.00,0.00
70352803009101806,20130223,1000.00,1000.00,0,0,0.00,0.00,0.00,1000.00,0.00
70352803009101806,20130224,1000.00,1000.00,0,0,0.00,0.00,0.00,1000.00,0.00
70352803009101806,20130225,1000.00,1000.00,0,0,0.00,0.00,0.00,1000.00,0.00
70352803009101806,20130226,1000.00,1000.00,0,0,0.00,0.00,0.00,1000.00,0.00
70352803009101806,20130227,1000.00,1000.00,0,0,0.00,0.00,0.00,1000.00,0.00
70352803009101806,20130302,1000.00,1000.00,0,0,0.00,0.00,0.00,1000.00,0.00
70352803009101806,20130303,1000.00,1000.00,0,0,0.00,0.00,0.00,1000.00,0.00
70352803009101806,20130304,1000.00,1000.00,0,0,0.00,0.00,0.00,1000.00,0.00
70352803009101806,20130305,1000.00,1000.00,0,0,0.00,0.00,0.00,1000.00,0.00
70352803009101806,20130306,1000.00,1000.00,0,0,0.00,0.00,0.00,1000.00,0.00
70352803009101806,20130309,1000.00,1000.00,0,0,0.00,0.00,0.00,1000.00,0.00
70352803009101806,20130310,1000.00,1000.00,0,0,0.00,0.00,0.00,1000.00,0.00
70352803009101806,20130311,1000.00,1000.00,0,0,0.00,0.00,0.00,1000.00,0.00
70352803009101806,20130312,1000.00,1000.00,0,0,0.00,0.00,0.00,1000.00,0.00
70352803009101806,20130313,1000.00,1000.00,0,0,0.00,0.00,0.00,1000.00,0.00
70352803009101806,20130316,1000.00,1000.00,0,0,0.00,0.00,0.00,1000.00,0.00
70352803009101806,20130317,1000.00,1000.00,0,0,0.00,0.00,0.00,1000.00,0.00
70352803009101806,20130318,1000.00,1000.00,0,0,0.00,0.00,0.00,1000.00,0.00
70352803009101806,20130325,1000.00,1000.00,0,0,0.00,0.00,0.00,1000.00,0.00
70352803009101806,20130326,1000.00,1000.00,0,0,0.00,0.00,0.00,1000.00,0.00
70352803009101806,20130327,1000.00,1000.00,0,0,0.00,0.00,0.00,1000.00,0.00
70352803009101806,20130330,1000.00,1000.00,0,0,0.00,0.00,0.00,1000.00,0.00
70352803009101806,20130331,1000.00,1000.00,0,0,0.00,0.00,0.00,1000.00,0.00
70352803009101806,20130403,1000.00,1000.00,0,0,0.00,0.00,0.00,1000.00,0.00
70352803009101806,20130406,1000.00,1000.00,0,0,0.00,0.00,0.00,1000.00,0.00
70352803009101806,20130407,1000.00,1000.00,0,0,0.00,0.00,0.00,1000.00,0.00
70352803009101806,20130408,1000.00,1000.00,0,0,0.00,0.00,0.00,1000.00,0.00
70352803009101806,20130409,1000.00,1000.00,0,0,0.00,0.00,0.00,1000.00,0.00
70352803009101806,20130410,1000.00,1000.00,0,0,0.00,0.00,0.00,1000.00,0.00
70352803009101806,20130413,1000.00,1000.00,0,0,0.00,0.00,0.00,1000.00,0.00
70352803009101806,20130415,1000.00,1000.00,0,0,0.00,0.00,0.00,1000.00,0.00
70352803009101806,20130416,1000.00,1000.00,0,0,0.00,0.00,0.00,1000.00,0.00
70352803009101806,20130417,1000.00,1000.00,0,0,0.00,0.00,0.00,1000.00,0.00
70352803009101806,20130420,1000.00,1000.00,0,0,0.00,0.00,0.00,1000.00,0.00
70352803009101806,20130421,1000.00,1000.00,0,0,0.00,0.00,0.00,1000.00,0.00
70352803009101806,20130422,1000.00,1000.00,0,0,0.00,0.00,0.00,1000.00,0.00
70352803009101806,20130423,1000.00,1000.00,0,0,0.00,0.00,0.00,1000.00,0.00
70352803009101806,20130424,1000.00,1000.00,0,0,0.00,0.00,0.00,1000.00,0.00
70352803009101806,20130427,1000.00,1000.00,0,0,0.00,0.00,0.00,1000.00,0.00
70352803009101806,20130428,1000.00,1000.00,0,0,0.00,0.00,0.00,1000.00,0.00
70352803009101806,20130429,1000.00,1000.00,0,0,0.00,0.00,0.00,1000.00,0.00
70352803009101806,20130430,1000.00,1000.00,0,0,0.00,0.00,0.00,1000.00,0.00
70352803009101806,20130501,1000.00,1000.00,0,0,0.00,0.00,0.00,1000.00,0.00
70352803009101806,20130504,1000.00,1000.00,0,0,0.00,0.00,0.00,1000.00,0.00
70352803009101806,20130505,1000.00,1000.00,0,0,0.00,0.00,0.00,1000.00,0.00
70352803009101806,20130506,1000.00,1000.00,0,0,0.00,0.00,0.00,1000.00,0.00
70352803009101806,20130507,1000.00,1000.00,0,0,0.00,0.00,0.00,1000.00,0.00
70352803009101806,20130508,1000.00,1000.00,0,0,0.00,0.00,0.00,1000.00,0.00
70352803009101806,20130511,1000.00,1000.00,0,0,0.00,0.00,0.00,1000.00,0.00
70352803009101806,20130512,1000.00,1000.00,0,0,0.00,0.00,0.00,1000.00,0.00
70352803009101806,20130513,1000.00,1000.00,0,0,0.00,0.00,0.00,1000.00,0.00
70352803009101806,20130514,1000.00,1000.00,0,0,0.00,0.00,0.00,1000.00,0.00
70352803009101806,20130515,1000.00,1000.00,0,0,0.00,0.00,0.00,1000.00,0.00
70352803009101806,20130518,1000.00,1000.00,0,0,0.00,0.00,0.00,1000.00,0.00
70352803009101806,20130519,1000.00,1000.00,0,0,0.00,0.00,0.00,1000.00,0.00
70352803009101806,20130520,1000.00,1000.00,0,0,0.00,0.00,0.00,1000.00,0.00
70352803009101806,20130521,1000.00,1000.00,0,0,0.00,0.00,0.00,1000.00,0.00
70352803009101806,20130522,1000.00,1000.00,0,0,0.00,0.00,0.00,1000.00,0.00
70352803009101806,20130525,1000.00,1000.00,0,0,0.00,0.00,0.00,1000.00,0.00
70352803009101806,20130526,1000.00,1000.00,0,0,0.00,0.00,0.00,1000.00,0.00
70352803009101806,20130527,1000.00,1000.00,0,0,0.00,0.00,0.00,1000.00,0.00
70352803009101806,20130528,1000.00,1000.00,0,0,0.00,0.00,0.00,1000.00,0.00
70352803009101806,20130529,1000.00,1000.00,0,0,0.00,0.00,0.00,1000.00,0.00
70352803009101806,20130601,1000.00,1000.00,0,0,0.00,0.00,0.00,1000.00,0.00
70352803009101806,20130602,1000.00,1000.00,0,0,0.00,0.00,0.00,1000.00,0.00
70352803009101806,20130603,1000.00,1000.00,0,0,0.00,0.00,0.00,1000.00,0.00
70352803009101806,20130608,1000.00,1000.00,0,0,0.00,0.00,0.00,1000.00,0.00
70352803009101806,20130609,1000.00,1000.00,0,0,0.00,0.00,0.00,1000.00,0.00
70352803009101806,20130610,1000.00,1000.00,0,0,0.00,0.00,0.00,1000.00,0.00
70352803009101806,20130611,1000.00,1000.00,0,0,0.00,0.00,0.00,1000.00,0.00
70352803009101806,20130612,1000.00,1000.00,0,0,0.00,0.00,0.00,1000.00,0.00
70352803009101806,20130615,1000.00,1000.00,0,0,0.00,0.00,0.00,1000.00,0.00
70352803009101806,20130616,1000.00,1000.00,0,0,0.00,0.00,0.00,1000.00,0.00
70352803009101806,20130617,1000.00,1000.00,0,0,0.00,0.00,0.00,1000.00,0.00
70352803009101806,20130618,1000.00,1000.00,0,0,0.00,0.00,0.00,1000.00,0.00
70352803009101806,20130619,1000.00,1000.00,0,0,0.00,0.00,0.00,1000.00,0.00
70352803009101806,20130622,1000.00,1000.00,0,0,0.00,0.00,0.00,1000.00,0.00
70352803009101806,20130623,1000.00,1000.00,0,0,0.00,0.00,0.00,1000.00,0.00
70352803009101806,20130625,1000.00,1000.00,0,0,0.00,0.00,0.00,1000.00,0.00
70352803009101806,20130626,1000.00,1000.00,0,0,0.00,0.00,0.00,1000.00,0.00
70352803009101806,20130629,1000.00,1000.00,0,0,0.00,0.00,0.00,1000.00,0.00
70352803009101806,20130630,1000.00,1000.00,0,0,0.00,0.00,0.00,1000.00,0.00
70352803009101806,20130701,1000.00,1000.00,0,0,0.00,0.00,0.00,1000.00,0.00
70352803009101806,20130702,1000.00,1000.00,0,0,0.00,0.00,0.00,1000.00,0.00
70352803009101806,20130703,1000.00,1000.00,0,0,0.00,0.00,0.00,1000.00,0.00
70352803009101806,20130706,1000.00,1000.00,0,0,0.00,0.00,0.00,1000.00,0.00
70352803009101806,20130707,1000.00,1000.00,0,0,0.00,0.00,0.00,1000.00,0.00
70352803009101806,20130708,1000.00,1000.00,0,0,0.00,0.00,0.00,1000.00,0.00
70352803009101806,20130709,1000.00,1000.00,0,0,0.00,0.00,0.00,1000.00,0.00
70352803009101806,20130710,1000.00,1000.00,0,0,0.00,0.00,0.00,1000.00,0.00
70352803009101806,20130713,1000.00,1000.00,0,0,0.00,0.00,0.00,1000.00,0.00
70352803009101806,20130714,1000.00,1000.00,0,0,0.00,0.00,0.00,1000.00,0.00
70352803009101806,20130715,1000.00,1000.00,0,0,0.00,0.00,0.00,1000.00,0.00
70352803009101806,20130716,1000.00,1000.00,0,0,0.00,0.00,0.00,1000.00,0.00
70352803009101806,20130717,1000.00,1000.00,0,0,0.00,0.00,0.00,1000.00,0.00
70352803009101806,20130720,1000.00,1000.00,0,0,0.00,0.00,0.00,1000.00,0.00
70352803009101806,20130721,1000.00,1000.00,0,0,0.00,0.00,0.00,1000.00,0.00
70352803009101806,20130722,1000.00,1000.00,0,0,0.00,0.00,0.00,1000.00,0.00
70352803009101806,20130723,1000.00,1000.00,0,0,0.00,0.00,0.00,1000.00,0.00
70352803009101806,20130724,1000.00,1000.00,0,0,0.00,0.00,0.00,1000.00,0.00
70352803009101806,20130727,1000.00,1000.00,0,0,0.00,0.00,0.00,1000.00,0.00
70352803009101806,20130728,1000.00,1000.00,0,0,0.00,0.00,0.00,1000.00,0.00
70352803009101806,20130729,1000.00,1000.00,0,0,0.00,0.00,0.00,1000.00,0.00
70352803009101806,20130731,1000.00,1000.00,0,0,0.00,0.00,0.00,1000.00,0.00
70352803009101806,20130803,1000.00,1000.00,0,0,0.00,0.00,0.00,1000.00,0.00
70352803009101806,20130804,1000.00,1000.00,0,0,0.00,0.00,0.00,1000.00,0.00
70352803009101806,20130805,1000.00,1000.00,0,0,0.00,0.00,0.00,1000.00,0.00
70352803009101806,20130806,1000.00,1000.00,0,0,0.00,0.00,0.00,1000.00,0.00
70352803009101806,20130807,1000.00,1000.00,0,0,0.00,0.00,0.00,1000.00,0.00
70352803009101806,20130810,1000.00,1000.00,0,0,0.00,0.00,0.00,1000.00,0.00
70352803009101806,20130811,1000.00,1000.00,0,0,0.00,0.00,0.00,1000.00,0.00
70352803009101806,20130812,1000.00,1000.00,0,0,0.00,0.00,0.00,1000.00,0.00
70352803009101806,20130813,1000.00,1000.00,0,0,0.00,0.00,0.00,1000.00,0.00
70352803009101806,20130814,1000.00,1000.00,0,0,0.00,0.00,0.00,1000.00,0.00
70352803009101806,20130817,1000.00,1000.00,0,0,0.00,0.00,0.00,1000.00,0.00
70352803009101806,20130818,1000.00,1000.00,0,0,0.00,0.00,0.00,1000.00,0.00
70352803009101806,20130819,1000.00,1000.00,0,0,0.00,0.00,0.00,1000.00,0.00
70352803009101806,20130820,1000.00,1000.00,0,0,0.00,0.00,0.00,1000.00,0.00
70352803009101806,20130821,1000.00,1000.00,0,0,0.00,0.00,0.00,1000.00,0.00
70352803009101806,20130824,1000.00,1000.00,0,0,0.00,0.00,0.00,1000.00,0.00
70352803009101806,20130825,1000.00,1000.00,0,0,0.00,0.00,0.00,1000.00,0.00
70352803009101806,20130826,1000.00,1000.00,0,0,0.00,0.00,0.00,1000.00,0.00
70352803009101806,20130827,1000.00,1000.00,0,0,0.00,0.00,0.00,1000.00,0.00
70352803009101806,20130828,1000.00,1000.00,0,0,0.00,0.00,0.00,1000.00,0.00
70352803009101806,20130831,1000.00,1000.00,0,0,0.00,0.00,0.00,1000.00,0.00
70352803009101806,20130901,1000.00,1000.00,0,0,0.00,0.00,0.00,1000.00,0.00
70352803009101806,20130903,1000.00,1000.00,0,0,0.00,0.00,0.00,1000.00,0.00
70352803009101806,20130904,1000.00,1000.00,0,0,0.00,0.00,0.00,1000.00,0.00
70352803009101806,20130907,1000.00,1000.00,0,0,0.00,0.00,0.00,1000.00,0.00
70352803009101806,20130908,1000.00,1000.00,0,0,0.00,0.00,0.00,1000.00,0.00
70352803009101806,20130909,1000.00,1000.00,0,0,0.00,0.00,0.00,1000.00,0.00
70352803009101806,20130910,1000.00,1000.00,0,0,0.00,0.00,0.00,1000.00,0.00
70352803009101806,20130911,1000.00,1000.00,0,0,0.00,0.00,0.00,1000.00,0.00
70352803009101806,20130914,1000.00,1000.00,0,0,0.00,0.00,0.00,1000.00,0.00
70352803009101806,20130915,1000.00,1000.00,0,0,0.00,0.00,0.00,1000.00,0.00
70352803009101806,20130916,1000.00,1000.00,0,0,0.00,0.00,0.00,1000.00,0.00
70352803009101806,20130917,1000.00,1000.00,0,0,0.00,0.00,0.00,1000.00,0.00
70352803009101806,20130918,1000.00,1000.00,0,0,0.00,0.00,0.00,1000.00,0.00
70352803009101806,20130921,1000.00,1000.00,0,0,0.00,0.00,0.00,1000.00,0.00
70352803009101806,20130922,1000.00,1000.00,0,0,0.00,0.00,0.00,1000.00,0.00
70352803009101806,20130923,1000.00,1000.00,0,0,0.00,0.00,0.00,1000.00,0.00
70352803009101806,20130924,1000.00,1000.00,0,0,0.00,0.00,0.00,1000.00,0.00
70352803009101806,20130925,1000.00,1000.00,0,0,0.00,0.00,0.00,1000.00,0.00
70352803009101806,20130928,1000.00,1000.00,0,0,0.00,0.00,0.00,1000.00,0.00
70352803009101806,20130929,1000.00,1000.00,0,0,0.00,0.00,0.00,1000.00,0.00
70352803009101806,20130930,1000.00,1000.00,0,0,0.00,0.00,0.00,1000.00,0.00
70352803009101806,20131001,1000.00,1000.00,0,0,0.00,0.00,0.00,1000.00,0.00
70352803009101806,20131002,1000.00,1000.00,0,0,0.00,0.00,0.00,1000.00,0.00
70352803009101806,20131005,1000.00,1000.00,0,0,0.00,0.00,0.00,1000.00,0.00
70352803009101806,20131006,1000.00,1000.00,0,0,0.00,0.00,0.00,1000.00,0.00
70352803009101806,20131007,1000.00,1000.00,0,0,0.00,0.00,0.00,1000.00,0.00
70352803009101806,20131008,1000.00,1000.00,0,0,0.00,0.00,0.00,1000.00,0.00
70352803009101806,20131009,1000.00,1000.00,0,0,0.00,0.00,0.00,1000.00,0.00
70352803009101806,20131012,1000.00,1000.00,0,0,0.00,0.00,0.00,1000.00,0.00
70352803009101806,20131013,666.00,666.00,0,0,0.00,0.00,0.00,666.00,0.00
70352803009101806,20131014,666.00,666.00,0,0,0.00,0.00,0.00,666.00,0.00
70352803009101806,20131015,4000.00,4000.00,1,5000,20000000.00,4000.00,4000.00,666.00,4000.00
70352803009101806,20131019,4000.00,4000.00,0,0,0.00,0.00,0.00,4000.00,0.00
70352803009101806,20131020,4000.00,4000.00,0,0,0.00,0.00,0.00,4000.00,0.00
70352803009101806,20131021,4000.00,4000.00,0,0,0.00,0.00,0.00,4000.00,0.00
70352803009101806,20131022,4000.00,4000.00,0,0,0.00,0.00,0.00,4000.00,0.00
70352803009101806,20131023,4000.00,4000.00,2,10000,40000000.00,4000.00,4000.00,4000.00,4000.00
70352803009101806,20131026,5450.00,5450.00,2,20000,109000000.00,5450.00,5450.00,4000.00,5450.00
70352803009101806,20131027,5450.00,5450.00,1,10000,54500000.00,5450.00,5450.00,5450.00,5450.00
70352803009101806,20131028,5450.00,5450.00,0,0,0.00,0.00,0.00,5450.00,0.00
70352803009101806,20131029,5450.00,5450.00,0,0,0.00,0.00,0.00,5450.00,0.00
70352803009101806,20131030,4200.00,4300.00,6,76000,319200000.00,3200.00,5450.00,5450.00,5450.00
70352803009101806,20131102,4434.00,4010.00,2,34000,150740000.00,4010.00,5450.00,4200.00,5450.00
70352803009101806,20131103,5500.00,5450.00,2,33000,181500000.00,5450.00,6000.00,4434.00,6000.00
70352803009101806,20131104,5500.00,5450.00,0,0,0.00,0.00,0.00,5500.00,0.00
70352803009101806,20131105,4839.00,5000.00,4,31000,150000000.00,4500.00,5000.00,5500.00,5000.00
70352803009101806,20131106,4839.00,5000.00,0,0,0.00,0.00,0.00,4839.00,0.00
70352803009101806,20131109,3200.00,3200.00,1,20000,64000000.00,3200.00,3200.00,4839.00,3200.00
70352803009101806,20131110,5800.00,5800.00,4,3148,18258400.00,5800.00,5800.00,3200.00,5800.00
70352803009101806,20131111,5073.00,5000.00,2,33000,167400000.00,5000.00,5800.00,5800.00,5800.00
70352803009101806,20131112,6900.00,6900.00,1,14000,96600000.00,6900.00,6900.00,5073.00,6900.00
70352803009101806,20131116,5000.00,5000.00,1,18000,90000000.00,5000.00,5000.00,6900.00,5000.00
70352803009101806,20131117,5358.00,5350.00,2,36000,192900000.00,5350.00,5400.00,5000.00,5400.00
70352803009101806,20131118,6093.00,6800.00,3,15352,93544452.00,5801.00,6800.00,5358.00,6000.00
70352803009101806,20131119,6093.00,6800.00,0,0,0.00,0.00,0.00,6093.00,0.00
70352803009101806,20131120,5872.00,5000.00,13,199500,1171500000.00,5000.00,6800.00,6093.00,5000.00
70352803009101806,20131123,5872.00,5000.00,0,0,0.00,0.00,0.00,5872.00,0.00
70352803009101806,20131124,5790.00,5790.00,1,3500,20265000.00,5790.00,5790.00,5872.00,5790.00
70352803009101806,20131125,5803.00,5803.00,1,10000,58030000.00,5803.00,5803.00,5790.00,5803.00
70352803009101806,20131126,5859.00,5790.00,3,34000,199200000.00,5790.00,6500.00,5803.00,5800.00
70352803009101806,20131127,5859.00,5790.00,0,0,0.00,0.00,0.00,5859.00,0.00
70352803009101806,20131130,5872.00,5872.00,1,1000,5872000.00,5872.00,5872.00,5859.00,5872.00
70352803009101806,20131201,5872.00,5872.00,0,0,0.00,0.00,0.00,5872.00,0.00
70352803009101806,20131202,5872.00,5872.00,0,0,0.00,0.00,0.00,5872.00,0.00
70352803009101806,20131203,5872.00,5872.00,0,0,0.00,0.00,0.00,5872.00,0.00
70352803009101806,20131204,5774.00,6010.00,6,111000,640932000.00,5700.00,6010.00,5872.00,5700.00
70352803009101806,20131207,5911.00,5872.00,24,33000,195056000.00,5872.00,6000.00,5774.00,5872.00
70352803009101806,20131208,5534.00,6000.00,11,340000,1881635648.00,5000.00,6000.00,5911.00,5000.00
70352803009101806,20131209,5700.00,5700.00,2,60000,342000000.00,5700.00,5700.00,5534.00,5700.00
70352803009101806,20131210,5700.00,5700.00,0,0,0.00,0.00,0.00,5700.00,0.00
70352803009101806,20131211,6306.00,6000.00,4,111000,699960000.00,5660.00,6800.00,5700.00,5660.00
70352803009101806,20131214,6306.00,6000.00,0,0,0.00,0.00,0.00,6306.00,0.00
70352803009101806,20131215,5206.00,5700.00,4,51000,265500000.00,5000.00,5700.00,6306.00,5000.00
70352803009101806,20131216,6020.00,6501.00,4,25000,150510000.00,5700.00,6501.00,5206.00,6501.00
70352803009101806,20131217,6556.00,7000.00,6,71000,465500000.00,6500.00,7000.00,6020.00,6500.00
70352803009101806,20131218,6556.00,7000.00,0,0,0.00,0.00,0.00,6556.00,0.00
70352803009101806,20131221,6359.00,6500.00,9,32000,203500000.00,6000.00,6500.00,6556.00,6000.00
70352803009101806,20131222,7020.00,7020.00,4,20000,140400000.00,7020.00,7020.00,6359.00,7020.00
70352803009101806,20131224,7020.00,7020.00,0,0,0.00,0.00,0.00,7020.00,0.00
70352803009101806,20131225,7020.00,7020.00,0,0,0.00,0.00,0.00,7020.00,0.00
70352803009101806,20131228,7020.00,7020.00,0,0,0.00,0.00,0.00,7020.00,0.00
70352803009101806,20131229,6807.00,6500.00,9,96000,653451000.00,6500.00,7024.00,7020.00,7000.00
70352803009101806,20131230,6826.00,7000.00,4,39000,266200000.00,6500.00,7020.00,6807.00,7020.00
70352803009101806,20140101,6826.00,7000.00,0,0,0.00,0.00,0.00,6826.00,0.00
70352803009101806,20140104,8000.00,8000.00,2,16000,128000000.00,8000.00,8000.00,6826.00,8000.00
70352803009101806,20140105,8000.00,8000.00,0,0,0.00,0.00,0.00,8000.00,0.00
70352803009101806,20140106,7330.00,7330.00,2,35000,256550000.00,7330.00,7330.00,8000.00,7330.00
70352803009101806,20140107,7330.00,7330.00,0,0,0.00,0.00,0.00,7330.00,0.00
70352803009101806,20140108,7787.00,8010.00,24,189293,1474038290.00,7300.00,8012.00,7330.00,8010.00
70352803009101806,20140111,8000.00,8000.00,4,55000,440000000.00,8000.00,8000.00,7787.00,8000.00
70352803009101806,20140112,8792.00,9000.00,10,104000,914400000.00,8100.00,9000.00,8000.00,8100.00
70352803009101806,20140113,8941.00,9000.00,8,76000,679500000.00,8100.00,10000.00,8792.00,9000.00
70352803009101806,20140114,9000.00,9000.00,4,120000,1080000000.00,9000.00,9000.00,8941.00,9000.00
70352803009101806,20140115,9318.00,10000.00,10,36443,339570000.00,8999.00,10000.00,9000.00,8999.00
70352803009101806,20140118,9495.00,9500.00,9,189943,1803436000.00,9001.00,10000.00,9318.00,9001.00
70352803009101806,20140120,9890.00,9000.00,16,273557,2705570000.00,9000.00,10000.00,9495.00,10000.00
70352803009101806,20140121,10559.00,10000.00,21,46557,491600000.00,10000.00,11000.00,9890.00,10000.00
70352803009101806,20140122,11673.00,12000.00,3,147000,1716000000.00,10000.00,12000.00,10559.00,10000.00
70352803009101806,20140125,10231.00,11000.00,3,13000,133000000.00,10000.00,11000.00,11673.00,10000.00
70352803009101806,20140126,10412.00,11673.00,15,191100,1989822000.00,10045.00,12600.00,10231.00,11000.00
70352803009101806,20140127,11099.00,11000.00,10,35200,390700000.00,11000.00,11500.00,10412.00,11500.00
70352803009101806,20140128,10299.00,11000.00,9,119500,1230787500.00,10000.00,11500.00,11099.00,11500.00
70352803009101806,20140129,11149.00,11500.00,21,58370,650743700.00,10500.00,11610.00,10299.00,11020.00
70352803009101806,20140201,10944.00,11480.00,14,219350,2400625000.00,10250.00,12000.00,11149.00,11000.00
70352803009101806,20140202,10944.00,11480.00,0,0,0.00,0.00,0.00,10944.00,0.00
70352803009101806,20140203,11089.00,10251.00,30,167082,1852736076.00,10045.00,11500.00,10944.00,10251.00
70352803009101806,20140204,10065.00,10100.00,26,195990,1972580050.00,10000.00,10250.00,11089.00,10250.00
70352803009101806,20140205,10356.00,10100.00,6,53655,555657750.00,10100.00,11000.00,10065.00,11000.00
70352803009101806,20140208,10356.00,10100.00,0,0,0.00,0.00,0.00,10356.00,0.00
70352803009101806,20140209,9727.00,9700.00,19,82890,806268900.00,9500.00,10200.00,10356.00,9700.00
70352803009101806,20140210,10248.00,10000.00,12,61802,633360400.00,9510.00,11500.00,9727.00,11500.00
70352803009101806,20140212,10248.00,10000.00,0,0,0.00,0.00,0.00,10248.00,0.00
70352803009101806,20140215,10248.00,10000.00,0,0,0.00,0.00,0.00,10248.00,0.00
70352803009101806,20140216,9338.00,9000.00,18,110600,1032804000.00,8100.00,10200.00,10248.00,10200.00
70352803009101806,20140217,9102.00,9500.00,2,503,4578500.00,9000.00,9500.00,9338.00,9000.00
70352803009101806,20140218,8985.00,8800.00,17,43620,391926000.00,8600.00,9100.00,9102.00,8600.00
70352803009101806,20140219,8985.00,8800.00,0,0,0.00,0.00,0.00,8985.00,0.00
70352803009101806,20140222,9093.00,11500.00,32,131858,1198998500.00,8110.00,11500.00,8985.00,9000.00
70352803009101806,20140223,9093.00,11500.00,0,0,0.00,0.00,0.00,9093.00,0.00
70352803009101806,20140224,9093.00,11500.00,0,0,0.00,0.00,0.00,9093.00,0.00
70352803009101806,20140225,8670.00,8590.00,21,122040,1058102000.00,8500.00,9093.00,9093.00,8990.00
70352803009101806,20140226,8670.00,8590.00,0,0,0.00,0.00,0.00,8670.00,0.00
70352803009101806,20140301,8501.00,8500.00,3,30000,255031000.00,8500.00,8531.00,8670.00,8500.00
70352803009101806,20140302,8633.00,9000.00,9,45600,393666600.00,8500.00,9000.00,8501.00,8500.00
70352803009101806,20140303,8633.00,9000.00,0,0,0.00,0.00,0.00,8633.00,0.00
70352803009101806,20140304,8855.00,8540.00,4,33920,300372160.00,8500.00,9000.00,8633.00,9000.00
70352803009101806,20140305,8739.00,9000.00,24,216223,1889665500.00,8500.00,9000.00,8855.00,8500.00
70352803009101806,20140308,8732.00,8970.00,9,72700,634824600.00,8300.00,8970.00,8739.00,8600.00
70352803009101806,20140309,8728.00,8600.00,6,19100,166713000.00,8600.00,8990.00,8732.00,8630.00
70352803009101806,20140310,8643.00,8500.00,10,61275,529602500.00,8500.00,8980.00,8728.00,8900.00
70352803009101806,20140311,8576.00,8600.00,13,78090,669667400.00,8500.00,8700.00,8643.00,8700.00
70352803009101806,20140312,8579.00,8600.00,4,50800,435810000.00,8500.00,8600.00,8576.00,8501.00
70352803009101806,20140315,8500.00,8500.00,22,91650,779026000.00,8500.00,8501.00,8579.00,8500.00
70352803009101806,20140316,8402.00,8300.00,23,117512,987355000.00,8150.00,8710.00,8500.00,8150.00
70352803009101806,20140317,8071.00,8000.00,15,83168,671267000.00,8000.00,8500.00,8402.00,8200.00
70352803009101806,20140318,8150.00,8150.00,1,10000,81500000.00,8150.00,8150.00,8071.00,8150.00
70352803009101806,20140319,8118.00,8030.00,17,248112,2014194800.00,8000.00,8500.00,8150.00,8100.00
70352803009101806,20140325,8776.00,8500.00,8,52985,464986500.00,8500.00,8910.00,8118.00,8910.00
70352803009101806,20140326,8776.00,8500.00,0,0,0.00,0.00,0.00,8776.00,0.00
70352803009101806,20140329,8968.00,8999.00,7,64200,575774000.00,8700.00,8999.00,8776.00,8700.00
70352803009101806,20140330,8968.00,8999.00,0,0,0.00,0.00,0.00,8968.00,0.00
70352803009101806,20140331,8968.00,8999.00,0,0,0.00,0.00,0.00,8968.00,0.00
70352803009101806,20140405,8948.00,8999.00,11,56500,505585000.00,8710.00,9000.00,8968.00,8999.00
70352803009101806,20140406,8948.00,8999.00,0,0,0.00,0.00,0.00,8948.00,0.00
70352803009101806,20140407,8858.00,8780.00,11,28135,249211600.00,8760.00,8980.00,8948.00,8900.00
70352803009101806,20140408,8812.00,9000.00,12,18450,162579700.00,8760.00,9000.00,8858.00,8760.00
70352803009101806,20140409,8541.00,8800.00,6,137179,1171593100.00,8500.00,8900.00,8812.00,8900.00
70352803009101806,20140412,8716.00,8762.00,3,2715,23663700.00,8700.00,8762.00,8541.00,8700.00
70352803009101806,20140413,8716.00,8762.00,0,0,0.00,0.00,0.00,8716.00,0.00
70352803009101806,20140414,8381.00,8800.00,17,97510,817204580.00,8200.00,8800.00,8716.00,8749.00
70352803009101806,20140415,8427.00,8749.00,4,6380,53765620.00,8323.00,8749.00,8381.00,8400.00
70352803009101806,20140416,8430.00,8200.00,12,158500,1336162700.00,8200.00,8800.00,8427.00,8321.00
70352803009101806,20140419,8638.00,8400.00,4,50500,436200000.00,8400.00,8700.00,8430.00,8700.00
70352803009101806,20140420,8749.00,8749.00,1,820,7174180.00,8749.00,8749.00,8638.00,8749.00
70352803009101806,20140421,8549.00,8000.00,21,226414,1935620689.00,8000.00,8800.00,8749.00,8695.00
70352803009101806,20140422,8650.00,8650.00,5,450,3892500.00,8650.00,8650.00,8549.00,8650.00
70352803009101806,20140423,8650.00,8650.00,3,1575,13623750.00,8650.00,8650.00,8650.00,8650.00
70352803009101806,20140426,8654.00,8650.00,19,66475,575306250.00,8650.00,8700.00,8650.00,8650.00
70352803009101806,20140427,8885.00,10000.00,21,98743,877326100.00,8650.00,10000.00,8654.00,8700.00
70352803009101806,20140428,8902.00,9450.00,29,182525,1624760725.00,8650.00,9500.00,8885.00,8650.00
70352803009101806,20140429,9711.00,9990.00,37,147827,1435479936.00,8650.00,10600.00,8902.00,10000.00
70352803009101806,20140430,9932.00,10500.00,10,33240,330136000.00,9000.00,11500.00,9711.00,11500.00
70352803009101806,20140503,10123.00,10000.00,42,191859,1942269000.00,9500.00,11000.00,9932.00,9990.00
70352803009101806,20140504,10317.00,10000.00,22,67300,694310950.00,9988.00,10550.00,10123.00,10000.00
70352803009101806,20140505,10128.00,11100.00,8,16520,167317000.00,9999.00,11100.00,10317.00,10000.00
70352803009101806,20140506,10005.00,10400.00,11,63149,631811950.00,10000.00,10550.00,10128.00,10550.00
70352803009101806,20140507,10320.00,11400.00,7,8030,82870000.00,9950.00,11400.00,10005.00,10000.00
70352803009101806,20140510,10409.00,10400.00,29,115798,1205304070.00,10000.00,12000.00,10320.00,10400.00
70352803009101806,20140511,10799.00,10850.00,23,22183,239561600.00,10000.00,11700.00,10409.00,10850.00
70352803009101806,20140512,10417.00,9910.00,40,216059,2250672700.00,9910.00,11700.00,10799.00,10500.00
70352803009101806,20140514,10940.00,11990.00,12,37570,411032900.00,10201.00,11990.00,10417.00,11050.00
70352803009101806,20140517,10800.00,10800.00,1,15000,162000000.00,10800.00,10800.00,10940.00,10800.00
70352803009101806,20140518,10677.00,10690.00,39,221504,2364984920.00,10500.00,10989.00,10800.00,10900.00
70352803009101806,20140519,10821.00,10990.00,15,27530,297910950.00,10500.00,10990.00,10677.00,10707.00
70352803009101806,20140520,10736.00,10500.00,6,58000,622670000.00,10500.00,11000.00,10821.00,10910.00
70352803009101806,20140521,10178.00,10230.00,51,531197,5406767287.00,10000.00,11800.00,10736.00,10900.00
70352803009101806,20140524,10637.00,10700.00,37,208601,2218787090.00,10197.00,11000.00,10178.00,10197.00
70352803009101806,20140525,10637.00,10700.00,0,0,0.00,0.00,0.00,10637.00,0.00
70352803009101806,20140526,11088.00,11100.00,49,381636,4231735918.00,10300.00,11700.00,10637.00,10728.00
70352803009101806,20140528,11000.00,11000.00,1,5000,55000000.00,11000.00,11000.00,11088.00,11000.00
70352803009101806,20140531,11014.00,11640.00,51,325976,3590387199.00,10801.00,11980.00,11000.00,11000.00
70352803009101806,20140601,11495.00,11700.00,27,296389,3407054100.00,10904.00,11790.00,11014.00,10907.00
70352803009101806,20140602,11516.00,11500.00,20,114898,1323167664.00,11062.00,12000.00,11495.00,11500.00
70352803009101806,20140603,11340.00,11500.00,15,94000,1065978000.00,11000.00,11500.00,11516.00,11500.00
70352803009101806,20140607,11558.00,11500.00,56,190600,2202862700.00,11100.00,11720.00,11340.00,11500.00
70352803009101806,20140608,11886.00,11950.00,46,176530,2098276600.00,11500.00,12000.00,11558.00,11511.00
70352803009101806,20140609,11777.00,11999.00,27,128566,1514139315.00,11500.00,12000.00,11886.00,11900.00
70352803009101806,20140610,12000.00,11999.00,2,4000,47999000.00,11999.00,12000.00,11777.00,12000.00
70352803009101806,20140611,11942.00,11990.00,20,64409,769203035.00,11600.00,12100.00,12000.00,11820.00
70352803009101806,20140614,11521.00,11064.00,158,676736,7796865835.00,11000.00,12200.00,11942.00,12000.00
70352803009101806,20140615,11521.00,11064.00,0,0,0.00,0.00,0.00,11521.00,0.00
70352803009101806,20140616,11521.00,11064.00,0,0,0.00,0.00,0.00,11521.00,0.00
70352803009101806,20140617,11521.00,11064.00,0,0,0.00,0.00,0.00,11521.00,0.00
70352803009101806,20140618,11521.00,11064.00,0,0,0.00,0.00,0.00,11521.00,0.00
70352803009101806,20140621,11521.00,11064.00,0,0,0.00,0.00,0.00,11521.00,0.00
70352803009101806,20140622,11521.00,11064.00,0,0,0.00,0.00,0.00,11521.00,0.00
70352803009101806,20140623,11521.00,11064.00,0,0,0.00,0.00,0.00,11521.00,0.00
70352803009101806,20140624,11411.00,11064.00,0,0,0.00,0.00,0.00,11411.00,0.00
70352803009101806,20140625,11411.00,11064.00,0,0,0.00,0.00,0.00,11411.00,0.00
70352803009101806,20140628,11411.00,11064.00,0,0,0.00,0.00,0.00,11411.00,0.00
70352803009101806,20140629,11411.00,11064.00,0,0,0.00,0.00,0.00,11411.00,0.00
70352803009101806,20140630,11411.00,11064.00,0,0,0.00,0.00,0.00,11411.00,0.00
70352803009101806,20140701,11411.00,11064.00,0,0,0.00,0.00,0.00,11411.00,0.00
70352803009101806,20140702,11411.00,11064.00,0,0,0.00,0.00,0.00,11411.00,0.00
70352803009101806,20140705,11411.00,11064.00,0,0,0.00,0.00,0.00,11411.00,0.00
70352803009101806,20140706,11411.00,11064.00,0,0,0.00,0.00,0.00,11411.00,0.00
70352803009101806,20140707,11411.00,11064.00,0,0,0.00,0.00,0.00,11411.00,0.00
70352803009101806,20140708,11411.00,11064.00,0,0,0.00,0.00,0.00,11411.00,0.00
70352803009101806,20140709,11411.00,11064.00,0,0,0.00,0.00,0.00,11411.00,0.00
70352803009101806,20140712,11411.00,11064.00,0,0,0.00,0.00,0.00,11411.00,0.00
70352803009101806,20140713,11411.00,11064.00,0,0,0.00,0.00,0.00,11411.00,0.00
70352803009101806,20140714,11411.00,11064.00,0,0,0.00,0.00,0.00,11411.00,0.00
70352803009101806,20140715,11411.00,11064.00,0,0,0.00,0.00,0.00,11411.00,0.00
70352803009101806,20140716,11411.00,11064.00,0,0,0.00,0.00,0.00,11411.00,0.00
70352803009101806,20140720,11411.00,11064.00,0,0,0.00,0.00,0.00,11411.00,0.00
70352803009101806,20140721,11411.00,11064.00,0,0,0.00,0.00,0.00,11411.00,0.00
70352803009101806,20140722,11411.00,11064.00,0,0,0.00,0.00,0.00,11411.00,0.00
70352803009101806,20140723,11411.00,11064.00,0,0,0.00,0.00,0.00,11411.00,0.00
70352803009101806,20140726,11411.00,11064.00,0,0,0.00,0.00,0.00,11411.00,0.00
70352803009101806,20140727,11411.00,11064.00,0,0,0.00,0.00,0.00,11411.00,0.00
70352803009101806,20140728,11411.00,11064.00,0,0,0.00,0.00,0.00,11411.00,0.00
70352803009101806,20140802,11411.00,11064.00,0,0,0.00,0.00,0.00,11411.00,0.00
70352803009101806,20140803,11411.00,11064.00,0,0,0.00,0.00,0.00,11411.00,0.00
70352803009101806,20140804,11411.00,11064.00,0,0,0.00,0.00,0.00,11411.00,0.00
70352803009101806,20140805,11411.00,11064.00,0,0,0.00,0.00,0.00,11411.00,0.00
70352803009101806,20140806,11411.00,11064.00,0,0,0.00,0.00,0.00,11411.00,0.00
70352803009101806,20140809,5705.00,11064.00,0,0,0.00,0.00,0.00,5705.00,0.00
70352803009101806,20140810,7374.00,6031.00,23,49174,362588204.00,6030.00,7500.00,5705.00,7500.00
70352803009101806,20140811,6031.00,6031.00,5,1901,11464931.00,6031.00,6031.00,7374.00,6031.00
70352803009101806,20140812,6110.00,6062.00,75,263114,1607545168.00,6000.00,7500.00,6031.00,6330.00
70352803009101806,20140813,6298.00,8200.00,22,223570,1408104623.00,6000.00,8200.00,6110.00,6300.00
70352803009101806,20140816,6312.00,6320.00,23,118830,750102900.00,6200.00,6850.00,6298.00,6200.00
70352803009101806,20140817,6134.00,6051.00,25,89996,552068590.00,6051.00,6300.00,6312.00,6250.00
70352803009101806,20140818,6331.00,6200.00,10,46642,295267400.00,6200.00,6490.00,6134.00,6200.00
70352803009101806,20140819,6156.00,6100.00,10,26385,162430365.00,6100.00,6200.00,6331.00,6190.00
70352803009101806,20140820,6227.00,6200.00,30,126855,789873271.00,6100.00,6489.00,6156.00,6180.00
70352803009101806,20140823,6227.00,6200.00,0,0,0.00,0.00,0.00,6227.00,0.00
70352803009101806,20140824,6135.00,6160.00,32,137702,844804026.00,6100.00,6200.00,6227.00,6100.00
70352803009101806,20140825,6116.00,6140.00,14,61485,376072920.00,6072.00,6140.00,6135.00,6140.00
70352803009101806,20140826,6067.00,6010.00,46,274139,1663145328.00,6000.00,6180.00,6116.00,6050.00
70352803009101806,20140827,6012.00,6012.00,5,79595,478485545.00,6000.00,6012.00,6067.00,6011.00
70352803009101806,20140830,6003.00,6000.00,12,64947,389846057.00,6000.00,6015.00,6012.00,6015.00
70352803009101806,20140831,5993.00,5980.00,2,15000,89900000.00,5980.00,6000.00,6003.00,6000.00
70352803009101806,20140901,5988.00,5700.00,16,376805,2256303180.00,5700.00,6012.00,5993.00,6012.00
70352803009101806,20140902,5836.00,5800.00,5,28255,164884100.00,5800.00,5900.00,5988.00,5800.00
70352803009101806,20140903,5678.00,5600.00,22,127602,724525030.00,5600.00,5751.00,5836.00,5699.00
70352803009101806,20140906,5509.00,5500.00,33,264142,1455100960.00,5500.00,6050.00,5678.00,5600.00
70352803009101806,20140907,5211.00,5120.00,15,84664,441208280.00,5120.00,5500.00,5509.00,5500.00
70352803009101806,20140908,5038.00,5002.00,25,85020,428316860.00,5002.00,5120.00,5211.00,5081.00
70352803009101806,20140909,5489.00,5500.00,3,43704,239890480.00,5370.00,5500.00,5038.00,5370.00
70352803009101806,20140910,5272.00,5022.00,11,20116,106048564.00,5022.00,5375.00,5489.00,5370.00
70352803009101806,20140913,5021.00,5000.00,23,106722,535847824.00,5000.00,5300.00,5272.00,5300.00
70352803009101806,20140914,5022.00,5001.00,7,33947,170485850.00,5000.00,5150.00,5021.00,5150.00
70352803009101806,20140915,5022.00,5001.00,0,0,0.00,0.00,0.00,5022.00,0.00
70352803009101806,20140916,4940.00,4910.00,8,34056,168232600.00,4881.00,4999.00,5022.00,4950.00
70352803009101806,20140917,4889.00,4889.00,26,77680,379746850.00,4800.00,4911.00,4940.00,4800.00
70352803009101806,20140920,4626.00,4700.00,7,35030,162043400.00,4600.00,4780.00,4889.00,4600.00
70352803009101806,20140921,4607.00,4601.00,6,44675,205827879.00,4600.00,4680.00,4626.00,4680.00
70352803009101806,20140922,4712.00,4750.00,6,19399,91415220.00,4610.00,4750.00,4607.00,4610.00
70352803009101806,20140923,4829.00,5000.00,13,115240,556523602.00,4750.00,5000.00,4712.00,4750.00
70352803009101806,20140924,5005.00,4750.00,18,71409,357385800.00,4690.00,5098.00,4829.00,5000.00
70352803009101806,20140927,4967.00,4723.00,11,24650,122427200.00,4723.00,5098.00,5005.00,4800.00
70352803009101806,20140928,5095.00,4750.00,11,69200,352542000.00,4750.00,5100.00,4967.00,5098.00
70352803009101806,20140929,5326.00,5100.00,38,182291,970957680.00,5100.00,5500.00,5095.00,5250.00
70352803009101806,20140930,5681.00,5680.00,28,122610,696579800.00,4800.00,5700.00,5326.00,5700.00
70352803009101806,20141001,5547.00,5500.00,19,117145,649848000.00,5400.00,5700.00,5681.00,5680.00
70352803009101806,20141004,5402.00,5400.00,8,58980,318601000.00,5400.00,5500.00,5547.00,5500.00
70352803009101806,20141006,5402.00,5500.00,16,65961,356347540.00,5300.00,5500.00,5402.00,5410.00
70352803009101806,20141007,5676.00,5700.00,20,118180,670847600.00,5598.00,5700.00,5402.00,5598.00
70352803009101806,20141008,5646.00,5699.00,14,16740,94507451.00,5531.00,5700.00,5676.00,5700.00
70352803009101806,20141011,5801.00,5799.00,61,222960,1293336700.00,5701.00,5900.00,5646.00,5900.00
70352803009101806,20141012,6296.00,6660.00,154,406428,2558746500.00,5950.00,6700.00,5801.00,6000.00
70352803009101806,20141014,6782.00,6600.00,167,711563,4825633639.00,6400.00,7300.00,6296.00,6500.00
70352803009101806,20141015,6413.00,6497.00,31,314182,2014871408.00,6100.00,6649.00,6782.00,6500.00
70352803009101806,20141018,6641.00,6900.00,62,305903,2031642740.00,6200.00,6900.00,6413.00,6251.00
70352803009101806,20141019,6847.00,6750.00,25,65456,448192833.00,6700.00,6890.00,6641.00,6890.00
70352803009101806,20141020,6862.00,6751.00,45,255394,1752467367.00,6751.00,7000.00,6847.00,6859.00
70352803009101806,20141021,6828.00,6700.00,19,67626,461771580.00,6700.00,7001.00,6862.00,6950.00
70352803009101806,20141022,6883.00,6900.00,20,54304,373784690.00,6580.00,7050.00,6828.00,6930.00
70352803009101806,20141025,6707.00,6500.00,42,286866,1924065280.00,6500.00,6980.00,6883.00,6980.00
70352803009101806,20141026,6491.00,6400.00,22,125211,812715827.00,6400.00,6650.00,6707.00,6460.00
70352803009101806,20141027,6245.00,6350.00,21,55971,349516225.00,6100.00,6400.00,6491.00,6400.00
70352803009101806,20141028,6132.00,6101.00,21,74737,458255031.00,6100.00,6350.00,6245.00,6350.00
70352803009101806,20141029,6396.00,6470.00,29,170779,1092228800.00,6150.00,6600.00,6132.00,6150.00
70352803009101806,20141101,6718.00,6888.00,26,145832,979716808.00,6400.00,6899.00,6396.00,6470.00
70352803009101806,20141102,6586.00,6440.00,26,99279,653878647.00,6440.00,6899.00,6718.00,6800.00
70352803009101806,20141105,6606.00,6504.00,15,85676,565967742.00,6502.00,6800.00,6586.00,6697.00
70352803009101806,20141108,6505.00,6504.00,13,68172,443440250.00,6502.00,6505.00,6606.00,6503.00
70352803009101806,20141109,6498.00,6490.00,2,6395,41552500.00,6490.00,6500.00,6505.00,6500.00
70352803009101806,20141110,6352.00,6200.00,43,195681,1242915970.00,6200.00,6450.00,6498.00,6450.00
70352803009101806,20141111,6311.00,6398.00,9,67141,423732524.00,6200.00,6398.00,6352.00,6200.00
70352803009101806,20141112,6392.00,6350.00,11,33218,212334762.00,6300.00,6450.00,6311.00,6300.00
70352803009101806,20141115,6081.00,6000.00,53,458196,2786146550.00,6000.00,6400.00,6392.00,6400.00
70352803009101806,20141116,5894.00,6000.00,55,325597,1918986600.00,5600.00,6000.00,6081.00,6000.00
70352803009101806,20141117,5995.00,6073.00,42,151206,906509305.00,5870.00,6154.00,5894.00,6000.00
70352803009101806,20141118,5997.00,5905.00,25,134200,804774735.00,5902.00,6140.00,5995.00,6001.00
70352803009101806,20141119,5945.00,5750.00,24,164598,978518000.00,5750.00,6040.00,5997.00,5900.00
70352803009101806,20141122,5760.00,5710.00,42,141822,816908660.00,5701.00,5950.00,5945.00,5950.00
70352803009101806,20141123,5893.00,5930.00,34,265625,1565251050.00,5700.00,5950.00,5760.00,5700.00
70352803009101806,20141124,6026.00,6040.00,34,272565,1642529642.00,5800.00,6130.00,5893.00,5800.00
70352803009101806,20141125,5810.00,5710.00,45,346270,2011883500.00,5650.00,6041.00,6026.00,6040.00
70352803009101806,20141126,5854.00,6000.00,22,167700,981673538.00,5661.00,6000.00,5810.00,5702.00
70352803009101806,20141129,5751.00,5561.00,25,471000,2708890800.00,5523.00,6050.00,5854.00,5670.00
70352803009101806,20141130,5512.00,5500.00,19,132520,730504700.00,5500.00,5660.00,5751.00,5600.00
70352803009101806,20141201,5479.00,5500.00,8,77480,424533600.00,5420.00,5500.00,5512.00,5450.00
70352803009101806,20141202,5408.00,5300.00,37,273393,1478389300.00,5280.00,5584.00,5479.00,5580.00
70352803009101806,20141203,5493.00,5422.00,10,63186,347089000.00,5410.00,5550.00,5408.00,5500.00
70352803009101806,20141206,5497.00,5490.00,8,116639,641116060.00,5450.00,5580.00,5493.00,5568.00
70352803009101806,20141207,5409.00,5475.00,29,330663,1788412225.00,5400.00,5475.00,5497.00,5450.00
70352803009101806,20141208,5449.00,5500.00,20,203473,1108698850.00,5332.00,5550.00,5409.00,5550.00
70352803009101806,20141209,5609.00,5600.00,16,213490,1197502390.00,5420.00,5680.00,5449.00,5600.00
70352803009101806,20141210,5583.00,5700.00,15,162956,909784933.00,5425.00,5700.00,5609.00,5500.00
70352803009101806,20141214,5771.00,5720.00,26,375362,2166313720.00,5720.00,5800.00,5583.00,5750.00
70352803009101806,20141215,5578.00,5500.00,18,234392,1307408480.00,5500.00,5900.00,5771.00,5900.00
70352803009101806,20141216,5549.00,5501.00,16,82000,455005060.00,5455.00,5700.00,5578.00,5600.00
70352803009101806,20141217,5474.00,5460.00,5,70700,386977000.00,5445.00,5501.00,5549.00,5501.00
70352803009101806,20141220,5456.00,5420.00,20,122140,666351449.00,5420.00,5500.00,5474.00,5451.00
70352803009101806,20141222,5463.00,5600.00,14,50615,276523500.00,5420.00,5600.00,5456.00,5422.00
70352803009101806,20141224,5512.00,5450.00,12,51900,286052100.00,5450.00,5550.00,5463.00,5545.00
70352803009101806,20141227,5506.00,5498.00,7,4879,26865240.00,5498.00,5590.00,5512.00,5590.00
70352803009101806,20141228,5487.00,5585.00,28,267489,1467652057.00,5405.00,5585.00,5506.00,5460.00
70352803009101806,20141229,5445.00,5560.00,14,132150,719575015.00,5400.00,5585.00,5487.00,5570.00
70352803009101806,20141230,5438.00,5479.00,19,122964,668702814.00,5400.00,5545.00,5445.00,5420.00
70352803009101806,20141231,5392.00,5400.00,6,24430,131738670.00,5350.00,5479.00,5438.00,5479.00
70352803009101806,20150103,5286.00,5200.00,31,196602,1039259312.00,5200.00,5351.00,5392.00,5351.00
70352803009101806,20150104,5131.00,5100.00,38,262371,1346144100.00,5100.00,5200.00,5286.00,5200.00
70352803009101806,20150105,5078.00,5070.00,16,92660,470515720.00,5051.00,5100.00,5131.00,5100.00
70352803009101806,20150106,4974.00,4820.00,36,198062,985163460.00,4820.00,5060.00,5078.00,5060.00
70352803009101806,20150107,4787.00,4702.00,35,295200,1413118500.00,4702.00,4830.00,4974.00,4820.00
70352803009101806,20150110,4562.00,4500.00,48,242264,1105199430.00,4500.00,4702.00,4787.00,4702.00
70352803009101806,20150111,4427.00,4499.00,36,202970,898636870.00,4350.00,4550.00,4562.00,4550.00
70352803009101806,20150112,4555.00,4899.00,16,90958,414338692.00,4401.00,4899.00,4427.00,4499.00
70352803009101806,20150113,4943.00,4920.00,38,169022,835449210.00,4750.00,5099.00,4555.00,5000.00
70352803009101806,20150114,4935.00,4901.00,15,132039,651599950.00,4900.00,5180.00,4943.00,4920.00
70352803009101806,20150117,4838.00,4900.00,14,95549,462266100.00,4750.00,4910.00,4935.00,4901.00
70352803009101806,20150118,4624.00,4570.00,24,141714,655354260.00,4570.00,4755.00,4838.00,4751.00
70352803009101806,20150119,4561.00,4550.00,17,42383,193310960.00,4550.00,4570.00,4624.00,4570.00
70352803009101806,20150120,4506.00,4410.00,17,68517,308719694.00,4410.00,4530.00,4561.00,4520.00
70352803009101806,20150121,4278.00,4220.00,38,326875,1398311191.00,4200.00,4550.00,4506.00,4410.00
70352803009101806,20150124,4156.00,4280.00,14,156846,651911800.00,4100.00,4380.00,4278.00,4379.00
70352803009101806,20150125,4260.00,4370.00,17,77014,328088400.00,4227.00,4370.00,4156.00,4230.00
70352803009101806,20150126,4249.00,4330.00,9,139863,594330560.00,4230.00,4370.00,4260.00,4370.00
70352803009101806,20150127,4280.00,4300.00,25,166927,714423100.00,4221.00,4340.00,4249.00,4330.00
70352803009101806,20150128,4472.00,4720.00,14,132000,590338000.00,4300.00,4720.00,4280.00,4300.00
70352803009101806,20150131,4729.00,4770.00,13,41186,194783720.00,4720.00,4779.00,4472.00,4720.00
70352803009101806,20150201,4669.00,4729.00,14,147600,689075150.00,4660.00,4790.00,4729.00,4790.00
70352803009101806,20150202,4722.00,4800.00,11,106157,501319485.00,4685.00,4818.00,4669.00,4728.00
70352803009101806,20150203,4764.00,4800.00,10,25414,121068430.00,4700.00,4810.00,4722.00,4703.00
70352803009101806,20150204,4862.00,4988.00,13,45560,221535000.00,4800.00,4995.00,4764.00,4800.00
70352803009101806,20150207,5043.00,5180.00,42,304907,1537691982.00,4900.00,5180.00,4862.00,4990.00
70352803009101806,20150208,5028.00,5000.00,27,145800,733130900.00,5000.00,5080.00,5043.00,5080.00
70352803009101806,20150209,4977.00,4750.00,20,132174,657882242.00,4750.00,5090.00,5028.00,5080.00
70352803009101806,20150210,4743.00,4700.00,13,100644,477328700.00,4620.00,4761.00,4977.00,4731.00
70352803009101806,20150214,4647.00,4720.00,14,77047,358046000.00,4622.00,4720.00,4743.00,4700.00
70352803009101806,20150215,4612.00,4571.00,17,69450,320282799.00,4551.00,4938.00,4647.00,4720.00
70352803009101806,20150216,4601.00,4600.00,18,249000,1145675000.00,4600.00,4650.00,4612.00,4600.00
70352803009101806,20150217,4646.00,4650.00,8,49760,231176500.00,4580.00,4700.00,4601.00,4600.00
70352803009101806,20150218,4565.00,4500.00,19,61055,278730704.00,4500.00,4654.00,4646.00,4650.00
70352803009101806,20150221,4571.00,4550.00,4,23139,105772450.00,4520.00,4630.00,4565.00,4630.00
70352803009101806,20150222,4532.00,4510.00,10,24500,111038830.00,4510.00,4590.00,4571.00,4550.00
70352803009101806,20150223,4513.00,4529.00,8,36261,163655720.00,4500.00,4540.00,4532.00,4521.00
70352803009101806,20150224,4469.00,4450.00,8,53865,240731200.00,4450.00,4481.00,4513.00,4450.00
70352803009101806,20150225,4404.00,4406.00,7,78330,344989800.00,4400.00,4460.00,4469.00,4451.00
70352803009101806,20150228,4448.00,4450.00,10,70695,314430000.00,4400.00,4460.00,4404.00,4406.00
70352803009101806,20150301,4417.00,4460.00,20,62861,277645980.00,4391.00,4460.00,4448.00,4450.00
70352803009101806,20150302,4408.00,4400.00,14,129482,570819800.00,4400.00,4460.00,4417.00,4460.00
70352803009101806,20150303,4436.00,4400.00,17,242527,1075928800.00,4400.00,4450.00,4408.00,4400.00
70352803009101806,20150304,4480.00,4426.00,18,114103,511158880.00,4383.00,4580.00,4436.00,4478.00
70352803009101806,20150307,4459.00,4477.00,7,81063,361458300.00,4450.00,4550.00,4480.00,4450.00
70352803009101806,20150308,4496.00,4510.00,12,77500,348447000.00,4475.00,4520.00,4459.00,4475.00
70352803009101806,20150309,4457.00,4400.00,25,167762,747752593.00,4400.00,4550.00,4496.00,4490.00
70352803009101806,20150310,4431.00,4450.00,16,128100,567601380.00,4400.00,4452.00,4457.00,4450.00
70352803009101806,20150311,4860.00,5000.00,57,658266,3199499362.00,4400.00,5100.00,4431.00,4401.00
70352803009101806,20150314,5658.00,5800.00,90,890845,5040637700.00,5060.00,6050.00,4860.00,5120.00
70352803009101806,20150315,5686.00,5471.00,16,29813,169519428.00,5470.00,5840.00,5658.00,5700.00
70352803009101806,20150316,5897.00,5928.00,53,476094,2807631757.00,5471.00,6050.00,5686.00,5600.00
70352803009101806,20150317,5804.00,5540.00,16,72371,420059595.00,5540.00,5925.00,5897.00,5925.00
70352803009101806,20150318,5991.00,5940.00,22,341990,2048760980.00,5799.00,6097.00,5804.00,6097.00
70352803009101806,20150325,5939.00,5939.00,1,1000,5939000.00,5939.00,5939.00,5991.00,5939.00
70352803009101806,20150328,5914.00,6130.00,18,60958,360528310.00,5740.00,6130.00,5939.00,5940.00
70352803009101806,20150329,6163.00,6310.00,28,97182,598934366.00,6000.00,6310.00,5914.00,6000.00
70352803009101806,20150330,6117.00,6100.00,21,74647,456636700.00,6000.00,6400.00,6163.00,6310.00
70352803009101806,20150331,5997.00,5970.00,15,60430,362415000.00,5970.00,6200.00,6117.00,6000.00
70352803009101806,20150404,6682.00,6500.00,68,732085,4891876655.00,6188.00,7800.00,5997.00,6188.00
70352803009101806,20150405,7076.00,7800.00,153,519101,3673361496.00,6395.00,8000.00,6682.00,6480.00
70352803009101806,20150406,6986.00,7000.00,43,181591,1268664900.00,6800.00,7200.00,7076.00,6900.00
70352803009101806,20150407,6796.00,6750.00,21,59287,402904610.00,6701.00,7000.00,6986.00,6980.00
70352803009101806,20150408,6788.00,6900.00,24,118362,803474890.00,6701.00,7000.00,6796.00,6850.00
70352803009101806,20150411,6849.00,7150.00,37,298308,2042997280.00,6700.00,7150.00,6788.00,6970.00
70352803009101806,20150412,6574.00,6500.00,33,191910,1261623410.00,6500.00,6710.00,6849.00,6701.00
70352803009101806,20150413,6443.00,6390.00,15,19964,128629150.00,6300.00,6500.00,6574.00,6500.00
70352803009101806,20150414,6221.00,6200.00,17,152209,946871600.00,6200.00,6400.00,6443.00,6400.00
70352803009101806,20150415,6326.00,6300.00,16,131600,832472700.00,6277.00,6350.00,6221.00,6300.00
70352803009101806,20150418,6263.00,6390.00,7,42779,267912810.00,6240.00,6400.00,6326.00,6300.00
70352803009101806,20150419,6336.00,6250.00,8,19585,124084750.00,6250.00,6389.00,6263.00,6389.00
70352803009101806,20150420,6174.00,6120.00,15,90033,555880243.00,6100.00,6250.00,6336.00,6200.00
70352803009101806,20150421,6032.00,5990.00,15,109728,661857360.00,5990.00,6120.00,6174.00,6100.00
70352803009101806,20150422,5987.00,6036.00,6,53000,317285000.00,5910.00,6036.00,6032.00,5991.00
70352803009101806,20150425,6005.00,6000.00,14,106654,640483320.00,6000.00,6100.00,5987.00,6036.00
70352803009101806,20150426,5998.00,5923.00,11,48738,292311730.00,5923.00,6000.00,6005.00,6000.00
70352803009101806,20150427,5928.00,5925.00,9,36560,216711430.00,5808.00,6000.00,5998.00,5808.00
70352803009101806,20150428,5915.00,5900.00,9,91010,538283700.00,5900.00,5930.00,5928.00,5930.00
70352803009101806,20150429,5917.00,5950.00,14,92051,544635420.00,5900.00,6000.00,5915.00,5900.00
70352803009101806,20150503,5853.00,5800.00,17,83195,486918730.00,5800.00,5950.00,5917.00,5950.00
70352803009101806,20150504,5716.00,5700.00,22,87091,497769700.00,5700.00,5800.00,5853.00,5800.00
70352803009101806,20150505,5519.00,5524.00,9,36476,201293600.00,5507.00,5600.00,5716.00,5600.00
70352803009101806,20150506,5627.00,5690.00,13,128457,722824268.00,5524.00,5690.00,5519.00,5530.00
70352803009101806,20150509,5550.00,5551.00,2,10500,58275500.00,5550.00,5551.00,5627.00,5550.00
70352803009101806,20150510,5540.00,5600.00,20,71818,397859932.00,5500.00,5600.00,5550.00,5551.00
70352803009101806,20150511,5532.00,5690.00,20,154052,852198159.00,5410.00,5690.00,5540.00,5501.00
70352803009101806,20150512,5650.00,5600.00,8,85176,481242048.00,5600.00,5700.00,5532.00,5700.00
70352803009101806,20150513,5661.00,5650.00,18,121953,690342940.00,5600.00,5680.00,5650.00,5600.00
70352803009101806,20150517,5534.00,5433.00,13,107076,592581753.00,5433.00,5660.00,5661.00,5600.00
70352803009101806,20150518,5425.00,5450.00,10,85450,463553298.00,5412.00,5450.00,5534.00,5433.00
70352803009101806,20150519,5654.00,5769.00,25,198744,1123632490.00,5450.00,5769.00,5425.00,5450.00
70352803009101806,20150520,5620.00,5769.00,3,47303,265853530.00,5600.00,5769.00,5654.00,5600.00
70352803009101806,20150523,5613.00,5500.00,20,50870,285547853.00,5500.00,5789.00,5620.00,5652.00
70352803009101806,20150524,5425.00,5400.00,19,190253,1032119200.00,5400.00,5601.00,5613.00,5600.00
70352803009101806,20150525,5402.00,5400.00,31,200065,1080711381.00,5315.00,5410.00,5425.00,5400.00
70352803009101806,20150526,5328.00,5302.00,13,40290,214680410.00,5302.00,5400.00,5402.00,5400.00
70352803009101806,20150527,5307.00,5300.00,18,63310,335979220.00,5300.00,5390.00,5328.00,5350.00
70352803009101806,20150530,5362.00,5400.00,13,212877,1141391354.00,5300.00,5400.00,5307.00,5300.00
70352803009101806,20150531,5372.00,5498.00,14,39979,214770215.00,5251.00,5500.00,5362.00,5410.00
70352803009101806,20150601,5462.00,5500.00,14,121633,664341724.00,5300.00,5500.00,5372.00,5360.00
70352803009101806,20150602,5500.00,5500.00,17,51319,282244489.00,5489.00,5500.00,5462.00,5500.00
70352803009101806,20150606,5431.00,5403.00,17,105000,570278979.00,5400.00,5501.00,5500.00,5501.00
70352803009101806,20150607,5401.00,5400.00,6,49806,269010914.00,5400.00,5555.00,5431.00,5555.00
70352803009101806,20150608,5383.00,5300.00,17,131452,707655162.00,5300.00,5410.00,5401.00,5410.00
70352803009101806,20150609,5243.00,5200.00,21,182001,954156161.00,5200.00,5280.00,5383.00,5210.00
70352803009101806,20150610,5094.00,5220.00,11,86318,439745858.00,5050.00,5220.00,5243.00,5200.00
70352803009101806,20150613,5215.00,5180.00,16,37549,195800260.00,5180.00,5300.00,5094.00,5211.00
70352803009101806,20150614,5167.00,5179.00,19,117086,604938619.00,5100.00,5300.00,5215.00,5100.00
70352803009101806,20150615,5032.00,5100.00,17,103021,518398900.00,5000.00,5169.00,5167.00,5050.00
70352803009101806,20150616,5122.00,5166.00,16,52500,268913771.00,5000.00,5167.00,5032.00,5000.00
70352803009101806,20150617,5370.00,5300.00,30,123663,664028340.00,5170.00,5500.00,5122.00,5170.00
70352803009101806,20150620,5438.00,5406.00,15,152917,831554873.00,5390.00,5500.00,5370.00,5400.00
70352803009101806,20150621,5416.00,5400.00,16,117128,634410580.00,5390.00,5549.00,5438.00,5406.00
70352803009101806,20150622,5426.00,5402.00,13,22312,121059400.00,5400.00,5488.00,5416.00,5400.00
70352803009101806,20150623,5480.00,5544.00,12,63388,347397642.00,5410.00,5544.00,5426.00,5410.00
70352803009101806,20150624,5397.00,5560.00,19,269472,1454213256.00,5200.00,5590.00,5480.00,5440.00
70352803009101806,20150627,5527.00,5574.00,8,49404,273041700.00,5451.00,5577.00,5397.00,5577.00
70352803009101806,20150628,5575.00,5514.00,19,203614,1135208522.00,5510.00,5600.00,5527.00,5577.00
70352803009101806,20150629,5513.00,5555.00,5,37665,207643835.00,5500.00,5569.00,5575.00,5569.00
70352803009101806,20150630,5761.00,5800.00,36,226094,1302632034.00,5545.00,5998.00,5513.00,5555.00
70352803009101806,20150701,5956.00,5900.00,18,189700,1129845990.00,5900.00,6060.00,5761.00,5980.00
70352803009101806,20150704,6177.00,6251.00,64,517303,3195637075.00,5900.00,6500.00,5956.00,5900.00
70352803009101806,20150705,6309.00,6251.00,29,214670,1354432052.00,5890.00,6500.00,6177.00,6251.00
70352803009101806,20150706,6251.00,6309.00,24,141180,882550597.00,6141.00,6310.00,6309.00,6310.00
70352803009101806,20150707,6385.00,6355.00,27,298870,1908370250.00,6000.00,6500.00,6251.00,6310.00
70352803009101806,20150711,6206.00,6480.00,55,404208,2508330560.00,6020.00,6699.00,6385.00,6410.00
70352803009101806,20150712,6333.00,6405.00,32,99364,629274501.00,6200.00,6489.00,6206.00,6480.00
70352803009101806,20150713,6663.00,6979.00,66,411206,2740048930.00,6400.00,6979.00,6333.00,6440.00
70352803009101806,20150714,6865.00,6680.00,58,420926,2889486088.00,6680.00,6988.00,6663.00,6700.00
70352803009101806,20150715,6741.00,6409.00,89,671872,4529251750.00,6350.00,7000.00,6865.00,6799.00
70352803009101806,20150719,6741.00,6409.00,0,0,0.00,0.00,0.00,6741.00,0.00
70352803009101806,20150720,6741.00,6409.00,0,0,0.00,0.00,0.00,6741.00,0.00
70352803009101806,20150721,6741.00,6409.00,0,0,0.00,0.00,0.00,6741.00,0.00
70352803009101806,20150722,6741.00,6409.00,0,0,0.00,0.00,0.00,6741.00,0.00
70352803009101806,20150725,6741.00,6409.00,0,0,0.00,0.00,0.00,6741.00,0.00
70352803009101806,20150726,6741.00,6409.00,0,0,0.00,0.00,0.00,6741.00,0.00
70352803009101806,20150727,6741.00,6409.00,0,0,0.00,0.00,0.00,6741.00,0.00
70352803009101806,20150728,6741.00,6409.00,0,0,0.00,0.00,0.00,6741.00,0.00
70352803009101806,20150729,6741.00,6409.00,0,0,0.00,0.00,0.00,6741.00,0.00
70352803009101806,20150801,6641.00,6409.00,0,0,0.00,0.00,0.00,6641.00,0.00
70352803009101806,20150802,6641.00,6409.00,0,0,0.00,0.00,0.00,6641.00,0.00
70352803009101806,20150803,6641.00,6409.00,0,0,0.00,0.00,0.00,6641.00,0.00
70352803009101806,20150804,6641.00,6409.00,0,0,0.00,0.00,0.00,6641.00,0.00
70352803009101806,20150805,6641.00,6409.00,0,0,0.00,0.00,0.00,6641.00,0.00
70352803009101806,20150808,6641.00,6409.00,0,0,0.00,0.00,0.00,6641.00,0.00
70352803009101806,20150809,6641.00,6409.00,0,0,0.00,0.00,0.00,6641.00,0.00
70352803009101806,20150810,6641.00,6409.00,0,0,0.00,0.00,0.00,6641.00,0.00
70352803009101806,20150812,6641.00,6409.00,0,0,0.00,0.00,0.00,6641.00,0.00
70352803009101806,20150815,6641.00,6409.00,0,0,0.00,0.00,0.00,6641.00,0.00
70352803009101806,20150816,6641.00,6409.00,0,0,0.00,0.00,0.00,6641.00,0.00
70352803009101806,20150817,6641.00,6409.00,0,0,0.00,0.00,0.00,6641.00,0.00
70352803009101806,20150818,6641.00,6409.00,0,0,0.00,0.00,0.00,6641.00,0.00
70352803009101806,20150819,6641.00,6409.00,0,0,0.00,0.00,0.00,6641.00,0.00
70352803009101806,20150822,6641.00,6409.00,0,0,0.00,0.00,0.00,6641.00,0.00
70352803009101806,20150823,5433.00,6409.00,0,0,0.00,0.00,0.00,5433.00,0.00
70352803009101806,20150824,5433.00,6409.00,0,0,0.00,0.00,0.00,5433.00,0.00
70352803009101806,20150825,5433.00,6409.00,0,0,0.00,0.00,0.00,5433.00,0.00
70352803009101806,20150826,5433.00,6409.00,0,0,0.00,0.00,0.00,5433.00,0.00
70352803009101806,20150829,5433.00,6409.00,0,0,0.00,0.00,0.00,5433.00,0.00
70352803009101806,20150830,5433.00,6409.00,0,0,0.00,0.00,0.00,5433.00,0.00
70352803009101806,20150831,5000.00,5000.00,10,21630,108150000.00,5000.00,5000.00,5433.00,5000.00
70352803009101806,20150901,4637.00,4500.00,31,129083,598533803.00,4500.00,4949.00,5000.00,4720.00
70352803009101806,20150902,4382.00,4301.00,50,267399,1171850998.00,4220.00,4500.00,4637.00,4500.00
70352803009101806,20150905,4394.00,4261.00,52,260606,1145136706.00,4260.00,4480.00,4382.00,4301.00
70352803009101806,20150906,4254.00,4211.00,26,281674,1198248684.00,4200.00,4400.00,4394.00,4250.00
70352803009101806,20150907,4226.00,4300.00,18,43445,183594484.00,4203.00,4390.00,4254.00,4211.00
70352803009101806,20150908,4255.00,4250.00,36,242923,1033683713.00,4216.00,4340.00,4226.00,4216.00
70352803009101806,20150909,4231.00,4210.00,27,119329,504867366.00,4202.00,4299.00,4255.00,4299.00
70352803009101806,20150912,4228.00,4203.00,57,225490,953352371.00,4200.00,4300.00,4231.00,4210.00
70352803009101806,20150913,4147.00,4100.00,54,320006,1327207379.00,4100.00,4239.00,4228.00,4239.00
70352803009101806,20150914,4116.00,4100.00,36,181547,747233688.00,4060.00,4190.00,4147.00,4190.00
70352803009101806,20150915,4060.00,4050.00,23,108950,442291280.00,4050.00,4070.00,4116.00,4061.00
70352803009101806,20150916,4124.00,4150.00,24,241108,994220480.00,4070.00,4159.00,4060.00,4100.00
70352803009101806,20150919,4103.00,4082.00,15,97000,398002350.00,4082.00,4150.00,4124.00,4150.00
70352803009101806,20150920,4067.00,4060.00,43,389264,1583242070.00,4050.00,4159.00,4103.00,4140.00
70352803009101806,20150921,6445.00,4000.00,117,5179556,33382598877.00,3920.00,6880.00,4067.00,4000.00
70352803009101806,20150922,4284.00,4051.00,72,485760,2081007800.00,3990.00,6050.00,6445.00,4400.00
70352803009101806,20150923,4184.00,4250.00,9,35285,147630000.00,4052.00,4490.00,4284.00,4052.00
70352803009101806,20150926,4194.00,4140.00,30,153712,644697260.00,4140.00,4250.00,4184.00,4250.00
70352803009101806,20150927,4117.00,4190.00,9,21726,89435965.00,4100.00,4199.00,4194.00,4141.00
70352803009101806,20150928,4133.00,4121.00,4,7100,29342500.00,4121.00,4240.00,4117.00,4240.00
70352803009101806,20150929,4116.00,4110.00,13,48638,200199650.00,4110.00,4175.00,4133.00,4160.00
70352803009101806,20150930,4124.00,4120.00,11,43462,179227840.00,4107.00,4185.00,4116.00,4120.00
70352803009101806,20151003,4099.00,4100.00,21,517174,2119918704.00,4055.00,4188.00,4124.00,4188.00
70352803009101806,20151004,4016.00,4000.00,29,198856,798548194.00,4000.00,4072.00,4099.00,4072.00
70352803009101806,20151005,4043.00,4002.00,23,134576,544088685.00,4002.00,4100.00,4016.00,4050.00
70352803009101806,20151006,4055.00,4060.00,11,19873,80594447.00,4006.00,4090.00,4043.00,4006.00
70352803009101806,20151007,4057.00,4000.00,21,284502,1154114159.00,4000.00,4090.00,4055.00,4090.00
70352803009101806,20151010,4011.00,4003.00,24,109080,437513176.00,4000.00,4059.00,4057.00,4002.00
70352803009101806,20151011,4023.00,4001.00,21,207560,835070189.00,4000.00,4050.00,4011.00,4004.00
70352803009101806,20151012,4073.00,4013.00,17,113151,460900315.00,4000.00,4100.00,4023.00,4000.00
70352803009101806,20151013,4053.00,4051.00,8,53318,216086818.00,4021.00,4100.00,4073.00,4100.00
70352803009101806,20151014,4175.00,4120.00,40,182522,762099600.00,4100.00,4220.00,4053.00,4100.00
70352803009101806,20151017,4416.00,4600.00,55,426428,1883175115.00,4200.00,4600.00,4175.00,4200.00
70352803009101806,20151018,4741.00,4669.00,54,271013,1284781890.00,4501.00,4890.00,4416.00,4680.00
70352803009101806,20151019,4529.00,4560.00,17,93555,423735770.00,4471.00,4600.00,4741.00,4552.00
70352803009101806,20151020,4781.00,4790.00,53,1223684,5850197660.00,4423.00,4850.00,4529.00,4480.00
70352803009101806,20151021,4772.00,4580.00,2,46000,219524000.00,4580.00,4781.00,4781.00,4781.00
70352803009101806,20151025,4468.00,4411.00,35,514404,2298234260.00,4350.00,4601.00,4772.00,4580.00
70352803009101806,20151026,4459.00,4480.00,11,134890,601468080.00,4420.00,4499.00,4468.00,4450.00
70352803009101806,20151027,4398.00,4397.00,8,9622,42317600.00,4380.00,4429.00,4459.00,4429.00
70352803009101806,20151028,4327.00,4340.00,7,21600,93462000.00,4300.00,4340.00,4398.00,4340.00
70352803009101806,20151031,4273.00,4230.00,22,96583,412739777.00,4210.00,4387.00,4327.00,4387.00
70352803009101806,20151101,4189.00,4228.00,15,86578,362650940.00,4140.00,4230.00,4273.00,4230.00
70352803009101806,20151102,4137.00,4110.00,15,63028,260733982.00,4110.00,4230.00,4189.00,4160.00
70352803009101806,20151103,4299.00,4299.00,2,2700,11607300.00,4299.00,4299.00,4137.00,4299.00
70352803009101806,20151104,4206.00,4200.00,16,111553,469172600.00,4200.00,4220.00,4299.00,4210.00
70352803009101806,20151107,4146.00,4150.00,18,170465,706718000.00,4112.00,4280.00,4206.00,4200.00
70352803009101806,20151108,4148.00,4150.00,11,69445,288034000.00,4133.00,4200.00,4146.00,4133.00
70352803009101806,20151109,4198.00,4170.00,7,32347,135796150.00,4150.00,4200.00,4148.00,4150.00
70352803009101806,20151110,4149.00,4150.00,11,102233,424169530.00,4140.00,4155.00,4198.00,4155.00
70352803009101806,20151111,4187.00,4200.00,12,64236,268966249.00,4151.00,4200.00,4149.00,4151.00
70352803009101806,20151114,4151.00,4150.00,8,45000,186793500.00,4150.00,4152.00,4187.00,4151.00
70352803009101806,20151115,4128.00,4100.00,44,584447,2412733997.00,4100.00,4154.00,4151.00,4154.00
70352803009101806,20151116,4055.00,4023.00,20,124878,506427274.00,4023.00,4140.00,4128.00,4140.00
70352803009101806,20151117,4055.00,4023.00,0,0,0.00,0.00,0.00,4055.00,0.00
70352803009101806,20151118,4017.00,4010.00,10,45900,184360726.00,4010.00,4070.00,4055.00,4070.00
70352803009101806,20151121,4042.00,4042.00,3,25000,101050000.00,4042.00,4042.00,4017.00,4042.00
70352803009101806,20151122,4058.00,4089.00,19,81110,329133356.00,4042.00,4120.00,4042.00,4050.00
70352803009101806,20151123,4065.00,4043.00,7,34566,140520180.00,4043.00,4070.00,4058.00,4070.00
70352803009101806,20151124,4013.00,4050.00,32,434655,1744225492.00,4000.00,4070.00,4065.00,4060.00
70352803009101806,20151125,4041.00,4050.00,14,115743,467679150.00,4020.00,4050.00,4013.00,4040.00
70352803009101806,20151128,4019.00,4006.00,21,95728,384701015.00,4006.00,4050.00,4041.00,4050.00
70352803009101806,20151129,4016.00,4000.00,29,220148,884160470.00,4000.00,4040.00,4019.00,4020.00
70352803009101806,20151130,4023.00,4003.00,3,2000,8045900.00,4003.00,4030.00,4016.00,4030.00
70352803009101806,20151201,3993.00,4000.00,38,111623,445757932.00,3980.00,4040.00,4023.00,4030.00
70352803009101806,20151205,4016.00,4000.00,23,120433,483626371.00,3980.00,4040.00,3993.00,3981.00
70352803009101806,20151206,4003.00,4010.00,22,103308,413568628.00,3980.00,4030.00,4016.00,4020.00
70352803009101806,20151207,3981.00,3980.00,35,227979,907589106.00,3980.00,3999.00,4003.00,3980.00
70352803009101806,20151208,3951.00,3930.00,20,59638,235615590.00,3930.00,3989.00,3981.00,3980.00
70352803009101806,20151209,3930.00,3910.00,28,125301,492392306.00,3900.00,3970.00,3951.00,3970.00
70352803009101806,20151213,3956.00,3907.00,24,154940,612990307.00,3907.00,3999.00,3930.00,3960.00
70352803009101806,20151214,3907.00,3901.00,21,96142,375615986.00,3900.00,3950.00,3956.00,3950.00
70352803009101806,20151215,3904.00,3969.00,26,102418,399800119.00,3900.00,3969.00,3907.00,3910.00
70352803009101806,20151216,4000.00,4000.00,33,184283,737079534.00,3950.00,4070.00,3904.00,3950.00
70352803009101806,20151219,3934.00,3970.00,20,77773,305968877.00,3906.00,3980.00,4000.00,3980.00
70352803009101806,20151220,3894.00,3854.00,24,82967,323103303.00,3854.00,3914.00,3934.00,3914.00
70352803009101806,20151221,3860.00,3860.00,9,76266,294361710.00,3852.00,3900.00,3894.00,3900.00
70352803009101806,20151222,3873.00,3864.00,6,19966,77337658.00,3863.00,3890.00,3860.00,3890.00
70352803009101806,20151223,3872.00,3910.00,17,168211,651266518.00,3852.00,3910.00,3873.00,3864.00
70352803009101806,20151226,3854.00,3850.00,17,142506,549282807.00,3850.00,3867.00,3872.00,3863.00
70352803009101806,20151227,3962.00,4000.00,15,77993,308970726.00,3870.00,4000.00,3854.00,3899.00
70352803009101806,20151228,4093.00,4100.00,25,928246,3799332473.00,4030.00,4100.00,3962.00,4050.00
70352803009101806,20151230,4121.00,4100.00,20,134278,553386210.00,4100.00,4230.00,4093.00,4100.00
70352803009101806,20160102,4109.00,4110.00,15,97594,400986330.00,4050.00,4130.00,4121.00,4100.00
70352803009101806,20160103,4076.00,4100.00,10,146494,597156240.00,4040.00,4100.00,4109.00,4090.00
70352803009101806,20160104,4034.00,4049.00,31,207395,836534160.00,4015.00,4180.00,4076.00,4050.00
70352803009101806,20160105,4138.00,4200.00,33,248684,1029126454.00,4050.00,4249.00,4034.00,4050.00
70352803009101806,20160106,4283.00,4400.00,32,205826,881499450.00,4200.00,4400.00,4138.00,4200.00
70352803009101806,20160109,4221.00,4290.00,15,191300,807443474.00,4211.00,4290.00,4283.00,4250.00
70352803009101806,20160110,4282.00,4350.00,18,139131,595722530.00,4230.00,4350.00,4221.00,4295.00
70352803009101806,20160111,4441.00,4460.00,44,385668,1712702780.00,4350.00,4500.00,4282.00,4379.00
70352803009101806,20160112,4458.00,4451.00,33,244182,1088583741.00,4400.00,4540.00,4441.00,4462.00
70352803009101806,20160113,4526.00,4598.00,31,530627,2401471565.00,4450.00,4600.00,4458.00,4470.00
70352803009101806,20160116,4748.00,4880.00,60,362029,1718850628.00,4580.00,4880.00,4526.00,4619.00
70352803009101806,20160117,4876.00,4910.00,90,333757,1627277337.00,4560.00,5000.00,4748.00,4862.00
70352803009101806,20160118,4807.00,4600.00,46,525321,2525237563.00,4600.00,4999.00,4876.00,4780.00
70352803009101806,20160119,4941.00,4600.00,35,261357,1291297023.00,4600.00,5000.00,4807.00,4770.00
70352803009101806,20160120,4942.00,4999.00,8,50829,251175090.00,4863.00,4999.00,4941.00,4970.00
70352803009101806,20160123,4895.00,4901.00,53,492911,2412661216.00,4785.00,5042.00,4942.00,4990.00
70352803009101806,20160124,4797.00,4989.00,46,420619,2017665706.00,4400.00,5000.00,4895.00,4999.00
70352803009101806,20160125,4986.00,4996.00,32,557771,2780786684.00,4900.00,5000.00,4797.00,4900.00
70352803009101806,20160126,5067.00,5099.00,43,517925,2624536560.00,5002.00,5100.00,4986.00,5100.00
70352803009101806,20160127,5067.00,5010.00,51,790291,4004651949.00,5002.00,5100.00,5067.00,5051.00
70352803009101806,20160130,5112.00,5200.00,56,693937,3547239943.00,4862.00,5200.00,5067.00,5079.00
70352803009101806,20160131,5063.00,5090.00,45,152628,772810127.00,5012.00,5200.00,5112.00,5102.00
70352803009101806,20160201,5049.00,5030.00,31,429030,2166104032.00,5007.00,5150.00,5063.00,5030.00
70352803009101806,20160202,5003.00,4951.00,30,263703,1319276245.00,4951.00,5030.00,5049.00,5030.00
70352803009101806,20160203,4997.00,4952.00,36,439149,2194243102.00,4901.00,5030.00,5003.00,4901.00
70352803009101806,20160206,4984.00,5000.00,39,424359,2115105266.00,4920.00,5040.00,4997.00,4952.00
70352803009101806,20160207,5014.00,5050.00,55,560041,2808070796.00,4950.00,5080.00,4984.00,5030.00
70352803009101806,20160208,5073.00,5000.00,42,526500,2670959094.00,5000.00,5120.00,5014.00,5000.00
70352803009101806,20160209,5155.00,5122.00,64,498424,2569217909.00,5000.00,5200.00,5073.00,5000.00
70352803009101806,20160210,5173.00,5200.00,17,136532,706327594.00,5119.00,5200.00,5155.00,5121.00
70352803009101806,20160213,5138.00,5110.00,56,533522,2741165739.00,5070.00,5250.00,5173.00,5199.00
70352803009101806,20160214,5108.00,5100.00,46,553641,2827802750.00,5050.00,5199.00,5138.00,5052.00
70352803009101806,20160215,5087.00,5060.00,21,111937,569376680.00,5050.00,5110.00,5108.00,5053.00
70352803009101806,20160216,5114.00,5103.00,29,286204,1463601368.00,5060.00,5160.00,5087.00,5100.00
70352803009101806,20160217,5178.00,5180.00,58,598017,3096696491.00,5085.00,5200.00,5114.00,5100.00
70352803009101806,20160220,5121.00,5104.00,43,377895,1935312551.00,5103.00,5200.00,5178.00,5140.00
70352803009101806,20160221,5110.00,5200.00,35,398657,2037095011.00,5100.00,5200.00,5121.00,5110.00
70352803009101806,20160222,5234.00,5250.00,50,468669,2453037550.00,5110.00,5350.00,5110.00,5110.00
70352803009101806,20160223,5262.00,5400.00,23,426139,2242359300.00,5160.00,5400.00,5234.00,5160.00
70352803009101806,20160224,5289.00,5253.00,34,442326,2339617316.00,5200.00,5480.00,5262.00,5200.00
70352803009101806,20160227,5433.00,5460.00,12,94468,513205340.00,5280.00,5460.00,5289.00,5460.00
70352803009101806,20160228,5468.00,5400.00,28,245553,1342624780.00,5400.00,5649.00,5433.00,5462.00
70352803009101806,20160229,5893.00,6000.00,53,728190,4290866689.00,5556.00,6000.00,5468.00,5600.00
70352803009101806,20160301,6112.00,6150.00,62,641497,3920866585.00,5648.00,6300.00,5893.00,5890.00
70352803009101806,20160302,6311.00,6320.00,45,319663,2017508270.00,6200.00,6450.00,6112.00,6200.00
70352803009101806,20160305,6478.00,6500.00,15,54733,354574474.00,6351.00,6500.00,6311.00,6351.00
70352803009101806,20160306,6241.00,6900.00,64,1093997,6827498075.00,5900.00,6995.00,6478.00,6798.00
70352803009101806,20160307,6957.00,6800.00,56,364402,2535305516.00,6800.00,7000.00,6241.00,6850.00
70352803009101806,20160308,6902.00,6920.00,55,489918,3381521922.00,6767.00,6990.00,6957.00,6966.00
70352803009101806,20160309,6796.00,6800.00,50,471940,3207200221.00,6711.00,6900.00,6902.00,6899.00
70352803009101806,20160312,6730.00,6730.00,24,68932,463899672.00,6700.00,6800.00,6796.00,6800.00
70352803009101806,20160314,6788.00,6840.00,32,557574,3784748028.00,6700.00,6887.00,6730.00,6848.00
70352803009101806,20160315,6728.00,6700.00,12,50950,342786161.00,6670.00,6840.00,6788.00,6840.00
70352803009101806,20160316,6632.00,6630.00,37,256954,1704050965.00,6555.00,6800.00,6728.00,6660.00
70352803009101806,20160326,6800.00,6800.00,1,200,1360000.00,6800.00,6800.00,6632.00,6800.00
70352803009101806,20160327,6640.00,6720.00,19,141268,937980032.00,6612.00,6800.00,6800.00,6800.00
70352803009101806,20160328,6670.00,6720.00,4,59445,396515175.00,6615.00,6720.00,6640.00,6615.00
70352803009101806,20160329,6628.00,6700.00,34,262915,1742533137.00,6563.00,6720.00,6670.00,6661.00
70352803009101806,20160330,6572.00,6690.00,15,96865,636634620.00,6550.00,6700.00,6628.00,6620.00
70352803009101806,20160402,6566.00,6590.00,39,346741,2276723972.00,6500.00,6680.00,6572.00,6610.00
70352803009101806,20160403,6375.00,6310.00,27,323363,2061533245.00,6310.00,6520.00,6566.00,6500.00
70352803009101806,20160404,6340.00,6500.00,12,103360,655352945.00,6300.00,6500.00,6375.00,6300.00
70352803009101806,20160405,6314.00,6300.00,18,166400,1050662340.00,6300.00,6350.00,6340.00,6330.00
70352803009101806,20160406,6308.00,6240.00,35,313988,1980529670.00,6072.00,6570.00,6314.00,6300.00
70352803009101806,20160409,6098.00,6100.00,8,74834,456361340.00,6073.00,6200.00,6308.00,6080.00
70352803009101806,20160410,6022.00,6015.00,23,224952,1354636075.00,6000.00,6072.00,6098.00,6072.00
70352803009101806,20160411,6018.00,6001.00,20,90941,547298090.00,6000.00,6069.00,6022.00,6015.00
70352803009101806,20160412,5962.00,5901.00,18,29197,174076428.00,5901.00,6520.00,6018.00,6001.00
70352803009101806,20160413,5753.00,5700.00,57,610518,3512278434.00,5680.00,5870.00,5962.00,5800.00
70352803009101806,20160416,5550.00,5310.00,29,541904,3007384970.00,5300.00,5702.00,5753.00,5702.00
70352803009101806,20160417,5630.00,5260.00,44,594815,3349007208.00,5210.00,5870.00,5550.00,5300.00
70352803009101806,20160418,5937.00,5990.00,21,250219,1485536920.00,5550.00,6000.00,5630.00,5600.00
70352803009101806,20160419,6678.00,6300.00,98,1655322,11054592369.00,5989.00,7000.00,5937.00,5990.00
70352803009101806,20160420,6437.00,6500.00,20,359976,2317264280.00,6155.00,6600.00,6678.00,6155.00
70352803009101806,20160423,6909.00,6800.00,78,1406599,9717577396.00,6500.00,7000.00,6437.00,6500.00
70352803009101806,20160424,6855.00,6790.00,16,315229,2160982990.00,6690.00,6890.00,6909.00,6850.00
70352803009101806,20160425,6527.00,6400.00,35,279312,1823030097.00,6370.00,6800.00,6855.00,6790.00
70352803009101806,20160426,6378.00,6371.00,5,16638,106115060.00,6370.00,6500.00,6527.00,6370.00
70352803009101806,20160427,6456.00,6420.00,24,143788,928365308.00,6400.00,6550.00,6378.00,6500.00
70352803009101806,20160430,6418.00,6382.00,19,278478,1787350550.00,6371.00,6550.00,6456.00,6550.00
70352803009101806,20160501,6371.00,6490.00,5,77679,494895530.00,6370.00,6490.00,6418.00,6370.00
70352803009101806,20160502,6286.00,6302.00,24,208882,1312989679.00,6250.00,6380.00,6371.00,6371.00
70352803009101806,20160503,6250.00,6250.00,2,5000,31250000.00,6250.00,6250.00,6286.00,6250.00
70352803009101806,20160504,6061.00,6298.00,56,930111,5637327354.00,5999.00,6400.00,6250.00,6100.00
70352803009101806,20160507,6062.00,6298.00,35,439053,2661508604.00,5930.00,6380.00,6061.00,6200.00
70352803009101806,20160508,6101.00,6120.00,10,78195,477062630.00,6000.00,6120.00,6062.00,6100.00
70352803009101806,20160509,6101.00,6120.00,0,0,0.00,0.00,0.00,6101.00,0.00
70352803009101806,20160510,5914.00,5851.00,36,229999,1360109115.00,5800.00,6150.00,6101.00,5920.00
70352803009101806,20160511,5885.00,5800.00,13,131694,775017600.00,5800.00,5900.00,5914.00,5880.00
70352803009101806,20160514,5908.00,6000.00,9,96933,572639200.00,5815.00,6000.00,5885.00,5815.00
70352803009101806,20160515,5987.00,5998.00,10,135938,813820615.00,5900.00,6000.00,5908.00,5979.00
70352803009101806,20160516,5829.00,5850.00,13,180733,1053581600.00,5800.00,5998.00,5987.00,5998.00
70352803009101806,20160517,5852.00,5900.00,11,167758,981704181.00,5800.00,5900.00,5829.00,5800.00
70352803009101806,20160518,5829.00,5899.00,25,294388,1715944930.00,5760.00,5899.00,5852.00,5895.00
70352803009101806,20160521,5886.00,5810.00,12,112438,661850250.00,5810.00,5900.00,5829.00,5898.00
70352803009101806,20160523,5855.00,5875.00,20,246693,1444466759.00,5800.00,5894.00,5886.00,5894.00
70352803009101806,20160524,5811.00,5800.00,25,135980,790154851.00,5800.00,5850.00,5855.00,5850.00
70352803009101806,20160525,5785.00,5751.00,23,245553,1420412785.00,5750.00,5810.00,5811.00,5760.00
70352803009101806,20160528,5801.00,5800.00,15,199995,1160108299.00,5799.00,5848.00,5785.00,5800.00
70352803009101806,20160529,5797.00,5790.00,11,198784,1152299882.00,5751.00,5800.00,5801.00,5800.00
70352803009101806,20160530,5752.00,5760.00,20,381874,2196582889.00,5710.00,5800.00,5797.00,5752.00
70352803009101806,20160531,5796.00,5720.00,20,375335,2175302750.00,5720.00,5800.00,5752.00,5799.00
70352803009101806,20160601,5821.00,5825.00,29,329788,1919560476.00,5711.00,5870.00,5796.00,5711.00
70352803009101806,20160605,6110.00,6200.00,70,703005,4295106587.00,5890.00,6450.00,5821.00,5890.00
70352803009101806,20160606,6151.00,6190.00,20,71216,438038922.00,6070.00,6250.00,6110.00,6200.00
70352803009101806,20160607,6020.00,6005.00,19,109962,661974679.00,6000.00,6070.00,6151.00,6070.00
70352803009101806,20160608,6003.00,6000.00,26,176974,1062383900.00,6000.00,6096.00,6020.00,6005.00
70352803009101806,20160611,5937.00,5880.00,13,129939,771470900.00,5880.00,5952.00,6003.00,5900.00
70352803009101806,20160612,5937.00,5880.00,0,0,0.00,0.00,0.00,5937.00,0.00
70352803009101806,20160613,5814.00,5840.00,21,190029,1104885712.00,5800.00,5881.00,5937.00,5850.00
70352803009101806,20160614,5801.00,5800.00,11,198241,1150051357.00,5800.00,5850.00,5814.00,5800.00
70352803009101806,20160615,5805.00,5850.00,7,13280,77088260.00,5800.00,5850.00,5801.00,5850.00
70352803009101806,20160618,5773.00,5720.00,17,200841,1159540030.00,5720.00,5890.00,5805.00,5800.00
70352803009101806,20160619,5822.00,5850.00,8,67282,391689634.00,5750.00,5850.00,5773.00,5800.00
70352803009101806,20160620,5819.00,5820.00,6,27888,162287765.00,5810.00,5820.00,5822.00,5820.00
70352803009101806,20160621,5860.00,5800.00,13,76223,446639090.00,5800.00,5890.00,5819.00,5875.00
70352803009101806,20160622,5974.00,5900.00,8,67746,404718450.00,5850.00,5998.00,5860.00,5850.00
70352803009101806,20160625,5859.00,5850.00,15,120488,705944546.00,5831.00,5950.00,5974.00,5950.00
70352803009101806,20160626,5837.00,5900.00,15,48940,285676904.00,5813.00,5900.00,5859.00,5900.00
70352803009101806,20160628,5919.00,5900.00,18,57446,340033866.00,5870.00,5974.00,5837.00,5900.00
70352803009101806,20160629,5856.00,5900.00,11,69921,409482600.00,5820.00,5900.00,5919.00,5850.00
70352803009101806,20160702,5814.00,5800.00,33,177771,1033647132.00,5800.00,5900.00,5856.00,5899.00
70352803009101806,20160703,5843.00,5800.00,11,27656,161592807.00,5800.00,5850.00,5814.00,5830.00
70352803009101806,20160704,5785.00,5790.00,14,49992,289181600.00,5770.00,5800.00,5843.00,5800.00
70352803009101806,20160705,5795.00,5850.00,23,187929,1089012378.00,5740.00,5850.00,5785.00,5781.00
70352803009101806,20160709,5766.00,5751.00,22,133791,771450677.00,5740.00,5990.00,5795.00,5820.00
70352803009101806,20160710,5742.00,5750.00,19,134879,774462431.00,5700.00,5770.00,5766.00,5750.00
70352803009101806,20160711,6468.00,6500.00,83,5279131,34147860494.00,5705.00,6800.00,5742.00,5750.00
70352803009101806,20160712,5960.00,5950.00,9,35844,213645859.00,5923.00,6099.00,6468.00,6000.00
70352803009101806,20160713,6223.00,6190.00,69,1350201,8402331072.00,5920.00,6498.00,5960.00,5950.00
70352803009101806,20160716,6223.00,6190.00,0,0,0.00,0.00,0.00,6223.00,0.00
70352803009101806,20160717,6223.00,6190.00,0,0,0.00,0.00,0.00,6223.00,0.00
70352803009101806,20160718,6223.00,6190.00,0,0,0.00,0.00,0.00,6223.00,0.00
70352803009101806,20160719,6223.00,6190.00,0,0,0.00,0.00,0.00,6223.00,0.00
70352803009101806,20160720,6123.00,6190.00,0,0,0.00,0.00,0.00,6123.00,0.00
70352803009101806,20160723,6123.00,6190.00,0,0,0.00,0.00,0.00,6123.00,0.00
70352803009101806,20160724,6123.00,6190.00,0,0,0.00,0.00,0.00,6123.00,0.00
70352803009101806,20160725,6123.00,6190.00,0,0,0.00,0.00,0.00,6123.00,0.00
70352803009101806,20160726,6123.00,6190.00,0,0,0.00,0.00,0.00,6123.00,0.00
70352803009101806,20160727,6123.00,6190.00,0,0,0.00,0.00,0.00,6123.00,0.00
70352803009101806,20160731,5388.00,6190.00,0,0,0.00,0.00,0.00,5388.00,0.00
70352803009101806,20160801,5388.00,6190.00,0,0,0.00,0.00,0.00,5388.00,0.00
70352803009101806,20160802,5388.00,6190.00,0,0,0.00,0.00,0.00,5388.00,0.00
70352803009101806,20160803,5388.00,6190.00,0,0,0.00,0.00,0.00,5388.00,0.00
70352803009101806,20160806,5388.00,6190.00,0,0,0.00,0.00,0.00,5388.00,0.00
70352803009101806,20160807,5388.00,6190.00,0,0,0.00,0.00,0.00,5388.00,0.00
70352803009101806,20160808,5388.00,6190.00,0,0,0.00,0.00,0.00,5388.00,0.00
70352803009101806,20160809,5388.00,6190.00,0,0,0.00,0.00,0.00,5388.00,0.00
70352803009101806,20160810,5388.00,6190.00,0,0,0.00,0.00,0.00,5388.00,0.00
70352803009101806,20160813,5388.00,6190.00,0,0,0.00,0.00,0.00,5388.00,0.00
70352803009101806,20160814,5388.00,6190.00,0,0,0.00,0.00,0.00,5388.00,0.00
70352803009101806,20160815,5388.00,6190.00,0,0,0.00,0.00,0.00,5388.00,0.00
70352803009101806,20160816,5388.00,6190.00,0,0,0.00,0.00,0.00,5388.00,0.00
70352803009101806,20160817,5388.00,6190.00,0,0,0.00,0.00,0.00,5388.00,0.00
70352803009101806,20160820,5388.00,6190.00,0,0,0.00,0.00,0.00,5388.00,0.00
70352803009101806,20160821,5388.00,6190.00,0,0,0.00,0.00,0.00,5388.00,0.00
70352803009101806,20160822,5388.00,6190.00,0,0,0.00,0.00,0.00,5388.00,0.00
70352803009101806,20160823,5388.00,6190.00,0,0,0.00,0.00,0.00,5388.00,0.00
70352803009101806,20160824,5388.00,6190.00,0,0,0.00,0.00,0.00,5388.00,0.00
70352803009101806,20160827,5388.00,6190.00,0,0,0.00,0.00,0.00,5388.00,0.00
70352803009101806,20160828,5388.00,6190.00,0,0,0.00,0.00,0.00,5388.00,0.00
70352803009101806,20160829,5388.00,6190.00,0,0,0.00,0.00,0.00,5388.00,0.00
70352803009101806,20160830,5388.00,6190.00,0,0,0.00,0.00,0.00,5388.00,0.00
70352803009101806,20160831,5388.00,6190.00,0,0,0.00,0.00,0.00,5388.00,0.00
70352803009101806,20160903,5388.00,6190.00,0,0,0.00,0.00,0.00,5388.00,0.00
70352803009101806,20160904,5388.00,6190.00,0,0,0.00,0.00,0.00,5388.00,0.00
70352803009101806,20160905,5388.00,6190.00,0,0,0.00,0.00,0.00,5388.00,0.00
70352803009101806,20160906,5388.00,6190.00,0,0,0.00,0.00,0.00,5388.00,0.00
70352803009101806,20160907,5388.00,6190.00,0,0,0.00,0.00,0.00,5388.00,0.00
70352803009101806,20160910,5388.00,6190.00,0,0,0.00,0.00,0.00,5388.00,0.00
70352803009101806,20160911,5388.00,6190.00,0,0,0.00,0.00,0.00,5388.00,0.00
70352803009101806,20160913,5388.00,6190.00,0,0,0.00,0.00,0.00,5388.00,0.00
70352803009101806,20160914,5388.00,6190.00,0,0,0.00,0.00,0.00,5388.00,0.00
70352803009101806,20160917,5388.00,6190.00,0,0,0.00,0.00,0.00,5388.00,0.00
70352803009101806,20160918,5388.00,6190.00,0,0,0.00,0.00,0.00,5388.00,0.00
70352803009101806,20160919,5388.00,6190.00,0,0,0.00,0.00,0.00,5388.00,0.00
70352803009101806,20160921,5388.00,6190.00,0,0,0.00,0.00,0.00,5388.00,0.00
70352803009101806,20160924,5388.00,6190.00,0,0,0.00,0.00,0.00,5388.00,0.00
70352803009101806,20160925,5388.00,6190.00,0,0,0.00,0.00,0.00,5388.00,0.00
70352803009101806,20160926,5388.00,6190.00,0,0,0.00,0.00,0.00,5388.00,0.00
70352803009101806,20160927,5388.00,6190.00,0,0,0.00,0.00,0.00,5388.00,0.00
70352803009101806,20160928,5388.00,6190.00,0,0,0.00,0.00,0.00,5388.00,0.00
70352803009101806,20161001,5388.00,6190.00,0,0,0.00,0.00,0.00,5388.00,0.00
70352803009101806,20161002,5388.00,6190.00,0,0,0.00,0.00,0.00,5388.00,0.00
70352803009101806,20161003,5388.00,6190.00,0,0,0.00,0.00,0.00,5388.00,0.00
70352803009101806,20161004,5388.00,6190.00,0,0,0.00,0.00,0.00,5388.00,0.00
70352803009101806,20161005,5388.00,6190.00,0,0,0.00,0.00,0.00,5388.00,0.00
70352803009101806,20161008,5388.00,6190.00,0,0,0.00,0.00,0.00,5388.00,0.00
70352803009101806,20161009,5388.00,6190.00,0,0,0.00,0.00,0.00,5388.00,0.00
70352803009101806,20161010,5388.00,6190.00,0,0,0.00,0.00,0.00,5388.00,0.00
70352803009101806,20161012,5388.00,6190.00,0,0,0.00,0.00,0.00,5388.00,0.00
70352803009101806,20161015,5388.00,6190.00,0,0,0.00,0.00,0.00,5388.00,0.00
70352803009101806,20161016,5388.00,6190.00,0,0,0.00,0.00,0.00,5388.00,0.00
70352803009101806,20161017,5388.00,6190.00,0,0,0.00,0.00,0.00,5388.00,0.00
70352803009101806,20161018,5388.00,6190.00,0,0,0.00,0.00,0.00,5388.00,0.00
