8106875813689926,20030928,1050.00,1050.00,72,857000,899855000.00,1050.00,1051.00,0.00,1050.00
8106875813689926,20030929,1102.00,1102.00,28,143000,157586000.00,1102.00,1102.00,1050.00,1102.00
8106875813689926,20030930,1157.00,1157.00,93,500000,578500000.00,1157.00,1157.00,1102.00,1157.00
8106875813689926,20031004,1214.00,1214.00,364,430676,477212012.00,1107.00,1214.00,1157.00,1107.00
8106875813689926,20031108,2628.00,2628.00,30,30155,79266895.00,2300.00,3000.00,1214.00,3000.00
8106875813689926,20031109,2585.00,2585.00,52,185750,480217743.00,2497.00,2759.00,2628.00,2759.00
8106875813689926,20031110,2714.00,2714.00,14,33912,92037168.00,2714.00,2714.00,2585.00,2714.00
8106875813689926,20031111,2747.00,2747.00,3,2000,5697898.00,2747.00,2849.00,2714.00,2849.00
8106875813689926,20031115,2755.00,2755.00,2,500,1441871.00,2755.00,2884.00,2747.00,2884.00
8106875813689926,20031117,2829.00,2829.00,6,4412,12759441.00,2829.00,2892.00,2755.00,2892.00
8106875813689926,20031118,2846.00,2846.00,11,1000,2969876.00,2846.00,2970.00,2829.00,2970.00
8106875813689926,20031119,2988.00,2988.00,54,256564,766613232.00,2988.00,2988.00,2846.00,2988.00
8106875813689926,20031122,3034.00,3034.00,29,50458,153133387.00,2984.00,3137.00,2988.00,3137.00
8106875813689926,20031123,3043.00,3043.00,2,500,1592358.00,3043.00,3185.00,3034.00,3185.00
8106875813689926,20031124,3195.00,3195.00,26,89775,286831125.00,3195.00,3195.00,3043.00,3195.00
8106875813689926,20031125,3307.00,3307.00,84,203093,671643226.00,3195.00,3354.00,3195.00,3195.00
8106875813689926,20031129,3472.00,3472.00,21,28000,97216000.00,3472.00,3472.00,3307.00,3472.00
8106875813689926,20031130,3645.00,3645.00,11,34056,124134120.00,3645.00,3645.00,3472.00,3645.00
8106875813689926,20031201,3784.00,3784.00,48,90642,343054591.00,3500.00,3827.00,3645.00,3827.00
8106875813689926,20031202,3604.00,3604.00,17,29076,104795260.00,3595.00,3700.00,3784.00,3595.00
8106875813689926,20031203,3702.00,3702.00,6,4448,16830412.00,3702.00,3784.00,3604.00,3784.00
8106875813689926,20031206,3550.00,3550.00,29,36719,130373950.00,3517.00,3702.00,3702.00,3600.00
8106875813689926,20031207,3524.00,3524.00,15,18044,63596262.00,3516.00,3600.00,3550.00,3517.00
8106875813689926,20031209,3526.00,3526.00,8,37870,133556040.00,3522.00,3598.00,3524.00,3522.00
8106875813689926,20031210,3526.00,3526.00,1,500,1763000.00,3526.00,3526.00,3526.00,3526.00
8106875813689926,20031213,3575.00,3575.00,10,22274,79644426.00,3501.00,3600.00,3526.00,3501.00
8106875813689926,20031214,3592.00,3592.00,6,5614,20210320.00,3592.00,3600.00,3575.00,3600.00
8106875813689926,20031215,3570.00,3570.00,2,1010,3449700.00,3414.00,3570.00,3592.00,3414.00
8106875813689926,20031216,3405.00,3405.00,6,10939,37247745.00,3395.00,3415.00,3570.00,3415.00
8106875813689926,20031217,3401.00,3401.00,7,4901,16659525.00,3393.00,3405.00,3405.00,3395.00
8106875813689926,20031221,3250.00,3250.00,8,12746,41425331.00,3250.00,3251.00,3401.00,3250.00
8106875813689926,20031222,3108.00,3108.00,7,12522,38919496.00,3101.00,3110.00,3250.00,3110.00
8106875813689926,20031223,3060.00,3060.00,8,4673,14141668.00,3020.00,3107.00,3108.00,3107.00
8106875813689926,20031224,3030.00,3030.00,4,5866,17710420.00,3019.00,3030.00,3060.00,3019.00
8106875813689926,20031227,3030.00,3030.00,2,5250,15907500.00,3030.00,3030.00,3030.00,3030.00
8106875813689926,20031228,3030.00,3030.00,4,4010,12152300.00,3030.00,3031.00,3030.00,3030.00
8106875813689926,20040104,3224.00,3224.00,12,12062,38892811.00,3190.00,3250.00,3030.00,3190.00
8106875813689926,20040105,3228.00,3228.00,7,10479,33834757.00,3225.00,3234.00,3224.00,3225.00
8106875813689926,20040106,3272.00,3272.00,10,6362,20900976.00,3228.00,3350.00,3228.00,3228.00
8106875813689926,20040107,3272.00,3272.00,3,2000,6544000.00,3272.00,3272.00,3272.00,3272.00
8106875813689926,20040110,3314.00,3314.00,3,4454,14920540.00,3314.00,3350.00,3272.00,3350.00
8106875813689926,20040111,3377.00,3377.00,8,6195,21056361.00,3320.00,3479.00,3314.00,3349.00
8106875813689926,20040112,3359.00,3359.00,5,6844,22969508.00,3320.00,3377.00,3377.00,3377.00
8106875813689926,20040114,3338.00,3338.00,2,3514,11638628.00,3312.00,3338.00,3359.00,3312.00
8106875813689926,20040128,3315.00,3315.00,2,1098,3484286.00,3172.00,3315.00,3338.00,3172.00
8106875813689926,20040221,3213.00,3213.00,6,5010,15782130.00,3150.00,3213.00,3315.00,3150.00
8106875813689926,20040306,3200.00,3200.00,2,660,2016450.00,3053.00,3200.00,3213.00,3053.00
8106875813689926,20040308,3040.00,3040.00,9,10000,30400000.00,3040.00,3040.00,3200.00,3040.00
8106875813689926,20040309,3034.00,3034.00,2,305,882300.00,2888.00,3034.00,3040.00,2888.00
8106875813689926,20040313,2883.00,2883.00,393,567931,1116096002.00,1942.00,2883.00,3034.00,2883.00
8106875813689926,20040314,2883.00,2883.00,2,467,1346361.00,2883.00,2883.00,2883.00,2883.00
8106875813689926,20040315,2950.00,2950.00,9,20309,59914757.00,2883.00,3027.00,2883.00,2883.00
8106875813689926,20040316,3038.00,3038.00,16,40902,124295075.00,3035.00,3050.00,2950.00,3035.00
8106875813689926,20040317,3146.00,3146.00,2,7870,24790460.00,3146.00,3150.00,3038.00,3150.00
8106875813689926,20040327,3256.00,3256.00,3,7510,24532560.00,3250.00,3300.00,3146.00,3250.00
8106875813689926,20040328,3256.00,3256.00,1,914,2975984.00,3256.00,3256.00,3256.00,3256.00
8106875813689926,20040329,3235.00,3235.00,5,3510,11263214.00,3094.00,3256.00,3256.00,3094.00
8106875813689926,20040404,3256.00,3256.00,14,42396,138043069.00,3254.00,3257.00,3235.00,3254.00
8106875813689926,20040405,3352.00,3352.00,16,71960,241218924.00,3299.00,3375.00,3256.00,3299.00
8106875813689926,20040406,3519.00,3519.00,13,86000,302634000.00,3519.00,3519.00,3352.00,3519.00
8106875813689926,20040407,3484.00,3484.00,7,18925,65952340.00,3400.00,3519.00,3519.00,3519.00
8106875813689926,20040410,3645.00,3645.00,7,22510,82050450.00,3599.00,3658.00,3484.00,3658.00
8106875813689926,20040412,3645.00,3645.00,5,3960,14434200.00,3645.00,3645.00,3645.00,3645.00
8106875813689926,20040418,3644.00,3644.00,4,2432,8861440.00,3643.00,3645.00,3645.00,3643.00
8106875813689926,20040425,3650.00,3650.00,11,37254,135984716.00,3640.00,3826.00,3644.00,3640.00
8106875813689926,20040426,3832.00,3832.00,5,17214,65964048.00,3832.00,3832.00,3650.00,3832.00
8106875813689926,20040427,3989.00,3989.00,9,26061,103959827.00,3950.00,4022.00,3832.00,4021.00
8106875813689926,20040501,3988.00,3988.00,2,896,3572607.00,3987.00,3988.00,3989.00,3987.00
8106875813689926,20040502,3971.00,3971.00,2,1299,5002360.00,3850.00,3971.00,3988.00,3850.00
8106875813689926,20040609,3773.00,3773.00,1,500,1886500.00,3773.00,3773.00,3971.00,3773.00
8106875813689926,20040614,3585.00,3585.00,1,500,1792500.00,3585.00,3585.00,3773.00,3585.00
8106875813689926,20040621,3398.00,3398.00,1,10000,33980000.00,3398.00,3398.00,3585.00,3398.00
8106875813689926,20040622,3229.00,3229.00,5,20020,64644580.00,3229.00,3229.00,3398.00,3229.00
8106875813689926,20040630,3000.00,3000.00,1,1000,3000000.00,3000.00,3000.00,3229.00,3000.00
8106875813689926,20040707,2850.00,2850.00,1,500,1425000.00,2850.00,2850.00,3000.00,2850.00
8106875813689926,20040710,2708.00,2708.00,1,500,1354000.00,2708.00,2708.00,2850.00,2708.00
8106875813689926,20040711,2573.00,2573.00,14,34312,88284776.00,2573.00,2573.00,2708.00,2573.00
8106875813689926,20040720,2557.00,2557.00,2,1310,3204070.00,2445.00,2557.00,2573.00,2445.00
8106875813689926,20040802,2430.00,2430.00,1,500,1215000.00,2430.00,2430.00,2557.00,2430.00
8106875813689926,20040803,2309.00,2309.00,1,500,1154500.00,2309.00,2309.00,2430.00,2309.00
8106875813689926,20040810,2308.00,2308.00,3,5010,11567184.00,2308.00,2309.00,2309.00,2308.00
8106875813689926,20040825,2297.00,2297.00,2,1010,2215970.00,2193.00,2297.00,2308.00,2193.00
8106875813689926,20040828,2275.00,2275.00,2,2010,4388750.00,2183.00,2275.00,2297.00,2183.00
8106875813689926,20040831,2222.00,2222.00,2,5010,10832220.00,2162.00,2222.00,2275.00,2162.00
8106875813689926,20040905,2111.00,2111.00,3,10835,22872685.00,2111.00,2111.00,2222.00,2111.00
8106875813689926,20040906,2125.00,2125.00,37,134906,286777386.00,2111.00,2193.00,2111.00,2111.00
8106875813689926,20040907,2229.00,2229.00,27,119890,267326370.00,2216.00,2231.00,2125.00,2216.00
8106875813689926,20040912,2340.00,2340.00,3,30000,70200000.00,2340.00,2340.00,2229.00,2340.00
8106875813689926,20040914,2340.00,2340.00,4,14976,35043840.00,2340.00,2340.00,2340.00,2340.00
8106875813689926,20040915,2345.00,2345.00,2,610,1490450.00,2345.00,2445.00,2340.00,2445.00
8106875813689926,20040918,2345.00,2345.00,6,17889,41949705.00,2345.00,2345.00,2345.00,2345.00
8106875813689926,20040919,2345.00,2345.00,1,2000,4690000.00,2345.00,2345.00,2345.00,2345.00
8106875813689926,20040920,2345.00,2345.00,4,16032,37595040.00,2345.00,2345.00,2345.00,2345.00
8106875813689926,20040921,2345.00,2345.00,1,10000,23450000.00,2345.00,2345.00,2345.00,2345.00
8106875813689926,20040922,2344.00,2344.00,4,11010,25813440.00,2344.00,2345.00,2345.00,2344.00
8106875813689926,20040925,2441.00,2441.00,21,179947,439369367.00,2345.00,2461.00,2344.00,2461.00
8106875813689926,20040926,2563.00,2563.00,36,255214,654113482.00,2563.00,2563.00,2441.00,2563.00
8106875813689926,20040927,2691.00,2691.00,55,404000,1087164000.00,2691.00,2691.00,2563.00,2691.00
8106875813689926,20040928,2825.00,2825.00,28,137388,388121100.00,2825.00,2825.00,2691.00,2825.00
8106875813689926,20040929,2947.00,2947.00,23,115197,339499612.00,2899.00,2966.00,2825.00,2899.00
8106875813689926,20041002,2946.00,2946.00,7,39890,117554637.00,2946.00,2947.00,2947.00,2947.00
8106875813689926,20041003,2799.00,2799.00,8,34398,96280002.00,2799.00,2799.00,2946.00,2799.00
8106875813689926,20041004,2763.00,2763.00,13,257906,690714170.00,2660.00,2930.00,2799.00,2930.00
8106875813689926,20041005,2768.00,2768.00,13,49925,138225489.00,2750.00,2800.00,2763.00,2775.00
8106875813689926,20041006,2887.00,2887.00,14,52350,151141870.00,2768.00,2901.00,2768.00,2768.00
8106875813689926,20041009,2743.00,2743.00,6,30022,82366168.00,2743.00,2747.00,2887.00,2745.00
8106875813689926,20041012,2880.00,2880.00,9,56170,161769600.00,2880.00,2880.00,2743.00,2880.00
8106875813689926,20041013,3024.00,3024.00,35,139999,423356976.00,3024.00,3024.00,2880.00,3024.00
8106875813689926,20041016,3100.00,3100.00,14,28266,87635210.00,3099.00,3104.00,3024.00,3099.00
8106875813689926,20041017,3254.00,3254.00,11,22199,72250925.00,3254.00,3255.00,3100.00,3255.00
8106875813689926,20041018,3253.00,3253.00,9,16517,53740780.00,3234.00,3255.00,3254.00,3255.00
8106875813689926,20041024,3204.00,3204.00,2,3221,9957241.00,3091.00,3204.00,3253.00,3091.00
8106875813689926,20041103,3044.00,3044.00,1,500,1522000.00,3044.00,3044.00,3204.00,3044.00
8106875813689926,20041106,2892.00,2892.00,1,500,1446000.00,2892.00,2892.00,3044.00,2892.00
8106875813689926,20041107,2748.00,2748.00,1,500,1374000.00,2748.00,2748.00,2892.00,2748.00
8106875813689926,20041108,2631.00,2631.00,37,160971,423615285.00,2611.00,2653.00,2748.00,2650.00
8106875813689926,20041109,2635.00,2635.00,7,10579,27879594.00,2631.00,2651.00,2631.00,2632.00
8106875813689926,20041110,2607.00,2607.00,8,32010,83477770.00,2600.00,2760.00,2635.00,2600.00
8106875813689926,20041113,2554.00,2554.00,4,10010,25530540.00,2550.00,2554.00,2607.00,2550.00
8106875813689926,20041115,2553.00,2553.00,9,32010,81751030.00,2553.00,2554.00,2554.00,2554.00
8106875813689926,20041116,2616.00,2616.00,15,68539,179322826.00,2554.00,2650.00,2553.00,2554.00
8106875813689926,20041117,2698.00,2698.00,7,21567,58196823.00,2698.00,2699.00,2616.00,2699.00
8106875813689926,20041120,2695.00,2695.00,6,31849,85838572.00,2694.00,2698.00,2698.00,2698.00
8106875813689926,20041121,2688.00,2688.00,1,10000,26880000.00,2688.00,2688.00,2695.00,2688.00
8106875813689926,20041122,2695.00,2695.00,9,20342,54834864.00,2687.00,2700.00,2688.00,2687.00
8106875813689926,20041123,2740.00,2740.00,11,31723,86924278.00,2700.00,2829.00,2695.00,2827.00
8106875813689926,20041124,2854.00,2854.00,16,81374,232293904.00,2808.00,2876.00,2740.00,2808.00
8106875813689926,20041127,2995.00,2995.00,36,165812,496752742.00,2995.00,2996.00,2854.00,2996.00
8106875813689926,20041128,2987.00,2987.00,27,113553,339296294.00,2955.00,3040.00,2995.00,3040.00
8106875813689926,20041129,3061.00,3061.00,17,523905,1569677302.00,2988.00,3133.00,2987.00,3133.00
8106875813689926,20041130,3213.00,3213.00,3,17113,54984069.00,3213.00,3213.00,3061.00,3213.00
8106875813689926,20041201,3360.00,3360.00,18,47598,159974915.00,3213.00,3373.00,3213.00,3373.00
8106875813689926,20041204,3467.00,3467.00,37,148389,514586572.00,3390.00,3528.00,3360.00,3517.00
8106875813689926,20041205,3409.00,3409.00,27,69246,236096677.00,3350.00,3467.00,3467.00,3467.00
8106875813689926,20041206,3404.00,3404.00,19,47904,163109896.00,3395.00,3445.00,3409.00,3399.00
8106875813689926,20041207,3303.00,3303.00,53,179978,594505546.00,3234.00,3520.00,3404.00,3430.00
8106875813689926,20041211,3444.00,3444.00,11,25431,87601060.00,3399.00,3468.00,3303.00,3468.00
8106875813689926,20041212,3560.00,3560.00,47,246553,877957027.00,3443.00,3616.00,3444.00,3610.00
8106875813689926,20050223,3333.00,3333.00,3,185,616605.00,3333.00,3333.00,3560.00,3333.00
8106875813689926,20050329,3167.00,3167.00,1,500,1583500.00,3167.00,3167.00,3333.00,3167.00
8106875813689926,20050330,3009.00,3009.00,3,5500,16549500.00,3009.00,3009.00,3167.00,3009.00
8106875813689926,20050403,2859.00,2859.00,4,14500,41455500.00,2859.00,2859.00,3009.00,2859.00
8106875813689926,20050404,2743.00,2743.00,9,8656,23744112.00,2717.00,2751.00,2859.00,2750.00
8106875813689926,20050405,2666.00,2666.00,7,9060,24020560.00,2650.00,2858.00,2743.00,2650.00
8106875813689926,20050406,2666.00,2666.00,1,2566,6840956.00,2666.00,2666.00,2666.00,2666.00
8106875813689926,20050410,2667.00,2667.00,3,4670,12472550.00,2667.00,2681.00,2666.00,2668.00
8106875813689926,20050411,2773.00,2773.00,9,20271,56223295.00,2743.00,2800.00,2667.00,2780.00
8106875813689926,20050412,2801.00,2801.00,18,39669,111140212.00,2780.00,2889.00,2773.00,2785.00
8106875813689926,20050413,2717.00,2717.00,11,24968,67847234.00,2700.00,2801.00,2801.00,2801.00
8106875813689926,20050509,2710.00,2710.00,2,510,1318100.00,2582.00,2710.00,2717.00,2582.00
8106875813689926,20050515,2710.00,2710.00,2,120,310350.00,2575.00,2710.00,2710.00,2575.00
8106875813689926,20050529,2647.00,2647.00,2,5010,12901470.00,2575.00,2647.00,2710.00,2575.00
8106875813689926,20050611,2525.00,2525.00,3,10010,25175250.00,2515.00,2525.00,2647.00,2515.00
8106875813689926,20050612,2429.00,2429.00,5,8246,19782454.00,2399.00,2429.00,2525.00,2399.00
8106875813689926,20050614,2308.00,2308.00,4,10800,24926400.00,2308.00,2308.00,2429.00,2308.00
8106875813689926,20050615,2201.00,2201.00,3,10010,21952010.00,2193.00,2201.00,2308.00,2193.00
8106875813689926,20050618,2094.00,2094.00,14,51173,107167673.00,2091.00,2105.00,2201.00,2091.00
8106875813689926,20050619,1995.00,1995.00,21,65845,131403285.00,1990.00,2010.00,2094.00,1991.00
8106875813689926,20050620,2092.00,2092.00,14,35446,74165948.00,2089.00,2094.00,1995.00,2089.00
8106875813689926,20050621,2194.00,2194.00,18,30541,67025023.00,2193.00,2196.00,2092.00,2193.00
8106875813689926,20050622,2271.00,2271.00,15,51510,116979710.00,2194.00,2301.00,2194.00,2194.00
8106875813689926,20051213,1664.00,1664.00,25,66807,111183965.00,1654.00,1670.00,2271.00,1666.00
8106875813689926,20051214,1726.00,1726.00,40,148565,256558740.00,1603.00,1747.00,1664.00,1603.00
8106875813689926,20051217,1640.00,1640.00,6,15000,24602000.00,1640.00,1641.00,1726.00,1641.00
8106875813689926,20051218,1559.00,1559.00,35,111252,173503202.00,1558.00,1570.00,1640.00,1558.00
8106875813689926,20051219,1618.00,1618.00,9,35604,57630806.00,1599.00,1636.00,1559.00,1599.00
8106875813689926,20051220,1643.00,1643.00,15,54319,89258371.00,1550.00,1698.00,1618.00,1550.00
8106875813689926,20051221,1690.00,1690.00,24,108930,184118420.00,1605.00,1725.00,1643.00,1625.00
8106875813689926,20051224,1774.00,1774.00,6,28000,49672000.00,1774.00,1774.00,1690.00,1774.00
8106875813689926,20051225,1856.00,1856.00,11,26211,48666692.00,1794.00,1862.00,1774.00,1860.00
8106875813689926,20051226,1801.00,1801.00,6,18725,33730010.00,1800.00,1802.00,1856.00,1802.00
8106875813689926,20051227,1711.00,1711.00,9,18624,31865664.00,1711.00,1711.00,1801.00,1711.00
8106875813689926,20051228,1709.00,1709.00,5,1441,2452171.00,1701.00,1796.00,1711.00,1796.00
8106875813689926,20051231,1794.00,1794.00,10,22000,39468000.00,1794.00,1794.00,1709.00,1794.00
8106875813689926,20060101,1764.00,1764.00,6,5168,8953048.00,1732.00,1764.00,1794.00,1732.00
8106875813689926,20060102,1744.00,1744.00,8,14249,24862586.00,1732.00,1750.00,1764.00,1735.00
8106875813689926,20060103,1774.00,1774.00,10,40465,71817345.00,1731.00,1810.00,1744.00,1800.00
8106875813689926,20060107,1686.00,1686.00,5,29531,49789266.00,1686.00,1686.00,1774.00,1686.00
8106875813689926,20060108,1686.00,1686.00,3,9113,15364518.00,1686.00,1686.00,1686.00,1686.00
8106875813689926,20060109,1766.00,1766.00,4,23010,40647660.00,1750.00,1769.00,1686.00,1750.00
8106875813689926,20060114,1691.00,1691.00,6,21010,35547797.00,1678.00,1760.00,1766.00,1760.00
8106875813689926,20060115,1671.00,1671.00,5,10010,16721710.00,1650.00,1691.00,1691.00,1691.00
8106875813689926,20060116,1591.00,1591.00,6,39000,62052200.00,1588.00,1593.00,1671.00,1588.00
8106875813689926,20060117,1664.00,1664.00,4,10100,16866940.00,1664.00,1670.00,1591.00,1670.00
8106875813689926,20060118,1616.00,1616.00,3,10110,16310860.00,1612.00,1747.00,1664.00,1747.00
8106875813689926,20060121,1584.00,1584.00,5,12160,19272490.00,1547.00,1650.00,1616.00,1547.00
8106875813689926,20060122,1660.00,1660.00,5,14010,23258800.00,1659.00,1662.00,1584.00,1659.00
8106875813689926,20060123,1661.00,1661.00,4,9910,16472410.00,1661.00,1663.00,1660.00,1662.00
8106875813689926,20060125,1661.00,1661.00,5,3464,5764066.00,1661.00,1664.00,1661.00,1664.00
8106875813689926,20060129,1661.00,1661.00,2,110,189510.00,1661.00,1729.00,1661.00,1729.00
8106875813689926,20060205,1612.00,1612.00,5,6400,10099600.00,1578.00,1612.00,1661.00,1578.00
8106875813689926,20060206,1578.00,1578.00,3,4590,7040340.00,1532.00,1612.00,1612.00,1612.00
8106875813689926,20060207,1579.00,1579.00,2,623,996590.00,1579.00,1600.00,1578.00,1600.00
8106875813689926,20060215,1548.00,1548.00,10,32000,49536000.00,1548.00,1548.00,1579.00,1548.00
8106875813689926,20060218,1555.00,1555.00,10,15052,23406190.00,1518.00,1578.00,1548.00,1570.00
8106875813689926,20060318,1892.00,1892.00,18,68302,129278736.00,1250.00,2515.00,1555.00,1250.00
8106875813689926,20060319,1891.00,1891.00,12,68090,128788385.00,1865.00,1928.00,1892.00,1892.00
8106875813689926,20060325,1854.00,1854.00,7,11010,20413540.00,1854.00,1855.00,1891.00,1855.00
8106875813689926,20060327,1890.00,1890.00,6,19617,37076130.00,1890.00,1890.00,1854.00,1890.00
8106875813689926,20060328,1890.00,1890.00,11,45000,85060000.00,1890.00,1891.00,1890.00,1890.00
8106875813689926,20060403,1853.00,1853.00,4,30000,55610000.00,1853.00,1855.00,1890.00,1855.00
8106875813689926,20060404,1817.00,1817.00,7,30000,54510000.00,1817.00,1817.00,1853.00,1817.00
8106875813689926,20060405,1817.00,1817.00,8,25000,45435000.00,1817.00,1818.00,1817.00,1817.00
8106875813689926,20060408,1852.00,1852.00,18,37039,68614927.00,1850.00,1853.00,1817.00,1850.00
8106875813689926,20060409,1884.00,1884.00,9,20246,38144612.00,1852.00,1889.00,1852.00,1854.00
8106875813689926,20060410,1919.00,1919.00,60,204089,391810366.00,1911.00,1921.00,1884.00,1921.00
8106875813689926,20060411,1946.00,1946.00,18,54010,105131829.00,1906.00,1957.00,1919.00,1950.00
8106875813689926,20060412,1955.00,1955.00,28,93208,182254047.00,1940.00,1979.00,1946.00,1947.00
8106875813689926,20060415,1978.00,1978.00,3,14235,28168830.00,1978.00,1979.00,1955.00,1979.00
8106875813689926,20060417,1952.00,1952.00,29,91250,178123086.00,1939.00,2016.00,1978.00,1956.00
8106875813689926,20060418,1920.00,1920.00,16,56470,108431820.00,1913.00,1951.00,1952.00,1950.00
8106875813689926,20060419,1948.00,1948.00,15,34153,66558279.00,1883.00,1958.00,1920.00,1885.00
8106875813689926,20060422,1985.00,1985.00,30,127979,254052284.00,1979.00,1986.00,1948.00,1986.00
8106875813689926,20060423,2024.00,2024.00,4,10835,21930040.00,2024.00,2024.00,1985.00,2024.00
8106875813689926,20060424,2064.00,2064.00,7,20000,41280000.00,2064.00,2064.00,2024.00,2064.00
8106875813689926,20060425,2102.00,2102.00,29,68179,143371853.00,2045.00,2105.00,2064.00,2064.00
8106875813689926,20060426,2060.00,2060.00,6,22800,46968000.00,2060.00,2060.00,2102.00,2060.00
8106875813689926,20060429,2097.00,2097.00,30,87845,184228439.00,2060.00,2101.00,2060.00,2101.00
8106875813689926,20060430,2138.00,2138.00,11,17045,36442210.00,2138.00,2138.00,2097.00,2138.00
8106875813689926,20060501,2180.00,2180.00,17,43382,94572760.00,2180.00,2180.00,2138.00,2180.00
8106875813689926,20060506,2223.00,2223.00,3,10835,24086205.00,2223.00,2223.00,2180.00,2223.00
8106875813689926,20060507,2267.00,2267.00,6,36115,81872705.00,2267.00,2267.00,2223.00,2267.00
8106875813689926,20060508,2312.00,2312.00,4,10835,25050520.00,2312.00,2312.00,2267.00,2312.00
8106875813689926,20060509,2358.00,2358.00,8,10835,25548930.00,2358.00,2358.00,2312.00,2358.00
8106875813689926,20060510,2405.00,2405.00,7,15835,38083175.00,2405.00,2405.00,2358.00,2405.00
8106875813689926,20060513,2453.00,2453.00,14,23510,57670030.00,2453.00,2453.00,2405.00,2453.00
8106875813689926,20060514,2502.00,2502.00,18,60000,150120000.00,2502.00,2502.00,2453.00,2502.00
8106875813689926,20060515,2552.00,2552.00,14,40837,104216024.00,2552.00,2552.00,2502.00,2552.00
8106875813689926,20060516,2603.00,2603.00,30,76500,199129500.00,2603.00,2603.00,2552.00,2603.00
8106875813689926,20060517,2634.00,2634.00,75,191264,503843500.00,2552.00,2655.00,2603.00,2603.00
8106875813689926,20060520,2685.00,2685.00,41,96874,260138752.00,2680.00,2686.00,2634.00,2686.00
8106875813689926,20060521,2738.00,2738.00,23,83722,229230836.00,2738.00,2738.00,2685.00,2738.00
8106875813689926,20060522,2792.00,2792.00,13,40290,112489680.00,2792.00,2792.00,2738.00,2792.00
8106875813689926,20060523,2847.00,2847.00,13,43965,125168355.00,2847.00,2847.00,2792.00,2847.00
8106875813689926,20060524,2901.00,2901.00,42,149485,433798246.00,2890.00,2903.00,2847.00,2903.00
8106875813689926,20060527,2843.00,2843.00,6,10835,30803905.00,2843.00,2843.00,2901.00,2843.00
8106875813689926,20060528,2798.00,2798.00,54,138605,387855872.00,2787.00,2878.00,2843.00,2878.00
8106875813689926,20060529,2851.00,2851.00,50,149339,425797516.00,2800.00,2853.00,2798.00,2849.00
8106875813689926,20060530,2906.00,2906.00,19,44889,130488392.00,2900.00,2908.00,2851.00,2908.00
8106875813689926,20060531,2954.00,2954.00,33,67742,200170598.00,2901.00,2963.00,2906.00,2960.00
8106875813689926,20060603,2944.00,2944.00,2,1845,5349105.00,2899.00,2944.00,2954.00,2899.00
8106875813689926,20060606,2886.00,2886.00,8,10835,31269810.00,2886.00,2886.00,2944.00,2886.00
8106875813689926,20060607,2840.00,2840.00,32,69170,196486804.00,2829.00,2939.00,2886.00,2829.00
8106875813689926,20060610,2847.00,2847.00,37,69382,197594623.00,2787.00,2896.00,2840.00,2885.00
8106875813689926,20060611,2902.00,2902.00,18,27679,80348610.00,2901.00,2903.00,2847.00,2901.00
8106875813689926,20060612,2958.00,2958.00,26,47823,141506681.00,2955.00,2960.00,2902.00,2960.00
8106875813689926,20060613,2957.00,2957.00,7,6985,20656521.00,2940.00,3016.00,2958.00,3016.00
8106875813689926,20060614,2933.00,2933.00,48,133513,391615951.00,2898.00,2990.00,2957.00,2898.00
8106875813689926,20060617,2878.00,2878.00,8,11051,31807155.00,2875.00,2970.00,2933.00,2881.00
8106875813689926,20060618,2838.00,2838.00,22,33866,96120769.00,2821.00,2878.00,2878.00,2830.00
8106875813689926,20060802,3684.00,3684.00,107,453767,1671927372.00,3461.00,3879.00,2838.00,3724.00
8106875813689926,20060805,3634.00,3634.00,72,750324,2716474425.00,3611.00,3757.00,3684.00,3612.00
8106875813689926,20060806,3702.00,3702.00,37,92241,341490660.00,3698.00,3706.00,3634.00,3706.00
8106875813689926,20060807,3774.00,3774.00,64,358542,1348464814.00,3750.00,3776.00,3702.00,3776.00
8106875813689926,20060809,3848.00,3848.00,33,85312,328356920.00,3847.00,3849.00,3774.00,3849.00
8106875813689926,20060812,3923.00,3923.00,18,26204,102810386.00,3920.00,3924.00,3848.00,3924.00
8106875813689926,20060813,3848.00,3848.00,25,48268,185746960.00,3845.00,3950.00,3923.00,3950.00
8106875813689926,20060814,3828.00,3828.00,50,364289,1384006681.00,3772.00,3922.00,3848.00,3772.00
8106875813689926,20060815,3903.00,3903.00,32,72110,281502114.00,3900.00,3904.00,3828.00,3904.00
8106875813689926,20060816,3964.00,3964.00,10,9460,37597640.00,3964.00,3981.00,3903.00,3981.00
8106875813689926,20060819,3956.00,3956.00,4,1010,3924560.00,3885.00,3956.00,3964.00,3885.00
8106875813689926,20060821,3877.00,3877.00,30,83136,322318272.00,3877.00,3877.00,3956.00,3877.00
8106875813689926,20060823,3807.00,3807.00,20,46275,176215070.00,3800.00,3875.00,3877.00,3800.00
8106875813689926,20060826,3738.00,3738.00,28,98620,368699380.00,3731.00,3755.00,3807.00,3731.00
8106875813689926,20060827,3794.00,3794.00,17,35650,135267970.00,3679.00,3800.00,3738.00,3797.00
8106875813689926,20060828,3869.00,3869.00,19,51582,199570758.00,3869.00,3869.00,3794.00,3869.00
8106875813689926,20060829,3923.00,3923.00,20,25169,98756990.00,3897.00,3940.00,3869.00,3897.00
8106875813689926,20060830,3896.00,3896.00,12,12985,50592710.00,3861.00,3939.00,3923.00,3939.00
8106875813689926,20060902,3898.00,3898.00,16,27814,108440050.00,3896.00,3908.00,3896.00,3896.00
8106875813689926,20060903,3964.00,3964.00,30,78778,312341060.00,3939.00,3975.00,3898.00,3975.00
8106875813689926,20060904,4034.00,4034.00,26,109604,442203506.00,3962.00,4043.00,3964.00,3962.00
8106875813689926,20060905,4033.00,4033.00,26,118736,478975828.00,4033.00,4034.00,4034.00,4034.00
8106875813689926,20060906,4025.00,4025.00,3,1508,6002290.00,3980.00,4025.00,4033.00,3980.00
8106875813689926,20060910,4017.00,4017.00,7,4446,17817535.00,3945.00,4033.00,4025.00,4033.00
8106875813689926,20060912,3952.00,3952.00,6,8724,34346538.00,3937.00,3952.00,4017.00,3937.00
8106875813689926,20060918,3952.00,3952.00,2,313,1213039.00,3873.00,3952.00,3952.00,3873.00
8106875813689926,20060919,3873.00,3873.00,6,13000,50349000.00,3873.00,3873.00,3952.00,3873.00
8106875813689926,20060923,3796.00,3796.00,10,30891,117262236.00,3796.00,3796.00,3873.00,3796.00
8106875813689926,20060925,3727.00,3727.00,15,26010,96950001.00,3721.00,3870.00,3796.00,3721.00
8106875813689926,20060927,3723.00,3723.00,9,10010,37276878.00,3715.00,3799.00,3727.00,3715.00
8106875813689926,20060930,3789.00,3789.00,7,56424,213807069.00,3788.00,3790.00,3723.00,3788.00
8106875813689926,20061001,3789.00,3789.00,3,6580,24931620.00,3789.00,3789.00,3789.00,3789.00
8106875813689926,20061002,3791.00,3791.00,4,4076,15473946.00,3791.00,3797.00,3789.00,3796.00
8106875813689926,20061003,3864.00,3864.00,5,10958,42341712.00,3864.00,3864.00,3791.00,3864.00
8106875813689926,20061008,3846.00,3846.00,3,2633,9982253.00,3791.00,3846.00,3864.00,3791.00
8106875813689926,20061010,3770.00,3770.00,4,11000,41470000.00,3770.00,3770.00,3846.00,3770.00
8106875813689926,20061011,3695.00,3695.00,6,11100,41014500.00,3695.00,3695.00,3770.00,3695.00
8106875813689926,20061014,3623.00,3623.00,22,73270,265498706.00,3622.00,3695.00,3695.00,3622.00
8106875813689926,20061016,3621.00,3621.00,3,2010,7261750.00,3551.00,3622.00,3623.00,3622.00
8106875813689926,20061017,3621.00,3621.00,1,1277,4624017.00,3621.00,3621.00,3621.00,3621.00
8106875813689926,20061018,3656.00,3656.00,5,5301,19574018.00,3656.00,3693.00,3621.00,3693.00
8106875813689926,20061021,3729.00,3729.00,8,10783,40209807.00,3729.00,3729.00,3656.00,3729.00
8106875813689926,20061022,3802.00,3802.00,11,23510,89408020.00,3802.00,3803.00,3729.00,3802.00
8106875813689926,20061023,3872.00,3872.00,9,18142,70258974.00,3872.00,3873.00,3802.00,3873.00
8106875813689926,20061029,3872.00,3872.00,2,82,322832.00,3872.00,3946.00,3872.00,3946.00
8106875813689926,20061030,3939.00,3939.00,11,17791,70081889.00,3915.00,3949.00,3872.00,3919.00
8106875813689926,20061101,3944.00,3944.00,11,15010,59199538.00,3900.00,3999.00,3939.00,3928.00
8106875813689926,20061104,3959.00,3959.00,8,10057,39828060.00,3959.00,4010.00,3944.00,4010.00
8106875813689926,20061105,4035.00,4035.00,7,18576,74954160.00,4035.00,4035.00,3959.00,4035.00
8106875813689926,20061106,4114.00,4114.00,11,19193,78964610.00,4090.00,4115.00,4035.00,4115.00
8106875813689926,20061107,4196.00,4196.00,5,20759,87104764.00,4196.00,4196.00,4114.00,4196.00
8106875813689926,20061108,4279.00,4279.00,6,10839,46380081.00,4279.00,4279.00,4196.00,4279.00
8106875813689926,20061111,4362.00,4362.00,37,75935,331295652.00,4196.00,4364.00,4279.00,4364.00
8106875813689926,20061112,4311.00,4311.00,19,42718,184168054.00,4275.00,4362.00,4362.00,4362.00
8106875813689926,20061203,4294.00,4294.00,5,3110,13227540.00,4225.00,4311.00,4311.00,4311.00
8106875813689926,20061204,4214.00,4214.00,3,10254,43159136.00,4209.00,4214.00,4294.00,4209.00
8106875813689926,20061205,4136.00,4136.00,3,10010,41341360.00,4130.00,4136.00,4214.00,4130.00
8106875813689926,20061206,4054.00,4054.00,24,65000,263510000.00,4054.00,4054.00,4136.00,4054.00
8106875813689926,20061209,4008.00,4008.00,3,6210,24676330.00,3973.00,4046.00,4054.00,4046.00
8106875813689926,20061210,4057.00,4057.00,8,12256,49733315.00,4034.00,4088.00,4008.00,4034.00
8106875813689926,20061211,4114.00,4114.00,6,7611,31494078.00,4114.00,4138.00,4057.00,4138.00
8106875813689926,20061212,4133.00,4133.00,3,2510,10531330.00,4133.00,4196.00,4114.00,4196.00
8106875813689926,20061213,4204.00,4204.00,4,20010,84135040.00,4199.00,4210.00,4133.00,4199.00
8106875813689926,20061216,4269.00,4269.00,4,8405,36040450.00,4269.00,4288.00,4204.00,4288.00
8106875813689926,20061217,4354.00,4354.00,4,11000,47894000.00,4354.00,4354.00,4269.00,4354.00
8106875813689926,20061218,4441.00,4441.00,7,19566,86892606.00,4441.00,4441.00,4354.00,4441.00
8106875813689926,20061219,4529.00,4529.00,62,206264,589723960.00,2765.00,4529.00,4441.00,4529.00
8106875813689926,20061220,4619.00,4619.00,7,13000,60047000.00,4619.00,4619.00,4529.00,4619.00
8106875813689926,20061223,4711.00,4711.00,3,10887,51288657.00,4711.00,4711.00,4619.00,4711.00
8106875813689926,20061224,4805.00,4805.00,28,98025,471010125.00,4805.00,4805.00,4711.00,4805.00
8106875813689926,20061226,4901.00,4901.00,28,71964,352695564.00,4901.00,4901.00,4805.00,4901.00
8106875813689926,20061227,4997.00,4997.00,29,111320,556327448.00,4900.00,4999.00,4901.00,4999.00
8106875813689926,20061230,5096.00,5096.00,9,15447,78717912.00,5096.00,5096.00,4997.00,5096.00
8106875813689926,20070101,5197.00,5197.00,32,9008197,86178419809.00,5197.00,9600.00,5096.00,5197.00
8106875813689926,20070102,5299.00,5299.00,15,17020,90205980.00,5299.00,5300.00,5197.00,5300.00
8106875813689926,20070103,5404.00,5404.00,25,39972,216008688.00,5404.00,5404.00,5299.00,5404.00
8106875813689926,20070106,5389.00,5389.00,51,85280,459610848.00,5297.00,5512.00,5404.00,5512.00
8106875813689926,20070109,5374.00,5374.00,3,1483,7834126.00,5282.00,5374.00,5389.00,5282.00
8106875813689926,20070114,5281.00,5281.00,2,9450,49773290.00,5267.00,5281.00,5374.00,5267.00
8106875813689926,20070212,5281.00,5281.00,3,110,570410.00,5176.00,5281.00,5281.00,5176.00
8106875813689926,20070214,5281.00,5281.00,2,20,104570.00,5176.00,5281.00,5281.00,5176.00
8106875813689926,20070225,5251.00,5251.00,3,3089,15989414.00,5176.00,5251.00,5281.00,5176.00
8106875813689926,20070306,5250.00,5250.00,2,106,546516.00,5146.00,5250.00,5251.00,5146.00
8106875813689926,20070317,5245.00,5245.00,3,510,2624950.00,5145.00,5245.00,5250.00,5145.00
8106875813689926,20070408,5141.00,5141.00,3,11000,56551000.00,5141.00,5141.00,5245.00,5141.00
8106875813689926,20070411,5039.00,5039.00,11,21010,105869390.00,5039.00,5039.00,5141.00,5039.00
8106875813689926,20070414,5013.00,5013.00,3,2778,13721282.00,4939.00,5013.00,5039.00,4939.00
8106875813689926,20070415,4913.00,4913.00,12,11000,54043000.00,4913.00,4913.00,5013.00,4913.00
8106875813689926,20070416,4815.00,4815.00,8,10875,52363125.00,4815.00,4815.00,4913.00,4815.00
8106875813689926,20070417,4730.00,4730.00,34,48627,230034160.00,4719.00,4815.00,4815.00,4719.00
8106875813689926,20070418,4822.00,4822.00,7,10939,52749071.00,4819.00,4824.00,4730.00,4820.00
8106875813689926,20070421,4916.00,4916.00,17,524510,2579450160.00,4913.00,4918.00,4822.00,4913.00
8106875813689926,20070422,5014.00,5014.00,69,463468,2323828552.00,5014.00,5014.00,4916.00,5014.00
8106875813689926,20070423,5027.00,5027.00,3,1456,7445114.00,5027.00,5114.00,5014.00,5114.00
8106875813689926,20070424,5051.00,5051.00,3,2576,13206392.00,5051.00,5127.00,5027.00,5127.00
8106875813689926,20070425,5141.00,5141.00,9,22117,113714497.00,5141.00,5152.00,5051.00,5141.00
8106875813689926,20070428,5240.00,5240.00,24,53527,280511108.00,5200.00,5243.00,5141.00,5200.00
8106875813689926,20070429,5331.00,5331.00,5,12000,63974310.00,5300.00,5344.00,5240.00,5300.00
8106875813689926,20070430,5436.00,5436.00,7,10733,58355311.00,5436.00,5437.00,5331.00,5437.00
8106875813689926,20070501,5444.00,5444.00,3,810,4489640.00,5444.00,5544.00,5436.00,5544.00
8106875813689926,20070502,5552.00,5552.00,8,12278,68167456.00,5552.00,5552.00,5444.00,5552.00
8106875813689926,20070505,5637.00,5637.00,6,8290,46946010.00,5637.00,5663.00,5552.00,5663.00
8106875813689926,20070506,5644.00,5644.00,2,733,4212967.00,5644.00,5749.00,5637.00,5749.00
8106875813689926,20070507,5685.00,5685.00,3,3940,22677930.00,5685.00,5756.00,5644.00,5756.00
8106875813689926,20070508,5726.00,5726.00,7,3941,22849198.00,5726.00,5798.00,5685.00,5798.00
8106875813689926,20070509,5840.00,5840.00,11,684191,4437875440.00,5840.00,6500.00,5726.00,5840.00
8106875813689926,20070512,5956.00,5956.00,22,35981,214302836.00,5956.00,5956.00,5840.00,5956.00
8106875813689926,20070513,6075.00,6075.00,8,32566,197838450.00,6075.00,6075.00,5956.00,6075.00
8106875813689926,20070514,6086.00,6086.00,3,1018,6306428.00,6086.00,6196.00,6075.00,6196.00
8106875813689926,20070515,6115.00,6115.00,2,2576,15988312.00,6115.00,6207.00,6086.00,6207.00
8106875813689926,20070516,6125.00,6125.00,2,894,5574758.00,6125.00,6237.00,6115.00,6237.00
8106875813689926,20070519,6247.00,6247.00,10,22754,142144238.00,6247.00,6247.00,6125.00,6247.00
8106875813689926,20070520,6324.00,6324.00,3,6710,42748940.00,6324.00,6371.00,6247.00,6371.00
8106875813689926,20070521,6347.00,6347.00,2,2010,12963470.00,6347.00,6450.00,6324.00,6450.00
8106875813689926,20070523,6409.00,6409.00,4,5350,34629910.00,6409.00,6473.00,6347.00,6473.00
8106875813689926,20070526,6537.00,6537.00,7,12142,79372254.00,6537.00,6537.00,6409.00,6537.00
8106875813689926,20070527,6667.00,6667.00,17,24113,160761371.00,6667.00,6667.00,6537.00,6667.00
8106875813689926,20070715,9553.00,9553.00,44,106237,1014965157.00,8300.00,12000.00,6667.00,12000.00
8106875813689926,20070716,9437.00,9437.00,24,25776,243252070.00,9362.00,9730.00,9553.00,9400.00
8106875813689926,20070717,9249.00,9249.00,32,37154,343651896.00,9249.00,9400.00,9437.00,9249.00
8106875813689926,20070718,9068.00,9068.00,22,29641,268784734.00,9065.00,9075.00,9249.00,9065.00
8106875813689926,20070721,9249.00,9249.00,33,95466,882965034.00,9249.00,9249.00,9068.00,9249.00
8106875813689926,20070722,9433.00,9433.00,56,135560,1278737480.00,9433.00,9433.00,9249.00,9433.00
8106875813689926,20070723,9621.00,9621.00,44,154491,1486357911.00,9621.00,9621.00,9433.00,9621.00
8106875813689926,20070724,9813.00,9813.00,12,10837,106343481.00,9813.00,9813.00,9621.00,9813.00
8106875813689926,20070725,10009.00,10009.00,46,143477,1436061293.00,10009.00,10009.00,9813.00,10009.00
8106875813689926,20070729,10209.00,10209.00,8,10835,110614515.00,10209.00,10209.00,10009.00,10209.00
8106875813689926,20070730,10411.00,10411.00,77,186984,1946865125.00,10300.00,10413.00,10209.00,10413.00
8106875813689926,20070731,10619.00,10619.00,11,12670,134542730.00,10619.00,10619.00,10411.00,10619.00
8106875813689926,20070801,10831.00,10831.00,8,12760,138203560.00,10831.00,10831.00,10619.00,10831.00
8106875813689926,20070804,11047.00,11047.00,58,135673,1498779631.00,11047.00,11047.00,10831.00,11047.00
8106875813689926,20070805,11048.00,11048.00,9,12582,139018439.00,11048.00,11050.00,11047.00,11050.00
8106875813689926,20070806,10831.00,10831.00,11,37010,400873910.00,10828.00,10900.00,11048.00,10900.00
8106875813689926,20071103,15370.00,15370.00,114,195426,3003712685.00,11000.00,16000.00,10831.00,14011.00
8106875813689926,20071104,15516.00,15516.00,11,10851,168365143.00,15063.00,15677.00,15370.00,15677.00
8106875813689926,20071107,15499.00,15499.00,4,590,8974470.00,15206.00,15499.00,15516.00,15206.00
8106875813689926,20071110,15451.00,15451.00,4,1703,25871180.00,15190.00,15451.00,15499.00,15190.00
8106875813689926,20071111,15142.00,15142.00,6,14578,220740076.00,15142.00,15142.00,15451.00,15142.00
8106875813689926,20071112,15060.00,15060.00,4,2960,43928600.00,14840.00,15060.00,15142.00,14840.00
8106875813689926,20071113,14917.00,14917.00,3,5165,76231815.00,14759.00,14917.00,15060.00,14759.00
8106875813689926,20071114,14881.00,14881.00,2,1303,19051177.00,14619.00,14881.00,14917.00,14619.00
8106875813689926,20071117,14584.00,14584.00,49,71678,1045351952.00,14584.00,14584.00,14881.00,14584.00
8106875813689926,20071118,14293.00,14293.00,10,14490,207105570.00,14293.00,14293.00,14584.00,14293.00
8106875813689926,20071202,11499.00,11499.00,1,500,5749500.00,11499.00,11499.00,14293.00,11499.00
8106875813689926,20071205,11465.00,11465.00,2,2010,22654650.00,11270.00,11465.00,11499.00,11270.00
8106875813689926,20071209,11448.00,11448.00,2,1010,11350480.00,11236.00,11448.00,11465.00,11236.00
8106875813689926,20071211,11363.00,11363.00,4,5110,57335630.00,11220.00,11363.00,11448.00,11220.00
8106875813689926,20071212,11355.00,11355.00,2,510,5681550.00,11136.00,11355.00,11363.00,11136.00
8106875813689926,20071215,11322.00,11322.00,3,2010,22369220.00,11128.00,11322.00,11355.00,11128.00
8106875813689926,20071216,11106.00,11106.00,4,13010,144359060.00,11096.00,11106.00,11322.00,11096.00
8106875813689926,20071217,10891.00,10891.00,8,13210,143777710.00,10884.00,10891.00,11106.00,10884.00
8106875813689926,20071218,10779.00,10779.00,43,78833,849749726.00,10674.00,11108.00,10891.00,10674.00
8106875813689926,20071219,10983.00,10983.00,51,117870,1294624466.00,10566.00,10994.00,10779.00,10994.00
8106875813689926,20071222,10975.00,10975.00,21,21685,238006259.00,10765.00,11128.00,10983.00,11127.00
8106875813689926,20071223,11122.00,11122.00,36,50569,562467986.00,11000.00,11194.00,10975.00,11194.00
8106875813689926,20071224,11106.00,11106.00,11,3714,41097183.00,11001.00,11344.00,11122.00,11344.00
8106875813689926,20071225,11124.00,11124.00,23,40404,449471036.00,11050.00,11151.00,11106.00,11106.00
8106875813689926,20071226,11345.00,11345.00,37,62154,705141102.00,11336.00,11346.00,11124.00,11346.00
8106875813689926,20071230,11571.00,11571.00,14,17546,203024766.00,11571.00,11571.00,11345.00,11571.00
8106875813689926,20071231,11802.00,11802.00,11,17804,210122808.00,11802.00,11802.00,11571.00,11802.00
8106875813689926,20080101,12038.00,12038.00,11,15347,184747186.00,12038.00,12038.00,11802.00,12038.00
8106875813689926,20080102,12278.00,12278.00,11,20000,245560000.00,12278.00,12278.00,12038.00,12278.00
8106875813689926,20080105,12330.00,12330.00,2,2903,36352339.00,12330.00,12523.00,12278.00,12523.00
8106875813689926,20080108,12391.00,12391.00,7,3399,42743974.00,12391.00,12576.00,12330.00,12576.00
8106875813689926,20080109,12638.00,12638.00,18,14000,176932000.00,12638.00,12638.00,12391.00,12638.00
8106875813689926,20080112,12890.00,12890.00,17,14383,185396870.00,12890.00,12890.00,12638.00,12890.00
8106875813689926,20080113,13147.00,13147.00,73,171041,2248676027.00,13147.00,13147.00,12890.00,13147.00
8106875813689926,20080114,13409.00,13409.00,10,14000,187726000.00,13409.00,13409.00,13147.00,13409.00
8106875813689926,20080115,13677.00,13677.00,12,13600,186007200.00,13677.00,13677.00,13409.00,13677.00
8106875813689926,20080116,13950.00,13950.00,11,14440,201438000.00,13950.00,13950.00,13677.00,13950.00
8106875813689926,20080120,14177.00,14177.00,90,196506,2785929945.00,14000.00,14229.00,13950.00,14229.00
8106875813689926,20080121,14444.00,14444.00,51,28671,414146562.00,14177.00,14460.00,14177.00,14457.00
8106875813689926,20080122,14732.00,14732.00,13,16773,247099836.00,14732.00,14732.00,14444.00,14732.00
8106875813689926,20080123,15026.00,15026.00,13,20425,306906050.00,15026.00,15026.00,14732.00,15026.00
8106875813689926,20080226,20167.00,20167.00,197,180134,3632909649.00,18600.00,23000.00,15026.00,20402.00
8106875813689926,20080227,20061.00,20061.00,8,3610,71357010.00,19764.00,20061.00,20167.00,19770.00
8106875813689926,20080303,20018.00,20018.00,6,1460,28707180.00,19660.00,20018.00,20061.00,19660.00
8106875813689926,20080304,19996.00,19996.00,3,768,15070404.00,19618.00,19996.00,20018.00,19618.00
8106875813689926,20080305,19817.00,19817.00,117,123213,2441759434.00,19597.00,20395.00,19996.00,20300.00
8106875813689926,20080309,20212.00,20212.00,173,359544,7267289702.00,20102.00,20213.00,19817.00,20213.00
8106875813689926,20080310,20336.00,20336.00,100,121270,2466254874.00,19916.00,20616.00,20212.00,20616.00
8106875813689926,20080311,19982.00,19982.00,81,76205,1522743660.00,19930.00,20400.00,20336.00,20400.00
8106875813689926,20080312,19939.00,19939.00,101,110554,2204423573.00,19583.00,20350.00,19982.00,19982.00
8106875813689926,20080315,19712.00,19712.00,33,48397,954018251.00,19541.00,20000.00,19939.00,20000.00
8106875813689926,20080316,19457.00,19457.00,27,36300,706318290.00,19335.00,19712.00,19712.00,19712.00
8106875813689926,20080317,19594.00,19594.00,32,33276,652010057.00,19372.00,19839.00,19457.00,19700.00
8106875813689926,20080318,19918.00,19918.00,60,57734,1149951811.00,19594.00,19985.00,19594.00,19790.00
8106875813689926,20080326,20070.00,20070.00,24,14897,298986766.00,19600.00,20189.00,19918.00,20187.00
8106875813689926,20080329,19979.00,19979.00,15,13990,279516030.00,19900.00,20080.00,20070.00,20070.00
8106875813689926,20080330,20130.00,20130.00,49,53440,1075780936.00,19672.00,20378.00,19979.00,20000.00
8106875813689926,20080402,20369.00,20369.00,13,8084,165979058.00,20369.00,20532.00,20130.00,20532.00
8106875813689926,20080531,23748.00,23748.00,212,251195,5965538455.00,20531.00,25000.00,20369.00,23999.00
8106875813689926,20080602,23078.00,23078.00,138,142270,3283381745.00,23036.00,24395.00,23748.00,24000.00
8106875813689926,20080608,22622.00,22622.00,53,37422,846571978.00,22386.00,23769.00,23078.00,22888.00
8106875813689926,20080609,22006.00,22006.00,141,191543,4215108413.00,21944.00,22669.00,22622.00,22500.00
8106875813689926,20080617,22088.00,22088.00,57,62892,1389187150.00,19500.00,23980.00,22006.00,22501.00
8106875813689926,20080618,21886.00,21886.00,32,34005,744265824.00,21426.00,22088.00,22088.00,22037.00
8106875813689926,20080621,21645.00,21645.00,3,5010,106366450.00,21230.00,21645.00,21886.00,21230.00
8106875813689926,20080622,20996.00,20996.00,8,13600,285545600.00,20996.00,20996.00,21645.00,20996.00
8106875813689926,20080623,20367.00,20367.00,5,13600,276991200.00,20367.00,20367.00,20996.00,20367.00
8106875813689926,20080624,19756.00,19756.00,11,17400,343754400.00,19756.00,19756.00,20367.00,19756.00
8106875813689926,20080625,19578.00,19578.00,111,161403,3160044299.00,19164.00,20340.00,19756.00,19164.00
8106875813689926,20080628,19444.00,19444.00,20,9477,183717730.00,18991.00,20162.00,19578.00,20162.00
8106875813689926,20080629,18861.00,18861.00,21,15757,297198777.00,18861.00,18863.00,19444.00,18861.00
8106875813689926,20080630,18861.00,18861.00,3,220,4030770.00,18296.00,18861.00,18861.00,18296.00
8106875813689926,20080701,18296.00,18296.00,14,15482,283258672.00,18296.00,18296.00,18861.00,18296.00
8106875813689926,20080702,18066.00,18066.00,64,89223,1611941164.00,17748.00,18844.00,18296.00,17748.00
8106875813689926,20080705,18431.00,18431.00,50,103344,1904821840.00,18066.00,18607.00,18066.00,18607.00
8106875813689926,20080706,17985.00,17985.00,46,62049,1115970129.00,17879.00,18597.00,18431.00,18597.00
8106875813689926,20080707,17457.00,17457.00,47,85468,1492061036.00,17446.00,18098.00,17985.00,17446.00
8106875813689926,20080708,17001.00,17001.00,25,35610,605406910.00,16934.00,17400.00,17457.00,17400.00
8106875813689926,20080709,16498.00,16498.00,89,134056,2211690400.00,16491.00,16941.00,17001.00,16491.00
8106875813689926,20080712,16849.00,16849.00,21,26223,441853364.00,16029.00,16992.00,16498.00,16500.00
8106875813689926,20080713,17354.00,17354.00,48,98965,1717438610.00,17354.00,17354.00,16849.00,17354.00
8106875813689926,20080714,17106.00,17106.00,49,48601,831391702.00,16836.00,17874.00,17354.00,17874.00
8106875813689926,20080715,16598.00,16598.00,16,18830,312554281.00,16593.00,17000.00,17106.00,16593.00
8106875813689926,20080719,16595.00,16595.00,8,11510,191015950.00,16584.00,16598.00,16598.00,16598.00
8106875813689926,20080720,16502.00,16502.00,23,22753,375490430.00,16098.00,17091.00,16595.00,16600.00
8106875813689926,20080721,16017.00,16017.00,20,40813,653725291.00,16007.00,16868.00,16502.00,16007.00
8106875813689926,20080722,15550.00,15550.00,8,13243,205756621.00,15537.00,15550.00,16017.00,15537.00
8106875813689926,20080723,15184.00,15184.00,11,12470,188923320.00,15084.00,15600.00,15550.00,15090.00
8106875813689926,20080726,14729.00,14729.00,7,22000,324038000.00,14729.00,14729.00,15184.00,14729.00
8106875813689926,20080727,14297.00,14297.00,27,18291,261519849.00,14288.00,15160.00,14729.00,14288.00
8106875813689926,20080728,14540.00,14540.00,24,20587,299345282.00,14002.00,14725.00,14297.00,14300.00
8106875813689926,20080729,14592.00,14592.00,10,3014,44528660.00,14540.00,14960.00,14540.00,14540.00
8106875813689926,20080802,14389.00,14389.00,15,7710,109743890.00,14155.00,14550.00,14592.00,14550.00
8106875813689926,20080803,14818.00,14818.00,8,13681,202731131.00,14800.00,14820.00,14389.00,14817.00
8106875813689926,20080805,14546.00,14546.00,11,12523,181861697.00,14374.00,14800.00,14818.00,14374.00
8106875813689926,20080806,14468.00,14468.00,9,3326,47318164.00,14110.00,14500.00,14546.00,14111.00
8106875813689926,20080809,14223.00,14223.00,13,7690,107923350.00,14034.00,14223.00,14468.00,14034.00
8106875813689926,20080810,14061.00,14061.00,8,5190,71612070.00,13797.00,14061.00,14223.00,13799.00
8106875813689926,20080811,14061.00,14061.00,2,210,2868610.00,13640.00,14061.00,14061.00,13640.00
8106875813689926,20080812,13640.00,13640.00,5,13600,185504000.00,13640.00,13640.00,14061.00,13640.00
8106875813689926,20080813,13622.00,13622.00,3,610,8074820.00,13231.00,13622.00,13640.00,13231.00
8106875813689926,20080819,13214.00,13214.00,2,13600,179710400.00,13214.00,13214.00,13622.00,13214.00
8106875813689926,20080825,13127.00,13127.00,4,3010,38585270.00,12818.00,13127.00,13214.00,12818.00
8106875813689926,20080826,13127.00,13127.00,3,160,2041370.00,12734.00,13127.00,13127.00,12734.00
8106875813689926,20080827,12783.00,12783.00,23,18307,234021588.00,12734.00,13220.00,13127.00,12734.00
8106875813689926,20080831,12497.00,12497.00,16,15648,195568670.00,12400.00,12855.00,12783.00,12855.00
8106875813689926,20080901,12127.00,12127.00,32,37182,450909770.00,12123.00,12151.00,12497.00,12140.00
8106875813689926,20080902,12164.00,12164.00,6,4501,55087254.00,12154.00,12250.00,12127.00,12250.00
8106875813689926,20080903,12161.00,12161.00,16,16501,200684118.00,12100.00,12528.00,12164.00,12150.00
8106875813689926,20080906,12154.00,12154.00,7,2527,30639240.00,12100.00,12161.00,12161.00,12101.00
8106875813689926,20080907,12154.00,12154.00,4,10370,126036980.00,12154.00,12154.00,12154.00,12154.00
8106875813689926,20080908,12030.00,12030.00,14,17510,210657300.00,11800.00,12150.00,12154.00,11907.00
8106875813689926,20080909,12011.00,12011.00,3,748,8733308.00,11671.00,12011.00,12030.00,11671.00
8106875813689926,20080910,12009.00,12009.00,4,2010,24119352.00,11999.00,12009.00,12011.00,11999.00
8106875813689926,20080913,11984.00,11984.00,2,1010,11789840.00,11670.00,11984.00,12009.00,11670.00
8106875813689926,20080914,11926.00,11926.00,3,2380,27727390.00,11649.00,11926.00,11984.00,11649.00
8106875813689926,20080915,11824.00,11824.00,3,5010,58363240.00,11649.00,11824.00,11926.00,11649.00
8106875813689926,20080916,11477.00,11477.00,28,30807,353599746.00,11470.00,11500.00,11824.00,11470.00
8106875813689926,20080917,11712.00,11712.00,7,12460,146207970.00,11470.00,11800.00,11477.00,11648.00
8106875813689926,20080920,11802.00,11802.00,7,3839,46188420.00,11802.00,12063.00,11712.00,11900.00
8106875813689926,20080921,11828.00,11828.00,2,1010,12274280.00,11828.00,12156.00,11802.00,12156.00
8106875813689926,20080923,12034.00,12034.00,9,7929,96589598.00,12034.00,12182.00,11828.00,12182.00
8106875813689926,20080924,12395.00,12395.00,19,30763,381307385.00,12395.00,12395.00,12034.00,12395.00
8106875813689926,20080927,12452.00,12452.00,5,2110,26933120.00,12452.00,12766.00,12395.00,12766.00
8106875813689926,20080928,12463.00,12463.00,2,410,5254630.00,12463.00,12825.00,12452.00,12825.00
8106875813689926,20080929,12682.00,12682.00,2,8010,102814820.00,12682.00,12836.00,12463.00,12836.00
8106875813689926,20080930,13062.00,13062.00,7,13633,178074246.00,13062.00,13062.00,12682.00,13062.00
8106875813689926,20081004,13446.00,13446.00,40,41700,560701951.00,13420.00,13453.00,13062.00,13453.00
8106875813689926,20081005,13063.00,13063.00,8,13585,177459702.00,13043.00,13446.00,13446.00,13446.00
8106875813689926,20081006,12867.00,12867.00,13,8828,112662878.00,12672.00,13060.00,13063.00,13060.00
8106875813689926,20081007,12481.00,12481.00,7,15314,191134034.00,12481.00,12481.00,12867.00,12481.00
8106875813689926,20081008,12107.00,12107.00,15,14728,178311896.00,12107.00,12107.00,12481.00,12107.00
8106875813689926,20081011,11744.00,11744.00,15,22780,267528320.00,11744.00,11744.00,12107.00,11744.00
8106875813689926,20081012,11392.00,11392.00,6,13630,155272960.00,11392.00,11392.00,11744.00,11392.00
8106875813689926,20081013,11421.00,11421.00,32,39171,447374921.00,11051.00,11733.00,11392.00,11051.00
8106875813689926,20081015,11437.00,11437.00,3,653,7677979.00,11437.00,11763.00,11421.00,11763.00
8106875813689926,20081018,11502.00,11502.00,4,2571,30283600.00,11502.00,11780.00,11437.00,11780.00
8106875813689926,20081019,11756.00,11756.00,6,10010,118587560.00,11756.00,11847.00,11502.00,11847.00
8106875813689926,20081020,12106.00,12106.00,24,24199,292974530.00,12070.00,12108.00,11756.00,12108.00
8106875813689926,20081021,12004.00,12004.00,9,13116,157392040.00,12000.00,12004.00,12106.00,12000.00
8106875813689926,20081022,12004.00,12004.00,3,5796,69572888.00,12000.00,12004.00,12004.00,12000.00
8106875813689926,20081026,11657.00,11657.00,8,13110,152652970.00,11644.00,11657.00,12004.00,11644.00
8106875813689926,20081028,11323.00,11323.00,9,14410,163177586.00,11308.00,11341.00,11657.00,11320.00
8106875813689926,20081029,11448.00,11448.00,4,5090,59346670.00,11448.00,11660.00,11323.00,11599.00
8106875813689926,20081101,11691.00,11691.00,8,9974,117495876.00,11599.00,11791.00,11448.00,11791.00
8106875813689926,20081103,11679.00,11679.00,7,6433,75045100.00,11640.00,11700.00,11691.00,11640.00
8106875813689926,20081104,11720.00,11720.00,7,5520,65022730.00,11370.00,12020.00,11679.00,11400.00
8106875813689926,20081105,12070.00,12070.00,23,32006,386341416.00,12070.00,12071.00,11720.00,12070.00
8106875813689926,20081108,12079.00,12079.00,11,8394,101440440.00,12000.00,12400.00,12070.00,12400.00
8106875813689926,20081109,12114.00,12114.00,14,19020,230411180.00,12108.00,12121.00,12079.00,12121.00
8106875813689926,20081110,12309.00,12309.00,7,10677,132005650.00,12000.00,12390.00,12114.00,12390.00
8106875813689926,20081111,12581.00,12581.00,19,34686,436400785.00,12298.00,12678.00,12309.00,12298.00
8106875813689926,20081112,12355.00,12355.00,15,12295,151618030.00,12204.00,12958.00,12581.00,12958.00
8106875813689926,20081115,12002.00,12002.00,17,22548,270634358.00,11985.00,12068.00,12355.00,11985.00
8106875813689926,20081116,12024.00,12024.00,5,1501,18315505.00,12024.00,12205.00,12002.00,12201.00
8106875813689926,20081117,12083.00,12083.00,6,21930,264997510.00,12024.00,12204.00,12024.00,12204.00
8106875813689926,20081118,12105.00,12105.00,6,3051,37163385.00,11735.00,12440.00,12083.00,12439.00
8106875813689926,20081119,12208.00,12208.00,9,7260,89290580.00,12200.00,12440.00,12105.00,12200.00
8106875813689926,20081122,12538.00,12538.00,18,26885,337103130.00,12101.00,12570.00,12208.00,12548.00
8106875813689926,20081123,12814.00,12814.00,4,10010,129268140.00,12814.00,12914.00,12538.00,12914.00
8106875813689926,20081124,13152.00,13152.00,31,31711,417090087.00,12915.00,13198.00,12814.00,13000.00
8106875813689926,20081125,12819.00,12819.00,23,14482,185647458.00,12758.00,13540.00,13152.00,12800.00
8106875813689926,20081126,12813.00,12813.00,2,217,2705694.00,12452.00,12813.00,12819.00,12452.00
8106875813689926,20081129,12811.00,12811.00,7,7118,91187914.00,12810.00,12813.00,12813.00,12810.00
8106875813689926,20081130,12431.00,12431.00,38,79632,989907570.00,12430.00,12990.00,12811.00,12430.00
8106875813689926,20081201,12398.00,12398.00,3,1210,14598980.00,12061.00,12398.00,12431.00,12070.00
8106875813689926,20081203,12027.00,12027.00,13,21246,255537006.00,12027.00,12061.00,12398.00,12061.00
8106875813689926,20081206,12027.00,12027.00,0,0,0.00,0.00,0.00,12027.00,0.00
8106875813689926,20081207,12027.00,12027.00,0,0,0.00,0.00,0.00,12027.00,0.00
8106875813689926,20081208,12027.00,12027.00,0,0,0.00,0.00,0.00,12027.00,0.00
8106875813689926,20081210,12027.00,12027.00,0,0,0.00,0.00,0.00,12027.00,0.00
8106875813689926,20081213,12057.00,12199.00,2,2373,28948227.00,12199.00,12199.00,12027.00,12199.00
8106875813689926,20081214,12074.00,12100.00,4,6600,79810550.00,12057.00,12100.00,12057.00,12057.00
8106875813689926,20081215,12101.00,12429.00,2,1027,12764583.00,12429.00,12429.00,12074.00,12429.00
8106875813689926,20081216,12101.00,12429.00,0,0,0.00,0.00,0.00,12101.00,0.00
8106875813689926,20081220,11834.00,11738.00,3,10050,117987450.00,11738.00,12149.00,12101.00,12149.00
8106875813689926,20081221,11785.00,11479.00,3,1950,22404000.00,11479.00,11500.00,11834.00,11500.00
8106875813689926,20081222,11904.00,12099.00,3,5166,62503434.00,12099.00,12099.00,11785.00,12099.00
8106875813689926,20081223,11926.00,12100.00,2,1543,18670050.00,12099.00,12100.00,11904.00,12099.00
8106875813689926,20081224,11961.00,12250.00,2,3000,36250000.00,12000.00,12250.00,11926.00,12000.00
8106875813689926,20081227,11961.00,12250.00,0,0,0.00,0.00,0.00,11961.00,0.00
8106875813689926,20081228,12000.00,12050.00,2,6000,72300000.00,12050.00,12050.00,11961.00,12050.00
8106875813689926,20081229,12000.00,12050.00,0,0,0.00,0.00,0.00,12000.00,0.00
8106875813689926,20081230,12000.00,12050.00,0,0,0.00,0.00,0.00,12000.00,0.00
8106875813689926,20081231,12000.00,12050.00,0,0,0.00,0.00,0.00,12000.00,0.00
8106875813689926,20090103,12000.00,12050.00,0,0,0.00,0.00,0.00,12000.00,0.00
8106875813689926,20090104,11753.00,11650.00,5,22929,269491900.00,11650.00,12100.00,12000.00,12100.00
8106875813689926,20090105,12065.00,12105.00,5,12205,147686525.00,12080.00,12105.00,11753.00,12080.00
8106875813689926,20090110,12065.00,12105.00,0,0,0.00,0.00,0.00,12065.00,0.00
8106875813689926,20090111,12170.00,12426.00,5,4412,54655544.00,11705.00,12426.00,12065.00,11705.00
8106875813689926,20090112,12215.00,12347.00,3,3500,43208500.00,12344.00,12347.00,12170.00,12344.00
8106875813689926,20090113,12373.00,12580.00,8,10100,125516500.00,12329.00,12580.00,12215.00,12329.00
8106875813689926,20090114,12736.00,12738.00,16,17210,219192769.00,12730.00,12738.00,12373.00,12736.00
8106875813689926,20090117,12871.00,13110.00,7,4900,64237500.00,13109.00,13110.00,12736.00,13109.00
8106875813689926,20090118,12928.00,13257.00,2,2000,26514000.00,13257.00,13257.00,12871.00,13257.00
8106875813689926,20090119,13315.00,13315.00,14,15222,202678630.00,13313.00,13315.00,12928.00,13315.00
8106875813689926,20090120,13713.00,13714.00,17,28742,394152188.00,13710.00,13714.00,13315.00,13710.00
8106875813689926,20090121,14124.00,14124.00,8,13959,197156916.00,14124.00,14124.00,13713.00,14124.00
8106875813689926,20090124,14543.00,14536.00,23,61877,899857019.00,14533.00,14547.00,14124.00,14547.00
8106875813689926,20090125,14593.00,14884.00,2,2000,29766000.00,14880.00,14884.00,14543.00,14880.00
8106875813689926,20090126,14633.00,14773.00,1,3000,44319000.00,14773.00,14773.00,14593.00,14773.00
8106875813689926,20090127,14311.00,14195.00,1,10000,141950000.00,14195.00,14195.00,14633.00,14195.00
8106875813689926,20090128,14210.00,13882.00,4,3214,44616748.00,13882.00,13882.00,14311.00,13882.00
8106875813689926,20090131,14210.00,13882.00,0,0,0.00,0.00,0.00,14210.00,0.00
8106875813689926,20090201,14210.00,13882.00,0,0,0.00,0.00,0.00,14210.00,0.00
8106875813689926,20090202,14210.00,13882.00,0,0,0.00,0.00,0.00,14210.00,0.00
8106875813689926,20090203,14210.00,13882.00,0,0,0.00,0.00,0.00,14210.00,0.00
8106875813689926,20090204,14210.00,13882.00,0,0,0.00,0.00,0.00,14210.00,0.00
8106875813689926,20090207,14210.00,13882.00,0,0,0.00,0.00,0.00,14210.00,0.00
8106875813689926,20090208,14197.00,13784.00,1,400,5513600.00,13784.00,13784.00,14210.00,13784.00
8106875813689926,20090209,14197.00,13784.00,0,0,0.00,0.00,0.00,14197.00,0.00
8106875813689926,20090211,14197.00,13784.00,0,0,0.00,0.00,0.00,14197.00,0.00
8106875813689926,20090214,14197.00,13784.00,0,0,0.00,0.00,0.00,14197.00,0.00
8106875813689926,20090215,14197.00,13784.00,0,0,0.00,0.00,0.00,14197.00,0.00
8106875813689926,20090217,14197.00,13784.00,0,0,0.00,0.00,0.00,14197.00,0.00
8106875813689926,20090218,14197.00,13784.00,0,0,0.00,0.00,0.00,14197.00,0.00
8106875813689926,20090221,14197.00,13784.00,0,0,0.00,0.00,0.00,14197.00,0.00
8106875813689926,20090222,14197.00,13784.00,0,0,0.00,0.00,0.00,14197.00,0.00
8106875813689926,20090223,14197.00,13784.00,0,0,0.00,0.00,0.00,14197.00,0.00
8106875813689926,20090225,14197.00,13784.00,0,0,0.00,0.00,0.00,14197.00,0.00
8106875813689926,20090228,11716.00,10883.00,4,3000,35146800.00,10874.00,13396.00,14197.00,13396.00
8106875813689926,20090301,11716.00,10883.00,0,0,0.00,0.00,0.00,11716.00,0.00
8106875813689926,20090302,11716.00,10883.00,0,0,0.00,0.00,0.00,11716.00,0.00
8106875813689926,20090303,11716.00,10883.00,0,0,0.00,0.00,0.00,11716.00,0.00
8106875813689926,20090304,11716.00,10883.00,0,0,0.00,0.00,0.00,11716.00,0.00
8106875813689926,20090307,11716.00,10883.00,0,0,0.00,0.00,0.00,11716.00,0.00
8106875813689926,20090308,11716.00,10883.00,0,0,0.00,0.00,0.00,11716.00,0.00
8106875813689926,20090309,11716.00,10883.00,0,0,0.00,0.00,0.00,11716.00,0.00
8106875813689926,20090310,11716.00,10883.00,0,0,0.00,0.00,0.00,11716.00,0.00
8106875813689926,20090311,11716.00,10883.00,0,0,0.00,0.00,0.00,11716.00,0.00
8106875813689926,20090314,11716.00,10883.00,0,0,0.00,0.00,0.00,11716.00,0.00
8106875813689926,20090316,11716.00,10883.00,0,0,0.00,0.00,0.00,11716.00,0.00
8106875813689926,20090317,11716.00,10883.00,0,0,0.00,0.00,0.00,11716.00,0.00
8106875813689926,20090318,11716.00,10883.00,0,0,0.00,0.00,0.00,11716.00,0.00
8106875813689926,20090325,11716.00,10883.00,0,0,0.00,0.00,0.00,11716.00,0.00
8106875813689926,20090328,11716.00,10883.00,0,0,0.00,0.00,0.00,11716.00,0.00
8106875813689926,20090329,11716.00,10883.00,0,0,0.00,0.00,0.00,11716.00,0.00
8106875813689926,20090330,11716.00,10883.00,0,0,0.00,0.00,0.00,11716.00,0.00
8106875813689926,20090331,11716.00,10883.00,0,0,0.00,0.00,0.00,11716.00,0.00
8106875813689926,20090404,11716.00,10883.00,0,0,0.00,0.00,0.00,11716.00,0.00
8106875813689926,20090405,11716.00,10883.00,0,0,0.00,0.00,0.00,11716.00,0.00
8106875813689926,20090406,11716.00,10883.00,0,0,0.00,0.00,0.00,11716.00,0.00
8106875813689926,20090407,11716.00,10883.00,0,0,0.00,0.00,0.00,11716.00,0.00
8106875813689926,20090408,11365.00,11365.00,1,100,1136500.00,11365.00,11365.00,11716.00,11365.00
8106875813689926,20090411,11025.00,11025.00,1,100,1102500.00,11025.00,11025.00,11365.00,11025.00
8106875813689926,20090412,11025.00,11025.00,0,0,0.00,0.00,0.00,11025.00,0.00
8106875813689926,20090413,10695.00,10695.00,1,100,1069500.00,10695.00,10695.00,11025.00,10695.00
8106875813689926,20090414,10375.00,10375.00,1,100,1037500.00,10375.00,10375.00,10695.00,10375.00
8106875813689926,20090415,10064.00,10064.00,1,394,3965216.00,10064.00,10064.00,10375.00,10064.00
8106875813689926,20090418,9763.00,9763.00,2,100,976300.00,9763.00,9763.00,10064.00,9763.00
8106875813689926,20090419,9763.00,9763.00,0,0,0.00,0.00,0.00,9763.00,0.00
8106875813689926,20090420,9637.00,9471.00,6,5875,55642125.00,9471.00,9471.00,9763.00,9471.00
8106875813689926,20090421,9637.00,9471.00,0,0,0.00,0.00,0.00,9637.00,0.00
8106875813689926,20090422,9637.00,9471.00,0,0,0.00,0.00,0.00,9637.00,0.00
8106875813689926,20090425,9587.00,9348.00,3,2344,21911712.00,9348.00,9348.00,9637.00,9348.00
8106875813689926,20090426,9587.00,9348.00,0,0,0.00,0.00,0.00,9587.00,0.00
8106875813689926,20090427,9587.00,9348.00,0,0,0.00,0.00,0.00,9587.00,0.00
8106875813689926,20090428,9587.00,9348.00,0,0,0.00,0.00,0.00,9587.00,0.00
8106875813689926,20090429,9587.00,9348.00,0,0,0.00,0.00,0.00,9587.00,0.00
8106875813689926,20090502,9300.00,9300.00,62,127663,1187266700.00,9300.00,9301.00,9587.00,9300.00
8106875813689926,20090503,9028.00,9021.00,28,34649,312801402.00,9021.00,9298.00,9300.00,9021.00
8106875813689926,20090504,8948.00,8758.00,4,4008,35102064.00,8758.00,8758.00,9028.00,8758.00
8106875813689926,20090505,8680.00,8680.00,11,100763,874622840.00,8680.00,8680.00,8948.00,8680.00
8106875813689926,20090506,8658.00,8420.00,2,1145,9640900.00,8420.00,8420.00,8680.00,8420.00
8106875813689926,20090509,8639.00,8399.00,1,1000,8399000.00,8399.00,8399.00,8658.00,8399.00
8106875813689926,20090510,8591.00,8380.00,2,2500,20950000.00,8380.00,8380.00,8639.00,8380.00
8106875813689926,20090511,8581.00,8334.00,2,534,4450356.00,8334.00,8334.00,8591.00,8334.00
8106875813689926,20090512,8581.00,8334.00,0,0,0.00,0.00,0.00,8581.00,0.00
8106875813689926,20090513,8581.00,8334.00,0,0,0.00,0.00,0.00,8581.00,0.00
8106875813689926,20090516,8581.00,8334.00,0,0,0.00,0.00,0.00,8581.00,0.00
8106875813689926,20090517,8581.00,8334.00,0,0,0.00,0.00,0.00,8581.00,0.00
8106875813689926,20090518,8581.00,8334.00,0,0,0.00,0.00,0.00,8581.00,0.00
8106875813689926,20090519,8491.00,8324.00,4,4750,39539000.00,8324.00,8324.00,8581.00,8324.00
8106875813689926,20090520,8491.00,8324.00,0,0,0.00,0.00,0.00,8491.00,0.00
8106875813689926,20090523,8491.00,8324.00,0,0,0.00,0.00,0.00,8491.00,0.00
8106875813689926,20090524,8491.00,8324.00,0,0,0.00,0.00,0.00,8491.00,0.00
8106875813689926,20090525,8237.00,8237.00,1,600,4942200.00,8237.00,8237.00,8491.00,8237.00
8106875813689926,20090526,7990.00,7990.00,1,300,2397000.00,7990.00,7990.00,8237.00,7990.00
8106875813689926,20090527,7751.00,7751.00,3,3000,23253000.00,7751.00,7751.00,7990.00,7751.00
8106875813689926,20090530,7580.00,7519.00,3,10000,75190000.00,7519.00,7519.00,7751.00,7519.00
8106875813689926,20090531,7580.00,7519.00,0,0,0.00,0.00,0.00,7580.00,0.00
8106875813689926,20090601,7372.00,7801.00,90,300598,2215886042.00,7353.00,7804.00,7580.00,7353.00
8106875813689926,20090602,7385.00,7593.00,2,791,6006063.00,7593.00,7593.00,7372.00,7593.00
8106875813689926,20090603,7596.00,7606.00,5,13000,98878000.00,7606.00,7606.00,7385.00,7606.00
8106875813689926,20090606,7677.00,7823.00,4,4882,38191886.00,7823.00,7823.00,7596.00,7823.00
8106875813689926,20090607,7903.00,7907.00,6,13370,105716590.00,7907.00,7907.00,7677.00,7907.00
8106875813689926,20090608,8140.00,8140.00,42,113019,919974660.00,8140.00,8140.00,7903.00,8140.00
8106875813689926,20090609,8035.00,7896.00,22,25078,201500876.00,7896.00,8140.00,8140.00,8140.00
8106875813689926,20090610,8033.00,8034.00,7,13975,112265150.00,8032.00,8034.00,8035.00,8032.00
8106875813689926,20090613,7905.00,7793.00,8,17025,134579750.00,7793.00,8030.00,8033.00,8030.00
8106875813689926,20090614,7888.00,7668.00,1,1000,7668000.00,7668.00,7668.00,7905.00,7668.00
8106875813689926,20090615,7732.00,7652.00,4,9000,68868000.00,7652.00,7652.00,7888.00,7652.00
8106875813689926,20090616,7544.00,7501.00,12,11084,83142713.00,7501.00,7510.00,7732.00,7501.00
8106875813689926,20090617,7318.00,7318.00,24,73100,534970800.00,7318.00,7321.00,7544.00,7321.00
8106875813689926,20090620,7515.00,7537.00,49,109710,824505090.00,7101.00,7537.00,7318.00,7101.00
8106875813689926,20090621,7515.00,7537.00,0,0,0.00,0.00,0.00,7515.00,0.00
8106875813689926,20090622,7515.00,7537.00,0,0,0.00,0.00,0.00,7515.00,0.00
8106875813689926,20090623,7515.00,7537.00,0,0,0.00,0.00,0.00,7515.00,0.00
8106875813689926,20090624,7515.00,7537.00,0,0,0.00,0.00,0.00,7515.00,0.00
8106875813689926,20090627,7515.00,7537.00,0,0,0.00,0.00,0.00,7515.00,0.00
8106875813689926,20090628,7515.00,7537.00,0,0,0.00,0.00,0.00,7515.00,0.00
8106875813689926,20090629,7515.00,7537.00,0,0,0.00,0.00,0.00,7515.00,0.00
8106875813689926,20090630,7515.00,7537.00,0,0,0.00,0.00,0.00,7515.00,0.00
8106875813689926,20090701,7515.00,7537.00,0,0,0.00,0.00,0.00,7515.00,0.00
8106875813689926,20090704,7515.00,7537.00,0,0,0.00,0.00,0.00,7515.00,0.00
8106875813689926,20090705,7515.00,7537.00,0,0,0.00,0.00,0.00,7515.00,0.00
8106875813689926,20090707,7515.00,7537.00,0,0,0.00,0.00,0.00,7515.00,0.00
8106875813689926,20090711,7515.00,7537.00,0,0,0.00,0.00,0.00,7515.00,0.00
8106875813689926,20090712,7515.00,7537.00,0,0,0.00,0.00,0.00,7515.00,0.00
8106875813689926,20090713,7515.00,7537.00,0,0,0.00,0.00,0.00,7515.00,0.00
8106875813689926,20090714,7515.00,7537.00,0,0,0.00,0.00,0.00,7515.00,0.00
8106875813689926,20090715,7515.00,7537.00,0,0,0.00,0.00,0.00,7515.00,0.00
8106875813689926,20090718,7515.00,7537.00,0,0,0.00,0.00,0.00,7515.00,0.00
8106875813689926,20090719,7515.00,7537.00,0,0,0.00,0.00,0.00,7515.00,0.00
8106875813689926,20090721,7515.00,7537.00,0,0,0.00,0.00,0.00,7515.00,0.00
8106875813689926,20090722,7515.00,7537.00,0,0,0.00,0.00,0.00,7515.00,0.00
8106875813689926,20090725,7515.00,7537.00,0,0,0.00,0.00,0.00,7515.00,0.00
8106875813689926,20090726,4515.00,7537.00,0,0,0.00,0.00,0.00,7515.00,0.00
8106875813689926,20090727,4515.00,7537.00,0,0,0.00,0.00,0.00,4515.00,0.00
8106875813689926,20090728,4515.00,7537.00,0,0,0.00,0.00,0.00,4515.00,0.00
8106875813689926,20090729,4515.00,7537.00,0,0,0.00,0.00,0.00,4515.00,0.00
8106875813689926,20090801,4515.00,7537.00,0,0,0.00,0.00,0.00,4515.00,0.00
8106875813689926,20090802,4515.00,7537.00,0,0,0.00,0.00,0.00,4515.00,0.00
8106875813689926,20090803,4515.00,7537.00,0,0,0.00,0.00,0.00,4515.00,0.00
8106875813689926,20090804,4515.00,7537.00,0,0,0.00,0.00,0.00,4515.00,0.00
8106875813689926,20090805,4515.00,7537.00,0,0,0.00,0.00,0.00,4515.00,0.00
8106875813689926,20090808,4515.00,7537.00,0,0,0.00,0.00,0.00,4515.00,0.00
8106875813689926,20090809,4515.00,7537.00,0,0,0.00,0.00,0.00,4515.00,0.00
8106875813689926,20090810,4515.00,7537.00,0,0,0.00,0.00,0.00,4515.00,0.00
8106875813689926,20090811,4515.00,7537.00,0,0,0.00,0.00,0.00,4515.00,0.00
8106875813689926,20090812,4515.00,7537.00,0,0,0.00,0.00,0.00,4515.00,0.00
8106875813689926,20090815,4515.00,7537.00,0,0,0.00,0.00,0.00,4515.00,0.00
8106875813689926,20090816,4515.00,7537.00,0,0,0.00,0.00,0.00,4515.00,0.00
8106875813689926,20090817,4515.00,7537.00,0,0,0.00,0.00,0.00,4515.00,0.00
8106875813689926,20090818,4515.00,7537.00,0,0,0.00,0.00,0.00,4515.00,0.00
8106875813689926,20090819,4515.00,7537.00,0,0,0.00,0.00,0.00,4515.00,0.00
8106875813689926,20090822,4515.00,7537.00,0,0,0.00,0.00,0.00,4515.00,0.00
8106875813689926,20090823,4515.00,7537.00,0,0,0.00,0.00,0.00,4515.00,0.00
8106875813689926,20090824,4515.00,7537.00,0,0,0.00,0.00,0.00,4515.00,0.00
8106875813689926,20090825,4515.00,7537.00,0,0,0.00,0.00,0.00,4515.00,0.00
8106875813689926,20090826,4515.00,7537.00,0,0,0.00,0.00,0.00,4515.00,0.00
8106875813689926,20090829,4515.00,7537.00,0,0,0.00,0.00,0.00,4515.00,0.00
8106875813689926,20090830,4515.00,7537.00,0,0,0.00,0.00,0.00,4515.00,0.00
8106875813689926,20090831,4515.00,7537.00,0,0,0.00,0.00,0.00,4515.00,0.00
8106875813689926,20090901,4515.00,7537.00,0,0,0.00,0.00,0.00,4515.00,0.00
8106875813689926,20090902,4515.00,7537.00,0,0,0.00,0.00,0.00,4515.00,0.00
8106875813689926,20090905,4515.00,7537.00,0,0,0.00,0.00,0.00,4515.00,0.00
8106875813689926,20090906,4515.00,7537.00,0,0,0.00,0.00,0.00,4515.00,0.00
8106875813689926,20090907,4515.00,7537.00,0,0,0.00,0.00,0.00,4515.00,0.00
8106875813689926,20090908,4515.00,7537.00,0,0,0.00,0.00,0.00,4515.00,0.00
8106875813689926,20090909,4515.00,7537.00,0,0,0.00,0.00,0.00,4515.00,0.00
8106875813689926,20090912,4515.00,7537.00,0,0,0.00,0.00,0.00,4515.00,0.00
8106875813689926,20090913,4515.00,7537.00,0,0,0.00,0.00,0.00,4515.00,0.00
8106875813689926,20090914,4515.00,7537.00,0,0,0.00,0.00,0.00,4515.00,0.00
8106875813689926,20090915,4515.00,7537.00,0,0,0.00,0.00,0.00,4515.00,0.00
8106875813689926,20090916,4515.00,7537.00,0,0,0.00,0.00,0.00,4515.00,0.00
8106875813689926,20090919,4515.00,7537.00,0,0,0.00,0.00,0.00,4515.00,0.00
8106875813689926,20090920,4515.00,7537.00,0,0,0.00,0.00,0.00,4515.00,0.00
8106875813689926,20090921,4515.00,7537.00,0,0,0.00,0.00,0.00,4515.00,0.00
8106875813689926,20090922,4515.00,7537.00,0,0,0.00,0.00,0.00,4515.00,0.00
8106875813689926,20090923,4515.00,7537.00,0,0,0.00,0.00,0.00,4515.00,0.00
8106875813689926,20090926,4515.00,7537.00,0,0,0.00,0.00,0.00,4515.00,0.00
8106875813689926,20090927,4515.00,7537.00,0,0,0.00,0.00,0.00,4515.00,0.00
8106875813689926,20090928,4515.00,7537.00,0,0,0.00,0.00,0.00,4515.00,0.00
8106875813689926,20090929,4515.00,7537.00,0,0,0.00,0.00,0.00,4515.00,0.00
8106875813689926,20090930,4515.00,7537.00,0,0,0.00,0.00,0.00,4515.00,0.00
8106875813689926,20091003,4515.00,7537.00,0,0,0.00,0.00,0.00,4515.00,0.00
8106875813689926,20091004,4515.00,7537.00,0,0,0.00,0.00,0.00,4515.00,0.00
8106875813689926,20091005,4515.00,7537.00,0,0,0.00,0.00,0.00,4515.00,0.00
8106875813689926,20091006,4515.00,7537.00,0,0,0.00,0.00,0.00,4515.00,0.00
8106875813689926,20091007,4515.00,7537.00,0,0,0.00,0.00,0.00,4515.00,0.00
8106875813689926,20091010,4515.00,7537.00,0,0,0.00,0.00,0.00,4515.00,0.00
8106875813689926,20091011,4515.00,7537.00,0,0,0.00,0.00,0.00,4515.00,0.00
8106875813689926,20091012,4515.00,7537.00,0,0,0.00,0.00,0.00,4515.00,0.00
8106875813689926,20091013,4515.00,7537.00,0,0,0.00,0.00,0.00,4515.00,0.00
8106875813689926,20091017,4515.00,7537.00,0,0,0.00,0.00,0.00,4515.00,0.00
8106875813689926,20091018,4515.00,7537.00,0,0,0.00,0.00,0.00,4515.00,0.00
8106875813689926,20091019,4515.00,7537.00,0,0,0.00,0.00,0.00,4515.00,0.00
8106875813689926,20091020,4515.00,7537.00,0,0,0.00,0.00,0.00,4515.00,0.00
8106875813689926,20091021,4515.00,7537.00,0,0,0.00,0.00,0.00,4515.00,0.00
8106875813689926,20091024,4515.00,7537.00,0,0,0.00,0.00,0.00,4515.00,0.00
8106875813689926,20091025,4515.00,7537.00,0,0,0.00,0.00,0.00,4515.00,0.00
8106875813689926,20091026,4515.00,7537.00,0,0,0.00,0.00,0.00,4515.00,0.00
8106875813689926,20091027,4515.00,7537.00,0,0,0.00,0.00,0.00,4515.00,0.00
8106875813689926,20091028,4515.00,7537.00,0,0,0.00,0.00,0.00,4515.00,0.00
8106875813689926,20091031,4515.00,7537.00,0,0,0.00,0.00,0.00,4515.00,0.00
8106875813689926,20091101,4515.00,7537.00,0,0,0.00,0.00,0.00,4515.00,0.00
8106875813689926,20091102,4515.00,7537.00,0,0,0.00,0.00,0.00,4515.00,0.00
8106875813689926,20091103,4515.00,7537.00,0,0,0.00,0.00,0.00,4515.00,0.00
8106875813689926,20091104,4515.00,7537.00,0,0,0.00,0.00,0.00,4515.00,0.00
8106875813689926,20091107,4515.00,7537.00,0,0,0.00,0.00,0.00,4515.00,0.00
8106875813689926,20091108,4515.00,7537.00,0,0,0.00,0.00,0.00,4515.00,0.00
8106875813689926,20091109,4515.00,7537.00,0,0,0.00,0.00,0.00,4515.00,0.00
8106875813689926,20091110,4515.00,7537.00,0,0,0.00,0.00,0.00,4515.00,0.00
8106875813689926,20091111,4515.00,7537.00,0,0,0.00,0.00,0.00,4515.00,0.00
8106875813689926,20091114,4515.00,7537.00,0,0,0.00,0.00,0.00,4515.00,0.00
8106875813689926,20091115,4515.00,7537.00,0,0,0.00,0.00,0.00,4515.00,0.00
8106875813689926,20091116,4515.00,7537.00,0,0,0.00,0.00,0.00,4515.00,0.00
8106875813689926,20091117,4515.00,7537.00,0,0,0.00,0.00,0.00,4515.00,0.00
8106875813689926,20091118,4515.00,7537.00,0,0,0.00,0.00,0.00,4515.00,0.00
8106875813689926,20091121,4515.00,7537.00,0,0,0.00,0.00,0.00,4515.00,0.00
8106875813689926,20091122,4515.00,7537.00,0,0,0.00,0.00,0.00,4515.00,0.00
8106875813689926,20091123,4515.00,7537.00,0,0,0.00,0.00,0.00,4515.00,0.00
8106875813689926,20091124,4515.00,7537.00,0,0,0.00,0.00,0.00,4515.00,0.00
8106875813689926,20091125,4515.00,7537.00,0,0,0.00,0.00,0.00,4515.00,0.00
8106875813689926,20091129,4515.00,7537.00,0,0,0.00,0.00,0.00,4515.00,0.00
8106875813689926,20091130,4515.00,7537.00,0,0,0.00,0.00,0.00,4515.00,0.00
8106875813689926,20091201,4515.00,7537.00,0,0,0.00,0.00,0.00,4515.00,0.00
8106875813689926,20091202,4515.00,7537.00,0,0,0.00,0.00,0.00,4515.00,0.00
8106875813689926,20091205,4515.00,7537.00,0,0,0.00,0.00,0.00,4515.00,0.00
8106875813689926,20091207,4515.00,7537.00,0,0,0.00,0.00,0.00,4515.00,0.00
8106875813689926,20091208,4515.00,7537.00,0,0,0.00,0.00,0.00,4515.00,0.00
8106875813689926,20091209,4515.00,7537.00,0,0,0.00,0.00,0.00,4515.00,0.00
8106875813689926,20091212,4515.00,7537.00,0,0,0.00,0.00,0.00,4515.00,0.00
8106875813689926,20091213,4515.00,7537.00,0,0,0.00,0.00,0.00,4515.00,0.00
8106875813689926,20091214,4515.00,7537.00,0,0,0.00,0.00,0.00,4515.00,0.00
8106875813689926,20091215,4515.00,7537.00,0,0,0.00,0.00,0.00,4515.00,0.00
8106875813689926,20091216,4515.00,7537.00,0,0,0.00,0.00,0.00,4515.00,0.00
8106875813689926,20091219,4515.00,7537.00,0,0,0.00,0.00,0.00,4515.00,0.00
8106875813689926,20091220,4515.00,7537.00,0,0,0.00,0.00,0.00,4515.00,0.00
8106875813689926,20091221,4515.00,7537.00,0,0,0.00,0.00,0.00,4515.00,0.00
8106875813689926,20091222,4515.00,7537.00,0,0,0.00,0.00,0.00,4515.00,0.00
8106875813689926,20091223,4515.00,7537.00,0,0,0.00,0.00,0.00,4515.00,0.00
8106875813689926,20091228,4515.00,7537.00,0,0,0.00,0.00,0.00,4515.00,0.00
8106875813689926,20091229,4515.00,7537.00,0,0,0.00,0.00,0.00,4515.00,0.00
8106875813689926,20091230,4515.00,7537.00,0,0,0.00,0.00,0.00,4515.00,0.00
8106875813689926,20100102,4515.00,7537.00,0,0,0.00,0.00,0.00,4515.00,0.00
8106875813689926,20100103,4515.00,7537.00,0,0,0.00,0.00,0.00,4515.00,0.00
8106875813689926,20100104,4515.00,7537.00,0,0,0.00,0.00,0.00,4515.00,0.00
8106875813689926,20100105,4515.00,7537.00,0,0,0.00,0.00,0.00,4515.00,0.00
8106875813689926,20100106,4515.00,7537.00,0,0,0.00,0.00,0.00,4515.00,0.00
8106875813689926,20100109,4515.00,7537.00,0,0,0.00,0.00,0.00,4515.00,0.00
8106875813689926,20100110,4515.00,7537.00,0,0,0.00,0.00,0.00,4515.00,0.00
8106875813689926,20100111,4515.00,7537.00,0,0,0.00,0.00,0.00,4515.00,0.00
8106875813689926,20100112,4515.00,7537.00,0,0,0.00,0.00,0.00,4515.00,0.00
8106875813689926,20100113,4515.00,7537.00,0,0,0.00,0.00,0.00,4515.00,0.00
8106875813689926,20100116,4515.00,7537.00,0,0,0.00,0.00,0.00,4515.00,0.00
8106875813689926,20100117,4515.00,7537.00,0,0,0.00,0.00,0.00,4515.00,0.00
8106875813689926,20100118,4515.00,7537.00,0,0,0.00,0.00,0.00,4515.00,0.00
8106875813689926,20100119,4515.00,7537.00,0,0,0.00,0.00,0.00,4515.00,0.00
8106875813689926,20100120,4515.00,7537.00,0,0,0.00,0.00,0.00,4515.00,0.00
8106875813689926,20100123,4515.00,7537.00,0,0,0.00,0.00,0.00,4515.00,0.00
8106875813689926,20100124,4515.00,7537.00,0,0,0.00,0.00,0.00,4515.00,0.00
8106875813689926,20100125,4515.00,7537.00,0,0,0.00,0.00,0.00,4515.00,0.00
8106875813689926,20100126,4515.00,7537.00,0,0,0.00,0.00,0.00,4515.00,0.00
8106875813689926,20100127,4515.00,7537.00,0,0,0.00,0.00,0.00,4515.00,0.00
8106875813689926,20100130,4515.00,7537.00,0,0,0.00,0.00,0.00,4515.00,0.00
8106875813689926,20100131,4515.00,7537.00,0,0,0.00,0.00,0.00,4515.00,0.00
8106875813689926,20100201,4515.00,7537.00,0,0,0.00,0.00,0.00,4515.00,0.00
8106875813689926,20100202,4515.00,7537.00,0,0,0.00,0.00,0.00,4515.00,0.00
8106875813689926,20100203,4515.00,7537.00,0,0,0.00,0.00,0.00,4515.00,0.00
8106875813689926,20100206,4515.00,7537.00,0,0,0.00,0.00,0.00,4515.00,0.00
8106875813689926,20100207,4515.00,7537.00,0,0,0.00,0.00,0.00,4515.00,0.00
8106875813689926,20100208,2953.00,2851.00,43,143244,422994022.00,2833.00,7000.00,4515.00,7000.00
8106875813689926,20100209,3249.00,3360.00,44,152508,495545332.00,3100.00,3500.00,2953.00,3120.00
8106875813689926,20100210,3362.00,3362.00,28,140285,471638170.00,3362.00,3362.00,3249.00,3362.00
8106875813689926,20100214,3362.00,3362.00,0,0,0.00,0.00,0.00,3362.00,0.00
8106875813689926,20100216,3405.00,3479.00,1,5000,17395000.00,3479.00,3479.00,3362.00,3479.00
8106875813689926,20100217,3524.00,3524.00,5,14365,50622260.00,3524.00,3524.00,3405.00,3524.00
8106875813689926,20100220,3569.00,3647.00,1,5000,18235000.00,3647.00,3647.00,3524.00,3647.00
8106875813689926,20100221,3662.00,3693.00,4,10151,37487643.00,3693.00,3693.00,3569.00,3693.00
8106875813689926,20100222,3728.00,3790.00,6,6980,26454200.00,3790.00,3790.00,3662.00,3790.00
8106875813689926,20100223,3838.00,3858.00,4,11530,44482740.00,3858.00,3858.00,3728.00,3858.00
8106875813689926,20100224,3838.00,3858.00,0,0,0.00,0.00,0.00,3838.00,0.00
8106875813689926,20100227,3843.00,3972.00,1,477,1894644.00,3972.00,3972.00,3838.00,3972.00
8106875813689926,20100228,3891.00,3977.00,1,4838,19240726.00,3977.00,3977.00,3843.00,3977.00
8106875813689926,20100301,3941.00,4027.00,1,5000,20135000.00,4027.00,4027.00,3891.00,4027.00
8106875813689926,20100302,3947.00,4078.00,1,600,2446800.00,4078.00,4078.00,3941.00,4078.00
8106875813689926,20100303,4061.00,4085.00,2,11250,45956250.00,4085.00,4085.00,3947.00,4085.00
8106875813689926,20100306,4181.00,4203.00,3,11470,48208410.00,4203.00,4203.00,4061.00,4203.00
8106875813689926,20100307,4194.00,4327.00,1,1250,5408750.00,4327.00,4327.00,4181.00,4327.00
8106875813689926,20100308,4271.00,4340.00,4,7200,31248000.00,4340.00,4340.00,4194.00,4340.00
8106875813689926,20100309,4271.00,4340.00,0,0,0.00,0.00,0.00,4271.00,0.00
8106875813689926,20100310,4271.00,4340.00,0,0,0.00,0.00,0.00,4271.00,0.00
8106875813689926,20100313,4271.00,4340.00,0,0,0.00,0.00,0.00,4271.00,0.00
8106875813689926,20100314,4271.00,4340.00,0,0,0.00,0.00,0.00,4271.00,0.00
8106875813689926,20100315,4271.00,4340.00,0,0,0.00,0.00,0.00,4271.00,0.00
8106875813689926,20100316,4271.00,4340.00,0,0,0.00,0.00,0.00,4271.00,0.00
8106875813689926,20100317,4271.00,4340.00,0,0,0.00,0.00,0.00,4271.00,0.00
8106875813689926,20100327,4271.00,4340.00,0,0,0.00,0.00,0.00,4271.00,0.00
8106875813689926,20100328,4271.00,4340.00,0,0,0.00,0.00,0.00,4271.00,0.00
8106875813689926,20100329,4271.00,4340.00,0,0,0.00,0.00,0.00,4271.00,0.00
8106875813689926,20100330,4271.00,4340.00,0,0,0.00,0.00,0.00,4271.00,0.00
8106875813689926,20100331,4271.00,4340.00,0,0,0.00,0.00,0.00,4271.00,0.00
8106875813689926,20100403,4271.00,4340.00,0,0,0.00,0.00,0.00,4271.00,0.00
8106875813689926,20100404,4271.00,4340.00,0,0,0.00,0.00,0.00,4271.00,0.00
8106875813689926,20100405,4271.00,4340.00,0,0,0.00,0.00,0.00,4271.00,0.00
8106875813689926,20100406,4271.00,4340.00,0,0,0.00,0.00,0.00,4271.00,0.00
8106875813689926,20100407,4271.00,4340.00,0,0,0.00,0.00,0.00,4271.00,0.00
8106875813689926,20100410,4271.00,4340.00,0,0,0.00,0.00,0.00,4271.00,0.00
8106875813689926,20100411,4271.00,4340.00,0,0,0.00,0.00,0.00,4271.00,0.00
8106875813689926,20100412,4271.00,4340.00,0,0,0.00,0.00,0.00,4271.00,0.00
8106875813689926,20100413,4271.00,4340.00,0,0,0.00,0.00,0.00,4271.00,0.00
8106875813689926,20100414,4271.00,4340.00,0,0,0.00,0.00,0.00,4271.00,0.00
8106875813689926,20100417,4271.00,4340.00,0,0,0.00,0.00,0.00,4271.00,0.00
8106875813689926,20100418,4271.00,4340.00,0,0,0.00,0.00,0.00,4271.00,0.00
8106875813689926,20100419,4271.00,4340.00,0,0,0.00,0.00,0.00,4271.00,0.00
8106875813689926,20100420,4271.00,4340.00,0,0,0.00,0.00,0.00,4271.00,0.00
8106875813689926,20100421,4271.00,4340.00,0,0,0.00,0.00,0.00,4271.00,0.00
8106875813689926,20100424,4271.00,4340.00,0,0,0.00,0.00,0.00,4271.00,0.00
8106875813689926,20100425,4271.00,4340.00,0,0,0.00,0.00,0.00,4271.00,0.00
8106875813689926,20100426,4271.00,4340.00,0,0,0.00,0.00,0.00,4271.00,0.00
8106875813689926,20100427,4271.00,4340.00,0,0,0.00,0.00,0.00,4271.00,0.00
8106875813689926,20100428,4271.00,4340.00,0,0,0.00,0.00,0.00,4271.00,0.00
8106875813689926,20100501,4271.00,4340.00,0,0,0.00,0.00,0.00,4271.00,0.00
8106875813689926,20100502,4271.00,4340.00,0,0,0.00,0.00,0.00,4271.00,0.00
8106875813689926,20100503,4271.00,4340.00,0,0,0.00,0.00,0.00,4271.00,0.00
8106875813689926,20100504,4271.00,4340.00,0,0,0.00,0.00,0.00,4271.00,0.00
8106875813689926,20100505,4271.00,4340.00,0,0,0.00,0.00,0.00,4271.00,0.00
8106875813689926,20100508,4271.00,4340.00,0,0,0.00,0.00,0.00,4271.00,0.00
8106875813689926,20100509,4271.00,4340.00,0,0,0.00,0.00,0.00,4271.00,0.00
8106875813689926,20100510,4271.00,4340.00,0,0,0.00,0.00,0.00,4271.00,0.00
8106875813689926,20100511,4271.00,4340.00,0,0,0.00,0.00,0.00,4271.00,0.00
8106875813689926,20100512,4271.00,4340.00,0,0,0.00,0.00,0.00,4271.00,0.00
8106875813689926,20100515,4271.00,4340.00,0,0,0.00,0.00,0.00,4271.00,0.00
8106875813689926,20100516,4271.00,4340.00,0,0,0.00,0.00,0.00,4271.00,0.00
8106875813689926,20100518,4271.00,4340.00,0,0,0.00,0.00,0.00,4271.00,0.00
8106875813689926,20100519,4271.00,4340.00,0,0,0.00,0.00,0.00,4271.00,0.00
8106875813689926,20100522,4271.00,4340.00,0,0,0.00,0.00,0.00,4271.00,0.00
8106875813689926,20100523,4271.00,4340.00,0,0,0.00,0.00,0.00,4271.00,0.00
8106875813689926,20100524,4271.00,4340.00,0,0,0.00,0.00,0.00,4271.00,0.00
8106875813689926,20100525,4271.00,4340.00,0,0,0.00,0.00,0.00,4271.00,0.00
8106875813689926,20100526,4271.00,4340.00,0,0,0.00,0.00,0.00,4271.00,0.00
8106875813689926,20100529,4271.00,4340.00,0,0,0.00,0.00,0.00,4271.00,0.00
8106875813689926,20100530,4271.00,4340.00,0,0,0.00,0.00,0.00,4271.00,0.00
8106875813689926,20100531,4271.00,4340.00,0,0,0.00,0.00,0.00,4271.00,0.00
8106875813689926,20100601,4271.00,4340.00,0,0,0.00,0.00,0.00,4271.00,0.00
8106875813689926,20100602,4271.00,4340.00,0,0,0.00,0.00,0.00,4271.00,0.00
8106875813689926,20100606,4271.00,4340.00,0,0,0.00,0.00,0.00,4271.00,0.00
8106875813689926,20100607,4271.00,4340.00,0,0,0.00,0.00,0.00,4271.00,0.00
8106875813689926,20100608,4271.00,4340.00,0,0,0.00,0.00,0.00,4271.00,0.00
8106875813689926,20100609,4271.00,4340.00,0,0,0.00,0.00,0.00,4271.00,0.00
8106875813689926,20100612,4271.00,4340.00,0,0,0.00,0.00,0.00,4271.00,0.00
8106875813689926,20100613,4271.00,4340.00,0,0,0.00,0.00,0.00,4271.00,0.00
8106875813689926,20100614,4359.00,4237.00,5,5000,21797000.00,4237.00,4390.00,4271.00,4390.00
8106875813689926,20100615,4333.00,4207.00,1,2365,9949555.00,4207.00,4207.00,4359.00,4207.00
8106875813689926,20100616,4333.00,4207.00,0,0,0.00,0.00,0.00,4333.00,0.00
8106875813689926,20100619,4188.00,4182.00,6,13090,54742380.00,4182.00,4182.00,4333.00,4182.00
8106875813689926,20100620,4188.00,4182.00,0,0,0.00,0.00,0.00,4188.00,0.00
8106875813689926,20100621,4188.00,4182.00,0,0,0.00,0.00,0.00,4188.00,0.00
8106875813689926,20100622,4188.00,4182.00,0,0,0.00,0.00,0.00,4188.00,0.00
8106875813689926,20100623,4188.00,4182.00,0,0,0.00,0.00,0.00,4188.00,0.00
8106875813689926,20100627,4188.00,4182.00,0,0,0.00,0.00,0.00,4188.00,0.00
8106875813689926,20100628,4188.00,4182.00,0,0,0.00,0.00,0.00,4188.00,0.00
8106875813689926,20100629,4188.00,4182.00,0,0,0.00,0.00,0.00,4188.00,0.00
8106875813689926,20100630,4188.00,4182.00,0,0,0.00,0.00,0.00,4188.00,0.00
8106875813689926,20100703,4188.00,4182.00,0,0,0.00,0.00,0.00,4188.00,0.00
8106875813689926,20100704,4188.00,4182.00,0,0,0.00,0.00,0.00,4188.00,0.00
8106875813689926,20100705,4021.00,4021.00,1,10,40210.00,4021.00,4021.00,4188.00,4021.00
8106875813689926,20100706,3861.00,3861.00,1,10,38610.00,3861.00,3861.00,4021.00,3861.00
8106875813689926,20100707,3707.00,3707.00,1,10,37070.00,3707.00,3707.00,3861.00,3707.00
8106875813689926,20100711,3559.00,3560.00,30,55976,199224364.00,3559.00,3561.00,3707.00,3559.00
8106875813689926,20100712,3559.00,3560.00,0,0,0.00,0.00,0.00,3559.00,0.00
8106875813689926,20100713,3662.00,3701.00,13,32447,118813220.00,3600.00,3701.00,3559.00,3600.00
8106875813689926,20100714,3795.00,3808.00,11,16715,63430856.00,3752.00,3808.00,3662.00,3797.00
8106875813689926,20100717,3795.00,3808.00,0,0,0.00,0.00,0.00,3795.00,0.00
8106875813689926,20100718,3779.00,3652.00,6,3222,12015764.00,3652.00,3900.00,3795.00,3900.00
8106875813689926,20100719,3696.00,3628.00,10,8711,31784272.00,3628.00,3685.00,3779.00,3628.00
8106875813689926,20100720,3685.00,3549.00,1,1000,3549000.00,3549.00,3549.00,3696.00,3549.00
8106875813689926,20100721,3647.00,3538.00,2,3486,12333468.00,3538.00,3538.00,3685.00,3538.00
8106875813689926,20100724,3505.00,3502.00,11,24183,84764186.00,3502.00,3684.00,3647.00,3502.00
8106875813689926,20100725,3523.00,3639.00,1,1800,6550200.00,3639.00,3639.00,3505.00,3639.00
8106875813689926,20100726,3606.00,3663.00,5,11165,40458503.00,3600.00,3663.00,3523.00,3600.00
8106875813689926,20100728,3750.00,3750.00,2,33900,127125000.00,3750.00,3750.00,3606.00,3750.00
8106875813689926,20100731,3899.00,3900.00,17,44378,173051017.00,3898.00,3900.00,3750.00,3900.00
8106875813689926,20100801,3960.00,4030.00,18,31687,125473478.00,3900.00,4054.00,3899.00,4054.00
8106875813689926,20100802,3940.00,3900.00,2,7000,27454000.00,3900.00,3977.00,3960.00,3977.00
8106875813689926,20100803,3860.00,3783.00,8,24427,94283901.00,3783.00,3900.00,3940.00,3900.00
8106875813689926,20100804,3738.00,3706.00,11,11198,41558288.00,3706.00,3745.00,3860.00,3706.00
8106875813689926,20100807,3723.00,3610.00,2,1580,5703800.00,3610.00,3610.00,3738.00,3610.00
8106875813689926,20100808,3723.00,3610.00,0,0,0.00,0.00,0.00,3723.00,0.00
8106875813689926,20100809,3714.00,3600.00,1,1000,3600000.00,3600.00,3600.00,3723.00,3600.00
8106875813689926,20100810,3566.00,3770.00,6,38482,137228852.00,3566.00,3770.00,3714.00,3566.00
8106875813689926,20100811,3633.00,3708.00,5,11745,42791684.00,3600.00,3708.00,3566.00,3601.00
8106875813689926,20100814,3517.00,3500.00,10,40500,142444000.00,3500.00,3620.00,3633.00,3620.00
8106875813689926,20100815,3511.00,3420.00,3,710,2420370.00,3381.00,3420.00,3517.00,3381.00
8106875813689926,20100816,3438.00,3421.00,5,11709,40115159.00,3410.00,3430.00,3511.00,3410.00
8106875813689926,20100817,3560.00,3575.00,9,14004,49859965.00,3370.00,3575.00,3438.00,3370.00
8106875813689926,20100818,3702.00,3702.00,2,35569,131676438.00,3702.00,3702.00,3560.00,3702.00
8106875813689926,20100821,3835.00,3602.00,22,254620,976556040.00,3602.00,3850.00,3702.00,3850.00
8106875813689926,20100822,3729.00,3700.00,22,91350,340611560.00,3682.00,3800.00,3835.00,3800.00
8106875813689926,20100823,3794.00,3878.00,14,154001,584222198.00,3580.00,3878.00,3729.00,3878.00
8106875813689926,20100824,3798.00,3945.00,2,400,1578000.00,3945.00,3945.00,3794.00,3945.00
8106875813689926,20100825,3942.00,3949.00,2,13000,51337000.00,3949.00,3949.00,3798.00,3949.00
8106875813689926,20100828,4094.00,4099.00,4,13190,54065810.00,4099.00,4099.00,3942.00,4099.00
8106875813689926,20100829,4257.00,4257.00,4,13736,58474152.00,4257.00,4257.00,4094.00,4257.00
8106875813689926,20100830,4427.00,4427.00,8,13950,61756650.00,4427.00,4427.00,4257.00,4427.00
8106875813689926,20100831,4583.00,4604.00,2,12000,55248000.00,4604.00,4604.00,4427.00,4604.00
8106875813689926,20100904,4766.00,4766.00,1,22965,109451190.00,4766.00,4766.00,4583.00,4766.00
8106875813689926,20100905,4934.00,4956.00,57,302194,1490967704.00,4641.00,4956.00,4766.00,4890.00
8106875813689926,20100906,5042.00,5129.00,25,131898,665046837.00,4801.00,5130.00,4934.00,5125.00
8106875813689926,20100907,4845.00,4841.00,20,136600,661821600.00,4841.00,4850.00,5042.00,4843.00
8106875813689926,20100908,4656.00,4799.00,26,82484,384066992.00,4652.00,4800.00,4845.00,4652.00
8106875813689926,20100912,4837.00,4800.00,12,75845,366895190.00,4800.00,4842.00,4656.00,4800.00
8106875813689926,20100913,4977.00,4701.00,9,37850,188365340.00,4701.00,5010.00,4837.00,5000.00
8106875813689926,20100914,4787.00,4778.00,8,34000,162758780.00,4778.00,4976.00,4977.00,4976.00
8106875813689926,20100915,4853.00,4805.00,19,30070,145939316.00,4776.00,4970.00,4787.00,4776.00
8106875813689926,20100918,4915.00,4870.00,23,48628,239030570.00,4870.00,4970.00,4853.00,4899.00
8106875813689926,20100919,4950.00,5047.00,6,20000,99008198.00,4900.00,5047.00,4915.00,4900.00
8106875813689926,20100920,5125.00,5148.00,28,96803,496102452.00,5040.00,5148.00,4950.00,5040.00
8106875813689926,20100921,5330.00,5330.00,30,115130,613642900.00,5330.00,5330.00,5125.00,5330.00
8106875813689926,20100922,5489.00,5543.00,2,10132,56161676.00,5543.00,5543.00,5330.00,5543.00
8106875813689926,20100925,5704.00,5708.00,2,13357,76241756.00,5708.00,5708.00,5489.00,5708.00
8106875813689926,20100926,5870.00,5697.00,51,309064,1814314416.00,5500.00,5932.00,5704.00,5932.00
8106875813689926,20100927,5789.00,6104.00,30,204643,1184619225.00,5636.00,6104.00,5870.00,5884.00
8106875813689926,20100928,6020.00,6020.00,13,70000,421400000.00,6020.00,6020.00,5789.00,6020.00
8106875813689926,20100929,6259.00,6220.00,45,171308,1072292534.00,6220.00,6260.00,6020.00,6260.00
8106875813689926,20101002,6036.00,6009.00,11,96965,585271265.00,6009.00,6259.00,6259.00,6259.00
8106875813689926,20101003,5909.00,5800.00,12,77000,455015000.00,5800.00,6095.00,6036.00,5850.00
8106875813689926,20101005,6139.00,6090.00,19,40217,246903641.00,6090.00,6145.00,5909.00,6145.00
8106875813689926,20101006,6335.00,6329.00,23,116230,736367178.00,6320.00,6384.00,6139.00,6327.00
8106875813689926,20101009,6425.00,6490.00,5,8000,51899000.00,6487.00,6490.00,6335.00,6487.00
8106875813689926,20101010,6341.00,6168.00,7,6586,41172384.00,6168.00,6424.00,6425.00,6200.00
8106875813689926,20101011,6321.00,6088.00,2,1084,6599392.00,6088.00,6088.00,6341.00,6088.00
8106875813689926,20101012,6321.00,6088.00,0,0,0.00,0.00,0.00,6321.00,0.00
8106875813689926,20101013,6069.00,6069.00,24,96000,582624000.00,6069.00,6069.00,6321.00,6069.00
8106875813689926,20101016,6151.00,6200.00,4,8000,49669640.00,6200.00,6240.00,6069.00,6240.00
8106875813689926,20101017,6331.00,6252.00,12,53118,336266568.00,6252.00,6350.00,6151.00,6297.00
8106875813689926,20101018,6541.00,6500.00,16,29100,190349350.00,6350.00,6583.00,6331.00,6350.00
8106875813689926,20101019,6786.00,6802.00,6,37000,251082400.00,6562.00,6802.00,6541.00,6562.00
8106875813689926,20101020,6541.00,6694.00,51,35652,233185960.00,6515.00,6699.00,6786.00,6523.00
8106875813689926,20101023,6713.00,6715.00,36,65640,440639039.00,6610.00,6799.00,6541.00,6657.00
8106875813689926,20101024,6446.00,6448.00,5,13621,87798123.00,6445.00,6449.00,6713.00,6447.00
8106875813689926,20101025,6384.00,6189.00,3,3302,20436078.00,6189.00,6189.00,6446.00,6189.00
8106875813689926,20101026,6384.00,6189.00,0,0,0.00,0.00,0.00,6384.00,0.00
8106875813689926,20101027,6201.00,6129.00,6,10482,64424678.00,6129.00,6490.00,6384.00,6129.00
8106875813689926,20101030,6140.00,5953.00,9,4762,28693811.00,5953.00,6440.00,6201.00,6440.00
8106875813689926,20101031,6110.00,5895.00,2,1687,9944865.00,5895.00,5895.00,6140.00,5895.00
8106875813689926,20101101,5942.00,5866.00,3,9346,54823636.00,5866.00,5866.00,6110.00,5866.00
8106875813689926,20101102,5942.00,5866.00,0,0,0.00,0.00,0.00,5942.00,0.00
8106875813689926,20101103,5942.00,5866.00,0,0,0.00,0.00,0.00,5942.00,0.00
8106875813689926,20101106,5942.00,5866.00,0,0,0.00,0.00,0.00,5942.00,0.00
8106875813689926,20101107,5942.00,5866.00,0,0,0.00,0.00,0.00,5942.00,0.00
8106875813689926,20101108,5942.00,5866.00,0,0,0.00,0.00,0.00,5942.00,0.00
8106875813689926,20101109,5864.00,5705.00,1,4500,25672500.00,5705.00,5705.00,5942.00,5705.00
8106875813689926,20101110,5630.00,5630.00,5,18110,101959300.00,5630.00,5630.00,5864.00,5630.00
8106875813689926,20101113,5407.00,5405.00,13,53127,287267615.00,5405.00,5630.00,5630.00,5405.00
8106875813689926,20101114,5406.00,5400.00,1,1607,8677800.00,5400.00,5400.00,5407.00,5400.00
8106875813689926,20101115,5406.00,5400.00,0,0,0.00,0.00,0.00,5406.00,0.00
8106875813689926,20101116,5260.00,5192.00,8,25259,132868210.00,5190.00,5300.00,5406.00,5190.00
8106875813689926,20101120,5254.00,5260.00,9,19356,101698338.00,5200.00,5260.00,5260.00,5200.00
8106875813689926,20101121,5254.00,5260.00,0,0,0.00,0.00,0.00,5254.00,0.00
8106875813689926,20101122,5254.00,5260.00,0,0,0.00,0.00,0.00,5254.00,0.00
8106875813689926,20101123,5254.00,5260.00,0,0,0.00,0.00,0.00,5254.00,0.00
8106875813689926,20101124,5205.00,5044.00,3,3180,16039920.00,5044.00,5044.00,5254.00,5044.00
8106875813689926,20101127,5205.00,5044.00,0,0,0.00,0.00,0.00,5205.00,0.00
8106875813689926,20101128,5205.00,5044.00,0,0,0.00,0.00,0.00,5205.00,0.00
8106875813689926,20101129,5205.00,5044.00,0,0,0.00,0.00,0.00,5205.00,0.00
8106875813689926,20101130,5205.00,5044.00,0,0,0.00,0.00,0.00,5205.00,0.00
8106875813689926,20101201,5205.00,5044.00,0,0,0.00,0.00,0.00,5205.00,0.00
8106875813689926,20101204,2401.00,5044.00,0,0,0.00,0.00,0.00,5205.00,0.00
8106875813689926,20101205,2401.00,5044.00,0,0,0.00,0.00,0.00,2401.00,0.00
8106875813689926,20101206,2401.00,5044.00,0,0,0.00,0.00,0.00,2401.00,0.00
8106875813689926,20101207,2401.00,5044.00,0,0,0.00,0.00,0.00,2401.00,0.00
8106875813689926,20101208,2401.00,5044.00,0,0,0.00,0.00,0.00,2401.00,0.00
8106875813689926,20101211,2458.00,2458.00,2,2820,6931560.00,2458.00,2458.00,2401.00,2458.00
8106875813689926,20101212,2443.00,2360.00,1,2107,4972520.00,2360.00,2360.00,2458.00,2360.00
8106875813689926,20101213,2443.00,2360.00,0,0,0.00,0.00,0.00,2443.00,0.00
8106875813689926,20101214,2443.00,2360.00,0,0,0.00,0.00,0.00,2443.00,0.00
8106875813689926,20101218,2443.00,2360.00,0,0,0.00,0.00,0.00,2443.00,0.00
8106875813689926,20101219,2443.00,2360.00,0,0,0.00,0.00,0.00,2443.00,0.00
8106875813689926,20101220,2346.00,2346.00,1,100,234600.00,2346.00,2346.00,2443.00,2346.00
8106875813689926,20101221,2253.00,2253.00,1,100,225300.00,2253.00,2253.00,2346.00,2253.00
8106875813689926,20101222,2163.00,2163.00,1,100,216300.00,2163.00,2163.00,2253.00,2163.00
8106875813689926,20101225,2154.00,2151.00,4,21802,46962702.00,2150.00,2163.00,2163.00,2163.00
8106875813689926,20101226,2228.00,2230.00,8,53000,118100000.00,2200.00,2230.00,2154.00,2200.00
8106875813689926,20101227,2294.00,2317.00,2,10100,23401700.00,2317.00,2317.00,2228.00,2317.00
8106875813689926,20101228,2383.00,2385.00,5,13242,31582170.00,2385.00,2385.00,2294.00,2385.00
8106875813689926,20101229,2448.00,2478.00,34,108347,265212290.00,2385.00,2478.00,2383.00,2433.00
8106875813689926,20110101,2545.00,2545.00,4,26895,68447775.00,2545.00,2545.00,2448.00,2545.00
8106875813689926,20110102,2645.00,2646.00,23,58707,155277978.00,2600.00,2646.00,2545.00,2646.00
8106875813689926,20110103,2750.00,2750.00,15,62787,172664250.00,2750.00,2750.00,2645.00,2750.00
8106875813689926,20110104,2860.00,2859.00,27,129646,370780756.00,2859.00,2860.00,2750.00,2860.00
8106875813689926,20110105,2826.00,2800.00,20,52513,148410114.00,2746.00,2948.00,2860.00,2948.00
8106875813689926,20110108,2733.00,2713.00,5,15617,42688280.00,2713.00,2800.00,2826.00,2800.00
8106875813689926,20110109,2624.00,2624.00,5,20000,52480000.00,2624.00,2624.00,2733.00,2624.00
8106875813689926,20110110,2528.00,2520.00,3,23861,60321020.00,2520.00,2570.00,2624.00,2570.00
8106875813689926,20110111,2488.00,2427.00,14,63281,157444541.00,2427.00,2580.00,2528.00,2580.00
8106875813689926,20110112,2481.00,2430.00,10,21872,54261459.00,2430.00,2579.00,2488.00,2524.00
8106875813689926,20110115,2439.00,2499.00,6,15901,38783430.00,2420.00,2499.00,2481.00,2480.00
8106875813689926,20110116,2476.00,2497.00,10,38959,96452054.00,2342.00,2497.00,2439.00,2421.00
8106875813689926,20110117,2460.00,2377.00,5,6294,15369536.00,2377.00,2475.00,2476.00,2474.00
8106875813689926,20110118,2460.00,2377.00,0,0,0.00,0.00,0.00,2460.00,0.00
8106875813689926,20110119,2363.00,2362.00,21,108588,256609856.00,2362.00,2380.00,2460.00,2362.00
8106875813689926,20110122,2305.00,2350.00,10,42208,97304423.00,2282.00,2454.00,2363.00,2300.00
8106875813689926,20110123,2310.00,2300.00,21,51200,118255302.00,2218.00,2348.00,2305.00,2348.00
8106875813689926,20110124,2242.00,2251.00,18,85169,190954932.00,2221.00,2251.00,2310.00,2221.00
8106875813689926,20110126,2331.00,2331.00,28,128908,300484548.00,2331.00,2331.00,2242.00,2331.00
8106875813689926,20110129,2424.00,2424.00,25,227931,552504744.00,2424.00,2424.00,2331.00,2424.00
8106875813689926,20110130,2520.00,2520.00,4,24161,60885720.00,2520.00,2520.00,2424.00,2520.00
8106875813689926,20110131,2620.00,2620.00,15,92915,243437300.00,2620.00,2620.00,2520.00,2620.00
8106875813689926,20110201,2695.00,2648.00,30,226095,609376164.00,2551.00,2724.00,2620.00,2724.00
8106875813689926,20110205,2666.00,2588.00,21,84410,225018353.00,2588.00,2700.00,2695.00,2700.00
8106875813689926,20110206,2560.00,2560.00,3,18380,47052800.00,2560.00,2560.00,2666.00,2560.00
8106875813689926,20110207,2460.00,2500.00,24,142752,351222856.00,2458.00,2620.00,2560.00,2458.00
8106875813689926,20110208,2552.00,2558.00,18,88896,226879368.00,2547.00,2558.00,2460.00,2548.00
8106875813689926,20110209,2654.00,2654.00,18,79026,209715004.00,2652.00,2654.00,2552.00,2654.00
8106875813689926,20110212,2739.00,2600.00,23,112773,308863630.00,2600.00,2760.00,2654.00,2760.00
8106875813689926,20110213,2688.00,2630.00,13,22835,61380663.00,2630.00,2750.00,2739.00,2750.00
8106875813689926,20110214,2615.00,2581.00,4,9264,23910384.00,2581.00,2581.00,2688.00,2581.00
8106875813689926,20110215,2698.00,2601.00,10,64590,174276190.00,2601.00,2718.00,2615.00,2718.00
8106875813689926,20110216,2691.00,2591.00,5,9873,26537261.00,2591.00,2697.00,2698.00,2690.00
8106875813689926,20110219,2657.00,2584.00,5,28000,74396000.00,2584.00,2730.00,2691.00,2730.00
8106875813689926,20110220,2657.00,2584.00,0,0,0.00,0.00,0.00,2657.00,0.00
8106875813689926,20110222,2656.00,2551.00,1,100,255100.00,2551.00,2551.00,2657.00,2551.00
8106875813689926,20110223,2656.00,2551.00,0,0,0.00,0.00,0.00,2656.00,0.00
8106875813689926,20110226,2656.00,2551.00,0,0,0.00,0.00,0.00,2656.00,0.00
8106875813689926,20110227,2656.00,2551.00,0,0,0.00,0.00,0.00,2656.00,0.00
8106875813689926,20110228,2656.00,2550.00,1,5,12750.00,2550.00,2550.00,2656.00,2550.00
8106875813689926,20110301,2656.00,2550.00,0,0,0.00,0.00,0.00,2656.00,0.00
8106875813689926,20110302,2656.00,2550.00,0,0,0.00,0.00,0.00,2656.00,0.00
8106875813689926,20110305,2656.00,2550.00,0,0,0.00,0.00,0.00,2656.00,0.00
8106875813689926,20110306,2656.00,2550.00,0,0,0.00,0.00,0.00,2656.00,0.00
8106875813689926,20110307,2656.00,2550.00,0,0,0.00,0.00,0.00,2656.00,0.00
8106875813689926,20110308,2656.00,2550.00,0,0,0.00,0.00,0.00,2656.00,0.00
8106875813689926,20110309,2353.00,2347.00,24,130600,307236900.00,2347.00,2444.00,2656.00,2444.00
8106875813689926,20110312,2284.00,2305.00,6,13117,29921664.00,2259.00,2306.00,2353.00,2259.00
8106875813689926,20110313,2353.00,2375.00,22,35900,84487071.00,2270.00,2375.00,2284.00,2371.00
8106875813689926,20110314,2447.00,2447.00,3,60000,146820000.00,2447.00,2447.00,2353.00,2447.00
8106875813689926,20110315,2544.00,2544.00,10,48192,122600448.00,2544.00,2544.00,2447.00,2544.00
8106875813689926,20110316,2642.00,2642.00,22,113432,299725198.00,2637.00,2645.00,2544.00,2638.00
8106875813689926,20110319,2642.00,2642.00,0,0,0.00,0.00,0.00,2642.00,0.00
8106875813689926,20110326,2557.00,2537.00,3,11000,27907000.00,2537.00,2537.00,2642.00,2537.00
8106875813689926,20110327,2556.00,2500.00,33,163502,417972362.00,2455.00,2600.00,2557.00,2557.00
8106875813689926,20110328,2454.00,2454.00,8,22067,54152418.00,2454.00,2454.00,2556.00,2454.00
8106875813689926,20110329,2368.00,2356.00,8,47949,113544848.00,2356.00,2552.00,2454.00,2552.00
8106875813689926,20110330,2327.00,2460.00,25,131307,305495520.00,2291.00,2461.00,2368.00,2461.00
8106875813689926,20110403,2420.00,2420.00,6,17967,43480140.00,2420.00,2420.00,2327.00,2420.00
8106875813689926,20110404,2515.00,2516.00,18,65200,163997900.00,2510.00,2516.00,2420.00,2516.00
8106875813689926,20110405,2474.00,2415.00,10,15166,37517082.00,2415.00,2516.00,2515.00,2516.00
8106875813689926,20110406,2497.00,2384.00,12,38234,95454774.00,2384.00,2501.00,2474.00,2501.00
8106875813689926,20110409,2401.00,2398.00,12,39334,94430314.00,2398.00,2475.00,2497.00,2401.00
8106875813689926,20110410,2348.00,2356.00,6,22460,52726627.00,2310.00,2356.00,2401.00,2310.00
8106875813689926,20110411,2366.00,2438.00,12,58678,138808680.00,2350.00,2438.00,2348.00,2350.00
8106875813689926,20110412,2337.00,2330.00,5,14804,34599395.00,2330.00,2459.00,2366.00,2459.00
8106875813689926,20110413,2338.00,2293.00,10,39960,93422863.00,2291.00,2400.00,2337.00,2291.00
8106875813689926,20110416,2351.00,2399.00,5,3150,7538571.00,2300.00,2420.00,2338.00,2420.00
8106875813689926,20110417,2361.00,2340.00,9,7000,16594563.00,2340.00,2427.00,2351.00,2370.00
8106875813689926,20110418,2339.00,2290.00,2,4319,9892510.00,2290.00,2291.00,2361.00,2291.00
8106875813689926,20110419,2339.00,2290.00,0,0,0.00,0.00,0.00,2339.00,0.00
8106875813689926,20110420,2353.00,2300.00,9,37400,87994070.00,2300.00,2400.00,2339.00,2398.00
8106875813689926,20110423,2303.00,2295.00,8,11500,26374000.00,2287.00,2300.00,2353.00,2300.00
8106875813689926,20110424,2218.00,2211.00,18,111192,246574184.00,2211.00,2276.00,2303.00,2276.00
8106875813689926,20110425,2161.00,2161.00,6,22900,49482900.00,2150.00,2300.00,2218.00,2152.00
8106875813689926,20110426,2159.00,2150.00,1,1900,4085000.00,2150.00,2150.00,2161.00,2150.00
8106875813689926,20110427,2243.00,2240.00,12,24425,54786425.00,2220.00,2245.00,2159.00,2220.00
8106875813689926,20110430,2222.00,2160.00,9,59900,133119900.00,2160.00,2225.00,2243.00,2225.00
8106875813689926,20110501,2210.00,2160.00,3,2700,5833000.00,2160.00,2161.00,2222.00,2160.00
8106875813689926,20110502,2270.00,2221.00,28,106837,242505501.00,2221.00,2298.00,2210.00,2289.00
8106875813689926,20110503,2263.00,2274.00,4,10040,22690460.00,2190.00,2274.00,2270.00,2190.00
8106875813689926,20110504,2288.00,2299.00,9,65000,148752074.00,2250.00,2299.00,2263.00,2250.00
8106875813689926,20110508,2278.00,2200.00,1,1483,3262600.00,2200.00,2200.00,2288.00,2200.00
8106875813689926,20110509,2209.00,2187.00,7,11257,24698880.00,2187.00,2257.00,2278.00,2200.00
8106875813689926,20110510,2188.00,2141.00,5,6519,14114179.00,2141.00,2180.00,2209.00,2180.00
8106875813689926,20110511,2165.00,2101.00,6,7235,15510870.00,2101.00,2222.00,2188.00,2221.00
8106875813689926,20110514,2165.00,2101.00,0,0,0.00,0.00,0.00,2165.00,0.00
8106875813689926,20110515,2160.00,2079.00,2,822,1708938.00,2079.00,2079.00,2165.00,2079.00
8106875813689926,20110516,2154.00,2106.00,2,2000,4243000.00,2106.00,2168.00,2160.00,2168.00
8106875813689926,20110517,2154.00,2163.00,2,6000,12918000.00,2103.00,2163.00,2154.00,2103.00
8106875813689926,20110518,2154.00,2163.00,0,0,0.00,0.00,0.00,2154.00,0.00
8106875813689926,20110521,2103.00,2090.00,5,22922,48209971.00,2090.00,2148.00,2154.00,2147.00
8106875813689926,20110522,2060.00,2019.00,4,20485,42201204.00,2019.00,2090.00,2103.00,2090.00
8106875813689926,20110523,1979.00,1978.00,10,32490,64298220.00,1978.00,1981.00,2060.00,1981.00
8106875813689926,20110524,1917.00,1900.00,10,10740,20406000.00,1900.00,1900.00,1979.00,1900.00
8106875813689926,20110525,1857.00,1841.00,6,10800,19882800.00,1841.00,1841.00,1917.00,1841.00
8106875813689926,20110528,1846.00,1783.00,2,1963,3500029.00,1783.00,1783.00,1857.00,1783.00
8106875813689926,20110529,1805.00,1773.00,3,9200,16430600.00,1773.00,1790.00,1846.00,1790.00
8106875813689926,20110530,1805.00,1773.00,0,0,0.00,0.00,0.00,1805.00,0.00
8106875813689926,20110531,1805.00,1773.00,0,0,0.00,0.00,0.00,1805.00,0.00
8106875813689926,20110601,1805.00,1773.00,0,0,0.00,0.00,0.00,1805.00,0.00
8106875813689926,20110606,1805.00,1773.00,0,0,0.00,0.00,0.00,1805.00,0.00
8106875813689926,20110607,1805.00,1773.00,0,0,0.00,0.00,0.00,1805.00,0.00
8106875813689926,20110608,1807.00,1800.00,4,2200,4002015.00,1800.00,1830.00,1805.00,1830.00
8106875813689926,20110611,1743.00,1735.00,2,12100,20993500.00,1735.00,1735.00,1807.00,1735.00
8106875813689926,20110612,1674.00,1675.00,20,212149,355167126.00,1674.00,1676.00,1743.00,1674.00
8106875813689926,20110613,1620.00,1611.00,10,37086,60063242.00,1608.00,1640.00,1674.00,1640.00
8106875813689926,20110614,1620.00,1611.00,0,0,0.00,0.00,0.00,1620.00,0.00
8106875813689926,20110615,1674.00,1684.00,7,11505,19369705.00,1631.00,1684.00,1620.00,1631.00
8106875813689926,20110618,1674.00,1740.00,1,1,1740.00,1740.00,1740.00,1674.00,1740.00
8106875813689926,20110619,1740.00,1740.00,9,146254,254481960.00,1740.00,1740.00,1674.00,1740.00
8106875813689926,20110620,1799.00,1800.00,12,72049,129633200.00,1799.00,1800.00,1740.00,1799.00
8106875813689926,20110621,1778.00,1728.00,4,16100,28620000.00,1728.00,1800.00,1799.00,1800.00
8106875813689926,20110622,1749.00,1707.00,2,6900,11868000.00,1707.00,1730.00,1778.00,1730.00
8106875813689926,20110625,1718.00,1680.00,2,6200,10416000.00,1680.00,1680.00,1749.00,1680.00
8106875813689926,20110626,1712.00,1650.00,1,1200,1980000.00,1650.00,1650.00,1718.00,1650.00
8106875813689926,20110627,1647.00,1644.00,3,13004,21378576.00,1644.00,1644.00,1712.00,1644.00
8106875813689926,20110628,1582.00,1582.00,10,25638,40560316.00,1582.00,1583.00,1647.00,1582.00
8106875813689926,20110629,1545.00,1639.00,5,18800,29052000.00,1520.00,1639.00,1582.00,1520.00
8106875813689926,20110702,1554.00,1530.00,2,8517,13279518.00,1530.00,1582.00,1545.00,1582.00
8106875813689926,20110703,1504.00,1492.00,7,25200,37909056.00,1492.00,1530.00,1554.00,1530.00
8106875813689926,20110704,1563.00,1564.00,10,43263,67640332.00,1563.00,1564.00,1504.00,1563.00
8106875813689926,20110705,1625.00,1625.00,10,45975,74709375.00,1625.00,1625.00,1563.00,1625.00
8106875813689926,20110706,1679.00,1690.00,14,29172,48988680.00,1569.00,1690.00,1625.00,1569.00
8106875813689926,20110709,1679.00,1690.00,0,0,0.00,0.00,0.00,1679.00,0.00
8106875813689926,20110710,1679.00,1690.00,0,0,0.00,0.00,0.00,1679.00,0.00
8106875813689926,20110711,1679.00,1690.00,0,0,0.00,0.00,0.00,1679.00,0.00
8106875813689926,20110712,1663.00,1612.00,6,10000,16120000.00,1612.00,1612.00,1679.00,1612.00
8106875813689926,20110713,1663.00,1615.00,1,395,637925.00,1615.00,1615.00,1663.00,1615.00
8106875813689926,20110716,1663.00,1615.00,0,0,0.00,0.00,0.00,1663.00,0.00
8106875813689926,20110718,1663.00,1615.00,0,0,0.00,0.00,0.00,1663.00,0.00
8106875813689926,20110719,1662.00,1597.00,1,513,819261.00,1597.00,1597.00,1663.00,1597.00
8106875813689926,20110720,1662.00,1597.00,0,0,0.00,0.00,0.00,1662.00,0.00
8106875813689926,20110723,1662.00,1597.00,0,0,0.00,0.00,0.00,1662.00,0.00
8106875813689926,20110724,1605.00,1596.00,13,35400,56498400.00,1596.00,1596.00,1662.00,1596.00
8106875813689926,20110725,1605.00,1596.00,0,0,0.00,0.00,0.00,1605.00,0.00
8106875813689926,20110726,1602.00,1541.00,3,2000,3082000.00,1541.00,1541.00,1605.00,1541.00
8106875813689926,20110727,1602.00,1541.00,0,0,0.00,0.00,0.00,1602.00,0.00
8106875813689926,20110730,1601.00,1538.00,1,500,769000.00,1538.00,1538.00,1602.00,1538.00
8106875813689926,20110731,1598.00,1537.00,2,2000,3074000.00,1537.00,1537.00,1601.00,1537.00
8106875813689926,20110801,1581.00,1535.00,1,11000,16885000.00,1535.00,1535.00,1598.00,1535.00
8106875813689926,20110802,1576.00,1518.00,1,3315,5032170.00,1518.00,1518.00,1581.00,1518.00
8106875813689926,20110803,1560.00,1513.00,3,10472,15844136.00,1513.00,1513.00,1576.00,1513.00
8106875813689926,20110806,1550.00,1550.00,1,100,155000.00,1550.00,1550.00,1560.00,1550.00
8106875813689926,20110807,1550.00,1550.00,0,0,0.00,0.00,0.00,1550.00,0.00
8106875813689926,20110808,1536.00,1488.00,2,10000,14940000.00,1488.00,1500.00,1550.00,1500.00
8106875813689926,20110809,1515.00,1475.00,8,15300,22625000.00,1475.00,1500.00,1536.00,1475.00
8106875813689926,20110810,1455.00,1480.00,13,66025,96070890.00,1455.00,1480.00,1515.00,1455.00
8106875813689926,20110813,1466.00,1513.00,8,15883,23568933.00,1451.00,1513.00,1455.00,1490.00
8106875813689926,20110814,1469.00,1524.00,1,1941,2958084.00,1524.00,1524.00,1466.00,1524.00
8106875813689926,20110815,1497.00,1527.00,10,20020,30570540.00,1527.00,1527.00,1469.00,1527.00
8106875813689926,20110816,1541.00,1556.00,8,30734,47822104.00,1556.00,1556.00,1497.00,1556.00
8106875813689926,20110817,1602.00,1602.00,16,90363,144761526.00,1602.00,1602.00,1541.00,1602.00
8106875813689926,20110820,1660.00,1666.00,4,37100,61808600.00,1666.00,1666.00,1602.00,1666.00
8106875813689926,20110821,1700.00,1726.00,5,24900,42977400.00,1726.00,1726.00,1660.00,1726.00
8106875813689926,20110823,1768.00,1768.00,6,43000,76024000.00,1768.00,1768.00,1700.00,1768.00
8106875813689926,20110824,1838.00,1838.00,5,44090,81037420.00,1838.00,1838.00,1768.00,1838.00
8106875813689926,20110827,1874.00,1911.00,3,20000,38220000.00,1911.00,1911.00,1838.00,1911.00
8106875813689926,20110828,1948.00,1948.00,7,40970,79809560.00,1948.00,1948.00,1874.00,1948.00
8106875813689926,20110829,2012.00,2000.00,58,236706,476265459.00,1995.00,2025.00,1948.00,2025.00
8106875813689926,20110830,2025.00,2020.00,10,61187,123880182.00,2020.00,2026.00,2012.00,2026.00
8106875813689926,20110831,2025.00,2020.00,0,0,0.00,0.00,0.00,2025.00,0.00
8106875813689926,20110903,1944.00,1944.00,14,88530,172102320.00,1944.00,1944.00,2025.00,1944.00
8106875813689926,20110904,1936.00,1867.00,3,5745,10822785.00,1867.00,1997.00,1944.00,1997.00
8106875813689926,20110905,1938.00,1979.00,1,2000,3958000.00,1979.00,1979.00,1936.00,1979.00
8106875813689926,20110906,1919.00,1861.00,2,10000,18610000.00,1861.00,1861.00,1938.00,1861.00
8106875813689926,20110907,1919.00,1843.00,1,200,368600.00,1843.00,1843.00,1919.00,1843.00
8106875813689926,20110910,1919.00,1843.00,0,0,0.00,0.00,0.00,1919.00,0.00
8106875813689926,20110911,1919.00,1843.00,0,0,0.00,0.00,0.00,1919.00,0.00
8106875813689926,20110912,1919.00,1843.00,0,0,0.00,0.00,0.00,1919.00,0.00
8106875813689926,20110913,1919.00,1843.00,0,0,0.00,0.00,0.00,1919.00,0.00
8106875813689926,20110914,1919.00,1843.00,0,0,0.00,0.00,0.00,1919.00,0.00
8106875813689926,20110917,1919.00,1843.00,0,0,0.00,0.00,0.00,1919.00,0.00
8106875813689926,20110918,1919.00,1843.00,0,0,0.00,0.00,0.00,1919.00,0.00
8106875813689926,20110919,1919.00,1843.00,0,0,0.00,0.00,0.00,1919.00,0.00
8106875813689926,20110920,1919.00,1843.00,0,0,0.00,0.00,0.00,1919.00,0.00
8106875813689926,20110921,1919.00,1843.00,0,0,0.00,0.00,0.00,1919.00,0.00
8106875813689926,20110925,1919.00,1843.00,0,0,0.00,0.00,0.00,1919.00,0.00
8106875813689926,20110926,1919.00,1843.00,0,0,0.00,0.00,0.00,1919.00,0.00
8106875813689926,20110927,1919.00,1843.00,0,0,0.00,0.00,0.00,1919.00,0.00
8106875813689926,20110928,1919.00,1843.00,0,0,0.00,0.00,0.00,1919.00,0.00
8106875813689926,20111001,1919.00,1843.00,0,0,0.00,0.00,0.00,1919.00,0.00
8106875813689926,20111002,1919.00,1843.00,1,10,18430.00,1843.00,1843.00,1919.00,1843.00
8106875813689926,20111003,1884.00,1843.00,5,19050,35109150.00,1843.00,1843.00,1919.00,1843.00
8106875813689926,20111004,1884.00,1809.00,1,16,28944.00,1809.00,1809.00,1884.00,1809.00
8106875813689926,20111005,1884.00,1809.00,0,0,0.00,0.00,0.00,1884.00,0.00
8106875813689926,20111008,1884.00,1809.00,0,0,0.00,0.00,0.00,1884.00,0.00
8106875813689926,20111009,1884.00,1809.00,2,56,101304.00,1809.00,1809.00,1884.00,1809.00
8106875813689926,20111010,1884.00,1809.00,0,0,0.00,0.00,0.00,1884.00,0.00
8106875813689926,20111011,1882.00,1809.00,1,950,1718550.00,1809.00,1809.00,1884.00,1809.00
8106875813689926,20111012,1711.00,1770.00,23,183355,313669272.00,1663.00,1770.00,1882.00,1732.00
8106875813689926,20111015,1695.00,1643.00,19,29550,49891650.00,1643.00,1779.00,1711.00,1720.00
8106875813689926,20111016,1629.00,1628.00,10,40000,65120000.00,1628.00,1628.00,1695.00,1628.00
8106875813689926,20111017,1691.00,1694.00,11,79988,135278720.00,1690.00,1694.00,1629.00,1690.00
8106875813689926,20111018,1691.00,1694.00,0,0,0.00,0.00,0.00,1691.00,0.00
8106875813689926,20111019,1691.00,1694.00,0,0,0.00,0.00,0.00,1691.00,0.00
8106875813689926,20111022,1691.00,1694.00,0,0,0.00,0.00,0.00,1691.00,0.00
8106875813689926,20111023,1691.00,1694.00,0,0,0.00,0.00,0.00,1691.00,0.00
8106875813689926,20111024,1691.00,1694.00,0,0,0.00,0.00,0.00,1691.00,0.00
8106875813689926,20111025,1691.00,1694.00,0,0,0.00,0.00,0.00,1691.00,0.00
8106875813689926,20111026,1691.00,1694.00,0,0,0.00,0.00,0.00,1691.00,0.00
8106875813689926,20111029,1691.00,1694.00,0,0,0.00,0.00,0.00,1691.00,0.00
8106875813689926,20111030,1691.00,1694.00,0,0,0.00,0.00,0.00,1691.00,0.00
8106875813689926,20111031,1691.00,1694.00,0,0,0.00,0.00,0.00,1691.00,0.00
8106875813689926,20111101,1691.00,1694.00,0,0,0.00,0.00,0.00,1691.00,0.00
8106875813689926,20111102,1691.00,1694.00,0,0,0.00,0.00,0.00,1691.00,0.00
8106875813689926,20111105,1691.00,1694.00,0,0,0.00,0.00,0.00,1691.00,0.00
8106875813689926,20111106,1691.00,1694.00,0,0,0.00,0.00,0.00,1691.00,0.00
8106875813689926,20111108,1691.00,1694.00,0,0,0.00,0.00,0.00,1691.00,0.00
8106875813689926,20111109,1691.00,1694.00,0,0,0.00,0.00,0.00,1691.00,0.00
8106875813689926,20111112,1691.00,1694.00,0,0,0.00,0.00,0.00,1691.00,0.00
8106875813689926,20111113,1691.00,1694.00,0,0,0.00,0.00,0.00,1691.00,0.00
8106875813689926,20111114,1691.00,1694.00,0,0,0.00,0.00,0.00,1691.00,0.00
8106875813689926,20111116,1691.00,1694.00,0,0,0.00,0.00,0.00,1691.00,0.00
8106875813689926,20111119,1691.00,1694.00,0,0,0.00,0.00,0.00,1691.00,0.00
8106875813689926,20111120,1691.00,1694.00,0,0,0.00,0.00,0.00,1691.00,0.00
8106875813689926,20111121,1691.00,1694.00,0,0,0.00,0.00,0.00,1691.00,0.00
8106875813689926,20111122,1691.00,1694.00,0,0,0.00,0.00,0.00,1691.00,0.00
8106875813689926,20111123,1691.00,1694.00,0,0,0.00,0.00,0.00,1691.00,0.00
8106875813689926,20111126,1691.00,1694.00,0,0,0.00,0.00,0.00,1691.00,0.00
8106875813689926,20111127,1691.00,1694.00,0,0,0.00,0.00,0.00,1691.00,0.00
8106875813689926,20111128,1691.00,1694.00,0,0,0.00,0.00,0.00,1691.00,0.00
8106875813689926,20111129,1691.00,1694.00,0,0,0.00,0.00,0.00,1691.00,0.00
8106875813689926,20111130,1691.00,1694.00,0,0,0.00,0.00,0.00,1691.00,0.00
8106875813689926,20111203,1691.00,1694.00,0,0,0.00,0.00,0.00,1691.00,0.00
8106875813689926,20111204,1691.00,1694.00,0,0,0.00,0.00,0.00,1691.00,0.00
8106875813689926,20111207,1691.00,1694.00,0,0,0.00,0.00,0.00,1691.00,0.00
8106875813689926,20111210,1691.00,1694.00,0,0,0.00,0.00,0.00,1691.00,0.00
8106875813689926,20111211,1691.00,1694.00,0,0,0.00,0.00,0.00,1691.00,0.00
8106875813689926,20111212,1691.00,1694.00,0,0,0.00,0.00,0.00,1691.00,0.00
8106875813689926,20111213,1691.00,1694.00,0,0,0.00,0.00,0.00,1691.00,0.00
8106875813689926,20111214,1691.00,1694.00,0,0,0.00,0.00,0.00,1691.00,0.00
8106875813689926,20111217,1691.00,1694.00,0,0,0.00,0.00,0.00,1691.00,0.00
8106875813689926,20111218,1691.00,1694.00,0,0,0.00,0.00,0.00,1691.00,0.00
8106875813689926,20111219,1691.00,1694.00,0,0,0.00,0.00,0.00,1691.00,0.00
8106875813689926,20111220,1691.00,1694.00,0,0,0.00,0.00,0.00,1691.00,0.00
8106875813689926,20111221,1691.00,1694.00,0,0,0.00,0.00,0.00,1691.00,0.00
8106875813689926,20111224,1691.00,1694.00,0,0,0.00,0.00,0.00,1691.00,0.00
8106875813689926,20111225,1691.00,1694.00,0,0,0.00,0.00,0.00,1691.00,0.00
8106875813689926,20111226,1691.00,1694.00,0,0,0.00,0.00,0.00,1691.00,0.00
8106875813689926,20111227,1691.00,1694.00,0,0,0.00,0.00,0.00,1691.00,0.00
8106875813689926,20111228,1691.00,1694.00,0,0,0.00,0.00,0.00,1691.00,0.00
8106875813689926,20111231,1691.00,1694.00,0,0,0.00,0.00,0.00,1691.00,0.00
8106875813689926,20120101,1691.00,1694.00,0,0,0.00,0.00,0.00,1691.00,0.00
8106875813689926,20120102,1691.00,1694.00,0,0,0.00,0.00,0.00,1691.00,0.00
8106875813689926,20120103,1691.00,1694.00,0,0,0.00,0.00,0.00,1691.00,0.00
8106875813689926,20120104,1691.00,1694.00,0,0,0.00,0.00,0.00,1691.00,0.00
8106875813689926,20120107,1691.00,1694.00,0,0,0.00,0.00,0.00,1691.00,0.00
8106875813689926,20120108,1691.00,1694.00,0,0,0.00,0.00,0.00,1691.00,0.00
8106875813689926,20120109,1691.00,1694.00,0,0,0.00,0.00,0.00,1691.00,0.00
8106875813689926,20120110,1691.00,1694.00,0,0,0.00,0.00,0.00,1691.00,0.00
8106875813689926,20120111,1691.00,1694.00,0,0,0.00,0.00,0.00,1691.00,0.00
8106875813689926,20120115,1691.00,1694.00,0,0,0.00,0.00,0.00,1691.00,0.00
8106875813689926,20120116,1691.00,1694.00,0,0,0.00,0.00,0.00,1691.00,0.00
8106875813689926,20120117,1691.00,1694.00,0,0,0.00,0.00,0.00,1691.00,0.00
8106875813689926,20120118,1691.00,1694.00,0,0,0.00,0.00,0.00,1691.00,0.00
8106875813689926,20120121,1691.00,1694.00,0,0,0.00,0.00,0.00,1691.00,0.00
8106875813689926,20120123,1691.00,1694.00,0,0,0.00,0.00,0.00,1691.00,0.00
8106875813689926,20120125,1691.00,1694.00,0,0,0.00,0.00,0.00,1691.00,0.00
8106875813689926,20120128,1691.00,1694.00,0,0,0.00,0.00,0.00,1691.00,0.00
8106875813689926,20120129,1691.00,1694.00,0,0,0.00,0.00,0.00,1691.00,0.00
8106875813689926,20120130,1691.00,1694.00,0,0,0.00,0.00,0.00,1691.00,0.00
8106875813689926,20120131,1691.00,1694.00,0,0,0.00,0.00,0.00,1691.00,0.00
8106875813689926,20120201,1691.00,1694.00,0,0,0.00,0.00,0.00,1691.00,0.00
8106875813689926,20120204,1691.00,1694.00,0,0,0.00,0.00,0.00,1691.00,0.00
8106875813689926,20120205,1691.00,1694.00,0,0,0.00,0.00,0.00,1691.00,0.00
8106875813689926,20120206,1691.00,1694.00,0,0,0.00,0.00,0.00,1691.00,0.00
8106875813689926,20120207,1691.00,1694.00,0,0,0.00,0.00,0.00,1691.00,0.00
8106875813689926,20120208,1691.00,1694.00,0,0,0.00,0.00,0.00,1691.00,0.00
8106875813689926,20120212,1691.00,1694.00,0,0,0.00,0.00,0.00,1691.00,0.00
8106875813689926,20120213,1691.00,1694.00,0,0,0.00,0.00,0.00,1691.00,0.00
8106875813689926,20120214,1691.00,1694.00,0,0,0.00,0.00,0.00,1691.00,0.00
8106875813689926,20120215,1691.00,1694.00,0,0,0.00,0.00,0.00,1691.00,0.00
8106875813689926,20120218,1691.00,1694.00,0,0,0.00,0.00,0.00,1691.00,0.00
8106875813689926,20120219,1691.00,1694.00,0,0,0.00,0.00,0.00,1691.00,0.00
8106875813689926,20120220,1691.00,1694.00,0,0,0.00,0.00,0.00,1691.00,0.00
8106875813689926,20120221,1691.00,1694.00,0,0,0.00,0.00,0.00,1691.00,0.00
8106875813689926,20120222,1691.00,1694.00,0,0,0.00,0.00,0.00,1691.00,0.00
8106875813689926,20120225,1691.00,1694.00,0,0,0.00,0.00,0.00,1691.00,0.00
8106875813689926,20120226,1691.00,1694.00,0,0,0.00,0.00,0.00,1691.00,0.00
8106875813689926,20120227,1691.00,1694.00,0,0,0.00,0.00,0.00,1691.00,0.00
8106875813689926,20120228,1691.00,1694.00,0,0,0.00,0.00,0.00,1691.00,0.00
8106875813689926,20120229,1691.00,1694.00,0,0,0.00,0.00,0.00,1691.00,0.00
8106875813689926,20120303,1691.00,1694.00,0,0,0.00,0.00,0.00,1691.00,0.00
8106875813689926,20120304,1691.00,1694.00,0,0,0.00,0.00,0.00,1691.00,0.00
8106875813689926,20120305,1691.00,1694.00,0,0,0.00,0.00,0.00,1691.00,0.00
8106875813689926,20120306,1691.00,1694.00,0,0,0.00,0.00,0.00,1691.00,0.00
8106875813689926,20120307,1691.00,1694.00,0,0,0.00,0.00,0.00,1691.00,0.00
8106875813689926,20120310,1691.00,1694.00,0,0,0.00,0.00,0.00,1691.00,0.00
8106875813689926,20120311,1691.00,1694.00,0,0,0.00,0.00,0.00,1691.00,0.00
8106875813689926,20120312,1691.00,1694.00,0,0,0.00,0.00,0.00,1691.00,0.00
8106875813689926,20120313,1691.00,1694.00,0,0,0.00,0.00,0.00,1691.00,0.00
8106875813689926,20120314,1691.00,1694.00,0,0,0.00,0.00,0.00,1691.00,0.00
8106875813689926,20120317,1691.00,1694.00,0,0,0.00,0.00,0.00,1691.00,0.00
8106875813689926,20120318,1691.00,1694.00,0,0,0.00,0.00,0.00,1691.00,0.00
8106875813689926,20120324,1691.00,1694.00,0,0,0.00,0.00,0.00,1691.00,0.00
8106875813689926,20120325,1691.00,1694.00,0,0,0.00,0.00,0.00,1691.00,0.00
8106875813689926,20120326,1691.00,1694.00,0,0,0.00,0.00,0.00,1691.00,0.00
8106875813689926,20120327,1691.00,1694.00,0,0,0.00,0.00,0.00,1691.00,0.00
8106875813689926,20120328,1691.00,1694.00,0,0,0.00,0.00,0.00,1691.00,0.00
8106875813689926,20120402,1691.00,1694.00,0,0,0.00,0.00,0.00,1691.00,0.00
8106875813689926,20120403,1691.00,1694.00,0,0,0.00,0.00,0.00,1691.00,0.00
8106875813689926,20120404,1691.00,1694.00,0,0,0.00,0.00,0.00,1691.00,0.00
8106875813689926,20120407,1691.00,1694.00,0,0,0.00,0.00,0.00,1691.00,0.00
8106875813689926,20120408,1691.00,1694.00,0,0,0.00,0.00,0.00,1691.00,0.00
8106875813689926,20120409,1691.00,1694.00,0,0,0.00,0.00,0.00,1691.00,0.00
8106875813689926,20120410,1691.00,1694.00,0,0,0.00,0.00,0.00,1691.00,0.00
8106875813689926,20120411,1691.00,1694.00,0,0,0.00,0.00,0.00,1691.00,0.00
8106875813689926,20120414,1691.00,1694.00,0,0,0.00,0.00,0.00,1691.00,0.00
8106875813689926,20120415,1691.00,1694.00,0,0,0.00,0.00,0.00,1691.00,0.00
8106875813689926,20120416,1691.00,1694.00,0,0,0.00,0.00,0.00,1691.00,0.00
8106875813689926,20120417,1691.00,1694.00,0,0,0.00,0.00,0.00,1691.00,0.00
8106875813689926,20120418,1691.00,1694.00,0,0,0.00,0.00,0.00,1691.00,0.00
8106875813689926,20120421,1691.00,1694.00,0,0,0.00,0.00,0.00,1691.00,0.00
8106875813689926,20120422,1691.00,1694.00,0,0,0.00,0.00,0.00,1691.00,0.00
8106875813689926,20120423,1691.00,1694.00,0,0,0.00,0.00,0.00,1691.00,0.00
8106875813689926,20120424,1691.00,1694.00,0,0,0.00,0.00,0.00,1691.00,0.00
8106875813689926,20120428,1691.00,1694.00,0,0,0.00,0.00,0.00,1691.00,0.00
8106875813689926,20120429,1691.00,1694.00,0,0,0.00,0.00,0.00,1691.00,0.00
8106875813689926,20120430,1691.00,1694.00,0,0,0.00,0.00,0.00,1691.00,0.00
8106875813689926,20120501,1691.00,1694.00,0,0,0.00,0.00,0.00,1691.00,0.00
8106875813689926,20120502,1691.00,1694.00,0,0,0.00,0.00,0.00,1691.00,0.00
8106875813689926,20120505,1691.00,1694.00,0,0,0.00,0.00,0.00,1691.00,0.00
8106875813689926,20120506,1691.00,1694.00,0,0,0.00,0.00,0.00,1691.00,0.00
8106875813689926,20120507,1691.00,1694.00,0,0,0.00,0.00,0.00,1691.00,0.00
8106875813689926,20120508,1691.00,1694.00,0,0,0.00,0.00,0.00,1691.00,0.00
8106875813689926,20120509,1691.00,1694.00,0,0,0.00,0.00,0.00,1691.00,0.00
8106875813689926,20120512,1691.00,1694.00,0,0,0.00,0.00,0.00,1691.00,0.00
8106875813689926,20120513,1691.00,1694.00,0,0,0.00,0.00,0.00,1691.00,0.00
8106875813689926,20120514,1691.00,1694.00,0,0,0.00,0.00,0.00,1691.00,0.00
8106875813689926,20120515,1691.00,1694.00,0,0,0.00,0.00,0.00,1691.00,0.00
8106875813689926,20120516,1691.00,1694.00,0,0,0.00,0.00,0.00,1691.00,0.00
8106875813689926,20120519,1691.00,1694.00,0,0,0.00,0.00,0.00,1691.00,0.00
8106875813689926,20120520,1691.00,1694.00,0,0,0.00,0.00,0.00,1691.00,0.00
8106875813689926,20120521,1691.00,1694.00,0,0,0.00,0.00,0.00,1691.00,0.00
8106875813689926,20120522,1691.00,1694.00,0,0,0.00,0.00,0.00,1691.00,0.00
8106875813689926,20120523,1691.00,1694.00,0,0,0.00,0.00,0.00,1691.00,0.00
8106875813689926,20120526,1691.00,1694.00,0,0,0.00,0.00,0.00,1691.00,0.00
8106875813689926,20120527,1691.00,1694.00,0,0,0.00,0.00,0.00,1691.00,0.00
8106875813689926,20120528,1691.00,1694.00,0,0,0.00,0.00,0.00,1691.00,0.00
8106875813689926,20120529,1691.00,1694.00,0,0,0.00,0.00,0.00,1691.00,0.00
8106875813689926,20120530,1691.00,1694.00,0,0,0.00,0.00,0.00,1691.00,0.00
8106875813689926,20120602,1691.00,1694.00,0,0,0.00,0.00,0.00,1691.00,0.00
8106875813689926,20120605,1691.00,1694.00,0,0,0.00,0.00,0.00,1691.00,0.00
8106875813689926,20120606,1691.00,1694.00,0,0,0.00,0.00,0.00,1691.00,0.00
8106875813689926,20120609,1691.00,1694.00,0,0,0.00,0.00,0.00,1691.00,0.00
8106875813689926,20120610,1691.00,1694.00,0,0,0.00,0.00,0.00,1691.00,0.00
8106875813689926,20120611,1691.00,1694.00,0,0,0.00,0.00,0.00,1691.00,0.00
8106875813689926,20120612,1691.00,1694.00,0,0,0.00,0.00,0.00,1691.00,0.00
8106875813689926,20120613,1691.00,1694.00,0,0,0.00,0.00,0.00,1691.00,0.00
8106875813689926,20120616,1691.00,1694.00,0,0,0.00,0.00,0.00,1691.00,0.00
8106875813689926,20120617,1691.00,1694.00,0,0,0.00,0.00,0.00,1691.00,0.00
8106875813689926,20120619,1691.00,1694.00,0,0,0.00,0.00,0.00,1691.00,0.00
8106875813689926,20120620,1691.00,1694.00,0,0,0.00,0.00,0.00,1691.00,0.00
8106875813689926,20120623,1691.00,1694.00,0,0,0.00,0.00,0.00,1691.00,0.00
8106875813689926,20120624,1691.00,1694.00,0,0,0.00,0.00,0.00,1691.00,0.00
8106875813689926,20120625,1691.00,1694.00,0,0,0.00,0.00,0.00,1691.00,0.00
8106875813689926,20120626,1691.00,1694.00,0,0,0.00,0.00,0.00,1691.00,0.00
8106875813689926,20120627,1691.00,1694.00,0,0,0.00,0.00,0.00,1691.00,0.00
8106875813689926,20120630,1691.00,1694.00,0,0,0.00,0.00,0.00,1691.00,0.00
8106875813689926,20120701,1691.00,1694.00,0,0,0.00,0.00,0.00,1691.00,0.00
8106875813689926,20120702,1691.00,1694.00,0,0,0.00,0.00,0.00,1691.00,0.00
8106875813689926,20120703,1691.00,1694.00,0,0,0.00,0.00,0.00,1691.00,0.00
8106875813689926,20120704,1691.00,1694.00,0,0,0.00,0.00,0.00,1691.00,0.00
8106875813689926,20120707,1691.00,1694.00,0,0,0.00,0.00,0.00,1691.00,0.00
8106875813689926,20120708,1691.00,1694.00,0,0,0.00,0.00,0.00,1691.00,0.00
8106875813689926,20120709,1691.00,1694.00,0,0,0.00,0.00,0.00,1691.00,0.00
8106875813689926,20120710,1691.00,1694.00,0,0,0.00,0.00,0.00,1691.00,0.00
8106875813689926,20120711,1691.00,1694.00,0,0,0.00,0.00,0.00,1691.00,0.00
8106875813689926,20120714,1691.00,1694.00,0,0,0.00,0.00,0.00,1691.00,0.00
8106875813689926,20120715,1691.00,1694.00,0,0,0.00,0.00,0.00,1691.00,0.00
8106875813689926,20120716,1691.00,1694.00,0,0,0.00,0.00,0.00,1691.00,0.00
8106875813689926,20120717,1691.00,1694.00,0,0,0.00,0.00,0.00,1691.00,0.00
8106875813689926,20120718,1691.00,1694.00,0,0,0.00,0.00,0.00,1691.00,0.00
8106875813689926,20120721,1691.00,1694.00,0,0,0.00,0.00,0.00,1691.00,0.00
8106875813689926,20120722,1691.00,1694.00,0,0,0.00,0.00,0.00,1691.00,0.00
8106875813689926,20120723,1691.00,1694.00,0,0,0.00,0.00,0.00,1691.00,0.00
8106875813689926,20120724,1691.00,1694.00,0,0,0.00,0.00,0.00,1691.00,0.00
8106875813689926,20120725,1691.00,1694.00,0,0,0.00,0.00,0.00,1691.00,0.00
8106875813689926,20120728,1691.00,1694.00,0,0,0.00,0.00,0.00,1691.00,0.00
8106875813689926,20120729,1691.00,1694.00,0,0,0.00,0.00,0.00,1691.00,0.00
8106875813689926,20120730,1691.00,1694.00,0,0,0.00,0.00,0.00,1691.00,0.00
8106875813689926,20120731,1691.00,1694.00,0,0,0.00,0.00,0.00,1691.00,0.00
8106875813689926,20120801,1691.00,1694.00,0,0,0.00,0.00,0.00,1691.00,0.00
8106875813689926,20120804,1691.00,1694.00,0,0,0.00,0.00,0.00,1691.00,0.00
8106875813689926,20120805,1691.00,1694.00,0,0,0.00,0.00,0.00,1691.00,0.00
8106875813689926,20120806,1691.00,1694.00,0,0,0.00,0.00,0.00,1691.00,0.00
8106875813689926,20120807,1691.00,1694.00,0,0,0.00,0.00,0.00,1691.00,0.00
8106875813689926,20120808,1691.00,1694.00,0,0,0.00,0.00,0.00,1691.00,0.00
8106875813689926,20120811,1691.00,1694.00,0,0,0.00,0.00,0.00,1691.00,0.00
8106875813689926,20120812,1691.00,1694.00,0,0,0.00,0.00,0.00,1691.00,0.00
8106875813689926,20120813,1691.00,1694.00,0,0,0.00,0.00,0.00,1691.00,0.00
8106875813689926,20120814,1691.00,1694.00,0,0,0.00,0.00,0.00,1691.00,0.00
8106875813689926,20120815,1691.00,1694.00,0,0,0.00,0.00,0.00,1691.00,0.00
8106875813689926,20120818,1691.00,1694.00,0,0,0.00,0.00,0.00,1691.00,0.00
8106875813689926,20120821,1691.00,1694.00,0,0,0.00,0.00,0.00,1691.00,0.00
8106875813689926,20120822,1691.00,1694.00,0,0,0.00,0.00,0.00,1691.00,0.00
8106875813689926,20120825,1691.00,1694.00,0,0,0.00,0.00,0.00,1691.00,0.00
8106875813689926,20120826,1691.00,1694.00,0,0,0.00,0.00,0.00,1691.00,0.00
8106875813689926,20120827,1691.00,1694.00,0,0,0.00,0.00,0.00,1691.00,0.00
8106875813689926,20120902,1691.00,1694.00,0,0,0.00,0.00,0.00,1691.00,0.00
8106875813689926,20120903,1691.00,1694.00,0,0,0.00,0.00,0.00,1691.00,0.00
8106875813689926,20120904,1691.00,1694.00,0,0,0.00,0.00,0.00,1691.00,0.00
8106875813689926,20120905,1691.00,1694.00,0,0,0.00,0.00,0.00,1691.00,0.00
8106875813689926,20120908,1691.00,1694.00,0,0,0.00,0.00,0.00,1691.00,0.00
8106875813689926,20120909,1691.00,1694.00,0,0,0.00,0.00,0.00,1691.00,0.00
8106875813689926,20120910,1691.00,1694.00,0,0,0.00,0.00,0.00,1691.00,0.00
8106875813689926,20120911,1691.00,1694.00,0,0,0.00,0.00,0.00,1691.00,0.00
8106875813689926,20120915,1691.00,1694.00,0,0,0.00,0.00,0.00,1691.00,0.00
8106875813689926,20120916,1691.00,1694.00,0,0,0.00,0.00,0.00,1691.00,0.00
8106875813689926,20120917,1691.00,1694.00,0,0,0.00,0.00,0.00,1691.00,0.00
8106875813689926,20120918,1691.00,1694.00,0,0,0.00,0.00,0.00,1691.00,0.00
8106875813689926,20120919,1691.00,1694.00,0,0,0.00,0.00,0.00,1691.00,0.00
8106875813689926,20120922,1691.00,1694.00,0,0,0.00,0.00,0.00,1691.00,0.00
8106875813689926,20120923,1691.00,1694.00,0,0,0.00,0.00,0.00,1691.00,0.00
8106875813689926,20120924,1691.00,1694.00,0,0,0.00,0.00,0.00,1691.00,0.00
8106875813689926,20120925,1691.00,1694.00,0,0,0.00,0.00,0.00,1691.00,0.00
8106875813689926,20120926,1691.00,1694.00,0,0,0.00,0.00,0.00,1691.00,0.00
8106875813689926,20120929,1691.00,1694.00,0,0,0.00,0.00,0.00,1691.00,0.00
8106875813689926,20120930,1691.00,1694.00,0,0,0.00,0.00,0.00,1691.00,0.00
8106875813689926,20121001,1691.00,1694.00,0,0,0.00,0.00,0.00,1691.00,0.00
8106875813689926,20121002,1691.00,1694.00,0,0,0.00,0.00,0.00,1691.00,0.00
8106875813689926,20121003,1691.00,1694.00,0,0,0.00,0.00,0.00,1691.00,0.00
8106875813689926,20121006,1691.00,1694.00,0,0,0.00,0.00,0.00,1691.00,0.00
8106875813689926,20121007,1691.00,1694.00,0,0,0.00,0.00,0.00,1691.00,0.00
8106875813689926,20121008,1691.00,1694.00,0,0,0.00,0.00,0.00,1691.00,0.00
8106875813689926,20121009,1691.00,1694.00,0,0,0.00,0.00,0.00,1691.00,0.00
8106875813689926,20121010,1691.00,1694.00,0,0,0.00,0.00,0.00,1691.00,0.00
8106875813689926,20121013,1691.00,1694.00,0,0,0.00,0.00,0.00,1691.00,0.00
8106875813689926,20121014,1691.00,1694.00,0,0,0.00,0.00,0.00,1691.00,0.00
8106875813689926,20121015,1691.00,1694.00,0,0,0.00,0.00,0.00,1691.00,0.00
8106875813689926,20121016,1691.00,1694.00,0,0,0.00,0.00,0.00,1691.00,0.00
8106875813689926,20121017,1691.00,1694.00,0,0,0.00,0.00,0.00,1691.00,0.00
8106875813689926,20121020,1691.00,1694.00,0,0,0.00,0.00,0.00,1691.00,0.00
8106875813689926,20121021,1691.00,1694.00,0,0,0.00,0.00,0.00,1691.00,0.00
8106875813689926,20121022,1691.00,1694.00,0,0,0.00,0.00,0.00,1691.00,0.00
8106875813689926,20121023,1691.00,1694.00,0,0,0.00,0.00,0.00,1691.00,0.00
8106875813689926,20121024,1691.00,1694.00,0,0,0.00,0.00,0.00,1691.00,0.00
8106875813689926,20121027,1691.00,1694.00,0,0,0.00,0.00,0.00,1691.00,0.00
8106875813689926,20121028,1691.00,1694.00,0,0,0.00,0.00,0.00,1691.00,0.00
8106875813689926,20121029,1691.00,1694.00,0,0,0.00,0.00,0.00,1691.00,0.00
8106875813689926,20121030,1691.00,1694.00,0,0,0.00,0.00,0.00,1691.00,0.00
8106875813689926,20121031,1691.00,1694.00,0,0,0.00,0.00,0.00,1691.00,0.00
8106875813689926,20121104,1691.00,1694.00,0,0,0.00,0.00,0.00,1691.00,0.00
8106875813689926,20121105,1691.00,1694.00,0,0,0.00,0.00,0.00,1691.00,0.00
8106875813689926,20121106,1691.00,1694.00,0,0,0.00,0.00,0.00,1691.00,0.00
8106875813689926,20121107,1691.00,1694.00,0,0,0.00,0.00,0.00,1691.00,0.00
8106875813689926,20121110,1691.00,1694.00,0,0,0.00,0.00,0.00,1691.00,0.00
8106875813689926,20121111,1691.00,1694.00,0,0,0.00,0.00,0.00,1691.00,0.00
8106875813689926,20121112,1691.00,1694.00,0,0,0.00,0.00,0.00,1691.00,0.00
8106875813689926,20121113,1691.00,1694.00,0,0,0.00,0.00,0.00,1691.00,0.00
8106875813689926,20121114,1691.00,1694.00,0,0,0.00,0.00,0.00,1691.00,0.00
8106875813689926,20121117,1691.00,1694.00,0,0,0.00,0.00,0.00,1691.00,0.00
8106875813689926,20121118,1691.00,1694.00,0,0,0.00,0.00,0.00,1691.00,0.00
8106875813689926,20121119,1691.00,1694.00,0,0,0.00,0.00,0.00,1691.00,0.00
8106875813689926,20121120,1691.00,1694.00,0,0,0.00,0.00,0.00,1691.00,0.00
8106875813689926,20121121,1691.00,1694.00,0,0,0.00,0.00,0.00,1691.00,0.00
8106875813689926,20121126,1691.00,1694.00,0,0,0.00,0.00,0.00,1691.00,0.00
8106875813689926,20121127,1691.00,1694.00,0,0,0.00,0.00,0.00,1691.00,0.00
8106875813689926,20121128,1691.00,1694.00,0,0,0.00,0.00,0.00,1691.00,0.00
8106875813689926,20121201,1691.00,1694.00,0,0,0.00,0.00,0.00,1691.00,0.00
8106875813689926,20121202,1691.00,1694.00,0,0,0.00,0.00,0.00,1691.00,0.00
8106875813689926,20121203,1691.00,1694.00,0,0,0.00,0.00,0.00,1691.00,0.00
8106875813689926,20121204,1691.00,1694.00,0,0,0.00,0.00,0.00,1691.00,0.00
8106875813689926,20121205,1691.00,1694.00,0,0,0.00,0.00,0.00,1691.00,0.00
8106875813689926,20121208,1691.00,1694.00,0,0,0.00,0.00,0.00,1691.00,0.00
8106875813689926,20121209,1691.00,1694.00,0,0,0.00,0.00,0.00,1691.00,0.00
8106875813689926,20121210,1691.00,1694.00,0,0,0.00,0.00,0.00,1691.00,0.00
8106875813689926,20121211,1691.00,1694.00,0,0,0.00,0.00,0.00,1691.00,0.00
8106875813689926,20121212,1691.00,1694.00,0,0,0.00,0.00,0.00,1691.00,0.00
8106875813689926,20121215,1691.00,1694.00,0,0,0.00,0.00,0.00,1691.00,0.00
8106875813689926,20121216,1691.00,1694.00,0,0,0.00,0.00,0.00,1691.00,0.00
8106875813689926,20121217,1691.00,1694.00,0,0,0.00,0.00,0.00,1691.00,0.00
8106875813689926,20121218,1691.00,1694.00,0,0,0.00,0.00,0.00,1691.00,0.00
8106875813689926,20121219,1691.00,1694.00,0,0,0.00,0.00,0.00,1691.00,0.00
8106875813689926,20121222,1691.00,1694.00,0,0,0.00,0.00,0.00,1691.00,0.00
8106875813689926,20121223,1691.00,1694.00,0,0,0.00,0.00,0.00,1691.00,0.00
8106875813689926,20121224,1691.00,1694.00,0,0,0.00,0.00,0.00,1691.00,0.00
8106875813689926,20121225,1691.00,1694.00,0,0,0.00,0.00,0.00,1691.00,0.00
8106875813689926,20121226,1691.00,1694.00,0,0,0.00,0.00,0.00,1691.00,0.00
8106875813689926,20121229,1691.00,1694.00,0,0,0.00,0.00,0.00,1691.00,0.00
8106875813689926,20121230,1691.00,1694.00,0,0,0.00,0.00,0.00,1691.00,0.00
8106875813689926,20121231,1691.00,1694.00,0,0,0.00,0.00,0.00,1691.00,0.00
8106875813689926,20130101,1691.00,1694.00,0,0,0.00,0.00,0.00,1691.00,0.00
8106875813689926,20130102,1691.00,1694.00,0,0,0.00,0.00,0.00,1691.00,0.00
8106875813689926,20130106,1691.00,1694.00,0,0,0.00,0.00,0.00,1691.00,0.00
8106875813689926,20130107,1691.00,1694.00,0,0,0.00,0.00,0.00,1691.00,0.00
8106875813689926,20130108,1691.00,1694.00,0,0,0.00,0.00,0.00,1691.00,0.00
8106875813689926,20130109,1691.00,1694.00,0,0,0.00,0.00,0.00,1691.00,0.00
8106875813689926,20130113,1691.00,1694.00,0,0,0.00,0.00,0.00,1691.00,0.00
8106875813689926,20130114,1691.00,1694.00,0,0,0.00,0.00,0.00,1691.00,0.00
8106875813689926,20130115,1691.00,1694.00,0,0,0.00,0.00,0.00,1691.00,0.00
8106875813689926,20130116,1691.00,1694.00,0,0,0.00,0.00,0.00,1691.00,0.00
8106875813689926,20130119,1691.00,1694.00,0,0,0.00,0.00,0.00,1691.00,0.00
8106875813689926,20130120,1691.00,1694.00,0,0,0.00,0.00,0.00,1691.00,0.00
8106875813689926,20130121,1691.00,1694.00,0,0,0.00,0.00,0.00,1691.00,0.00
8106875813689926,20130122,1691.00,1694.00,0,0,0.00,0.00,0.00,1691.00,0.00
8106875813689926,20130123,1691.00,1694.00,0,0,0.00,0.00,0.00,1691.00,0.00
8106875813689926,20130126,1691.00,1694.00,0,0,0.00,0.00,0.00,1691.00,0.00
8106875813689926,20130127,1691.00,1694.00,0,0,0.00,0.00,0.00,1691.00,0.00
8106875813689926,20130128,1691.00,1694.00,0,0,0.00,0.00,0.00,1691.00,0.00
8106875813689926,20130130,1691.00,1694.00,0,0,0.00,0.00,0.00,1691.00,0.00
8106875813689926,20130202,1691.00,1694.00,0,0,0.00,0.00,0.00,1691.00,0.00
8106875813689926,20130203,1691.00,1694.00,0,0,0.00,0.00,0.00,1691.00,0.00
8106875813689926,20130204,1691.00,1694.00,0,0,0.00,0.00,0.00,1691.00,0.00
8106875813689926,20130205,1691.00,1694.00,0,0,0.00,0.00,0.00,1691.00,0.00
8106875813689926,20130206,1691.00,1694.00,0,0,0.00,0.00,0.00,1691.00,0.00
8106875813689926,20130209,1691.00,1694.00,0,0,0.00,0.00,0.00,1691.00,0.00
8106875813689926,20130211,1691.00,1694.00,0,0,0.00,0.00,0.00,1691.00,0.00
8106875813689926,20130212,1691.00,1694.00,0,0,0.00,0.00,0.00,1691.00,0.00
8106875813689926,20130213,1691.00,1694.00,0,0,0.00,0.00,0.00,1691.00,0.00
8106875813689926,20130216,1691.00,1694.00,0,0,0.00,0.00,0.00,1691.00,0.00
8106875813689926,20130217,1691.00,1694.00,0,0,0.00,0.00,0.00,1691.00,0.00
8106875813689926,20130218,1691.00,1694.00,0,0,0.00,0.00,0.00,1691.00,0.00
8106875813689926,20130219,1691.00,1694.00,0,0,0.00,0.00,0.00,1691.00,0.00
8106875813689926,20130220,1691.00,1694.00,0,0,0.00,0.00,0.00,1691.00,0.00
8106875813689926,20130223,1691.00,1694.00,0,0,0.00,0.00,0.00,1691.00,0.00
8106875813689926,20130224,1691.00,1694.00,0,0,0.00,0.00,0.00,1691.00,0.00
8106875813689926,20130225,1691.00,1694.00,0,0,0.00,0.00,0.00,1691.00,0.00
8106875813689926,20130226,1691.00,1694.00,0,0,0.00,0.00,0.00,1691.00,0.00
8106875813689926,20130227,1691.00,1694.00,0,0,0.00,0.00,0.00,1691.00,0.00
8106875813689926,20130302,1691.00,1694.00,0,0,0.00,0.00,0.00,1691.00,0.00
8106875813689926,20130303,1691.00,1694.00,0,0,0.00,0.00,0.00,1691.00,0.00
8106875813689926,20130304,1691.00,1694.00,0,0,0.00,0.00,0.00,1691.00,0.00
8106875813689926,20130305,1691.00,1694.00,0,0,0.00,0.00,0.00,1691.00,0.00
8106875813689926,20130306,1691.00,1694.00,0,0,0.00,0.00,0.00,1691.00,0.00
8106875813689926,20130309,1691.00,1694.00,0,0,0.00,0.00,0.00,1691.00,0.00
8106875813689926,20130310,1691.00,1694.00,0,0,0.00,0.00,0.00,1691.00,0.00
8106875813689926,20130311,1691.00,1694.00,0,0,0.00,0.00,0.00,1691.00,0.00
8106875813689926,20130312,1691.00,1694.00,0,0,0.00,0.00,0.00,1691.00,0.00
8106875813689926,20130313,1691.00,1694.00,0,0,0.00,0.00,0.00,1691.00,0.00
8106875813689926,20130316,1691.00,1694.00,0,0,0.00,0.00,0.00,1691.00,0.00
8106875813689926,20130317,1691.00,1694.00,0,0,0.00,0.00,0.00,1691.00,0.00
8106875813689926,20130318,1691.00,1694.00,0,0,0.00,0.00,0.00,1691.00,0.00
8106875813689926,20130325,1691.00,1694.00,0,0,0.00,0.00,0.00,1691.00,0.00
8106875813689926,20130326,1691.00,1694.00,0,0,0.00,0.00,0.00,1691.00,0.00
8106875813689926,20130327,1691.00,1694.00,0,0,0.00,0.00,0.00,1691.00,0.00
8106875813689926,20130330,1691.00,1694.00,0,0,0.00,0.00,0.00,1691.00,0.00
8106875813689926,20130331,1691.00,1694.00,0,0,0.00,0.00,0.00,1691.00,0.00
8106875813689926,20130403,1691.00,1694.00,0,0,0.00,0.00,0.00,1691.00,0.00
8106875813689926,20130406,1691.00,1694.00,0,0,0.00,0.00,0.00,1691.00,0.00
8106875813689926,20130407,1691.00,1694.00,0,0,0.00,0.00,0.00,1691.00,0.00
8106875813689926,20130408,1691.00,1694.00,0,0,0.00,0.00,0.00,1691.00,0.00
8106875813689926,20130409,1691.00,1694.00,0,0,0.00,0.00,0.00,1691.00,0.00
8106875813689926,20130410,1691.00,1694.00,0,0,0.00,0.00,0.00,1691.00,0.00
8106875813689926,20130413,1691.00,1694.00,0,0,0.00,0.00,0.00,1691.00,0.00
8106875813689926,20130415,1691.00,1694.00,0,0,0.00,0.00,0.00,1691.00,0.00
8106875813689926,20130416,1691.00,1694.00,0,0,0.00,0.00,0.00,1691.00,0.00
8106875813689926,20130417,1691.00,1694.00,0,0,0.00,0.00,0.00,1691.00,0.00
8106875813689926,20130420,1691.00,1694.00,0,0,0.00,0.00,0.00,1691.00,0.00
8106875813689926,20130421,1691.00,1694.00,0,0,0.00,0.00,0.00,1691.00,0.00
8106875813689926,20130422,1691.00,1694.00,0,0,0.00,0.00,0.00,1691.00,0.00
8106875813689926,20130423,1691.00,1694.00,0,0,0.00,0.00,0.00,1691.00,0.00
8106875813689926,20130424,1691.00,1694.00,0,0,0.00,0.00,0.00,1691.00,0.00
8106875813689926,20130427,1691.00,1694.00,0,0,0.00,0.00,0.00,1691.00,0.00
8106875813689926,20130428,1691.00,1694.00,0,0,0.00,0.00,0.00,1691.00,0.00
8106875813689926,20130429,1691.00,1694.00,0,0,0.00,0.00,0.00,1691.00,0.00
8106875813689926,20130430,1691.00,1694.00,0,0,0.00,0.00,0.00,1691.00,0.00
8106875813689926,20130501,1691.00,1694.00,0,0,0.00,0.00,0.00,1691.00,0.00
8106875813689926,20130504,1691.00,1694.00,0,0,0.00,0.00,0.00,1691.00,0.00
8106875813689926,20130505,1691.00,1694.00,0,0,0.00,0.00,0.00,1691.00,0.00
8106875813689926,20130506,1691.00,1694.00,0,0,0.00,0.00,0.00,1691.00,0.00
8106875813689926,20130507,1691.00,1694.00,0,0,0.00,0.00,0.00,1691.00,0.00
8106875813689926,20130508,1691.00,1694.00,0,0,0.00,0.00,0.00,1691.00,0.00
8106875813689926,20130511,1691.00,1694.00,0,0,0.00,0.00,0.00,1691.00,0.00
8106875813689926,20130512,1691.00,1694.00,0,0,0.00,0.00,0.00,1691.00,0.00
8106875813689926,20130513,1691.00,1694.00,0,0,0.00,0.00,0.00,1691.00,0.00
8106875813689926,20130514,1691.00,1694.00,0,0,0.00,0.00,0.00,1691.00,0.00
8106875813689926,20130515,1691.00,1694.00,0,0,0.00,0.00,0.00,1691.00,0.00
8106875813689926,20130518,1691.00,1694.00,0,0,0.00,0.00,0.00,1691.00,0.00
8106875813689926,20130519,1691.00,1694.00,0,0,0.00,0.00,0.00,1691.00,0.00
8106875813689926,20130520,1691.00,1694.00,0,0,0.00,0.00,0.00,1691.00,0.00
8106875813689926,20130521,1691.00,1694.00,0,0,0.00,0.00,0.00,1691.00,0.00
8106875813689926,20130522,1691.00,1694.00,0,0,0.00,0.00,0.00,1691.00,0.00
8106875813689926,20130525,1691.00,1694.00,0,0,0.00,0.00,0.00,1691.00,0.00
8106875813689926,20130526,1691.00,1694.00,0,0,0.00,0.00,0.00,1691.00,0.00
8106875813689926,20130527,1691.00,1694.00,0,0,0.00,0.00,0.00,1691.00,0.00
8106875813689926,20130528,1691.00,1694.00,0,0,0.00,0.00,0.00,1691.00,0.00
8106875813689926,20130529,1691.00,1694.00,0,0,0.00,0.00,0.00,1691.00,0.00
8106875813689926,20130601,1691.00,1694.00,0,0,0.00,0.00,0.00,1691.00,0.00
8106875813689926,20130602,1691.00,1694.00,0,0,0.00,0.00,0.00,1691.00,0.00
8106875813689926,20130603,1691.00,1694.00,0,0,0.00,0.00,0.00,1691.00,0.00
8106875813689926,20130608,1691.00,1694.00,0,0,0.00,0.00,0.00,1691.00,0.00
8106875813689926,20130609,1691.00,1694.00,0,0,0.00,0.00,0.00,1691.00,0.00
8106875813689926,20130610,1691.00,1694.00,0,0,0.00,0.00,0.00,1691.00,0.00
8106875813689926,20130611,1691.00,1694.00,0,0,0.00,0.00,0.00,1691.00,0.00
8106875813689926,20130612,1691.00,1694.00,0,0,0.00,0.00,0.00,1691.00,0.00
8106875813689926,20130615,1691.00,1694.00,0,0,0.00,0.00,0.00,1691.00,0.00
8106875813689926,20130616,1691.00,1694.00,0,0,0.00,0.00,0.00,1691.00,0.00
8106875813689926,20130617,1691.00,1694.00,0,0,0.00,0.00,0.00,1691.00,0.00
8106875813689926,20130618,1691.00,1694.00,0,0,0.00,0.00,0.00,1691.00,0.00
8106875813689926,20130619,1691.00,1694.00,0,0,0.00,0.00,0.00,1691.00,0.00
8106875813689926,20130622,1691.00,1694.00,0,0,0.00,0.00,0.00,1691.00,0.00
8106875813689926,20130623,1691.00,1694.00,0,0,0.00,0.00,0.00,1691.00,0.00
8106875813689926,20130625,1691.00,1694.00,0,0,0.00,0.00,0.00,1691.00,0.00
8106875813689926,20130626,1691.00,1694.00,0,0,0.00,0.00,0.00,1691.00,0.00
8106875813689926,20130629,1691.00,1694.00,0,0,0.00,0.00,0.00,1691.00,0.00
8106875813689926,20130630,1691.00,1694.00,0,0,0.00,0.00,0.00,1691.00,0.00
8106875813689926,20130701,1691.00,1694.00,0,0,0.00,0.00,0.00,1691.00,0.00
8106875813689926,20130702,1691.00,1694.00,0,0,0.00,0.00,0.00,1691.00,0.00
8106875813689926,20130703,1691.00,1694.00,0,0,0.00,0.00,0.00,1691.00,0.00
8106875813689926,20130706,1691.00,1694.00,0,0,0.00,0.00,0.00,1691.00,0.00
8106875813689926,20130707,1691.00,1694.00,0,0,0.00,0.00,0.00,1691.00,0.00
8106875813689926,20130708,1691.00,1694.00,0,0,0.00,0.00,0.00,1691.00,0.00
8106875813689926,20130709,1691.00,1694.00,0,0,0.00,0.00,0.00,1691.00,0.00
8106875813689926,20130710,1691.00,1694.00,0,0,0.00,0.00,0.00,1691.00,0.00
8106875813689926,20130713,1691.00,1694.00,0,0,0.00,0.00,0.00,1691.00,0.00
8106875813689926,20130714,1691.00,1694.00,0,0,0.00,0.00,0.00,1691.00,0.00
8106875813689926,20130715,1691.00,1694.00,0,0,0.00,0.00,0.00,1691.00,0.00
8106875813689926,20130716,1691.00,1694.00,0,0,0.00,0.00,0.00,1691.00,0.00
8106875813689926,20130717,1691.00,1694.00,0,0,0.00,0.00,0.00,1691.00,0.00
8106875813689926,20130720,1691.00,1694.00,0,0,0.00,0.00,0.00,1691.00,0.00
8106875813689926,20130721,1691.00,1694.00,0,0,0.00,0.00,0.00,1691.00,0.00
8106875813689926,20130722,1691.00,1694.00,0,0,0.00,0.00,0.00,1691.00,0.00
8106875813689926,20130723,1691.00,1694.00,0,0,0.00,0.00,0.00,1691.00,0.00
8106875813689926,20130724,1691.00,1694.00,0,0,0.00,0.00,0.00,1691.00,0.00
8106875813689926,20130727,1691.00,1694.00,0,0,0.00,0.00,0.00,1691.00,0.00
8106875813689926,20130728,1691.00,1694.00,0,0,0.00,0.00,0.00,1691.00,0.00
8106875813689926,20130729,1691.00,1694.00,0,0,0.00,0.00,0.00,1691.00,0.00
8106875813689926,20130731,1691.00,1694.00,0,0,0.00,0.00,0.00,1691.00,0.00
8106875813689926,20130803,1691.00,1694.00,0,0,0.00,0.00,0.00,1691.00,0.00
8106875813689926,20130804,1691.00,1694.00,0,0,0.00,0.00,0.00,1691.00,0.00
8106875813689926,20130805,1691.00,1694.00,0,0,0.00,0.00,0.00,1691.00,0.00
8106875813689926,20130806,1691.00,1694.00,0,0,0.00,0.00,0.00,1691.00,0.00
8106875813689926,20130807,1691.00,1694.00,0,0,0.00,0.00,0.00,1691.00,0.00
8106875813689926,20130811,1691.00,1694.00,0,0,0.00,0.00,0.00,1691.00,0.00
8106875813689926,20130812,1691.00,1694.00,0,0,0.00,0.00,0.00,1691.00,0.00
8106875813689926,20130813,1691.00,1694.00,0,0,0.00,0.00,0.00,1691.00,0.00
8106875813689926,20130814,1691.00,1694.00,0,0,0.00,0.00,0.00,1691.00,0.00
8106875813689926,20130817,1691.00,1694.00,0,0,0.00,0.00,0.00,1691.00,0.00
8106875813689926,20130818,1691.00,1694.00,0,0,0.00,0.00,0.00,1691.00,0.00
8106875813689926,20130819,1691.00,1694.00,0,0,0.00,0.00,0.00,1691.00,0.00
8106875813689926,20130820,1691.00,1694.00,0,0,0.00,0.00,0.00,1691.00,0.00
8106875813689926,20130821,1691.00,1694.00,0,0,0.00,0.00,0.00,1691.00,0.00
8106875813689926,20130824,1691.00,1694.00,0,0,0.00,0.00,0.00,1691.00,0.00
8106875813689926,20130825,1691.00,1694.00,0,0,0.00,0.00,0.00,1691.00,0.00
