9056363822920274,20120102,1000.00,1000.00,0,0,0.00,0.00,0.00,0.00,0.00
9056363822920274,20120103,1000.00,1000.00,0,0,0.00,0.00,0.00,1000.00,0.00
9056363822920274,20120104,1000.00,1000.00,0,0,0.00,0.00,0.00,1000.00,0.00
9056363822920274,20120107,1000.00,1000.00,0,0,0.00,0.00,0.00,1000.00,0.00
9056363822920274,20120108,1000.00,1000.00,0,0,0.00,0.00,0.00,1000.00,0.00
9056363822920274,20120109,1000.00,1000.00,0,0,0.00,0.00,0.00,1000.00,0.00
9056363822920274,20120110,1000.00,1000.00,0,0,0.00,0.00,0.00,1000.00,0.00
9056363822920274,20120111,1000.00,1000.00,0,0,0.00,0.00,0.00,1000.00,0.00
9056363822920274,20120115,1000.00,1000.00,0,0,0.00,0.00,0.00,1000.00,0.00
9056363822920274,20120116,1000.00,1000.00,0,0,0.00,0.00,0.00,1000.00,0.00
9056363822920274,20120117,1000.00,1000.00,0,0,0.00,0.00,0.00,1000.00,0.00
9056363822920274,20120118,1000.00,1000.00,0,0,0.00,0.00,0.00,1000.00,0.00
9056363822920274,20120121,1000.00,1000.00,0,0,0.00,0.00,0.00,1000.00,0.00
9056363822920274,20120123,1000.00,1000.00,0,0,0.00,0.00,0.00,1000.00,0.00
9056363822920274,20120125,1000.00,1000.00,0,0,0.00,0.00,0.00,1000.00,0.00
9056363822920274,20120128,1000.00,1000.00,0,0,0.00,0.00,0.00,1000.00,0.00
9056363822920274,20120129,1000.00,1000.00,0,0,0.00,0.00,0.00,1000.00,0.00
9056363822920274,20120130,1000.00,1000.00,0,0,0.00,0.00,0.00,1000.00,0.00
9056363822920274,20120131,1000.00,1000.00,0,0,0.00,0.00,0.00,1000.00,0.00
9056363822920274,20120201,1000.00,1000.00,0,0,0.00,0.00,0.00,1000.00,0.00
9056363822920274,20120204,1000.00,1000.00,0,0,0.00,0.00,0.00,1000.00,0.00
9056363822920274,20120205,1000.00,1000.00,0,0,0.00,0.00,0.00,1000.00,0.00
9056363822920274,20120206,1000.00,1000.00,0,0,0.00,0.00,0.00,1000.00,0.00
9056363822920274,20120207,1000.00,1000.00,0,0,0.00,0.00,0.00,1000.00,0.00
9056363822920274,20120208,1000.00,1000.00,0,0,0.00,0.00,0.00,1000.00,0.00
9056363822920274,20120212,1000.00,1000.00,0,0,0.00,0.00,0.00,1000.00,0.00
9056363822920274,20120213,1000.00,1000.00,0,0,0.00,0.00,0.00,1000.00,0.00
9056363822920274,20120214,1000.00,1000.00,0,0,0.00,0.00,0.00,1000.00,0.00
9056363822920274,20120215,1000.00,1000.00,0,0,0.00,0.00,0.00,1000.00,0.00
9056363822920274,20120218,1000.00,1000.00,0,0,0.00,0.00,0.00,1000.00,0.00
9056363822920274,20120219,1000.00,1000.00,0,0,0.00,0.00,0.00,1000.00,0.00
9056363822920274,20120220,1000.00,1000.00,0,0,0.00,0.00,0.00,1000.00,0.00
9056363822920274,20120221,1000.00,1000.00,0,0,0.00,0.00,0.00,1000.00,0.00
9056363822920274,20120222,1000.00,1000.00,0,0,0.00,0.00,0.00,1000.00,0.00
9056363822920274,20120225,1000.00,1000.00,0,0,0.00,0.00,0.00,1000.00,0.00
9056363822920274,20120226,1000.00,1000.00,0,0,0.00,0.00,0.00,1000.00,0.00
9056363822920274,20120227,1000.00,1000.00,0,0,0.00,0.00,0.00,1000.00,0.00
9056363822920274,20120228,1000.00,1000.00,0,0,0.00,0.00,0.00,1000.00,0.00
9056363822920274,20120229,1000.00,1000.00,0,0,0.00,0.00,0.00,1000.00,0.00
9056363822920274,20120303,1000.00,1000.00,0,0,0.00,0.00,0.00,1000.00,0.00
9056363822920274,20120304,1000.00,1000.00,0,0,0.00,0.00,0.00,1000.00,0.00
9056363822920274,20120305,1000.00,1000.00,0,0,0.00,0.00,0.00,1000.00,0.00
9056363822920274,20120306,1000.00,1000.00,0,0,0.00,0.00,0.00,1000.00,0.00
9056363822920274,20120307,1000.00,1000.00,0,0,0.00,0.00,0.00,1000.00,0.00
9056363822920274,20120310,1000.00,1000.00,0,0,0.00,0.00,0.00,1000.00,0.00
9056363822920274,20120311,1000.00,1000.00,0,0,0.00,0.00,0.00,1000.00,0.00
9056363822920274,20120312,1000.00,1000.00,0,0,0.00,0.00,0.00,1000.00,0.00
9056363822920274,20120313,1000.00,1000.00,0,0,0.00,0.00,0.00,1000.00,0.00
9056363822920274,20120314,1000.00,1000.00,0,0,0.00,0.00,0.00,1000.00,0.00
9056363822920274,20120317,1000.00,1000.00,0,0,0.00,0.00,0.00,1000.00,0.00
9056363822920274,20120318,1000.00,1000.00,0,0,0.00,0.00,0.00,1000.00,0.00
9056363822920274,20120324,1000.00,1000.00,0,0,0.00,0.00,0.00,1000.00,0.00
9056363822920274,20120325,1000.00,1000.00,0,0,0.00,0.00,0.00,1000.00,0.00
9056363822920274,20120326,1000.00,1000.00,0,0,0.00,0.00,0.00,1000.00,0.00
9056363822920274,20120327,1000.00,1000.00,0,0,0.00,0.00,0.00,1000.00,0.00
9056363822920274,20120328,1000.00,1000.00,0,0,0.00,0.00,0.00,1000.00,0.00
9056363822920274,20120402,1000.00,1000.00,0,0,0.00,0.00,0.00,1000.00,0.00
9056363822920274,20120403,1000.00,1000.00,0,0,0.00,0.00,0.00,1000.00,0.00
9056363822920274,20120404,1000.00,1000.00,0,0,0.00,0.00,0.00,1000.00,0.00
9056363822920274,20120407,1000.00,1000.00,0,0,0.00,0.00,0.00,1000.00,0.00
9056363822920274,20120408,1000.00,1000.00,0,0,0.00,0.00,0.00,1000.00,0.00
9056363822920274,20120409,1000.00,1000.00,0,0,0.00,0.00,0.00,1000.00,0.00
9056363822920274,20120410,1000.00,1000.00,0,0,0.00,0.00,0.00,1000.00,0.00
9056363822920274,20120411,1000.00,1000.00,0,0,0.00,0.00,0.00,1000.00,0.00
9056363822920274,20120414,1000.00,1000.00,0,0,0.00,0.00,0.00,1000.00,0.00
9056363822920274,20120415,1000.00,1000.00,0,0,0.00,0.00,0.00,1000.00,0.00
9056363822920274,20120416,1000.00,1000.00,0,0,0.00,0.00,0.00,1000.00,0.00
9056363822920274,20120417,1000.00,1000.00,0,0,0.00,0.00,0.00,1000.00,0.00
9056363822920274,20120418,1000.00,1000.00,0,0,0.00,0.00,0.00,1000.00,0.00
9056363822920274,20120421,1000.00,1000.00,0,0,0.00,0.00,0.00,1000.00,0.00
9056363822920274,20120422,1000.00,1000.00,0,0,0.00,0.00,0.00,1000.00,0.00
9056363822920274,20120423,1000.00,1000.00,0,0,0.00,0.00,0.00,1000.00,0.00
9056363822920274,20120424,1000.00,1000.00,0,0,0.00,0.00,0.00,1000.00,0.00
9056363822920274,20120428,1000.00,1000.00,0,0,0.00,0.00,0.00,1000.00,0.00
9056363822920274,20120429,1000.00,1000.00,0,0,0.00,0.00,0.00,1000.00,0.00
9056363822920274,20120430,1000.00,1000.00,0,0,0.00,0.00,0.00,1000.00,0.00
9056363822920274,20120501,1000.00,1000.00,0,0,0.00,0.00,0.00,1000.00,0.00
9056363822920274,20120502,1000.00,1000.00,0,0,0.00,0.00,0.00,1000.00,0.00
9056363822920274,20120505,1000.00,1000.00,0,0,0.00,0.00,0.00,1000.00,0.00
9056363822920274,20120506,1000.00,1000.00,0,0,0.00,0.00,0.00,1000.00,0.00
9056363822920274,20120507,1000.00,1000.00,0,0,0.00,0.00,0.00,1000.00,0.00
9056363822920274,20120508,1000.00,1000.00,0,0,0.00,0.00,0.00,1000.00,0.00
9056363822920274,20120509,1000.00,1000.00,0,0,0.00,0.00,0.00,1000.00,0.00
9056363822920274,20120512,1000.00,1000.00,0,0,0.00,0.00,0.00,1000.00,0.00
9056363822920274,20120513,1000.00,1000.00,0,0,0.00,0.00,0.00,1000.00,0.00
9056363822920274,20120514,1000.00,1000.00,0,0,0.00,0.00,0.00,1000.00,0.00
9056363822920274,20120515,1000.00,1000.00,0,0,0.00,0.00,0.00,1000.00,0.00
9056363822920274,20120519,1000.00,1000.00,0,0,0.00,0.00,0.00,1000.00,0.00
9056363822920274,20120520,1000.00,1000.00,0,0,0.00,0.00,0.00,1000.00,0.00
9056363822920274,20120521,1000.00,1000.00,0,0,0.00,0.00,0.00,1000.00,0.00
9056363822920274,20120522,1000.00,1000.00,0,0,0.00,0.00,0.00,1000.00,0.00
9056363822920274,20120523,1000.00,1000.00,0,0,0.00,0.00,0.00,1000.00,0.00
9056363822920274,20120526,1000.00,1000.00,0,0,0.00,0.00,0.00,1000.00,0.00
9056363822920274,20120527,1000.00,1000.00,0,0,0.00,0.00,0.00,1000.00,0.00
9056363822920274,20120528,1000.00,1000.00,0,0,0.00,0.00,0.00,1000.00,0.00
9056363822920274,20120529,1000.00,1000.00,0,0,0.00,0.00,0.00,1000.00,0.00
9056363822920274,20120530,1000.00,1000.00,0,0,0.00,0.00,0.00,1000.00,0.00
9056363822920274,20120602,1000.00,1000.00,0,0,0.00,0.00,0.00,1000.00,0.00
9056363822920274,20120605,1000.00,1000.00,0,0,0.00,0.00,0.00,1000.00,0.00
9056363822920274,20120606,1000.00,1000.00,0,0,0.00,0.00,0.00,1000.00,0.00
9056363822920274,20120609,1000.00,1000.00,0,0,0.00,0.00,0.00,1000.00,0.00
9056363822920274,20120610,1000.00,1000.00,0,0,0.00,0.00,0.00,1000.00,0.00
9056363822920274,20120611,1000.00,1000.00,0,0,0.00,0.00,0.00,1000.00,0.00
9056363822920274,20120612,1000.00,1000.00,0,0,0.00,0.00,0.00,1000.00,0.00
9056363822920274,20120613,1000.00,1000.00,0,0,0.00,0.00,0.00,1000.00,0.00
9056363822920274,20120616,1000.00,1000.00,0,0,0.00,0.00,0.00,1000.00,0.00
9056363822920274,20120617,1000.00,1000.00,0,0,0.00,0.00,0.00,1000.00,0.00
9056363822920274,20120619,1000.00,1000.00,0,0,0.00,0.00,0.00,1000.00,0.00
9056363822920274,20120620,1000.00,1000.00,0,0,0.00,0.00,0.00,1000.00,0.00
9056363822920274,20120623,1000.00,1000.00,0,0,0.00,0.00,0.00,1000.00,0.00
9056363822920274,20120624,1000.00,1000.00,0,0,0.00,0.00,0.00,1000.00,0.00
9056363822920274,20120625,1000.00,1000.00,0,0,0.00,0.00,0.00,1000.00,0.00
9056363822920274,20120626,1000.00,1000.00,0,0,0.00,0.00,0.00,1000.00,0.00
9056363822920274,20120627,1000.00,1000.00,0,0,0.00,0.00,0.00,1000.00,0.00
9056363822920274,20120630,1000.00,1000.00,0,0,0.00,0.00,0.00,1000.00,0.00
9056363822920274,20120701,1000.00,1000.00,0,0,0.00,0.00,0.00,1000.00,0.00
9056363822920274,20120702,1000.00,1000.00,0,0,0.00,0.00,0.00,1000.00,0.00
9056363822920274,20120703,1000.00,1000.00,0,0,0.00,0.00,0.00,1000.00,0.00
9056363822920274,20120704,1000.00,1000.00,0,0,0.00,0.00,0.00,1000.00,0.00
9056363822920274,20120707,1000.00,1000.00,0,0,0.00,0.00,0.00,1000.00,0.00
9056363822920274,20120708,600.00,600.00,0,0,0.00,0.00,0.00,1000.00,0.00
9056363822920274,20120709,600.00,600.00,0,0,0.00,0.00,0.00,600.00,0.00
9056363822920274,20120710,600.00,600.00,0,0,0.00,0.00,0.00,600.00,0.00
9056363822920274,20120711,600.00,600.00,0,0,0.00,0.00,0.00,600.00,0.00
9056363822920274,20120714,600.00,600.00,0,0,0.00,0.00,0.00,600.00,0.00
9056363822920274,20120715,600.00,600.00,0,0,0.00,0.00,0.00,600.00,0.00
9056363822920274,20120716,600.00,600.00,0,0,0.00,0.00,0.00,600.00,0.00
9056363822920274,20120717,600.00,600.00,0,0,0.00,0.00,0.00,600.00,0.00
9056363822920274,20120718,600.00,600.00,0,0,0.00,0.00,0.00,600.00,0.00
9056363822920274,20120721,600.00,600.00,0,0,0.00,0.00,0.00,600.00,0.00
9056363822920274,20120722,600.00,600.00,0,0,0.00,0.00,0.00,600.00,0.00
9056363822920274,20120723,600.00,600.00,0,0,0.00,0.00,0.00,600.00,0.00
9056363822920274,20120724,600.00,600.00,0,0,0.00,0.00,0.00,600.00,0.00
9056363822920274,20120725,600.00,600.00,0,0,0.00,0.00,0.00,600.00,0.00
9056363822920274,20120728,600.00,600.00,0,0,0.00,0.00,0.00,600.00,0.00
9056363822920274,20120729,600.00,600.00,0,0,0.00,0.00,0.00,600.00,0.00
9056363822920274,20120730,600.00,600.00,0,0,0.00,0.00,0.00,600.00,0.00
9056363822920274,20120731,600.00,600.00,0,0,0.00,0.00,0.00,600.00,0.00
9056363822920274,20120801,600.00,600.00,0,0,0.00,0.00,0.00,600.00,0.00
9056363822920274,20120804,600.00,600.00,0,0,0.00,0.00,0.00,600.00,0.00
9056363822920274,20120805,600.00,600.00,0,0,0.00,0.00,0.00,600.00,0.00
9056363822920274,20120806,600.00,600.00,0,0,0.00,0.00,0.00,600.00,0.00
9056363822920274,20120807,600.00,600.00,0,0,0.00,0.00,0.00,600.00,0.00
9056363822920274,20120808,600.00,600.00,0,0,0.00,0.00,0.00,600.00,0.00
9056363822920274,20120811,600.00,600.00,0,0,0.00,0.00,0.00,600.00,0.00
9056363822920274,20120812,600.00,600.00,0,0,0.00,0.00,0.00,600.00,0.00
9056363822920274,20120813,600.00,600.00,0,0,0.00,0.00,0.00,600.00,0.00
9056363822920274,20120814,600.00,600.00,0,0,0.00,0.00,0.00,600.00,0.00
9056363822920274,20120815,600.00,600.00,0,0,0.00,0.00,0.00,600.00,0.00
9056363822920274,20120818,600.00,600.00,0,0,0.00,0.00,0.00,600.00,0.00
9056363822920274,20120819,600.00,600.00,0,0,0.00,0.00,0.00,600.00,0.00
9056363822920274,20120821,600.00,600.00,0,0,0.00,0.00,0.00,600.00,0.00
9056363822920274,20120822,600.00,600.00,0,0,0.00,0.00,0.00,600.00,0.00
9056363822920274,20120825,600.00,600.00,0,0,0.00,0.00,0.00,600.00,0.00
9056363822920274,20120826,600.00,600.00,0,0,0.00,0.00,0.00,600.00,0.00
9056363822920274,20120827,600.00,600.00,0,0,0.00,0.00,0.00,600.00,0.00
9056363822920274,20120902,600.00,600.00,0,0,0.00,0.00,0.00,600.00,0.00
9056363822920274,20120903,600.00,600.00,0,0,0.00,0.00,0.00,600.00,0.00
9056363822920274,20120904,600.00,600.00,0,0,0.00,0.00,0.00,600.00,0.00
9056363822920274,20120905,600.00,600.00,0,0,0.00,0.00,0.00,600.00,0.00
9056363822920274,20120908,600.00,600.00,0,0,0.00,0.00,0.00,600.00,0.00
9056363822920274,20120909,600.00,600.00,0,0,0.00,0.00,0.00,600.00,0.00
9056363822920274,20120910,600.00,600.00,0,0,0.00,0.00,0.00,600.00,0.00
9056363822920274,20120911,600.00,600.00,0,0,0.00,0.00,0.00,600.00,0.00
9056363822920274,20120915,600.00,600.00,0,0,0.00,0.00,0.00,600.00,0.00
9056363822920274,20120916,600.00,600.00,0,0,0.00,0.00,0.00,600.00,0.00
9056363822920274,20120917,600.00,600.00,0,0,0.00,0.00,0.00,600.00,0.00
9056363822920274,20120918,600.00,600.00,0,0,0.00,0.00,0.00,600.00,0.00
9056363822920274,20120919,600.00,600.00,0,0,0.00,0.00,0.00,600.00,0.00
9056363822920274,20120922,600.00,600.00,0,0,0.00,0.00,0.00,600.00,0.00
9056363822920274,20120923,600.00,600.00,0,0,0.00,0.00,0.00,600.00,0.00
9056363822920274,20120924,600.00,600.00,0,0,0.00,0.00,0.00,600.00,0.00
9056363822920274,20120925,600.00,600.00,0,0,0.00,0.00,0.00,600.00,0.00
9056363822920274,20120926,600.00,600.00,0,0,0.00,0.00,0.00,600.00,0.00
9056363822920274,20120929,600.00,600.00,0,0,0.00,0.00,0.00,600.00,0.00
9056363822920274,20120930,600.00,600.00,0,0,0.00,0.00,0.00,600.00,0.00
9056363822920274,20121001,600.00,600.00,0,0,0.00,0.00,0.00,600.00,0.00
9056363822920274,20121002,600.00,600.00,0,0,0.00,0.00,0.00,600.00,0.00
9056363822920274,20121003,600.00,600.00,0,0,0.00,0.00,0.00,600.00,0.00
9056363822920274,20121006,600.00,600.00,0,0,0.00,0.00,0.00,600.00,0.00
9056363822920274,20121007,600.00,600.00,0,0,0.00,0.00,0.00,600.00,0.00
9056363822920274,20121008,600.00,600.00,0,0,0.00,0.00,0.00,600.00,0.00
9056363822920274,20121009,600.00,600.00,0,0,0.00,0.00,0.00,600.00,0.00
9056363822920274,20121010,600.00,600.00,0,0,0.00,0.00,0.00,600.00,0.00
9056363822920274,20121013,600.00,600.00,0,0,0.00,0.00,0.00,600.00,0.00
9056363822920274,20121014,600.00,600.00,0,0,0.00,0.00,0.00,600.00,0.00
9056363822920274,20121015,600.00,600.00,0,0,0.00,0.00,0.00,600.00,0.00
9056363822920274,20121016,600.00,600.00,0,0,0.00,0.00,0.00,600.00,0.00
9056363822920274,20121017,600.00,600.00,0,0,0.00,0.00,0.00,600.00,0.00
9056363822920274,20121020,600.00,600.00,0,0,0.00,0.00,0.00,600.00,0.00
9056363822920274,20121021,600.00,600.00,0,0,0.00,0.00,0.00,600.00,0.00
9056363822920274,20121022,600.00,600.00,0,0,0.00,0.00,0.00,600.00,0.00
9056363822920274,20121023,600.00,600.00,0,0,0.00,0.00,0.00,600.00,0.00
9056363822920274,20121024,600.00,600.00,0,0,0.00,0.00,0.00,600.00,0.00
9056363822920274,20121027,600.00,600.00,0,0,0.00,0.00,0.00,600.00,0.00
9056363822920274,20121028,600.00,600.00,0,0,0.00,0.00,0.00,600.00,0.00
9056363822920274,20121029,600.00,600.00,0,0,0.00,0.00,0.00,600.00,0.00
9056363822920274,20121030,600.00,600.00,0,0,0.00,0.00,0.00,600.00,0.00
9056363822920274,20121031,600.00,600.00,0,0,0.00,0.00,0.00,600.00,0.00
9056363822920274,20121104,600.00,600.00,0,0,0.00,0.00,0.00,600.00,0.00
9056363822920274,20121105,600.00,600.00,0,0,0.00,0.00,0.00,600.00,0.00
9056363822920274,20121106,600.00,600.00,0,0,0.00,0.00,0.00,600.00,0.00
9056363822920274,20121107,600.00,600.00,0,0,0.00,0.00,0.00,600.00,0.00
9056363822920274,20121110,600.00,600.00,0,0,0.00,0.00,0.00,600.00,0.00
9056363822920274,20121111,600.00,600.00,0,0,0.00,0.00,0.00,600.00,0.00
9056363822920274,20121112,600.00,600.00,0,0,0.00,0.00,0.00,600.00,0.00
9056363822920274,20121113,600.00,600.00,0,0,0.00,0.00,0.00,600.00,0.00
9056363822920274,20121114,600.00,600.00,0,0,0.00,0.00,0.00,600.00,0.00
9056363822920274,20121117,600.00,600.00,0,0,0.00,0.00,0.00,600.00,0.00
9056363822920274,20121118,600.00,600.00,0,0,0.00,0.00,0.00,600.00,0.00
9056363822920274,20121119,600.00,600.00,0,0,0.00,0.00,0.00,600.00,0.00
9056363822920274,20121120,600.00,600.00,0,0,0.00,0.00,0.00,600.00,0.00
9056363822920274,20121121,600.00,600.00,0,0,0.00,0.00,0.00,600.00,0.00
9056363822920274,20121126,600.00,600.00,0,0,0.00,0.00,0.00,600.00,0.00
9056363822920274,20121127,600.00,600.00,0,0,0.00,0.00,0.00,600.00,0.00
9056363822920274,20121128,600.00,600.00,0,0,0.00,0.00,0.00,600.00,0.00
9056363822920274,20121201,600.00,600.00,0,0,0.00,0.00,0.00,600.00,0.00
9056363822920274,20121202,600.00,600.00,0,0,0.00,0.00,0.00,600.00,0.00
9056363822920274,20121203,600.00,600.00,0,0,0.00,0.00,0.00,600.00,0.00
9056363822920274,20121204,600.00,600.00,0,0,0.00,0.00,0.00,600.00,0.00
9056363822920274,20121205,600.00,600.00,0,0,0.00,0.00,0.00,600.00,0.00
9056363822920274,20121208,600.00,600.00,0,0,0.00,0.00,0.00,600.00,0.00
9056363822920274,20121209,600.00,600.00,0,0,0.00,0.00,0.00,600.00,0.00
9056363822920274,20121210,600.00,600.00,0,0,0.00,0.00,0.00,600.00,0.00
9056363822920274,20121211,600.00,600.00,0,0,0.00,0.00,0.00,600.00,0.00
9056363822920274,20121212,600.00,600.00,0,0,0.00,0.00,0.00,600.00,0.00
9056363822920274,20121215,600.00,600.00,0,0,0.00,0.00,0.00,600.00,0.00
9056363822920274,20121216,600.00,600.00,0,0,0.00,0.00,0.00,600.00,0.00
9056363822920274,20121217,600.00,600.00,0,0,0.00,0.00,0.00,600.00,0.00
9056363822920274,20121218,600.00,600.00,0,0,0.00,0.00,0.00,600.00,0.00
9056363822920274,20121219,600.00,600.00,0,0,0.00,0.00,0.00,600.00,0.00
9056363822920274,20121222,600.00,600.00,0,0,0.00,0.00,0.00,600.00,0.00
9056363822920274,20121223,600.00,600.00,0,0,0.00,0.00,0.00,600.00,0.00
9056363822920274,20121224,600.00,600.00,0,0,0.00,0.00,0.00,600.00,0.00
9056363822920274,20121225,600.00,600.00,0,0,0.00,0.00,0.00,600.00,0.00
9056363822920274,20121226,600.00,600.00,0,0,0.00,0.00,0.00,600.00,0.00
9056363822920274,20121229,600.00,600.00,0,0,0.00,0.00,0.00,600.00,0.00
9056363822920274,20121230,600.00,600.00,0,0,0.00,0.00,0.00,600.00,0.00
9056363822920274,20121231,600.00,600.00,0,0,0.00,0.00,0.00,600.00,0.00
9056363822920274,20130101,600.00,600.00,0,0,0.00,0.00,0.00,600.00,0.00
9056363822920274,20130102,600.00,600.00,0,0,0.00,0.00,0.00,600.00,0.00
9056363822920274,20130106,600.00,600.00,0,0,0.00,0.00,0.00,600.00,0.00
9056363822920274,20130107,600.00,600.00,0,0,0.00,0.00,0.00,600.00,0.00
9056363822920274,20130108,600.00,600.00,0,0,0.00,0.00,0.00,600.00,0.00
9056363822920274,20130109,600.00,600.00,0,0,0.00,0.00,0.00,600.00,0.00
9056363822920274,20130113,600.00,600.00,0,0,0.00,0.00,0.00,600.00,0.00
9056363822920274,20130114,600.00,600.00,0,0,0.00,0.00,0.00,600.00,0.00
9056363822920274,20130115,600.00,600.00,0,0,0.00,0.00,0.00,600.00,0.00
9056363822920274,20130116,600.00,600.00,0,0,0.00,0.00,0.00,600.00,0.00
9056363822920274,20130119,600.00,600.00,0,0,0.00,0.00,0.00,600.00,0.00
9056363822920274,20130120,600.00,600.00,0,0,0.00,0.00,0.00,600.00,0.00
9056363822920274,20130121,600.00,600.00,0,0,0.00,0.00,0.00,600.00,0.00
9056363822920274,20130122,600.00,600.00,0,0,0.00,0.00,0.00,600.00,0.00
9056363822920274,20130123,600.00,600.00,0,0,0.00,0.00,0.00,600.00,0.00
9056363822920274,20130126,600.00,600.00,0,0,0.00,0.00,0.00,600.00,0.00
9056363822920274,20130127,600.00,600.00,0,0,0.00,0.00,0.00,600.00,0.00
9056363822920274,20130128,600.00,600.00,0,0,0.00,0.00,0.00,600.00,0.00
9056363822920274,20130130,600.00,600.00,0,0,0.00,0.00,0.00,600.00,0.00
9056363822920274,20130202,600.00,600.00,0,0,0.00,0.00,0.00,600.00,0.00
9056363822920274,20130203,600.00,600.00,0,0,0.00,0.00,0.00,600.00,0.00
9056363822920274,20130204,600.00,600.00,0,0,0.00,0.00,0.00,600.00,0.00
9056363822920274,20130205,600.00,600.00,0,0,0.00,0.00,0.00,600.00,0.00
9056363822920274,20130206,600.00,600.00,0,0,0.00,0.00,0.00,600.00,0.00
9056363822920274,20130209,600.00,600.00,0,0,0.00,0.00,0.00,600.00,0.00
9056363822920274,20130211,600.00,600.00,0,0,0.00,0.00,0.00,600.00,0.00
9056363822920274,20130212,600.00,600.00,0,0,0.00,0.00,0.00,600.00,0.00
9056363822920274,20130213,600.00,600.00,0,0,0.00,0.00,0.00,600.00,0.00
9056363822920274,20130216,600.00,600.00,0,0,0.00,0.00,0.00,600.00,0.00
9056363822920274,20130217,600.00,600.00,0,0,0.00,0.00,0.00,600.00,0.00
9056363822920274,20130218,600.00,600.00,0,0,0.00,0.00,0.00,600.00,0.00
9056363822920274,20130219,600.00,600.00,0,0,0.00,0.00,0.00,600.00,0.00
9056363822920274,20130220,600.00,600.00,0,0,0.00,0.00,0.00,600.00,0.00
9056363822920274,20130223,600.00,600.00,0,0,0.00,0.00,0.00,600.00,0.00
9056363822920274,20130224,600.00,600.00,0,0,0.00,0.00,0.00,600.00,0.00
9056363822920274,20130225,600.00,600.00,0,0,0.00,0.00,0.00,600.00,0.00
9056363822920274,20130226,600.00,600.00,0,0,0.00,0.00,0.00,600.00,0.00
9056363822920274,20130227,600.00,600.00,0,0,0.00,0.00,0.00,600.00,0.00
9056363822920274,20130302,600.00,600.00,0,0,0.00,0.00,0.00,600.00,0.00
9056363822920274,20130303,600.00,600.00,0,0,0.00,0.00,0.00,600.00,0.00
9056363822920274,20130304,600.00,600.00,0,0,0.00,0.00,0.00,600.00,0.00
9056363822920274,20130305,600.00,600.00,0,0,0.00,0.00,0.00,600.00,0.00
9056363822920274,20130306,600.00,600.00,0,0,0.00,0.00,0.00,600.00,0.00
9056363822920274,20130309,600.00,600.00,0,0,0.00,0.00,0.00,600.00,0.00
9056363822920274,20130310,600.00,600.00,0,0,0.00,0.00,0.00,600.00,0.00
9056363822920274,20130311,600.00,600.00,0,0,0.00,0.00,0.00,600.00,0.00
9056363822920274,20130312,600.00,600.00,0,0,0.00,0.00,0.00,600.00,0.00
9056363822920274,20130313,600.00,600.00,0,0,0.00,0.00,0.00,600.00,0.00
9056363822920274,20130316,600.00,600.00,0,0,0.00,0.00,0.00,600.00,0.00
9056363822920274,20130317,600.00,600.00,0,0,0.00,0.00,0.00,600.00,0.00
9056363822920274,20130318,600.00,600.00,0,0,0.00,0.00,0.00,600.00,0.00
9056363822920274,20130325,600.00,600.00,0,0,0.00,0.00,0.00,600.00,0.00
9056363822920274,20130326,600.00,600.00,0,0,0.00,0.00,0.00,600.00,0.00
9056363822920274,20130327,600.00,600.00,0,0,0.00,0.00,0.00,600.00,0.00
9056363822920274,20130330,600.00,600.00,0,0,0.00,0.00,0.00,600.00,0.00
9056363822920274,20130331,600.00,600.00,0,0,0.00,0.00,0.00,600.00,0.00
9056363822920274,20130403,600.00,600.00,0,0,0.00,0.00,0.00,600.00,0.00
9056363822920274,20130406,600.00,600.00,0,0,0.00,0.00,0.00,600.00,0.00
9056363822920274,20130407,600.00,600.00,0,0,0.00,0.00,0.00,600.00,0.00
9056363822920274,20130408,600.00,600.00,0,0,0.00,0.00,0.00,600.00,0.00
9056363822920274,20130409,600.00,600.00,0,0,0.00,0.00,0.00,600.00,0.00
9056363822920274,20130410,600.00,600.00,0,0,0.00,0.00,0.00,600.00,0.00
9056363822920274,20130413,600.00,600.00,0,0,0.00,0.00,0.00,600.00,0.00
9056363822920274,20130415,600.00,600.00,0,0,0.00,0.00,0.00,600.00,0.00
9056363822920274,20130416,600.00,600.00,0,0,0.00,0.00,0.00,600.00,0.00
9056363822920274,20130417,600.00,600.00,0,0,0.00,0.00,0.00,600.00,0.00
9056363822920274,20130420,600.00,600.00,0,0,0.00,0.00,0.00,600.00,0.00
9056363822920274,20130421,600.00,600.00,0,0,0.00,0.00,0.00,600.00,0.00
9056363822920274,20130422,600.00,600.00,0,0,0.00,0.00,0.00,600.00,0.00
9056363822920274,20130423,600.00,600.00,0,0,0.00,0.00,0.00,600.00,0.00
9056363822920274,20130424,600.00,600.00,0,0,0.00,0.00,0.00,600.00,0.00
9056363822920274,20130427,600.00,600.00,0,0,0.00,0.00,0.00,600.00,0.00
9056363822920274,20130428,600.00,600.00,0,0,0.00,0.00,0.00,600.00,0.00
9056363822920274,20130429,600.00,600.00,0,0,0.00,0.00,0.00,600.00,0.00
9056363822920274,20130430,600.00,600.00,0,0,0.00,0.00,0.00,600.00,0.00
9056363822920274,20130501,600.00,600.00,0,0,0.00,0.00,0.00,600.00,0.00
9056363822920274,20130504,600.00,600.00,0,0,0.00,0.00,0.00,600.00,0.00
9056363822920274,20130505,600.00,600.00,0,0,0.00,0.00,0.00,600.00,0.00
9056363822920274,20130506,600.00,600.00,0,0,0.00,0.00,0.00,600.00,0.00
9056363822920274,20130507,600.00,600.00,0,0,0.00,0.00,0.00,600.00,0.00
9056363822920274,20130508,600.00,600.00,0,0,0.00,0.00,0.00,600.00,0.00
9056363822920274,20130511,600.00,600.00,0,0,0.00,0.00,0.00,600.00,0.00
9056363822920274,20130512,600.00,600.00,0,0,0.00,0.00,0.00,600.00,0.00
9056363822920274,20130513,600.00,600.00,0,0,0.00,0.00,0.00,600.00,0.00
9056363822920274,20130514,600.00,600.00,0,0,0.00,0.00,0.00,600.00,0.00
9056363822920274,20130515,600.00,600.00,0,0,0.00,0.00,0.00,600.00,0.00
9056363822920274,20130518,600.00,600.00,0,0,0.00,0.00,0.00,600.00,0.00
9056363822920274,20130519,600.00,600.00,0,0,0.00,0.00,0.00,600.00,0.00
9056363822920274,20130520,600.00,600.00,0,0,0.00,0.00,0.00,600.00,0.00
9056363822920274,20130521,600.00,600.00,0,0,0.00,0.00,0.00,600.00,0.00
9056363822920274,20130522,600.00,600.00,0,0,0.00,0.00,0.00,600.00,0.00
9056363822920274,20130525,600.00,600.00,0,0,0.00,0.00,0.00,600.00,0.00
9056363822920274,20130526,600.00,600.00,0,0,0.00,0.00,0.00,600.00,0.00
9056363822920274,20130527,600.00,600.00,0,0,0.00,0.00,0.00,600.00,0.00
9056363822920274,20130528,600.00,600.00,0,0,0.00,0.00,0.00,600.00,0.00
9056363822920274,20130529,600.00,600.00,0,0,0.00,0.00,0.00,600.00,0.00
9056363822920274,20130601,600.00,600.00,0,0,0.00,0.00,0.00,600.00,0.00
9056363822920274,20130602,600.00,600.00,0,0,0.00,0.00,0.00,600.00,0.00
9056363822920274,20130603,600.00,600.00,0,0,0.00,0.00,0.00,600.00,0.00
9056363822920274,20130608,600.00,600.00,0,0,0.00,0.00,0.00,600.00,0.00
9056363822920274,20130609,600.00,600.00,0,0,0.00,0.00,0.00,600.00,0.00
9056363822920274,20130610,600.00,600.00,0,0,0.00,0.00,0.00,600.00,0.00
9056363822920274,20130611,600.00,600.00,0,0,0.00,0.00,0.00,600.00,0.00
9056363822920274,20130612,600.00,600.00,0,0,0.00,0.00,0.00,600.00,0.00
9056363822920274,20130615,600.00,600.00,0,0,0.00,0.00,0.00,600.00,0.00
9056363822920274,20130616,600.00,600.00,0,0,0.00,0.00,0.00,600.00,0.00
9056363822920274,20130617,600.00,600.00,0,0,0.00,0.00,0.00,600.00,0.00
9056363822920274,20130618,600.00,600.00,0,0,0.00,0.00,0.00,600.00,0.00
9056363822920274,20130619,600.00,600.00,0,0,0.00,0.00,0.00,600.00,0.00
9056363822920274,20130622,600.00,600.00,0,0,0.00,0.00,0.00,600.00,0.00
9056363822920274,20130623,600.00,600.00,0,0,0.00,0.00,0.00,600.00,0.00
9056363822920274,20130625,600.00,600.00,0,0,0.00,0.00,0.00,600.00,0.00
9056363822920274,20130626,600.00,600.00,0,0,0.00,0.00,0.00,600.00,0.00
9056363822920274,20130629,600.00,600.00,0,0,0.00,0.00,0.00,600.00,0.00
9056363822920274,20130630,600.00,600.00,0,0,0.00,0.00,0.00,600.00,0.00
9056363822920274,20130701,600.00,600.00,0,0,0.00,0.00,0.00,600.00,0.00
9056363822920274,20130702,600.00,600.00,0,0,0.00,0.00,0.00,600.00,0.00
9056363822920274,20130703,600.00,600.00,0,0,0.00,0.00,0.00,600.00,0.00
9056363822920274,20130706,600.00,600.00,0,0,0.00,0.00,0.00,600.00,0.00
9056363822920274,20130707,600.00,600.00,0,0,0.00,0.00,0.00,600.00,0.00
9056363822920274,20130708,600.00,600.00,0,0,0.00,0.00,0.00,600.00,0.00
9056363822920274,20130709,600.00,600.00,0,0,0.00,0.00,0.00,600.00,0.00
9056363822920274,20130710,600.00,600.00,0,0,0.00,0.00,0.00,600.00,0.00
9056363822920274,20130713,600.00,600.00,0,0,0.00,0.00,0.00,600.00,0.00
9056363822920274,20130714,600.00,600.00,0,0,0.00,0.00,0.00,600.00,0.00
9056363822920274,20130715,600.00,600.00,0,0,0.00,0.00,0.00,600.00,0.00
9056363822920274,20130716,600.00,600.00,0,0,0.00,0.00,0.00,600.00,0.00
9056363822920274,20130717,600.00,600.00,0,0,0.00,0.00,0.00,600.00,0.00
9056363822920274,20130720,600.00,600.00,0,0,0.00,0.00,0.00,600.00,0.00
9056363822920274,20130721,600.00,600.00,0,0,0.00,0.00,0.00,600.00,0.00
9056363822920274,20130722,600.00,600.00,0,0,0.00,0.00,0.00,600.00,0.00
9056363822920274,20130723,600.00,600.00,0,0,0.00,0.00,0.00,600.00,0.00
9056363822920274,20130724,600.00,600.00,0,0,0.00,0.00,0.00,600.00,0.00
9056363822920274,20130727,600.00,600.00,0,0,0.00,0.00,0.00,600.00,0.00
9056363822920274,20130728,600.00,600.00,0,0,0.00,0.00,0.00,600.00,0.00
9056363822920274,20130729,600.00,600.00,0,0,0.00,0.00,0.00,600.00,0.00
9056363822920274,20130731,600.00,600.00,0,0,0.00,0.00,0.00,600.00,0.00
9056363822920274,20130803,600.00,600.00,0,0,0.00,0.00,0.00,600.00,0.00
9056363822920274,20130804,600.00,600.00,0,0,0.00,0.00,0.00,600.00,0.00
9056363822920274,20130805,600.00,600.00,0,0,0.00,0.00,0.00,600.00,0.00
9056363822920274,20130806,600.00,600.00,0,0,0.00,0.00,0.00,600.00,0.00
9056363822920274,20130807,400.00,400.00,0,0,0.00,0.00,0.00,600.00,0.00
9056363822920274,20130810,400.00,400.00,0,0,0.00,0.00,0.00,400.00,0.00
9056363822920274,20130811,400.00,400.00,0,0,0.00,0.00,0.00,400.00,0.00
9056363822920274,20130812,400.00,400.00,0,0,0.00,0.00,0.00,400.00,0.00
9056363822920274,20130813,400.00,400.00,0,0,0.00,0.00,0.00,400.00,0.00
9056363822920274,20130814,400.00,400.00,0,0,0.00,0.00,0.00,400.00,0.00
9056363822920274,20130817,400.00,400.00,0,0,0.00,0.00,0.00,400.00,0.00
9056363822920274,20130818,400.00,400.00,0,0,0.00,0.00,0.00,400.00,0.00
9056363822920274,20130819,400.00,400.00,0,0,0.00,0.00,0.00,400.00,0.00
9056363822920274,20130820,400.00,400.00,0,0,0.00,0.00,0.00,400.00,0.00
9056363822920274,20130821,400.00,400.00,0,0,0.00,0.00,0.00,400.00,0.00
9056363822920274,20130824,400.00,400.00,0,0,0.00,0.00,0.00,400.00,0.00
9056363822920274,20130825,400.00,400.00,0,0,0.00,0.00,0.00,400.00,0.00
9056363822920274,20130826,400.00,400.00,0,0,0.00,0.00,0.00,400.00,0.00
9056363822920274,20130827,400.00,400.00,0,0,0.00,0.00,0.00,400.00,0.00
9056363822920274,20130828,400.00,400.00,0,0,0.00,0.00,0.00,400.00,0.00
9056363822920274,20130831,400.00,400.00,0,0,0.00,0.00,0.00,400.00,0.00
9056363822920274,20130901,400.00,400.00,0,0,0.00,0.00,0.00,400.00,0.00
9056363822920274,20130903,400.00,400.00,0,0,0.00,0.00,0.00,400.00,0.00
9056363822920274,20130904,400.00,400.00,0,0,0.00,0.00,0.00,400.00,0.00
9056363822920274,20130907,400.00,400.00,0,0,0.00,0.00,0.00,400.00,0.00
9056363822920274,20130908,400.00,400.00,0,0,0.00,0.00,0.00,400.00,0.00
9056363822920274,20130909,400.00,400.00,0,0,0.00,0.00,0.00,400.00,0.00
9056363822920274,20130910,400.00,400.00,0,0,0.00,0.00,0.00,400.00,0.00
9056363822920274,20130911,400.00,400.00,0,0,0.00,0.00,0.00,400.00,0.00
9056363822920274,20130914,400.00,400.00,0,0,0.00,0.00,0.00,400.00,0.00
9056363822920274,20130915,400.00,400.00,0,0,0.00,0.00,0.00,400.00,0.00
9056363822920274,20130916,400.00,400.00,0,0,0.00,0.00,0.00,400.00,0.00
9056363822920274,20130917,400.00,400.00,0,0,0.00,0.00,0.00,400.00,0.00
9056363822920274,20130918,400.00,400.00,0,0,0.00,0.00,0.00,400.00,0.00
9056363822920274,20130921,400.00,400.00,0,0,0.00,0.00,0.00,400.00,0.00
9056363822920274,20130922,400.00,400.00,0,0,0.00,0.00,0.00,400.00,0.00
9056363822920274,20130923,400.00,400.00,0,0,0.00,0.00,0.00,400.00,0.00
9056363822920274,20130924,400.00,400.00,0,0,0.00,0.00,0.00,400.00,0.00
9056363822920274,20130925,400.00,400.00,0,0,0.00,0.00,0.00,400.00,0.00
9056363822920274,20130928,400.00,400.00,0,0,0.00,0.00,0.00,400.00,0.00
9056363822920274,20130929,400.00,400.00,0,0,0.00,0.00,0.00,400.00,0.00
9056363822920274,20130930,400.00,400.00,0,0,0.00,0.00,0.00,400.00,0.00
9056363822920274,20131001,400.00,400.00,0,0,0.00,0.00,0.00,400.00,0.00
9056363822920274,20131002,400.00,400.00,0,0,0.00,0.00,0.00,400.00,0.00
9056363822920274,20131005,400.00,400.00,0,0,0.00,0.00,0.00,400.00,0.00
9056363822920274,20131006,400.00,400.00,0,0,0.00,0.00,0.00,400.00,0.00
9056363822920274,20131007,400.00,400.00,0,0,0.00,0.00,0.00,400.00,0.00
9056363822920274,20131008,400.00,400.00,0,0,0.00,0.00,0.00,400.00,0.00
9056363822920274,20131009,400.00,400.00,0,0,0.00,0.00,0.00,400.00,0.00
9056363822920274,20131012,400.00,400.00,0,0,0.00,0.00,0.00,400.00,0.00
9056363822920274,20131013,400.00,400.00,0,0,0.00,0.00,0.00,400.00,0.00
9056363822920274,20131014,400.00,400.00,0,0,0.00,0.00,0.00,400.00,0.00
9056363822920274,20131015,400.00,400.00,0,0,0.00,0.00,0.00,400.00,0.00
9056363822920274,20131019,400.00,400.00,0,0,0.00,0.00,0.00,400.00,0.00
9056363822920274,20131020,400.00,400.00,0,0,0.00,0.00,0.00,400.00,0.00
9056363822920274,20131021,400.00,400.00,0,0,0.00,0.00,0.00,400.00,0.00
9056363822920274,20131022,400.00,400.00,0,0,0.00,0.00,0.00,400.00,0.00
9056363822920274,20131023,400.00,400.00,0,0,0.00,0.00,0.00,400.00,0.00
9056363822920274,20131026,400.00,400.00,0,0,0.00,0.00,0.00,400.00,0.00
9056363822920274,20131027,400.00,400.00,0,0,0.00,0.00,0.00,400.00,0.00
9056363822920274,20131028,400.00,400.00,0,0,0.00,0.00,0.00,400.00,0.00
9056363822920274,20131029,400.00,400.00,0,0,0.00,0.00,0.00,400.00,0.00
9056363822920274,20131030,400.00,400.00,0,0,0.00,0.00,0.00,400.00,0.00
9056363822920274,20131102,400.00,400.00,0,0,0.00,0.00,0.00,400.00,0.00
9056363822920274,20131103,400.00,400.00,0,0,0.00,0.00,0.00,400.00,0.00
9056363822920274,20131104,400.00,400.00,0,0,0.00,0.00,0.00,400.00,0.00
9056363822920274,20131105,400.00,400.00,0,0,0.00,0.00,0.00,400.00,0.00
9056363822920274,20131106,400.00,400.00,0,0,0.00,0.00,0.00,400.00,0.00
9056363822920274,20131109,400.00,400.00,0,0,0.00,0.00,0.00,400.00,0.00
9056363822920274,20131110,400.00,400.00,0,0,0.00,0.00,0.00,400.00,0.00
9056363822920274,20131111,400.00,400.00,0,0,0.00,0.00,0.00,400.00,0.00
9056363822920274,20131112,400.00,400.00,0,0,0.00,0.00,0.00,400.00,0.00
9056363822920274,20131116,400.00,400.00,0,0,0.00,0.00,0.00,400.00,0.00
9056363822920274,20131117,400.00,400.00,0,0,0.00,0.00,0.00,400.00,0.00
9056363822920274,20131118,400.00,400.00,0,0,0.00,0.00,0.00,400.00,0.00
9056363822920274,20131119,400.00,400.00,0,0,0.00,0.00,0.00,400.00,0.00
9056363822920274,20131120,400.00,400.00,0,0,0.00,0.00,0.00,400.00,0.00
9056363822920274,20131123,400.00,400.00,0,0,0.00,0.00,0.00,400.00,0.00
9056363822920274,20131124,400.00,400.00,0,0,0.00,0.00,0.00,400.00,0.00
9056363822920274,20131125,400.00,400.00,0,0,0.00,0.00,0.00,400.00,0.00
9056363822920274,20131126,400.00,400.00,0,0,0.00,0.00,0.00,400.00,0.00
9056363822920274,20131127,400.00,400.00,0,0,0.00,0.00,0.00,400.00,0.00
9056363822920274,20131130,400.00,400.00,0,0,0.00,0.00,0.00,400.00,0.00
9056363822920274,20131201,400.00,400.00,0,0,0.00,0.00,0.00,400.00,0.00
9056363822920274,20131202,400.00,400.00,0,0,0.00,0.00,0.00,400.00,0.00
9056363822920274,20131203,400.00,400.00,0,0,0.00,0.00,0.00,400.00,0.00
9056363822920274,20131204,400.00,400.00,0,0,0.00,0.00,0.00,400.00,0.00
9056363822920274,20131207,400.00,400.00,0,0,0.00,0.00,0.00,400.00,0.00
9056363822920274,20131208,400.00,400.00,0,0,0.00,0.00,0.00,400.00,0.00
9056363822920274,20131209,400.00,400.00,0,0,0.00,0.00,0.00,400.00,0.00
9056363822920274,20131210,400.00,400.00,0,0,0.00,0.00,0.00,400.00,0.00
9056363822920274,20131211,400.00,400.00,0,0,0.00,0.00,0.00,400.00,0.00
9056363822920274,20131214,400.00,400.00,0,0,0.00,0.00,0.00,400.00,0.00
9056363822920274,20131215,400.00,400.00,0,0,0.00,0.00,0.00,400.00,0.00
9056363822920274,20131216,400.00,400.00,0,0,0.00,0.00,0.00,400.00,0.00
9056363822920274,20131217,400.00,400.00,0,0,0.00,0.00,0.00,400.00,0.00
9056363822920274,20131218,400.00,400.00,0,0,0.00,0.00,0.00,400.00,0.00
9056363822920274,20131221,400.00,400.00,0,0,0.00,0.00,0.00,400.00,0.00
9056363822920274,20131222,400.00,400.00,0,0,0.00,0.00,0.00,400.00,0.00
9056363822920274,20131224,400.00,400.00,0,0,0.00,0.00,0.00,400.00,0.00
9056363822920274,20131225,400.00,400.00,0,0,0.00,0.00,0.00,400.00,0.00
9056363822920274,20131228,400.00,400.00,0,0,0.00,0.00,0.00,400.00,0.00
9056363822920274,20131229,400.00,400.00,0,0,0.00,0.00,0.00,400.00,0.00
9056363822920274,20131230,400.00,400.00,0,0,0.00,0.00,0.00,400.00,0.00
9056363822920274,20140101,400.00,400.00,0,0,0.00,0.00,0.00,400.00,0.00
9056363822920274,20140104,400.00,400.00,0,0,0.00,0.00,0.00,400.00,0.00
9056363822920274,20140105,400.00,400.00,0,0,0.00,0.00,0.00,400.00,0.00
9056363822920274,20140106,400.00,400.00,0,0,0.00,0.00,0.00,400.00,0.00
9056363822920274,20140107,400.00,400.00,0,0,0.00,0.00,0.00,400.00,0.00
9056363822920274,20140108,400.00,400.00,0,0,0.00,0.00,0.00,400.00,0.00
9056363822920274,20140111,400.00,400.00,0,0,0.00,0.00,0.00,400.00,0.00
9056363822920274,20140112,400.00,400.00,0,0,0.00,0.00,0.00,400.00,0.00
9056363822920274,20140113,400.00,400.00,0,0,0.00,0.00,0.00,400.00,0.00
9056363822920274,20140114,400.00,400.00,0,0,0.00,0.00,0.00,400.00,0.00
9056363822920274,20140115,400.00,400.00,0,0,0.00,0.00,0.00,400.00,0.00
9056363822920274,20140118,400.00,400.00,0,0,0.00,0.00,0.00,400.00,0.00
9056363822920274,20140120,400.00,400.00,0,0,0.00,0.00,0.00,400.00,0.00
9056363822920274,20140121,400.00,400.00,0,0,0.00,0.00,0.00,400.00,0.00
9056363822920274,20140122,400.00,400.00,0,0,0.00,0.00,0.00,400.00,0.00
9056363822920274,20140125,400.00,400.00,0,0,0.00,0.00,0.00,400.00,0.00
9056363822920274,20140126,400.00,400.00,0,0,0.00,0.00,0.00,400.00,0.00
9056363822920274,20140127,400.00,400.00,0,0,0.00,0.00,0.00,400.00,0.00
9056363822920274,20140128,400.00,400.00,0,0,0.00,0.00,0.00,400.00,0.00
9056363822920274,20140129,400.00,400.00,0,0,0.00,0.00,0.00,400.00,0.00
9056363822920274,20140201,400.00,400.00,0,0,0.00,0.00,0.00,400.00,0.00
9056363822920274,20140202,400.00,400.00,0,0,0.00,0.00,0.00,400.00,0.00
9056363822920274,20140203,400.00,400.00,0,0,0.00,0.00,0.00,400.00,0.00
9056363822920274,20140204,400.00,400.00,0,0,0.00,0.00,0.00,400.00,0.00
9056363822920274,20140205,400.00,400.00,0,0,0.00,0.00,0.00,400.00,0.00
9056363822920274,20140208,400.00,400.00,0,0,0.00,0.00,0.00,400.00,0.00
9056363822920274,20140209,400.00,400.00,0,0,0.00,0.00,0.00,400.00,0.00
9056363822920274,20140210,400.00,400.00,0,0,0.00,0.00,0.00,400.00,0.00
9056363822920274,20140212,400.00,400.00,0,0,0.00,0.00,0.00,400.00,0.00
9056363822920274,20140215,400.00,400.00,0,0,0.00,0.00,0.00,400.00,0.00
9056363822920274,20140216,400.00,400.00,0,0,0.00,0.00,0.00,400.00,0.00
9056363822920274,20140217,400.00,400.00,0,0,0.00,0.00,0.00,400.00,0.00
9056363822920274,20140218,400.00,400.00,0,0,0.00,0.00,0.00,400.00,0.00
9056363822920274,20140219,400.00,400.00,0,0,0.00,0.00,0.00,400.00,0.00
9056363822920274,20140222,400.00,400.00,0,0,0.00,0.00,0.00,400.00,0.00
9056363822920274,20140223,400.00,400.00,0,0,0.00,0.00,0.00,400.00,0.00
9056363822920274,20140224,400.00,400.00,0,0,0.00,0.00,0.00,400.00,0.00
9056363822920274,20140225,400.00,400.00,0,0,0.00,0.00,0.00,400.00,0.00
9056363822920274,20140226,400.00,400.00,0,0,0.00,0.00,0.00,400.00,0.00
9056363822920274,20140301,400.00,400.00,0,0,0.00,0.00,0.00,400.00,0.00
9056363822920274,20140302,400.00,400.00,0,0,0.00,0.00,0.00,400.00,0.00
9056363822920274,20140303,400.00,400.00,0,0,0.00,0.00,0.00,400.00,0.00
9056363822920274,20140304,400.00,400.00,0,0,0.00,0.00,0.00,400.00,0.00
9056363822920274,20140305,400.00,400.00,0,0,0.00,0.00,0.00,400.00,0.00
9056363822920274,20140308,400.00,400.00,0,0,0.00,0.00,0.00,400.00,0.00
9056363822920274,20140309,400.00,400.00,0,0,0.00,0.00,0.00,400.00,0.00
9056363822920274,20140310,400.00,400.00,0,0,0.00,0.00,0.00,400.00,0.00
9056363822920274,20140311,400.00,400.00,0,0,0.00,0.00,0.00,400.00,0.00
9056363822920274,20140312,400.00,400.00,0,0,0.00,0.00,0.00,400.00,0.00
9056363822920274,20140315,400.00,400.00,0,0,0.00,0.00,0.00,400.00,0.00
9056363822920274,20140316,400.00,400.00,0,0,0.00,0.00,0.00,400.00,0.00
9056363822920274,20140317,400.00,400.00,0,0,0.00,0.00,0.00,400.00,0.00
9056363822920274,20140318,400.00,400.00,0,0,0.00,0.00,0.00,400.00,0.00
9056363822920274,20140319,400.00,400.00,0,0,0.00,0.00,0.00,400.00,0.00
9056363822920274,20140325,400.00,400.00,0,0,0.00,0.00,0.00,400.00,0.00
9056363822920274,20140326,400.00,400.00,0,0,0.00,0.00,0.00,400.00,0.00
9056363822920274,20140329,400.00,400.00,0,0,0.00,0.00,0.00,400.00,0.00
9056363822920274,20140330,400.00,400.00,0,0,0.00,0.00,0.00,400.00,0.00
9056363822920274,20140331,400.00,400.00,0,0,0.00,0.00,0.00,400.00,0.00
9056363822920274,20140405,400.00,400.00,0,0,0.00,0.00,0.00,400.00,0.00
9056363822920274,20140406,400.00,400.00,0,0,0.00,0.00,0.00,400.00,0.00
9056363822920274,20140407,400.00,400.00,0,0,0.00,0.00,0.00,400.00,0.00
9056363822920274,20140408,400.00,400.00,0,0,0.00,0.00,0.00,400.00,0.00
9056363822920274,20140409,400.00,400.00,0,0,0.00,0.00,0.00,400.00,0.00
9056363822920274,20140412,400.00,400.00,0,0,0.00,0.00,0.00,400.00,0.00
9056363822920274,20140413,400.00,400.00,0,0,0.00,0.00,0.00,400.00,0.00
9056363822920274,20140414,400.00,400.00,0,0,0.00,0.00,0.00,400.00,0.00
9056363822920274,20140415,400.00,400.00,0,0,0.00,0.00,0.00,400.00,0.00
9056363822920274,20140416,400.00,400.00,0,0,0.00,0.00,0.00,400.00,0.00
9056363822920274,20140419,400.00,400.00,0,0,0.00,0.00,0.00,400.00,0.00
9056363822920274,20140420,400.00,400.00,0,0,0.00,0.00,0.00,400.00,0.00
9056363822920274,20140421,400.00,400.00,0,0,0.00,0.00,0.00,400.00,0.00
9056363822920274,20140422,400.00,400.00,0,0,0.00,0.00,0.00,400.00,0.00
9056363822920274,20140423,400.00,400.00,0,0,0.00,0.00,0.00,400.00,0.00
9056363822920274,20140426,400.00,400.00,0,0,0.00,0.00,0.00,400.00,0.00
9056363822920274,20140427,400.00,400.00,0,0,0.00,0.00,0.00,400.00,0.00
9056363822920274,20140428,400.00,400.00,0,0,0.00,0.00,0.00,400.00,0.00
9056363822920274,20140429,400.00,400.00,0,0,0.00,0.00,0.00,400.00,0.00
9056363822920274,20140430,400.00,400.00,0,0,0.00,0.00,0.00,400.00,0.00
9056363822920274,20140503,400.00,400.00,0,0,0.00,0.00,0.00,400.00,0.00
9056363822920274,20140504,400.00,400.00,0,0,0.00,0.00,0.00,400.00,0.00
9056363822920274,20140505,400.00,400.00,0,0,0.00,0.00,0.00,400.00,0.00
9056363822920274,20140506,400.00,400.00,0,0,0.00,0.00,0.00,400.00,0.00
9056363822920274,20140507,400.00,400.00,0,0,0.00,0.00,0.00,400.00,0.00
9056363822920274,20140510,400.00,400.00,0,0,0.00,0.00,0.00,400.00,0.00
9056363822920274,20140511,400.00,400.00,0,0,0.00,0.00,0.00,400.00,0.00
9056363822920274,20140512,400.00,400.00,0,0,0.00,0.00,0.00,400.00,0.00
9056363822920274,20140514,400.00,400.00,0,0,0.00,0.00,0.00,400.00,0.00
9056363822920274,20140517,400.00,400.00,0,0,0.00,0.00,0.00,400.00,0.00
9056363822920274,20140518,400.00,400.00,0,0,0.00,0.00,0.00,400.00,0.00
9056363822920274,20140519,400.00,400.00,0,0,0.00,0.00,0.00,400.00,0.00
9056363822920274,20140520,400.00,400.00,0,0,0.00,0.00,0.00,400.00,0.00
9056363822920274,20140521,400.00,400.00,0,0,0.00,0.00,0.00,400.00,0.00
9056363822920274,20140524,8000.00,8000.00,1,5,40000.00,8000.00,8000.00,400.00,8000.00
9056363822920274,20140525,8000.00,8000.00,0,0,0.00,0.00,0.00,8000.00,0.00
9056363822920274,20140526,8000.00,8000.00,0,0,0.00,0.00,0.00,8000.00,0.00
9056363822920274,20140528,8000.00,8000.00,0,0,0.00,0.00,0.00,8000.00,0.00
9056363822920274,20140531,8000.00,8000.00,0,0,0.00,0.00,0.00,8000.00,0.00
9056363822920274,20140601,7700.00,8000.00,0,0,0.00,0.00,0.00,8000.00,0.00
9056363822920274,20140602,7700.00,8000.00,0,0,0.00,0.00,0.00,7700.00,0.00
9056363822920274,20140603,7700.00,8000.00,0,0,0.00,0.00,0.00,7700.00,0.00
9056363822920274,20140607,7700.00,8000.00,0,0,0.00,0.00,0.00,7700.00,0.00
9056363822920274,20140608,7700.00,8000.00,0,0,0.00,0.00,0.00,7700.00,0.00
9056363822920274,20140609,7700.00,8000.00,0,0,0.00,0.00,0.00,7700.00,0.00
9056363822920274,20140610,7700.00,8000.00,0,0,0.00,0.00,0.00,7700.00,0.00
9056363822920274,20140611,5133.00,8000.00,0,0,0.00,0.00,0.00,7700.00,0.00
9056363822920274,20140614,5133.00,8000.00,0,0,0.00,0.00,0.00,5133.00,0.00
9056363822920274,20140615,5133.00,8000.00,0,0,0.00,0.00,0.00,5133.00,0.00
9056363822920274,20140616,5133.00,8000.00,0,0,0.00,0.00,0.00,5133.00,0.00
9056363822920274,20140617,5133.00,8000.00,0,0,0.00,0.00,0.00,5133.00,0.00
9056363822920274,20140618,5133.00,8000.00,0,0,0.00,0.00,0.00,5133.00,0.00
9056363822920274,20140621,5133.00,8000.00,0,0,0.00,0.00,0.00,5133.00,0.00
9056363822920274,20140622,5133.00,8000.00,0,0,0.00,0.00,0.00,5133.00,0.00
9056363822920274,20140623,5133.00,8000.00,0,0,0.00,0.00,0.00,5133.00,0.00
9056363822920274,20140624,5133.00,8000.00,0,0,0.00,0.00,0.00,5133.00,0.00
9056363822920274,20140625,5133.00,8000.00,0,0,0.00,0.00,0.00,5133.00,0.00
9056363822920274,20140628,5133.00,8000.00,0,0,0.00,0.00,0.00,5133.00,0.00
9056363822920274,20140629,5133.00,8000.00,0,0,0.00,0.00,0.00,5133.00,0.00
9056363822920274,20140630,5133.00,8000.00,0,0,0.00,0.00,0.00,5133.00,0.00
9056363822920274,20140701,5133.00,8000.00,0,0,0.00,0.00,0.00,5133.00,0.00
9056363822920274,20140702,5133.00,8000.00,0,0,0.00,0.00,0.00,5133.00,0.00
9056363822920274,20140705,5133.00,8000.00,0,0,0.00,0.00,0.00,5133.00,0.00
9056363822920274,20140706,5133.00,8000.00,0,0,0.00,0.00,0.00,5133.00,0.00
9056363822920274,20140707,5133.00,8000.00,0,0,0.00,0.00,0.00,5133.00,0.00
9056363822920274,20140708,5133.00,8000.00,0,0,0.00,0.00,0.00,5133.00,0.00
9056363822920274,20140709,5133.00,8000.00,0,0,0.00,0.00,0.00,5133.00,0.00
9056363822920274,20140712,5133.00,8000.00,0,0,0.00,0.00,0.00,5133.00,0.00
9056363822920274,20140713,5133.00,8000.00,0,0,0.00,0.00,0.00,5133.00,0.00
9056363822920274,20140714,8133.00,8133.00,1,717000,5831361000.00,8133.00,8133.00,5133.00,8133.00
9056363822920274,20140715,8133.00,8133.00,0,0,0.00,0.00,0.00,8133.00,0.00
9056363822920274,20140716,8133.00,8133.00,0,0,0.00,0.00,0.00,8133.00,0.00
9056363822920274,20140720,8133.00,8133.00,0,0,0.00,0.00,0.00,8133.00,0.00
9056363822920274,20140721,8133.00,8133.00,0,0,0.00,0.00,0.00,8133.00,0.00
9056363822920274,20140722,8133.00,8133.00,0,0,0.00,0.00,0.00,8133.00,0.00
9056363822920274,20140723,8133.00,8133.00,0,0,0.00,0.00,0.00,8133.00,0.00
9056363822920274,20140726,8133.00,8133.00,0,0,0.00,0.00,0.00,8133.00,0.00
9056363822920274,20140727,8133.00,8133.00,0,0,0.00,0.00,0.00,8133.00,0.00
9056363822920274,20140728,8133.00,8133.00,0,0,0.00,0.00,0.00,8133.00,0.00
9056363822920274,20140802,8133.00,8133.00,0,0,0.00,0.00,0.00,8133.00,0.00
9056363822920274,20140803,8133.00,8133.00,0,0,0.00,0.00,0.00,8133.00,0.00
9056363822920274,20140804,8133.00,8133.00,0,0,0.00,0.00,0.00,8133.00,0.00
9056363822920274,20140805,8133.00,8133.00,0,0,0.00,0.00,0.00,8133.00,0.00
9056363822920274,20140806,8133.00,8133.00,0,0,0.00,0.00,0.00,8133.00,0.00
9056363822920274,20140809,8133.00,8133.00,0,0,0.00,0.00,0.00,8133.00,0.00
9056363822920274,20140810,8133.00,8133.00,0,0,0.00,0.00,0.00,8133.00,0.00
9056363822920274,20140811,8133.00,8133.00,0,0,0.00,0.00,0.00,8133.00,0.00
9056363822920274,20140812,8133.00,8133.00,0,0,0.00,0.00,0.00,8133.00,0.00
9056363822920274,20140813,8133.00,8133.00,0,0,0.00,0.00,0.00,8133.00,0.00
9056363822920274,20140816,8133.00,8133.00,0,0,0.00,0.00,0.00,8133.00,0.00
9056363822920274,20140817,8133.00,8133.00,0,0,0.00,0.00,0.00,8133.00,0.00
9056363822920274,20140818,8250.00,8250.00,1,438000,3613500000.00,8250.00,8250.00,8133.00,8250.00
9056363822920274,20140819,8250.00,8250.00,0,0,0.00,0.00,0.00,8250.00,0.00
9056363822920274,20140820,8250.00,8250.00,0,0,0.00,0.00,0.00,8250.00,0.00
9056363822920274,20140823,8250.00,8250.00,0,0,0.00,0.00,0.00,8250.00,0.00
9056363822920274,20140824,8250.00,8250.00,0,0,0.00,0.00,0.00,8250.00,0.00
9056363822920274,20140825,8250.00,8250.00,0,0,0.00,0.00,0.00,8250.00,0.00
9056363822920274,20140826,8250.00,8250.00,0,0,0.00,0.00,0.00,8250.00,0.00
9056363822920274,20140827,8250.00,8250.00,0,0,0.00,0.00,0.00,8250.00,0.00
9056363822920274,20140830,8250.00,8250.00,0,0,0.00,0.00,0.00,8250.00,0.00
9056363822920274,20140831,8250.00,8250.00,0,0,0.00,0.00,0.00,8250.00,0.00
9056363822920274,20140901,8250.00,8250.00,0,0,0.00,0.00,0.00,8250.00,0.00
9056363822920274,20140902,8250.00,8250.00,0,0,0.00,0.00,0.00,8250.00,0.00
9056363822920274,20140903,8250.00,8250.00,0,0,0.00,0.00,0.00,8250.00,0.00
9056363822920274,20140906,8250.00,8250.00,0,0,0.00,0.00,0.00,8250.00,0.00
9056363822920274,20140907,8250.00,8250.00,0,0,0.00,0.00,0.00,8250.00,0.00
9056363822920274,20140908,8250.00,8250.00,0,0,0.00,0.00,0.00,8250.00,0.00
9056363822920274,20140909,8250.00,8250.00,0,0,0.00,0.00,0.00,8250.00,0.00
9056363822920274,20140910,8250.00,8250.00,0,0,0.00,0.00,0.00,8250.00,0.00
9056363822920274,20140913,8250.00,8250.00,0,0,0.00,0.00,0.00,8250.00,0.00
9056363822920274,20140914,8250.00,8250.00,0,0,0.00,0.00,0.00,8250.00,0.00
9056363822920274,20140915,8250.00,8250.00,0,0,0.00,0.00,0.00,8250.00,0.00
9056363822920274,20140916,8250.00,8250.00,0,0,0.00,0.00,0.00,8250.00,0.00
9056363822920274,20140917,8250.00,8250.00,0,0,0.00,0.00,0.00,8250.00,0.00
9056363822920274,20140920,8250.00,8250.00,0,0,0.00,0.00,0.00,8250.00,0.00
9056363822920274,20140921,8250.00,8250.00,0,0,0.00,0.00,0.00,8250.00,0.00
9056363822920274,20140922,8250.00,8250.00,0,0,0.00,0.00,0.00,8250.00,0.00
9056363822920274,20140923,8250.00,8250.00,0,0,0.00,0.00,0.00,8250.00,0.00
9056363822920274,20140924,8250.00,8250.00,0,0,0.00,0.00,0.00,8250.00,0.00
9056363822920274,20140927,8250.00,8250.00,0,0,0.00,0.00,0.00,8250.00,0.00
9056363822920274,20140928,8250.00,8250.00,0,0,0.00,0.00,0.00,8250.00,0.00
9056363822920274,20140929,8250.00,8250.00,0,0,0.00,0.00,0.00,8250.00,0.00
9056363822920274,20140930,8250.00,8250.00,0,0,0.00,0.00,0.00,8250.00,0.00
9056363822920274,20141001,8250.00,8250.00,0,0,0.00,0.00,0.00,8250.00,0.00
9056363822920274,20141004,8250.00,8250.00,0,0,0.00,0.00,0.00,8250.00,0.00
9056363822920274,20141006,8250.00,8250.00,0,0,0.00,0.00,0.00,8250.00,0.00
9056363822920274,20141007,8250.00,8250.00,0,0,0.00,0.00,0.00,8250.00,0.00
9056363822920274,20141008,8250.00,8250.00,0,0,0.00,0.00,0.00,8250.00,0.00
9056363822920274,20141011,8250.00,8250.00,0,0,0.00,0.00,0.00,8250.00,0.00
9056363822920274,20141012,8250.00,8250.00,0,0,0.00,0.00,0.00,8250.00,0.00
9056363822920274,20141014,8250.00,8250.00,0,0,0.00,0.00,0.00,8250.00,0.00
9056363822920274,20141015,8250.00,8250.00,0,0,0.00,0.00,0.00,8250.00,0.00
9056363822920274,20141018,8250.00,8250.00,0,0,0.00,0.00,0.00,8250.00,0.00
9056363822920274,20141019,8250.00,8250.00,0,0,0.00,0.00,0.00,8250.00,0.00
9056363822920274,20141020,8250.00,8250.00,0,0,0.00,0.00,0.00,8250.00,0.00
9056363822920274,20141021,8250.00,8250.00,0,0,0.00,0.00,0.00,8250.00,0.00
9056363822920274,20141022,8250.00,8250.00,0,0,0.00,0.00,0.00,8250.00,0.00
9056363822920274,20141025,8250.00,8250.00,0,0,0.00,0.00,0.00,8250.00,0.00
9056363822920274,20141026,8250.00,8250.00,0,0,0.00,0.00,0.00,8250.00,0.00
9056363822920274,20141027,8250.00,8250.00,0,0,0.00,0.00,0.00,8250.00,0.00
9056363822920274,20141028,8250.00,8250.00,0,0,0.00,0.00,0.00,8250.00,0.00
9056363822920274,20141029,8250.00,8250.00,0,0,0.00,0.00,0.00,8250.00,0.00
9056363822920274,20141101,8250.00,8250.00,0,0,0.00,0.00,0.00,8250.00,0.00
9056363822920274,20141102,8250.00,8250.00,0,0,0.00,0.00,0.00,8250.00,0.00
9056363822920274,20141105,8250.00,8250.00,0,0,0.00,0.00,0.00,8250.00,0.00
9056363822920274,20141108,8250.00,8250.00,0,0,0.00,0.00,0.00,8250.00,0.00
9056363822920274,20141109,8250.00,8250.00,0,0,0.00,0.00,0.00,8250.00,0.00
9056363822920274,20141110,8250.00,8250.00,0,0,0.00,0.00,0.00,8250.00,0.00
9056363822920274,20141111,8250.00,8250.00,0,0,0.00,0.00,0.00,8250.00,0.00
9056363822920274,20141112,8250.00,8250.00,0,0,0.00,0.00,0.00,8250.00,0.00
9056363822920274,20141115,8250.00,8250.00,0,0,0.00,0.00,0.00,8250.00,0.00
9056363822920274,20141116,8250.00,8250.00,0,0,0.00,0.00,0.00,8250.00,0.00
9056363822920274,20141117,8250.00,8250.00,0,0,0.00,0.00,0.00,8250.00,0.00
9056363822920274,20141118,8250.00,8250.00,0,0,0.00,0.00,0.00,8250.00,0.00
9056363822920274,20141119,8250.00,8250.00,0,0,0.00,0.00,0.00,8250.00,0.00
9056363822920274,20141122,8250.00,8250.00,0,0,0.00,0.00,0.00,8250.00,0.00
9056363822920274,20141123,8250.00,8250.00,0,0,0.00,0.00,0.00,8250.00,0.00
9056363822920274,20141124,8133.00,8133.00,1,358500,2915680500.00,8133.00,8133.00,8250.00,8133.00
9056363822920274,20141125,8133.00,8133.00,0,0,0.00,0.00,0.00,8133.00,0.00
9056363822920274,20141126,8133.00,8133.00,0,0,0.00,0.00,0.00,8133.00,0.00
9056363822920274,20141129,8133.00,8133.00,0,0,0.00,0.00,0.00,8133.00,0.00
9056363822920274,20141130,8133.00,8133.00,0,0,0.00,0.00,0.00,8133.00,0.00
9056363822920274,20141201,8133.00,8133.00,0,0,0.00,0.00,0.00,8133.00,0.00
9056363822920274,20141202,8133.00,8133.00,0,0,0.00,0.00,0.00,8133.00,0.00
9056363822920274,20141203,8133.00,8133.00,0,0,0.00,0.00,0.00,8133.00,0.00
9056363822920274,20141206,8133.00,8133.00,0,0,0.00,0.00,0.00,8133.00,0.00
9056363822920274,20141207,8133.00,8133.00,0,0,0.00,0.00,0.00,8133.00,0.00
9056363822920274,20141208,8133.00,8133.00,0,0,0.00,0.00,0.00,8133.00,0.00
9056363822920274,20141209,8133.00,8133.00,0,0,0.00,0.00,0.00,8133.00,0.00
9056363822920274,20141210,8133.00,8133.00,0,0,0.00,0.00,0.00,8133.00,0.00
9056363822920274,20141214,8133.00,8133.00,0,0,0.00,0.00,0.00,8133.00,0.00
9056363822920274,20141215,8133.00,8133.00,0,0,0.00,0.00,0.00,8133.00,0.00
9056363822920274,20141216,8133.00,8133.00,0,0,0.00,0.00,0.00,8133.00,0.00
9056363822920274,20141217,8133.00,8133.00,0,0,0.00,0.00,0.00,8133.00,0.00
9056363822920274,20141220,8133.00,8133.00,0,0,0.00,0.00,0.00,8133.00,0.00
9056363822920274,20141222,8133.00,8133.00,0,0,0.00,0.00,0.00,8133.00,0.00
9056363822920274,20141224,8133.00,8133.00,1,2,16266.00,8133.00,8133.00,8133.00,8133.00
9056363822920274,20141227,8133.00,8133.00,0,0,0.00,0.00,0.00,8133.00,0.00
9056363822920274,20141228,8133.00,8133.00,0,0,0.00,0.00,0.00,8133.00,0.00
9056363822920274,20141229,8133.00,8133.00,0,0,0.00,0.00,0.00,8133.00,0.00
9056363822920274,20141230,8133.00,8133.00,0,0,0.00,0.00,0.00,8133.00,0.00
9056363822920274,20141231,8133.00,8133.00,0,0,0.00,0.00,0.00,8133.00,0.00
9056363822920274,20150103,8133.00,8133.00,0,0,0.00,0.00,0.00,8133.00,0.00
9056363822920274,20150104,8133.00,8133.00,0,0,0.00,0.00,0.00,8133.00,0.00
9056363822920274,20150105,8133.00,8133.00,0,0,0.00,0.00,0.00,8133.00,0.00
9056363822920274,20150106,8133.00,8133.00,0,0,0.00,0.00,0.00,8133.00,0.00
9056363822920274,20150107,8133.00,8133.00,0,0,0.00,0.00,0.00,8133.00,0.00
9056363822920274,20150110,8133.00,8133.00,0,0,0.00,0.00,0.00,8133.00,0.00
9056363822920274,20150111,8133.00,8133.00,0,0,0.00,0.00,0.00,8133.00,0.00
9056363822920274,20150112,8133.00,8133.00,0,0,0.00,0.00,0.00,8133.00,0.00
9056363822920274,20150113,8133.00,8133.00,0,0,0.00,0.00,0.00,8133.00,0.00
9056363822920274,20150114,8133.00,8133.00,0,0,0.00,0.00,0.00,8133.00,0.00
9056363822920274,20150117,8133.00,8133.00,0,0,0.00,0.00,0.00,8133.00,0.00
9056363822920274,20150118,8133.00,8133.00,0,0,0.00,0.00,0.00,8133.00,0.00
9056363822920274,20150119,8133.00,8133.00,0,0,0.00,0.00,0.00,8133.00,0.00
9056363822920274,20150120,8133.00,8133.00,0,0,0.00,0.00,0.00,8133.00,0.00
9056363822920274,20150121,8133.00,8133.00,0,0,0.00,0.00,0.00,8133.00,0.00
9056363822920274,20150124,8133.00,8133.00,0,0,0.00,0.00,0.00,8133.00,0.00
9056363822920274,20150125,8133.00,8133.00,0,0,0.00,0.00,0.00,8133.00,0.00
9056363822920274,20150126,8133.00,8133.00,0,0,0.00,0.00,0.00,8133.00,0.00
9056363822920274,20150127,8133.00,8133.00,0,0,0.00,0.00,0.00,8133.00,0.00
9056363822920274,20150128,8133.00,8133.00,0,0,0.00,0.00,0.00,8133.00,0.00
9056363822920274,20150131,8133.00,8133.00,0,0,0.00,0.00,0.00,8133.00,0.00
9056363822920274,20150201,8133.00,8133.00,0,0,0.00,0.00,0.00,8133.00,0.00
9056363822920274,20150202,8133.00,8133.00,0,0,0.00,0.00,0.00,8133.00,0.00
9056363822920274,20150203,8133.00,8133.00,0,0,0.00,0.00,0.00,8133.00,0.00
9056363822920274,20150204,8133.00,8133.00,0,0,0.00,0.00,0.00,8133.00,0.00
9056363822920274,20150207,8133.00,8133.00,0,0,0.00,0.00,0.00,8133.00,0.00
9056363822920274,20150208,8133.00,8133.00,0,0,0.00,0.00,0.00,8133.00,0.00
9056363822920274,20150209,8133.00,8133.00,0,0,0.00,0.00,0.00,8133.00,0.00
9056363822920274,20150210,8133.00,8133.00,0,0,0.00,0.00,0.00,8133.00,0.00
9056363822920274,20150214,8133.00,8133.00,0,0,0.00,0.00,0.00,8133.00,0.00
9056363822920274,20150215,8133.00,8133.00,0,0,0.00,0.00,0.00,8133.00,0.00
9056363822920274,20150216,8133.00,8133.00,0,0,0.00,0.00,0.00,8133.00,0.00
9056363822920274,20150217,8133.00,8133.00,0,0,0.00,0.00,0.00,8133.00,0.00
9056363822920274,20150218,8133.00,8133.00,0,0,0.00,0.00,0.00,8133.00,0.00
9056363822920274,20150221,8133.00,8133.00,0,0,0.00,0.00,0.00,8133.00,0.00
9056363822920274,20150222,8133.00,8133.00,0,0,0.00,0.00,0.00,8133.00,0.00
9056363822920274,20150223,8133.00,8133.00,0,0,0.00,0.00,0.00,8133.00,0.00
9056363822920274,20150224,8133.00,8133.00,0,0,0.00,0.00,0.00,8133.00,0.00
9056363822920274,20150225,8133.00,8133.00,0,0,0.00,0.00,0.00,8133.00,0.00
9056363822920274,20150228,8133.00,8133.00,0,0,0.00,0.00,0.00,8133.00,0.00
9056363822920274,20150301,8133.00,8133.00,0,0,0.00,0.00,0.00,8133.00,0.00
9056363822920274,20150302,8133.00,8133.00,0,0,0.00,0.00,0.00,8133.00,0.00
9056363822920274,20150303,8133.00,8133.00,0,0,0.00,0.00,0.00,8133.00,0.00
9056363822920274,20150304,8133.00,8133.00,0,0,0.00,0.00,0.00,8133.00,0.00
9056363822920274,20150307,8133.00,8133.00,0,0,0.00,0.00,0.00,8133.00,0.00
9056363822920274,20150308,8133.00,8133.00,0,0,0.00,0.00,0.00,8133.00,0.00
9056363822920274,20150309,8133.00,8133.00,0,0,0.00,0.00,0.00,8133.00,0.00
9056363822920274,20150310,8133.00,8133.00,0,0,0.00,0.00,0.00,8133.00,0.00
9056363822920274,20150311,8133.00,8133.00,0,0,0.00,0.00,0.00,8133.00,0.00
9056363822920274,20150314,8133.00,8133.00,0,0,0.00,0.00,0.00,8133.00,0.00
9056363822920274,20150315,8133.00,8133.00,0,0,0.00,0.00,0.00,8133.00,0.00
9056363822920274,20150316,8133.00,8133.00,0,0,0.00,0.00,0.00,8133.00,0.00
9056363822920274,20150317,8133.00,8133.00,0,0,0.00,0.00,0.00,8133.00,0.00
9056363822920274,20150318,8133.00,8133.00,0,0,0.00,0.00,0.00,8133.00,0.00
9056363822920274,20150325,8133.00,8133.00,0,0,0.00,0.00,0.00,8133.00,0.00
9056363822920274,20150328,8133.00,8133.00,0,0,0.00,0.00,0.00,8133.00,0.00
9056363822920274,20150329,8133.00,8133.00,0,0,0.00,0.00,0.00,8133.00,0.00
9056363822920274,20150330,8133.00,8133.00,0,0,0.00,0.00,0.00,8133.00,0.00
9056363822920274,20150331,8133.00,8133.00,0,0,0.00,0.00,0.00,8133.00,0.00
9056363822920274,20150404,8133.00,8133.00,0,0,0.00,0.00,0.00,8133.00,0.00
9056363822920274,20150405,8133.00,8133.00,0,0,0.00,0.00,0.00,8133.00,0.00
9056363822920274,20150406,8133.00,8133.00,0,0,0.00,0.00,0.00,8133.00,0.00
9056363822920274,20150407,8133.00,8133.00,0,0,0.00,0.00,0.00,8133.00,0.00
9056363822920274,20150408,8133.00,8133.00,0,0,0.00,0.00,0.00,8133.00,0.00
9056363822920274,20150411,8133.00,8133.00,0,0,0.00,0.00,0.00,8133.00,0.00
9056363822920274,20150412,8133.00,8133.00,0,0,0.00,0.00,0.00,8133.00,0.00
9056363822920274,20150413,8133.00,8133.00,0,0,0.00,0.00,0.00,8133.00,0.00
9056363822920274,20150414,8133.00,8133.00,0,0,0.00,0.00,0.00,8133.00,0.00
9056363822920274,20150415,8133.00,8133.00,0,0,0.00,0.00,0.00,8133.00,0.00
9056363822920274,20150418,8133.00,8133.00,0,0,0.00,0.00,0.00,8133.00,0.00
9056363822920274,20150419,8133.00,8133.00,0,0,0.00,0.00,0.00,8133.00,0.00
9056363822920274,20150420,8133.00,8133.00,0,0,0.00,0.00,0.00,8133.00,0.00
9056363822920274,20150421,8133.00,8133.00,0,0,0.00,0.00,0.00,8133.00,0.00
9056363822920274,20150422,8133.00,8133.00,0,0,0.00,0.00,0.00,8133.00,0.00
9056363822920274,20150425,8133.00,8133.00,0,0,0.00,0.00,0.00,8133.00,0.00
9056363822920274,20150426,8133.00,8133.00,0,0,0.00,0.00,0.00,8133.00,0.00
9056363822920274,20150427,8133.00,8133.00,0,0,0.00,0.00,0.00,8133.00,0.00
9056363822920274,20150428,8133.00,8133.00,0,0,0.00,0.00,0.00,8133.00,0.00
9056363822920274,20150429,8133.00,8133.00,0,0,0.00,0.00,0.00,8133.00,0.00
9056363822920274,20150503,8133.00,8133.00,0,0,0.00,0.00,0.00,8133.00,0.00
9056363822920274,20150504,8133.00,8133.00,0,0,0.00,0.00,0.00,8133.00,0.00
9056363822920274,20150505,8133.00,8133.00,0,0,0.00,0.00,0.00,8133.00,0.00
9056363822920274,20150506,8133.00,8133.00,0,0,0.00,0.00,0.00,8133.00,0.00
9056363822920274,20150509,8133.00,8133.00,0,0,0.00,0.00,0.00,8133.00,0.00
9056363822920274,20150510,8133.00,8133.00,0,0,0.00,0.00,0.00,8133.00,0.00
9056363822920274,20150511,8133.00,8133.00,0,0,0.00,0.00,0.00,8133.00,0.00
9056363822920274,20150512,8133.00,8133.00,0,0,0.00,0.00,0.00,8133.00,0.00
9056363822920274,20150513,8133.00,8133.00,0,0,0.00,0.00,0.00,8133.00,0.00
9056363822920274,20150517,8133.00,8133.00,0,0,0.00,0.00,0.00,8133.00,0.00
9056363822920274,20150518,8133.00,8133.00,0,0,0.00,0.00,0.00,8133.00,0.00
9056363822920274,20150519,8133.00,8133.00,0,0,0.00,0.00,0.00,8133.00,0.00
9056363822920274,20150520,8133.00,8133.00,0,0,0.00,0.00,0.00,8133.00,0.00
9056363822920274,20150523,8300.00,8300.00,1,10000,83000000.00,8300.00,8300.00,8133.00,8300.00
9056363822920274,20150524,8300.00,8300.00,0,0,0.00,0.00,0.00,8300.00,0.00
9056363822920274,20150525,8300.00,8300.00,1,10000,83000000.00,8300.00,8300.00,8300.00,8300.00
9056363822920274,20150526,8300.00,8300.00,0,0,0.00,0.00,0.00,8300.00,0.00
9056363822920274,20150527,8500.00,8500.00,1,130000,1105000000.00,8500.00,8500.00,8300.00,8500.00
9056363822920274,20150530,8500.00,8500.00,1,70000,595000000.00,8500.00,8500.00,8500.00,8500.00
9056363822920274,20150531,8500.00,8500.00,0,0,0.00,0.00,0.00,8500.00,0.00
9056363822920274,20150601,8500.00,8500.00,0,0,0.00,0.00,0.00,8500.00,0.00
9056363822920274,20150602,8500.00,8500.00,0,0,0.00,0.00,0.00,8500.00,0.00
9056363822920274,20150606,8568.00,8500.00,2,3073500,26332650000.00,8500.00,8650.00,8500.00,8650.00
9056363822920274,20150607,8568.00,8500.00,0,0,0.00,0.00,0.00,8568.00,0.00
9056363822920274,20150608,8568.00,8500.00,0,0,0.00,0.00,0.00,8568.00,0.00
9056363822920274,20150609,8568.00,8500.00,0,0,0.00,0.00,0.00,8568.00,0.00
9056363822920274,20150610,8318.00,8500.00,0,0,0.00,0.00,0.00,8318.00,0.00
9056363822920274,20150613,8318.00,8500.00,0,0,0.00,0.00,0.00,8318.00,0.00
9056363822920274,20150614,8318.00,8500.00,0,0,0.00,0.00,0.00,8318.00,0.00
9056363822920274,20150615,8318.00,8500.00,0,0,0.00,0.00,0.00,8318.00,0.00
9056363822920274,20150616,8318.00,8500.00,0,0,0.00,0.00,0.00,8318.00,0.00
9056363822920274,20150617,8318.00,8500.00,0,0,0.00,0.00,0.00,8318.00,0.00
9056363822920274,20150620,8318.00,8500.00,0,0,0.00,0.00,0.00,8318.00,0.00
9056363822920274,20150621,8318.00,8500.00,0,0,0.00,0.00,0.00,8318.00,0.00
9056363822920274,20150622,8318.00,8500.00,0,0,0.00,0.00,0.00,8318.00,0.00
9056363822920274,20150623,8318.00,8500.00,0,0,0.00,0.00,0.00,8318.00,0.00
9056363822920274,20150624,8490.00,8490.00,1,1251000,10620990000.00,8490.00,8490.00,8318.00,8490.00
9056363822920274,20150627,8490.00,8490.00,0,0,0.00,0.00,0.00,8490.00,0.00
9056363822920274,20150628,8490.00,8490.00,0,0,0.00,0.00,0.00,8490.00,0.00
9056363822920274,20150629,8490.00,8490.00,0,0,0.00,0.00,0.00,8490.00,0.00
9056363822920274,20150630,8490.00,8490.00,0,0,0.00,0.00,0.00,8490.00,0.00
9056363822920274,20150701,8490.00,8490.00,0,0,0.00,0.00,0.00,8490.00,0.00
9056363822920274,20150704,8490.00,8490.00,0,0,0.00,0.00,0.00,8490.00,0.00
9056363822920274,20150705,8490.00,8490.00,0,0,0.00,0.00,0.00,8490.00,0.00
9056363822920274,20150706,8490.00,8490.00,0,0,0.00,0.00,0.00,8490.00,0.00
9056363822920274,20150707,8490.00,8490.00,0,0,0.00,0.00,0.00,8490.00,0.00
9056363822920274,20150711,8490.00,8490.00,0,0,0.00,0.00,0.00,8490.00,0.00
9056363822920274,20150712,8490.00,8490.00,0,0,0.00,0.00,0.00,8490.00,0.00
9056363822920274,20150713,8490.00,8490.00,0,0,0.00,0.00,0.00,8490.00,0.00
9056363822920274,20150714,8490.00,8490.00,0,0,0.00,0.00,0.00,8490.00,0.00
9056363822920274,20150715,8490.00,8490.00,0,0,0.00,0.00,0.00,8490.00,0.00
9056363822920274,20150719,8490.00,8490.00,0,0,0.00,0.00,0.00,8490.00,0.00
9056363822920274,20150720,8490.00,8490.00,0,0,0.00,0.00,0.00,8490.00,0.00
9056363822920274,20150721,8490.00,8490.00,0,0,0.00,0.00,0.00,8490.00,0.00
9056363822920274,20150722,8490.00,8490.00,0,0,0.00,0.00,0.00,8490.00,0.00
9056363822920274,20150725,8490.00,8490.00,0,0,0.00,0.00,0.00,8490.00,0.00
9056363822920274,20150726,8490.00,8490.00,0,0,0.00,0.00,0.00,8490.00,0.00
9056363822920274,20150727,8490.00,8490.00,0,0,0.00,0.00,0.00,8490.00,0.00
9056363822920274,20150728,8490.00,8490.00,0,0,0.00,0.00,0.00,8490.00,0.00
9056363822920274,20150729,8490.00,8490.00,0,0,0.00,0.00,0.00,8490.00,0.00
9056363822920274,20150801,8490.00,8490.00,0,0,0.00,0.00,0.00,8490.00,0.00
9056363822920274,20150802,8490.00,8490.00,0,0,0.00,0.00,0.00,8490.00,0.00
9056363822920274,20150803,8490.00,8490.00,0,0,0.00,0.00,0.00,8490.00,0.00
9056363822920274,20150804,8490.00,8490.00,0,0,0.00,0.00,0.00,8490.00,0.00
9056363822920274,20150805,8490.00,8490.00,0,0,0.00,0.00,0.00,8490.00,0.00
9056363822920274,20150808,8490.00,8490.00,0,0,0.00,0.00,0.00,8490.00,0.00
9056363822920274,20150809,8490.00,8490.00,0,0,0.00,0.00,0.00,8490.00,0.00
9056363822920274,20150810,8490.00,8490.00,0,0,0.00,0.00,0.00,8490.00,0.00
9056363822920274,20150812,8490.00,8490.00,0,0,0.00,0.00,0.00,8490.00,0.00
9056363822920274,20150815,8490.00,8490.00,0,0,0.00,0.00,0.00,8490.00,0.00
9056363822920274,20150816,8490.00,8490.00,0,0,0.00,0.00,0.00,8490.00,0.00
9056363822920274,20150817,8490.00,8490.00,0,0,0.00,0.00,0.00,8490.00,0.00
9056363822920274,20150818,8490.00,8490.00,0,0,0.00,0.00,0.00,8490.00,0.00
9056363822920274,20150819,8490.00,8490.00,0,0,0.00,0.00,0.00,8490.00,0.00
9056363822920274,20150822,8490.00,8490.00,0,0,0.00,0.00,0.00,8490.00,0.00
9056363822920274,20150823,8490.00,8490.00,0,0,0.00,0.00,0.00,8490.00,0.00
9056363822920274,20150824,8490.00,8490.00,0,0,0.00,0.00,0.00,8490.00,0.00
9056363822920274,20150825,8490.00,8490.00,0,0,0.00,0.00,0.00,8490.00,0.00
9056363822920274,20150826,8490.00,8490.00,0,0,0.00,0.00,0.00,8490.00,0.00
9056363822920274,20150829,8490.00,8490.00,0,0,0.00,0.00,0.00,8490.00,0.00
9056363822920274,20150830,8490.00,8490.00,0,0,0.00,0.00,0.00,8490.00,0.00
9056363822920274,20150831,8490.00,8490.00,0,0,0.00,0.00,0.00,8490.00,0.00
9056363822920274,20150901,8490.00,8490.00,0,0,0.00,0.00,0.00,8490.00,0.00
9056363822920274,20150902,8490.00,8490.00,0,0,0.00,0.00,0.00,8490.00,0.00
9056363822920274,20150905,8490.00,8490.00,0,0,0.00,0.00,0.00,8490.00,0.00
9056363822920274,20150906,8490.00,8490.00,0,0,0.00,0.00,0.00,8490.00,0.00
9056363822920274,20150907,8490.00,8490.00,0,0,0.00,0.00,0.00,8490.00,0.00
9056363822920274,20150908,8490.00,8490.00,0,0,0.00,0.00,0.00,8490.00,0.00
9056363822920274,20150909,8490.00,8490.00,0,0,0.00,0.00,0.00,8490.00,0.00
9056363822920274,20150912,8490.00,8490.00,0,0,0.00,0.00,0.00,8490.00,0.00
9056363822920274,20150913,8490.00,8490.00,0,0,0.00,0.00,0.00,8490.00,0.00
9056363822920274,20150914,8490.00,8490.00,0,0,0.00,0.00,0.00,8490.00,0.00
9056363822920274,20150915,8490.00,8490.00,0,0,0.00,0.00,0.00,8490.00,0.00
9056363822920274,20150916,8490.00,8490.00,0,0,0.00,0.00,0.00,8490.00,0.00
9056363822920274,20150919,8490.00,8490.00,0,0,0.00,0.00,0.00,8490.00,0.00
9056363822920274,20150920,8490.00,8490.00,0,0,0.00,0.00,0.00,8490.00,0.00
9056363822920274,20150921,8490.00,8490.00,0,0,0.00,0.00,0.00,8490.00,0.00
9056363822920274,20150922,8490.00,8490.00,0,0,0.00,0.00,0.00,8490.00,0.00
9056363822920274,20150923,8490.00,8490.00,0,0,0.00,0.00,0.00,8490.00,0.00
9056363822920274,20150926,8490.00,8490.00,0,0,0.00,0.00,0.00,8490.00,0.00
9056363822920274,20150927,8490.00,8490.00,0,0,0.00,0.00,0.00,8490.00,0.00
9056363822920274,20150928,8490.00,8490.00,0,0,0.00,0.00,0.00,8490.00,0.00
9056363822920274,20150929,8490.00,8490.00,0,0,0.00,0.00,0.00,8490.00,0.00
9056363822920274,20150930,8490.00,8490.00,0,0,0.00,0.00,0.00,8490.00,0.00
9056363822920274,20151003,8490.00,8490.00,0,0,0.00,0.00,0.00,8490.00,0.00
9056363822920274,20151004,8490.00,8490.00,0,0,0.00,0.00,0.00,8490.00,0.00
9056363822920274,20151005,8490.00,8490.00,0,0,0.00,0.00,0.00,8490.00,0.00
9056363822920274,20151006,8490.00,8490.00,0,0,0.00,0.00,0.00,8490.00,0.00
9056363822920274,20151007,8490.00,8490.00,0,0,0.00,0.00,0.00,8490.00,0.00
9056363822920274,20151010,8490.00,8490.00,0,0,0.00,0.00,0.00,8490.00,0.00
9056363822920274,20151011,8490.00,8490.00,0,0,0.00,0.00,0.00,8490.00,0.00
9056363822920274,20151012,8490.00,8490.00,0,0,0.00,0.00,0.00,8490.00,0.00
9056363822920274,20151013,8490.00,8490.00,0,0,0.00,0.00,0.00,8490.00,0.00
9056363822920274,20151014,8490.00,8490.00,0,0,0.00,0.00,0.00,8490.00,0.00
9056363822920274,20151017,8490.00,8490.00,0,0,0.00,0.00,0.00,8490.00,0.00
9056363822920274,20151018,8490.00,8490.00,0,0,0.00,0.00,0.00,8490.00,0.00
9056363822920274,20151019,8490.00,8490.00,0,0,0.00,0.00,0.00,8490.00,0.00
9056363822920274,20151020,8490.00,8490.00,0,0,0.00,0.00,0.00,8490.00,0.00
9056363822920274,20151021,8490.00,8490.00,0,0,0.00,0.00,0.00,8490.00,0.00
9056363822920274,20151025,8490.00,8490.00,0,0,0.00,0.00,0.00,8490.00,0.00
9056363822920274,20151026,8490.00,8490.00,0,0,0.00,0.00,0.00,8490.00,0.00
9056363822920274,20151027,8490.00,8490.00,0,0,0.00,0.00,0.00,8490.00,0.00
9056363822920274,20151028,8490.00,8490.00,0,0,0.00,0.00,0.00,8490.00,0.00
9056363822920274,20151031,8490.00,8490.00,0,0,0.00,0.00,0.00,8490.00,0.00
9056363822920274,20151101,8490.00,8490.00,0,0,0.00,0.00,0.00,8490.00,0.00
9056363822920274,20151102,8490.00,8490.00,0,0,0.00,0.00,0.00,8490.00,0.00
9056363822920274,20151103,8490.00,8490.00,0,0,0.00,0.00,0.00,8490.00,0.00
9056363822920274,20151104,8490.00,8490.00,0,0,0.00,0.00,0.00,8490.00,0.00
9056363822920274,20151107,8490.00,8490.00,0,0,0.00,0.00,0.00,8490.00,0.00
9056363822920274,20151108,8490.00,8490.00,0,0,0.00,0.00,0.00,8490.00,0.00
9056363822920274,20151109,8490.00,8490.00,0,0,0.00,0.00,0.00,8490.00,0.00
9056363822920274,20151110,8490.00,8490.00,0,0,0.00,0.00,0.00,8490.00,0.00
9056363822920274,20151111,8490.00,8490.00,0,0,0.00,0.00,0.00,8490.00,0.00
9056363822920274,20151114,8490.00,8490.00,0,0,0.00,0.00,0.00,8490.00,0.00
9056363822920274,20151115,8490.00,8490.00,0,0,0.00,0.00,0.00,8490.00,0.00
9056363822920274,20151116,8490.00,8490.00,0,0,0.00,0.00,0.00,8490.00,0.00
9056363822920274,20151117,8490.00,8490.00,0,0,0.00,0.00,0.00,8490.00,0.00
9056363822920274,20151118,8490.00,8490.00,0,0,0.00,0.00,0.00,8490.00,0.00
9056363822920274,20151121,8490.00,8490.00,0,0,0.00,0.00,0.00,8490.00,0.00
9056363822920274,20151122,8490.00,8490.00,0,0,0.00,0.00,0.00,8490.00,0.00
9056363822920274,20151123,8490.00,8490.00,0,0,0.00,0.00,0.00,8490.00,0.00
9056363822920274,20151124,8490.00,8490.00,0,0,0.00,0.00,0.00,8490.00,0.00
9056363822920274,20151125,8490.00,8490.00,0,0,0.00,0.00,0.00,8490.00,0.00
9056363822920274,20151128,8490.00,8490.00,0,0,0.00,0.00,0.00,8490.00,0.00
9056363822920274,20151129,8490.00,8490.00,0,0,0.00,0.00,0.00,8490.00,0.00
9056363822920274,20151130,8490.00,8490.00,0,0,0.00,0.00,0.00,8490.00,0.00
9056363822920274,20151201,8490.00,8490.00,0,0,0.00,0.00,0.00,8490.00,0.00
9056363822920274,20151205,8490.00,8490.00,0,0,0.00,0.00,0.00,8490.00,0.00
9056363822920274,20151206,8490.00,8490.00,0,0,0.00,0.00,0.00,8490.00,0.00
9056363822920274,20151207,8490.00,8490.00,0,0,0.00,0.00,0.00,8490.00,0.00
9056363822920274,20151208,8490.00,8490.00,0,0,0.00,0.00,0.00,8490.00,0.00
9056363822920274,20151209,8490.00,8490.00,0,0,0.00,0.00,0.00,8490.00,0.00
9056363822920274,20151213,8490.00,8490.00,0,0,0.00,0.00,0.00,8490.00,0.00
9056363822920274,20151214,8490.00,8490.00,0,0,0.00,0.00,0.00,8490.00,0.00
9056363822920274,20151215,8490.00,8490.00,0,0,0.00,0.00,0.00,8490.00,0.00
9056363822920274,20151216,8490.00,8490.00,0,0,0.00,0.00,0.00,8490.00,0.00
9056363822920274,20151219,8490.00,8490.00,0,0,0.00,0.00,0.00,8490.00,0.00
9056363822920274,20151220,8490.00,8490.00,0,0,0.00,0.00,0.00,8490.00,0.00
9056363822920274,20151221,8490.00,8490.00,0,0,0.00,0.00,0.00,8490.00,0.00
9056363822920274,20151222,8490.00,8490.00,0,0,0.00,0.00,0.00,8490.00,0.00
9056363822920274,20151223,8490.00,8490.00,0,0,0.00,0.00,0.00,8490.00,0.00
9056363822920274,20151226,8490.00,8490.00,0,0,0.00,0.00,0.00,8490.00,0.00
9056363822920274,20151227,8490.00,8490.00,0,0,0.00,0.00,0.00,8490.00,0.00
9056363822920274,20151228,8490.00,8490.00,0,0,0.00,0.00,0.00,8490.00,0.00
9056363822920274,20151230,8490.00,8490.00,0,0,0.00,0.00,0.00,8490.00,0.00
9056363822920274,20160102,8490.00,8490.00,0,0,0.00,0.00,0.00,8490.00,0.00
9056363822920274,20160103,8490.00,8490.00,0,0,0.00,0.00,0.00,8490.00,0.00
9056363822920274,20160104,8490.00,8490.00,0,0,0.00,0.00,0.00,8490.00,0.00
9056363822920274,20160105,8490.00,8490.00,0,0,0.00,0.00,0.00,8490.00,0.00
9056363822920274,20160106,8490.00,8490.00,0,0,0.00,0.00,0.00,8490.00,0.00
9056363822920274,20160109,8490.00,8490.00,0,0,0.00,0.00,0.00,8490.00,0.00
9056363822920274,20160110,8490.00,8490.00,0,0,0.00,0.00,0.00,8490.00,0.00
9056363822920274,20160111,8490.00,8490.00,0,0,0.00,0.00,0.00,8490.00,0.00
9056363822920274,20160112,8490.00,8490.00,0,0,0.00,0.00,0.00,8490.00,0.00
9056363822920274,20160113,8490.00,8490.00,0,0,0.00,0.00,0.00,8490.00,0.00
9056363822920274,20160116,8490.00,8490.00,0,0,0.00,0.00,0.00,8490.00,0.00
9056363822920274,20160117,8490.00,8490.00,0,0,0.00,0.00,0.00,8490.00,0.00
9056363822920274,20160118,8490.00,8490.00,0,0,0.00,0.00,0.00,8490.00,0.00
9056363822920274,20160119,8490.00,8490.00,0,0,0.00,0.00,0.00,8490.00,0.00
9056363822920274,20160120,8490.00,8490.00,0,0,0.00,0.00,0.00,8490.00,0.00
9056363822920274,20160123,8490.00,8490.00,0,0,0.00,0.00,0.00,8490.00,0.00
9056363822920274,20160124,8490.00,8490.00,0,0,0.00,0.00,0.00,8490.00,0.00
9056363822920274,20160125,8490.00,8490.00,0,0,0.00,0.00,0.00,8490.00,0.00
9056363822920274,20160126,8490.00,8490.00,0,0,0.00,0.00,0.00,8490.00,0.00
9056363822920274,20160127,8490.00,8490.00,0,0,0.00,0.00,0.00,8490.00,0.00
9056363822920274,20160130,8490.00,8490.00,0,0,0.00,0.00,0.00,8490.00,0.00
9056363822920274,20160131,8490.00,8490.00,0,0,0.00,0.00,0.00,8490.00,0.00
9056363822920274,20160201,8490.00,8490.00,0,0,0.00,0.00,0.00,8490.00,0.00
9056363822920274,20160202,8490.00,8490.00,0,0,0.00,0.00,0.00,8490.00,0.00
9056363822920274,20160203,8490.00,8490.00,0,0,0.00,0.00,0.00,8490.00,0.00
9056363822920274,20160206,8490.00,8490.00,0,0,0.00,0.00,0.00,8490.00,0.00
9056363822920274,20160207,8490.00,8490.00,0,0,0.00,0.00,0.00,8490.00,0.00
9056363822920274,20160208,8490.00,8490.00,0,0,0.00,0.00,0.00,8490.00,0.00
9056363822920274,20160209,8490.00,8490.00,0,0,0.00,0.00,0.00,8490.00,0.00
9056363822920274,20160210,8490.00,8490.00,0,0,0.00,0.00,0.00,8490.00,0.00
9056363822920274,20160213,8490.00,8490.00,0,0,0.00,0.00,0.00,8490.00,0.00
9056363822920274,20160214,8490.00,8490.00,0,0,0.00,0.00,0.00,8490.00,0.00
9056363822920274,20160215,8490.00,8490.00,0,0,0.00,0.00,0.00,8490.00,0.00
9056363822920274,20160216,8490.00,8490.00,0,0,0.00,0.00,0.00,8490.00,0.00
9056363822920274,20160217,8490.00,8490.00,0,0,0.00,0.00,0.00,8490.00,0.00
9056363822920274,20160220,8490.00,8490.00,0,0,0.00,0.00,0.00,8490.00,0.00
9056363822920274,20160221,8490.00,8490.00,0,0,0.00,0.00,0.00,8490.00,0.00
9056363822920274,20160222,8490.00,8490.00,0,0,0.00,0.00,0.00,8490.00,0.00
9056363822920274,20160223,8490.00,8490.00,0,0,0.00,0.00,0.00,8490.00,0.00
9056363822920274,20160224,8490.00,8490.00,0,0,0.00,0.00,0.00,8490.00,0.00
9056363822920274,20160227,8490.00,8490.00,0,0,0.00,0.00,0.00,8490.00,0.00
9056363822920274,20160228,8490.00,8490.00,0,0,0.00,0.00,0.00,8490.00,0.00
9056363822920274,20160229,8490.00,8490.00,0,0,0.00,0.00,0.00,8490.00,0.00
9056363822920274,20160301,8490.00,8490.00,0,0,0.00,0.00,0.00,8490.00,0.00
9056363822920274,20160302,8490.00,8490.00,0,0,0.00,0.00,0.00,8490.00,0.00
9056363822920274,20160305,8490.00,8490.00,0,0,0.00,0.00,0.00,8490.00,0.00
9056363822920274,20160306,8490.00,8490.00,0,0,0.00,0.00,0.00,8490.00,0.00
9056363822920274,20160307,8490.00,8490.00,0,0,0.00,0.00,0.00,8490.00,0.00
9056363822920274,20160308,8490.00,8490.00,0,0,0.00,0.00,0.00,8490.00,0.00
9056363822920274,20160309,8490.00,8490.00,0,0,0.00,0.00,0.00,8490.00,0.00
9056363822920274,20160312,8490.00,8490.00,0,0,0.00,0.00,0.00,8490.00,0.00
9056363822920274,20160314,8490.00,8490.00,0,0,0.00,0.00,0.00,8490.00,0.00
9056363822920274,20160315,8490.00,8490.00,0,0,0.00,0.00,0.00,8490.00,0.00
9056363822920274,20160316,8490.00,8490.00,0,0,0.00,0.00,0.00,8490.00,0.00
9056363822920274,20160326,8490.00,8490.00,0,0,0.00,0.00,0.00,8490.00,0.00
9056363822920274,20160327,8490.00,8490.00,0,0,0.00,0.00,0.00,8490.00,0.00
9056363822920274,20160328,8490.00,8490.00,0,0,0.00,0.00,0.00,8490.00,0.00
9056363822920274,20160329,8490.00,8490.00,0,0,0.00,0.00,0.00,8490.00,0.00
9056363822920274,20160330,8490.00,8490.00,0,0,0.00,0.00,0.00,8490.00,0.00
9056363822920274,20160402,8490.00,8490.00,0,0,0.00,0.00,0.00,8490.00,0.00
9056363822920274,20160403,8490.00,8490.00,0,0,0.00,0.00,0.00,8490.00,0.00
9056363822920274,20160404,8490.00,8490.00,0,0,0.00,0.00,0.00,8490.00,0.00
9056363822920274,20160405,8490.00,8490.00,0,0,0.00,0.00,0.00,8490.00,0.00
9056363822920274,20160406,8490.00,8490.00,0,0,0.00,0.00,0.00,8490.00,0.00
9056363822920274,20160409,8490.00,8490.00,0,0,0.00,0.00,0.00,8490.00,0.00
9056363822920274,20160410,8490.00,8490.00,0,0,0.00,0.00,0.00,8490.00,0.00
9056363822920274,20160411,8490.00,8490.00,0,0,0.00,0.00,0.00,8490.00,0.00
9056363822920274,20160412,8490.00,8490.00,0,0,0.00,0.00,0.00,8490.00,0.00
9056363822920274,20160413,8490.00,8490.00,0,0,0.00,0.00,0.00,8490.00,0.00
9056363822920274,20160416,8490.00,8490.00,0,0,0.00,0.00,0.00,8490.00,0.00
9056363822920274,20160417,8490.00,8490.00,0,0,0.00,0.00,0.00,8490.00,0.00
9056363822920274,20160418,8490.00,8490.00,0,0,0.00,0.00,0.00,8490.00,0.00
9056363822920274,20160419,8490.00,8490.00,0,0,0.00,0.00,0.00,8490.00,0.00
9056363822920274,20160420,8490.00,8490.00,0,0,0.00,0.00,0.00,8490.00,0.00
9056363822920274,20160423,8490.00,8490.00,0,0,0.00,0.00,0.00,8490.00,0.00
9056363822920274,20160424,8490.00,8490.00,0,0,0.00,0.00,0.00,8490.00,0.00
9056363822920274,20160425,8490.00,8490.00,0,0,0.00,0.00,0.00,8490.00,0.00
9056363822920274,20160426,8490.00,8490.00,0,0,0.00,0.00,0.00,8490.00,0.00
9056363822920274,20160427,8490.00,8490.00,0,0,0.00,0.00,0.00,8490.00,0.00
9056363822920274,20160430,8490.00,8490.00,0,0,0.00,0.00,0.00,8490.00,0.00
9056363822920274,20160501,8490.00,8490.00,0,0,0.00,0.00,0.00,8490.00,0.00
9056363822920274,20160502,8490.00,8490.00,0,0,0.00,0.00,0.00,8490.00,0.00
9056363822920274,20160503,8490.00,8490.00,0,0,0.00,0.00,0.00,8490.00,0.00
9056363822920274,20160504,8490.00,8490.00,0,0,0.00,0.00,0.00,8490.00,0.00
9056363822920274,20160507,8490.00,8490.00,0,0,0.00,0.00,0.00,8490.00,0.00
9056363822920274,20160508,8490.00,8490.00,0,0,0.00,0.00,0.00,8490.00,0.00
9056363822920274,20160509,8490.00,8490.00,0,0,0.00,0.00,0.00,8490.00,0.00
9056363822920274,20160510,8490.00,8490.00,0,0,0.00,0.00,0.00,8490.00,0.00
9056363822920274,20160511,8490.00,8490.00,0,0,0.00,0.00,0.00,8490.00,0.00
9056363822920274,20160514,8490.00,8490.00,0,0,0.00,0.00,0.00,8490.00,0.00
9056363822920274,20160515,8490.00,8490.00,0,0,0.00,0.00,0.00,8490.00,0.00
9056363822920274,20160516,8490.00,8490.00,0,0,0.00,0.00,0.00,8490.00,0.00
9056363822920274,20160517,8490.00,8490.00,0,0,0.00,0.00,0.00,8490.00,0.00
9056363822920274,20160518,8490.00,8490.00,0,0,0.00,0.00,0.00,8490.00,0.00
9056363822920274,20160521,8490.00,8490.00,0,0,0.00,0.00,0.00,8490.00,0.00
9056363822920274,20160523,8490.00,8490.00,0,0,0.00,0.00,0.00,8490.00,0.00
9056363822920274,20160524,8490.00,8490.00,0,0,0.00,0.00,0.00,8490.00,0.00
9056363822920274,20160525,8490.00,8490.00,0,0,0.00,0.00,0.00,8490.00,0.00
9056363822920274,20160528,8490.00,8490.00,0,0,0.00,0.00,0.00,8490.00,0.00
9056363822920274,20160529,8490.00,8490.00,0,0,0.00,0.00,0.00,8490.00,0.00
9056363822920274,20160530,8490.00,8490.00,0,0,0.00,0.00,0.00,8490.00,0.00
9056363822920274,20160531,8490.00,8490.00,0,0,0.00,0.00,0.00,8490.00,0.00
9056363822920274,20160601,8490.00,8490.00,0,0,0.00,0.00,0.00,8490.00,0.00
9056363822920274,20160605,8490.00,8490.00,0,0,0.00,0.00,0.00,8490.00,0.00
9056363822920274,20160606,8490.00,8490.00,0,0,0.00,0.00,0.00,8490.00,0.00
9056363822920274,20160607,8490.00,8490.00,0,0,0.00,0.00,0.00,8490.00,0.00
9056363822920274,20160608,8490.00,8490.00,0,0,0.00,0.00,0.00,8490.00,0.00
9056363822920274,20160611,8490.00,8490.00,0,0,0.00,0.00,0.00,8490.00,0.00
9056363822920274,20160612,8490.00,8490.00,0,0,0.00,0.00,0.00,8490.00,0.00
9056363822920274,20160613,8490.00,8490.00,0,0,0.00,0.00,0.00,8490.00,0.00
9056363822920274,20160614,8490.00,8490.00,0,0,0.00,0.00,0.00,8490.00,0.00
9056363822920274,20160615,8490.00,8490.00,0,0,0.00,0.00,0.00,8490.00,0.00
9056363822920274,20160618,8490.00,8490.00,0,0,0.00,0.00,0.00,8490.00,0.00
9056363822920274,20160619,8490.00,8490.00,0,0,0.00,0.00,0.00,8490.00,0.00
9056363822920274,20160620,8490.00,8490.00,0,0,0.00,0.00,0.00,8490.00,0.00
9056363822920274,20160621,8490.00,8490.00,0,0,0.00,0.00,0.00,8490.00,0.00
9056363822920274,20160622,8490.00,8490.00,0,0,0.00,0.00,0.00,8490.00,0.00
9056363822920274,20160625,8490.00,8490.00,0,0,0.00,0.00,0.00,8490.00,0.00
9056363822920274,20160626,8490.00,8490.00,0,0,0.00,0.00,0.00,8490.00,0.00
9056363822920274,20160628,8490.00,8490.00,0,0,0.00,0.00,0.00,8490.00,0.00
9056363822920274,20160629,8490.00,8490.00,0,0,0.00,0.00,0.00,8490.00,0.00
9056363822920274,20160702,8490.00,8490.00,0,0,0.00,0.00,0.00,8490.00,0.00
9056363822920274,20160703,8490.00,8490.00,0,0,0.00,0.00,0.00,8490.00,0.00
9056363822920274,20160704,8490.00,8490.00,0,0,0.00,0.00,0.00,8490.00,0.00
9056363822920274,20160705,8490.00,8490.00,0,0,0.00,0.00,0.00,8490.00,0.00
9056363822920274,20160709,8490.00,8490.00,0,0,0.00,0.00,0.00,8490.00,0.00
9056363822920274,20160710,8490.00,8490.00,0,0,0.00,0.00,0.00,8490.00,0.00
9056363822920274,20160711,8490.00,8490.00,0,0,0.00,0.00,0.00,8490.00,0.00
9056363822920274,20160712,8490.00,8490.00,0,0,0.00,0.00,0.00,8490.00,0.00
9056363822920274,20160713,8490.00,8490.00,0,0,0.00,0.00,0.00,8490.00,0.00
9056363822920274,20160716,8490.00,8490.00,0,0,0.00,0.00,0.00,8490.00,0.00
9056363822920274,20160717,8490.00,8490.00,0,0,0.00,0.00,0.00,8490.00,0.00
9056363822920274,20160718,8490.00,8490.00,0,0,0.00,0.00,0.00,8490.00,0.00
9056363822920274,20160719,8490.00,8490.00,0,0,0.00,0.00,0.00,8490.00,0.00
9056363822920274,20160720,8439.00,8490.00,0,0,0.00,0.00,0.00,8439.00,0.00
9056363822920274,20160723,8439.00,8490.00,0,0,0.00,0.00,0.00,8439.00,0.00
9056363822920274,20160724,8439.00,8490.00,0,0,0.00,0.00,0.00,8439.00,0.00
9056363822920274,20160725,8439.00,8490.00,0,0,0.00,0.00,0.00,8439.00,0.00
9056363822920274,20160726,8439.00,8490.00,0,0,0.00,0.00,0.00,8439.00,0.00
9056363822920274,20160727,8439.00,8490.00,0,0,0.00,0.00,0.00,8439.00,0.00
9056363822920274,20160731,8439.00,8490.00,0,0,0.00,0.00,0.00,8439.00,0.00
9056363822920274,20160801,8439.00,8490.00,0,0,0.00,0.00,0.00,8439.00,0.00
9056363822920274,20160802,4219.00,8490.00,0,0,0.00,0.00,0.00,4219.00,0.00
9056363822920274,20160803,4219.00,8490.00,0,0,0.00,0.00,0.00,4219.00,0.00
9056363822920274,20160806,4219.00,8490.00,0,0,0.00,0.00,0.00,4219.00,0.00
9056363822920274,20160807,4219.00,8490.00,0,0,0.00,0.00,0.00,4219.00,0.00
9056363822920274,20160808,4219.00,8490.00,0,0,0.00,0.00,0.00,4219.00,0.00
9056363822920274,20160809,4219.00,8490.00,0,0,0.00,0.00,0.00,4219.00,0.00
9056363822920274,20160810,4219.00,8490.00,0,0,0.00,0.00,0.00,4219.00,0.00
9056363822920274,20160813,4219.00,8490.00,0,0,0.00,0.00,0.00,4219.00,0.00
9056363822920274,20160814,4219.00,8490.00,0,0,0.00,0.00,0.00,4219.00,0.00
9056363822920274,20160815,4219.00,8490.00,0,0,0.00,0.00,0.00,4219.00,0.00
9056363822920274,20160816,4219.00,8490.00,0,0,0.00,0.00,0.00,4219.00,0.00
9056363822920274,20160817,4219.00,8490.00,0,0,0.00,0.00,0.00,4219.00,0.00
9056363822920274,20160820,4219.00,8490.00,0,0,0.00,0.00,0.00,4219.00,0.00
9056363822920274,20160821,4219.00,8490.00,0,0,0.00,0.00,0.00,4219.00,0.00
9056363822920274,20160822,4219.00,8490.00,0,0,0.00,0.00,0.00,4219.00,0.00
9056363822920274,20160823,4219.00,8490.00,0,0,0.00,0.00,0.00,4219.00,0.00
9056363822920274,20160824,4219.00,8490.00,0,0,0.00,0.00,0.00,4219.00,0.00
9056363822920274,20160827,4219.00,8490.00,0,0,0.00,0.00,0.00,4219.00,0.00
9056363822920274,20160828,4219.00,8490.00,0,0,0.00,0.00,0.00,4219.00,0.00
9056363822920274,20160829,4219.00,8490.00,0,0,0.00,0.00,0.00,4219.00,0.00
9056363822920274,20160830,4219.00,8490.00,0,0,0.00,0.00,0.00,4219.00,0.00
9056363822920274,20160831,4219.00,8490.00,0,0,0.00,0.00,0.00,4219.00,0.00
9056363822920274,20160903,4219.00,8490.00,0,0,0.00,0.00,0.00,4219.00,0.00
9056363822920274,20160904,4219.00,8490.00,0,0,0.00,0.00,0.00,4219.00,0.00
9056363822920274,20160905,4219.00,8490.00,0,0,0.00,0.00,0.00,4219.00,0.00
9056363822920274,20160906,4219.00,8490.00,0,0,0.00,0.00,0.00,4219.00,0.00
9056363822920274,20160907,4219.00,8490.00,0,0,0.00,0.00,0.00,4219.00,0.00
9056363822920274,20160910,4219.00,8490.00,0,0,0.00,0.00,0.00,4219.00,0.00
9056363822920274,20160911,4219.00,8490.00,0,0,0.00,0.00,0.00,4219.00,0.00
9056363822920274,20160913,4219.00,8490.00,0,0,0.00,0.00,0.00,4219.00,0.00
9056363822920274,20160914,4219.00,8490.00,0,0,0.00,0.00,0.00,4219.00,0.00
9056363822920274,20160917,4219.00,8490.00,0,0,0.00,0.00,0.00,4219.00,0.00
9056363822920274,20160918,4219.00,8490.00,0,0,0.00,0.00,0.00,4219.00,0.00
9056363822920274,20160919,4219.00,8490.00,0,0,0.00,0.00,0.00,4219.00,0.00
9056363822920274,20160921,4219.00,8490.00,0,0,0.00,0.00,0.00,4219.00,0.00
9056363822920274,20160924,4219.00,8490.00,0,0,0.00,0.00,0.00,4219.00,0.00
9056363822920274,20160925,4219.00,8490.00,0,0,0.00,0.00,0.00,4219.00,0.00
9056363822920274,20160926,4219.00,8490.00,0,0,0.00,0.00,0.00,4219.00,0.00
9056363822920274,20160927,4219.00,8490.00,0,0,0.00,0.00,0.00,4219.00,0.00
9056363822920274,20160928,4219.00,8490.00,0,0,0.00,0.00,0.00,4219.00,0.00
9056363822920274,20161001,4219.00,8490.00,0,0,0.00,0.00,0.00,4219.00,0.00
9056363822920274,20161002,4219.00,8490.00,0,0,0.00,0.00,0.00,4219.00,0.00
9056363822920274,20161003,4219.00,8490.00,0,0,0.00,0.00,0.00,4219.00,0.00
9056363822920274,20161004,4219.00,8490.00,0,0,0.00,0.00,0.00,4219.00,0.00
9056363822920274,20161005,4219.00,8490.00,0,0,0.00,0.00,0.00,4219.00,0.00
9056363822920274,20161008,4219.00,8490.00,0,0,0.00,0.00,0.00,4219.00,0.00
9056363822920274,20161009,4219.00,8490.00,0,0,0.00,0.00,0.00,4219.00,0.00
9056363822920274,20161010,4219.00,8490.00,0,0,0.00,0.00,0.00,4219.00,0.00
9056363822920274,20161012,4219.00,8490.00,0,0,0.00,0.00,0.00,4219.00,0.00
9056363822920274,20161015,4219.00,8490.00,0,0,0.00,0.00,0.00,4219.00,0.00
9056363822920274,20161016,4219.00,8490.00,0,0,0.00,0.00,0.00,4219.00,0.00
9056363822920274,20161017,4219.00,8490.00,0,0,0.00,0.00,0.00,4219.00,0.00
9056363822920274,20161018,4219.00,8490.00,0,0,0.00,0.00,0.00,4219.00,0.00
9056363822920274,20161019,4219.00,8490.00,0,0,0.00,0.00,0.00,4219.00,0.00
9056363822920274,20161022,4219.00,8490.00,0,0,0.00,0.00,0.00,4219.00,0.00
9056363822920274,20161023,4219.00,8490.00,0,0,0.00,0.00,0.00,4219.00,0.00
9056363822920274,20161024,4219.00,8490.00,0,0,0.00,0.00,0.00,4219.00,0.00
9056363822920274,20161025,4219.00,8490.00,0,0,0.00,0.00,0.00,4219.00,0.00
9056363822920274,20161026,4219.00,8490.00,0,0,0.00,0.00,0.00,4219.00,0.00
9056363822920274,20161027,4219.00,8490.00,0,0,0.00,0.00,0.00,4219.00,0.00
9056363822920274,20161028,4219.00,8490.00,0,0,0.00,0.00,0.00,4219.00,0.00
9056363822920274,20161029,4219.00,8490.00,0,0,0.00,0.00,0.00,4219.00,0.00
9056363822920274,20161030,4219.00,8490.00,0,0,0.00,0.00,0.00,4219.00,0.00
9056363822920274,20161031,4219.00,8490.00,0,0,0.00,0.00,0.00,4219.00,0.00
9056363822920274,20161101,4219.00,8490.00,0,0,0.00,0.00,0.00,4219.00,0.00
9056363822920274,20161102,4219.00,8490.00,0,0,0.00,0.00,0.00,4219.00,0.00
9056363822920274,20161105,4219.00,8490.00,0,0,0.00,0.00,0.00,4219.00,0.00
9056363822920274,20161106,4219.00,8490.00,0,0,0.00,0.00,0.00,4219.00,0.00
9056363822920274,20161107,4219.00,8490.00,0,0,0.00,0.00,0.00,4219.00,0.00
9056363822920274,20161108,4219.00,8490.00,0,0,0.00,0.00,0.00,4219.00,0.00
9056363822920274,20161109,4219.00,8490.00,0,0,0.00,0.00,0.00,4219.00,0.00
9056363822920274,20161112,4219.00,8490.00,0,0,0.00,0.00,0.00,4219.00,0.00
9056363822920274,20161113,4219.00,8490.00,0,0,0.00,0.00,0.00,4219.00,0.00
9056363822920274,20161114,4219.00,8490.00,0,0,0.00,0.00,0.00,4219.00,0.00
9056363822920274,20161115,4219.00,8490.00,0,0,0.00,0.00,0.00,4219.00,0.00
9056363822920274,20161116,4219.00,8490.00,0,0,0.00,0.00,0.00,4219.00,0.00
9056363822920274,20161119,4219.00,8490.00,0,0,0.00,0.00,0.00,4219.00,0.00
9056363822920274,20161121,4219.00,8490.00,0,0,0.00,0.00,0.00,4219.00,0.00
9056363822920274,20161122,4219.00,8490.00,0,0,0.00,0.00,0.00,4219.00,0.00
9056363822920274,20161123,4219.00,8490.00,0,0,0.00,0.00,0.00,4219.00,0.00
9056363822920274,20161126,4219.00,8490.00,0,0,0.00,0.00,0.00,4219.00,0.00
9056363822920274,20161127,4219.00,8490.00,0,0,0.00,0.00,0.00,4219.00,0.00
9056363822920274,20161129,4219.00,8490.00,0,0,0.00,0.00,0.00,4219.00,0.00
9056363822920274,20161203,4219.00,8490.00,0,0,0.00,0.00,0.00,4219.00,0.00
9056363822920274,20161204,4219.00,8490.00,0,0,0.00,0.00,0.00,4219.00,0.00
9056363822920274,20161205,4219.00,8490.00,0,0,0.00,0.00,0.00,4219.00,0.00
9056363822920274,20161206,4219.00,8490.00,0,0,0.00,0.00,0.00,4219.00,0.00
9056363822920274,20161207,4219.00,8490.00,0,0,0.00,0.00,0.00,4219.00,0.00
9056363822920274,20161210,4219.00,8490.00,0,0,0.00,0.00,0.00,4219.00,0.00
9056363822920274,20161211,4219.00,8490.00,0,0,0.00,0.00,0.00,4219.00,0.00
9056363822920274,20161212,4219.00,8490.00,0,0,0.00,0.00,0.00,4219.00,0.00
9056363822920274,20161213,4219.00,8490.00,0,0,0.00,0.00,0.00,4219.00,0.00
9056363822920274,20161214,4219.00,8490.00,0,0,0.00,0.00,0.00,4219.00,0.00
9056363822920274,20161218,4219.00,8490.00,0,0,0.00,0.00,0.00,4219.00,0.00
9056363822920274,20161219,4219.00,8490.00,0,0,0.00,0.00,0.00,4219.00,0.00
9056363822920274,20161220,4219.00,8490.00,0,0,0.00,0.00,0.00,4219.00,0.00
9056363822920274,20161221,4219.00,8490.00,0,0,0.00,0.00,0.00,4219.00,0.00
9056363822920274,20161224,4219.00,8490.00,0,0,0.00,0.00,0.00,4219.00,0.00
9056363822920274,20161225,4219.00,8490.00,0,0,0.00,0.00,0.00,4219.00,0.00
9056363822920274,20161226,4219.00,8490.00,0,0,0.00,0.00,0.00,4219.00,0.00
9056363822920274,20161227,4219.00,8490.00,0,0,0.00,0.00,0.00,4219.00,0.00
9056363822920274,20161228,4219.00,8490.00,0,0,0.00,0.00,0.00,4219.00,0.00
9056363822920274,20161231,4219.00,8490.00,0,0,0.00,0.00,0.00,4219.00,0.00
9056363822920274,20170101,4219.00,8490.00,0,0,0.00,0.00,0.00,4219.00,0.00
9056363822920274,20170102,4219.00,8490.00,0,0,0.00,0.00,0.00,4219.00,0.00
9056363822920274,20170103,4219.00,8490.00,0,0,0.00,0.00,0.00,4219.00,0.00
9056363822920274,20170104,4219.00,8490.00,0,0,0.00,0.00,0.00,4219.00,0.00
9056363822920274,20170107,4219.00,8490.00,0,0,0.00,0.00,0.00,4219.00,0.00
9056363822920274,20170108,4219.00,8490.00,0,0,0.00,0.00,0.00,4219.00,0.00
9056363822920274,20170109,4219.00,8490.00,0,0,0.00,0.00,0.00,4219.00,0.00
9056363822920274,20170111,4219.00,8490.00,0,0,0.00,0.00,0.00,4219.00,0.00
9056363822920274,20170114,4219.00,8490.00,0,0,0.00,0.00,0.00,4219.00,0.00
9056363822920274,20170115,4219.00,8490.00,0,0,0.00,0.00,0.00,4219.00,0.00
9056363822920274,20170116,4219.00,8490.00,0,0,0.00,0.00,0.00,4219.00,0.00
9056363822920274,20170117,4219.00,8490.00,0,0,0.00,0.00,0.00,4219.00,0.00
9056363822920274,20170118,4219.00,8490.00,0,0,0.00,0.00,0.00,4219.00,0.00
9056363822920274,20170121,4219.00,8490.00,0,0,0.00,0.00,0.00,4219.00,0.00
9056363822920274,20170122,4219.00,8490.00,0,0,0.00,0.00,0.00,4219.00,0.00
9056363822920274,20170123,4219.00,8490.00,0,0,0.00,0.00,0.00,4219.00,0.00
9056363822920274,20170124,4219.00,8490.00,0,0,0.00,0.00,0.00,4219.00,0.00
9056363822920274,20170125,4219.00,8490.00,0,0,0.00,0.00,0.00,4219.00,0.00
9056363822920274,20170128,4219.00,8490.00,0,0,0.00,0.00,0.00,4219.00,0.00
9056363822920274,20170129,4219.00,8490.00,0,0,0.00,0.00,0.00,4219.00,0.00
9056363822920274,20170130,4219.00,8490.00,0,0,0.00,0.00,0.00,4219.00,0.00
9056363822920274,20170131,4219.00,8490.00,0,0,0.00,0.00,0.00,4219.00,0.00
9056363822920274,20170201,4219.00,8490.00,0,0,0.00,0.00,0.00,4219.00,0.00
9056363822920274,20170204,4219.00,8490.00,0,0,0.00,0.00,0.00,4219.00,0.00
9056363822920274,20170205,4219.00,8490.00,0,0,0.00,0.00,0.00,4219.00,0.00
9056363822920274,20170206,4219.00,8490.00,0,0,0.00,0.00,0.00,4219.00,0.00
9056363822920274,20170207,4219.00,8490.00,0,0,0.00,0.00,0.00,4219.00,0.00
9056363822920274,20170208,4219.00,8490.00,0,0,0.00,0.00,0.00,4219.00,0.00
9056363822920274,20170211,4219.00,8490.00,0,0,0.00,0.00,0.00,4219.00,0.00
9056363822920274,20170212,4219.00,8490.00,0,0,0.00,0.00,0.00,4219.00,0.00
9056363822920274,20170213,4219.00,8490.00,0,0,0.00,0.00,0.00,4219.00,0.00
9056363822920274,20170214,4219.00,8490.00,0,0,0.00,0.00,0.00,4219.00,0.00
9056363822920274,20170215,4219.00,8490.00,0,0,0.00,0.00,0.00,4219.00,0.00
9056363822920274,20170218,4219.00,8490.00,0,0,0.00,0.00,0.00,4219.00,0.00
9056363822920274,20170219,4219.00,8490.00,0,0,0.00,0.00,0.00,4219.00,0.00
9056363822920274,20170220,4219.00,8490.00,0,0,0.00,0.00,0.00,4219.00,0.00
9056363822920274,20170221,4219.00,8490.00,0,0,0.00,0.00,0.00,4219.00,0.00
9056363822920274,20170222,4219.00,8490.00,0,0,0.00,0.00,0.00,4219.00,0.00
9056363822920274,20170225,4219.00,8490.00,0,0,0.00,0.00,0.00,4219.00,0.00
9056363822920274,20170226,4219.00,8490.00,0,0,0.00,0.00,0.00,4219.00,0.00
9056363822920274,20170227,4219.00,8490.00,0,0,0.00,0.00,0.00,4219.00,0.00
9056363822920274,20170228,4219.00,8490.00,0,0,0.00,0.00,0.00,4219.00,0.00
9056363822920274,20170301,4219.00,8490.00,0,0,0.00,0.00,0.00,4219.00,0.00
9056363822920274,20170304,4219.00,8490.00,0,0,0.00,0.00,0.00,4219.00,0.00
9056363822920274,20170305,4219.00,8490.00,0,0,0.00,0.00,0.00,4219.00,0.00
9056363822920274,20170306,4219.00,8490.00,0,0,0.00,0.00,0.00,4219.00,0.00
9056363822920274,20170307,4219.00,8490.00,0,0,0.00,0.00,0.00,4219.00,0.00
9056363822920274,20170308,4219.00,8490.00,0,0,0.00,0.00,0.00,4219.00,0.00
9056363822920274,20170311,4219.00,4219.00,0,0,0.00,0.00,0.00,4219.00,4219.00
9056363822920274,20170312,4219.00,4219.00,0,0,0.00,0.00,0.00,4219.00,4219.00
9056363822920274,20170313,3260.00,3260.00,1,2475000,8068500000.00,3260.00,3260.00,4219.00,3260.00
9056363822920274,20170314,3260.00,3260.00,0,0,0.00,3260.00,3260.00,3260.00,3260.00
9056363822920274,20170315,3260.00,3260.00,0,0,0.00,3260.00,3260.00,3260.00,3260.00
9056363822920274,20170318,3260.00,3260.00,0,0,0.00,0.00,0.00,3260.00,0.00
9056363822920274,20170325,3260.00,3260.00,0,0,0.00,0.00,0.00,3260.00,0.00
9056363822920274,20170326,3260.00,3260.00,0,0,0.00,0.00,0.00,3260.00,0.00
9056363822920274,20170327,3260.00,3260.00,0,0,0.00,0.00,0.00,3260.00,0.00
9056363822920274,20170328,3260.00,3260.00,0,0,0.00,0.00,0.00,3260.00,0.00
9056363822920274,20170329,3260.00,3260.00,0,0,0.00,0.00,0.00,3260.00,0.00
9056363822920274,20170403,3260.00,3260.00,0,0,0.00,0.00,0.00,3260.00,0.00
9056363822920274,20170404,3260.00,3260.00,0,0,0.00,0.00,0.00,3260.00,0.00
9056363822920274,20170405,3260.00,3260.00,0,0,0.00,0.00,0.00,3260.00,0.00
9056363822920274,20170408,3260.00,3260.00,0,0,0.00,0.00,0.00,3260.00,0.00
9056363822920274,20170409,3260.00,3260.00,0,0,0.00,0.00,0.00,3260.00,0.00
9056363822920274,20170410,3260.00,3260.00,0,0,0.00,0.00,0.00,3260.00,0.00
9056363822920274,20170412,3260.00,3260.00,0,0,0.00,0.00,0.00,3260.00,0.00
9056363822920274,20170415,3260.00,3260.00,0,0,0.00,0.00,0.00,3260.00,0.00
9056363822920274,20170416,3260.00,3260.00,0,0,0.00,0.00,0.00,3260.00,0.00
9056363822920274,20170417,3260.00,3260.00,0,0,0.00,0.00,0.00,3260.00,0.00
9056363822920274,20170418,3260.00,3260.00,0,0,0.00,0.00,0.00,3260.00,0.00
9056363822920274,20170419,3260.00,3260.00,0,0,0.00,0.00,0.00,3260.00,0.00
9056363822920274,20170422,3260.00,3260.00,0,0,0.00,0.00,0.00,3260.00,0.00
9056363822920274,20170423,3260.00,3260.00,0,0,0.00,0.00,0.00,3260.00,0.00
9056363822920274,20170424,3260.00,3260.00,0,0,0.00,0.00,0.00,3260.00,0.00
9056363822920274,20170426,3260.00,3260.00,0,0,0.00,0.00,0.00,3260.00,0.00
9056363822920274,20170429,3300.00,3300.00,1,554000,1828200000.00,3300.00,3300.00,3260.00,3300.00
9056363822920274,20170430,3300.00,3300.00,0,0,0.00,0.00,0.00,3300.00,0.00
9056363822920274,20170501,3300.00,3300.00,0,0,0.00,0.00,0.00,3300.00,0.00
9056363822920274,20170502,3300.00,3300.00,0,0,0.00,0.00,0.00,3300.00,0.00
9056363822920274,20170503,3300.00,3300.00,0,0,0.00,0.00,0.00,3300.00,0.00
9056363822920274,20170506,3300.00,3300.00,0,0,0.00,0.00,0.00,3300.00,0.00
9056363822920274,20170507,3300.00,3300.00,0,0,0.00,0.00,0.00,3300.00,0.00
9056363822920274,20170508,3300.00,3300.00,0,0,0.00,0.00,0.00,3300.00,0.00
9056363822920274,20170509,3300.00,3300.00,0,0,0.00,0.00,0.00,3300.00,0.00
9056363822920274,20170510,3300.00,3300.00,0,0,0.00,0.00,0.00,3300.00,0.00
9056363822920274,20170513,3300.00,3300.00,0,0,0.00,0.00,0.00,3300.00,0.00
9056363822920274,20170514,3300.00,3300.00,0,0,0.00,0.00,0.00,3300.00,0.00
9056363822920274,20170515,3300.00,3300.00,0,0,0.00,0.00,0.00,3300.00,0.00
9056363822920274,20170516,3300.00,3300.00,0,0,0.00,0.00,0.00,3300.00,0.00
9056363822920274,20170517,3300.00,3300.00,0,0,0.00,0.00,0.00,3300.00,0.00
9056363822920274,20170520,3300.00,3300.00,0,0,0.00,0.00,0.00,3300.00,0.00
9056363822920274,20170521,3300.00,3300.00,0,0,0.00,0.00,0.00,3300.00,0.00
9056363822920274,20170522,3300.00,3300.00,0,0,0.00,0.00,0.00,3300.00,0.00
9056363822920274,20170523,3300.00,3300.00,0,0,0.00,0.00,0.00,3300.00,0.00
9056363822920274,20170524,3300.00,3300.00,0,0,0.00,0.00,0.00,3300.00,0.00
9056363822920274,20170527,3300.00,3300.00,0,0,0.00,0.00,0.00,3300.00,0.00
9056363822920274,20170528,3150.00,3300.00,0,0,0.00,0.00,0.00,3150.00,0.00
9056363822920274,20170529,3150.00,3300.00,0,0,0.00,0.00,0.00,3150.00,0.00
9056363822920274,20170530,3150.00,3300.00,0,0,0.00,0.00,0.00,3150.00,0.00
9056363822920274,20170531,3150.00,3300.00,0,0,0.00,0.00,0.00,3150.00,0.00
9056363822920274,20170603,3150.00,3300.00,0,0,0.00,0.00,0.00,3150.00,0.00
9056363822920274,20170606,3150.00,3300.00,0,0,0.00,0.00,0.00,3150.00,0.00
9056363822920274,20170607,3150.00,3300.00,0,0,0.00,0.00,0.00,3150.00,0.00
9056363822920274,20170610,3150.00,3300.00,0,0,0.00,0.00,0.00,3150.00,0.00
9056363822920274,20170611,3150.00,3300.00,0,0,0.00,0.00,0.00,3150.00,0.00
9056363822920274,20170612,3150.00,3300.00,0,0,0.00,0.00,0.00,3150.00,0.00
9056363822920274,20170613,3150.00,3300.00,0,0,0.00,0.00,0.00,3150.00,0.00
9056363822920274,20170614,3150.00,3300.00,0,0,0.00,0.00,0.00,3150.00,0.00
9056363822920274,20170617,3150.00,3300.00,0,0,0.00,0.00,0.00,3150.00,0.00
9056363822920274,20170618,3150.00,3300.00,0,0,0.00,0.00,0.00,3150.00,0.00
9056363822920274,20170619,3150.00,3300.00,0,0,0.00,0.00,0.00,3150.00,0.00
9056363822920274,20170620,3150.00,3300.00,0,0,0.00,0.00,0.00,3150.00,0.00
9056363822920274,20170621,3150.00,3300.00,0,0,0.00,0.00,0.00,3150.00,0.00
9056363822920274,20170624,3150.00,3300.00,0,0,0.00,0.00,0.00,3150.00,0.00
9056363822920274,20170625,3150.00,3300.00,0,0,0.00,0.00,0.00,3150.00,0.00
9056363822920274,20170628,3150.00,3300.00,0,0,0.00,0.00,0.00,3150.00,0.00
9056363822920274,20170701,3150.00,3300.00,0,0,0.00,0.00,0.00,3150.00,0.00
9056363822920274,20170702,3150.00,3300.00,0,0,0.00,0.00,0.00,3150.00,0.00
9056363822920274,20170703,3150.00,3300.00,0,0,0.00,0.00,0.00,3150.00,0.00
9056363822920274,20170704,3150.00,3300.00,0,0,0.00,0.00,0.00,3150.00,0.00
9056363822920274,20170705,3150.00,3300.00,0,0,0.00,0.00,0.00,3150.00,0.00
9056363822920274,20170708,3150.00,3300.00,0,0,0.00,0.00,0.00,3150.00,0.00
9056363822920274,20170709,3150.00,3300.00,0,0,0.00,0.00,0.00,3150.00,0.00
9056363822920274,20170710,3150.00,3300.00,0,0,0.00,0.00,0.00,3150.00,0.00
9056363822920274,20170711,3150.00,3300.00,0,0,0.00,0.00,0.00,3150.00,0.00
9056363822920274,20170712,3150.00,3300.00,0,0,0.00,0.00,0.00,3150.00,0.00
9056363822920274,20170715,3150.00,3300.00,0,0,0.00,0.00,0.00,3150.00,0.00
9056363822920274,20170716,3150.00,3300.00,0,0,0.00,0.00,0.00,3150.00,0.00
9056363822920274,20170717,3150.00,3300.00,0,0,0.00,0.00,0.00,3150.00,0.00
9056363822920274,20170718,3150.00,3300.00,0,0,0.00,0.00,0.00,3150.00,0.00
9056363822920274,20170719,3150.00,3300.00,0,0,0.00,0.00,0.00,3150.00,0.00
9056363822920274,20170722,3150.00,3300.00,0,0,0.00,0.00,0.00,3150.00,0.00
9056363822920274,20170723,3150.00,3300.00,0,0,0.00,0.00,0.00,3150.00,0.00
9056363822920274,20170724,3150.00,3300.00,0,0,0.00,0.00,0.00,3150.00,0.00
9056363822920274,20170725,3150.00,3300.00,0,0,0.00,0.00,0.00,3150.00,0.00
9056363822920274,20170726,3150.00,3300.00,0,0,0.00,0.00,0.00,3150.00,0.00
9056363822920274,20170729,3150.00,3300.00,0,0,0.00,0.00,0.00,3150.00,0.00
9056363822920274,20170730,3150.00,3300.00,0,0,0.00,0.00,0.00,3150.00,0.00
9056363822920274,20170731,3150.00,3300.00,0,0,0.00,0.00,0.00,3150.00,0.00
9056363822920274,20170801,3150.00,3300.00,0,0,0.00,0.00,0.00,3150.00,0.00
9056363822920274,20170802,3150.00,3300.00,0,0,0.00,0.00,0.00,3150.00,0.00
9056363822920274,20170806,3150.00,3300.00,0,0,0.00,0.00,0.00,3150.00,0.00
9056363822920274,20170807,3150.00,3300.00,0,0,0.00,0.00,0.00,3150.00,0.00
9056363822920274,20170808,3150.00,3300.00,0,0,0.00,0.00,0.00,3150.00,0.00
9056363822920274,20170809,3150.00,3300.00,0,0,0.00,0.00,0.00,3150.00,0.00
9056363822920274,20170812,3150.00,3300.00,0,0,0.00,0.00,0.00,3150.00,0.00
9056363822920274,20170813,3150.00,3300.00,0,0,0.00,0.00,0.00,3150.00,0.00
9056363822920274,20170814,3150.00,3300.00,0,0,0.00,0.00,0.00,3150.00,0.00
9056363822920274,20170815,3150.00,3300.00,0,0,0.00,0.00,0.00,3150.00,0.00
9056363822920274,20170816,3150.00,3300.00,0,0,0.00,0.00,0.00,3150.00,0.00
9056363822920274,20170819,3150.00,3300.00,0,0,0.00,0.00,0.00,3150.00,0.00
9056363822920274,20170820,3150.00,3300.00,0,0,0.00,0.00,0.00,3150.00,0.00
9056363822920274,20170821,3150.00,3300.00,0,0,0.00,0.00,0.00,3150.00,0.00
9056363822920274,20170822,3150.00,3300.00,0,0,0.00,0.00,0.00,3150.00,0.00
9056363822920274,20170823,3150.00,3300.00,0,0,0.00,0.00,0.00,3150.00,0.00
9056363822920274,20170826,3150.00,3300.00,0,0,0.00,0.00,0.00,3150.00,0.00
9056363822920274,20170827,3150.00,3300.00,0,0,0.00,0.00,0.00,3150.00,0.00
9056363822920274,20170828,3150.00,3300.00,0,0,0.00,0.00,0.00,3150.00,0.00
9056363822920274,20170829,3150.00,3300.00,0,0,0.00,0.00,0.00,3150.00,0.00
9056363822920274,20170830,3150.00,3300.00,0,0,0.00,0.00,0.00,3150.00,0.00
9056363822920274,20170902,3150.00,3300.00,0,0,0.00,0.00,0.00,3150.00,0.00
9056363822920274,20170903,3150.00,3300.00,0,0,0.00,0.00,0.00,3150.00,0.00
9056363822920274,20170904,3150.00,3300.00,0,0,0.00,0.00,0.00,3150.00,0.00
9056363822920274,20170905,3150.00,3300.00,0,0,0.00,0.00,0.00,3150.00,0.00
9056363822920274,20170906,3150.00,3300.00,0,0,0.00,0.00,0.00,3150.00,0.00
9056363822920274,20170910,3010.00,3010.00,1,1314000,3955140000.00,3010.00,3010.00,3150.00,3010.00
9056363822920274,20170911,3010.00,3010.00,0,0,0.00,0.00,0.00,3010.00,0.00
9056363822920274,20170912,3010.00,3010.00,0,0,0.00,0.00,0.00,3010.00,0.00
9056363822920274,20170913,3010.00,3010.00,0,0,0.00,0.00,0.00,3010.00,0.00
9056363822920274,20170916,3010.00,3010.00,0,0,0.00,0.00,0.00,3010.00,0.00
9056363822920274,20170917,3010.00,3010.00,0,0,0.00,0.00,0.00,3010.00,0.00
9056363822920274,20170918,3010.00,3010.00,0,0,0.00,0.00,0.00,3010.00,0.00
9056363822920274,20170919,3010.00,3010.00,0,0,0.00,0.00,0.00,3010.00,0.00
9056363822920274,20170920,3010.00,3010.00,0,0,0.00,0.00,0.00,3010.00,0.00
9056363822920274,20170923,3010.00,3010.00,0,0,0.00,0.00,0.00,3010.00,0.00
9056363822920274,20170924,3010.00,3010.00,0,0,0.00,0.00,0.00,3010.00,0.00
9056363822920274,20170925,3010.00,3010.00,0,0,0.00,0.00,0.00,3010.00,0.00
9056363822920274,20170926,3010.00,3010.00,0,0,0.00,0.00,0.00,3010.00,0.00
9056363822920274,20170927,3010.00,3010.00,0,0,0.00,0.00,0.00,3010.00,0.00
9056363822920274,20171002,3010.00,3010.00,0,0,0.00,0.00,0.00,3010.00,0.00
9056363822920274,20171003,3010.00,3010.00,0,0,0.00,0.00,0.00,3010.00,0.00
9056363822920274,20171004,3010.00,3010.00,0,0,0.00,0.00,0.00,3010.00,0.00
9056363822920274,20171007,3010.00,3010.00,0,0,0.00,0.00,0.00,3010.00,0.00
9056363822920274,20171008,3010.00,3010.00,0,0,0.00,0.00,0.00,3010.00,0.00
9056363822920274,20171009,3010.00,3010.00,0,0,0.00,0.00,0.00,3010.00,0.00
9056363822920274,20171010,3010.00,3010.00,0,0,0.00,0.00,0.00,3010.00,0.00
9056363822920274,20171011,3010.00,3010.00,0,0,0.00,0.00,0.00,3010.00,0.00
9056363822920274,20171014,3010.00,3010.00,0,0,0.00,0.00,0.00,3010.00,0.00
9056363822920274,20171015,3010.00,3010.00,0,0,0.00,0.00,0.00,3010.00,0.00
9056363822920274,20171016,3010.00,3010.00,0,0,0.00,0.00,0.00,3010.00,0.00
9056363822920274,20171017,3010.00,3010.00,0,0,0.00,0.00,0.00,3010.00,0.00
9056363822920274,20171018,3010.00,3010.00,0,0,0.00,0.00,0.00,3010.00,0.00
9056363822920274,20171021,3010.00,3010.00,0,0,0.00,0.00,0.00,3010.00,0.00
9056363822920274,20171022,3010.00,3010.00,0,0,0.00,0.00,0.00,3010.00,0.00
9056363822920274,20171023,3010.00,3010.00,0,0,0.00,0.00,0.00,3010.00,0.00
9056363822920274,20171024,3010.00,3010.00,0,0,0.00,0.00,0.00,3010.00,0.00
9056363822920274,20171025,3010.00,3010.00,0,0,0.00,0.00,0.00,3010.00,0.00
9056363822920274,20171028,3010.00,3010.00,0,0,0.00,0.00,0.00,3010.00,0.00
9056363822920274,20171029,3010.00,3010.00,0,0,0.00,0.00,0.00,3010.00,0.00
9056363822920274,20171030,3010.00,3010.00,0,0,0.00,0.00,0.00,3010.00,0.00
9056363822920274,20171031,3010.00,3010.00,0,0,0.00,0.00,0.00,3010.00,0.00
9056363822920274,20171101,3010.00,3010.00,0,0,0.00,0.00,0.00,3010.00,0.00
9056363822920274,20171104,3010.00,3010.00,0,0,0.00,0.00,0.00,3010.00,0.00
9056363822920274,20171105,3010.00,3010.00,0,0,0.00,0.00,0.00,3010.00,0.00
9056363822920274,20171106,3010.00,3010.00,0,0,0.00,0.00,0.00,3010.00,0.00
9056363822920274,20171107,3010.00,3010.00,0,0,0.00,0.00,0.00,3010.00,0.00
9056363822920274,20171108,3010.00,3010.00,0,0,0.00,0.00,0.00,3010.00,0.00
9056363822920274,20171111,3010.00,3010.00,0,0,0.00,0.00,0.00,3010.00,0.00
9056363822920274,20171112,3010.00,3010.00,0,0,0.00,0.00,0.00,3010.00,0.00
9056363822920274,20171113,3010.00,3010.00,0,0,0.00,0.00,0.00,3010.00,0.00
9056363822920274,20171114,3010.00,3010.00,0,0,0.00,0.00,0.00,3010.00,0.00
9056363822920274,20171115,3010.00,3010.00,0,0,0.00,0.00,0.00,3010.00,0.00
9056363822920274,20171118,3010.00,3010.00,0,0,0.00,0.00,0.00,3010.00,0.00
9056363822920274,20171120,3010.00,3010.00,0,0,0.00,0.00,0.00,3010.00,0.00
9056363822920274,20171121,3010.00,3010.00,0,0,0.00,0.00,0.00,3010.00,0.00
9056363822920274,20171122,3010.00,3010.00,0,0,0.00,0.00,0.00,3010.00,0.00
9056363822920274,20171125,3010.00,3010.00,0,0,0.00,0.00,0.00,3010.00,0.00
9056363822920274,20171126,3010.00,3010.00,0,0,0.00,0.00,0.00,3010.00,0.00
9056363822920274,20171128,3010.00,3010.00,0,0,0.00,0.00,0.00,3010.00,0.00
9056363822920274,20171129,3010.00,3010.00,0,0,0.00,0.00,0.00,3010.00,0.00
9056363822920274,20171202,3010.00,3010.00,0,0,0.00,0.00,0.00,3010.00,0.00
9056363822920274,20171203,3010.00,3010.00,0,0,0.00,0.00,0.00,3010.00,0.00
9056363822920274,20171204,3010.00,3010.00,0,0,0.00,0.00,0.00,3010.00,0.00
9056363822920274,20171205,3010.00,3010.00,0,0,0.00,0.00,0.00,3010.00,0.00
9056363822920274,20171209,3010.00,3010.00,0,0,0.00,0.00,0.00,3010.00,0.00
9056363822920274,20171210,3010.00,3010.00,0,0,0.00,0.00,0.00,3010.00,0.00
9056363822920274,20171211,3010.00,3010.00,0,0,0.00,0.00,0.00,3010.00,0.00
9056363822920274,20171212,3010.00,3010.00,0,0,0.00,0.00,0.00,3010.00,0.00
9056363822920274,20171213,3010.00,3010.00,0,0,0.00,0.00,0.00,3010.00,0.00
9056363822920274,20171214,3010.00,3010.00,0,0,0.00,0.00,0.00,3010.00,0.00
9056363822920274,20171215,3010.00,3010.00,0,0,0.00,0.00,0.00,3010.00,0.00
9056363822920274,20171216,3010.00,3010.00,0,0,0.00,0.00,0.00,3010.00,0.00
9056363822920274,20171217,3010.00,3010.00,0,0,0.00,0.00,0.00,3010.00,0.00
9056363822920274,20171218,3010.00,3010.00,0,0,0.00,0.00,0.00,3010.00,0.00
9056363822920274,20171219,3010.00,3010.00,0,0,0.00,0.00,0.00,3010.00,0.00
9056363822920274,20171220,3010.00,3010.00,0,0,0.00,0.00,0.00,3010.00,0.00
9056363822920274,20171223,3010.00,3010.00,0,0,0.00,0.00,0.00,3010.00,0.00
9056363822920274,20171224,3010.00,3010.00,0,0,0.00,0.00,0.00,3010.00,0.00
9056363822920274,20171225,3010.00,3010.00,0,0,0.00,0.00,0.00,3010.00,0.00
9056363822920274,20171226,3010.00,3010.00,0,0,0.00,0.00,0.00,3010.00,0.00
9056363822920274,20171227,3010.00,3010.00,0,0,0.00,0.00,0.00,3010.00,0.00
9056363822920274,20171230,3010.00,3010.00,0,0,0.00,0.00,0.00,3010.00,0.00
9056363822920274,20171231,3010.00,3010.00,0,0,0.00,0.00,0.00,3010.00,0.00
9056363822920274,20180101,3010.00,3010.00,0,0,0.00,0.00,0.00,3010.00,0.00
9056363822920274,20180102,3010.00,3010.00,0,0,0.00,0.00,0.00,3010.00,0.00
9056363822920274,20180103,3010.00,3010.00,0,0,0.00,0.00,0.00,3010.00,0.00
9056363822920274,20180106,3010.00,3010.00,0,0,0.00,0.00,0.00,3010.00,0.00
9056363822920274,20180107,3010.00,3010.00,0,0,0.00,0.00,0.00,3010.00,0.00
9056363822920274,20180108,3010.00,3010.00,0,0,0.00,0.00,0.00,3010.00,0.00
9056363822920274,20180109,3010.00,3010.00,0,0,0.00,0.00,0.00,3010.00,0.00
9056363822920274,20180110,3010.00,3010.00,0,0,0.00,0.00,0.00,3010.00,0.00
9056363822920274,20180113,3010.00,3010.00,0,0,0.00,0.00,0.00,3010.00,0.00
9056363822920274,20180114,3010.00,3010.00,0,0,0.00,0.00,0.00,3010.00,0.00
9056363822920274,20180115,3010.00,3010.00,0,0,0.00,0.00,0.00,3010.00,0.00
9056363822920274,20180116,3010.00,3010.00,0,0,0.00,0.00,0.00,3010.00,0.00
9056363822920274,20180117,3010.00,3010.00,0,0,0.00,0.00,0.00,3010.00,0.00
9056363822920274,20180120,3010.00,3010.00,0,0,0.00,0.00,0.00,3010.00,0.00
9056363822920274,20180121,3010.00,3010.00,0,0,0.00,0.00,0.00,3010.00,0.00
9056363822920274,20180122,3010.00,3010.00,0,0,0.00,0.00,0.00,3010.00,0.00
9056363822920274,20180123,3010.00,3010.00,0,0,0.00,0.00,0.00,3010.00,0.00
9056363822920274,20180124,3010.00,3010.00,0,0,0.00,0.00,0.00,3010.00,0.00
9056363822920274,20180127,3010.00,3010.00,0,0,0.00,0.00,0.00,3010.00,0.00
9056363822920274,20180128,3010.00,3010.00,0,0,0.00,0.00,0.00,3010.00,0.00
9056363822920274,20180129,3010.00,3010.00,0,0,0.00,0.00,0.00,3010.00,0.00
9056363822920274,20180130,3010.00,3010.00,0,0,0.00,0.00,0.00,3010.00,0.00
9056363822920274,20180131,3010.00,3010.00,0,0,0.00,0.00,0.00,3010.00,0.00
9056363822920274,20180203,3010.00,3010.00,0,0,0.00,0.00,0.00,3010.00,0.00
9056363822920274,20180204,3010.00,3010.00,0,0,0.00,0.00,0.00,3010.00,0.00
9056363822920274,20180205,3010.00,3010.00,0,0,0.00,0.00,0.00,3010.00,0.00
9056363822920274,20180206,3010.00,3010.00,0,0,0.00,0.00,0.00,3010.00,0.00
9056363822920274,20180207,3010.00,3010.00,0,0,0.00,0.00,0.00,3010.00,0.00
9056363822920274,20180210,3010.00,3010.00,0,0,0.00,0.00,0.00,3010.00,0.00
9056363822920274,20180212,3010.00,3010.00,0,0,0.00,0.00,0.00,3010.00,0.00
9056363822920274,20180213,3010.00,3010.00,0,0,0.00,0.00,0.00,3010.00,0.00
9056363822920274,20180214,3010.00,3010.00,0,0,0.00,0.00,0.00,3010.00,0.00
9056363822920274,20180217,3010.00,3010.00,0,0,0.00,0.00,0.00,3010.00,0.00
9056363822920274,20180218,3010.00,3010.00,0,0,0.00,0.00,0.00,3010.00,0.00
9056363822920274,20180219,3010.00,3010.00,0,0,0.00,0.00,0.00,3010.00,0.00
9056363822920274,20180221,3010.00,3010.00,0,0,0.00,0.00,0.00,3010.00,0.00
9056363822920274,20180224,3010.00,3010.00,0,0,0.00,0.00,0.00,3010.00,0.00
9056363822920274,20180225,3010.00,3010.00,0,0,0.00,0.00,0.00,3010.00,0.00
9056363822920274,20180226,3010.00,3010.00,0,0,0.00,0.00,0.00,3010.00,0.00
9056363822920274,20180227,3010.00,3010.00,0,0,0.00,0.00,0.00,3010.00,0.00
9056363822920274,20180228,3010.00,3010.00,0,0,0.00,0.00,0.00,3010.00,0.00
9056363822920274,20180303,3010.00,3010.00,0,0,0.00,0.00,0.00,3010.00,0.00
9056363822920274,20180304,3010.00,3010.00,0,0,0.00,0.00,0.00,3010.00,0.00
9056363822920274,20180305,3010.00,3010.00,0,0,0.00,0.00,0.00,3010.00,0.00
9056363822920274,20180306,3010.00,3010.00,0,0,0.00,0.00,0.00,3010.00,0.00
9056363822920274,20180307,3010.00,3010.00,0,0,0.00,0.00,0.00,3010.00,0.00
9056363822920274,20180310,3010.00,3010.00,0,0,0.00,0.00,0.00,3010.00,0.00
9056363822920274,20180311,3010.00,3010.00,0,0,0.00,0.00,0.00,3010.00,0.00
9056363822920274,20180312,3010.00,3010.00,0,0,0.00,0.00,0.00,3010.00,0.00
9056363822920274,20180313,3010.00,3010.00,0,0,0.00,0.00,0.00,3010.00,0.00
9056363822920274,20180314,3010.00,3010.00,0,0,0.00,0.00,0.00,3010.00,0.00
9056363822920274,20180317,3010.00,3010.00,0,0,0.00,0.00,0.00,3010.00,0.00
9056363822920274,20180318,3010.00,3010.00,0,0,0.00,0.00,0.00,3010.00,0.00
9056363822920274,20180319,3010.00,3010.00,0,0,0.00,0.00,0.00,3010.00,0.00
9056363822920274,20180325,3010.00,3010.00,0,0,0.00,0.00,0.00,3010.00,0.00
9056363822920274,20180326,3010.00,3010.00,0,0,0.00,0.00,0.00,3010.00,0.00
9056363822920274,20180327,3010.00,3010.00,0,0,0.00,0.00,0.00,3010.00,0.00
9056363822920274,20180328,3010.00,3010.00,0,0,0.00,0.00,0.00,3010.00,0.00
9056363822920274,20180403,3010.00,3010.00,0,0,0.00,0.00,0.00,3010.00,0.00
9056363822920274,20180404,3010.00,3010.00,0,0,0.00,0.00,0.00,3010.00,0.00
9056363822920274,20180407,3010.00,3010.00,0,0,0.00,0.00,0.00,3010.00,0.00
9056363822920274,20180408,3010.00,3010.00,0,0,0.00,0.00,0.00,3010.00,0.00
9056363822920274,20180409,3010.00,3010.00,0,0,0.00,0.00,0.00,3010.00,0.00
9056363822920274,20180410,3010.00,3010.00,0,0,0.00,0.00,0.00,3010.00,0.00
9056363822920274,20180411,3010.00,3010.00,0,0,0.00,0.00,0.00,3010.00,0.00
9056363822920274,20180415,3010.00,3010.00,0,0,0.00,0.00,0.00,3010.00,0.00
9056363822920274,20180416,3010.00,3010.00,0,0,0.00,0.00,0.00,3010.00,0.00
9056363822920274,20180417,3010.00,3010.00,0,0,0.00,0.00,0.00,3010.00,0.00
9056363822920274,20180418,3010.00,3010.00,0,0,0.00,0.00,0.00,3010.00,0.00
9056363822920274,20180421,3010.00,3010.00,0,0,0.00,0.00,0.00,3010.00,0.00
9056363822920274,20180422,3010.00,3010.00,0,0,0.00,0.00,0.00,3010.00,0.00
9056363822920274,20180423,3010.00,3010.00,0,0,0.00,0.00,0.00,3010.00,0.00
9056363822920274,20180424,3010.00,3010.00,0,0,0.00,0.00,0.00,3010.00,0.00
9056363822920274,20180425,3010.00,3010.00,0,0,0.00,0.00,0.00,3010.00,0.00
9056363822920274,20180428,3010.00,3010.00,0,0,0.00,0.00,0.00,3010.00,0.00
9056363822920274,20180429,3010.00,3010.00,0,0,0.00,0.00,0.00,3010.00,0.00
9056363822920274,20180430,3010.00,3010.00,0,0,0.00,0.00,0.00,3010.00,0.00
9056363822920274,20180501,3010.00,3010.00,0,0,0.00,0.00,0.00,3010.00,0.00
9056363822920274,20180505,3010.00,3010.00,0,0,0.00,0.00,0.00,3010.00,0.00
9056363822920274,20180506,3010.00,3010.00,0,0,0.00,0.00,0.00,3010.00,0.00
9056363822920274,20180507,3010.00,3010.00,0,0,0.00,0.00,0.00,3010.00,0.00
9056363822920274,20180508,3010.00,3010.00,0,0,0.00,0.00,0.00,3010.00,0.00
9056363822920274,20180509,3010.00,3010.00,0,0,0.00,0.00,0.00,3010.00,0.00
9056363822920274,20180512,3010.00,3010.00,0,0,0.00,0.00,0.00,3010.00,0.00
9056363822920274,20180513,3010.00,3010.00,0,0,0.00,0.00,0.00,3010.00,0.00
9056363822920274,20180514,3010.00,3010.00,0,0,0.00,0.00,0.00,3010.00,0.00
9056363822920274,20180515,3010.00,3010.00,0,0,0.00,0.00,0.00,3010.00,0.00
9056363822920274,20180516,3010.00,3010.00,0,0,0.00,0.00,0.00,3010.00,0.00
9056363822920274,20180519,3010.00,3010.00,0,0,0.00,0.00,0.00,3010.00,0.00
9056363822920274,20180520,3010.00,3010.00,0,0,0.00,0.00,0.00,3010.00,0.00
9056363822920274,20180521,3010.00,3010.00,0,0,0.00,0.00,0.00,3010.00,0.00
9056363822920274,20180522,3010.00,3010.00,0,0,0.00,0.00,0.00,3010.00,0.00
9056363822920274,20180523,3010.00,3010.00,0,0,0.00,0.00,0.00,3010.00,0.00
9056363822920274,20180526,3010.00,3010.00,0,0,0.00,0.00,0.00,3010.00,0.00
9056363822920274,20180527,3010.00,3010.00,0,0,0.00,0.00,0.00,3010.00,0.00
9056363822920274,20180528,3010.00,3010.00,0,0,0.00,0.00,0.00,3010.00,0.00
9056363822920274,20180529,3010.00,3010.00,0,0,0.00,0.00,0.00,3010.00,0.00
9056363822920274,20180530,3010.00,3010.00,0,0,0.00,0.00,0.00,3010.00,0.00
9056363822920274,20180602,3010.00,3010.00,0,0,0.00,0.00,0.00,3010.00,0.00
9056363822920274,20180603,3010.00,3010.00,0,0,0.00,0.00,0.00,3010.00,0.00
9056363822920274,20180609,3010.00,3010.00,0,0,0.00,0.00,0.00,3010.00,0.00
9056363822920274,20180610,3010.00,3010.00,0,0,0.00,0.00,0.00,3010.00,0.00
9056363822920274,20180611,3010.00,3010.00,0,0,0.00,0.00,0.00,3010.00,0.00
9056363822920274,20180612,3010.00,3010.00,0,0,0.00,0.00,0.00,3010.00,3010.00
9056363822920274,20180613,3500.00,3010.00,2,3582030,12537090300.00,3010.00,3500.00,3010.00,3500.00
9056363822920274,20180617,3500.00,3010.00,0,0,0.00,0.00,0.00,3500.00,0.00
9056363822920274,20180618,3500.00,3010.00,0,0,0.00,0.00,0.00,3500.00,0.00
9056363822920274,20180619,3500.00,3010.00,0,0,0.00,0.00,0.00,3500.00,0.00
9056363822920274,20180620,3500.00,3010.00,0,0,0.00,0.00,0.00,3500.00,0.00
9056363822920274,20180623,3500.00,3010.00,0,0,0.00,0.00,0.00,3500.00,0.00
9056363822920274,20180624,3500.00,3010.00,0,0,0.00,0.00,0.00,3500.00,0.00
9056363822920274,20180625,3250.00,3010.00,0,0,0.00,0.00,0.00,3250.00,0.00
9056363822920274,20180626,2358.00,3010.00,0,0,0.00,0.00,0.00,2358.00,0.00
9056363822920274,20180627,2358.00,3010.00,0,0,0.00,0.00,0.00,2358.00,0.00
9056363822920274,20180630,2358.00,3010.00,0,0,0.00,0.00,0.00,2358.00,0.00
9056363822920274,20180701,2358.00,3010.00,0,0,0.00,0.00,0.00,2358.00,0.00
9056363822920274,20180702,2358.00,3010.00,0,0,0.00,0.00,0.00,2358.00,0.00
9056363822920274,20180703,2358.00,3010.00,0,0,0.00,0.00,0.00,2358.00,0.00
9056363822920274,20180704,2358.00,3010.00,0,0,0.00,0.00,0.00,2358.00,0.00
9056363822920274,20180707,2358.00,3010.00,0,0,0.00,0.00,0.00,2358.00,0.00
9056363822920274,20180708,2358.00,3010.00,0,0,0.00,0.00,0.00,2358.00,0.00
9056363822920274,20180710,2358.00,3010.00,0,0,0.00,0.00,0.00,2358.00,0.00
9056363822920274,20180711,2358.00,3010.00,0,0,0.00,0.00,0.00,2358.00,0.00
9056363822920274,20180714,2358.00,3010.00,0,0,0.00,0.00,0.00,2358.00,0.00
9056363822920274,20180715,2358.00,3010.00,0,0,0.00,0.00,0.00,2358.00,0.00
9056363822920274,20180716,2358.00,3010.00,0,0,0.00,0.00,0.00,2358.00,0.00
9056363822920274,20180717,2358.00,3010.00,0,0,0.00,0.00,0.00,2358.00,0.00
9056363822920274,20180718,2358.00,3010.00,0,0,0.00,0.00,0.00,2358.00,0.00
9056363822920274,20180721,2358.00,3010.00,0,0,0.00,0.00,0.00,2358.00,0.00
9056363822920274,20180722,2358.00,3010.00,0,0,0.00,0.00,0.00,2358.00,0.00
9056363822920274,20180723,2358.00,3010.00,0,0,0.00,0.00,0.00,2358.00,0.00
9056363822920274,20180724,2358.00,3010.00,0,0,0.00,0.00,0.00,2358.00,0.00
9056363822920274,20180725,2358.00,3010.00,0,0,0.00,0.00,0.00,2358.00,0.00
9056363822920274,20180726,2358.00,3010.00,0,0,0.00,0.00,0.00,2358.00,0.00
9056363822920274,20180727,2358.00,3010.00,0,0,0.00,0.00,0.00,2358.00,0.00
9056363822920274,20180728,2358.00,3010.00,0,0,0.00,0.00,0.00,2358.00,0.00
9056363822920274,20180729,2358.00,3010.00,0,0,0.00,0.00,0.00,2358.00,0.00
9056363822920274,20180730,2358.00,3010.00,0,0,0.00,0.00,0.00,2358.00,0.00
9056363822920274,20180731,2358.00,3010.00,0,0,0.00,0.00,0.00,2358.00,0.00
9056363822920274,20180801,2358.00,3010.00,0,0,0.00,0.00,0.00,2358.00,0.00
9056363822920274,20180804,2358.00,3010.00,0,0,0.00,0.00,0.00,2358.00,0.00
9056363822920274,20180805,2358.00,3010.00,0,0,0.00,0.00,0.00,2358.00,0.00
9056363822920274,20180806,2358.00,3010.00,0,0,0.00,0.00,0.00,2358.00,0.00
9056363822920274,20180807,2358.00,3010.00,0,0,0.00,0.00,0.00,2358.00,0.00
9056363822920274,20180808,2358.00,3010.00,0,0,0.00,0.00,0.00,2358.00,0.00
9056363822920274,20180811,2358.00,3010.00,0,0,0.00,0.00,0.00,2358.00,0.00
9056363822920274,20180812,2358.00,3010.00,0,0,0.00,0.00,0.00,2358.00,0.00
9056363822920274,20180813,2358.00,3010.00,0,0,0.00,0.00,0.00,2358.00,0.00
9056363822920274,20180814,2358.00,3010.00,0,0,0.00,0.00,0.00,2358.00,0.00
9056363822920274,20180815,2358.00,3010.00,0,0,0.00,0.00,0.00,2358.00,0.00
9056363822920274,20180818,2358.00,3010.00,0,0,0.00,0.00,0.00,2358.00,0.00
9056363822920274,20180819,2358.00,3010.00,0,0,0.00,0.00,0.00,2358.00,0.00
9056363822920274,20180820,2358.00,3010.00,0,0,0.00,0.00,0.00,2358.00,0.00
9056363822920274,20180821,2358.00,3010.00,0,0,0.00,0.00,0.00,2358.00,0.00
9056363822920274,20180825,2358.00,3010.00,0,0,0.00,0.00,0.00,2358.00,0.00
9056363822920274,20180826,2358.00,3010.00,0,0,0.00,0.00,0.00,2358.00,0.00
9056363822920274,20180827,2358.00,3010.00,0,0,0.00,0.00,0.00,2358.00,0.00
9056363822920274,20180828,2358.00,3010.00,0,0,0.00,0.00,0.00,2358.00,0.00
9056363822920274,20180829,2358.00,3010.00,0,0,0.00,0.00,0.00,2358.00,0.00
9056363822920274,20180901,2358.00,3010.00,0,0,0.00,0.00,0.00,2358.00,0.00
9056363822920274,20180902,2358.00,3010.00,0,0,0.00,0.00,0.00,2358.00,0.00
9056363822920274,20180903,2358.00,3010.00,0,0,0.00,0.00,0.00,2358.00,0.00
9056363822920274,20180904,2358.00,3010.00,0,0,0.00,0.00,0.00,2358.00,0.00
9056363822920274,20180905,2358.00,3010.00,0,0,0.00,0.00,0.00,2358.00,0.00
9056363822920274,20180908,2358.00,3010.00,0,0,0.00,0.00,0.00,2358.00,0.00
9056363822920274,20180909,2358.00,3010.00,0,0,0.00,0.00,0.00,2358.00,0.00
9056363822920274,20180910,2358.00,3010.00,0,0,0.00,0.00,0.00,2358.00,0.00
9056363822920274,20180911,2358.00,3010.00,0,0,0.00,0.00,0.00,2358.00,0.00
9056363822920274,20180912,2358.00,3010.00,0,0,0.00,0.00,0.00,2358.00,0.00
9056363822920274,20180915,2358.00,3010.00,0,0,0.00,0.00,0.00,2358.00,0.00
9056363822920274,20180916,2358.00,3010.00,0,0,0.00,0.00,0.00,2358.00,0.00
9056363822920274,20180917,2358.00,3010.00,0,0,0.00,0.00,0.00,2358.00,0.00
9056363822920274,20180918,2358.00,3010.00,0,0,0.00,0.00,0.00,2358.00,0.00
9056363822920274,20180922,2358.00,3010.00,0,0,0.00,0.00,0.00,2358.00,0.00
9056363822920274,20180923,2358.00,3010.00,0,0,0.00,0.00,0.00,2358.00,0.00
9056363822920274,20180924,2358.00,3010.00,0,0,0.00,0.00,0.00,2358.00,0.00
9056363822920274,20180925,2358.00,3010.00,0,0,0.00,0.00,0.00,2358.00,0.00
9056363822920274,20180926,2358.00,3010.00,0,0,0.00,0.00,0.00,2358.00,0.00
9056363822920274,20180929,2358.00,3010.00,0,0,0.00,0.00,0.00,2358.00,0.00
9056363822920274,20180930,2358.00,3010.00,0,0,0.00,0.00,0.00,2358.00,0.00
9056363822920274,20181001,2358.00,3010.00,0,0,0.00,0.00,0.00,2358.00,0.00
9056363822920274,20181002,2358.00,3010.00,0,0,0.00,0.00,0.00,2358.00,0.00
9056363822920274,20181003,2358.00,3010.00,0,0,0.00,0.00,0.00,2358.00,0.00
9056363822920274,20181006,2358.00,3010.00,0,0,0.00,0.00,0.00,2358.00,0.00
9056363822920274,20181007,2358.00,3010.00,0,0,0.00,0.00,0.00,2358.00,0.00
9056363822920274,20181008,2358.00,3010.00,0,0,0.00,0.00,0.00,2358.00,0.00
9056363822920274,20181009,2358.00,3010.00,0,0,0.00,0.00,0.00,2358.00,0.00
9056363822920274,20181010,2358.00,3010.00,0,0,0.00,0.00,0.00,2358.00,0.00
9056363822920274,20181013,2358.00,3010.00,0,0,0.00,0.00,0.00,2358.00,0.00
9056363822920274,20181014,2358.00,3010.00,0,0,0.00,0.00,0.00,2358.00,0.00
9056363822920274,20181015,2358.00,3010.00,0,0,0.00,0.00,0.00,2358.00,0.00
9056363822920274,20181016,2358.00,3010.00,0,0,0.00,0.00,0.00,2358.00,0.00
9056363822920274,20181017,2358.00,3010.00,0,0,0.00,0.00,0.00,2358.00,0.00
9056363822920274,20181020,2358.00,3010.00,0,0,0.00,0.00,0.00,2358.00,0.00
9056363822920274,20181021,2358.00,3010.00,0,0,0.00,0.00,0.00,2358.00,0.00
9056363822920274,20181022,2358.00,3010.00,0,0,0.00,0.00,0.00,2358.00,0.00
9056363822920274,20181023,2358.00,3010.00,0,0,0.00,0.00,0.00,2358.00,0.00
9056363822920274,20181024,2358.00,3010.00,0,0,0.00,0.00,0.00,2358.00,0.00
9056363822920274,20181027,2358.00,3010.00,0,0,0.00,0.00,0.00,2358.00,0.00
9056363822920274,20181028,2358.00,3010.00,0,0,0.00,0.00,0.00,2358.00,0.00
9056363822920274,20181029,2358.00,3010.00,0,0,0.00,0.00,0.00,2358.00,0.00
9056363822920274,20181031,2358.00,3010.00,0,0,0.00,0.00,0.00,2358.00,0.00
9056363822920274,20181103,2358.00,3010.00,0,0,0.00,0.00,0.00,2358.00,0.00
9056363822920274,20181104,2358.00,3010.00,0,0,0.00,0.00,0.00,2358.00,0.00
9056363822920274,20181105,2358.00,3010.00,0,0,0.00,0.00,0.00,2358.00,0.00
9056363822920274,20181106,2358.00,3010.00,0,0,0.00,0.00,0.00,2358.00,0.00
9056363822920274,20181110,2358.00,3010.00,0,0,0.00,0.00,0.00,2358.00,0.00
9056363822920274,20181111,2358.00,3010.00,0,0,0.00,0.00,0.00,2358.00,0.00
9056363822920274,20181112,2358.00,3010.00,0,0,0.00,0.00,0.00,2358.00,0.00
9056363822920274,20181113,2358.00,3010.00,0,0,0.00,0.00,0.00,2358.00,0.00
9056363822920274,20181114,2358.00,3010.00,0,0,0.00,0.00,0.00,2358.00,0.00
9056363822920274,20181117,2358.00,3010.00,0,0,0.00,0.00,0.00,2358.00,0.00
9056363822920274,20181118,2358.00,3010.00,0,0,0.00,0.00,0.00,2358.00,0.00
9056363822920274,20181119,2358.00,3010.00,0,0,0.00,0.00,0.00,2358.00,0.00
9056363822920274,20181120,2358.00,3010.00,0,0,0.00,0.00,0.00,2358.00,0.00
9056363822920274,20181121,2358.00,3010.00,0,0,0.00,0.00,0.00,2358.00,0.00
9056363822920274,20181124,2358.00,3010.00,0,0,0.00,0.00,0.00,2358.00,0.00
9056363822920274,20181126,2358.00,3010.00,0,0,0.00,0.00,0.00,2358.00,0.00
9056363822920274,20181127,2358.00,3010.00,0,0,0.00,0.00,0.00,2358.00,0.00
9056363822920274,20181128,2358.00,3010.00,0,0,0.00,0.00,0.00,2358.00,0.00
9056363822920274,20181201,2358.00,3010.00,0,0,0.00,0.00,0.00,2358.00,0.00
9056363822920274,20181202,2358.00,3010.00,0,0,0.00,0.00,0.00,2358.00,0.00
9056363822920274,20181203,2358.00,3010.00,0,0,0.00,0.00,0.00,2358.00,0.00
9056363822920274,20181204,2358.00,3010.00,0,0,0.00,0.00,0.00,2358.00,0.00
9056363822920274,20181205,2358.00,3010.00,0,0,0.00,0.00,0.00,2358.00,0.00
9056363822920274,20181208,2358.00,3010.00,0,0,0.00,0.00,0.00,2358.00,0.00
9056363822920274,20181209,2358.00,3010.00,0,0,0.00,0.00,0.00,2358.00,0.00
9056363822920274,20181210,2358.00,3010.00,0,0,0.00,0.00,0.00,2358.00,0.00
9056363822920274,20181211,2358.00,3010.00,0,0,0.00,0.00,0.00,2358.00,0.00
9056363822920274,20181212,2358.00,3010.00,0,0,0.00,0.00,0.00,2358.00,0.00
9056363822920274,20181215,2358.00,3010.00,0,0,0.00,0.00,0.00,2358.00,0.00
9056363822920274,20181216,2358.00,3010.00,0,0,0.00,0.00,0.00,2358.00,0.00
9056363822920274,20181217,2358.00,3010.00,0,0,0.00,0.00,0.00,2358.00,0.00
9056363822920274,20181218,2358.00,3010.00,0,0,0.00,0.00,0.00,2358.00,0.00
9056363822920274,20181219,2358.00,3010.00,0,0,0.00,0.00,0.00,2358.00,0.00
9056363822920274,20181222,2358.00,3010.00,0,0,0.00,0.00,0.00,2358.00,0.00
9056363822920274,20181223,2358.00,3010.00,0,0,0.00,0.00,0.00,2358.00,0.00
9056363822920274,20181224,2358.00,3010.00,0,0,0.00,0.00,0.00,2358.00,0.00
9056363822920274,20181225,2358.00,3010.00,0,0,0.00,0.00,0.00,2358.00,0.00
9056363822920274,20181226,2358.00,3010.00,0,0,0.00,0.00,0.00,2358.00,0.00
9056363822920274,20181229,2358.00,3010.00,0,0,0.00,0.00,0.00,2358.00,0.00
9056363822920274,20181230,2358.00,3010.00,0,0,0.00,0.00,0.00,2358.00,0.00
9056363822920274,20181231,2358.00,3010.00,0,0,0.00,0.00,0.00,2358.00,0.00
9056363822920274,20190101,2358.00,3010.00,0,0,0.00,0.00,0.00,2358.00,0.00
9056363822920274,20190102,2358.00,3010.00,0,0,0.00,0.00,0.00,2358.00,0.00
9056363822920274,20190105,2358.00,3010.00,0,0,0.00,0.00,0.00,2358.00,0.00
9056363822920274,20190106,2358.00,3010.00,0,0,0.00,0.00,0.00,2358.00,0.00
9056363822920274,20190107,2358.00,3010.00,0,0,0.00,0.00,0.00,2358.00,0.00
9056363822920274,20190108,2358.00,3010.00,0,0,0.00,0.00,0.00,2358.00,0.00
9056363822920274,20190109,2358.00,3010.00,0,0,0.00,0.00,0.00,2358.00,0.00
9056363822920274,20190112,2358.00,3010.00,0,0,0.00,0.00,0.00,2358.00,0.00
9056363822920274,20190113,2358.00,3010.00,0,0,0.00,0.00,0.00,2358.00,0.00
9056363822920274,20190114,2358.00,3010.00,0,0,0.00,0.00,0.00,2358.00,0.00
9056363822920274,20190115,2358.00,3010.00,0,0,0.00,0.00,0.00,2358.00,0.00
9056363822920274,20190116,2358.00,3010.00,0,0,0.00,0.00,0.00,2358.00,0.00
